ISO-10303-21;
HEADER;
FILE_DESCRIPTION (( 'STEP AP203' ),
    '1' );
FILE_NAME ('Link2StellConnectors_Default_sldprt.STEP',
    '2026-07-12T11:27:09',
    ( '' ),
    ( '' ),
    'SwSTEP 2.0',
    'SolidWorks 2025',
    '' );
FILE_SCHEMA (( 'CONFIG_CONTROL_DESIGN' ));
ENDSEC;

DATA;
#1 = EDGE_CURVE ( 'NONE', #4509, #3831, #2646, .T. ) ;
#2 = DIRECTION ( 'NONE',  ( 1.000000000000000000, -2.775557561562890957E-15, 0.000000000000000000 ) ) ;
#3 = EDGE_CURVE ( 'NONE', #5363, #3942, #3429, .T. ) ;
#4 = DIRECTION ( 'NONE',  ( 0.000000000000000000, -0.9987686379936980829, -0.04961056097458500097 ) ) ;
#5 = CYLINDRICAL_SURFACE ( 'NONE', #4887, 2.500000046249998942 ) ;
#6 = APPROVAL_ROLE ( '' ) ;
#7 = CARTESIAN_POINT ( 'NONE',  ( 251.5607250190000173, 232.6424260900000149, 290.6299506170000200 ) ) ;
#8 = FACE_OUTER_BOUND ( 'NONE', #4599, .T. ) ;
#9 = EDGE_CURVE ( 'NONE', #1475, #1141, #220, .T. ) ;
#10 = ORIENTED_EDGE ( 'NONE', *, *, #7987, .T. ) ;
#11 = EDGE_CURVE ( 'NONE', #2155, #4685, #6087, .T. ) ;
#12 = FACE_OUTER_BOUND ( 'NONE', #7446, .T. ) ;
#13 = CARTESIAN_POINT ( 'NONE',  ( 362.6999804669999889, 241.3663394730000107, 114.9984643600000140 ) ) ;
#14 = EDGE_CURVE ( 'NONE', #5599, #4931, #803, .T. ) ;
#15 = ADVANCED_FACE ( 'NONE', ( #7218 ), #7176, .T. ) ;
#16 = FACE_BOUND ( 'NONE', #2834, .T. ) ;
#17 = ORIENTED_EDGE ( 'NONE', *, *, #1684, .F. ) ;
#18 = CARTESIAN_POINT ( 'NONE',  ( 367.6999807329999612, 245.7910435929999835, 86.39052929749999521 ) ) ;
#19 = AXIS2_PLACEMENT_3D ( 'NONE', #4897, #6080, #5520 ) ;
#20 = ORIENTED_EDGE ( 'NONE', *, *, #3201, .T. ) ;
#21 = FACE_BOUND ( 'NONE', #2317, .T. ) ;
#22 = VERTEX_POINT ( 'NONE', #6474 ) ;
#23 = EDGE_CURVE ( 'NONE', #4217, #2830, #4741, .T. ) ;
#24 = VERTEX_POINT ( 'NONE', #2174 ) ;
#25 = CARTESIAN_POINT ( 'NONE',  ( 48.42170011630000204, 202.8439976229999786, 84.25727544029999194 ) ) ;
#26 = FACE_OUTER_BOUND ( 'NONE', #981, .T. ) ;
#27 = DIRECTION ( 'NONE',  ( -1.141054688951602162E-13, 0.9987686379937031900, 0.04961056097448531682 ) ) ;
#28 = ORIENTED_EDGE ( 'NONE', *, *, #451, .T. ) ;
#29 = ORIENTED_EDGE ( 'NONE', *, *, #3583, .F. ) ;
#30 = CARTESIAN_POINT ( 'NONE',  ( 163.0589562629999989, 246.0000451589999955, 21.71198752839999813 ) ) ;
#31 = PLANE ( 'NONE',  #2064 ) ;
#32 = CARTESIAN_POINT ( 'NONE',  ( 122.8794643810000053, 247.2695297189999906, 26.38999622660000099 ) ) ;
#33 = ORIENTED_EDGE ( 'NONE', *, *, #4585, .F. ) ;
#34 = DIRECTION ( 'NONE',  ( -7.177702305507870464E-15, 0.04961056097448531682, -0.9987686379937031900 ) ) ;
#35 = ORIENTED_EDGE ( 'NONE', *, *, #8090, .T. ) ;
#36 = FACE_OUTER_BOUND ( 'NONE', #295, .T. ) ;
#37 = ORIENTED_EDGE ( 'NONE', *, *, #7177, .T. ) ;
#38 = FACE_OUTER_BOUND ( 'NONE', #3755, .T. ) ;
#39 = DIRECTION ( 'NONE',  ( 0.000000000000000000, 0.04961056097448530988, -0.9987686379937030789 ) ) ;
#40 = ORIENTED_EDGE ( 'NONE', *, *, #7946, .F. ) ;
#41 = DIRECTION ( 'NONE',  ( 1.136877572554200213E-13, -0.9987686379937031900, -0.04961056097448531682 ) ) ;
#42 = CYLINDRICAL_SURFACE ( 'NONE', #7960, 2.500000046249985619 ) ;
#43 = CARTESIAN_POINT ( 'NONE',  ( 49.93558521399999961, 241.4263112689999957, 113.7912117630000068 ) ) ;
#44 = CARTESIAN_POINT ( 'NONE',  ( 52.69997327659999797, 244.3626508509999837, 115.1472963139999877 ) ) ;
#45 = LINE ( 'NONE', #6507, #3405 ) ;
#46 = PRODUCT_DEFINITION ( 'UNKNOWN', '', #4716, #143 ) ;
#47 = FACE_OUTER_BOUND ( 'NONE', #810, .T. ) ;
#48 = DIRECTION ( 'NONE',  ( 2.422506639732088921E-14, 0.9987686379936985270, 0.04961056097457848535 ) ) ;
#49 = CIRCLE ( 'NONE', #7883, 10.00000000000000888 ) ;
#50 = DIRECTION ( 'NONE',  ( 1.000000000000000000, 1.110223004086028302E-13, 0.000000000000000000 ) ) ;
#51 = ORIENTED_EDGE ( 'NONE', *, *, #3227, .F. ) ;
#52 = DIRECTION ( 'NONE',  ( 1.000000000000000000, 0.000000000000000000, 0.000000000000000000 ) ) ;
#53 = EDGE_CURVE ( 'NONE', #2690, #279, #3893, .T. ) ;
#54 = EDGE_CURVE ( 'NONE', #3866, #5224, #5404, .T. ) ;
#55 = AXIS2_PLACEMENT_3D ( 'NONE', #6393, #670, #5617 ) ;
#56 = ORIENTED_EDGE ( 'NONE', *, *, #3159, .F. ) ;
#57 = ORIENTED_EDGE ( 'NONE', *, *, #1169, .T. ) ;
#58 = EDGE_CURVE ( 'NONE', #3792, #5312, #3298, .T. ) ;
#59 = EDGE_LOOP ( 'NONE', ( #174, #5178 ) ) ;
#60 = AXIS2_PLACEMENT_3D ( 'NONE', #378, #953, #7990 ) ;
#61 = DIRECTION ( 'NONE',  ( 1.140924983539660419E-13, -0.9987686379937031900, -0.04961056097448531682 ) ) ;
#62 = EDGE_CURVE ( 'NONE', #891, #1435, #5806, .T. ) ;
#63 = LINE ( 'NONE', #2616, #7819 ) ;
#64 = ADVANCED_FACE ( 'NONE', ( #7914 ), #2306, .F. ) ;
#65 = DIRECTION ( 'NONE',  ( 1.140917689170156192E-13, -0.9987686379937031900, -0.04961056097448531682 ) ) ;
#66 = VECTOR ( 'NONE', #5613, 1000.000000000000114 ) ;
#67 = ORIENTED_EDGE ( 'NONE', *, *, #5383, .F. ) ;
#68 = AXIS2_PLACEMENT_3D ( 'NONE', #5869, #7817, #162 ) ;
#69 = EDGE_LOOP ( 'NONE', ( #4531, #5524, #57, #1602 ) ) ;
#70 = CARTESIAN_POINT ( 'NONE',  ( 49.93558530630000547, 200.9794601389999968, 121.7944757039999928 ) ) ;
#71 = DIRECTION ( 'NONE',  ( 1.140924983539660419E-13, -0.9987686379937031900, -0.04961056097448531682 ) ) ;
#72 = LOCAL_TIME ( 14, 57, 9.000000000000000000, #2880 ) ;
#73 = CARTESIAN_POINT ( 'NONE',  ( 290.0204893619999780, 245.7713474440000141, 26.31606036359999834 ) ) ;
#74 = EDGE_CURVE ( 'NONE', #6321, #7820, #1601, .T. ) ;
#75 = CARTESIAN_POINT ( 'NONE',  ( 242.3409974809999881, 247.4981926579999936, 21.78640300629999871 ) ) ;
#76 = VERTEX_POINT ( 'NONE', #4833 ) ;
#77 = DIRECTION ( 'NONE',  ( 1.140917689170156192E-13, -0.9987686379937031900, -0.04961056097448531682 ) ) ;
#78 = ORIENTED_EDGE ( 'NONE', *, *, #102, .T. ) ;
#79 = DIRECTION ( 'NONE',  ( -1.140924983549660398E-13, 0.9987686379937031900, 0.04961056097448531682 ) ) ;
#80 = AXIS2_PLACEMENT_3D ( 'NONE', #2572, #7015, #7875 ) ;
#81 = LINE ( 'NONE', #2035, #1806 ) ;
#82 = ORIENTED_EDGE ( 'NONE', *, *, #4342, .T. ) ;
#83 = ORIENTED_EDGE ( 'NONE', *, *, #5283, .F. ) ;
#84 = DIRECTION ( 'NONE',  ( -0.9762097115541490400, -0.01075698359520173113, 0.2165615071320331486 ) ) ;
#85 = LINE ( 'NONE', #7776, #513 ) ;
#86 = LINE ( 'NONE', #2563, #7112 ) ;
#87 = LINE ( 'NONE', #1033, #7575 ) ;
#88 = CARTESIAN_POINT ( 'NONE',  ( 462.3999751820000483, 231.1284424779999824, 321.1097379889999957 ) ) ;
#89 = CARTESIAN_POINT ( 'NONE',  ( 55.19997327659999797, 241.3663687940000102, 114.9979843359999876 ) ) ;
#90 = VERTEX_POINT ( 'NONE', #5536 ) ;
#91 = DIRECTION ( 'NONE',  ( 7.562288025517751918E-15, -0.04961056097448530988, 0.9987686379937030789 ) ) ;
#92 = VERTEX_POINT ( 'NONE', #8002 ) ;
#93 = DIRECTION ( 'NONE',  ( -1.000000000000000000, -1.143080990239999910E-13, 1.508671109290000057E-15 ) ) ;
#94 = ORIENTED_EDGE ( 'NONE', *, *, #2234, .T. ) ;
#95 = AXIS2_PLACEMENT_3D ( 'NONE', #2332, #5956, #332 ) ;
#96 = ORIENTED_EDGE ( 'NONE', *, *, #3221, .T. ) ;
#97 = CIRCLE ( 'NONE', #6890, 2.500000046249998942 ) ;
#98 = ORIENTED_EDGE ( 'NONE', *, *, #756, .T. ) ;
#99 = EDGE_CURVE ( 'NONE', #2947, #805, #6722, .T. ) ;
#100 = DIRECTION ( 'NONE',  ( 1.481718509849552606E-15, 0.9987686379936984160, 0.04961056097458502179 ) ) ;
#101 = CIRCLE ( 'NONE', #5823, 2.500000046250006047 ) ;
#102 = EDGE_CURVE ( 'NONE', #3424, #7390, #2496, .T. ) ;
#103 = VECTOR ( 'NONE', #4301, 1000.000000000000114 ) ;
#104 = ADVANCED_FACE ( 'NONE', ( #3562 ), #2846, .F. ) ;
#105 = CARTESIAN_POINT ( 'NONE',  ( 58.90552650779999766, 192.0172003829999881, 241.7457959910000227 ) ) ;
#106 = CARTESIAN_POINT ( 'NONE',  ( 287.5204893619999780, 202.8243198670000140, 24.18232594579999883 ) ) ;
#107 = ORIENTED_EDGE ( 'NONE', *, *, #774, .T. ) ;
#108 = ORIENTED_EDGE ( 'NONE', *, *, #3680, .F. ) ;
#109 = CIRCLE ( 'NONE', #7162, 2.500000046250006047 ) ;
#110 = CIRCLE ( 'NONE', #4762, 2.500000046249998942 ) ;
#111 = ADVANCED_FACE ( 'NONE', ( #4752 ), #6143, .F. ) ;
#112 = AXIS2_PLACEMENT_3D ( 'NONE', #2971, #3483, #7998 ) ;
#113 = LINE ( 'NONE', #7721, #1979 ) ;
#114 = EDGE_CURVE ( 'NONE', #2056, #6565, #2343, .T. ) ;
#115 = DIRECTION ( 'NONE',  ( 1.481718509849552606E-15, 0.9987686379936984160, 0.04961056097458502179 ) ) ;
#116 = CARTESIAN_POINT ( 'NONE',  ( 55.19997309200000046, 202.4078344929999957, 93.03818913679999980 ) ) ;
#117 = ORIENTED_EDGE ( 'NONE', *, *, #2357, .T. ) ;
#118 = DIRECTION ( 'NONE',  ( -0.9999999999999998890, -4.579918634269999212E-10, 9.218101715729996954E-09 ) ) ;
#119 = CIRCLE ( 'NONE', #6773, 2.500000046250006047 ) ;
#120 = CIRCLE ( 'NONE', #7689, 2.500000046250006047 ) ;
#121 = AXIS2_PLACEMENT_3D ( 'NONE', #2476, #7532, #4372 ) ;
#122 = ORIENTED_EDGE ( 'NONE', *, *, #5902, .F. ) ;
#123 = VERTEX_POINT ( 'NONE', #8073 ) ;
#124 = AXIS2_PLACEMENT_3D ( 'NONE', #2111, #4643, #4114 ) ;
#125 = CARTESIAN_POINT ( 'NONE',  ( 247.5204893620000348, 247.2695242759999985, 26.38999554049999929 ) ) ;
#126 = AXIS2_PLACEMENT_3D ( 'NONE', #7466, #3143, #4431 ) ;
#127 = CARTESIAN_POINT ( 'NONE',  ( 59.54256425559999855, 195.4100382479999780, 203.6760782560000109 ) ) ;
#128 = ORIENTED_EDGE ( 'NONE', *, *, #1365, .T. ) ;
#129 = DIRECTION ( 'NONE',  ( 1.000000000000000000, 1.110223004086028302E-13, 5.551115020430141666E-15 ) ) ;
#130 = PERSON_AND_ORGANIZATION_ROLE ( 'creator' ) ;
#131 = AXIS2_PLACEMENT_3D ( 'NONE', #6880, #1707, #7529 ) ;
#132 = ORIENTED_EDGE ( 'NONE', *, *, #5087, .F. ) ;
#133 = DIRECTION ( 'NONE',  ( 0.9999999815015170324, 9.542390645425124303E-06, -0.0001921091058663380619 ) ) ;
#134 = CIRCLE ( 'NONE', #3604, 2.500000046250006047 ) ;
#135 = DIRECTION ( 'NONE',  ( 1.140924983539660419E-13, -0.9987686379937031900, -0.04961056097448531682 ) ) ;
#136 = DIRECTION ( 'NONE',  ( 1.493058009093160224E-15, 0.9987686379936981940, 0.04961056097458500791 ) ) ;
#137 = ORIENTED_EDGE ( 'NONE', *, *, #4141, .T. ) ;
#138 = CARTESIAN_POINT ( 'NONE',  ( 260.0204893620000348, 232.3765252290000092, 295.9831140520000190 ) ) ;
#139 = DIRECTION ( 'NONE',  ( 1.140768893269510162E-13, -0.9987686379937031900, -0.04961056097448531682 ) ) ;
#140 = EDGE_LOOP ( 'NONE', ( #5034, #6088 ) ) ;
#141 = ORIENTED_EDGE ( 'NONE', *, *, #7238, .T. ) ;
#142 = ORIENTED_EDGE ( 'NONE', *, *, #7138, .F. ) ;
#143 = DESIGN_CONTEXT ( 'detailed design', #5390, 'design' ) ;
#144 = FACE_BOUND ( 'NONE', #140, .T. ) ;
#145 = DIRECTION ( 'NONE',  ( 1.000000000000000000, 1.110223004086028302E-13, 0.000000000000000000 ) ) ;
#146 = ORIENTED_EDGE ( 'NONE', *, *, #1137, .T. ) ;
#147 = EDGE_LOOP ( 'NONE', ( #1401, #3398, #564, #599 ) ) ;
#148 = APPROVAL ( #8191, 'UNSPECIFIED' ) ;
#149 = DIRECTION ( 'NONE',  ( 1.136505832169074187E-13, -0.9987686379937031900, -0.04961056097448531682 ) ) ;
#150 = CARTESIAN_POINT ( 'NONE',  ( 147.8794643810000196, 205.8206312529999877, 24.33115771570000163 ) ) ;
#151 = LINE ( 'NONE', #3337, #759 ) ;
#152 = DIRECTION ( 'NONE',  ( 1.000000000000000000, 1.144185085590000117E-13, 0.000000000000000000 ) ) ;
#153 = ADVANCED_FACE ( 'NONE', ( #7377 ), #7302, .F. ) ;
#154 = EDGE_CURVE ( 'NONE', #5821, #5892, #4350, .T. ) ;
#155 = DIRECTION ( 'NONE',  ( 0.000000000000000000, -0.9987686379936980829, -0.04961056097458500097 ) ) ;
#156 = ORIENTED_EDGE ( 'NONE', *, *, #5864, .F. ) ;
#157 = EDGE_CURVE ( 'NONE', #2042, #5070, #7959, .T. ) ;
#158 = ORIENTED_EDGE ( 'NONE', *, *, #3988, .F. ) ;
#159 = EDGE_CURVE ( 'NONE', #8207, #4409, #8198, .T. ) ;
#160 = DIRECTION ( 'NONE',  ( -1.136868377219662335E-13, 0.9987686379937030789, 0.04961056097448530988 ) ) ;
#161 = LINE ( 'NONE', #5226, #6181 ) ;
#162 = DIRECTION ( 'NONE',  ( -1.000000000000000000, 0.000000000000000000, 1.104298667001821997E-13 ) ) ;
#163 = FACE_OUTER_BOUND ( 'NONE', #8143, .T. ) ;
#164 = ORIENTED_EDGE ( 'NONE', *, *, #7083, .T. ) ;
#165 = EDGE_LOOP ( 'NONE', ( #4328, #3317, #7272, #7573 ) ) ;
#166 = DIRECTION ( 'NONE',  ( 1.000000000000000000, 1.110223004086031457E-13, 5.551115020430157443E-15 ) ) ;
#167 = ADVANCED_FACE ( 'NONE', ( #1048 ), #4869, .F. ) ;
#168 = PERSON_AND_ORGANIZATION ( #5418, #4589 ) ;
#169 = EDGE_LOOP ( 'NONE', ( #3152, #3894 ) ) ;
#170 = LINE ( 'NONE', #6587, #3274 ) ;
#171 = EDGE_CURVE ( 'NONE', #4424, #5821, #2504, .T. ) ;
#172 = CARTESIAN_POINT ( 'NONE',  ( 297.6999813259999996, 248.9802276949999964, 22.18530768249999952 ) ) ;
#173 = CARTESIAN_POINT ( 'NONE',  ( 362.6999812869999573, 194.8365290790000017, 215.2295588240000086 ) ) ;
#174 = ORIENTED_EDGE ( 'NONE', *, *, #1486, .T. ) ;
#175 = LINE ( 'NONE', #2604, #6253 ) ;
#176 = ORIENTED_EDGE ( 'NONE', *, *, #5027, .T. ) ;
#177 = DIRECTION ( 'NONE',  ( 1.000000000000000000, 1.137978600240784444E-13, 5.551115123125777969E-15 ) ) ;
#178 = FACE_BOUND ( 'NONE', #3207, .T. ) ;
#179 = ORIENTED_EDGE ( 'NONE', *, *, #3741, .T. ) ;
#180 = ORIENTED_EDGE ( 'NONE', *, *, #6166, .T. ) ;
#181 = AXIS2_PLACEMENT_3D ( 'NONE', #173, #2083, #4619 ) ;
#182 = ORIENTED_EDGE ( 'NONE', *, *, #8092, .T. ) ;
#183 = DIRECTION ( 'NONE',  ( 1.140924983539660419E-13, -0.9987686379937031900, -0.04961056097448531682 ) ) ;
#184 = DIRECTION ( 'NONE',  ( -1.140924983549660398E-13, 0.9987686379937031900, 0.04961056097448531682 ) ) ;
#185 = CIRCLE ( 'NONE', #5768, 2.500000046249998942 ) ;
#186 = CARTESIAN_POINT ( 'NONE',  ( 365.1999812870000142, 196.8307637899999918, 205.3167685589999962 ) ) ;
#187 = LINE ( 'NONE', #6846, #5268 ) ;
#188 = ORIENTED_EDGE ( 'NONE', *, *, #1110, .T. ) ;
#189 = ORIENTED_EDGE ( 'NONE', *, *, #4332, .T. ) ;
#190 = VECTOR ( 'NONE', #1008, 1000.000000000000114 ) ;
#191 = ORIENTED_EDGE ( 'NONE', *, *, #1949, .T. ) ;
#192 = DIRECTION ( 'NONE',  ( -1.136868377219662335E-13, 0.9987686379937030789, 0.04961056097448530988 ) ) ;
#193 = CARTESIAN_POINT ( 'NONE',  ( 366.2565270759999976, 236.8512879150000003, 236.1318933580000134 ) ) ;
#194 = LINE ( 'NONE', #2113, #5676 ) ;
#195 = AXIS2_PLACEMENT_3D ( 'NONE', #5111, #3791, #5688 ) ;
#196 = ORIENTED_EDGE ( 'NONE', *, *, #7836, .F. ) ;
#197 = ORIENTED_EDGE ( 'NONE', *, *, #1137, .F. ) ;
#198 = DIRECTION ( 'NONE',  ( 0.9999999999999997780, 4.579919776759306737E-10, -9.218103710906245873E-09 ) ) ;
#199 = EDGE_CURVE ( 'NONE', #6310, #3014, #6889, .T. ) ;
#200 = CC_DESIGN_APPROVAL ( #3976, ( #1802 ) ) ;
#201 = CYLINDRICAL_SURFACE ( 'NONE', #7626, 9.999999999999998224 ) ;
#202 = EDGE_CURVE ( 'NONE', #805, #2196, #1681, .T. ) ;
#203 = DIRECTION ( 'NONE',  ( 1.136868377219662335E-13, -0.9987686379937030789, -0.04961056097448530988 ) ) ;
#204 = CARTESIAN_POINT ( 'NONE',  ( 242.3409974840000132, 246.0194241259999615, 21.32173646129999867 ) ) ;
#205 = LINE ( 'NONE', #6462, #778 ) ;
#206 = EDGE_CURVE ( 'NONE', #3666, #5631, #227, .T. ) ;
#207 = ORIENTED_EDGE ( 'NONE', *, *, #5145, .T. ) ;
#208 = FACE_BOUND ( 'NONE', #1032, .T. ) ;
#209 = CARTESIAN_POINT ( 'NONE',  ( 277.5204893619999780, 235.3728072870000005, 296.1324260069999923 ) ) ;
#210 = CYLINDRICAL_SURFACE ( 'NONE', #6840, 10.00000000000000178 ) ;
#211 = CYLINDRICAL_SURFACE ( 'NONE', #4826, 60.22727286730001595 ) ;
#212 = EDGE_CURVE ( 'NONE', #2056, #1054, #6353, .T. ) ;
#213 = ORIENTED_EDGE ( 'NONE', *, *, #6073, .T. ) ;
#214 = CARTESIAN_POINT ( 'NONE',  ( 366.5821744119999721, 200.9794546760000173, 121.7944754430000103 ) ) ;
#215 = VERTEX_POINT ( 'NONE', #7 ) ;
#216 = EDGE_CURVE ( 'NONE', #5210, #4561, #3134, .T. ) ;
#217 = FACE_OUTER_BOUND ( 'NONE', #4248, .T. ) ;
#218 = AXIS2_PLACEMENT_3D ( 'NONE', #1200, #1332, #6459 ) ;
#219 = VECTOR ( 'NONE', #3220, 1000.000000000000341 ) ;
#220 = LINE ( 'NONE', #4554, #1415 ) ;
#221 = FACE_BOUND ( 'NONE', #5266, .T. ) ;
#222 = EDGE_LOOP ( 'NONE', ( #5973, #4057, #5172, #6561 ) ) ;
#223 = VERTEX_POINT ( 'NONE', #2478 ) ;
#224 = CARTESIAN_POINT ( 'NONE',  ( 145.3794643350000229, 246.0194295770000110, 21.32173698779999782 ) ) ;
#225 = DIRECTION ( 'NONE',  ( 1.481718509844754360E-15, 0.9987686379936981940, 0.04961056097458500791 ) ) ;
#226 = DIRECTION ( 'NONE',  ( 1.481718509849552606E-15, 0.9987686379936984160, 0.04961056097458502179 ) ) ;
#227 = CIRCLE ( 'NONE', #7805, 2.500000046250006047 ) ;
#228 = VECTOR ( 'NONE', #5889, 1000.000000000000114 ) ;
#229 = DIRECTION ( 'NONE',  ( 9.229501791197260327E-09, -0.04961056097448530988, 0.9987686379937030789 ) ) ;
#230 = ORIENTED_EDGE ( 'NONE', *, *, #5915, .T. ) ;
#231 = ORIENTED_EDGE ( 'NONE', *, *, #977, .T. ) ;
#232 = VECTOR ( 'NONE', #3682, 1000.000000000000114 ) ;
#233 = LINE ( 'NONE', #6658, #7697 ) ;
#234 = LINE ( 'NONE', #7234, #3697 ) ;
#235 = DIRECTION ( 'NONE',  ( 1.000000000000000000, 1.137978600240784444E-13, 5.551115123125777969E-15 ) ) ;
#236 = ORIENTED_EDGE ( 'NONE', *, *, #6749, .T. ) ;
#237 = EDGE_LOOP ( 'NONE', ( #1978, #5967 ) ) ;
#238 = CARTESIAN_POINT ( 'NONE',  ( 297.6999806849999572, 242.5354096979999952, 91.46253464330000327 ) ) ;
#239 = AXIS2_PLACEMENT_3D ( 'NONE', #5028, #1538, #5153 ) ;
#240 = CARTESIAN_POINT ( 'NONE',  ( 360.1999805599999718, 200.4135704640000029, 102.9514594039999906 ) ) ;
#241 = DIRECTION ( 'NONE',  ( -9.229566077837255140E-09, -0.04961056097448531682, 0.9987686379937031900 ) ) ;
#242 = CARTESIAN_POINT ( 'NONE',  ( 135.3794671060000212, 233.8743308180000042, 296.0570311810000135 ) ) ;
#243 = AXIS2_PLACEMENT_3D ( 'NONE', #2954, #2993, #8020 ) ;
#244 = AXIS2_PLACEMENT_3D ( 'NONE', #4152, #5479, #6744 ) ;
#245 = ORIENTED_EDGE ( 'NONE', *, *, #3015, .T. ) ;
#246 = CIRCLE ( 'NONE', #8209, 2.500000046250006047 ) ;
#247 = CARTESIAN_POINT ( 'NONE',  ( 362.6999805599999718, 198.9153936489999808, 102.8775238579999893 ) ) ;
#248 = VERTEX_POINT ( 'NONE', #4950 ) ;
#249 = DIRECTION ( 'NONE',  ( 1.000000000000000000, 1.110223004086028302E-13, 5.551115020430141666E-15 ) ) ;
#250 = AXIS2_PLACEMENT_3D ( 'NONE', #1440, #7317, #3993 ) ;
#251 = CIRCLE ( 'NONE', #1307, 10.00000000000000888 ) ;
#252 = AXIS2_PLACEMENT_3D ( 'NONE', #3685, #3062, #5719 ) ;
#253 = CARTESIAN_POINT ( 'NONE',  ( 52.69997518129999747, 239.7774917119999998, 207.4490436960000181 ) ) ;
#254 = ORIENTED_EDGE ( 'NONE', *, *, #3102, .T. ) ;
#255 = ADVANCED_FACE ( 'NONE', ( #2598 ), #4992, .F. ) ;
#256 = EDGE_CURVE ( 'NONE', #2013, #3731, #6619, .T. ) ;
#257 = ORIENTED_EDGE ( 'NONE', *, *, #2419, .F. ) ;
#258 = CARTESIAN_POINT ( 'NONE',  ( 272.5204893619999780, 204.3224728309999989, 24.25674164899999852 ) ) ;
#259 = CARTESIAN_POINT ( 'NONE',  ( 306.2760330699999827, 192.7042556320000131, 288.3923648040000103 ) ) ;
#260 = AXIS2_PLACEMENT_3D ( 'NONE', #4865, #4333, #2339 ) ;
#261 = AXIS2_PLACEMENT_3D ( 'NONE', #3350, #1340, #5081 ) ;
#262 = DIRECTION ( 'NONE',  ( 1.000000000000000000, 1.110223004086028302E-13, 5.551115020430141666E-15 ) ) ;
#263 = EDGE_CURVE ( 'NONE', #1735, #2106, #5274, .T. ) ;
#264 = DIRECTION ( 'NONE',  ( -9.882262117413534322E-14, 0.9987686379937034120, 0.04961056097448192370 ) ) ;
#265 = DIRECTION ( 'NONE',  ( -1.136868377219662335E-13, 0.9987686379937030789, 0.04961056097448530988 ) ) ;
#266 = ADVANCED_FACE ( 'NONE', ( #6390 ), #5079, .F. ) ;
#267 = ORIENTED_EDGE ( 'NONE', *, *, #5056, .F. ) ;
#268 = EDGE_CURVE ( 'NONE', #314, #3600, #5614, .T. ) ;
#269 = ORIENTED_EDGE ( 'NONE', *, *, #7044, .T. ) ;
#270 = VECTOR ( 'NONE', #39, 1000.000000000000114 ) ;
#271 = DIRECTION ( 'NONE',  ( -0.9999999999999998890, -4.579918634269999212E-10, 9.218101715729996954E-09 ) ) ;
#272 = EDGE_CURVE ( 'NONE', #674, #2506, #5411, .T. ) ;
#273 = AXIS2_PLACEMENT_3D ( 'NONE', #1985, #5673, #7601 ) ;
#274 = CARTESIAN_POINT ( 'NONE',  ( 52.69997518129999747, 194.3400283900000147, 225.2177070379999861 ) ) ;
#275 = VERTEX_POINT ( 'NONE', #668 ) ;
#276 = EDGE_CURVE ( 'NONE', #3731, #2013, #6488, .T. ) ;
#277 = DIRECTION ( 'NONE',  ( 1.140924983539660419E-13, -0.9987686379937031900, -0.04961056097448531682 ) ) ;
#278 = EDGE_LOOP ( 'NONE', ( #1208, #5060, #3665, #5156 ) ) ;
#279 = VERTEX_POINT ( 'NONE', #1251 ) ;
#280 = ORIENTED_EDGE ( 'NONE', *, *, #6433, .F. ) ;
#281 = LINE ( 'NONE', #5990, #7826 ) ;
#282 = CARTESIAN_POINT ( 'NONE',  ( 135.3794671060000212, 235.3724360629999808, 296.1324075679999623 ) ) ;
#283 = ORIENTED_EDGE ( 'NONE', *, *, #3727, .F. ) ;
#284 = MANIFOLD_SOLID_BREP ( 'comp2.1\\partc4.8\\PartBody', #8189 ) ;
#285 = VERTEX_POINT ( 'NONE', #8193 ) ;
#286 = DIRECTION ( 'NONE',  ( -1.136868377219662335E-13, 0.9987686379937030789, 0.04961056097448530988 ) ) ;
#287 = LINE ( 'NONE', #7116, #5899 ) ;
#288 = LINE ( 'NONE', #5357, #3027 ) ;
#289 = DIRECTION ( 'NONE',  ( -1.136868377219662335E-13, 0.9987686379937030789, 0.04961056097448530988 ) ) ;
#290 = ORIENTED_EDGE ( 'NONE', *, *, #5655, .F. ) ;
#291 = VERTEX_POINT ( 'NONE', #4418 ) ;
#292 = DIRECTION ( 'NONE',  ( 1.000000000000000000, 0.000000000000000000, 0.000000000000000000 ) ) ;
#293 = DIRECTION ( 'NONE',  ( 1.000000000000000000, 0.000000000000000000, 0.000000000000000000 ) ) ;
#294 = CARTESIAN_POINT ( 'NONE',  ( 55.19997518130000458, 193.8341105089999985, 205.1674381639999751 ) ) ;
#295 = EDGE_LOOP ( 'NONE', ( #4074, #1354, #3873, #911 ) ) ;
#296 = ORIENTED_EDGE ( 'NONE', *, *, #4031, .F. ) ;
#297 = LINE ( 'NONE', #2968, #925 ) ;
#298 = ORIENTED_EDGE ( 'NONE', *, *, #7063, .F. ) ;
#299 = CYLINDRICAL_SURFACE ( 'NONE', #6102, 2.500000046249985619 ) ;
#300 = DIRECTION ( 'NONE',  ( 1.136868377219662335E-13, -0.9987686379937030789, -0.04961056097448530988 ) ) ;
#301 = CARTESIAN_POINT ( 'NONE',  ( 280.0204893619999780, 235.3727834310000162, 296.1329062799999861 ) ) ;
#302 = FACE_BOUND ( 'NONE', #1643, .T. ) ;
#303 = VERTEX_POINT ( 'NONE', #6217 ) ;
#304 = CARTESIAN_POINT ( 'NONE',  ( 307.6999812870000142, 190.7150524120000057, 298.2038602060000017 ) ) ;
#305 = ADVANCED_FACE ( 'NONE', ( #2519 ), #502, .F. ) ;
#306 = EDGE_CURVE ( 'NONE', #4956, #7486, #1964, .T. ) ;
#307 = CARTESIAN_POINT ( 'NONE',  ( 167.8794671060000212, 235.3724599189999935, 296.1319272950000254 ) ) ;
#308 = DIRECTION ( 'NONE',  ( 1.481718509849552606E-15, 0.9987686379936984160, 0.04961056097458502179 ) ) ;
#309 = CIRCLE ( 'NONE', #3775, 2.500000046250006047 ) ;
#310 = VERTEX_POINT ( 'NONE', #2437 ) ;
#311 = EDGE_CURVE ( 'NONE', #7887, #2037, #3820, .T. ) ;
#312 = DIRECTION ( 'NONE',  ( 0.000000000000000000, -0.9987686379936980829, -0.04961056097458500097 ) ) ;
#313 = ORIENTED_EDGE ( 'NONE', *, *, #6278, .F. ) ;
#314 = VERTEX_POINT ( 'NONE', #4339 ) ;
#315 = VERTEX_POINT ( 'NONE', #1161 ) ;
#316 = VECTOR ( 'NONE', #3381, 1000.000000000000114 ) ;
#317 = ADVANCED_FACE ( 'NONE', ( #7534 ), #545, .F. ) ;
#318 = CARTESIAN_POINT ( 'NONE',  ( 297.6999812869999573, 232.1284485679999818, 300.9774375140000302 ) ) ;
#319 = FACE_OUTER_BOUND ( 'NONE', #5432, .T. ) ;
#320 = ORIENTED_EDGE ( 'NONE', *, *, #2568, .F. ) ;
#321 = EDGE_CURVE ( 'NONE', #1615, #5354, #3026, .T. ) ;
#322 = DIRECTION ( 'NONE',  ( 0.9999999815015170324, 9.542390645425124303E-06, -0.0001921091058663380619 ) ) ;
#323 = AXIS2_PLACEMENT_3D ( 'NONE', #3135, #3091, #7378 ) ;
#324 = EDGE_LOOP ( 'NONE', ( #4768, #3356 ) ) ;
#325 = ORIENTED_EDGE ( 'NONE', *, *, #1227, .F. ) ;
#326 = DIRECTION ( 'NONE',  ( -3.534288039560000252E-15, 1.000000000000000000, 0.000000000000000000 ) ) ;
#327 = DIRECTION ( 'NONE',  ( 1.000000000000000000, 0.000000000000000000, 0.000000000000000000 ) ) ;
#328 = CARTESIAN_POINT ( 'NONE',  ( 125.3794671060000070, 232.3761778609999737, 295.9826153390000059 ) ) ;
#329 = ORIENTED_EDGE ( 'NONE', *, *, #3106, .T. ) ;
#330 = VERTEX_POINT ( 'NONE', #5237 ) ;
#331 = CARTESIAN_POINT ( 'NONE',  ( 366.2565265220000015, 199.8476862460000234, 84.10844347939999466 ) ) ;
#332 = DIRECTION ( 'NONE',  ( 1.000000000000000000, 1.110223004086028302E-13, 5.551115020430141666E-15 ) ) ;
#333 = ORIENTED_EDGE ( 'NONE', *, *, #5961, .T. ) ;
#334 = AXIS2_PLACEMENT_3D ( 'NONE', #7739, #4543, #2041 ) ;
#335 = DIRECTION ( 'NONE',  ( 1.000000000000000000, 0.000000000000000000, 0.000000000000000000 ) ) ;
#336 = MANIFOLD_SOLID_BREP ( 'comp2.1\\partc4.2\\PartBody', #621 ) ;
#337 = ORIENTED_EDGE ( 'NONE', *, *, #1217, .T. ) ;
#338 = CARTESIAN_POINT ( 'NONE',  ( 260.0204893620000348, 204.3224489810000080, 24.25722180659999694 ) ) ;
#339 = VERTEX_POINT ( 'NONE', #5913 ) ;
#340 = DIRECTION ( 'NONE',  ( -1.140924983549660398E-13, 0.9987686379937031900, 0.04961056097448531682 ) ) ;
#341 = DIRECTION ( 'NONE',  ( 0.9999999815032921680, 9.541932878276174361E-06, -0.0001920998875903680845 ) ) ;
#342 = LINE ( 'NONE', #5535, #5541 ) ;
#343 = DIRECTION ( 'NONE',  ( -1.136868377219662335E-13, 0.9987686379937030789, 0.04961056097448530988 ) ) ;
#344 = DIRECTION ( 'NONE',  ( -1.136868377219662335E-13, 0.9987686379937030789, 0.04961056097448530988 ) ) ;
#345 = CARTESIAN_POINT ( 'NONE',  ( 55.19997518130000458, 238.7852566370000034, 227.4248967279999931 ) ) ;
#346 = CARTESIAN_POINT ( 'NONE',  ( 297.6999812869999573, 232.1639508880000164, 300.2626984860000334 ) ) ;
#347 = CARTESIAN_POINT ( 'NONE',  ( 290.0204893619999780, 192.4257797089999826, 293.9986916129999486 ) ) ;
#348 = EDGE_LOOP ( 'NONE', ( #1611, #4742, #7028, #4221 ) ) ;
#349 = DIRECTION ( 'NONE',  ( -1.136868377219662335E-13, 0.9987686379937030789, 0.04961056097448530988 ) ) ;
#350 = EDGE_LOOP ( 'NONE', ( #3515, #1590, #2099, #2904 ) ) ;
#351 = EDGE_CURVE ( 'NONE', #722, #7966, #2361, .T. ) ;
#352 = CIRCLE ( 'NONE', #4998, 2.500000046250006047 ) ;
#353 = EDGE_LOOP ( 'NONE', ( #2675, #1932, #2925, #5373 ) ) ;
#354 = EDGE_CURVE ( 'NONE', #391, #3142, #3437, .T. ) ;
#355 = EDGE_CURVE ( 'NONE', #5472, #1273, #6401, .T. ) ;
#356 = FACE_OUTER_BOUND ( 'NONE', #7474, .T. ) ;
#357 = DIRECTION ( 'NONE',  ( 1.493058009093160224E-15, 0.9987686379936981940, 0.04961056097458500791 ) ) ;
#358 = AXIS2_PLACEMENT_3D ( 'NONE', #2618, #5099, #1906 ) ;
#359 = ORIENTED_EDGE ( 'NONE', *, *, #5465, .F. ) ;
#360 = DIRECTION ( 'NONE',  ( 1.000000000000000000, 1.110223004086028302E-13, 0.000000000000000000 ) ) ;
#361 = ORIENTED_EDGE ( 'NONE', *, *, #2609, .T. ) ;
#362 = EDGE_CURVE ( 'NONE', #493, #6272, #8062, .T. ) ;
#363 = MANIFOLD_SOLID_BREP ( 'comp2.1\\partc4.3\\PartBody', #5666 ) ;
#364 = ORIENTED_EDGE ( 'NONE', *, *, #7087, .F. ) ;
#365 = AXIS2_PLACEMENT_3D ( 'NONE', #5580, #7582, #6885 ) ;
#366 = CIRCLE ( 'NONE', #1834, 2.500000046250006047 ) ;
#367 = EDGE_CURVE ( 'NONE', #1809, #3234, #4091, .T. ) ;
#368 = CARTESIAN_POINT ( 'NONE',  ( 297.6999806849999572, 202.5846641790000149, 89.47811220430000390 ) ) ;
#369 = FACE_OUTER_BOUND ( 'NONE', #1106, .T. ) ;
#370 = EDGE_LOOP ( 'NONE', ( #1609, #1770, #4233, #3992 ) ) ;
#371 = DIRECTION ( 'NONE',  ( -1.140924983549660398E-13, 0.9987686379937031900, 0.04961056097448531682 ) ) ;
#372 = AXIS2_PLACEMENT_3D ( 'NONE', #3551, #6086, #374 ) ;
#373 = CIRCLE ( 'NONE', #7157, 2.500000046250006047 ) ;
#374 = DIRECTION ( 'NONE',  ( 1.000000000000000000, 1.110223004086028302E-13, 5.551115020430141666E-15 ) ) ;
#375 = ORIENTED_EDGE ( 'NONE', *, *, #3924, .T. ) ;
#376 = ADVANCED_FACE ( 'NONE', ( #4302 ), #3058, .F. ) ;
#377 = DIRECTION ( 'NONE',  ( 1.000000000000000000, 1.110223004086028302E-13, 5.551115020430141666E-15 ) ) ;
#378 = CARTESIAN_POINT ( 'NONE',  ( 367.6999803859999929, 200.9794546749999995, 121.7944754530000040 ) ) ;
#379 = AXIS2_PLACEMENT_3D ( 'NONE', #3284, #5805, #3812 ) ;
#380 = CIRCLE ( 'NONE', #4499, 2.500000046250006047 ) ;
#381 = ORIENTED_EDGE ( 'NONE', *, *, #822, .T. ) ;
#382 = DIRECTION ( 'NONE',  ( 1.136675133409662280E-13, -0.9987686379937031900, -0.04961056097448531682 ) ) ;
#383 = DIRECTION ( 'NONE',  ( 1.481718509849552606E-15, 0.9987686379936984160, 0.04961056097458502179 ) ) ;
#384 = CARTESIAN_POINT ( 'NONE',  ( 270.0204893619999780, 233.8746781859999828, 296.0575298929999803 ) ) ;
#385 = DIRECTION ( 'NONE',  ( -1.000000000000000000, 0.000000000000000000, 1.144185085590000117E-13 ) ) ;
#386 = CARTESIAN_POINT ( 'NONE',  ( -47.00001871429999767, 204.0723843779999811, -0.9438205307070000050 ) ) ;
#387 = AXIS2_PLACEMENT_3D ( 'NONE', #482, #6128, #408 ) ;
#388 = AXIS2_PLACEMENT_3D ( 'NONE', #5681, #444, #6161 ) ;
#389 = CARTESIAN_POINT ( 'NONE',  ( 107.6999724180000015, 247.4820801959999983, 22.11089220459999893 ) ) ;
#390 = CARTESIAN_POINT ( 'NONE',  ( 50.19997518130000458, 196.3343108129999735, 215.3039562269999863 ) ) ;
#391 = VERTEX_POINT ( 'NONE', #4344 ) ;
#392 = DIRECTION ( 'NONE',  ( 1.136630157627592256E-13, -0.9987686379937031900, -0.04961056097448531682 ) ) ;
#393 = AXIS2_PLACEMENT_3D ( 'NONE', #4068, #4678, #4148 ) ;
#394 = AXIS2_PLACEMENT_3D ( 'NONE', #3571, #1608, #2982 ) ;
#395 = CARTESIAN_POINT ( 'NONE',  ( 173.0589574419999792, 198.2124233860000118, 147.2654541450000067 ) ) ;
#396 = DIRECTION ( 'NONE',  ( -1.000000000000000000, -1.143080990239999910E-13, 1.508671109290000057E-15 ) ) ;
#397 = ORIENTED_EDGE ( 'NONE', *, *, #6945, .F. ) ;
#398 = AXIS2_PLACEMENT_3D ( 'NONE', #5920, #4550, #7093 ) ;
#399 = DIRECTION ( 'NONE',  ( -1.000000000000000000, -4.579932270290000427E-10, 9.218101611429999423E-09 ) ) ;
#400 = ORIENTED_EDGE ( 'NONE', *, *, #6018, .F. ) ;
#401 = EDGE_LOOP ( 'NONE', ( #2405, #1458, #4593, #6011 ) ) ;
#402 = LINE ( 'NONE', #4189, #3853 ) ;
#403 = CARTESIAN_POINT ( 'NONE',  ( 242.3409974379999881, 189.1910893470000019, 298.6490580409999893 ) ) ;
#404 = CARTESIAN_POINT ( 'NONE',  ( 356.4944294790000185, 201.7343749810000304, 76.36078792230000545 ) ) ;
#405 = ORIENTED_EDGE ( 'NONE', *, *, #2617, .F. ) ;
#406 = ORIENTED_EDGE ( 'NONE', *, *, #6978, .F. ) ;
#407 = CARTESIAN_POINT ( 'NONE',  ( 50.19997518130000458, 236.7811619419999829, 207.3006922860000145 ) ) ;
#408 = DIRECTION ( 'NONE',  ( -0.9999999815015169213, 9.542390523300698320E-06, -0.0001921091057664201039 ) ) ;
#409 = LINE ( 'NONE', #6202, #7506 ) ;
#410 = ADVANCED_FACE ( 'NONE', ( #6265 ), #4388, .F. ) ;
#411 = EDGE_CURVE ( 'NONE', #5224, #3866, #7539, .T. ) ;
#412 = ORIENTED_EDGE ( 'NONE', *, *, #2458, .F. ) ;
#413 = EDGE_LOOP ( 'NONE', ( #2270, #1011 ) ) ;
#414 = CARTESIAN_POINT ( 'NONE',  ( 306.2760330180000210, 246.9910244710000029, 31.99680316359999921 ) ) ;
#415 = DIRECTION ( 'NONE',  ( -1.481718509849552606E-15, -0.9987686379936984160, -0.04961056097458502179 ) ) ;
#416 = ADVANCED_FACE ( 'NONE', ( #6669 ), #3594, .F. ) ;
#417 = ORIENTED_EDGE ( 'NONE', *, *, #762, .T. ) ;
#418 = EDGE_CURVE ( 'NONE', #2695, #3831, #2633, .T. ) ;
#419 = DIRECTION ( 'NONE',  ( 0.000000000000000000, -0.9987686379936980829, -0.04961056097458500097 ) ) ;
#420 = LINE ( 'NONE', #1554, #3336 ) ;
#421 = DIRECTION ( 'NONE',  ( -0.9999999815015169213, 9.542390523300698320E-06, -0.0001921091057220111829 ) ) ;
#422 = CARTESIAN_POINT ( 'NONE',  ( 173.0589590300000111, 235.1340993270000297, 300.9306451329999845 ) ) ;
#423 = FACE_BOUND ( 'NONE', #1683, .T. ) ;
#424 = EDGE_CURVE ( 'NONE', #2479, #90, #3691, .T. ) ;
#425 = DIRECTION ( 'NONE',  ( 0.000000000000000000, -0.9987686379936980829, -0.04961056097458500097 ) ) ;
#426 = DIRECTION ( 'NONE',  ( 1.136868377219662335E-13, -0.9987686379937030789, -0.04961056097448530988 ) ) ;
#427 = DIRECTION ( 'NONE',  ( 1.136868377219662335E-13, -0.9987686379937030789, -0.04961056097448530988 ) ) ;
#428 = VERTEX_POINT ( 'NONE', #950 ) ;
#429 = DIRECTION ( 'NONE',  ( 1.136675133409662280E-13, -0.9987686379937031900, -0.04961056097448531682 ) ) ;
#430 = VECTOR ( 'NONE', #3282, 1000.000000000000114 ) ;
#431 = EDGE_CURVE ( 'NONE', #6310, #1383, #2162, .T. ) ;
#432 = DIRECTION ( 'NONE',  ( 1.140924983539660419E-13, -0.9987686379937031900, -0.04961056097448531682 ) ) ;
#433 = ORIENTED_EDGE ( 'NONE', *, *, #1488, .F. ) ;
#434 = DIRECTION ( 'NONE',  ( 0.9762097115541501502, -0.01075698359510172952, 0.2165615071320336482 ) ) ;
#435 = ORIENTED_EDGE ( 'NONE', *, *, #4803, .F. ) ;
#436 = ORIENTED_EDGE ( 'NONE', *, *, #2568, .T. ) ;
#437 = CYLINDRICAL_SURFACE ( 'NONE', #2254, 10.00000000000000888 ) ;
#438 = FACE_BOUND ( 'NONE', #5890, .T. ) ;
#439 = EDGE_LOOP ( 'NONE', ( #3828, #6004, #4944, #3409 ) ) ;
#440 = EDGE_LOOP ( 'NONE', ( #4570, #1800, #7743, #2194 ) ) ;
#441 = CARTESIAN_POINT ( 'NONE',  ( 365.4643693380000400, 194.2706210080000062, 196.3870231170000125 ) ) ;
#442 = LINE ( 'NONE', #2459, #1046 ) ;
#443 = CARTESIAN_POINT ( 'NONE',  ( 135.3794643810000196, 202.8243491899999924, 24.18184587529999874 ) ) ;
#444 = DIRECTION ( 'NONE',  ( 1.136675133409662280E-13, -0.9987686379937031900, -0.04961056097448531682 ) ) ;
#445 = VERTEX_POINT ( 'NONE', #4693 ) ;
#446 = LINE ( 'NONE', #6708, #6510 ) ;
#447 = VECTOR ( 'NONE', #2032, 1000.000000000000114 ) ;
#448 = ORIENTED_EDGE ( 'NONE', *, *, #6830, .F. ) ;
#449 = ORIENTED_EDGE ( 'NONE', *, *, #2617, .T. ) ;
#450 = VERTEX_POINT ( 'NONE', #7247 ) ;
#451 = EDGE_CURVE ( 'NONE', #8177, #537, #4201, .T. ) ;
#452 = EDGE_CURVE ( 'NONE', #1136, #1299, #4224, .T. ) ;
#453 = AXIS2_PLACEMENT_3D ( 'NONE', #1756, #2847, #7178 ) ;
#454 = EDGE_CURVE ( 'NONE', #7327, #90, #6043, .T. ) ;
#455 = DIRECTION ( 'NONE',  ( 1.000000000000000000, 1.110223004086028302E-13, 0.000000000000000000 ) ) ;
#456 = CARTESIAN_POINT ( 'NONE',  ( 362.6999806519999652, 245.3549043190000134, 95.17096273769999470 ) ) ;
#457 = LINE ( 'NONE', #422, #2914 ) ;
#458 = FACE_BOUND ( 'NONE', #7429, .T. ) ;
#459 = CARTESIAN_POINT ( 'NONE',  ( 267.5204893619999780, 202.8243198760000325, 24.18232576149999957 ) ) ;
#460 = AXIS2_PLACEMENT_3D ( 'NONE', #3431, #4657, #1463 ) ;
#461 = DIRECTION ( 'NONE',  ( 0.9999999815015170324, 9.542390645425178513E-06, -0.0001921091058774413763 ) ) ;
#462 = PLANE ( 'NONE',  #3528 ) ;
#463 = AXIS2_PLACEMENT_3D ( 'NONE', #443, #2372, #1145 ) ;
#464 = VERTEX_POINT ( 'NONE', #2836 ) ;
#465 = ADVANCED_FACE ( 'NONE', ( #7208 ), #6002, .F. ) ;
#466 = FACE_OUTER_BOUND ( 'NONE', #5334, .T. ) ;
#467 = EDGE_CURVE ( 'NONE', #4555, #1764, #2249, .T. ) ;
#468 = CIRCLE ( 'NONE', #7912, 2.500000046250006047 ) ;
#469 = DIRECTION ( 'NONE',  ( 1.000000000000000000, 1.110223004086028302E-13, 5.551115020430141666E-15 ) ) ;
#470 = EDGE_LOOP ( 'NONE', ( #3340, #6027 ) ) ;
#471 = CARTESIAN_POINT ( 'NONE',  ( 125.3794671060000070, 233.8742831059999787, 296.0579917260000116 ) ) ;
#472 = ORIENTED_EDGE ( 'NONE', *, *, #2189, .F. ) ;
#473 = ORIENTED_EDGE ( 'NONE', *, *, #3167, .T. ) ;
#474 = ORIENTED_EDGE ( 'NONE', *, *, #4178, .F. ) ;
#475 = CARTESIAN_POINT ( 'NONE',  ( 362.6999806519999652, 245.3548566070000163, 95.17192328320000172 ) ) ;
#476 = CYLINDRICAL_SURFACE ( 'NONE', #4718, 2.500000046250013597 ) ;
#477 = DIRECTION ( 'NONE',  ( 1.000000000000000000, 1.110223004086028302E-13, 5.551115020430141666E-15 ) ) ;
#478 = ORIENTED_EDGE ( 'NONE', *, *, #2509, .F. ) ;
#479 = VERTEX_POINT ( 'NONE', #4161 ) ;
#480 = DIRECTION ( 'NONE',  ( 1.136766116574992312E-13, -0.9987686379937031900, -0.04961056097448531682 ) ) ;
#481 = VECTOR ( 'NONE', #343, 1000.000000000000114 ) ;
#482 = CARTESIAN_POINT ( 'NONE',  ( 362.6999812869999573, 194.8364813670000046, 215.2305193700000245 ) ) ;
#483 = AXIS2_PLACEMENT_3D ( 'NONE', #2202, #5998, #4735 ) ;
#484 = DIRECTION ( 'NONE',  ( 1.136868377219662335E-13, -0.9987686379937030789, -0.04961056097448530988 ) ) ;
#485 = CARTESIAN_POINT ( 'NONE',  ( 157.8794671060000212, 235.3724599189999935, 296.1319272950000254 ) ) ;
#486 = CARTESIAN_POINT ( 'NONE',  ( 52.69997518129999747, 192.8418754329999842, 225.1432911959999785 ) ) ;
#487 = FACE_OUTER_BOUND ( 'NONE', #4694, .T. ) ;
#488 = ORIENTED_EDGE ( 'NONE', *, *, #1217, .F. ) ;
#489 = VECTOR ( 'NONE', #3237, 1000.000000000000114 ) ;
#490 = VERTEX_POINT ( 'NONE', #294 ) ;
#491 = VERTEX_POINT ( 'NONE', #5362 ) ;
#492 = VECTOR ( 'NONE', #7717, 1000.000000000000114 ) ;
#493 = VERTEX_POINT ( 'NONE', #6756 ) ;
#494 = MANIFOLD_SOLID_BREP ( 'comp2.1\\partc4.6\\PartBody', #3154 ) ;
#495 = AXIS2_PLACEMENT_3D ( 'NONE', #4739, #4784, #4082 ) ;
#496 = FACE_BOUND ( 'NONE', #5977, .T. ) ;
#497 = VECTOR ( 'NONE', #2571, 1000.000000000000341 ) ;
#498 = CARTESIAN_POINT ( 'NONE',  ( 280.0204893619999780, 202.8242960149999874, 24.18280614949999929 ) ) ;
#499 = DIRECTION ( 'NONE',  ( 1.136675133409662280E-13, -0.9987686379937031900, -0.04961056097448531682 ) ) ;
#500 = DIRECTION ( 'NONE',  ( 1.140924983539660419E-13, -0.9987686379937031900, -0.04961056097448531682 ) ) ;
#501 = CARTESIAN_POINT ( 'NONE',  ( 251.5607249690000060, 202.5583951660000253, 29.53596932179999968 ) ) ;
#502 = CYLINDRICAL_SURFACE ( 'NONE', #7149, 2.500000046250002050 ) ;
#503 = FACE_OUTER_BOUND ( 'NONE', #4002, .T. ) ;
#504 = AXIS2_PLACEMENT_3D ( 'NONE', #5097, #3987, #7758 ) ;
#505 = VERTEX_POINT ( 'NONE', #1588 ) ;
#506 = EDGE_CURVE ( 'NONE', #8158, #1075, #7407, .T. ) ;
#507 = CARTESIAN_POINT ( 'NONE',  ( 247.5204893620000348, 190.9276028960000247, 293.9247560440000484 ) ) ;
#508 = CARTESIAN_POINT ( 'NONE',  ( 117.6999751809999992, 235.1421582749999857, 300.7684009710000055 ) ) ;
#509 = VECTOR ( 'NONE', #3248, 1000.000000000000114 ) ;
#510 = EDGE_CURVE ( 'NONE', #1392, #8025, #5013, .T. ) ;
#511 = AXIS2_PLACEMENT_3D ( 'NONE', #7920, #7189, #2274 ) ;
#512 = EDGE_CURVE ( 'NONE', #5313, #5872, #2511, .T. ) ;
#513 = VECTOR ( 'NONE', #2750, 1000.000000000000114 ) ;
#514 = CARTESIAN_POINT ( 'NONE',  ( 356.4944294790000185, 203.2325279379999756, 76.43520376370000236 ) ) ;
#515 = VERTEX_POINT ( 'NONE', #6953 ) ;
#516 = EDGE_CURVE ( 'NONE', #6886, #3649, #4321, .T. ) ;
#517 = DIRECTION ( 'NONE',  ( 1.136675133409662280E-13, -0.9987686379937031900, -0.04961056097448531682 ) ) ;
#518 = VERTEX_POINT ( 'NONE', #608 ) ;
#519 = ADVANCED_FACE ( 'NONE', ( #7447 ), #1280, .F. ) ;
#520 = EDGE_LOOP ( 'NONE', ( #7352, #3022, #8017, #1936 ) ) ;
#521 = VECTOR ( 'NONE', #6822, 1000.000000000000114 ) ;
#522 = EDGE_LOOP ( 'NONE', ( #618, #3125, #56, #207 ) ) ;
#523 = CARTESIAN_POINT ( 'NONE',  ( 117.6999724180000158, 245.9839272439999718, 22.03647627089999972 ) ) ;
#524 = EDGE_CURVE ( 'NONE', #3708, #764, #1698, .T. ) ;
#525 = CYLINDRICAL_SURFACE ( 'NONE', #7551, 2.500000046249985619 ) ;
#526 = AXIS2_PLACEMENT_3D ( 'NONE', #5840, #2048, #2684 ) ;
#527 = AXIS2_PLACEMENT_3D ( 'NONE', #7578, #6339, #4988 ) ;
#528 = DIRECTION ( 'NONE',  ( 1.028643836775700270E-13, -0.9987686379937031900, -0.04961056097448781482 ) ) ;
#529 = EDGE_LOOP ( 'NONE', ( #3679, #7148, #3736, #2771 ) ) ;
#530 = ORIENTED_EDGE ( 'NONE', *, *, #159, .T. ) ;
#531 = CARTESIAN_POINT ( 'NONE',  ( 132.8794671060000212, 232.3761540049999894, 295.9830956119999996 ) ) ;
#532 = CARTESIAN_POINT ( 'NONE',  ( 367.6999805599999718, 201.9117234170000188, 103.0258753150000075 ) ) ;
#533 = CARTESIAN_POINT ( 'NONE',  ( 47.69997335769999580, 240.9302056580000055, 123.7788981640000117 ) ) ;
#534 = LINE ( 'NONE', #7644, #4893 ) ;
#535 = CARTESIAN_POINT ( 'NONE',  ( 367.6999807329999612, 202.8439921590000097, 84.25727517560000024 ) ) ;
#536 = ORIENTED_EDGE ( 'NONE', *, *, #2234, .F. ) ;
#537 = VERTEX_POINT ( 'NONE', #8059 ) ;
#538 = EDGE_LOOP ( 'NONE', ( #1973, #1242, #7921, #1194 ) ) ;
#539 = ORIENTED_EDGE ( 'NONE', *, *, #6018, .T. ) ;
#540 = DIRECTION ( 'NONE',  ( 1.140917689170156192E-13, -0.9987686379937031900, -0.04961056097448531682 ) ) ;
#541 = CARTESIAN_POINT ( 'NONE',  ( 252.5204893620000064, 232.3765013729999964, 295.9835943240000233 ) ) ;
#542 = CYLINDRICAL_SURFACE ( 'NONE', #4251, 60.22727286729998752 ) ;
#543 = DIRECTION ( 'NONE',  ( 1.136868377219662335E-13, -0.9987686379937030789, -0.04961056097448530988 ) ) ;
#544 = CARTESIAN_POINT ( 'NONE',  ( 242.3409963010000183, 196.7142649660000018, 147.1910380329999839 ) ) ;
#545 = CYLINDRICAL_SURFACE ( 'NONE', #7667, 2.500000046250013597 ) ;
#546 = CIRCLE ( 'NONE', #5726, 2.500000046250006047 ) ;
#547 = ORIENTED_EDGE ( 'NONE', *, *, #4238, .T. ) ;
#548 = CARTESIAN_POINT ( 'NONE',  ( 55.19997518130000458, 239.7774678559999870, 207.4495239689999835 ) ) ;
#549 = CARTESIAN_POINT ( 'NONE',  ( 173.0589590300000111, 190.6985871490000193, 298.5278498179999929 ) ) ;
#550 = EDGE_CURVE ( 'NONE', #4577, #450, #6100, .T. ) ;
#551 = ORIENTED_EDGE ( 'NONE', *, *, #750, .F. ) ;
#552 = DIRECTION ( 'NONE',  ( 1.000000000000000000, 1.110223004086028302E-13, 5.551115020430141666E-15 ) ) ;
#553 = ORIENTED_EDGE ( 'NONE', *, *, #4528, .F. ) ;
#554 = VECTOR ( 'NONE', #3067, 1000.000000000000114 ) ;
#555 = ORIENTED_EDGE ( 'NONE', *, *, #1225, .F. ) ;
#556 = EDGE_CURVE ( 'NONE', #680, #5878, #2462, .T. ) ;
#557 = EDGE_CURVE ( 'NONE', #7058, #6737, #6894, .T. ) ;
#558 = PLANE ( 'NONE',  #7236 ) ;
#559 = FACE_OUTER_BOUND ( 'NONE', #2565, .T. ) ;
#560 = EDGE_CURVE ( 'NONE', #6531, #1597, #5421, .T. ) ;
#561 = CARTESIAN_POINT ( 'NONE',  ( 250.0204893620000064, 247.2695004189999963, 26.39047583630000204 ) ) ;
#562 = DIRECTION ( 'NONE',  ( -0.9999999815032921680, 9.541932656231520308E-06, -0.0001920998877013893298 ) ) ;
#563 = ORIENTED_EDGE ( 'NONE', *, *, #1222, .T. ) ;
#564 = ORIENTED_EDGE ( 'NONE', *, *, #6622, .T. ) ;
#565 = EDGE_CURVE ( 'NONE', #3649, #248, #7155, .T. ) ;
#566 = CARTESIAN_POINT ( 'NONE',  ( 163.0589590300000111, 233.6456385829999931, 300.6611039400000323 ) ) ;
#567 = EDGE_CURVE ( 'NONE', #3942, #5363, #1571, .T. ) ;
#568 = CARTESIAN_POINT ( 'NONE',  ( 145.3794671059999928, 192.4253846299999964, 293.9991534460000366 ) ) ;
#569 = CARTESIAN_POINT ( 'NONE',  ( 155.3794671060000212, 192.4254323419999935, 293.9981928999999923 ) ) ;
#570 = DIRECTION ( 'NONE',  ( 1.136868377219662335E-13, -0.9987686379937030789, -0.04961056097448530988 ) ) ;
#571 = ORIENTED_EDGE ( 'NONE', *, *, #4132, .F. ) ;
#572 = FACE_OUTER_BOUND ( 'NONE', #2148, .T. ) ;
#573 = VECTOR ( 'NONE', #6058, 1000.000000000000114 ) ;
#574 = ORIENTED_EDGE ( 'NONE', *, *, #5048, .F. ) ;
#575 = CIRCLE ( 'NONE', #5214, 2.500000046250006047 ) ;
#576 = EDGE_LOOP ( 'NONE', ( #3388, #6332 ) ) ;
#577 = ADVANCED_FACE ( 'NONE', ( #3162 ), #7518, .F. ) ;
#578 = DIRECTION ( 'NONE',  ( 0.9999999999999998890, 4.579932448559999713E-10, -9.218105955729999298E-09 ) ) ;
#579 = CIRCLE ( 'NONE', #7365, 2.500000046250006047 ) ;
#580 = FACE_BOUND ( 'NONE', #4212, .T. ) ;
#581 = VERTEX_POINT ( 'NONE', #1872 ) ;
#582 = CARTESIAN_POINT ( 'NONE',  ( 277.5204893619999780, 233.8746543299999985, 296.0580101659999741 ) ) ;
#583 = DIRECTION ( 'NONE',  ( 0.9999999815015169213, -9.542390534402928566E-06, 0.0001921091057775223341 ) ) ;
#584 = DIRECTION ( 'NONE',  ( 0.000000000000000000, -0.04961056097448530988, 0.9987686379937030789 ) ) ;
#585 = EDGE_LOOP ( 'NONE', ( #1239, #8214, #1500, #3632 ) ) ;
#586 = CARTESIAN_POINT ( 'NONE',  ( 142.8794671059999928, 233.8743069620000199, 296.0575114540000072 ) ) ;
#587 = DIRECTION ( 'NONE',  ( 1.478176250624248093E-15, 0.9987686379936981940, 0.04961056097458500791 ) ) ;
#588 = DIRECTION ( 'NONE',  ( 1.000000000000000000, 1.110223004086028302E-13, 5.551115020430141666E-15 ) ) ;
#589 = CARTESIAN_POINT ( 'NONE',  ( 362.6999805599999718, 201.9116995630000133, 103.0263555410000009 ) ) ;
#590 = EDGE_LOOP ( 'NONE', ( #6987, #5489, #3213, #4821 ) ) ;
#591 = CARTESIAN_POINT ( 'NONE',  ( 362.6999812869999573, 235.7893219460000012, 227.2760834850000151 ) ) ;
#592 = ORIENTED_EDGE ( 'NONE', *, *, #2655, .T. ) ;
#593 = ORIENTED_EDGE ( 'NONE', *, *, #1531, .F. ) ;
#594 = FACE_BOUND ( 'NONE', #3900, .T. ) ;
#595 = CARTESIAN_POINT ( 'NONE',  ( 52.69997309199999336, 242.3585561559999917, 95.02309187160000192 ) ) ;
#596 = FACE_BOUND ( 'NONE', #4862, .T. ) ;
#597 = CARTESIAN_POINT ( 'NONE',  ( 49.93558712990000004, 193.7741680310000163, 206.3742107850000025 ) ) ;
#598 = VERTEX_POINT ( 'NONE', #6288 ) ;
#599 = ORIENTED_EDGE ( 'NONE', *, *, #1734, .F. ) ;
#600 = ORIENTED_EDGE ( 'NONE', *, *, #4744, .F. ) ;
#601 = EDGE_CURVE ( 'NONE', #5995, #5761, #7414, .T. ) ;
#602 = DIRECTION ( 'NONE',  ( 0.9999999815032921680, -9.541932645129290062E-06, 0.0001920998876680826391 ) ) ;
#603 = EDGE_CURVE ( 'NONE', #7465, #3539, #5682, .T. ) ;
#604 = DIRECTION ( 'NONE',  ( -2.368475785869285424E-15, -0.9987686379936980829, -0.04961056097458500097 ) ) ;
#605 = DIRECTION ( 'NONE',  ( -1.003597205340156420E-13, 0.9987686379937034120, 0.04961056097448132696 ) ) ;
#606 = DIRECTION ( 'NONE',  ( -1.136868377219662335E-13, 0.9987686379937030789, 0.04961056097448530988 ) ) ;
#607 = AXIS2_PLACEMENT_3D ( 'NONE', #1697, #7569, #4322 ) ;
#608 = CARTESIAN_POINT ( 'NONE',  ( 163.8392287740000199, 245.5054520630000070, 31.66922371509999579 ) ) ;
#609 = EDGE_CURVE ( 'NONE', #2782, #5205, #5546, .T. ) ;
#610 = ORIENTED_EDGE ( 'NONE', *, *, #2966, .T. ) ;
#611 = FACE_OUTER_BOUND ( 'NONE', #7524, .T. ) ;
#612 = VERTEX_POINT ( 'NONE', #4450 ) ;
#613 = ADVANCED_FACE ( 'NONE', ( #1780 ), #2550, .F. ) ;
#614 = AXIS2_PLACEMENT_3D ( 'NONE', #6644, #6812, #2393 ) ;
#615 = EDGE_CURVE ( 'NONE', #7792, #3378, #7941, .T. ) ;
#616 = DIRECTION ( 'NONE',  ( 0.9999999815015169213, -9.542390534402928566E-06, 0.0001921091057997267946 ) ) ;
#617 = FACE_OUTER_BOUND ( 'NONE', #4952, .T. ) ;
#618 = ORIENTED_EDGE ( 'NONE', *, *, #3279, .T. ) ;
#619 = DIRECTION ( 'NONE',  ( -1.136868377219662335E-13, 0.9987686379937030789, 0.04961056097448530988 ) ) ;
#620 = CARTESIAN_POINT ( 'NONE',  ( 52.69997518129999747, 194.3400761020000118, 225.2167464919999986 ) ) ;
#621 = CLOSED_SHELL ( 'NONE', ( #5388, #6333, #7784, #3379, #3935, #4582, #6476, #5298, #2139, #2084, #2244, #5107, #8040, #8046, #6388, #2720, #4289, #1674, #1999, #2527, #3531, #2098, #6075, #1791, #6680, #5968, #3489, #3435, #2033, #6427 ) ) ;
#622 = VECTOR ( 'NONE', #4295, 1000.000000000000114 ) ;
#623 = DIRECTION ( 'NONE',  ( 1.000000000000000000, 1.110223004086028302E-13, 1.110223004086028333E-14 ) ) ;
#624 = DIRECTION ( 'NONE',  ( 1.000000000000000000, 1.137978600240784444E-13, 5.551115123125777969E-15 ) ) ;
#625 = VERTEX_POINT ( 'NONE', #535 ) ;
#626 = CARTESIAN_POINT ( 'NONE',  ( 277.5204893619999780, 190.9276028960000247, 293.9247560440000484 ) ) ;
#627 = DIRECTION ( 'NONE',  ( 0.9762097135553917671, 0.01075698314830428326, -0.2165614981330868938 ) ) ;
#628 = AXIS2_PLACEMENT_3D ( 'NONE', #44, #3800, #4376 ) ;
#629 = VECTOR ( 'NONE', #4425, 1000.000000000000341 ) ;
#630 = DIRECTION ( 'NONE',  ( 1.000000000000000000, 1.110223004086031457E-13, 5.551115020430157443E-15 ) ) ;
#631 = ORIENTED_EDGE ( 'NONE', *, *, #4383, .F. ) ;
#632 = DIRECTION ( 'NONE',  ( 1.000000000000000000, 1.137978600240784444E-13, 5.551115123125777969E-15 ) ) ;
#633 = CARTESIAN_POINT ( 'NONE',  ( 292.5204893619999780, 204.3224728220000088, 24.25674183339999956 ) ) ;
#634 = AXIS2_PLACEMENT_3D ( 'NONE', #2879, #6132, #5403 ) ;
#635 = ORIENTED_EDGE ( 'NONE', *, *, #6210, .F. ) ;
#636 = FACE_OUTER_BOUND ( 'NONE', #4668, .T. ) ;
#637 = ORIENTED_EDGE ( 'NONE', *, *, #6881, .F. ) ;
#638 = ORIENTED_EDGE ( 'NONE', *, *, #3631, .F. ) ;
#639 = AXIS2_PLACEMENT_3D ( 'NONE', #4563, #1909, #725 ) ;
#640 = VECTOR ( 'NONE', #6480, 1000.000000000000114 ) ;
#641 = AXIS2_PLACEMENT_3D ( 'NONE', #1621, #1659, #7865 ) ;
#642 = DIRECTION ( 'NONE',  ( -1.136868377219662335E-13, 0.9987686379937030789, 0.04961056097448530988 ) ) ;
#643 = FACE_BOUND ( 'NONE', #2251, .T. ) ;
#644 = CIRCLE ( 'NONE', #1712, 2.500000046250006047 ) ;
#645 = CIRCLE ( 'NONE', #1312, 2.500000046250006047 ) ;
#646 = DIRECTION ( 'NONE',  ( -1.000000000000000000, 0.000000000000000000, 1.063175441083862024E-13 ) ) ;
#647 = ORIENTED_EDGE ( 'NONE', *, *, #5490, .T. ) ;
#648 = AXIS2_PLACEMENT_3D ( 'NONE', #6975, #3098, #3808 ) ;
#649 = ORIENTED_EDGE ( 'NONE', *, *, #4943, .F. ) ;
#650 = CARTESIAN_POINT ( 'NONE',  ( 360.1999806519999652, 200.9096760730000142, 92.96377302399999110 ) ) ;
#651 = DIRECTION ( 'NONE',  ( 1.136868377219662335E-13, -0.9987686379937030789, -0.04961056097448530988 ) ) ;
#652 = DIRECTION ( 'NONE',  ( -9.229566077837255140E-09, -0.04961056097448531682, 0.9987686379937031900 ) ) ;
#653 = AXIS2_PLACEMENT_3D ( 'NONE', #6468, #136, #744 ) ;
#654 = DIRECTION ( 'NONE',  ( 1.140924983539660419E-13, -0.9987686379937031900, -0.04961056097448531682 ) ) ;
#655 = DIRECTION ( 'NONE',  ( 1.136675133409662280E-13, -0.9987686379937031900, -0.04961056097448531682 ) ) ;
#656 = ORIENTED_EDGE ( 'NONE', *, *, #5056, .T. ) ;
#657 = CARTESIAN_POINT ( 'NONE',  ( 135.3794643810000196, 202.8243014779999953, 24.18280642079999865 ) ) ;
#658 = ORIENTED_EDGE ( 'NONE', *, *, #3114, .F. ) ;
#659 = CIRCLE ( 'NONE', #6398, 10.00000000000000178 ) ;
#660 = ADVANCED_FACE ( 'NONE', ( #3078 ), #5605, .F. ) ;
#661 = EDGE_CURVE ( 'NONE', #4908, #5296, #4356, .T. ) ;
#662 = DIRECTION ( 'NONE',  ( -9.229466990117259065E-09, 0.04961056097448530988, -0.9987686379937030789 ) ) ;
#663 = ORIENTED_EDGE ( 'NONE', *, *, #154, .T. ) ;
#664 = CARTESIAN_POINT ( 'NONE',  ( 242.3409974379999881, 235.1247544819999860, 301.1262691970000560 ) ) ;
#665 = LINE ( 'NONE', #4989, #2246 ) ;
#666 = EDGE_CURVE ( 'NONE', #7064, #2233, #3948, .T. ) ;
#667 = DIRECTION ( 'NONE',  ( 1.000000000000000000, 1.110223004086028302E-13, 5.551115020430141666E-15 ) ) ;
#668 = CARTESIAN_POINT ( 'NONE',  ( 242.3409974379999881, 189.1813971340000080, 298.8441833919999908 ) ) ;
#669 = CARTESIAN_POINT ( 'NONE',  ( 127.8794643810000053, 205.8206312439999977, 24.33115790009999913 ) ) ;
#670 = DIRECTION ( 'NONE',  ( 1.136505832169074187E-13, -0.9987686379937031900, -0.04961056097448531682 ) ) ;
#671 = DIRECTION ( 'NONE',  ( 1.000000000000000000, 1.110223004086028302E-13, 5.551115020430141666E-15 ) ) ;
#672 = EDGE_CURVE ( 'NONE', #4444, #2487, #7811, .T. ) ;
#673 = PLANE ( 'NONE',  #7843 ) ;
#674 = VERTEX_POINT ( 'NONE', #3214 ) ;
#675 = EDGE_CURVE ( 'NONE', #3245, #1854, #3372, .T. ) ;
#676 = FACE_OUTER_BOUND ( 'NONE', #590, .T. ) ;
#677 = CARTESIAN_POINT ( 'NONE',  ( 242.3409974820000059, 246.0097319139999854, 21.51686181310000023 ) ) ;
#678 = EDGE_LOOP ( 'NONE', ( #5606, #1986, #1620, #5260 ) ) ;
#679 = EDGE_LOOP ( 'NONE', ( #7961, #5395, #7558, #5468 ) ) ;
#680 = VERTEX_POINT ( 'NONE', #5149 ) ;
#681 = PLANE ( 'NONE',  #1490 ) ;
#682 = CARTESIAN_POINT ( 'NONE',  ( 267.5204893619999780, 204.3224728329999778, 24.25674160290000003 ) ) ;
#683 = CARTESIAN_POINT ( 'NONE',  ( 297.6999813330000393, 246.0194241009999701, 21.32173697160000359 ) ) ;
#684 = EDGE_LOOP ( 'NONE', ( #2621, #1468, #2625, #2484 ) ) ;
#685 = ORIENTED_EDGE ( 'NONE', *, *, #2561, .T. ) ;
#686 = CARTESIAN_POINT ( 'NONE',  ( 355.8573913780000453, 199.8396900739999751, 114.5049214929999977 ) ) ;
#687 = DIRECTION ( 'NONE',  ( 1.000000000000000000, 1.137978600240784444E-13, 5.551115123125777969E-15 ) ) ;
#688 = CARTESIAN_POINT ( 'NONE',  ( 270.0204893619999780, 205.8206019330000061, 24.33163774019999792 ) ) ;
#689 = CARTESIAN_POINT ( 'NONE',  ( 360.1999805599999718, 198.9154175070000008, 102.8770435630000009 ) ) ;
#690 = DIRECTION ( 'NONE',  ( -1.000000000000000000, 0.000000000000000000, 7.186551552045351961E-15 ) ) ;
#691 = DIRECTION ( 'NONE',  ( 1.000000000000000000, 1.110223004086028302E-13, 5.551115020430141666E-15 ) ) ;
#692 = VERTEX_POINT ( 'NONE', #7647 ) ;
#693 = DIRECTION ( 'NONE',  ( 0.9999999999999998890, 4.579932448559999713E-10, -9.218105891549998556E-09 ) ) ;
#694 = DIRECTION ( 'NONE',  ( 1.136868377219662335E-13, -0.9987686379937030789, -0.04961056097448530988 ) ) ;
#695 = ORIENTED_EDGE ( 'NONE', *, *, #3924, .F. ) ;
#696 = CARTESIAN_POINT ( 'NONE',  ( 367.6999812870000142, 193.9042364810000265, 233.9986392360000025 ) ) ;
#697 = DIRECTION ( 'NONE',  ( 1.000000000000000000, -2.775557561562888984E-15, 0.000000000000000000 ) ) ;
#698 = VECTOR ( 'NONE', #6410, 1000.000000000000114 ) ;
#699 = DIRECTION ( 'NONE',  ( 1.000000000000000000, 1.137978600240785201E-13, 5.551115123125781913E-15 ) ) ;
#700 = CARTESIAN_POINT ( 'NONE',  ( 145.3794671059999928, 190.9272793850000198, 293.9237770590000309 ) ) ;
#701 = EDGE_CURVE ( 'NONE', #7313, #7465, #194, .T. ) ;
#702 = DIRECTION ( 'NONE',  ( 1.000000000000000000, -1.409385035065704932E-15, 0.000000000000000000 ) ) ;
#703 = LINE ( 'NONE', #1168, #3077 ) ;
#704 = VECTOR ( 'NONE', #6005, 1000.000000000000114 ) ;
#705 = ADVANCED_FACE ( 'NONE', ( #2624 ), #5734, .F. ) ;
#706 = ORIENTED_EDGE ( 'NONE', *, *, #6784, .T. ) ;
#707 = CARTESIAN_POINT ( 'NONE',  ( 260.0204893620000348, 248.7676533710000228, 26.46489176989999947 ) ) ;
#708 = ORIENTED_EDGE ( 'NONE', *, *, #1233, .F. ) ;
#709 = DIRECTION ( 'NONE',  ( -1.143080990239999910E-13, 1.000000000000000000, 0.000000000000000000 ) ) ;
#710 = CIRCLE ( 'NONE', #4841, 2.500000046250006047 ) ;
#711 = ORIENTED_EDGE ( 'NONE', *, *, #1268, .F. ) ;
#712 = EDGE_CURVE ( 'NONE', #7754, #8058, #758, .T. ) ;
#713 = VERTEX_POINT ( 'NONE', #3906 ) ;
#714 = ADVANCED_FACE ( 'NONE', ( #5897 ), #6538, .F. ) ;
#715 = EDGE_LOOP ( 'NONE', ( #5026, #7066, #6044, #5075 ) ) ;
#716 = DIRECTION ( 'NONE',  ( 0.9999999815015170324, 9.542390645425124303E-06, -0.0001921091058663380619 ) ) ;
#717 = AXIS2_PLACEMENT_3D ( 'NONE', #6997, #1955, #731 ) ;
#718 = DIRECTION ( 'NONE',  ( 1.000000000000000000, 1.137978600240784444E-13, 5.551115123125777969E-15 ) ) ;
#719 = DIRECTION ( 'NONE',  ( 1.000000000000000000, 0.000000000000000000, 0.000000000000000000 ) ) ;
#720 = CARTESIAN_POINT ( 'NONE',  ( 50.19997318429999922, 243.3606273579999879, 105.0847138430000030 ) ) ;
#721 = AXIS2_PLACEMENT_3D ( 'NONE', #6331, #1916, #4532 ) ;
#722 = VERTEX_POINT ( 'NONE', #2668 ) ;
#723 = AXIS2_PLACEMENT_3D ( 'NONE', #2956, #5484, #8021 ) ;
#724 = ORIENTED_EDGE ( 'NONE', *, *, #6933, .T. ) ;
#725 = DIRECTION ( 'NONE',  ( 1.000000000000000000, 1.137978600240784444E-13, 5.551115123125777969E-15 ) ) ;
#726 = CARTESIAN_POINT ( 'NONE',  ( 360.1999812869999573, 193.3383522660000153, 215.1556232559999842 ) ) ;
#727 = DIRECTION ( 'NONE',  ( -1.136868377219662335E-13, 0.9987686379937030789, 0.04961056097448530988 ) ) ;
#728 = AXIS2_PLACEMENT_3D ( 'NONE', #1235, #3158, #1278 ) ;
#729 = DIRECTION ( 'NONE',  ( 1.000000000000000000, 1.110223004086031457E-13, 5.551115020430157443E-15 ) ) ;
#730 = EDGE_LOOP ( 'NONE', ( #3582, #1603, #2657, #5528 ) ) ;
#731 = DIRECTION ( 'NONE',  ( 1.000000000000000000, 0.000000000000000000, 0.000000000000000000 ) ) ;
#732 = ORIENTED_EDGE ( 'NONE', *, *, #701, .T. ) ;
#733 = FACE_OUTER_BOUND ( 'NONE', #7209, .T. ) ;
#734 = LINE ( 'NONE', #823, #3781 ) ;
#735 = DIRECTION ( 'NONE',  ( -1.136868377219662335E-13, 0.9987686379937030789, 0.04961056097448530988 ) ) ;
#736 = CARTESIAN_POINT ( 'NONE',  ( 297.6999813330000393, 203.0723726669999962, 19.18848284970000151 ) ) ;
#737 = ORIENTED_EDGE ( 'NONE', *, *, #3983, .T. ) ;
#738 = CARTESIAN_POINT ( 'NONE',  ( 257.5204893619999780, 233.8746543299999985, 296.0580101659999741 ) ) ;
#739 = DIRECTION ( 'NONE',  ( 1.000000000000000000, 1.137978600240784444E-13, 5.551115123125777969E-15 ) ) ;
#740 = APPROVAL_DATE_TIME ( #3918, #3369 ) ;
#741 = DIRECTION ( 'NONE',  ( 1.478176250624248093E-15, 0.9987686379936981940, 0.04961056097458500791 ) ) ;
#742 = ORIENTED_EDGE ( 'NONE', *, *, #4738, .F. ) ;
#743 = DIRECTION ( 'NONE',  ( 1.000000000000000000, 1.110223004086028302E-13, 5.551115020430141666E-15 ) ) ;
#744 = DIRECTION ( 'NONE',  ( -0.9999999815015169213, -9.542390645425122609E-06, 0.0001921091059107469558 ) ) ;
#745 = ORIENTED_EDGE ( 'NONE', *, *, #2959, .F. ) ;
#746 = CARTESIAN_POINT ( 'NONE',  ( 260.0204893620000348, 233.8746304740000141, 296.0584904390000247 ) ) ;
#747 = DIRECTION ( 'NONE',  ( 1.000000000000000000, 1.110223004086028302E-13, 5.551115020430141666E-15 ) ) ;
#748 = CARTESIAN_POINT ( 'NONE',  ( 250.0204893620000064, 233.8746304740000141, 296.0584904390000247 ) ) ;
#749 = EDGE_LOOP ( 'NONE', ( #2023, #6109 ) ) ;
#750 = EDGE_CURVE ( 'NONE', #4642, #2603, #4033, .T. ) ;
#751 = AXIS2_PLACEMENT_3D ( 'NONE', #5704, #2562, #623 ) ;
#752 = EDGE_LOOP ( 'NONE', ( #7449, #6540 ) ) ;
#753 = CIRCLE ( 'NONE', #1417, 60.22727286730000884 ) ;
#754 = ORIENTED_EDGE ( 'NONE', *, *, #2658, .F. ) ;
#755 = EDGE_CURVE ( 'NONE', #4918, #1273, #5772, .T. ) ;
#756 = EDGE_CURVE ( 'NONE', #3252, #2807, #4646, .T. ) ;
#757 = CARTESIAN_POINT ( 'NONE',  ( 55.19997318429999922, 200.4135759270000108, 102.9514596750000095 ) ) ;
#758 = CIRCLE ( 'NONE', #6496, 10.00000000000000178 ) ;
#759 = VECTOR ( 'NONE', #5861, 1000.000000000000114 ) ;
#760 = EDGE_CURVE ( 'NONE', #450, #4577, #7673, .T. ) ;
#761 = DIRECTION ( 'NONE',  ( 1.136675133409662280E-13, -0.9987686379937031900, -0.04961056097448531682 ) ) ;
#762 = EDGE_CURVE ( 'NONE', #7768, #612, #7544, .T. ) ;
#763 = DIRECTION ( 'NONE',  ( 0.000000000000000000, -0.9987686379936980829, -0.04961056097458500097 ) ) ;
#764 = VERTEX_POINT ( 'NONE', #4529 ) ;
#765 = ORIENTED_EDGE ( 'NONE', *, *, #1771, .F. ) ;
#766 = AXIS2_PLACEMENT_3D ( 'NONE', #5852, #7141, #3940 ) ;
#767 = VERTEX_POINT ( 'NONE', #5219 ) ;
#768 = VECTOR ( 'NONE', #5168, 1000.000000000000114 ) ;
#769 = EDGE_CURVE ( 'NONE', #581, #598, #7076, .T. ) ;
#770 = DIRECTION ( 'NONE',  ( 1.140917689170156192E-13, -0.9987686379937031900, -0.04961056097448531682 ) ) ;
#771 = DIRECTION ( 'NONE',  ( 1.000000000000000000, 1.110223004086028302E-13, 5.551115020430141666E-15 ) ) ;
#772 = DIRECTION ( 'NONE',  ( 1.136868377219662335E-13, -0.9987686379937030789, -0.04961056097448530988 ) ) ;
#773 = VERTEX_POINT ( 'NONE', #1398 ) ;
#774 = EDGE_CURVE ( 'NONE', #7886, #3708, #2069, .T. ) ;
#775 = DIRECTION ( 'NONE',  ( 1.000000000000000000, 1.110223004086028302E-13, 5.551115020430141666E-15 ) ) ;
#776 = VECTOR ( 'NONE', #3074, 1000.000000000000114 ) ;
#777 = CIRCLE ( 'NONE', #3590, 2.500000046250006047 ) ;
#778 = VECTOR ( 'NONE', #2678, 1000.000000000000114 ) ;
#779 = DIRECTION ( 'NONE',  ( -3.534288039560000252E-15, 1.000000000000000000, 0.000000000000000000 ) ) ;
#780 = VERTEX_POINT ( 'NONE', #5862 ) ;
#781 = ORIENTED_EDGE ( 'NONE', *, *, #1015, .T. ) ;
#782 = CIRCLE ( 'NONE', #1452, 2.500000046250006047 ) ;
#783 = VECTOR ( 'NONE', #3578, 1000.000000000000114 ) ;
#784 = LINE ( 'NONE', #3343, #6973 ) ;
#785 = VECTOR ( 'NONE', #2302, 1000.000000000000114 ) ;
#786 = LINE ( 'NONE', #5270, #4975 ) ;
#787 = LINE ( 'NONE', #5827, #3862 ) ;
#788 = ORIENTED_EDGE ( 'NONE', *, *, #2936, .T. ) ;
#789 = DIRECTION ( 'NONE',  ( -0.9999999999999997780, 4.577699330710056423E-10, -9.218197039029253425E-09 ) ) ;
#790 = LINE ( 'NONE', #1337, #2523 ) ;
#791 = PERSON_AND_ORGANIZATION_ROLE ( 'creator' ) ;
#792 = AXIS2_PLACEMENT_3D ( 'NONE', #3557, #382, #2171 ) ;
#793 = VERTEX_POINT ( 'NONE', #7153 ) ;
#794 = CARTESIAN_POINT ( 'NONE',  ( 145.3794671059999928, 235.3724837750000063, 296.1314470220000317 ) ) ;
#795 = DIRECTION ( 'NONE',  ( -0.9999999815015170324, -9.542390645425124303E-06, 0.0001921091058885425224 ) ) ;
#796 = VECTOR ( 'NONE', #3263, 1000.000000000000114 ) ;
#797 = CARTESIAN_POINT ( 'NONE',  ( 165.3794671060000212, 235.3724360629999808, 296.1324075679999623 ) ) ;
#798 = CARTESIAN_POINT ( 'NONE',  ( 165.3794643810000196, 204.3224544479999736, 24.25722198569999932 ) ) ;
#799 = ORIENTED_EDGE ( 'NONE', *, *, #6723, .F. ) ;
#800 = DIRECTION ( 'NONE',  ( 0.9999999999999998890, -4.577757395779999467E-10, 9.218203421080000310E-09 ) ) ;
#801 = ORIENTED_EDGE ( 'NONE', *, *, #1486, .F. ) ;
#802 = DIRECTION ( 'NONE',  ( 1.140924983549660398E-13, -0.9987686379937031900, -0.04961056097448531682 ) ) ;
#803 = LINE ( 'NONE', #4055, #4475 ) ;
#804 = EDGE_LOOP ( 'NONE', ( #7908, #3099, #1783, #2555 ) ) ;
#805 = VERTEX_POINT ( 'NONE', #1443 ) ;
#806 = CARTESIAN_POINT ( 'NONE',  ( 367.6999803859999929, 243.9265061090000017, 123.9277295750000008 ) ) ;
#807 = FACE_OUTER_BOUND ( 'NONE', #5909, .T. ) ;
#808 = EDGE_CURVE ( 'NONE', #5250, #4354, #7198, .T. ) ;
#809 = CARTESIAN_POINT ( 'NONE',  ( 272.5204893619999780, 192.4257558529999699, 293.9991718850000098 ) ) ;
#810 = EDGE_LOOP ( 'NONE', ( #5857, #2176, #5202, #4035 ) ) ;
#811 = EDGE_CURVE ( 'NONE', #598, #1873, #234, .T. ) ;
#812 = ORIENTED_EDGE ( 'NONE', *, *, #2408, .F. ) ;
#813 = EDGE_LOOP ( 'NONE', ( #812, #4478 ) ) ;
#814 = EDGE_CURVE ( 'NONE', #2283, #76, #101, .T. ) ;
#815 = DIRECTION ( 'NONE',  ( 1.000000000000000000, -1.382541876507509084E-15, 0.000000000000000000 ) ) ;
#816 = CARTESIAN_POINT ( 'NONE',  ( 52.69997309199999336, 202.4078583479999907, 93.03770888709998133 ) ) ;
#817 = CARTESIAN_POINT ( 'NONE',  ( 145.3794671059999928, 190.9272316729999943, 293.9247376049999616 ) ) ;
#818 = DIRECTION ( 'NONE',  ( 1.136675133409662280E-13, -0.9987686379937031900, -0.04961056097448531682 ) ) ;
#819 = EDGE_LOOP ( 'NONE', ( #5068, #2752, #5529, #5735 ) ) ;
#820 = VERTEX_POINT ( 'NONE', #4813 ) ;
#821 = CARTESIAN_POINT ( 'NONE',  ( 55.19997318429999922, 243.3606273610000130, 105.0847137970000063 ) ) ;
#822 = EDGE_CURVE ( 'NONE', #2184, #5781, #7394, .T. ) ;
#823 = CARTESIAN_POINT ( 'NONE',  ( 47.69997318429999922, 244.8587803140000005, 105.1591297080000089 ) ) ;
#824 = FACE_OUTER_BOUND ( 'NONE', #1765, .T. ) ;
#825 = CARTESIAN_POINT ( 'NONE',  ( 147.8794643810000196, 247.2695297299999879, 26.38999599619999969 ) ) ;
#826 = DIRECTION ( 'NONE',  ( -0.9999999999999997780, 4.577699330710056423E-10, -9.218204671812547723E-09 ) ) ;
#827 = ORIENTED_EDGE ( 'NONE', *, *, #1494, .F. ) ;
#828 = VERTEX_POINT ( 'NONE', #5310 ) ;
#829 = CARTESIAN_POINT ( 'NONE',  ( 360.1999804669999889, 242.8645162880000044, 115.0723999060000011 ) ) ;
#830 = PERSON_AND_ORGANIZATION ( #5418, #4589 ) ;
#831 = VERTEX_POINT ( 'NONE', #7275 ) ;
#832 = DIRECTION ( 'NONE',  ( -1.136868377219662335E-13, 0.9987686379937030789, 0.04961056097448530988 ) ) ;
#833 = LINE ( 'NONE', #3392, #4835 ) ;
#834 = CARTESIAN_POINT ( 'NONE',  ( 242.3409974379999881, 189.2007815599999958, 298.4539326889999984 ) ) ;
#835 = EDGE_LOOP ( 'NONE', ( #2211, #6188, #2383, #7071 ) ) ;
#836 = CARTESIAN_POINT ( 'NONE',  ( 365.4643684380000082, 243.9265061099999912, 123.9277295549999991 ) ) ;
#837 = ORIENTED_EDGE ( 'NONE', *, *, #2961, .F. ) ;
#838 = CARTESIAN_POINT ( 'NONE',  ( 262.5204893620000348, 247.2695242689999873, 26.38999567870000362 ) ) ;
#839 = CYLINDRICAL_SURFACE ( 'NONE', #218, 2.500000046249999386 ) ;
#840 = ORIENTED_EDGE ( 'NONE', *, *, #6269, .F. ) ;
#841 = FACE_BOUND ( 'NONE', #2426, .T. ) ;
#842 = VERTEX_POINT ( 'NONE', #5392 ) ;
#843 = CIRCLE ( 'NONE', #3104, 118.1603675010000103 ) ;
#844 = ORIENTED_EDGE ( 'NONE', *, *, #6270, .F. ) ;
#845 = DIRECTION ( 'NONE',  ( -9.229472258787260695E-09, 0.04961056097448531682, -0.9987686379937031900 ) ) ;
#846 = FACE_OUTER_BOUND ( 'NONE', #1524, .T. ) ;
#847 = VECTOR ( 'NONE', #5877, 1000.000000000000114 ) ;
#848 = FACE_OUTER_BOUND ( 'NONE', #8206, .T. ) ;
#849 = EDGE_LOOP ( 'NONE', ( #5508, #5359 ) ) ;
#850 = VERTEX_POINT ( 'NONE', #2950 ) ;
#851 = ORIENTED_EDGE ( 'NONE', *, *, #7334, .F. ) ;
#852 = FACE_OUTER_BOUND ( 'NONE', #7512, .T. ) ;
#853 = DIRECTION ( 'NONE',  ( -1.136868377219662335E-13, 0.9987686379937030789, 0.04961056097448530988 ) ) ;
#854 = EDGE_LOOP ( 'NONE', ( #5675, #2573, #6475, #5342 ) ) ;
#855 = CYLINDRICAL_SURFACE ( 'NONE', #2784, 2.500000046250013153 ) ;
#856 = CIRCLE ( 'NONE', #7905, 118.1603675010000387 ) ;
#857 = ORIENTED_EDGE ( 'NONE', *, *, #1026, .T. ) ;
#858 = ADVANCED_FACE ( 'NONE', ( #1651 ), #2788, .F. ) ;
#859 = ADVANCED_FACE ( 'NONE', ( #1685 ), #855, .F. ) ;
#860 = ORIENTED_EDGE ( 'NONE', *, *, #5853, .T. ) ;
#861 = CARTESIAN_POINT ( 'NONE',  ( 157.8794643810000196, 205.8206312579999917, 24.33115762350000111 ) ) ;
#862 = LOCAL_TIME ( 14, 57, 9.000000000000000000, #2679 ) ;
#863 = DIRECTION ( 'NONE',  ( 0.9606977151331840270, -0.01377172553520267413, 0.2772548281160539529 ) ) ;
#864 = AXIS2_PLACEMENT_3D ( 'NONE', #4280, #1776, #6245 ) ;
#865 = DIRECTION ( 'NONE',  ( -1.481718509849552606E-15, -0.9987686379936984160, -0.04961056097458502179 ) ) ;
#866 = CARTESIAN_POINT ( 'NONE',  ( 365.4643693380000400, 193.7745153980000055, 206.3747094969999978 ) ) ;
#867 = EDGE_CURVE ( 'NONE', #3234, #5401, #7856, .T. ) ;
#868 = EDGE_LOOP ( 'NONE', ( #6354, #1076, #939, #3063 ) ) ;
#869 = FACE_OUTER_BOUND ( 'NONE', #2825, .T. ) ;
#870 = CARTESIAN_POINT ( 'NONE',  ( 135.3794643810000196, 245.7713529119999976, 26.31606054269999717 ) ) ;
#871 = EDGE_CURVE ( 'NONE', #2469, #223, #109, .T. ) ;
#872 = ORIENTED_EDGE ( 'NONE', *, *, #7527, .T. ) ;
#873 = FACE_BOUND ( 'NONE', #5841, .T. ) ;
#874 = EDGE_CURVE ( 'NONE', #3488, #7691, #7949, .T. ) ;
#875 = CARTESIAN_POINT ( 'NONE',  ( 362.6999806519999652, 200.9096999279999807, 92.96329277430000104 ) ) ;
#876 = DIRECTION ( 'NONE',  ( 1.000000000000000000, 1.110223004086028302E-13, 5.551115020430141666E-15 ) ) ;
#877 = VECTOR ( 'NONE', #3730, 1000.000000000000114 ) ;
#878 = DIRECTION ( 'NONE',  ( 1.136754526454196255E-13, -0.9987686379937031900, -0.04961056097448531682 ) ) ;
#879 = ORIENTED_EDGE ( 'NONE', *, *, #4890, .F. ) ;
#880 = DIRECTION ( 'NONE',  ( -1.003597205340156420E-13, 0.9987686379937034120, 0.04961056097448132696 ) ) ;
#881 = VERTEX_POINT ( 'NONE', #4115 ) ;
#882 = CARTESIAN_POINT ( 'NONE',  ( 152.8794671059999928, 190.9272555290000071, 293.9242573320000247 ) ) ;
#883 = CARTESIAN_POINT ( 'NONE',  ( 163.0589590300000111, 232.1474856259999910, 300.5866880989999572 ) ) ;
#884 = ORIENTED_EDGE ( 'NONE', *, *, #2510, .F. ) ;
#885 = ORIENTED_EDGE ( 'NONE', *, *, #8133, .F. ) ;
#886 = ORIENTED_EDGE ( 'NONE', *, *, #5505, .F. ) ;
#887 = CARTESIAN_POINT ( 'NONE',  ( 252.3409974380000449, 192.1970874739999999, 298.6027643720000242 ) ) ;
#888 = AXIS2_PLACEMENT_3D ( 'NONE', #7283, #2034, #5949 ) ;
#889 = CARTESIAN_POINT ( 'NONE',  ( 242.3409974809999881, 246.0000397010000199, 21.71198716489999825 ) ) ;
#890 = AXIS2_PLACEMENT_3D ( 'NONE', #4296, #4461, #6847 ) ;
#891 = VERTEX_POINT ( 'NONE', #3414 ) ;
#892 = VECTOR ( 'NONE', #6564, 1000.000000000000114 ) ;
#893 = DIRECTION ( 'NONE',  ( 1.480621126432742371E-15, 0.9987686379936981940, 0.04961056097458500791 ) ) ;
#894 = VERTEX_POINT ( 'NONE', #6616 ) ;
#895 = VERTEX_POINT ( 'NONE', #901 ) ;
#896 = EDGE_LOOP ( 'NONE', ( #3564, #5451 ) ) ;
#897 = AXIS2_PLACEMENT_3D ( 'NONE', #2699, #1491, #5184 ) ;
#898 = AXIS2_PLACEMENT_3D ( 'NONE', #346, #6854, #5377 ) ;
#899 = DIRECTION ( 'NONE',  ( -0.9999999999999826805, -1.860384578907264319E-07, 0.000000000000000000 ) ) ;
#900 = DIRECTION ( 'NONE',  ( 1.481718509849552606E-15, 0.9987686379936984160, 0.04961056097458502179 ) ) ;
#901 = CARTESIAN_POINT ( 'NONE',  ( 49.93558530630000547, 197.9831542250000211, 121.6456440209999954 ) ) ;
#902 = EDGE_LOOP ( 'NONE', ( #4118, #6957 ) ) ;
#903 = CIRCLE ( 'NONE', #112, 10.00000000000000888 ) ;
#904 = ORIENTED_EDGE ( 'NONE', *, *, #7694, .F. ) ;
#905 = CARTESIAN_POINT ( 'NONE',  ( 163.0589562629999989, 247.4981981159999975, 21.78640336979999859 ) ) ;
#906 = DIRECTION ( 'NONE',  ( 1.000000000000000000, 1.110223004086031457E-13, 5.551115020430157443E-15 ) ) ;
#907 = CARTESIAN_POINT ( 'NONE',  ( 137.8794671060000212, 190.9272555290000071, 293.9242573320000247 ) ) ;
#908 = AXIS2_PLACEMENT_3D ( 'NONE', #7685, #1991, #4525 ) ;
#909 = VECTOR ( 'NONE', #6020, 1000.000000000000114 ) ;
#910 = EDGE_CURVE ( 'NONE', #2702, #7887, #1975, .T. ) ;
#911 = ORIENTED_EDGE ( 'NONE', *, *, #256, .F. ) ;
#912 = AXIS2_PLACEMENT_3D ( 'NONE', #6110, #1644, #2354 ) ;
#913 = FACE_BOUND ( 'NONE', #6150, .T. ) ;
#914 = ORIENTED_EDGE ( 'NONE', *, *, #4390, .T. ) ;
#915 = PLANE ( 'NONE',  #5309 ) ;
#916 = ADVANCED_FACE ( 'NONE', ( #3462 ), #5942, .F. ) ;
#917 = ADVANCED_FACE ( 'NONE', ( #6660 ), #2321, .F. ) ;
#918 = VECTOR ( 'NONE', #5462, 1000.000000000000114 ) ;
#919 = DIRECTION ( 'NONE',  ( 1.000000000000000000, 1.110223004086028302E-13, 1.110223004086028333E-14 ) ) ;
#920 = ORIENTED_EDGE ( 'NONE', *, *, #6728, .T. ) ;
#921 = ADVANCED_FACE ( 'NONE', ( #2231 ), #4774, .T. ) ;
#922 = CYLINDRICAL_SURFACE ( 'NONE', #1055, 2.500000046249988284 ) ;
#923 = ORIENTED_EDGE ( 'NONE', *, *, #5896, .F. ) ;
#924 = CARTESIAN_POINT ( 'NONE',  ( 362.6999806519999652, 200.9096522160000120, 92.96425331979999385 ) ) ;
#925 = VECTOR ( 'NONE', #5496, 1000.000000000000114 ) ;
#926 = AXIS2_PLACEMENT_3D ( 'NONE', #7211, #5324, #7291 ) ;
#927 = CARTESIAN_POINT ( 'NONE',  ( 52.69997518129999747, 239.2813861030000169, 217.4367300760000035 ) ) ;
#928 = DIRECTION ( 'NONE',  ( 1.000000000000000000, -1.382541876507509084E-15, 0.000000000000000000 ) ) ;
#929 = ORIENTED_EDGE ( 'NONE', *, *, #3484, .T. ) ;
#930 = EDGE_CURVE ( 'NONE', #7486, #4956, #5555, .T. ) ;
#931 = FACE_OUTER_BOUND ( 'NONE', #1350, .T. ) ;
#932 = EDGE_CURVE ( 'NONE', #7820, #2403, #2912, .T. ) ;
#933 = DIRECTION ( 'NONE',  ( 1.000000000000000000, 1.110223004086028302E-13, 0.000000000000000000 ) ) ;
#934 = DIRECTION ( 'NONE',  ( 1.000000000000000000, 1.139252903344778342E-13, 5.637540140262821307E-15 ) ) ;
#935 = VERTEX_POINT ( 'NONE', #6119 ) ;
#936 = DIRECTION ( 'NONE',  ( -4.579932270290000427E-10, 1.000000000000000000, 0.000000000000000000 ) ) ;
#937 = ORIENTED_EDGE ( 'NONE', *, *, #6734, .T. ) ;
#938 = EDGE_CURVE ( 'NONE', #7972, #2718, #1575, .T. ) ;
#939 = ORIENTED_EDGE ( 'NONE', *, *, #4544, .T. ) ;
#940 = LINE ( 'NONE', #5389, #5038 ) ;
#941 = CARTESIAN_POINT ( 'NONE',  ( 173.0589590300000111, 197.0373104500000068, 170.9155448280000087 ) ) ;
#942 = CARTESIAN_POINT ( 'NONE',  ( 49.93558712990000004, 240.2136309889999950, 198.6686102100000255 ) ) ;
#943 = ORIENTED_EDGE ( 'NONE', *, *, #7802, .F. ) ;
#944 = EDGE_LOOP ( 'NONE', ( #4786, #5677 ) ) ;
#945 = DIRECTION ( 'NONE',  ( 1.000000000000000000, 1.110223004086031457E-13, 5.551115020430157443E-15 ) ) ;
#946 = DIRECTION ( 'NONE',  ( -1.140924983549660398E-13, 0.9987686379937031900, 0.04961056097448531682 ) ) ;
#947 = DIRECTION ( 'NONE',  ( 0.000000000000000000, 0.04961056097448530988, -0.9987686379937030789 ) ) ;
#948 = ORIENTED_EDGE ( 'NONE', *, *, #5641, .F. ) ;
#949 = FACE_BOUND ( 'NONE', #2414, .T. ) ;
#950 = CARTESIAN_POINT ( 'NONE',  ( 277.5204893619999780, 202.8243198719999896, 24.18232585360000186 ) ) ;
#951 = EDGE_LOOP ( 'NONE', ( #1584, #7867, #1717, #1390 ) ) ;
#952 = DIRECTION ( 'NONE',  ( -7.177702305507870464E-15, 0.04961056097448531682, -0.9987686379937031900 ) ) ;
#953 = DIRECTION ( 'NONE',  ( -1.000000000000000000, 4.577697982270000859E-10, -9.218202680210000291E-09 ) ) ;
#954 = CARTESIAN_POINT ( 'NONE',  ( 287.5204893619999780, 232.3765013729999964, 295.9835943240000233 ) ) ;
#955 = ORIENTED_EDGE ( 'NONE', *, *, #354, .T. ) ;
#956 = FACE_OUTER_BOUND ( 'NONE', #5572, .T. ) ;
#957 = EDGE_LOOP ( 'NONE', ( #7439, #405, #4878, #5790 ) ) ;
#958 = LINE ( 'NONE', #8031, #4116 ) ;
#959 = CARTESIAN_POINT ( 'NONE',  ( 287.5204893619999780, 247.2695242579999899, 26.38999590919999960 ) ) ;
#960 = EDGE_CURVE ( 'NONE', #4688, #6049, #5964, .T. ) ;
#961 = DIRECTION ( 'NONE',  ( 1.481718509849552606E-15, 0.9987686379936984160, 0.04961056097458502179 ) ) ;
#962 = VERTEX_POINT ( 'NONE', #8093 ) ;
#963 = EDGE_CURVE ( 'NONE', #7092, #1023, #4496, .T. ) ;
#964 = EDGE_CURVE ( 'NONE', #3688, #6661, #8164, .T. ) ;
#965 = DIRECTION ( 'NONE',  ( -0.9999999815015169213, 9.542390523300698320E-06, -0.0001921091057331134131 ) ) ;
#966 = LINE ( 'NONE', #3527, #7541 ) ;
#967 = ADVANCED_FACE ( 'NONE', ( #2363 ), #525, .F. ) ;
#968 = CARTESIAN_POINT ( 'NONE',  ( 49.93558712990000004, 238.7154780320000214, 198.5941943679999895 ) ) ;
#969 = AXIS2_PLACEMENT_3D ( 'NONE', #1465, #4015, #2759 ) ;
#970 = ORIENTED_EDGE ( 'NONE', *, *, #1478, .T. ) ;
#971 = ADVANCED_FACE ( 'NONE', ( #5058, #6314, #3777, #438, #596, #7472, #7435, #1731, #2988 ), #6154, .F. ) ;
#972 = DIRECTION ( 'NONE',  ( 1.136675133409662280E-13, -0.9987686379937031900, -0.04961056097448531682 ) ) ;
#973 = ORIENTED_EDGE ( 'NONE', *, *, #5549, .T. ) ;
#974 = ORIENTED_EDGE ( 'NONE', *, *, #8192, .T. ) ;
#975 = FACE_BOUND ( 'NONE', #5589, .T. ) ;
#976 = DIRECTION ( 'NONE',  ( 0.9762097115541501502, -0.01075698359510172952, 0.2165615071320336482 ) ) ;
#977 = EDGE_CURVE ( 'NONE', #3539, #5472, #2413, .T. ) ;
#978 = DIRECTION ( 'NONE',  ( 1.481718509849552606E-15, 0.9987686379936984160, 0.04961056097458502179 ) ) ;
#979 = CARTESIAN_POINT ( 'NONE',  ( 262.5204893620000348, 232.3765013729999964, 295.9835943240000233 ) ) ;
#980 = ORIENTED_EDGE ( 'NONE', *, *, #7389, .F. ) ;
#981 = EDGE_LOOP ( 'NONE', ( #7305, #1807, #6698, #7896 ) ) ;
#982 = FACE_OUTER_BOUND ( 'NONE', #2006, .T. ) ;
#983 = LINE ( 'NONE', #5905, #3711 ) ;
#984 = CARTESIAN_POINT ( 'NONE',  ( 242.3409974840000132, 203.0723726930000055, 19.18848233940000014 ) ) ;
#985 = AXIS2_PLACEMENT_3D ( 'NONE', #3216, #7649, #5736 ) ;
#986 = ORIENTED_EDGE ( 'NONE', *, *, #1222, .F. ) ;
#987 = VERTEX_POINT ( 'NONE', #7554 ) ;
#988 = FACE_BOUND ( 'NONE', #59, .T. ) ;
#989 = CARTESIAN_POINT ( 'NONE',  ( 366.5821753120000039, 197.2669269220000103, 196.5358547999999814 ) ) ;
#990 = ORIENTED_EDGE ( 'NONE', *, *, #157, .F. ) ;
#991 = DIRECTION ( 'NONE',  ( -1.481718509849552606E-15, -0.9987686379936984160, -0.04961056097458502179 ) ) ;
#992 = APPROVAL_PERSON_ORGANIZATION ( #168, #3976, #4083 ) ;
#993 = ORIENTED_EDGE ( 'NONE', *, *, #2911, .T. ) ;
#994 = DIRECTION ( 'NONE',  ( 1.000000000000000000, -2.775557561562890957E-15, 0.000000000000000000 ) ) ;
#995 = AXIS2_PLACEMENT_3D ( 'NONE', #7400, #7361, #3589 ) ;
#996 = DIRECTION ( 'NONE',  ( 1.136675133409662280E-13, -0.9987686379937031900, -0.04961056097448531682 ) ) ;
#997 = ORIENTED_EDGE ( 'NONE', *, *, #2969, .F. ) ;
#998 = CARTESIAN_POINT ( 'NONE',  ( 260.0204893620000348, 235.3728311430000133, 296.1319457340000554 ) ) ;
#999 = ORIENTED_EDGE ( 'NONE', *, *, #2144, .T. ) ;
#1000 = CYLINDRICAL_SURFACE ( 'NONE', #8089, 2.500000046249985619 ) ;
#1001 = DIRECTION ( 'NONE',  ( 1.000000000000000000, 1.110223004086028302E-13, 5.551115020430141666E-15 ) ) ;
#1002 = CIRCLE ( 'NONE', #4329, 2.500000046249998942 ) ;
#1003 = CYLINDRICAL_SURFACE ( 'NONE', #4214, 2.500000046249988284 ) ;
#1004 = CARTESIAN_POINT ( 'NONE',  ( 280.0204893619999780, 247.2695481169999994, 26.38951556729999837 ) ) ;
#1005 = LINE ( 'NONE', #4753, #1526 ) ;
#1006 = AXIS2_PLACEMENT_3D ( 'NONE', #8139, #1781, #4939 ) ;
#1007 = ORIENTED_EDGE ( 'NONE', *, *, #8124, .F. ) ;
#1008 = DIRECTION ( 'NONE',  ( -1.136868377219662335E-13, 0.9987686379937030789, 0.04961056097448530988 ) ) ;
#1009 = DIRECTION ( 'NONE',  ( 1.136505832169074187E-13, -0.9987686379937031900, -0.04961056097448531682 ) ) ;
#1010 = DIRECTION ( 'NONE',  ( 0.9999999815015170324, 9.542390645425178513E-06, -0.0001921091058330324554 ) ) ;
#1011 = ORIENTED_EDGE ( 'NONE', *, *, #306, .F. ) ;
#1012 = CARTESIAN_POINT ( 'NONE',  ( 280.0204893619999780, 235.3728311430000133, 296.1319457340000554 ) ) ;
#1013 = ORIENTED_EDGE ( 'NONE', *, *, #3586, .F. ) ;
#1014 = ORIENTED_EDGE ( 'NONE', *, *, #5087, .T. ) ;
#1015 = EDGE_CURVE ( 'NONE', #7319, #4195, #1140, .T. ) ;
#1016 = EDGE_CURVE ( 'NONE', #7969, #2204, #2540, .T. ) ;
#1017 = FACE_BOUND ( 'NONE', #896, .T. ) ;
#1018 = EDGE_CURVE ( 'NONE', #4511, #4195, #7420, .T. ) ;
#1019 = EDGE_CURVE ( 'NONE', #3234, #1809, #1301, .T. ) ;
#1020 = VECTOR ( 'NONE', #6443, 1000.000000000000114 ) ;
#1021 = DIRECTION ( 'NONE',  ( 1.000000000000000000, 1.134554953227892735E-13, 5.637540140262821307E-15 ) ) ;
#1022 = ORIENTED_EDGE ( 'NONE', *, *, #6315, .F. ) ;
#1023 = VERTEX_POINT ( 'NONE', #1226 ) ;
#1024 = AXIS2_PLACEMENT_3D ( 'NONE', #6400, #3236, #747 ) ;
#1025 = LINE ( 'NONE', #1190, #5691 ) ;
#1026 = EDGE_CURVE ( 'NONE', #6151, #7260, #1860, .T. ) ;
#1027 = DIRECTION ( 'NONE',  ( 1.136505832169074187E-13, -0.9987686379937031900, -0.04961056097448531682 ) ) ;
#1028 = EDGE_LOOP ( 'NONE', ( #1100, #4139, #5644, #6976 ) ) ;
#1029 = FACE_BOUND ( 'NONE', #7504, .T. ) ;
#1030 = AXIS2_PLACEMENT_3D ( 'NONE', #3788, #5569, #1821 ) ;
#1031 = AXIS2_PLACEMENT_3D ( 'NONE', #7658, #499, #6297 ) ;
#1032 = EDGE_LOOP ( 'NONE', ( #4855, #993 ) ) ;
#1033 = CARTESIAN_POINT ( 'NONE',  ( 267.5204893619999780, 233.8746543299999985, 296.0580101659999741 ) ) ;
#1034 = AXIS2_PLACEMENT_3D ( 'NONE', #1495, #5314, #7815 ) ;
#1035 = ADVANCED_FACE ( 'NONE', ( #4927 ), #1769, .F. ) ;
#1036 = FACE_OUTER_BOUND ( 'NONE', #6873, .T. ) ;
#1037 = AXIS2_PLACEMENT_3D ( 'NONE', #30, #7033, #687 ) ;
#1038 = AXIS2_PLACEMENT_3D ( 'NONE', #6699, #3541, #360 ) ;
#1039 = AXIS2_PLACEMENT_3D ( 'NONE', #3675, #3088, #1837 ) ;
#1040 = ORIENTED_EDGE ( 'NONE', *, *, #5090, .T. ) ;
#1041 = CARTESIAN_POINT ( 'NONE',  ( 365.4643685299999447, 242.9244587630000183, 113.8656273330000062 ) ) ;
#1042 = LINE ( 'NONE', #7997, #3720 ) ;
#1043 = CARTESIAN_POINT ( 'NONE',  ( 117.6999724140000012, 203.0546269700000153, 19.54585263499999925 ) ) ;
#1044 = CYLINDRICAL_SURFACE ( 'NONE', #5122, 9.999999999999996447 ) ;
#1045 = CARTESIAN_POINT ( 'NONE',  ( 290.0204893619999780, 202.8243437220000089, 24.18184569610000167 ) ) ;
#1046 = VECTOR ( 'NONE', #4358, 1000.000000000000114 ) ;
#1047 = VECTOR ( 'NONE', #3702, 1000.000000000000114 ) ;
#1048 = FACE_OUTER_BOUND ( 'NONE', #5774, .T. ) ;
#1049 = DIRECTION ( 'NONE',  ( 0.9999999815032921680, -9.541932645129342578E-06, 0.0001920998876569814660 ) ) ;
#1050 = AXIS2_PLACEMENT_3D ( 'NONE', #471, #4766, #6735 ) ;
#1051 = DIRECTION ( 'NONE',  ( 1.140924983539660419E-13, -0.9987686379937031900, -0.04961056097448531682 ) ) ;
#1052 = DIRECTION ( 'NONE',  ( -9.229466990117259065E-09, 0.04961056097448530988, -0.9987686379937030789 ) ) ;
#1053 = DIRECTION ( 'NONE',  ( 0.000000000000000000, -0.9987686379936980829, -0.04961056097458500097 ) ) ;
#1054 = VERTEX_POINT ( 'NONE', #2490 ) ;
#1055 = AXIS2_PLACEMENT_3D ( 'NONE', #6716, #2932, #5460 ) ;
#1056 = DIRECTION ( 'NONE',  ( 1.000000000000000000, 1.110223004086028302E-13, 0.000000000000000000 ) ) ;
#1057 = EDGE_LOOP ( 'NONE', ( #5874, #2225, #1553, #7638 ) ) ;
#1058 = AXIS2_PLACEMENT_3D ( 'NONE', #5278, #952, #5959 ) ;
#1059 = VERTEX_POINT ( 'NONE', #3693 ) ;
#1060 = CARTESIAN_POINT ( 'NONE',  ( 360.1999812869999573, 237.7835566570000196, 217.3632932190000133 ) ) ;
#1061 = DIRECTION ( 'NONE',  ( 1.136675133409662280E-13, -0.9987686379937031900, -0.04961056097448531682 ) ) ;
#1062 = DIRECTION ( 'NONE',  ( 1.000000000000000000, -2.775557561562892929E-15, 0.000000000000000000 ) ) ;
#1063 = ADVANCED_FACE ( 'NONE', ( #4963 ), #7509, .F. ) ;
#1064 = ADVANCED_FACE ( 'NONE', ( #4395 ), #3861, .T. ) ;
#1065 = EDGE_LOOP ( 'NONE', ( #3793, #3951, #3858, #3758 ) ) ;
#1066 = VERTEX_POINT ( 'NONE', #1431 ) ;
#1067 = ADVANCED_FACE ( 'NONE', ( #6360, #144, #643, #3203, #6406, #2692, #4474, #6982, #6442 ), #4597, .T. ) ;
#1068 = CYLINDRICAL_SURFACE ( 'NONE', #19, 9.999999999999992895 ) ;
#1069 = CARTESIAN_POINT ( 'NONE',  ( 282.5204893619999780, 192.4257558529999699, 293.9991718850000098 ) ) ;
#1070 = CARTESIAN_POINT ( 'NONE',  ( 107.6999751809999992, 192.2128580010000007, 298.2777773350000530 ) ) ;
#1071 = CARTESIAN_POINT ( 'NONE',  ( 49.14342939219999806, 238.3490935049999848, 236.2058104869999795 ) ) ;
#1072 = EDGE_LOOP ( 'NONE', ( #6541, #4304 ) ) ;
#1073 = CARTESIAN_POINT ( 'NONE',  ( 242.3409974840000132, 206.0686786070000096, 19.33731402229999929 ) ) ;
#1074 = ORIENTED_EDGE ( 'NONE', *, *, #7676, .T. ) ;
#1075 = VERTEX_POINT ( 'NONE', #1267 ) ;
#1076 = ORIENTED_EDGE ( 'NONE', *, *, #1019, .T. ) ;
#1077 = EDGE_CURVE ( 'NONE', #2352, #6362, #6105, .T. ) ;
#1078 = EDGE_LOOP ( 'NONE', ( #5347, #7289, #6438, #3467 ) ) ;
#1079 = CARTESIAN_POINT ( 'NONE',  ( 280.0204893619999780, 190.9276267519999806, 293.9242757709999978 ) ) ;
#1080 = DIRECTION ( 'NONE',  ( -1.136868377219662335E-13, 0.9987686379937030789, 0.04961056097448530988 ) ) ;
#1081 = DIRECTION ( 'NONE',  ( 1.000000000000000000, 1.143080990239999910E-13, -1.508671109290000057E-15 ) ) ;
#1082 = ADVANCED_FACE ( 'NONE', ( #807 ), #5138, .F. ) ;
#1083 = AXIS2_PLACEMENT_3D ( 'NONE', #1139, #5007, #3242 ) ;
#1084 = DIRECTION ( 'NONE',  ( 0.9999999999999997780, 4.579919776759312940E-10, -9.218096078122964810E-09 ) ) ;
#1085 = LINE ( 'NONE', #3639, #3952 ) ;
#1086 = DIRECTION ( 'NONE',  ( 1.140924983539660419E-13, -0.9987686379937031900, -0.04961056097448531682 ) ) ;
#1087 = DIRECTION ( 'NONE',  ( -1.000000000000000000, 0.000000000000000000, 1.104298667001821997E-13 ) ) ;
#1088 = ORIENTED_EDGE ( 'NONE', *, *, #4223, .F. ) ;
#1089 = CARTESIAN_POINT ( 'NONE',  ( 145.3794643810000196, 204.3224544389999835, 24.25722217009999682 ) ) ;
#1090 = FACE_OUTER_BOUND ( 'NONE', #5329, .T. ) ;
#1091 = CARTESIAN_POINT ( 'NONE',  ( 260.0204893620000348, 190.9275790399999835, 293.9252363169999853 ) ) ;
#1092 = EDGE_LOOP ( 'NONE', ( #3558, #3359, #8170, #6209 ) ) ;
#1093 = CARTESIAN_POINT ( 'NONE',  ( 50.19997518130000458, 194.3400522459999991, 225.2172267649999924 ) ) ;
#1094 = ORIENTED_EDGE ( 'NONE', *, *, #2375, .F. ) ;
#1095 = ORIENTED_EDGE ( 'NONE', *, *, #3283, .F. ) ;
#1096 = CARTESIAN_POINT ( 'NONE',  ( 366.2565266140000517, 201.8419448120000084, 74.19517294089999382 ) ) ;
#1097 = DIRECTION ( 'NONE',  ( -0.9606977125710682852, -0.01377172597520097234, 0.2772548369720195804 ) ) ;
#1098 = DIRECTION ( 'NONE',  ( 9.229501791197260327E-09, -0.04961056097448530988, 0.9987686379937030789 ) ) ;
#1099 = ORIENTED_EDGE ( 'NONE', *, *, #4679, .F. ) ;
#1100 = ORIENTED_EDGE ( 'NONE', *, *, #1631, .F. ) ;
#1101 = CIRCLE ( 'NONE', #5096, 2.500000046249998942 ) ;
#1102 = CARTESIAN_POINT ( 'NONE',  ( 125.3794643810000053, 248.7676588209999977, 26.46489231780000040 ) ) ;
#1103 = DIRECTION ( 'NONE',  ( 1.136877572554200213E-13, -0.9987686379937031900, -0.04961056097448531682 ) ) ;
#1104 = FACE_OUTER_BOUND ( 'NONE', #5257, .T. ) ;
#1105 = DIRECTION ( 'NONE',  ( 1.000000000000000000, 1.138292811657849152E-13, 5.760591152114621118E-15 ) ) ;
#1106 = EDGE_LOOP ( 'NONE', ( #5094, #5012, #5195, #6617 ) ) ;
#1107 = DIRECTION ( 'NONE',  ( 1.481718509849552606E-15, 0.9987686379936984160, 0.04961056097458502179 ) ) ;
#1108 = CARTESIAN_POINT ( 'NONE',  ( 163.0589562629999989, 248.9963510729999996, 21.86081921129999728 ) ) ;
#1109 = AXIS2_PLACEMENT_3D ( 'NONE', #1189, #1868, #1232 ) ;
#1110 = EDGE_CURVE ( 'NONE', #2403, #4191, #6899, .T. ) ;
#1111 = VERTEX_POINT ( 'NONE', #7675 ) ;
#1112 = EDGE_LOOP ( 'NONE', ( #2203, #7415, #2502, #1363 ) ) ;
#1113 = ORIENTED_EDGE ( 'NONE', *, *, #2465, .T. ) ;
#1114 = AXIS2_PLACEMENT_3D ( 'NONE', #3565, #3610, #6103 ) ;
#1115 = EDGE_CURVE ( 'NONE', #3991, #7200, #5426, .T. ) ;
#1116 = LINE ( 'NONE', #6211, #4384 ) ;
#1117 = ADVANCED_FACE ( 'NONE', ( #26 ), #5764, .F. ) ;
#1118 = DIRECTION ( 'NONE',  ( 1.000000000000000000, 1.110223004086028302E-13, 5.551115020430141666E-15 ) ) ;
#1119 = CARTESIAN_POINT ( 'NONE',  ( 49.93558712990000004, 240.2136309889999950, 198.6686102100000255 ) ) ;
#1120 = EDGE_CURVE ( 'NONE', #2749, #3743, #3326, .T. ) ;
#1121 = CARTESIAN_POINT ( 'NONE',  ( 163.8392314490000103, 189.6950272889999951, 288.4961977830000137 ) ) ;
#1122 = CARTESIAN_POINT ( 'NONE',  ( 366.9782536269999582, 202.8439921590000097, 84.25727516899999614 ) ) ;
#1123 = VECTOR ( 'NONE', #3829, 1000.000000000000114 ) ;
#1124 = DIRECTION ( 'NONE',  ( 1.000000000000000000, 0.000000000000000000, 0.000000000000000000 ) ) ;
#1125 = CARTESIAN_POINT ( 'NONE',  ( 49.14342722179999612, 242.7947431430000051, 86.24169787259999964 ) ) ;
#1126 = AXIS2_PLACEMENT_3D ( 'NONE', #3786, #4526, #4971 ) ;
#1127 = ORIENTED_EDGE ( 'NONE', *, *, #5813, .F. ) ;
#1128 = EDGE_CURVE ( 'NONE', #1299, #1136, #5685, .T. ) ;
#1129 = VECTOR ( 'NONE', #1613, 1000.000000000000341 ) ;
#1130 = DIRECTION ( 'NONE',  ( 1.191485741169639838E-13, -0.04961056097458500097, 0.9987686379936980829 ) ) ;
#1131 = DIRECTION ( 'NONE',  ( 1.000000000000000000, 0.000000000000000000, 0.000000000000000000 ) ) ;
#1132 = EDGE_LOOP ( 'NONE', ( #5211, #3655, #381, #1187 ) ) ;
#1133 = DIRECTION ( 'NONE',  ( 1.000000000000000000, 1.110223004086028302E-13, 1.110223004086028333E-14 ) ) ;
#1134 = ORIENTED_EDGE ( 'NONE', *, *, #53, .F. ) ;
#1135 = EDGE_LOOP ( 'NONE', ( #1866, #1899 ) ) ;
#1136 = VERTEX_POINT ( 'NONE', #186 ) ;
#1137 = EDGE_CURVE ( 'NONE', #2146, #6777, #4558, .T. ) ;
#1138 = CIRCLE ( 'NONE', #80, 2.500000046250006047 ) ;
#1139 = CARTESIAN_POINT ( 'NONE',  ( 260.0204893620000348, 247.2695004139999924, 26.39047592850000257 ) ) ;
#1140 = LINE ( 'NONE', #6901, #3974 ) ;
#1141 = VERTEX_POINT ( 'NONE', #105 ) ;
#1142 = ORIENTED_EDGE ( 'NONE', *, *, #3342, .T. ) ;
#1143 = AXIS2_PLACEMENT_3D ( 'NONE', #6178, #5372, #461 ) ;
#1144 = DIRECTION ( 'NONE',  ( 1.481718509849552606E-15, 0.9987686379936984160, 0.04961056097458502179 ) ) ;
#1145 = DIRECTION ( 'NONE',  ( 1.000000000000000000, 1.110223004086028302E-13, 5.551115020430141666E-15 ) ) ;
#1146 = DIRECTION ( 'NONE',  ( 1.136754526454196255E-13, -0.9987686379937031900, -0.04961056097448531682 ) ) ;
#1147 = DIRECTION ( 'NONE',  ( 1.000000000000000000, 4.579932270289999393E-10, -9.218101611429999423E-09 ) ) ;
#1148 = ORIENTED_EDGE ( 'NONE', *, *, #1634, .T. ) ;
#1149 = VECTOR ( 'NONE', #6583, 1000.000000000000341 ) ;
#1150 = EDGE_LOOP ( 'NONE', ( #7336, #7670 ) ) ;
#1151 = VERTEX_POINT ( 'NONE', #5176 ) ;
#1152 = VECTOR ( 'NONE', #2823, 1000.000000000000000 ) ;
#1153 = DIRECTION ( 'NONE',  ( 1.140924983539660419E-13, -0.9987686379937031900, -0.04961056097448531682 ) ) ;
#1154 = VECTOR ( 'NONE', #570, 1000.000000000000114 ) ;
#1155 = CARTESIAN_POINT ( 'NONE',  ( 242.3409974379999881, 238.4865562939999677, 172.9748818210000252 ) ) ;
#1156 = VECTOR ( 'NONE', #2350, 1000.000000000000114 ) ;
#1157 = DIRECTION ( 'NONE',  ( 0.000000000000000000, -0.9987686379936980829, -0.04961056097458500097 ) ) ;
#1158 = CARTESIAN_POINT ( 'NONE',  ( 47.69997518130000458, 240.2136309889999950, 198.6686102100000255 ) ) ;
#1159 = DIRECTION ( 'NONE',  ( 1.000000000000000000, 1.110223004086028302E-13, 1.110223004086028333E-14 ) ) ;
#1160 = EDGE_CURVE ( 'NONE', #2279, #780, #7716, .T. ) ;
#1161 = CARTESIAN_POINT ( 'NONE',  ( 306.2760330180000210, 202.5458200799999986, 29.78913320020000199 ) ) ;
#1162 = EDGE_CURVE ( 'NONE', #6408, #7873, #6774, .T. ) ;
#1163 = AXIS2_PLACEMENT_3D ( 'NONE', #3148, #7599, #5672 ) ;
#1164 = ORIENTED_EDGE ( 'NONE', *, *, #5245, .T. ) ;
#1165 = CIRCLE ( 'NONE', #1437, 10.00000000000000178 ) ;
#1166 = AXIS2_PLACEMENT_3D ( 'NONE', #1213, #2483, #4999 ) ;
#1167 = CARTESIAN_POINT ( 'NONE',  ( 48.42170228679999866, 195.4020420710000110, 234.0725563659999864 ) ) ;
#1168 = CARTESIAN_POINT ( 'NONE',  ( 48.42170011630000204, 245.7910490560000198, 86.39052956219998691 ) ) ;
#1169 = EDGE_CURVE ( 'NONE', #5363, #4247, #63, .T. ) ;
#1170 = CARTESIAN_POINT ( 'NONE',  ( 173.0589574419999792, 242.6576277769999876, 149.4731241089999969 ) ) ;
#1171 = AXIS2_PLACEMENT_3D ( 'NONE', #3946, #654, #933 ) ;
#1172 = AXIS2_PLACEMENT_3D ( 'NONE', #3760, #6340, #4655 ) ;
#1173 = CARTESIAN_POINT ( 'NONE',  ( 262.5204893620000348, 205.8206257930000049, 24.33115739830000024 ) ) ;
#1174 = ORIENTED_EDGE ( 'NONE', *, *, #6981, .T. ) ;
#1175 = EDGE_CURVE ( 'NONE', #2603, #1907, #1983, .T. ) ;
#1176 = CARTESIAN_POINT ( 'NONE',  ( 117.6999751809999992, 194.1632171270000242, 228.7773028499999839 ) ) ;
#1177 = ORIENTED_EDGE ( 'NONE', *, *, #4726, .T. ) ;
#1178 = EDGE_CURVE ( 'NONE', #722, #1425, #4520, .T. ) ;
#1179 = VECTOR ( 'NONE', #2197, 1000.000000000000114 ) ;
#1180 = EDGE_LOOP ( 'NONE', ( #98, #1815, #6803, #6725, #7333, #974, #236, #5537, #1700, #2292, #7889, #6897 ) ) ;
#1181 = CIRCLE ( 'NONE', #2256, 2.500000046250006047 ) ;
#1182 = FACE_OUTER_BOUND ( 'NONE', #1078, .T. ) ;
#1183 = DIRECTION ( 'NONE',  ( 0.9999999815032921680, -9.541932645129342578E-06, 0.0001920998876569814660 ) ) ;
#1184 = CIRCLE ( 'NONE', #398, 118.1603675009999819 ) ;
#1185 = VECTOR ( 'NONE', #619, 1000.000000000000114 ) ;
#1186 = DIRECTION ( 'NONE',  ( -1.061866287239678325E-13, 0.04961056097458501485, -0.9987686379936983050 ) ) ;
#1187 = ORIENTED_EDGE ( 'NONE', *, *, #1595, .F. ) ;
#1188 = ORIENTED_EDGE ( 'NONE', *, *, #5145, .F. ) ;
#1189 = CARTESIAN_POINT ( 'NONE',  ( 270.0204893619999780, 232.3765252290000092, 295.9831140520000190 ) ) ;
#1190 = CARTESIAN_POINT ( 'NONE',  ( 272.5204893619999780, 190.9276028960000247, 293.9247560440000484 ) ) ;
#1191 = DIRECTION ( 'NONE',  ( 1.140924983549660398E-13, -0.9987686379937031900, -0.04961056097448531682 ) ) ;
#1192 = DIRECTION ( 'NONE',  ( 1.000000000000000000, -2.775557561562890957E-15, 0.000000000000000000 ) ) ;
#1193 = DIRECTION ( 'NONE',  ( 1.000000000000000000, 1.110223004086028302E-13, 5.551115020430141666E-15 ) ) ;
#1194 = ORIENTED_EDGE ( 'NONE', *, *, #4479, .F. ) ;
#1195 = PLANE ( 'NONE',  #985 ) ;
#1196 = ORIENTED_EDGE ( 'NONE', *, *, #6687, .F. ) ;
#1197 = EDGE_LOOP ( 'NONE', ( #3613, #7424, #1673, #5486 ) ) ;
#1198 = CARTESIAN_POINT ( 'NONE',  ( 360.1999806519999652, 242.3585745499999859, 95.02261130450000337 ) ) ;
#1199 = ORIENTED_EDGE ( 'NONE', *, *, #3882, .F. ) ;
#1200 = CARTESIAN_POINT ( 'NONE',  ( 125.3794671060000070, 190.9272793850000198, 293.9237770590000309 ) ) ;
#1201 = CARTESIAN_POINT ( 'NONE',  ( 157.8794671060000212, 192.4254084860000091, 293.9986731729999860 ) ) ;
#1202 = ORIENTED_EDGE ( 'NONE', *, *, #5093, .F. ) ;
#1203 = FACE_OUTER_BOUND ( 'NONE', #6156, .T. ) ;
#1204 = PERSON_AND_ORGANIZATION ( #5418, #4589 ) ;
#1205 = CARTESIAN_POINT ( 'NONE',  ( 125.3794671060000070, 192.4254323419999935, 293.9981929009999817 ) ) ;
#1206 = FACE_OUTER_BOUND ( 'NONE', #439, .T. ) ;
#1207 = AXIS2_PLACEMENT_3D ( 'NONE', #4465, #48, #2637 ) ;
#1208 = ORIENTED_EDGE ( 'NONE', *, *, #467, .T. ) ;
#1209 = LINE ( 'NONE', #3093, #2177 ) ;
#1210 = DIRECTION ( 'NONE',  ( 1.000000000000000000, 1.110223004086028302E-13, 5.551115020430141666E-15 ) ) ;
#1211 = EDGE_CURVE ( 'NONE', #1894, #1607, #6114, .T. ) ;
#1212 = ORIENTED_EDGE ( 'NONE', *, *, #1488, .T. ) ;
#1213 = CARTESIAN_POINT ( 'NONE',  ( 49.14342712949999736, 203.3401032330000078, 74.26958905370000252 ) ) ;
#1214 = DIRECTION ( 'NONE',  ( -0.9999999815032921680, 9.541932656231572824E-06, -0.0001920998877027781657 ) ) ;
#1215 = CARTESIAN_POINT ( 'NONE',  ( 242.3409974809999881, 206.0492941810000218, 19.72756472589999888 ) ) ;
#1216 = ORIENTED_EDGE ( 'NONE', *, *, #2510, .T. ) ;
#1217 = EDGE_CURVE ( 'NONE', #2283, #123, #7267, .T. ) ;
#1218 = EDGE_CURVE ( 'NONE', #2323, #1725, #5471, .T. ) ;
#1219 = CARTESIAN_POINT ( 'NONE',  ( 251.5607250190000173, 189.6953746560000127, 288.4966964949999806 ) ) ;
#1220 = VERTEX_POINT ( 'NONE', #2142 ) ;
#1221 = ORIENTED_EDGE ( 'NONE', *, *, #5902, .T. ) ;
#1222 = EDGE_CURVE ( 'NONE', #6292, #1894, #7222, .T. ) ;
#1223 = CARTESIAN_POINT ( 'NONE',  ( 362.6999812869999573, 195.3325869769999770, 205.2428329900000108 ) ) ;
#1224 = PRODUCT ( 'Link2StellConnectors_Default_sldprt', 'Link2StellConnectors_Default_sldprt', '', ( #3303 ) ) ;
#1225 = EDGE_CURVE ( 'NONE', #7886, #7585, #3042, .T. ) ;
#1226 = CARTESIAN_POINT ( 'NONE',  ( 152.8794671059999928, 232.3761540049999894, 295.9830956119999996 ) ) ;
#1227 = EDGE_CURVE ( 'NONE', #505, #5472, #2898, .T. ) ;
#1228 = DIRECTION ( 'NONE',  ( 1.000000000000000000, 0.000000000000000000, 0.000000000000000000 ) ) ;
#1229 = ORIENTED_EDGE ( 'NONE', *, *, #1432, .T. ) ;
#1230 = VERTEX_POINT ( 'NONE', #4637 ) ;
#1231 = LINE ( 'NONE', #6322, #698 ) ;
#1232 = DIRECTION ( 'NONE',  ( 1.000000000000000000, 1.110223004086028302E-13, 0.000000000000000000 ) ) ;
#1233 = EDGE_CURVE ( 'NONE', #5781, #5128, #777, .T. ) ;
#1234 = FACE_OUTER_BOUND ( 'NONE', #2220, .T. ) ;
#1235 = CARTESIAN_POINT ( 'NONE',  ( 252.3409974380000449, 189.2007815599999958, 298.4539326889999984 ) ) ;
#1236 = DIRECTION ( 'NONE',  ( 1.000000000000000000, 1.110223004086028302E-13, 0.000000000000000000 ) ) ;
#1237 = CARTESIAN_POINT ( 'NONE',  ( 280.0204893619999780, 245.7713951600000257, 26.31509972580000323 ) ) ;
#1238 = DIRECTION ( 'NONE',  ( 9.229476366047270728E-09, -0.04961056097448531682, 0.9987686379937031900 ) ) ;
#1239 = ORIENTED_EDGE ( 'NONE', *, *, #5090, .F. ) ;
#1240 = CARTESIAN_POINT ( 'NONE',  ( 362.6999812869999573, 238.2796861229999763, 207.3751265660000058 ) ) ;
#1241 = CIRCLE ( 'NONE', #969, 10.00000000000000888 ) ;
#1242 = ORIENTED_EDGE ( 'NONE', *, *, #1421, .T. ) ;
#1243 = ORIENTED_EDGE ( 'NONE', *, *, #8124, .T. ) ;
#1244 = DIRECTION ( 'NONE',  ( 1.136868377219662335E-13, -0.9987686379937030789, -0.04961056097448530988 ) ) ;
#1245 = LINE ( 'NONE', #6337, #4076 ) ;
#1246 = CIRCLE ( 'NONE', #7370, 2.500000046250006047 ) ;
#1247 = CARTESIAN_POINT ( 'NONE',  ( -47.00002143839999746, 234.1247429289999786, 321.2585693999999990 ) ) ;
#1248 = LINE ( 'NONE', #696, #796 ) ;
#1249 = LINE ( 'NONE', #2596, #6637 ) ;
#1250 = FACE_OUTER_BOUND ( 'NONE', #1418, .T. ) ;
#1251 = CARTESIAN_POINT ( 'NONE',  ( 163.8392314490000103, 232.6420787229999974, 290.6294519049999963 ) ) ;
#1252 = DIRECTION ( 'NONE',  ( -1.140924983549660398E-13, 0.9987686379937031900, 0.04961056097448531682 ) ) ;
#1253 = ORIENTED_EDGE ( 'NONE', *, *, #3623, .T. ) ;
#1254 = AXIS2_PLACEMENT_3D ( 'NONE', #2308, #4836, #6145 ) ;
#1255 = DIRECTION ( 'NONE',  ( 0.000000000000000000, -0.9987686379936980829, -0.04961056097458500097 ) ) ;
#1256 = DIRECTION ( 'NONE',  ( 1.000000000000000000, 1.110223004086028302E-13, 0.000000000000000000 ) ) ;
#1257 = FACE_BOUND ( 'NONE', #2794, .T. ) ;
#1258 = VERTEX_POINT ( 'NONE', #7847 ) ;
#1259 = CARTESIAN_POINT ( 'NONE',  ( 365.1999805599999718, 243.3606218949999800, 105.0847135719999983 ) ) ;
#1260 = AXIS2_PLACEMENT_3D ( 'NONE', #657, #1824, #691 ) ;
#1261 = CARTESIAN_POINT ( 'NONE',  ( 109.1239207259999944, 245.4928769770000088, 31.92238759350000166 ) ) ;
#1262 = ORIENTED_EDGE ( 'NONE', *, *, #1178, .F. ) ;
#1263 = LINE ( 'NONE', #4391, #5695 ) ;
#1264 = ORIENTED_EDGE ( 'NONE', *, *, #1430, .F. ) ;
#1265 = ORIENTED_EDGE ( 'NONE', *, *, #1902, .F. ) ;
#1266 = CARTESIAN_POINT ( 'NONE',  ( 362.6999812869999573, 239.2816857579999805, 217.4381893329999969 ) ) ;
#1267 = CARTESIAN_POINT ( 'NONE',  ( 292.5204893619999780, 245.7713712989999806, 26.31558011379999940 ) ) ;
#1268 = EDGE_CURVE ( 'NONE', #4921, #7064, #2920, .T. ) ;
#1269 = DIRECTION ( 'NONE',  ( -1.140924983549660398E-13, 0.9987686379937031900, 0.04961056097448531682 ) ) ;
#1270 = EDGE_LOOP ( 'NONE', ( #6858, #4380, #4522, #5062 ) ) ;
#1271 = EDGE_CURVE ( 'NONE', #5839, #7329, #5981, .T. ) ;
#1272 = AXIS2_PLACEMENT_3D ( 'NONE', #1914, #6995, #7356 ) ;
#1273 = VERTEX_POINT ( 'NONE', #889 ) ;
#1274 = DIRECTION ( 'NONE',  ( 1.000000000000000000, 1.110223004086031457E-13, 5.551115020430157443E-15 ) ) ;
#1275 = ADVANCED_FACE ( 'NONE', ( #3452 ), #2181, .F. ) ;
#1276 = EDGE_CURVE ( 'NONE', #1854, #2929, #1640, .T. ) ;
#1277 = CARTESIAN_POINT ( 'NONE',  ( 52.69997518129999747, 195.8382290590000139, 225.2911623339999778 ) ) ;
#1278 = DIRECTION ( 'NONE',  ( 1.000000000000000000, 1.137978600240784444E-13, 5.551115123125777969E-15 ) ) ;
#1279 = DIRECTION ( 'NONE',  ( 1.000000000000000000, 1.110223004086028302E-13, 5.551115020430141666E-15 ) ) ;
#1280 = PLANE ( 'NONE',  #2103 ) ;
#1281 = DIRECTION ( 'NONE',  ( 0.9999999815032921680, -9.541932645129342578E-06, 0.0001920998876347770055 ) ) ;
#1282 = ORIENTED_EDGE ( 'NONE', *, *, #5744, .F. ) ;
#1283 = DIRECTION ( 'NONE',  ( 1.481718509849552606E-15, 0.9987686379936984160, 0.04961056097458502179 ) ) ;
#1284 = ORIENTED_EDGE ( 'NONE', *, *, #5394, .F. ) ;
#1285 = DIRECTION ( 'NONE',  ( 1.140924983539660419E-13, -0.9987686379937031900, -0.04961056097448531682 ) ) ;
#1286 = ADVANCED_FACE ( 'NONE', ( #4764 ), #6690, .F. ) ;
#1287 = CARTESIAN_POINT ( 'NONE',  ( 52.69997518129999747, 195.3322396100000162, 205.2423342779999871 ) ) ;
#1288 = CARTESIAN_POINT ( 'NONE',  ( 242.3409974379999881, 192.1777030480000121, 298.9930150749999598 ) ) ;
#1289 = DIRECTION ( 'NONE',  ( 1.136868377219662335E-13, -0.9987686379937030789, -0.04961056097448530988 ) ) ;
#1290 = AXIS2_PLACEMENT_3D ( 'NONE', #1926, #1754, #1293 ) ;
#1291 = CIRCLE ( 'NONE', #4749, 2.500000046250006047 ) ;
#1292 = DATE_AND_TIME ( #7006, #2062 ) ;
#1293 = DIRECTION ( 'NONE',  ( 0.9999999815032921680, 9.541932878276174361E-06, -0.0001920998875792658542 ) ) ;
#1294 = DIRECTION ( 'NONE',  ( 0.9999999999999998890, -4.577757395779999467E-10, 9.218203421080000310E-09 ) ) ;
#1295 = FACE_OUTER_BOUND ( 'NONE', #4109, .T. ) ;
#1296 = LINE ( 'NONE', #2010, #6814 ) ;
#1297 = CIRCLE ( 'NONE', #6630, 2.500000046250006047 ) ;
#1298 = CARTESIAN_POINT ( 'NONE',  ( 122.8794643810000053, 204.3224782849999883, 24.25674210469999892 ) ) ;
#1299 = VERTEX_POINT ( 'NONE', #3567 ) ;
#1300 = LINE ( 'NONE', #5131, #629 ) ;
#1301 = CIRCLE ( 'NONE', #2378, 2.500000046250006047 ) ;
#1302 = EDGE_LOOP ( 'NONE', ( #3709, #5368, #3950, #2876 ) ) ;
#1303 = AXIS2_PLACEMENT_3D ( 'NONE', #1793, #7492, #3046 ) ;
#1304 = ORIENTED_EDGE ( 'NONE', *, *, #7996, .T. ) ;
#1305 = ORIENTED_EDGE ( 'NONE', *, *, #3587, .F. ) ;
#1306 = CIRCLE ( 'NONE', #3845, 2.500000046250006047 ) ;
#1307 = AXIS2_PLACEMENT_3D ( 'NONE', #7075, #4449, #7723 ) ;
#1308 = AXIS2_PLACEMENT_3D ( 'NONE', #7051, #5233, #739 ) ;
#1309 = DIRECTION ( 'NONE',  ( 1.000000000000000000, 1.110223004086028302E-13, 1.110223004086028333E-14 ) ) ;
#1310 = CARTESIAN_POINT ( 'NONE',  ( 362.6999812869999573, 196.8307399339999790, 205.3172488310000006 ) ) ;
#1311 = VECTOR ( 'NONE', #4926, 1000.000000000000341 ) ;
#1312 = AXIS2_PLACEMENT_3D ( 'NONE', #1741, #6203, #3076 ) ;
#1313 = DIRECTION ( 'NONE',  ( 0.9999999815015169213, -9.542390534402928566E-06, 0.0001921091057997267946 ) ) ;
#1314 = ORIENTED_EDGE ( 'NONE', *, *, #2138, .T. ) ;
#1315 = AXIS2_PLACEMENT_3D ( 'NONE', #6052, #6095, #4795 ) ;
#1316 = ORIENTED_EDGE ( 'NONE', *, *, #7841, .F. ) ;
#1317 = CARTESIAN_POINT ( 'NONE',  ( 48.81778115559999520, 197.2665795550000212, 196.5353560879999861 ) ) ;
#1318 = DIRECTION ( 'NONE',  ( 1.000000000000000000, 1.110223004086031457E-13, 5.551115020430157443E-15 ) ) ;
#1319 = ORIENTED_EDGE ( 'NONE', *, *, #7632, .T. ) ;
#1320 = LINE ( 'NONE', #7686, #5376 ) ;
#1321 = VECTOR ( 'NONE', #91, 1000.000000000000114 ) ;
#1322 = DIRECTION ( 'NONE',  ( 0.9999999815032921680, -9.541932645129342578E-06, 0.0001920998876569814660 ) ) ;
#1323 = EDGE_CURVE ( 'NONE', #4556, #1023, #6108, .T. ) ;
#1324 = CIRCLE ( 'NONE', #527, 2.500000046250006047 ) ;
#1325 = DIRECTION ( 'NONE',  ( 1.136675133409662280E-13, -0.9987686379937031900, -0.04961056097448531682 ) ) ;
#1326 = ORIENTED_EDGE ( 'NONE', *, *, #8127, .T. ) ;
#1327 = FACE_OUTER_BOUND ( 'NONE', #6836, .T. ) ;
#1328 = ORIENTED_EDGE ( 'NONE', *, *, #2198, .F. ) ;
#1329 = EDGE_CURVE ( 'NONE', #6867, #5410, #2104, .T. ) ;
#1330 = AXIS2_PLACEMENT_3D ( 'NONE', #2557, #3300, #2710 ) ;
#1331 = DIRECTION ( 'NONE',  ( 1.141153513975968344E-13, -0.9987686379937031900, -0.04961056097448531682 ) ) ;
#1332 = DIRECTION ( 'NONE',  ( 1.493058009093160224E-15, 0.9987686379936981940, 0.04961056097458500791 ) ) ;
#1333 = CARTESIAN_POINT ( 'NONE',  ( 145.3794671059999928, 235.3724360629999808, 296.1324075679999623 ) ) ;
#1334 = EDGE_CURVE ( 'NONE', #7832, #5475, #5434, .T. ) ;
#1335 = ORIENTED_EDGE ( 'NONE', *, *, #7676, .F. ) ;
#1336 = LINE ( 'NONE', #3880, #5706 ) ;
#1337 = CARTESIAN_POINT ( 'NONE',  ( 163.8392314490000103, 191.1931802460000256, 288.5706136239999751 ) ) ;
#1338 = EDGE_CURVE ( 'NONE', #76, #2283, #3193, .T. ) ;
#1339 = FACE_BOUND ( 'NONE', #902, .T. ) ;
#1340 = DIRECTION ( 'NONE',  ( -1.140924983539660419E-13, 0.9987686379937031900, 0.04961056097448531682 ) ) ;
#1341 = FACE_BOUND ( 'NONE', #4806, .T. ) ;
#1342 = CARTESIAN_POINT ( 'NONE',  ( -47.00001871429999767, 247.0194358120000118, 1.189433591200000029 ) ) ;
#1343 = VERTEX_POINT ( 'NONE', #6266 ) ;
#1344 = DIRECTION ( 'NONE',  ( -0.9999999815015169213, 9.542390523300698320E-06, -0.0001921091057553178736 ) ) ;
#1345 = VERTEX_POINT ( 'NONE', #3683 ) ;
#1346 = DIRECTION ( 'NONE',  ( -1.000000000000000000, 4.577697982270000859E-10, -9.218202680210000291E-09 ) ) ;
#1347 = FACE_OUTER_BOUND ( 'NONE', #4452, .T. ) ;
#1348 = ORIENTED_EDGE ( 'NONE', *, *, #7779, .F. ) ;
#1349 = EDGE_LOOP ( 'NONE', ( #4480, #948, #7752, #5767 ) ) ;
#1350 = EDGE_LOOP ( 'NONE', ( #7085, #4398, #6186, #1784 ) ) ;
#1351 = DIRECTION ( 'NONE',  ( 1.000000000000000000, 1.137978600240785201E-13, 5.551115123125781913E-15 ) ) ;
#1352 = DIRECTION ( 'NONE',  ( 1.140924983549660398E-13, -0.9987686379937031900, -0.04961056097448531682 ) ) ;
#1353 = ORIENTED_EDGE ( 'NONE', *, *, #2927, .F. ) ;
#1354 = ORIENTED_EDGE ( 'NONE', *, *, #1728, .T. ) ;
#1355 = EDGE_LOOP ( 'NONE', ( #2147, #5380 ) ) ;
#1356 = DIRECTION ( 'NONE',  ( 1.000000000000000000, 0.000000000000000000, 0.000000000000000000 ) ) ;
#1357 = DIRECTION ( 'NONE',  ( -0.9999999999999826805, 1.860403490011704265E-07, 0.000000000000000000 ) ) ;
#1358 = CARTESIAN_POINT ( 'NONE',  ( 287.5204893619999780, 205.8206257810000182, 24.33115762879999977 ) ) ;
#1359 = ORIENTED_EDGE ( 'NONE', *, *, #6723, .T. ) ;
#1360 = CARTESIAN_POINT ( 'NONE',  ( 366.2565270759999976, 234.8570293479999975, 246.0451638960000196 ) ) ;
#1361 = ORIENTED_EDGE ( 'NONE', *, *, #8078, .F. ) ;
#1362 = CYLINDRICAL_SURFACE ( 'NONE', #4188, 2.500000046249985619 ) ;
#1363 = ORIENTED_EDGE ( 'NONE', *, *, #1128, .F. ) ;
#1364 = LINE ( 'NONE', #821, #7947 ) ;
#1365 = EDGE_CURVE ( 'NONE', #764, #3708, #3712, .T. ) ;
#1366 = CARTESIAN_POINT ( 'NONE',  ( 242.3409974379999881, 235.1344466950000083, 300.9311438450000082 ) ) ;
#1367 = ORIENTED_EDGE ( 'NONE', *, *, #5850, .T. ) ;
#1368 = CARTESIAN_POINT ( 'NONE',  ( 135.3794671060000212, 232.3761301490000051, 295.9835758849999934 ) ) ;
#1369 = CARTESIAN_POINT ( 'NONE',  ( 59.54256236530000024, 201.3378484939999851, 114.5793376049999921 ) ) ;
#1370 =( NAMED_UNIT ( * ) PLANE_ANGLE_UNIT ( ) SI_UNIT ( $, .RADIAN. ) );
#1371 = CARTESIAN_POINT ( 'NONE',  ( 290.0204893619999780, 202.8242960099999834, 24.18280624160000158 ) ) ;
#1372 = EDGE_CURVE ( 'NONE', #2903, #8052, #2421, .T. ) ;
#1373 = ORIENTED_EDGE ( 'NONE', *, *, #560, .T. ) ;
#1374 = EDGE_CURVE ( 'NONE', #4685, #1856, #2790, .T. ) ;
#1375 = DIRECTION ( 'NONE',  ( -1.481718509849552606E-15, -0.9987686379936984160, -0.04961056097458502179 ) ) ;
#1376 = AXIS2_PLACEMENT_3D ( 'NONE', #7660, #6301, #4507 ) ;
#1377 = EDGE_CURVE ( 'NONE', #2000, #2913, #4241, .T. ) ;
#1378 = EDGE_CURVE ( 'NONE', #6151, #4719, #7301, .T. ) ;
#1379 = FACE_OUTER_BOUND ( 'NONE', #835, .T. ) ;
#1380 = CARTESIAN_POINT ( 'NONE',  ( 55.19997327659999797, 198.4193173600000080, 112.8647302139999908 ) ) ;
#1381 = CARTESIAN_POINT ( 'NONE',  ( 49.93558712990000004, 195.2723209879999899, 206.4486266259999923 ) ) ;
#1382 = AXIS2_PLACEMENT_3D ( 'NONE', #7261, #2175, #1633 ) ;
#1383 = VERTEX_POINT ( 'NONE', #6952 ) ;
#1384 = ORIENTED_EDGE ( 'NONE', *, *, #6571, .F. ) ;
#1385 = ORIENTED_EDGE ( 'NONE', *, *, #3986, .T. ) ;
#1386 = LINE ( 'NONE', #757, #430 ) ;
#1387 = CARTESIAN_POINT ( 'NONE',  ( 47.69997318429999922, 241.8624743999999964, 105.0102980249999973 ) ) ;
#1388 = CYLINDRICAL_SURFACE ( 'NONE', #5413, 118.1603675010000387 ) ;
#1389 = CIRCLE ( 'NONE', #4327, 2.500000046250006047 ) ;
#1390 = ORIENTED_EDGE ( 'NONE', *, *, #3012, .T. ) ;
#1391 = VECTOR ( 'NONE', #2918, 1000.000000000000341 ) ;
#1392 = VERTEX_POINT ( 'NONE', #1071 ) ;
#1393 = ORIENTED_EDGE ( 'NONE', *, *, #4681, .T. ) ;
#1394 = AXIS2_PLACEMENT_3D ( 'NONE', #5609, #1153, #7613 ) ;
#1395 = CARTESIAN_POINT ( 'NONE',  ( 297.6999812869999573, 235.6124629709999851, 230.8366398430000004 ) ) ;
#1396 = LINE ( 'NONE', #5732, #909 ) ;
#1397 = CIRCLE ( 'NONE', #2873, 2.500000046250006047 ) ;
#1398 = CARTESIAN_POINT ( 'NONE',  ( 173.0589590300000111, 192.1967401060000213, 298.6022656600000005 ) ) ;
#1399 = DIRECTION ( 'NONE',  ( 1.000000000000000000, 0.000000000000000000, 0.000000000000000000 ) ) ;
#1400 = AXIS2_PLACEMENT_3D ( 'NONE', #1287, #7733, #6383 ) ;
#1401 = ORIENTED_EDGE ( 'NONE', *, *, #3061, .F. ) ;
#1402 = EDGE_LOOP ( 'NONE', ( #5366, #7710 ) ) ;
#1403 = CARTESIAN_POINT ( 'NONE',  ( 117.6999724110000187, 247.5175825210000085, 21.39615308440000163 ) ) ;
#1404 = LINE ( 'NONE', #127, #219 ) ;
#1405 = ORIENTED_EDGE ( 'NONE', *, *, #424, .F. ) ;
#1406 = DIRECTION ( 'NONE',  ( 1.000000000000000000, 1.110223004086028302E-13, 5.551115020430141666E-15 ) ) ;
#1407 = APPROVAL_STATUS ( 'not_yet_approved' ) ;
#1408 = ORIENTED_EDGE ( 'NONE', *, *, #2961, .T. ) ;
#1409 = DIRECTION ( 'NONE',  ( -1.454793636899560209E-13, 0.04961056097458500097, -0.9987686379936980829 ) ) ;
#1410 = VERTEX_POINT ( 'NONE', #485 ) ;
#1411 = CC_DESIGN_PERSON_AND_ORGANIZATION_ASSIGNMENT ( #3224, #791, ( #4716 ) ) ;
#1412 = CARTESIAN_POINT ( 'NONE',  ( 242.3409974379999881, 192.1970874739999999, 298.6027643720000242 ) ) ;
#1413 = AXIS2_PLACEMENT_3D ( 'NONE', #8054, #1736, #2289 ) ;
#1414 = ORIENTED_EDGE ( 'NONE', *, *, #5647, .T. ) ;
#1415 = VECTOR ( 'NONE', #2054, 1000.000000000000341 ) ;
#1416 = FACE_OUTER_BOUND ( 'NONE', #3053, .T. ) ;
#1417 = AXIS2_PLACEMENT_3D ( 'NONE', #368, #1541, #3471 ) ;
#1418 = EDGE_LOOP ( 'NONE', ( #7640, #4896, #6268, #5687 ) ) ;
#1419 = LINE ( 'NONE', #3973, #1844 ) ;
#1420 = EDGE_CURVE ( 'NONE', #2627, #4354, #7428, .T. ) ;
#1421 = EDGE_CURVE ( 'NONE', #6737, #7058, #6381, .T. ) ;
#1422 = CARTESIAN_POINT ( 'NONE',  ( 147.8794671059999928, 235.3724599189999935, 296.1319272950000254 ) ) ;
#1423 = DIRECTION ( 'NONE',  ( 1.000000000000000000, 1.110223004086028302E-13, 5.551115020430141666E-15 ) ) ;
#1424 = AXIS2_PLACEMENT_3D ( 'NONE', #3180, #7619, #5745 ) ;
#1425 = VERTEX_POINT ( 'NONE', #4403 ) ;
#1426 = EDGE_CURVE ( 'NONE', #5296, #4908, #5693, .T. ) ;
#1427 = CIRCLE ( 'NONE', #7943, 2.500000046250006047 ) ;
#1428 = ORIENTED_EDGE ( 'NONE', *, *, #6738, .T. ) ;
#1429 = AXIS2_PLACEMENT_3D ( 'NONE', #5453, #415, #1192 ) ;
#1430 = EDGE_CURVE ( 'NONE', #987, #5410, #1446, .T. ) ;
#1431 = CARTESIAN_POINT ( 'NONE',  ( 367.6999812870000142, 240.2139783560000126, 198.6691089220000208 ) ) ;
#1432 = EDGE_CURVE ( 'NONE', #4730, #4561, #120, .T. ) ;
#1433 = LINE ( 'NONE', #3365, #228 ) ;
#1434 = EDGE_LOOP ( 'NONE', ( #417, #7277 ) ) ;
#1435 = VERTEX_POINT ( 'NONE', #2549 ) ;
#1436 = AXIS2_PLACEMENT_3D ( 'NONE', #561, #4310, #6864 ) ;
#1437 = AXIS2_PLACEMENT_3D ( 'NONE', #5482, #6158, #4236 ) ;
#1438 = ORIENTED_EDGE ( 'NONE', *, *, #6526, .T. ) ;
#1439 = VECTOR ( 'NONE', #4244, 1000.000000000000114 ) ;
#1440 = CARTESIAN_POINT ( 'NONE',  ( 52.69997518129999747, 195.3322873220000133, 205.2413737320000280 ) ) ;
#1441 = LINE ( 'NONE', #2067, #6067 ) ;
#1442 = CARTESIAN_POINT ( 'NONE',  ( 270.0204894089999925, 249.0157300279999788, 21.47056839940000117 ) ) ;
#1443 = CARTESIAN_POINT ( 'NONE',  ( 50.19997327659999797, 244.3626747050000176, 115.1468160650000101 ) ) ;
#1444 = DIRECTION ( 'NONE',  ( 1.136868377219662335E-13, -0.9987686379937030789, -0.04961056097448530988 ) ) ;
#1445 = CIRCLE ( 'NONE', #7818, 118.1603675010000103 ) ;
#1446 = CIRCLE ( 'NONE', #7168, 2.500000046250006047 ) ;
#1447 = AXIS2_PLACEMENT_3D ( 'NONE', #1546, #371, #4820 ) ;
#1448 = DIRECTION ( 'NONE',  ( -1.140924983549660398E-13, 0.9987686379937031900, 0.04961056097448531682 ) ) ;
#1449 = ORIENTED_EDGE ( 'NONE', *, *, #2252, .F. ) ;
#1450 = EDGE_LOOP ( 'NONE', ( #7975, #5183, #5707, #3150 ) ) ;
#1451 = VERTEX_POINT ( 'NONE', #1778 ) ;
#1452 = AXIS2_PLACEMENT_3D ( 'NONE', #1102, #6793, #2872 ) ;
#1453 = AXIS2_PLACEMENT_3D ( 'NONE', #475, #4848, #5085 ) ;
#1454 = DIRECTION ( 'NONE',  ( 0.9999999999999998890, -4.577757395779999467E-10, 9.218203421080000310E-09 ) ) ;
#1455 = CARTESIAN_POINT ( 'NONE',  ( 365.1999805599999718, 244.8587748520000105, 105.1591294130000023 ) ) ;
#1456 = CARTESIAN_POINT ( 'NONE',  ( 367.6999812870000142, 193.3383522660000153, 215.1556232559999842 ) ) ;
#1457 = CARTESIAN_POINT ( 'NONE',  ( 49.93558712990000004, 196.7704739449999920, 206.5230424679999999 ) ) ;
#1458 = ORIENTED_EDGE ( 'NONE', *, *, #930, .T. ) ;
#1459 = CARTESIAN_POINT ( 'NONE',  ( 360.1999812869999573, 192.8422466569999756, 225.1433096360000263 ) ) ;
#1460 = CARTESIAN_POINT ( 'NONE',  ( 55.19997518130000458, 196.8304164230000026, 205.3162698470000009 ) ) ;
#1461 = AXIS2_PLACEMENT_3D ( 'NONE', #338, #2887, #4663 ) ;
#1462 = VERTEX_POINT ( 'NONE', #6328 ) ;
#1463 = DIRECTION ( 'NONE',  ( 0.9999999815015170324, 9.542390645425124303E-06, -0.0001921091058663380619 ) ) ;
#1464 = AXIS2_PLACEMENT_3D ( 'NONE', #2166, #4658, #1505 ) ;
#1465 = CARTESIAN_POINT ( 'NONE',  ( 252.3409974380000449, 232.1478329929999802, 300.5871868109999809 ) ) ;
#1466 = VERTEX_POINT ( 'NONE', #4973 ) ;
#1467 = DIRECTION ( 'NONE',  ( 9.229561970587255646E-09, 0.04961056097448531682, -0.9987686379937031900 ) ) ;
#1468 = ORIENTED_EDGE ( 'NONE', *, *, #4183, .F. ) ;
#1469 = DIRECTION ( 'NONE',  ( -0.9606977125710691734, 0.01377172597510080421, -0.2772548369720215233 ) ) ;
#1470 = FACE_OUTER_BOUND ( 'NONE', #8153, .T. ) ;
#1471 = ORIENTED_EDGE ( 'NONE', *, *, #672, .F. ) ;
#1472 = DIRECTION ( 'NONE',  ( -0.9606977125710682852, -0.01377172597520097234, 0.2772548369720195804 ) ) ;
#1473 = ORIENTED_EDGE ( 'NONE', *, *, #7890, .T. ) ;
#1474 = ORIENTED_EDGE ( 'NONE', *, *, #615, .F. ) ;
#1475 = VERTEX_POINT ( 'NONE', #8174 ) ;
#1476 = CARTESIAN_POINT ( 'NONE',  ( 270.0204893619999780, 204.3224489760000324, 24.25722189869999923 ) ) ;
#1477 = CYLINDRICAL_SURFACE ( 'NONE', #7719, 10.00000000000000888 ) ;
#1478 = EDGE_CURVE ( 'NONE', #6807, #5951, #8137, .T. ) ;
#1479 = ADVANCED_FACE ( 'NONE', ( #4360 ), #5065, .F. ) ;
#1480 = CARTESIAN_POINT ( 'NONE',  ( 122.8794671060000070, 190.9272555290000071, 293.9242573320000247 ) ) ;
#1481 = EDGE_LOOP ( 'NONE', ( #2359, #5625, #1202, #3287 ) ) ;
#1482 = VERTEX_POINT ( 'NONE', #5018 ) ;
#1483 = ORIENTED_EDGE ( 'NONE', *, *, #5901, .T. ) ;
#1484 = EDGE_CURVE ( 'NONE', #5224, #4863, #7566, .T. ) ;
#1485 = DIRECTION ( 'NONE',  ( 1.000000000000000000, -1.382541876507509084E-15, 0.000000000000000000 ) ) ;
#1486 = EDGE_CURVE ( 'NONE', #5134, #1827, #645, .T. ) ;
#1487 = CARTESIAN_POINT ( 'NONE',  ( 59.54256236530000024, 199.8396955369999830, 114.5049217640000023 ) ) ;
#1488 = EDGE_CURVE ( 'NONE', #2807, #1066, #4281, .T. ) ;
#1489 = ORIENTED_EDGE ( 'NONE', *, *, #2972, .T. ) ;
#1490 = AXIS2_PLACEMENT_3D ( 'NONE', #2489, #5762, #5594 ) ;
#1491 = DIRECTION ( 'NONE',  ( 1.481718509849552606E-15, 0.9987686379936984160, 0.04961056097458502179 ) ) ;
#1492 = ORIENTED_EDGE ( 'NONE', *, *, #7380, .T. ) ;
#1493 = ORIENTED_EDGE ( 'NONE', *, *, #609, .T. ) ;
#1494 = EDGE_CURVE ( 'NONE', #2821, #2575, #1980, .T. ) ;
#1495 = CARTESIAN_POINT ( 'NONE',  ( 135.3794643810000196, 247.2695535800000073, 26.38951583860000127 ) ) ;
#1496 = DIRECTION ( 'NONE',  ( -0.9999999815032921680, 9.541932656231572824E-06, -0.0001920998877027781657 ) ) ;
#1497 = DIRECTION ( 'NONE',  ( 1.000000000000000000, 0.000000000000000000, 0.000000000000000000 ) ) ;
#1498 = DIRECTION ( 'NONE',  ( 1.493058009093160224E-15, 0.9987686379936981940, 0.04961056097458500791 ) ) ;
#1499 = DIRECTION ( 'NONE',  ( 0.9999999999999998890, -4.577757395779999467E-10, 9.218203421080000310E-09 ) ) ;
#1500 = ORIENTED_EDGE ( 'NONE', *, *, #99, .T. ) ;
#1501 = ORIENTED_EDGE ( 'NONE', *, *, #755, .T. ) ;
#1502 = CARTESIAN_POINT ( 'NONE',  ( 362.6999805599999718, 243.3606457519999822, 105.0842332760000062 ) ) ;
#1503 = ORIENTED_EDGE ( 'NONE', *, *, #4681, .F. ) ;
#1504 = FACE_BOUND ( 'NONE', #7358, .T. ) ;
#1505 = DIRECTION ( 'NONE',  ( -0.9999999815015169213, 9.542390523300698320E-06, -0.0001921091057553178736 ) ) ;
#1506 = DIRECTION ( 'NONE',  ( -1.140782803582870283E-13, 0.9987686379937031900, 0.04961056097448531682 ) ) ;
#1507 = CYLINDRICAL_SURFACE ( 'NONE', #181, 2.500000046249985619 ) ;
#1508 = ORIENTED_EDGE ( 'NONE', *, *, #2775, .F. ) ;
#1509 = LINE ( 'NONE', #258, #5983 ) ;
#1510 = ORIENTED_EDGE ( 'NONE', *, *, #7890, .F. ) ;
#1511 = CYLINDRICAL_SURFACE ( 'NONE', #1577, 9.999999999999996447 ) ;
#1512 = DIRECTION ( 'NONE',  ( -1.140924983549660398E-13, 0.9987686379937031900, 0.04961056097448531682 ) ) ;
#1513 = ORIENTED_EDGE ( 'NONE', *, *, #8192, .F. ) ;
#1514 = CARTESIAN_POINT ( 'NONE',  ( 59.54256236530000024, 242.7867469710000137, 116.6381758859999991 ) ) ;
#1515 = ORIENTED_EDGE ( 'NONE', *, *, #750, .T. ) ;
#1516 = AXIS2_PLACEMENT_3D ( 'NONE', #6594, #2130, #2683 ) ;
#1517 = EDGE_LOOP ( 'NONE', ( #6676, #5824, #7928, #1449 ) ) ;
#1518 = DIRECTION ( 'NONE',  ( -1.140924983549660398E-13, 0.9987686379937031900, 0.04961056097448531682 ) ) ;
#1519 = AXIS2_PLACEMENT_3D ( 'NONE', #6578, #5315, #5997 ) ;
#1520 = DIRECTION ( 'NONE',  ( 1.141040767796222073E-13, -0.9987686379937031900, -0.04961056097448531682 ) ) ;
#1521 = DIRECTION ( 'NONE',  ( 0.000000000000000000, -0.9987686379936980829, -0.04961056097458500097 ) ) ;
#1522 = EDGE_LOOP ( 'NONE', ( #2915, #2247, #3875, #6915, #6757, #6026, #2943, #5232, #6503, #7878, #1177, #2869 ) ) ;
#1523 = DIRECTION ( 'NONE',  ( 1.000000000000000000, 1.139252903344777837E-13, 5.637540140262818152E-15 ) ) ;
#1524 = EDGE_LOOP ( 'NONE', ( #6931, #257, #4364, #4265 ) ) ;
#1525 = ORIENTED_EDGE ( 'NONE', *, *, #3631, .T. ) ;
#1526 = VECTOR ( 'NONE', #265, 1000.000000000000114 ) ;
#1527 = VERTEX_POINT ( 'NONE', #3036 ) ;
#1528 = DIRECTION ( 'NONE',  ( 1.140924983539660419E-13, -0.9987686379937031900, -0.04961056097448531682 ) ) ;
#1529 = CARTESIAN_POINT ( 'NONE',  ( 165.3794643810000196, 202.8243492029999970, 24.18184559870000072 ) ) ;
#1530 = DIRECTION ( 'NONE',  ( 0.000000000000000000, -0.04961056097448530988, 0.9987686379937030789 ) ) ;
#1531 = EDGE_CURVE ( 'NONE', #5830, #2782, #5567, .T. ) ;
#1532 = VECTOR ( 'NONE', #7079, 1000.000000000000341 ) ;
#1533 = EDGE_CURVE ( 'NONE', #7106, #5839, #534, .T. ) ;
#1534 = AXIS2_PLACEMENT_3D ( 'NONE', #533, #6083, #2994 ) ;
#1535 = ORIENTED_EDGE ( 'NONE', *, *, #5387, .T. ) ;
#1536 = ORIENTED_EDGE ( 'NONE', *, *, #1779, .F. ) ;
#1537 = EDGE_CURVE ( 'NONE', #3474, #7244, #251, .T. ) ;
#1538 = DIRECTION ( 'NONE',  ( 1.481718509849552606E-15, 0.9987686379936984160, 0.04961056097458502179 ) ) ;
#1539 = CARTESIAN_POINT ( 'NONE',  ( 252.5204893620000064, 235.3728072870000005, 296.1324260069999923 ) ) ;
#1540 = AXIS2_PLACEMENT_3D ( 'NONE', #941, #6153, #1097 ) ;
#1541 = DIRECTION ( 'NONE',  ( -1.140924983549660398E-13, 0.9987686379937031900, 0.04961056097448531682 ) ) ;
#1542 = DIRECTION ( 'NONE',  ( 1.000000000000000000, -2.775557561562888984E-15, 0.000000000000000000 ) ) ;
#1543 = ORIENTED_EDGE ( 'NONE', *, *, #7835, .T. ) ;
#1544 = DIRECTION ( 'NONE',  ( 1.481718509849552606E-15, 0.9987686379936984160, 0.04961056097458502179 ) ) ;
#1545 = CIRCLE ( 'NONE', #7263, 10.00000000000000888 ) ;
#1546 = CARTESIAN_POINT ( 'NONE',  ( 280.0204893619999780, 248.7676533620000328, 26.46489195429999697 ) ) ;
#1547 = DIRECTION ( 'NONE',  ( 1.000000000000000000, 1.144185085590000117E-13, 0.000000000000000000 ) ) ;
#1548 = ORIENTED_EDGE ( 'NONE', *, *, #6073, .F. ) ;
#1549 = DIRECTION ( 'NONE',  ( -0.9999999815032921680, -9.541932867173944115E-06, 0.0001920998875237547030 ) ) ;
#1550 = EDGE_CURVE ( 'NONE', #1075, #8158, #5972, .T. ) ;
#1551 = LINE ( 'NONE', #4130, #3256 ) ;
#1552 = FACE_OUTER_BOUND ( 'NONE', #147, .T. ) ;
#1553 = ORIENTED_EDGE ( 'NONE', *, *, #4535, .F. ) ;
#1554 = CARTESIAN_POINT ( 'NONE',  ( 270.0204894089999925, 206.0686785940000050, 19.33731427749999909 ) ) ;
#1555 = ORIENTED_EDGE ( 'NONE', *, *, #4434, .T. ) ;
#1556 = CARTESIAN_POINT ( 'NONE',  ( 297.6999812869999573, 189.2168994550000036, 298.1294443639999940 ) ) ;
#1557 = CIRCLE ( 'NONE', #1814, 2.500000046250006047 ) ;
#1558 = DIRECTION ( 'NONE',  ( 1.136675132978170258E-13, -0.9987686379937031900, -0.04961056097448531682 ) ) ;
#1559 = CARTESIAN_POINT ( 'NONE',  ( 242.3409974379999881, 189.1813971340000080, 298.8441833919999908 ) ) ;
#1560 = EDGE_LOOP ( 'NONE', ( #4884, #1367, #737, #2446 ) ) ;
#1561 = CARTESIAN_POINT ( 'NONE',  ( 260.0204893620000348, 205.8206496499999787, 24.33067710250000104 ) ) ;
#1562 = VECTOR ( 'NONE', #3383, 1000.000000000000114 ) ;
#1563 = DIRECTION ( 'NONE',  ( 1.481718509849552606E-15, 0.9987686379936984160, 0.04961056097458502179 ) ) ;
#1564 = AXIS2_PLACEMENT_3D ( 'NONE', #589, #8201, #5052 ) ;
#1565 = ORIENTED_EDGE ( 'NONE', *, *, #2883, .T. ) ;
#1566 = AXIS2_PLACEMENT_3D ( 'NONE', #2780, #4027, #7191 ) ;
#1567 = DIRECTION ( 'NONE',  ( -0.9999999815015169213, 9.542390523300698320E-06, -0.0001921091057220111829 ) ) ;
#1568 = EDGE_LOOP ( 'NONE', ( #5089, #4622 ) ) ;
#1569 = ORIENTED_EDGE ( 'NONE', *, *, #1631, .T. ) ;
#1570 = VERTEX_POINT ( 'NONE', #1358 ) ;
#1571 = CIRCLE ( 'NONE', #7023, 2.500000046250006047 ) ;
#1572 = CIRCLE ( 'NONE', #3832, 2.500000046250006047 ) ;
#1573 = CYLINDRICAL_SURFACE ( 'NONE', #124, 2.500000046249988284 ) ;
#1574 = DIRECTION ( 'NONE',  ( 0.9999999815015169213, -9.542390534402928566E-06, 0.0001921091057997267946 ) ) ;
#1575 = CIRCLE ( 'NONE', #4761, 9.999999999999994671 ) ;
#1576 = ORIENTED_EDGE ( 'NONE', *, *, #1589, .F. ) ;
#1577 = AXIS2_PLACEMENT_3D ( 'NONE', #2686, #4665, #7217 ) ;
#1578 = ORIENTED_EDGE ( 'NONE', *, *, #8037, .T. ) ;
#1579 = FACE_OUTER_BOUND ( 'NONE', #4428, .T. ) ;
#1580 = EDGE_CURVE ( 'NONE', #3508, #7469, #1396, .T. ) ;
#1581 = DIRECTION ( 'NONE',  ( 1.481718509849552606E-15, 0.9987686379936984160, 0.04961056097458502179 ) ) ;
#1582 = FACE_BOUND ( 'NONE', #237, .T. ) ;
#1583 = AXIS2_PLACEMENT_3D ( 'NONE', #2854, #226, #5935 ) ;
#1584 = ORIENTED_EDGE ( 'NONE', *, *, #5187, .T. ) ;
#1585 = AXIS2_PLACEMENT_3D ( 'NONE', #6163, #3550, #7286 ) ;
#1586 = DIRECTION ( 'NONE',  ( 0.000000000000000000, -0.9987686379936980829, -0.04961056097458500097 ) ) ;
#1587 = EDGE_CURVE ( 'NONE', #4187, #314, #3251, .T. ) ;
#1588 = CARTESIAN_POINT ( 'NONE',  ( 242.3409974840000132, 249.0157300399999940, 21.47056814420000137 ) ) ;
#1589 = EDGE_CURVE ( 'NONE', #1410, #4556, #6643, .T. ) ;
#1590 = ORIENTED_EDGE ( 'NONE', *, *, #3576, .T. ) ;
#1591 = FACE_OUTER_BOUND ( 'NONE', #6604, .T. ) ;
#1592 = CIRCLE ( 'NONE', #393, 2.500000046250006047 ) ;
#1593 = DIRECTION ( 'NONE',  ( -1.140924983549660398E-13, 0.9987686379937031900, 0.04961056097448531682 ) ) ;
#1594 = CARTESIAN_POINT ( 'NONE',  ( 145.3794643810000196, 202.8243491940000069, 24.18184578309999821 ) ) ;
#1595 = EDGE_CURVE ( 'NONE', #5128, #5781, #4769, .T. ) ;
#1596 = PLANE ( 'NONE',  #6652 ) ;
#1597 = VERTEX_POINT ( 'NONE', #116 ) ;
#1598 = EDGE_CURVE ( 'NONE', #2155, #3341, #5771, .T. ) ;
#1599 = DIRECTION ( 'NONE',  ( 1.140924983539660419E-13, -0.9987686379937031900, -0.04961056097448531682 ) ) ;
#1600 = CIRCLE ( 'NONE', #2126, 2.500000046250006047 ) ;
#1601 = LINE ( 'NONE', #6015, #481 ) ;
#1602 = ORIENTED_EDGE ( 'NONE', *, *, #3201, .F. ) ;
#1603 = ORIENTED_EDGE ( 'NONE', *, *, #206, .T. ) ;
#1604 = DIRECTION ( 'NONE',  ( -1.000000000000000000, -1.137978600240784444E-13, -5.551115123125777969E-15 ) ) ;
#1605 = CARTESIAN_POINT ( 'NONE',  ( 362.6999812869999573, 196.3346820360000322, 215.3039746660000162 ) ) ;
#1606 = DIRECTION ( 'NONE',  ( -2.368475785869285424E-15, -0.9987686379936980829, -0.04961056097458500097 ) ) ;
#1607 = VERTEX_POINT ( 'NONE', #6649 ) ;
#1608 = DIRECTION ( 'NONE',  ( 1.140924983539660419E-13, -0.9987686379937031900, -0.04961056097448531682 ) ) ;
#1609 = ORIENTED_EDGE ( 'NONE', *, *, #1893, .T. ) ;
#1610 = ORIENTED_EDGE ( 'NONE', *, *, #2576, .F. ) ;
#1611 = ORIENTED_EDGE ( 'NONE', *, *, #4624, .F. ) ;
#1612 = CARTESIAN_POINT ( 'NONE',  ( 117.6999751809999992, 238.6084215169999823, 230.9849728130000130 ) ) ;
#1613 = DIRECTION ( 'NONE',  ( -2.368475785869285424E-15, -0.9987686379936980829, -0.04961056097458500097 ) ) ;
#1614 = DIRECTION ( 'NONE',  ( 1.000000000000000000, 1.137978600240784444E-13, 5.551115123125777969E-15 ) ) ;
#1615 = VERTEX_POINT ( 'NONE', #6992 ) ;
#1616 = ORIENTED_EDGE ( 'NONE', *, *, #762, .F. ) ;
#1617 = CARTESIAN_POINT ( 'NONE',  ( 282.5204893619999780, 204.3224728259999949, 24.25674174119999904 ) ) ;
#1618 = DIRECTION ( 'NONE',  ( -0.9999999999999998890, -4.579918634269999212E-10, 9.218101715729996954E-09 ) ) ;
#1619 = CARTESIAN_POINT ( 'NONE',  ( 127.8794671060000070, 192.4254084860000091, 293.9986731729999860 ) ) ;
#1620 = ORIENTED_EDGE ( 'NONE', *, *, #5543, .F. ) ;
#1621 = CARTESIAN_POINT ( 'NONE',  ( 252.3409974810000165, 248.9963456099999917, 21.86081893999999792 ) ) ;
#1622 = VERTEX_POINT ( 'NONE', #6370 ) ;
#1623 = CARTESIAN_POINT ( 'NONE',  ( 52.69997309199999336, 200.9097053910000170, 92.96329304559999684 ) ) ;
#1624 = EDGE_CURVE ( 'NONE', #1220, #8121, #2242, .T. ) ;
#1625 = EDGE_LOOP ( 'NONE', ( #1578, #4386 ) ) ;
#1626 = DIRECTION ( 'NONE',  ( 1.140924983549660398E-13, -0.9987686379937031900, -0.04961056097448531682 ) ) ;
#1627 = EDGE_LOOP ( 'NONE', ( #5480, #3318, #4706, #943 ) ) ;
#1628 = CARTESIAN_POINT ( 'NONE',  ( 366.2565265220000015, 201.3458392029999686, 84.18285932089999335 ) ) ;
#1629 = DIRECTION ( 'NONE',  ( -1.454793636899560209E-13, 0.04961056097458500097, -0.9987686379936980829 ) ) ;
#1630 = LINE ( 'NONE', #4172, #622 ) ;
#1631 = EDGE_CURVE ( 'NONE', #2991, #4016, #3871, .T. ) ;
#1632 = DIRECTION ( 'NONE',  ( -0.9999999815015169213, -9.542390645425122609E-06, 0.0001921091059107469558 ) ) ;
#1633 = DIRECTION ( 'NONE',  ( 1.000000000000000000, 0.000000000000000000, -2.986699768641239865E-14 ) ) ;
#1634 = EDGE_CURVE ( 'NONE', #7465, #505, #3905, .T. ) ;
#1635 = ORIENTED_EDGE ( 'NONE', *, *, #510, .T. ) ;
#1636 = CARTESIAN_POINT ( 'NONE',  ( 50.19997518130000458, 238.7852566370000034, 227.4248967279999931 ) ) ;
#1637 = EDGE_CURVE ( 'NONE', #7982, #5133, #3169, .T. ) ;
#1638 = EDGE_CURVE ( 'NONE', #3752, #479, #1427, .T. ) ;
#1639 = LINE ( 'NONE', #4179, #232 ) ;
#1640 = LINE ( 'NONE', #4181, #7827 ) ;
#1641 = CYLINDRICAL_SURFACE ( 'NONE', #5526, 2.500000046249985619 ) ;
#1642 = VECTOR ( 'NONE', #5729, 1000.000000000000341 ) ;
#1643 = EDGE_LOOP ( 'NONE', ( #128, #3198 ) ) ;
#1644 = DIRECTION ( 'NONE',  ( 1.140924983549660398E-13, -0.9987686379937031900, -0.04961056097448531682 ) ) ;
#1645 = VERTEX_POINT ( 'NONE', #689 ) ;
#1646 = EDGE_CURVE ( 'NONE', #3970, #291, #151, .T. ) ;
#1647 = ORIENTED_EDGE ( 'NONE', *, *, #1531, .T. ) ;
#1648 = AXIS2_PLACEMENT_3D ( 'NONE', #3306, #7781, #3433 ) ;
#1649 = CYLINDRICAL_SURFACE ( 'NONE', #2789, 2.500000046249988284 ) ;
#1650 = CARTESIAN_POINT ( 'NONE',  ( 257.5204893619999780, 235.3728072870000005, 296.1324260069999923 ) ) ;
#1651 = FACE_OUTER_BOUND ( 'NONE', #538, .T. ) ;
#1652 = VECTOR ( 'NONE', #6771, 1000.000000000000341 ) ;
#1653 = ORIENTED_EDGE ( 'NONE', *, *, #2755, .F. ) ;
#1654 = ORIENTED_EDGE ( 'NONE', *, *, #1998, .T. ) ;
#1655 = LINE ( 'NONE', #1617, #1179 ) ;
#1656 = DIRECTION ( 'NONE',  ( 1.481718509844754360E-15, 0.9987686379936981940, 0.04961056097458500791 ) ) ;
#1657 = LINE ( 'NONE', #6160, #3929 ) ;
#1658 = AXIS2_PLACEMENT_3D ( 'NONE', #4453, #8178, #7571 ) ;
#1659 = DIRECTION ( 'NONE',  ( -1.140924983549660398E-13, 0.9987686379937031900, 0.04961056097448531682 ) ) ;
#1660 = ORIENTED_EDGE ( 'NONE', *, *, #2057, .T. ) ;
#1661 = DIRECTION ( 'NONE',  ( 1.481718509849552606E-15, 0.9987686379936984160, 0.04961056097458502179 ) ) ;
#1662 = DIRECTION ( 'NONE',  ( -1.140905882208934397E-13, 0.9987686379937031900, 0.04961056097448531682 ) ) ;
#1663 = DIRECTION ( 'NONE',  ( -2.368475785869285424E-15, -0.9987686379936980829, -0.04961056097458500097 ) ) ;
#1664 = LINE ( 'NONE', #4207, #3859 ) ;
#1665 = DIRECTION ( 'NONE',  ( 0.9999999815015169213, -9.542390534402928566E-06, 0.0001921091057997267946 ) ) ;
#1666 = DIRECTION ( 'NONE',  ( 1.140924983549660398E-13, -0.9987686379937031900, -0.04961056097448531682 ) ) ;
#1667 = CARTESIAN_POINT ( 'NONE',  ( 365.4643693380000400, 195.7687739650000083, 196.4614389580000022 ) ) ;
#1668 = DIRECTION ( 'NONE',  ( -0.9999999999999826805, -1.860384578907264319E-07, 0.000000000000000000 ) ) ;
#1669 = VERTEX_POINT ( 'NONE', #307 ) ;
#1670 = EDGE_CURVE ( 'NONE', #2245, #92, #2368, .T. ) ;
#1671 = ADVANCED_FACE ( 'NONE', ( #6413 ), #2026, .F. ) ;
#1672 = DIRECTION ( 'NONE',  ( 1.090974494416728162E-13, -0.9987686379937031900, -0.04961056097448661439 ) ) ;
#1673 = ORIENTED_EDGE ( 'NONE', *, *, #2309, .T. ) ;
#1674 = ADVANCED_FACE ( 'NONE', ( #2697 ), #5216, .F. ) ;
#1675 = LINE ( 'NONE', #4807, #3592 ) ;
#1676 = CLOSED_SHELL ( 'NONE', ( #7992, #4930, #1082, #4123, #5461, #111, #1035, #3536, #6079, #5180, #266, #7443, #3544, #3773, #6694, #6120, #2004, #2406, #4785, #4825, #4933, #1829, #5757, #3479, #5590, #6276, #4176, #6176, #1939, #4638 ) ) ;
#1677 = ORIENTED_EDGE ( 'NONE', *, *, #4005, .T. ) ;
#1678 = ORIENTED_EDGE ( 'NONE', *, *, #5406, .T. ) ;
#1679 = CARTESIAN_POINT ( 'NONE',  ( 117.6999724110000187, 249.0157354779999821, 21.47056892589999677 ) ) ;
#1680 = DIRECTION ( 'NONE',  ( -1.136868377219662335E-13, 0.9987686379937030789, 0.04961056097448530988 ) ) ;
#1681 = CIRCLE ( 'NONE', #628, 2.500000046249998942 ) ;
#1682 = AXIS2_PLACEMENT_3D ( 'NONE', #1045, #3606, #6544 ) ;
#1683 = EDGE_LOOP ( 'NONE', ( #397, #7254 ) ) ;
#1684 = EDGE_CURVE ( 'NONE', #3195, #6363, #7687, .T. ) ;
#1685 = FACE_OUTER_BOUND ( 'NONE', #5632, .T. ) ;
#1686 = EDGE_LOOP ( 'NONE', ( #4150, #3642 ) ) ;
#1687 = ORIENTED_EDGE ( 'NONE', *, *, #7386, .F. ) ;
#1688 = AXIS2_PLACEMENT_3D ( 'NONE', #5501, #3718, #1124 ) ;
#1689 = CIRCLE ( 'NONE', #6359, 10.00000000000000888 ) ;
#1690 = CYLINDRICAL_SURFACE ( 'NONE', #4746, 2.500000046249999386 ) ;
#1691 = EDGE_CURVE ( 'NONE', #7070, #291, #7674, .T. ) ;
#1692 = CARTESIAN_POINT ( 'NONE',  ( 117.6999751809999992, 235.1599094350000030, 300.4110314569999787 ) ) ;
#1693 = CARTESIAN_POINT ( 'NONE',  ( 307.6999813259999996, 247.4820747329999904, 22.11089193319999779 ) ) ;
#1694 = DIRECTION ( 'NONE',  ( 1.000000000000000000, 1.110223004086028302E-13, 5.551115020430141666E-15 ) ) ;
#1695 = ORIENTED_EDGE ( 'NONE', *, *, #3841, .T. ) ;
#1696 = CARTESIAN_POINT ( 'NONE',  ( 242.3409974379999881, 239.9847092509999982, 173.0492976620000150 ) ) ;
#1697 = CARTESIAN_POINT ( 'NONE',  ( 260.0204893620000348, 247.2695481259999895, 26.38951538289999732 ) ) ;
#1698 = CIRCLE ( 'NONE', #5954, 2.500000046249998942 ) ;
#1699 = AXIS2_PLACEMENT_3D ( 'NONE', #5203, #2173, #1469 ) ;
#1700 = ORIENTED_EDGE ( 'NONE', *, *, #5093, .T. ) ;
#1701 = ORIENTED_EDGE ( 'NONE', *, *, #3981, .F. ) ;
#1702 = ORIENTED_EDGE ( 'NONE', *, *, #6013, .T. ) ;
#1703 = AXIS2_PLACEMENT_3D ( 'NONE', #1692, #4237, #8055 ) ;
#1704 = VECTOR ( 'NONE', #3407, 1000.000000000000114 ) ;
#1705 = AXIS2_PLACEMENT_3D ( 'NONE', #3627, #3593, #6131 ) ;
#1706 = ORIENTED_EDGE ( 'NONE', *, *, #5602, .F. ) ;
#1707 = DIRECTION ( 'NONE',  ( 1.136617288148282213E-13, -0.9987686379937031900, -0.04961056097448531682 ) ) ;
#1708 = CARTESIAN_POINT ( 'NONE',  ( 135.3794671060000212, 192.4253846299999964, 293.9991534460000366 ) ) ;
#1709 = LINE ( 'NONE', #959, #6900 ) ;
#1710 = CARTESIAN_POINT ( 'NONE',  ( 362.6999812869999573, 193.3383761219999997, 215.1551429829999904 ) ) ;
#1711 = FACE_BOUND ( 'NONE', #7594, .T. ) ;
#1712 = AXIS2_PLACEMENT_3D ( 'NONE', #4269, #3805, #1931 ) ;
#1713 = VECTOR ( 'NONE', #1606, 1000.000000000000341 ) ;
#1714 = DIRECTION ( 'NONE',  ( 1.000000000000000000, 0.000000000000000000, 0.000000000000000000 ) ) ;
#1715 = FACE_OUTER_BOUND ( 'NONE', #3934, .T. ) ;
#1716 = AXIS2_PLACEMENT_3D ( 'NONE', #1724, #4266, #1567 ) ;
#1717 = ORIENTED_EDGE ( 'NONE', *, *, #4180, .F. ) ;
#1718 = DIRECTION ( 'NONE',  ( 1.000000000000000000, 1.137978600240785201E-13, 5.551115123125781913E-15 ) ) ;
#1719 = CIRCLE ( 'NONE', #7055, 2.500000046250006047 ) ;
#1720 = DIRECTION ( 'NONE',  ( 0.000000000000000000, -0.9987692511623390557, -0.04959821501445880326 ) ) ;
#1721 = CARTESIAN_POINT ( 'NONE',  ( 49.93558712990000004, 197.2665795550000212, 196.5353560879999861 ) ) ;
#1722 = ORIENTED_EDGE ( 'NONE', *, *, #14, .T. ) ;
#1723 = AXIS2_PLACEMENT_3D ( 'NONE', #6460, #4537, #826 ) ;
#1724 = CARTESIAN_POINT ( 'NONE',  ( 362.6999812869999573, 237.2874271909999777, 227.3514598719999924 ) ) ;
#1725 = VERTEX_POINT ( 'NONE', #6104 ) ;
#1726 = AXIS2_PLACEMENT_3D ( 'NONE', #7249, #1661, #4047 ) ;
#1727 = EDGE_LOOP ( 'NONE', ( #6701, #4981, #4182, #5231 ) ) ;
#1728 = EDGE_CURVE ( 'NONE', #7612, #7220, #366, .T. ) ;
#1729 = ADVANCED_FACE ( 'NONE', ( #3016 ), #4760, .F. ) ;
#1730 = CARTESIAN_POINT ( 'NONE',  ( 270.0204894089999925, 203.0723726800000009, 19.18848259450000171 ) ) ;
#1731 = FACE_BOUND ( 'NONE', #5582, .T. ) ;
#1732 = ADVANCED_FACE ( 'NONE', ( #4920 ), #2218, .F. ) ;
#1733 = EDGE_LOOP ( 'NONE', ( #3456, #1961 ) ) ;
#1734 = EDGE_CURVE ( 'NONE', #4220, #4842, #6498, .T. ) ;
#1735 = VERTEX_POINT ( 'NONE', #4264 ) ;
#1736 = DIRECTION ( 'NONE',  ( 1.140924983540252380E-13, -0.9987686379937031900, -0.04961056097448531682 ) ) ;
#1737 = EDGE_CURVE ( 'NONE', #6112, #391, #4142, .T. ) ;
#1738 = ADVANCED_FACE ( 'NONE', ( #1090 ), #2400, .F. ) ;
#1739 = CARTESIAN_POINT ( 'NONE',  ( 367.6999812870000142, 238.3494408720000024, 236.2063091990000032 ) ) ;
#1740 = DIRECTION ( 'NONE',  ( -1.140924983549660398E-13, 0.9987686379937031900, 0.04961056097448531682 ) ) ;
#1741 = CARTESIAN_POINT ( 'NONE',  ( 135.3794643810000196, 248.7676588260000017, 26.46489222559999988 ) ) ;
#1742 = ORIENTED_EDGE ( 'NONE', *, *, #3586, .T. ) ;
#1743 = AXIS2_PLACEMENT_3D ( 'NONE', #3886, #5045, #1210 ) ;
#1744 = DIRECTION ( 'NONE',  ( 1.000000000000000000, 0.000000000000000000, 0.000000000000000000 ) ) ;
#1745 = ORIENTED_EDGE ( 'NONE', *, *, #4180, .T. ) ;
#1746 = EDGE_LOOP ( 'NONE', ( #137, #1328, #4812, #2726 ) ) ;
#1747 = ORIENTED_EDGE ( 'NONE', *, *, #2408, .T. ) ;
#1748 = FACE_BOUND ( 'NONE', #1686, .T. ) ;
#1749 = DIRECTION ( 'NONE',  ( -1.140924983549660398E-13, 0.9987686379937031900, 0.04961056097448531682 ) ) ;
#1750 = CYLINDRICAL_SURFACE ( 'NONE', #2513, 2.500000046249985619 ) ;
#1751 = CIRCLE ( 'NONE', #3890, 2.500000046249998942 ) ;
#1752 = DIRECTION ( 'NONE',  ( 1.136675133409662280E-13, -0.9987686379937031900, -0.04961056097448531682 ) ) ;
#1753 = LINE ( 'NONE', #1122, #6224 ) ;
#1754 = DIRECTION ( 'NONE',  ( -1.141030240193518302E-13, 0.9987686379937031900, 0.04961056097448531682 ) ) ;
#1755 = ORIENTED_EDGE ( 'NONE', *, *, #6743, .F. ) ;
#1756 = CARTESIAN_POINT ( 'NONE',  ( 362.6999804669999889, 244.3626930989999835, 115.1463354979999849 ) ) ;
#1757 = AXIS2_PLACEMENT_3D ( 'NONE', #5933, #7186, #3363 ) ;
#1758 = CARTESIAN_POINT ( 'NONE',  ( 362.6999812869999573, 236.7815331659999742, 207.3007107250000161 ) ) ;
#1759 = DIRECTION ( 'NONE',  ( 1.000000000000000000, 1.110223004086028302E-13, 1.110223004086028333E-14 ) ) ;
#1760 = LINE ( 'NONE', #4303, #877 ) ;
#1761 = ORIENTED_EDGE ( 'NONE', *, *, #306, .T. ) ;
#1762 = CARTESIAN_POINT ( 'NONE',  ( 173.0589590300000111, 233.6262541579999947, 301.0513546440000141 ) ) ;
#1763 = ORIENTED_EDGE ( 'NONE', *, *, #2241, .F. ) ;
#1764 = VERTEX_POINT ( 'NONE', #4804 ) ;
#1765 = EDGE_LOOP ( 'NONE', ( #3533, #2732, #3002, #1722 ) ) ;
#1766 = FACE_BOUND ( 'NONE', #4162, .T. ) ;
#1767 = CARTESIAN_POINT ( 'NONE',  ( 137.8794643810000196, 204.3224782919999711, 24.25674196639999991 ) ) ;
#1768 = AXIS2_PLACEMENT_3D ( 'NONE', #7514, #2417, #3818 ) ;
#1769 = CYLINDRICAL_SURFACE ( 'NONE', #1436, 2.500000046249988284 ) ;
#1770 = ORIENTED_EDGE ( 'NONE', *, *, #1598, .F. ) ;
#1771 = EDGE_CURVE ( 'NONE', #6362, #2352, #1572, .T. ) ;
#1772 = ORIENTED_EDGE ( 'NONE', *, *, #3681, .F. ) ;
#1773 = VECTOR ( 'NONE', #5962, 1000.000000000000114 ) ;
#1774 = CARTESIAN_POINT ( 'NONE',  ( 132.8794643810000196, 247.2695297229999767, 26.38999613440000047 ) ) ;
#1775 = DIRECTION ( 'NONE',  ( -1.000000000000000000, 0.000000000000000000, 1.144185085590000117E-13 ) ) ;
#1776 = DIRECTION ( 'NONE',  ( 1.140924983549660398E-13, -0.9987686379937031900, -0.04961056097448531682 ) ) ;
#1777 = EDGE_CURVE ( 'NONE', #6000, #2380, #5506, .T. ) ;
#1778 = CARTESIAN_POINT ( 'NONE',  ( 137.8794643810000196, 202.8243253349999975, 24.18232612499999590 ) ) ;
#1779 = EDGE_CURVE ( 'NONE', #7501, #5133, #966, .T. ) ;
#1780 = FACE_OUTER_BOUND ( 'NONE', #222, .T. ) ;
#1781 = DIRECTION ( 'NONE',  ( -1.140924983549660398E-13, 0.9987686379937031900, 0.04961056097448531682 ) ) ;
#1782 = AXIS2_PLACEMENT_3D ( 'NONE', #5539, #8117, #2271 ) ;
#1783 = ORIENTED_EDGE ( 'NONE', *, *, #3109, .T. ) ;
#1784 = ORIENTED_EDGE ( 'NONE', *, *, #2972, .F. ) ;
#1785 = EDGE_CURVE ( 'NONE', #831, #2439, #3644, .T. ) ;
#1786 = ORIENTED_EDGE ( 'NONE', *, *, #1533, .T. ) ;
#1787 = LINE ( 'NONE', #4455, #5127 ) ;
#1788 = CIRCLE ( 'NONE', #2735, 2.500000046250006047 ) ;
#1789 = CYLINDRICAL_SURFACE ( 'NONE', #3386, 2.500000046249988284 ) ;
#1790 = FACE_OUTER_BOUND ( 'NONE', #3208, .T. ) ;
#1791 = ADVANCED_FACE ( 'NONE', ( #3566 ), #4840, .F. ) ;
#1792 = DIRECTION ( 'NONE',  ( 1.000000000000000000, 1.110223004086028302E-13, 5.551115020430141666E-15 ) ) ;
#1793 = CARTESIAN_POINT ( 'NONE',  ( 270.0204893619999780, 248.7677010790000054, 26.46393131660000009 ) ) ;
#1794 = LINE ( 'NONE', #3089, #66 ) ;
#1795 = EDGE_CURVE ( 'NONE', #2278, #4409, #1639, .T. ) ;
#1796 = CC_DESIGN_APPROVAL ( #3369, ( #46 ) ) ;
#1797 = DIRECTION ( 'NONE',  ( 1.000000000000000000, 1.138292811657849152E-13, 5.530167506030036336E-15 ) ) ;
#1798 = AXIS2_PLACEMENT_3D ( 'NONE', #6991, #652, #1357 ) ;
#1799 = ORIENTED_EDGE ( 'NONE', *, *, #1777, .F. ) ;
#1800 = ORIENTED_EDGE ( 'NONE', *, *, #7332, .F. ) ;
#1801 = DIRECTION ( 'NONE',  ( 1.481718509849552606E-15, 0.9987686379936984160, 0.04961056097458502179 ) ) ;
#1802 = SECURITY_CLASSIFICATION ( '', '', #2163 ) ;
#1803 = AXIS2_PLACEMENT_3D ( 'NONE', #1529, #3994, #4069 ) ;
#1804 = LINE ( 'NONE', #7625, #7150 ) ;
#1805 = DIRECTION ( 'NONE',  ( 0.000000000000000000, -0.9987680247135006795, -0.04962290610083169157 ) ) ;
#1806 = VECTOR ( 'NONE', #5780, 1000.000000000000114 ) ;
#1807 = ORIENTED_EDGE ( 'NONE', *, *, #6783, .F. ) ;
#1808 = DIRECTION ( 'NONE',  ( -1.140924983549663175E-13, 0.9987686379937031900, 0.04961056097448531682 ) ) ;
#1809 = VERTEX_POINT ( 'NONE', #7462 ) ;
#1810 = ORIENTED_EDGE ( 'NONE', *, *, #1895, .F. ) ;
#1811 = CARTESIAN_POINT ( 'NONE',  ( 165.3794643810000196, 247.2695535940000013, 26.38951556209999794 ) ) ;
#1812 = VECTOR ( 'NONE', #300, 1000.000000000000114 ) ;
#1813 = DIRECTION ( 'NONE',  ( -1.000000000000000000, -1.137978600240784444E-13, 5.551115123125777969E-15 ) ) ;
#1814 = AXIS2_PLACEMENT_3D ( 'NONE', #4985, #1830, #2556 ) ;
#1815 = ORIENTED_EDGE ( 'NONE', *, *, #4630, .T. ) ;
#1816 = EDGE_LOOP ( 'NONE', ( #4108, #3522, #5166, #7049 ) ) ;
#1817 = CARTESIAN_POINT ( 'NONE',  ( 117.6999751809999992, 190.7147050439999987, 298.2033614940000348 ) ) ;
#1818 = LINE ( 'NONE', #2418, #2529 ) ;
#1819 = FACE_OUTER_BOUND ( 'NONE', #2766, .T. ) ;
#1820 = CARTESIAN_POINT ( 'NONE',  ( 366.2565266140000517, 200.3437918550000063, 74.12075709949999691 ) ) ;
#1821 = DIRECTION ( 'NONE',  ( 1.000000000000000000, 1.137978600240785959E-13, 5.551115123125785858E-15 ) ) ;
#1822 = CARTESIAN_POINT ( 'NONE',  ( 173.0589562629999989, 204.5511466869999992, 19.65314915580000132 ) ) ;
#1823 = ORIENTED_EDGE ( 'NONE', *, *, #2704, .T. ) ;
#1824 = DIRECTION ( 'NONE',  ( 1.136675133409662280E-13, -0.9987686379937031900, -0.04961056097448531682 ) ) ;
#1825 = AXIS2_PLACEMENT_3D ( 'NONE', #6963, #3090, #6259 ) ;
#1826 = ORIENTED_EDGE ( 'NONE', *, *, #822, .F. ) ;
#1827 = VERTEX_POINT ( 'NONE', #4215 ) ;
#1828 = AXIS2_PLACEMENT_3D ( 'NONE', #6904, #4442, #5629 ) ;
#1829 = ADVANCED_FACE ( 'NONE', ( #6730 ), #2942, .F. ) ;
#1830 = DIRECTION ( 'NONE',  ( 1.136675133409662280E-13, -0.9987686379937031900, -0.04961056097448531682 ) ) ;
#1831 = AXIS2_PLACEMENT_3D ( 'NONE', #2377, #4283, #7480 ) ;
#1832 = EDGE_CURVE ( 'NONE', #3887, #6777, #7382, .T. ) ;
#1833 = DIRECTION ( 'NONE',  ( -1.140924983539660419E-13, 0.9987686379937031900, 0.04961056097448531682 ) ) ;
#1834 = AXIS2_PLACEMENT_3D ( 'NONE', #1758, #6225, #5425 ) ;
#1835 = EDGE_CURVE ( 'NONE', #6941, #3600, #8042, .T. ) ;
#1836 = DIRECTION ( 'NONE',  ( 2.121055604815826340E-14, 0.9987686379936984160, 0.04961056097458062253 ) ) ;
#1837 = DIRECTION ( 'NONE',  ( 1.000000000000000000, 1.110223004086028302E-13, 5.551115020430141666E-15 ) ) ;
#1838 = CARTESIAN_POINT ( 'NONE',  ( 125.3794643810000053, 247.2695058640000241, 26.39047647630000171 ) ) ;
#1839 = CARTESIAN_POINT ( 'NONE',  ( 260.0204893620000348, 189.4294260830000098, 293.8508204749999777 ) ) ;
#1840 = EDGE_CURVE ( 'NONE', #4908, #1960, #7418, .T. ) ;
#1841 = AXIS2_PLACEMENT_3D ( 'NONE', #4192, #2828, #7355 ) ;
#1842 = ORIENTED_EDGE ( 'NONE', *, *, #3, .T. ) ;
#1843 = EDGE_CURVE ( 'NONE', #793, #5055, #2507, .T. ) ;
#1844 = VECTOR ( 'NONE', #2727, 1000.000000000000114 ) ;
#1845 = FACE_BOUND ( 'NONE', #6805, .T. ) ;
#1846 = FACE_BOUND ( 'NONE', #6033, .T. ) ;
#1847 = EDGE_CURVE ( 'NONE', #5401, #5393, #6763, .T. ) ;
#1848 = DIRECTION ( 'NONE',  ( 1.481718509849552606E-15, 0.9987686379936984160, 0.04961056097458502179 ) ) ;
#1849 = CIRCLE ( 'NONE', #7419, 60.22727286730000884 ) ;
#1850 = AXIS2_PLACEMENT_3D ( 'NONE', #6776, #6871, #5604 ) ;
#1851 = VECTOR ( 'NONE', #3881, 1000.000000000000341 ) ;
#1852 = EDGE_LOOP ( 'NONE', ( #245, #5607 ) ) ;
#1853 = CARTESIAN_POINT ( 'NONE',  ( 272.5204893619999780, 235.3728072870000005, 296.1324260069999923 ) ) ;
#1854 = VERTEX_POINT ( 'NONE', #3235 ) ;
#1855 = EDGE_CURVE ( 'NONE', #7220, #3731, #1804, .T. ) ;
#1856 = VERTEX_POINT ( 'NONE', #7590 ) ;
#1857 = AXIS2_PLACEMENT_3D ( 'NONE', #2863, #2190, #4032 ) ;
#1858 = CIRCLE ( 'NONE', #4775, 2.500000046250006047 ) ;
#1859 = FACE_OUTER_BOUND ( 'NONE', #1112, .T. ) ;
#1860 = LINE ( 'NONE', #6787, #8208 ) ;
#1861 = AXIS2_PLACEMENT_3D ( 'NONE', #7371, #1626, #6093 ) ;
#1862 = AXIS2_PLACEMENT_3D ( 'NONE', #5698, #7737, #4041 ) ;
#1863 = LINE ( 'NONE', #1944, #7144 ) ;
#1864 = VERTEX_POINT ( 'NONE', #5754 ) ;
#1865 = ORIENTED_EDGE ( 'NONE', *, *, #1276, .F. ) ;
#1866 = ORIENTED_EDGE ( 'NONE', *, *, #1892, .F. ) ;
#1867 = DIRECTION ( 'NONE',  ( -1.481718509849552606E-15, -0.9987686379936984160, -0.04961056097458502179 ) ) ;
#1868 = DIRECTION ( 'NONE',  ( 1.140924983539660419E-13, -0.9987686379937031900, -0.04961056097448531682 ) ) ;
#1869 = DIRECTION ( 'NONE',  ( -1.136868377219662335E-13, 0.9987686379937030789, 0.04961056097448530988 ) ) ;
#1870 = CYLINDRICAL_SURFACE ( 'NONE', #6196, 9.999999999999982236 ) ;
#1871 = DIRECTION ( 'NONE',  ( 1.136675133409662280E-13, -0.9987686379937031900, -0.04961056097448531682 ) ) ;
#1872 = CARTESIAN_POINT ( 'NONE',  ( 297.6999812869999573, 232.1639508880000164, 300.2626984860000334 ) ) ;
#1873 = VERTEX_POINT ( 'NONE', #6436 ) ;
#1874 = CARTESIAN_POINT ( 'NONE',  ( 58.90552426510000572, 243.1832789210000101, 78.41962647399999753 ) ) ;
#1875 = ORIENTED_EDGE ( 'NONE', *, *, #2094, .F. ) ;
#1876 = VERTEX_POINT ( 'NONE', #18 ) ;
#1877 = DIRECTION ( 'NONE',  ( -1.141054688951602162E-13, 0.9987686379937031900, 0.04961056097448531682 ) ) ;
#1878 = FACE_BOUND ( 'NONE', #1568, .T. ) ;
#1879 = EDGE_LOOP ( 'NONE', ( #141, #2855 ) ) ;
#1880 = DIRECTION ( 'NONE',  ( 1.000000000000000000, 3.593851479590000137E-15, -1.057619149710000070E-13 ) ) ;
#1881 = FACE_OUTER_BOUND ( 'NONE', #3403, .T. ) ;
#1882 = PERSON_AND_ORGANIZATION_ROLE ( 'design_owner' ) ;
#1883 = CARTESIAN_POINT ( 'NONE',  ( 297.6999812869999573, 195.6617174509999870, 228.8522174039999868 ) ) ;
#1884 = DIRECTION ( 'NONE',  ( 1.140924983539660419E-13, -0.9987686379937031900, -0.04961056097448531682 ) ) ;
#1885 = ORIENTED_EDGE ( 'NONE', *, *, #6082, .F. ) ;
#1886 = PRODUCT_RELATED_PRODUCT_CATEGORY ( 'detail', '', ( #1224 ) ) ;
#1887 = DIRECTION ( 'NONE',  ( -9.218202680209998637E-09, 0.000000000000000000, 0.9999999999999998890 ) ) ;
#1888 = PLANE ( 'NONE',  #5868 ) ;
#1889 = DIRECTION ( 'NONE',  ( -0.9999999815032921680, 9.541932656231572824E-06, -0.0001920998877027781657 ) ) ;
#1890 = EDGE_LOOP ( 'NONE', ( #4976, #5459, #269, #3764 ) ) ;
#1891 = DIRECTION ( 'NONE',  ( 0.000000000000000000, -0.9987686379936980829, -0.04961056097458500097 ) ) ;
#1892 = EDGE_CURVE ( 'NONE', #5631, #3666, #4614, .T. ) ;
#1893 = EDGE_CURVE ( 'NONE', #464, #3341, #3057, .T. ) ;
#1894 = VERTEX_POINT ( 'NONE', #8118 ) ;
#1895 = EDGE_CURVE ( 'NONE', #2929, #722, #2227, .T. ) ;
#1896 = DIRECTION ( 'NONE',  ( 2.121055604815826340E-14, 0.9987686379936984160, 0.04961056097458062253 ) ) ;
#1897 = EDGE_LOOP ( 'NONE', ( #2223, #4940, #2694, #6123 ) ) ;
#1898 = EDGE_CURVE ( 'NONE', #3942, #7156, #3852, .T. ) ;
#1899 = ORIENTED_EDGE ( 'NONE', *, *, #206, .F. ) ;
#1900 = DIRECTION ( 'NONE',  ( 0.000000000000000000, 0.04961056097448530988, -0.9987686379937030789 ) ) ;
#1901 = DIRECTION ( 'NONE',  ( -0.9999999815015169213, 9.542390523300698320E-06, -0.0001921091057331134131 ) ) ;
#1902 = EDGE_CURVE ( 'NONE', #1258, #7969, #4468, .T. ) ;
#1903 = DIRECTION ( 'NONE',  ( 1.140917689170156192E-13, -0.9987686379937031900, -0.04961056097448531682 ) ) ;
#1904 = ORIENTED_EDGE ( 'NONE', *, *, #3374, .T. ) ;
#1905 = EDGE_CURVE ( 'NONE', #6320, #773, #1300, .T. ) ;
#1906 = DIRECTION ( 'NONE',  ( 1.000000000000000000, 1.110223004086028302E-13, 5.551115020430141666E-15 ) ) ;
#1907 = VERTEX_POINT ( 'NONE', #7498 ) ;
#1908 = ORIENTED_EDGE ( 'NONE', *, *, #6169, .F. ) ;
#1909 = DIRECTION ( 'NONE',  ( -1.140924983549660398E-13, 0.9987686379937031900, 0.04961056097448531682 ) ) ;
#1910 = FACE_OUTER_BOUND ( 'NONE', #2799, .T. ) ;
#1911 = DIRECTION ( 'NONE',  ( 1.140929279290950356E-13, -0.9987686379937031900, -0.04961056097448531682 ) ) ;
#1912 = EDGE_CURVE ( 'NONE', #2037, #314, #1689, .T. ) ;
#1913 = DIRECTION ( 'NONE',  ( -1.140894302930162220E-13, 0.9987686379937031900, 0.04961056097448531682 ) ) ;
#1914 = CARTESIAN_POINT ( 'NONE',  ( 307.6999812870000142, 189.2168994550000036, 298.1294443639999940 ) ) ;
#1915 = ORIENTED_EDGE ( 'NONE', *, *, #3275, .F. ) ;
#1916 = DIRECTION ( 'NONE',  ( 1.481718509849552606E-15, 0.9987686379936984160, 0.04961056097458502179 ) ) ;
#1917 = VECTOR ( 'NONE', #5252, 1000.000000000000000 ) ;
#1918 = ORIENTED_EDGE ( 'NONE', *, *, #7930, .T. ) ;
#1919 = CARTESIAN_POINT ( 'NONE',  ( 250.0204893620000064, 235.3727834310000162, 296.1329062799999861 ) ) ;
#1920 = AXIS2_PLACEMENT_3D ( 'NONE', #5708, #3267, #8196 ) ;
#1921 = CARTESIAN_POINT ( 'NONE',  ( 55.19997518130000458, 195.3322634660000290, 205.2418540049999933 ) ) ;
#1922 = EDGE_LOOP ( 'NONE', ( #375, #7977 ) ) ;
#1923 = CARTESIAN_POINT ( 'NONE',  ( 362.6999805599999718, 241.8624450830000114, 105.0107779800000145 ) ) ;
#1924 = CARTESIAN_POINT ( 'NONE',  ( 365.1999804669999889, 199.9174648519999948, 112.9391458300000011 ) ) ;
#1925 = APPROVAL_STATUS ( 'not_yet_approved' ) ;
#1926 = CARTESIAN_POINT ( 'NONE',  ( 270.0204893619999780, 247.2695004100000062, 26.39047602060000131 ) ) ;
#1927 = FACE_OUTER_BOUND ( 'NONE', #3579, .T. ) ;
#1928 = CIRCLE ( 'NONE', #2053, 2.500000046249998942 ) ;
#1929 = CYLINDRICAL_SURFACE ( 'NONE', #4699, 10.00000000000000178 ) ;
#1930 = FACE_OUTER_BOUND ( 'NONE', #4324, .T. ) ;
#1931 = DIRECTION ( 'NONE',  ( 1.000000000000000000, 1.110223004086028302E-13, 5.551115020430141666E-15 ) ) ;
#1932 = ORIENTED_EDGE ( 'NONE', *, *, #8078, .T. ) ;
#1933 = DIRECTION ( 'NONE',  ( -1.136675133409662280E-13, 0.9987686379937031900, 0.04961056097448531682 ) ) ;
#1934 = AXIS2_PLACEMENT_3D ( 'NONE', #2503, #3255, #6290 ) ;
#1935 = VECTOR ( 'NONE', #6829, 1000.000000000000114 ) ;
#1936 = ORIENTED_EDGE ( 'NONE', *, *, #2822, .F. ) ;
#1937 = VERTEX_POINT ( 'NONE', #7665 ) ;
#1938 = EDGE_LOOP ( 'NONE', ( #4819, #1706, #1199, #5737 ) ) ;
#1939 = ADVANCED_FACE ( 'NONE', ( #676 ), #4512, .F. ) ;
#1940 = EDGE_CURVE ( 'NONE', #4072, #515, #1297, .T. ) ;
#1941 = VECTOR ( 'NONE', #4936, 1000.000000000000114 ) ;
#1942 = EDGE_CURVE ( 'NONE', #6422, #3039, #3032, .T. ) ;
#1943 = DIRECTION ( 'NONE',  ( 1.000000000000000000, 1.110223004086028302E-13, 5.551115020430141666E-15 ) ) ;
#1944 = CARTESIAN_POINT ( 'NONE',  ( 247.5204893620000348, 233.8746543299999985, 296.0580101659999741 ) ) ;
#1945 = ORIENTED_EDGE ( 'NONE', *, *, #4479, .T. ) ;
#1946 = ORIENTED_EDGE ( 'NONE', *, *, #6492, .F. ) ;
#1947 = EDGE_CURVE ( 'NONE', #773, #3978, #5715, .T. ) ;
#1948 = LINE ( 'NONE', #7073, #4633 ) ;
#1949 = EDGE_CURVE ( 'NONE', #3504, #1425, #4763, .T. ) ;
#1950 = CARTESIAN_POINT ( 'NONE',  ( 270.0204893619999780, 248.7676533670000083, 26.46489186210000000 ) ) ;
#1951 = CARTESIAN_POINT ( 'NONE',  ( 135.3794643810000196, 245.7714006230000052, 26.31509999720000081 ) ) ;
#1952 = ORIENTED_EDGE ( 'NONE', *, *, #2252, .T. ) ;
#1953 = CARTESIAN_POINT ( 'NONE',  ( 367.6999812870000142, 192.4060835239999960, 233.9242233949999843 ) ) ;
#1954 = EDGE_LOOP ( 'NONE', ( #3184, #142 ) ) ;
#1955 = DIRECTION ( 'NONE',  ( 1.481718509849552606E-15, 0.9987686379936984160, 0.04961056097458502179 ) ) ;
#1956 = ORIENTED_EDGE ( 'NONE', *, *, #3817, .F. ) ;
#1957 = DIRECTION ( 'NONE',  ( 0.9999999815015169213, -9.542390534402928566E-06, 0.0001921091057997267946 ) ) ;
#1958 = CARTESIAN_POINT ( 'NONE',  ( 117.6999730590000013, 202.5846696419999660, 89.47811247570000148 ) ) ;
#1959 = FACE_OUTER_BOUND ( 'NONE', #2802, .T. ) ;
#1960 = VERTEX_POINT ( 'NONE', #3767 ) ;
#1961 = ORIENTED_EDGE ( 'NONE', *, *, #2711, .T. ) ;
#1962 = CARTESIAN_POINT ( 'NONE',  ( 52.69997318429999922, 241.8624982580000164, 105.0098177060000069 ) ) ;
#1963 = CARTESIAN_POINT ( 'NONE',  ( 257.5204893619999780, 247.2695242719999840, 26.38999563259999803 ) ) ;
#1964 = CIRCLE ( 'NONE', #365, 2.500000046250006047 ) ;
#1965 = AXIS2_PLACEMENT_3D ( 'NONE', #5177, #893, #3454 ) ;
#1966 = DIRECTION ( 'NONE',  ( 1.480621126432742371E-15, 0.9987686379936981940, 0.04961056097458500791 ) ) ;
#1967 = CARTESIAN_POINT ( 'NONE',  ( 366.2565265220000015, 202.8439921600000275, 84.25727516230000447 ) ) ;
#1968 = FACE_BOUND ( 'NONE', #1954, .T. ) ;
#1969 = AXIS2_PLACEMENT_3D ( 'NONE', #7036, #6569, #775 ) ;
#1970 = VECTOR ( 'NONE', #3096, 1000.000000000000114 ) ;
#1971 = EDGE_LOOP ( 'NONE', ( #37, #1319 ) ) ;
#1972 = LINE ( 'NONE', #1298, #7311 ) ;
#1973 = ORIENTED_EDGE ( 'NONE', *, *, #4580, .F. ) ;
#1974 = DIRECTION ( 'NONE',  ( 1.481718509849552606E-15, 0.9987686379936984160, 0.04961056097458502179 ) ) ;
#1975 = CIRCLE ( 'NONE', #2232, 10.00000000000000888 ) ;
#1976 = ORIENTED_EDGE ( 'NONE', *, *, #367, .T. ) ;
#1977 = EDGE_LOOP ( 'NONE', ( #7206, #5795, #1471, #6647 ) ) ;
#1978 = ORIENTED_EDGE ( 'NONE', *, *, #2816, .T. ) ;
#1979 = VECTOR ( 'NONE', #651, 1000.000000000000114 ) ;
#1980 = CIRCLE ( 'NONE', #6903, 2.500000046250006047 ) ;
#1981 = CIRCLE ( 'NONE', #121, 10.00000000000000888 ) ;
#1982 = DIRECTION ( 'NONE',  ( 1.000000000000000000, 2.775557561562888984E-15, -1.110223024625155531E-13 ) ) ;
#1983 = LINE ( 'NONE', #1387, #640 ) ;
#1984 = VECTOR ( 'NONE', #2696, 1000.000000000000341 ) ;
#1985 = CARTESIAN_POINT ( 'NONE',  ( 250.0204893620000064, 190.9275790399999835, 293.9252363169999853 ) ) ;
#1986 = ORIENTED_EDGE ( 'NONE', *, *, #3219, .F. ) ;
#1987 = AXIS2_PLACEMENT_3D ( 'NONE', #1708, #383, #5532 ) ;
#1988 = EDGE_LOOP ( 'NONE', ( #6435, #4894 ) ) ;
#1989 = ORIENTED_EDGE ( 'NONE', *, *, #4323, .F. ) ;
#1990 = EDGE_CURVE ( 'NONE', #2749, #3082, #6770, .T. ) ;
#1991 = DIRECTION ( 'NONE',  ( 1.000000000000000000, 3.534288039560000252E-15, -1.099714186670000022E-13 ) ) ;
#1992 = DIRECTION ( 'NONE',  ( 0.9999999815032921680, 9.541932878276174361E-06, -0.0001920998876014703147 ) ) ;
#1993 = VECTOR ( 'NONE', #3926, 1000.000000000000341 ) ;
#1994 = CARTESIAN_POINT ( 'NONE',  ( 242.3409974379999881, 192.1873952610000060, 298.7978897240000151 ) ) ;
#1995 = CIRCLE ( 'NONE', #5987, 2.500000046250006047 ) ;
#1996 = ORIENTED_EDGE ( 'NONE', *, *, #3161, .T. ) ;
#1997 = CARTESIAN_POINT ( 'NONE',  ( 52.69997309199999336, 245.3548620700000242, 95.17192355450001173 ) ) ;
#1998 = EDGE_CURVE ( 'NONE', #6939, #4615, #3140, .T. ) ;
#1999 = ADVANCED_FACE ( 'NONE', ( #217 ), #7874, .T. ) ;
#2000 = VERTEX_POINT ( 'NONE', #1380 ) ;
#2001 = CARTESIAN_POINT ( 'NONE',  ( 282.5204893619999780, 233.8746543299999985, 296.0580101659999741 ) ) ;
#2002 = ORIENTED_EDGE ( 'NONE', *, *, #2470, .T. ) ;
#2003 = EDGE_CURVE ( 'NONE', #2439, #1864, #2767, .T. ) ;
#2004 = ADVANCED_FACE ( 'NONE', ( #3357 ), #2089, .F. ) ;
#2005 = DIRECTION ( 'NONE',  ( -1.140924983549663175E-13, 0.9987686379937031900, 0.04961056097448531682 ) ) ;
#2006 = EDGE_LOOP ( 'NONE', ( #6986, #5982, #8116, #1678 ) ) ;
#2007 = CARTESIAN_POINT ( 'NONE',  ( 250.0204893620000064, 205.8206496539999932, 24.33067701030000052 ) ) ;
#2008 = FACE_BOUND ( 'NONE', #1135, .T. ) ;
#2009 = DIRECTION ( 'NONE',  ( 0.000000000000000000, 0.04961056097448530988, -0.9987686379937030789 ) ) ;
#2010 = CARTESIAN_POINT ( 'NONE',  ( 366.9782541810000112, 235.3531349579999983, 236.0574775169999953 ) ) ;
#2011 = VERTEX_POINT ( 'NONE', #4053 ) ;
#2012 = CARTESIAN_POINT ( 'NONE',  ( 49.93558530630000547, 243.9265115730000275, 123.9277298259999895 ) ) ;
#2013 = VERTEX_POINT ( 'NONE', #5287 ) ;
#2014 = CARTESIAN_POINT ( 'NONE',  ( 157.8794643810000196, 202.8243253439999876, 24.18232594059999840 ) ) ;
#2015 = ADVANCED_FACE ( 'NONE', ( #7257 ), #1511, .F. ) ;
#2016 = DIRECTION ( 'NONE',  ( 0.9762097135553917671, 0.01075698314830428326, -0.2165614981330868938 ) ) ;
#2017 = VERTEX_POINT ( 'NONE', #7833 ) ;
#2018 = EDGE_LOOP ( 'NONE', ( #1763, #2491, #5912, #2745 ) ) ;
#2019 = DIRECTION ( 'NONE',  ( 0.000000000000000000, -0.9987686379936980829, -0.04961056097458500097 ) ) ;
#2020 = DIRECTION ( 'NONE',  ( 1.136868377219662335E-13, -0.9987686379937030789, -0.04961056097448530988 ) ) ;
#2021 = CARTESIAN_POINT ( 'NONE',  ( 242.3409974379999881, 197.0376578179999854, 170.9160435410000218 ) ) ;
#2022 = ORIENTED_EDGE ( 'NONE', *, *, #1949, .F. ) ;
#2023 = ORIENTED_EDGE ( 'NONE', *, *, #4982, .F. ) ;
#2024 = CARTESIAN_POINT ( 'NONE',  ( 52.69997327659999797, 198.4193412150000029, 112.8642499640000096 ) ) ;
#2025 = DIRECTION ( 'NONE',  ( 1.136675133409662280E-13, -0.9987686379937031900, -0.04961056097448531682 ) ) ;
#2026 = CYLINDRICAL_SURFACE ( 'NONE', #3698, 2.500000046249988284 ) ;
#2027 = DIRECTION ( 'NONE',  ( 1.000000000000000000, 1.137978600240785201E-13, 5.551115123125781913E-15 ) ) ;
#2028 = EDGE_CURVE ( 'NONE', #5616, #22, #4704, .T. ) ;
#2029 = ORIENTED_EDGE ( 'NONE', *, *, #5449, .T. ) ;
#2030 = ORIENTED_EDGE ( 'NONE', *, *, #5800, .F. ) ;
#2031 = ADVANCED_FACE ( 'NONE', ( #2644 ), #5923, .F. ) ;
#2032 = DIRECTION ( 'NONE',  ( 0.9999999999999998890, 4.579932448559999713E-10, -9.218105955729999298E-09 ) ) ;
#2033 = ADVANCED_FACE ( 'NONE', ( #4018 ), #4588, .F. ) ;
#2034 = DIRECTION ( 'NONE',  ( 1.136675133409662280E-13, -0.9987686379937031900, -0.04961056097448531682 ) ) ;
#2035 = CARTESIAN_POINT ( 'NONE',  ( 242.3409974820000059, 249.0060378280000180, 21.66569349600000294 ) ) ;
#2036 = EDGE_LOOP ( 'NONE', ( #3910, #5922 ) ) ;
#2037 = VERTEX_POINT ( 'NONE', #259 ) ;
#2038 = DIRECTION ( 'NONE',  ( 0.9999999815015170324, 9.542390645425124303E-06, -0.0001921091058663380619 ) ) ;
#2039 = AXIS2_PLACEMENT_3D ( 'NONE', #304, #6606, #1604 ) ;
#2040 = EDGE_CURVE ( 'NONE', #5296, #5218, #3928, .T. ) ;
#2041 = DIRECTION ( 'NONE',  ( -0.9999999815032921680, 9.541932656231520308E-06, -0.0001920998877013893298 ) ) ;
#2042 = VERTEX_POINT ( 'NONE', #5970 ) ;
#2043 = DIRECTION ( 'NONE',  ( 1.000000000000000000, 0.000000000000000000, -2.986699768641239865E-14 ) ) ;
#2044 = CARTESIAN_POINT ( 'NONE',  ( 297.6999812869999573, 189.1991482939999969, 298.4868138780000208 ) ) ;
#2045 = VECTOR ( 'NONE', #7731, 1000.000000000000114 ) ;
#2046 = CARTESIAN_POINT ( 'NONE',  ( 165.3794643810000196, 205.8206551170000012, 24.33067728160000343 ) ) ;
#2047 = ORIENTED_EDGE ( 'NONE', *, *, #7935, .F. ) ;
#2048 = DIRECTION ( 'NONE',  ( -1.140924983549660398E-13, 0.9987686379937031900, 0.04961056097448531682 ) ) ;
#2049 = ORIENTED_EDGE ( 'NONE', *, *, #202, .T. ) ;
#2050 = EDGE_CURVE ( 'NONE', #8121, #1220, #5829, .T. ) ;
#2051 = DIRECTION ( 'NONE',  ( -1.136675133409662280E-13, 0.9987686379937031900, 0.04961056097448531682 ) ) ;
#2052 = FACE_BOUND ( 'NONE', #5756, .T. ) ;
#2053 = AXIS2_PLACEMENT_3D ( 'NONE', #2347, #7417, #8077 ) ;
#2054 = DIRECTION ( 'NONE',  ( 0.000000000000000000, -0.9987686379936980829, -0.04961056097458500097 ) ) ;
#2055 = ORIENTED_EDGE ( 'NONE', *, *, #3634, .F. ) ;
#2056 = VERTEX_POINT ( 'NONE', #2014 ) ;
#2057 = EDGE_CURVE ( 'NONE', #6321, #8043, #3451, .T. ) ;
#2058 = CIRCLE ( 'NONE', #721, 2.500000046250006047 ) ;
#2059 = CARTESIAN_POINT ( 'NONE',  ( 167.8794643810000196, 245.7713767820000044, 26.31557997029999996 ) ) ;
#2060 = CARTESIAN_POINT ( 'NONE',  ( 145.3794643810000196, 245.7713529159999837, 26.31606045050000020 ) ) ;
#2061 = CARTESIAN_POINT ( 'NONE',  ( 52.69997518129999747, 238.7852804929999877, 227.4244164559999888 ) ) ;
#2062 = LOCAL_TIME ( 14, 57, 9.000000000000000000, #4460 ) ;
#2063 = ORIENTED_EDGE ( 'NONE', *, *, #516, .T. ) ;
#2064 = AXIS2_PLACEMENT_3D ( 'NONE', #6910, #3211, #3747 ) ;
#2065 = EDGE_LOOP ( 'NONE', ( #2186, #3979, #267, #2159 ) ) ;
#2066 = FACE_OUTER_BOUND ( 'NONE', #6282, .T. ) ;
#2067 = CARTESIAN_POINT ( 'NONE',  ( 49.14342722179999612, 201.3458446660000050, 84.18285959219998915 ) ) ;
#2068 = DIRECTION ( 'NONE',  ( -1.140924983549660398E-13, 0.9987686379937031900, 0.04961056097448531682 ) ) ;
#2069 = LINE ( 'NONE', #5819, #2638 ) ;
#2070 = CARTESIAN_POINT ( 'NONE',  ( 49.14342939219999806, 195.4020420710000110, 234.0725563659999864 ) ) ;
#2071 = ORIENTED_EDGE ( 'NONE', *, *, #6216, .F. ) ;
#2072 = ORIENTED_EDGE ( 'NONE', *, *, #4991, .F. ) ;
#2073 = DIRECTION ( 'NONE',  ( -0.9999999815032921680, -9.541932867173944115E-06, 0.0001920998875348569333 ) ) ;
#2074 = FACE_OUTER_BOUND ( 'NONE', #520, .T. ) ;
#2075 = CIRCLE ( 'NONE', #2744, 2.500000046249998942 ) ;
#2076 = DIRECTION ( 'NONE',  ( 1.481718509849552606E-15, 0.9987686379936984160, 0.04961056097458502179 ) ) ;
#2077 = DIRECTION ( 'NONE',  ( -0.9999999815032921680, 9.541932656231520308E-06, -0.0001920998876902870996 ) ) ;
#2078 = EDGE_LOOP ( 'NONE', ( #359, #6656, #3646, #2543 ) ) ;
#2079 = CARTESIAN_POINT ( 'NONE',  ( 356.4944299600000477, 234.9645991840000079, 243.8795488250000005 ) ) ;
#2080 = ORIENTED_EDGE ( 'NONE', *, *, #1160, .T. ) ;
#2081 = CARTESIAN_POINT ( 'NONE',  ( 109.1239233989999917, 189.7076023500000019, 288.2430344090000176 ) ) ;
#2082 = CARTESIAN_POINT ( 'NONE',  ( 282.5204893619999780, 235.3728072870000005, 296.1324260069999923 ) ) ;
#2083 = DIRECTION ( 'NONE',  ( 1.140917689170156192E-13, -0.9987686379937031900, -0.04961056097448531682 ) ) ;
#2084 = ADVANCED_FACE ( 'NONE', ( #7787 ), #7749, .F. ) ;
#2085 = EDGE_CURVE ( 'NONE', #3360, #3072, #380, .T. ) ;
#2086 = ORIENTED_EDGE ( 'NONE', *, *, #5032, .F. ) ;
#2087 = DIRECTION ( 'NONE',  ( -0.9999999815015169213, -9.542390645425122609E-06, 0.0001921091059107469558 ) ) ;
#2088 = CIRCLE ( 'NONE', #6482, 2.500000046250006047 ) ;
#2089 = CYLINDRICAL_SURFACE ( 'NONE', #5282, 2.500000046249988284 ) ;
#2090 = DIRECTION ( 'NONE',  ( -1.140924983549660398E-13, 0.9987686379937031900, 0.04961056097448531682 ) ) ;
#2091 = EDGE_CURVE ( 'NONE', #2427, #5304, #1419, .T. ) ;
#2092 = DIRECTION ( 'NONE',  ( 1.140924983549660398E-13, -0.9987686379937031900, -0.04961056097448531682 ) ) ;
#2093 = CARTESIAN_POINT ( 'NONE',  ( 173.0589590300000111, 239.9843618840000090, 173.0487989499999912 ) ) ;
#2094 = EDGE_CURVE ( 'NONE', #315, #285, #4104, .T. ) ;
#2095 = AXIS2_PLACEMENT_3D ( 'NONE', #5657, #7457, #3677 ) ;
#2096 = ORIENTED_EDGE ( 'NONE', *, *, #3332, .T. ) ;
#2097 = VECTOR ( 'NONE', #1130, 1000.000000000000341 ) ;
#2098 = ADVANCED_FACE ( 'NONE', ( #3399 ), #4623, .F. ) ;
#2099 = ORIENTED_EDGE ( 'NONE', *, *, #3672, .T. ) ;
#2100 = DIRECTION ( 'NONE',  ( 1.000000000000000000, 1.137978600240784444E-13, 5.551115123125777969E-15 ) ) ;
#2101 = ADVANCED_FACE ( 'NONE', ( #7454 ), #2934, .F. ) ;
#2102 = CARTESIAN_POINT ( 'NONE',  ( 365.1999812870000142, 237.2874510469999905, 227.3509795989999986 ) ) ;
#2103 = AXIS2_PLACEMENT_3D ( 'NONE', #7568, #1147, #3826 ) ;
#2104 = LINE ( 'NONE', #5341, #4368 ) ;
#2105 = CARTESIAN_POINT ( 'NONE',  ( 366.9782541810000112, 238.3494408720000024, 236.2063091990000032 ) ) ;
#2106 = VERTEX_POINT ( 'NONE', #3007 ) ;
#2107 = EDGE_LOOP ( 'NONE', ( #1536, #5353, #4119, #2619 ) ) ;
#2108 = VECTOR ( 'NONE', #7104, 1000.000000000000114 ) ;
#2109 = ORIENTED_EDGE ( 'NONE', *, *, #4084, .F. ) ;
#2110 = AXIS2_PLACEMENT_3D ( 'NONE', #2958, #4737, #3509 ) ;
#2111 = CARTESIAN_POINT ( 'NONE',  ( 362.6999804669999889, 199.9174409969999715, 112.9396260800000107 ) ) ;
#2112 = LINE ( 'NONE', #1487, #4065 ) ;
#2113 = CARTESIAN_POINT ( 'NONE',  ( 297.6999813300000142, 248.9979788549999853, 21.82793816850000113 ) ) ;
#2114 = VECTOR ( 'NONE', #1521, 1000.000000000000341 ) ;
#2115 = AXIS2_PLACEMENT_3D ( 'NONE', #7922, #2404, #434 ) ;
#2116 = CARTESIAN_POINT ( 'NONE',  ( 267.5204893619999780, 192.4257558529999699, 293.9991718850000098 ) ) ;
#2117 = ORIENTED_EDGE ( 'NONE', *, *, #6589, .F. ) ;
#2118 = ORIENTED_EDGE ( 'NONE', *, *, #4183, .T. ) ;
#2119 = CIRCLE ( 'NONE', #1453, 2.500000046250006047 ) ;
#2120 = DIRECTION ( 'NONE',  ( 1.136754526454196255E-13, -0.9987686379937031900, -0.04961056097448531682 ) ) ;
#2121 = CIRCLE ( 'NONE', #6789, 2.500000046250006047 ) ;
#2122 = CARTESIAN_POINT ( 'NONE',  ( 260.0204893620000348, 202.8243437360000030, 24.18184541959999834 ) ) ;
#2123 = LINE ( 'NONE', #6665, #2877 ) ;
#2124 = ORIENTED_EDGE ( 'NONE', *, *, #7946, .T. ) ;
#2125 = CARTESIAN_POINT ( 'NONE',  ( 366.9782541810000112, 195.4023894379999717, 234.0730550780000101 ) ) ;
#2126 = AXIS2_PLACEMENT_3D ( 'NONE', #4792, #7255, #3601 ) ;
#2127 = VERTEX_POINT ( 'NONE', #2212 ) ;
#2128 = DIRECTION ( 'NONE',  ( 1.000000000000000000, 1.110223004086028302E-13, 0.000000000000000000 ) ) ;
#2129 = CARTESIAN_POINT ( 'NONE',  ( 132.8794671060000212, 189.4291025720000050, 293.8498414899999602 ) ) ;
#2130 = DIRECTION ( 'NONE',  ( -1.140924983549660398E-13, 0.9987686379937031900, 0.04961056097448531682 ) ) ;
#2131 = CARTESIAN_POINT ( 'NONE',  ( 147.8794671059999928, 233.8743069620000199, 296.0575114540000072 ) ) ;
#2132 = ORIENTED_EDGE ( 'NONE', *, *, #6325, .F. ) ;
#2133 = DIRECTION ( 'NONE',  ( 0.000000000000000000, -0.9987686379936980829, -0.04961056097458500097 ) ) ;
#2134 = ORIENTED_EDGE ( 'NONE', *, *, #3877, .F. ) ;
#2135 = FACE_OUTER_BOUND ( 'NONE', #6693, .T. ) ;
#2136 = ORIENTED_EDGE ( 'NONE', *, *, #5351, .T. ) ;
#2137 = DIRECTION ( 'NONE',  ( 1.481718509849552606E-15, 0.9987686379936984160, 0.04961056097458502179 ) ) ;
#2138 = EDGE_CURVE ( 'NONE', #1907, #7754, #5533, .T. ) ;
#2139 = ADVANCED_FACE ( 'NONE', ( #5463 ), #299, .F. ) ;
#2140 = CIRCLE ( 'NONE', #6007, 2.500000046250006047 ) ;
#2141 = DIRECTION ( 'NONE',  ( 1.481718509849552606E-15, 0.9987686379936984160, 0.04961056097458502179 ) ) ;
#2142 = CARTESIAN_POINT ( 'NONE',  ( 142.8794671059999928, 232.3761540049999894, 295.9830956119999996 ) ) ;
#2143 = VERTEX_POINT ( 'NONE', #5498 ) ;
#2144 = EDGE_CURVE ( 'NONE', #5598, #3347, #8076, .T. ) ;
#2145 = CARTESIAN_POINT ( 'NONE',  ( 272.5204893619999780, 248.7676772220000032, 26.46441161240000284 ) ) ;
#2146 = VERTEX_POINT ( 'NONE', #6765 ) ;
#2147 = ORIENTED_EDGE ( 'NONE', *, *, #8041, .T. ) ;
#2148 = EDGE_LOOP ( 'NONE', ( #6566, #6440, #2277, #1428 ) ) ;
#2149 = EDGE_CURVE ( 'NONE', #3978, #8096, #903, .T. ) ;
#2150 = CYLINDRICAL_SURFACE ( 'NONE', #6517, 2.500000046249985619 ) ;
#2151 = ADVANCED_FACE ( 'NONE', ( #2341 ), #2303, .F. ) ;
#2152 = CARTESIAN_POINT ( 'NONE',  ( 360.1999812869999573, 194.3403996139999776, 225.2177254770000161 ) ) ;
#2153 = DIRECTION ( 'NONE',  ( 0.000000000000000000, -0.9987686379936980829, -0.04961056097458500097 ) ) ;
#2154 = ORIENTED_EDGE ( 'NONE', *, *, #6284, .F. ) ;
#2155 = VERTEX_POINT ( 'NONE', #4796 ) ;
#2156 = CARTESIAN_POINT ( 'NONE',  ( 50.19997518130000458, 235.7889507229999992, 227.2760650460000136 ) ) ;
#2157 = LINE ( 'NONE', #907, #5514 ) ;
#2158 = ORIENTED_EDGE ( 'NONE', *, *, #7128, .F. ) ;
#2159 = ORIENTED_EDGE ( 'NONE', *, *, #4991, .T. ) ;
#2160 = CYLINDRICAL_SURFACE ( 'NONE', #3470, 2.500000046249988284 ) ;
#2161 = CARTESIAN_POINT ( 'NONE',  ( 147.8794643810000196, 248.7676826869999900, 26.46441183760000015 ) ) ;
#2162 = LINE ( 'NONE', #7366, #1149 ) ;
#2163 = SECURITY_CLASSIFICATION_LEVEL ( 'unclassified' ) ;
#2164 = ORIENTED_EDGE ( 'NONE', *, *, #7344, .T. ) ;
#2165 = CARTESIAN_POINT ( 'NONE',  ( 173.0589562600000022, 206.0686840700000175, 19.33731429359999865 ) ) ;
#2166 = CARTESIAN_POINT ( 'NONE',  ( 290.0204893619999780, 233.8746304740000141, 296.0584904390000247 ) ) ;
#2167 = EDGE_LOOP ( 'NONE', ( #4488, #1695 ) ) ;
#2168 = DIRECTION ( 'NONE',  ( -0.9999999815032921680, 9.541932656231572824E-06, -0.0001920998877027781657 ) ) ;
#2169 = ORIENTED_EDGE ( 'NONE', *, *, #7894, .F. ) ;
#2170 = AXIS2_PLACEMENT_3D ( 'NONE', #3490, #5374, #965 ) ;
#2171 = DIRECTION ( 'NONE',  ( 1.000000000000000000, 1.137978600240785201E-13, 5.551115123125781913E-15 ) ) ;
#2172 = VERTEX_POINT ( 'NONE', #7338 ) ;
#2173 = DIRECTION ( 'NONE',  ( 1.022182338772382056E-13, -0.9987686379937029679, -0.04961056097448870300 ) ) ;
#2174 = CARTESIAN_POINT ( 'NONE',  ( 282.5204893619999780, 205.8206257829999970, 24.33115758269999773 ) ) ;
#2175 = DIRECTION ( 'NONE',  ( 1.481718509849551818E-15, 0.9987686379936983050, 0.04961056097458501485 ) ) ;
#2176 = ORIENTED_EDGE ( 'NONE', *, *, #7386, .T. ) ;
#2177 = VECTOR ( 'NONE', #1255, 1000.000000000000341 ) ;
#2178 = CARTESIAN_POINT ( 'NONE',  ( 49.14342939219999806, 235.3527875910000091, 236.0569788040000105 ) ) ;
#2179 = CIRCLE ( 'NONE', #2328, 2.500000046249998942 ) ;
#2180 = CIRCLE ( 'NONE', #1519, 9.999999999999994671 ) ;
#2181 = PLANE ( 'NONE',  #7958 ) ;
#2182 = ORIENTED_EDGE ( 'NONE', *, *, #1426, .T. ) ;
#2183 = CARTESIAN_POINT ( 'NONE',  ( 290.0204893619999780, 189.4294260830000098, 293.8508204749999777 ) ) ;
#2184 = VERTEX_POINT ( 'NONE', #5369 ) ;
#2185 = EDGE_CURVE ( 'NONE', #2670, #2146, #7911, .T. ) ;
#2186 = ORIENTED_EDGE ( 'NONE', *, *, #3502, .T. ) ;
#2187 = CIRCLE ( 'NONE', #3653, 10.00000000000000888 ) ;
#2188 = ORIENTED_EDGE ( 'NONE', *, *, #2911, .F. ) ;
#2189 = EDGE_CURVE ( 'NONE', #1111, #4615, #2778, .T. ) ;
#2190 = DIRECTION ( 'NONE',  ( 1.481718509849552606E-15, 0.9987686379936984160, 0.04961056097458502179 ) ) ;
#2191 = CARTESIAN_POINT ( 'NONE',  ( 362.6999812869999573, 195.3326346890000025, 205.2418724439999949 ) ) ;
#2192 = AXIS2_PLACEMENT_3D ( 'NONE', #6391, #1252, #624 ) ;
#2193 = CIRCLE ( 'NONE', #6192, 2.500000046250006047 ) ;
#2194 = ORIENTED_EDGE ( 'NONE', *, *, #6471, .T. ) ;
#2195 = EDGE_CURVE ( 'NONE', #2731, #4165, #457, .T. ) ;
#2196 = VERTEX_POINT ( 'NONE', #8070 ) ;
#2197 = DIRECTION ( 'NONE',  ( 1.136868377219662335E-13, -0.9987686379937030789, -0.04961056097448530988 ) ) ;
#2198 = EDGE_CURVE ( 'NONE', #4808, #2903, #8032, .T. ) ;
#2199 = DIRECTION ( 'NONE',  ( -0.9999999999999998890, 4.577743564969999620E-10, -9.218199991789998611E-09 ) ) ;
#2200 = AXIS2_PLACEMENT_3D ( 'NONE', #6659, #3499, #976 ) ;
#2201 = CARTESIAN_POINT ( 'NONE',  ( 52.69997518129999747, 235.7889268670000149, 227.2765453179999895 ) ) ;
#2202 = CARTESIAN_POINT ( 'NONE',  ( 280.0204893619999780, 247.2695004050000023, 26.39047611280000183 ) ) ;
#2203 = ORIENTED_EDGE ( 'NONE', *, *, #4393, .F. ) ;
#2204 = VERTEX_POINT ( 'NONE', #7411 ) ;
#2205 = DIRECTION ( 'NONE',  ( 1.481718509849552606E-15, 0.9987686379936984160, 0.04961056097458502179 ) ) ;
#2206 = EDGE_LOOP ( 'NONE', ( #2117, #6712, #6234, #2071 ) ) ;
#2207 = FACE_OUTER_BOUND ( 'NONE', #4134, .T. ) ;
#2208 = AXIS2_PLACEMENT_3D ( 'NONE', #3443, #1512, #2812 ) ;
#2209 = ORIENTED_EDGE ( 'NONE', *, *, #452, .F. ) ;
#2210 = DIRECTION ( 'NONE',  ( -1.003583351832230468E-13, 0.9987686379937034120, 0.04961056097448132696 ) ) ;
#2211 = ORIENTED_EDGE ( 'NONE', *, *, #1998, .F. ) ;
#2212 = CARTESIAN_POINT ( 'NONE',  ( 365.1999806519999652, 245.3548804619999828, 95.17144303349998324 ) ) ;
#2213 = CIRCLE ( 'NONE', #7009, 60.22727286729999463 ) ;
#2214 = DIRECTION ( 'NONE',  ( -1.141054688951602162E-13, 0.9987686379937031900, 0.04961056097448531682 ) ) ;
#2215 = EDGE_LOOP ( 'NONE', ( #3936, #7020 ) ) ;
#2216 = VECTOR ( 'NONE', #8036, 1000.000000000000114 ) ;
#2217 = DIRECTION ( 'NONE',  ( 1.140924983539660419E-13, -0.9987686379937031900, -0.04961056097448531682 ) ) ;
#2218 = CYLINDRICAL_SURFACE ( 'NONE', #3309, 118.1603675009999961 ) ;
#2219 = DIRECTION ( 'NONE',  ( 0.9999999999999998890, 4.579909472279999254E-10, -9.218101541460000746E-09 ) ) ;
#2220 = EDGE_LOOP ( 'NONE', ( #6820, #7228, #886, #4320 ) ) ;
#2221 = CIRCLE ( 'NONE', #7019, 2.500000046250006047 ) ;
#2222 = FACE_OUTER_BOUND ( 'NONE', #6437, .T. ) ;
#2223 = ORIENTED_EDGE ( 'NONE', *, *, #58, .T. ) ;
#2224 = ORIENTED_EDGE ( 'NONE', *, *, #431, .F. ) ;
#2225 = ORIENTED_EDGE ( 'NONE', *, *, #5714, .F. ) ;
#2226 = VECTOR ( 'NONE', #4724, 1000.000000000000114 ) ;
#2227 = CIRCLE ( 'NONE', #2640, 10.00000000000000178 ) ;
#2228 = CARTESIAN_POINT ( 'NONE',  ( 366.2565270759999976, 238.3494408720000024, 236.2063091990000032 ) ) ;
#2229 = CARTESIAN_POINT ( 'NONE',  ( 55.19997309200000046, 199.4115285789999916, 92.88935745389998999 ) ) ;
#2230 = VERTEX_POINT ( 'NONE', #4170 ) ;
#2231 = FACE_OUTER_BOUND ( 'NONE', #7842, .T. ) ;
#2232 = AXIS2_PLACEMENT_3D ( 'NONE', #5994, #2867, #1614 ) ;
#2233 = VERTEX_POINT ( 'NONE', #2890 ) ;
#2234 = EDGE_CURVE ( 'NONE', #2466, #2857, #5157, .T. ) ;
#2235 = AXIS2_PLACEMENT_3D ( 'NONE', #6140, #7298, #3636 ) ;
#2236 = ORIENTED_EDGE ( 'NONE', *, *, #1638, .F. ) ;
#2237 = DIRECTION ( 'NONE',  ( 1.000000000000000000, 1.138292811657849152E-13, 5.760591152114621118E-15 ) ) ;
#2238 = CARTESIAN_POINT ( 'NONE',  ( 282.5204893619999780, 248.7676772169999992, 26.46441170459999981 ) ) ;
#2239 = LINE ( 'NONE', #4316, #3276 ) ;
#2240 = CIRCLE ( 'NONE', #5288, 2.500000046249998942 ) ;
#2241 = EDGE_CURVE ( 'NONE', #674, #8158, #1709, .T. ) ;
#2242 = CIRCLE ( 'NONE', #2907, 2.500000046250006047 ) ;
#2243 = CARTESIAN_POINT ( 'NONE',  ( 55.19997327659999797, 242.8645217510000123, 115.0724001770000058 ) ) ;
#2244 = ADVANCED_FACE ( 'NONE', ( #4913 ), #1750, .F. ) ;
#2245 = VERTEX_POINT ( 'NONE', #6810 ) ;
#2246 = VECTOR ( 'NONE', #543, 1000.000000000000114 ) ;
#2247 = ORIENTED_EDGE ( 'NONE', *, *, #4029, .T. ) ;
#2248 = CARTESIAN_POINT ( 'NONE',  ( 122.8794643810000053, 205.8206312419999904, 24.33115794620000116 ) ) ;
#2249 = LINE ( 'NONE', #2294, #2367 ) ;
#2250 = EDGE_CURVE ( 'NONE', #6565, #7656, #373, .T. ) ;
#2251 = EDGE_LOOP ( 'NONE', ( #6667, #980 ) ) ;
#2252 = EDGE_CURVE ( 'NONE', #2230, #2913, #4620, .T. ) ;
#2253 = CARTESIAN_POINT ( 'NONE',  ( 297.6999813259999996, 248.9802276949999964, 22.18530768249999952 ) ) ;
#2254 = AXIS2_PLACEMENT_3D ( 'NONE', #1096, #3651, #2986 ) ;
#2255 = ORIENTED_EDGE ( 'NONE', *, *, #8144, .F. ) ;
#2256 = AXIS2_PLACEMENT_3D ( 'NONE', #5415, #2262, #7410 ) ;
#2257 = FACE_OUTER_BOUND ( 'NONE', #278, .T. ) ;
#2258 = ORIENTED_EDGE ( 'NONE', *, *, #5343, .F. ) ;
#2259 = DIRECTION ( 'NONE',  ( 1.140924983549660398E-13, -0.9987686379937031900, -0.04961056097448531682 ) ) ;
#2260 = ADVANCED_FACE ( 'NONE', ( #3223 ), #5, .F. ) ;
#2261 = VERTEX_POINT ( 'NONE', #7617 ) ;
#2262 = DIRECTION ( 'NONE',  ( -1.140924983549660398E-13, 0.9987686379937031900, 0.04961056097448531682 ) ) ;
#2263 = DIRECTION ( 'NONE',  ( -1.143080990239999910E-13, 1.000000000000000000, 0.000000000000000000 ) ) ;
#2264 = CIRCLE ( 'NONE', #7834, 2.500000046250006047 ) ;
#2265 = AXIS2_PLACEMENT_3D ( 'NONE', #5119, #2631, #2559 ) ;
#2266 = EDGE_CURVE ( 'NONE', #6124, #3688, #3837, .T. ) ;
#2267 = CARTESIAN_POINT ( 'NONE',  ( 362.6999812869999573, 193.3383284100000026, 215.1561035279999885 ) ) ;
#2268 = CARTESIAN_POINT ( 'NONE',  ( 251.5607249690000060, 247.0035995570000011, 31.74363928520000044 ) ) ;
#2269 = FACE_BOUND ( 'NONE', #4112, .T. ) ;
#2270 = ORIENTED_EDGE ( 'NONE', *, *, #930, .F. ) ;
#2271 = DIRECTION ( 'NONE',  ( 1.000000000000000000, 1.110223004086028302E-13, 5.551115020430141666E-15 ) ) ;
#2272 = CARTESIAN_POINT ( 'NONE',  ( 109.1239233989999917, 235.6509596979999799, 290.5251202140000260 ) ) ;
#2273 = DIRECTION ( 'NONE',  ( 0.9999999815015170324, 9.542390645425124303E-06, -0.0001921091058663380619 ) ) ;
#2274 = DIRECTION ( 'NONE',  ( 1.000000000000000000, 0.000000000000000000, 0.000000000000000000 ) ) ;
#2275 = ORIENTED_EDGE ( 'NONE', *, *, #5850, .F. ) ;
#2276 = DIRECTION ( 'NONE',  ( 1.000000000000000000, 0.000000000000000000, 0.000000000000000000 ) ) ;
#2277 = ORIENTED_EDGE ( 'NONE', *, *, #1785, .F. ) ;
#2278 = VERTEX_POINT ( 'NONE', #4293 ) ;
#2279 = VERTEX_POINT ( 'NONE', #5742 ) ;
#2280 = AXIS2_PLACEMENT_3D ( 'NONE', #6967, #6394, #1256 ) ;
#2281 = CARTESIAN_POINT ( 'NONE',  ( 157.8794671060000212, 233.8743069620000199, 296.0575114540000072 ) ) ;
#2282 = DIRECTION ( 'NONE',  ( 1.000000000000000000, 1.110223004086028302E-13, 5.551115020430141666E-15 ) ) ;
#2283 = VERTEX_POINT ( 'NONE', #3132 ) ;
#2284 = CARTESIAN_POINT ( 'NONE',  ( 135.3794671060000212, 192.4254323419999935, 293.9981928999999923 ) ) ;
#2285 = CIRCLE ( 'NONE', #6804, 2.500000046250006047 ) ;
#2286 = AXIS2_PLACEMENT_3D ( 'NONE', #3230, #5750, #2602 ) ;
#2287 = ORIENTED_EDGE ( 'NONE', *, *, #1550, .T. ) ;
#2288 = EDGE_LOOP ( 'NONE', ( #3137, #1761, #6605, #3896 ) ) ;
#2289 = DIRECTION ( 'NONE',  ( -1.000000000000000000, -1.137978600240784444E-13, -5.551115123125777969E-15 ) ) ;
#2290 = CARTESIAN_POINT ( 'NONE',  ( 362.6999812869999573, 236.7814854540000056, 207.3016712700000141 ) ) ;
#2291 = CYLINDRICAL_SURFACE ( 'NONE', #7907, 2.500000046249988284 ) ;
#2292 = ORIENTED_EDGE ( 'NONE', *, *, #7029, .T. ) ;
#2293 = DIRECTION ( 'NONE',  ( 1.000000000000000000, 1.110223004086028302E-13, 1.110223004086028333E-14 ) ) ;
#2294 = CARTESIAN_POINT ( 'NONE',  ( 367.6999805599999718, 198.9154175029999863, 102.8770436319999959 ) ) ;
#2295 = ORIENTED_EDGE ( 'NONE', *, *, #1, .T. ) ;
#2296 = CARTESIAN_POINT ( 'NONE',  ( 52.69997518129999747, 238.2792910439999901, 207.3755883999999980 ) ) ;
#2297 = EDGE_CURVE ( 'NONE', #5951, #1392, #2517, .T. ) ;
#2298 = ADVANCED_FACE ( 'NONE', ( #4415 ), #8149, .F. ) ;
#2299 = DIRECTION ( 'NONE',  ( 0.9999999815032921680, 9.541932878276174361E-06, -0.0001920998876014703147 ) ) ;
#2300 = EDGE_CURVE ( 'NONE', #1876, #464, #1249, .T. ) ;
#2301 = CARTESIAN_POINT ( 'NONE',  ( 49.93558712990000004, 195.7684265980000191, 196.4609402460000069 ) ) ;
#2302 = DIRECTION ( 'NONE',  ( 1.136868377219662335E-13, -0.9987686379937030789, -0.04961056097448530988 ) ) ;
#2303 = CYLINDRICAL_SURFACE ( 'NONE', #5022, 2.500000046249985619 ) ;
#2304 = DIRECTION ( 'NONE',  ( 1.000000000000000000, 1.139252903344777837E-13, 5.637540140262818152E-15 ) ) ;
#2305 = FACE_BOUND ( 'NONE', #7916, .T. ) ;
#2306 = CYLINDRICAL_SURFACE ( 'NONE', #4085, 9.999999999999996447 ) ;
#2307 = EDGE_CURVE ( 'NONE', #3341, #5306, #3038, .T. ) ;
#2308 = CARTESIAN_POINT ( 'NONE',  ( 280.0204893619999780, 232.3764775169999837, 295.9840745970000171 ) ) ;
#2309 = EDGE_CURVE ( 'NONE', #2830, #828, #5699, .T. ) ;
#2310 = DIRECTION ( 'NONE',  ( 1.000000000000000000, -4.577697982270001376E-10, 9.218202680210000291E-09 ) ) ;
#2311 = LINE ( 'NONE', #7384, #8048 ) ;
#2312 = AXIS2_PLACEMENT_3D ( 'NONE', #4089, #996, #2336 ) ;
#2313 = VERTEX_POINT ( 'NONE', #6883 ) ;
#2314 = CIRCLE ( 'NONE', #6703, 2.500000046250006047 ) ;
#2315 = CARTESIAN_POINT ( 'NONE',  ( 365.1999812870000142, 239.2817096139999933, 217.4377090610000209 ) ) ;
#2316 = ORIENTED_EDGE ( 'NONE', *, *, #4672, .T. ) ;
#2317 = EDGE_LOOP ( 'NONE', ( #3768, #8131 ) ) ;
#2318 = AXIS2_PLACEMENT_3D ( 'NONE', #797, #3351, #4659 ) ;
#2319 = FACE_BOUND ( 'NONE', #7495, .T. ) ;
#2320 = CARTESIAN_POINT ( 'NONE',  ( 49.93558530630000547, 242.4283586160000254, 123.8533139849999856 ) ) ;
#2321 = PLANE ( 'NONE',  #5154 ) ;
#2322 = AXIS2_PLACEMENT_3D ( 'NONE', #7303, #7877, #3563 ) ;
#2323 = VERTEX_POINT ( 'NONE', #1119 ) ;
#2324 = VERTEX_POINT ( 'NONE', #3177 ) ;
#2325 = PLANE ( 'NONE',  #7696 ) ;
#2326 = FACE_OUTER_BOUND ( 'NONE', #7271, .T. ) ;
#2327 = DIRECTION ( 'NONE',  ( 0.000000000000000000, -0.9987686379936980829, -0.04961056097458500097 ) ) ;
#2328 = AXIS2_PLACEMENT_3D ( 'NONE', #6593, #3393, #5327 ) ;
#2329 = VECTOR ( 'NONE', #3296, 1000.000000000000114 ) ;
#2330 = EDGE_LOOP ( 'NONE', ( #553, #7804, #1647, #1548 ) ) ;
#2331 = FACE_BOUND ( 'NONE', #5405, .T. ) ;
#2332 = CARTESIAN_POINT ( 'NONE',  ( 155.3794643809999911, 248.7676588350000202, 26.46489204130000061 ) ) ;
#2333 = ORIENTED_EDGE ( 'NONE', *, *, #7129, .F. ) ;
#2334 = AXIS2_PLACEMENT_3D ( 'NONE', #43, #3762, #699 ) ;
#2335 = CIRCLE ( 'NONE', #723, 9.999999999999994671 ) ;
#2336 = DIRECTION ( 'NONE',  ( 1.000000000000000000, 1.110223004086028302E-13, 5.551115020430141666E-15 ) ) ;
#2337 = ORIENTED_EDGE ( 'NONE', *, *, #5986, .F. ) ;
#2338 = AXIS2_PLACEMENT_3D ( 'NONE', #6999, #540, #1957 ) ;
#2339 = DIRECTION ( 'NONE',  ( 0.9999999815015169213, -9.542390534402928566E-06, 0.0001921091057886245644 ) ) ;
#2340 = LINE ( 'NONE', #6764, #785 ) ;
#2341 = FACE_OUTER_BOUND ( 'NONE', #1132, .T. ) ;
#2342 = FACE_BOUND ( 'NONE', #6801, .T. ) ;
#2343 = LINE ( 'NONE', #3011, #2216 ) ;
#2344 = AXIS2_PLACEMENT_3D ( 'NONE', #6206, #2425, #7481 ) ;
#2345 = ORIENTED_EDGE ( 'NONE', *, *, #2703, .T. ) ;
#2346 = EDGE_CURVE ( 'NONE', #625, #1764, #665, .T. ) ;
#2347 = CARTESIAN_POINT ( 'NONE',  ( 52.69997518129999747, 193.3379810429999850, 215.1556048159999932 ) ) ;
#2348 = EDGE_CURVE ( 'NONE', #6661, #7461, #6116, .T. ) ;
#2349 = CIRCLE ( 'NONE', #5263, 60.22727286729999463 ) ;
#2350 = DIRECTION ( 'NONE',  ( -1.136868377219662335E-13, 0.9987686379937030789, 0.04961056097448530988 ) ) ;
#2351 = ADVANCED_FACE ( 'NONE', ( #7579 ), #4459, .F. ) ;
#2352 = VERTEX_POINT ( 'NONE', #8188 ) ;
#2353 = ADVANCED_FACE ( 'NONE', ( #1881 ), #42, .F. ) ;
#2354 = DIRECTION ( 'NONE',  ( 1.000000000000000000, 1.139252903344777837E-13, 5.637540140262818152E-15 ) ) ;
#2355 = AXIS2_PLACEMENT_3D ( 'NONE', #7098, #7714, #5926 ) ;
#2356 = EDGE_LOOP ( 'NONE', ( #5703, #3629, #4270, #7952 ) ) ;
#2357 = EDGE_CURVE ( 'NONE', #479, #3752, #6107, .T. ) ;
#2358 = EDGE_LOOP ( 'NONE', ( #6666, #4242, #3239, #5414 ) ) ;
#2359 = ORIENTED_EDGE ( 'NONE', *, *, #4974, .T. ) ;
#2360 = LINE ( 'NONE', #2569, #6380 ) ;
#2361 = CIRCLE ( 'NONE', #7017, 60.22727286729999463 ) ;
#2362 = AXIS2_PLACEMENT_3D ( 'NONE', #6361, #2492, #1813 ) ;
#2363 = FACE_OUTER_BOUND ( 'NONE', #7950, .T. ) ;
#2364 = DIRECTION ( 'NONE',  ( 1.000000000000000000, 1.110223004086028302E-13, 0.000000000000000000 ) ) ;
#2365 = ORIENTED_EDGE ( 'NONE', *, *, #424, .T. ) ;
#2366 = ORIENTED_EDGE ( 'NONE', *, *, #4273, .T. ) ;
#2367 = VECTOR ( 'NONE', #4044, 1000.000000000000114 ) ;
#2368 = CIRCLE ( 'NONE', #7024, 2.500000046250006047 ) ;
#2369 = CARTESIAN_POINT ( 'NONE',  ( 52.69997518129999747, 238.2793387550000261, 207.3746278539999821 ) ) ;
#2370 = FACE_OUTER_BOUND ( 'NONE', #585, .T. ) ;
#2371 = ORIENTED_EDGE ( 'NONE', *, *, #2862, .T. ) ;
#2372 = DIRECTION ( 'NONE',  ( 1.136675133409662280E-13, -0.9987686379937031900, -0.04961056097448531682 ) ) ;
#2373 = DIRECTION ( 'NONE',  ( -0.9999999815032921680, 9.541932656231572824E-06, -0.0001920998877027781657 ) ) ;
#2374 = ORIENTED_EDGE ( 'NONE', *, *, #5697, .T. ) ;
#2375 = EDGE_CURVE ( 'NONE', #1856, #7313, #1981, .T. ) ;
#2376 = EDGE_LOOP ( 'NONE', ( #1335, #1164, #5042, #1772 ) ) ;
#2377 = CARTESIAN_POINT ( 'NONE',  ( 125.3794643810000053, 202.8243491849999884, 24.18184596739999748 ) ) ;
#2378 = AXIS2_PLACEMENT_3D ( 'NONE', #3028, #5559, #3740 ) ;
#2379 = AXIS2_PLACEMENT_3D ( 'NONE', #7005, #2434, #5578 ) ;
#2380 = VERTEX_POINT ( 'NONE', #6961 ) ;
#2381 = ORIENTED_EDGE ( 'NONE', *, *, #760, .T. ) ;
#2382 = EDGE_LOOP ( 'NONE', ( #1142, #999 ) ) ;
#2383 = ORIENTED_EDGE ( 'NONE', *, *, #7942, .T. ) ;
#2384 = CIRCLE ( 'NONE', #4231, 2.500000046249998942 ) ;
#2385 = VECTOR ( 'NONE', #7445, 1000.000000000000114 ) ;
#2386 = AXIS2_PLACEMENT_3D ( 'NONE', #2856, #6819, #8044 ) ;
#2387 = DIRECTION ( 'NONE',  ( -1.136868377219662335E-13, 0.9987686379937030789, 0.04961056097448530988 ) ) ;
#2388 = CARTESIAN_POINT ( 'NONE',  ( 270.0204893619999780, 235.1247544819999860, 301.1262691970000560 ) ) ;
#2389 = DIRECTION ( 'NONE',  ( 1.000000000000000000, 1.110223004086028302E-13, 0.000000000000000000 ) ) ;
#2390 = FACE_BOUND ( 'NONE', #3816, .T. ) ;
#2391 = FACE_BOUND ( 'NONE', #5674, .T. ) ;
#2392 = AXIS2_PLACEMENT_3D ( 'NONE', #7392, #4888, #630 ) ;
#2393 = DIRECTION ( 'NONE',  ( 1.000000000000000000, 1.110223004086028302E-13, 5.551115020430141666E-15 ) ) ;
#2394 = CARTESIAN_POINT ( 'NONE',  ( 367.6999805599999718, 244.8587748509999926, 105.1591294359999864 ) ) ;
#2395 = AXIS2_PLACEMENT_3D ( 'NONE', #498, #1749, #2970 ) ;
#2396 = EDGE_LOOP ( 'NONE', ( #7848, #1326, #2080, #2258 ) ) ;
#2397 = DIRECTION ( 'NONE',  ( 1.000000000000000000, 1.139252903344778342E-13, 5.637540140262821307E-15 ) ) ;
#2398 = AXIS2_PLACEMENT_3D ( 'NONE', #7164, #7702, #789 ) ;
#2399 = VERTEX_POINT ( 'NONE', #6923 ) ;
#2400 = CYLINDRICAL_SURFACE ( 'NONE', #3969, 2.500000046250013153 ) ;
#2401 = ADVANCED_FACE ( 'NONE', ( #1203 ), #3798, .T. ) ;
#2402 = DIRECTION ( 'NONE',  ( 1.136675133409662280E-13, -0.9987686379937031900, -0.04961056097448531682 ) ) ;
#2403 = VERTEX_POINT ( 'NONE', #1369 ) ;
#2404 = DIRECTION ( 'NONE',  ( 1.028657120204040168E-13, -0.9987686379937031900, -0.04961056097448781482 ) ) ;
#2405 = ORIENTED_EDGE ( 'NONE', *, *, #7288, .F. ) ;
#2406 = ADVANCED_FACE ( 'NONE', ( #7165 ), #4501, .F. ) ;
#2407 = ORIENTED_EDGE ( 'NONE', *, *, #5911, .T. ) ;
#2408 = EDGE_CURVE ( 'NONE', #881, #7319, #4506, .T. ) ;
#2409 = DIRECTION ( 'NONE',  ( 1.000000000000000000, 0.000000000000000000, 0.000000000000000000 ) ) ;
#2410 = CARTESIAN_POINT ( 'NONE',  ( 162.8794643810000196, 247.2695297369999707, 26.38999585790000069 ) ) ;
#2411 = CARTESIAN_POINT ( 'NONE',  ( 297.6999813259999996, 245.9839217809999923, 22.03647599960000036 ) ) ;
#2412 = EDGE_CURVE ( 'NONE', #7058, #7910, #205, .T. ) ;
#2413 = LINE ( 'NONE', #8210, #5826 ) ;
#2414 = EDGE_LOOP ( 'NONE', ( #2365, #1677 ) ) ;
#2415 = VERTEX_POINT ( 'NONE', #1460 ) ;
#2416 = EDGE_CURVE ( 'NONE', #5236, #7483, #6582, .T. ) ;
#2417 = DIRECTION ( 'NONE',  ( 1.136675135643014340E-13, -0.9987686379937031900, -0.04961056097448531682 ) ) ;
#2418 = CARTESIAN_POINT ( 'NONE',  ( 163.8392287740000199, 247.0036050199999806, 31.74363955649999625 ) ) ;
#2419 = EDGE_CURVE ( 'NONE', #1343, #8096, #790, .T. ) ;
#2420 = CARTESIAN_POINT ( 'NONE',  ( 132.8794643810000196, 204.3224782899999923, 24.25674201250000195 ) ) ;
#2421 = LINE ( 'NONE', #5637, #2650 ) ;
#2422 = CIRCLE ( 'NONE', #5593, 2.500000046250006047 ) ;
#2423 = AXIS2_PLACEMENT_3D ( 'NONE', #2481, #5618, #627 ) ;
#2424 = CARTESIAN_POINT ( 'NONE',  ( 135.3794671060000212, 189.4290787160000207, 293.8503217630000108 ) ) ;
#2425 = DIRECTION ( 'NONE',  ( -1.141054688951602162E-13, 0.9987686379937031900, 0.04961056097448531682 ) ) ;
#2426 = EDGE_LOOP ( 'NONE', ( #6416, #5573 ) ) ;
#2427 = VERTEX_POINT ( 'NONE', #5953 ) ;
#2428 = VERTEX_POINT ( 'NONE', #6548 ) ;
#2429 = EDGE_CURVE ( 'NONE', #1622, #7832, #5435, .T. ) ;
#2430 = CARTESIAN_POINT ( 'NONE',  ( 365.4643693380000400, 237.2176724419999800, 198.5202772389999950 ) ) ;
#2431 = FACE_OUTER_BOUND ( 'NONE', #2288, .T. ) ;
#2432 = ORIENTED_EDGE ( 'NONE', *, *, #5856, .F. ) ;
#2433 = LINE ( 'NONE', #3518, #7307 ) ;
#2434 = DIRECTION ( 'NONE',  ( -1.003583351832230468E-13, 0.9987686379937034120, 0.04961056097448132696 ) ) ;
#2435 = AXIS2_PLACEMENT_3D ( 'NONE', #4962, #6863, #6277 ) ;
#2436 = CARTESIAN_POINT ( 'NONE',  ( 260.0204893620000348, 205.8206019380000100, 24.33163764800000095 ) ) ;
#2437 = CARTESIAN_POINT ( 'NONE',  ( 242.3409974379999881, 232.1478329929999802, 300.5871868109999809 ) ) ;
#2438 = DIRECTION ( 'NONE',  ( 1.140917689170156192E-13, -0.9987686379937031900, -0.04961056097448531682 ) ) ;
#2439 = VERTEX_POINT ( 'NONE', #2714 ) ;
#2440 = DIRECTION ( 'NONE',  ( -0.9999999815032921680, 9.541932645129342578E-06, -0.0001920998876805737052 ) ) ;
#2441 = CARTESIAN_POINT ( 'NONE',  ( 280.0204893619999780, 192.4257797089999826, 293.9986916129999486 ) ) ;
#2442 = DIRECTION ( 'NONE',  ( 1.000000000000000000, 4.579932270289999393E-10, -9.218101611429999423E-09 ) ) ;
#2443 = ORIENTED_EDGE ( 'NONE', *, *, #5383, .T. ) ;
#2444 = CARTESIAN_POINT ( 'NONE',  ( 250.0204893620000064, 248.7676533760000268, 26.46489167769999895 ) ) ;
#2445 = ORIENTED_EDGE ( 'NONE', *, *, #2978, .F. ) ;
#2446 = ORIENTED_EDGE ( 'NONE', *, *, #2348, .F. ) ;
#2447 = ORIENTED_EDGE ( 'NONE', *, *, #4875, .F. ) ;
#2448 = CARTESIAN_POINT ( 'NONE',  ( 365.1999805599999718, 241.8624689380000063, 105.0102977300000049 ) ) ;
#2449 = VECTOR ( 'NONE', #7182, 1000.000000000000114 ) ;
#2450 = CARTESIAN_POINT ( 'NONE',  ( 250.0204893620000064, 202.8243437399999891, 24.18184532740000137 ) ) ;
#2451 = EDGE_CURVE ( 'NONE', #92, #2245, #246, .T. ) ;
#2452 = CARTESIAN_POINT ( 'NONE',  ( 250.0204893620000064, 248.7677010879999955, 26.46393113219999904 ) ) ;
#2453 = ORIENTED_EDGE ( 'NONE', *, *, #3669, .T. ) ;
#2454 = ORIENTED_EDGE ( 'NONE', *, *, #4727, .F. ) ;
#2455 = AXIS2_PLACEMENT_3D ( 'NONE', #253, #7292, #2757 ) ;
#2456 = EDGE_CURVE ( 'NONE', #7902, #7972, #3346, .T. ) ;
#2457 = DIRECTION ( 'NONE',  ( -1.136868377219662335E-13, 0.9987686379937030789, 0.04961056097448530988 ) ) ;
#2458 = EDGE_CURVE ( 'NONE', #612, #7768, #6906, .T. ) ;
#2459 = CARTESIAN_POINT ( 'NONE',  ( 297.6999812869999573, 233.6266015249999839, 301.0518533559999810 ) ) ;
#2460 = LINE ( 'NONE', #5603, #4711 ) ;
#2461 = CARTESIAN_POINT ( 'NONE',  ( 47.69997518130000458, 239.2813622470000041, 217.4372103479999794 ) ) ;
#2462 = LINE ( 'NONE', #6872, #6364 ) ;
#2463 = PLANE ( 'NONE',  #3671 ) ;
#2464 = AXIS2_PLACEMENT_3D ( 'NONE', #4993, #7535, #1049 ) ;
#2465 = EDGE_CURVE ( 'NONE', #7099, #4095, #85, .T. ) ;
#2466 = VERTEX_POINT ( 'NONE', #2632 ) ;
#2467 = CYLINDRICAL_SURFACE ( 'NONE', #5239, 2.500000046249985619 ) ;
#2468 = ORIENTED_EDGE ( 'NONE', *, *, #3342, .F. ) ;
#2469 = VERTEX_POINT ( 'NONE', #7207 ) ;
#2470 = EDGE_CURVE ( 'NONE', #773, #1343, #8082, .T. ) ;
#2471 = CARTESIAN_POINT ( 'NONE',  ( 145.3794643350000229, 206.0686840569999845, 19.33731454879999845 ) ) ;
#2472 = VECTOR ( 'NONE', #832, 1000.000000000000114 ) ;
#2473 = FACE_BOUND ( 'NONE', #5988, .T. ) ;
#2474 = EDGE_LOOP ( 'NONE', ( #4030, #631, #7715, #2922 ) ) ;
#2475 = CARTESIAN_POINT ( 'NONE',  ( 155.3794671060000212, 235.3724837750000063, 296.1314470220000317 ) ) ;
#2476 = CARTESIAN_POINT ( 'NONE',  ( 307.6999813259999996, 248.9802276899999924, 22.18530777470000004 ) ) ;
#2477 = FACE_OUTER_BOUND ( 'NONE', #3122, .T. ) ;
#2478 = CARTESIAN_POINT ( 'NONE',  ( 137.8794671060000212, 192.4254084860000091, 293.9986731729999860 ) ) ;
#2479 = VERTEX_POINT ( 'NONE', #5273 ) ;
#2480 = CARTESIAN_POINT ( 'NONE',  ( 290.0204893619999780, 204.3224966789999826, 24.25626153760000037 ) ) ;
#2481 = CARTESIAN_POINT ( 'NONE',  ( 297.6999806849999572, 244.0335626549999972, 91.53695048480000196 ) ) ;
#2482 = CIRCLE ( 'NONE', #728, 10.00000000000000888 ) ;
#2483 = DIRECTION ( 'NONE',  ( -1.136675133409662280E-13, 0.9987686379937031900, 0.04961056097448531682 ) ) ;
#2484 = ORIENTED_EDGE ( 'NONE', *, *, #5454, .T. ) ;
#2485 = DIRECTION ( 'NONE',  ( 0.000000000000000000, -0.9987686379936980829, -0.04961056097458500097 ) ) ;
#2486 = ORIENTED_EDGE ( 'NONE', *, *, #5543, .T. ) ;
#2487 = VERTEX_POINT ( 'NONE', #2079 ) ;
#2488 = FACE_OUTER_BOUND ( 'NONE', #8088, .T. ) ;
#2489 = CARTESIAN_POINT ( 'NONE',  ( 297.6999812869999573, 232.1284485679999818, 300.9774375140000302 ) ) ;
#2490 = CARTESIAN_POINT ( 'NONE',  ( 152.8794643809999911, 202.8243253419999803, 24.18232598670000044 ) ) ;
#2491 = ORIENTED_EDGE ( 'NONE', *, *, #272, .T. ) ;
#2492 = DIRECTION ( 'NONE',  ( 1.140924983540280400E-13, -0.9987686379937031900, -0.04961056097448531682 ) ) ;
#2493 = ORIENTED_EDGE ( 'NONE', *, *, #5634, .F. ) ;
#2494 = ORIENTED_EDGE ( 'NONE', *, *, #6232, .T. ) ;
#2495 = LINE ( 'NONE', #650, #5759 ) ;
#2496 = CIRCLE ( 'NONE', #6214, 2.500000046250006047 ) ;
#2497 = CIRCLE ( 'NONE', #7405, 2.500000046249998942 ) ;
#2498 = CARTESIAN_POINT ( 'NONE',  ( 47.69997518130000458, 238.7154780320000214, 198.5941943679999895 ) ) ;
#2499 = DIRECTION ( 'NONE',  ( -1.141054688951602162E-13, 0.9987686379937031900, 0.04961056097448531682 ) ) ;
#2500 = CARTESIAN_POINT ( 'NONE',  ( 165.3794643810000196, 247.2695058820000042, 26.39047610760000140 ) ) ;
#2501 = DIRECTION ( 'NONE',  ( 1.000000000000000000, 1.110223004086028302E-13, 1.110223004086028333E-14 ) ) ;
#2502 = ORIENTED_EDGE ( 'NONE', *, *, #3010, .T. ) ;
#2503 = CARTESIAN_POINT ( 'NONE',  ( 173.0589590300000111, 238.4862089270000070, 172.9743831089999730 ) ) ;
#2504 = CIRCLE ( 'NONE', #5008, 10.00000000000000888 ) ;
#2505 = ORIENTED_EDGE ( 'NONE', *, *, #7334, .T. ) ;
#2506 = VERTEX_POINT ( 'NONE', #5831 ) ;
#2507 = CIRCLE ( 'NONE', #5548, 2.500000046250006047 ) ;
#2508 = DIRECTION ( 'NONE',  ( 1.140917689170156192E-13, -0.9987686379937031900, -0.04961056097448531682 ) ) ;
#2509 = EDGE_CURVE ( 'NONE', #4863, #1645, #4771, .T. ) ;
#2510 = EDGE_CURVE ( 'NONE', #6118, #3295, #4612, .T. ) ;
#2511 = CIRCLE ( 'NONE', #1030, 9.999999999999994671 ) ;
#2512 = CARTESIAN_POINT ( 'NONE',  ( 117.6999751809999992, 233.6262541579999947, 301.0513546440000141 ) ) ;
#2513 = AXIS2_PLACEMENT_3D ( 'NONE', #384, #4255, #6096 ) ;
#2514 = ORIENTED_EDGE ( 'NONE', *, *, #6232, .F. ) ;
#2515 = EDGE_CURVE ( 'NONE', #4064, #5128, #7738, .T. ) ;
#2516 = CARTESIAN_POINT ( 'NONE',  ( 145.3794643810000196, 247.2695535849999828, 26.38951574640000075 ) ) ;
#2517 = LINE ( 'NONE', #5077, #5966 ) ;
#2518 = ADVANCED_FACE ( 'NONE', ( #2800 ), #7086, .F. ) ;
#2519 = FACE_OUTER_BOUND ( 'NONE', #1028, .T. ) ;
#2520 = CARTESIAN_POINT ( 'NONE',  ( 107.6999751809999992, 235.1599094350000030, 300.4110314569999787 ) ) ;
#2521 = VECTOR ( 'NONE', #7068, 1000.000000000000114 ) ;
#2522 = EDGE_LOOP ( 'NONE', ( #6384, #4675 ) ) ;
#2523 = VECTOR ( 'NONE', #6504, 1000.000000000000341 ) ;
#2524 = CARTESIAN_POINT ( 'NONE',  ( 306.2760330699999827, 189.7079497179999805, 288.2435331209999845 ) ) ;
#2525 = FACE_OUTER_BOUND ( 'NONE', #5259, .T. ) ;
#2526 = EDGE_CURVE ( 'NONE', #7173, #2702, #4575, .T. ) ;
#2527 = ADVANCED_FACE ( 'NONE', ( #3960 ), #4160, .F. ) ;
#2528 = DIRECTION ( 'NONE',  ( 1.140924983539660419E-13, -0.9987686379937031900, -0.04961056097448531682 ) ) ;
#2529 = VECTOR ( 'NONE', #6869, 1000.000000000000114 ) ;
#2530 = AXIS2_PLACEMENT_3D ( 'NONE', #8101, #4937, #3117 ) ;
#2531 = VECTOR ( 'NONE', #8108, 1000.000000000000114 ) ;
#2532 = EDGE_LOOP ( 'NONE', ( #1088, #5571, #6231, #1503 ) ) ;
#2533 = FACE_BOUND ( 'NONE', #8105, .T. ) ;
#2534 = ORIENTED_EDGE ( 'NONE', *, *, #4875, .T. ) ;
#2535 = ORIENTED_EDGE ( 'NONE', *, *, #4967, .T. ) ;
#2536 = AXIS2_PLACEMENT_3D ( 'NONE', #5939, #6614, #899 ) ;
#2537 = VECTOR ( 'NONE', #349, 1000.000000000000114 ) ;
#2538 = CARTESIAN_POINT ( 'NONE',  ( 367.6999812870000142, 195.4023894379999717, 234.0730550780000101 ) ) ;
#2539 = DIRECTION ( 'NONE',  ( -1.136868377219662335E-13, 0.9987686379937030789, 0.04961056097448530988 ) ) ;
#2540 = LINE ( 'NONE', #4271, #7293 ) ;
#2541 = AXIS2_PLACEMENT_3D ( 'NONE', #3087, #5653, #1792 ) ;
#2542 = DIRECTION ( 'NONE',  ( 1.140924983539660419E-13, -0.9987686379937031900, -0.04961056097448531682 ) ) ;
#2543 = ORIENTED_EDGE ( 'NONE', *, *, #2711, .F. ) ;
#2544 = ORIENTED_EDGE ( 'NONE', *, *, #6796, .T. ) ;
#2545 = EDGE_LOOP ( 'NONE', ( #1535, #1134, #2746, #8012 ) ) ;
#2546 = DIRECTION ( 'NONE',  ( 1.136868377219662335E-13, -0.9987686379937030789, -0.04961056097448530988 ) ) ;
#2547 = CARTESIAN_POINT ( 'NONE',  ( 367.6999812870000142, 239.2817096139999933, 217.4377090610000209 ) ) ;
#2548 = CARTESIAN_POINT ( 'NONE',  ( 292.5204893619999780, 192.4257558529999699, 293.9991718850000098 ) ) ;
#2549 = CARTESIAN_POINT ( 'NONE',  ( 55.19997518130000458, 239.2813622470000041, 217.4372103479999794 ) ) ;
#2550 = CYLINDRICAL_SURFACE ( 'NONE', #3830, 2.500000046249988284 ) ;
#2551 = FACE_OUTER_BOUND ( 'NONE', #6521, .T. ) ;
#2552 = ORIENTED_EDGE ( 'NONE', *, *, #7993, .F. ) ;
#2553 = CARTESIAN_POINT ( 'NONE',  ( 52.69997518129999747, 236.7811857979999957, 207.3002120129999923 ) ) ;
#2554 = EDGE_LOOP ( 'NONE', ( #5999, #3328, #5455, #4392 ) ) ;
#2555 = ORIENTED_EDGE ( 'NONE', *, *, #6940, .F. ) ;
#2556 = DIRECTION ( 'NONE',  ( 1.000000000000000000, 1.110223004086028302E-13, 5.551115020430141666E-15 ) ) ;
#2557 = CARTESIAN_POINT ( 'NONE',  ( 125.3794671060000070, 233.8743308180000042, 296.0570311810000135 ) ) ;
#2558 = ORIENTED_EDGE ( 'NONE', *, *, #7684, .F. ) ;
#2559 = DIRECTION ( 'NONE',  ( 1.000000000000000000, 1.110223004086028302E-13, 5.551115020430141666E-15 ) ) ;
#2560 = DIRECTION ( 'NONE',  ( -1.099714186670000022E-13, 0.000000000000000000, -1.000000000000000000 ) ) ;
#2561 = EDGE_CURVE ( 'NONE', #8106, #4147, #7402, .T. ) ;
#2562 = DIRECTION ( 'NONE',  ( 1.140924983539660419E-13, -0.9987686379937031900, -0.04961056097448531682 ) ) ;
#2563 = CARTESIAN_POINT ( 'NONE',  ( 360.1999806519999652, 243.8567275069999880, 95.09702714590000028 ) ) ;
#2564 = EDGE_CURVE ( 'NONE', #3494, #5892, #446, .T. ) ;
#2565 = EDGE_LOOP ( 'NONE', ( #196, #7801, #7769, #6948 ) ) ;
#2566 = DIRECTION ( 'NONE',  ( 1.136675133409662280E-13, -0.9987686379937031900, -0.04961056097448531682 ) ) ;
#2567 = LINE ( 'NONE', #5709, #3352 ) ;
#2568 = EDGE_CURVE ( 'NONE', #3838, #5963, #7559, .T. ) ;
#2569 = CARTESIAN_POINT ( 'NONE',  ( 55.19997309200000046, 243.8567329699999959, 95.09702741729999786 ) ) ;
#2570 = VERTEX_POINT ( 'NONE', #2248 ) ;
#2571 = DIRECTION ( 'NONE',  ( 0.000000000000000000, -0.9987686379936980829, -0.04961056097458500097 ) ) ;
#2572 = CARTESIAN_POINT ( 'NONE',  ( 260.0204893620000348, 245.7713951690000158, 26.31509954150000397 ) ) ;
#2573 = ORIENTED_EDGE ( 'NONE', *, *, #1587, .F. ) ;
#2574 = CARTESIAN_POINT ( 'NONE',  ( 135.3794643810000196, 248.7677065370000093, 26.46393168009999997 ) ) ;
#2575 = VERTEX_POINT ( 'NONE', #2161 ) ;
#2576 = EDGE_CURVE ( 'NONE', #5855, #7768, #6085, .T. ) ;
#2577 = ORIENTED_EDGE ( 'NONE', *, *, #4890, .T. ) ;
#2578 = DIRECTION ( 'NONE',  ( 1.136675133409662280E-13, -0.9987686379937031900, -0.04961056097448531682 ) ) ;
#2579 = CARTESIAN_POINT ( 'NONE',  ( 362.6999806519999652, 242.3585984050000093, 95.02213105469999732 ) ) ;
#2580 = CYLINDRICAL_SURFACE ( 'NONE', #7845, 2.500000046250002050 ) ;
#2581 = ORIENTED_EDGE ( 'NONE', *, *, #3817, .T. ) ;
#2582 = ORIENTED_EDGE ( 'NONE', *, *, #2978, .T. ) ;
#2583 = CYLINDRICAL_SURFACE ( 'NONE', #5029, 10.00000000000000888 ) ;
#2584 = DIRECTION ( 'NONE',  ( 1.000000000000000000, 1.110223004086028302E-13, 0.000000000000000000 ) ) ;
#2585 = CARTESIAN_POINT ( 'NONE',  ( 270.0204893619999780, 189.4294260830000098, 293.8508204749999777 ) ) ;
#2586 = ORIENTED_EDGE ( 'NONE', *, *, #5921, .F. ) ;
#2587 = DIRECTION ( 'NONE',  ( 1.455753866324702301E-15, 0.9987686379936981940, 0.04961056097458500791 ) ) ;
#2588 = EDGE_LOOP ( 'NONE', ( #4467, #5776, #997, #706 ) ) ;
#2589 = FACE_OUTER_BOUND ( 'NONE', #7572, .T. ) ;
#2590 = ORIENTED_EDGE ( 'NONE', *, *, #263, .F. ) ;
#2591 = CYLINDRICAL_SURFACE ( 'NONE', #2338, 2.500000046249985619 ) ;
#2592 = AXIS2_PLACEMENT_3D ( 'NONE', #2734, #7755, #716 ) ;
#2593 = FACE_OUTER_BOUND ( 'NONE', #4560, .T. ) ;
#2594 = EDGE_LOOP ( 'NONE', ( #2224, #4788, #4714, #2109 ) ) ;
#2595 = DIRECTION ( 'NONE',  ( 1.136868377219662335E-13, -0.9987686379937030789, -0.04961056097448530988 ) ) ;
#2596 = CARTESIAN_POINT ( 'NONE',  ( 367.6999807329999612, 244.2928906360000099, 86.31611345609999830 ) ) ;
#2597 =( LENGTH_UNIT ( ) NAMED_UNIT ( * ) SI_UNIT ( .MILLI., .METRE. ) );
#2598 = FACE_OUTER_BOUND ( 'NONE', #5006, .T. ) ;
#2599 = CARTESIAN_POINT ( 'NONE',  ( 173.0589590300000111, 189.1907419799999843, 298.6485593289999656 ) ) ;
#2600 = AXIS2_PLACEMENT_3D ( 'NONE', #7369, #4164, #8026 ) ;
#2601 = FACE_BOUND ( 'NONE', #2215, .T. ) ;
#2602 = DIRECTION ( 'NONE',  ( 0.9999999815032921680, -9.541932645129290062E-06, 0.0001920998876347759484 ) ) ;
#2603 = VERTEX_POINT ( 'NONE', #3475 ) ;
#2604 = CARTESIAN_POINT ( 'NONE',  ( 365.1999812870000142, 194.3403996139999776, 225.2177254770000161 ) ) ;
#2605 = ORIENTED_EDGE ( 'NONE', *, *, #3727, .T. ) ;
#2606 = CARTESIAN_POINT ( 'NONE',  ( 49.14342712949999736, 200.3437973189999752, 74.12075737080000692 ) ) ;
#2607 = AXIS2_PLACEMENT_3D ( 'NONE', #700, #1966, #795 ) ;
#2608 = ORIENTED_EDGE ( 'NONE', *, *, #154, .F. ) ;
#2609 = EDGE_CURVE ( 'NONE', #7064, #4921, #3984, .T. ) ;
#2610 = VERTEX_POINT ( 'NONE', #4125 ) ;
#2611 = ORIENTED_EDGE ( 'NONE', *, *, #5227, .T. ) ;
#2612 = EDGE_CURVE ( 'NONE', #3907, #5976, #5031, .T. ) ;
#2613 = ADVANCED_FACE ( 'NONE', ( #4691, #988, #2331, #949, #7246, #913, #7328, #1029, #6001 ), #2835, .F. ) ;
#2614 = LINE ( 'NONE', #3690, #3761 ) ;
#2615 = ADVANCED_FACE ( 'NONE', ( #7985 ), #5360, .F. ) ;
#2616 = CARTESIAN_POINT ( 'NONE',  ( 360.1999805599999718, 243.3606218969999873, 105.0847135259999874 ) ) ;
#2617 = EDGE_CURVE ( 'NONE', #1856, #4009, #6041, .T. ) ;
#2618 = CARTESIAN_POINT ( 'NONE',  ( 165.3794643810000196, 202.8243014909999999, 24.18280614429999886 ) ) ;
#2619 = ORIENTED_EDGE ( 'NONE', *, *, #6170, .F. ) ;
#2620 = VECTOR ( 'NONE', #5716, 1000.000000000000114 ) ;
#2621 = ORIENTED_EDGE ( 'NONE', *, *, #7087, .T. ) ;
#2622 = DIRECTION ( 'NONE',  ( 1.000000000000000000, 1.138292811657849152E-13, 5.530167506030036336E-15 ) ) ;
#2623 = DIRECTION ( 'NONE',  ( 1.000000000000000000, 0.000000000000000000, 0.000000000000000000 ) ) ;
#2624 = FACE_OUTER_BOUND ( 'NONE', #4298, .T. ) ;
#2625 = ORIENTED_EDGE ( 'NONE', *, *, #6845, .F. ) ;
#2626 = CARTESIAN_POINT ( 'NONE',  ( 59.54256236530000024, 198.3415425800000094, 114.4305059220000089 ) ) ;
#2627 = VERTEX_POINT ( 'NONE', #331 ) ;
#2628 = AXIS2_PLACEMENT_3D ( 'NONE', #2769, #2092, #4628 ) ;
#2629 = CARTESIAN_POINT ( 'NONE',  ( 362.6999812869999573, 195.8385764269999925, 225.2916610460000015 ) ) ;
#2630 = ORIENTED_EDGE ( 'NONE', *, *, #216, .T. ) ;
#2631 = DIRECTION ( 'NONE',  ( 1.136675133409662280E-13, -0.9987686379937031900, -0.04961056097448531682 ) ) ;
#2632 = CARTESIAN_POINT ( 'NONE',  ( 267.5204893619999780, 235.3728072870000005, 296.1324260069999923 ) ) ;
#2633 = CIRCLE ( 'NONE', #7280, 10.00000000000000888 ) ;
#2634 = CALENDAR_DATE ( 2026, 12, 7 ) ;
#2635 = FACE_BOUND ( 'NONE', #6670, .T. ) ;
#2636 = FACE_OUTER_BOUND ( 'NONE', #804, .T. ) ;
#2637 = DIRECTION ( 'NONE',  ( 0.9606977125710685073, 0.01377172597520071561, -0.2772548369720185812 ) ) ;
#2638 = VECTOR ( 'NONE', #3339, 1000.000000000000341 ) ;
#2639 = DIRECTION ( 'NONE',  ( -1.136868377219662335E-13, 0.9987686379937030789, 0.04961056097448530988 ) ) ;
#2640 = AXIS2_PLACEMENT_3D ( 'NONE', #2606, #1933, #6892 ) ;
#2641 = ORIENTED_EDGE ( 'NONE', *, *, #4447, .T. ) ;
#2642 = FACE_OUTER_BOUND ( 'NONE', #2474, .T. ) ;
#2643 = ORIENTED_EDGE ( 'NONE', *, *, #4928, .F. ) ;
#2644 = FACE_OUTER_BOUND ( 'NONE', #2358, .T. ) ;
#2645 = AXIS2_PLACEMENT_3D ( 'NONE', #8050, #3652, #6944 ) ;
#2646 = LINE ( 'NONE', #7790, #6481 ) ;
#2647 = VECTOR ( 'NONE', #6678, 1000.000000000000114 ) ;
#2648 = ORIENTED_EDGE ( 'NONE', *, *, #8228, .T. ) ;
#2649 = CIRCLE ( 'NONE', #7565, 60.22727286730000884 ) ;
#2650 = VECTOR ( 'NONE', #6799, 1000.000000000000341 ) ;
#2651 = EDGE_CURVE ( 'NONE', #2313, #4471, #3043, .T. ) ;
#2652 = AXIS2_PLACEMENT_3D ( 'NONE', #2878, #4200, #2293 ) ;
#2653 = DIRECTION ( 'NONE',  ( -1.136868377219662335E-13, 0.9987686379937030789, 0.04961056097448530988 ) ) ;
#2654 = DIRECTION ( 'NONE',  ( 0.9999999815032921680, 9.541932878276174361E-06, -0.0001920998876014703147 ) ) ;
#2655 = EDGE_CURVE ( 'NONE', #5312, #1735, #3185, .T. ) ;
#2656 = CYLINDRICAL_SURFACE ( 'NONE', #1965, 2.500000046250013153 ) ;
#2657 = ORIENTED_EDGE ( 'NONE', *, *, #4679, .T. ) ;
#2658 = EDGE_CURVE ( 'NONE', #4918, #2042, #4234, .T. ) ;
#2659 = CIRCLE ( 'NONE', #7828, 2.500000046250006047 ) ;
#2660 = ORIENTED_EDGE ( 'NONE', *, *, #1840, .F. ) ;
#2661 = ORIENTED_EDGE ( 'NONE', *, *, #5456, .T. ) ;
#2662 = EDGE_CURVE ( 'NONE', #7327, #2990, #5293, .T. ) ;
#2663 = LINE ( 'NONE', #7563, #509 ) ;
#2664 = DIRECTION ( 'NONE',  ( -1.136868377219662335E-13, 0.9987686379937030789, 0.04961056097448530988 ) ) ;
#2665 = CIRCLE ( 'NONE', #4778, 2.500000046250006047 ) ;
#2666 = DIRECTION ( 'NONE',  ( -1.136868377219662335E-13, 0.9987686379937030789, 0.04961056097448530988 ) ) ;
#2667 = VECTOR ( 'NONE', #4335, 1000.000000000000114 ) ;
#2668 = CARTESIAN_POINT ( 'NONE',  ( 58.90552426510000572, 200.2362274869999794, 76.28637235210000256 ) ) ;
#2669 = ORIENTED_EDGE ( 'NONE', *, *, #3106, .F. ) ;
#2670 = VERTEX_POINT ( 'NONE', #5487 ) ;
#2671 = FACE_OUTER_BOUND ( 'NONE', #1197, .T. ) ;
#2672 = ADVANCED_FACE ( 'NONE', ( #8023 ), #4860, .F. ) ;
#2673 = CARTESIAN_POINT ( 'NONE',  ( 262.5204893620000348, 192.4257558529999699, 293.9991718850000098 ) ) ;
#2674 = DIRECTION ( 'NONE',  ( 1.000000000000000000, 1.110223004086028302E-13, 1.110223004086028333E-14 ) ) ;
#2675 = ORIENTED_EDGE ( 'NONE', *, *, #3785, .F. ) ;
#2676 = EDGE_LOOP ( 'NONE', ( #1576, #658 ) ) ;
#2677 = FACE_OUTER_BOUND ( 'NONE', #2881, .T. ) ;
#2678 = DIRECTION ( 'NONE',  ( -1.136868377219662335E-13, 0.9987686379937030789, 0.04961056097448530988 ) ) ;
#2679 = COORDINATED_UNIVERSAL_TIME_OFFSET ( 3, 30, .AHEAD. ) ;
#2680 = ORIENTED_EDGE ( 'NONE', *, *, #7430, .F. ) ;
#2681 = DIRECTION ( 'NONE',  ( 1.140924983539660419E-13, -0.9987686379937031900, -0.04961056097448531682 ) ) ;
#2682 = LINE ( 'NONE', #6511, #704 ) ;
#2683 = DIRECTION ( 'NONE',  ( 1.000000000000000000, 1.110223004086028302E-13, 5.551115020430141666E-15 ) ) ;
#2684 = DIRECTION ( 'NONE',  ( 1.000000000000000000, 1.137978600240784444E-13, 5.551115123125777969E-15 ) ) ;
#2685 = EDGE_LOOP ( 'NONE', ( #4754, #197, #7268, #2641 ) ) ;
#2686 = CARTESIAN_POINT ( 'NONE',  ( 49.14342939219999806, 193.4077835040000082, 243.9858269039999925 ) ) ;
#2687 = FACE_BOUND ( 'NONE', #3574, .T. ) ;
#2688 = ORIENTED_EDGE ( 'NONE', *, *, #74, .T. ) ;
#2689 = ORIENTED_EDGE ( 'NONE', *, *, #1120, .T. ) ;
#2690 = VERTEX_POINT ( 'NONE', #7387 ) ;
#2691 = CARTESIAN_POINT ( 'NONE',  ( 367.6999807329999612, 245.7910435929999835, 86.39052929749999521 ) ) ;
#2692 = FACE_BOUND ( 'NONE', #2824, .T. ) ;
#2693 = CARTESIAN_POINT ( 'NONE',  ( 49.14342939219999806, 192.4057361569999784, 233.9237246829999890 ) ) ;
#2694 = ORIENTED_EDGE ( 'NONE', *, *, #712, .F. ) ;
#2695 = VERTEX_POINT ( 'NONE', #3018 ) ;
#2696 = DIRECTION ( 'NONE',  ( 0.000000000000000000, -0.9987686379936980829, -0.04961056097458500097 ) ) ;
#2697 = FACE_OUTER_BOUND ( 'NONE', #2330, .T. ) ;
#2698 = EDGE_LOOP ( 'NONE', ( #1610, #5753, #7693, #1616 ) ) ;
#2699 = CARTESIAN_POINT ( 'NONE',  ( 155.3794671060000212, 192.4253846299999964, 293.9991534460000366 ) ) ;
#2700 = CARTESIAN_POINT ( 'NONE',  ( 365.1999805599999718, 201.9117234179999798, 103.0258752920000092 ) ) ;
#2701 = CARTESIAN_POINT ( 'NONE',  ( 365.1999804669999889, 241.3663633279999772, 114.9979841100000044 ) ) ;
#2702 = VERTEX_POINT ( 'NONE', #6653 ) ;
#2703 = EDGE_CURVE ( 'NONE', #6039, #7260, #3847, .T. ) ;
#2704 = EDGE_CURVE ( 'NONE', #2042, #7350, #7040, .T. ) ;
#2705 = EDGE_LOOP ( 'NONE', ( #3396, #1361 ) ) ;
#2706 = CARTESIAN_POINT ( 'NONE',  ( 362.6999804669999889, 199.9174887089999970, 112.9386655339999948 ) ) ;
#2707 = CARTESIAN_POINT ( 'NONE',  ( 145.3794643350000229, 249.0157354909999867, 21.47056867069999697 ) ) ;
#2708 = FACE_BOUND ( 'NONE', #944, .T. ) ;
#2709 = ADVANCED_FACE ( 'NONE', ( #6187 ), #7312, .F. ) ;
#2710 = DIRECTION ( 'NONE',  ( -0.9999999815015169213, -9.542390645425176819E-06, 0.0001921091059107480400 ) ) ;
#2711 = EDGE_CURVE ( 'NONE', #2575, #2821, #1858, .T. ) ;
#2712 = ORIENTED_EDGE ( 'NONE', *, *, #7542, .T. ) ;
#2713 = ORIENTED_EDGE ( 'NONE', *, *, #6270, .T. ) ;
#2714 = CARTESIAN_POINT ( 'NONE',  ( 117.6999751809999992, 192.1773556809999945, 298.9925163629999929 ) ) ;
#2715 = AXIS2_PLACEMENT_3D ( 'NONE', #1561, #1518, #4102 ) ;
#2716 = DATE_AND_TIME ( #2837, #72 ) ;
#2717 = EDGE_CURVE ( 'NONE', #2143, #7459, #5473, .T. ) ;
#2718 = VERTEX_POINT ( 'NONE', #6149 ) ;
#2719 = CARTESIAN_POINT ( 'NONE',  ( 145.3794671059999928, 189.1810497669999904, 298.8436846800000239 ) ) ;
#2720 = ADVANCED_FACE ( 'NONE', ( #8009 ), #4881, .F. ) ;
#2721 = CARTESIAN_POINT ( 'NONE',  ( 252.5204893620000064, 205.8206257969999911, 24.33115730609999972 ) ) ;
#2722 = CIRCLE ( 'NONE', #3394, 10.00000000000000888 ) ;
#2723 = DIRECTION ( 'NONE',  ( 1.140924983539660419E-13, -0.9987686379937031900, -0.04961056097448531682 ) ) ;
#2724 = ORIENTED_EDGE ( 'NONE', *, *, #609, .F. ) ;
#2725 = CARTESIAN_POINT ( 'NONE',  ( 47.69997518130000458, 193.9038891140000089, 233.9981405240000072 ) ) ;
#2726 = ORIENTED_EDGE ( 'NONE', *, *, #4779, .T. ) ;
#2727 = DIRECTION ( 'NONE',  ( -9.229574530877261563E-09, -0.04961056097448530988, 0.9987686379937030789 ) ) ;
#2728 = CARTESIAN_POINT ( 'NONE',  ( -47.00001871429999767, 250.0157417259999875, 1.338265274119999848 ) ) ;
#2729 = AXIS2_PLACEMENT_3D ( 'NONE', #5705, #5658, #2043 ) ;
#2730 = ORIENTED_EDGE ( 'NONE', *, *, #2717, .F. ) ;
#2731 = VERTEX_POINT ( 'NONE', #6692 ) ;
#2732 = ORIENTED_EDGE ( 'NONE', *, *, #3113, .F. ) ;
#2733 = FACE_OUTER_BOUND ( 'NONE', #7316, .T. ) ;
#2734 = CARTESIAN_POINT ( 'NONE',  ( 135.3794671060000212, 233.8742831059999787, 296.0579917260000116 ) ) ;
#2735 = AXIS2_PLACEMENT_3D ( 'NONE', #3304, #2681, #5198 ) ;
#2736 = DIRECTION ( 'NONE',  ( 1.000000000000000000, 1.110223004086028302E-13, 5.551115020430141666E-15 ) ) ;
#2737 = DIRECTION ( 'NONE',  ( -1.136868377219662335E-13, 0.9987686379937030789, 0.04961056097448530988 ) ) ;
#2738 = DIRECTION ( 'NONE',  ( 1.022168982668392020E-13, -0.9987686379937029679, -0.04961056097448870300 ) ) ;
#2739 = LOCAL_TIME ( 14, 57, 9.000000000000000000, #4011 ) ;
#2740 = ORIENTED_EDGE ( 'NONE', *, *, #355, .F. ) ;
#2741 = ORIENTED_EDGE ( 'NONE', *, *, #7434, .T. ) ;
#2742 = CYLINDRICAL_SURFACE ( 'NONE', #250, 2.500000046249999386 ) ;
#2743 = CARTESIAN_POINT ( 'NONE',  ( 162.8794671060000212, 190.9272555290000071, 293.9242573320000247 ) ) ;
#2744 = AXIS2_PLACEMENT_3D ( 'NONE', #4000, #5067, #7609 ) ;
#2745 = ORIENTED_EDGE ( 'NONE', *, *, #506, .F. ) ;
#2746 = ORIENTED_EDGE ( 'NONE', *, *, #5538, .F. ) ;
#2747 = CARTESIAN_POINT ( 'NONE',  ( 270.0204893619999780, 192.4257797089999826, 293.9986916129999486 ) ) ;
#2748 = ORIENTED_EDGE ( 'NONE', *, *, #6685, .T. ) ;
#2749 = VERTEX_POINT ( 'NONE', #3495 ) ;
#2750 = DIRECTION ( 'NONE',  ( -1.136868377219662335E-13, 0.9987686379937030789, 0.04961056097448530988 ) ) ;
#2751 = APPROVAL_DATE_TIME ( #2716, #3976 ) ;
#2752 = ORIENTED_EDGE ( 'NONE', *, *, #7383, .T. ) ;
#2753 = FACE_BOUND ( 'NONE', #8038, .T. ) ;
#2754 = DIRECTION ( 'NONE',  ( 1.000000000000000000, 1.110223004086028302E-13, 5.551115020430141666E-15 ) ) ;
#2755 = EDGE_CURVE ( 'NONE', #7585, #764, #7423, .T. ) ;
#2756 = ADVANCED_FACE ( 'NONE', ( #7269 ), #3647, .T. ) ;
#2757 = DIRECTION ( 'NONE',  ( 1.000000000000000000, 0.000000000000000000, 0.000000000000000000 ) ) ;
#2758 = LINE ( 'NONE', #7830, #5328 ) ;
#2759 = DIRECTION ( 'NONE',  ( 1.000000000000000000, 1.137978600240784444E-13, 5.551115123125777969E-15 ) ) ;
#2760 = EDGE_LOOP ( 'NONE', ( #1786, #6307, #5608, #2534 ) ) ;
#2761 = ADVANCED_FACE ( 'NONE', ( #2222 ), #2902, .F. ) ;
#2762 = VECTOR ( 'NONE', #584, 1000.000000000000114 ) ;
#2763 = EDGE_CURVE ( 'NONE', #6867, #5645, #3464, .T. ) ;
#2764 = CARTESIAN_POINT ( 'NONE',  ( 250.0204893620000064, 232.3764775169999837, 295.9840745970000171 ) ) ;
#2765 = CIRCLE ( 'NONE', #1566, 2.500000046250006047 ) ;
#2766 = EDGE_LOOP ( 'NONE', ( #231, #325, #3552, #8016 ) ) ;
#2767 = LINE ( 'NONE', #3272, #6235 ) ;
#2768 = FACE_BOUND ( 'NONE', #3901, .T. ) ;
#2769 = CARTESIAN_POINT ( 'NONE',  ( 366.2565266140000517, 246.2871492030000127, 76.40284290430000169 ) ) ;
#2770 = AXIS2_PLACEMENT_3D ( 'NONE', #5639, #8176, #2501 ) ;
#2771 = ORIENTED_EDGE ( 'NONE', *, *, #3772, .T. ) ;
#2772 = AXIS2_PLACEMENT_3D ( 'NONE', #7062, #1346, #5620 ) ;
#2773 = ORIENTED_EDGE ( 'NONE', *, *, #7188, .T. ) ;
#2774 = DIRECTION ( 'NONE',  ( -0.9999999999999998890, 0.000000000000000000, 9.240851091727459681E-09 ) ) ;
#2775 = EDGE_CURVE ( 'NONE', #6289, #2947, #6382, .T. ) ;
#2776 = DIRECTION ( 'NONE',  ( -1.140924983539660419E-13, 0.9987686379937031900, 0.04961056097448531682 ) ) ;
#2777 = AXIS2_PLACEMENT_3D ( 'NONE', #4361, #655, #6834 ) ;
#2778 = CIRCLE ( 'NONE', #2235, 2.500000046250006047 ) ;
#2779 = CARTESIAN_POINT ( 'NONE',  ( 58.90552426510000572, 201.7343804439999815, 76.36078819360000125 ) ) ;
#2780 = CARTESIAN_POINT ( 'NONE',  ( 155.3794643809999911, 205.8206074009999895, 24.33163791939999854 ) ) ;
#2781 = EDGE_LOOP ( 'NONE', ( #6849, #6555, #8086, #5189 ) ) ;
#2782 = VERTEX_POINT ( 'NONE', #2315 ) ;
#2783 = VECTOR ( 'NONE', #4484, 1000.000000000000114 ) ;
#2784 = AXIS2_PLACEMENT_3D ( 'NONE', #4230, #5437, #322 ) ;
#2785 = VECTOR ( 'NONE', #7703, 1000.000000000000114 ) ;
#2786 = DIRECTION ( 'NONE',  ( 1.000000000000000000, 1.144185085590000117E-13, 0.000000000000000000 ) ) ;
#2787 = DIRECTION ( 'NONE',  ( 1.136868377219662335E-13, -0.9987686379937030789, -0.04961056097448530988 ) ) ;
#2788 = CYLINDRICAL_SURFACE ( 'NONE', #1841, 2.500000046250002050 ) ;
#2789 = AXIS2_PLACEMENT_3D ( 'NONE', #8049, #6193, #1889 ) ;
#2790 = CIRCLE ( 'NONE', #6509, 60.22727286730000884 ) ;
#2791 = AXIS2_PLACEMENT_3D ( 'NONE', #5430, #7968, #2276 ) ;
#2792 = DIRECTION ( 'NONE',  ( 1.000000000000000000, 1.110223004086028302E-13, 5.551115020430141666E-15 ) ) ;
#2793 = ORIENTED_EDGE ( 'NONE', *, *, #7143, .T. ) ;
#2794 = EDGE_LOOP ( 'NONE', ( #1687, #2586 ) ) ;
#2795 = CARTESIAN_POINT ( 'NONE',  ( 127.8794643810000053, 202.8243253299999935, 24.18232621719999642 ) ) ;
#2796 = AXIS2_PLACEMENT_3D ( 'NONE', #7767, #6539, #2364 ) ;
#2797 = DIRECTION ( 'NONE',  ( 1.481718509849552606E-15, 0.9987686379936984160, 0.04961056097458502179 ) ) ;
#2798 = DIRECTION ( 'NONE',  ( 1.000000000000000000, 1.137978600240784444E-13, 5.551115123125777969E-15 ) ) ;
#2799 = EDGE_LOOP ( 'NONE', ( #7192, #1188, #638, #4194 ) ) ;
#2800 = FACE_OUTER_BOUND ( 'NONE', #2813, .T. ) ;
#2801 = CIRCLE ( 'NONE', #5308, 2.500000046250006047 ) ;
#2802 = EDGE_LOOP ( 'NONE', ( #2316, #990, #754, #1501 ) ) ;
#2803 = CARTESIAN_POINT ( 'NONE',  ( 280.0204893619999780, 192.4257319969999855, 293.9996521580000035 ) ) ;
#2804 = DIRECTION ( 'NONE',  ( 1.000000000000000000, -2.775557561562890957E-15, 0.000000000000000000 ) ) ;
#2805 = AXIS2_PLACEMENT_3D ( 'NONE', #2452, #1269, #3107 ) ;
#2806 = EDGE_LOOP ( 'NONE', ( #2730, #914, #5531, #1013 ) ) ;
#2807 = VERTEX_POINT ( 'NONE', #3532 ) ;
#2808 = DIRECTION ( 'NONE',  ( 1.136868377219662335E-13, -0.9987686379937030789, -0.04961056097448530988 ) ) ;
#2809 = ORIENTED_EDGE ( 'NONE', *, *, #1646, .T. ) ;
#2810 = CARTESIAN_POINT ( 'NONE',  ( 145.3794671059999928, 232.3761301490000051, 295.9835758849999934 ) ) ;
#2811 = EDGE_CURVE ( 'NONE', #4858, #3084, #4184, .T. ) ;
#2812 = DIRECTION ( 'NONE',  ( 1.000000000000000000, 1.110223004086028302E-13, 5.551115020430141666E-15 ) ) ;
#2813 = EDGE_LOOP ( 'NONE', ( #7646, #610, #3110, #1474 ) ) ;
#2814 = FACE_OUTER_BOUND ( 'NONE', #4524, .T. ) ;
#2815 = EDGE_LOOP ( 'NONE', ( #4045, #2581, #7989, #2132 ) ) ;
#2816 = EDGE_CURVE ( 'NONE', #1023, #7092, #3329, .T. ) ;
#2817 = ORIENTED_EDGE ( 'NONE', *, *, #7290, .T. ) ;
#2818 = CARTESIAN_POINT ( 'NONE',  ( 49.93558530630000547, 240.9302056589999950, 123.7788981430000064 ) ) ;
#2819 = EDGE_CURVE ( 'NONE', #6461, #820, #1675, .T. ) ;
#2820 = CARTESIAN_POINT ( 'NONE',  ( 152.8794671059999928, 233.8743069620000199, 296.0575114540000072 ) ) ;
#2821 = VERTEX_POINT ( 'NONE', #4219 ) ;
#2822 = EDGE_CURVE ( 'NONE', #7390, #3424, #6248, .T. ) ;
#2823 = DIRECTION ( 'NONE',  ( -1.000000000000000000, 0.000000000000000000, 1.144185085590000117E-13 ) ) ;
#2824 = EDGE_LOOP ( 'NONE', ( #7406, #4066 ) ) ;
#2825 = EDGE_LOOP ( 'NONE', ( #4202, #5108, #1885, #5624 ) ) ;
#2826 = CARTESIAN_POINT ( 'NONE',  ( 267.5204893619999780, 190.9276028960000247, 293.9247560440000484 ) ) ;
#2827 = EDGE_CURVE ( 'NONE', #2731, #5839, #5002, .T. ) ;
#2828 = DIRECTION ( 'NONE',  ( 1.136754526454196255E-13, -0.9987686379937031900, -0.04961056097448531682 ) ) ;
#2829 = ORIENTED_EDGE ( 'NONE', *, *, #7684, .T. ) ;
#2830 = VERTEX_POINT ( 'NONE', #8205 ) ;
#2831 = VECTOR ( 'NONE', #2019, 1000.000000000000341 ) ;
#2832 = CARTESIAN_POINT ( 'NONE',  ( 367.6999812870000142, 235.3531349579999983, 236.0574775169999953 ) ) ;
#2833 = CARTESIAN_POINT ( 'NONE',  ( 355.8573922119999793, 239.8555900059999999, 205.8842469320000248 ) ) ;
#2834 = EDGE_LOOP ( 'NONE', ( #2981, #3530 ) ) ;
#2835 = PLANE ( 'NONE',  #4629 ) ;
#2836 = CARTESIAN_POINT ( 'NONE',  ( 367.6999807329999612, 242.7947376790000078, 86.24169761459999961 ) ) ;
#2837 = CALENDAR_DATE ( 2026, 12, 7 ) ;
#2838 = ORIENTED_EDGE ( 'NONE', *, *, #7530, .F. ) ;
#2839 = CARTESIAN_POINT ( 'NONE',  ( 49.14342939219999806, 191.9096305470000061, 243.9114110630000027 ) ) ;
#2840 = ORIENTED_EDGE ( 'NONE', *, *, #4178, .T. ) ;
#2841 = AXIS2_PLACEMENT_3D ( 'NONE', #2818, #845, #2774 ) ;
#2842 = FACE_OUTER_BOUND ( 'NONE', #8122, .T. ) ;
#2843 = ORIENTED_EDGE ( 'NONE', *, *, #53, .T. ) ;
#2844 = DIRECTION ( 'NONE',  ( -0.9999999815015169213, 9.542390523300698320E-06, -0.0001921091057553178736 ) ) ;
#2845 = DIRECTION ( 'NONE',  ( 1.136675133409662280E-13, -0.9987686379937031900, -0.04961056097448531682 ) ) ;
#2846 = CYLINDRICAL_SURFACE ( 'NONE', #1143, 2.500000046249998942 ) ;
#2847 = DIRECTION ( 'NONE',  ( -1.140924983549660398E-13, 0.9987686379937031900, 0.04961056097448531682 ) ) ;
#2848 = ORIENTED_EDGE ( 'NONE', *, *, #7427, .F. ) ;
#2849 = AXIS2_PLACEMENT_3D ( 'NONE', #6966, #1375, #702 ) ;
#2850 = CARTESIAN_POINT ( 'NONE',  ( 297.6999813300000142, 206.0509274210000115, 19.69468404659999905 ) ) ;
#2851 = DIRECTION ( 'NONE',  ( 1.136675133409662280E-13, -0.9987686379937031900, -0.04961056097448531682 ) ) ;
#2852 = AXIS2_PLACEMENT_3D ( 'NONE', #4667, #5974, #928 ) ;
#2853 = ADVANCED_FACE ( 'NONE', ( #3196 ), #7547, .T. ) ;
#2854 = CARTESIAN_POINT ( 'NONE',  ( 125.3794671060000070, 232.3761301490000051, 295.9835758849999934 ) ) ;
#2855 = ORIENTED_EDGE ( 'NONE', *, *, #960, .T. ) ;
#2856 = CARTESIAN_POINT ( 'NONE',  ( 165.3794643810000196, 248.7676588390000063, 26.46489194909999654 ) ) ;
#2857 = VERTEX_POINT ( 'NONE', #1853 ) ;
#2858 = ORIENTED_EDGE ( 'NONE', *, *, #1595, .T. ) ;
#2859 = EDGE_CURVE ( 'NONE', #310, #1622, #4922, .T. ) ;
#2860 = CIRCLE ( 'NONE', #6054, 60.22727286730000884 ) ;
#2861 = ORIENTED_EDGE ( 'NONE', *, *, #3695, .T. ) ;
#2862 = EDGE_CURVE ( 'NONE', #4853, #7072, #1263, .T. ) ;
#2863 = CARTESIAN_POINT ( 'NONE',  ( 52.69997518129999747, 196.8304402790000154, 205.3157895740000072 ) ) ;
#2864 = EDGE_CURVE ( 'NONE', #7589, #4016, #3855, .T. ) ;
#2865 = CARTESIAN_POINT ( 'NONE',  ( 290.0204893619999780, 205.8206019240000160, 24.33163792459999897 ) ) ;
#2866 = ADVANCED_FACE ( 'NONE', ( #21, #8120, #2533, #6938, #4957, #4306, #6271, #5054, #636 ), #6230, .F. ) ;
#2867 = DIRECTION ( 'NONE',  ( -1.140924983539660419E-13, 0.9987686379937031900, 0.04961056097448531682 ) ) ;
#2868 = CIRCLE ( 'NONE', #864, 10.00000000000000888 ) ;
#2869 = ORIENTED_EDGE ( 'NONE', *, *, #2969, .T. ) ;
#2870 = ORIENTED_EDGE ( 'NONE', *, *, #1374, .T. ) ;
#2871 = EDGE_CURVE ( 'NONE', #1827, #5134, #4904, .T. ) ;
#2872 = DIRECTION ( 'NONE',  ( 1.000000000000000000, 1.110223004086028302E-13, 5.551115020430141666E-15 ) ) ;
#2873 = AXIS2_PLACEMENT_3D ( 'NONE', #1950, #7233, #771 ) ;
#2874 = CARTESIAN_POINT ( 'NONE',  ( 297.6999813330000393, 206.0686785810000003, 19.33731453260000066 ) ) ;
#2875 = FACE_BOUND ( 'NONE', #4062, .T. ) ;
#2876 = ORIENTED_EDGE ( 'NONE', *, *, #524, .F. ) ;
#2877 = VECTOR ( 'NONE', #947, 1000.000000000000114 ) ;
#2878 = CARTESIAN_POINT ( 'NONE',  ( 362.6999812869999573, 193.8344340200000033, 205.1684171489999926 ) ) ;
#2879 = CARTESIAN_POINT ( 'NONE',  ( 52.69997518129999747, 194.8361339999999871, 215.2300206579999724 ) ) ;
#2880 = COORDINATED_UNIVERSAL_TIME_OFFSET ( 3, 30, .AHEAD. ) ;
#2881 = EDGE_LOOP ( 'NONE', ( #2158, #7363, #3197, #827 ) ) ;
#2882 = DIRECTION ( 'NONE',  ( 0.9999999815015170324, 9.542390645425178513E-06, -0.0001921091058441346856 ) ) ;
#2883 = EDGE_CURVE ( 'NONE', #6547, #3970, #3194, .T. ) ;
#2884 = PLANE ( 'NONE',  #60 ) ;
#2885 = AXIS2_PLACEMENT_3D ( 'NONE', #7789, #6601, #262 ) ;
#2886 = ORIENTED_EDGE ( 'NONE', *, *, #1128, .T. ) ;
#2887 = DIRECTION ( 'NONE',  ( -1.140905882208934397E-13, 0.9987686379937031900, 0.04961056097448531682 ) ) ;
#2888 = VERTEX_POINT ( 'NONE', #1219 ) ;
#2889 = CARTESIAN_POINT ( 'NONE',  ( 367.6999803859999929, 240.9302001949999976, 123.7788978920000034 ) ) ;
#2890 = CARTESIAN_POINT ( 'NONE',  ( 162.8794671060000212, 189.4291025720000050, 293.8498414899999602 ) ) ;
#2891 = CIRCLE ( 'NONE', #4209, 2.500000046250006047 ) ;
#2892 = DIRECTION ( 'NONE',  ( 1.140924983539660419E-13, -0.9987686379937031900, -0.04961056097448531682 ) ) ;
#2893 = DIRECTION ( 'NONE',  ( 1.140924983539660419E-13, -0.9987686379937031900, -0.04961056097448531682 ) ) ;
#2894 = FACE_BOUND ( 'NONE', #1625, .T. ) ;
#2895 = LINE ( 'NONE', #3449, #2980 ) ;
#2896 = VECTOR ( 'NONE', #7850, 1000.000000000000000 ) ;
#2897 = DIRECTION ( 'NONE',  ( 1.000000000000000000, 1.110223004086028302E-13, 1.110223004086028333E-14 ) ) ;
#2898 = LINE ( 'NONE', #7309, #7556 ) ;
#2899 = AXIS2_PLACEMENT_3D ( 'NONE', #3476, #3428, #8024 ) ;
#2900 = ORIENTED_EDGE ( 'NONE', *, *, #3060, .T. ) ;
#2901 = AXIS2_PLACEMENT_3D ( 'NONE', #7557, #65, #1313 ) ;
#2902 = CYLINDRICAL_SURFACE ( 'NONE', #1050, 2.500000046250013153 ) ;
#2903 = VERTEX_POINT ( 'NONE', #3769 ) ;
#2904 = ORIENTED_EDGE ( 'NONE', *, *, #7032, .F. ) ;
#2905 = ADVANCED_FACE ( 'NONE', ( #6308 ), #4346, .T. ) ;
#2906 = AXIS2_PLACEMENT_3D ( 'NONE', #1953, #34, #690 ) ;
#2907 = AXIS2_PLACEMENT_3D ( 'NONE', #3212, #4603, #2623 ) ;
#2908 = FACE_BOUND ( 'NONE', #813, .T. ) ;
#2909 = CARTESIAN_POINT ( 'NONE',  ( 173.0589574419999792, 199.7105763429999854, 147.3398699869999859 ) ) ;
#2910 = EDGE_CURVE ( 'NONE', #7501, #4844, #2659, .T. ) ;
#2911 = EDGE_CURVE ( 'NONE', #7461, #6661, #7431, .T. ) ;
#2912 = CIRCLE ( 'NONE', #7681, 118.1603675009999819 ) ;
#2913 = VERTEX_POINT ( 'NONE', #5623 ) ;
#2914 = VECTOR ( 'NONE', #1629, 1000.000000000000341 ) ;
#2915 = ORIENTED_EDGE ( 'NONE', *, *, #4535, .T. ) ;
#2916 = ADVANCED_FACE ( 'NONE', ( #8159 ), #1000, .F. ) ;
#2917 = CARTESIAN_POINT ( 'NONE',  ( 360.1999805599999718, 201.9117234210000049, 103.0258752450000088 ) ) ;
#2918 = DIRECTION ( 'NONE',  ( -2.368475785869285424E-15, -0.9987686379936980829, -0.04961056097458500097 ) ) ;
#2919 = CIRCLE ( 'NONE', #7957, 2.500000046249998942 ) ;
#2920 = CIRCLE ( 'NONE', #511, 2.500000046250006047 ) ;
#2921 = AXIS2_PLACEMENT_3D ( 'NONE', #1696, #6755, #2923 ) ;
#2922 = ORIENTED_EDGE ( 'NONE', *, *, #1795, .T. ) ;
#2923 = DIRECTION ( 'NONE',  ( 0.9606977125710696175, -0.01377172597510089788, 0.2772548369720198580 ) ) ;
#2924 = EDGE_CURVE ( 'NONE', #6753, #1066, #2433, .T. ) ;
#2925 = ORIENTED_EDGE ( 'NONE', *, *, #2819, .T. ) ;
#2926 = FACE_OUTER_BOUND ( 'NONE', #7610, .T. ) ;
#2927 = EDGE_CURVE ( 'NONE', #215, #7832, #6139, .T. ) ;
#2928 = CIRCLE ( 'NONE', #1857, 2.500000046249998942 ) ;
#2929 = VERTEX_POINT ( 'NONE', #4948 ) ;
#2930 = LINE ( 'NONE', #6136, #6855 ) ;
#2931 = ORIENTED_EDGE ( 'NONE', *, *, #2297, .T. ) ;
#2932 = DIRECTION ( 'NONE',  ( 1.136754526454196255E-13, -0.9987686379937031900, -0.04961056097448531682 ) ) ;
#2933 = DIRECTION ( 'NONE',  ( -1.136868377219662335E-13, 0.9987686379937030789, 0.04961056097448530988 ) ) ;
#2934 = CYLINDRICAL_SURFACE ( 'NONE', #7683, 2.500000046249988284 ) ;
#2935 = CIRCLE ( 'NONE', #1861, 118.1603675010000387 ) ;
#2936 = EDGE_CURVE ( 'NONE', #4701, #491, #4243, .T. ) ;
#2937 = CIRCLE ( 'NONE', #261, 118.1603675009999819 ) ;
#2938 = FACE_BOUND ( 'NONE', #6133, .T. ) ;
#2939 = CARTESIAN_POINT ( 'NONE',  ( 47.69997301090000263, 199.8476917079999851, 84.10844376399998623 ) ) ;
#2940 = ORIENTED_EDGE ( 'NONE', *, *, #1329, .T. ) ;
#2941 = CYLINDRICAL_SURFACE ( 'NONE', #3260, 2.500000046249988284 ) ;
#2942 = PLANE ( 'NONE',  #6229 ) ;
#2943 = ORIENTED_EDGE ( 'NONE', *, *, #6837, .T. ) ;
#2944 = DIRECTION ( 'NONE',  ( 1.000000000000000000, 1.110223004086031457E-13, 5.551115020430157443E-15 ) ) ;
#2945 = ORIENTED_EDGE ( 'NONE', *, *, #4084, .T. ) ;
#2946 = ORIENTED_EDGE ( 'NONE', *, *, #712, .T. ) ;
#2947 = VERTEX_POINT ( 'NONE', #7491 ) ;
#2948 = CARTESIAN_POINT ( 'NONE',  ( 366.2565270759999976, 235.3531349579999983, 236.0574775169999953 ) ) ;
#2949 = CYLINDRICAL_SURFACE ( 'NONE', #1540, 118.1603675009999677 ) ;
#2950 = CARTESIAN_POINT ( 'NONE',  ( 137.8794643810000196, 205.8206312490000016, 24.33115780789999860 ) ) ;
#2951 = ORIENTED_EDGE ( 'NONE', *, *, #5505, .T. ) ;
#2952 = ORIENTED_EDGE ( 'NONE', *, *, #3420, .T. ) ;
#2953 = LINE ( 'NONE', #7282, #6926 ) ;
#2954 = CARTESIAN_POINT ( 'NONE',  ( 290.0204893619999780, 247.2695481130000132, 26.38951565949999889 ) ) ;
#2955 = AXIS2_PLACEMENT_3D ( 'NONE', #595, #2578, #4473 ) ;
#2956 = CARTESIAN_POINT ( 'NONE',  ( 107.6999724180000015, 206.0331817200000160, 20.05205392410000087 ) ) ;
#2957 = ORIENTED_EDGE ( 'NONE', *, *, #4171, .T. ) ;
#2958 = CARTESIAN_POINT ( 'NONE',  ( 52.69997518129999747, 194.8361817120000126, 215.2290601119999849 ) ) ;
#2959 = EDGE_CURVE ( 'NONE', #894, #428, #5980, .T. ) ;
#2960 = DIRECTION ( 'NONE',  ( -1.140924983549660398E-13, 0.9987686379937031900, 0.04961056097448531682 ) ) ;
#2961 = EDGE_CURVE ( 'NONE', #5878, #8167, #5041, .T. ) ;
#2962 = ORIENTED_EDGE ( 'NONE', *, *, #5858, .F. ) ;
#2963 = CIRCLE ( 'NONE', #3895, 10.00000000000000888 ) ;
#2964 = ORIENTED_EDGE ( 'NONE', *, *, #8144, .T. ) ;
#2965 = FACE_OUTER_BOUND ( 'NONE', #7223, .T. ) ;
#2966 = EDGE_CURVE ( 'NONE', #223, #2469, #4513, .T. ) ;
#2967 = EDGE_LOOP ( 'NONE', ( #2029, #2055, #5171, #4347 ) ) ;
#2968 = CARTESIAN_POINT ( 'NONE',  ( 297.6999813300000142, 203.0546215070000073, 19.54585236369999990 ) ) ;
#2969 = EDGE_CURVE ( 'NONE', #4326, #3508, #3052, .T. ) ;
#2970 = DIRECTION ( 'NONE',  ( 1.000000000000000000, 1.110223004086028302E-13, 5.551115020430141666E-15 ) ) ;
#2971 = CARTESIAN_POINT ( 'NONE',  ( 163.0589590300000111, 189.2004341919999888, 298.4534339769999747 ) ) ;
#2972 = EDGE_CURVE ( 'NONE', #3315, #3626, #7175, .T. ) ;
#2973 = FACE_BOUND ( 'NONE', #3503, .T. ) ;
#2974 = DIRECTION ( 'NONE',  ( 1.140924983539660419E-13, -0.9987686379937031900, -0.04961056097448531682 ) ) ;
#2975 = DIRECTION ( 'NONE',  ( -1.140924983539660419E-13, 0.9987686379937031900, 0.04961056097448531682 ) ) ;
#2976 = CYLINDRICAL_SURFACE ( 'NONE', #3121, 9.999999999999996447 ) ;
#2977 = CARTESIAN_POINT ( 'NONE',  ( 50.19997518130000458, 195.8382052030000011, 225.2916426070000000 ) ) ;
#2978 = EDGE_CURVE ( 'NONE', #1873, #3084, #6174, .T. ) ;
#2979 = DIRECTION ( 'NONE',  ( 1.478176250624248093E-15, 0.9987686379936981940, 0.04961056097458500791 ) ) ;
#2980 = VECTOR ( 'NONE', #7879, 1000.000000000000341 ) ;
#2981 = ORIENTED_EDGE ( 'NONE', *, *, #1990, .F. ) ;
#2982 = DIRECTION ( 'NONE',  ( 1.000000000000000000, 1.110223004086028302E-13, 0.000000000000000000 ) ) ;
#2983 = ORIENTED_EDGE ( 'NONE', *, *, #7190, .F. ) ;
#2984 = VERTEX_POINT ( 'NONE', #2889 ) ;
#2985 = ORIENTED_EDGE ( 'NONE', *, *, #4323, .T. ) ;
#2986 = DIRECTION ( 'NONE',  ( -0.9762097135553917671, -0.01075698314830507776, 0.2165614981330871991 ) ) ;
#2987 = CARTESIAN_POINT ( 'NONE',  ( 117.6999751809999992, 235.1599094350000030, 300.4110314569999787 ) ) ;
#2988 = FACE_OUTER_BOUND ( 'NONE', #6954, .T. ) ;
#2989 = VECTOR ( 'NONE', #6851, 1000.000000000000114 ) ;
#2990 = VERTEX_POINT ( 'NONE', #4135 ) ;
#2991 = VERTEX_POINT ( 'NONE', #4292 ) ;
#2992 = DIRECTION ( 'NONE',  ( -1.140924983549660398E-13, 0.9987686379937031900, 0.04961056097448531682 ) ) ;
#2993 = DIRECTION ( 'NONE',  ( -1.141054688951602162E-13, 0.9987686379937031900, 0.04961056097448531682 ) ) ;
#2994 = DIRECTION ( 'NONE',  ( 0.000000000000000000, -0.9987680247135006795, -0.04962290610083169157 ) ) ;
#2995 = CIRCLE ( 'NONE', #4317, 2.500000046250006047 ) ;
#2996 = DIRECTION ( 'NONE',  ( 1.140924983539660419E-13, -0.9987686379937031900, -0.04961056097448531682 ) ) ;
#2997 = ORIENTED_EDGE ( 'NONE', *, *, #2429, .T. ) ;
#2998 = AXIS2_PLACEMENT_3D ( 'NONE', #1693, #7938, #4781 ) ;
#2999 = ORIENTED_EDGE ( 'NONE', *, *, #3190, .F. ) ;
#3000 = CARTESIAN_POINT ( 'NONE',  ( 165.3794671060000212, 192.4254323419999935, 293.9981928999999923 ) ) ;
#3001 = ORIENTED_EDGE ( 'NONE', *, *, #6743, .T. ) ;
#3002 = ORIENTED_EDGE ( 'NONE', *, *, #4794, .F. ) ;
#3003 = EDGE_LOOP ( 'NONE', ( #5944, #7944, #6585, #3097 ) ) ;
#3004 = VECTOR ( 'NONE', #7109, 1000.000000000000114 ) ;
#3005 = CARTESIAN_POINT ( 'NONE',  ( 125.3794643810000053, 245.7713529069999936, 26.31606063489999769 ) ) ;
#3006 = DIRECTION ( 'NONE',  ( -1.140924983549660398E-13, 0.9987686379937031900, 0.04961056097448531682 ) ) ;
#3007 = CARTESIAN_POINT ( 'NONE',  ( 117.6999724180000158, 248.9802331580000043, 22.18530795389999710 ) ) ;
#3008 = FACE_OUTER_BOUND ( 'NONE', #7137, .T. ) ;
#3009 = FACE_BOUND ( 'NONE', #413, .T. ) ;
#3010 = EDGE_CURVE ( 'NONE', #4471, #1136, #958, .T. ) ;
#3011 = CARTESIAN_POINT ( 'NONE',  ( 157.8794643810000196, 204.3224783010000181, 24.25674178210000065 ) ) ;
#3012 = EDGE_CURVE ( 'NONE', #1482, #5249, #1042, .T. ) ;
#3013 = AXIS2_PLACEMENT_3D ( 'NONE', #3293, #6415, #1281 ) ;
#3014 = VERTEX_POINT ( 'NONE', #7953 ) ;
#3015 = EDGE_CURVE ( 'NONE', #828, #5481, #1181, .T. ) ;
#3016 = FACE_OUTER_BOUND ( 'NONE', #7760, .T. ) ;
#3017 = ORIENTED_EDGE ( 'NONE', *, *, #2429, .F. ) ;
#3018 = CARTESIAN_POINT ( 'NONE',  ( 242.3409974809999881, 203.0529882669999893, 19.57873304299999972 ) ) ;
#3019 = AXIS2_PLACEMENT_3D ( 'NONE', #927, #961, #1714 ) ;
#3020 = ORIENTED_EDGE ( 'NONE', *, *, #5592, .T. ) ;
#3021 = EDGE_CURVE ( 'NONE', #5304, #2695, #2340, .T. ) ;
#3022 = ORIENTED_EDGE ( 'NONE', *, *, #3577, .T. ) ;
#3023 = ORIENTED_EDGE ( 'NONE', *, *, #932, .T. ) ;
#3024 = CARTESIAN_POINT ( 'NONE',  ( -47.00002143839999746, 191.1776914950000048, 319.1253152780000164 ) ) ;
#3025 = CARTESIAN_POINT ( 'NONE',  ( 155.3794671060000212, 190.9272793850000198, 293.9237770590000309 ) ) ;
#3026 = CIRCLE ( 'NONE', #5540, 2.500000046250006047 ) ;
#3027 = VECTOR ( 'NONE', #4651, 1000.000000000000114 ) ;
#3028 = CARTESIAN_POINT ( 'NONE',  ( 362.6999812869999573, 192.8422228009999913, 225.1437899080000307 ) ) ;
#3029 = ORIENTED_EDGE ( 'NONE', *, *, #3596, .T. ) ;
#3030 = ORIENTED_EDGE ( 'NONE', *, *, #3324, .F. ) ;
#3031 = VECTOR ( 'NONE', #7111, 1000.000000000000114 ) ;
#3032 = CIRCLE ( 'NONE', #4101, 118.1603675009999819 ) ;
#3033 = DIRECTION ( 'NONE',  ( -1.140769944945580082E-13, 0.9987686379937031900, 0.04961056097448531682 ) ) ;
#3034 = DIRECTION ( 'NONE',  ( 0.9999999815032921680, -9.541932645129290062E-06, 0.0001920998876347759484 ) ) ;
#3035 = LINE ( 'NONE', #6870, #4319 ) ;
#3036 = CARTESIAN_POINT ( 'NONE',  ( 50.19997518130000458, 193.3380048989999977, 215.1551245440000173 ) ) ;
#3037 = CARTESIAN_POINT ( 'NONE',  ( 260.0204893620000348, 235.3727834310000162, 296.1329062799999861 ) ) ;
#3038 = CIRCLE ( 'NONE', #3316, 10.00000000000000888 ) ;
#3039 = VERTEX_POINT ( 'NONE', #4254 ) ;
#3040 = ORIENTED_EDGE ( 'NONE', *, *, #4390, .F. ) ;
#3041 = ORIENTED_EDGE ( 'NONE', *, *, #4671, .F. ) ;
#3042 = CIRCLE ( 'NONE', #3321, 2.500000046249998942 ) ;
#3043 = CIRCLE ( 'NONE', #2652, 2.500000046250006047 ) ;
#3044 = FACE_BOUND ( 'NONE', #6017, .T. ) ;
#3045 = DIRECTION ( 'NONE',  ( 1.000000000000000000, 1.110223004086028302E-13, 0.000000000000000000 ) ) ;
#3046 = DIRECTION ( 'NONE',  ( 1.000000000000000000, 1.110223004086028302E-13, 5.551115020430141666E-15 ) ) ;
#3047 = LINE ( 'NONE', #3605, #6190 ) ;
#3048 = DIRECTION ( 'NONE',  ( 1.140768893269510162E-13, -0.9987686379937031900, -0.04961056097448531682 ) ) ;
#3049 = AXIS2_PLACEMENT_3D ( 'NONE', #7194, #5349, #1485 ) ;
#3050 = DIRECTION ( 'NONE',  ( 1.136754526454196255E-13, -0.9987686379937031900, -0.04961056097448531682 ) ) ;
#3051 = CYLINDRICAL_SURFACE ( 'NONE', #5229, 2.500000046249985619 ) ;
#3052 = CIRCLE ( 'NONE', #7963, 10.00000000000000888 ) ;
#3053 = EDGE_LOOP ( 'NONE', ( #51, #4090, #1304, #3163 ) ) ;
#3054 = CYLINDRICAL_SURFACE ( 'NONE', #5365, 118.1603675009999961 ) ;
#3055 = AXIS2_PLACEMENT_3D ( 'NONE', #1155, #1833, #3129 ) ;
#3056 = EDGE_CURVE ( 'NONE', #1435, #891, #6912, .T. ) ;
#3057 = LINE ( 'NONE', #6932, #7806 ) ;
#3058 = PLANE ( 'NONE',  #4613 ) ;
#3059 = ORIENTED_EDGE ( 'NONE', *, *, #6325, .T. ) ;
#3060 = EDGE_CURVE ( 'NONE', #7270, #2627, #4828, .T. ) ;
#3061 = EDGE_CURVE ( 'NONE', #2172, #4220, #1664, .T. ) ;
#3062 = DIRECTION ( 'NONE',  ( 1.136675133409662280E-13, -0.9987686379937031900, -0.04961056097448531682 ) ) ;
#3063 = ORIENTED_EDGE ( 'NONE', *, *, #1847, .F. ) ;
#3064 = EDGE_LOOP ( 'NONE', ( #3927, #4689, #574, #6530 ) ) ;
#3065 = FACE_BOUND ( 'NONE', #7701, .T. ) ;
#3066 = EDGE_CURVE ( 'NONE', #8047, #2127, #8229, .T. ) ;
#3067 = DIRECTION ( 'NONE',  ( 0.9999999999999998890, 4.579909472279999254E-10, -9.218101541460000746E-09 ) ) ;
#3068 = ADVANCED_FACE ( 'NONE', ( #6212 ), #5577, .F. ) ;
#3069 = DIRECTION ( 'NONE',  ( -1.481718509849552606E-15, -0.9987686379936984160, -0.04961056097458502179 ) ) ;
#3070 = DIRECTION ( 'NONE',  ( 1.000000000000000000, -2.775557561562890957E-15, 0.000000000000000000 ) ) ;
#3071 = EDGE_LOOP ( 'NONE', ( #3453, #3455, #1216, #1022 ) ) ;
#3072 = VERTEX_POINT ( 'NONE', #5158 ) ;
#3073 = FACE_OUTER_BOUND ( 'NONE', #522, .T. ) ;
#3074 = DIRECTION ( 'NONE',  ( 9.229562303537259252E-09, 0.04961056097448530988, -0.9987686379937030789 ) ) ;
#3075 = DIRECTION ( 'NONE',  ( -1.140924983549660398E-13, 0.9987686379937031900, 0.04961056097448531682 ) ) ;
#3076 = DIRECTION ( 'NONE',  ( 1.000000000000000000, 1.110223004086028302E-13, 5.551115020430141666E-15 ) ) ;
#3077 = VECTOR ( 'NONE', #4996, 1000.000000000000114 ) ;
#3078 = FACE_OUTER_BOUND ( 'NONE', #7939, .T. ) ;
#3079 = CARTESIAN_POINT ( 'NONE',  ( 52.69997318429999922, 244.8588041720000206, 105.1586493890000042 ) ) ;
#3080 = ORIENTED_EDGE ( 'NONE', *, *, #3827, .T. ) ;
#3081 = MANIFOLD_SOLID_BREP ( 'comp2.1\\partc4.5\\PartBody', #5003 ) ;
#3082 = VERTEX_POINT ( 'NONE', #3715 ) ;
#3083 = ORIENTED_EDGE ( 'NONE', *, *, #7629, .F. ) ;
#3084 = VERTEX_POINT ( 'NONE', #664 ) ;
#3085 = LINE ( 'NONE', #2471, #4729 ) ;
#3086 = CARTESIAN_POINT ( 'NONE',  ( 365.1999805599999718, 198.9154175040000041, 102.8770436089999976 ) ) ;
#3087 = CARTESIAN_POINT ( 'NONE',  ( 165.3794643810000196, 248.7677065510000034, 26.46393140350000195 ) ) ;
#3088 = DIRECTION ( 'NONE',  ( -1.140924983549660398E-13, 0.9987686379937031900, 0.04961056097448531682 ) ) ;
#3089 = CARTESIAN_POINT ( 'NONE',  ( 127.8794643810000053, 247.2695297209999978, 26.38999618049999896 ) ) ;
#3090 = DIRECTION ( 'NONE',  ( -1.136675133409662280E-13, 0.9987686379937031900, 0.04961056097448531682 ) ) ;
#3091 = DIRECTION ( 'NONE',  ( 1.481718509863570270E-15, 0.9987686379936981940, 0.04961056097458500791 ) ) ;
#3092 = VERTEX_POINT ( 'NONE', #3222 ) ;
#3093 = CARTESIAN_POINT ( 'NONE',  ( 167.8794671060000212, 190.9272555290000071, 293.9242573320000247 ) ) ;
#3095 = MANIFOLD_SOLID_BREP ( 'comp2.1\\partc4.1\\PartBody', #1676 ) ;
#3094 = DIRECTION ( 'NONE',  ( -1.140924983549660398E-13, 0.9987686379937031900, 0.04961056097448531682 ) ) ;
#3096 = DIRECTION ( 'NONE',  ( 1.136868377219662335E-13, -0.9987686379937030789, -0.04961056097448530988 ) ) ;
#3097 = ORIENTED_EDGE ( 'NONE', *, *, #601, .F. ) ;
#3098 = DIRECTION ( 'NONE',  ( -1.140924983549660398E-13, 0.9987686379937031900, 0.04961056097448531682 ) ) ;
#3099 = ORIENTED_EDGE ( 'NONE', *, *, #5864, .T. ) ;
#3100 = ORIENTED_EDGE ( 'NONE', *, *, #6532, .F. ) ;
#3101 = DIRECTION ( 'NONE',  ( 1.140924983539660419E-13, -0.9987686379937031900, -0.04961056097448531682 ) ) ;
#3102 = EDGE_CURVE ( 'NONE', #1230, #2991, #7183, .T. ) ;
#3103 = CYLINDRICAL_SURFACE ( 'NONE', #5338, 2.500000046249988284 ) ;
#3104 = AXIS2_PLACEMENT_3D ( 'NONE', #3783, #1867, #4400 ) ;
#3105 = CARTESIAN_POINT ( 'NONE',  ( 272.5204893619999780, 247.2695242649999727, 26.38999577090000059 ) ) ;
#3106 = EDGE_CURVE ( 'NONE', #7348, #2610, #7657, .T. ) ;
#3107 = DIRECTION ( 'NONE',  ( 1.000000000000000000, 1.110223004086028302E-13, 5.551115020430141666E-15 ) ) ;
#3108 = ORIENTED_EDGE ( 'NONE', *, *, #3776, .F. ) ;
#3109 = EDGE_CURVE ( 'NONE', #3796, #6780, #6385, .T. ) ;
#3110 = ORIENTED_EDGE ( 'NONE', *, *, #5634, .T. ) ;
#3111 = AXIS2_PLACEMENT_3D ( 'NONE', #4745, #1593, #743 ) ;
#3112 = CARTESIAN_POINT ( 'NONE',  ( 52.69997318429999922, 200.4135997819999773, 102.9509794260000035 ) ) ;
#3113 = EDGE_CURVE ( 'NONE', #2427, #5669, #5036, .T. ) ;
#3114 = EDGE_CURVE ( 'NONE', #4556, #1410, #7707, .T. ) ;
#3115 = CARTESIAN_POINT ( 'NONE',  ( 355.8573922119999793, 236.8592840919999958, 205.7354152489999990 ) ) ;
#3116 = CARTESIAN_POINT ( 'NONE',  ( 280.0204893619999780, 204.3224489719999895, 24.25722199089999975 ) ) ;
#3117 = DIRECTION ( 'NONE',  ( 1.000000000000000000, 1.110223004086028302E-13, 5.551115020430141666E-15 ) ) ;
#3118 = VERTEX_POINT ( 'NONE', #7004 ) ;
#3119 = DIRECTION ( 'NONE',  ( -1.136868377219662335E-13, 0.9987686379937030789, 0.04961056097448530988 ) ) ;
#3120 = CARTESIAN_POINT ( 'NONE',  ( 132.8794643810000196, 248.7676826799999787, 26.46441197589999916 ) ) ;
#3121 = AXIS2_PLACEMENT_3D ( 'NONE', #4297, #6925, #4261 ) ;
#3122 = EDGE_LOOP ( 'NONE', ( #2374, #3931, #298, #7388 ) ) ;
#3123 = CARTESIAN_POINT ( 'NONE',  ( 362.6999812869999573, 238.2796384110000076, 207.3760871119999933 ) ) ;
#3124 = ORIENTED_EDGE ( 'NONE', *, *, #3728, .T. ) ;
#3125 = ORIENTED_EDGE ( 'NONE', *, *, #74, .F. ) ;
#3126 = FACE_OUTER_BOUND ( 'NONE', #6993, .T. ) ;
#3127 = EDGE_CURVE ( 'NONE', #5976, #4577, #6922, .T. ) ;
#3128 = AXIS2_PLACEMENT_3D ( 'NONE', #3801, #741, #133 ) ;
#3129 = DIRECTION ( 'NONE',  ( 1.000000000000000000, 1.139252903344778342E-13, 5.637540140262821307E-15 ) ) ;
#3130 = ORIENTED_EDGE ( 'NONE', *, *, #4141, .F. ) ;
#3131 = DIRECTION ( 'NONE',  ( -1.136868377219662335E-13, 0.9987686379937030789, 0.04961056097448530988 ) ) ;
#3132 = CARTESIAN_POINT ( 'NONE',  ( 137.8794671060000212, 235.3724599189999935, 296.1319272950000254 ) ) ;
#3133 = CARTESIAN_POINT ( 'NONE',  ( 145.3794643810000196, 202.8243014819999814, 24.18280632860000168 ) ) ;
#3134 = LINE ( 'NONE', #3225, #4872 ) ;
#3135 = CARTESIAN_POINT ( 'NONE',  ( 107.6999751809999992, 233.6617564780000009, 300.3366156159999605 ) ) ;
#3136 = AXIS2_PLACEMENT_3D ( 'NONE', #1070, #3701, #5399 ) ;
#3137 = ORIENTED_EDGE ( 'NONE', *, *, #5043, .F. ) ;
#3138 = FACE_BOUND ( 'NONE', #6800, .T. ) ;
#3139 = CYLINDRICAL_SURFACE ( 'NONE', #2286, 2.500000046250002050 ) ;
#3140 = LINE ( 'NONE', #5662, #4225 ) ;
#3141 = CARTESIAN_POINT ( 'NONE',  ( 135.3794643810000196, 247.2695058689999996, 26.39047638419999942 ) ) ;
#3142 = VERTEX_POINT ( 'NONE', #5782 ) ;
#3143 = DIRECTION ( 'NONE',  ( 1.090971757378156291E-13, -0.9987686379937031900, -0.04961056097448661439 ) ) ;
#3144 = ORIENTED_EDGE ( 'NONE', *, *, #6492, .T. ) ;
#3145 = ORIENTED_EDGE ( 'NONE', *, *, #2040, .F. ) ;
#3146 = DIRECTION ( 'NONE',  ( -1.141043109672830237E-13, 0.9987686379937031900, 0.04961056097448531682 ) ) ;
#3147 = UNCERTAINTY_MEASURE_WITH_UNIT (LENGTH_MEASURE( 1.000000000000000082E-05 ), #2597, 'distance_accuracy_value', 'NONE');
#3148 = CARTESIAN_POINT ( 'NONE',  ( 462.3999751820000483, 191.1776969579999843, 319.1253155499999821 ) ) ;
#3149 = DIRECTION ( 'NONE',  ( 1.000000000000000000, 0.000000000000000000, -1.181403991129999950E-13 ) ) ;
#3150 = ORIENTED_EDGE ( 'NONE', *, *, #8092, .F. ) ;
#3151 = EDGE_LOOP ( 'NONE', ( #6485, #2432, #1865, #7391 ) ) ;
#3152 = ORIENTED_EDGE ( 'NONE', *, *, #3319, .T. ) ;
#3153 = CARTESIAN_POINT ( 'NONE',  ( 122.8794643810000053, 202.8243253279999863, 24.18232626330000201 ) ) ;
#3154 = CLOSED_SHELL ( 'NONE', ( #7184, #3819, #6525, #2151, #4851, #3833, #967, #3526, #3540, #5289, #2353, #6791, #916, #6121, #4834, #2916, #6990, #4093, #4331, #3625, #1064, #7641, #1117, #2031, #6832, #2756, #6674, #714, #1275, #705 ) ) ;
#3155 = AXIS2_PLACEMENT_3D ( 'NONE', #905, #3380, #198 ) ;
#3156 = VECTOR ( 'NONE', #7105, 1000.000000000000114 ) ;
#3157 = LINE ( 'NONE', #7108, #2783 ) ;
#3158 = DIRECTION ( 'NONE',  ( 1.140924983539660419E-13, -0.9987686379937031900, -0.04961056097448531682 ) ) ;
#3159 = EDGE_CURVE ( 'NONE', #3780, #6321, #3725, .T. ) ;
#3160 = CARTESIAN_POINT ( 'NONE',  ( 145.3794643810000196, 248.7676588300000162, 26.46489213340000290 ) ) ;
#3161 = EDGE_CURVE ( 'NONE', #4471, #2313, #1324, .T. ) ;
#3162 = FACE_OUTER_BOUND ( 'NONE', #1057, .T. ) ;
#3163 = ORIENTED_EDGE ( 'NONE', *, *, #102, .F. ) ;
#3164 = DIRECTION ( 'NONE',  ( -0.9999999815015169213, 9.542390523300698320E-06, -0.0001921091057331134131 ) ) ;
#3165 = AXIS2_PLACEMENT_3D ( 'NONE', #5467, #4798, #4211 ) ;
#3166 = EDGE_LOOP ( 'NONE', ( #7666, #1976, #4168, #3430 ) ) ;
#3167 = EDGE_CURVE ( 'NONE', #4067, #6907, #5849, .T. ) ;
#3168 = ORIENTED_EDGE ( 'NONE', *, *, #2927, .T. ) ;
#3169 = CIRCLE ( 'NONE', #4880, 2.500000046250006047 ) ;
#3170 = DIRECTION ( 'NONE',  ( -0.9999999815032921680, -9.541932867173944115E-06, 0.0001920998875556736150 ) ) ;
#3171 = AXIS2_PLACEMENT_3D ( 'NONE', #817, #2587, #3999 ) ;
#3172 = FACE_OUTER_BOUND ( 'NONE', #5845, .T. ) ;
#3173 = ADVANCED_FACE ( 'NONE', ( #6960 ), #542, .T. ) ;
#3174 = AXIS2_PLACEMENT_3D ( 'NONE', #1556, #93, #5246 ) ;
#3175 = ORIENTED_EDGE ( 'NONE', *, *, #1737, .F. ) ;
#3176 = DIRECTION ( 'NONE',  ( 1.000000000000000000, 0.000000000000000000, 0.000000000000000000 ) ) ;
#3177 = CARTESIAN_POINT ( 'NONE',  ( 167.8794643810000196, 202.8243253489999915, 24.18232584840000143 ) ) ;
#3178 = CARTESIAN_POINT ( 'NONE',  ( 0.000000000000000000, 0.000000000000000000, 0.000000000000000000 ) ) ;
#3179 = EDGE_CURVE ( 'NONE', #2380, #2731, #7616, .T. ) ;
#3180 = CARTESIAN_POINT ( 'NONE',  ( 155.3794643809999911, 202.8243491990000109, 24.18184569090000124 ) ) ;
#3181 = DIRECTION ( 'NONE',  ( -1.140924983549660398E-13, 0.9987686379937031900, 0.04961056097448531682 ) ) ;
#3182 = AXIS2_PLACEMENT_3D ( 'NONE', #4816, #6244, #7399 ) ;
#3183 = AXIS2_PLACEMENT_3D ( 'NONE', #2579, #7634, #1943 ) ;
#3184 = ORIENTED_EDGE ( 'NONE', *, *, #4879, .F. ) ;
#3185 = CIRCLE ( 'NONE', #7821, 60.22727286729999463 ) ;
#3186 = DIRECTION ( 'NONE',  ( -1.136868377219662335E-13, 0.9987686379937030789, 0.04961056097448530988 ) ) ;
#3187 = DIRECTION ( 'NONE',  ( 1.140924983539660419E-13, -0.9987686379937031900, -0.04961056097448531682 ) ) ;
#3188 = DIRECTION ( 'NONE',  ( 1.136675133409662280E-13, -0.9987686379937031900, -0.04961056097448531682 ) ) ;
#3189 = CARTESIAN_POINT ( 'NONE',  ( 251.5607249690000060, 205.5547010800000010, 29.68480100470000238 ) ) ;
#3190 = EDGE_CURVE ( 'NONE', #692, #1607, #1336, .T. ) ;
#3191 = ORIENTED_EDGE ( 'NONE', *, *, #5351, .F. ) ;
#3192 = DIRECTION ( 'NONE',  ( 1.140924983539660419E-13, -0.9987686379937031900, -0.04961056097448531682 ) ) ;
#3193 = CIRCLE ( 'NONE', #3982, 2.500000046250006047 ) ;
#3194 = CIRCLE ( 'NONE', #5568, 2.500000046250006047 ) ;
#3195 = VERTEX_POINT ( 'NONE', #1288 ) ;
#3196 = FACE_OUTER_BOUND ( 'NONE', #4703, .T. ) ;
#3197 = ORIENTED_EDGE ( 'NONE', *, *, #5465, .T. ) ;
#3198 = ORIENTED_EDGE ( 'NONE', *, *, #524, .T. ) ;
#3199 = VECTOR ( 'NONE', #6675, 1000.000000000000341 ) ;
#3200 = CIRCLE ( 'NONE', #3598, 10.00000000000000888 ) ;
#3201 = EDGE_CURVE ( 'NONE', #7156, #4247, #2121, .T. ) ;
#3202 = LINE ( 'NONE', #5722, #4552 ) ;
#3203 = FACE_BOUND ( 'NONE', #2676, .T. ) ;
#3204 = AXIS2_PLACEMENT_3D ( 'NONE', #6407, #528, #6983 ) ;
#3205 = CYLINDRICAL_SURFACE ( 'NONE', #273, 2.500000046250013153 ) ;
#3206 = ORIENTED_EDGE ( 'NONE', *, *, #5448, .T. ) ;
#3207 = EDGE_LOOP ( 'NONE', ( #6157, #78 ) ) ;
#3208 = EDGE_LOOP ( 'NONE', ( #6823, #7425, #1492, #3754, #2870, #6309, #732, #1148, #5101, #3305, #1823, #2840 ) ) ;
#3209 = DIRECTION ( 'NONE',  ( 1.000000000000000000, 1.110223004086028302E-13, 5.551115020430141666E-15 ) ) ;
#3210 = FACE_OUTER_BOUND ( 'NONE', #6172, .T. ) ;
#3211 = DIRECTION ( 'NONE',  ( -1.000000000000000000, -4.579932270290000427E-10, 9.218101611429999423E-09 ) ) ;
#3212 = CARTESIAN_POINT ( 'NONE',  ( 145.3794671059999928, 232.3761778609999737, 295.9826153390000059 ) ) ;
#3213 = ORIENTED_EDGE ( 'NONE', *, *, #7780, .F. ) ;
#3214 = CARTESIAN_POINT ( 'NONE',  ( 287.5204893619999780, 248.7676772149999920, 26.46441175069999829 ) ) ;
#3215 = EDGE_LOOP ( 'NONE', ( #2493, #4366, #7315, #4777 ) ) ;
#3216 = CARTESIAN_POINT ( 'NONE',  ( 117.6999751809999992, 192.2128580010000007, 298.2777773350000530 ) ) ;
#3217 = ORIENTED_EDGE ( 'NONE', *, *, #6891, .F. ) ;
#3218 = DIRECTION ( 'NONE',  ( -1.136868377219662335E-13, 0.9987686379937030789, 0.04961056097448530988 ) ) ;
#3219 = EDGE_CURVE ( 'NONE', #5150, #7173, #1248, .T. ) ;
#3220 = DIRECTION ( 'NONE',  ( 0.000000000000000000, -0.9987686379936980829, -0.04961056097458500097 ) ) ;
#3221 = EDGE_CURVE ( 'NONE', #7260, #6039, #7837, .T. ) ;
#3222 = CARTESIAN_POINT ( 'NONE',  ( 355.8573922119999793, 193.9122326579999935, 203.6021611270000164 ) ) ;
#3223 = FACE_OUTER_BOUND ( 'NONE', #7166, .T. ) ;
#3224 = PERSON_AND_ORGANIZATION ( #5418, #4589 ) ;
#3225 = CARTESIAN_POINT ( 'NONE',  ( 292.5204893619999780, 233.8746543299999985, 296.0580101659999741 ) ) ;
#3226 = LINE ( 'NONE', #5746, #5513 ) ;
#3227 = EDGE_CURVE ( 'NONE', #6965, #3424, #5611, .T. ) ;
#3228 = ADVANCED_FACE ( 'NONE', ( #8187 ), #3797, .F. ) ;
#3229 = FACE_BOUND ( 'NONE', #6023, .T. ) ;
#3230 = CARTESIAN_POINT ( 'NONE',  ( 52.69997327659999797, 199.9174941720000049, 112.9386658049999994 ) ) ;
#3231 = EDGE_CURVE ( 'NONE', #3072, #5995, #3916, .T. ) ;
#3232 = ADVANCED_FACE ( 'NONE', ( #869 ), #3425, .F. ) ;
#3233 = DIRECTION ( 'NONE',  ( 1.140768893269510162E-13, -0.9987686379937031900, -0.04961056097448531682 ) ) ;
#3234 = VERTEX_POINT ( 'NONE', #1459 ) ;
#3235 = CARTESIAN_POINT ( 'NONE',  ( 47.69997301090000263, 199.8476917079999851, 84.10844376399998623 ) ) ;
#3236 = DIRECTION ( 'NONE',  ( -1.140924983549660398E-13, 0.9987686379937031900, 0.04961056097448531682 ) ) ;
#3237 = DIRECTION ( 'NONE',  ( -9.229574530877261563E-09, -0.04961056097448530988, 0.9987686379937030789 ) ) ;
#3238 = ORIENTED_EDGE ( 'NONE', *, *, #6069, .F. ) ;
#3239 = ORIENTED_EDGE ( 'NONE', *, *, #7290, .F. ) ;
#3240 = ADVANCED_FACE ( 'NONE', ( #2677 ), #2160, .F. ) ;
#3241 = EDGE_LOOP ( 'NONE', ( #1243, #3851, #8083, #2295 ) ) ;
#3242 = DIRECTION ( 'NONE',  ( 0.9999999815032921680, 9.541932878276174361E-06, -0.0001920998876014703147 ) ) ;
#3243 = CARTESIAN_POINT ( 'NONE',  ( 52.69997518129999747, 235.7889745790000120, 227.2755847729999914 ) ) ;
#3244 = CARTESIAN_POINT ( 'NONE',  ( 48.42170228679999866, 192.4057361569999784, 233.9237246829999890 ) ) ;
#3245 = VERTEX_POINT ( 'NONE', #4690 ) ;
#3246 = ORIENTED_EDGE ( 'NONE', *, *, #1637, .T. ) ;
#3247 = CIRCLE ( 'NONE', #2715, 2.500000046250006047 ) ;
#3248 = DIRECTION ( 'NONE',  ( -1.136868377219662335E-13, 0.9987686379937030789, 0.04961056097448530988 ) ) ;
#3249 = ORIENTED_EDGE ( 'NONE', *, *, #4222, .F. ) ;
#3250 = CARTESIAN_POINT ( 'NONE',  ( 173.0589590300000111, 232.1281012009999927, 300.9769388020000633 ) ) ;
#3251 = LINE ( 'NONE', #3996, #3458 ) ;
#3252 = VERTEX_POINT ( 'NONE', #7245 ) ;
#3253 = CARTESIAN_POINT ( 'NONE',  ( 47.69997318429999922, 198.9154229660000226, 102.8770439030000148 ) ) ;
#3254 = ORIENTED_EDGE ( 'NONE', *, *, #4972, .T. ) ;
#3255 = DIRECTION ( 'NONE',  ( -1.481718509849552606E-15, -0.9987686379936984160, -0.04961056097458502179 ) ) ;
#3256 = VECTOR ( 'NONE', #7127, 1000.000000000000114 ) ;
#3257 = ORIENTED_EDGE ( 'NONE', *, *, #5186, .T. ) ;
#3258 = VECTOR ( 'NONE', #693, 1000.000000000000114 ) ;
#3259 = CARTESIAN_POINT ( 'NONE',  ( 362.6999812869999573, 237.2874749030000032, 227.3504993260000049 ) ) ;
#3260 = AXIS2_PLACEMENT_3D ( 'NONE', #1089, #392, #2440 ) ;
#3261 = DIRECTION ( 'NONE',  ( -1.136868377219662335E-13, 0.9987686379937030789, 0.04961056097448530988 ) ) ;
#3262 = ORIENTED_EDGE ( 'NONE', *, *, #2346, .T. ) ;
#3263 = DIRECTION ( 'NONE',  ( -1.136868377219662335E-13, 0.9987686379937030789, 0.04961056097448530988 ) ) ;
#3264 = DIRECTION ( 'NONE',  ( 1.000000000000000000, 1.110223004086028302E-13, 5.551115020430141666E-15 ) ) ;
#3265 = FACE_OUTER_BOUND ( 'NONE', #4983, .T. ) ;
#3266 = CIRCLE ( 'NONE', #3789, 10.00000000000000178 ) ;
#3267 = DIRECTION ( 'NONE',  ( 1.140924983539660419E-13, -0.9987686379937031900, -0.04961056097448531682 ) ) ;
#3268 = CARTESIAN_POINT ( 'NONE',  ( 250.0204893620000064, 235.3728311430000133, 296.1319457340000554 ) ) ;
#3269 = ORIENTED_EDGE ( 'NONE', *, *, #1077, .F. ) ;
#3270 = LINE ( 'NONE', #6396, #5047 ) ;
#3271 = ORIENTED_EDGE ( 'NONE', *, *, #7530, .T. ) ;
#3272 = CARTESIAN_POINT ( 'NONE',  ( 117.6999751809999992, 190.6792027239999925, 298.9181005220000316 ) ) ;
#3273 = EDGE_CURVE ( 'NONE', #123, #6715, #134, .T. ) ;
#3274 = VECTOR ( 'NONE', #7167, 1000.000000000000341 ) ;
#3275 = EDGE_CURVE ( 'NONE', #2399, #4147, #1995, .T. ) ;
#3276 = VECTOR ( 'NONE', #8100, 1000.000000000000114 ) ;
#3277 = ORIENTED_EDGE ( 'NONE', *, *, #4186, .T. ) ;
#3278 = ORIENTED_EDGE ( 'NONE', *, *, #7528, .T. ) ;
#3279 = EDGE_CURVE ( 'NONE', #2204, #7820, #3200, .T. ) ;
#3280 = ORIENTED_EDGE ( 'NONE', *, *, #1734, .T. ) ;
#3281 = AXIS2_PLACEMENT_3D ( 'NONE', #688, #3075, #6412 ) ;
#3282 = DIRECTION ( 'NONE',  ( -1.136868377219662335E-13, 0.9987686379937030789, 0.04961056097448530988 ) ) ;
#3283 = EDGE_CURVE ( 'NONE', #1435, #4688, #4567, .T. ) ;
#3284 = CARTESIAN_POINT ( 'NONE',  ( 297.6999812869999573, 189.1813971340000080, 298.8441833919999908 ) ) ;
#3285 = EDGE_CURVE ( 'NONE', #2718, #1864, #7154, .T. ) ;
#3286 = DIRECTION ( 'NONE',  ( 1.000000000000000000, 0.000000000000000000, 0.000000000000000000 ) ) ;
#3287 = ORIENTED_EDGE ( 'NONE', *, *, #2811, .T. ) ;
#3288 = EDGE_LOOP ( 'NONE', ( #1438, #6357, #8216, #4282 ) ) ;
#3289 = DIRECTION ( 'NONE',  ( -9.229466990117259065E-09, 0.04961056097448530988, -0.9987686379937030789 ) ) ;
#3290 = DIRECTION ( 'NONE',  ( 1.000000000000000000, 1.110223004086028302E-13, 5.551115020430141666E-15 ) ) ;
#3291 = AXIS2_PLACEMENT_3D ( 'NONE', #883, #5204, #5370 ) ;
#3292 = CARTESIAN_POINT ( 'NONE',  ( 297.6999812869999573, 233.6621038449999901, 300.3371143280000410 ) ) ;
#3293 = CARTESIAN_POINT ( 'NONE',  ( 145.3794643810000196, 204.3225021510000090, 24.25626162449999867 ) ) ;
#3294 = CARTESIAN_POINT ( 'NONE',  ( 55.19997518130000458, 237.7832092900000021, 217.3627945069999896 ) ) ;
#3295 = VERTEX_POINT ( 'NONE', #7810 ) ;
#3296 = DIRECTION ( 'NONE',  ( 9.229501791197260327E-09, -0.04961056097448530988, 0.9987686379937030789 ) ) ;
#3297 = ORIENTED_EDGE ( 'NONE', *, *, #7136, .T. ) ;
#3298 = CIRCLE ( 'NONE', #7398, 10.00000000000000178 ) ;
#3299 = LINE ( 'NONE', #125, #2045 ) ;
#3300 = DIRECTION ( 'NONE',  ( 1.493058009093160224E-15, 0.9987686379936981940, 0.04961056097458500791 ) ) ;
#3301 = ORIENTED_EDGE ( 'NONE', *, *, #2561, .F. ) ;
#3302 = DIRECTION ( 'NONE',  ( 1.481718509849552606E-15, 0.9987686379936984160, 0.04961056097458502179 ) ) ;
#3303 = MECHANICAL_CONTEXT ( 'NONE', #3863, 'mechanical' ) ;
#3304 = CARTESIAN_POINT ( 'NONE',  ( 362.6999812869999573, 236.2853798440000048, 217.2893576499999995 ) ) ;
#3305 = ORIENTED_EDGE ( 'NONE', *, *, #2658, .T. ) ;
#3306 = CARTESIAN_POINT ( 'NONE',  ( 165.3794671060000212, 235.3724837750000063, 296.1314470220000317 ) ) ;
#3307 = DIRECTION ( 'NONE',  ( 0.000000000000000000, -0.9987686379936980829, -0.04961056097458500097 ) ) ;
#3308 = AXIS2_PLACEMENT_3D ( 'NONE', #1237, #5066, #4404 ) ;
#3309 = AXIS2_PLACEMENT_3D ( 'NONE', #395, #1672, #7308 ) ;
#3310 = ORIENTED_EDGE ( 'NONE', *, *, #263, .T. ) ;
#3311 = DIRECTION ( 'NONE',  ( 1.136868377219662335E-13, -0.9987686379937030789, -0.04961056097448530988 ) ) ;
#3312 = ORIENTED_EDGE ( 'NONE', *, *, #1895, .T. ) ;
#3313 = DIRECTION ( 'NONE',  ( 1.140768893269510162E-13, -0.9987686379937031900, -0.04961056097448531682 ) ) ;
#3314 = AXIS2_PLACEMENT_3D ( 'NONE', #5255, #761, #1351 ) ;
#3315 = VERTEX_POINT ( 'NONE', #2116 ) ;
#3316 = AXIS2_PLACEMENT_3D ( 'NONE', #6213, #8109, #6386 ) ;
#3317 = ORIENTED_EDGE ( 'NONE', *, *, #1268, .T. ) ;
#3318 = ORIENTED_EDGE ( 'NONE', *, *, #5921, .T. ) ;
#3319 = EDGE_CURVE ( 'NONE', #3378, #7792, #7970, .T. ) ;
#3320 = AXIS2_PLACEMENT_3D ( 'NONE', #4278, #4315, #5446 ) ;
#3321 = AXIS2_PLACEMENT_3D ( 'NONE', #4061, #1563, #5378 ) ;
#3322 = AXIS2_PLACEMENT_3D ( 'NONE', #5873, #6424, #166 ) ;
#3323 = CARTESIAN_POINT ( 'NONE',  ( 117.6999724110000187, 246.0194295640000348, 21.32173724289999939 ) ) ;
#3324 = EDGE_CURVE ( 'NONE', #5645, #987, #5311, .T. ) ;
#3325 = EDGE_CURVE ( 'NONE', #3743, #2428, #1719, .T. ) ;
#3326 = LINE ( 'NONE', #682, #2521 ) ;
#3327 = FACE_OUTER_BOUND ( 'NONE', #5191, .T. ) ;
#3328 = ORIENTED_EDGE ( 'NONE', *, *, #3525, .T. ) ;
#3329 = CIRCLE ( 'NONE', #2791, 2.500000046250006047 ) ;
#3330 = ORIENTED_EDGE ( 'NONE', *, *, #3484, .F. ) ;
#3331 = VERTEX_POINT ( 'NONE', #2701 ) ;
#3332 = EDGE_CURVE ( 'NONE', #7545, #3991, #7857, .T. ) ;
#3333 = DIRECTION ( 'NONE',  ( 1.000000000000000000, 1.138292811657849152E-13, 5.530167506030036336E-15 ) ) ;
#3334 = ADVANCED_FACE ( 'NONE', ( #4683 ), #3375, .F. ) ;
#3335 = DIRECTION ( 'NONE',  ( 1.000000000000000000, 3.593851479590000137E-15, -1.057619149710000070E-13 ) ) ;
#3336 = VECTOR ( 'NONE', #7335, 1000.000000000000114 ) ;
#3337 = CARTESIAN_POINT ( 'NONE',  ( 360.1999812869999573, 237.2874510469999905, 227.3509795989999986 ) ) ;
#3338 = VECTOR ( 'NONE', #3131, 1000.000000000000114 ) ;
#3339 = DIRECTION ( 'NONE',  ( 0.000000000000000000, -0.9987686379936980829, -0.04961056097458500097 ) ) ;
#3340 = ORIENTED_EDGE ( 'NONE', *, *, #7032, .T. ) ;
#3341 = VERTEX_POINT ( 'NONE', #5221 ) ;
#3342 = EDGE_CURVE ( 'NONE', #3347, #5598, #6523, .T. ) ;
#3343 = CARTESIAN_POINT ( 'NONE',  ( 142.8794643810000196, 247.2695297279999807, 26.38999604229999818 ) ) ;
#3344 = DIRECTION ( 'NONE',  ( 1.481718509849551818E-15, 0.9987686379936983050, 0.04961056097458501485 ) ) ;
#3345 = LINE ( 'NONE', #3955, #5992 ) ;
#3346 = LINE ( 'NONE', #5910, #1851 ) ;
#3347 = VERTEX_POINT ( 'NONE', #4117 ) ;
#3348 = DIRECTION ( 'NONE',  ( 1.481718509849552606E-15, 0.9987686379936984160, 0.04961056097458502179 ) ) ;
#3349 = DIRECTION ( 'NONE',  ( 1.140924983539660419E-13, -0.9987686379937031900, -0.04961056097448531682 ) ) ;
#3350 = CARTESIAN_POINT ( 'NONE',  ( 242.3409974379999881, 198.5358107750000158, 170.9904593820000116 ) ) ;
#3351 = DIRECTION ( 'NONE',  ( 1.481718509849552606E-15, 0.9987686379936984160, 0.04961056097458502179 ) ) ;
#3352 = VECTOR ( 'NONE', #4508, 1000.000000000000341 ) ;
#3353 = FACE_OUTER_BOUND ( 'NONE', #2967, .T. ) ;
#3354 = ORIENTED_EDGE ( 'NONE', *, *, #6371, .T. ) ;
#3355 = CARTESIAN_POINT ( 'NONE',  ( 162.8794671060000212, 232.3761540049999894, 295.9830956119999996 ) ) ;
#3356 = ORIENTED_EDGE ( 'NONE', *, *, #5245, .F. ) ;
#3357 = FACE_OUTER_BOUND ( 'NONE', #69, .T. ) ;
#3358 = FACE_BOUND ( 'NONE', #4676, .T. ) ;
#3359 = ORIENTED_EDGE ( 'NONE', *, *, #6164, .T. ) ;
#3360 = VERTEX_POINT ( 'NONE', #979 ) ;
#3361 = ORIENTED_EDGE ( 'NONE', *, *, #5340, .T. ) ;
#3362 = DIRECTION ( 'NONE',  ( -1.000000000000000000, -1.144898399930000178E-13, 5.134073542270000478E-15 ) ) ;
#3363 = DIRECTION ( 'NONE',  ( 1.000000000000000000, 1.110223004086028302E-13, 0.000000000000000000 ) ) ;
#3364 = CARTESIAN_POINT ( 'NONE',  ( 290.0204893619999780, 247.2695004010000162, 26.39047620499999880 ) ) ;
#3365 = CARTESIAN_POINT ( 'NONE',  ( 58.90552426510000572, 244.6814318780000121, 78.49404231549999622 ) ) ;
#3366 = EDGE_LOOP ( 'NONE', ( #6529, #4124, #3477, #536 ) ) ;
#3367 = ORIENTED_EDGE ( 'NONE', *, *, #6479, .T. ) ;
#3368 = ORIENTED_EDGE ( 'NONE', *, *, #1942, .T. ) ;
#3369 = APPROVAL ( #1925, 'UNSPECIFIED' ) ;
#3370 = LINE ( 'NONE', #2826, #5702 ) ;
#3371 = DIRECTION ( 'NONE',  ( 1.136675133409662280E-13, -0.9987686379937031900, -0.04961056097448531682 ) ) ;
#3372 = LINE ( 'NONE', #3253, #4755 ) ;
#3373 = EDGE_CURVE ( 'NONE', #2984, #464, #4546, .T. ) ;
#3374 = EDGE_CURVE ( 'NONE', #7884, #5996, #2937, .T. ) ;
#3375 = PLANE ( 'NONE',  #5445 ) ;
#3376 = EDGE_LOOP ( 'NONE', ( #7214, #2164, #180, #5591 ) ) ;
#3377 = EDGE_CURVE ( 'NONE', #303, #2466, #87, .T. ) ;
#3378 = VERTEX_POINT ( 'NONE', #2129 ) ;
#3379 = ADVANCED_FACE ( 'NONE', ( #2207 ), #4822, .F. ) ;
#3380 = DIRECTION ( 'NONE',  ( 1.136675135643014340E-13, -0.9987686379937031900, -0.04961056097448531682 ) ) ;
#3381 = DIRECTION ( 'NONE',  ( 1.136868377219662335E-13, -0.9987686379937030789, -0.04961056097448530988 ) ) ;
#3382 = DIRECTION ( 'NONE',  ( -9.229574530877261563E-09, -0.04961056097448530988, 0.9987686379937030789 ) ) ;
#3383 = DIRECTION ( 'NONE',  ( -1.136868377219662335E-13, 0.9987686379937030789, 0.04961056097448530988 ) ) ;
#3384 = CARTESIAN_POINT ( 'NONE',  ( 135.3794671060000212, 190.9272316729999943, 293.9247376049999616 ) ) ;
#3385 = AXIS2_PLACEMENT_3D ( 'NONE', #7525, #1877, #3170 ) ;
#3386 = AXIS2_PLACEMENT_3D ( 'NONE', #6878, #2120, #1496 ) ;
#3387 = PERSON_AND_ORGANIZATION_ROLE ( 'classification_officer' ) ;
#3388 = ORIENTED_EDGE ( 'NONE', *, *, #7628, .F. ) ;
#3389 = CARTESIAN_POINT ( 'NONE',  ( 117.6999730590000013, 199.5883637279999903, 89.32928079270000410 ) ) ;
#3390 = FACE_BOUND ( 'NONE', #4274, .T. ) ;
#3391 = ADVANCED_FACE ( 'NONE', ( #6588 ), #6711, .F. ) ;
#3392 = CARTESIAN_POINT ( 'NONE',  ( 117.6999751809999992, 233.6617564780000009, 300.3366156159999605 ) ) ;
#3393 = DIRECTION ( 'NONE',  ( 1.481718509849552606E-15, 0.9987686379936984160, 0.04961056097458502179 ) ) ;
#3394 = AXIS2_PLACEMENT_3D ( 'NONE', #4617, #7170, #4014 ) ;
#3395 = DIRECTION ( 'NONE',  ( 1.136675133409662280E-13, -0.9987686379937031900, -0.04961056097448531682 ) ) ;
#3396 = ORIENTED_EDGE ( 'NONE', *, *, #6371, .F. ) ;
#3397 = CARTESIAN_POINT ( 'NONE',  ( 49.93558530630000547, 240.9302056589999950, 123.7788981430000064 ) ) ;
#3398 = ORIENTED_EDGE ( 'NONE', *, *, #8130, .T. ) ;
#3399 = FACE_OUTER_BOUND ( 'NONE', #1481, .T. ) ;
#3400 = AXIS2_PLACEMENT_3D ( 'NONE', #3513, #1662, #2299 ) ;
#3401 = DIRECTION ( 'NONE',  ( 1.136868377219662335E-13, -0.9987686379937030789, -0.04961056097448530988 ) ) ;
#3402 = EDGE_LOOP ( 'NONE', ( #5275, #158, #6115, #7736, #40, #5251, #4765, #6779, #5985, #1305, #7404, #3130 ) ) ;
#3403 = EDGE_LOOP ( 'NONE', ( #6207, #117, #4246, #3434 ) ) ;
#3404 = DIRECTION ( 'NONE',  ( 0.9999999999999998890, 4.579932448559999713E-10, -9.218105891549998556E-09 ) ) ;
#3405 = VECTOR ( 'NONE', #5160, 1000.000000000000114 ) ;
#3406 = DIRECTION ( 'NONE',  ( 1.000000000000000000, 1.110223004086028302E-13, 5.551115020430141666E-15 ) ) ;
#3407 = DIRECTION ( 'NONE',  ( -1.136868377219662335E-13, 0.9987686379937030789, 0.04961056097448530988 ) ) ;
#3408 = DIRECTION ( 'NONE',  ( 0.9606977125710696175, -0.01377172597510089788, 0.2772548369720198580 ) ) ;
#3409 = ORIENTED_EDGE ( 'NONE', *, *, #5655, .T. ) ;
#3410 = AXIS2_PLACEMENT_3D ( 'NONE', #6624, #2076, #1542 ) ;
#3411 = ORIENTED_EDGE ( 'NONE', *, *, #675, .T. ) ;
#3412 = ORIENTED_EDGE ( 'NONE', *, *, #1684, .T. ) ;
#3413 = PLANE ( 'NONE',  #2536 ) ;
#3414 = CARTESIAN_POINT ( 'NONE',  ( 50.19997518130000458, 239.2813622470000041, 217.4372103479999794 ) ) ;
#3415 = AXIS2_PLACEMENT_3D ( 'NONE', #1721, #3612, #7464 ) ;
#3416 = ORIENTED_EDGE ( 'NONE', *, *, #4031, .T. ) ;
#3417 = EDGE_LOOP ( 'NONE', ( #5382, #6165 ) ) ;
#3418 = EDGE_CURVE ( 'NONE', #3734, #1141, #5049, .T. ) ;
#3419 = CARTESIAN_POINT ( 'NONE',  ( 162.8794671060000212, 192.4254084860000091, 293.9986731729999860 ) ) ;
#3420 = EDGE_CURVE ( 'NONE', #6292, #692, #5174, .T. ) ;
#3421 = CARTESIAN_POINT ( 'NONE',  ( 360.1999812869999573, 235.7892980900000168, 227.2765637579999805 ) ) ;
#3422 = DIRECTION ( 'NONE',  ( 1.140924983539660419E-13, -0.9987686379937031900, -0.04961056097448531682 ) ) ;
#3423 = LINE ( 'NONE', #7362, #5928 ) ;
#3424 = VERTEX_POINT ( 'NONE', #209 ) ;
#3425 = CYLINDRICAL_SURFACE ( 'NONE', #2398, 10.00000000000001066 ) ;
#3426 = CARTESIAN_POINT ( 'NONE',  ( 287.5204893619999780, 190.9276028960000247, 293.9247560440000484 ) ) ;
#3427 = ADVANCED_FACE ( 'NONE', ( #6671 ), #4743, .F. ) ;
#3428 = DIRECTION ( 'NONE',  ( 1.479335262703750109E-15, 0.9987686379936981940, 0.04961056097458500791 ) ) ;
#3429 = CIRCLE ( 'NONE', #2355, 2.500000046250006047 ) ;
#3430 = ORIENTED_EDGE ( 'NONE', *, *, #5027, .F. ) ;
#3431 = CARTESIAN_POINT ( 'NONE',  ( 155.3794671060000212, 233.8742831059999787, 296.0579917260000116 ) ) ;
#3432 = DIRECTION ( 'NONE',  ( -1.141043109672830237E-13, 0.9987686379937031900, 0.04961056097448531682 ) ) ;
#3433 = DIRECTION ( 'NONE',  ( 1.000000000000000000, 0.000000000000000000, 0.000000000000000000 ) ) ;
#3434 = ORIENTED_EDGE ( 'NONE', *, *, #3986, .F. ) ;
#3435 = ADVANCED_FACE ( 'NONE', ( #1591 ), #3512, .F. ) ;
#3436 = ORIENTED_EDGE ( 'NONE', *, *, #5225, .F. ) ;
#3437 = CIRCLE ( 'NONE', #1024, 2.500000046250006047 ) ;
#3438 = LINE ( 'NONE', #2131, #3199 ) ;
#3439 = CIRCLE ( 'NONE', #5814, 118.1603675010000387 ) ;
#3440 = ORIENTED_EDGE ( 'NONE', *, *, #6166, .F. ) ;
#3441 = EDGE_CURVE ( 'NONE', #962, #6112, #5712, .T. ) ;
#3442 = DIRECTION ( 'NONE',  ( 0.9999999815032921680, 9.541932878276174361E-06, -0.0001920998876014703147 ) ) ;
#3443 = CARTESIAN_POINT ( 'NONE',  ( 260.0204893620000348, 202.8242960239999775, 24.18280596509999825 ) ) ;
#3444 = ORIENTED_EDGE ( 'NONE', *, *, #2576, .T. ) ;
#3445 = CARTESIAN_POINT ( 'NONE',  ( 55.19997318429999922, 244.8587803179999867, 105.1591296389999997 ) ) ;
#3446 = AXIS2_PLACEMENT_3D ( 'NONE', #3037, #3663, #6205 ) ;
#3447 = EDGE_LOOP ( 'NONE', ( #6691, #788, #2605, #7664 ) ) ;
#3448 = ORIENTED_EDGE ( 'NONE', *, *, #3102, .F. ) ;
#3449 = CARTESIAN_POINT ( 'NONE',  ( 47.69997518130000458, 236.2850563329999716, 217.2883786659999998 ) ) ;
#3450 = ADVANCED_FACE ( 'NONE', ( #4696 ), #5407, .F. ) ;
#3451 = CIRCLE ( 'NONE', #7813, 118.1603675009999819 ) ;
#3452 = FACE_OUTER_BOUND ( 'NONE', #678, .T. ) ;
#3453 = ORIENTED_EDGE ( 'NONE', *, *, #4837, .F. ) ;
#3454 = DIRECTION ( 'NONE',  ( -0.9999999815015170324, -9.542390645425124303E-06, 0.0001921091058885425224 ) ) ;
#3455 = ORIENTED_EDGE ( 'NONE', *, *, #3749, .T. ) ;
#3456 = ORIENTED_EDGE ( 'NONE', *, *, #1494, .T. ) ;
#3457 = CIRCLE ( 'NONE', #4504, 2.500000046249998942 ) ;
#3458 = VECTOR ( 'NONE', #727, 1000.000000000000114 ) ;
#3459 = AXIS2_PLACEMENT_3D ( 'NONE', #5159, #3302, #697 ) ;
#3460 = CARTESIAN_POINT ( 'NONE',  ( 365.4643684380000082, 240.9302001960000155, 123.7788978720000017 ) ) ;
#3461 = DIRECTION ( 'NONE',  ( 1.000000000000000000, 1.110223004086031457E-13, 5.551115020430157443E-15 ) ) ;
#3462 = FACE_OUTER_BOUND ( 'NONE', #3889, .T. ) ;
#3463 = VECTOR ( 'NONE', #3617, 1000.000000000000114 ) ;
#3464 = CIRCLE ( 'NONE', #394, 2.500000046250006047 ) ;
#3465 = CARTESIAN_POINT ( 'NONE',  ( 117.6999751809999992, 189.1988009270000077, 298.4863151659999971 ) ) ;
#3466 = VERTEX_POINT ( 'NONE', #4088 ) ;
#3467 = ORIENTED_EDGE ( 'NONE', *, *, #5135, .F. ) ;
#3468 = CARTESIAN_POINT ( 'NONE',  ( 365.1999812870000142, 235.7892980900000168, 227.2765637579999805 ) ) ;
#3469 = CARTESIAN_POINT ( 'NONE',  ( 157.8794671060000212, 232.3761540049999894, 295.9830956119999996 ) ) ;
#3470 = AXIS2_PLACEMENT_3D ( 'NONE', #4541, #7864, #3959 ) ;
#3471 = DIRECTION ( 'NONE',  ( 1.000000000000000000, 1.138292811657849152E-13, 5.760591152114621118E-15 ) ) ;
#3472 = DIRECTION ( 'NONE',  ( 1.100312907709666058E-13, -0.04961056097458500097, 0.9987686379936980829 ) ) ;
#3473 = DIRECTION ( 'NONE',  ( -1.136868377219662335E-13, 0.9987686379937030789, 0.04961056097448530988 ) ) ;
#3474 = VERTEX_POINT ( 'NONE', #6633 ) ;
#3475 = CARTESIAN_POINT ( 'NONE',  ( 47.69997335769999580, 240.9302056580000055, 123.7788981640000117 ) ) ;
#3476 = CARTESIAN_POINT ( 'NONE',  ( 52.69997518129999747, 237.2870798240000170, 227.3509611599999971 ) ) ;
#3477 = ORIENTED_EDGE ( 'NONE', *, *, #6589, .T. ) ;
#3478 = AXIS2_PLACEMENT_3D ( 'NONE', #7330, #4163, #377 ) ;
#3479 = ADVANCED_FACE ( 'NONE', ( #7945 ), #915, .F. ) ;
#3480 = ORIENTED_EDGE ( 'NONE', *, *, #7190, .T. ) ;
#3481 = CARTESIAN_POINT ( 'NONE',  ( 58.90552650779999766, 234.9642518170000187, 243.8790501130000052 ) ) ;
#3482 = ORIENTED_EDGE ( 'NONE', *, *, #1377, .F. ) ;
#3483 = DIRECTION ( 'NONE',  ( 1.481718509849552606E-15, 0.9987686379936984160, 0.04961056097458502179 ) ) ;
#3484 = EDGE_CURVE ( 'NONE', #2428, #3743, #4257, .T. ) ;
#3485 = DIRECTION ( 'NONE',  ( 0.9999999999999997780, 4.579919776759312940E-10, -9.218096078122964810E-09 ) ) ;
#3486 = CYLINDRICAL_SURFACE ( 'NONE', #323, 9.999999999999994671 ) ;
#3487 = ADVANCED_FACE ( 'NONE', ( #2926 ), #7368, .F. ) ;
#3488 = VERTEX_POINT ( 'NONE', #3742 ) ;
#3489 = ADVANCED_FACE ( 'NONE', ( #7069 ), #8166, .F. ) ;
#3490 = CARTESIAN_POINT ( 'NONE',  ( 270.0204893619999780, 190.9275790399999835, 293.9252363169999853 ) ) ;
#3491 = ADVANCED_FACE ( 'NONE', ( #3597 ), #2580, .F. ) ;
#3492 = DIRECTION ( 'NONE',  ( 1.000000000000000000, 0.000000000000000000, 0.000000000000000000 ) ) ;
#3493 = DIRECTION ( 'NONE',  ( -1.136868377219662335E-13, 0.9987686379937030789, 0.04961056097448530988 ) ) ;
#3494 = VERTEX_POINT ( 'NONE', #6280 ) ;
#3495 = CARTESIAN_POINT ( 'NONE',  ( 267.5204893619999780, 205.8206257900000082, 24.33115744440000228 ) ) ;
#3496 = ORIENTED_EDGE ( 'NONE', *, *, #3988, .T. ) ;
#3497 = ORIENTED_EDGE ( 'NONE', *, *, #1843, .F. ) ;
#3498 = DIRECTION ( 'NONE',  ( -1.136868377219662335E-13, 0.9987686379937030789, 0.04961056097448530988 ) ) ;
#3499 = DIRECTION ( 'NONE',  ( 1.028657120204040168E-13, -0.9987686379937031900, -0.04961056097448781482 ) ) ;
#3500 = VECTOR ( 'NONE', #642, 1000.000000000000114 ) ;
#3501 = DIRECTION ( 'NONE',  ( 1.102938875579667994E-13, -0.04961056097458501485, 0.9987686379936983050 ) ) ;
#3502 = EDGE_CURVE ( 'NONE', #5148, #4034, #659, .T. ) ;
#3503 = EDGE_LOOP ( 'NONE', ( #7870, #320 ) ) ;
#3504 = VERTEX_POINT ( 'NONE', #8128 ) ;
#3505 = DIRECTION ( 'NONE',  ( -1.000000000000000000, -3.534288039560000252E-15, 1.099714186670000022E-13 ) ) ;
#3506 = DIRECTION ( 'NONE',  ( 1.000000000000000000, 0.000000000000000000, 0.000000000000000000 ) ) ;
#3507 = FACE_BOUND ( 'NONE', #1355, .T. ) ;
#3508 = VERTEX_POINT ( 'NONE', #5597 ) ;
#3509 = DIRECTION ( 'NONE',  ( -0.9999999815015169213, -9.542390645425176819E-06, 0.0001921091059107480400 ) ) ;
#3510 = DIRECTION ( 'NONE',  ( 1.000000000000000000, 1.137978600240784444E-13, 5.551115123125777969E-15 ) ) ;
#3511 = ORIENTED_EDGE ( 'NONE', *, *, #1898, .T. ) ;
#3512 = PLANE ( 'NONE',  #1058 ) ;
#3513 = CARTESIAN_POINT ( 'NONE',  ( 362.6999805599999718, 200.4135466060000113, 102.9519396999999969 ) ) ;
#3514 = DIRECTION ( 'NONE',  ( 1.136675133409662280E-13, -0.9987686379937031900, -0.04961056097448531682 ) ) ;
#3515 = ORIENTED_EDGE ( 'NONE', *, *, #3109, .F. ) ;
#3516 = CARTESIAN_POINT ( 'NONE',  ( 47.69997518130000458, 197.2665795550000212, 196.5353560879999861 ) ) ;
#3517 = ORIENTED_EDGE ( 'NONE', *, *, #7955, .F. ) ;
#3518 = CARTESIAN_POINT ( 'NONE',  ( 366.5821753120000039, 240.2139783560000126, 198.6691089220000208 ) ) ;
#3519 = CARTESIAN_POINT ( 'NONE',  ( 155.3794643809999911, 205.8206551129999866, 24.33067737380000040 ) ) ;
#3520 = CARTESIAN_POINT ( 'NONE',  ( 50.19997327659999797, 242.8645217479999872, 115.0724002230000025 ) ) ;
#3521 = CARTESIAN_POINT ( 'NONE',  ( 152.8794643809999911, 204.3224782989999824, 24.25674182819999913 ) ) ;
#3522 = ORIENTED_EDGE ( 'NONE', *, *, #3021, .F. ) ;
#3523 = CIRCLE ( 'NONE', #8146, 2.500000046250006047 ) ;
#3524 = LINE ( 'NONE', #1317, #1917 ) ;
#3525 = EDGE_CURVE ( 'NONE', #4844, #7501, #5993, .T. ) ;
#3526 = ADVANCED_FACE ( 'NONE', ( #4397 ), #3205, .F. ) ;
#3527 = CARTESIAN_POINT ( 'NONE',  ( 252.5204893620000064, 247.2695242739999912, 26.38999558660000133 ) ) ;
#3528 = AXIS2_PLACEMENT_3D ( 'NONE', #6848, #6813, #1087 ) ;
#3529 = DIRECTION ( 'NONE',  ( 0.000000000000000000, -0.9987686379936980829, -0.04961056097458500097 ) ) ;
#3530 = ORIENTED_EDGE ( 'NONE', *, *, #5804, .F. ) ;
#3531 = ADVANCED_FACE ( 'NONE', ( #7677 ), #4964, .T. ) ;
#3532 = CARTESIAN_POINT ( 'NONE',  ( 367.6999812870000142, 237.2176724419999800, 198.5202772389999950 ) ) ;
#3533 = ORIENTED_EDGE ( 'NONE', *, *, #4494, .T. ) ;
#3534 = ORIENTED_EDGE ( 'NONE', *, *, #7136, .F. ) ;
#3535 = AXIS2_PLACEMENT_3D ( 'NONE', #3966, #1884, #4419 ) ;
#3536 = ADVANCED_FACE ( 'NONE', ( #4521 ), #5139, .F. ) ;
#3537 = FACE_OUTER_BOUND ( 'NONE', #7852, .T. ) ;
#3538 = CARTESIAN_POINT ( 'NONE',  ( 49.14342939219999806, 234.8566819810000084, 246.0446651839999959 ) ) ;
#3539 = VERTEX_POINT ( 'NONE', #683 ) ;
#3540 = ADVANCED_FACE ( 'NONE', ( #4353 ), #7511, .F. ) ;
#3541 = DIRECTION ( 'NONE',  ( 1.140924983539660419E-13, -0.9987686379937031900, -0.04961056097448531682 ) ) ;
#3542 = ORIENTED_EDGE ( 'NONE', *, *, #2057, .F. ) ;
#3543 = ORIENTED_EDGE ( 'NONE', *, *, #6335, .F. ) ;
#3544 = ADVANCED_FACE ( 'NONE', ( #5765 ), #5724, .F. ) ;
#3545 = CIRCLE ( 'NONE', #1803, 2.500000046250006047 ) ;
#3546 = DIRECTION ( 'NONE',  ( 1.000000000000000000, 1.110223004086028302E-13, 5.551115020430141666E-15 ) ) ;
#3547 = DIRECTION ( 'NONE',  ( 1.000000000000000000, 1.110223004086028302E-13, 5.551115020430141666E-15 ) ) ;
#3548 = ORIENTED_EDGE ( 'NONE', *, *, #7077, .T. ) ;
#3549 = ORIENTED_EDGE ( 'NONE', *, *, #4276, .T. ) ;
#3550 = DIRECTION ( 'NONE',  ( 1.136675133409662280E-13, -0.9987686379937031900, -0.04961056097448531682 ) ) ;
#3551 = CARTESIAN_POINT ( 'NONE',  ( 290.0204893619999780, 245.7713951559999828, 26.31509981800000020 ) ) ;
#3552 = ORIENTED_EDGE ( 'NONE', *, *, #1634, .F. ) ;
#3553 = CARTESIAN_POINT ( 'NONE',  ( 362.6999806519999652, 202.4078528850000112, 93.03770861579999973 ) ) ;
#3554 = CARTESIAN_POINT ( 'NONE',  ( 257.5204893619999780, 245.7713713149999819, 26.31557979120000113 ) ) ;
#3555 = DIRECTION ( 'NONE',  ( 1.136617288148282213E-13, -0.9987686379937031900, -0.04961056097448531682 ) ) ;
#3556 = ORIENTED_EDGE ( 'NONE', *, *, #4790, .T. ) ;
#3557 = CARTESIAN_POINT ( 'NONE',  ( 49.93558521399999961, 198.4792598349999935, 111.6579576409999959 ) ) ;
#3558 = ORIENTED_EDGE ( 'NONE', *, *, #3127, .F. ) ;
#3559 = DIRECTION ( 'NONE',  ( 1.000000000000000000, 1.144185085590000117E-13, 0.000000000000000000 ) ) ;
#3560 = DIRECTION ( 'NONE',  ( -2.368475785869285424E-15, -0.9987686379936980829, -0.04961056097458500097 ) ) ;
#3561 = CARTESIAN_POINT ( 'NONE',  ( 362.6999804669999889, 242.8645401419999814, 115.0719196560000057 ) ) ;
#3562 = FACE_OUTER_BOUND ( 'NONE', #5188, .T. ) ;
#3563 = DIRECTION ( 'NONE',  ( -0.9999999815015170324, -9.542390645425178513E-06, 0.0001921091058996458368 ) ) ;
#3564 = ORIENTED_EDGE ( 'NONE', *, *, #54, .F. ) ;
#3565 = CARTESIAN_POINT ( 'NONE',  ( 52.69997327659999797, 201.4156471290000070, 113.0130816469999928 ) ) ;
#3566 = FACE_OUTER_BOUND ( 'NONE', #1065, .T. ) ;
#3567 = CARTESIAN_POINT ( 'NONE',  ( 360.1999812869999573, 196.8307637899999918, 205.3167685589999962 ) ) ;
#3568 = AXIS2_PLACEMENT_3D ( 'NONE', #4426, #2402, #7463 ) ;
#3569 = ORIENTED_EDGE ( 'NONE', *, *, #4441, .F. ) ;
#3570 = VECTOR ( 'NONE', #2666, 1000.000000000000114 ) ;
#3571 = CARTESIAN_POINT ( 'NONE',  ( 260.0204893620000348, 189.4294737950000069, 293.8498599300000365 ) ) ;
#3572 = ORIENTED_EDGE ( 'NONE', *, *, #5544, .F. ) ;
#3573 = ORIENTED_EDGE ( 'NONE', *, *, #6852, .F. ) ;
#3574 = EDGE_LOOP ( 'NONE', ( #1393, #7994 ) ) ;
#3575 = AXIS2_PLACEMENT_3D ( 'NONE', #2424, #3703, #6249 ) ;
#3576 = EDGE_CURVE ( 'NONE', #3796, #2324, #7799, .T. ) ;
#3577 = EDGE_CURVE ( 'NONE', #7602, #6965, #1291, .T. ) ;
#3578 = DIRECTION ( 'NONE',  ( -1.136868377219662335E-13, 0.9987686379937030789, 0.04961056097448530988 ) ) ;
#3579 = EDGE_LOOP ( 'NONE', ( #3301, #2577, #2985, #7897 ) ) ;
#3580 = CARTESIAN_POINT ( 'NONE',  ( 292.5204893619999780, 190.9276028960000247, 293.9247560440000484 ) ) ;
#3581 = AXIS2_PLACEMENT_3D ( 'NONE', #1310, #7025, #5888 ) ;
#3582 = ORIENTED_EDGE ( 'NONE', *, *, #3669, .F. ) ;
#3583 = EDGE_CURVE ( 'NONE', #445, #6168, #1863, .T. ) ;
#3584 = AXIS2_PLACEMENT_3D ( 'NONE', #1502, #4042, #3917 ) ;
#3585 = ORIENTED_EDGE ( 'NONE', *, *, #557, .F. ) ;
#3586 = EDGE_CURVE ( 'NONE', #7459, #490, #4873, .T. ) ;
#3587 = EDGE_CURVE ( 'NONE', #8052, #3734, #3778, .T. ) ;
#3588 = CYLINDRICAL_SURFACE ( 'NONE', #387, 2.500000046249985619 ) ;
#3589 = DIRECTION ( 'NONE',  ( 0.9999999815032921680, 9.541932878276174361E-06, -0.0001920998876014703147 ) ) ;
#3590 = AXIS2_PLACEMENT_3D ( 'NONE', #347, #5428, #7965 ) ;
#3591 = ORIENTED_EDGE ( 'NONE', *, *, #216, .F. ) ;
#3592 = VECTOR ( 'NONE', #7349, 1000.000000000000341 ) ;
#3593 = DIRECTION ( 'NONE',  ( 1.136675133409662280E-13, -0.9987686379937031900, -0.04961056097448531682 ) ) ;
#3594 = CYLINDRICAL_SURFACE ( 'NONE', #2899, 2.500000046249998942 ) ;
#3595 = ORIENTED_EDGE ( 'NONE', *, *, #354, .F. ) ;
#3596 = EDGE_CURVE ( 'NONE', #4095, #4424, #5059, .T. ) ;
#3597 = FACE_OUTER_BOUND ( 'NONE', #4406, .T. ) ;
#3598 = AXIS2_PLACEMENT_3D ( 'NONE', #6452, #818, #235 ) ;
#3599 = CARTESIAN_POINT ( 'NONE',  ( 49.14342939219999806, 194.9059364610000102, 244.0602427450000107 ) ) ;
#3600 = VERTEX_POINT ( 'NONE', #5345 ) ;
#3601 = DIRECTION ( 'NONE',  ( 1.000000000000000000, 1.110223004086028302E-13, 0.000000000000000000 ) ) ;
#3602 = CARTESIAN_POINT ( 'NONE',  ( 362.6999812869999573, 194.3403757579999933, 225.2182057500000099 ) ) ;
#3603 = DIRECTION ( 'NONE',  ( 1.140917689170156192E-13, -0.9987686379937031900, -0.04961056097448531682 ) ) ;
#3604 = AXIS2_PLACEMENT_3D ( 'NONE', #1368, #1544, #4574 ) ;
#3605 = CARTESIAN_POINT ( 'NONE',  ( 48.81778115559999520, 237.2173250750000193, 198.5197785269999997 ) ) ;
#3606 = DIRECTION ( 'NONE',  ( -1.140924983549660398E-13, 0.9987686379937031900, 0.04961056097448531682 ) ) ;
#3607 = DIRECTION ( 'NONE',  ( 1.000000000000000000, 1.137978600240784444E-13, 5.551115123125777969E-15 ) ) ;
#3608 = CARTESIAN_POINT ( 'NONE',  ( 356.4944294790000185, 244.6814264150000042, 78.49404204420000042 ) ) ;
#3609 = ORIENTED_EDGE ( 'NONE', *, *, #4227, .F. ) ;
#3610 = DIRECTION ( 'NONE',  ( 1.136675133409662280E-13, -0.9987686379937031900, -0.04961056097448531682 ) ) ;
#3611 = CARTESIAN_POINT ( 'NONE',  ( 362.6999812869999573, 238.7856278599999769, 227.4249151680000125 ) ) ;
#3612 = DIRECTION ( 'NONE',  ( 1.102938875579667994E-13, -0.04961056097458501485, 0.9987686379936983050 ) ) ;
#3613 = ORIENTED_EDGE ( 'NONE', *, *, #5866, .F. ) ;
#3614 = DIRECTION ( 'NONE',  ( 1.000000000000000000, 1.110223004086028302E-13, 5.551115020430141666E-15 ) ) ;
#3615 = ORIENTED_EDGE ( 'NONE', *, *, #6216, .T. ) ;
#3616 = ORIENTED_EDGE ( 'NONE', *, *, #3273, .F. ) ;
#3617 = DIRECTION ( 'NONE',  ( -0.9999999999999998890, 4.577699126569999506E-10, -9.218206776100000869E-09 ) ) ;
#3618 = DIRECTION ( 'NONE',  ( 1.000000000000000000, 0.000000000000000000, 0.000000000000000000 ) ) ;
#3619 = ORIENTED_EDGE ( 'NONE', *, *, #7888, .T. ) ;
#3620 = ORIENTED_EDGE ( 'NONE', *, *, #351, .T. ) ;
#3621 = DIRECTION ( 'NONE',  ( -1.136868377219662335E-13, 0.9987686379937030789, 0.04961056097448530988 ) ) ;
#3622 = LINE ( 'NONE', #7981, #1941 ) ;
#3623 = EDGE_CURVE ( 'NONE', #6907, #3488, #5854, .T. ) ;
#3624 = CARTESIAN_POINT ( 'NONE',  ( 55.19997327659999797, 199.9174703170000100, 112.9391460550000090 ) ) ;
#3625 = ADVANCED_FACE ( 'NONE', ( #848 ), #1388, .F. ) ;
#3626 = VERTEX_POINT ( 'NONE', #809 ) ;
#3627 = CARTESIAN_POINT ( 'NONE',  ( 155.3794643809999911, 245.7714006330000132, 26.31509981279999977 ) ) ;
#3628 = DIRECTION ( 'NONE',  ( -1.136868377219662335E-13, 0.9987686379937030789, 0.04961056097448530988 ) ) ;
#3629 = ORIENTED_EDGE ( 'NONE', *, *, #1378, .T. ) ;
#3630 = ORIENTED_EDGE ( 'NONE', *, *, #6024, .F. ) ;
#3631 = EDGE_CURVE ( 'NONE', #1258, #3780, #3899, .T. ) ;
#3632 = ORIENTED_EDGE ( 'NONE', *, *, #6934, .F. ) ;
#3633 = CARTESIAN_POINT ( 'NONE',  ( 270.0204893619999780, 232.3764775169999837, 295.9840745970000171 ) ) ;
#3634 = EDGE_CURVE ( 'NONE', #7966, #5294, #7800, .T. ) ;
#3635 = CARTESIAN_POINT ( 'NONE',  ( 145.3794643810000196, 205.8206551079999826, 24.33067746600000092 ) ) ;
#3636 = DIRECTION ( 'NONE',  ( 1.000000000000000000, 0.000000000000000000, 0.000000000000000000 ) ) ;
#3637 = FACE_BOUND ( 'NONE', #7229, .T. ) ;
#3638 = EDGE_CURVE ( 'NONE', #4064, #2184, #2221, .T. ) ;
#3639 = CARTESIAN_POINT ( 'NONE',  ( 50.19997518130000458, 194.8361578559999998, 215.2295403850000071 ) ) ;
#3640 = DIRECTION ( 'NONE',  ( 1.000000000000000000, 1.110223004086028302E-13, 0.000000000000000000 ) ) ;
#3641 = DIRECTION ( 'NONE',  ( 1.136868377219662335E-13, -0.9987686379937030789, -0.04961056097448530988 ) ) ;
#3642 = ORIENTED_EDGE ( 'NONE', *, *, #2910, .F. ) ;
#3643 = DIRECTION ( 'NONE',  ( -1.140924983539660419E-13, 0.9987686379937031900, 0.04961056097448531682 ) ) ;
#3644 = LINE ( 'NONE', #5542, #6094 ) ;
#3645 = DIRECTION ( 'NONE',  ( 1.140768893269510162E-13, -0.9987686379937031900, -0.04961056097448531682 ) ) ;
#3646 = ORIENTED_EDGE ( 'NONE', *, *, #7128, .T. ) ;
#3647 = CYLINDRICAL_SURFACE ( 'NONE', #2115, 60.22727286729996621 ) ;
#3648 = ORIENTED_EDGE ( 'NONE', *, *, #311, .F. ) ;
#3649 = VERTEX_POINT ( 'NONE', #4063 ) ;
#3650 = EDGE_LOOP ( 'NONE', ( #2134, #1747, #781, #6032 ) ) ;
#3651 = DIRECTION ( 'NONE',  ( -9.882539231398374588E-14, 0.9987686379937034120, 0.04961056097448192370 ) ) ;
#3652 = DIRECTION ( 'NONE',  ( 1.481718509849552606E-15, 0.9987686379936984160, 0.04961056097458502179 ) ) ;
#3653 = AXIS2_PLACEMENT_3D ( 'NONE', #7460, #1051, #3723 ) ;
#3654 = ORIENTED_EDGE ( 'NONE', *, *, #769, .F. ) ;
#3655 = ORIENTED_EDGE ( 'NONE', *, *, #3638, .T. ) ;
#3656 = LINE ( 'NONE', #6201, #5433 ) ;
#3657 = CARTESIAN_POINT ( 'NONE',  ( 262.5204893620000348, 248.7676772259999893, 26.46441152020000231 ) ) ;
#3658 = AXIS2_PLACEMENT_3D ( 'NONE', #4338, #4830, #7374 ) ;
#3659 = DIRECTION ( 'NONE',  ( 1.000000000000000000, 1.137978600240784444E-13, 5.551115123125777969E-15 ) ) ;
#3660 = EDGE_LOOP ( 'NONE', ( #530, #7631, #474, #3771 ) ) ;
#3661 = AXIS2_PLACEMENT_3D ( 'NONE', #6751, #1740, #3547 ) ;
#3662 = ORIENTED_EDGE ( 'NONE', *, *, #6876, .F. ) ;
#3663 = DIRECTION ( 'NONE',  ( 1.140924983539660419E-13, -0.9987686379937031900, -0.04961056097448531682 ) ) ;
#3664 = CYLINDRICAL_SURFACE ( 'NONE', #2344, 2.500000046249988284 ) ;
#3665 = ORIENTED_EDGE ( 'NONE', *, *, #4029, .F. ) ;
#3666 = VERTEX_POINT ( 'NONE', #4639 ) ;
#3667 = ORIENTED_EDGE ( 'NONE', *, *, #7993, .T. ) ;
#3668 = CC_DESIGN_APPROVAL ( #148, ( #4716 ) ) ;
#3669 = EDGE_CURVE ( 'NONE', #3666, #5055, #3990, .T. ) ;
#3670 = AXIS2_PLACEMENT_3D ( 'NONE', #8172, #2499, #5017 ) ;
#3671 = AXIS2_PLACEMENT_3D ( 'NONE', #3751, #1238, #5570 ) ;
#3672 = EDGE_CURVE ( 'NONE', #2324, #7859, #5209, .T. ) ;
#3673 = DIRECTION ( 'NONE',  ( -0.9999999999999998890, 0.000000000000000000, 9.240851091727459681E-09 ) ) ;
#3674 = DIRECTION ( 'NONE',  ( 1.000000000000000000, 1.110223004086028302E-13, 5.551115020430141666E-15 ) ) ;
#3675 = CARTESIAN_POINT ( 'NONE',  ( 270.0204893619999780, 245.7713474530000042, 26.31606017920000085 ) ) ;
#3676 = LINE ( 'NONE', #1667, #7936 ) ;
#3677 = DIRECTION ( 'NONE',  ( 1.000000000000000000, 1.110223004086028302E-13, 1.110223004086028333E-14 ) ) ;
#3678 = AXIS2_PLACEMENT_3D ( 'NONE', #748, #139, #4469 ) ;
#3679 = ORIENTED_EDGE ( 'NONE', *, *, #5032, .T. ) ;
#3680 = EDGE_CURVE ( 'NONE', #2323, #6807, #5808, .T. ) ;
#3681 = EDGE_CURVE ( 'NONE', #7656, #6565, #2765, .T. ) ;
#3682 = DIRECTION ( 'NONE',  ( 1.136868377219662335E-13, -0.9987686379937030789, -0.04961056097448530988 ) ) ;
#3683 = CARTESIAN_POINT ( 'NONE',  ( 47.69997518130000458, 235.3527875910000091, 236.0569788040000105 ) ) ;
#3684 = VERTEX_POINT ( 'NONE', #106 ) ;
#3685 = CARTESIAN_POINT ( 'NONE',  ( 125.3794643810000053, 248.7677065330000232, 26.46393177229999694 ) ) ;
#3686 = VECTOR ( 'NONE', #7413, 1000.000000000000114 ) ;
#3687 = ORIENTED_EDGE ( 'NONE', *, *, #2241, .T. ) ;
#3688 = VERTEX_POINT ( 'NONE', #2145 ) ;
#3689 = LINE ( 'NONE', #7021, #6572 ) ;
#3690 = CARTESIAN_POINT ( 'NONE',  ( 355.8573922119999793, 238.3574370489999978, 205.8098310900000172 ) ) ;
#3691 = CIRCLE ( 'NONE', #95, 2.500000046250006047 ) ;
#3692 = VECTOR ( 'NONE', #229, 1000.000000000000114 ) ;
#3693 = CARTESIAN_POINT ( 'NONE',  ( 132.8794643810000196, 205.8206312469999659, 24.33115785399999709 ) ) ;
#3694 = ORIENTED_EDGE ( 'NONE', *, *, #6021, .F. ) ;
#3695 = EDGE_CURVE ( 'NONE', #7545, #6874, #97, .T. ) ;
#3696 = ORIENTED_EDGE ( 'NONE', *, *, #2763, .F. ) ;
#3697 = VECTOR ( 'NONE', #1530, 1000.000000000000114 ) ;
#3698 = AXIS2_PLACEMENT_3D ( 'NONE', #4486, #7035, #1322 ) ;
#3699 = CARTESIAN_POINT ( 'NONE',  ( 250.0204893620000064, 202.8242960279999920, 24.18280587289999772 ) ) ;
#3700 = CARTESIAN_POINT ( 'NONE',  ( 287.5204893619999780, 189.4294499389999942, 293.8503402019999839 ) ) ;
#3701 = DIRECTION ( 'NONE',  ( -1.481718509849552606E-15, -0.9987686379936984160, -0.04961056097458502179 ) ) ;
#3702 = DIRECTION ( 'NONE',  ( -1.136868377219662335E-13, 0.9987686379937030789, 0.04961056097448530988 ) ) ;
#3703 = DIRECTION ( 'NONE',  ( 1.481718509849552606E-15, 0.9987686379936984160, 0.04961056097458502179 ) ) ;
#3704 = FACE_OUTER_BOUND ( 'NONE', #684, .T. ) ;
#3705 = AXIS2_PLACEMENT_3D ( 'NONE', #3364, #5723, #2654 ) ;
#3706 = AXIS2_PLACEMENT_3D ( 'NONE', #2810, #5332, #4553 ) ;
#3707 = ORIENTED_EDGE ( 'NONE', *, *, #2526, .T. ) ;
#3708 = VERTEX_POINT ( 'NONE', #5303 ) ;
#3709 = ORIENTED_EDGE ( 'NONE', *, *, #774, .F. ) ;
#3710 = LINE ( 'NONE', #6877, #7508 ) ;
#3711 = VECTOR ( 'NONE', #203, 1000.000000000000114 ) ;
#3712 = CIRCLE ( 'NONE', #1850, 2.500000046249998942 ) ;
#3713 = AXIS2_PLACEMENT_3D ( 'NONE', #3384, #5196, #2038 ) ;
#3714 = DIRECTION ( 'NONE',  ( 0.000000000000000000, -0.9987686379936980829, -0.04961056097458500097 ) ) ;
#3715 = CARTESIAN_POINT ( 'NONE',  ( 272.5204893619999780, 205.8206257880000010, 24.33115749050000076 ) ) ;
#3716 = DIRECTION ( 'NONE',  ( 1.000000000000000000, 3.534288039560000252E-15, -1.099714186670000022E-13 ) ) ;
#3717 = AXIS2_PLACEMENT_3D ( 'NONE', #1612, #6533, #815 ) ;
#3718 = DIRECTION ( 'NONE',  ( 1.481718509849552606E-15, 0.9987686379936984160, 0.04961056097458502179 ) ) ;
#3719 = FACE_OUTER_BOUND ( 'NONE', #1890, .T. ) ;
#3720 = VECTOR ( 'NONE', #6842, 1000.000000000000114 ) ;
#3721 = ORIENTED_EDGE ( 'NONE', *, *, #4434, .F. ) ;
#3722 = EDGE_CURVE ( 'NONE', #5070, #8207, #3439, .T. ) ;
#3723 = DIRECTION ( 'NONE',  ( 1.000000000000000000, 1.137978600240784444E-13, 5.551115123125777969E-15 ) ) ;
#3724 = FACE_OUTER_BOUND ( 'NONE', #165, .T. ) ;
#3725 = CIRCLE ( 'NONE', #4641, 10.00000000000000888 ) ;
#3726 = DIRECTION ( 'NONE',  ( -1.136675133409662280E-13, 0.9987686379937031900, 0.04961056097448531682 ) ) ;
#3727 = EDGE_CURVE ( 'NONE', #491, #3347, #6528, .T. ) ;
#3728 = EDGE_CURVE ( 'NONE', #850, #1059, #5668, .T. ) ;
#3729 = CARTESIAN_POINT ( 'NONE',  ( 47.69997335769999580, 197.9831542240000033, 121.6456440420000007 ) ) ;
#3730 = DIRECTION ( 'NONE',  ( -1.136868377219662335E-13, 0.9987686379937030789, 0.04961056097448530988 ) ) ;
#3731 = VERTEX_POINT ( 'NONE', #3941 ) ;
#3732 = ADVANCED_FACE ( 'NONE', ( #3327 ), #2656, .F. ) ;
#3733 = DIRECTION ( 'NONE',  ( -1.140924983549660398E-13, 0.9987686379937031900, 0.04961056097448531682 ) ) ;
#3734 = VERTEX_POINT ( 'NONE', #2693 ) ;
#3735 = EDGE_CURVE ( 'NONE', #2245, #1827, #7759, .T. ) ;
#3736 = ORIENTED_EDGE ( 'NONE', *, *, #4273, .F. ) ;
#3737 = FACE_BOUND ( 'NONE', #6790, .T. ) ;
#3738 = CYLINDRICAL_SURFACE ( 'NONE', #1083, 2.500000046249988284 ) ;
#3739 = EDGE_CURVE ( 'NONE', #8058, #5312, #1433, .T. ) ;
#3740 = DIRECTION ( 'NONE',  ( 1.000000000000000000, 1.110223004086028302E-13, 1.110223004086028333E-14 ) ) ;
#3741 = EDGE_CURVE ( 'NONE', #6874, #7200, #187, .T. ) ;
#3742 = CARTESIAN_POINT ( 'NONE',  ( 50.19997318429999922, 244.8587803149999900, 105.1591296849999964 ) ) ;
#3743 = VERTEX_POINT ( 'NONE', #459 ) ;
#3744 = ORIENTED_EDGE ( 'NONE', *, *, #510, .F. ) ;
#3745 = CARTESIAN_POINT ( 'NONE',  ( 365.4643693380000400, 240.2139783560000126, 198.6691089220000208 ) ) ;
#3746 = FACE_OUTER_BOUND ( 'NONE', #1517, .T. ) ;
#3747 = DIRECTION ( 'NONE',  ( -4.579932270290000427E-10, 1.000000000000000000, 0.000000000000000000 ) ) ;
#3748 = DIRECTION ( 'NONE',  ( 1.000000000000000000, 0.000000000000000000, 0.000000000000000000 ) ) ;
#3749 = EDGE_CURVE ( 'NONE', #4684, #6118, #2088, .T. ) ;
#3750 = CARTESIAN_POINT ( 'NONE',  ( 365.4643684380000082, 200.9794546760000173, 121.7944754330000166 ) ) ;
#3751 = CARTESIAN_POINT ( 'NONE',  ( 117.6999724110000187, 246.0194295640000348, 21.32173724289999939 ) ) ;
#3752 = VERTEX_POINT ( 'NONE', #6177 ) ;
#3753 = DIRECTION ( 'NONE',  ( 0.9999999815015169213, -9.542390534402928566E-06, 0.0001921091057997267946 ) ) ;
#3754 = ORIENTED_EDGE ( 'NONE', *, *, #11, .T. ) ;
#3755 = EDGE_LOOP ( 'NONE', ( #6281, #7924, #5325, #2154 ) ) ;
#3756 = DIRECTION ( 'NONE',  ( -1.000000000000000000, -1.446809341502781957E-13, 0.000000000000000000 ) ) ;
#3757 = CARTESIAN_POINT ( 'NONE',  ( 167.8794671060000212, 192.4254084860000091, 293.9986731729999860 ) ) ;
#3758 = ORIENTED_EDGE ( 'NONE', *, *, #769, .T. ) ;
#3759 = CARTESIAN_POINT ( 'NONE',  ( 117.6999751809999992, 237.1102685600000086, 230.9105569719999949 ) ) ;
#3760 = CARTESIAN_POINT ( 'NONE',  ( 252.3409974810000165, 204.5511412200000052, 19.65314897659999716 ) ) ;
#3761 = VECTOR ( 'NONE', #2539, 1000.000000000000114 ) ;
#3762 = DIRECTION ( 'NONE',  ( 1.136675133409662280E-13, -0.9987686379937031900, -0.04961056097448531682 ) ) ;
#3763 = CARTESIAN_POINT ( 'NONE',  ( 52.69997518129999747, 237.7832331459999864, 217.3623142340000243 ) ) ;
#3764 = ORIENTED_EDGE ( 'NONE', *, *, #4005, .F. ) ;
#3765 = CARTESIAN_POINT ( 'NONE',  ( 52.69997327659999797, 198.4192935030000058, 112.8652105099999972 ) ) ;
#3766 = FACE_BOUND ( 'NONE', #849, .T. ) ;
#3767 = CARTESIAN_POINT ( 'NONE',  ( 157.8794671060000212, 189.4291025720000050, 293.8498414899999602 ) ) ;
#3768 = ORIENTED_EDGE ( 'NONE', *, *, #7802, .T. ) ;
#3769 = CARTESIAN_POINT ( 'NONE',  ( 47.69997518130000458, 194.2702736409999886, 196.3865244050000172 ) ) ;
#3770 = ORIENTED_EDGE ( 'NONE', *, *, #4982, .T. ) ;
#3771 = ORIENTED_EDGE ( 'NONE', *, *, #7779, .T. ) ;
#3772 = EDGE_CURVE ( 'NONE', #5872, #2106, #342, .T. ) ;
#3773 = ADVANCED_FACE ( 'NONE', ( #8072 ), #1003, .F. ) ;
#3774 = DIRECTION ( 'NONE',  ( -1.136868377219662335E-13, 0.9987686379937030789, 0.04961056097448530988 ) ) ;
#3775 = AXIS2_PLACEMENT_3D ( 'NONE', #5965, #2723, #6048 ) ;
#3776 = EDGE_CURVE ( 'NONE', #625, #7270, #1753, .T. ) ;
#3777 = FACE_BOUND ( 'NONE', #470, .T. ) ;
#3778 = LINE ( 'NONE', #3244, #5143 ) ;
#3779 = ORIENTED_EDGE ( 'NONE', *, *, #7841, .T. ) ;
#3780 = VERTEX_POINT ( 'NONE', #5417 ) ;
#3781 = VECTOR ( 'NONE', #7899, 1000.000000000000114 ) ;
#3782 = EDGE_CURVE ( 'NONE', #6575, #8177, #3676, .T. ) ;
#3783 = CARTESIAN_POINT ( 'NONE',  ( 173.0589590300000111, 241.4825148410000111, 173.1232147919999989 ) ) ;
#3784 = CYLINDRICAL_SURFACE ( 'NONE', #8080, 9.999999999999994671 ) ;
#3785 = EDGE_CURVE ( 'NONE', #7712, #1527, #1085, .T. ) ;
#3786 = CARTESIAN_POINT ( 'NONE',  ( 367.6999807329999612, 202.8439921590000097, 84.25727517560000024 ) ) ;
#3787 = DIRECTION ( 'NONE',  ( -1.136868377219662335E-13, 0.9987686379937030789, 0.04961056097448530988 ) ) ;
#3788 = CARTESIAN_POINT ( 'NONE',  ( 107.6999724180000015, 245.9839272389999678, 22.03647636310000024 ) ) ;
#3789 = AXIS2_PLACEMENT_3D ( 'NONE', #3599, #6713, #994 ) ;
#3790 = ORIENTED_EDGE ( 'NONE', *, *, #4672, .F. ) ;
#3791 = DIRECTION ( 'NONE',  ( 9.229476366047270728E-09, -0.04961056097448531682, 0.9987686379937031900 ) ) ;
#3792 = VERTEX_POINT ( 'NONE', #4868 ) ;
#3793 = ORIENTED_EDGE ( 'NONE', *, *, #811, .T. ) ;
#3794 = VECTOR ( 'NONE', #1294, 1000.000000000000114 ) ;
#3795 = CYLINDRICAL_SURFACE ( 'NONE', #260, 2.500000046249985619 ) ;
#3796 = VERTEX_POINT ( 'NONE', #8001 ) ;
#3797 = CYLINDRICAL_SURFACE ( 'NONE', #1862, 2.500000046250002050 ) ;
#3798 = CYLINDRICAL_SURFACE ( 'NONE', #1172, 10.00000000000001066 ) ;
#3799 =( NAMED_UNIT ( * ) SI_UNIT ( $, .STERADIAN. ) SOLID_ANGLE_UNIT ( ) );
#3800 = DIRECTION ( 'NONE',  ( 1.136675133409662280E-13, -0.9987686379937031900, -0.04961056097448531682 ) ) ;
#3801 = CARTESIAN_POINT ( 'NONE',  ( 125.3794671060000070, 190.9272316729999943, 293.9247376049999616 ) ) ;
#3802 = ORIENTED_EDGE ( 'NONE', *, *, #5538, .T. ) ;
#3803 = DIRECTION ( 'NONE',  ( 1.068856114727622208E-13, -0.9987686379937031900, -0.04961056097448681562 ) ) ;
#3804 = CARTESIAN_POINT ( 'NONE',  ( 147.8794643810000196, 245.7713767730000143, 26.31558015470000100 ) ) ;
#3805 = DIRECTION ( 'NONE',  ( -1.140924983549660398E-13, 0.9987686379937031900, 0.04961056097448531682 ) ) ;
#3806 = DIRECTION ( 'NONE',  ( 1.000000000000000000, 1.110223004086028302E-13, 1.110223004086028333E-14 ) ) ;
#3807 = AXIS2_PLACEMENT_3D ( 'NONE', #3079, #4978, #7519 ) ;
#3808 = DIRECTION ( 'NONE',  ( 1.000000000000000000, 1.110223004086028302E-13, 5.551115020430141666E-15 ) ) ;
#3809 = ORIENTED_EDGE ( 'NONE', *, *, #8185, .T. ) ;
#3810 = EDGE_LOOP ( 'NONE', ( #3175, #2713, #5050, #3595 ) ) ;
#3811 = LINE ( 'NONE', #6358, #3500 ) ;
#3812 = DIRECTION ( 'NONE',  ( -1.000000000000000000, 0.000000000000000000, 1.129887414363104054E-14 ) ) ;
#3813 = CIRCLE ( 'NONE', #888, 2.500000046249998942 ) ;
#3814 = DIRECTION ( 'NONE',  ( 1.481718509849552606E-15, 0.9987686379936984160, 0.04961056097458502179 ) ) ;
#3815 = ORIENTED_EDGE ( 'NONE', *, *, #5394, .T. ) ;
#3816 = EDGE_LOOP ( 'NONE', ( #156, #4929 ) ) ;
#3817 = EDGE_CURVE ( 'NONE', #5885, #2172, #5005, .T. ) ;
#3818 = DIRECTION ( 'NONE',  ( 0.9999999999999997780, 4.579919776759306737E-10, -9.218103710906245873E-09 ) ) ;
#3819 = ADVANCED_FACE ( 'NONE', ( #8033, #3009, #2938, #2342, #2305, #2391, #7456, #1711, #4259 ), #6142, .T. ) ;
#3820 = CIRCLE ( 'NONE', #5946, 60.22727286730000884 ) ;
#3821 = AXIS2_PLACEMENT_3D ( 'NONE', #238, #79, #2237 ) ;
#3822 = CIRCLE ( 'NONE', #5161, 2.500000046250006047 ) ;
#3823 = LINE ( 'NONE', #2547, #5834 ) ;
#3824 = CARTESIAN_POINT ( 'NONE',  ( 356.4944299600000477, 237.9609050979999836, 244.0283805079999979 ) ) ;
#3825 = CARTESIAN_POINT ( 'NONE',  ( 155.3794671060000212, 235.3724360629999808, 296.1324075679999623 ) ) ;
#3826 = DIRECTION ( 'NONE',  ( 0.000000000000000000, -0.9987680247135006795, -0.04962290610083169157 ) ) ;
#3827 = EDGE_CURVE ( 'NONE', #5313, #1735, #1630, .T. ) ;
#3828 = ORIENTED_EDGE ( 'NONE', *, *, #8134, .T. ) ;
#3829 = DIRECTION ( 'NONE',  ( -1.136868377219662335E-13, 0.9987686379937030789, 0.04961056097448530988 ) ) ;
#3830 = AXIS2_PLACEMENT_3D ( 'NONE', #7608, #1913, #6994 ) ;
#3831 = VERTEX_POINT ( 'NONE', #501 ) ;
#3832 = AXIS2_PLACEMENT_3D ( 'NONE', #6817, #8006, #469 ) ;
#3833 = ADVANCED_FACE ( 'NONE', ( #4831 ), #7375, .F. ) ;
#3834 = EDGE_CURVE ( 'NONE', #3684, #4731, #7669, .T. ) ;
#3835 = DIRECTION ( 'NONE',  ( 1.000000000000000000, 1.110223004086028302E-13, 0.000000000000000000 ) ) ;
#3836 = LINE ( 'NONE', #4497, #5379 ) ;
#3837 = CIRCLE ( 'NONE', #1303, 2.500000046250006047 ) ;
#3838 = VERTEX_POINT ( 'NONE', #6081 ) ;
#3839 = DIRECTION ( 'NONE',  ( -1.140924983549660398E-13, 0.9987686379937031900, 0.04961056097448531682 ) ) ;
#3840 = DIRECTION ( 'NONE',  ( -0.9999999815015170324, -9.542390645425178513E-06, 0.0001921091058996458368 ) ) ;
#3841 = EDGE_CURVE ( 'NONE', #428, #894, #4351, .T. ) ;
#3842 = APPROVAL_DATE_TIME ( #1292, #148 ) ;
#3843 = DIRECTION ( 'NONE',  ( 1.481718509849552606E-15, 0.9987686379936984160, 0.04961056097458502179 ) ) ;
#3844 = CARTESIAN_POINT ( 'NONE',  ( 109.1239233989999917, 192.7039082640000061, 288.3918660920000434 ) ) ;
#3845 = AXIS2_PLACEMENT_3D ( 'NONE', #2290, #6159, #8135 ) ;
#3846 = AXIS2_PLACEMENT_3D ( 'NONE', #8015, #7895, #4682 ) ;
#3847 = CIRCLE ( 'NONE', #2386, 2.500000046250006047 ) ;
#3848 = CARTESIAN_POINT ( 'NONE',  ( 55.19997518130000458, 235.7889507229999992, 227.2760650460000136 ) ) ;
#3849 = DIRECTION ( 'NONE',  ( 0.000000000000000000, 0.04961056097448530988, -0.9987686379937030789 ) ) ;
#3850 = DIRECTION ( 'NONE',  ( -1.061866287239678325E-13, 0.04961056097458501485, -0.9987686379936983050 ) ) ;
#3851 = ORIENTED_EDGE ( 'NONE', *, *, #6784, .F. ) ;
#3852 = LINE ( 'NONE', #1259, #1970 ) ;
#3853 = VECTOR ( 'NONE', #6697, 1000.000000000000114 ) ;
#3854 = AXIS2_PLACEMENT_3D ( 'NONE', #569, #8221, #3748 ) ;
#3855 = CIRCLE ( 'NONE', #252, 2.500000046250006047 ) ;
#3856 = ORIENTED_EDGE ( 'NONE', *, *, #3179, .T. ) ;
#3857 = ORIENTED_EDGE ( 'NONE', *, *, #7029, .F. ) ;
#3858 = ORIENTED_EDGE ( 'NONE', *, *, #6749, .F. ) ;
#3859 = VECTOR ( 'NONE', #1080, 1000.000000000000114 ) ;
#3860 = CARTESIAN_POINT ( 'NONE',  ( 162.8794643810000196, 248.7676826939999728, 26.46441169939999938 ) ) ;
#3861 = CYLINDRICAL_SURFACE ( 'NONE', #766, 10.00000000000000888 ) ;
#3862 = VECTOR ( 'NONE', #694, 1000.000000000000114 ) ;
#3863 = APPLICATION_CONTEXT ( 'configuration controlled 3d designs of mechanical parts and assemblies' ) ;
#3864 = AXIS2_PLACEMENT_3D ( 'NONE', #3553, #6045, #2754 ) ;
#3865 = DIRECTION ( 'NONE',  ( 1.481718509849552606E-15, 0.9987686379936984160, 0.04961056097458502179 ) ) ;
#3866 = VERTEX_POINT ( 'NONE', #2917 ) ;
#3867 = EDGE_LOOP ( 'NONE', ( #3436, #1555, #7838, #3517 ) ) ;
#3868 = LINE ( 'NONE', #224, #6439 ) ;
#3869 = DIRECTION ( 'NONE',  ( 1.136675133409662280E-13, -0.9987686379937031900, -0.04961056097448531682 ) ) ;
#3870 = CYLINDRICAL_SURFACE ( 'NONE', #5779, 2.500000046249988284 ) ;
#3871 = LINE ( 'NONE', #32, #3570 ) ;
#3872 = DIRECTION ( 'NONE',  ( -1.000000000000000000, -1.446809341502781957E-13, 0.000000000000000000 ) ) ;
#3873 = ORIENTED_EDGE ( 'NONE', *, *, #1855, .T. ) ;
#3874 = DIRECTION ( 'NONE',  ( 1.000000000000000000, 0.000000000000000000, 0.000000000000000000 ) ) ;
#3875 = ORIENTED_EDGE ( 'NONE', *, *, #3776, .T. ) ;
#3876 = CARTESIAN_POINT ( 'NONE',  ( 145.3794643350000229, 203.0723781430000088, 19.18848286589999930 ) ) ;
#3877 = EDGE_CURVE ( 'NONE', #881, #4511, #288, .T. ) ;
#3878 = CARTESIAN_POINT ( 'NONE',  ( 52.69997309199999336, 243.8567091129999937, 95.09750771309998640 ) ) ;
#3879 = EDGE_LOOP ( 'NONE', ( #7983, #5717, #5422, #406 ) ) ;
#3880 = CARTESIAN_POINT ( 'NONE',  ( 122.8794671060000070, 233.8743069620000199, 296.0575114540000072 ) ) ;
#3881 = DIRECTION ( 'NONE',  ( 0.000000000000000000, -0.9987686379936980829, -0.04961056097458500097 ) ) ;
#3882 = EDGE_CURVE ( 'NONE', #5250, #5846, #753, .T. ) ;
#3883 = DIRECTION ( 'NONE',  ( 1.000000000000000000, 1.110223004086028302E-13, 5.551115020430141666E-15 ) ) ;
#3884 = ORIENTED_EDGE ( 'NONE', *, *, #6571, .T. ) ;
#3885 = FACE_BOUND ( 'NONE', #5440, .T. ) ;
#3886 = CARTESIAN_POINT ( 'NONE',  ( 362.6999806519999652, 202.4078051729999856, 93.03866916130000675 ) ) ;
#3887 = VERTEX_POINT ( 'NONE', #7772 ) ;
#3888 = DIRECTION ( 'NONE',  ( 1.000000000000000000, 1.110223004086028302E-13, 5.551115020430141666E-15 ) ) ;
#3889 = EDGE_LOOP ( 'NONE', ( #4267, #1996, #5766, #2209 ) ) ;
#3890 = AXIS2_PLACEMENT_3D ( 'NONE', #6786, #1061, #5095 ) ;
#3891 = EDGE_CURVE ( 'NONE', #4669, #7932, #7900, .T. ) ;
#3892 = CARTESIAN_POINT ( 'NONE',  ( 125.3794671060000070, 189.4290787160000207, 293.8503217630000108 ) ) ;
#3893 = LINE ( 'NONE', #3975, #6884 ) ;
#3894 = ORIENTED_EDGE ( 'NONE', *, *, #615, .T. ) ;
#3895 = AXIS2_PLACEMENT_3D ( 'NONE', #3938, #2776, #718 ) ;
#3896 = ORIENTED_EDGE ( 'NONE', *, *, #1940, .F. ) ;
#3897 = DIRECTION ( 'NONE',  ( -0.9999999999999826805, 1.860402662113389049E-07, 0.000000000000000000 ) ) ;
#3898 = DIRECTION ( 'NONE',  ( 1.481718509849552606E-15, 0.9987686379936984160, 0.04961056097458502179 ) ) ;
#3899 = LINE ( 'NONE', #5936, #3692 ) ;
#3900 = EDGE_LOOP ( 'NONE', ( #7018, #5553 ) ) ;
#3901 = EDGE_LOOP ( 'NONE', ( #5057, #4413 ) ) ;
#3902 = CIRCLE ( 'NONE', #6704, 2.500000046250006047 ) ;
#3903 = LINE ( 'NONE', #6447, #5560 ) ;
#3904 = CARTESIAN_POINT ( 'NONE',  ( 173.0589562610000200, 246.0097373769999933, 21.51686208440000314 ) ) ;
#3905 = LINE ( 'NONE', #1442, #3962 ) ;
#3906 = CARTESIAN_POINT ( 'NONE',  ( 59.54256425559999855, 196.9081912050000085, 203.7504940979999901 ) ) ;
#3907 = VERTEX_POINT ( 'NONE', #2238 ) ;
#3908 = CARTESIAN_POINT ( 'NONE',  ( 360.1999806519999652, 245.3548804639999901, 95.17144298739999897 ) ) ;
#3909 = VECTOR ( 'NONE', #7090, 1000.000000000000341 ) ;
#3910 = ORIENTED_EDGE ( 'NONE', *, *, #7955, .T. ) ;
#3911 = CYLINDRICAL_SURFACE ( 'NONE', #4502, 2.500000046249988284 ) ;
#3912 = CARTESIAN_POINT ( 'NONE',  ( 49.93558521399999961, 199.9774127919999955, 111.7323734830000035 ) ) ;
#3913 = CARTESIAN_POINT ( 'NONE',  ( 360.1999812869999573, 195.8385525710000366, 225.2921413189999953 ) ) ;
#3914 = AXIS2_PLACEMENT_3D ( 'NONE', #1839, #8152, #6144 ) ;
#3915 = CARTESIAN_POINT ( 'NONE',  ( 282.5204893619999780, 189.4294499389999942, 293.8503402019999839 ) ) ;
#3916 = LINE ( 'NONE', #738, #6127 ) ;
#3917 = DIRECTION ( 'NONE',  ( -0.9999999815032921680, -9.541932878276174361E-06, 0.0001920998875681636240 ) ) ;
#3918 = DATE_AND_TIME ( #2634, #5924 ) ;
#3919 = DIRECTION ( 'NONE',  ( -1.481718509849552606E-15, -0.9987686379936984160, -0.04961056097458502179 ) ) ;
#3920 = EDGE_CURVE ( 'NONE', #7200, #3991, #2497, .T. ) ;
#3921 = AXIS2_PLACEMENT_3D ( 'NONE', #5238, #6550, #249 ) ;
#3922 = FACE_BOUND ( 'NONE', #6375, .T. ) ;
#3923 = EDGE_CURVE ( 'NONE', #6513, #2233, #3822, .T. ) ;
#3924 = EDGE_CURVE ( 'NONE', #6715, #123, #6113, .T. ) ;
#3925 = EDGE_LOOP ( 'NONE', ( #4809, #290, #7179, #3277 ) ) ;
#3926 = DIRECTION ( 'NONE',  ( -2.368475785869285424E-15, -0.9987686379936980829, -0.04961056097458500097 ) ) ;
#3927 = ORIENTED_EDGE ( 'NONE', *, *, #355, .T. ) ;
#3928 = LINE ( 'NONE', #882, #7552 ) ;
#3929 = VECTOR ( 'NONE', #484, 1000.000000000000114 ) ;
#3930 = CYLINDRICAL_SURFACE ( 'NONE', #3678, 2.500000046250013153 ) ;
#3931 = ORIENTED_EDGE ( 'NONE', *, *, #4447, .F. ) ;
#3932 = ADVANCED_FACE ( 'NONE', ( #824 ), #4156, .F. ) ;
#3933 = CIRCLE ( 'NONE', #1394, 2.500000046250006047 ) ;
#3934 = EDGE_LOOP ( 'NONE', ( #7904, #83, #3744, #6996 ) ) ;
#3935 = ADVANCED_FACE ( 'NONE', ( #2074 ), #4609, .F. ) ;
#3936 = ORIENTED_EDGE ( 'NONE', *, *, #2662, .F. ) ;
#3937 = AXIS2_PLACEMENT_3D ( 'NONE', #816, #3371, #3461 ) ;
#3939 = AXIS2_PLACEMENT_3D ( 'NONE', #7187, #1520, #7880 ) ;
#3938 = CARTESIAN_POINT ( 'NONE',  ( 307.6999812870000142, 235.1602568019999921, 300.4115301689999455 ) ) ;
#3940 = DIRECTION ( 'NONE',  ( -1.000000000000000000, -1.137978600240784444E-13, 5.551115123125777969E-15 ) ) ;
#3941 = CARTESIAN_POINT ( 'NONE',  ( 360.1999812869999573, 239.7778152240000225, 207.4500226810000072 ) ) ;
#3942 = VERTEX_POINT ( 'NONE', #1455 ) ;
#3943 = ORIENTED_EDGE ( 'NONE', *, *, #411, .T. ) ;
#3944 = ORIENTED_EDGE ( 'NONE', *, *, #3827, .F. ) ;
#3945 = CARTESIAN_POINT ( 'NONE',  ( 173.0589590300000111, 235.1437915399999667, 300.7355197820000399 ) ) ;
#3946 = CARTESIAN_POINT ( 'NONE',  ( 290.0204893619999780, 192.4257319969999855, 293.9996521580000035 ) ) ;
#3947 = VECTOR ( 'NONE', #289, 1000.000000000000114 ) ;
#3948 = LINE ( 'NONE', #2743, #8202 ) ;
#3949 = DIRECTION ( 'NONE',  ( -1.136868377219662335E-13, 0.9987686379937030789, 0.04961056097448530988 ) ) ;
#3950 = ORIENTED_EDGE ( 'NONE', *, *, #2755, .T. ) ;
#3951 = ORIENTED_EDGE ( 'NONE', *, *, #4026, .F. ) ;
#3952 = VECTOR ( 'NONE', #425, 1000.000000000000341 ) ;
#3953 = FACE_OUTER_BOUND ( 'NONE', #7577, .T. ) ;
#3954 = FACE_BOUND ( 'NONE', #1879, .T. ) ;
#3955 = CARTESIAN_POINT ( 'NONE',  ( 49.93558530630000547, 199.4813071819999948, 121.7200598630000030 ) ) ;
#3956 = ORIENTED_EDGE ( 'NONE', *, *, #1691, .T. ) ;
#3957 = CIRCLE ( 'NONE', #8115, 2.500000046250006047 ) ;
#3958 = ORIENTED_EDGE ( 'NONE', *, *, #4238, .F. ) ;
#3959 = DIRECTION ( 'NONE',  ( -0.9999999815032921680, 9.541932645129342578E-06, -0.0001920998876805737052 ) ) ;
#3960 = FACE_OUTER_BOUND ( 'NONE', #7123, .T. ) ;
#3961 = VECTOR ( 'NONE', #1547, 1000.000000000000000 ) ;
#3962 = VECTOR ( 'NONE', #6491, 1000.000000000000114 ) ;
#3963 = PERSON_AND_ORGANIZATION_ROLE ( 'design_supplier' ) ;
#3964 = EDGE_LOOP ( 'NONE', ( #7561, #1842, #3511, #6111 ) ) ;
#3965 = DIRECTION ( 'NONE',  ( 1.493058009093160224E-15, 0.9987686379936981940, 0.04961056097458500791 ) ) ;
#3966 = CARTESIAN_POINT ( 'NONE',  ( 362.6999812869999573, 236.2854275560000019, 217.2883971050000014 ) ) ;
#3967 = LINE ( 'NONE', #7251, #847 ) ;
#3968 = VECTOR ( 'NONE', #5488, 1000.000000000000114 ) ;
#3969 = AXIS2_PLACEMENT_3D ( 'NONE', #6689, #2979, #2273 ) ;
#3970 = VERTEX_POINT ( 'NONE', #3421 ) ;
#3971 = DIRECTION ( 'NONE',  ( -1.136868377219662335E-13, 0.9987686379937030789, 0.04961056097448530988 ) ) ;
#3972 = ORIENTED_EDGE ( 'NONE', *, *, #4671, .T. ) ;
#3973 = CARTESIAN_POINT ( 'NONE',  ( 242.3409974820000059, 206.0589863939999873, 19.53243937410000441 ) ) ;
#3974 = VECTOR ( 'NONE', #6195, 1000.000000000000114 ) ;
#3975 = CARTESIAN_POINT ( 'NONE',  ( 163.8392314490000103, 234.1402316799999994, 290.7038677460000144 ) ) ;
#3976 = APPROVAL ( #1407, 'UNSPECIFIED' ) ;
#3977 = AXIS2_PLACEMENT_3D ( 'NONE', #7174, #1081, #2263 ) ;
#3978 = VERTEX_POINT ( 'NONE', #7937 ) ;
#3979 = ORIENTED_EDGE ( 'NONE', *, *, #4779, .F. ) ;
#3980 = VECTOR ( 'NONE', #1775, 1000.000000000000000 ) ;
#3981 = EDGE_CURVE ( 'NONE', #5669, #2695, #6705, .T. ) ;
#3982 = AXIS2_PLACEMENT_3D ( 'NONE', #6022, #308, #1131 ) ;
#3983 = EDGE_CURVE ( 'NONE', #6124, #7461, #983, .T. ) ;
#3984 = CIRCLE ( 'NONE', #6241, 2.500000046250006047 ) ;
#3985 = CARTESIAN_POINT ( 'NONE',  ( 280.0204893619999780, 248.7677010740000014, 26.46393140869999883 ) ) ;
#3986 = EDGE_CURVE ( 'NONE', #3626, #3315, #119, .T. ) ;
#3987 = DIRECTION ( 'NONE',  ( 1.481718509849551818E-15, 0.9987686379936983050, 0.04961056097458501485 ) ) ;
#3988 = EDGE_CURVE ( 'NONE', #8096, #5148, #1445, .T. ) ;
#3989 = AXIS2_PLACEMENT_3D ( 'NONE', #7764, #5894, #5215 ) ;
#3990 = LINE ( 'NONE', #1480, #4483 ) ;
#3991 = VERTEX_POINT ( 'NONE', #2156 ) ;
#3992 = ORIENTED_EDGE ( 'NONE', *, *, #2300, .T. ) ;
#3993 = DIRECTION ( 'NONE',  ( -0.9999999815015169213, -9.542390645425176819E-06, 0.0001921091059107480400 ) ) ;
#3994 = DIRECTION ( 'NONE',  ( 1.136675133409662280E-13, -0.9987686379937031900, -0.04961056097448531682 ) ) ;
#3995 = CIRCLE ( 'NONE', #4644, 2.500000046250006047 ) ;
#3996 = CARTESIAN_POINT ( 'NONE',  ( 297.6999812869999573, 190.7150524120000057, 298.2038602060000017 ) ) ;
#3997 = AXIS2_PLACEMENT_3D ( 'NONE', #2516, #41, #6882 ) ;
#3998 = EDGE_CURVE ( 'NONE', #5900, #6256, #2240, .T. ) ;
#3999 = DIRECTION ( 'NONE',  ( 0.9999999815015170324, 9.542390645425124303E-06, -0.0001921091058441336014 ) ) ;
#4000 = CARTESIAN_POINT ( 'NONE',  ( 52.69997518129999747, 196.8303925669999899, 205.3167501190000053 ) ) ;
#4001 = CARTESIAN_POINT ( 'NONE',  ( 50.19997518130000458, 237.2871036800000013, 227.3504808870000033 ) ) ;
#4002 = EDGE_LOOP ( 'NONE', ( #3591, #5733, #6985, #7256 ) ) ;
#4003 = ORIENTED_EDGE ( 'NONE', *, *, #3021, .T. ) ;
#4004 = LINE ( 'NONE', #6543, #4175 ) ;
#4005 = EDGE_CURVE ( 'NONE', #90, #2479, #5684, .T. ) ;
#4006 = CARTESIAN_POINT ( 'NONE',  ( 242.3409974820000059, 203.0626804800000116, 19.38360769119999816 ) ) ;
#4007 = FACE_BOUND ( 'NONE', #4050, .T. ) ;
#4008 = DIRECTION ( 'NONE',  ( 1.481718509849552606E-15, 0.9987686379936984160, 0.04961056097458502179 ) ) ;
#4009 = VERTEX_POINT ( 'NONE', #6798 ) ;
#4010 = DIRECTION ( 'NONE',  ( -1.140924983549660398E-13, 0.9987686379937031900, 0.04961056097448531682 ) ) ;
#4011 = COORDINATED_UNIVERSAL_TIME_OFFSET ( 3, 30, .AHEAD. ) ;
#4012 = ORIENTED_EDGE ( 'NONE', *, *, #5697, .F. ) ;
#4013 = LINE ( 'NONE', #5277, #2472 ) ;
#4014 = DIRECTION ( 'NONE',  ( 1.000000000000000000, 1.137978600240784444E-13, 5.551115123125777969E-15 ) ) ;
#4015 = DIRECTION ( 'NONE',  ( 1.140924983539660419E-13, -0.9987686379937031900, -0.04961056097448531682 ) ) ;
#4016 = VERTEX_POINT ( 'NONE', #4970 ) ;
#4017 = CARTESIAN_POINT ( 'NONE',  ( 292.5204893619999780, 235.3728072870000005, 296.1324260069999923 ) ) ;
#4018 = FACE_OUTER_BOUND ( 'NONE', #5809, .T. ) ;
#4019 = FACE_OUTER_BOUND ( 'NONE', #730, .T. ) ;
#4020 = FACE_OUTER_BOUND ( 'NONE', #8022, .T. ) ;
#4021 = ORIENTED_EDGE ( 'NONE', *, *, #6013, .F. ) ;
#4022 = ORIENTED_EDGE ( 'NONE', *, *, #3325, .T. ) ;
#4023 = CARTESIAN_POINT ( 'NONE',  ( 48.81777933200000064, 200.9794601389999968, 121.7944757140000007 ) ) ;
#4024 = CIRCLE ( 'NONE', #5073, 2.500000046250006047 ) ;
#4025 = CARTESIAN_POINT ( 'NONE',  ( 163.0589590300000111, 190.6985871490000193, 298.5278498179999929 ) ) ;
#4026 = EDGE_CURVE ( 'NONE', #4355, #1873, #442, .T. ) ;
#4027 = DIRECTION ( 'NONE',  ( 1.136675133409662280E-13, -0.9987686379937031900, -0.04961056097448531682 ) ) ;
#4028 = ORIENTED_EDGE ( 'NONE', *, *, #3283, .T. ) ;
#4029 = EDGE_CURVE ( 'NONE', #330, #625, #7980, .T. ) ;
#4030 = ORIENTED_EDGE ( 'NONE', *, *, #7894, .T. ) ;
#4031 = EDGE_CURVE ( 'NONE', #7220, #7612, #1306, .T. ) ;
#4032 = DIRECTION ( 'NONE',  ( 1.000000000000000000, 0.000000000000000000, 0.000000000000000000 ) ) ;
#4033 = LINE ( 'NONE', #7725, #5280 ) ;
#4034 = VERTEX_POINT ( 'NONE', #5483 ) ;
#4035 = ORIENTED_EDGE ( 'NONE', *, *, #3834, .F. ) ;
#4036 = FACE_OUTER_BOUND ( 'NONE', #951, .T. ) ;
#4037 = ADVANCED_FACE ( 'NONE', ( #3746 ), #5601, .F. ) ;
#4038 = CARTESIAN_POINT ( 'NONE',  ( 152.8794643809999911, 247.2695297329999846, 26.38999595010000121 ) ) ;
#4039 = CARTESIAN_POINT ( 'NONE',  ( 173.0589590300000111, 195.5391574930000047, 170.8411289869999905 ) ) ;
#4040 = DIRECTION ( 'NONE',  ( -1.140924983549660398E-13, 0.9987686379937031900, 0.04961056097448531682 ) ) ;
#4041 = DIRECTION ( 'NONE',  ( -0.9999999815032921680, 9.541932656231520308E-06, -0.0001920998877013893298 ) ) ;
#4042 = DIRECTION ( 'NONE',  ( -1.140894302930162220E-13, 0.9987686379937031900, 0.04961056097448531682 ) ) ;
#4043 = VECTOR ( 'NONE', #6635, 1000.000000000000114 ) ;
#4044 = DIRECTION ( 'NONE',  ( 9.229562303537259252E-09, 0.04961056097448530988, -0.9987686379937030789 ) ) ;
#4045 = ORIENTED_EDGE ( 'NONE', *, *, #6622, .F. ) ;
#4046 = CARTESIAN_POINT ( 'NONE',  ( 297.6999806849999572, 199.5883582650000108, 89.32928052140000830 ) ) ;
#4047 = DIRECTION ( 'NONE',  ( 1.000000000000000000, 0.000000000000000000, 0.000000000000000000 ) ) ;
#4048 = FACE_OUTER_BOUND ( 'NONE', #6130, .T. ) ;
#4049 = CIRCLE ( 'NONE', #5102, 2.500000046250006047 ) ;
#4050 = EDGE_LOOP ( 'NONE', ( #5510, #6736 ) ) ;
#4051 = CARTESIAN_POINT ( 'NONE',  ( 307.6999813259999996, 245.9839217759999883, 22.03647609180000089 ) ) ;
#4052 = EDGE_LOOP ( 'NONE', ( #3707, #6084, #132, #8075 ) ) ;
#4053 = CARTESIAN_POINT ( 'NONE',  ( 355.8573913780000453, 198.3415371170000014, 114.4305056509999901 ) ) ;
#4054 = CIRCLE ( 'NONE', #1254, 2.500000046250006047 ) ;
#4055 = CARTESIAN_POINT ( 'NONE',  ( 297.6999813330000393, 204.5705256239999983, 19.26289869119999665 ) ) ;
#4056 = ORIENTED_EDGE ( 'NONE', *, *, #7679, .T. ) ;
#4057 = ORIENTED_EDGE ( 'NONE', *, *, #54, .T. ) ;
#4058 = CARTESIAN_POINT ( 'NONE',  ( 290.0204893619999780, 235.3728311430000133, 296.1319457340000554 ) ) ;
#4059 = CIRCLE ( 'NONE', #5778, 2.500000046249998942 ) ;
#4060 = CIRCLE ( 'NONE', #463, 2.500000046250006047 ) ;
#4061 = CARTESIAN_POINT ( 'NONE',  ( 52.69997518129999747, 195.8381813469999884, 225.2921228790000328 ) ) ;
#4062 = EDGE_LOOP ( 'NONE', ( #2661, #7485 ) ) ;
#4063 = CARTESIAN_POINT ( 'NONE',  ( 109.1239233989999917, 232.6546537840000042, 290.3762885310000001 ) ) ;
#4064 = VERTEX_POINT ( 'NONE', #3700 ) ;
#4065 = VECTOR ( 'NONE', #853, 1000.000000000000114 ) ;
#4066 = ORIENTED_EDGE ( 'NONE', *, *, #7326, .F. ) ;
#4067 = VERTEX_POINT ( 'NONE', #7515 ) ;
#4068 = CARTESIAN_POINT ( 'NONE',  ( 260.0204893620000348, 232.3764775169999837, 295.9840745970000171 ) ) ;
#4069 = DIRECTION ( 'NONE',  ( 1.000000000000000000, 1.110223004086028302E-13, 5.551115020430141666E-15 ) ) ;
#4070 = DIRECTION ( 'NONE',  ( 1.000000000000000000, 0.000000000000000000, 0.000000000000000000 ) ) ;
#4071 = CARTESIAN_POINT ( 'NONE',  ( 135.3794671060000212, 189.4291264279999893, 293.8493612179999559 ) ) ;
#4072 = VERTEX_POINT ( 'NONE', #1069 ) ;
#4073 = EDGE_CURVE ( 'NONE', #518, #6422, #1818, .T. ) ;
#4074 = ORIENTED_EDGE ( 'NONE', *, *, #5600, .F. ) ;
#4075 = CARTESIAN_POINT ( 'NONE',  ( 52.69997318429999922, 201.9117527390000078, 103.0253952669999933 ) ) ;
#4076 = VECTOR ( 'NONE', #735, 1000.000000000000114 ) ;
#4077 = DIRECTION ( 'NONE',  ( 1.481718509849552606E-15, 0.9987686379936984160, 0.04961056097458502179 ) ) ;
#4078 = EDGE_CURVE ( 'NONE', #479, #3626, #1025, .T. ) ;
#4079 = ORIENTED_EDGE ( 'NONE', *, *, #1550, .F. ) ;
#4080 = CARTESIAN_POINT ( 'NONE',  ( 145.3794671059999928, 189.4290787160000207, 293.8503217630000108 ) ) ;
#4081 = CARTESIAN_POINT ( 'NONE',  ( 462.3999751820000483, 234.1247483919999866, 321.2585696709999752 ) ) ;
#4082 = DIRECTION ( 'NONE',  ( 1.000000000000000000, 1.110223004086028302E-13, 1.110223004086028333E-14 ) ) ;
#4083 = APPROVAL_ROLE ( '' ) ;
#4084 = EDGE_CURVE ( 'NONE', #1383, #6581, #2919, .T. ) ;
#4085 = AXIS2_PLACEMENT_3D ( 'NONE', #389, #1558, #3485 ) ;
#4086 = ORIENTED_EDGE ( 'NONE', *, *, #3772, .F. ) ;
#4087 = ADVANCED_FACE ( 'NONE', ( #7360 ), #5521, .T. ) ;
#4088 = CARTESIAN_POINT ( 'NONE',  ( 367.6999812870000142, 194.2706210080000062, 196.3870231170000125 ) ) ;
#4089 = CARTESIAN_POINT ( 'NONE',  ( 165.3794643810000196, 205.8206074050000041, 24.33163782719999801 ) ) ;
#4090 = ORIENTED_EDGE ( 'NONE', *, *, #7628, .T. ) ;
#4091 = CIRCLE ( 'NONE', #6222, 2.500000046250006047 ) ;
#4092 = DIRECTION ( 'NONE',  ( 0.000000000000000000, -0.9987686379936980829, -0.04961056097458500097 ) ) ;
#4093 = ADVANCED_FACE ( 'NONE', ( #6750 ), #3588, .F. ) ;
#4094 = AXIS2_PLACEMENT_3D ( 'NONE', #6036, #946, #3546 ) ;
#4095 = VERTEX_POINT ( 'NONE', #1739 ) ;
#4096 = CARTESIAN_POINT ( 'NONE',  ( 367.6999812870000142, 237.2176724419999800, 198.5202772389999950 ) ) ;
#4097 = DIRECTION ( 'NONE',  ( 1.000000000000000000, 1.137978600240785201E-13, 5.551115123125781913E-15 ) ) ;
#4098 = CARTESIAN_POINT ( 'NONE',  ( 152.8794643809999911, 205.8206312560000129, 24.33115766959999959 ) ) ;
#4099 = AXIS2_PLACEMENT_3D ( 'NONE', #5109, #7688, #3872 ) ;
#4100 = ORIENTED_EDGE ( 'NONE', *, *, #1334, .F. ) ;
#4101 = AXIS2_PLACEMENT_3D ( 'NONE', #1170, #3726, #6264 ) ;
#4102 = DIRECTION ( 'NONE',  ( 1.000000000000000000, 1.110223004086028302E-13, 5.551115020430141666E-15 ) ) ;
#4103 = AXIS2_PLACEMENT_3D ( 'NONE', #2450, #5628, #477 ) ;
#4104 = CIRCLE ( 'NONE', #5678, 10.00000000000000888 ) ;
#4105 = DIRECTION ( 'NONE',  ( -1.454793636899560209E-13, 0.04961056097458500097, -0.9987686379936980829 ) ) ;
#4106 = ORIENTED_EDGE ( 'NONE', *, *, #1855, .F. ) ;
#4107 = DIRECTION ( 'NONE',  ( 1.000000000000000000, -4.577697982270001376E-10, 9.218202680210000291E-09 ) ) ;
#4108 = ORIENTED_EDGE ( 'NONE', *, *, #3981, .T. ) ;
#4109 = EDGE_LOOP ( 'NONE', ( #1515, #5828, #1314, #2946, #3206, #8129, #2366, #4569, #6148, #1745, #3972, #2648 ) ) ;
#4110 = AXIS2_PLACEMENT_3D ( 'NONE', #566, #1656, #4197 ) ;
#4111 = VECTOR ( 'NONE', #8057, 1000.000000000000341 ) ;
#4112 = EDGE_LOOP ( 'NONE', ( #8010, #2741 ) ) ;
#4113 = AXIS2_PLACEMENT_3D ( 'NONE', #2007, #5320, #3264 ) ;
#4114 = DIRECTION ( 'NONE',  ( 0.9999999815032921680, 9.541932878276174361E-06, -0.0001920998876014703147 ) ) ;
#4115 = CARTESIAN_POINT ( 'NONE',  ( 247.5204893620000348, 205.8206257989999983, 24.33115726000000123 ) ) ;
#4116 = VECTOR ( 'NONE', #2933, 1000.000000000000114 ) ;
#4117 = CARTESIAN_POINT ( 'NONE',  ( 252.5204893620000064, 192.4257558529999699, 293.9991718850000098 ) ) ;
#4118 = ORIENTED_EDGE ( 'NONE', *, *, #661, .F. ) ;
#4119 = ORIENTED_EDGE ( 'NONE', *, *, #7082, .T. ) ;
#4120 = AXIS2_PLACEMENT_3D ( 'NONE', #3633, #7490, #455 ) ;
#4121 = DIRECTION ( 'NONE',  ( 1.140917689170156192E-13, -0.9987686379937031900, -0.04961056097448531682 ) ) ;
#4122 = CARTESIAN_POINT ( 'NONE',  ( 462.3999751820000483, 247.0190884449999942, 1.188934879090000063 ) ) ;
#4123 = ADVANCED_FACE ( 'NONE', ( #4935 ), #4898, .F. ) ;
#4124 = ORIENTED_EDGE ( 'NONE', *, *, #4879, .T. ) ;
#4125 = CARTESIAN_POINT ( 'NONE',  ( 59.54256425559999855, 236.8589367250000066, 205.7349165370000037 ) ) ;
#4126 = ORIENTED_EDGE ( 'NONE', *, *, #7227, .T. ) ;
#4127 = DIRECTION ( 'NONE',  ( 1.455753866324702301E-15, 0.9987686379936981940, 0.04961056097458500791 ) ) ;
#4128 = ADVANCED_FACE ( 'NONE', ( #2326 ), #4856, .F. ) ;
#4129 = ADVANCED_FACE ( 'NONE', ( #2370 ), #7442, .F. ) ;
#4130 = CARTESIAN_POINT ( 'NONE',  ( 306.2760330699999827, 191.2061026750000110, 288.3179489619999458 ) ) ;
#4131 = DIRECTION ( 'NONE',  ( 1.000000000000000000, 1.110223004086028302E-13, 5.551115020430141666E-15 ) ) ;
#4132 = EDGE_CURVE ( 'NONE', #2506, #1075, #3656, .T. ) ;
#4133 = CARTESIAN_POINT ( 'NONE',  ( 49.93558530630000547, 197.9831542250000211, 121.6456440209999954 ) ) ;
#4134 = EDGE_LOOP ( 'NONE', ( #5689, #5011, #2630, #6717 ) ) ;
#4135 = CARTESIAN_POINT ( 'NONE',  ( 152.8794643809999911, 245.7713767760000110, 26.31558010859999897 ) ) ;
#4136 = DIRECTION ( 'NONE',  ( 1.000000000000000000, 1.110223004086028302E-13, 0.000000000000000000 ) ) ;
#4137 = FACE_BOUND ( 'NONE', #6409, .T. ) ;
#4138 = DIRECTION ( 'NONE',  ( 9.229472258787262349E-09, -0.04961056097448531682, 0.9987686379937031900 ) ) ;
#4139 = ORIENTED_EDGE ( 'NONE', *, *, #4886, .T. ) ;
#4140 = CYLINDRICAL_SURFACE ( 'NONE', #2170, 2.500000046249985619 ) ;
#4141 = EDGE_CURVE ( 'NONE', #4034, #2903, #8099, .T. ) ;
#4142 = LINE ( 'NONE', #6184, #103 ) ;
#4143 = DIRECTION ( 'NONE',  ( 0.000000000000000000, -0.9987686379936980829, -0.04961056097458500097 ) ) ;
#4144 = ORIENTED_EDGE ( 'NONE', *, *, #1323, .F. ) ;
#4145 = CARTESIAN_POINT ( 'NONE',  ( 52.69997327659999797, 241.3663926490000051, 114.9975040859999922 ) ) ;
#4146 = ORIENTED_EDGE ( 'NONE', *, *, #5088, .F. ) ;
#4147 = VERTEX_POINT ( 'NONE', #5635 ) ;
#4148 = DIRECTION ( 'NONE',  ( 1.000000000000000000, 1.110223004086028302E-13, 0.000000000000000000 ) ) ;
#4149 = FACE_OUTER_BOUND ( 'NONE', #5242, .T. ) ;
#4150 = ORIENTED_EDGE ( 'NONE', *, *, #3525, .F. ) ;
#4151 = VECTOR ( 'NONE', #6478, 1000.000000000000114 ) ;
#4152 = CARTESIAN_POINT ( 'NONE',  ( 117.6999730590000013, 244.0335681190000230, 91.53695075609999776 ) ) ;
#4153 = ORIENTED_EDGE ( 'NONE', *, *, #6640, .T. ) ;
#4154 = VERTEX_POINT ( 'NONE', #3115 ) ;
#4155 = CARTESIAN_POINT ( 'NONE',  ( 173.0589590300000111, 192.1773556809999945, 298.9925163629999929 ) ) ;
#4156 = PLANE ( 'NONE',  #7300 ) ;
#4157 = LINE ( 'NONE', #6706, #1391 ) ;
#4158 = ORIENTED_EDGE ( 'NONE', *, *, #2612, .F. ) ;
#4159 = ORIENTED_EDGE ( 'NONE', *, *, #4186, .F. ) ;
#4160 = CYLINDRICAL_SURFACE ( 'NONE', #2921, 118.1603675010000387 ) ;
#4161 = CARTESIAN_POINT ( 'NONE',  ( 272.5204893619999780, 189.4294499389999942, 293.8503402019999839 ) ) ;
#4162 = EDGE_LOOP ( 'NONE', ( #1385, #1489 ) ) ;
#4163 = DIRECTION ( 'NONE',  ( -1.140924983549660398E-13, 0.9987686379937031900, 0.04961056097448531682 ) ) ;
#4164 = DIRECTION ( 'NONE',  ( -1.140782803582870283E-13, 0.9987686379937031900, 0.04961056097448531682 ) ) ;
#4165 = VERTEX_POINT ( 'NONE', #3945 ) ;
#4166 = AXIS2_PLACEMENT_3D ( 'NONE', #4314, #4969, #3209 ) ;
#4167 = DIRECTION ( 'NONE',  ( 1.000000000000000000, 1.110223004086028302E-13, 0.000000000000000000 ) ) ;
#4168 = ORIENTED_EDGE ( 'NONE', *, *, #867, .T. ) ;
#4169 = CARTESIAN_POINT ( 'NONE',  ( 251.5607250190000173, 234.1405790469999886, 290.7043664580000382 ) ) ;
#4170 = CARTESIAN_POINT ( 'NONE',  ( 50.19997327659999797, 201.4156232720000048, 113.0135619430000133 ) ) ;
#4171 = EDGE_CURVE ( 'NONE', #2000, #1466, #2384, .T. ) ;
#4172 = CARTESIAN_POINT ( 'NONE',  ( 109.1239207259999944, 246.9910299339999824, 31.99680343490000212 ) ) ;
#4173 = CARTESIAN_POINT ( 'NONE',  ( 366.2565270759999976, 237.8533352620000016, 246.1939955789999885 ) ) ;
#4174 = ORIENTED_EDGE ( 'NONE', *, *, #1847, .T. ) ;
#4175 = VECTOR ( 'NONE', #5904, 1000.000000000000114 ) ;
#4176 = ADVANCED_FACE ( 'NONE', ( #7605 ), #2583, .F. ) ;
#4177 = CARTESIAN_POINT ( 'NONE',  ( 173.0589574419999792, 241.1594748200000140, 149.3987082669999893 ) ) ;
#4178 = EDGE_CURVE ( 'NONE', #7350, #2278, #4892, .T. ) ;
#4179 = CARTESIAN_POINT ( 'NONE',  ( 365.4643684380000082, 242.4283531530000175, 123.8533137130000057 ) ) ;
#4180 = EDGE_CURVE ( 'NONE', #1482, #518, #5971, .T. ) ;
#4181 = CARTESIAN_POINT ( 'NONE',  ( 48.42170011630000204, 199.8476917090000029, 84.10844375739999634 ) ) ;
#4182 = ORIENTED_EDGE ( 'NONE', *, *, #7528, .F. ) ;
#4183 = EDGE_CURVE ( 'NONE', #2261, #339, #2663, .T. ) ;
#4184 = LINE ( 'NONE', #6065, #2537 ) ;
#4185 = ORIENTED_EDGE ( 'NONE', *, *, #3785, .T. ) ;
#4186 = EDGE_CURVE ( 'NONE', #6807, #6905, #4448, .T. ) ;
#4187 = VERTEX_POINT ( 'NONE', #8171 ) ;
#4188 = AXIS2_PLACEMENT_3D ( 'NONE', #1240, #77, #3753 ) ;
#4189 = CARTESIAN_POINT ( 'NONE',  ( 117.6999724180000158, 204.5350287670000000, 19.97763799049999989 ) ) ;
#4190 = EDGE_CURVE ( 'NONE', #5937, #3539, #6989, .T. ) ;
#4191 = VERTEX_POINT ( 'NONE', #70 ) ;
#4192 = CARTESIAN_POINT ( 'NONE',  ( 125.3794643810000053, 204.3224544299999934, 24.25722235439999608 ) ) ;
#4193 = APPROVAL_PERSON_ORGANIZATION ( #6962, #3369, #5784 ) ;
#4194 = ORIENTED_EDGE ( 'NONE', *, *, #1902, .T. ) ;
#4195 = VERTEX_POINT ( 'NONE', #5181 ) ;
#4196 = FACE_OUTER_BOUND ( 'NONE', #5525, .T. ) ;
#4197 = DIRECTION ( 'NONE',  ( 1.000000000000000000, 2.775557561562888984E-15, -1.110223024625155531E-13 ) ) ;
#4198 = PLANE ( 'NONE',  #1534 ) ;
#4199 = ORIENTED_EDGE ( 'NONE', *, *, #4171, .F. ) ;
#4200 = DIRECTION ( 'NONE',  ( 1.140924983539660419E-13, -0.9987686379937031900, -0.04961056097448531682 ) ) ;
#4201 = LINE ( 'NONE', #989, #3961 ) ;
#4202 = ORIENTED_EDGE ( 'NONE', *, *, #2094, .T. ) ;
#4203 = CARTESIAN_POINT ( 'NONE',  ( 117.6999751809999992, 192.1773556809999945, 298.9925163629999929 ) ) ;
#4204 = CARTESIAN_POINT ( 'NONE',  ( 49.93558521399999961, 244.4226171829999998, 113.9400434459999900 ) ) ;
#4205 = VECTOR ( 'NONE', #3628, 1000.000000000000114 ) ;
#4206 = CARTESIAN_POINT ( 'NONE',  ( 247.5204893620000348, 189.4294499389999942, 293.8503402019999839 ) ) ;
#4207 = CARTESIAN_POINT ( 'NONE',  ( 365.1999812870000142, 194.8365052229999890, 215.2300390970000024 ) ) ;
#4208 = CARTESIAN_POINT ( 'NONE',  ( 290.0204893619999780, 190.9275790399999835, 293.9252363169999853 ) ) ;
#4209 = AXIS2_PLACEMENT_3D ( 'NONE', #5248, #2090, #4626 ) ;
#4210 = CARTESIAN_POINT ( 'NONE',  ( 280.0204893619999780, 190.9275790399999835, 293.9252363169999853 ) ) ;
#4211 = DIRECTION ( 'NONE',  ( 1.000000000000000000, 1.137978600240784444E-13, 5.551115123125777969E-15 ) ) ;
#4212 = EDGE_LOOP ( 'NONE', ( #4793, #3721 ) ) ;
#4213 = DIRECTION ( 'NONE',  ( -0.9606977151331842490, 0.01377172553520270709, -0.2772548281160530093 ) ) ;
#4214 = AXIS2_PLACEMENT_3D ( 'NONE', #3561, #6098, #4797 ) ;
#4215 = CARTESIAN_POINT ( 'NONE',  ( 137.8794643810000196, 248.7676826829999754, 26.46441192979999713 ) ) ;
#4216 = AXIS2_PLACEMENT_3D ( 'NONE', #3763, #8111, #6341 ) ;
#4217 = VERTEX_POINT ( 'NONE', #5730 ) ;
#4218 = VECTOR ( 'NONE', #4387, 1000.000000000000114 ) ;
#4219 = CARTESIAN_POINT ( 'NONE',  ( 142.8794643810000196, 248.7676826849999827, 26.46441188369999864 ) ) ;
#4220 = VERTEX_POINT ( 'NONE', #5016 ) ;
#4221 = ORIENTED_EDGE ( 'NONE', *, *, #760, .F. ) ;
#4222 = EDGE_CURVE ( 'NONE', #537, #7173, #3157, .T. ) ;
#4223 = EDGE_CURVE ( 'NONE', #3360, #5761, #1948, .T. ) ;
#4224 = CIRCLE ( 'NONE', #495, 2.500000046250006047 ) ;
#4225 = VECTOR ( 'NONE', #8200, 1000.000000000000341 ) ;
#4226 = LINE ( 'NONE', #1060, #521 ) ;
#4227 = EDGE_CURVE ( 'NONE', #2487, #3494, #1849, .T. ) ;
#4228 = FACE_OUTER_BOUND ( 'NONE', #7379, .T. ) ;
#4229 = ADVANCED_FACE ( 'NONE', ( #5144 ), #3784, .F. ) ;
#4230 = CARTESIAN_POINT ( 'NONE',  ( 165.3794671060000212, 233.8742831059999787, 296.0579917260000116 ) ) ;
#4231 = AXIS2_PLACEMENT_3D ( 'NONE', #2024, #3869, #1318 ) ;
#4232 = AXIS2_PLACEMENT_3D ( 'NONE', #5517, #8126, #3618 ) ;
#4233 = ORIENTED_EDGE ( 'NONE', *, *, #7380, .F. ) ;
#4234 = CIRCLE ( 'NONE', #641, 10.00000000000000888 ) ;
#4235 = ORIENTED_EDGE ( 'NONE', *, *, #7487, .F. ) ;
#4236 = DIRECTION ( 'NONE',  ( 1.000000000000000000, -2.775557561562890957E-15, 0.000000000000000000 ) ) ;
#4237 = DIRECTION ( 'NONE',  ( 1.000000000000000000, 3.534288039560000252E-15, -1.099714186670000022E-13 ) ) ;
#4238 = EDGE_CURVE ( 'NONE', #7585, #7886, #3457, .T. ) ;
#4239 = LINE ( 'NONE', #2420, #1935 ) ;
#4240 = VECTOR ( 'NONE', #4143, 1000.000000000000341 ) ;
#4241 = LINE ( 'NONE', #3624, #8081 ) ;
#4242 = ORIENTED_EDGE ( 'NONE', *, *, #1835, .F. ) ;
#4243 = CIRCLE ( 'NONE', #1315, 2.500000046250006047 ) ;
#4244 = DIRECTION ( 'NONE',  ( -1.136868377219662335E-13, 0.9987686379937030789, 0.04961056097448530988 ) ) ;
#4245 = DIRECTION ( 'NONE',  ( -0.9999999999999998890, -4.579918634269999212E-10, 9.218101715729996954E-09 ) ) ;
#4246 = ORIENTED_EDGE ( 'NONE', *, *, #4369, .T. ) ;
#4247 = VERTEX_POINT ( 'NONE', #8219 ) ;
#4248 = EDGE_LOOP ( 'NONE', ( #6499, #1316, #7513, #5140 ) ) ;
#4249 = AXIS2_PLACEMENT_3D ( 'NONE', #7786, #5879, #2087 ) ;
#4250 = ADVANCED_FACE ( 'NONE', ( #1234 ), #5680, .F. ) ;
#4251 = AXIS2_PLACEMENT_3D ( 'NONE', #3759, #1836, #84 ) ;
#4252 = EDGE_LOOP ( 'NONE', ( #3030, #4815, #2940, #1264 ) ) ;
#4253 = DIRECTION ( 'NONE',  ( -0.9999999815032921680, 9.541932656231520308E-06, -0.0001920998876902870996 ) ) ;
#4254 = CARTESIAN_POINT ( 'NONE',  ( 59.54256236530000024, 244.2848999280000157, 116.7125917270000031 ) ) ;
#4255 = DIRECTION ( 'NONE',  ( 1.140793352869616262E-13, -0.9987686379937031900, -0.04961056097448531682 ) ) ;
#4256 = AXIS2_PLACEMENT_3D ( 'NONE', #1247, #2005, #4610 ) ;
#4257 = CIRCLE ( 'NONE', #3478, 2.500000046250006047 ) ;
#4258 = CARTESIAN_POINT ( 'NONE',  ( 48.42170228679999866, 235.3527875910000091, 236.0569788040000105 ) ) ;
#4259 = FACE_OUTER_BOUND ( 'NONE', #6913, .T. ) ;
#4260 = CARTESIAN_POINT ( 'NONE',  ( 165.3794671060000212, 190.9272793850000198, 293.9237770590000309 ) ) ;
#4261 = DIRECTION ( 'NONE',  ( 0.9762097115541493730, 0.01075698359520039019, -0.2165615071320320939 ) ) ;
#4262 = ORIENTED_EDGE ( 'NONE', *, *, #6223, .T. ) ;
#4263 = CARTESIAN_POINT ( 'NONE',  ( 165.3794671060000212, 189.4291264279999893, 293.8493612179999559 ) ) ;
#4264 = CARTESIAN_POINT ( 'NONE',  ( 109.1239207259999944, 248.4891828910000129, 32.07121927640000081 ) ) ;
#4265 = ORIENTED_EDGE ( 'NONE', *, *, #1947, .T. ) ;
#4266 = DIRECTION ( 'NONE',  ( 1.140780483390304074E-13, -0.9987686379937031900, -0.04961056097448531682 ) ) ;
#4267 = ORIENTED_EDGE ( 'NONE', *, *, #3010, .F. ) ;
#4268 = ORIENTED_EDGE ( 'NONE', *, *, #4783, .F. ) ;
#4269 = CARTESIAN_POINT ( 'NONE',  ( 362.6999806519999652, 199.4115469710000070, 92.88887693280000235 ) ) ;
#4270 = ORIENTED_EDGE ( 'NONE', *, *, #4439, .T. ) ;
#4271 = CARTESIAN_POINT ( 'NONE',  ( 173.0589562610000200, 206.0589918569999952, 19.53243964540000022 ) ) ;
#4272 = EDGE_CURVE ( 'NONE', #1066, #4095, #3823, .T. ) ;
#4273 = EDGE_CURVE ( 'NONE', #5872, #6233, #3903, .T. ) ;
#4274 = EDGE_LOOP ( 'NONE', ( #2287, #5952 ) ) ;
#4275 = ORIENTED_EDGE ( 'NONE', *, *, #6432, .F. ) ;
#4276 = EDGE_CURVE ( 'NONE', #6070, #285, #113, .T. ) ;
#4277 = CARTESIAN_POINT ( 'NONE',  ( 360.1999812869999573, 194.8365052229999890, 215.2300390970000024 ) ) ;
#4278 = CARTESIAN_POINT ( 'NONE',  ( 155.3794643809999911, 248.7677065470000173, 26.46393149570000247 ) ) ;
#4279 = ORIENTED_EDGE ( 'NONE', *, *, #6164, .F. ) ;
#4280 = CARTESIAN_POINT ( 'NONE',  ( 366.2565266140000517, 203.3400977690000104, 74.26958878240000672 ) ) ;
#4281 = LINE ( 'NONE', #6831, #4505 ) ;
#4282 = ORIENTED_EDGE ( 'NONE', *, *, #5283, .T. ) ;
#4283 = DIRECTION ( 'NONE',  ( 1.136675133409662280E-13, -0.9987686379937031900, -0.04961056097448531682 ) ) ;
#4284 = DIRECTION ( 'NONE',  ( 1.000000000000000000, 1.137978600240784444E-13, 5.551115123125777969E-15 ) ) ;
#4285 = ADVANCED_FACE ( 'NONE', ( #3210 ), #7273, .F. ) ;
#4286 = ORIENTED_EDGE ( 'NONE', *, *, #4492, .T. ) ;
#4287 = ORIENTED_EDGE ( 'NONE', *, *, #6837, .F. ) ;
#4288 = EDGE_LOOP ( 'NONE', ( #3280, #3059 ) ) ;
#4289 = ADVANCED_FACE ( 'NONE', ( #2066 ), #2150, .F. ) ;
#4290 = CARTESIAN_POINT ( 'NONE',  ( 242.3409974379999881, 232.1284485679999818, 300.9774375140000302 ) ) ;
#4291 = ORIENTED_EDGE ( 'NONE', *, *, #3012, .F. ) ;
#4292 = CARTESIAN_POINT ( 'NONE',  ( 122.8794643810000053, 245.7713767620000169, 26.31558038519999698 ) ) ;
#4293 = CARTESIAN_POINT ( 'NONE',  ( 365.4643684380000082, 243.9265061099999912, 123.9277295549999991 ) ) ;
#4294 = EDGE_CURVE ( 'NONE', #7244, #7264, #2649, .T. ) ;
#4295 = DIRECTION ( 'NONE',  ( -1.136868377219662335E-13, 0.9987686379937030789, 0.04961056097448530988 ) ) ;
#4296 = CARTESIAN_POINT ( 'NONE',  ( 290.0204893619999780, 248.7677010700000153, 26.46393150089999935 ) ) ;
#4297 = CARTESIAN_POINT ( 'NONE',  ( 49.14342939219999806, 236.3548349380000104, 246.1190810260000035 ) ) ;
#4298 = EDGE_LOOP ( 'NONE', ( #28, #4472, #4750, #5518 ) ) ;
#4299 = DIRECTION ( 'NONE',  ( 1.000000000000000000, 0.000000000000000000, 0.000000000000000000 ) ) ;
#4300 = AXIS2_PLACEMENT_3D ( 'NONE', #7091, #3188, #7744 ) ;
#4301 = DIRECTION ( 'NONE',  ( 1.136868377219662335E-13, -0.9987686379937030789, -0.04961056097448530988 ) ) ;
#4302 = FACE_OUTER_BOUND ( 'NONE', #6351, .T. ) ;
#4303 = CARTESIAN_POINT ( 'NONE',  ( 50.19997318429999922, 200.4135759239999857, 102.9514597209999920 ) ) ;
#4304 = ORIENTED_EDGE ( 'NONE', *, *, #7533, .T. ) ;
#4305 = AXIS2_PLACEMENT_3D ( 'NONE', #3259, #1331, #6920 ) ;
#4306 = FACE_BOUND ( 'NONE', #1852, .T. ) ;
#4307 = ORIENTED_EDGE ( 'NONE', *, *, #1420, .T. ) ;
#4308 = ORIENTED_EDGE ( 'NONE', *, *, #2266, .T. ) ;
#4309 = CIRCLE ( 'NONE', #1782, 2.500000046250006047 ) ;
#4310 = DIRECTION ( 'NONE',  ( -1.140905882208934397E-13, 0.9987686379937031900, 0.04961056097448531682 ) ) ;
#4311 = CIRCLE ( 'NONE', #3658, 2.500000046250006047 ) ;
#4312 = ORIENTED_EDGE ( 'NONE', *, *, #7227, .F. ) ;
#4313 = ORIENTED_EDGE ( 'NONE', *, *, #6219, .T. ) ;
#4314 = CARTESIAN_POINT ( 'NONE',  ( 155.3794643809999911, 245.7713529209999876, 26.31606035829999968 ) ) ;
#4315 = DIRECTION ( 'NONE',  ( 1.136675133409662280E-13, -0.9987686379937031900, -0.04961056097448531682 ) ) ;
#4316 = CARTESIAN_POINT ( 'NONE',  ( 287.5204893619999780, 204.3224728239999877, 24.25674178730000108 ) ) ;
#4317 = AXIS2_PLACEMENT_3D ( 'NONE', #1710, #500, #1159 ) ;
#4318 = CARTESIAN_POINT ( 'NONE',  ( 365.1999812870000142, 237.7835566570000196, 217.3632932190000133 ) ) ;
#4319 = VECTOR ( 'NONE', #5565, 1000.000000000000341 ) ;
#4320 = ORIENTED_EDGE ( 'NONE', *, *, #2198, .T. ) ;
#4321 = LINE ( 'NONE', #8223, #4877 ) ;
#4322 = DIRECTION ( 'NONE',  ( -0.9999999815032921680, -9.541932867173944115E-06, 0.0001920998875556736150 ) ) ;
#4323 = EDGE_CURVE ( 'NONE', #935, #2399, #5261, .T. ) ;
#4324 = EDGE_LOOP ( 'NONE', ( #3482, #2957, #4846, #4656 ) ) ;
#4325 = ORIENTED_EDGE ( 'NONE', *, *, #2703, .F. ) ;
#4326 = VERTEX_POINT ( 'NONE', #6029 ) ;
#4327 = AXIS2_PLACEMENT_3D ( 'NONE', #3133, #7618, #667 ) ;
#4328 = ORIENTED_EDGE ( 'NONE', *, *, #7231, .F. ) ;
#4329 = AXIS2_PLACEMENT_3D ( 'NONE', #5991, #2025, #4564 ) ;
#4330 = CARTESIAN_POINT ( 'NONE',  ( 55.19997518130000458, 196.3343108129999735, 215.3039562269999863 ) ) ;
#4331 = ADVANCED_FACE ( 'NONE', ( #4772 ), #7151, .T. ) ;
#4332 = EDGE_CURVE ( 'NONE', #6575, #3466, #281, .T. ) ;
#4333 = DIRECTION ( 'NONE',  ( 1.141153513975968344E-13, -0.9987686379937031900, -0.04961056097448531682 ) ) ;
#4334 = ADVANCED_FACE ( 'NONE', ( #4601 ), #2742, .F. ) ;
#4335 = DIRECTION ( 'NONE',  ( 1.136868377219662335E-13, -0.9987686379937030789, -0.04961056097448530988 ) ) ;
#4336 = DIRECTION ( 'NONE',  ( 1.136868377219662335E-13, -0.9987686379937030789, -0.04961056097448530988 ) ) ;
#4337 = EDGE_CURVE ( 'NONE', #3072, #3360, #1592, .T. ) ;
#4338 = CARTESIAN_POINT ( 'NONE',  ( 135.3794643810000196, 205.8206073919999994, 24.33163810369999780 ) ) ;
#4339 = CARTESIAN_POINT ( 'NONE',  ( 297.6999812869999573, 192.2132053679999899, 298.2782760470000198 ) ) ;
#4340 = ORIENTED_EDGE ( 'NONE', *, *, #171, .F. ) ;
#4341 = DIRECTION ( 'NONE',  ( 1.000000000000000000, 1.110223004086028302E-13, 5.551115020430141666E-15 ) ) ;
#4342 = EDGE_CURVE ( 'NONE', #8025, #6886, #5566, .T. ) ;
#4343 = DIRECTION ( 'NONE',  ( 1.000000000000000000, 1.110223004086028302E-13, 0.000000000000000000 ) ) ;
#4344 = CARTESIAN_POINT ( 'NONE',  ( 365.1999806519999652, 199.4115231139999764, 92.88935722869999267 ) ) ;
#4345 = EDGE_LOOP ( 'NONE', ( #955, #7803 ) ) ;
#4346 = CYLINDRICAL_SURFACE ( 'NONE', #7567, 60.22727286729998752 ) ;
#4347 = ORIENTED_EDGE ( 'NONE', *, *, #1178, .T. ) ;
#4348 = ORIENTED_EDGE ( 'NONE', *, *, #7487, .T. ) ;
#4349 = FACE_BOUND ( 'NONE', #7560, .T. ) ;
#4350 = CIRCLE ( 'NONE', #6092, 60.22727286730000884 ) ;
#4351 = CIRCLE ( 'NONE', #4094, 2.500000046250006047 ) ;
#4352 = DIRECTION ( 'NONE',  ( 1.136505832169074187E-13, -0.9987686379937031900, -0.04961056097448531682 ) ) ;
#4353 = FACE_OUTER_BOUND ( 'NONE', #3879, .T. ) ;
#4354 = VERTEX_POINT ( 'NONE', #7925 ) ;
#4355 = VERTEX_POINT ( 'NONE', #318 ) ;
#4356 = CIRCLE ( 'NONE', #897, 2.500000046250006047 ) ;
#4357 = LINE ( 'NONE', #5103, #7753 ) ;
#4358 = DIRECTION ( 'NONE',  ( -1.136868377219662335E-13, 0.9987686379937030789, 0.04961056097448530988 ) ) ;
#4359 = FACE_OUTER_BOUND ( 'NONE', #6632, .T. ) ;
#4360 = FACE_OUTER_BOUND ( 'NONE', #4776, .T. ) ;
#4361 = CARTESIAN_POINT ( 'NONE',  ( 52.69997309199999336, 202.4078106359999936, 93.03866943260000255 ) ) ;
#4362 = AXIS2_PLACEMENT_3D ( 'NONE', #2191, #6076, #1574 ) ;
#4363 = VECTOR ( 'NONE', #4336, 1000.000000000000114 ) ;
#4364 = ORIENTED_EDGE ( 'NONE', *, *, #2470, .F. ) ;
#4365 = LINE ( 'NONE', #2001, #1123 ) ;
#4366 = ORIENTED_EDGE ( 'NONE', *, *, #871, .T. ) ;
#4367 = ORIENTED_EDGE ( 'NONE', *, *, #6934, .T. ) ;
#4368 = VECTOR ( 'NONE', #3493, 1000.000000000000114 ) ;
#4369 = EDGE_CURVE ( 'NONE', #3752, #3315, #3370, .T. ) ;
#4370 = DIRECTION ( 'NONE',  ( 1.140917689170156192E-13, -0.9987686379937031900, -0.04961056097448531682 ) ) ;
#4371 = CARTESIAN_POINT ( 'NONE',  ( 145.3794671059999928, 235.1244071150000252, 301.1257704849999755 ) ) ;
#4372 = DIRECTION ( 'NONE',  ( 1.000000000000000000, 1.137978600240784444E-13, 5.551115123125777969E-15 ) ) ;
#4373 = CARTESIAN_POINT ( 'NONE',  ( 147.8794671059999928, 232.3761540049999894, 295.9830956119999996 ) ) ;
#4374 = CIRCLE ( 'NONE', #4910, 2.500000046250006047 ) ;
#4375 = ADVANCED_FACE ( 'NONE', ( #7807 ), #1573, .F. ) ;
#4376 = DIRECTION ( 'NONE',  ( 1.000000000000000000, 1.110223004086031457E-13, 5.551115020430157443E-15 ) ) ;
#4377 = LINE ( 'NONE', #3608, #4961 ) ;
#4378 = EDGE_CURVE ( 'NONE', #1475, #7902, #5438, .T. ) ;
#4379 = VECTOR ( 'NONE', #4912, 1000.000000000000000 ) ;
#4380 = ORIENTED_EDGE ( 'NONE', *, *, #3782, .F. ) ;
#4381 = CARTESIAN_POINT ( 'NONE',  ( 356.4944299600000477, 192.0175477510000235, 241.7462947029999896 ) ) ;
#4382 = FACE_BOUND ( 'NONE', #6825, .T. ) ;
#4383 = EDGE_CURVE ( 'NONE', #6191, #2984, #233, .T. ) ;
#4384 = VECTOR ( 'NONE', #2387, 1000.000000000000114 ) ;
#4385 = AXIS2_PLACEMENT_3D ( 'NONE', #4071, #5943, #1399 ) ;
#4386 = ORIENTED_EDGE ( 'NONE', *, *, #1843, .T. ) ;
#4387 = DIRECTION ( 'NONE',  ( -1.136868377219662335E-13, 0.9987686379937030789, 0.04961056097448530988 ) ) ;
#4388 = CYLINDRICAL_SURFACE ( 'NONE', #7934, 2.500000046249988284 ) ;
#4389 = ORIENTED_EDGE ( 'NONE', *, *, #5646, .T. ) ;
#4390 = EDGE_CURVE ( 'NONE', #2143, #2415, #2928, .T. ) ;
#4391 = CARTESIAN_POINT ( 'NONE',  ( 252.5204893620000064, 233.8746543299999985, 296.0580101659999741 ) ) ;
#4392 = ORIENTED_EDGE ( 'NONE', *, *, #1637, .F. ) ;
#4393 = EDGE_CURVE ( 'NONE', #2313, #1299, #940, .T. ) ;
#4394 = ORIENTED_EDGE ( 'NONE', *, *, #5876, .T. ) ;
#4395 = FACE_OUTER_BOUND ( 'NONE', #7297, .T. ) ;
#4396 = ADVANCED_FACE ( 'NONE', ( #852 ), #3413, .F. ) ;
#4397 = FACE_OUTER_BOUND ( 'NONE', #3447, .T. ) ;
#4398 = ORIENTED_EDGE ( 'NONE', *, *, #1638, .T. ) ;
#4399 = ORIENTED_EDGE ( 'NONE', *, *, #5187, .F. ) ;
#4400 = DIRECTION ( 'NONE',  ( 1.000000000000000000, -1.409385035065704932E-15, 0.000000000000000000 ) ) ;
#4401 = CARTESIAN_POINT ( 'NONE',  ( 107.6999751809999992, 190.7147050439999987, 298.2033614940000348 ) ) ;
#4402 = CARTESIAN_POINT ( 'NONE',  ( 365.4643685299999447, 199.9774073289999876, 111.7323732110000094 ) ) ;
#4403 = CARTESIAN_POINT ( 'NONE',  ( 58.90552426510000572, 203.2325334010000120, 76.43520403500001237 ) ) ;
#4404 = DIRECTION ( 'NONE',  ( 1.000000000000000000, 1.110223004086028302E-13, 5.551115020430141666E-15 ) ) ;
#4405 = CARTESIAN_POINT ( 'NONE',  ( 48.81777933200000064, 197.9831542250000211, 121.6456440319999928 ) ) ;
#4406 = EDGE_LOOP ( 'NONE', ( #7248, #539, #6520, #6549 ) ) ;
#4407 = CARTESIAN_POINT ( 'NONE',  ( 52.69997518129999747, 196.3343346689999862, 215.3034759539999925 ) ) ;
#4408 = ORIENTED_EDGE ( 'NONE', *, *, #5192, .T. ) ;
#4409 = VERTEX_POINT ( 'NONE', #3460 ) ;
#4410 = CARTESIAN_POINT ( 'NONE',  ( 277.5204893619999780, 204.3224728289999916, 24.25674169510000056 ) ) ;
#4411 = VECTOR ( 'NONE', #1680, 1000.000000000000114 ) ;
#4412 = FACE_BOUND ( 'NONE', #5945, .T. ) ;
#4413 = ORIENTED_EDGE ( 'NONE', *, *, #276, .T. ) ;
#4414 = DIRECTION ( 'NONE',  ( 1.136675133409662280E-13, -0.9987686379937031900, -0.04961056097448531682 ) ) ;
#4415 = FACE_OUTER_BOUND ( 'NONE', #3241, .T. ) ;
#4416 = CIRCLE ( 'NONE', #2955, 2.500000046249998942 ) ;
#4417 = APPLICATION_PROTOCOL_DEFINITION ( 'international standard', 'config_control_design', 1994, #5390 ) ;
#4418 = CARTESIAN_POINT ( 'NONE',  ( 360.1999812869999573, 238.7856040040000210, 227.4253954400000168 ) ) ;
#4419 = DIRECTION ( 'NONE',  ( 1.000000000000000000, 1.110223004086028302E-13, 1.110223004086028333E-14 ) ) ;
#4420 = ORIENTED_EDGE ( 'NONE', *, *, #3998, .T. ) ;
#4421 = DIRECTION ( 'NONE',  ( -1.141054688951602162E-13, 0.9987686379937031900, 0.04961056097448531682 ) ) ;
#4422 = DIRECTION ( 'NONE',  ( 1.140924983539660419E-13, -0.9987686379937031900, -0.04961056097448531682 ) ) ;
#4423 = CARTESIAN_POINT ( 'NONE',  ( 145.3794671059999928, 233.8742831059999787, 296.0579917260000116 ) ) ;
#4424 = VERTEX_POINT ( 'NONE', #2228 ) ;
#4425 = DIRECTION ( 'NONE',  ( -1.454793636899560209E-13, 0.04961056097458500097, -0.9987686379936980829 ) ) ;
#4426 = CARTESIAN_POINT ( 'NONE',  ( 52.69997318429999922, 198.9153991129999781, 102.8775241300000118 ) ) ;
#4427 = DIRECTION ( 'NONE',  ( 0.9606977125710685073, 0.01377172597520071561, -0.2772548369720185812 ) ) ;
#4428 = EDGE_LOOP ( 'NONE', ( #3619, #5908, #7422, #1918 ) ) ;
#4429 = ADVANCED_FACE ( 'NONE', ( #1257, #6072, #2908, #2319, #16, #6740, #975, #1017, #7432 ), #8013, .T. ) ;
#4430 = EDGE_CURVE ( 'NONE', #3142, #391, #644, .T. ) ;
#4431 = DIRECTION ( 'NONE',  ( 0.9606977151331840270, -0.01377172553520267413, 0.2772548281160539529 ) ) ;
#4432 = ORIENTED_EDGE ( 'NONE', *, *, #7202, .F. ) ;
#4433 = EDGE_LOOP ( 'NONE', ( #5112, #2552, #7933, #7193, #6242, #6431, #7171, #4649, #2337, #7549, #3662, #885 ) ) ;
#4434 = EDGE_CURVE ( 'NONE', #2127, #8047, #2119, .T. ) ;
#4435 = CYLINDRICAL_SURFACE ( 'NONE', #2592, 2.500000046250013153 ) ;
#4436 = ADVANCED_FACE ( 'NONE', ( #3537 ), #6785, .F. ) ;
#4437 = CARTESIAN_POINT ( 'NONE',  ( 365.1999806519999652, 202.4078290280000090, 93.03818891160000248 ) ) ;
#4438 = CIRCLE ( 'NONE', #5494, 2.500000046250006047 ) ;
#4439 = EDGE_CURVE ( 'NONE', #4719, #6039, #7353, .T. ) ;
#4440 = CARTESIAN_POINT ( 'NONE',  ( 257.5204893619999780, 204.3224728379999817, 24.25674151070000306 ) ) ;
#4441 = EDGE_CURVE ( 'NONE', #767, #612, #2360, .T. ) ;
#4442 = DIRECTION ( 'NONE',  ( -1.140905882208934397E-13, 0.9987686379937031900, 0.04961056097448531682 ) ) ;
#4443 = ORIENTED_EDGE ( 'NONE', *, *, #977, .F. ) ;
#4444 = VERTEX_POINT ( 'NONE', #2948 ) ;
#4445 = CIRCLE ( 'NONE', #2849, 118.1603675010000103 ) ;
#4446 = LINE ( 'NONE', #7031, #5558 ) ;
#4447 = EDGE_CURVE ( 'NONE', #2670, #3887, #402, .T. ) ;
#4448 = LINE ( 'NONE', #2498, #7037 ) ;
#4449 = DIRECTION ( 'NONE',  ( -1.140924983539660419E-13, 0.9987686379937031900, 0.04961056097448531682 ) ) ;
#4450 = CARTESIAN_POINT ( 'NONE',  ( 55.19997309200000046, 245.3548859269999980, 95.17144325869999477 ) ) ;
#4451 = CIRCLE ( 'NONE', #453, 2.500000046250006047 ) ;
#4452 = EDGE_LOOP ( 'NONE', ( #29, #5622, #2371, #4275 ) ) ;
#4453 = CARTESIAN_POINT ( 'NONE',  ( 290.0204893619999780, 204.3224489669999855, 24.25722208309999672 ) ) ;
#4454 = ORIENTED_EDGE ( 'NONE', *, *, #3325, .F. ) ;
#4455 = CARTESIAN_POINT ( 'NONE',  ( 355.8573922119999793, 195.4103856149999956, 203.6765769679999778 ) ) ;
#4456 = DIRECTION ( 'NONE',  ( 1.140924983539660419E-13, -0.9987686379937031900, -0.04961056097448531682 ) ) ;
#4457 = ORIENTED_EDGE ( 'NONE', *, *, #5186, .F. ) ;
#4458 = DIRECTION ( 'NONE',  ( 1.000000000000000000, 1.110223004086028302E-13, 5.551115020430141666E-15 ) ) ;
#4459 = PLANE ( 'NONE',  #7690 ) ;
#4460 = COORDINATED_UNIVERSAL_TIME_OFFSET ( 3, 30, .AHEAD. ) ;
#4461 = DIRECTION ( 'NONE',  ( -1.140924983549660398E-13, 0.9987686379937031900, 0.04961056097448531682 ) ) ;
#4462 = FACE_BOUND ( 'NONE', #4674, .T. ) ;
#4463 = AXIS2_PLACEMENT_3D ( 'NONE', #866, #3422, #2798 ) ;
#4464 = DIRECTION ( 'NONE',  ( 1.136675133409662280E-13, -0.9987686379937031900, -0.04961056097448531682 ) ) ;
#4465 = CARTESIAN_POINT ( 'NONE',  ( 49.93558712990000004, 238.2193724219999922, 208.5818807480000032 ) ) ;
#4466 = LINE ( 'NONE', #214, #5843 ) ;
#4467 = ORIENTED_EDGE ( 'NONE', *, *, #5088, .T. ) ;
#4468 = LINE ( 'NONE', #6399, #4218 ) ;
#4469 = DIRECTION ( 'NONE',  ( -0.9999999815015170324, 9.542390523300593288E-06, -0.0001921091057553157594 ) ) ;
#4470 = ORIENTED_EDGE ( 'NONE', *, *, #454, .T. ) ;
#4471 = VERTEX_POINT ( 'NONE', #6117 ) ;
#4472 = ORIENTED_EDGE ( 'NONE', *, *, #4987, .F. ) ;
#4473 = DIRECTION ( 'NONE',  ( 1.000000000000000000, 1.110223004086031457E-13, 5.551115020430157443E-15 ) ) ;
#4474 = FACE_BOUND ( 'NONE', #6602, .T. ) ;
#4475 = VECTOR ( 'NONE', #6519, 1000.000000000000114 ) ;
#4476 = ADVANCED_FACE ( 'NONE', ( #356 ), #1649, .F. ) ;
#4477 = DIRECTION ( 'NONE',  ( 1.136754526454196255E-13, -0.9987686379937031900, -0.04961056097448531682 ) ) ;
#4478 = ORIENTED_EDGE ( 'NONE', *, *, #7520, .F. ) ;
#4479 = EDGE_CURVE ( 'NONE', #2570, #7910, #6788, .T. ) ;
#4480 = ORIENTED_EDGE ( 'NONE', *, *, #1271, .T. ) ;
#4481 = AXIS2_PLACEMENT_3D ( 'NONE', #4260, #7340, #1632 ) ;
#4482 = EDGE_CURVE ( 'NONE', #1410, #7092, #7973, .T. ) ;
#4483 = VECTOR ( 'NONE', #763, 1000.000000000000341 ) ;
#4484 = DIRECTION ( 'NONE',  ( 7.562288025517751918E-15, -0.04961056097448530988, 0.9987686379937030789 ) ) ;
#4485 = CARTESIAN_POINT ( 'NONE',  ( 250.0204893620000064, 232.3765252290000092, 295.9831140520000190 ) ) ;
#4486 = CARTESIAN_POINT ( 'NONE',  ( 125.3794643810000053, 204.3225021419999905, 24.25626180889999972 ) ) ;
#4487 = DIRECTION ( 'NONE',  ( 1.136868377219662335E-13, -0.9987686379937030789, -0.04961056097448530988 ) ) ;
#4488 = ORIENTED_EDGE ( 'NONE', *, *, #2959, .T. ) ;
#4489 = FACE_BOUND ( 'NONE', #2036, .T. ) ;
#4490 = VECTOR ( 'NONE', #152, 1000.000000000000000 ) ;
#4491 = VERTEX_POINT ( 'NONE', #5476 ) ;
#4492 = EDGE_CURVE ( 'NONE', #6272, #493, #7426, .T. ) ;
#4493 = AXIS2_PLACEMENT_3D ( 'NONE', #8079, #1009, #7964 ) ;
#4494 = EDGE_CURVE ( 'NONE', #4931, #5669, #6970, .T. ) ;
#4495 = DIRECTION ( 'NONE',  ( 1.136675133409662280E-13, -0.9987686379937031900, -0.04961056097448531682 ) ) ;
#4496 = CIRCLE ( 'NONE', #2645, 2.500000046250006047 ) ;
#4497 = CARTESIAN_POINT ( 'NONE',  ( 117.6999724140000012, 248.9979843179999932, 21.82793843989999871 ) ) ;
#4498 = ORIENTED_EDGE ( 'NONE', *, *, #4272, .F. ) ;
#4499 = AXIS2_PLACEMENT_3D ( 'NONE', #138, #5881, #7133 ) ;
#4500 = CARTESIAN_POINT ( 'NONE',  ( 162.8794643810000196, 204.3224783029999969, 24.25674173600000216 ) ) ;
#4501 = CYLINDRICAL_SURFACE ( 'NONE', #3584, 2.500000046249988284 ) ;
#4502 = AXIS2_PLACEMENT_3D ( 'NONE', #2706, #4650, #2073 ) ;
#4503 = DIRECTION ( 'NONE',  ( 0.000000000000000000, -0.9987686379936980829, -0.04961056097458500097 ) ) ;
#4504 = AXIS2_PLACEMENT_3D ( 'NONE', #1277, #5815, #1356 ) ;
#4505 = VECTOR ( 'NONE', #606, 1000.000000000000114 ) ;
#4506 = CIRCLE ( 'NONE', #4113, 2.500000046250006047 ) ;
#4507 = DIRECTION ( 'NONE',  ( 1.000000000000000000, 0.000000000000000000, 0.000000000000000000 ) ) ;
#4508 = DIRECTION ( 'NONE',  ( 0.000000000000000000, -0.9987686379936980829, -0.04961056097458500097 ) ) ;
#4509 = VERTEX_POINT ( 'NONE', #3189 ) ;
#4510 = CARTESIAN_POINT ( 'NONE',  ( 280.0204893619999780, 233.8746304740000141, 296.0584904390000247 ) ) ;
#4511 = VERTEX_POINT ( 'NONE', #5711 ) ;
#4512 = PLANE ( 'NONE',  #2772 ) ;
#4513 = CIRCLE ( 'NONE', #1987, 2.500000046250006047 ) ;
#4514 = ORIENTED_EDGE ( 'NONE', *, *, #7188, .F. ) ;
#4515 = EDGE_LOOP ( 'NONE', ( #1493, #213 ) ) ;
#4516 = VERTEX_POINT ( 'NONE', #1679 ) ;
#4517 = CIRCLE ( 'NONE', #3055, 118.1603675009999819 ) ;
#4518 = VECTOR ( 'NONE', #5748, 1000.000000000000114 ) ;
#4519 = DIRECTION ( 'NONE',  ( 1.000000000000000000, 0.000000000000000000, 0.000000000000000000 ) ) ;
#4520 = LINE ( 'NONE', #2779, #1704 ) ;
#4521 = FACE_OUTER_BOUND ( 'NONE', #2554, .T. ) ;
#4522 = ORIENTED_EDGE ( 'NONE', *, *, #5549, .F. ) ;
#4523 = ORIENTED_EDGE ( 'NONE', *, *, #4026, .T. ) ;
#4524 = EDGE_LOOP ( 'NONE', ( #6077, #2861, #179, #5053 ) ) ;
#4525 = DIRECTION ( 'NONE',  ( -1.099714186670000022E-13, 0.000000000000000000, -1.000000000000000000 ) ) ;
#4526 = DIRECTION ( 'NONE',  ( -9.229561970587268881E-09, -0.04961056097448531682, 0.9987686379937031900 ) ) ;
#4527 = DIRECTION ( 'NONE',  ( 0.000000000000000000, 0.04961056097448530988, -0.9987686379937030789 ) ) ;
#4528 = EDGE_CURVE ( 'NONE', #7196, #5205, #4226, .T. ) ;
#4529 = CARTESIAN_POINT ( 'NONE',  ( 50.19997518130000458, 192.8418992889999970, 225.1428109239999742 ) ) ;
#4530 = CARTESIAN_POINT ( 'NONE',  ( 292.5204893619999780, 232.3765013729999964, 295.9835943240000233 ) ) ;
#4531 = ORIENTED_EDGE ( 'NONE', *, *, #1898, .F. ) ;
#4532 = DIRECTION ( 'NONE',  ( 1.000000000000000000, 0.000000000000000000, 0.000000000000000000 ) ) ;
#4533 = ORIENTED_EDGE ( 'NONE', *, *, #7381, .T. ) ;
#4534 = ADVANCED_FACE ( 'NONE', ( #6152 ), #437, .F. ) ;
#4535 = EDGE_CURVE ( 'NONE', #3508, #330, #4466, .T. ) ;
#4536 = CIRCLE ( 'NONE', #5061, 2.500000046249998942 ) ;
#4537 = DIRECTION ( 'NONE',  ( -1.140924984700616285E-13, 0.9987686379937031900, 0.04961056097448531682 ) ) ;
#4538 = EDGE_CURVE ( 'NONE', #445, #4853, #4374, .T. ) ;
#4539 = ORIENTED_EDGE ( 'NONE', *, *, #2266, .F. ) ;
#4540 = EDGE_LOOP ( 'NONE', ( #6760, #6856 ) ) ;
#4541 = CARTESIAN_POINT ( 'NONE',  ( 145.3794643810000196, 247.2695058730000142, 26.39047629199999889 ) ) ;
#4542 = DIRECTION ( 'NONE',  ( -1.136868377219662335E-13, 0.9987686379937030789, 0.04961056097448530988 ) ) ;
#4543 = DIRECTION ( 'NONE',  ( 1.136754526454196255E-13, -0.9987686379937031900, -0.04961056097448531682 ) ) ;
#4544 = EDGE_CURVE ( 'NONE', #1809, #5393, #175, .T. ) ;
#4545 = FACE_BOUND ( 'NONE', #6204, .T. ) ;
#4546 = LINE ( 'NONE', #7125, #4518 ) ;
#4547 = DIRECTION ( 'NONE',  ( 0.9762097135553938765, -0.01075698314810524629, 0.2165614981330873656 ) ) ;
#4548 = CYLINDRICAL_SURFACE ( 'NONE', #1207, 9.999999999999996447 ) ;
#4549 = ORIENTED_EDGE ( 'NONE', *, *, #6738, .F. ) ;
#4550 = DIRECTION ( 'NONE',  ( -1.136675133409662280E-13, 0.9987686379937031900, 0.04961056097448531682 ) ) ;
#4551 = ORIENTED_EDGE ( 'NONE', *, *, #814, .T. ) ;
#4552 = VECTOR ( 'NONE', #2653, 1000.000000000000114 ) ;
#4553 = DIRECTION ( 'NONE',  ( 1.000000000000000000, 0.000000000000000000, 0.000000000000000000 ) ) ;
#4554 = CARTESIAN_POINT ( 'NONE',  ( 58.90552650779999766, 193.5153533399999901, 241.8202118330000019 ) ) ;
#4555 = VERTEX_POINT ( 'NONE', #5201 ) ;
#4556 = VERTEX_POINT ( 'NONE', #7012 ) ;
#4557 = CARTESIAN_POINT ( 'NONE',  ( 247.5204893620000348, 235.3728072870000005, 296.1324260069999923 ) ) ;
#4558 = LINE ( 'NONE', #7797, #4627 ) ;
#4559 = CARTESIAN_POINT ( 'NONE',  ( 135.3794643810000196, 205.8206551039999965, 24.33067755820000144 ) ) ;
#4560 = EDGE_LOOP ( 'NONE', ( #649, #2611, #6895, #2514 ) ) ;
#4561 = VERTEX_POINT ( 'NONE', #4017 ) ;
#4562 = AXIS2_PLACEMENT_3D ( 'NONE', #887, #183, #2100 ) ;
#4563 = CARTESIAN_POINT ( 'NONE',  ( 365.4643685299999447, 244.4226117200000203, 113.9400431749999996 ) ) ;
#4564 = DIRECTION ( 'NONE',  ( 1.000000000000000000, 1.110223004086031457E-13, 5.551115020430157443E-15 ) ) ;
#4565 = DIRECTION ( 'NONE',  ( 1.481718509849552606E-15, 0.9987686379936984160, 0.04961056097458502179 ) ) ;
#4566 = CARTESIAN_POINT ( 'NONE',  ( 366.5821753120000039, 237.2176724419999800, 198.5202772389999950 ) ) ;
#4567 = LINE ( 'NONE', #3294, #5305 ) ;
#4568 = CIRCLE ( 'NONE', #1376, 2.500000046249998942 ) ;
#4569 = ORIENTED_EDGE ( 'NONE', *, *, #6845, .T. ) ;
#4570 = ORIENTED_EDGE ( 'NONE', *, *, #311, .T. ) ;
#4571 = FACE_BOUND ( 'NONE', #7367, .T. ) ;
#4572 = VECTOR ( 'NONE', #7342, 1000.000000000000000 ) ;
#4573 = LINE ( 'NONE', #7614, #7001 ) ;
#4574 = DIRECTION ( 'NONE',  ( 1.000000000000000000, 0.000000000000000000, 0.000000000000000000 ) ) ;
#4575 = LINE ( 'NONE', #2125, #5975 ) ;
#4576 = CALENDAR_DATE ( 2026, 12, 7 ) ;
#4577 = VERTEX_POINT ( 'NONE', #5285 ) ;
#4578 = CARTESIAN_POINT ( 'NONE',  ( 356.4944299600000477, 195.0138536650000276, 241.8951263859999870 ) ) ;
#4580 = EDGE_CURVE ( 'NONE', #6737, #2570, #1972, .T. ) ;
#4579 = AXIS2_PLACEMENT_3D ( 'NONE', #1623, #3555, #6137 ) ;
#4581 = CIRCLE ( 'NONE', #1934, 118.1603675010000103 ) ;
#4582 = ADVANCED_FACE ( 'NONE', ( #1416 ), #7746, .F. ) ;
#4583 = CARTESIAN_POINT ( 'NONE',  ( 173.0589590300000111, 232.1474856259999910, 300.5866880989999572 ) ) ;
#4584 = ADVANCED_FACE ( 'NONE', ( #6434 ), #673, .F. ) ;
#4585 = EDGE_CURVE ( 'NONE', #5616, #5236, #2264, .T. ) ;
#4586 = FACE_OUTER_BOUND ( 'NONE', #2396, .T. ) ;
#4587 = ORIENTED_EDGE ( 'NONE', *, *, #5142, .T. ) ;
#4588 = PLANE ( 'NONE',  #8204 ) ;
#4589 = ORGANIZATION ( 'UNSPECIFIED', 'UNSPECIFIED', '' ) ;
#4590 = DIRECTION ( 'NONE',  ( 0.000000000000000000, 0.04961056097448530988, -0.9987686379937030789 ) ) ;
#4591 = CARTESIAN_POINT ( 'NONE',  ( 362.6999804669999889, 201.4156416659999991, 113.0130813760000024 ) ) ;
#4592 = EDGE_LOOP ( 'NONE', ( #5728, #1284 ) ) ;
#4593 = ORIENTED_EDGE ( 'NONE', *, *, #5043, .T. ) ;
#4594 = CIRCLE ( 'NONE', #3937, 2.500000046249998942 ) ;
#4595 = EDGE_CURVE ( 'NONE', #1151, #8052, #5243, .T. ) ;
#4596 = CARTESIAN_POINT ( 'NONE',  ( 155.3794671060000212, 189.4291264279999893, 293.8493612179999559 ) ) ;
#4597 = PLANE ( 'NONE',  #504 ) ;
#4598 = CARTESIAN_POINT ( 'NONE',  ( 137.8794643810000196, 247.2695297260000018, 26.38999608829999843 ) ) ;
#4599 = EDGE_LOOP ( 'NONE', ( #1099, #7860, #2453, #3497 ) ) ;
#4600 = ORIENTED_EDGE ( 'NONE', *, *, #1737, .T. ) ;
#4601 = FACE_OUTER_BOUND ( 'NONE', #2806, .T. ) ;
#4602 = LINE ( 'NONE', #193, #6600 ) ;
#4603 = DIRECTION ( 'NONE',  ( 1.481718509849552606E-15, 0.9987686379936984160, 0.04961056097458502179 ) ) ;
#4604 = DIRECTION ( 'NONE',  ( 1.000000000000000000, 1.137978600240784444E-13, 5.551115123125777969E-15 ) ) ;
#4605 = CARTESIAN_POINT ( 'NONE',  ( 365.1999806519999652, 243.8567275049999807, 95.09702719199999876 ) ) ;
#4606 = EDGE_LOOP ( 'NONE', ( #929, #4022 ) ) ;
#4607 = ORIENTED_EDGE ( 'NONE', *, *, #7143, .F. ) ;
#4608 = LINE ( 'NONE', #2707, #447 ) ;
#4609 = CYLINDRICAL_SURFACE ( 'NONE', #8212, 2.500000046249985619 ) ;
#4610 = DIRECTION ( 'NONE',  ( 1.000000000000000000, 0.000000000000000000, 2.299762310965280282E-12 ) ) ;
#4611 = ORIENTED_EDGE ( 'NONE', *, *, #157, .T. ) ;
#4612 = LINE ( 'NONE', #829, #2785 ) ;
#4613 = AXIS2_PLACEMENT_3D ( 'NONE', #3729, #2442, #1805 ) ;
#4614 = CIRCLE ( 'NONE', #7409, 2.500000046250006047 ) ;
#4615 = VERTEX_POINT ( 'NONE', #3355 ) ;
#4616 = FACE_OUTER_BOUND ( 'NONE', #4662, .T. ) ;
#4617 = CARTESIAN_POINT ( 'NONE',  ( 365.4643693380000400, 239.7178727460000118, 208.6567953020000061 ) ) ;
#4618 = AXIS2_PLACEMENT_3D ( 'NONE', #1360, #6450, #4604 ) ;
#4619 = DIRECTION ( 'NONE',  ( 0.9999999815015169213, -9.542390534402928566E-06, 0.0001921091057997267946 ) ) ;
#4620 = CIRCLE ( 'NONE', #1031, 2.500000046249998942 ) ;
#4621 = CARTESIAN_POINT ( 'NONE',  ( 367.6999812870000142, 236.2854037000000176, 217.2888773779999951 ) ) ;
#4622 = ORIENTED_EDGE ( 'NONE', *, *, #3749, .F. ) ;
#4623 = PLANE ( 'NONE',  #3977 ) ;
#4624 = EDGE_CURVE ( 'NONE', #3907, #450, #3270, .T. ) ;
#4625 = ADVANCED_FACE ( 'NONE', ( #1379 ), #6514, .F. ) ;
#4626 = DIRECTION ( 'NONE',  ( 1.000000000000000000, 1.110223004086028302E-13, 5.551115020430141666E-15 ) ) ;
#4627 = VECTOR ( 'NONE', #2737, 1000.000000000000114 ) ;
#4628 = DIRECTION ( 'NONE',  ( 1.000000000000000000, 1.137978600240784444E-13, 5.551115123125777969E-15 ) ) ;
#4629 = AXIS2_PLACEMENT_3D ( 'NONE', #4081, #5452, #6668 ) ;
#4630 = EDGE_CURVE ( 'NONE', #2807, #7099, #5791, .T. ) ;
#4631 = EDGE_LOOP ( 'NONE', ( #4153, #7132 ) ) ;
#4632 = CARTESIAN_POINT ( 'NONE',  ( 365.4643693380000400, 196.7708213120000096, 206.5235411800000236 ) ) ;
#4633 = VECTOR ( 'NONE', #1869, 1000.000000000000114 ) ;
#4634 = AXIS2_PLACEMENT_3D ( 'NONE', #2500, #1146, #2373 ) ;
#4635 = VECTOR ( 'NONE', #2485, 1000.000000000000341 ) ;
#4636 = ADVANCED_FACE ( 'NONE', ( #7172 ), #5752, .F. ) ;
#4637 = CARTESIAN_POINT ( 'NONE',  ( 127.8794643810000053, 245.7713767640000242, 26.31558033909999850 ) ) ;
#4638 = ADVANCED_FACE ( 'NONE', ( #2642 ), #5167, .F. ) ;
#4639 = CARTESIAN_POINT ( 'NONE',  ( 122.8794671060000070, 192.4254084860000091, 293.9986731729999860 ) ) ;
#4640 = EDGE_LOOP ( 'NONE', ( #4056, #5810, #5903, #4882 ) ) ;
#4641 = AXIS2_PLACEMENT_3D ( 'NONE', #6296, #8148, #7531 ) ;
#4642 = VERTEX_POINT ( 'NONE', #3397 ) ;
#4643 = DIRECTION ( 'NONE',  ( -1.140905882208934397E-13, 0.9987686379937031900, 0.04961056097448531682 ) ) ;
#4644 = AXIS2_PLACEMENT_3D ( 'NONE', #998, #6138, #4167 ) ;
#4645 = AXIS2_PLACEMENT_3D ( 'NONE', #2296, #4127, #2882 ) ;
#4646 = LINE ( 'NONE', #4566, #4490 ) ;
#4647 = CARTESIAN_POINT ( 'NONE',  ( 257.5204893619999780, 190.9276028960000247, 293.9247560440000484 ) ) ;
#4648 = ORIENTED_EDGE ( 'NONE', *, *, #7942, .F. ) ;
#4649 = ORIENTED_EDGE ( 'NONE', *, *, #6526, .F. ) ;
#4650 = DIRECTION ( 'NONE',  ( -1.140782803582870283E-13, 0.9987686379937031900, 0.04961056097448531682 ) ) ;
#4651 = DIRECTION ( 'NONE',  ( 1.136868377219662335E-13, -0.9987686379937030789, -0.04961056097448530988 ) ) ;
#4652 = DIRECTION ( 'NONE',  ( 1.000000000000000000, 0.000000000000000000, 0.000000000000000000 ) ) ;
#4653 = LINE ( 'NONE', #6038, #6198 ) ;
#4654 = ORIENTED_EDGE ( 'NONE', *, *, #3695, .F. ) ;
#4655 = DIRECTION ( 'NONE',  ( -0.9999999999999997780, 4.577699330710056423E-10, -9.218204671812547723E-09 ) ) ;
#4656 = ORIENTED_EDGE ( 'NONE', *, *, #7588, .F. ) ;
#4657 = DIRECTION ( 'NONE',  ( 1.478176250624248093E-15, 0.9987686379936981940, 0.04961056097458500791 ) ) ;
#4658 = DIRECTION ( 'NONE',  ( 1.140768893269510162E-13, -0.9987686379937031900, -0.04961056097448531682 ) ) ;
#4659 = DIRECTION ( 'NONE',  ( 1.000000000000000000, 0.000000000000000000, 0.000000000000000000 ) ) ;
#4660 = AXIS2_PLACEMENT_3D ( 'NONE', #5083, #587, #6262 ) ;
#4661 = DIRECTION ( 'NONE',  ( 1.068852965245434166E-13, -0.9987686379937031900, -0.04961056097448681562 ) ) ;
#4662 = EDGE_LOOP ( 'NONE', ( #4864, #5130, #5563, #6091 ) ) ;
#4663 = DIRECTION ( 'NONE',  ( 0.9999999815032921680, 9.541932878276174361E-06, -0.0001920998876014703147 ) ) ;
#4664 = ORIENTED_EDGE ( 'NONE', *, *, #7473, .F. ) ;
#4665 = DIRECTION ( 'NONE',  ( 2.120970066243901175E-14, 0.9987686379936984160, 0.04961056097458062253 ) ) ;
#4666 = ORIENTED_EDGE ( 'NONE', *, *, #7632, .F. ) ;
#4667 = CARTESIAN_POINT ( 'NONE',  ( 117.6999751809999992, 192.6650641700000222, 228.7028870089999941 ) ) ;
#4668 = EDGE_LOOP ( 'NONE', ( #4146, #1007, #6486, #1701, #4747, #435, #1875, #2047, #7475, #5547, #5847, #2333 ) ) ;
#4669 = VERTEX_POINT ( 'NONE', #2012 ) ;
#4670 = DIRECTION ( 'NONE',  ( 1.000000000000000000, 0.000000000000000000, 0.000000000000000000 ) ) ;
#4671 = EDGE_CURVE ( 'NONE', #518, #7078, #1184, .T. ) ;
#4672 = EDGE_CURVE ( 'NONE', #1273, #5070, #7053, .T. ) ;
#4673 = DIRECTION ( 'NONE',  ( 1.481718509849552606E-15, 0.9987686379936984160, 0.04961056097458502179 ) ) ;
#4674 = EDGE_LOOP ( 'NONE', ( #2030, #879 ) ) ;
#4675 = ORIENTED_EDGE ( 'NONE', *, *, #367, .F. ) ;
#4676 = EDGE_LOOP ( 'NONE', ( #7651, #1229 ) ) ;
#4677 = ADVANCED_FACE ( 'NONE', ( #4586 ), #7131, .F. ) ;
#4678 = DIRECTION ( 'NONE',  ( 1.140924983539660419E-13, -0.9987686379937031900, -0.04961056097448531682 ) ) ;
#4679 = EDGE_CURVE ( 'NONE', #5631, #793, #4827, .T. ) ;
#4680 = LINE ( 'NONE', #6535, #7126 ) ;
#4681 = EDGE_CURVE ( 'NONE', #5761, #5995, #3995, .T. ) ;
#4682 = DIRECTION ( 'NONE',  ( 1.000000000000000000, 1.110223004086031457E-13, 5.551115020430157443E-15 ) ) ;
#4683 = FACE_OUTER_BOUND ( 'NONE', #1349, .T. ) ;
#4684 = VERTEX_POINT ( 'NONE', #6639 ) ;
#4685 = VERTEX_POINT ( 'NONE', #7215 ) ;
#4686 = DIRECTION ( 'NONE',  ( 0.9999999815015169213, -9.542390534402928566E-06, 0.0001921091057997267946 ) ) ;
#4687 = LINE ( 'NONE', #1456, #7639 ) ;
#4688 = VERTEX_POINT ( 'NONE', #5330 ) ;
#4689 = ORIENTED_EDGE ( 'NONE', *, *, #755, .F. ) ;
#4690 = CARTESIAN_POINT ( 'NONE',  ( 47.69997335769999580, 197.9831542240000033, 121.6456440420000007 ) ) ;
#4691 = FACE_BOUND ( 'NONE', #4631, .T. ) ;
#4692 = CIRCLE ( 'NONE', #4300, 2.500000046249998942 ) ;
#4693 = CARTESIAN_POINT ( 'NONE',  ( 247.5204893620000348, 232.3765013729999964, 295.9835943240000233 ) ) ;
#4694 = EDGE_LOOP ( 'NONE', ( #4814, #7201, #2535, #3572 ) ) ;
#4695 = DIRECTION ( 'NONE',  ( -1.140924983549660398E-13, 0.9987686379937031900, 0.04961056097448531682 ) ) ;
#4696 = FACE_OUTER_BOUND ( 'NONE', #7971, .T. ) ;
#4697 = DIRECTION ( 'NONE',  ( 0.9762097135553938765, -0.01075698314810524629, 0.2165614981330873656 ) ) ;
#4698 = FACE_OUTER_BOUND ( 'NONE', #7043, .T. ) ;
#4699 = AXIS2_PLACEMENT_3D ( 'NONE', #7708, #3803, #4547 ) ;
#4700 = LINE ( 'NONE', #5241, #4043 ) ;
#4701 = VERTEX_POINT ( 'NONE', #4206 ) ;
#4702 = DIRECTION ( 'NONE',  ( 1.000000000000000000, 1.137978600240784444E-13, 5.551115123125777969E-15 ) ) ;
#4703 = EDGE_LOOP ( 'NONE', ( #4348, #4021, #7726, #2829 ) ) ;
#4704 = LINE ( 'NONE', #838, #768 ) ;
#4705 = CIRCLE ( 'NONE', #3914, 2.500000046250006047 ) ;
#4706 = ORIENTED_EDGE ( 'NONE', *, *, #5595, .T. ) ;
#4707 = FACE_OUTER_BOUND ( 'NONE', #6453, .T. ) ;
#4708 = ORIENTED_EDGE ( 'NONE', *, *, #2609, .F. ) ;
#4709 = CARTESIAN_POINT ( 'NONE',  ( 52.69997518129999747, 238.7852327809999622, 227.4253770010000153 ) ) ;
#4710 = AXIS2_PLACEMENT_3D ( 'NONE', #2520, #3919, #5833 ) ;
#4711 = VECTOR ( 'NONE', #5105, 1000.000000000000114 ) ;
#4712 = CARTESIAN_POINT ( 'NONE',  ( 137.8794671060000212, 233.8743069620000199, 296.0575114540000072 ) ) ;
#4713 = VECTOR ( 'NONE', #5194, 1000.000000000000114 ) ;
#4714 = ORIENTED_EDGE ( 'NONE', *, *, #6263, .T. ) ;
#4715 = CARTESIAN_POINT ( 'NONE',  ( 252.5204893620000064, 190.9276028960000247, 293.9247560440000484 ) ) ;
#4716 = PRODUCT_DEFINITION_FORMATION_WITH_SPECIFIED_SOURCE ( 'ANY', '', #1224, .NOT_KNOWN. ) ;
#4717 = ORIENTED_EDGE ( 'NONE', *, *, #910, .F. ) ;
#4718 = AXIS2_PLACEMENT_3D ( 'NONE', #3025, #357, #7926 ) ;
#4719 = VERTEX_POINT ( 'NONE', #7951 ) ;
#4720 = ORIENTED_EDGE ( 'NONE', *, *, #964, .T. ) ;
#4721 = CC_DESIGN_DATE_AND_TIME_ASSIGNMENT ( #5656, #6425, ( #46 ) ) ;
#4722 = DIRECTION ( 'NONE',  ( 0.9999999815015169213, -9.542390534402928566E-06, 0.0001921091057997267946 ) ) ;
#4723 = CARTESIAN_POINT ( 'NONE',  ( 306.2760330699999827, 235.6513070649999975, 290.5256189259999928 ) ) ;
#4724 = DIRECTION ( 'NONE',  ( -1.136868377219662335E-13, 0.9987686379937030789, 0.04961056097448530988 ) ) ;
#4725 = CARTESIAN_POINT ( 'NONE',  ( 257.5204893619999780, 248.7676772290000144, 26.46441147410000028 ) ) ;
#4726 = EDGE_CURVE ( 'NONE', #4509, #4326, #2935, .T. ) ;
#4727 = EDGE_CURVE ( 'NONE', #8043, #895, #6126, .T. ) ;
#4728 = CIRCLE ( 'NONE', #2208, 2.500000046250006047 ) ;
#4729 = VECTOR ( 'NONE', #578, 1000.000000000000114 ) ;
#4730 = VERTEX_POINT ( 'NONE', #7872 ) ;
#4731 = VERTEX_POINT ( 'NONE', #6010 ) ;
#4732 = ADVANCED_FACE ( 'NONE', ( #956 ), #922, .F. ) ;
#4733 = CARTESIAN_POINT ( 'NONE',  ( 117.6999751809999992, 232.1281012009999927, 300.9769388020000633 ) ) ;
#4734 = CARTESIAN_POINT ( 'NONE',  ( 165.3794671060000212, 189.4290787160000207, 293.8503217630000108 ) ) ;
#4735 = DIRECTION ( 'NONE',  ( 0.9999999815032921680, 9.541932878276174361E-06, -0.0001920998876014703147 ) ) ;
#4736 = ORIENTED_EDGE ( 'NONE', *, *, #3374, .F. ) ;
#4737 = DIRECTION ( 'NONE',  ( 1.493058009093160224E-15, 0.9987686379936981940, 0.04961056097458500791 ) ) ;
#4738 = EDGE_CURVE ( 'NONE', #5354, #8121, #3438, .T. ) ;
#4739 = CARTESIAN_POINT ( 'NONE',  ( 362.6999812869999573, 196.8307876460000045, 205.3162882860000025 ) ) ;
#4740 = DATE_AND_TIME ( #6584, #2739 ) ;
#4741 = CIRCLE ( 'NONE', #7927, 2.500000046250006047 ) ;
#4742 = ORIENTED_EDGE ( 'NONE', *, *, #2612, .T. ) ;
#4743 = CYLINDRICAL_SURFACE ( 'NONE', #4645, 2.500000046249998942 ) ;
#4744 = EDGE_CURVE ( 'NONE', #3082, #2428, #1509, .T. ) ;
#4745 = CARTESIAN_POINT ( 'NONE',  ( 290.0204893619999780, 205.8206496359999846, 24.33067737900000083 ) ) ;
#4746 = AXIS2_PLACEMENT_3D ( 'NONE', #2369, #6827, #6035 ) ;
#4747 = ORIENTED_EDGE ( 'NONE', *, *, #4494, .F. ) ;
#4748 = DIRECTION ( 'NONE',  ( 0.9606977151331815845, 0.01377172553540259754, -0.2772548281160523986 ) ) ;
#4749 = AXIS2_PLACEMENT_3D ( 'NONE', #7636, #2542, #5010 ) ;
#4750 = ORIENTED_EDGE ( 'NONE', *, *, #4332, .F. ) ;
#4751 = DIRECTION ( 'NONE',  ( -9.229466990117259065E-09, 0.04961056097448530988, -0.9987686379937030789 ) ) ;
#4752 = FACE_OUTER_BOUND ( 'NONE', #1092, .T. ) ;
#4753 = CARTESIAN_POINT ( 'NONE',  ( 47.69997301090000263, 201.3458446649999871, 84.18285960550001334 ) ) ;
#4754 = ORIENTED_EDGE ( 'NONE', *, *, #1832, .T. ) ;
#4755 = VECTOR ( 'NONE', #7809, 1000.000000000000114 ) ;
#4756 = ORIENTED_EDGE ( 'NONE', *, *, #5234, .T. ) ;
#4757 = AXIS2_PLACEMENT_3D ( 'NONE', #3611, #6146, #7919 ) ;
#4758 = CARTESIAN_POINT ( 'NONE',  ( 270.0204893619999780, 189.1813971340000080, 298.8441833919999908 ) ) ;
#4759 = AXIS2_PLACEMENT_3D ( 'NONE', #8182, #2508, #616 ) ;
#4760 = CYLINDRICAL_SURFACE ( 'NONE', #4493, 2.500000046249988284 ) ;
#4761 = AXIS2_PLACEMENT_3D ( 'NONE', #6237, #3069, #1062 ) ;
#4762 = AXIS2_PLACEMENT_3D ( 'NONE', #7898, #6663, #945 ) ;
#4763 = CIRCLE ( 'NONE', #1166, 10.00000000000000178 ) ;
#4764 = FACE_OUTER_BOUND ( 'NONE', #1302, .T. ) ;
#4765 = ORIENTED_EDGE ( 'NONE', *, *, #938, .F. ) ;
#4766 = DIRECTION ( 'NONE',  ( 1.478176250624248093E-15, 0.9987686379936981940, 0.04961056097458500791 ) ) ;
#4767 = EDGE_LOOP ( 'NONE', ( #7438, #4549, #5818, #6595 ) ) ;
#4768 = ORIENTED_EDGE ( 'NONE', *, *, #212, .F. ) ;
#4769 = CIRCLE ( 'NONE', #1171, 2.500000046250006047 ) ;
#4770 = VERTEX_POINT ( 'NONE', #3481 ) ;
#4771 = CIRCLE ( 'NONE', #4895, 2.500000046250006047 ) ;
#4772 = FACE_OUTER_BOUND ( 'NONE', #1270, .T. ) ;
#4773 = ORIENTED_EDGE ( 'NONE', *, *, #6472, .F. ) ;
#4774 = CYLINDRICAL_SURFACE ( 'NONE', #244, 60.22727286730001595 ) ;
#4775 = AXIS2_PLACEMENT_3D ( 'NONE', #5381, #6025, #3614 ) ;
#4776 = EDGE_LOOP ( 'NONE', ( #8195, #3480, #857, #4325 ) ) ;
#4777 = ORIENTED_EDGE ( 'NONE', *, *, #3319, .F. ) ;
#4778 = AXIS2_PLACEMENT_3D ( 'NONE', #6841, #6959, #5610 ) ;
#4779 = EDGE_CURVE ( 'NONE', #1462, #4034, #7995, .T. ) ;
#4780 = VECTOR ( 'NONE', #7113, 1000.000000000000341 ) ;
#4781 = DIRECTION ( 'NONE',  ( -0.9999999999999997780, 4.577699330710056423E-10, -9.218197039029253425E-09 ) ) ;
#4782 = DIRECTION ( 'NONE',  ( -1.136868377219662335E-13, 0.9987686379937030789, 0.04961056097448530988 ) ) ;
#4783 = EDGE_CURVE ( 'NONE', #4009, #5937, #6918, .T. ) ;
#4784 = DIRECTION ( 'NONE',  ( 1.140924983539660419E-13, -0.9987686379937031900, -0.04961056097448531682 ) ) ;
#4785 = ADVANCED_FACE ( 'NONE', ( #6762 ), #6596, .T. ) ;
#4786 = ORIENTED_EDGE ( 'NONE', *, *, #1115, .T. ) ;
#4787 = DIRECTION ( 'NONE',  ( -1.000000000000000000, 4.577697982270000859E-10, -9.218202680210000291E-09 ) ) ;
#4788 = ORIENTED_EDGE ( 'NONE', *, *, #199, .T. ) ;
#4789 = CARTESIAN_POINT ( 'NONE',  ( 365.4643684380000082, 197.9831487619999848, 121.6456437500000050 ) ) ;
#4790 = EDGE_CURVE ( 'NONE', #491, #4701, #1600, .T. ) ;
#4791 = ORIENTED_EDGE ( 'NONE', *, *, #8130, .F. ) ;
#4792 = CARTESIAN_POINT ( 'NONE',  ( 250.0204893620000064, 189.4294737950000069, 293.8498599300000365 ) ) ;
#4793 = ORIENTED_EDGE ( 'NONE', *, *, #3066, .F. ) ;
#4794 = EDGE_CURVE ( 'NONE', #5599, #2427, #420, .T. ) ;
#4795 = DIRECTION ( 'NONE',  ( 1.000000000000000000, 1.110223004086028302E-13, 0.000000000000000000 ) ) ;
#4796 = CARTESIAN_POINT ( 'NONE',  ( 366.2565265220000015, 245.7910435929999835, 86.39052928419998523 ) ) ;
#4797 = DIRECTION ( 'NONE',  ( -0.9999999815032921680, -9.541932867173944115E-06, 0.0001920998875348569333 ) ) ;
#4798 = DIRECTION ( 'NONE',  ( -1.140924983549660398E-13, 0.9987686379937031900, 0.04961056097448531682 ) ) ;
#4799 = DIRECTION ( 'NONE',  ( 2.422239006785333941E-14, 0.9987686379936985270, 0.04961056097457848535 ) ) ;
#4800 = ORIENTED_EDGE ( 'NONE', *, *, #451, .F. ) ;
#4801 = CARTESIAN_POINT ( 'NONE',  ( 242.3409974379999881, 195.5395048610000117, 170.8416276989999858 ) ) ;
#4802 = DIRECTION ( 'NONE',  ( 0.9999999815032921680, 9.541932878276174361E-06, -0.0001920998875792658542 ) ) ;
#4803 = EDGE_CURVE ( 'NONE', #285, #4931, #297, .T. ) ;
#4804 = CARTESIAN_POINT ( 'NONE',  ( 367.6999807329999612, 199.8476862450000056, 84.10844349269999043 ) ) ;
#4805 = CARTESIAN_POINT ( 'NONE',  ( 367.6999812870000142, 194.2706210080000062, 196.3870231170000125 ) ) ;
#4806 = EDGE_LOOP ( 'NONE', ( #3448, #7729 ) ) ;
#4807 = CARTESIAN_POINT ( 'NONE',  ( 55.19997518130000458, 194.8361578559999998, 215.2295403850000071 ) ) ;
#4808 = VERTEX_POINT ( 'NONE', #3516 ) ;
#4809 = ORIENTED_EDGE ( 'NONE', *, *, #6876, .T. ) ;
#4810 = DIRECTION ( 'NONE',  ( -1.140924983549663175E-13, 0.9987686379937031900, 0.04961056097448531682 ) ) ;
#4811 = LINE ( 'NONE', #403, #7259 ) ;
#4812 = ORIENTED_EDGE ( 'NONE', *, *, #6796, .F. ) ;
#4813 = CARTESIAN_POINT ( 'NONE',  ( 55.19997518130000458, 193.3380048989999977, 215.1551245440000173 ) ) ;
#4814 = ORIENTED_EDGE ( 'NONE', *, *, #1160, .F. ) ;
#4815 = ORIENTED_EDGE ( 'NONE', *, *, #7728, .T. ) ;
#4816 = CARTESIAN_POINT ( 'NONE',  ( 52.69997327659999797, 199.9174464600000078, 112.9396263510000011 ) ) ;
#4817 = CARTESIAN_POINT ( 'NONE',  ( 155.3794643809999911, 204.3225021560000130, 24.25626153239999994 ) ) ;
#4818 = DIRECTION ( 'NONE',  ( 1.000000000000000000, 1.137978600240784444E-13, 5.551115123125777969E-15 ) ) ;
#4819 = ORIENTED_EDGE ( 'NONE', *, *, #7935, .T. ) ;
#4820 = DIRECTION ( 'NONE',  ( 1.000000000000000000, 1.110223004086028302E-13, 5.551115020430141666E-15 ) ) ;
#4821 = ORIENTED_EDGE ( 'NONE', *, *, #4383, .T. ) ;
#4822 = CYLINDRICAL_SURFACE ( 'NONE', #1464, 2.500000046249985619 ) ;
#4823 = CARTESIAN_POINT ( 'NONE',  ( 277.5204893619999780, 189.4294499389999942, 293.8503402019999839 ) ) ;
#4824 = CYLINDRICAL_SURFACE ( 'NONE', #4305, 2.500000046249985619 ) ;
#4825 = ADVANCED_FACE ( 'NONE', ( #2842 ), #5367, .F. ) ;
#4826 = AXIS2_PLACEMENT_3D ( 'NONE', #7782, #4661, #7253 ) ;
#4827 = LINE ( 'NONE', #5412, #6522 ) ;
#4828 = LINE ( 'NONE', #1628, #2531 ) ;
#4829 = CARTESIAN_POINT ( 'NONE',  ( 48.42170011630000204, 242.7947431420000157, 86.24169787930000552 ) ) ;
#4830 = DIRECTION ( 'NONE',  ( 1.136675133409662280E-13, -0.9987686379937031900, -0.04961056097448531682 ) ) ;
#4831 = FACE_OUTER_BOUND ( 'NONE', #401, .T. ) ;
#4832 = ADVANCED_FACE ( 'NONE', ( #7296 ), #1596, .F. ) ;
#4833 = CARTESIAN_POINT ( 'NONE',  ( 132.8794671060000212, 235.3724599189999935, 296.1319272950000254 ) ) ;
#4834 = ADVANCED_FACE ( 'NONE', ( #5033 ), #3795, .F. ) ;
#4835 = VECTOR ( 'NONE', #419, 1000.000000000000341 ) ;
#4836 = DIRECTION ( 'NONE',  ( 1.140924983539660419E-13, -0.9987686379937031900, -0.04961056097448531682 ) ) ;
#4837 = EDGE_CURVE ( 'NONE', #4684, #3331, #6255, .T. ) ;
#4838 = ADVANCED_FACE ( 'NONE', ( #617 ), #7408, .F. ) ;
#4839 = EDGE_LOOP ( 'NONE', ( #6167, #4159, #108, #7720 ) ) ;
#4840 = PLANE ( 'NONE',  #898 ) ;
#4841 = AXIS2_PLACEMENT_3D ( 'NONE', #6182, #5469, #4341 ) ;
#4842 = VERTEX_POINT ( 'NONE', #6338 ) ;
#4843 = DIRECTION ( 'NONE',  ( 0.000000000000000000, -0.9987692511623390557, -0.04959821501445880326 ) ) ;
#4844 = VERTEX_POINT ( 'NONE', #4986 ) ;
#4845 = ADVANCED_FACE ( 'NONE', ( #3172 ), #6171, .F. ) ;
#4846 = ORIENTED_EDGE ( 'NONE', *, *, #6135, .T. ) ;
#4847 = VECTOR ( 'NONE', #5323, 1000.000000000000000 ) ;
#4848 = DIRECTION ( 'NONE',  ( -1.140924983549660398E-13, 0.9987686379937031900, 0.04961056097448531682 ) ) ;
#4849 = LINE ( 'NONE', #2320, #4411 ) ;
#4850 = DIRECTION ( 'NONE',  ( 1.136868377219662335E-13, -0.9987686379937030789, -0.04961056097448530988 ) ) ;
#4851 = ADVANCED_FACE ( 'NONE', ( #2431 ), #8030, .F. ) ;
#4852 = CIRCLE ( 'NONE', #3410, 10.00000000000000888 ) ;
#4853 = VERTEX_POINT ( 'NONE', #541 ) ;
#4854 = CIRCLE ( 'NONE', #6739, 10.00000000000000178 ) ;
#4855 = ORIENTED_EDGE ( 'NONE', *, *, #2348, .T. ) ;
#4856 = PLANE ( 'NONE',  #1703 ) ;
#4857 = FACE_OUTER_BOUND ( 'NONE', #5485, .T. ) ;
#4858 = VERTEX_POINT ( 'NONE', #4290 ) ;
#4859 = CIRCLE ( 'NONE', #1272, 10.00000000000000888 ) ;
#4860 = PLANE ( 'NONE',  #7421 ) ;
#4861 = CARTESIAN_POINT ( 'NONE',  ( 252.5204893620000064, 245.7713713169999892, 26.31557974510000264 ) ) ;
#4862 = EDGE_LOOP ( 'NONE', ( #2443, #1408 ) ) ;
#4863 = VERTEX_POINT ( 'NONE', #3086 ) ;
#4864 = ORIENTED_EDGE ( 'NONE', *, *, #4482, .F. ) ;
#4865 = CARTESIAN_POINT ( 'NONE',  ( 362.6999812869999573, 194.3404234699999904, 225.2172452040000223 ) ) ;
#4866 = DIRECTION ( 'NONE',  ( 1.140780483390304074E-13, -0.9987686379937031900, -0.04961056097448531682 ) ) ;
#4867 = CARTESIAN_POINT ( 'NONE',  ( 47.69997518130000458, 195.7684265980000191, 196.4609402460000069 ) ) ;
#4868 = CARTESIAN_POINT ( 'NONE',  ( 49.14342722179999612, 245.7910490570000093, 86.39052955559999702 ) ) ;
#4869 = CYLINDRICAL_SURFACE ( 'NONE', #4481, 2.500000046250013597 ) ;
#4870 = ORIENTED_EDGE ( 'NONE', *, *, #4974, .F. ) ;
#4871 = LINE ( 'NONE', #8004, #1652 ) ;
#4872 = VECTOR ( 'NONE', #7007, 1000.000000000000114 ) ;
#4873 = CIRCLE ( 'NONE', #7281, 2.500000046249998942 ) ;
#4874 = EDGE_CURVE ( 'NONE', #215, #4154, #4517, .T. ) ;
#4875 = EDGE_CURVE ( 'NONE', #2380, #7106, #6921, .T. ) ;
#4876 = CARTESIAN_POINT ( 'NONE',  ( 297.6999812869999573, 190.6795500910000101, 298.9185992339999984 ) ) ;
#4877 = VECTOR ( 'NONE', #4905, 1000.000000000000341 ) ;
#4878 = ORIENTED_EDGE ( 'NONE', *, *, #1374, .F. ) ;
#4879 = EDGE_CURVE ( 'NONE', #303, #1937, #7705, .T. ) ;
#4880 = AXIS2_PLACEMENT_3D ( 'NONE', #6449, #5182, #3290 ) ;
#4881 = CYLINDRICAL_SURFACE ( 'NONE', #1716, 2.500000046249985619 ) ;
#4882 = ORIENTED_EDGE ( 'NONE', *, *, #9, .T. ) ;
#4883 = EDGE_LOOP ( 'NONE', ( #35, #4291, #6068, #2118 ) ) ;
#4884 = ORIENTED_EDGE ( 'NONE', *, *, #964, .F. ) ;
#4885 = VECTOR ( 'NONE', #6279, 1000.000000000000114 ) ;
#4886 = EDGE_CURVE ( 'NONE', #2991, #1230, #7967, .T. ) ;
#4887 = AXIS2_PLACEMENT_3D ( 'NONE', #620, #6843, #3840 ) ;
#4888 = DIRECTION ( 'NONE',  ( 1.136675133409662280E-13, -0.9987686379937031900, -0.04961056097448531682 ) ) ;
#4889 = DIRECTION ( 'NONE',  ( -1.136868377219662335E-13, 0.9987686379937030789, 0.04961056097448530988 ) ) ;
#4890 = EDGE_CURVE ( 'NONE', #8106, #935, #2665, .T. ) ;
#4891 = DIRECTION ( 'NONE',  ( 0.9999999815015169213, -9.542390534402928566E-06, 0.0001921091057997267946 ) ) ;
#4892 = CIRCLE ( 'NONE', #639, 10.00000000000000888 ) ;
#4893 = VECTOR ( 'NONE', #7152, 1000.000000000000000 ) ;
#4894 = ORIENTED_EDGE ( 'NONE', *, *, #362, .F. ) ;
#4895 = AXIS2_PLACEMENT_3D ( 'NONE', #247, #4010, #129 ) ;
#4896 = ORIENTED_EDGE ( 'NONE', *, *, #362, .T. ) ;
#4897 = CARTESIAN_POINT ( 'NONE',  ( 366.2565270759999976, 193.4081308719999868, 243.9863256160000162 ) ) ;
#4898 = CYLINDRICAL_SURFACE ( 'NONE', #243, 2.500000046249988284 ) ;
#4899 = DIRECTION ( 'NONE',  ( 0.9999999815032921680, -9.541932645129342578E-06, 0.0001920998876569814660 ) ) ;
#4900 = AXIS2_PLACEMENT_3D ( 'NONE', #3024, #4810, #8091 ) ;
#4901 = AXIS2_PLACEMENT_3D ( 'NONE', #7882, #6650, #934 ) ;
#4902 = CARTESIAN_POINT ( 'NONE',  ( 365.1999805599999718, 200.4135704610000062, 102.9514594500000015 ) ) ;
#4903 = EDGE_LOOP ( 'NONE', ( #7655, #6057, #5346, #5206 ) ) ;
#4904 = CIRCLE ( 'NONE', #6518, 2.500000046250006047 ) ;
#4905 = DIRECTION ( 'NONE',  ( 0.000000000000000000, -0.9987686379936980829, -0.04961056097458500097 ) ) ;
#4906 = CARTESIAN_POINT ( 'NONE',  ( 59.54256425559999855, 193.9118852910000044, 203.6016624149999927 ) ) ;
#4907 = ORIENTED_EDGE ( 'NONE', *, *, #4738, .T. ) ;
#4908 = VERTEX_POINT ( 'NONE', #1201 ) ;
#4909 = ORIENTED_EDGE ( 'NONE', *, *, #3739, .T. ) ;
#4910 = AXIS2_PLACEMENT_3D ( 'NONE', #2764, #7663, #50 ) ;
#4911 = DIRECTION ( 'NONE',  ( 1.136890452875532369E-13, -0.9987686379937031900, -0.04961056097448531682 ) ) ;
#4912 = DIRECTION ( 'NONE',  ( -1.000000000000000000, -1.144898399930000178E-13, 5.134073542270000478E-15 ) ) ;
#4913 = FACE_OUTER_BOUND ( 'NONE', #2206, .T. ) ;
#4914 = CIRCLE ( 'NONE', #5934, 2.500000046250006047 ) ;
#4915 = DIRECTION ( 'NONE',  ( -1.136868377219662335E-13, 0.9987686379937030789, 0.04961056097448530988 ) ) ;
#4916 = DIRECTION ( 'NONE',  ( -1.136675133409662280E-13, 0.9987686379937031900, 0.04961056097448531682 ) ) ;
#4917 = CARTESIAN_POINT ( 'NONE',  ( 355.8573913780000453, 242.7867415069999879, 116.6381756150000086 ) ) ;
#4918 = VERTEX_POINT ( 'NONE', #8147 ) ;
#4919 = CARTESIAN_POINT ( 'NONE',  ( 47.69997335769999580, 199.4813071810000054, 121.7200598830000047 ) ) ;
#4920 = FACE_OUTER_BOUND ( 'NONE', #6826, .T. ) ;
#4921 = VERTEX_POINT ( 'NONE', #3757 ) ;
#4922 = LINE ( 'NONE', #7593, #6782 ) ;
#4923 = ORIENTED_EDGE ( 'NONE', *, *, #5456, .F. ) ;
#4924 = ORIENTED_EDGE ( 'NONE', *, *, #4997, .F. ) ;
#4925 = EDGE_CURVE ( 'NONE', #6974, #4730, #1116, .T. ) ;
#4926 = DIRECTION ( 'NONE',  ( 0.000000000000000000, -0.9987686379936980829, -0.04961056097458500097 ) ) ;
#4927 = FACE_OUTER_BOUND ( 'NONE', #2107, .T. ) ;
#4928 = EDGE_CURVE ( 'NONE', #692, #6292, #2801, .T. ) ;
#4929 = ORIENTED_EDGE ( 'NONE', *, *, #3576, .F. ) ;
#4930 = ADVANCED_FACE ( 'NONE', ( #6294, #2473, #1748, #496, #3044, #1878, #580, #4412, #1790 ), #5576, .T. ) ;
#4931 = VERTEX_POINT ( 'NONE', #736 ) ;
#4932 = DIRECTION ( 'NONE',  ( -1.000000000000000000, -1.144898399930000178E-13, 5.134073542270000478E-15 ) ) ;
#4933 = ADVANCED_FACE ( 'NONE', ( #1959 ), #5155, .T. ) ;
#4934 = ADVANCED_FACE ( 'NONE', ( #163 ), #7084, .F. ) ;
#4935 = FACE_OUTER_BOUND ( 'NONE', #2018, .T. ) ;
#4936 = DIRECTION ( 'NONE',  ( -1.136868377219662335E-13, 0.9987686379937030789, 0.04961056097448530988 ) ) ;
#4937 = DIRECTION ( 'NONE',  ( 1.136675133409662280E-13, -0.9987686379937031900, -0.04961056097448531682 ) ) ;
#4938 = CARTESIAN_POINT ( 'NONE',  ( 297.6999813330000393, 247.5175770579999721, 21.39615281309999872 ) ) ;
#4939 = DIRECTION ( 'NONE',  ( 1.000000000000000000, 1.110223004086028302E-13, 5.551115020430141666E-15 ) ) ;
#4940 = ORIENTED_EDGE ( 'NONE', *, *, #3739, .F. ) ;
#4941 = EDGE_LOOP ( 'NONE', ( #4144, #6505, #5385, #6917 ) ) ;
#4942 = ORIENTED_EDGE ( 'NONE', *, *, #2564, .T. ) ;
#4943 = EDGE_CURVE ( 'NONE', #2415, #490, #5739, .T. ) ;
#4944 = ORIENTED_EDGE ( 'NONE', *, *, #2297, .F. ) ;
#4945 = DIRECTION ( 'NONE',  ( 7.177702305507872042E-15, -0.04961056097448531682, 0.9987686379937031900 ) ) ;
#4946 = DIRECTION ( 'NONE',  ( 0.9999999815015169213, -9.542390534402928566E-06, 0.0001921091057997267946 ) ) ;
#4947 = ORIENTED_EDGE ( 'NONE', *, *, #6369, .T. ) ;
#4948 = CARTESIAN_POINT ( 'NONE',  ( 49.14342722179999612, 199.8476917090000029, 84.10844375069999046 ) ) ;
#4949 = DIRECTION ( 'NONE',  ( 1.140924983539660419E-13, -0.9987686379937031900, -0.04961056097448531682 ) ) ;
#4950 = CARTESIAN_POINT ( 'NONE',  ( 117.6999751809999992, 232.1636035209999989, 300.2621997740000097 ) ) ;
#4951 = DIRECTION ( 'NONE',  ( 9.229562303537259252E-09, 0.04961056097448530988, -0.9987686379937030789 ) ) ;
#4952 = EDGE_LOOP ( 'NONE', ( #3569, #3884, #3444, #412 ) ) ;
#4953 = CARTESIAN_POINT ( 'NONE',  ( 132.8794643810000196, 202.8243253329999902, 24.18232617109999794 ) ) ;
#4954 = DIRECTION ( 'NONE',  ( -1.136868377219662335E-13, 0.9987686379937030789, 0.04961056097448530988 ) ) ;
#4955 = CIRCLE ( 'NONE', #6850, 2.500000046249998942 ) ;
#4956 = VERTEX_POINT ( 'NONE', #3915 ) ;
#4957 = FACE_BOUND ( 'NONE', #4606, .T. ) ;
#4958 = ORIENTED_EDGE ( 'NONE', *, *, #811, .F. ) ;
#4959 = EDGE_LOOP ( 'NONE', ( #6654, #7397 ) ) ;
#4960 = FACE_BOUND ( 'NONE', #2382, .T. ) ;
#4961 = VECTOR ( 'NONE', #427, 1000.000000000000114 ) ;
#4962 = CARTESIAN_POINT ( 'NONE',  ( 307.6999813259999996, 206.0331762560000186, 20.05205365279999796 ) ) ;
#4963 = FACE_OUTER_BOUND ( 'NONE', #2356, .T. ) ;
#4964 = CYLINDRICAL_SURFACE ( 'NONE', #2362, 10.00000000000000888 ) ;
#4965 = AXIS2_PLACEMENT_3D ( 'NONE', #1371, #3181, #3883 ) ;
#4966 = ORIENTED_EDGE ( 'NONE', *, *, #212, .T. ) ;
#4967 = EDGE_CURVE ( 'NONE', #5284, #7130, #787, .T. ) ;
#4968 = ORIENTED_EDGE ( 'NONE', *, *, #7835, .F. ) ;
#4969 = DIRECTION ( 'NONE',  ( 1.136675133409662280E-13, -0.9987686379937031900, -0.04961056097448531682 ) ) ;
#4970 = CARTESIAN_POINT ( 'NONE',  ( 122.8794643810000053, 248.7676826759999926, 26.46441206809999969 ) ) ;
#4971 = DIRECTION ( 'NONE',  ( -0.9999999999999826805, 1.860402662113389049E-07, 0.000000000000000000 ) ) ;
#4972 = EDGE_CURVE ( 'NONE', #895, #4191, #3345, .T. ) ;
#4973 = CARTESIAN_POINT ( 'NONE',  ( 50.19997327659999797, 198.4193173580000007, 112.8647302600000017 ) ) ;
#4974 = EDGE_CURVE ( 'NONE', #3084, #1622, #5074, .T. ) ;
#4975 = VECTOR ( 'NONE', #3472, 1000.000000000000341 ) ;
#4976 = ORIENTED_EDGE ( 'NONE', *, *, #454, .F. ) ;
#4977 = DIRECTION ( 'NONE',  ( -1.140924983549660398E-13, 0.9987686379937031900, 0.04961056097448531682 ) ) ;
#4978 = DIRECTION ( 'NONE',  ( 1.136675133409662280E-13, -0.9987686379937031900, -0.04961056097448531682 ) ) ;
#4979 = EDGE_LOOP ( 'NONE', ( #1952, #6028 ) ) ;
#4980 = CARTESIAN_POINT ( 'NONE',  ( 47.69997518130000458, 192.4057361569999784, 233.9237246829999890 ) ) ;
#4981 = ORIENTED_EDGE ( 'NONE', *, *, #8034, .F. ) ;
#4982 = EDGE_CURVE ( 'NONE', #5354, #1615, #4914, .T. ) ;
#4983 = EDGE_LOOP ( 'NONE', ( #2544, #2951, #3278, #8064, #5179, #1414, #7783, #860, #7668, #2002, #4126, #656 ) ) ;
#4984 = AXIS2_PLACEMENT_3D ( 'NONE', #7274, #115, #5262 ) ;
#4985 = CARTESIAN_POINT ( 'NONE',  ( 125.3794643810000053, 205.8206550989999926, 24.33067765039999841 ) ) ;
#4986 = CARTESIAN_POINT ( 'NONE',  ( 247.5204893620000348, 248.7676772330000006, 26.46441138189999975 ) ) ;
#4987 = EDGE_CURVE ( 'NONE', #3466, #537, #4573, .T. ) ;
#4988 = DIRECTION ( 'NONE',  ( 1.000000000000000000, 1.110223004086028302E-13, 1.110223004086028333E-14 ) ) ;
#4989 = CARTESIAN_POINT ( 'NONE',  ( 367.6999807329999612, 201.3458392020000076, 84.18285933420000333 ) ) ;
#4990 = DIRECTION ( 'NONE',  ( 1.136675132978170258E-13, -0.9987686379937031900, -0.04961056097448531682 ) ) ;
#4991 = EDGE_CURVE ( 'NONE', #713, #5148, #1404, .T. ) ;
#4992 = CYLINDRICAL_SURFACE ( 'NONE', #4216, 2.500000046249999386 ) ;
#4993 = CARTESIAN_POINT ( 'NONE',  ( 155.3794643809999911, 247.2695535899999868, 26.38951565429999846 ) ) ;
#4994 = ORIENTED_EDGE ( 'NONE', *, *, #4874, .F. ) ;
#4995 = DIRECTION ( 'NONE',  ( 1.000000000000000000, 1.110223004086028302E-13, 5.551115020430141666E-15 ) ) ;
#4996 = DIRECTION ( 'NONE',  ( 0.9999999999999998890, 4.579909472279999254E-10, -9.218101541460000746E-09 ) ) ;
#4997 = EDGE_CURVE ( 'NONE', #5963, #1597, #7654, .T. ) ;
#4998 = AXIS2_PLACEMENT_3D ( 'NONE', #328, #4077, #4652 ) ;
#4999 = DIRECTION ( 'NONE',  ( 1.000000000000000000, 1.137978600240785201E-13, 5.551115123125781913E-15 ) ) ;
#5000 = DIRECTION ( 'NONE',  ( 1.140924983539660419E-13, -0.9987686379937031900, -0.04961056097448531682 ) ) ;
#5001 = ORIENTED_EDGE ( 'NONE', *, *, #321, .T. ) ;
#5002 = LINE ( 'NONE', #1762, #4635 ) ;
#5003 = CLOSED_SHELL ( 'NONE', ( #2866, #4429, #8051, #7240, #5747, #5802, #5694, #6428, #4677, #5190, #6879, #7351, #4375, #6536, #2101, #3450, #7482, #613, #5807, #2298, #2401, #2672, #3932, #7278, #3232, #15, #4534, #5751, #7440, #577 ) ) ;
#5004 = EDGE_LOOP ( 'NONE', ( #6821, #6625, #5551, #801 ) ) ;
#5005 = CIRCLE ( 'NONE', #8190, 2.500000046250006047 ) ;
#5006 = EDGE_LOOP ( 'NONE', ( #7146, #5223, #4028, #5586 ) ) ;
#5007 = DIRECTION ( 'NONE',  ( -1.140905882208934397E-13, 0.9987686379937031900, 0.04961056097448531682 ) ) ;
#5008 = AXIS2_PLACEMENT_3D ( 'NONE', #4173, #2975, #3607 ) ;
#5009 = DIRECTION ( 'NONE',  ( -1.136868377219662335E-13, 0.9987686379937030789, 0.04961056097448530988 ) ) ;
#5010 = DIRECTION ( 'NONE',  ( 1.000000000000000000, 1.110223004086028302E-13, 0.000000000000000000 ) ) ;
#5011 = ORIENTED_EDGE ( 'NONE', *, *, #6335, .T. ) ;
#5012 = ORIENTED_EDGE ( 'NONE', *, *, #7520, .T. ) ;
#5013 = CIRCLE ( 'NONE', #1429, 10.00000000000000178 ) ;
#5014 = AXIS2_PLACEMENT_3D ( 'NONE', #5416, #1599, #4136 ) ;
#5015 = CARTESIAN_POINT ( 'NONE',  ( 117.6999724110000187, 206.0686840440000083, 19.33731480400000180 ) ) ;
#5016 = CARTESIAN_POINT ( 'NONE',  ( 365.1999812870000142, 196.3346581800000195, 215.3044549389999816 ) ) ;
#5017 = DIRECTION ( 'NONE',  ( -0.9999999815032921680, -9.541932867173944115E-06, 0.0001920998875556736150 ) ) ;
#5018 = CARTESIAN_POINT ( 'NONE',  ( 173.0589562629999989, 246.0000451639999994, 21.71198743620000116 ) ) ;
#5019 = CARTESIAN_POINT ( 'NONE',  ( 107.6999751809999992, 232.1636035209999989, 300.2621997740000097 ) ) ;
#5020 = CARTESIAN_POINT ( 'NONE',  ( 367.6999812870000142, 192.4060835239999960, 233.9242233949999843 ) ) ;
#5021 = AXIS2_PLACEMENT_3D ( 'NONE', #1811, #4352, #1183 ) ;
#5022 = AXIS2_PLACEMENT_3D ( 'NONE', #4208, #6175, #2844 ) ;
#5023 = ORIENTED_EDGE ( 'NONE', *, *, #1670, .T. ) ;
#5024 = FACE_OUTER_BOUND ( 'NONE', #1627, .T. ) ;
#5025 = ORIENTED_EDGE ( 'NONE', *, *, #2050, .F. ) ;
#5026 = ORIENTED_EDGE ( 'NONE', *, *, #3418, .T. ) ;
#5027 = EDGE_CURVE ( 'NONE', #5393, #5401, #6732, .T. ) ;
#5028 = CARTESIAN_POINT ( 'NONE',  ( 117.6999751809999992, 235.6121156030000350, 230.8361411309999767 ) ) ;
#5029 = AXIS2_PLACEMENT_3D ( 'NONE', #6411, #7642, #6490 ) ;
#5030 = AXIS2_PLACEMENT_3D ( 'NONE', #1820, #1191, #3659 ) ;
#5031 = CIRCLE ( 'NONE', #1447, 2.500000046250006047 ) ;
#5032 = EDGE_CURVE ( 'NONE', #2106, #4516, #3836, .T. ) ;
#5033 = FACE_OUTER_BOUND ( 'NONE', #3166, .T. ) ;
#5034 = ORIENTED_EDGE ( 'NONE', *, *, #814, .F. ) ;
#5035 = ADVANCED_FACE ( 'NONE', ( #2593 ), #7119, .F. ) ;
#5036 = LINE ( 'NONE', #6257, #2667 ) ;
#5037 = DIRECTION ( 'NONE',  ( 1.000000000000000000, 0.000000000000000000, -1.181403991129999950E-13 ) ) ;
#5038 = VECTOR ( 'NONE', #3498, 1000.000000000000114 ) ;
#5039 = DIRECTION ( 'NONE',  ( -0.9999999815032921680, 9.541932656231520308E-06, -0.0001920998877027771086 ) ) ;
#5040 = DIRECTION ( 'NONE',  ( 1.136868377219662335E-13, -0.9987686379937030789, -0.04961056097448530988 ) ) ;
#5041 = CIRCLE ( 'NONE', #7046, 2.500000046250006047 ) ;
#5042 = ORIENTED_EDGE ( 'NONE', *, *, #114, .T. ) ;
#5043 = EDGE_CURVE ( 'NONE', #4956, #4072, #7699, .T. ) ;
#5044 = CARTESIAN_POINT ( 'NONE',  ( 297.6999813259999996, 206.0331762610000226, 20.05205356060000099 ) ) ;
#5045 = DIRECTION ( 'NONE',  ( -1.140924983549660398E-13, 0.9987686379937031900, 0.04961056097448531682 ) ) ;
#5046 = ADVANCED_FACE ( 'NONE', ( #5117 ), #7047, .F. ) ;
#5047 = VECTOR ( 'NONE', #3311, 1000.000000000000114 ) ;
#5048 = EDGE_CURVE ( 'NONE', #505, #4918, #81, .T. ) ;
#5049 = CIRCLE ( 'NONE', #5575, 10.00000000000000178 ) ;
#5050 = ORIENTED_EDGE ( 'NONE', *, *, #6700, .T. ) ;
#5051 = DIRECTION ( 'NONE',  ( -0.9999999999999998890, 4.577743564969999620E-10, -9.218199991789998611E-09 ) ) ;
#5052 = DIRECTION ( 'NONE',  ( 1.000000000000000000, 1.110223004086028302E-13, 5.551115020430141666E-15 ) ) ;
#5053 = ORIENTED_EDGE ( 'NONE', *, *, #1115, .F. ) ;
#5054 = FACE_BOUND ( 'NONE', #1072, .T. ) ;
#5055 = VERTEX_POINT ( 'NONE', #7163 ) ;
#5056 = EDGE_CURVE ( 'NONE', #713, #1462, #4854, .T. ) ;
#5057 = ORIENTED_EDGE ( 'NONE', *, *, #256, .T. ) ;
#5058 = FACE_BOUND ( 'NONE', #8053, .T. ) ;
#5059 = LINE ( 'NONE', #2105, #2896 ) ;
#5060 = ORIENTED_EDGE ( 'NONE', *, *, #2346, .F. ) ;
#5061 = AXIS2_PLACEMENT_3D ( 'NONE', #7846, #100, #5175 ) ;
#5062 = ORIENTED_EDGE ( 'NONE', *, *, #6433, .T. ) ;
#5063 = CARTESIAN_POINT ( 'NONE',  ( 52.69997327659999797, 241.3663449370000080, 114.9984646309999903 ) ) ;
#5064 = DIRECTION ( 'NONE',  ( 9.229566280597260777E-09, 0.04961056097448530988, -0.9987686379937030789 ) ) ;
#5065 = CYLINDRICAL_SURFACE ( 'NONE', #4634, 2.500000046249988284 ) ;
#5066 = DIRECTION ( 'NONE',  ( -1.140924983549660398E-13, 0.9987686379937031900, 0.04961056097448531682 ) ) ;
#5067 = DIRECTION ( 'NONE',  ( 1.481718509849552606E-15, 0.9987686379936984160, 0.04961056097458502179 ) ) ;
#5068 = ORIENTED_EDGE ( 'NONE', *, *, #2416, .F. ) ;
#5069 = FACE_BOUND ( 'NONE', #6418, .T. ) ;
#5070 = VERTEX_POINT ( 'NONE', #6752 ) ;
#5071 = EDGE_LOOP ( 'NONE', ( #7523, #3354, #4185, #4666 ) ) ;
#5072 = CARTESIAN_POINT ( 'NONE',  ( 167.8794671060000212, 189.4291025720000050, 293.8498414899999602 ) ) ;
#5073 = AXIS2_PLACEMENT_3D ( 'NONE', #1266, #61, #1309 ) ;
#5074 = LINE ( 'NONE', #1366, #270 ) ;
#5075 = ORIENTED_EDGE ( 'NONE', *, *, #8034, .T. ) ;
#5076 = CARTESIAN_POINT ( 'NONE',  ( 277.5204893619999780, 247.2695242620000045, 26.38999581699999908 ) ) ;
#5077 = CARTESIAN_POINT ( 'NONE',  ( 48.42170228679999866, 238.3490935049999848, 236.2058104869999795 ) ) ;
#5078 = CYLINDRICAL_SURFACE ( 'NONE', #334, 2.500000046250002050 ) ;
#5079 = CYLINDRICAL_SURFACE ( 'NONE', #1290, 2.500000046249988284 ) ;
#5080 = LINE ( 'NONE', #7620, #3794 ) ;
#5081 = DIRECTION ( 'NONE',  ( 1.000000000000000000, 1.139252903344778342E-13, 5.637540140262821307E-15 ) ) ;
#5082 = CYLINDRICAL_SURFACE ( 'NONE', #6042, 2.500000046249988284 ) ;
#5083 = CARTESIAN_POINT ( 'NONE',  ( 165.3794671060000212, 190.9272316729999943, 293.9247376049999616 ) ) ;
#5084 = PRODUCT_DEFINITION_SHAPE ( 'NONE', 'NONE',  #46 ) ;
#5085 = DIRECTION ( 'NONE',  ( 1.000000000000000000, 1.110223004086028302E-13, 5.551115020430141666E-15 ) ) ;
#5086 = DIRECTION ( 'NONE',  ( -1.140924983549660398E-13, 0.9987686379937031900, 0.04961056097448531682 ) ) ;
#5087 = EDGE_CURVE ( 'NONE', #5150, #3474, #3423, .T. ) ;
#5088 = EDGE_CURVE ( 'NONE', #2011, #7469, #1545, .T. ) ;
#5089 = ORIENTED_EDGE ( 'NONE', *, *, #7633, .F. ) ;
#5090 = EDGE_CURVE ( 'NONE', #6289, #2196, #5271, .T. ) ;
#5091 = DIRECTION ( 'NONE',  ( 1.000000000000000000, 1.110223004086028302E-13, 5.551115020430141666E-15 ) ) ;
#5092 = ORIENTED_EDGE ( 'NONE', *, *, #1832, .F. ) ;
#5093 = EDGE_CURVE ( 'NONE', #4858, #310, #2123, .T. ) ;
#5094 = ORIENTED_EDGE ( 'NONE', *, *, #1015, .F. ) ;
#5095 = DIRECTION ( 'NONE',  ( 1.000000000000000000, 1.110223004086031457E-13, 5.551115020430157443E-15 ) ) ;
#5096 = AXIS2_PLACEMENT_3D ( 'NONE', #4709, #2137, #4670 ) ;
#5097 = CARTESIAN_POINT ( 'NONE',  ( 462.3999751820000483, 250.0153943589999983, 1.337766562019999883 ) ) ;
#5098 = EDGE_CURVE ( 'NONE', #2278, #6191, #4653, .T. ) ;
#5099 = DIRECTION ( 'NONE',  ( 1.136675133409662280E-13, -0.9987686379937031900, -0.04961056097448531682 ) ) ;
#5100 = ORIENTED_EDGE ( 'NONE', *, *, #3891, .T. ) ;
#5101 = ORIENTED_EDGE ( 'NONE', *, *, #5048, .T. ) ;
#5102 = AXIS2_PLACEMENT_3D ( 'NONE', #6929, #2566, #4995 ) ;
#5103 = CARTESIAN_POINT ( 'NONE',  ( 297.6999812869999573, 232.1461997279999991, 300.6200680000000034 ) ) ;
#5104 = CARTESIAN_POINT ( 'NONE',  ( 297.6999813300000142, 246.0016729410000096, 21.67910648559999842 ) ) ;
#5105 = DIRECTION ( 'NONE',  ( 1.136868377219662335E-13, -0.9987686379937030789, -0.04961056097448530988 ) ) ;
#5106 = DIRECTION ( 'NONE',  ( 1.000000000000000000, 1.110223004086028302E-13, 0.000000000000000000 ) ) ;
#5107 = ADVANCED_FACE ( 'NONE', ( #5217 ), #6742, .F. ) ;
#5108 = ORIENTED_EDGE ( 'NONE', *, *, #4276, .F. ) ;
#5109 = CARTESIAN_POINT ( 'NONE',  ( 365.4643693380000400, 194.2706210080000062, 196.3870231170000125 ) ) ;
#5110 = CIRCLE ( 'NONE', #8027, 10.00000000000000178 ) ;
#5111 = CARTESIAN_POINT ( 'NONE',  ( 117.6999724110000187, 203.0723781310000220, 19.18848312099999731 ) ) ;
#5112 = ORIENTED_EDGE ( 'NONE', *, *, #5876, .F. ) ;
#5113 = CARTESIAN_POINT ( 'NONE',  ( 173.0589590300000111, 189.1810497669999904, 298.8436846800000239 ) ) ;
#5114 = CIRCLE ( 'NONE', #3535, 2.500000046250006047 ) ;
#5115 = CIRCLE ( 'NONE', #3136, 9.999999999999994671 ) ;
#5116 = DIRECTION ( 'NONE',  ( 1.136675133409662280E-13, -0.9987686379937031900, -0.04961056097448531682 ) ) ;
#5117 = FACE_OUTER_BOUND ( 'NONE', #2698, .T. ) ;
#5118 = ORIENTED_EDGE ( 'NONE', *, *, #4272, .T. ) ;
#5119 = CARTESIAN_POINT ( 'NONE',  ( 125.3794643810000053, 245.7714006189999907, 26.31510008930000311 ) ) ;
#5120 = CARTESIAN_POINT ( 'NONE',  ( 270.0204893619999780, 190.9276267519999806, 293.9242757709999978 ) ) ;
#5121 = DIRECTION ( 'NONE',  ( -1.140924983539660419E-13, 0.9987686379937031900, 0.04961056097448531682 ) ) ;
#5122 = AXIS2_PLACEMENT_3D ( 'NONE', #8071, #4990, #1084 ) ;
#5123 = CYLINDRICAL_SURFACE ( 'NONE', #2607, 2.500000046250013153 ) ;
#5124 = DIRECTION ( 'NONE',  ( 1.000000000000000000, 1.110223004086031457E-13, 5.551115020430157443E-15 ) ) ;
#5125 = CARTESIAN_POINT ( 'NONE',  ( 362.6999812869999573, 196.3346343240000067, 215.3049352109999859 ) ) ;
#5126 = AXIS2_PLACEMENT_3D ( 'NONE', #3878, #6421, #2077 ) ;
#5127 = VECTOR ( 'NONE', #3218, 1000.000000000000114 ) ;
#5128 = VERTEX_POINT ( 'NONE', #5663 ) ;
#5129 = DIRECTION ( 'NONE',  ( -1.136868377219662335E-13, 0.9987686379937030789, 0.04961056097448530988 ) ) ;
#5130 = ORIENTED_EDGE ( 'NONE', *, *, #1589, .T. ) ;
#5131 = CARTESIAN_POINT ( 'NONE',  ( 173.0589590300000111, 192.1870478940000169, 298.7973910110000020 ) ) ;
#5132 = ORIENTED_EDGE ( 'NONE', *, *, #7999, .T. ) ;
#5133 = VERTEX_POINT ( 'NONE', #4861 ) ;
#5134 = VERTEX_POINT ( 'NONE', #3120 ) ;
#5135 = EDGE_CURVE ( 'NONE', #22, #7483, #8169, .T. ) ;
#5136 = FACE_OUTER_BOUND ( 'NONE', #529, .T. ) ;
#5137 = ADVANCED_FACE ( 'NONE', ( #3704 ), #2463, .F. ) ;
#5138 = CYLINDRICAL_SURFACE ( 'NONE', #3705, 2.500000046249988284 ) ;
#5139 = CYLINDRICAL_SURFACE ( 'NONE', #6758, 2.500000046249988284 ) ;
#5140 = ORIENTED_EDGE ( 'NONE', *, *, #6069, .T. ) ;
#5141 = ORIENTED_EDGE ( 'NONE', *, *, #557, .T. ) ;
#5142 = EDGE_CURVE ( 'NONE', #4247, #7156, #5650, .T. ) ;
#5143 = VECTOR ( 'NONE', #3149, 1000.000000000000000 ) ;
#5144 = FACE_OUTER_BOUND ( 'NONE', #4767, .T. ) ;
#5145 = EDGE_CURVE ( 'NONE', #3780, #2204, #8060, .T. ) ;
#5146 = FACE_OUTER_BOUND ( 'NONE', #7503, .T. ) ;
#5147 = DIRECTION ( 'NONE',  ( -0.9999999815015169213, 9.542390523300698320E-06, -0.0001921091057664201039 ) ) ;
#5148 = VERTEX_POINT ( 'NONE', #4906 ) ;
#5149 = CARTESIAN_POINT ( 'NONE',  ( 147.8794643810000196, 202.8243253389999836, 24.18232603279999893 ) ) ;
#5150 = VERTEX_POINT ( 'NONE', #5020 ) ;
#5151 = CARTESIAN_POINT ( 'NONE',  ( 58.90552650779999766, 237.9605577309999944, 244.0278817960000026 ) ) ;
#5152 = ORIENTED_EDGE ( 'NONE', *, *, #1276, .T. ) ;
#5153 = DIRECTION ( 'NONE',  ( 1.000000000000000000, -1.382541876507509084E-15, 0.000000000000000000 ) ) ;
#5154 = AXIS2_PLACEMENT_3D ( 'NONE', #942, #3501, #7929 ) ;
#5155 = CYLINDRICAL_SURFACE ( 'NONE', #1723, 10.00000000000001066 ) ;
#5156 = ORIENTED_EDGE ( 'NONE', *, *, #5714, .T. ) ;
#5157 = CIRCLE ( 'NONE', #5014, 2.500000046250006047 ) ;
#5158 = CARTESIAN_POINT ( 'NONE',  ( 257.5204893619999780, 232.3765013729999964, 295.9835943240000233 ) ) ;
#5159 = CARTESIAN_POINT ( 'NONE',  ( 163.0589590300000111, 192.1967401060000213, 298.6022656600000005 ) ) ;
#5160 = DIRECTION ( 'NONE',  ( -1.136868377219662335E-13, 0.9987686379937030789, 0.04961056097448530988 ) ) ;
#5161 = AXIS2_PLACEMENT_3D ( 'NONE', #4734, #1581, #1497 ) ;
#5162 = VECTOR ( 'NONE', #4105, 1000.000000000000341 ) ;
#5163 = VECTOR ( 'NONE', #4542, 1000.000000000000114 ) ;
#5164 = FACE_OUTER_BOUND ( 'NONE', #8011, .T. ) ;
#5165 = CYLINDRICAL_SURFACE ( 'NONE', #2423, 60.22727286730000174 ) ;
#5166 = ORIENTED_EDGE ( 'NONE', *, *, #2091, .F. ) ;
#5167 = PLANE ( 'NONE',  #5848 ) ;
#5168 = DIRECTION ( 'NONE',  ( 1.136868377219662335E-13, -0.9987686379937030789, -0.04961056097448530988 ) ) ;
#5169 = AXIS2_PLACEMENT_3D ( 'NONE', #4145, #972, #2944 ) ;
#5170 = ORIENTED_EDGE ( 'NONE', *, *, #7629, .T. ) ;
#5171 = ORIENTED_EDGE ( 'NONE', *, *, #351, .F. ) ;
#5172 = ORIENTED_EDGE ( 'NONE', *, *, #1484, .T. ) ;
#5173 = AXIS2_PLACEMENT_3D ( 'NONE', #3005, #5651, #5530 ) ;
#5174 = CIRCLE ( 'NONE', #1726, 2.500000046250006047 ) ;
#5175 = DIRECTION ( 'NONE',  ( 1.000000000000000000, 0.000000000000000000, 0.000000000000000000 ) ) ;
#5176 = CARTESIAN_POINT ( 'NONE',  ( 47.69997518130000458, 195.4020420710000110, 234.0725563659999864 ) ) ;
#5177 = CARTESIAN_POINT ( 'NONE',  ( 145.3794671059999928, 233.8743308180000042, 296.0570311810000135 ) ) ;
#5178 = ORIENTED_EDGE ( 'NONE', *, *, #2871, .T. ) ;
#5179 = ORIENTED_EDGE ( 'NONE', *, *, #4378, .T. ) ;
#5180 = ADVANCED_FACE ( 'NONE', ( #8224 ), #7403, .F. ) ;
#5181 = CARTESIAN_POINT ( 'NONE',  ( 252.5204893620000064, 202.8243198830000154, 24.18232562320000056 ) ) ;
#5182 = DIRECTION ( 'NONE',  ( -1.140924983549660398E-13, 0.9987686379937031900, 0.04961056097448531682 ) ) ;
#5183 = ORIENTED_EDGE ( 'NONE', *, *, #7326, .T. ) ;
#5184 = DIRECTION ( 'NONE',  ( 1.000000000000000000, 0.000000000000000000, 0.000000000000000000 ) ) ;
#5185 = CARTESIAN_POINT ( 'NONE',  ( 360.1999812869999573, 239.2817096139999933, 217.4377090610000209 ) ) ;
#5186 = EDGE_CURVE ( 'NONE', #895, #3245, #8104, .T. ) ;
#5187 = EDGE_CURVE ( 'NONE', #5249, #6422, #7788, .T. ) ;
#5188 = EDGE_LOOP ( 'NONE', ( #1095, #7678, #4947, #7216 ) ) ;
#5189 = ORIENTED_EDGE ( 'NONE', *, *, #3841, .F. ) ;
#5190 = ADVANCED_FACE ( 'NONE', ( #487 ), #3664, .F. ) ;
#5191 = EDGE_LOOP ( 'NONE', ( #4514, #5001, #4907, #6657 ) ) ;
#5192 = EDGE_CURVE ( 'NONE', #7691, #3488, #6336, .T. ) ;
#5193 = DIRECTION ( 'NONE',  ( 1.000000000000000000, 1.133684338736157662E-13, 5.530167506030037914E-15 ) ) ;
#5194 = DIRECTION ( 'NONE',  ( -1.136868377219662335E-13, 0.9987686379937030789, 0.04961056097448530988 ) ) ;
#5195 = ORIENTED_EDGE ( 'NONE', *, *, #3877, .T. ) ;
#5196 = DIRECTION ( 'NONE',  ( 1.478176250624248093E-15, 0.9987686379936981940, 0.04961056097458500791 ) ) ;
#5197 = ORIENTED_EDGE ( 'NONE', *, *, #4580, .T. ) ;
#5198 = DIRECTION ( 'NONE',  ( 1.000000000000000000, 1.110223004086028302E-13, 1.110223004086028333E-14 ) ) ;
#5199 = ADVANCED_FACE ( 'NONE', ( #2551 ), #6494, .F. ) ;
#5200 = FACE_OUTER_BOUND ( 'NONE', #350, .T. ) ;
#5201 = CARTESIAN_POINT ( 'NONE',  ( 367.6999803859999929, 197.9831487610000238, 121.6456437709999960 ) ) ;
#5202 = ORIENTED_EDGE ( 'NONE', *, *, #5339, .T. ) ;
#5203 = CARTESIAN_POINT ( 'NONE',  ( 365.4643693380000400, 238.2197197890000098, 208.5823794599999985 ) ) ;
#5204 = DIRECTION ( 'NONE',  ( 1.481718509849552606E-15, 0.9987686379936984160, 0.04961056097458502179 ) ) ;
#5205 = VERTEX_POINT ( 'NONE', #5185 ) ;
#5206 = ORIENTED_EDGE ( 'NONE', *, *, #1598, .T. ) ;
#5207 = ORIENTED_EDGE ( 'NONE', *, *, #272, .F. ) ;
#5208 = DIRECTION ( 'NONE',  ( 1.136675133409662280E-13, -0.9987686379937031900, -0.04961056097448531682 ) ) ;
#5209 = LINE ( 'NONE', #7885, #492 ) ;
#5210 = VERTEX_POINT ( 'NONE', #4530 ) ;
#5211 = ORIENTED_EDGE ( 'NONE', *, *, #2515, .F. ) ;
#5212 = VERTEX_POINT ( 'NONE', #2070 ) ;
#5213 = AXIS2_PLACEMENT_3D ( 'NONE', #1476, #5337, #4802 ) ;
#5214 = AXIS2_PLACEMENT_3D ( 'NONE', #5690, #1285, #5777 ) ;
#5215 = DIRECTION ( 'NONE',  ( -0.9606977125710691734, 0.01377172597510080421, -0.2772548369720215233 ) ) ;
#5216 = CYLINDRICAL_SURFACE ( 'NONE', #5423, 2.500000046249985619 ) ;
#5217 = FACE_OUTER_BOUND ( 'NONE', #3366, .T. ) ;
#5218 = VERTEX_POINT ( 'NONE', #5898 ) ;
#5219 = CARTESIAN_POINT ( 'NONE',  ( 55.19997309200000046, 242.3585800129999939, 95.02261157580001338 ) ) ;
#5220 = CC_DESIGN_DATE_AND_TIME_ASSIGNMENT ( #4740, #7866, ( #1802 ) ) ;
#5221 = CARTESIAN_POINT ( 'NONE',  ( 366.2565265220000015, 242.7947376790000078, 86.24169760130000384 ) ) ;
#5222 = CIRCLE ( 'NONE', #1648, 2.500000046250006047 ) ;
#5223 = ORIENTED_EDGE ( 'NONE', *, *, #62, .T. ) ;
#5224 = VERTEX_POINT ( 'NONE', #2700 ) ;
#5225 = EDGE_CURVE ( 'NONE', #2127, #7873, #5820, .T. ) ;
#5226 = CARTESIAN_POINT ( 'NONE',  ( 366.5821744119999721, 197.9831487619999848, 121.6456437599999987 ) ) ;
#5227 = EDGE_CURVE ( 'NONE', #2415, #2143, #2075, .T. ) ;
#5228 = LINE ( 'NONE', #825, #1562 ) ;
#5229 = AXIS2_PLACEMENT_3D ( 'NONE', #8112, #2438, #6426 ) ;
#5230 = DIRECTION ( 'NONE',  ( -1.136868377219662335E-13, 0.9987686379937030789, 0.04961056097448530988 ) ) ;
#5231 = ORIENTED_EDGE ( 'NONE', *, *, #4595, .T. ) ;
#5232 = ORIENTED_EDGE ( 'NONE', *, *, #4794, .T. ) ;
#5233 = DIRECTION ( 'NONE',  ( 1.140924983539660419E-13, -0.9987686379937031900, -0.04961056097448531682 ) ) ;
#5234 = EDGE_CURVE ( 'NONE', #7264, #4187, #4859, .T. ) ;
#5235 = SHAPE_DEFINITION_REPRESENTATION ( #5084, #5925 ) ;
#5236 = VERTEX_POINT ( 'NONE', #4725 ) ;
#5237 = CARTESIAN_POINT ( 'NONE',  ( 367.6999803859999929, 200.9794546749999995, 121.7944754530000040 ) ) ;
#5238 = CARTESIAN_POINT ( 'NONE',  ( 362.6999806519999652, 242.3585506929999838, 95.02309160029999191 ) ) ;
#5239 = AXIS2_PLACEMENT_3D ( 'NONE', #3123, #7692, #3164 ) ;
#5240 = CYLINDRICAL_SURFACE ( 'NONE', #7757, 2.500000046249988284 ) ;
#5241 = CARTESIAN_POINT ( 'NONE',  ( 242.3409974379999881, 190.6989345170000263, 298.5283485299999597 ) ) ;
#5242 = EDGE_LOOP ( 'NONE', ( #3496, #2072, #4312, #6754 ) ) ;
#5243 = LINE ( 'NONE', #2725, #1993 ) ;
#5244 = ORIENTED_EDGE ( 'NONE', *, *, #6219, .F. ) ;
#5245 = EDGE_CURVE ( 'NONE', #1054, #2056, #5794, .T. ) ;
#5246 = DIRECTION ( 'NONE',  ( -1.143080990239999910E-13, 1.000000000000000000, 0.000000000000000000 ) ) ;
#5247 = CIRCLE ( 'NONE', #3281, 2.500000046250006047 ) ;
#5248 = CARTESIAN_POINT ( 'NONE',  ( 280.0204893619999780, 205.8206019290000199, 24.33163783239999844 ) ) ;
#5249 = VERTEX_POINT ( 'NONE', #8007 ) ;
#5250 = VERTEX_POINT ( 'NONE', #514 ) ;
#5251 = ORIENTED_EDGE ( 'NONE', *, *, #3285, .F. ) ;
#5252 = DIRECTION ( 'NONE',  ( -1.000000000000000000, 0.000000000000000000, 1.144185085590000117E-13 ) ) ;
#5254 = VECTOR ( 'NONE', #1444, 1000.000000000000114 ) ;
#5253 = DIRECTION ( 'NONE',  ( -1.140924983549660398E-13, 0.9987686379937031900, 0.04961056097448531682 ) ) ;
#5255 = CARTESIAN_POINT ( 'NONE',  ( 49.93558521399999961, 201.4755657489999976, 111.8067893239999933 ) ) ;
#5256 = DIRECTION ( 'NONE',  ( 1.136675133409662280E-13, -0.9987686379937031900, -0.04961056097448531682 ) ) ;
#5257 = EDGE_LOOP ( 'NONE', ( #7662, #3191, #1094, #449 ) ) ;
#5258 = AXIS2_PLACEMENT_3D ( 'NONE', #1108, #7448, #4284 ) ;
#5259 = EDGE_LOOP ( 'NONE', ( #4394, #6227, #6273, #329 ) ) ;
#5260 = ORIENTED_EDGE ( 'NONE', *, *, #4987, .T. ) ;
#5261 = LINE ( 'NONE', #5859, #1984 ) ;
#5262 = DIRECTION ( 'NONE',  ( 1.000000000000000000, 0.000000000000000000, 0.000000000000000000 ) ) ;
#5263 = AXIS2_PLACEMENT_3D ( 'NONE', #8231, #5116, #7653 ) ;
#5264 = DIRECTION ( 'NONE',  ( 0.000000000000000000, -0.9987686379936980829, -0.04961056097458500097 ) ) ;
#5265 = VECTOR ( 'NONE', #6748, 1000.000000000000114 ) ;
#5266 = EDGE_LOOP ( 'NONE', ( #1742, #2494 ) ) ;
#5267 = CLOSED_SHELL ( 'NONE', ( #7671, #7794, #5397, #7849, #317, #2518, #167, #6274, #5960, #1738, #7785, #660, #4334, #5035, #2260, #1286, #2615, #465, #5295, #5950, #6228, #6636, #3487, #8005, #4229, #2905, #2015, #5511, #4250, #5281 ) ) ;
#5268 = VECTOR ( 'NONE', #6215, 1000.000000000000341 ) ;
#5269 = DIRECTION ( 'NONE',  ( 1.140924983539660419E-13, -0.9987686379937031900, -0.04961056097448531682 ) ) ;
#5270 = CARTESIAN_POINT ( 'NONE',  ( 47.69997518130000458, 196.3343108129999735, 215.3039562269999863 ) ) ;
#5271 = LINE ( 'NONE', #2243, #6467 ) ;
#5272 = ORIENTED_EDGE ( 'NONE', *, *, #5449, .F. ) ;
#5273 = CARTESIAN_POINT ( 'NONE',  ( 152.8794643809999911, 248.7676826899999867, 26.46441179149999812 ) ) ;
#5274 = CIRCLE ( 'NONE', #1825, 9.999999999999994671 ) ;
#5275 = ORIENTED_EDGE ( 'NONE', *, *, #3502, .F. ) ;
#5276 = DIRECTION ( 'NONE',  ( 1.000000000000000000, 1.133684338736157662E-13, 5.530167506030037914E-15 ) ) ;
#5277 = CARTESIAN_POINT ( 'NONE',  ( 142.8794643810000196, 204.3224782940000068, 24.25674192039999966 ) ) ;
#5278 = CARTESIAN_POINT ( 'NONE',  ( 367.6999812870000142, 235.3531349579999983, 236.0574775169999953 ) ) ;
#5279 = CARTESIAN_POINT ( 'NONE',  ( 270.0204893619999780, 204.3224966879999727, 24.25626135320000287 ) ) ;
#5280 = VECTOR ( 'NONE', #118, 1000.000000000000114 ) ;
#5281 = ADVANCED_FACE ( 'NONE', ( #7347 ), #6893, .F. ) ;
#5282 = AXIS2_PLACEMENT_3D ( 'NONE', #5793, #6556, #3442 ) ;
#5283 = EDGE_CURVE ( 'NONE', #8025, #4770, #2311, .T. ) ;
#5284 = VERTEX_POINT ( 'NONE', #1173 ) ;
#5285 = CARTESIAN_POINT ( 'NONE',  ( 277.5204893619999780, 245.7713713049999740, 26.31557997559999862 ) ) ;
#5286 = VERTEX_POINT ( 'NONE', #5545 ) ;
#5287 = CARTESIAN_POINT ( 'NONE',  ( 365.1999812870000142, 239.7778152240000225, 207.4500226810000072 ) ) ;
#5288 = AXIS2_PLACEMENT_3D ( 'NONE', #4075, #6623, #906 ) ;
#5289 = ADVANCED_FACE ( 'NONE', ( #6147 ), #1641, .F. ) ;
#5290 = AXIS2_PLACEMENT_3D ( 'NONE', #3243, #3898, #719 ) ;
#5291 = CARTESIAN_POINT ( 'NONE',  ( 297.6999806849999572, 201.0865112220000128, 89.40369636290000699 ) ) ;
#5292 = EDGE_CURVE ( 'NONE', #493, #6256, #1760, .T. ) ;
#5293 = CIRCLE ( 'NONE', #1705, 2.500000046250006047 ) ;
#5294 = VERTEX_POINT ( 'NONE', #6267 ) ;
#5295 = ADVANCED_FACE ( 'NONE', ( #6473 ), #7097, .T. ) ;
#5296 = VERTEX_POINT ( 'NONE', #6402 ) ;
#5297 = FACE_OUTER_BOUND ( 'NONE', #6696, .T. ) ;
#5298 = ADVANCED_FACE ( 'NONE', ( #1347 ), #3930, .F. ) ;
#5299 = VECTOR ( 'NONE', #3529, 1000.000000000000341 ) ;
#5300 = VECTOR ( 'NONE', #5550, 1000.000000000000341 ) ;
#5301 = LINE ( 'NONE', #5803, #2831 ) ;
#5302 = CARTESIAN_POINT ( 'NONE',  ( 127.8794671060000070, 233.8743069620000199, 296.0575114540000072 ) ) ;
#5303 = CARTESIAN_POINT ( 'NONE',  ( 55.19997518130000458, 192.8418992889999970, 225.1428109239999742 ) ) ;
#5304 = VERTEX_POINT ( 'NONE', #1215 ) ;
#5305 = VECTOR ( 'NONE', #155, 1000.000000000000341 ) ;
#5306 = VERTEX_POINT ( 'NONE', #6350 ) ;
#5307 = DIRECTION ( 'NONE',  ( 0.9999999815032921680, -9.541932645129342578E-06, 0.0001920998876569814660 ) ) ;
#5308 = AXIS2_PLACEMENT_3D ( 'NONE', #8107, #8184, #7452 ) ;
#5309 = AXIS2_PLACEMENT_3D ( 'NONE', #2253, #4787, #5457 ) ;
#5310 = CARTESIAN_POINT ( 'NONE',  ( 365.1999804669999889, 198.4193118949999928, 112.8647299889999971 ) ) ;
#5311 = LINE ( 'NONE', #4647, #6254 ) ;
#5312 = VERTEX_POINT ( 'NONE', #6305 ) ;
#5313 = VERTEX_POINT ( 'NONE', #1261 ) ;
#5314 = DIRECTION ( 'NONE',  ( 1.136505832169074187E-13, -0.9987686379937031900, -0.04961056097448531682 ) ) ;
#5315 = DIRECTION ( 'NONE',  ( -1.136675133409662280E-13, 0.9987686379937031900, 0.04961056097448531682 ) ) ;
#5316 = DIRECTION ( 'NONE',  ( 1.000000000000000000, -1.409385035065704932E-15, 0.000000000000000000 ) ) ;
#5317 = CARTESIAN_POINT ( 'NONE',  ( 360.1999804669999889, 198.4193118970000000, 112.8647299419999968 ) ) ;
#5318 = DIRECTION ( 'NONE',  ( -1.140924983549660398E-13, 0.9987686379937031900, 0.04961056097448531682 ) ) ;
#5319 = ORIENTED_EDGE ( 'NONE', *, *, #5292, .T. ) ;
#5320 = DIRECTION ( 'NONE',  ( -1.140924983549660398E-13, 0.9987686379937031900, 0.04961056097448531682 ) ) ;
#5321 = CARTESIAN_POINT ( 'NONE',  ( 252.3409974810000165, 203.0529882630000031, 19.57873313510000202 ) ) ;
#5322 = EDGE_LOOP ( 'NONE', ( #5450, #5141, #5197, #1946 ) ) ;
#5323 = DIRECTION ( 'NONE',  ( 1.000000000000000000, 3.593851479590000137E-15, -1.057619149710000070E-13 ) ) ;
#5324 = DIRECTION ( 'NONE',  ( 1.136766116574992312E-13, -0.9987686379937031900, -0.04961056097448531682 ) ) ;
#5325 = ORIENTED_EDGE ( 'NONE', *, *, #3583, .T. ) ;
#5326 = FACE_OUTER_BOUND ( 'NONE', #1897, .T. ) ;
#5327 = DIRECTION ( 'NONE',  ( 1.000000000000000000, 0.000000000000000000, 0.000000000000000000 ) ) ;
#5328 = VECTOR ( 'NONE', #3307, 1000.000000000000341 ) ;
#5329 = EDGE_LOOP ( 'NONE', ( #2660, #6560, #6403, #7988 ) ) ;
#5330 = CARTESIAN_POINT ( 'NONE',  ( 55.19997518130000458, 236.2850563329999716, 217.2883786659999998 ) ) ;
#5331 = ORIENTED_EDGE ( 'NONE', *, *, #2924, .F. ) ;
#5332 = DIRECTION ( 'NONE',  ( 1.481718509849552606E-15, 0.9987686379936984160, 0.04961056097458502179 ) ) ;
#5333 = FACE_BOUND ( 'NONE', #4515, .T. ) ;
#5334 = EDGE_LOOP ( 'NONE', ( #7863, #3809, #6537, #67 ) ) ;
#5335 = CYLINDRICAL_SURFACE ( 'NONE', #2322, 2.500000046249998942 ) ;
#5336 = ORIENTED_EDGE ( 'NONE', *, *, #2564, .F. ) ;
#5337 = DIRECTION ( 'NONE',  ( -1.141030240193518302E-13, 0.9987686379937031900, 0.04961056097448531682 ) ) ;
#5338 = AXIS2_PLACEMENT_3D ( 'NONE', #5627, #3146, #7553 ) ;
#5339 = EDGE_CURVE ( 'NONE', #7120, #4731, #5755, .T. ) ;
#5340 = EDGE_CURVE ( 'NONE', #7483, #22, #1138, .T. ) ;
#5341 = CARTESIAN_POINT ( 'NONE',  ( 262.5204893620000348, 190.9276028960000247, 293.9247560440000484 ) ) ;
#5342 = ORIENTED_EDGE ( 'NONE', *, *, #7332, .T. ) ;
#5343 = EDGE_CURVE ( 'NONE', #7130, #780, #4728, .T. ) ;
#5344 = CIRCLE ( 'NONE', #1757, 2.500000046250006047 ) ;
#5345 = CARTESIAN_POINT ( 'NONE',  ( 297.6999812869999573, 192.1777030480000121, 298.9930150749999598 ) ) ;
#5346 = ORIENTED_EDGE ( 'NONE', *, *, #11, .F. ) ;
#5347 = ORIENTED_EDGE ( 'NONE', *, *, #2028, .F. ) ;
#5348 = EDGE_CURVE ( 'NONE', #3118, #24, #7918, .T. ) ;
#5349 = DIRECTION ( 'NONE',  ( 1.481718509849552606E-15, 0.9987686379936984160, 0.04961056097458502179 ) ) ;
#5350 = CARTESIAN_POINT ( 'NONE',  ( 251.5607250190000173, 191.1935276129999863, 288.5711123359999988 ) ) ;
#5351 = EDGE_CURVE ( 'NONE', #7313, #5937, #6014, .T. ) ;
#5352 = DIRECTION ( 'NONE',  ( -1.136868377219662335E-13, 0.9987686379937030789, 0.04961056097448530988 ) ) ;
#5353 = ORIENTED_EDGE ( 'NONE', *, *, #2910, .T. ) ;
#5354 = VERTEX_POINT ( 'NONE', #1422 ) ;
#5355 = CIRCLE ( 'NONE', #4562, 10.00000000000000888 ) ;
#5356 = DIRECTION ( 'NONE',  ( 1.000000000000000000, 1.110223004086028302E-13, 5.551115020430141666E-15 ) ) ;
#5357 = CARTESIAN_POINT ( 'NONE',  ( 247.5204893620000348, 204.3224728419999678, 24.25674141860000077 ) ) ;
#5358 = LINE ( 'NONE', #1403, #3947 ) ;
#5359 = ORIENTED_EDGE ( 'NONE', *, *, #5700, .F. ) ;
#5360 = CYLINDRICAL_SURFACE ( 'NONE', #2110, 2.500000046249999386 ) ;
#5361 = CIRCLE ( 'NONE', #2318, 2.500000046250006047 ) ;
#5362 = CARTESIAN_POINT ( 'NONE',  ( 252.5204893620000064, 189.4294499389999942, 293.8503402019999839 ) ) ;
#5363 = VERTEX_POINT ( 'NONE', #7299 ) ;
#5364 = CARTESIAN_POINT ( 'NONE',  ( 49.14342712949999736, 244.7890017089999901, 76.32842733420000059 ) ) ;
#5365 = AXIS2_PLACEMENT_3D ( 'NONE', #4177, #6221, #4213 ) ;
#5366 = ORIENTED_EDGE ( 'NONE', *, *, #23, .F. ) ;
#5367 = CYLINDRICAL_SURFACE ( 'NONE', #6389, 118.1603675010000529 ) ;
#5368 = ORIENTED_EDGE ( 'NONE', *, *, #1225, .T. ) ;
#5369 = CARTESIAN_POINT ( 'NONE',  ( 292.5204893619999780, 189.4294499389999942, 293.8503402019999839 ) ) ;
#5370 = DIRECTION ( 'NONE',  ( 1.000000000000000000, -2.775557561562888984E-15, 0.000000000000000000 ) ) ;
#5371 = CIRCLE ( 'NONE', #2192, 10.00000000000000888 ) ;
#5372 = DIRECTION ( 'NONE',  ( 1.494217021172662241E-15, 0.9987686379936981940, 0.04961056097458500791 ) ) ;
#5373 = ORIENTED_EDGE ( 'NONE', *, *, #7177, .F. ) ;
#5374 = DIRECTION ( 'NONE',  ( 1.141040767796222073E-13, -0.9987686379937031900, -0.04961056097448531682 ) ) ;
#5375 = AXIS2_PLACEMENT_3D ( 'NONE', #6387, #5121, #7052 ) ;
#5376 = VECTOR ( 'NONE', #7074, 1000.000000000000000 ) ;
#5377 = DIRECTION ( 'NONE',  ( -1.143080990239999910E-13, 1.000000000000000000, 0.000000000000000000 ) ) ;
#5378 = DIRECTION ( 'NONE',  ( 1.000000000000000000, 0.000000000000000000, 0.000000000000000000 ) ) ;
#5379 = VECTOR ( 'NONE', #662, 1000.000000000000114 ) ;
#5380 = ORIENTED_EDGE ( 'NONE', *, *, #2189, .T. ) ;
#5381 = CARTESIAN_POINT ( 'NONE',  ( 145.3794643810000196, 248.7677065420000133, 26.46393158789999944 ) ) ;
#5382 = ORIENTED_EDGE ( 'NONE', *, *, #3056, .F. ) ;
#5383 = EDGE_CURVE ( 'NONE', #8167, #5878, #7795, .T. ) ;
#5384 = VECTOR ( 'NONE', #3335, 1000.000000000000000 ) ;
#5385 = ORIENTED_EDGE ( 'NONE', *, *, #4482, .T. ) ;
#5386 = ORIENTED_EDGE ( 'NONE', *, *, #4073, .T. ) ;
#5387 = EDGE_CURVE ( 'NONE', #7329, #279, #7395, .T. ) ;
#5388 = ADVANCED_FACE ( 'NONE', ( #3358, #178, #7913, #2687, #2052, #2768, #4137, #5333, #1470 ), #7750, .F. ) ;
#5389 = CARTESIAN_POINT ( 'NONE',  ( 360.1999812869999573, 195.3326108329999897, 205.2423527170000170 ) ) ;
#5390 = APPLICATION_CONTEXT ( 'configuration controlled 3d designs of mechanical parts and assemblies' ) ;
#5391 = ORIENTED_EDGE ( 'NONE', *, *, #2883, .F. ) ;
#5392 = CARTESIAN_POINT ( 'NONE',  ( 142.8794643810000196, 202.8243253369999763, 24.18232607890000097 ) ) ;
#5393 = VERTEX_POINT ( 'NONE', #7134 ) ;
#5394 = EDGE_CURVE ( 'NONE', #24, #3118, #2891, .T. ) ;
#5395 = ORIENTED_EDGE ( 'NONE', *, *, #5633, .T. ) ;
#5396 = CARTESIAN_POINT ( 'NONE',  ( 272.5204893619999780, 245.7713713079999707, 26.31557992950000013 ) ) ;
#5397 = ADVANCED_FACE ( 'NONE', ( #4019 ), #839, .F. ) ;
#5398 = DIRECTION ( 'NONE',  ( -0.9999999999999826805, 1.860403490011704265E-07, 0.000000000000000000 ) ) ;
#5399 = DIRECTION ( 'NONE',  ( 1.000000000000000000, -2.775557561562892929E-15, 0.000000000000000000 ) ) ;
#5400 = DIRECTION ( 'NONE',  ( -1.000000000000000000, -1.181403991129999950E-13, 0.000000000000000000 ) ) ;
#5401 = VERTEX_POINT ( 'NONE', #3913 ) ;
#5402 = DIRECTION ( 'NONE',  ( 1.136675133409662280E-13, -0.9987686379937031900, -0.04961056097448531682 ) ) ;
#5403 = DIRECTION ( 'NONE',  ( 0.9999999815015170324, 9.542390645425178513E-06, -0.0001921091058774413763 ) ) ;
#5404 = CIRCLE ( 'NONE', #614, 2.500000046250006047 ) ;
#5405 = EDGE_LOOP ( 'NONE', ( #2345, #96 ) ) ;
#5406 = EDGE_CURVE ( 'NONE', #3474, #2702, #1245, .T. ) ;
#5407 = CYLINDRICAL_SURFACE ( 'NONE', #7060, 2.500000046249988284 ) ;
#5408 = CARTESIAN_POINT ( 'NONE',  ( 297.6999813330000393, 249.0157300150000026, 21.47056865450000274 ) ) ;
#5409 = CYLINDRICAL_SURFACE ( 'NONE', #4579, 2.500000046250002050 ) ;
#5410 = VERTEX_POINT ( 'NONE', #2673 ) ;
#5411 = CIRCLE ( 'NONE', #890, 2.500000046250006047 ) ;
#5412 = CARTESIAN_POINT ( 'NONE',  ( 127.8794671060000070, 190.9272555290000071, 293.9242573320000247 ) ) ;
#5413 = AXIS2_PLACEMENT_3D ( 'NONE', #2021, #2738, #3408 ) ;
#5414 = ORIENTED_EDGE ( 'NONE', *, *, #1587, .T. ) ;
#5415 = CARTESIAN_POINT ( 'NONE',  ( 362.6999804669999889, 198.4192880399999979, 112.8652102380000031 ) ) ;
#5416 = CARTESIAN_POINT ( 'NONE',  ( 270.0204893619999780, 235.3727834310000162, 296.1329062799999861 ) ) ;
#5417 = CARTESIAN_POINT ( 'NONE',  ( 173.0589562629999989, 203.0529937299999972, 19.57873331429999908 ) ) ;
#5418 = PERSON ( 'UNSPECIFIED', 'UNSPECIFIED', 'UNSPECIFIED', ('UNSPECIFIED'), ('UNSPECIFIED'), ('UNSPECIFIED') ) ;
#5419 = DIRECTION ( 'NONE',  ( 1.000000000000000000, 1.138292811657849152E-13, 5.530167506030036336E-15 ) ) ;
#5420 = FACE_BOUND ( 'NONE', #5836, .T. ) ;
#5421 = CIRCLE ( 'NONE', #2777, 2.500000046249998942 ) ;
#5422 = ORIENTED_EDGE ( 'NONE', *, *, #3324, .T. ) ;
#5423 = AXIS2_PLACEMENT_3D ( 'NONE', #7765, #1911, #5147 ) ;
#5424 = CYLINDRICAL_SURFACE ( 'NONE', #5213, 2.500000046249988284 ) ;
#5425 = DIRECTION ( 'NONE',  ( 1.000000000000000000, 1.110223004086028302E-13, 1.110223004086028333E-14 ) ) ;
#5426 = CIRCLE ( 'NONE', #5290, 2.500000046249998942 ) ;
#5427 = AXIS2_PLACEMENT_3D ( 'NONE', #746, #3313, #5842 ) ;
#5428 = DIRECTION ( 'NONE',  ( 1.140924983539660419E-13, -0.9987686379937031900, -0.04961056097448531682 ) ) ;
#5429 = ORIENTED_EDGE ( 'NONE', *, *, #7344, .F. ) ;
#5430 = CARTESIAN_POINT ( 'NONE',  ( 155.3794671060000212, 232.3761778609999737, 295.9826153390000059 ) ) ;
#5431 = ORIENTED_EDGE ( 'NONE', *, *, #2451, .F. ) ;
#5432 = EDGE_LOOP ( 'NONE', ( #3145, #2182, #5652, #5957 ) ) ;
#5433 = VECTOR ( 'NONE', #5564, 1000.000000000000114 ) ;
#5434 = CIRCLE ( 'NONE', #4901, 118.1603675009999819 ) ;
#5435 = CIRCLE ( 'NONE', #1308, 10.00000000000000888 ) ;
#5436 = CARTESIAN_POINT ( 'NONE',  ( 125.3794643810000053, 205.8206073869999955, 24.33163819590000188 ) ) ;
#5437 = DIRECTION ( 'NONE',  ( 1.478176250624248093E-15, 0.9987686379936981940, 0.04961056097458500791 ) ) ;
#5438 = CIRCLE ( 'NONE', #3049, 60.22727286730000884 ) ;
#5439 = AXIS2_PLACEMENT_3D ( 'NONE', #6809, #6718, #7337 ) ;
#5440 = EDGE_LOOP ( 'NONE', ( #1508, #799 ) ) ;
#5441 = CC_DESIGN_PERSON_AND_ORGANIZATION_ASSIGNMENT ( #830, #3963, ( #4716 ) ) ;
#5442 = ORIENTED_EDGE ( 'NONE', *, *, #6483, .F. ) ;
#5443 = FACE_OUTER_BOUND ( 'NONE', #1450, .T. ) ;
#5444 = VECTOR ( 'NONE', #3714, 1000.000000000000341 ) ;
#5445 = AXIS2_PLACEMENT_3D ( 'NONE', #6495, #7235, #779 ) ;
#5446 = DIRECTION ( 'NONE',  ( 1.000000000000000000, 1.110223004086028302E-13, 5.551115020430141666E-15 ) ) ;
#5447 = CARTESIAN_POINT ( 'NONE',  ( 247.5204893620000348, 192.4257558529999699, 293.9991718850000098 ) ) ;
#5448 = EDGE_CURVE ( 'NONE', #8058, #5313, #2349, .T. ) ;
#5449 = EDGE_CURVE ( 'NONE', #1425, #5294, #2213, .T. ) ;
#5450 = ORIENTED_EDGE ( 'NONE', *, *, #2412, .F. ) ;
#5451 = ORIENTED_EDGE ( 'NONE', *, *, #411, .F. ) ;
#5452 = DIRECTION ( 'NONE',  ( 1.136675133409662280E-13, -0.9987686379937031900, -0.04961056097448531682 ) ) ;
#5453 = CARTESIAN_POINT ( 'NONE',  ( 49.14342939219999806, 237.8529878949999841, 246.1934968670000217 ) ) ;
#5454 = EDGE_CURVE ( 'NONE', #6233, #4516, #5358, .T. ) ;
#5455 = ORIENTED_EDGE ( 'NONE', *, *, #1779, .T. ) ;
#5456 = EDGE_CURVE ( 'NONE', #1607, #1894, #352, .T. ) ;
#5457 = DIRECTION ( 'NONE',  ( -9.218202680209998637E-09, 0.000000000000000000, 0.9999999999999998890 ) ) ;
#5458 = DIRECTION ( 'NONE',  ( -1.136868377219662335E-13, 0.9987686379937030789, 0.04961056097448530988 ) ) ;
#5459 = ORIENTED_EDGE ( 'NONE', *, *, #2662, .T. ) ;
#5460 = DIRECTION ( 'NONE',  ( -0.9999999815032921680, 9.541932656231572824E-06, -0.0001920998877027781657 ) ) ;
#5461 = ADVANCED_FACE ( 'NONE', ( #6664 ), #7242, .F. ) ;
#5462 = DIRECTION ( 'NONE',  ( -1.136868377219662335E-13, 0.9987686379937030789, 0.04961056097448530988 ) ) ;
#5463 = FACE_OUTER_BOUND ( 'NONE', #2532, .T. ) ;
#5464 = CARTESIAN_POINT ( 'NONE',  ( 365.4643693380000400, 197.2669269220000103, 196.5358547999999814 ) ) ;
#5465 = EDGE_CURVE ( 'NONE', #6362, #2575, #5228, .T. ) ;
#5466 = DIRECTION ( 'NONE',  ( 0.000000000000000000, 0.04961056097448530988, -0.9987686379937030789 ) ) ;
#5467 = CARTESIAN_POINT ( 'NONE',  ( 365.4643685299999447, 241.4263058059999878, 113.7912114920000022 ) ) ;
#5468 = ORIENTED_EDGE ( 'NONE', *, *, #3015, .F. ) ;
#5469 = DIRECTION ( 'NONE',  ( -1.140924983549660398E-13, 0.9987686379937031900, 0.04961056097448531682 ) ) ;
#5470 = CARTESIAN_POINT ( 'NONE',  ( 242.3409974840000132, 249.0157300399999940, 21.47056814420000137 ) ) ;
#5471 = LINE ( 'NONE', #968, #1713 ) ;
#5472 = VERTEX_POINT ( 'NONE', #204 ) ;
#5473 = LINE ( 'NONE', #8085, #5300 ) ;
#5474 = EDGE_LOOP ( 'NONE', ( #7853, #4966, #1074, #6695 ) ) ;
#5475 = VERTEX_POINT ( 'NONE', #2833 ) ;
#5476 = CARTESIAN_POINT ( 'NONE',  ( 47.69997335769999580, 200.9794601380000074, 121.7944757249999981 ) ) ;
#5477 = DIRECTION ( 'NONE',  ( 0.000000000000000000, 0.04961056097448530988, -0.9987686379937030789 ) ) ;
#5478 = ORIENTED_EDGE ( 'NONE', *, *, #5813, .T. ) ;
#5479 = DIRECTION ( 'NONE',  ( 1.068852965245434166E-13, -0.9987686379937031900, -0.04961056097448681562 ) ) ;
#5480 = ORIENTED_EDGE ( 'NONE', *, *, #5339, .F. ) ;
#5481 = VERTEX_POINT ( 'NONE', #5317 ) ;
#5482 = CARTESIAN_POINT ( 'NONE',  ( 49.93558712990000004, 239.7175253789999942, 208.6562965900000108 ) ) ;
#5483 = CARTESIAN_POINT ( 'NONE',  ( 49.93558712990000004, 194.2702736409999886, 196.3865244050000172 ) ) ;
#5484 = DIRECTION ( 'NONE',  ( -1.136675133409662280E-13, 0.9987686379937031900, 0.04961056097448531682 ) ) ;
#5485 = EDGE_LOOP ( 'NONE', ( #3548, #4607, #6051, #5667 ) ) ;
#5486 = ORIENTED_EDGE ( 'NONE', *, *, #6576, .F. ) ;
#5487 = CARTESIAN_POINT ( 'NONE',  ( 117.6999724180000158, 203.0368758099999980, 19.90322214899999764 ) ) ;
#5488 = DIRECTION ( 'NONE',  ( -1.136868377219662335E-13, 0.9987686379937030789, 0.04961056097448530988 ) ) ;
#5489 = ORIENTED_EDGE ( 'NONE', *, *, #2300, .F. ) ;
#5490 = EDGE_CURVE ( 'NONE', #6256, #5900, #3813, .T. ) ;
#5491 = ADVANCED_FACE ( 'NONE', ( #2875, #7732, #3507, #1582, #4007, #4571, #2708, #3954, #5906 ), #7773, .F. ) ;
#5492 = CYLINDRICAL_SURFACE ( 'NONE', #2600, 2.500000046249988284 ) ;
#5493 = ORIENTED_EDGE ( 'NONE', *, *, #7063, .T. ) ;
#5494 = AXIS2_PLACEMENT_3D ( 'NONE', #4058, #2217, #6562 ) ;
#5495 = ADVANCED_FACE ( 'NONE', ( #7118 ), #6501, .F. ) ;
#5496 = DIRECTION ( 'NONE',  ( 9.229566280597260777E-09, 0.04961056097448530988, -0.9987686379937030789 ) ) ;
#5497 = DIRECTION ( 'NONE',  ( 1.140924983539660419E-13, -0.9987686379937031900, -0.04961056097448531682 ) ) ;
#5498 = CARTESIAN_POINT ( 'NONE',  ( 50.19997518130000458, 196.8304164230000026, 205.3162698470000009 ) ) ;
#5499 = FACE_BOUND ( 'NONE', #1988, .T. ) ;
#5500 = DIRECTION ( 'NONE',  ( -1.140924983549660398E-13, 0.9987686379937031900, 0.04961056097448531682 ) ) ;
#5501 = CARTESIAN_POINT ( 'NONE',  ( 52.69997518129999747, 239.7774440000000027, 207.4500042410000162 ) ) ;
#5502 = ORIENTED_EDGE ( 'NONE', *, *, #418, .T. ) ;
#5503 = CIRCLE ( 'NONE', #1920, 2.500000046250006047 ) ;
#5504 = CARTESIAN_POINT ( 'NONE',  ( 282.5204893619999780, 232.3765013729999964, 295.9835943240000233 ) ) ;
#5505 = EDGE_CURVE ( 'NONE', #4808, #1151, #786, .T. ) ;
#5506 = LINE ( 'NONE', #508, #2097 ) ;
#5507 = VECTOR ( 'NONE', #3641, 1000.000000000000114 ) ;
#5508 = ORIENTED_EDGE ( 'NONE', *, *, #4538, .F. ) ;
#5509 = CARTESIAN_POINT ( 'NONE',  ( 173.0589562600000022, 246.0194295900000157, 21.32173673259999802 ) ) ;
#5510 = ORIENTED_EDGE ( 'NONE', *, *, #1624, .T. ) ;
#5511 = ADVANCED_FACE ( 'NONE', ( #6037 ), #7161, .F. ) ;
#5512 = ORIENTED_EDGE ( 'NONE', *, *, #4337, .F. ) ;
#5513 = VECTOR ( 'NONE', #4503, 1000.000000000000341 ) ;
#5514 = VECTOR ( 'NONE', #2327, 1000.000000000000341 ) ;
#5515 = DIRECTION ( 'NONE',  ( 1.136675133409662280E-13, -0.9987686379937031900, -0.04961056097448531682 ) ) ;
#5516 = CYLINDRICAL_SURFACE ( 'NONE', #2200, 60.22727286729996621 ) ;
#5517 = CARTESIAN_POINT ( 'NONE',  ( 52.69997518129999747, 236.2850324769999872, 217.2888589380000042 ) ) ;
#5518 = ORIENTED_EDGE ( 'NONE', *, *, #3782, .T. ) ;
#5519 = ORIENTED_EDGE ( 'NONE', *, *, #7262, .T. ) ;
#5520 = DIRECTION ( 'NONE',  ( -0.9762097115541497061, 0.01075698359510047358, -0.2165615071320349805 ) ) ;
#5521 = CYLINDRICAL_SURFACE ( 'NONE', #4110, 10.00000000000000888 ) ;
#5522 = DIRECTION ( 'NONE',  ( 0.000000000000000000, -0.9987686379936980829, -0.04961056097458500097 ) ) ;
#5523 = CARTESIAN_POINT ( 'NONE',  ( 290.0204893619999780, 235.3727834310000162, 296.1329062799999861 ) ) ;
#5524 = ORIENTED_EDGE ( 'NONE', *, *, #567, .T. ) ;
#5525 = EDGE_LOOP ( 'NONE', ( #635, #4286, #5319, #7630 ) ) ;
#5526 = AXIS2_PLACEMENT_3D ( 'NONE', #1091, #3645, #6185 ) ;
#5527 = DIRECTION ( 'NONE',  ( -0.9999999999999998890, 0.000000000000000000, -9.240940914131349289E-09 ) ) ;
#5528 = ORIENTED_EDGE ( 'NONE', *, *, #8037, .F. ) ;
#5529 = ORIENTED_EDGE ( 'NONE', *, *, #2028, .T. ) ;
#5530 = DIRECTION ( 'NONE',  ( 1.000000000000000000, 1.110223004086028302E-13, 5.551115020430141666E-15 ) ) ;
#5531 = ORIENTED_EDGE ( 'NONE', *, *, #4943, .T. ) ;
#5532 = DIRECTION ( 'NONE',  ( 1.000000000000000000, 0.000000000000000000, 0.000000000000000000 ) ) ;
#5533 = LINE ( 'NONE', #4829, #2647 ) ;
#5534 = PLANE ( 'NONE',  #5785 ) ;
#5535 = CARTESIAN_POINT ( 'NONE',  ( 117.6999724180000158, 247.4820802009999738, 22.11089211240000196 ) ) ;
#5536 = CARTESIAN_POINT ( 'NONE',  ( 157.8794643810000196, 248.7676826919999939, 26.46441174539999963 ) ) ;
#5537 = ORIENTED_EDGE ( 'NONE', *, *, #5744, .T. ) ;
#5538 = EDGE_CURVE ( 'NONE', #4165, #2690, #4852, .T. ) ;
#5539 = CARTESIAN_POINT ( 'NONE',  ( 362.6999805599999718, 198.9154413610000063, 102.8765633130000055 ) ) ;
#5540 = AXIS2_PLACEMENT_3D ( 'NONE', #794, #3348, #7824 ) ;
#5541 = VECTOR ( 'NONE', #7956, 1000.000000000000114 ) ;
#5542 = CARTESIAN_POINT ( 'NONE',  ( 117.6999751809999992, 192.1951068409999834, 298.6351468490000229 ) ) ;
#5543 = EDGE_CURVE ( 'NONE', #3466, #5150, #4687, .T. ) ;
#5544 = EDGE_CURVE ( 'NONE', #780, #7130, #2193, .T. ) ;
#5545 = CARTESIAN_POINT ( 'NONE',  ( 47.69997301090000263, 202.8439976220000176, 84.25727544699999783 ) ) ;
#5546 = CIRCLE ( 'NONE', #2770, 2.500000046250006047 ) ;
#5547 = ORIENTED_EDGE ( 'NONE', *, *, #7095, .F. ) ;
#5548 = AXIS2_PLACEMENT_3D ( 'NONE', #3892, #1974, #7543 ) ;
#5549 = EDGE_CURVE ( 'NONE', #3092, #6575, #6592, .T. ) ;
#5550 = DIRECTION ( 'NONE',  ( 0.000000000000000000, -0.9987686379936980829, -0.04961056097458500097 ) ) ;
#5551 = ORIENTED_EDGE ( 'NONE', *, *, #3735, .T. ) ;
#5552 = EDGE_CURVE ( 'NONE', #223, #7792, #2157, .T. ) ;
#5553 = ORIENTED_EDGE ( 'NONE', *, *, #1430, .T. ) ;
#5554 = ORIENTED_EDGE ( 'NONE', *, *, #5227, .F. ) ;
#5555 = CIRCLE ( 'NONE', #1038, 2.500000046250006047 ) ;
#5556 = DIRECTION ( 'NONE',  ( 1.481718509849552606E-15, 0.9987686379936984160, 0.04961056097458502179 ) ) ;
#5557 = DIRECTION ( 'NONE',  ( 1.000000000000000000, 1.110223004086028302E-13, 5.551115020430141666E-15 ) ) ;
#5558 = VECTOR ( 'NONE', #4932, 1000.000000000000000 ) ;
#5559 = DIRECTION ( 'NONE',  ( 1.140924983539660419E-13, -0.9987686379937031900, -0.04961056097448531682 ) ) ;
#5560 = VECTOR ( 'NONE', #3289, 1000.000000000000114 ) ;
#5561 = AXIS2_PLACEMENT_3D ( 'NONE', #3825, #4565, #3492 ) ;
#5562 = ORIENTED_EDGE ( 'NONE', *, *, #2704, .F. ) ;
#5563 = ORIENTED_EDGE ( 'NONE', *, *, #1323, .T. ) ;
#5564 = DIRECTION ( 'NONE',  ( 1.136868377219662335E-13, -0.9987686379937030789, -0.04961056097448530988 ) ) ;
#5565 = DIRECTION ( 'NONE',  ( 0.000000000000000000, -0.9987686379936980829, -0.04961056097458500097 ) ) ;
#5566 = CIRCLE ( 'NONE', #3717, 60.22727286730000884 ) ;
#5567 = LINE ( 'NONE', #4318, #1047 ) ;
#5568 = AXIS2_PLACEMENT_3D ( 'NONE', #591, #5587, #1133 ) ;
#5569 = DIRECTION ( 'NONE',  ( -1.136675133409662280E-13, 0.9987686379937031900, 0.04961056097448531682 ) ) ;
#5570 = DIRECTION ( 'NONE',  ( -0.9999999999999826805, -1.860385406807599708E-07, 0.000000000000000000 ) ) ;
#5571 = ORIENTED_EDGE ( 'NONE', *, *, #2085, .T. ) ;
#5572 = EDGE_LOOP ( 'NONE', ( #8008, #5132, #230, #2255 ) ) ;
#5573 = ORIENTED_EDGE ( 'NONE', *, *, #3275, .T. ) ;
#5574 = AXIS2_PLACEMENT_3D ( 'NONE', #1079, #4370, #4946 ) ;
#5575 = AXIS2_PLACEMENT_3D ( 'NONE', #2839, #991, #2804 ) ;
#5576 = PLANE ( 'NONE',  #4256 ) ;
#5577 = CYLINDRICAL_SURFACE ( 'NONE', #3997, 2.500000046249988284 ) ;
#5578 = DIRECTION ( 'NONE',  ( 0.9606977151331815845, 0.01377172553540259754, -0.2772548281160523986 ) ) ;
#5579 = CARTESIAN_POINT ( 'NONE',  ( 142.8794643810000196, 205.8206312510000089, 24.33115776180000012 ) ) ;
#5580 = CARTESIAN_POINT ( 'NONE',  ( 280.0204893619999780, 189.4294737950000069, 293.8498599300000365 ) ) ;
#5581 = LINE ( 'NONE', #4917, #5507 ) ;
#5582 = EDGE_LOOP ( 'NONE', ( #647, #4420 ) ) ;
#5583 = CARTESIAN_POINT ( 'NONE',  ( 127.8794643810000053, 248.7676826779999715, 26.46441202199999765 ) ) ;
#5584 = CARTESIAN_POINT ( 'NONE',  ( 157.8794671060000212, 190.9272555290000071, 293.9242573320000247 ) ) ;
#5585 = EDGE_CURVE ( 'NONE', #7270, #5250, #2868, .T. ) ;
#5586 = ORIENTED_EDGE ( 'NONE', *, *, #7238, .F. ) ;
#5587 = DIRECTION ( 'NONE',  ( 1.140924983539660419E-13, -0.9987686379937031900, -0.04961056097448531682 ) ) ;
#5588 = ORIENTED_EDGE ( 'NONE', *, *, #4997, .T. ) ;
#5589 = EDGE_LOOP ( 'NONE', ( #7048, #844 ) ) ;
#5590 = ADVANCED_FACE ( 'NONE', ( #1104 ), #6129, .F. ) ;
#5591 = ORIENTED_EDGE ( 'NONE', *, *, #6420, .F. ) ;
#5592 = EDGE_CURVE ( 'NONE', #7615, #1059, #4239, .T. ) ;
#5593 = AXIS2_PLACEMENT_3D ( 'NONE', #4596, #2141, #4519 ) ;
#5594 = DIRECTION ( 'NONE',  ( -1.000000000000000000, 0.000000000000000000, 1.129887414363104054E-14 ) ) ;
#5595 = EDGE_CURVE ( 'NONE', #1570, #3684, #2239, .T. ) ;
#5596 = DIRECTION ( 'NONE',  ( -0.9999999999999998890, 4.577699126569999506E-10, -9.218206776100000869E-09 ) ) ;
#5597 = CARTESIAN_POINT ( 'NONE',  ( 365.4643684380000082, 200.9794546760000173, 121.7944754330000166 ) ) ;
#5598 = VERTEX_POINT ( 'NONE', #5447 ) ;
#5599 = VERTEX_POINT ( 'NONE', #7325 ) ;
#5600 = EDGE_CURVE ( 'NONE', #7612, #2013, #3622, .T. ) ;
#5601 = CYLINDRICAL_SURFACE ( 'NONE', #3182, 2.500000046250002050 ) ;
#5602 = EDGE_CURVE ( 'NONE', #5846, #315, #1657, .T. ) ;
#5603 = CARTESIAN_POINT ( 'NONE',  ( 367.6999803859999929, 199.4813017179999974, 121.7200596120000000 ) ) ;
#5604 = DIRECTION ( 'NONE',  ( 1.000000000000000000, 0.000000000000000000, 0.000000000000000000 ) ) ;
#5605 = CYLINDRICAL_SURFACE ( 'NONE', #3171, 2.500000046250013153 ) ;
#5606 = ORIENTED_EDGE ( 'NONE', *, *, #4222, .T. ) ;
#5607 = ORIENTED_EDGE ( 'NONE', *, *, #6576, .T. ) ;
#5608 = ORIENTED_EDGE ( 'NONE', *, *, #3179, .F. ) ;
#5609 = CARTESIAN_POINT ( 'NONE',  ( 290.0204893619999780, 232.3765252290000092, 295.9831140520000190 ) ) ;
#5610 = DIRECTION ( 'NONE',  ( 1.000000000000000000, 0.000000000000000000, 0.000000000000000000 ) ) ;
#5611 = LINE ( 'NONE', #582, #3338 ) ;
#5612 = DIRECTION ( 'NONE',  ( 1.000000000000000000, 1.110223004086028302E-13, 0.000000000000000000 ) ) ;
#5613 = DIRECTION ( 'NONE',  ( -1.136868377219662335E-13, 0.9987686379937030789, 0.04961056097448530988 ) ) ;
#5614 = LINE ( 'NONE', #6299, #2762 ) ;
#5615 = CYLINDRICAL_SURFACE ( 'NONE', #2464, 2.500000046249988284 ) ;
#5616 = VERTEX_POINT ( 'NONE', #3657 ) ;
#5617 = DIRECTION ( 'NONE',  ( 0.9999999815032921680, -9.541932645129342578E-06, 0.0001920998876569814660 ) ) ;
#5618 = DIRECTION ( 'NONE',  ( -9.882262117413534322E-14, 0.9987686379937034120, 0.04961056097448192370 ) ) ;
#5619 = AXIS2_PLACEMENT_3D ( 'NONE', #5063, #6283, #1274 ) ;
#5620 = DIRECTION ( 'NONE',  ( -9.218202680209998637E-09, 0.000000000000000000, 0.9999999999999998890 ) ) ;
#5621 = CIRCLE ( 'NONE', #3111, 2.500000046250006047 ) ;
#5622 = ORIENTED_EDGE ( 'NONE', *, *, #4538, .T. ) ;
#5623 = CARTESIAN_POINT ( 'NONE',  ( 55.19997327659999797, 201.4156232740000121, 113.0135618970000024 ) ) ;
#5624 = ORIENTED_EDGE ( 'NONE', *, *, #5602, .T. ) ;
#5625 = ORIENTED_EDGE ( 'NONE', *, *, #2859, .F. ) ;
#5626 = AXIS2_PLACEMENT_3D ( 'NONE', #2093, #4799, #1472 ) ;
#5627 = CARTESIAN_POINT ( 'NONE',  ( 362.6999806519999652, 243.8567513620000113, 95.09654689620001022 ) ) ;
#5628 = DIRECTION ( 'NONE',  ( -1.140924983549660398E-13, 0.9987686379937031900, 0.04961056097448531682 ) ) ;
#5629 = DIRECTION ( 'NONE',  ( 0.9999999815032921680, 9.541932878276174361E-06, -0.0001920998876014703147 ) ) ;
#5630 = VECTOR ( 'NONE', #1409, 1000.000000000000341 ) ;
#5631 = VERTEX_POINT ( 'NONE', #1619 ) ;
#5632 = EDGE_LOOP ( 'NONE', ( #4648, #4533, #1654, #472 ) ) ;
#5633 = EDGE_CURVE ( 'NONE', #2830, #4217, #6060, .T. ) ;
#5634 = EDGE_CURVE ( 'NONE', #2469, #3378, #409, .T. ) ;
#5635 = CARTESIAN_POINT ( 'NONE',  ( 142.8794671059999928, 189.4291025720000050, 293.8498414899999602 ) ) ;
#5636 = CYLINDRICAL_SURFACE ( 'NONE', #3670, 2.500000046249988284 ) ;
#5637 = CARTESIAN_POINT ( 'NONE',  ( 47.69997518130000458, 193.3380048989999977, 215.1551245440000173 ) ) ;
#5638 = VECTOR ( 'NONE', #6448, 1000.000000000000114 ) ;
#5639 = CARTESIAN_POINT ( 'NONE',  ( 362.6999812869999573, 239.2817334700000060, 217.4372287879999988 ) ) ;
#5640 = CARTESIAN_POINT ( 'NONE',  ( 362.6999805599999718, 241.8624927950000085, 105.0098174350000022 ) ) ;
#5641 = EDGE_CURVE ( 'NONE', #4165, #7329, #3035, .T. ) ;
#5642 = ORIENTED_EDGE ( 'NONE', *, *, #7095, .T. ) ;
#5643 = CYLINDRICAL_SURFACE ( 'NONE', #1658, 2.500000046249988284 ) ;
#5644 = ORIENTED_EDGE ( 'NONE', *, *, #8173, .T. ) ;
#5645 = VERTEX_POINT ( 'NONE', #7478 ) ;
#5646 = EDGE_CURVE ( 'NONE', #1451, #7615, #4060, .T. ) ;
#5647 = EDGE_CURVE ( 'NONE', #7902, #831, #5115, .T. ) ;
#5648 = CYLINDRICAL_SURFACE ( 'NONE', #4759, 2.500000046249985619 ) ;
#5649 = ORIENTED_EDGE ( 'NONE', *, *, #2085, .F. ) ;
#5650 = CIRCLE ( 'NONE', #6745, 2.500000046250006047 ) ;
#5651 = DIRECTION ( 'NONE',  ( 1.136675133409662280E-13, -0.9987686379937031900, -0.04961056097448531682 ) ) ;
#5652 = ORIENTED_EDGE ( 'NONE', *, *, #1840, .T. ) ;
#5653 = DIRECTION ( 'NONE',  ( 1.136675133409662280E-13, -0.9987686379937031900, -0.04961056097448531682 ) ) ;
#5654 = CARTESIAN_POINT ( 'NONE',  ( 270.0204893619999780, 189.4294737950000069, 293.8498599300000365 ) ) ;
#5655 = EDGE_CURVE ( 'NONE', #5951, #1345, #4157, .T. ) ;
#5656 = DATE_AND_TIME ( #4576, #862 ) ;
#5657 = CARTESIAN_POINT ( 'NONE',  ( 362.6999812869999573, 239.7777913679999813, 207.4505029529999831 ) ) ;
#5658 = DIRECTION ( 'NONE',  ( 1.481718509849551818E-15, 0.9987686379936983050, 0.04961056097458501485 ) ) ;
#5659 = ORIENTED_EDGE ( 'NONE', *, *, #1421, .F. ) ;
#5660 = CARTESIAN_POINT ( 'NONE',  ( 167.8794643810000196, 248.7676826960000085, 26.46441165330000089 ) ) ;
#5661 = CARTESIAN_POINT ( 'NONE',  ( 55.19997318429999922, 198.9154229700000087, 102.8770438339999913 ) ) ;
#5662 = CARTESIAN_POINT ( 'NONE',  ( 162.8794671060000212, 233.8743069620000199, 296.0575114540000072 ) ) ;
#5663 = CARTESIAN_POINT ( 'NONE',  ( 287.5204893619999780, 192.4257558529999699, 293.9991718850000098 ) ) ;
#5664 = ORIENTED_EDGE ( 'NONE', *, *, #3373, .F. ) ;
#5665 = CARTESIAN_POINT ( 'NONE',  ( -47.00002143839999746, 188.1813855810000007, 318.9764835949999906 ) ) ;
#5666 = CLOSED_SHELL ( 'NONE', ( #5491, #1067, #4934, #2761, #5495, #7185, #4625, #859, #4636, #7986, #3732, #4436, #6599, #3427, #7695, #416, #255, #104, #6319, #7635, #4087, #3334, #4584, #4128, #7724, #3173, #7740, #7747, #2351, #917 ) ) ;
#5667 = ORIENTED_EDGE ( 'NONE', *, *, #6125, .T. ) ;
#5668 = CIRCLE ( 'NONE', #6489, 2.500000046250006047 ) ;
#5669 = VERTEX_POINT ( 'NONE', #984 ) ;
#5670 = CARTESIAN_POINT ( 'NONE',  ( -47.00001871429999767, 207.0686902919999852, -0.7949888477840000300 ) ) ;
#5671 = DIRECTION ( 'NONE',  ( 1.141040767796222073E-13, -0.9987686379937031900, -0.04961056097448531682 ) ) ;
#5672 = DIRECTION ( 'NONE',  ( 0.000000000000000000, 0.04961056097448530988, -0.9987686379937030789 ) ) ;
#5673 = DIRECTION ( 'NONE',  ( 1.140768893269510162E-13, -0.9987686379937031900, -0.04961056097448531682 ) ) ;
#5674 = EDGE_LOOP ( 'NONE', ( #7396, #7745 ) ) ;
#5675 = ORIENTED_EDGE ( 'NONE', *, *, #1912, .T. ) ;
#5676 = VECTOR ( 'NONE', #6493, 1000.000000000000114 ) ;
#5677 = ORIENTED_EDGE ( 'NONE', *, *, #3920, .T. ) ;
#5678 = AXIS2_PLACEMENT_3D ( 'NONE', #6516, #802, #177 ) ;
#5679 = CYLINDRICAL_SURFACE ( 'NONE', #1768, 10.00000000000001066 ) ;
#5680 = PLANE ( 'NONE',  #908 ) ;
#5681 = CARTESIAN_POINT ( 'NONE',  ( 165.3794643810000196, 245.7714006369999993, 26.31509972060000280 ) ) ;
#5682 = LINE ( 'NONE', #4938, #1154 ) ;
#5683 = DIRECTION ( 'NONE',  ( -1.140924983549660398E-13, 0.9987686379937031900, 0.04961056097448531682 ) ) ;
#5684 = CIRCLE ( 'NONE', #3320, 2.500000046250006047 ) ;
#5685 = CIRCLE ( 'NONE', #3581, 2.500000046250006047 ) ;
#5686 = ADVANCED_FACE ( 'NONE', ( #4857 ), #4198, .F. ) ;
#5687 = ORIENTED_EDGE ( 'NONE', *, *, #5490, .F. ) ;
#5688 = DIRECTION ( 'NONE',  ( -0.9999999999999826805, -1.860385406807599708E-07, 0.000000000000000000 ) ) ;
#5689 = ORIENTED_EDGE ( 'NONE', *, *, #4925, .F. ) ;
#5690 = CARTESIAN_POINT ( 'NONE',  ( 362.6999812869999573, 238.7855801480000082, 227.4258757129999822 ) ) ;
#5691 = VECTOR ( 'NONE', #3621, 1000.000000000000114 ) ;
#5692 = ADVANCED_FACE ( 'NONE', ( #8056 ), #2291, .F. ) ;
#5693 = CIRCLE ( 'NONE', #3854, 2.500000046250006047 ) ;
#5694 = ADVANCED_FACE ( 'NONE', ( #369 ), #7444, .F. ) ;
#5695 = VECTOR ( 'NONE', #6857, 1000.000000000000114 ) ;
#5696 = DIRECTION ( 'NONE',  ( 1.481718509849552606E-15, 0.9987686379936984160, 0.04961056097458502179 ) ) ;
#5697 = EDGE_CURVE ( 'NONE', #5294, #3887, #2335, .T. ) ;
#5698 = CARTESIAN_POINT ( 'NONE',  ( 52.69997327659999797, 242.8644978940000385, 115.0728804729999837 ) ) ;
#5699 = LINE ( 'NONE', #1924, #4363 ) ;
#5700 = EDGE_CURVE ( 'NONE', #4853, #445, #7252, .T. ) ;
#5701 = COORDINATED_UNIVERSAL_TIME_OFFSET ( 3, 30, .AHEAD. ) ;
#5702 = VECTOR ( 'NONE', #192, 1000.000000000000114 ) ;
#5703 = ORIENTED_EDGE ( 'NONE', *, *, #1026, .F. ) ;
#5704 = CARTESIAN_POINT ( 'NONE',  ( 362.6999812869999573, 239.7778390800000068, 207.4495424079999850 ) ) ;
#5705 = CARTESIAN_POINT ( 'NONE',  ( 462.3999751820000483, 207.0683429249999961, -0.7954875598860000618 ) ) ;
#5706 = VECTOR ( 'NONE', #4, 1000.000000000000341 ) ;
#5707 = ORIENTED_EDGE ( 'NONE', *, *, #431, .T. ) ;
#5708 = CARTESIAN_POINT ( 'NONE',  ( 290.0204893619999780, 189.4294737950000069, 293.8498599300000365 ) ) ;
#5709 = CARTESIAN_POINT ( 'NONE',  ( 50.19997518130000458, 238.2793148990000134, 207.3751081270000327 ) ) ;
#5710 = AXIS2_PLACEMENT_3D ( 'NONE', #1041, #880, #5969 ) ;
#5711 = CARTESIAN_POINT ( 'NONE',  ( 247.5204893620000348, 202.8243198850000226, 24.18232557710000208 ) ) ;
#5712 = CIRCLE ( 'NONE', #3864, 2.500000046250006047 ) ;
#5713 = ORIENTED_EDGE ( 'NONE', *, *, #1338, .T. ) ;
#5714 = EDGE_CURVE ( 'NONE', #330, #4555, #2460, .T. ) ;
#5715 = LINE ( 'NONE', #549, #497 ) ;
#5716 = DIRECTION ( 'NONE',  ( 1.136868377219662335E-13, -0.9987686379937030789, -0.04961056097448530988 ) ) ;
#5717 = ORIENTED_EDGE ( 'NONE', *, *, #2763, .T. ) ;
#5718 = MANIFOLD_SOLID_BREP ( 'comp2.1\\partc4.7\\PartBody', #5267 ) ;
#5719 = DIRECTION ( 'NONE',  ( 1.000000000000000000, 1.110223004086028302E-13, 5.551115020430141666E-15 ) ) ;
#5720 = ORIENTED_EDGE ( 'NONE', *, *, #1233, .T. ) ;
#5721 = ORIENTED_EDGE ( 'NONE', *, *, #874, .T. ) ;
#5722 = CARTESIAN_POINT ( 'NONE',  ( 50.19997327659999797, 199.9174703150000028, 112.9391461010000057 ) ) ;
#5723 = DIRECTION ( 'NONE',  ( -1.140905882208934397E-13, 0.9987686379937031900, 0.04961056097448531682 ) ) ;
#5724 = CYLINDRICAL_SURFACE ( 'NONE', #1828, 2.500000046249988284 ) ;
#5725 = ORIENTED_EDGE ( 'NONE', *, *, #6570, .F. ) ;
#5726 = AXIS2_PLACEMENT_3D ( 'NONE', #3268, #5789, #6930 ) ;
#5727 = ORIENTED_EDGE ( 'NONE', *, *, #6881, .T. ) ;
#5728 = ORIENTED_EDGE ( 'NONE', *, *, #5348, .F. ) ;
#5729 = DIRECTION ( 'NONE',  ( 0.000000000000000000, -0.9987686379936980829, -0.04961056097458500097 ) ) ;
#5730 = CARTESIAN_POINT ( 'NONE',  ( 360.1999804669999889, 201.4156178110000042, 113.0135616250000083 ) ) ;
#5731 = CARTESIAN_POINT ( 'NONE',  ( 306.2760330180000210, 205.5421259940000027, 29.93796488310000115 ) ) ;
#5732 = CARTESIAN_POINT ( 'NONE',  ( 365.4643684380000082, 199.4813017189999869, 121.7200595910000089 ) ) ;
#5733 = ORIENTED_EDGE ( 'NONE', *, *, #6472, .T. ) ;
#5734 = PLANE ( 'NONE',  #4099 ) ;
#5735 = ORIENTED_EDGE ( 'NONE', *, *, #5340, .F. ) ;
#5736 = DIRECTION ( 'NONE',  ( -1.099714186670000022E-13, 0.000000000000000000, -1.000000000000000000 ) ) ;
#5737 = ORIENTED_EDGE ( 'NONE', *, *, #808, .T. ) ;
#5738 = DIRECTION ( 'NONE',  ( 1.140924983539660419E-13, -0.9987686379937031900, -0.04961056097448531682 ) ) ;
#5739 = LINE ( 'NONE', #1921, #6395 ) ;
#5740 = ORIENTED_EDGE ( 'NONE', *, *, #1942, .F. ) ;
#5741 = DIRECTION ( 'NONE',  ( 1.481718509849552606E-15, 0.9987686379936984160, 0.04961056097458502179 ) ) ;
#5742 = CARTESIAN_POINT ( 'NONE',  ( 257.5204893619999780, 205.8206257950000122, 24.33115735220000175 ) ) ;
#5743 = CARTESIAN_POINT ( 'NONE',  ( 355.8573913780000453, 241.2885885499999858, 116.5637597730000010 ) ) ;
#5744 = EDGE_CURVE ( 'NONE', #4355, #4858, #1320, .T. ) ;
#5745 = DIRECTION ( 'NONE',  ( 1.000000000000000000, 1.110223004086028302E-13, 5.551115020430141666E-15 ) ) ;
#5746 = CARTESIAN_POINT ( 'NONE',  ( 173.0589590300000111, 190.6792027239999925, 298.9181005220000316 ) ) ;
#5747 = ADVANCED_FACE ( 'NONE', ( #5146 ), #3870, .F. ) ;
#5748 = DIRECTION ( 'NONE',  ( 9.229562303537259252E-09, 0.04961056097448530988, -0.9987686379937030789 ) ) ;
#5749 = CYLINDRICAL_SURFACE ( 'NONE', #55, 2.500000046249988284 ) ;
#5750 = DIRECTION ( 'NONE',  ( 1.136877572554200213E-13, -0.9987686379937031900, -0.04961056097448531682 ) ) ;
#5751 = ADVANCED_FACE ( 'NONE', ( #4359 ), #8136, .F. ) ;
#5752 = CYLINDRICAL_SURFACE ( 'NONE', #653, 2.500000046250013597 ) ;
#5753 = ORIENTED_EDGE ( 'NONE', *, *, #6024, .T. ) ;
#5754 = CARTESIAN_POINT ( 'NONE',  ( 117.6999751809999992, 189.1810497669999904, 298.8436846800000239 ) ) ;
#5755 = LINE ( 'NONE', #633, #2620 ) ;
#5756 = EDGE_LOOP ( 'NONE', ( #3615, #94 ) ) ;
#5757 = ADVANCED_FACE ( 'NONE', ( #1819 ), #8220, .F. ) ;
#5758 = ORIENTED_EDGE ( 'NONE', *, *, #5911, .F. ) ;
#5759 = VECTOR ( 'NONE', #2546, 1000.000000000000114 ) ;
#5760 = EDGE_CURVE ( 'NONE', #2261, #1482, #6327, .T. ) ;
#5761 = VERTEX_POINT ( 'NONE', #7516 ) ;
#5762 = DIRECTION ( 'NONE',  ( -1.128496113929664379E-14, 0.04961056097448531682, -0.9987686379937031900 ) ) ;
#5763 = AXIS2_PLACEMENT_3D ( 'NONE', #2046, #3395, #7213 ) ;
#5764 = PLANE ( 'NONE',  #379 ) ;
#5765 = FACE_OUTER_BOUND ( 'NONE', #3071, .T. ) ;
#5766 = ORIENTED_EDGE ( 'NONE', *, *, #4393, .T. ) ;
#5767 = ORIENTED_EDGE ( 'NONE', *, *, #2827, .T. ) ;
#5768 = AXIS2_PLACEMENT_3D ( 'NONE', #6311, #5556, #2409 ) ;
#5769 = MANIFOLD_SOLID_BREP ( 'comp2.1\\partc4.4\\PartBody', #6346 ) ;
#5770 = DIRECTION ( 'NONE',  ( 1.140924983539660419E-13, -0.9987686379937031900, -0.04961056097448531682 ) ) ;
#5771 = LINE ( 'NONE', #7110, #5835 ) ;
#5772 = LINE ( 'NONE', #75, #8066 ) ;
#5773 = CIRCLE ( 'NONE', #6580, 118.1603675009999819 ) ;
#5774 = EDGE_LOOP ( 'NONE', ( #7718, #361, #7041, #2838 ) ) ;
#5775 = CARTESIAN_POINT ( 'NONE',  ( 49.14342939219999806, 193.9038891140000089, 233.9981405240000072 ) ) ;
#5776 = ORIENTED_EDGE ( 'NONE', *, *, #1580, .F. ) ;
#5777 = DIRECTION ( 'NONE',  ( 1.000000000000000000, 1.110223004086028302E-13, 1.110223004086028333E-14 ) ) ;
#5778 = AXIS2_PLACEMENT_3D ( 'NONE', #2553, #6376, #3874 ) ;
#5779 = AXIS2_PLACEMENT_3D ( 'NONE', #3116, #7606, #1992 ) ;
#5780 = DIRECTION ( 'NONE',  ( -9.229574530877261563E-09, -0.04961056097448530988, 0.9987686379937030789 ) ) ;
#5781 = VERTEX_POINT ( 'NONE', #2548 ) ;
#5782 = CARTESIAN_POINT ( 'NONE',  ( 360.1999806519999652, 199.4115231159999837, 92.88935718259999419 ) ) ;
#5783 = DIRECTION ( 'NONE',  ( 1.136868377219662335E-13, -0.9987686379937030789, -0.04961056097448530988 ) ) ;
#5784 = APPROVAL_ROLE ( '' ) ;
#5785 = AXIS2_PLACEMENT_3D ( 'NONE', #7455, #1752, #6298 ) ;
#5786 = CARTESIAN_POINT ( 'NONE',  ( 163.8392287740000199, 205.5547065439999983, 29.68480127609999997 ) ) ;
#5787 = CIRCLE ( 'NONE', #6865, 10.00000000000000178 ) ;
#5788 = PLANE ( 'NONE',  #7489 ) ;
#5789 = DIRECTION ( 'NONE',  ( 1.140924983539660419E-13, -0.9987686379937031900, -0.04961056097448531682 ) ) ;
#5790 = ORIENTED_EDGE ( 'NONE', *, *, #7734, .T. ) ;
#5791 = LINE ( 'NONE', #4621, #1321 ) ;
#5792 = ORIENTED_EDGE ( 'NONE', *, *, #2515, .T. ) ;
#5793 = CARTESIAN_POINT ( 'NONE',  ( 362.6999805599999718, 243.3605980400000135, 105.0851938220000079 ) ) ;
#5794 = CIRCLE ( 'NONE', #7000, 2.500000046250006047 ) ;
#5795 = ORIENTED_EDGE ( 'NONE', *, *, #6933, .F. ) ;
#5796 = ADVANCED_FACE ( 'NONE', ( #1910 ), #31, .F. ) ;
#5797 = ORIENTED_EDGE ( 'NONE', *, *, #1365, .F. ) ;
#5798 = ORIENTED_EDGE ( 'NONE', *, *, #1018, .T. ) ;
#5799 = AXIS2_PLACEMENT_3D ( 'NONE', #6679, #2845, #6557 ) ;
#5800 = EDGE_CURVE ( 'NONE', #935, #8106, #6729, .T. ) ;
#5801 = LINE ( 'NONE', #586, #3909 ) ;
#5802 = ADVANCED_FACE ( 'NONE', ( #7034 ), #5636, .F. ) ;
#5803 = CARTESIAN_POINT ( 'NONE',  ( 132.8794671060000212, 233.8743069620000199, 296.0575114540000072 ) ) ;
#5804 = EDGE_CURVE ( 'NONE', #3082, #2749, #5247, .T. ) ;
#5805 = DIRECTION ( 'NONE',  ( -1.128496113929664379E-14, 0.04961056097448531682, -0.9987686379937031900 ) ) ;
#5806 = CIRCLE ( 'NONE', #3019, 2.500000046249998942 ) ;
#5807 = ADVANCED_FACE ( 'NONE', ( #7564 ), #1870, .T. ) ;
#5808 = LINE ( 'NONE', #5984, #1152 ) ;
#5809 = EDGE_LOOP ( 'NONE', ( #5118, #7735, #8181, #1212 ) ) ;
#5810 = ORIENTED_EDGE ( 'NONE', *, *, #2456, .F. ) ;
#5811 = ORIENTED_EDGE ( 'NONE', *, *, #3167, .F. ) ;
#5812 = VECTOR ( 'NONE', #426, 1000.000000000000114 ) ;
#5813 = EDGE_CURVE ( 'NONE', #6977, #2888, #2482, .T. ) ;
#5814 = AXIS2_PLACEMENT_3D ( 'NONE', #7225, #1352, #1523 ) ;
#5815 = DIRECTION ( 'NONE',  ( 1.481718509849552606E-15, 0.9987686379936984160, 0.04961056097458502179 ) ) ;
#5816 = LINE ( 'NONE', #7855, #5384 ) ;
#5817 = DIRECTION ( 'NONE',  ( 1.140924983539660419E-13, -0.9987686379937031900, -0.04961056097448531682 ) ) ;
#5818 = ORIENTED_EDGE ( 'NONE', *, *, #5647, .F. ) ;
#5819 = CARTESIAN_POINT ( 'NONE',  ( 55.19997518130000458, 194.3400522459999991, 225.2172267649999924 ) ) ;
#5820 = LINE ( 'NONE', #4605, #5254 ) ;
#5821 = VERTEX_POINT ( 'NONE', #3824 ) ;
#5822 = CARTESIAN_POINT ( 'NONE',  ( -47.00002143839999746, 231.1284370150000029, 321.1097377170000300 ) ) ;
#5823 = AXIS2_PLACEMENT_3D ( 'NONE', #282, #6030, #4070 ) ;
#5824 = ORIENTED_EDGE ( 'NONE', *, *, #7202, .T. ) ;
#5825 = VECTOR ( 'NONE', #1891, 1000.000000000000341 ) ;
#5826 = VECTOR ( 'NONE', #5596, 1000.000000000000114 ) ;
#5827 = CARTESIAN_POINT ( 'NONE',  ( 262.5204893620000348, 204.3224728360000029, 24.25674155680000155 ) ) ;
#5828 = ORIENTED_EDGE ( 'NONE', *, *, #1175, .T. ) ;
#5829 = CIRCLE ( 'NONE', #3706, 2.500000046250006047 ) ;
#5830 = VERTEX_POINT ( 'NONE', #6368 ) ;
#5831 = CARTESIAN_POINT ( 'NONE',  ( 292.5204893619999780, 248.7676772130000131, 26.46441179669999855 ) ) ;
#5832 = PERSON_AND_ORGANIZATION ( #5418, #4589 ) ;
#5833 = DIRECTION ( 'NONE',  ( 1.000000000000000000, -2.775557561562892929E-15, 0.000000000000000000 ) ) ;
#5834 = VECTOR ( 'NONE', #6367, 1000.000000000000114 ) ;
#5835 = VECTOR ( 'NONE', #772, 1000.000000000000114 ) ;
#5836 = EDGE_LOOP ( 'NONE', ( #3271, #7107 ) ) ;
#5837 = VECTOR ( 'NONE', #5783, 1000.000000000000114 ) ;
#5838 = CARTESIAN_POINT ( 'NONE',  ( 355.8573913780000453, 244.2848944640000184, 116.7125914559999984 ) ) ;
#5839 = VERTEX_POINT ( 'NONE', #3250 ) ;
#5840 = CARTESIAN_POINT ( 'NONE',  ( 252.3409974810000165, 246.0000396960000160, 21.71198725700000054 ) ) ;
#5841 = EDGE_LOOP ( 'NONE', ( #6162, #3361 ) ) ;
#5842 = DIRECTION ( 'NONE',  ( -0.9999999815015169213, 9.542390523300698320E-06, -0.0001921091057553178736 ) ) ;
#5843 = VECTOR ( 'NONE', #800, 1000.000000000000114 ) ;
#5844 = AXIS2_PLACEMENT_3D ( 'NONE', #5665, #1808, #6896 ) ;
#5845 = EDGE_LOOP ( 'NONE', ( #851, #436, #5588, #5880 ) ) ;
#5846 = VERTEX_POINT ( 'NONE', #5731 ) ;
#5847 = ORIENTED_EDGE ( 'NONE', *, *, #467, .F. ) ;
#5848 = AXIS2_PLACEMENT_3D ( 'NONE', #836, #1467, #7711 ) ;
#5849 = CIRCLE ( 'NONE', #8095, 2.500000046249998942 ) ;
#5850 = EDGE_CURVE ( 'NONE', #3688, #6124, #1397, .T. ) ;
#5851 = CARTESIAN_POINT ( 'NONE',  ( 50.19997318429999922, 201.9117288810000161, 103.0258755629999996 ) ) ;
#5852 = CARTESIAN_POINT ( 'NONE',  ( 252.3409974380000449, 190.6989345170000263, 298.5283485299999597 ) ) ;
#5853 = EDGE_CURVE ( 'NONE', #2439, #6320, #5816, .T. ) ;
#5854 = LINE ( 'NONE', #720, #3156 ) ;
#5855 = VERTEX_POINT ( 'NONE', #7808 ) ;
#5856 = EDGE_CURVE ( 'NONE', #2929, #3504, #1441, .T. ) ;
#5857 = ORIENTED_EDGE ( 'NONE', *, *, #5595, .F. ) ;
#5858 = EDGE_CURVE ( 'NONE', #4444, #4424, #4602, .T. ) ;
#5859 = CARTESIAN_POINT ( 'NONE',  ( 147.8794671059999928, 190.9272555290000071, 293.9242573320000247 ) ) ;
#5860 = DIRECTION ( 'NONE',  ( 1.000000000000000000, -2.775557561562890957E-15, 0.000000000000000000 ) ) ;
#5861 = DIRECTION ( 'NONE',  ( -1.136868377219662335E-13, 0.9987686379937030789, 0.04961056097448530988 ) ) ;
#5862 = CARTESIAN_POINT ( 'NONE',  ( 257.5204893619999780, 202.8243198810000365, 24.18232566929999905 ) ) ;
#5863 = EDGE_LOOP ( 'NONE', ( #3310, #4086, #7450, #3080 ) ) ;
#5864 = EDGE_CURVE ( 'NONE', #2324, #3796, #3545, .T. ) ;
#5865 = ORIENTED_EDGE ( 'NONE', *, *, #3891, .F. ) ;
#5866 = EDGE_CURVE ( 'NONE', #4217, #5481, #4680, .T. ) ;
#5867 = DIRECTION ( 'NONE',  ( -1.136868377219662335E-13, 0.9987686379937030789, 0.04961056097448530988 ) ) ;
#5868 = AXIS2_PLACEMENT_3D ( 'NONE', #1342, #4422, #3849 ) ;
#5869 = CARTESIAN_POINT ( 'NONE',  ( 47.69997518130000458, 195.4020420710000110, 234.0725563659999864 ) ) ;
#5870 = DIRECTION ( 'NONE',  ( 1.000000000000000000, 0.000000000000000000, 0.000000000000000000 ) ) ;
#5871 = ORIENTED_EDGE ( 'NONE', *, *, #1, .F. ) ;
#5872 = VERTEX_POINT ( 'NONE', #6568 ) ;
#5873 = CARTESIAN_POINT ( 'NONE',  ( 52.69997309199999336, 245.3549097819999929, 95.17096300899999051 ) ) ;
#5874 = ORIENTED_EDGE ( 'NONE', *, *, #7129, .T. ) ;
#5875 = DIRECTION ( 'NONE',  ( 1.000000000000000000, 1.138292811657849152E-13, 5.760591152114621118E-15 ) ) ;
#5876 = EDGE_CURVE ( 'NONE', #2610, #1725, #8165, .T. ) ;
#5877 = DIRECTION ( 'NONE',  ( -1.136868377219662335E-13, 0.9987686379937030789, 0.04961056097448530988 ) ) ;
#5878 = VERTEX_POINT ( 'NONE', #150 ) ;
#5879 = DIRECTION ( 'NONE',  ( 1.493058009093160224E-15, 0.9987686379936981940, 0.04961056097458500791 ) ) ;
#5880 = ORIENTED_EDGE ( 'NONE', *, *, #560, .F. ) ;
#5881 = DIRECTION ( 'NONE',  ( 1.140924983539660419E-13, -0.9987686379937031900, -0.04961056097448531682 ) ) ;
#5882 = DIRECTION ( 'NONE',  ( 1.140924983539660419E-13, -0.9987686379937031900, -0.04961056097448531682 ) ) ;
#5883 = EDGE_LOOP ( 'NONE', ( #2582, #7876, #1282, #4523 ) ) ;
#5884 = ORIENTED_EDGE ( 'NONE', *, *, #4837, .T. ) ;
#5885 = VERTEX_POINT ( 'NONE', #726 ) ;
#5886 = DIRECTION ( 'NONE',  ( 1.000000000000000000, 1.137978600240784444E-13, 5.551115123125777969E-15 ) ) ;
#5887 = LINE ( 'NONE', #2102, #4151 ) ;
#5888 = DIRECTION ( 'NONE',  ( 1.000000000000000000, 1.110223004086028302E-13, 1.110223004086028333E-14 ) ) ;
#5889 = DIRECTION ( 'NONE',  ( -1.136868377219662335E-13, 0.9987686379937030789, 0.04961056097448530988 ) ) ;
#5890 = EDGE_LOOP ( 'NONE', ( #6330, #6250 ) ) ;
#5891 = ORIENTED_EDGE ( 'NONE', *, *, #1484, .F. ) ;
#5892 = VERTEX_POINT ( 'NONE', #4723 ) ;
#5893 = CIRCLE ( 'NONE', #2312, 2.500000046250006047 ) ;
#5894 = DIRECTION ( 'NONE',  ( 1.022182338772382056E-13, -0.9987686379937029679, -0.04961056097448870300 ) ) ;
#5895 = DIRECTION ( 'NONE',  ( -1.136868377219662335E-13, 0.9987686379937030789, 0.04961056097448530988 ) ) ;
#5896 = EDGE_CURVE ( 'NONE', #1597, #6531, #4594, .T. ) ;
#5897 = FACE_OUTER_BOUND ( 'NONE', #4052, .T. ) ;
#5898 = CARTESIAN_POINT ( 'NONE',  ( 152.8794671059999928, 189.4291025720000050, 293.8498414899999602 ) ) ;
#5899 = VECTOR ( 'NONE', #2199, 1000.000000000000114 ) ;
#5900 = VERTEX_POINT ( 'NONE', #7195 ) ;
#5901 = EDGE_CURVE ( 'NONE', #5963, #3838, #1002, .T. ) ;
#5902 = EDGE_CURVE ( 'NONE', #2888, #7884, #7722, .T. ) ;
#5903 = ORIENTED_EDGE ( 'NONE', *, *, #4378, .F. ) ;
#5904 = DIRECTION ( 'NONE',  ( -9.229472123247260356E-09, 0.04961056097448530988, -0.9987686379937030789 ) ) ;
#5905 = CARTESIAN_POINT ( 'NONE',  ( 267.5204893619999780, 247.2695242670000084, 26.38999572479999856 ) ) ;
#5906 = FACE_OUTER_BOUND ( 'NONE', #4433, .T. ) ;
#5907 = EDGE_CURVE ( 'NONE', #4147, #2399, #6465, .T. ) ;
#5908 = ORIENTED_EDGE ( 'NONE', *, *, #1947, .F. ) ;
#5909 = EDGE_LOOP ( 'NONE', ( #571, #4262, #3687, #4079 ) ) ;
#5910 = CARTESIAN_POINT ( 'NONE',  ( 109.1239233989999917, 191.2057553070000040, 288.3174502499999790 ) ) ;
#5911 = EDGE_CURVE ( 'NONE', #8043, #2403, #2112, .T. ) ;
#5912 = ORIENTED_EDGE ( 'NONE', *, *, #4132, .T. ) ;
#5913 = CARTESIAN_POINT ( 'NONE',  ( 173.0589562600000022, 249.0157355039999914, 21.47056841560000251 ) ) ;
#5914 = CYLINDRICAL_SURFACE ( 'NONE', #460, 2.500000046250013153 ) ;
#5915 = EDGE_CURVE ( 'NONE', #1451, #850, #5940, .T. ) ;
#5916 = DIRECTION ( 'NONE',  ( -1.136868377219662335E-13, 0.9987686379937030789, 0.04961056097448530988 ) ) ;
#5917 = CIRCLE ( 'NONE', #7376, 2.500000046249998942 ) ;
#5918 = DIRECTION ( 'NONE',  ( -1.140924983549660398E-13, 0.9987686379937031900, 0.04961056097448531682 ) ) ;
#5919 = EDGE_LOOP ( 'NONE', ( #7763, #1510 ) ) ;
#5920 = CARTESIAN_POINT ( 'NONE',  ( 173.0589574419999792, 239.6613218630000119, 149.3242924259999995 ) ) ;
#5921 = EDGE_CURVE ( 'NONE', #7120, #1570, #468, .T. ) ;
#5922 = ORIENTED_EDGE ( 'NONE', *, *, #1162, .T. ) ;
#5923 = PLANE ( 'NONE',  #3174 ) ;
#5924 = LOCAL_TIME ( 14, 57, 9.000000000000000000, #5701 ) ;
#5925 = ADVANCED_BREP_SHAPE_REPRESENTATION ( 'Link2StellConnectors_Default_sldprt', ( #3095, #336, #363, #5769, #3081, #494, #5718, #284, #6598 ), #7505 ) ;
#5926 = DIRECTION ( 'NONE',  ( 1.000000000000000000, 1.110223004086028302E-13, 5.551115020430141666E-15 ) ) ;
#5927 = PLANE ( 'NONE',  #6714 ) ;
#5928 = VECTOR ( 'NONE', #5400, 1000.000000000000000 ) ;
#5929 = VECTOR ( 'NONE', #1244, 1000.000000000000114 ) ;
#5930 = EDGE_LOOP ( 'NONE', ( #4307, #6815, #7393, #2900 ) ) ;
#5931 = ORIENTED_EDGE ( 'NONE', *, *, #3420, .F. ) ;
#5932 = LINE ( 'NONE', #686, #2449 ) ;
#5933 = CARTESIAN_POINT ( 'NONE',  ( 270.0204893619999780, 235.3728311430000133, 296.1319457340000554 ) ) ;
#5934 = AXIS2_PLACEMENT_3D ( 'NONE', #1333, #4008, #5870 ) ;
#5935 = DIRECTION ( 'NONE',  ( 1.000000000000000000, 0.000000000000000000, 0.000000000000000000 ) ) ;
#5936 = CARTESIAN_POINT ( 'NONE',  ( 173.0589562610000200, 203.0626859429999911, 19.38360796250000107 ) ) ;
#5937 = VERTEX_POINT ( 'NONE', #2411 ) ;
#5938 = ORIENTED_EDGE ( 'NONE', *, *, #6269, .T. ) ;
#5939 = CARTESIAN_POINT ( 'NONE',  ( 47.69997301090000263, 242.7947431420000157, 86.24169788589999541 ) ) ;
#5940 = LINE ( 'NONE', #1767, #7645 ) ;
#5941 = AXIS2_PLACEMENT_3D ( 'NONE', #4122, #3344, #7204 ) ;
#5942 = CYLINDRICAL_SURFACE ( 'NONE', #4362, 2.500000046249985619 ) ;
#5943 = DIRECTION ( 'NONE',  ( 1.481718509849552606E-15, 0.9987686379936984160, 0.04961056097458502179 ) ) ;
#5944 = ORIENTED_EDGE ( 'NONE', *, *, #3231, .F. ) ;
#5945 = EDGE_LOOP ( 'NONE', ( #8160, #7521 ) ) ;
#5946 = AXIS2_PLACEMENT_3D ( 'NONE', #1883, #7494, #1797 ) ;
#5947 = CARTESIAN_POINT ( 'NONE',  ( 365.1999812870000142, 238.7856040040000210, 227.4253954400000168 ) ) ;
#5948 = CARTESIAN_POINT ( 'NONE',  ( 135.3794671060000212, 232.3761778609999737, 295.9826153390000059 ) ) ;
#5949 = DIRECTION ( 'NONE',  ( 1.000000000000000000, 1.110223004086031457E-13, 5.551115020430157443E-15 ) ) ;
#5950 = ADVANCED_FACE ( 'NONE', ( #4149 ), #2949, .F. ) ;
#5951 = VERTEX_POINT ( 'NONE', #6194 ) ;
#5952 = ORIENTED_EDGE ( 'NONE', *, *, #506, .T. ) ;
#5953 = CARTESIAN_POINT ( 'NONE',  ( 242.3409974840000132, 206.0686786070000096, 19.33731402229999929 ) ) ;
#5954 = AXIS2_PLACEMENT_3D ( 'NONE', #486, #1107, #1744 ) ;
#5955 = AXIS2_PLACEMENT_3D ( 'NONE', #8156, #2528, #3806 ) ;
#5956 = DIRECTION ( 'NONE',  ( 1.136675133409662280E-13, -0.9987686379937031900, -0.04961056097448531682 ) ) ;
#5957 = ORIENTED_EDGE ( 'NONE', *, *, #6173, .F. ) ;
#5958 = CARTESIAN_POINT ( 'NONE',  ( 47.69997335769999580, 243.9265115720000097, 123.9277298469999948 ) ) ;
#5959 = DIRECTION ( 'NONE',  ( -1.000000000000000000, 0.000000000000000000, 7.186551552045351961E-15 ) ) ;
#5960 = ADVANCED_FACE ( 'NONE', ( #319 ), #476, .F. ) ;
#5961 = EDGE_CURVE ( 'NONE', #275, #6977, #4811, .T. ) ;
#5962 = DIRECTION ( 'NONE',  ( 0.000000000000000000, -0.04961056097448530988, 0.9987686379937030789 ) ) ;
#5963 = VERTEX_POINT ( 'NONE', #2229 ) ;
#5964 = CIRCLE ( 'NONE', #4232, 2.500000046249998942 ) ;
#5965 = CARTESIAN_POINT ( 'NONE',  ( 260.0204893620000348, 192.4257797089999826, 293.9986916129999486 ) ) ;
#5966 = VECTOR ( 'NONE', #5037, 1000.000000000000000 ) ;
#5967 = ORIENTED_EDGE ( 'NONE', *, *, #963, .T. ) ;
#5968 = ADVANCED_FACE ( 'NONE', ( #4228 ), #5516, .T. ) ;
#5969 = DIRECTION ( 'NONE',  ( -0.9606977151331814735, -0.01377172553540253683, 0.2772548281160530093 ) ) ;
#5970 = CARTESIAN_POINT ( 'NONE',  ( 251.5607249690000060, 248.5017525140000032, 31.81805512670000269 ) ) ;
#5971 = CIRCLE ( 'NONE', #1037, 10.00000000000000888 ) ;
#5972 = CIRCLE ( 'NONE', #7038, 2.500000046250006047 ) ;
#5973 = ORIENTED_EDGE ( 'NONE', *, *, #7083, .F. ) ;
#5974 = DIRECTION ( 'NONE',  ( 1.481718509849552606E-15, 0.9987686379936984160, 0.04961056097458502179 ) ) ;
#5975 = VECTOR ( 'NONE', #7122, 1000.000000000000000 ) ;
#5976 = VERTEX_POINT ( 'NONE', #8014 ) ;
#5977 = EDGE_LOOP ( 'NONE', ( #6189, #33 ) ) ;
#5978 = LINE ( 'NONE', #2850, #573 ) ;
#5979 = EDGE_CURVE ( 'NONE', #1392, #6861, #7974, .T. ) ;
#5980 = CIRCLE ( 'NONE', #2395, 2.500000046250006047 ) ;
#5981 = LINE ( 'NONE', #6608, #5162 ) ;
#5982 = ORIENTED_EDGE ( 'NONE', *, *, #6471, .F. ) ;
#5983 = VECTOR ( 'NONE', #2808, 1000.000000000000114 ) ;
#5984 = CARTESIAN_POINT ( 'NONE',  ( 48.81778115559999520, 240.2136309889999950, 198.6686102100000255 ) ) ;
#5985 = ORIENTED_EDGE ( 'NONE', *, *, #3418, .F. ) ;
#5986 = EDGE_CURVE ( 'NONE', #6861, #4770, #5787, .T. ) ;
#5987 = AXIS2_PLACEMENT_3D ( 'NONE', #4080, #6626, #292 ) ;
#5988 = EDGE_LOOP ( 'NONE', ( #4279, #4158 ) ) ;
#5989 = ORIENTED_EDGE ( 'NONE', *, *, #3722, .F. ) ;
#5990 = CARTESIAN_POINT ( 'NONE',  ( 366.5821753120000039, 194.2706210080000062, 196.3870231170000125 ) ) ;
#5991 = CARTESIAN_POINT ( 'NONE',  ( 52.69997309199999336, 199.4115524339999865, 92.88887720419999994 ) ) ;
#5992 = VECTOR ( 'NONE', #5230, 1000.000000000000114 ) ;
#5993 = CIRCLE ( 'NONE', #2805, 2.500000046250006047 ) ;
#5994 = CARTESIAN_POINT ( 'NONE',  ( 366.2565270759999976, 194.9062838289999888, 244.0607414579999954 ) ) ;
#5995 = VERTEX_POINT ( 'NONE', #1650 ) ;
#5996 = VERTEX_POINT ( 'NONE', #6741 ) ;
#5997 = DIRECTION ( 'NONE',  ( 1.000000000000000000, 1.137978600240785959E-13, 5.551115123125785858E-15 ) ) ;
#5998 = DIRECTION ( 'NONE',  ( -1.140905882208934397E-13, 0.9987686379937031900, 0.04961056097448531682 ) ) ;
#5999 = ORIENTED_EDGE ( 'NONE', *, *, #7082, .F. ) ;
#6000 = VERTEX_POINT ( 'NONE', #2987 ) ;
#6001 = FACE_OUTER_BOUND ( 'NONE', #7682, .T. ) ;
#6002 = CYLINDRICAL_SURFACE ( 'NONE', #634, 2.500000046249998942 ) ;
#6003 = PERSON_AND_ORGANIZATION ( #5418, #4589 ) ;
#6004 = ORIENTED_EDGE ( 'NONE', *, *, #5979, .F. ) ;
#6005 = DIRECTION ( 'NONE',  ( -0.9999999999999998890, 4.577743564969999620E-10, -9.218199991789998611E-09 ) ) ;
#6006 = AXIS2_PLACEMENT_3D ( 'NONE', #7102, #6563, #7067 ) ;
#6007 = AXIS2_PLACEMENT_3D ( 'NONE', #13, #3094, #671 ) ;
#6008 = CARTESIAN_POINT ( 'NONE',  ( 297.6999812869999573, 189.1813971340000080, 298.8441833919999908 ) ) ;
#6009 = ORIENTED_EDGE ( 'NONE', *, *, #1912, .F. ) ;
#6010 = CARTESIAN_POINT ( 'NONE',  ( 292.5204893619999780, 202.8243198650000068, 24.18232599190000087 ) ) ;
#6011 = ORIENTED_EDGE ( 'NONE', *, *, #7931, .F. ) ;
#6012 = DIRECTION ( 'NONE',  ( -1.140769944945580082E-13, 0.9987686379937031900, 0.04961056097448531682 ) ) ;
#6013 = EDGE_CURVE ( 'NONE', #4642, #4669, #4849, .T. ) ;
#6014 = LINE ( 'NONE', #6642, #1812 ) ;
#6015 = CARTESIAN_POINT ( 'NONE',  ( 163.8392287740000199, 204.0565535869999678, 29.61038543460000128 ) ) ;
#6016 = CYLINDRICAL_SURFACE ( 'NONE', #5626, 118.1603675009999677 ) ;
#6017 = EDGE_LOOP ( 'NONE', ( #4539, #2275 ) ) ;
#6018 = EDGE_CURVE ( 'NONE', #6907, #4067, #1751, .T. ) ;
#6019 = CYLINDRICAL_SURFACE ( 'NONE', #2039, 10.00000000000000888 ) ;
#6020 = DIRECTION ( 'NONE',  ( 1.136868377219662335E-13, -0.9987686379937030789, -0.04961056097448530988 ) ) ;
#6021 = EDGE_CURVE ( 'NONE', #5286, #3504, #7598, .T. ) ;
#6022 = CARTESIAN_POINT ( 'NONE',  ( 135.3794671060000212, 235.3724837750000063, 296.1314470220000317 ) ) ;
#6023 = EDGE_LOOP ( 'NONE', ( #765, #3269 ) ) ;
#6024 = EDGE_CURVE ( 'NONE', #5855, #767, #4416, .T. ) ;
#6025 = DIRECTION ( 'NONE',  ( 1.136675133409662280E-13, -0.9987686379937031900, -0.04961056097448531682 ) ) ;
#6026 = ORIENTED_EDGE ( 'NONE', *, *, #6082, .T. ) ;
#6027 = ORIENTED_EDGE ( 'NONE', *, *, #6940, .T. ) ;
#6028 = ORIENTED_EDGE ( 'NONE', *, *, #7588, .T. ) ;
#6029 = CARTESIAN_POINT ( 'NONE',  ( 355.8573913780000453, 201.3378430310000056, 114.5793373340000016 ) ) ;
#6030 = DIRECTION ( 'NONE',  ( 1.481718509849552606E-15, 0.9987686379936984160, 0.04961056097458502179 ) ) ;
#6031 = AXIS2_PLACEMENT_3D ( 'NONE', #3112, #480, #602 ) ;
#6032 = ORIENTED_EDGE ( 'NONE', *, *, #1018, .F. ) ;
#6033 = EDGE_LOOP ( 'NONE', ( #5512, #5649 ) ) ;
#6034 = VECTOR ( 'NONE', #2457, 1000.000000000000114 ) ;
#6035 = DIRECTION ( 'NONE',  ( -0.9999999815015169213, -9.542390645425176819E-06, 0.0001921091059107480400 ) ) ;
#6036 = CARTESIAN_POINT ( 'NONE',  ( 280.0204893619999780, 202.8243437270000129, 24.18184560390000115 ) ) ;
#6037 = FACE_OUTER_BOUND ( 'NONE', #1727, .T. ) ;
#6038 = CARTESIAN_POINT ( 'NONE',  ( 366.5821744119999721, 243.9265061099999912, 123.9277295650000070 ) ) ;
#6039 = VERTEX_POINT ( 'NONE', #3860 ) ;
#6040 = ORIENTED_EDGE ( 'NONE', *, *, #1537, .T. ) ;
#6041 = LINE ( 'NONE', #414, #6775 ) ;
#6042 = AXIS2_PLACEMENT_3D ( 'NONE', #2480, #4421, #7537 ) ;
#6043 = LINE ( 'NONE', #6631, #3968 ) ;
#6044 = ORIENTED_EDGE ( 'NONE', *, *, #7476, .F. ) ;
#6045 = DIRECTION ( 'NONE',  ( -1.140924983549660398E-13, 0.9987686379937031900, 0.04961056097448531682 ) ) ;
#6046 = DIRECTION ( 'NONE',  ( 1.481718509849552606E-15, 0.9987686379936984160, 0.04961056097458502179 ) ) ;
#6047 = CIRCLE ( 'NONE', #7243, 2.500000046250006047 ) ;
#6048 = DIRECTION ( 'NONE',  ( 1.000000000000000000, 1.110223004086028302E-13, 0.000000000000000000 ) ) ;
#6049 = VERTEX_POINT ( 'NONE', #6236 ) ;
#6050 = DIRECTION ( 'NONE',  ( -9.229472258787260695E-09, 0.04961056097448531682, -0.9987686379937031900 ) ) ;
#6051 = ORIENTED_EDGE ( 'NONE', *, *, #1175, .F. ) ;
#6052 = CARTESIAN_POINT ( 'NONE',  ( 250.0204893620000064, 189.4294260830000098, 293.8508204749999777 ) ) ;
#6053 = DIRECTION ( 'NONE',  ( 1.136868377219662335E-13, -0.9987686379937030789, -0.04961056097448530988 ) ) ;
#6054 = AXIS2_PLACEMENT_3D ( 'NONE', #4046, #4695, #5875 ) ;
#6055 = CARTESIAN_POINT ( 'NONE',  ( 297.6999812869999573, 238.6087688849999893, 230.9854715259999978 ) ) ;
#6056 = LINE ( 'NONE', #3521, #6446 ) ;
#6057 = ORIENTED_EDGE ( 'NONE', *, *, #7734, .F. ) ;
#6058 = DIRECTION ( 'NONE',  ( 9.229566280597260777E-09, 0.04961056097448530988, -0.9987686379937030789 ) ) ;
#6059 = CC_DESIGN_SECURITY_CLASSIFICATION ( #1802, ( #4716 ) ) ;
#6060 = CIRCLE ( 'NONE', #3661, 2.500000046250006047 ) ;
#6061 = DIRECTION ( 'NONE',  ( 1.191485741169639838E-13, -0.04961056097458500097, 0.9987686379936980829 ) ) ;
#6062 = CC_DESIGN_PERSON_AND_ORGANIZATION_ASSIGNMENT ( #5832, #130, ( #46 ) ) ;
#6063 = DIRECTION ( 'NONE',  ( 1.136868377219662335E-13, -0.9987686379937030789, -0.04961056097448530988 ) ) ;
#6064 = ORIENTED_EDGE ( 'NONE', *, *, #6420, .T. ) ;
#6065 = CARTESIAN_POINT ( 'NONE',  ( 242.3409974379999881, 233.6266015249999839, 301.0518533559999810 ) ) ;
#6066 = ORIENTED_EDGE ( 'NONE', *, *, #2864, .F. ) ;
#6067 = VECTOR ( 'NONE', #2664, 1000.000000000000114 ) ;
#6068 = ORIENTED_EDGE ( 'NONE', *, *, #5760, .F. ) ;
#6069 = EDGE_CURVE ( 'NONE', #4154, #5475, #2614, .T. ) ;
#6070 = VERTEX_POINT ( 'NONE', #7022 ) ;
#6071 = ADVANCED_FACE ( 'NONE', ( #5136 ), #8125, .F. ) ;
#6072 = FACE_BOUND ( 'NONE', #4592, .T. ) ;
#6073 = EDGE_CURVE ( 'NONE', #5205, #2782, #4024, .T. ) ;
#6074 = DIRECTION ( 'NONE',  ( -1.481718509849552606E-15, -0.9987686379936984160, -0.04961056097458502179 ) ) ;
#6075 = ADVANCED_FACE ( 'NONE', ( #7672 ), #681, .F. ) ;
#6076 = DIRECTION ( 'NONE',  ( 1.140917689170156192E-13, -0.9987686379937031900, -0.04961056097448531682 ) ) ;
#6077 = ORIENTED_EDGE ( 'NONE', *, *, #3332, .F. ) ;
#6078 = ORIENTED_EDGE ( 'NONE', *, *, #3060, .F. ) ;
#6079 = ADVANCED_FACE ( 'NONE', ( #1182 ), #3738, .F. ) ;
#6080 = DIRECTION ( 'NONE',  ( 1.028643836775700270E-13, -0.9987686379937031900, -0.04961056097448781482 ) ) ;
#6081 = CARTESIAN_POINT ( 'NONE',  ( 50.19997309200000046, 199.4115285769999844, 92.88935750000000269 ) ) ;
#6082 = EDGE_CURVE ( 'NONE', #5846, #6070, #7343, .T. ) ;
#6083 = DIRECTION ( 'NONE',  ( 1.000000000000000000, 4.579932270289999393E-10, -9.218101611429999423E-09 ) ) ;
#6084 = ORIENTED_EDGE ( 'NONE', *, *, #5406, .F. ) ;
#6085 = LINE ( 'NONE', #7903, #1439 ) ;
#6086 = DIRECTION ( 'NONE',  ( -1.140924983549660398E-13, 0.9987686379937031900, 0.04961056097448531682 ) ) ;
#6087 = CIRCLE ( 'NONE', #2628, 10.00000000000000888 ) ;
#6088 = ORIENTED_EDGE ( 'NONE', *, *, #1338, .F. ) ;
#6089 = VECTOR ( 'NONE', #1618, 1000.000000000000114 ) ;
#6090 = CYLINDRICAL_SURFACE ( 'NONE', #3400, 2.500000046249988284 ) ;
#6091 = ORIENTED_EDGE ( 'NONE', *, *, #963, .F. ) ;
#6092 = AXIS2_PLACEMENT_3D ( 'NONE', #6055, #2893, #5419 ) ;
#6093 = DIRECTION ( 'NONE',  ( 1.000000000000000000, 1.139252903344777837E-13, 5.637540140262818152E-15 ) ) ;
#6094 = VECTOR ( 'NONE', #6061, 1000.000000000000341 ) ;
#6095 = DIRECTION ( 'NONE',  ( 1.140924983539660419E-13, -0.9987686379937031900, -0.04961056097448531682 ) ) ;
#6096 = DIRECTION ( 'NONE',  ( 0.9999999815015169213, -9.542390534402928566E-06, 0.0001921091057775223341 ) ) ;
#6097 = DIRECTION ( 'NONE',  ( 1.000000000000000000, 1.110223004086028302E-13, 5.551115020430141666E-15 ) ) ;
#6098 = DIRECTION ( 'NONE',  ( -1.140782803582870283E-13, 0.9987686379937031900, 0.04961056097448531682 ) ) ;
#6099 = CARTESIAN_POINT ( 'NONE',  ( 49.14342712949999736, 246.2871546660000206, 76.40284317560001170 ) ) ;
#6100 = CIRCLE ( 'NONE', #3308, 2.500000046250006047 ) ;
#6101 = ORIENTED_EDGE ( 'NONE', *, *, #202, .F. ) ;
#6102 = AXIS2_PLACEMENT_3D ( 'NONE', #7373, #3603, #1665 ) ;
#6103 = DIRECTION ( 'NONE',  ( 1.000000000000000000, 1.110223004086031457E-13, 5.551115020430157443E-15 ) ) ;
#6104 = CARTESIAN_POINT ( 'NONE',  ( 49.93558712990000004, 237.2173250750000193, 198.5197785269999997 ) ) ;
#6105 = CIRCLE ( 'NONE', #8074, 2.500000046250006047 ) ;
#6106 = CIRCLE ( 'NONE', #8211, 2.500000046250006047 ) ;
#6107 = CIRCLE ( 'NONE', #7304, 2.500000046250006047 ) ;
#6108 = LINE ( 'NONE', #2820, #4240 ) ;
#6109 = ORIENTED_EDGE ( 'NONE', *, *, #321, .F. ) ;
#6110 = CARTESIAN_POINT ( 'NONE',  ( 242.3409963010000183, 242.6576223139999797, 149.4731238369999744 ) ) ;
#6111 = ORIENTED_EDGE ( 'NONE', *, *, #5142, .F. ) ;
#6112 = VERTEX_POINT ( 'NONE', #4437 ) ;
#6113 = CIRCLE ( 'NONE', #6902, 2.500000046250006047 ) ;
#6114 = CIRCLE ( 'NONE', #1583, 2.500000046250006047 ) ;
#6115 = ORIENTED_EDGE ( 'NONE', *, *, #2149, .F. ) ;
#6116 = CIRCLE ( 'NONE', #1039, 2.500000046250006047 ) ;
#6117 = CARTESIAN_POINT ( 'NONE',  ( 365.1999812870000142, 193.8344578760000161, 205.1679368760000273 ) ) ;
#6118 = VERTEX_POINT ( 'NONE', #7507 ) ;
#6119 = CARTESIAN_POINT ( 'NONE',  ( 147.8794671059999928, 192.4254084860000091, 293.9986731729999860 ) ) ;
#6120 = ADVANCED_FACE ( 'NONE', ( #559 ), #3103, .F. ) ;
#6121 = ADVANCED_FACE ( 'NONE', ( #1859 ), #6943, .F. ) ;
#6122 = AXIS2_PLACEMENT_3D ( 'NONE', #1012, #6778, #1056 ) ;
#6123 = ORIENTED_EDGE ( 'NONE', *, *, #7473, .T. ) ;
#6124 = VERTEX_POINT ( 'NONE', #6980 ) ;
#6125 = EDGE_CURVE ( 'NONE', #2603, #7932, #3811, .T. ) ;
#6126 = CIRCLE ( 'NONE', #792, 10.00000000000000178 ) ;
#6127 = VECTOR ( 'NONE', #7121, 1000.000000000000114 ) ;
#6128 = DIRECTION ( 'NONE',  ( 1.140929279290950356E-13, -0.9987686379937031900, -0.04961056097448531682 ) ) ;
#6129 = CYLINDRICAL_SURFACE ( 'NONE', #2998, 10.00000000000001066 ) ;
#6130 = EDGE_LOOP ( 'NONE', ( #8045, #8142, #7775, #4454 ) ) ;
#6131 = DIRECTION ( 'NONE',  ( 1.000000000000000000, 1.110223004086028302E-13, 5.551115020430141666E-15 ) ) ;
#6132 = DIRECTION ( 'NONE',  ( 1.494217021172662241E-15, 0.9987686379936981940, 0.04961056097458500791 ) ) ;
#6133 = EDGE_LOOP ( 'NONE', ( #8029, #6477 ) ) ;
#6134 = DIRECTION ( 'NONE',  ( -0.9999999815032921680, -9.541932867173944115E-06, 0.0001920998875556736150 ) ) ;
#6135 = EDGE_CURVE ( 'NONE', #1466, #2230, #3202, .T. ) ;
#6136 = CARTESIAN_POINT ( 'NONE',  ( 49.14342722179999612, 244.2928961000000072, 86.31611371409999833 ) ) ;
#6137 = DIRECTION ( 'NONE',  ( 0.9999999815032921680, -9.541932645129290062E-06, 0.0001920998876236737181 ) ) ;
#6138 = DIRECTION ( 'NONE',  ( 1.140924983539660419E-13, -0.9987686379937031900, -0.04961056097448531682 ) ) ;
#6139 = LINE ( 'NONE', #4169, #918 ) ;
#6140 = CARTESIAN_POINT ( 'NONE',  ( 165.3794671060000212, 232.3761301490000051, 295.9835758849999934 ) ) ;
#6141 = FACE_BOUND ( 'NONE', #324, .T. ) ;
#6142 = PLANE ( 'NONE',  #6620 ) ;
#6143 = CYLINDRICAL_SURFACE ( 'NONE', #7142, 2.500000046249988284 ) ;
#6144 = DIRECTION ( 'NONE',  ( 1.000000000000000000, 1.110223004086028302E-13, 0.000000000000000000 ) ) ;
#6145 = DIRECTION ( 'NONE',  ( 1.000000000000000000, 1.110223004086028302E-13, 0.000000000000000000 ) ) ;
#6146 = DIRECTION ( 'NONE',  ( 1.140924983539660419E-13, -0.9987686379937031900, -0.04961056097448531682 ) ) ;
#6147 = FACE_OUTER_BOUND ( 'NONE', #4252, .T. ) ;
#6148 = ORIENTED_EDGE ( 'NONE', *, *, #5760, .T. ) ;
#6149 = CARTESIAN_POINT ( 'NONE',  ( 117.6999751809999992, 189.2165520869999966, 298.1289456519999703 ) ) ;
#6150 = EDGE_LOOP ( 'NONE', ( #2049, #4367 ) ) ;
#6151 = VERTEX_POINT ( 'NONE', #2059 ) ;
#6152 = FACE_OUTER_BOUND ( 'NONE', #5930, .T. ) ;
#6153 = DIRECTION ( 'NONE',  ( 2.422239006785333941E-14, 0.9987686379936985270, 0.04961056097457848535 ) ) ;
#6154 = PLANE ( 'NONE',  #1163 ) ;
#6155 = DIRECTION ( 'NONE',  ( 1.136675133409662280E-13, -0.9987686379937031900, -0.04961056097448531682 ) ) ;
#6156 = EDGE_LOOP ( 'NONE', ( #5502, #5871, #6612, #4003 ) ) ;
#6157 = ORIENTED_EDGE ( 'NONE', *, *, #2822, .T. ) ;
#6158 = DIRECTION ( 'NONE',  ( 1.481718509849552606E-15, 0.9987686379936984160, 0.04961056097458502179 ) ) ;
#6159 = DIRECTION ( 'NONE',  ( 1.140924983539660419E-13, -0.9987686379937031900, -0.04961056097448531682 ) ) ;
#6160 = CARTESIAN_POINT ( 'NONE',  ( 306.2760330180000210, 204.0439730369999722, 29.86354904170000069 ) ) ;
#6161 = DIRECTION ( 'NONE',  ( 1.000000000000000000, 1.110223004086028302E-13, 5.551115020430141666E-15 ) ) ;
#6162 = ORIENTED_EDGE ( 'NONE', *, *, #5135, .T. ) ;
#6163 = CARTESIAN_POINT ( 'NONE',  ( 52.69997309199999336, 199.4115047220000179, 92.88983774969999274 ) ) ;
#6164 = EDGE_CURVE ( 'NONE', #5976, #3907, #6419, .T. ) ;
#6165 = ORIENTED_EDGE ( 'NONE', *, *, #62, .F. ) ;
#6166 = EDGE_CURVE ( 'NONE', #6547, #7070, #5887, .T. ) ;
#6167 = ORIENTED_EDGE ( 'NONE', *, *, #8133, .T. ) ;
#6168 = VERTEX_POINT ( 'NONE', #4557 ) ;
#6169 = EDGE_CURVE ( 'NONE', #5892, #598, #2963, .T. ) ;
#6170 = EDGE_CURVE ( 'NONE', #5133, #7982, #7458, .T. ) ;
#6171 = CYLINDRICAL_SURFACE ( 'NONE', #8094, 2.500000046250002050 ) ;
#6172 = EDGE_LOOP ( 'NONE', ( #6220, #4389, #3020, #7237 ) ) ;
#6173 = EDGE_CURVE ( 'NONE', #5218, #1960, #2422, .T. ) ;
#6174 = LINE ( 'NONE', #2388, #4379 ) ;
#6175 = DIRECTION ( 'NONE',  ( 1.140768893269510162E-13, -0.9987686379937031900, -0.04961056097448531682 ) ) ;
#6176 = ADVANCED_FACE ( 'NONE', ( #6524 ), #7796, .F. ) ;
#6177 = CARTESIAN_POINT ( 'NONE',  ( 267.5204893619999780, 189.4294499389999942, 293.8503402019999839 ) ) ;
#6178 = CARTESIAN_POINT ( 'NONE',  ( 52.69997518129999747, 237.7831854340000177, 217.3632747800000118 ) ) ;
#6179 = LINE ( 'NONE', #2394, #7762 ) ;
#6180 = ORIENTED_EDGE ( 'NONE', *, *, #6315, .T. ) ;
#6181 = VECTOR ( 'NONE', #1454, 1000.000000000000114 ) ;
#6182 = CARTESIAN_POINT ( 'NONE',  ( 250.0204893620000064, 205.8206019419999961, 24.33163755580000043 ) ) ;
#6183 = LINE ( 'NONE', #6969, #7484 ) ;
#6184 = CARTESIAN_POINT ( 'NONE',  ( 365.1999806519999652, 200.9096760710000069, 92.96377307009998958 ) ) ;
#6185 = DIRECTION ( 'NONE',  ( -0.9999999815015169213, 9.542390523300698320E-06, -0.0001921091057553178736 ) ) ;
#6186 = ORIENTED_EDGE ( 'NONE', *, *, #4078, .T. ) ;
#6187 = FACE_OUTER_BOUND ( 'NONE', #4883, .T. ) ;
#6188 = ORIENTED_EDGE ( 'NONE', *, *, #7389, .T. ) ;
#6189 = ORIENTED_EDGE ( 'NONE', *, *, #7383, .F. ) ;
#6190 = VECTOR ( 'NONE', #385, 1000.000000000000000 ) ;
#6191 = VERTEX_POINT ( 'NONE', #806 ) ;
#6192 = AXIS2_PLACEMENT_3D ( 'NONE', #2122, #4040, #6579 ) ;
#6193 = DIRECTION ( 'NONE',  ( 1.136754526454196255E-13, -0.9987686379937031900, -0.04961056097448531682 ) ) ;
#6194 = CARTESIAN_POINT ( 'NONE',  ( 47.69997518130000458, 238.3490935049999848, 236.2058104869999795 ) ) ;
#6195 = DIRECTION ( 'NONE',  ( 1.136868377219662335E-13, -0.9987686379937030789, -0.04961056097448530988 ) ) ;
#6196 = AXIS2_PLACEMENT_3D ( 'NONE', #4402, #605, #6951 ) ;
#6197 = ORIENTED_EDGE ( 'NONE', *, *, #3441, .T. ) ;
#6198 = VECTOR ( 'NONE', #1499, 1000.000000000000114 ) ;
#6199 = ORIENTED_EDGE ( 'NONE', *, *, #5853, .F. ) ;
#6200 = FACE_OUTER_BOUND ( 'NONE', #3867, .T. ) ;
#6201 = CARTESIAN_POINT ( 'NONE',  ( 292.5204893619999780, 247.2695242559999826, 26.38999595530000164 ) ) ;
#6202 = CARTESIAN_POINT ( 'NONE',  ( 132.8794671060000212, 190.9272555290000071, 293.9242573320000247 ) ) ;
#6203 = DIRECTION ( 'NONE',  ( 1.136675133409662280E-13, -0.9987686379937031900, -0.04961056097448531682 ) ) ;
#6204 = EDGE_LOOP ( 'NONE', ( #711, #4708 ) ) ;
#6205 = DIRECTION ( 'NONE',  ( 1.000000000000000000, 1.110223004086028302E-13, 0.000000000000000000 ) ) ;
#6206 = CARTESIAN_POINT ( 'NONE',  ( 260.0204893620000348, 204.3224966929999766, 24.25626126099999880 ) ) ;
#6207 = ORIENTED_EDGE ( 'NONE', *, *, #4078, .F. ) ;
#6208 = ORIENTED_EDGE ( 'NONE', *, *, #7930, .F. ) ;
#6209 = ORIENTED_EDGE ( 'NONE', *, *, #550, .F. ) ;
#6210 = EDGE_CURVE ( 'NONE', #6272, #5900, #1386, .T. ) ;
#6211 = CARTESIAN_POINT ( 'NONE',  ( 287.5204893619999780, 233.8746543299999985, 296.0580101659999741 ) ) ;
#6212 = FACE_OUTER_BOUND ( 'NONE', #2078, .T. ) ;
#6213 = CARTESIAN_POINT ( 'NONE',  ( 366.2565266140000517, 243.2908432890000086, 76.25401122140000609 ) ) ;
#6214 = AXIS2_PLACEMENT_3D ( 'NONE', #301, #1086, #3640 ) ;
#6215 = DIRECTION ( 'NONE',  ( 0.000000000000000000, -0.9987686379936980829, -0.04961056097458500097 ) ) ;
#6216 = EDGE_CURVE ( 'NONE', #2857, #2466, #5344, .T. ) ;
#6217 = CARTESIAN_POINT ( 'NONE',  ( 267.5204893619999780, 232.3765013729999964, 295.9835943240000233 ) ) ;
#6218 = CARTESIAN_POINT ( 'NONE',  ( 50.19997309200000046, 245.3548859249999907, 95.17144330479999326 ) ) ;
#6219 = EDGE_CURVE ( 'NONE', #76, #6715, #5301, .T. ) ;
#6220 = ORIENTED_EDGE ( 'NONE', *, *, #5915, .F. ) ;
#6221 = DIRECTION ( 'NONE',  ( 1.090974494416728162E-13, -0.9987686379937031900, -0.04961056097448661439 ) ) ;
#6222 = AXIS2_PLACEMENT_3D ( 'NONE', #6349, #5000, #1759 ) ;
#6223 = EDGE_CURVE ( 'NONE', #2506, #674, #2285, .T. ) ;
#6224 = VECTOR ( 'NONE', #7412, 1000.000000000000114 ) ;
#6225 = DIRECTION ( 'NONE',  ( 1.140924983539660419E-13, -0.9987686379937031900, -0.04961056097448531682 ) ) ;
#6226 = AXIS2_PLACEMENT_3D ( 'NONE', #5019, #6329, #8138 ) ;
#6227 = ORIENTED_EDGE ( 'NONE', *, *, #1218, .F. ) ;
#6228 = ADVANCED_FACE ( 'NONE', ( #846 ), #1477, .T. ) ;
#6229 = AXIS2_PLACEMENT_3D ( 'NONE', #5470, #2310, #1720 ) ;
#6230 = PLANE ( 'NONE',  #5844 ) ;
#6231 = ORIENTED_EDGE ( 'NONE', *, *, #3231, .T. ) ;
#6232 = EDGE_CURVE ( 'NONE', #490, #7459, #4536, .T. ) ;
#6233 = VERTEX_POINT ( 'NONE', #3323 ) ;
#6234 = ORIENTED_EDGE ( 'NONE', *, *, #3377, .T. ) ;
#6235 = VECTOR ( 'NONE', #2133, 1000.000000000000341 ) ;
#6236 = CARTESIAN_POINT ( 'NONE',  ( 50.19997518130000458, 236.2850563329999716, 217.2883786659999998 ) ) ;
#6237 = CARTESIAN_POINT ( 'NONE',  ( 107.6999751809999992, 189.2165520869999966, 298.1289456519999703 ) ) ;
#6238 = AXIS2_PLACEMENT_3D ( 'NONE', #7854, #149, #5307 ) ;
#6239 = AXIS2_PLACEMENT_3D ( 'NONE', #274, #6731, #1010 ) ;
#6240 = ORIENTED_EDGE ( 'NONE', *, *, #6945, .T. ) ;
#6241 = AXIS2_PLACEMENT_3D ( 'NONE', #3000, #2205, #293 ) ;
#6242 = ORIENTED_EDGE ( 'NONE', *, *, #1533, .F. ) ;
#6243 = CYLINDRICAL_SURFACE ( 'NONE', #7230, 2.500000046249988284 ) ;
#6244 = DIRECTION ( 'NONE',  ( 1.136754526454196255E-13, -0.9987686379937031900, -0.04961056097448531682 ) ) ;
#6245 = DIRECTION ( 'NONE',  ( 1.000000000000000000, 1.137978600240784444E-13, 5.551115123125777969E-15 ) ) ;
#6246 = AXIS2_PLACEMENT_3D ( 'NONE', #4423, #7624, #7471 ) ;
#6247 = CARTESIAN_POINT ( 'NONE',  ( 260.0204893620000348, 192.4257319969999855, 293.9996521580000035 ) ) ;
#6248 = CIRCLE ( 'NONE', #6122, 2.500000046250006047 ) ;
#6249 = DIRECTION ( 'NONE',  ( 1.000000000000000000, 0.000000000000000000, 0.000000000000000000 ) ) ;
#6250 = ORIENTED_EDGE ( 'NONE', *, *, #2250, .T. ) ;
#6251 = ORIENTED_EDGE ( 'NONE', *, *, #603, .F. ) ;
#6252 = ORIENTED_EDGE ( 'NONE', *, *, #7077, .F. ) ;
#6253 = VECTOR ( 'NONE', #5129, 1000.000000000000114 ) ;
#6254 = VECTOR ( 'NONE', #3949, 1000.000000000000114 ) ;
#6255 = LINE ( 'NONE', #8067, #7436 ) ;
#6256 = VERTEX_POINT ( 'NONE', #5851 ) ;
#6257 = CARTESIAN_POINT ( 'NONE',  ( 242.3409974840000132, 204.5705256500000075, 19.26289818080000060 ) ) ;
#6258 = DIRECTION ( 'NONE',  ( 1.140793352869616262E-13, -0.9987686379937031900, -0.04961056097448531682 ) ) ;
#6259 = DIRECTION ( 'NONE',  ( 1.000000000000000000, 1.137978600240785959E-13, 5.551115123125785858E-15 ) ) ;
#6260 = ORIENTED_EDGE ( 'NONE', *, *, #4528, .T. ) ;
#6261 = FACE_OUTER_BOUND ( 'NONE', #7700, .T. ) ;
#6262 = DIRECTION ( 'NONE',  ( 0.9999999815015170324, 9.542390645425124303E-06, -0.0001921091058663380619 ) ) ;
#6263 = EDGE_CURVE ( 'NONE', #3014, #6581, #2567, .T. ) ;
#6264 = DIRECTION ( 'NONE',  ( 1.000000000000000000, 1.134554953227892735E-13, 5.637540140262821307E-15 ) ) ;
#6265 = FACE_OUTER_BOUND ( 'NONE', #5004, .T. ) ;
#6266 = CARTESIAN_POINT ( 'NONE',  ( 163.8392314490000103, 192.6913332029999992, 288.6450294660000395 ) ) ;
#6267 = CARTESIAN_POINT ( 'NONE',  ( 109.1239207259999944, 205.5421314569999822, 29.93796515449999873 ) ) ;
#6268 = ORIENTED_EDGE ( 'NONE', *, *, #6210, .T. ) ;
#6269 = EDGE_CURVE ( 'NONE', #2017, #3792, #703, .T. ) ;
#6270 = EDGE_CURVE ( 'NONE', #6112, #962, #7984, .T. ) ;
#6271 = FACE_BOUND ( 'NONE', #4345, .T. ) ;
#6272 = VERTEX_POINT ( 'NONE', #5661 ) ;
#6273 = ORIENTED_EDGE ( 'NONE', *, *, #6574, .F. ) ;
#6274 = ADVANCED_FACE ( 'NONE', ( #3724 ), #7709, .F. ) ;
#6275 = FACE_BOUND ( 'NONE', #4288, .T. ) ;
#6276 = ADVANCED_FACE ( 'NONE', ( #8155 ), #5165, .T. ) ;
#6277 = DIRECTION ( 'NONE',  ( 1.000000000000000000, 1.137978600240784444E-13, 5.551115123125777969E-15 ) ) ;
#6278 = EDGE_CURVE ( 'NONE', #7099, #4444, #1296, .T. ) ;
#6279 = DIRECTION ( 'NONE',  ( 1.136868377219662335E-13, -0.9987686379937030789, -0.04961056097448530988 ) ) ;
#6280 = CARTESIAN_POINT ( 'NONE',  ( 306.2760330699999827, 232.6550011509999933, 290.3767872430000239 ) ) ;
#6281 = ORIENTED_EDGE ( 'NONE', *, *, #2862, .F. ) ;
#6282 = EDGE_LOOP ( 'NONE', ( #593, #1473, #6260, #2724 ) ) ;
#6283 = DIRECTION ( 'NONE',  ( 1.136675133409662280E-13, -0.9987686379937031900, -0.04961056097448531682 ) ) ;
#6284 = EDGE_CURVE ( 'NONE', #7072, #6168, #546, .T. ) ;
#6285 = DIRECTION ( 'NONE',  ( 1.000000000000000000, 0.000000000000000000, 0.000000000000000000 ) ) ;
#6286 = DIRECTION ( 'NONE',  ( 1.000000000000000000, 0.000000000000000000, 0.000000000000000000 ) ) ;
#6287 = DIRECTION ( 'NONE',  ( 1.000000000000000000, 1.110223004086028302E-13, 0.000000000000000000 ) ) ;
#6288 = CARTESIAN_POINT ( 'NONE',  ( 297.6999812869999573, 235.1602568019999921, 300.4115301689999455 ) ) ;
#6289 = VERTEX_POINT ( 'NONE', #89 ) ;
#6290 = DIRECTION ( 'NONE',  ( 1.000000000000000000, -1.409385035065704932E-15, 0.000000000000000000 ) ) ;
#6291 = ORIENTED_EDGE ( 'NONE', *, *, #7584, .T. ) ;
#6292 = VERTEX_POINT ( 'NONE', #6345 ) ;
#6293 = LINE ( 'NONE', #4410, #5929 ) ;
#6294 = FACE_BOUND ( 'NONE', #6445, .T. ) ;
#6295 = ORIENTED_EDGE ( 'NONE', *, *, #3722, .T. ) ;
#6296 = CARTESIAN_POINT ( 'NONE',  ( 163.0589562629999989, 203.0529937260000111, 19.57873340649999605 ) ) ;
#6297 = DIRECTION ( 'NONE',  ( 1.000000000000000000, 1.110223004086031457E-13, 5.551115020430157443E-15 ) ) ;
#6298 = DIRECTION ( 'NONE',  ( 0.000000000000000000, 0.04961056097448530988, -0.9987686379937030789 ) ) ;
#6299 = CARTESIAN_POINT ( 'NONE',  ( 297.6999812869999573, 192.1954542080000010, 298.6356455610000467 ) ) ;
#6300 = ORIENTED_EDGE ( 'NONE', *, *, #5896, .T. ) ;
#6301 = DIRECTION ( 'NONE',  ( 1.481718509849552606E-15, 0.9987686379936984160, 0.04961056097458502179 ) ) ;
#6302 = FACE_BOUND ( 'NONE', #6898, .T. ) ;
#6303 = VECTOR ( 'NONE', #271, 1000.000000000000114 ) ;
#6304 = CARTESIAN_POINT ( 'NONE',  ( 270.0204893619999780, 205.8206496450000031, 24.33067719470000156 ) ) ;
#6305 = CARTESIAN_POINT ( 'NONE',  ( 58.90552426510000572, 246.1795848350000142, 78.56845815700000912 ) ) ;
#6306 = CIRCLE ( 'NONE', #2455, 2.500000046249998942 ) ;
#6307 = ORIENTED_EDGE ( 'NONE', *, *, #2827, .F. ) ;
#6308 = FACE_OUTER_BOUND ( 'NONE', #4640, .T. ) ;
#6309 = ORIENTED_EDGE ( 'NONE', *, *, #2375, .T. ) ;
#6310 = VERTEX_POINT ( 'NONE', #548 ) ;
#6311 = CARTESIAN_POINT ( 'NONE',  ( 52.69997518129999747, 193.3380287550000105, 215.1546442709999951 ) ) ;
#6312 = VECTOR ( 'NONE', #6603, 1000.000000000000114 ) ;
#6313 = DIRECTION ( 'NONE',  ( 0.000000000000000000, -0.9987680247135006795, -0.04962290610083169157 ) ) ;
#6314 = FACE_BOUND ( 'NONE', #6746, .T. ) ;
#6315 = EDGE_CURVE ( 'NONE', #3331, #3295, #2140, .T. ) ;
#6316 = CARTESIAN_POINT ( 'NONE',  ( 52.69997318429999922, 243.3606035030000214, 105.0851940929999984 ) ) ;
#6317 = CIRCLE ( 'NONE', #1260, 2.500000046250006047 ) ;
#6318 = ORIENTED_EDGE ( 'NONE', *, *, #6223, .F. ) ;
#6319 = ADVANCED_FACE ( 'NONE', ( #2525 ), #4548, .T. ) ;
#6320 = VERTEX_POINT ( 'NONE', #7622 ) ;
#6321 = VERTEX_POINT ( 'NONE', #7587 ) ;
#6322 = CARTESIAN_POINT ( 'NONE',  ( 242.3409974379999881, 190.6795500910000101, 298.9185992339999984 ) ) ;
#6323 = ADVANCED_FACE ( 'NONE', ( #1930 ), #3139, .F. ) ;
#6324 = AXIS2_PLACEMENT_3D ( 'NONE', #2629, #4456, #2674 ) ;
#6325 = EDGE_CURVE ( 'NONE', #4842, #4220, #6942, .T. ) ;
#6326 = DIRECTION ( 'NONE',  ( 1.481718509863570270E-15, 0.9987686379936981940, 0.04961056097458500791 ) ) ;
#6327 = LINE ( 'NONE', #3904, #5638 ) ;
#6328 = CARTESIAN_POINT ( 'NONE',  ( 49.93558712990000004, 197.2665795550000212, 196.5353560879999861 ) ) ;
#6329 = DIRECTION ( 'NONE',  ( -1.481718509849552606E-15, -0.9987686379936984160, -0.04961056097458502179 ) ) ;
#6330 = ORIENTED_EDGE ( 'NONE', *, *, #3681, .T. ) ;
#6331 = CARTESIAN_POINT ( 'NONE',  ( 125.3794671060000070, 189.4291264279999893, 293.8493612179999559 ) ) ;
#6332 = ORIENTED_EDGE ( 'NONE', *, *, #3577, .F. ) ;
#6333 = ADVANCED_FACE ( 'NONE', ( #7661, #7011, #3766, #1846, #1968, #4382, #6302, #7057, #8197 ), #1888, .T. ) ;
#6334 = CARTESIAN_POINT ( 'NONE',  ( 163.8392287740000199, 248.5017579770000111, 31.81805539799999849 ) ) ;
#6335 = EDGE_CURVE ( 'NONE', #6974, #5210, #7858, .T. ) ;
#6336 = CIRCLE ( 'NONE', #3807, 2.500000046249998942 ) ;
#6337 = CARTESIAN_POINT ( 'NONE',  ( 366.2565270759999976, 193.9042364810000265, 233.9986392360000025 ) ) ;
#6338 = CARTESIAN_POINT ( 'NONE',  ( 360.1999812869999573, 196.3346581800000195, 215.3044549389999816 ) ) ;
#6339 = DIRECTION ( 'NONE',  ( 1.140924983539660419E-13, -0.9987686379937031900, -0.04961056097448531682 ) ) ;
#6340 = DIRECTION ( 'NONE',  ( -1.140924984700616285E-13, 0.9987686379937031900, 0.04961056097448531682 ) ) ;
#6341 = DIRECTION ( 'NONE',  ( -0.9999999815015169213, -9.542390645425176819E-06, 0.0001921091059107480400 ) ) ;
#6342 = CARTESIAN_POINT ( 'NONE',  ( 167.8794643810000196, 205.8206312629999957, 24.33115753139999882 ) ) ;
#6343 = ORIENTED_EDGE ( 'NONE', *, *, #2195, .T. ) ;
#6344 = LINE ( 'NONE', #626, #7891 ) ;
#6345 = CARTESIAN_POINT ( 'NONE',  ( 127.8794671060000070, 235.3724599189999935, 296.1319272950000254 ) ) ;
#6346 = CLOSED_SHELL ( 'NONE', ( #2613, #7197, #305, #1729, #410, #6534, #1479, #1063, #4476, #7727, #3240, #3068, #3228, #4129, #5046, #4838, #3491, #3391, #2853, #7581, #6542, #2709, #5137, #6071, #64, #921, #7331, #4396, #5686, #6887 ) ) ;
#6347 = DIRECTION ( 'NONE',  ( -1.136868377219662335E-13, 0.9987686379937030789, 0.04961056097448530988 ) ) ;
#6348 = DIRECTION ( 'NONE',  ( -1.140924983539660419E-13, 0.9987686379937031900, 0.04961056097448531682 ) ) ;
#6349 = CARTESIAN_POINT ( 'NONE',  ( 362.6999812869999573, 192.8422705129999883, 225.1428293629999757 ) ) ;
#6350 = CARTESIAN_POINT ( 'NONE',  ( 356.4944294790000185, 243.1832734580000022, 78.41962620270000173 ) ) ;
#6351 = EDGE_LOOP ( 'NONE', ( #3297, #904, #7777, #5170 ) ) ;
#6352 = DIRECTION ( 'NONE',  ( -1.136868377219662335E-13, 0.9987686379937030789, 0.04961056097448530988 ) ) ;
#6353 = CIRCLE ( 'NONE', #1424, 2.500000046250006047 ) ;
#6354 = ORIENTED_EDGE ( 'NONE', *, *, #867, .F. ) ;
#6355 = CIRCLE ( 'NONE', #3821, 60.22727286730000884 ) ;
#6356 = AXIS2_PLACEMENT_3D ( 'NONE', #4210, #3048, #6767 ) ;
#6357 = ORIENTED_EDGE ( 'NONE', *, *, #516, .F. ) ;
#6358 = CARTESIAN_POINT ( 'NONE',  ( 47.69997335769999580, 242.4283586150000076, 123.8533140050000014 ) ) ;
#6359 = AXIS2_PLACEMENT_3D ( 'NONE', #6972, #6348, #632 ) ;
#6360 = FACE_BOUND ( 'NONE', #8186, .T. ) ;
#6361 = CARTESIAN_POINT ( 'NONE',  ( 252.3409974380000449, 233.6459859499999823, 300.6616026519999991 ) ) ;
#6362 = VERTEX_POINT ( 'NONE', #3804 ) ;
#6363 = VERTEX_POINT ( 'NONE', #1412 ) ;
#6364 = VECTOR ( 'NONE', #3119, 1000.000000000000114 ) ;
#6365 = AXIS2_PLACEMENT_3D ( 'NONE', #6641, #7954, #2389 ) ;
#6366 = DIRECTION ( 'NONE',  ( 0.9999999815032921680, 9.541932878276174361E-06, -0.0001920998875903680845 ) ) ;
#6367 = DIRECTION ( 'NONE',  ( 7.562288025517751918E-15, -0.04961056097448530988, 0.9987686379937030789 ) ) ;
#6368 = CARTESIAN_POINT ( 'NONE',  ( 365.1999812870000142, 236.2854037000000176, 217.2888773779999951 ) ) ;
#6369 = EDGE_CURVE ( 'NONE', #891, #6049, #2758, .T. ) ;
#6370 = CARTESIAN_POINT ( 'NONE',  ( 242.3409974379999881, 235.1441389070000128, 300.7360184940000067 ) ) ;
#6371 = EDGE_CURVE ( 'NONE', #6461, #7712, #2179, .T. ) ;
#6372 = CARTESIAN_POINT ( 'NONE',  ( 362.6999805599999718, 244.8587509969999871, 105.1596096629999835 ) ) ;
#6373 = VECTOR ( 'NONE', #5064, 1000.000000000000114 ) ;
#6374 = VECTOR ( 'NONE', #5352, 1000.000000000000114 ) ;
#6375 = EDGE_LOOP ( 'NONE', ( #6651, #2983 ) ) ;
#6376 = DIRECTION ( 'NONE',  ( 1.481718509849552606E-15, 0.9987686379936984160, 0.04961056097458502179 ) ) ;
#6377 = ORIENTED_EDGE ( 'NONE', *, *, #99, .F. ) ;
#6378 = ADVANCED_FACE ( 'NONE', ( #4698 ), #5409, .F. ) ;
#6379 = LINE ( 'NONE', #3876, #3258 ) ;
#6380 = VECTOR ( 'NONE', #6347, 1000.000000000000114 ) ;
#6381 = CIRCLE ( 'NONE', #2530, 2.500000046250006047 ) ;
#6382 = CIRCLE ( 'NONE', #5169, 2.500000046249998942 ) ;
#6383 = DIRECTION ( 'NONE',  ( 0.9999999815015170324, 9.542390645425178513E-06, -0.0001921091058441346856 ) ) ;
#6384 = ORIENTED_EDGE ( 'NONE', *, *, #1019, .F. ) ;
#6385 = LINE ( 'NONE', #4500, #1185 ) ;
#6386 = DIRECTION ( 'NONE',  ( 1.000000000000000000, 1.137978600240784444E-13, 5.551115123125777969E-15 ) ) ;
#6387 = CARTESIAN_POINT ( 'NONE',  ( 307.6999812870000142, 232.1639508880000164, 300.2626984860000334 ) ) ;
#6388 = ADVANCED_FACE ( 'NONE', ( #7991 ), #4824, .F. ) ;
#6389 = AXIS2_PLACEMENT_3D ( 'NONE', #7909, #2210, #4748 ) ;
#6390 = FACE_OUTER_BOUND ( 'NONE', #1560, .T. ) ;
#6391 = CARTESIAN_POINT ( 'NONE',  ( 252.3409974810000165, 206.0492941769999788, 19.72756481809999940 ) ) ;
#6392 = VECTOR ( 'NONE', #2153, 1000.000000000000341 ) ;
#6393 = CARTESIAN_POINT ( 'NONE',  ( 165.3794643810000196, 204.3225021599999991, 24.25626144019999941 ) ) ;
#6394 = DIRECTION ( 'NONE',  ( 1.140924983539660419E-13, -0.9987686379937031900, -0.04961056097448531682 ) ) ;
#6395 = VECTOR ( 'NONE', #7002, 1000.000000000000341 ) ;
#6396 = CARTESIAN_POINT ( 'NONE',  ( 282.5204893619999780, 247.2695242599999972, 26.38999586310000112 ) ) ;
#6397 = EDGE_CURVE ( 'NONE', #2146, #1258, #6379, .T. ) ;
#6398 = AXIS2_PLACEMENT_3D ( 'NONE', #597, #3814, #3070 ) ;
#6399 = CARTESIAN_POINT ( 'NONE',  ( 173.0589562600000022, 204.5705311129999870, 19.26289845220000174 ) ) ;
#6400 = CARTESIAN_POINT ( 'NONE',  ( 362.6999806519999652, 199.4114992590000099, 92.88983747839998273 ) ) ;
#6401 = LINE ( 'NONE', #677, #489 ) ;
#6402 = CARTESIAN_POINT ( 'NONE',  ( 152.8794671059999928, 192.4254084860000091, 293.9986731729999860 ) ) ;
#6403 = ORIENTED_EDGE ( 'NONE', *, *, #2040, .T. ) ;
#6404 = ORIENTED_EDGE ( 'NONE', *, *, #1691, .F. ) ;
#6405 = ORIENTED_EDGE ( 'NONE', *, *, #2357, .F. ) ;
#6406 = FACE_BOUND ( 'NONE', #749, .T. ) ;
#6407 = CARTESIAN_POINT ( 'NONE',  ( 366.2565270759999976, 236.3551823049999996, 246.1195797379999988 ) ) ;
#6408 = VERTEX_POINT ( 'NONE', #1198 ) ;
#6409 = EDGE_LOOP ( 'NONE', ( #3956, #6064 ) ) ;
#6410 = DIRECTION ( 'NONE',  ( -1.136868377219662335E-13, 0.9987686379937030789, 0.04961056097448530988 ) ) ;
#6411 = CARTESIAN_POINT ( 'NONE',  ( 366.2565266140000517, 244.7889962460000106, 76.32842706280000300 ) ) ;
#6412 = DIRECTION ( 'NONE',  ( 1.000000000000000000, 1.110223004086028302E-13, 5.551115020430141666E-15 ) ) ;
#6413 = FACE_OUTER_BOUND ( 'NONE', #5322, .T. ) ;
#6414 = CARTESIAN_POINT ( 'NONE',  ( 49.14342712949999736, 243.2908487519999881, 76.25401149270000190 ) ) ;
#6415 = DIRECTION ( 'NONE',  ( 1.136877572554200213E-13, -0.9987686379937031900, -0.04961056097448531682 ) ) ;
#6416 = ORIENTED_EDGE ( 'NONE', *, *, #5907, .T. ) ;
#6417 = DIRECTION ( 'NONE',  ( 1.000000000000000000, 0.000000000000000000, 2.299762310965280282E-12 ) ) ;
#6418 = EDGE_LOOP ( 'NONE', ( #20, #4587 ) ) ;
#6419 = CIRCLE ( 'NONE', #7730, 2.500000046250006047 ) ;
#6420 = EDGE_CURVE ( 'NONE', #291, #7070, #575, .T. ) ;
#6421 = DIRECTION ( 'NONE',  ( 1.136890452875532369E-13, -0.9987686379937031900, -0.04961056097448531682 ) ) ;
#6422 = VERTEX_POINT ( 'NONE', #6334 ) ;
#6423 = CARTESIAN_POINT ( 'NONE',  ( 59.54256425559999855, 238.3570896820000087, 205.8093323779999935 ) ) ;
#6424 = DIRECTION ( 'NONE',  ( 1.136675133409662280E-13, -0.9987686379937031900, -0.04961056097448531682 ) ) ;
#6425 = DATE_TIME_ROLE ( 'creation_date' ) ;
#6426 = DIRECTION ( 'NONE',  ( 0.9999999815015169213, -9.542390534402928566E-06, 0.0001921091057997267946 ) ) ;
#6427 = ADVANCED_FACE ( 'NONE', ( #8230 ), #7652, .F. ) ;
#6428 = ADVANCED_FACE ( 'NONE', ( #7488 ), #8145, .F. ) ;
#6429 = CARTESIAN_POINT ( 'NONE',  ( 360.1999812869999573, 236.7815093099999899, 207.3011909979999814 ) ) ;
#6430 = DIRECTION ( 'NONE',  ( -1.000000000000000000, -1.181403991129999950E-13, 0.000000000000000000 ) ) ;
#6431 = ORIENTED_EDGE ( 'NONE', *, *, #7527, .F. ) ;
#6432 = EDGE_CURVE ( 'NONE', #6168, #7072, #2314, .T. ) ;
#6433 = EDGE_CURVE ( 'NONE', #3092, #5996, #1787, .T. ) ;
#6434 = FACE_OUTER_BOUND ( 'NONE', #2760, .T. ) ;
#6435 = ORIENTED_EDGE ( 'NONE', *, *, #4492, .F. ) ;
#6436 = CARTESIAN_POINT ( 'NONE',  ( 297.6999812869999573, 235.1247544819999860, 301.1262691970000560 ) ) ;
#6437 = EDGE_LOOP ( 'NONE', ( #986, #2952, #6866, #7761 ) ) ;
#6438 = ORIENTED_EDGE ( 'NONE', *, *, #2416, .T. ) ;
#6439 = VECTOR ( 'NONE', #3404, 1000.000000000000114 ) ;
#6440 = ORIENTED_EDGE ( 'NONE', *, *, #2003, .F. ) ;
#6441 = CIRCLE ( 'NONE', #1109, 2.500000046250006047 ) ;
#6442 = FACE_OUTER_BOUND ( 'NONE', #8227, .T. ) ;
#6443 = DIRECTION ( 'NONE',  ( -1.136868377219662335E-13, 0.9987686379937030789, 0.04961056097448530988 ) ) ;
#6444 = ORIENTED_EDGE ( 'NONE', *, *, #1728, .F. ) ;
#6445 = EDGE_LOOP ( 'NONE', ( #5207, #6318 ) ) ;
#6446 = VECTOR ( 'NONE', #344, 1000.000000000000114 ) ;
#6447 = CARTESIAN_POINT ( 'NONE',  ( 117.6999724140000012, 246.0016784039999891, 21.67910675689999778 ) ) ;
#6448 = DIRECTION ( 'NONE',  ( 9.229501791197260327E-09, -0.04961056097448530988, 0.9987686379937030789 ) ) ;
#6449 = CARTESIAN_POINT ( 'NONE',  ( 250.0204893620000064, 245.7713951740000198, 26.31509944929999989 ) ) ;
#6450 = DIRECTION ( 'NONE',  ( -1.140924983539660419E-13, 0.9987686379937031900, 0.04961056097448531682 ) ) ;
#6451 = CIRCLE ( 'NONE', #3921, 2.500000046250006047 ) ;
#6452 = CARTESIAN_POINT ( 'NONE',  ( 163.0589562629999989, 206.0492996400000152, 19.72756508939999875 ) ) ;
#6453 = EDGE_LOOP ( 'NONE', ( #7279, #2680, #4968, #2063 ) ) ;
#6454 = PLANE ( 'NONE',  #8157 ) ;
#6455 = EDGE_LOOP ( 'NONE', ( #3543, #4773 ) ) ;
#6456 = CYLINDRICAL_SURFACE ( 'NONE', #1034, 2.500000046249988284 ) ;
#6457 = CIRCLE ( 'NONE', #2334, 10.00000000000000178 ) ;
#6458 = DIRECTION ( 'NONE',  ( 1.090971757378156291E-13, -0.9987686379937031900, -0.04961056097448661439 ) ) ;
#6459 = DIRECTION ( 'NONE',  ( -0.9999999815015169213, -9.542390645425176819E-06, 0.0001921091059107480400 ) ) ;
#6460 = CARTESIAN_POINT ( 'NONE',  ( 252.3409974810000165, 247.4981926529999896, 21.78640309849999923 ) ) ;
#6461 = VERTEX_POINT ( 'NONE', #4330 ) ;
#6462 = CARTESIAN_POINT ( 'NONE',  ( 127.8794643810000053, 204.3224782869999672, 24.25674205860000043 ) ) ;
#6463 = APPLICATION_PROTOCOL_DEFINITION ( 'international standard', 'config_control_design', 1994, #3863 ) ;
#6464 = CYLINDRICAL_SURFACE ( 'NONE', #3128, 2.500000046250013153 ) ;
#6465 = CIRCLE ( 'NONE', #4984, 2.500000046250006047 ) ;
#6466 = DIRECTION ( 'NONE',  ( 1.136675133409662280E-13, -0.9987686379937031900, -0.04961056097448531682 ) ) ;
#6467 = VECTOR ( 'NONE', #3473, 1000.000000000000114 ) ;
#6468 = CARTESIAN_POINT ( 'NONE',  ( 155.3794671060000212, 233.8743308180000042, 296.0570311810000135 ) ) ;
#6469 = ORIENTED_EDGE ( 'NONE', *, *, #6928, .F. ) ;
#6470 = DIRECTION ( 'NONE',  ( 1.000000000000000000, 1.134554953227892735E-13, 5.637540140262821307E-15 ) ) ;
#6471 = EDGE_CURVE ( 'NONE', #7244, #7887, #3710, .T. ) ;
#6472 = EDGE_CURVE ( 'NONE', #5210, #6974, #3933, .T. ) ;
#6473 = FACE_OUTER_BOUND ( 'NONE', #2065, .T. ) ;
#6474 = CARTESIAN_POINT ( 'NONE',  ( 262.5204893620000348, 245.7713713119999852, 26.31557983729999961 ) ) ;
#6475 = ORIENTED_EDGE ( 'NONE', *, *, #5234, .F. ) ;
#6476 = ADVANCED_FACE ( 'NONE', ( #38 ), #2591, .F. ) ;
#6477 = ORIENTED_EDGE ( 'NONE', *, *, #4790, .F. ) ;
#6478 = DIRECTION ( 'NONE',  ( -1.136868377219662335E-13, 0.9987686379937030789, 0.04961056097448530988 ) ) ;
#6479 = EDGE_CURVE ( 'NONE', #3118, #428, #6293, .T. ) ;
#6480 = DIRECTION ( 'NONE',  ( -9.229472123247260356E-09, 0.04961056097448530988, -0.9987686379937030789 ) ) ;
#6481 = VECTOR ( 'NONE', #3401, 1000.000000000000114 ) ;
#6482 = AXIS2_PLACEMENT_3D ( 'NONE', #6720, #5500, #6811 ) ;
#6483 = EDGE_CURVE ( 'NONE', #6777, #7969, #3085, .T. ) ;
#6484 = CARTESIAN_POINT ( 'NONE',  ( 109.1239207259999944, 204.0439785000000086, 29.86354931300000004 ) ) ;
#6485 = ORIENTED_EDGE ( 'NONE', *, *, #6021, .T. ) ;
#6486 = ORIENTED_EDGE ( 'NONE', *, *, #418, .F. ) ;
#6487 = VERTEX_POINT ( 'NONE', #5113 ) ;
#6488 = CIRCLE ( 'NONE', #2095, 2.500000046250006047 ) ;
#6489 = AXIS2_PLACEMENT_3D ( 'NONE', #4559, #5256, #6610 ) ;
#6490 = DIRECTION ( 'NONE',  ( -0.9762097135553917671, -0.01075698314830507776, 0.2165614981330871991 ) ) ;
#6491 = DIRECTION ( 'NONE',  ( -0.9999999999999998890, 4.577699126569999506E-10, -9.218206776100000869E-09 ) ) ;
#6492 = EDGE_CURVE ( 'NONE', #7910, #2570, #1557, .T. ) ;
#6493 = DIRECTION ( 'NONE',  ( 9.229566280597260777E-09, 0.04961056097448530988, -0.9987686379937030789 ) ) ;
#6494 = CYLINDRICAL_SURFACE ( 'NONE', #3013, 2.500000046249988284 ) ;
#6495 = CARTESIAN_POINT ( 'NONE',  ( 173.0589590300000111, 235.1244071150000252, 301.1257704849999755 ) ) ;
#6496 = AXIS2_PLACEMENT_3D ( 'NONE', #6414, #7766, #2027 ) ;
#6497 = ORIENTED_EDGE ( 'NONE', *, *, #7430, .T. ) ;
#6498 = CIRCLE ( 'NONE', #7546, 2.500000046250006047 ) ;
#6499 = ORIENTED_EDGE ( 'NONE', *, *, #7427, .T. ) ;
#6500 = CARTESIAN_POINT ( 'NONE',  ( 292.5204893619999780, 205.8206257790000109, 24.33115767480000002 ) ) ;
#6501 = CYLINDRICAL_SURFACE ( 'NONE', #6862, 2.500000046250013597 ) ;
#6502 = CARTESIAN_POINT ( 'NONE',  ( 282.5204893619999780, 190.9276028960000247, 293.9247560440000484 ) ) ;
#6503 = ORIENTED_EDGE ( 'NONE', *, *, #2091, .T. ) ;
#6504 = DIRECTION ( 'NONE',  ( 0.000000000000000000, -0.9987686379936980829, -0.04961056097458500097 ) ) ;
#6505 = ORIENTED_EDGE ( 'NONE', *, *, #3114, .T. ) ;
#6506 = DIRECTION ( 'NONE',  ( -0.9999999815015169213, -9.542390645425122609E-06, 0.0001921091059107469558 ) ) ;
#6507 = CARTESIAN_POINT ( 'NONE',  ( 365.4643693380000400, 238.7158253989999821, 198.5946930799999848 ) ) ;
#6508 = VECTOR ( 'NONE', #3382, 1000.000000000000114 ) ;
#6509 = AXIS2_PLACEMENT_3D ( 'NONE', #7517, #6911, #1105 ) ;
#6510 = VECTOR ( 'NONE', #4782, 1000.000000000000114 ) ;
#6511 = CARTESIAN_POINT ( 'NONE',  ( 366.9782536269999582, 245.7910435929999835, 86.39052929089999111 ) ) ;
#6512 = CYLINDRICAL_SURFACE ( 'NONE', #7623, 2.500000046249988284 ) ;
#6513 = VERTEX_POINT ( 'NONE', #5072 ) ;
#6514 = CYLINDRICAL_SURFACE ( 'NONE', #4249, 2.500000046250013597 ) ;
#6515 = ORIENTED_EDGE ( 'NONE', *, *, #8127, .F. ) ;
#6516 = CARTESIAN_POINT ( 'NONE',  ( 307.6999813259999996, 203.0368703419999861, 19.90322196989999881 ) ) ;
#6517 = AXIS2_PLACEMENT_3D ( 'NONE', #7892, #770, #4722 ) ;
#6518 = AXIS2_PLACEMENT_3D ( 'NONE', #2574, #517, #5091 ) ;
#6519 = DIRECTION ( 'NONE',  ( 1.136868377219662335E-13, -0.9987686379937030789, -0.04961056097448530988 ) ) ;
#6520 = ORIENTED_EDGE ( 'NONE', *, *, #6532, .T. ) ;
#6521 = EDGE_LOOP ( 'NONE', ( #6634, #6240, #10, #837 ) ) ;
#6522 = VECTOR ( 'NONE', #4092, 1000.000000000000341 ) ;
#6523 = CIRCLE ( 'NONE', #2796, 2.500000046250006047 ) ;
#6524 = FACE_OUTER_BOUND ( 'NONE', #370, .T. ) ;
#6525 = ADVANCED_FACE ( 'NONE', ( #3126 ), #5648, .F. ) ;
#6526 = EDGE_CURVE ( 'NONE', #4770, #3649, #7550, .T. ) ;
#6527 = DIRECTION ( 'NONE',  ( 1.000000000000000000, 1.110223004086028302E-13, 5.551115020430141666E-15 ) ) ;
#6528 = LINE ( 'NONE', #4715, #892 ) ;
#6529 = ORIENTED_EDGE ( 'NONE', *, *, #3377, .F. ) ;
#6530 = ORIENTED_EDGE ( 'NONE', *, *, #1227, .T. ) ;
#6531 = VERTEX_POINT ( 'NONE', #7081 ) ;
#6532 = EDGE_CURVE ( 'NONE', #4067, #7691, #1364, .T. ) ;
#6533 = DIRECTION ( 'NONE',  ( 1.481718509849552606E-15, 0.9987686379936984160, 0.04961056097458502179 ) ) ;
#6534 = ADVANCED_FACE ( 'NONE', ( #733 ), #6456, .F. ) ;
#6535 = CARTESIAN_POINT ( 'NONE',  ( 360.1999804669999889, 199.9174648540000021, 112.9391457839999902 ) ) ;
#6536 = ADVANCED_FACE ( 'NONE', ( #2671 ), #3911, .F. ) ;
#6537 = ORIENTED_EDGE ( 'NONE', *, *, #556, .T. ) ;
#6538 = PLANE ( 'NONE',  #2906 ) ;
#6539 = DIRECTION ( 'NONE',  ( 1.140924983539660419E-13, -0.9987686379937031900, -0.04961056097448531682 ) ) ;
#6540 = ORIENTED_EDGE ( 'NONE', *, *, #7931, .T. ) ;
#6541 = ORIENTED_EDGE ( 'NONE', *, *, #2509, .T. ) ;
#6542 = ADVANCED_FACE ( 'NONE', ( #4036 ), #6577, .T. ) ;
#6543 = CARTESIAN_POINT ( 'NONE',  ( 47.69997318429999922, 201.9117288799999983, 103.0258755859999980 ) ) ;
#6544 = DIRECTION ( 'NONE',  ( 1.000000000000000000, 1.110223004086028302E-13, 5.551115020430141666E-15 ) ) ;
#6545 = DIRECTION ( 'NONE',  ( 7.562288025517751918E-15, -0.04961056097448530988, 0.9987686379937030789 ) ) ;
#6546 = DIRECTION ( 'NONE',  ( -1.136868377219662335E-13, 0.9987686379937030789, 0.04961056097448530988 ) ) ;
#6547 = VERTEX_POINT ( 'NONE', #3468 ) ;
#6548 = CARTESIAN_POINT ( 'NONE',  ( 272.5204893619999780, 202.8243198740000253, 24.18232580760000161 ) ) ;
#6549 = ORIENTED_EDGE ( 'NONE', *, *, #874, .F. ) ;
#6550 = DIRECTION ( 'NONE',  ( -1.140924983549660398E-13, 0.9987686379937031900, 0.04961056097448531682 ) ) ;
#6551 = DIRECTION ( 'NONE',  ( 1.068856114727622208E-13, -0.9987686379937031900, -0.04961056097448681562 ) ) ;
#6552 = CARTESIAN_POINT ( 'NONE',  ( 162.8794671060000212, 235.3724599189999935, 296.1319272950000254 ) ) ;
#6553 = ORIENTED_EDGE ( 'NONE', *, *, #6397, .T. ) ;
#6554 = CARTESIAN_POINT ( 'NONE',  ( 117.6999751809999992, 235.1244071150000252, 301.1257704849999755 ) ) ;
#6555 = ORIENTED_EDGE ( 'NONE', *, *, #5348, .T. ) ;
#6556 = DIRECTION ( 'NONE',  ( -1.140905882208934397E-13, 0.9987686379937031900, 0.04961056097448531682 ) ) ;
#6557 = DIRECTION ( 'NONE',  ( 1.000000000000000000, 1.110223004086028302E-13, 5.551115020430141666E-15 ) ) ;
#6558 = ORIENTED_EDGE ( 'NONE', *, *, #2966, .F. ) ;
#6559 = DIRECTION ( 'NONE',  ( 1.000000000000000000, 1.143080990239999910E-13, -1.508671109290000057E-15 ) ) ;
#6560 = ORIENTED_EDGE ( 'NONE', *, *, #661, .T. ) ;
#6561 = ORIENTED_EDGE ( 'NONE', *, *, #7533, .F. ) ;
#6562 = DIRECTION ( 'NONE',  ( 1.000000000000000000, 1.110223004086028302E-13, 0.000000000000000000 ) ) ;
#6563 = DIRECTION ( 'NONE',  ( -1.140924983549660398E-13, 0.9987686379937031900, 0.04961056097448531682 ) ) ;
#6564 = DIRECTION ( 'NONE',  ( -1.136868377219662335E-13, 0.9987686379937030789, 0.04961056097448530988 ) ) ;
#6565 = VERTEX_POINT ( 'NONE', #861 ) ;
#6566 = ORIENTED_EDGE ( 'NONE', *, *, #3285, .T. ) ;
#6567 = DIRECTION ( 'NONE',  ( 1.136868377219662335E-13, -0.9987686379937030789, -0.04961056097448530988 ) ) ;
#6568 = CARTESIAN_POINT ( 'NONE',  ( 117.6999724180000158, 245.9839272439999718, 22.03647627089999972 ) ) ;
#6569 = DIRECTION ( 'NONE',  ( -1.140924983549660398E-13, 0.9987686379937031900, 0.04961056097448531682 ) ) ;
#6570 = EDGE_CURVE ( 'NONE', #5306, #4009, #6355, .T. ) ;
#6571 = EDGE_CURVE ( 'NONE', #767, #5855, #110, .T. ) ;
#6572 = VECTOR ( 'NONE', #3774, 1000.000000000000114 ) ;
#6573 = ORIENTED_EDGE ( 'NONE', *, *, #6852, .T. ) ;
#6574 = EDGE_CURVE ( 'NONE', #7348, #2323, #1165, .T. ) ;
#6575 = VERTEX_POINT ( 'NONE', #441 ) ;
#6576 = EDGE_CURVE ( 'NONE', #5481, #828, #6106, .T. ) ;
#6577 = CYLINDRICAL_SURFACE ( 'NONE', #3155, 10.00000000000001066 ) ;
#6578 = CARTESIAN_POINT ( 'NONE',  ( 107.6999724180000015, 203.0368758059999834, 19.90322224119999817 ) ) ;
#6579 = DIRECTION ( 'NONE',  ( 1.000000000000000000, 1.110223004086028302E-13, 5.551115020430141666E-15 ) ) ;
#6580 = AXIS2_PLACEMENT_3D ( 'NONE', #4801, #3643, #2397 ) ;
#6581 = VERTEX_POINT ( 'NONE', #407 ) ;
#6582 = LINE ( 'NONE', #1963, #5837 ) ;
#6583 = DIRECTION ( 'NONE',  ( 0.000000000000000000, -0.9987686379936980829, -0.04961056097458500097 ) ) ;
#6584 = CALENDAR_DATE ( 2026, 12, 7 ) ;
#6585 = ORIENTED_EDGE ( 'NONE', *, *, #4223, .T. ) ;
#6586 = DIRECTION ( 'NONE',  ( 1.136675133409662280E-13, -0.9987686379937031900, -0.04961056097448531682 ) ) ;
#6587 = CARTESIAN_POINT ( 'NONE',  ( 167.8794671060000212, 233.8743069620000199, 296.0575114540000072 ) ) ;
#6588 = FACE_OUTER_BOUND ( 'NONE', #6702, .T. ) ;
#6589 = EDGE_CURVE ( 'NONE', #1937, #2857, #2953, .T. ) ;
#6590 = CIRCLE ( 'NONE', #6860, 2.500000046250006047 ) ;
#6591 = CARTESIAN_POINT ( 'NONE',  ( 260.0204893620000348, 248.7677010829999915, 26.46393122439999956 ) ) ;
#6592 = CIRCLE ( 'NONE', #4463, 10.00000000000000888 ) ;
#6593 = CARTESIAN_POINT ( 'NONE',  ( 52.69997518129999747, 196.3342869569999891, 215.3044364989999906 ) ) ;
#6594 = CARTESIAN_POINT ( 'NONE',  ( 362.6999804669999889, 241.3663871849999794, 114.9975038150000017 ) ) ;
#6595 = ORIENTED_EDGE ( 'NONE', *, *, #2456, .T. ) ;
#6596 = CYLINDRICAL_SURFACE ( 'NONE', #5710, 9.999999999999982236 ) ;
#6597 = DIRECTION ( 'NONE',  ( -1.000000000000000000, -1.143080990239999910E-13, 1.508671109290000057E-15 ) ) ;
#6598 = AXIS2_PLACEMENT_3D ( 'NONE', #3178, #7088, #7580 ) ;
#6599 = ADVANCED_FACE ( 'NONE', ( #5443 ), #1690, .F. ) ;
#6600 = VECTOR ( 'NONE', #5895, 1000.000000000000114 ) ;
#6601 = DIRECTION ( 'NONE',  ( -1.140924983549660398E-13, 0.9987686379937031900, 0.04961056097448531682 ) ) ;
#6602 = EDGE_LOOP ( 'NONE', ( #3217, #4654 ) ) ;
#6603 = DIRECTION ( 'NONE',  ( -1.136868377219662335E-13, 0.9987686379937030789, 0.04961056097448530988 ) ) ;
#6604 = EDGE_LOOP ( 'NONE', ( #3029, #2962, #313, #1113 ) ) ;
#6605 = ORIENTED_EDGE ( 'NONE', *, *, #7288, .T. ) ;
#6606 = DIRECTION ( 'NONE',  ( 1.140924983540252380E-13, -0.9987686379937031900, -0.04961056097448531682 ) ) ;
#6607 = VECTOR ( 'NONE', #4245, 1000.000000000000114 ) ;
#6608 = CARTESIAN_POINT ( 'NONE',  ( 173.0589590300000111, 232.1377934129999971, 300.7818134500000156 ) ) ;
#6609 = EDGE_LOOP ( 'NONE', ( #6558, #7751 ) ) ;
#6610 = DIRECTION ( 'NONE',  ( 1.000000000000000000, 1.110223004086028302E-13, 5.551115020430141666E-15 ) ) ;
#6611 = ORIENTED_EDGE ( 'NONE', *, *, #5192, .F. ) ;
#6612 = ORIENTED_EDGE ( 'NONE', *, *, #7893, .F. ) ;
#6613 = ORIENTED_EDGE ( 'NONE', *, *, #5600, .T. ) ;
#6614 = DIRECTION ( 'NONE',  ( 9.229472258787262349E-09, -0.04961056097448531682, 0.9987686379937031900 ) ) ;
#6615 = CARTESIAN_POINT ( 'NONE',  ( 49.93558712990000004, 236.7212194650000185, 208.5074649070000135 ) ) ;
#6616 = CARTESIAN_POINT ( 'NONE',  ( 282.5204893619999780, 202.8243198690000213, 24.18232589970000390 ) ) ;
#6617 = ORIENTED_EDGE ( 'NONE', *, *, #6685, .F. ) ;
#6618 = ORIENTED_EDGE ( 'NONE', *, *, #3741, .F. ) ;
#6619 = CIRCLE ( 'NONE', #751, 2.500000046250006047 ) ;
#6620 = AXIS2_PLACEMENT_3D ( 'NONE', #386, #2892, #5466 ) ;
#6621 = CARTESIAN_POINT ( 'NONE',  ( 59.54256236530000024, 241.2885940139999832, 116.5637600440000057 ) ) ;
#6622 = EDGE_CURVE ( 'NONE', #5885, #4842, #8019, .T. ) ;
#6623 = DIRECTION ( 'NONE',  ( 1.136675133409662280E-13, -0.9987686379937031900, -0.04961056097448531682 ) ) ;
#6624 = CARTESIAN_POINT ( 'NONE',  ( 163.0589590300000111, 235.1437915399999667, 300.7355197820000399 ) ) ;
#6625 = ORIENTED_EDGE ( 'NONE', *, *, #2451, .T. ) ;
#6626 = DIRECTION ( 'NONE',  ( 1.481718509849552606E-15, 0.9987686379936984160, 0.04961056097458502179 ) ) ;
#6627 = CARTESIAN_POINT ( 'NONE',  ( 142.8794671059999928, 190.9272555290000071, 293.9242573320000247 ) ) ;
#6628 = AXIS2_PLACEMENT_3D ( 'NONE', #1997, #1325, #729 ) ;
#6629 = EDGE_CURVE ( 'NONE', #24, #894, #1655, .T. ) ;
#6630 = AXIS2_PLACEMENT_3D ( 'NONE', #2441, #3192, #4343 ) ;
#6631 = CARTESIAN_POINT ( 'NONE',  ( 157.8794643810000196, 247.2695297349999919, 26.38999590400000272 ) ) ;
#6632 = EDGE_LOOP ( 'NONE', ( #5642, #6078, #3108, #3262 ) ) ;
#6633 = CARTESIAN_POINT ( 'NONE',  ( 366.2565270759999976, 192.4060835239999960, 233.9242233949999843 ) ) ;
#6634 = ORIENTED_EDGE ( 'NONE', *, *, #556, .F. ) ;
#6635 = DIRECTION ( 'NONE',  ( -1.136868377219662335E-13, 0.9987686379937030789, 0.04961056097448530988 ) ) ;
#6636 = ADVANCED_FACE ( 'NONE', ( #1579 ), #2325, .F. ) ;
#6637 = VECTOR ( 'NONE', #1289, 1000.000000000000114 ) ;
#6638 = ORIENTED_EDGE ( 'NONE', *, *, #6806, .T. ) ;
#6639 = CARTESIAN_POINT ( 'NONE',  ( 365.1999804669999889, 244.3626692420000097, 115.1468157930000018 ) ) ;
#6640 = EDGE_CURVE ( 'NONE', #4016, #7589, #782, .T. ) ;
#6641 = CARTESIAN_POINT ( 'NONE',  ( 250.0204893620000064, 192.4257319969999855, 293.9996521580000035 ) ) ;
#6642 = CARTESIAN_POINT ( 'NONE',  ( 297.6999813259999996, 247.4820747379999943, 22.11089184109999906 ) ) ;
#6643 = CIRCLE ( 'NONE', #5561, 2.500000046250006047 ) ;
#6644 = CARTESIAN_POINT ( 'NONE',  ( 362.6999805599999718, 201.9117472750000104, 103.0253949960000028 ) ) ;
#6645 = FACE_BOUND ( 'NONE', #1971, .T. ) ;
#6646 = VECTOR ( 'NONE', #1586, 1000.000000000000341 ) ;
#6647 = ORIENTED_EDGE ( 'NONE', *, *, #5858, .T. ) ;
#6648 = CARTESIAN_POINT ( 'NONE',  ( 262.5204893620000348, 189.4294499389999942, 293.8503402019999839 ) ) ;
#6649 = CARTESIAN_POINT ( 'NONE',  ( 122.8794671060000070, 232.3761540049999894, 295.9830956119999996 ) ) ;
#6650 = DIRECTION ( 'NONE',  ( -1.140924983539660419E-13, 0.9987686379937031900, 0.04961056097448531682 ) ) ;
#6651 = ORIENTED_EDGE ( 'NONE', *, *, #1378, .F. ) ;
#6652 = AXIS2_PLACEMENT_3D ( 'NONE', #4133, #6050, #3673 ) ;
#6653 = CARTESIAN_POINT ( 'NONE',  ( 366.2565270759999976, 195.4023894379999717, 234.0730550780000101 ) ) ;
#6654 = ORIENTED_EDGE ( 'NONE', *, *, #3638, .F. ) ;
#6655 = VECTOR ( 'NONE', #1157, 1000.000000000000341 ) ;
#6656 = ORIENTED_EDGE ( 'NONE', *, *, #1771, .T. ) ;
#6657 = ORIENTED_EDGE ( 'NONE', *, *, #1624, .F. ) ;
#6658 = CARTESIAN_POINT ( 'NONE',  ( 367.6999803859999929, 242.4283531519999997, 123.8533137339999968 ) ) ;
#6659 = CARTESIAN_POINT ( 'NONE',  ( 297.6999812869999573, 237.1106159280000156, 230.9110556839999902 ) ) ;
#6660 = FACE_OUTER_BOUND ( 'NONE', #4839, .T. ) ;
#6661 = VERTEX_POINT ( 'NONE', #5396 ) ;
#6662 = ORIENTED_EDGE ( 'NONE', *, *, #756, .F. ) ;
#6663 = DIRECTION ( 'NONE',  ( 1.136675133409662280E-13, -0.9987686379937031900, -0.04961056097448531682 ) ) ;
#6664 = FACE_OUTER_BOUND ( 'NONE', #348, .T. ) ;
#6665 = CARTESIAN_POINT ( 'NONE',  ( 242.3409974379999881, 232.1381407809999757, 300.7823121629999719 ) ) ;
#6666 = ORIENTED_EDGE ( 'NONE', *, *, #268, .T. ) ;
#6667 = ORIENTED_EDGE ( 'NONE', *, *, #7381, .F. ) ;
#6668 = DIRECTION ( 'NONE',  ( 0.000000000000000000, 0.04961056097448530988, -0.9987686379937030789 ) ) ;
#6669 = FACE_OUTER_BOUND ( 'NONE', #6838, .T. ) ;
#6670 = EDGE_LOOP ( 'NONE', ( #5554, #3040 ) ) ;
#6671 = FACE_OUTER_BOUND ( 'NONE', #2594, .T. ) ;
#6672 = CARTESIAN_POINT ( 'NONE',  ( 50.19997518130000458, 193.8341105089999985, 205.1674381639999751 ) ) ;
#6673 = CARTESIAN_POINT ( 'NONE',  ( 277.5204893619999780, 232.3765013729999964, 295.9835943240000233 ) ) ;
#6674 = ADVANCED_FACE ( 'NONE', ( #982 ), #1068, .F. ) ;
#6675 = DIRECTION ( 'NONE',  ( 0.000000000000000000, -0.9987686379936980829, -0.04961056097458500097 ) ) ;
#6676 = ORIENTED_EDGE ( 'NONE', *, *, #6135, .F. ) ;
#6677 = DIRECTION ( 'NONE',  ( 1.000000000000000000, 1.137978600240784444E-13, 5.551115123125777969E-15 ) ) ;
#6678 = DIRECTION ( 'NONE',  ( 0.9999999999999998890, 4.579909472279999254E-10, -9.218101541460000746E-09 ) ) ;
#6679 = CARTESIAN_POINT ( 'NONE',  ( 145.3794643810000196, 205.8206073960000140, 24.33163801149999728 ) ) ;
#6680 = ADVANCED_FACE ( 'NONE', ( #7441 ), #7979, .F. ) ;
#6681 = DIRECTION ( 'NONE',  ( 0.000000000000000000, -0.9987686379936980829, -0.04961056097458500097 ) ) ;
#6682 = DIRECTION ( 'NONE',  ( -1.143080990239999910E-13, 1.000000000000000000, 0.000000000000000000 ) ) ;
#6683 = ADVANCED_FACE ( 'NONE', ( #4196 ), #8218, .F. ) ;
#6684 = ORIENTED_EDGE ( 'NONE', *, *, #4727, .T. ) ;
#6685 = EDGE_CURVE ( 'NONE', #4195, #4511, #3957, .T. ) ;
#6686 = FACE_OUTER_BOUND ( 'NONE', #854, .T. ) ;
#6687 = EDGE_CURVE ( 'NONE', #3600, #3195, #4446, .T. ) ;
#6688 = AXIS2_PLACEMENT_3D ( 'NONE', #1223, #5671, #1901 ) ;
#6689 = CARTESIAN_POINT ( 'NONE',  ( 155.3794671060000212, 190.9272316729999943, 293.9247376049999616 ) ) ;
#6690 = CYLINDRICAL_SURFACE ( 'NONE', #6239, 2.500000046249998942 ) ;
#6691 = ORIENTED_EDGE ( 'NONE', *, *, #7584, .F. ) ;
#6692 = CARTESIAN_POINT ( 'NONE',  ( 173.0589590300000111, 235.1244071150000252, 301.1257704849999755 ) ) ;
#6693 = EDGE_LOOP ( 'NONE', ( #3667, #2669, #1755, #2843 ) ) ;
#6694 = ADVANCED_FACE ( 'NONE', ( #6200 ), #6243, .F. ) ;
#6695 = ORIENTED_EDGE ( 'NONE', *, *, #2250, .F. ) ;
#6696 = EDGE_LOOP ( 'NONE', ( #5100, #7603, #551, #1702 ) ) ;
#6697 = DIRECTION ( 'NONE',  ( -1.136868377219662335E-13, 0.9987686379937030789, 0.04961056097448530988 ) ) ;
#6698 = ORIENTED_EDGE ( 'NONE', *, *, #6806, .F. ) ;
#6699 = CARTESIAN_POINT ( 'NONE',  ( 280.0204893619999780, 189.4294260830000098, 293.8508204749999777 ) ) ;
#6700 = EDGE_CURVE ( 'NONE', #962, #3142, #2495, .T. ) ;
#6701 = ORIENTED_EDGE ( 'NONE', *, *, #3587, .T. ) ;
#6702 = EDGE_LOOP ( 'NONE', ( #3100, #473, #1253, #6611 ) ) ;
#6703 = AXIS2_PLACEMENT_3D ( 'NONE', #1919, #5738, #3835 ) ;
#6704 = AXIS2_PLACEMENT_3D ( 'NONE', #1594, #3514, #4131 ) ;
#6705 = LINE ( 'NONE', #4006, #6508 ) ;
#6706 = CARTESIAN_POINT ( 'NONE',  ( 47.69997518130000458, 236.8509405480000112, 236.1313946459999897 ) ) ;
#6707 = ORIENTED_EDGE ( 'NONE', *, *, #932, .F. ) ;
#6708 = CARTESIAN_POINT ( 'NONE',  ( 306.2760330699999827, 234.1531541079999954, 290.4512030839999852 ) ) ;
#6709 = AXIS2_PLACEMENT_3D ( 'NONE', #88, #6466, #2009 ) ;
#6710 = ORIENTED_EDGE ( 'NONE', *, *, #6397, .F. ) ;
#6711 = CYLINDRICAL_SURFACE ( 'NONE', #926, 2.500000046250002050 ) ;
#6712 = ORIENTED_EDGE ( 'NONE', *, *, #7138, .T. ) ;
#6713 = DIRECTION ( 'NONE',  ( -1.481718509849552606E-15, -0.9987686379936984160, -0.04961056097458502179 ) ) ;
#6714 = AXIS2_PLACEMENT_3D ( 'NONE', #1559, #6559, #6682 ) ;
#6715 = VERTEX_POINT ( 'NONE', #531 ) ;
#6716 = CARTESIAN_POINT ( 'NONE',  ( 135.3794643810000196, 204.3224544349999974, 24.25722226230000089 ) ) ;
#6717 = ORIENTED_EDGE ( 'NONE', *, *, #1432, .F. ) ;
#6718 = DIRECTION ( 'NONE',  ( 1.481718509849552606E-15, 0.9987686379936984160, 0.04961056097458502179 ) ) ;
#6719 = DIRECTION ( 'NONE',  ( 1.136675133409662280E-13, -0.9987686379937031900, -0.04961056097448531682 ) ) ;
#6720 = CARTESIAN_POINT ( 'NONE',  ( 362.6999804669999889, 244.3626453869999864, 115.1472960429999972 ) ) ;
#6721 = CIRCLE ( 'NONE', #717, 2.500000046250006047 ) ;
#6722 = LINE ( 'NONE', #3520, #3686 ) ;
#6723 = EDGE_CURVE ( 'NONE', #2947, #6289, #6968, .T. ) ;
#6724 = LINE ( 'NONE', #1514, #6312 ) ;
#6725 = ORIENTED_EDGE ( 'NONE', *, *, #672, .T. ) ;
#6726 = LINE ( 'NONE', #507, #190 ) ;
#6727 = ADVANCED_FACE ( 'NONE', ( #3073 ), #5679, .T. ) ;
#6728 = EDGE_CURVE ( 'NONE', #92, #5134, #8132, .T. ) ;
#6729 = CIRCLE ( 'NONE', #7771, 2.500000046250006047 ) ;
#6730 = FACE_OUTER_BOUND ( 'NONE', #3064, .T. ) ;
#6731 = DIRECTION ( 'NONE',  ( 1.479335262703750109E-15, 0.9987686379936981940, 0.04961056097458500791 ) ) ;
#6732 = CIRCLE ( 'NONE', #6324, 2.500000046250006047 ) ;
#6733 = ORIENTED_EDGE ( 'NONE', *, *, #3735, .F. ) ;
#6734 = EDGE_CURVE ( 'NONE', #2990, #7327, #8141, .T. ) ;
#6735 = DIRECTION ( 'NONE',  ( 0.9999999815015170324, 9.542390645425124303E-06, -0.0001921091058663380619 ) ) ;
#6736 = ORIENTED_EDGE ( 'NONE', *, *, #2050, .T. ) ;
#6737 = VERTEX_POINT ( 'NONE', #3153 ) ;
#6738 = EDGE_CURVE ( 'NONE', #831, #2718, #7604, .T. ) ;
#6739 = AXIS2_PLACEMENT_3D ( 'NONE', #1457, #5696, #2 ) ;
#6740 = FACE_BOUND ( 'NONE', #1402, .T. ) ;
#6741 = CARTESIAN_POINT ( 'NONE',  ( 355.8573922119999793, 196.9085385719999977, 203.7509928100000138 ) ) ;
#6742 = CYLINDRICAL_SURFACE ( 'NONE', #3939, 2.500000046249985619 ) ;
#6743 = EDGE_CURVE ( 'NONE', #2690, #7348, #843, .T. ) ;
#6744 = DIRECTION ( 'NONE',  ( -0.9762097135553937655, 0.01075698314810427311, -0.2165614981330875599 ) ) ;
#6745 = AXIS2_PLACEMENT_3D ( 'NONE', #5640, #5683, #1193 ) ;
#6746 = EDGE_LOOP ( 'NONE', ( #2964, #3124 ) ) ;
#6747 = ORIENTED_EDGE ( 'NONE', *, *, #268, .F. ) ;
#6748 = DIRECTION ( 'NONE',  ( -1.136868377219662335E-13, 0.9987686379937030789, 0.04961056097448530988 ) ) ;
#6749 = EDGE_CURVE ( 'NONE', #581, #4355, #4357, .T. ) ;
#6750 = FACE_OUTER_BOUND ( 'NONE', #2815, .T. ) ;
#6751 = CARTESIAN_POINT ( 'NONE',  ( 362.6999804669999889, 201.4155939540000020, 113.0140419210000005 ) ) ;
#6752 = CARTESIAN_POINT ( 'NONE',  ( 251.5607249690000060, 245.5054465999999707, 31.66922344370000530 ) ) ;
#6753 = VERTEX_POINT ( 'NONE', #3745 ) ;
#6754 = ORIENTED_EDGE ( 'NONE', *, *, #2419, .T. ) ;
#6755 = DIRECTION ( 'NONE',  ( 1.022168982668392020E-13, -0.9987686379937029679, -0.04961056097448870300 ) ) ;
#6756 = CARTESIAN_POINT ( 'NONE',  ( 50.19997318429999922, 198.9154229669999836, 102.8770438800000022 ) ) ;
#6757 = ORIENTED_EDGE ( 'NONE', *, *, #3882, .T. ) ;
#6758 = AXIS2_PLACEMENT_3D ( 'NONE', #8213, #27, #6134 ) ;
#6759 = CARTESIAN_POINT ( 'NONE',  ( 155.3794671060000212, 189.4290787160000207, 293.8503217630000108 ) ) ;
#6760 = ORIENTED_EDGE ( 'NONE', *, *, #6284, .T. ) ;
#6761 = AXIS2_PLACEMENT_3D ( 'NONE', #2939, #4138, #1668 ) ;
#6762 = FACE_OUTER_BOUND ( 'NONE', #3660, .T. ) ;
#6763 = CIRCLE ( 'NONE', #5955, 2.500000046250006047 ) ;
#6764 = CARTESIAN_POINT ( 'NONE',  ( 242.3409974809999881, 204.5511412239999913, 19.65314888440000018 ) ) ;
#6765 = CARTESIAN_POINT ( 'NONE',  ( 117.6999724110000187, 203.0723781310000220, 19.18848312099999731 ) ) ;
#6766 = CARTESIAN_POINT ( 'NONE',  ( 287.5204893619999780, 245.7713713009999879, 26.31558006770000091 ) ) ;
#6767 = DIRECTION ( 'NONE',  ( -0.9999999815015169213, 9.542390523300698320E-06, -0.0001921091057553178736 ) ) ;
#6768 = DIRECTION ( 'NONE',  ( -0.9999999815032921680, -9.541932867173944115E-06, 0.0001920998875556736150 ) ) ;
#6769 = AXIS2_PLACEMENT_3D ( 'NONE', #3750, #6914, #5527 ) ;
#6770 = CIRCLE ( 'NONE', #7030, 2.500000046250006047 ) ;
#6771 = DIRECTION ( 'NONE',  ( 1.191485741169639838E-13, -0.04961056097458500097, 0.9987686379936980829 ) ) ;
#6772 = CARTESIAN_POINT ( 'NONE',  ( 117.6999724140000012, 206.0509328839999910, 19.69468431799999664 ) ) ;
#6773 = AXIS2_PLACEMENT_3D ( 'NONE', #2747, #5269, #7816 ) ;
#6774 = CIRCLE ( 'NONE', #3183, 2.500000046250006047 ) ;
#6775 = VECTOR ( 'NONE', #6802, 1000.000000000000114 ) ;
#6776 = CARTESIAN_POINT ( 'NONE',  ( 52.69997518129999747, 192.8419231450000098, 225.1423306510000089 ) ) ;
#6777 = VERTEX_POINT ( 'NONE', #5015 ) ;
#6778 = DIRECTION ( 'NONE',  ( 1.140924983539660419E-13, -0.9987686379937031900, -0.04961056097448531682 ) ) ;
#6779 = ORIENTED_EDGE ( 'NONE', *, *, #7679, .F. ) ;
#6780 = VERTEX_POINT ( 'NONE', #6949 ) ;
#6781 = AXIS2_PLACEMENT_3D ( 'NONE', #5436, #5515, #5557 ) ;
#6782 = VECTOR ( 'NONE', #6352, 1000.000000000000114 ) ;
#6783 = EDGE_CURVE ( 'NONE', #275, #3195, #1231, .T. ) ;
#6784 = EDGE_CURVE ( 'NONE', #4326, #2011, #5932, .T. ) ;
#6785 = CYLINDRICAL_SURFACE ( 'NONE', #6246, 2.500000046250013153 ) ;
#6786 = CARTESIAN_POINT ( 'NONE',  ( 52.69997318429999922, 241.8624505459999909, 105.0107782520000086 ) ) ;
#6787 = CARTESIAN_POINT ( 'NONE',  ( 167.8794643810000196, 247.2695297389999780, 26.38999581179999865 ) ) ;
#6788 = CIRCLE ( 'NONE', #6781, 2.500000046250006047 ) ;
#6789 = AXIS2_PLACEMENT_3D ( 'NONE', #1923, #3839, #4458 ) ;
#6790 = EDGE_LOOP ( 'NONE', ( #176, #4174 ) ) ;
#6791 = ADVANCED_FACE ( 'NONE', ( #931 ), #4140, .F. ) ;
#6792 = ORIENTED_EDGE ( 'NONE', *, *, #5804, .T. ) ;
#6793 = DIRECTION ( 'NONE',  ( 1.136675133409662280E-13, -0.9987686379937031900, -0.04961056097448531682 ) ) ;
#6794 = EDGE_CURVE ( 'NONE', #4561, #4730, #4438, .T. ) ;
#6795 = AXIS2_PLACEMENT_3D ( 'NONE', #4051, #2259, #4702 ) ;
#6796 = EDGE_CURVE ( 'NONE', #1462, #4808, #3524, .T. ) ;
#6797 = AXIS2_PLACEMENT_3D ( 'NONE', #4203, #1186, #646 ) ;
#6798 = CARTESIAN_POINT ( 'NONE',  ( 306.2760330180000210, 245.4928715140000008, 31.92238732210000407 ) ) ;
#6799 = DIRECTION ( 'NONE',  ( 1.100312907709666058E-13, -0.04961056097458500097, 0.9987686379936980829 ) ) ;
#6800 = EDGE_LOOP ( 'NONE', ( #1384, #3630 ) ) ;
#6801 = EDGE_LOOP ( 'NONE', ( #8102, #3696 ) ) ;
#6802 = DIRECTION ( 'NONE',  ( 1.136868377219662335E-13, -0.9987686379937030789, -0.04961056097448530988 ) ) ;
#6803 = ORIENTED_EDGE ( 'NONE', *, *, #6278, .T. ) ;
#6804 = AXIS2_PLACEMENT_3D ( 'NONE', #7756, #184, #2736 ) ;
#6805 = EDGE_LOOP ( 'NONE', ( #7814, #5431 ) ) ;
#6806 = EDGE_CURVE ( 'NONE', #6941, #275, #7917, .T. ) ;
#6807 = VERTEX_POINT ( 'NONE', #7306 ) ;
#6808 = CARTESIAN_POINT ( 'NONE',  ( 52.69997309199999336, 200.9096576790000199, 92.96425359120000564 ) ) ;
#6809 = CARTESIAN_POINT ( 'NONE',  ( 52.69997518129999747, 239.2813383910000198, 217.4376906210000016 ) ) ;
#6810 = CARTESIAN_POINT ( 'NONE',  ( 137.8794643810000196, 245.7713767690000282, 26.31558024690000153 ) ) ;
#6811 = DIRECTION ( 'NONE',  ( 1.000000000000000000, 1.110223004086028302E-13, 5.551115020430141666E-15 ) ) ;
#6812 = DIRECTION ( 'NONE',  ( -1.140924983549660398E-13, 0.9987686379937031900, 0.04961056097448531682 ) ) ;
#6813 = DIRECTION ( 'NONE',  ( -1.102938875579666353E-13, 0.04961056097458501485, -0.9987686379936983050 ) ) ;
#6814 = VECTOR ( 'NONE', #6430, 1000.000000000000000 ) ;
#6815 = ORIENTED_EDGE ( 'NONE', *, *, #808, .F. ) ;
#6816 = CARTESIAN_POINT ( 'NONE',  ( 365.1999812870000142, 236.7815093099999899, 207.3011909979999814 ) ) ;
#6817 = CARTESIAN_POINT ( 'NONE',  ( 145.3794643810000196, 245.7714006280000092, 26.31509990500000029 ) ) ;
#6818 = ORIENTED_EDGE ( 'NONE', *, *, #4430, .F. ) ;
#6819 = DIRECTION ( 'NONE',  ( 1.136675133409662280E-13, -0.9987686379937031900, -0.04961056097448531682 ) ) ;
#6820 = ORIENTED_EDGE ( 'NONE', *, *, #1372, .T. ) ;
#6821 = ORIENTED_EDGE ( 'NONE', *, *, #6728, .F. ) ;
#6822 = DIRECTION ( 'NONE',  ( -1.136868377219662335E-13, 0.9987686379937030789, 0.04961056097448530988 ) ) ;
#6823 = ORIENTED_EDGE ( 'NONE', *, *, #5098, .T. ) ;
#6824 = CARTESIAN_POINT ( 'NONE',  ( 250.0204893620000064, 190.9276267519999806, 293.9242757709999978 ) ) ;
#6825 = EDGE_LOOP ( 'NONE', ( #296, #6444 ) ) ;
#6826 = EDGE_LOOP ( 'NONE', ( #3023, #5758, #3542, #2688 ) ) ;
#6827 = DIRECTION ( 'NONE',  ( 1.493058009093160224E-15, 0.9987686379936981940, 0.04961056097458500791 ) ) ;
#6828 = CARTESIAN_POINT ( 'NONE',  ( 52.69997327659999797, 242.8645456059999788, 115.0719199269999962 ) ) ;
#6829 = DIRECTION ( 'NONE',  ( -1.136868377219662335E-13, 0.9987686379937030789, 0.04961056097448530988 ) ) ;
#6830 = EDGE_CURVE ( 'NONE', #5996, #8177, #49, .T. ) ;
#6831 = CARTESIAN_POINT ( 'NONE',  ( 367.6999812870000142, 238.7158253989999821, 198.5946930799999848 ) ) ;
#6832 = ADVANCED_FACE ( 'NONE', ( #6686 ), #6019, .F. ) ;
#6833 = ORIENTED_EDGE ( 'NONE', *, *, #5800, .T. ) ;
#6834 = DIRECTION ( 'NONE',  ( 1.000000000000000000, 1.110223004086031457E-13, 5.551115020430157443E-15 ) ) ;
#6835 = VECTOR ( 'NONE', #3362, 1000.000000000000000 ) ;
#6836 = EDGE_LOOP ( 'NONE', ( #7219, #1265, #6710, #146 ) ) ;
#6837 = EDGE_CURVE ( 'NONE', #6070, #5599, #5978, .T. ) ;
#6838 = EDGE_LOOP ( 'NONE', ( #6618, #7741, #2096, #7812 ) ) ;
#6839 = FACE_OUTER_BOUND ( 'NONE', #2376, .T. ) ;
#6840 = AXIS2_PLACEMENT_3D ( 'NONE', #5364, #6551, #4697 ) ;
#6841 = CARTESIAN_POINT ( 'NONE',  ( 145.3794671059999928, 192.4254323419999935, 293.9981928999999923 ) ) ;
#6842 = DIRECTION ( 'NONE',  ( -1.136868377219662335E-13, 0.9987686379937030789, 0.04961056097448530988 ) ) ;
#6843 = DIRECTION ( 'NONE',  ( 1.467029568501352202E-15, 0.9987686379936981940, 0.04961056097458500791 ) ) ;
#6844 = CARTESIAN_POINT ( 'NONE',  ( 142.8794671059999928, 192.4254084860000091, 293.9986731729999860 ) ) ;
#6845 = EDGE_CURVE ( 'NONE', #6233, #2261, #3868, .T. ) ;
#6846 = CARTESIAN_POINT ( 'NONE',  ( 55.19997518130000458, 237.2871036800000013, 227.3504808870000033 ) ) ;
#6847 = DIRECTION ( 'NONE',  ( 1.000000000000000000, 1.110223004086028302E-13, 5.551115020430141666E-15 ) ) ;
#6848 = CARTESIAN_POINT ( 'NONE',  ( 47.69997518130000458, 238.3490935049999848, 236.2058104869999795 ) ) ;
#6849 = ORIENTED_EDGE ( 'NONE', *, *, #6479, .F. ) ;
#6850 = AXIS2_PLACEMENT_3D ( 'NONE', #3765, #4464, #5124 ) ;
#6851 = DIRECTION ( 'NONE',  ( -1.136868377219662335E-13, 0.9987686379937030789, 0.04961056097448530988 ) ) ;
#6852 = EDGE_CURVE ( 'NONE', #6363, #7884, #5355, .T. ) ;
#6853 = ORIENTED_EDGE ( 'NONE', *, *, #58, .F. ) ;
#6854 = DIRECTION ( 'NONE',  ( -1.000000000000000000, -1.143080990239999910E-13, 1.508671109290000057E-15 ) ) ;
#6855 = VECTOR ( 'NONE', #5458, 1000.000000000000114 ) ;
#6856 = ORIENTED_EDGE ( 'NONE', *, *, #6432, .T. ) ;
#6857 = DIRECTION ( 'NONE',  ( -1.136868377219662335E-13, 0.9987686379937030789, 0.04961056097448530988 ) ) ;
#6858 = ORIENTED_EDGE ( 'NONE', *, *, #6830, .T. ) ;
#6859 = ORIENTED_EDGE ( 'NONE', *, *, #7633, .T. ) ;
#6860 = AXIS2_PLACEMENT_3D ( 'NONE', #2436, #8150, #6097 ) ;
#6861 = VERTEX_POINT ( 'NONE', #2178 ) ;
#6862 = AXIS2_PLACEMENT_3D ( 'NONE', #242, #1498, #7862 ) ;
#6863 = DIRECTION ( 'NONE',  ( 1.140924983549660398E-13, -0.9987686379937031900, -0.04961056097448531682 ) ) ;
#6864 = DIRECTION ( 'NONE',  ( 0.9999999815032921680, 9.541932878276174361E-06, -0.0001920998876014703147 ) ) ;
#6865 = AXIS2_PLACEMENT_3D ( 'NONE', #3538, #6074, #7354 ) ;
#6866 = ORIENTED_EDGE ( 'NONE', *, *, #3190, .T. ) ;
#6867 = VERTEX_POINT ( 'NONE', #6648 ) ;
#6868 = DIRECTION ( 'NONE',  ( -1.140924983549660398E-13, 0.9987686379937031900, 0.04961056097448531682 ) ) ;
#6869 = DIRECTION ( 'NONE',  ( -1.136868377219662335E-13, 0.9987686379937030789, 0.04961056097448530988 ) ) ;
#6870 = CARTESIAN_POINT ( 'NONE',  ( 173.0589590300000111, 233.6456385829999931, 300.6611039400000323 ) ) ;
#6871 = DIRECTION ( 'NONE',  ( 1.481718509849552606E-15, 0.9987686379936984160, 0.04961056097458502179 ) ) ;
#6872 = CARTESIAN_POINT ( 'NONE',  ( 147.8794643810000196, 204.3224782960000141, 24.25674187429999762 ) ) ;
#6873 = EDGE_LOOP ( 'NONE', ( #7401, #4308, #4720, #2188 ) ) ;
#6874 = VERTEX_POINT ( 'NONE', #345 ) ;
#6875 = EDGE_LOOP ( 'NONE', ( #5244, #5713, #337, #695 ) ) ;
#6876 = EDGE_CURVE ( 'NONE', #6905, #1345, #2895, .T. ) ;
#6877 = CARTESIAN_POINT ( 'NONE',  ( 356.4944299600000477, 193.5157007079999687, 241.8207105449999972 ) ) ;
#6878 = CARTESIAN_POINT ( 'NONE',  ( 155.3794643809999911, 204.3224544439999875, 24.25722207789999629 ) ) ;
#6879 = ADVANCED_FACE ( 'NONE', ( #2733 ), #5424, .F. ) ;
#6880 = CARTESIAN_POINT ( 'NONE',  ( 52.69997309199999336, 243.8567568250000193, 95.09654716750000603 ) ) ;
#6881 = EDGE_CURVE ( 'NONE', #4191, #4491, #7962, .T. ) ;
#6882 = DIRECTION ( 'NONE',  ( 0.9999999815032921680, -9.541932645129342578E-06, 0.0001920998876347770055 ) ) ;
#6883 = CARTESIAN_POINT ( 'NONE',  ( 360.1999812869999573, 193.8344578760000161, 205.1679368760000273 ) ) ;
#6884 = VECTOR ( 'NONE', #6681, 1000.000000000000341 ) ;
#6885 = DIRECTION ( 'NONE',  ( 1.000000000000000000, 1.110223004086028302E-13, 0.000000000000000000 ) ) ;
#6886 = VERTEX_POINT ( 'NONE', #2272 ) ;
#6887 = ADVANCED_FACE ( 'NONE', ( #5297 ), #7844, .F. ) ;
#6888 = LINE ( 'NONE', #1167, #4572 ) ;
#6889 = CIRCLE ( 'NONE', #1688, 2.500000046249998942 ) ;
#6890 = AXIS2_PLACEMENT_3D ( 'NONE', #2061, #4673, #3286 ) ;
#6891 = EDGE_CURVE ( 'NONE', #6874, #7545, #1101, .T. ) ;
#6892 = DIRECTION ( 'NONE',  ( 1.000000000000000000, 1.137978600240785201E-13, 5.551115123125781913E-15 ) ) ;
#6893 = PLANE ( 'NONE',  #3415 ) ;
#6894 = CIRCLE ( 'NONE', #1831, 2.500000046250006047 ) ;
#6895 = ORIENTED_EDGE ( 'NONE', *, *, #2717, .T. ) ;
#6896 = DIRECTION ( 'NONE',  ( 1.000000000000000000, 0.000000000000000000, 2.299762310965280282E-12 ) ) ;
#6897 = ORIENTED_EDGE ( 'NONE', *, *, #7540, .T. ) ;
#6898 = EDGE_LOOP ( 'NONE', ( #5429, #5391 ) ) ;
#6899 = CIRCLE ( 'NONE', #3314, 10.00000000000000178 ) ;
#6900 = VECTOR ( 'NONE', #6053, 1000.000000000000114 ) ;
#6901 = CARTESIAN_POINT ( 'NONE',  ( 252.5204893620000064, 204.3224728399999890, 24.25674146469999926 ) ) ;
#6902 = AXIS2_PLACEMENT_3D ( 'NONE', #5948, #2797, #327 ) ;
#6903 = AXIS2_PLACEMENT_3D ( 'NONE', #3160, #1871, #1694 ) ;
#6904 = CARTESIAN_POINT ( 'NONE',  ( 362.6999804669999889, 242.8644924299999843, 115.0728802020000074 ) ) ;
#6905 = VERTEX_POINT ( 'NONE', #7221 ) ;
#6906 = CIRCLE ( 'NONE', #3322, 2.500000046249998942 ) ;
#6907 = VERTEX_POINT ( 'NONE', #7265 ) ;
#6908 = DIRECTION ( 'NONE',  ( 0.000000000000000000, -0.04961056097448530988, 0.9987686379937030789 ) ) ;
#6909 = CARTESIAN_POINT ( 'NONE',  ( 52.69997518129999747, 236.7811380869999880, 207.3011725579999904 ) ) ;
#6910 = CARTESIAN_POINT ( 'NONE',  ( 173.0589562600000022, 203.0723781560000134, 19.18848261069999950 ) ) ;
#6911 = DIRECTION ( 'NONE',  ( -1.140924983549660398E-13, 0.9987686379937031900, 0.04961056097448531682 ) ) ;
#6912 = CIRCLE ( 'NONE', #5439, 2.500000046249998942 ) ;
#6913 = EDGE_LOOP ( 'NONE', ( #189, #2486, #1014, #6040, #7357, #4756, #2817, #6638, #333, #5478, #2712, #973 ) ) ;
#6914 = DIRECTION ( 'NONE',  ( 9.229561970587255646E-09, 0.04961056097448531682, -0.9987686379937031900 ) ) ;
#6915 = ORIENTED_EDGE ( 'NONE', *, *, #5585, .T. ) ;
#6916 = DIRECTION ( 'NONE',  ( -1.140924983549663175E-13, 0.9987686379937031900, 0.04961056097448531682 ) ) ;
#6917 = ORIENTED_EDGE ( 'NONE', *, *, #2816, .F. ) ;
#6918 = CIRCLE ( 'NONE', #6795, 10.00000000000000888 ) ;
#6919 = AXIS2_PLACEMENT_3D ( 'NONE', #456, #3006, #1118 ) ;
#6920 = DIRECTION ( 'NONE',  ( 0.9999999815015169213, -9.542390534402928566E-06, 0.0001921091057886245644 ) ) ;
#6921 = LINE ( 'NONE', #2512, #5444 ) ;
#6922 = LINE ( 'NONE', #5076, #8222 ) ;
#6923 = CARTESIAN_POINT ( 'NONE',  ( 147.8794671059999928, 189.4291025720000050, 293.8498414899999602 ) ) ;
#6924 = DIRECTION ( 'NONE',  ( 1.000000000000000000, 0.000000000000000000, 0.000000000000000000 ) ) ;
#6925 = DIRECTION ( 'NONE',  ( 2.120970066243901175E-14, 0.9987686379936984160, 0.04961056097458062253 ) ) ;
#6926 = VECTOR ( 'NONE', #286, 1000.000000000000114 ) ;
#6927 = ORIENTED_EDGE ( 'NONE', *, *, #159, .F. ) ;
#6928 = EDGE_CURVE ( 'NONE', #2279, #5284, #3247, .T. ) ;
#6929 = CARTESIAN_POINT ( 'NONE',  ( 165.3794643810000196, 245.7713529250000022, 26.31606026620000094 ) ) ;
#6930 = DIRECTION ( 'NONE',  ( 1.000000000000000000, 1.110223004086028302E-13, 0.000000000000000000 ) ) ;
#6931 = ORIENTED_EDGE ( 'NONE', *, *, #2149, .T. ) ;
#6932 = CARTESIAN_POINT ( 'NONE',  ( 366.9782536269999582, 242.7947376790000078, 86.24169760800000972 ) ) ;
#6933 = EDGE_CURVE ( 'NONE', #2487, #5821, #6183, .T. ) ;
#6934 = EDGE_CURVE ( 'NONE', #2196, #805, #4692, .T. ) ;
#6935 = DIRECTION ( 'NONE',  ( 1.136754526454196255E-13, -0.9987686379937031900, -0.04961056097448531682 ) ) ;
#6936 = EDGE_LOOP ( 'NONE', ( #555, #3958 ) ) ;
#6937 = EDGE_CURVE ( 'NONE', #3295, #3331, #7359, .T. ) ;
#6938 = FACE_BOUND ( 'NONE', #7680, .T. ) ;
#6939 = VERTEX_POINT ( 'NONE', #6552 ) ;
#6940 = EDGE_CURVE ( 'NONE', #7859, #6780, #7100, .T. ) ;
#6941 = VERTEX_POINT ( 'NONE', #6008 ) ;
#6942 = CIRCLE ( 'NONE', #8114, 2.500000046250006047 ) ;
#6943 = CYLINDRICAL_SURFACE ( 'NONE', #6688, 2.500000046249985619 ) ;
#6944 = DIRECTION ( 'NONE',  ( 1.000000000000000000, 0.000000000000000000, 0.000000000000000000 ) ) ;
#6945 = EDGE_CURVE ( 'NONE', #680, #842, #3902, .T. ) ;
#6946 = CARTESIAN_POINT ( 'NONE',  ( 52.69997518129999747, 193.8341343649999828, 205.1669578910000098 ) ) ;
#6947 = ORIENTED_EDGE ( 'NONE', *, *, #4190, .F. ) ;
#6948 = ORIENTED_EDGE ( 'NONE', *, *, #1162, .F. ) ;
#6949 = CARTESIAN_POINT ( 'NONE',  ( 162.8794643810000196, 205.8206312599999990, 24.33115757749999730 ) ) ;
#6950 = DIRECTION ( 'NONE',  ( 1.000000000000000000, 5.551115123125785858E-15, -1.165734175856414872E-13 ) ) ;
#6951 = DIRECTION ( 'NONE',  ( -0.9606977151331814735, -0.01377172553540253683, 0.2772548281160530093 ) ) ;
#6952 = CARTESIAN_POINT ( 'NONE',  ( 55.19997518130000458, 236.7811619419999829, 207.3006922860000145 ) ) ;
#6953 = CARTESIAN_POINT ( 'NONE',  ( 277.5204893619999780, 192.4257558529999699, 293.9991718850000098 ) ) ;
#6954 = EDGE_LOOP ( 'NONE', ( #7748, #6707, #7080, #7570, #5442, #5092, #4012, #5272, #2022, #3694, #3534, #637 ) ) ;
#6955 = PLANE ( 'NONE',  #195 ) ;
#6956 = ORIENTED_EDGE ( 'NONE', *, *, #2655, .F. ) ;
#6957 = ORIENTED_EDGE ( 'NONE', *, *, #1426, .F. ) ;
#6958 = DIRECTION ( 'NONE',  ( -1.136868377219662335E-13, 0.9987686379937030789, 0.04961056097448530988 ) ) ;
#6959 = DIRECTION ( 'NONE',  ( 1.481718509849552606E-15, 0.9987686379936984160, 0.04961056097458502179 ) ) ;
#6960 = FACE_OUTER_BOUND ( 'NONE', #3288, .T. ) ;
#6961 = CARTESIAN_POINT ( 'NONE',  ( 117.6999751809999992, 235.1244071150000252, 301.1257704849999755 ) ) ;
#6962 = PERSON_AND_ORGANIZATION ( #5418, #4589 ) ;
#6963 = CARTESIAN_POINT ( 'NONE',  ( 107.6999724180000015, 248.9802331530000004, 22.18530804599999939 ) ) ;
#6964 = CARTESIAN_POINT ( 'NONE',  ( 251.5607250190000173, 235.6387320039999906, 290.7787823000000458 ) ) ;
#6965 = VERTEX_POINT ( 'NONE', #6673 ) ;
#6966 = CARTESIAN_POINT ( 'NONE',  ( 173.0589590300000111, 198.5354634070000088, 170.9899606699999879 ) ) ;
#6967 = CARTESIAN_POINT ( 'NONE',  ( 290.0204893619999780, 232.3764775169999837, 295.9840745970000171 ) ) ;
#6968 = CIRCLE ( 'NONE', #5619, 2.500000046249998942 ) ;
#6969 = CARTESIAN_POINT ( 'NONE',  ( 356.4944299600000477, 236.4627521409999815, 243.9539646670000081 ) ) ;
#6970 = LINE ( 'NONE', #1730, #3463 ) ;
#6971 = ORIENTED_EDGE ( 'NONE', *, *, #3159, .T. ) ;
#6972 = CARTESIAN_POINT ( 'NONE',  ( 307.6999812870000142, 192.2132053679999899, 298.2782760470000198 ) ) ;
#6973 = VECTOR ( 'NONE', #5867, 1000.000000000000114 ) ;
#6974 = VERTEX_POINT ( 'NONE', #954 ) ;
#6975 = CARTESIAN_POINT ( 'NONE',  ( 270.0204893619999780, 245.7713951650000297, 26.31509963359999915 ) ) ;
#6976 = ORIENTED_EDGE ( 'NONE', *, *, #6640, .F. ) ;
#6977 = VERTEX_POINT ( 'NONE', #834 ) ;
#6978 = EDGE_CURVE ( 'NONE', #5410, #987, #309, .T. ) ;
#6979 = ADVANCED_FACE ( 'NONE', ( #5200 ), #6512, .F. ) ;
#6980 = CARTESIAN_POINT ( 'NONE',  ( 267.5204893619999780, 248.7676772240000105, 26.46441156630000080 ) ) ;
#6981 = EDGE_CURVE ( 'NONE', #6977, #6363, #4700, .T. ) ;
#6982 = FACE_BOUND ( 'NONE', #3417, .T. ) ;
#6983 = DIRECTION ( 'NONE',  ( -0.9762097115541497061, 0.01075698359510047358, -0.2165615071320349805 ) ) ;
#6984 = CIRCLE ( 'NONE', #4965, 2.500000046250006047 ) ;
#6985 = ORIENTED_EDGE ( 'NONE', *, *, #4925, .T. ) ;
#6986 = ORIENTED_EDGE ( 'NONE', *, *, #910, .T. ) ;
#6987 = ORIENTED_EDGE ( 'NONE', *, *, #3373, .T. ) ;
#6988 = ADVANCED_FACE ( 'NONE', ( #3353 ), #211, .T. ) ;
#6989 = LINE ( 'NONE', #5104, #6373 ) ;
#6990 = ADVANCED_FACE ( 'NONE', ( #1552 ), #1507, .F. ) ;
#6991 = CARTESIAN_POINT ( 'NONE',  ( 297.6999813330000393, 249.0157300150000026, 21.47056865450000274 ) ) ;
#6992 = CARTESIAN_POINT ( 'NONE',  ( 142.8794671059999928, 235.3724599189999935, 296.1319272950000254 ) ) ;
#6993 = EDGE_LOOP ( 'NONE', ( #1826, #5519, #5792, #708 ) ) ;
#6994 = DIRECTION ( 'NONE',  ( -0.9999999815032921680, -9.541932878276174361E-06, 0.0001920998875681636240 ) ) ;
#6995 = DIRECTION ( 'NONE',  ( -1.140924983539660419E-13, 0.9987686379937031900, 0.04961056097448531682 ) ) ;
#6996 = ORIENTED_EDGE ( 'NONE', *, *, #5979, .T. ) ;
#6997 = CARTESIAN_POINT ( 'NONE',  ( 165.3794671060000212, 232.3761778609999737, 295.9826153390000059 ) ) ;
#6998 = ORIENTED_EDGE ( 'NONE', *, *, #4190, .T. ) ;
#6999 = CARTESIAN_POINT ( 'NONE',  ( 250.0204893620000064, 233.8746781859999828, 296.0575298929999803 ) ) ;
#7000 = AXIS2_PLACEMENT_3D ( 'NONE', #7276, #6155, #7500 ) ;
#7001 = VECTOR ( 'NONE', #6546, 1000.000000000000114 ) ;
#7002 = DIRECTION ( 'NONE',  ( 0.000000000000000000, -0.9987686379936980829, -0.04961056097458500097 ) ) ;
#7003 = EDGE_LOOP ( 'NONE', ( #448, #4736, #3573, #17, #1196, #6747, #6009, #3648, #4717, #8225, #3249, #4800 ) ) ;
#7004 = CARTESIAN_POINT ( 'NONE',  ( 277.5204893619999780, 205.8206257860000221, 24.33115753659999925 ) ) ;
#7005 = CARTESIAN_POINT ( 'NONE',  ( 242.3409963010000183, 198.2124179229999754, 147.2654538740000021 ) ) ;
#7006 = CALENDAR_DATE ( 2026, 12, 7 ) ;
#7007 = DIRECTION ( 'NONE',  ( -1.136868377219662335E-13, 0.9987686379937030789, 0.04961056097448530988 ) ) ;
#7008 = CARTESIAN_POINT ( 'NONE',  ( 137.8794671060000212, 189.4291025720000050, 293.8498414899999602 ) ) ;
#7009 = AXIS2_PLACEMENT_3D ( 'NONE', #1958, #4495, #5193 ) ;
#7010 = FACE_BOUND ( 'NONE', #7310, .T. ) ;
#7011 = FACE_BOUND ( 'NONE', #576, .T. ) ;
#7012 = CARTESIAN_POINT ( 'NONE',  ( 152.8794671059999928, 235.3724599189999935, 296.1319272950000254 ) ) ;
#7013 = ORIENTED_EDGE ( 'NONE', *, *, #6170, .T. ) ;
#7014 = CARTESIAN_POINT ( 'NONE',  ( 125.3794671060000070, 192.4253846299999964, 293.9991534460000366 ) ) ;
#7015 = DIRECTION ( 'NONE',  ( -1.140924983549660398E-13, 0.9987686379937031900, 0.04961056097448531682 ) ) ;
#7016 = ORIENTED_EDGE ( 'NONE', *, *, #452, .T. ) ;
#7017 = AXIS2_PLACEMENT_3D ( 'NONE', #3389, #6586, #5276 ) ;
#7018 = ORIENTED_EDGE ( 'NONE', *, *, #6978, .T. ) ;
#7019 = AXIS2_PLACEMENT_3D ( 'NONE', #2183, #277, #145 ) ;
#7020 = ORIENTED_EDGE ( 'NONE', *, *, #6734, .F. ) ;
#7021 = CARTESIAN_POINT ( 'NONE',  ( 47.69997301090000263, 244.2928960990000178, 86.31611372739999410 ) ) ;
#7022 = CARTESIAN_POINT ( 'NONE',  ( 297.6999813259999996, 206.0331762610000226, 20.05205356060000099 ) ) ;
#7023 = AXIS2_PLACEMENT_3D ( 'NONE', #6372, #4977, #8103 ) ;
#7024 = AXIS2_PLACEMENT_3D ( 'NONE', #1951, #2851, #7607 ) ;
#7025 = DIRECTION ( 'NONE',  ( 1.140924983539660419E-13, -0.9987686379937031900, -0.04961056097448531682 ) ) ;
#7026 = DIRECTION ( 'NONE',  ( -1.136868377219662335E-13, 0.9987686379937030789, 0.04961056097448530988 ) ) ;
#7027 = ORIENTED_EDGE ( 'NONE', *, *, #3680, .T. ) ;
#7028 = ORIENTED_EDGE ( 'NONE', *, *, #3127, .T. ) ;
#7029 = EDGE_CURVE ( 'NONE', #310, #215, #1241, .T. ) ;
#7030 = AXIS2_PLACEMENT_3D ( 'NONE', #6304, #5086, #588 ) ;
#7031 = CARTESIAN_POINT ( 'NONE',  ( 270.0204893619999780, 192.1777030480000121, 298.9930150749999598 ) ) ;
#7032 = EDGE_CURVE ( 'NONE', #6780, #7859, #5893, .T. ) ;
#7033 = DIRECTION ( 'NONE',  ( 1.136675133409662280E-13, -0.9987686379937031900, -0.04961056097448531682 ) ) ;
#7034 = FACE_OUTER_BOUND ( 'NONE', #2781, .T. ) ;
#7035 = DIRECTION ( 'NONE',  ( 1.136505832169074187E-13, -0.9987686379937031900, -0.04961056097448531682 ) ) ;
#7036 = CARTESIAN_POINT ( 'NONE',  ( 280.0204893619999780, 245.7713474480000002, 26.31606027140000137 ) ) ;
#7037 = VECTOR ( 'NONE', #604, 1000.000000000000341 ) ;
#7038 = AXIS2_PLACEMENT_3D ( 'NONE', #73, #2068, #1279 ) ;
#7039 = ADVANCED_FACE ( 'NONE', ( #6839 ), #1789, .F. ) ;
#7040 = CIRCLE ( 'NONE', #912, 118.1603675010000387 ) ;
#7041 = ORIENTED_EDGE ( 'NONE', *, *, #7231, .T. ) ;
#7042 = DIRECTION ( 'NONE',  ( 1.000000000000000000, 0.000000000000000000, 0.000000000000000000 ) ) ;
#7043 = EDGE_LOOP ( 'NONE', ( #4924, #1483, #2505, #923 ) ) ;
#7044 = EDGE_CURVE ( 'NONE', #2990, #2479, #7241, .T. ) ;
#7045 = ADVANCED_FACE ( 'NONE', ( #3953 ), #201, .T. ) ;
#7046 = AXIS2_PLACEMENT_3D ( 'NONE', #3635, #8069, #3674 ) ;
#7047 = CYLINDRICAL_SURFACE ( 'NONE', #5126, 2.500000046250002050 ) ;
#7048 = ORIENTED_EDGE ( 'NONE', *, *, #3441, .F. ) ;
#7049 = ORIENTED_EDGE ( 'NONE', *, *, #3113, .T. ) ;
#7050 = DIRECTION ( 'NONE',  ( 1.000000000000000000, 1.110223004086031457E-13, 5.551115020430157443E-15 ) ) ;
#7051 = CARTESIAN_POINT ( 'NONE',  ( 252.3409974380000449, 235.1441389070000128, 300.7360184940000067 ) ) ;
#7052 = DIRECTION ( 'NONE',  ( 1.000000000000000000, 1.137978600240784444E-13, 5.551115123125777969E-15 ) ) ;
#7053 = CIRCLE ( 'NONE', #526, 10.00000000000000888 ) ;
#7054 = FACE_BOUND ( 'NONE', #2705, .T. ) ;
#7055 = AXIS2_PLACEMENT_3D ( 'NONE', #7199, #1448, #2792 ) ;
#7056 = CARTESIAN_POINT ( 'NONE',  ( 360.1999812869999573, 236.2854037000000176, 217.2888773779999951 ) ) ;
#7057 = FACE_BOUND ( 'NONE', #5919, .T. ) ;
#7058 = VERTEX_POINT ( 'NONE', #2795 ) ;
#7059 = DIRECTION ( 'NONE',  ( -1.140924983549660398E-13, 0.9987686379937031900, 0.04961056097448531682 ) ) ;
#7060 = AXIS2_PLACEMENT_3D ( 'NONE', #875, #3432, #1549 ) ;
#7061 = ORIENTED_EDGE ( 'NONE', *, *, #2924, .T. ) ;
#7062 = CARTESIAN_POINT ( 'NONE',  ( 367.6999803859999929, 243.9265061090000017, 123.9277295750000008 ) ) ;
#7063 = EDGE_CURVE ( 'NONE', #7966, #2670, #2180, .T. ) ;
#7064 = VERTEX_POINT ( 'NONE', #3419 ) ;
#7065 = ORIENTED_EDGE ( 'NONE', *, *, #2859, .T. ) ;
#7066 = ORIENTED_EDGE ( 'NONE', *, *, #9, .F. ) ;
#7067 = DIRECTION ( 'NONE',  ( 1.000000000000000000, 1.110223004086028302E-13, 5.551115020430141666E-15 ) ) ;
#7068 = DIRECTION ( 'NONE',  ( 1.136868377219662335E-13, -0.9987686379937030789, -0.04961056097448530988 ) ) ;
#7069 = FACE_OUTER_BOUND ( 'NONE', #1977, .T. ) ;
#7070 = VERTEX_POINT ( 'NONE', #5947 ) ;
#7071 = ORIENTED_EDGE ( 'NONE', *, *, #8041, .F. ) ;
#7072 = VERTEX_POINT ( 'NONE', #1539 ) ;
#7073 = CARTESIAN_POINT ( 'NONE',  ( 262.5204893620000348, 233.8746543299999985, 296.0580101659999741 ) ) ;
#7074 = DIRECTION ( 'NONE',  ( -1.000000000000000000, -1.144898399930000178E-13, 5.134073542270000478E-15 ) ) ;
#7075 = CARTESIAN_POINT ( 'NONE',  ( 366.2565270759999976, 191.9099779150000131, 243.9119097750000265 ) ) ;
#7076 = LINE ( 'NONE', #3292, #3031 ) ;
#7077 = EDGE_CURVE ( 'NONE', #7932, #2017, #734, .T. ) ;
#7078 = VERTEX_POINT ( 'NONE', #6621 ) ;
#7079 = DIRECTION ( 'NONE',  ( -2.368475785869285424E-15, -0.9987686379936980829, -0.04961056097458500097 ) ) ;
#7080 = ORIENTED_EDGE ( 'NONE', *, *, #3279, .F. ) ;
#7081 = CARTESIAN_POINT ( 'NONE',  ( 50.19997309200000046, 202.4078344909999885, 93.03818918290001250 ) ) ;
#7082 = EDGE_CURVE ( 'NONE', #4844, #7982, #3299, .T. ) ;
#7083 = EDGE_CURVE ( 'NONE', #3866, #1645, #7861, .T. ) ;
#7084 = CYLINDRICAL_SURFACE ( 'NONE', #1330, 2.500000046249999386 ) ;
#7085 = ORIENTED_EDGE ( 'NONE', *, *, #4369, .F. ) ;
#7086 = CYLINDRICAL_SURFACE ( 'NONE', #3713, 2.500000046250013153 ) ;
#7087 = EDGE_CURVE ( 'NONE', #4516, #339, #4608, .T. ) ;
#7088 = DIRECTION ( 'NONE',  ( 0.000000000000000000, 0.000000000000000000, 1.000000000000000000 ) ) ;
#7089 = FACE_BOUND ( 'NONE', #6936, .T. ) ;
#7090 = DIRECTION ( 'NONE',  ( 0.000000000000000000, -0.9987686379936980829, -0.04961056097458500097 ) ) ;
#7091 = CARTESIAN_POINT ( 'NONE',  ( 52.69997327659999797, 244.3626985630000092, 115.1463357690000038 ) ) ;
#7092 = VERTEX_POINT ( 'NONE', #3469 ) ;
#7093 = DIRECTION ( 'NONE',  ( 1.000000000000000000, 1.134554953227892735E-13, 5.637540140262821307E-15 ) ) ;
#7094 = ORIENTED_EDGE ( 'NONE', *, *, #14, .F. ) ;
#7095 = EDGE_CURVE ( 'NONE', #1764, #2627, #287, .T. ) ;
#7096 = CARTESIAN_POINT ( 'NONE',  ( 173.0589574419999792, 196.7142704290000097, 147.1910383039999886 ) ) ;
#7097 = CYLINDRICAL_SURFACE ( 'NONE', #7266, 9.999999999999996447 ) ;
#7098 = CARTESIAN_POINT ( 'NONE',  ( 362.6999805599999718, 244.8587987089999842, 105.1586491179999996 ) ) ;
#7099 = VERTEX_POINT ( 'NONE', #2832 ) ;
#7100 = CIRCLE ( 'NONE', #5763, 2.500000046250006047 ) ;
#7101 = ORIENTED_EDGE ( 'NONE', *, *, #7044, .F. ) ;
#7102 = CARTESIAN_POINT ( 'NONE',  ( 250.0204893620000064, 245.7713474619999943, 26.31605999480000335 ) ) ;
#7103 = AXIS2_PLACEMENT_3D ( 'NONE', #2430, #4945, #3756 ) ;
#7104 = DIRECTION ( 'NONE',  ( 1.136868377219662335E-13, -0.9987686379937030789, -0.04961056097448530988 ) ) ;
#7105 = DIRECTION ( 'NONE',  ( -1.136868377219662335E-13, 0.9987686379937030789, 0.04961056097448530988 ) ) ;
#7106 = VERTEX_POINT ( 'NONE', #4733 ) ;
#7107 = ORIENTED_EDGE ( 'NONE', *, *, #3923, .T. ) ;
#7108 = CARTESIAN_POINT ( 'NONE',  ( 367.6999812870000142, 196.3346581800000195, 215.3044549389999816 ) ) ;
#7109 = DIRECTION ( 'NONE',  ( -1.136868377219662335E-13, 0.9987686379937030789, 0.04961056097448530988 ) ) ;
#7110 = CARTESIAN_POINT ( 'NONE',  ( 366.2565265220000015, 244.2928906360000099, 86.31611344280000253 ) ) ;
#7111 = DIRECTION ( 'NONE',  ( -1.136868377219662335E-13, 0.9987686379937030789, 0.04961056097448530988 ) ) ;
#7112 = VECTOR ( 'NONE', #5040, 1000.000000000000114 ) ;
#7113 = DIRECTION ( 'NONE',  ( 1.191485741169639838E-13, -0.04961056097458500097, 0.9987686379936980829 ) ) ;
#7114 = EDGE_LOOP ( 'NONE', ( #2997, #1353, #3857, #7065 ) ) ;
#7115 = EDGE_LOOP ( 'NONE', ( #7061, #433, #6662, #3779 ) ) ;
#7116 = CARTESIAN_POINT ( 'NONE',  ( 366.9782536269999582, 199.8476862450000056, 84.10844348610000054 ) ) ;
#7117 = AXIS2_PLACEMENT_3D ( 'NONE', #4485, #71, #2584 ) ;
#7118 = FACE_OUTER_BOUND ( 'NONE', #6875, .T. ) ;
#7119 = CYLINDRICAL_SURFACE ( 'NONE', #1400, 2.500000046249998942 ) ;
#7120 = VERTEX_POINT ( 'NONE', #6500 ) ;
#7121 = DIRECTION ( 'NONE',  ( -1.136868377219662335E-13, 0.9987686379937030789, 0.04961056097448530988 ) ) ;
#7122 = DIRECTION ( 'NONE',  ( -1.000000000000000000, -1.181403991129999950E-13, 0.000000000000000000 ) ) ;
#7123 = EDGE_LOOP ( 'NONE', ( #8203, #3238, #4994, #3168 ) ) ;
#7124 = LINE ( 'NONE', #2599, #5630 ) ;
#7125 = CARTESIAN_POINT ( 'NONE',  ( 367.6999805599999718, 241.8624689369999885, 105.0102977540000069 ) ) ;
#7126 = VECTOR ( 'NONE', #2787, 1000.000000000000114 ) ;
#7127 = DIRECTION ( 'NONE',  ( -1.136868377219662335E-13, 0.9987686379937030789, 0.04961056097448530988 ) ) ;
#7128 = EDGE_CURVE ( 'NONE', #2352, #2821, #784, .T. ) ;
#7129 = EDGE_CURVE ( 'NONE', #7469, #4555, #161, .T. ) ;
#7130 = VERTEX_POINT ( 'NONE', #7770 ) ;
#7131 = CYLINDRICAL_SURFACE ( 'NONE', #1461, 2.500000046249988284 ) ;
#7132 = ORIENTED_EDGE ( 'NONE', *, *, #2864, .T. ) ;
#7133 = DIRECTION ( 'NONE',  ( 1.000000000000000000, 1.110223004086028302E-13, 0.000000000000000000 ) ) ;
#7134 = CARTESIAN_POINT ( 'NONE',  ( 365.1999812870000142, 195.8385525710000366, 225.2921413189999953 ) ) ;
#7135 = DIRECTION ( 'NONE',  ( -1.140924983549660398E-13, 0.9987686379937031900, 0.04961056097448531682 ) ) ;
#7136 = EDGE_CURVE ( 'NONE', #4491, #5286, #4004, .T. ) ;
#7137 = EDGE_LOOP ( 'NONE', ( #3257, #3411, #5152, #3312, #3620, #5493, #7385, #6553, #1525, #6971, #1660, #6684 ) ) ;
#7138 = EDGE_CURVE ( 'NONE', #1937, #303, #6441, .T. ) ;
#7139 = ORIENTED_EDGE ( 'NONE', *, *, #6574, .T. ) ;
#7140 = DIRECTION ( 'NONE',  ( -9.229561970587268881E-09, -0.04961056097448531682, 0.9987686379937031900 ) ) ;
#7141 = DIRECTION ( 'NONE',  ( 1.140924983540280400E-13, -0.9987686379937031900, -0.04961056097448531682 ) ) ;
#7142 = AXIS2_PLACEMENT_3D ( 'NONE', #1004, #2214, #6768 ) ;
#7143 = EDGE_CURVE ( 'NONE', #1907, #2017, #3689, .T. ) ;
#7144 = VECTOR ( 'NONE', #7026, 1000.000000000000114 ) ;
#7145 = DIRECTION ( 'NONE',  ( -1.136868377219662335E-13, 0.9987686379937030789, 0.04961056097448530988 ) ) ;
#7146 = ORIENTED_EDGE ( 'NONE', *, *, #6369, .F. ) ;
#7147 = ORIENTED_EDGE ( 'NONE', *, *, #550, .T. ) ;
#7148 = ORIENTED_EDGE ( 'NONE', *, *, #5454, .F. ) ;
#7149 = AXIS2_PLACEMENT_3D ( 'NONE', #1838, #3050, #5039 ) ;
#7150 = VECTOR ( 'NONE', #4954, 1000.000000000000114 ) ;
#7151 = CYLINDRICAL_SURFACE ( 'NONE', #3989, 9.999999999999989342 ) ;
#7152 = DIRECTION ( 'NONE',  ( 1.000000000000000000, 3.593851479590000137E-15, -1.057619149710000070E-13 ) ) ;
#7153 = CARTESIAN_POINT ( 'NONE',  ( 127.8794671060000070, 189.4291025720000050, 293.8498414899999602 ) ) ;
#7154 = LINE ( 'NONE', #3465, #4780 ) ;
#7155 = CIRCLE ( 'NONE', #6226, 9.999999999999994671 ) ;
#7156 = VERTEX_POINT ( 'NONE', #2448 ) ;
#7157 = AXIS2_PLACEMENT_3D ( 'NONE', #3519, #6719, #1001 ) ;
#7158 = EDGE_LOOP ( 'NONE', ( #6998, #6251, #7180, #2136 ) ) ;
#7159 = DIRECTION ( 'NONE',  ( -1.136868377219662335E-13, 0.9987686379937030789, 0.04961056097448530988 ) ) ;
#7160 = CARTESIAN_POINT ( 'NONE',  ( 280.0204893619999780, 233.8746781859999828, 296.0575298929999803 ) ) ;
#7161 = PLANE ( 'NONE',  #68 ) ;
#7162 = AXIS2_PLACEMENT_3D ( 'NONE', #2284, #978, #7320 ) ;
#7163 = CARTESIAN_POINT ( 'NONE',  ( 122.8794671060000070, 189.4291025720000050, 293.8498414899999602 ) ) ;
#7164 = CARTESIAN_POINT ( 'NONE',  ( 307.6999813259999996, 204.5350232989999881, 19.97763781129999927 ) ) ;
#7165 = FACE_OUTER_BOUND ( 'NONE', #3964, .T. ) ;
#7166 = EDGE_LOOP ( 'NONE', ( #1653, #547, #107, #5797 ) ) ;
#7167 = DIRECTION ( 'NONE',  ( 0.000000000000000000, -0.9987686379936980829, -0.04961056097458500097 ) ) ;
#7168 = AXIS2_PLACEMENT_3D ( 'NONE', #6247, #2996, #6287 ) ;
#7169 = AXIS2_PLACEMENT_3D ( 'NONE', #5509, #399, #936 ) ;
#7170 = DIRECTION ( 'NONE',  ( 1.140924983539660419E-13, -0.9987686379937031900, -0.04961056097448531682 ) ) ;
#7171 = ORIENTED_EDGE ( 'NONE', *, *, #565, .F. ) ;
#7172 = FACE_OUTER_BOUND ( 'NONE', #4941, .T. ) ;
#7173 = VERTEX_POINT ( 'NONE', #2538 ) ;
#7174 = CARTESIAN_POINT ( 'NONE',  ( 242.3409974379999881, 232.1284485679999818, 300.9774375140000302 ) ) ;
#7175 = CIRCLE ( 'NONE', #7698, 2.500000046250006047 ) ;
#7176 = CYLINDRICAL_SURFACE ( 'NONE', #7798, 60.22727286730000174 ) ;
#7177 = EDGE_CURVE ( 'NONE', #1527, #820, #185, .T. ) ;
#7178 = DIRECTION ( 'NONE',  ( 1.000000000000000000, 1.110223004086028302E-13, 5.551115020430141666E-15 ) ) ;
#7179 = ORIENTED_EDGE ( 'NONE', *, *, #1478, .F. ) ;
#7180 = ORIENTED_EDGE ( 'NONE', *, *, #701, .F. ) ;
#7181 = VECTOR ( 'NONE', #1663, 1000.000000000000341 ) ;
#7182 = DIRECTION ( 'NONE',  ( 1.136868377219662335E-13, -0.9987686379937030789, -0.04961056097448530988 ) ) ;
#7183 = CIRCLE ( 'NONE', #2265, 2.500000046250006047 ) ;
#7184 = ADVANCED_FACE ( 'NONE', ( #3065, #7470, #4960, #594, #1766, #4349, #3737, #6275, #7597 ), #558, .F. ) ;
#7185 = ADVANCED_FACE ( 'NONE', ( #2488 ), #4435, .F. ) ;
#7186 = DIRECTION ( 'NONE',  ( 1.140924983539660419E-13, -0.9987686379937031900, -0.04961056097448531682 ) ) ;
#7187 = CARTESIAN_POINT ( 'NONE',  ( 270.0204893619999780, 233.8746304740000141, 296.0584904390000247 ) ) ;
#7188 = EDGE_CURVE ( 'NONE', #1615, #1220, #5801, .T. ) ;
#7189 = DIRECTION ( 'NONE',  ( 1.481718509849552606E-15, 0.9987686379936984160, 0.04961056097458502179 ) ) ;
#7190 = EDGE_CURVE ( 'NONE', #4719, #6151, #4049, .T. ) ;
#7191 = DIRECTION ( 'NONE',  ( 1.000000000000000000, 1.110223004086028302E-13, 5.551115020430141666E-15 ) ) ;
#7192 = ORIENTED_EDGE ( 'NONE', *, *, #1016, .T. ) ;
#7193 = ORIENTED_EDGE ( 'NONE', *, *, #1271, .F. ) ;
#7194 = CARTESIAN_POINT ( 'NONE',  ( 117.6999751809999992, 195.6613700839999979, 228.8517186920000199 ) ) ;
#7195 = CARTESIAN_POINT ( 'NONE',  ( 55.19997318429999922, 201.9117288839999844, 103.0258755170000029 ) ) ;
#7196 = VERTEX_POINT ( 'NONE', #7056 ) ;
#7197 = ADVANCED_FACE ( 'NONE', ( #1341, #1845, #3922, #2601, #3229, #3885, #3138, #7010, #1295 ), #8154, .T. ) ;
#7198 = LINE ( 'NONE', #404, #7287 ) ;
#7199 = CARTESIAN_POINT ( 'NONE',  ( 270.0204893619999780, 202.8243437309999990, 24.18184551169999708 ) ) ;
#7200 = VERTEX_POINT ( 'NONE', #3848 ) ;
#7201 = ORIENTED_EDGE ( 'NONE', *, *, #6928, .T. ) ;
#7202 = EDGE_CURVE ( 'NONE', #1466, #2000, #4955, .T. ) ;
#7203 = DIRECTION ( 'NONE',  ( 1.481718509849552606E-15, 0.9987686379936984160, 0.04961056097458502179 ) ) ;
#7204 = DIRECTION ( 'NONE',  ( 1.000000000000000000, 0.000000000000000000, -2.986699768641239865E-14 ) ) ;
#7205 = CARTESIAN_POINT ( 'NONE',  ( 365.4643685299999447, 198.4792543719999856, 111.6579573700000054 ) ) ;
#7206 = ORIENTED_EDGE ( 'NONE', *, *, #171, .T. ) ;
#7207 = CARTESIAN_POINT ( 'NONE',  ( 132.8794671060000212, 192.4254084860000091, 293.9986731729999860 ) ) ;
#7208 = FACE_OUTER_BOUND ( 'NONE', #5071, .T. ) ;
#7209 = EDGE_LOOP ( 'NONE', ( #6733, #5023, #920, #7536 ) ) ;
#7210 = FACE_BOUND ( 'NONE', #7239, .T. ) ;
#7211 = CARTESIAN_POINT ( 'NONE',  ( 52.69997318429999922, 243.3606512149999901, 105.0842335469999966 ) ) ;
#7212 = CARTESIAN_POINT ( 'NONE',  ( 362.6999812869999573, 235.7892742340000041, 227.2770440300000132 ) ) ;
#7213 = DIRECTION ( 'NONE',  ( 1.000000000000000000, 1.110223004086028302E-13, 5.551115020430141666E-15 ) ) ;
#7214 = ORIENTED_EDGE ( 'NONE', *, *, #1646, .F. ) ;
#7215 = CARTESIAN_POINT ( 'NONE',  ( 356.4944294790000185, 246.1795793720000063, 78.56845788559999733 ) ) ;
#7216 = ORIENTED_EDGE ( 'NONE', *, *, #960, .F. ) ;
#7217 = DIRECTION ( 'NONE',  ( 0.9762097115541493730, 0.01075698359520039019, -0.2165615071320320939 ) ) ;
#7218 = FACE_OUTER_BOUND ( 'NONE', #1938, .T. ) ;
#7219 = ORIENTED_EDGE ( 'NONE', *, *, #6483, .T. ) ;
#7220 = VERTEX_POINT ( 'NONE', #6429 ) ;
#7221 = CARTESIAN_POINT ( 'NONE',  ( 47.69997518130000458, 237.2173250750000193, 198.5197785269999997 ) ) ;
#7222 = LINE ( 'NONE', #5302, #5299 ) ;
#7223 = EDGE_LOOP ( 'NONE', ( #5891, #3943, #164, #478 ) ) ;
#7224 = ADVANCED_FACE ( 'NONE', ( #2636 ), #5749, .F. ) ;
#7225 = CARTESIAN_POINT ( 'NONE',  ( 242.3409963010000183, 239.6613164000000324, 149.3242921550000233 ) ) ;
#7226 = ORIENTED_EDGE ( 'NONE', *, *, #6981, .F. ) ;
#7227 = EDGE_CURVE ( 'NONE', #1343, #713, #4445, .T. ) ;
#7228 = ORIENTED_EDGE ( 'NONE', *, *, #4595, .F. ) ;
#7229 = EDGE_LOOP ( 'NONE', ( #3585, #5659 ) ) ;
#7230 = AXIS2_PLACEMENT_3D ( 'NONE', #7562, #3033, #6366 ) ;
#7231 = EDGE_CURVE ( 'NONE', #4921, #6513, #1209, .T. ) ;
#7232 = CARTESIAN_POINT ( 'NONE',  ( 297.6999812869999573, 192.6654115369999829, 228.7033857210000178 ) ) ;
#7233 = DIRECTION ( 'NONE',  ( -1.140924983549660398E-13, 0.9987686379937031900, 0.04961056097448531682 ) ) ;
#7234 = CARTESIAN_POINT ( 'NONE',  ( 297.6999812869999573, 235.1425056420000033, 300.7688996829999724 ) ) ;
#7235 = DIRECTION ( 'NONE',  ( -1.000000000000000000, -3.534288039560000252E-15, 1.099714186670000022E-13 ) ) ;
#7236 = AXIS2_PLACEMENT_3D ( 'NONE', #5670, #3101, #1900 ) ;
#7237 = ORIENTED_EDGE ( 'NONE', *, *, #3728, .F. ) ;
#7238 = EDGE_CURVE ( 'NONE', #6049, #4688, #4568, .T. ) ;
#7239 = EDGE_LOOP ( 'NONE', ( #7013, #3246 ) ) ;
#7240 = ADVANCED_FACE ( 'NONE', ( #47 ), #5082, .F. ) ;
#7241 = LINE ( 'NONE', #4038, #8018 ) ;
#7242 = CYLINDRICAL_SURFACE ( 'NONE', #483, 2.500000046249988284 ) ;
#7243 = AXIS2_PLACEMENT_3D ( 'NONE', #4263, #1801, #4299 ) ;
#7244 = VERTEX_POINT ( 'NONE', #4381 ) ;
#7245 = CARTESIAN_POINT ( 'NONE',  ( 365.4643693380000400, 237.2176724419999800, 198.5202772389999950 ) ) ;
#7246 = FACE_BOUND ( 'NONE', #1733, .T. ) ;
#7247 = CARTESIAN_POINT ( 'NONE',  ( 282.5204893619999780, 245.7713713029999667, 26.31558002160000242 ) ) ;
#7248 = ORIENTED_EDGE ( 'NONE', *, *, #3623, .F. ) ;
#7249 = CARTESIAN_POINT ( 'NONE',  ( 125.3794671060000070, 235.3724360629999808, 296.1324075679999623 ) ) ;
#7250 = VECTOR ( 'NONE', #7493, 1000.000000000000000 ) ;
#7251 = CARTESIAN_POINT ( 'NONE',  ( 50.19997309200000046, 200.9096815339999864, 92.96377334139998538 ) ) ;
#7252 = CIRCLE ( 'NONE', #7117, 2.500000046250006047 ) ;
#7253 = DIRECTION ( 'NONE',  ( -0.9762097135553937655, 0.01075698314810427311, -0.2165614981330875599 ) ) ;
#7254 = ORIENTED_EDGE ( 'NONE', *, *, #8185, .F. ) ;
#7255 = DIRECTION ( 'NONE',  ( 1.140924983539660419E-13, -0.9987686379937031900, -0.04961056097448531682 ) ) ;
#7256 = ORIENTED_EDGE ( 'NONE', *, *, #6794, .F. ) ;
#7257 = FACE_OUTER_BOUND ( 'NONE', #715, .T. ) ;
#7258 = APPROVAL_PERSON_ORGANIZATION ( #1204, #148, #6 ) ;
#7259 = VECTOR ( 'NONE', #5477, 1000.000000000000114 ) ;
#7260 = VERTEX_POINT ( 'NONE', #5660 ) ;
#7261 = CARTESIAN_POINT ( 'NONE',  ( 462.3999751820000483, 204.0720370110000204, -0.9443192428100000146 ) ) ;
#7262 = EDGE_CURVE ( 'NONE', #2184, #4064, #5503, .T. ) ;
#7263 = AXIS2_PLACEMENT_3D ( 'NONE', #7205, #5318, #4818 ) ;
#7264 = VERTEX_POINT ( 'NONE', #2524 ) ;
#7265 = CARTESIAN_POINT ( 'NONE',  ( 50.19997318429999922, 241.8624744010000143, 105.0102980019999990 ) ) ;
#7266 = AXIS2_PLACEMENT_3D ( 'NONE', #1381, #7591, #4427 ) ;
#7267 = LINE ( 'NONE', #4712, #2114 ) ;
#7268 = ORIENTED_EDGE ( 'NONE', *, *, #2185, .F. ) ;
#7269 = FACE_OUTER_BOUND ( 'NONE', #440, .T. ) ;
#7270 = VERTEX_POINT ( 'NONE', #1967 ) ;
#7271 = EDGE_LOOP ( 'NONE', ( #872, #2447, #1799, #6497 ) ) ;
#7272 = ORIENTED_EDGE ( 'NONE', *, *, #666, .T. ) ;
#7273 = CYLINDRICAL_SURFACE ( 'NONE', #6238, 2.500000046249988284 ) ;
#7274 = CARTESIAN_POINT ( 'NONE',  ( 145.3794671059999928, 189.4291264279999893, 293.8493612179999559 ) ) ;
#7275 = CARTESIAN_POINT ( 'NONE',  ( 117.6999751809999992, 192.2128580010000007, 298.2777773350000530 ) ) ;
#7276 = CARTESIAN_POINT ( 'NONE',  ( 155.3794643809999911, 202.8243014869999854, 24.18280623640000115 ) ) ;
#7277 = ORIENTED_EDGE ( 'NONE', *, *, #2458, .T. ) ;
#7278 = ADVANCED_FACE ( 'NONE', ( #12 ), #5788, .F. ) ;
#7279 = ORIENTED_EDGE ( 'NONE', *, *, #565, .T. ) ;
#7280 = AXIS2_PLACEMENT_3D ( 'NONE', #5321, #2960, #3510 ) ;
#7281 = AXIS2_PLACEMENT_3D ( 'NONE', #6946, #3865, #1228 ) ;
#7282 = CARTESIAN_POINT ( 'NONE',  ( 272.5204893619999780, 233.8746543299999985, 296.0580101659999741 ) ) ;
#7283 = CARTESIAN_POINT ( 'NONE',  ( 52.69997318429999922, 201.9117050270000107, 103.0263558129999950 ) ) ;
#7284 = ADVANCED_FACE ( 'NONE', ( #5164 ), #1929, .F. ) ;
#7285 = ORIENTED_EDGE ( 'NONE', *, *, #4928, .T. ) ;
#7286 = DIRECTION ( 'NONE',  ( 1.000000000000000000, 1.110223004086031457E-13, 5.551115020430157443E-15 ) ) ;
#7287 = VECTOR ( 'NONE', #4850, 1000.000000000000114 ) ;
#7288 = EDGE_CURVE ( 'NONE', #7486, #515, #6344, .T. ) ;
#7289 = ORIENTED_EDGE ( 'NONE', *, *, #4585, .T. ) ;
#7290 = EDGE_CURVE ( 'NONE', #4187, #6941, #7621, .T. ) ;
#7291 = DIRECTION ( 'NONE',  ( 0.9999999815032921680, -9.541932645129290062E-06, 0.0001920998876680826391 ) ) ;
#7292 = DIRECTION ( 'NONE',  ( 1.481718509849552606E-15, 0.9987686379936984160, 0.04961056097458502179 ) ) ;
#7293 = VECTOR ( 'NONE', #1098, 1000.000000000000114 ) ;
#7294 = VECTOR ( 'NONE', #4751, 1000.000000000000114 ) ;
#7295 = EDGE_LOOP ( 'NONE', ( #6377, #1359, #1040, #6101 ) ) ;
#7296 = FACE_OUTER_BOUND ( 'NONE', #8119, .T. ) ;
#7297 = EDGE_LOOP ( 'NONE', ( #6573, #122, #1127, #1174 ) ) ;
#7298 = DIRECTION ( 'NONE',  ( 1.481718509849552606E-15, 0.9987686379936984160, 0.04961056097458502179 ) ) ;
#7299 = CARTESIAN_POINT ( 'NONE',  ( 360.1999805599999718, 244.8587748540000177, 105.1591293670000056 ) ) ;
#7300 = AXIS2_PLACEMENT_3D ( 'NONE', #2874, #241, #5398 ) ;
#7301 = CIRCLE ( 'NONE', #388, 2.500000046250006047 ) ;
#7302 = PLANE ( 'NONE',  #6761 ) ;
#7303 = CARTESIAN_POINT ( 'NONE',  ( 52.69997518129999747, 237.2871275359999856, 227.3500006139999812 ) ) ;
#7304 = AXIS2_PLACEMENT_3D ( 'NONE', #5654, #4949, #5612 ) ;
#7305 = ORIENTED_EDGE ( 'NONE', *, *, #6687, .T. ) ;
#7306 = CARTESIAN_POINT ( 'NONE',  ( 47.69997518130000458, 240.2136309889999950, 198.6686102100000255 ) ) ;
#7307 = VECTOR ( 'NONE', #3559, 1000.000000000000000 ) ;
#7308 = DIRECTION ( 'NONE',  ( -0.9606977151331842490, 0.01377172553520270709, -0.2772548281160530093 ) ) ;
#7309 = CARTESIAN_POINT ( 'NONE',  ( 242.3409974840000132, 247.5175770829999919, 21.39615230279999736 ) ) ;
#7310 = EDGE_LOOP ( 'NONE', ( #5811, #400 ) ) ;
#7311 = VECTOR ( 'NONE', #3971, 1000.000000000000114 ) ;
#7312 = PLANE ( 'NONE',  #7169 ) ;
#7313 = VERTEX_POINT ( 'NONE', #172 ) ;
#7314 = AXIS2_PLACEMENT_3D ( 'NONE', #2475, #5741, #3176 ) ;
#7315 = ORIENTED_EDGE ( 'NONE', *, *, #5552, .T. ) ;
#7316 = EDGE_LOOP ( 'NONE', ( #600, #6792, #2689, #3330 ) ) ;
#7317 = DIRECTION ( 'NONE',  ( 1.493058009093160224E-15, 0.9987686379936981940, 0.04961056097458500791 ) ) ;
#7318 = CARTESIAN_POINT ( 'NONE',  ( 49.14342939219999806, 236.8509405480000112, 236.1313946459999897 ) ) ;
#7319 = VERTEX_POINT ( 'NONE', #2721 ) ;
#7320 = DIRECTION ( 'NONE',  ( 1.000000000000000000, 0.000000000000000000, 0.000000000000000000 ) ) ;
#7321 = ORIENTED_EDGE ( 'NONE', *, *, #5856, .T. ) ;
#7322 = ORIENTED_EDGE ( 'NONE', *, *, #6700, .F. ) ;
#7323 = CARTESIAN_POINT ( 'NONE',  ( 362.6999804669999889, 198.4193357519999950, 112.8642496929999908 ) ) ;
#7324 = CARTESIAN_POINT ( 'NONE',  ( 48.81777933200000064, 243.9265115730000275, 123.9277298359999975 ) ) ;
#7325 = CARTESIAN_POINT ( 'NONE',  ( 297.6999813330000393, 206.0686785810000003, 19.33731453260000066 ) ) ;
#7326 = EDGE_CURVE ( 'NONE', #3014, #6310, #6306, .T. ) ;
#7327 = VERTEX_POINT ( 'NONE', #7869 ) ;
#7328 = FACE_BOUND ( 'NONE', #1434, .T. ) ;
#7329 = VERTEX_POINT ( 'NONE', #4583 ) ;
#7330 = CARTESIAN_POINT ( 'NONE',  ( 270.0204893619999780, 202.8242960189999735, 24.18280605730000232 ) ) ;
#7331 = ADVANCED_FACE ( 'NONE', ( #5326 ), #210, .F. ) ;
#7332 = EDGE_CURVE ( 'NONE', #7264, #2037, #1551, .T. ) ;
#7333 = ORIENTED_EDGE ( 'NONE', *, *, #4227, .T. ) ;
#7334 = EDGE_CURVE ( 'NONE', #3838, #6531, #3967, .T. ) ;
#7335 = DIRECTION ( 'NONE',  ( -0.9999999999999998890, 4.577699126569999506E-10, -9.218206776100000869E-09 ) ) ;
#7336 = ORIENTED_EDGE ( 'NONE', *, *, #5646, .F. ) ;
#7337 = DIRECTION ( 'NONE',  ( 1.000000000000000000, 0.000000000000000000, 0.000000000000000000 ) ) ;
#7338 = CARTESIAN_POINT ( 'NONE',  ( 365.1999812870000142, 193.3383522660000153, 215.1556232559999842 ) ) ;
#7339 = DIRECTION ( 'NONE',  ( 1.000000000000000000, 1.110223004086028302E-13, 1.110223004086028333E-14 ) ) ;
#7340 = DIRECTION ( 'NONE',  ( 1.493058009093160224E-15, 0.9987686379936981940, 0.04961056097458500791 ) ) ;
#7341 = FACE_BOUND ( 'NONE', #169, .T. ) ;
#7342 = DIRECTION ( 'NONE',  ( 1.000000000000000000, 0.000000000000000000, -1.181403991129999950E-13 ) ) ;
#7343 = CIRCLE ( 'NONE', #2435, 10.00000000000000888 ) ;
#7344 = EDGE_CURVE ( 'NONE', #3970, #6547, #579, .T. ) ;
#7345 = DIRECTION ( 'NONE',  ( 1.136868377219662335E-13, -0.9987686379937030789, -0.04961056097448530988 ) ) ;
#7346 = DIRECTION ( 'NONE',  ( -1.143080990239999910E-13, 1.000000000000000000, 0.000000000000000000 ) ) ;
#7347 = FACE_OUTER_BOUND ( 'NONE', #1746, .T. ) ;
#7348 = VERTEX_POINT ( 'NONE', #7906 ) ;
#7349 = DIRECTION ( 'NONE',  ( 0.000000000000000000, -0.9987686379936980829, -0.04961056097458500097 ) ) ;
#7350 = VERTEX_POINT ( 'NONE', #5838 ) ;
#7351 = ADVANCED_FACE ( 'NONE', ( #4048 ), #5240, .F. ) ;
#7352 = ORIENTED_EDGE ( 'NONE', *, *, #7996, .F. ) ;
#7353 = LINE ( 'NONE', #2410, #783 ) ;
#7354 = DIRECTION ( 'NONE',  ( 1.000000000000000000, -2.775557561562890957E-15, 0.000000000000000000 ) ) ;
#7355 = DIRECTION ( 'NONE',  ( -0.9999999815032921680, 9.541932656231520308E-06, -0.0001920998877027771086 ) ) ;
#7356 = DIRECTION ( 'NONE',  ( 1.000000000000000000, 1.137978600240784444E-13, 5.551115123125777969E-15 ) ) ;
#7357 = ORIENTED_EDGE ( 'NONE', *, *, #4294, .T. ) ;
#7358 = EDGE_LOOP ( 'NONE', ( #2381, #7147 ) ) ;
#7359 = CIRCLE ( 'NONE', #1516, 2.500000046250006047 ) ;
#7360 = FACE_OUTER_BOUND ( 'NONE', #2545, .T. ) ;
#7361 = DIRECTION ( 'NONE',  ( -1.140905882208934397E-13, 0.9987686379937031900, 0.04961056097448531682 ) ) ;
#7362 = CARTESIAN_POINT ( 'NONE',  ( 366.9782541810000112, 192.4060835239999960, 233.9242233949999843 ) ) ;
#7363 = ORIENTED_EDGE ( 'NONE', *, *, #1077, .T. ) ;
#7364 = CARTESIAN_POINT ( 'NONE',  ( 117.6999730590000013, 245.5317210760000251, 91.61136659759999645 ) ) ;
#7365 = AXIS2_PLACEMENT_3D ( 'NONE', #7212, #135, #919 ) ;
#7366 = CARTESIAN_POINT ( 'NONE',  ( 55.19997518130000458, 238.2793148990000134, 207.3751081270000327 ) ) ;
#7367 = EDGE_LOOP ( 'NONE', ( #182, #2945 ) ) ;
#7368 = PLANE ( 'NONE',  #6797 ) ;
#7369 = CARTESIAN_POINT ( 'NONE',  ( 270.0204893619999780, 247.2695481220000033, 26.38951547510000140 ) ) ;
#7370 = AXIS2_PLACEMENT_3D ( 'NONE', #6759, #6046, #335 ) ;
#7371 = CARTESIAN_POINT ( 'NONE',  ( 242.3409963010000183, 199.7105708800000059, 147.3398697159999813 ) ) ;
#7372 = CARTESIAN_POINT ( 'NONE',  ( 270.0204893619999780, 192.4257319969999855, 293.9996521580000035 ) ) ;
#7373 = CARTESIAN_POINT ( 'NONE',  ( 260.0204893620000348, 233.8746781859999828, 296.0575298929999803 ) ) ;
#7374 = DIRECTION ( 'NONE',  ( 1.000000000000000000, 1.110223004086028302E-13, 5.551115020430141666E-15 ) ) ;
#7375 = CYLINDRICAL_SURFACE ( 'NONE', #6356, 2.500000046249985619 ) ;
#7376 = AXIS2_PLACEMENT_3D ( 'NONE', #4407, #1283, #7042 ) ;
#7377 = FACE_OUTER_BOUND ( 'NONE', #3151, .T. ) ;
#7378 = DIRECTION ( 'NONE',  ( 1.000000000000000000, 5.551115123125785858E-15, -1.165734175856414872E-13 ) ) ;
#7379 = EDGE_LOOP ( 'NONE', ( #663, #5336, #3609, #724 ) ) ;
#7380 = EDGE_CURVE ( 'NONE', #1876, #2155, #2682, .T. ) ;
#7381 = EDGE_CURVE ( 'NONE', #1669, #6939, #5361, .T. ) ;
#7382 = LINE ( 'NONE', #6772, #8199 ) ;
#7383 = EDGE_CURVE ( 'NONE', #5236, #5616, #3523, .T. ) ;
#7384 = CARTESIAN_POINT ( 'NONE',  ( 58.90552650779999766, 236.4624047739999924, 243.9534659550000129 ) ) ;
#7385 = ORIENTED_EDGE ( 'NONE', *, *, #2185, .T. ) ;
#7386 = EDGE_CURVE ( 'NONE', #1570, #7120, #5621, .T. ) ;
#7387 = CARTESIAN_POINT ( 'NONE',  ( 163.8392314490000103, 235.6383846370000015, 290.7782835880000221 ) ) ;
#7388 = ORIENTED_EDGE ( 'NONE', *, *, #3634, .T. ) ;
#7389 = EDGE_CURVE ( 'NONE', #6939, #1669, #5222, .T. ) ;
#7390 = VERTEX_POINT ( 'NONE', #2082 ) ;
#7391 = ORIENTED_EDGE ( 'NONE', *, *, #7694, .T. ) ;
#7392 = CARTESIAN_POINT ( 'NONE',  ( 52.69997318429999922, 198.9154468250000036, 102.8765635840000101 ) ) ;
#7393 = ORIENTED_EDGE ( 'NONE', *, *, #5585, .F. ) ;
#7394 = LINE ( 'NONE', #3580, #2226 ) ;
#7395 = CIRCLE ( 'NONE', #3291, 10.00000000000000888 ) ;
#7396 = ORIENTED_EDGE ( 'NONE', *, *, #2651, .F. ) ;
#7397 = ORIENTED_EDGE ( 'NONE', *, *, #7262, .F. ) ;
#7398 = AXIS2_PLACEMENT_3D ( 'NONE', #6099, #4916, #4097 ) ;
#7399 = DIRECTION ( 'NONE',  ( -0.9999999815032921680, 9.541932656231520308E-06, -0.0001920998877013893298 ) ) ;
#7400 = CARTESIAN_POINT ( 'NONE',  ( 250.0204893620000064, 204.3224489850000225, 24.25722171439999997 ) ) ;
#7401 = ORIENTED_EDGE ( 'NONE', *, *, #3983, .F. ) ;
#7402 = LINE ( 'NONE', #6627, #6646 ) ;
#7403 = CYLINDRICAL_SURFACE ( 'NONE', #607, 2.500000046249988284 ) ;
#7404 = ORIENTED_EDGE ( 'NONE', *, *, #1372, .F. ) ;
#7405 = AXIS2_PLACEMENT_3D ( 'NONE', #2201, #7203, #3506 ) ;
#7406 = ORIENTED_EDGE ( 'NONE', *, *, #199, .F. ) ;
#7407 = CIRCLE ( 'NONE', #372, 2.500000046250006047 ) ;
#7408 = CYLINDRICAL_SURFACE ( 'NONE', #131, 2.500000046250002050 ) ;
#7409 = AXIS2_PLACEMENT_3D ( 'NONE', #7014, #1848, #52 ) ;
#7410 = DIRECTION ( 'NONE',  ( 1.000000000000000000, 1.110223004086028302E-13, 5.551115020430141666E-15 ) ) ;
#7411 = CARTESIAN_POINT ( 'NONE',  ( 173.0589562629999989, 206.0492996440000013, 19.72756499720000178 ) ) ;
#7412 = DIRECTION ( 'NONE',  ( -0.9999999999999998890, 4.577743564969999620E-10, -9.218199991789998611E-09 ) ) ;
#7413 = DIRECTION ( 'NONE',  ( -1.136868377219662335E-13, 0.9987686379937030789, 0.04961056097448530988 ) ) ;
#7414 = CIRCLE ( 'NONE', #3446, 2.500000046250006047 ) ;
#7415 = ORIENTED_EDGE ( 'NONE', *, *, #2651, .T. ) ;
#7416 = VECTOR ( 'NONE', #3560, 1000.000000000000341 ) ;
#7417 = DIRECTION ( 'NONE',  ( 1.481718509849552606E-15, 0.9987686379936984160, 0.04961056097458502179 ) ) ;
#7418 = LINE ( 'NONE', #5584, #5825 ) ;
#7419 = AXIS2_PLACEMENT_3D ( 'NONE', #1395, #5770, #2622 ) ;
#7420 = CIRCLE ( 'NONE', #4103, 2.500000046250006047 ) ;
#7421 = AXIS2_PLACEMENT_3D ( 'NONE', #1073, #4107, #4843 ) ;
#7422 = ORIENTED_EDGE ( 'NONE', *, *, #1905, .F. ) ;
#7423 = LINE ( 'NONE', #1093, #8215 ) ;
#7424 = ORIENTED_EDGE ( 'NONE', *, *, #23, .T. ) ;
#7425 = ORIENTED_EDGE ( 'NONE', *, *, #7780, .T. ) ;
#7426 = CIRCLE ( 'NONE', #2392, 2.500000046249998942 ) ;
#7427 = EDGE_CURVE ( 'NONE', #5475, #6753, #2722, .T. ) ;
#7428 = CIRCLE ( 'NONE', #5030, 10.00000000000000888 ) ;
#7429 = EDGE_LOOP ( 'NONE', ( #4199, #4432 ) ) ;
#7430 = EDGE_CURVE ( 'NONE', #6000, #248, #833, .T. ) ;
#7431 = CIRCLE ( 'NONE', #648, 2.500000046250006047 ) ;
#7432 = FACE_OUTER_BOUND ( 'NONE', #1522, .T. ) ;
#7433 = DIRECTION ( 'NONE',  ( -1.140924983549660398E-13, 0.9987686379937031900, 0.04961056097448531682 ) ) ;
#7434 = EDGE_CURVE ( 'NONE', #1960, #5218, #1246, .T. ) ;
#7435 = FACE_BOUND ( 'NONE', #7871, .T. ) ;
#7436 = VECTOR ( 'NONE', #7576, 1000.000000000000114 ) ;
#7437 = VECTOR ( 'NONE', #1880, 1000.000000000000000 ) ;
#7438 = ORIENTED_EDGE ( 'NONE', *, *, #938, .T. ) ;
#7439 = ORIENTED_EDGE ( 'NONE', *, *, #6570, .T. ) ;
#7440 = ADVANCED_FACE ( 'NONE', ( #2257 ), #2884, .F. ) ;
#7441 = FACE_OUTER_BOUND ( 'NONE', #7840, .T. ) ;
#7442 = CYLINDRICAL_SURFACE ( 'NONE', #7555, 2.500000046250002050 ) ;
#7443 = ADVANCED_FACE ( 'NONE', ( #1036 ), #5492, .F. ) ;
#7444 = CYLINDRICAL_SURFACE ( 'NONE', #995, 2.500000046249988284 ) ;
#7445 = DIRECTION ( 'NONE',  ( 1.136868377219662335E-13, -0.9987686379937030789, -0.04961056097448530988 ) ) ;
#7446 = EDGE_LOOP ( 'NONE', ( #8217, #7094, #4287, #3549 ) ) ;
#7447 = FACE_OUTER_BOUND ( 'NONE', #2685, .T. ) ;
#7448 = DIRECTION ( 'NONE',  ( 1.136675133409662280E-13, -0.9987686379937031900, -0.04961056097448531682 ) ) ;
#7449 = ORIENTED_EDGE ( 'NONE', *, *, #1940, .T. ) ;
#7450 = ORIENTED_EDGE ( 'NONE', *, *, #512, .F. ) ;
#7451 = ORIENTED_EDGE ( 'NONE', *, *, #6937, .F. ) ;
#7452 = DIRECTION ( 'NONE',  ( 1.000000000000000000, 0.000000000000000000, 0.000000000000000000 ) ) ;
#7453 = CARTESIAN_POINT ( 'NONE',  ( 365.4643685299999447, 201.4755602859999897, 111.8067890530000028 ) ) ;
#7454 = FACE_OUTER_BOUND ( 'NONE', #3810, .T. ) ;
#7455 = CARTESIAN_POINT ( 'NONE',  ( 462.3999751820000483, 188.1813910440000086, 318.9764838670000131 ) ) ;
#7456 = FACE_BOUND ( 'NONE', #2522, .T. ) ;
#7457 = DIRECTION ( 'NONE',  ( 1.140924983539660419E-13, -0.9987686379937031900, -0.04961056097448531682 ) ) ;
#7458 = CIRCLE ( 'NONE', #6006, 2.500000046250006047 ) ;
#7459 = VERTEX_POINT ( 'NONE', #6672 ) ;
#7460 = CARTESIAN_POINT ( 'NONE',  ( 365.4643693380000400, 236.7215668319999793, 208.5079636190000087 ) ) ;
#7461 = VERTEX_POINT ( 'NONE', #7948 ) ;
#7462 = CARTESIAN_POINT ( 'NONE',  ( 365.1999812870000142, 192.8422466569999756, 225.1433096360000263 ) ) ;
#7463 = DIRECTION ( 'NONE',  ( 1.000000000000000000, 1.110223004086031457E-13, 5.551115020430157443E-15 ) ) ;
#7464 = DIRECTION ( 'NONE',  ( -1.000000000000000000, -2.223193719064560336E-12, 0.000000000000000000 ) ) ;
#7465 = VERTEX_POINT ( 'NONE', #5408 ) ;
#7466 = CARTESIAN_POINT ( 'NONE',  ( 49.93558521399999961, 242.9244642259999978, 113.8656276050000002 ) ) ;
#7467 = ORIENTED_EDGE ( 'NONE', *, *, #2307, .F. ) ;
#7468 = ORIENTED_EDGE ( 'NONE', *, *, #7542, .F. ) ;
#7469 = VERTEX_POINT ( 'NONE', #4789 ) ;
#7470 = FACE_BOUND ( 'NONE', #752, .T. ) ;
#7471 = DIRECTION ( 'NONE',  ( 0.9999999815015170324, 9.542390645425124303E-06, -0.0001921091058441336014 ) ) ;
#7472 = FACE_BOUND ( 'NONE', #4979, .T. ) ;
#7473 = EDGE_CURVE ( 'NONE', #7754, #3792, #2930, .T. ) ;
#7474 = EDGE_LOOP ( 'NONE', ( #7101, #937, #4470, #1405 ) ) ;
#7475 = ORIENTED_EDGE ( 'NONE', *, *, #1420, .F. ) ;
#7476 = EDGE_CURVE ( 'NONE', #5212, #1475, #3266, .T. ) ;
#7477 = CARTESIAN_POINT ( 'NONE',  ( 48.81778115559999520, 194.2702736409999886, 196.3865244050000172 ) ) ;
#7478 = CARTESIAN_POINT ( 'NONE',  ( 257.5204893619999780, 189.4294499389999942, 293.8503402019999839 ) ) ;
#7479 = DIRECTION ( 'NONE',  ( 1.140924983539660419E-13, -0.9987686379937031900, -0.04961056097448531682 ) ) ;
#7480 = DIRECTION ( 'NONE',  ( 1.000000000000000000, 1.110223004086028302E-13, 5.551115020430141666E-15 ) ) ;
#7481 = DIRECTION ( 'NONE',  ( -0.9999999815032921680, -9.541932867173944115E-06, 0.0001920998875556736150 ) ) ;
#7482 = ADVANCED_FACE ( 'NONE', ( #2965 ), #6090, .F. ) ;
#7483 = VERTEX_POINT ( 'NONE', #3554 ) ;
#7484 = VECTOR ( 'NONE', #2639, 1000.000000000000114 ) ;
#7485 = ORIENTED_EDGE ( 'NONE', *, *, #1211, .T. ) ;
#7486 = VERTEX_POINT ( 'NONE', #4823 ) ;
#7487 = EDGE_CURVE ( 'NONE', #3039, #4669, #5110, .T. ) ;
#7488 = FACE_OUTER_BOUND ( 'NONE', #3650, .T. ) ;
#7489 = AXIS2_PLACEMENT_3D ( 'NONE', #5044, #7586, #1887 ) ;
#7490 = DIRECTION ( 'NONE',  ( 1.140924983539660419E-13, -0.9987686379937031900, -0.04961056097448531682 ) ) ;
#7491 = CARTESIAN_POINT ( 'NONE',  ( 50.19997327659999797, 241.3663687909999851, 114.9979843819999985 ) ) ;
#7492 = DIRECTION ( 'NONE',  ( -1.140924983549660398E-13, 0.9987686379937031900, 0.04961056097448531682 ) ) ;
#7493 = DIRECTION ( 'NONE',  ( 1.000000000000000000, 0.000000000000000000, -1.181403991129999950E-13 ) ) ;
#7494 = DIRECTION ( 'NONE',  ( 1.140924983539660419E-13, -0.9987686379937031900, -0.04961056097448531682 ) ) ;
#7495 = EDGE_LOOP ( 'NONE', ( #6469, #6515 ) ) ;
#7496 = CIRCLE ( 'NONE', #2852, 60.22727286730000884 ) ;
#7497 = CARTESIAN_POINT ( 'NONE',  ( 252.5204893620000064, 248.7676772309999933, 26.46441142800000179 ) ) ;
#7498 = CARTESIAN_POINT ( 'NONE',  ( 47.69997301090000263, 242.7947431420000157, 86.24169788589999541 ) ) ;
#7499 = AXIS2_PLACEMENT_3D ( 'NONE', #2803, #3349, #2128 ) ;
#7500 = DIRECTION ( 'NONE',  ( 1.000000000000000000, 1.110223004086028302E-13, 5.551115020430141666E-15 ) ) ;
#7501 = VERTEX_POINT ( 'NONE', #7497 ) ;
#7502 = DIRECTION ( 'NONE',  ( -0.9762097115541490400, -0.01075698359520173113, 0.2165615071320331486 ) ) ;
#7503 = EDGE_LOOP ( 'NONE', ( #7923, #3815, #3367, #745 ) ) ;
#7504 = EDGE_LOOP ( 'NONE', ( #5721, #4408 ) ) ;
#7505 =( GEOMETRIC_REPRESENTATION_CONTEXT ( 3 ) GLOBAL_UNCERTAINTY_ASSIGNED_CONTEXT ( ( #3147 ) ) GLOBAL_UNIT_ASSIGNED_CONTEXT ( ( #2597, #1370, #3799 ) ) REPRESENTATION_CONTEXT ( 'NONE', 'WORKASPACE' ) );
#7506 = VECTOR ( 'NONE', #5522, 1000.000000000000341 ) ;
#7507 = CARTESIAN_POINT ( 'NONE',  ( 360.1999804669999889, 244.3626692450000064, 115.1468157470000051 ) ) ;
#7508 = VECTOR ( 'NONE', #6958, 1000.000000000000114 ) ;
#7509 = CYLINDRICAL_SURFACE ( 'NONE', #5021, 2.500000046249988284 ) ;
#7510 = AXIS2_PLACEMENT_3D ( 'NONE', #6615, #900, #5860 ) ;
#7511 = CYLINDRICAL_SURFACE ( 'NONE', #2901, 2.500000046249985619 ) ;
#7512 = EDGE_LOOP ( 'NONE', ( #5938, #4664, #7596, #2793 ) ) ;
#7513 = ORIENTED_EDGE ( 'NONE', *, *, #7540, .F. ) ;
#7514 = CARTESIAN_POINT ( 'NONE',  ( 163.0589562629999989, 204.5511466830000131, 19.65314924790000006 ) ) ;
#7515 = CARTESIAN_POINT ( 'NONE',  ( 55.19997318429999922, 241.8624744039999825, 105.0102979559999881 ) ) ;
#7516 = CARTESIAN_POINT ( 'NONE',  ( 262.5204893620000348, 235.3728072870000005, 296.1324260069999923 ) ) ;
#7517 = CARTESIAN_POINT ( 'NONE',  ( 297.6999806849999572, 245.5317156120000277, 91.61136632619999887 ) ) ;
#7518 = PLANE ( 'NONE',  #6769 ) ;
#7519 = DIRECTION ( 'NONE',  ( 1.000000000000000000, 1.110223004086031457E-13, 5.551115020430157443E-15 ) ) ;
#7520 = EDGE_CURVE ( 'NONE', #7319, #881, #710, .T. ) ;
#7521 = ORIENTED_EDGE ( 'NONE', *, *, #567, .F. ) ;
#7522 = LINE ( 'NONE', #5775, #1532 ) ;
#7523 = ORIENTED_EDGE ( 'NONE', *, *, #2819, .F. ) ;
#7524 = EDGE_LOOP ( 'NONE', ( #4106, #3416, #6613, #7851 ) ) ;
#7525 = CARTESIAN_POINT ( 'NONE',  ( 250.0204893620000064, 204.3224966969999912, 24.25626116879999827 ) ) ;
#7526 = AXIS2_PLACEMENT_3D ( 'NONE', #2728, #5882, #4590 ) ;
#7527 = EDGE_CURVE ( 'NONE', #248, #7106, #4871, .T. ) ;
#7528 = EDGE_CURVE ( 'NONE', #1151, #5212, #6888, .T. ) ;
#7529 = DIRECTION ( 'NONE',  ( 0.9999999815032921680, -9.541932645129290062E-06, 0.0001920998876236737181 ) ) ;
#7530 = EDGE_CURVE ( 'NONE', #2233, #6513, #6047, .T. ) ;
#7531 = DIRECTION ( 'NONE',  ( 1.000000000000000000, 1.137978600240784444E-13, 5.551115123125777969E-15 ) ) ;
#7532 = DIRECTION ( 'NONE',  ( 1.140924983549660398E-13, -0.9987686379937031900, -0.04961056097448531682 ) ) ;
#7533 = EDGE_CURVE ( 'NONE', #1645, #4863, #4309, .T. ) ;
#7534 = FACE_OUTER_BOUND ( 'NONE', #3215, .T. ) ;
#7535 = DIRECTION ( 'NONE',  ( 1.136505832169074187E-13, -0.9987686379937031900, -0.04961056097448531682 ) ) ;
#7536 = ORIENTED_EDGE ( 'NONE', *, *, #2871, .F. ) ;
#7537 = DIRECTION ( 'NONE',  ( -0.9999999815032921680, -9.541932867173944115E-06, 0.0001920998875556736150 ) ) ;
#7538 = DIRECTION ( 'NONE',  ( 1.000000000000000000, 1.110223004086028302E-13, 1.110223004086028333E-14 ) ) ;
#7539 = CIRCLE ( 'NONE', #1564, 2.500000046250006047 ) ;
#7540 = EDGE_CURVE ( 'NONE', #4154, #3252, #2187, .T. ) ;
#7541 = VECTOR ( 'NONE', #7345, 1000.000000000000114 ) ;
#7542 = EDGE_CURVE ( 'NONE', #2888, #3092, #5773, .T. ) ;
#7543 = DIRECTION ( 'NONE',  ( 1.000000000000000000, 0.000000000000000000, 0.000000000000000000 ) ) ;
#7544 = CIRCLE ( 'NONE', #6628, 2.500000046249998942 ) ;
#7545 = VERTEX_POINT ( 'NONE', #1636 ) ;
#7546 = AXIS2_PLACEMENT_3D ( 'NONE', #1605, #432, #2897 ) ;
#7547 = CYLINDRICAL_SURFACE ( 'NONE', #126, 9.999999999999998224 ) ;
#7548 = EDGE_LOOP ( 'NONE', ( #884, #6859, #5884, #7451 ) ) ;
#7549 = ORIENTED_EDGE ( 'NONE', *, *, #8134, .F. ) ;
#7550 = CIRCLE ( 'NONE', #239, 60.22727286730000884 ) ;
#7551 = AXIS2_PLACEMENT_3D ( 'NONE', #6824, #1903, #4891 ) ;
#7552 = VECTOR ( 'NONE', #7713, 1000.000000000000341 ) ;
#7553 = DIRECTION ( 'NONE',  ( -0.9999999815032921680, -9.541932867173944115E-06, 0.0001920998875237547030 ) ) ;
#7554 = CARTESIAN_POINT ( 'NONE',  ( 257.5204893619999780, 192.4257558529999699, 293.9991718850000098 ) ) ;
#7555 = AXIS2_PLACEMENT_3D ( 'NONE', #6828, #1103, #3034 ) ;
#7556 = VECTOR ( 'NONE', #6063, 1000.000000000000114 ) ;
#7557 = CARTESIAN_POINT ( 'NONE',  ( 260.0204893620000348, 190.9276267519999806, 293.9242757709999978 ) ) ;
#7558 = ORIENTED_EDGE ( 'NONE', *, *, #5866, .T. ) ;
#7559 = CIRCLE ( 'NONE', #1585, 2.500000046249998942 ) ;
#7560 = EDGE_LOOP ( 'NONE', ( #7016, #2886 ) ) ;
#7561 = ORIENTED_EDGE ( 'NONE', *, *, #1169, .F. ) ;
#7562 = CARTESIAN_POINT ( 'NONE',  ( 362.6999806519999652, 243.8567036500000142, 95.09750744170000303 ) ) ;
#7563 = CARTESIAN_POINT ( 'NONE',  ( 173.0589562600000022, 247.5175825470000177, 21.39615257410000027 ) ) ;
#7564 = FACE_OUTER_BOUND ( 'NONE', #2588, .T. ) ;
#7565 = AXIS2_PLACEMENT_3D ( 'NONE', #7232, #1528, #3333 ) ;
#7566 = LINE ( 'NONE', #4902, #2385 ) ;
#7567 = AXIS2_PLACEMENT_3D ( 'NONE', #1176, #1896, #7502 ) ;
#7568 = CARTESIAN_POINT ( 'NONE',  ( 117.6999724180000158, 203.0368758099999980, 19.90322214899999764 ) ) ;
#7569 = DIRECTION ( 'NONE',  ( -1.141054688951602162E-13, 0.9987686379937031900, 0.04961056097448531682 ) ) ;
#7570 = ORIENTED_EDGE ( 'NONE', *, *, #1016, .F. ) ;
#7571 = DIRECTION ( 'NONE',  ( 0.9999999815032921680, 9.541932878276174361E-06, -0.0001920998876014703147 ) ) ;
#7572 = EDGE_LOOP ( 'NONE', ( #6927, #5989, #3790, #2740, #4443, #6947, #4268, #5725, #7467, #7592, #5664, #2169 ) ) ;
#7573 = ORIENTED_EDGE ( 'NONE', *, *, #3923, .F. ) ;
#7574 = AXIS2_PLACEMENT_3D ( 'NONE', #4510, #3233, #1344 ) ;
#7575 = VECTOR ( 'NONE', #5916, 1000.000000000000114 ) ;
#7576 = DIRECTION ( 'NONE',  ( 1.136868377219662335E-13, -0.9987686379937030789, -0.04961056097448530988 ) ) ;
#7577 = EDGE_LOOP ( 'NONE', ( #188, #7648, #2454, #2407 ) ) ;
#7578 = CARTESIAN_POINT ( 'NONE',  ( 362.6999812869999573, 193.8344817320000288, 205.1674566029999767 ) ) ;
#7579 = FACE_OUTER_BOUND ( 'NONE', #3925, .T. ) ;
#7580 = DIRECTION ( 'NONE',  ( 1.000000000000000000, 0.000000000000000000, 0.000000000000000000 ) ) ;
#7581 = ADVANCED_FACE ( 'NONE', ( #6261 ), #3054, .F. ) ;
#7582 = DIRECTION ( 'NONE',  ( 1.140924983539660419E-13, -0.9987686379937031900, -0.04961056097448531682 ) ) ;
#7583 = CARTESIAN_POINT ( 'NONE',  ( 55.19997518130000458, 195.8382052030000011, 225.2916426070000000 ) ) ;
#7584 = EDGE_CURVE ( 'NONE', #4701, #5598, #6726, .T. ) ;
#7585 = VERTEX_POINT ( 'NONE', #2977 ) ;
#7586 = DIRECTION ( 'NONE',  ( -1.000000000000000000, 4.577697982270000859E-10, -9.218202680210000291E-09 ) ) ;
#7587 = CARTESIAN_POINT ( 'NONE',  ( 163.8392287740000199, 202.5584006299999942, 29.53596959319999726 ) ) ;
#7588 = EDGE_CURVE ( 'NONE', #2913, #2230, #7901, .T. ) ;
#7589 = VERTEX_POINT ( 'NONE', #5583 ) ;
#7590 = CARTESIAN_POINT ( 'NONE',  ( 306.2760330180000210, 248.4891774280000050, 32.07121900499999612 ) ) ;
#7591 = DIRECTION ( 'NONE',  ( 2.422506639732088921E-14, 0.9987686379936985270, 0.04961056097457848535 ) ) ;
#7592 = ORIENTED_EDGE ( 'NONE', *, *, #1893, .F. ) ;
#7593 = CARTESIAN_POINT ( 'NONE',  ( 242.3409974379999881, 233.6459859499999823, 300.6616026519999991 ) ) ;
#7594 = EDGE_LOOP ( 'NONE', ( #1956, #4791 ) ) ;
#7595 = ADVANCED_FACE ( 'NONE', ( #466 ), #2941, .F. ) ;
#7596 = ORIENTED_EDGE ( 'NONE', *, *, #2138, .F. ) ;
#7597 = FACE_OUTER_BOUND ( 'NONE', #7003, .T. ) ;
#7598 = LINE ( 'NONE', #25, #554 ) ;
#7599 = DIRECTION ( 'NONE',  ( 1.136675133409662280E-13, -0.9987686379937031900, -0.04961056097448531682 ) ) ;
#7600 = AXIS2_PLACEMENT_3D ( 'NONE', #523, #8163, #6313 ) ;
#7601 = DIRECTION ( 'NONE',  ( -0.9999999815015170324, 9.542390523300593288E-06, -0.0001921091057553157594 ) ) ;
#7602 = VERTEX_POINT ( 'NONE', #5504 ) ;
#7603 = ORIENTED_EDGE ( 'NONE', *, *, #6125, .F. ) ;
#7604 = LINE ( 'NONE', #1817, #1642 ) ;
#7605 = FACE_OUTER_BOUND ( 'NONE', #4903, .T. ) ;
#7606 = DIRECTION ( 'NONE',  ( -1.140905882208934397E-13, 0.9987686379937031900, 0.04961056097448531682 ) ) ;
#7607 = DIRECTION ( 'NONE',  ( 1.000000000000000000, 1.110223004086028302E-13, 5.551115020430141666E-15 ) ) ;
#7608 = CARTESIAN_POINT ( 'NONE',  ( 362.6999805599999718, 200.4135943179999799, 102.9509791540000094 ) ) ;
#7609 = DIRECTION ( 'NONE',  ( 1.000000000000000000, 0.000000000000000000, 0.000000000000000000 ) ) ;
#7610 = EDGE_LOOP ( 'NONE', ( #2124, #6208, #6199, #7978 ) ) ;
#7611 = LINE ( 'NONE', #8226, #2329 ) ;
#7612 = VERTEX_POINT ( 'NONE', #6816 ) ;
#7613 = DIRECTION ( 'NONE',  ( 1.000000000000000000, 1.110223004086028302E-13, 0.000000000000000000 ) ) ;
#7614 = CARTESIAN_POINT ( 'NONE',  ( 367.6999812870000142, 195.7687739650000083, 196.4614389580000022 ) ) ;
#7615 = VERTEX_POINT ( 'NONE', #4953 ) ;
#7616 = LINE ( 'NONE', #4371, #7437 ) ;
#7617 = CARTESIAN_POINT ( 'NONE',  ( 173.0589562600000022, 246.0194295900000157, 21.32173673259999802 ) ) ;
#7618 = DIRECTION ( 'NONE',  ( 1.136675133409662280E-13, -0.9987686379937031900, -0.04961056097448531682 ) ) ;
#7619 = DIRECTION ( 'NONE',  ( 1.136675133409662280E-13, -0.9987686379937031900, -0.04961056097448531682 ) ) ;
#7620 = CARTESIAN_POINT ( 'NONE',  ( 366.5821744119999721, 240.9302001960000155, 123.7788978819999954 ) ) ;
#7621 = LINE ( 'NONE', #2044, #1773 ) ;
#7622 = CARTESIAN_POINT ( 'NONE',  ( 173.0589590300000111, 192.1773556809999945, 298.9925163629999929 ) ) ;
#7623 = AXIS2_PLACEMENT_3D ( 'NONE', #798, #878, #2168 ) ;
#7624 = DIRECTION ( 'NONE',  ( 1.455753866324702301E-15, 0.9987686379936981940, 0.04961056097458500791 ) ) ;
#7625 = CARTESIAN_POINT ( 'NONE',  ( 360.1999812869999573, 238.2796622670000204, 207.3756068389999996 ) ) ;
#7626 = AXIS2_PLACEMENT_3D ( 'NONE', #3912, #6458, #863 ) ;
#7627 = ORIENTED_EDGE ( 'NONE', *, *, #5448, .F. ) ;
#7628 = EDGE_CURVE ( 'NONE', #6965, #7602, #4054, .T. ) ;
#7629 = EDGE_CURVE ( 'NONE', #3245, #4491, #8039, .T. ) ;
#7630 = ORIENTED_EDGE ( 'NONE', *, *, #3998, .F. ) ;
#7631 = ORIENTED_EDGE ( 'NONE', *, *, #1795, .F. ) ;
#7632 = EDGE_CURVE ( 'NONE', #820, #1527, #1928, .T. ) ;
#7633 = EDGE_CURVE ( 'NONE', #6118, #4684, #4451, .T. ) ;
#7634 = DIRECTION ( 'NONE',  ( -1.140924983549660398E-13, 0.9987686379937031900, 0.04961056097448531682 ) ) ;
#7635 = ADVANCED_FACE ( 'NONE', ( #2135 ), #6016, .F. ) ;
#7636 = CARTESIAN_POINT ( 'NONE',  ( 280.0204893619999780, 232.3765252290000092, 295.9831140520000190 ) ) ;
#7637 = CIRCLE ( 'NONE', #4710, 9.999999999999994671 ) ;
#7638 = ORIENTED_EDGE ( 'NONE', *, *, #1580, .T. ) ;
#7639 = VECTOR ( 'NONE', #6545, 1000.000000000000114 ) ;
#7640 = ORIENTED_EDGE ( 'NONE', *, *, #5292, .F. ) ;
#7641 = ADVANCED_FACE ( 'NONE', ( #4020 ), #5927, .F. ) ;
#7642 = DIRECTION ( 'NONE',  ( -9.882539231398374588E-14, 0.9987686379937034120, 0.04961056097448192370 ) ) ;
#7643 = DIRECTION ( 'NONE',  ( 1.481718509849552606E-15, 0.9987686379936984160, 0.04961056097458502179 ) ) ;
#7644 = CARTESIAN_POINT ( 'NONE',  ( 145.3794671059999928, 232.1281012009999927, 300.9769388020000633 ) ) ;
#7645 = VECTOR ( 'NONE', #4889, 1000.000000000000114 ) ;
#7646 = ORIENTED_EDGE ( 'NONE', *, *, #5552, .F. ) ;
#7647 = CARTESIAN_POINT ( 'NONE',  ( 122.8794671060000070, 235.3724599189999935, 296.1319272950000254 ) ) ;
#7648 = ORIENTED_EDGE ( 'NONE', *, *, #4972, .F. ) ;
#7649 = DIRECTION ( 'NONE',  ( 1.000000000000000000, 3.534288039560000252E-15, -1.099714186670000022E-13 ) ) ;
#7650 = VECTOR ( 'NONE', #3261, 1000.000000000000114 ) ;
#7651 = ORIENTED_EDGE ( 'NONE', *, *, #6794, .T. ) ;
#7652 = PLANE ( 'NONE',  #7103 ) ;
#7653 = DIRECTION ( 'NONE',  ( 1.000000000000000000, 1.133684338736157662E-13, 5.530167506030037914E-15 ) ) ;
#7654 = LINE ( 'NONE', #7774, #4713 ) ;
#7655 = ORIENTED_EDGE ( 'NONE', *, *, #2307, .T. ) ;
#7656 = VERTEX_POINT ( 'NONE', #4098 ) ;
#7657 = LINE ( 'NONE', #6423, #6655 ) ;
#7658 = CARTESIAN_POINT ( 'NONE',  ( 52.69997327659999797, 201.4155994170000099, 113.0140421929999945 ) ) ;
#7659 = PLANE ( 'NONE',  #2729 ) ;
#7660 = CARTESIAN_POINT ( 'NONE',  ( 52.69997518129999747, 236.2850801890000128, 217.2878983930000061 ) ) ;
#7661 = FACE_BOUND ( 'NONE', #6455, .T. ) ;
#7662 = ORIENTED_EDGE ( 'NONE', *, *, #4783, .T. ) ;
#7663 = DIRECTION ( 'NONE',  ( 1.140924983539660419E-13, -0.9987686379937031900, -0.04961056097448531682 ) ) ;
#7664 = ORIENTED_EDGE ( 'NONE', *, *, #2144, .F. ) ;
#7665 = CARTESIAN_POINT ( 'NONE',  ( 272.5204893619999780, 232.3765013729999964, 295.9835943240000233 ) ) ;
#7666 = ORIENTED_EDGE ( 'NONE', *, *, #4544, .F. ) ;
#7667 = AXIS2_PLACEMENT_3D ( 'NONE', #8151, #3965, #6506 ) ;
#7668 = ORIENTED_EDGE ( 'NONE', *, *, #1905, .T. ) ;
#7669 = CIRCLE ( 'NONE', #1682, 2.500000046250006047 ) ;
#7670 = ORIENTED_EDGE ( 'NONE', *, *, #7999, .F. ) ;
#7671 = ADVANCED_FACE ( 'NONE', ( #2894, #7341, #5420, #2269, #841, #221, #302, #6645, #7839 ), #7915, .F. ) ;
#7672 = FACE_OUTER_BOUND ( 'NONE', #5883, .T. ) ;
#7673 = CIRCLE ( 'NONE', #1969, 2.500000046250006047 ) ;
#7674 = CIRCLE ( 'NONE', #4757, 2.500000046250006047 ) ;
#7675 = CARTESIAN_POINT ( 'NONE',  ( 167.8794671060000212, 232.3761540049999894, 295.9830956119999996 ) ) ;
#7676 = EDGE_CURVE ( 'NONE', #1054, #7656, #6056, .T. ) ;
#7677 = FACE_OUTER_BOUND ( 'NONE', #7114, .T. ) ;
#7678 = ORIENTED_EDGE ( 'NONE', *, *, #3056, .T. ) ;
#7679 = EDGE_CURVE ( 'NONE', #1141, #7972, #7496, .T. ) ;
#7680 = EDGE_LOOP ( 'NONE', ( #8063, #8179 ) ) ;
#7681 = AXIS2_PLACEMENT_3D ( 'NONE', #2909, #7976, #1021 ) ;
#7682 = EDGE_LOOP ( 'NONE', ( #4235, #5740, #4399, #8003, #364, #2086, #2590, #6956, #6853, #840, #6252, #5865 ) ) ;
#7683 = AXIS2_PLACEMENT_3D ( 'NONE', #924, #6012, #341 ) ;
#7684 = EDGE_CURVE ( 'NONE', #7078, #3039, #6724, .T. ) ;
#7685 = CARTESIAN_POINT ( 'NONE',  ( 47.69997518130000458, 197.2665795550000212, 196.5353560879999861 ) ) ;
#7686 = CARTESIAN_POINT ( 'NONE',  ( 270.0204893619999780, 232.1284485679999818, 300.9774375140000302 ) ) ;
#7687 = LINE ( 'NONE', #1994, #8068 ) ;
#7688 = DIRECTION ( 'NONE',  ( 7.177702305507872042E-15, -0.04961056097448531682, 0.9987686379937031900 ) ) ;
#7689 = AXIS2_PLACEMENT_3D ( 'NONE', #5523, #7479, #1236 ) ;
#7690 = AXIS2_PLACEMENT_3D ( 'NONE', #1158, #3716, #2560 ) ;
#7691 = VERTEX_POINT ( 'NONE', #3445 ) ;
#7692 = DIRECTION ( 'NONE',  ( 1.141040767796222073E-13, -0.9987686379937031900, -0.04961056097448531682 ) ) ;
#7693 = ORIENTED_EDGE ( 'NONE', *, *, #4441, .T. ) ;
#7694 = EDGE_CURVE ( 'NONE', #1854, #5286, #1005, .T. ) ;
#7695 = ADVANCED_FACE ( 'NONE', ( #2814 ), #5335, .F. ) ;
#7696 = AXIS2_PLACEMENT_3D ( 'NONE', #4155, #3505, #326 ) ;
#7697 = VECTOR ( 'NONE', #6567, 1000.000000000000114 ) ;
#7698 = AXIS2_PLACEMENT_3D ( 'NONE', #7372, #5497, #3045 ) ;
#7699 = LINE ( 'NONE', #6502, #7650 ) ;
#7700 = EDGE_LOOP ( 'NONE', ( #3368, #2558, #3041, #5386 ) ) ;
#7701 = EDGE_LOOP ( 'NONE', ( #5720, #2858 ) ) ;
#7702 = DIRECTION ( 'NONE',  ( -1.140924987365460114E-13, 0.9987686379937031900, 0.04961056097448531682 ) ) ;
#7703 = DIRECTION ( 'NONE',  ( 1.136868377219662335E-13, -0.9987686379937030789, -0.04961056097448530988 ) ) ;
#7704 = PERSON_AND_ORGANIZATION ( #5418, #4589 ) ;
#7705 = CIRCLE ( 'NONE', #4120, 2.500000046250006047 ) ;
#7706 = CARTESIAN_POINT ( 'NONE',  ( 365.1999806519999652, 242.3585745480000071, 95.02261135060000186 ) ) ;
#7707 = CIRCLE ( 'NONE', #7314, 2.500000046250006047 ) ;
#7708 = CARTESIAN_POINT ( 'NONE',  ( 49.14342712949999736, 201.8419502760000341, 74.19517321230000562 ) ) ;
#7709 = CYLINDRICAL_SURFACE ( 'NONE', #4660, 2.500000046250013153 ) ;
#7710 = ORIENTED_EDGE ( 'NONE', *, *, #5633, .F. ) ;
#7711 = DIRECTION ( 'NONE',  ( -0.9999999999999998890, 0.000000000000000000, -9.240940914131349289E-09 ) ) ;
#7712 = VERTEX_POINT ( 'NONE', #390 ) ;
#7713 = DIRECTION ( 'NONE',  ( 0.000000000000000000, -0.9987686379936980829, -0.04961056097458500097 ) ) ;
#7714 = DIRECTION ( 'NONE',  ( -1.140924983549660398E-13, 0.9987686379937031900, 0.04961056097448531682 ) ) ;
#7715 = ORIENTED_EDGE ( 'NONE', *, *, #5098, .F. ) ;
#7716 = LINE ( 'NONE', #4440, #2108 ) ;
#7717 = DIRECTION ( 'NONE',  ( -1.136868377219662335E-13, 0.9987686379937030789, 0.04961056097448530988 ) ) ;
#7718 = ORIENTED_EDGE ( 'NONE', *, *, #666, .F. ) ;
#7719 = AXIS2_PLACEMENT_3D ( 'NONE', #4025, #225, #1982 ) ;
#7720 = ORIENTED_EDGE ( 'NONE', *, *, #1218, .T. ) ;
#7721 = CARTESIAN_POINT ( 'NONE',  ( 297.6999813259999996, 204.5350233039999921, 19.97763771919999698 ) ) ;
#7722 = LINE ( 'NONE', #5350, #3004 ) ;
#7723 = DIRECTION ( 'NONE',  ( 1.000000000000000000, 1.137978600240784444E-13, 5.551115123125777969E-15 ) ) ;
#7724 = ADVANCED_FACE ( 'NONE', ( #4707 ), #3486, .F. ) ;
#7725 = CARTESIAN_POINT ( 'NONE',  ( 48.81777933200000064, 240.9302056589999950, 123.7788981530000001 ) ) ;
#7726 = ORIENTED_EDGE ( 'NONE', *, *, #8228, .F. ) ;
#7727 = ADVANCED_FACE ( 'NONE', ( #3719 ), #5615, .F. ) ;
#7728 = EDGE_CURVE ( 'NONE', #5645, #6867, #4705, .T. ) ;
#7729 = ORIENTED_EDGE ( 'NONE', *, *, #4886, .F. ) ;
#7730 = AXIS2_PLACEMENT_3D ( 'NONE', #3985, #5253, #3406 ) ;
#7731 = DIRECTION ( 'NONE',  ( 1.136868377219662335E-13, -0.9987686379937030789, -0.04961056097448530988 ) ) ;
#7732 = FACE_BOUND ( 'NONE', #1922, .T. ) ;
#7733 = DIRECTION ( 'NONE',  ( 1.455753866324702301E-15, 0.9987686379936981940, 0.04961056097458500791 ) ) ;
#7734 = EDGE_CURVE ( 'NONE', #4685, #5306, #4377, .T. ) ;
#7735 = ORIENTED_EDGE ( 'NONE', *, *, #2465, .F. ) ;
#7736 = ORIENTED_EDGE ( 'NONE', *, *, #7888, .F. ) ;
#7737 = DIRECTION ( 'NONE',  ( 1.136754526454196255E-13, -0.9987686379937031900, -0.04961056097448531682 ) ) ;
#7738 = LINE ( 'NONE', #3426, #5163 ) ;
#7739 = CARTESIAN_POINT ( 'NONE',  ( 52.69997318429999922, 200.4135520700000086, 102.9519399710000016 ) ) ;
#7740 = ADVANCED_FACE ( 'NONE', ( #1715 ), #2976, .F. ) ;
#7741 = ORIENTED_EDGE ( 'NONE', *, *, #6891, .T. ) ;
#7742 = CARTESIAN_POINT ( 'NONE',  ( 251.5607250190000173, 192.6916805699999884, 288.6455281780000064 ) ) ;
#7743 = ORIENTED_EDGE ( 'NONE', *, *, #4294, .F. ) ;
#7744 = DIRECTION ( 'NONE',  ( 1.000000000000000000, 1.110223004086031457E-13, 5.551115020430157443E-15 ) ) ;
#7745 = ORIENTED_EDGE ( 'NONE', *, *, #3161, .F. ) ;
#7746 = CYLINDRICAL_SURFACE ( 'NONE', #7574, 2.500000046249985619 ) ;
#7747 = ADVANCED_FACE ( 'NONE', ( #1206 ), #462, .F. ) ;
#7748 = ORIENTED_EDGE ( 'NONE', *, *, #1110, .F. ) ;
#7749 = CYLINDRICAL_SURFACE ( 'NONE', #5427, 2.500000046249985619 ) ;
#7750 = PLANE ( 'NONE',  #7526 ) ;
#7751 = ORIENTED_EDGE ( 'NONE', *, *, #871, .F. ) ;
#7752 = ORIENTED_EDGE ( 'NONE', *, *, #2195, .F. ) ;
#7753 = VECTOR ( 'NONE', #6908, 1000.000000000000114 ) ;
#7754 = VERTEX_POINT ( 'NONE', #1125 ) ;
#7755 = DIRECTION ( 'NONE',  ( 1.478176250624248093E-15, 0.9987686379936981940, 0.04961056097458500791 ) ) ;
#7756 = CARTESIAN_POINT ( 'NONE',  ( 290.0204893619999780, 248.7676533579999898, 26.46489204649999749 ) ) ;
#7757 = AXIS2_PLACEMENT_3D ( 'NONE', #5279, #1506, #7829 ) ;
#7758 = DIRECTION ( 'NONE',  ( 1.000000000000000000, 0.000000000000000000, -2.986699768641239865E-14 ) ) ;
#7759 = LINE ( 'NONE', #4598, #8065 ) ;
#7760 = EDGE_LOOP ( 'NONE', ( #8097, #254, #1569, #6066 ) ) ;
#7761 = ORIENTED_EDGE ( 'NONE', *, *, #1211, .F. ) ;
#7762 = VECTOR ( 'NONE', #4951, 1000.000000000000114 ) ;
#7763 = ORIENTED_EDGE ( 'NONE', *, *, #7881, .F. ) ;
#7764 = CARTESIAN_POINT ( 'NONE',  ( 365.4643693380000400, 195.2726683550000075, 206.4491253379999876 ) ) ;
#7765 = CARTESIAN_POINT ( 'NONE',  ( 362.6999812869999573, 237.7835328009999785, 217.3637734920000071 ) ) ;
#7766 = DIRECTION ( 'NONE',  ( -1.136675133409662280E-13, 0.9987686379937031900, 0.04961056097448531682 ) ) ;
#7767 = CARTESIAN_POINT ( 'NONE',  ( 250.0204893620000064, 192.4257797089999826, 293.9986916129999486 ) ) ;
#7768 = VERTEX_POINT ( 'NONE', #6218 ) ;
#7769 = ORIENTED_EDGE ( 'NONE', *, *, #5225, .T. ) ;
#7770 = CARTESIAN_POINT ( 'NONE',  ( 262.5204893620000348, 202.8243198790000008, 24.18232571540000109 ) ) ;
#7771 = AXIS2_PLACEMENT_3D ( 'NONE', #568, #7643, #6286 ) ;
#7772 = CARTESIAN_POINT ( 'NONE',  ( 117.6999724180000158, 206.0331817240000021, 20.05205383200000213 ) ) ;
#7773 = PLANE ( 'NONE',  #5941 ) ;
#7774 = CARTESIAN_POINT ( 'NONE',  ( 55.19997309200000046, 200.9096815359999937, 92.96377329530000111 ) ) ;
#7775 = ORIENTED_EDGE ( 'NONE', *, *, #4744, .T. ) ;
#7776 = CARTESIAN_POINT ( 'NONE',  ( 367.6999812870000142, 236.8512879150000003, 236.1318933580000134 ) ) ;
#7777 = ORIENTED_EDGE ( 'NONE', *, *, #675, .F. ) ;
#7778 = CARTESIAN_POINT ( 'NONE',  ( 109.1239207259999944, 202.5458255429999781, 29.78913347159999958 ) ) ;
#7779 = EDGE_CURVE ( 'NONE', #7350, #8207, #5581, .T. ) ;
#7780 = EDGE_CURVE ( 'NONE', #6191, #1876, #6179, .T. ) ;
#7781 = DIRECTION ( 'NONE',  ( 1.481718509849552606E-15, 0.9987686379936984160, 0.04961056097458502179 ) ) ;
#7782 = CARTESIAN_POINT ( 'NONE',  ( 117.6999730590000013, 201.0865166849999923, 89.40369663420000279 ) ) ;
#7783 = ORIENTED_EDGE ( 'NONE', *, *, #1785, .T. ) ;
#7784 = ADVANCED_FACE ( 'NONE', ( #503 ), #3051, .F. ) ;
#7785 = ADVANCED_FACE ( 'NONE', ( #1927 ), #5123, .F. ) ;
#7786 = CARTESIAN_POINT ( 'NONE',  ( 165.3794671060000212, 233.8743308180000042, 296.0570311810000135 ) ) ;
#7787 = FACE_OUTER_BOUND ( 'NONE', #3003, .T. ) ;
#7788 = CIRCLE ( 'NONE', #5258, 10.00000000000000888 ) ;
#7789 = CARTESIAN_POINT ( 'NONE',  ( 280.0204893619999780, 205.8206496409999886, 24.33067728680000386 ) ) ;
#7790 = CARTESIAN_POINT ( 'NONE',  ( 251.5607249690000060, 204.0565481229999989, 29.61038516330000192 ) ) ;
#7791 = EDGE_LOOP ( 'NONE', ( #3440, #1565, #2809, #6404 ) ) ;
#7792 = VERTEX_POINT ( 'NONE', #7008 ) ;
#7793 = DIRECTION ( 'NONE',  ( 1.140924983539660419E-13, -0.9987686379937031900, -0.04961056097448531682 ) ) ;
#7794 = ADVANCED_FACE ( 'NONE', ( #2008, #8194, #4545, #1339, #4462, #2635, #7089, #7054, #3265 ), #7659, .T. ) ;
#7795 = CIRCLE ( 'NONE', #5799, 2.500000046250006047 ) ;
#7796 = PLANE ( 'NONE',  #8113 ) ;
#7797 = CARTESIAN_POINT ( 'NONE',  ( 117.6999724110000187, 204.5705310869999778, 19.26289896249999956 ) ) ;
#7798 = AXIS2_PLACEMENT_3D ( 'NONE', #5291, #264, #2016 ) ;
#7799 = CIRCLE ( 'NONE', #358, 2.500000046250006047 ) ;
#7800 = LINE ( 'NONE', #6484, #1020 ) ;
#7801 = ORIENTED_EDGE ( 'NONE', *, *, #3066, .T. ) ;
#7802 = EDGE_CURVE ( 'NONE', #4731, #3684, #6984, .T. ) ;
#7803 = ORIENTED_EDGE ( 'NONE', *, *, #4430, .T. ) ;
#7804 = ORIENTED_EDGE ( 'NONE', *, *, #7881, .T. ) ;
#7805 = AXIS2_PLACEMENT_3D ( 'NONE', #1205, #3843, #6924 ) ;
#7806 = VECTOR ( 'NONE', #5051, 1000.000000000000114 ) ;
#7807 = FACE_OUTER_BOUND ( 'NONE', #679, .T. ) ;
#7808 = CARTESIAN_POINT ( 'NONE',  ( 50.19997309200000046, 242.3585800109999866, 95.02261162189999766 ) ) ;
#7809 = DIRECTION ( 'NONE',  ( -9.229472123247260356E-09, 0.04961056097448530988, -0.9987686379937030789 ) ) ;
#7810 = CARTESIAN_POINT ( 'NONE',  ( 360.1999804669999889, 241.3663633310000023, 114.9979840639999935 ) ) ;
#7811 = CIRCLE ( 'NONE', #4618, 10.00000000000000888 ) ;
#7812 = ORIENTED_EDGE ( 'NONE', *, *, #3920, .F. ) ;
#7813 = AXIS2_PLACEMENT_3D ( 'NONE', #7096, #2051, #6470 ) ;
#7814 = ORIENTED_EDGE ( 'NONE', *, *, #1670, .F. ) ;
#7815 = DIRECTION ( 'NONE',  ( 0.9999999815032921680, -9.541932645129342578E-06, 0.0001920998876569814660 ) ) ;
#7816 = DIRECTION ( 'NONE',  ( 1.000000000000000000, 1.110223004086028302E-13, 0.000000000000000000 ) ) ;
#7817 = DIRECTION ( 'NONE',  ( -1.102938875579666353E-13, 0.04961056097458501485, -0.9987686379936983050 ) ) ;
#7818 = AXIS2_PLACEMENT_3D ( 'NONE', #4039, #865, #5316 ) ;
#7819 = VECTOR ( 'NONE', #2020, 1000.000000000000114 ) ;
#7820 = VERTEX_POINT ( 'NONE', #5786 ) ;
#7821 = AXIS2_PLACEMENT_3D ( 'NONE', #7364, #5402, #7940 ) ;
#7822 = DIRECTION ( 'NONE',  ( 1.136675133409662280E-13, -0.9987686379937031900, -0.04961056097448531682 ) ) ;
#7823 = ORIENTED_EDGE ( 'NONE', *, *, #6783, .T. ) ;
#7824 = DIRECTION ( 'NONE',  ( 1.000000000000000000, 0.000000000000000000, 0.000000000000000000 ) ) ;
#7825 = CARTESIAN_POINT ( 'NONE',  ( 247.5204893620000348, 245.7713713189999680, 26.31557969900000060 ) ) ;
#7826 = VECTOR ( 'NONE', #2786, 1000.000000000000000 ) ;
#7827 = VECTOR ( 'NONE', #2219, 1000.000000000000114 ) ;
#7828 = AXIS2_PLACEMENT_3D ( 'NONE', #2444, #3733, #552 ) ;
#7829 = DIRECTION ( 'NONE',  ( -0.9999999815032921680, -9.541932867173944115E-06, 0.0001920998875334691545 ) ) ;
#7830 = CARTESIAN_POINT ( 'NONE',  ( 50.19997518130000458, 237.7832092900000021, 217.3627945069999896 ) ) ;
#7831 = DIRECTION ( 'NONE',  ( -1.000000000000000000, 0.000000000000000000, 1.063175441083862024E-13 ) ) ;
#7832 = VERTEX_POINT ( 'NONE', #6964 ) ;
#7833 = CARTESIAN_POINT ( 'NONE',  ( 47.69997301090000263, 245.7910490560000198, 86.39052956889999280 ) ) ;
#7834 = AXIS2_PLACEMENT_3D ( 'NONE', #707, #7059, #3888 ) ;
#7835 = EDGE_CURVE ( 'NONE', #6886, #6000, #7637, .T. ) ;
#7836 = EDGE_CURVE ( 'NONE', #8047, #6408, #86, .T. ) ;
#7837 = CIRCLE ( 'NONE', #2541, 2.500000046250006047 ) ;
#7838 = ORIENTED_EDGE ( 'NONE', *, *, #7836, .T. ) ;
#7839 = FACE_OUTER_BOUND ( 'NONE', #3402, .T. ) ;
#7840 = EDGE_LOOP ( 'NONE', ( #8161, #3654, #1513, #4942 ) ) ;
#7841 = EDGE_CURVE ( 'NONE', #3252, #6753, #45, .T. ) ;
#7842 = EDGE_LOOP ( 'NONE', ( #592, #3944, #7627, #4909 ) ) ;
#7843 = AXIS2_PLACEMENT_3D ( 'NONE', #6554, #3850, #7831 ) ;
#7844 = PLANE ( 'NONE',  #2841 ) ;
#7845 = AXIS2_PLACEMENT_3D ( 'NONE', #6316, #4477, #562 ) ;
#7846 = CARTESIAN_POINT ( 'NONE',  ( 52.69997518129999747, 193.8340866530000142, 205.1679184360000079 ) ) ;
#7847 = CARTESIAN_POINT ( 'NONE',  ( 173.0589562600000022, 203.0723781560000134, 19.18848261069999950 ) ) ;
#7848 = ORIENTED_EDGE ( 'NONE', *, *, #4967, .F. ) ;
#7849 = ADVANCED_FACE ( 'NONE', ( #8 ), #6464, .F. ) ;
#7850 = DIRECTION ( 'NONE',  ( -1.000000000000000000, -1.181403991129999950E-13, 0.000000000000000000 ) ) ;
#7851 = ORIENTED_EDGE ( 'NONE', *, *, #276, .F. ) ;
#7852 = EDGE_LOOP ( 'NONE', ( #742, #3770, #2773, #5025 ) ) ;
#7853 = ORIENTED_EDGE ( 'NONE', *, *, #114, .F. ) ;
#7854 = CARTESIAN_POINT ( 'NONE',  ( 135.3794643810000196, 204.3225021469999945, 24.25626171669999920 ) ) ;
#7855 = CARTESIAN_POINT ( 'NONE',  ( 145.3794671059999928, 192.1773556809999945, 298.9925163629999929 ) ) ;
#7856 = LINE ( 'NONE', #2152, #6374 ) ;
#7857 = LINE ( 'NONE', #4001, #6392 ) ;
#7858 = CIRCLE ( 'NONE', #2280, 2.500000046250006047 ) ;
#7859 = VERTEX_POINT ( 'NONE', #6342 ) ;
#7860 = ORIENTED_EDGE ( 'NONE', *, *, #1892, .T. ) ;
#7861 = LINE ( 'NONE', #240, #316 ) ;
#7862 = DIRECTION ( 'NONE',  ( -0.9999999815015169213, -9.542390645425122609E-06, 0.0001921091059107469558 ) ) ;
#7863 = ORIENTED_EDGE ( 'NONE', *, *, #7987, .F. ) ;
#7864 = DIRECTION ( 'NONE',  ( 1.136630157627592256E-13, -0.9987686379937031900, -0.04961056097448531682 ) ) ;
#7865 = DIRECTION ( 'NONE',  ( 1.000000000000000000, 1.137978600240784444E-13, 5.551115123125777969E-15 ) ) ;
#7866 = DATE_TIME_ROLE ( 'classification_date' ) ;
#7867 = ORIENTED_EDGE ( 'NONE', *, *, #4073, .F. ) ;
#7868 = LINE ( 'NONE', #2719, #4847 ) ;
#7869 = CARTESIAN_POINT ( 'NONE',  ( 157.8794643810000196, 245.7713767780000182, 26.31558006250000403 ) ) ;
#7870 = ORIENTED_EDGE ( 'NONE', *, *, #5901, .F. ) ;
#7871 = EDGE_LOOP ( 'NONE', ( #1373, #6300 ) ) ;
#7872 = CARTESIAN_POINT ( 'NONE',  ( 287.5204893619999780, 235.3728072870000005, 296.1324260069999923 ) ) ;
#7873 = VERTEX_POINT ( 'NONE', #7706 ) ;
#7874 = CYLINDRICAL_SURFACE ( 'NONE', #1699, 9.999999999999989342 ) ;
#7875 = DIRECTION ( 'NONE',  ( 1.000000000000000000, 1.110223004086028302E-13, 5.551115020430141666E-15 ) ) ;
#7876 = ORIENTED_EDGE ( 'NONE', *, *, #2811, .F. ) ;
#7877 = DIRECTION ( 'NONE',  ( 1.467029568501352202E-15, 0.9987686379936981940, 0.04961056097458500791 ) ) ;
#7878 = ORIENTED_EDGE ( 'NONE', *, *, #7893, .T. ) ;
#7879 = DIRECTION ( 'NONE',  ( 1.100312907709666058E-13, -0.04961056097458500097, 0.9987686379936980829 ) ) ;
#7880 = DIRECTION ( 'NONE',  ( -0.9999999815015169213, 9.542390523300698320E-06, -0.0001921091057331134131 ) ) ;
#7881 = EDGE_CURVE ( 'NONE', #7196, #5830, #1788, .T. ) ;
#7882 = CARTESIAN_POINT ( 'NONE',  ( 242.3409974379999881, 241.4828622080000002, 173.1237135039999941 ) ) ;
#7883 = AXIS2_PLACEMENT_3D ( 'NONE', #4632, #7793, #5886 ) ;
#7884 = VERTEX_POINT ( 'NONE', #7742 ) ;
#7885 = CARTESIAN_POINT ( 'NONE',  ( 167.8794643810000196, 204.3224783059999936, 24.25674168990000013 ) ) ;
#7886 = VERTEX_POINT ( 'NONE', #7583 ) ;
#7887 = VERTEX_POINT ( 'NONE', #4578 ) ;
#7888 = EDGE_CURVE ( 'NONE', #6487, #3978, #7124, .T. ) ;
#7889 = ORIENTED_EDGE ( 'NONE', *, *, #4874, .T. ) ;
#7890 = EDGE_CURVE ( 'NONE', #5830, #7196, #5114, .T. ) ;
#7891 = VECTOR ( 'NONE', #3186, 1000.000000000000114 ) ;
#7892 = CARTESIAN_POINT ( 'NONE',  ( 362.6999812869999573, 237.7835805130000040, 217.3628129459999911 ) ) ;
#7893 = EDGE_CURVE ( 'NONE', #5304, #4509, #5371, .T. ) ;
#7894 = EDGE_CURVE ( 'NONE', #4409, #2984, #5080, .T. ) ;
#7895 = DIRECTION ( 'NONE',  ( 1.136675133409662280E-13, -0.9987686379937031900, -0.04961056097448531682 ) ) ;
#7896 = ORIENTED_EDGE ( 'NONE', *, *, #1835, .T. ) ;
#7897 = ORIENTED_EDGE ( 'NONE', *, *, #5907, .F. ) ;
#7898 = CARTESIAN_POINT ( 'NONE',  ( 52.69997309199999336, 242.3586038680000172, 95.02213132610000912 ) ) ;
#7899 = DIRECTION ( 'NONE',  ( -9.229472123247260356E-09, 0.04961056097448530988, -0.9987686379937030789 ) ) ;
#7900 = LINE ( 'NONE', #7324, #6089 ) ;
#7901 = CIRCLE ( 'NONE', #1114, 2.500000046249998942 ) ;
#7902 = VERTEX_POINT ( 'NONE', #3844 ) ;
#7903 = CARTESIAN_POINT ( 'NONE',  ( 50.19997309200000046, 243.8567329680000171, 95.09702746330000878 ) ) ;
#7904 = ORIENTED_EDGE ( 'NONE', *, *, #5986, .T. ) ;
#7905 = AXIS2_PLACEMENT_3D ( 'NONE', #544, #1666, #2304 ) ;
#7906 = CARTESIAN_POINT ( 'NONE',  ( 59.54256425559999855, 239.8552426389999823, 205.8837482200000011 ) ) ;
#7907 = AXIS2_PLACEMENT_3D ( 'NONE', #4817, #1027, #4899 ) ;
#7908 = ORIENTED_EDGE ( 'NONE', *, *, #3672, .F. ) ;
#7909 = CARTESIAN_POINT ( 'NONE',  ( 242.3409963010000183, 241.1594693570000061, 149.3987079960000131 ) ) ;
#7910 = VERTEX_POINT ( 'NONE', #669 ) ;
#7911 = LINE ( 'NONE', #1043, #7294 ) ;
#7912 = AXIS2_PLACEMENT_3D ( 'NONE', #2865, #7433, #2282 ) ;
#7913 = FACE_BOUND ( 'NONE', #4540, .T. ) ;
#7914 = FACE_OUTER_BOUND ( 'NONE', #5863, .T. ) ;
#7915 = PLANE ( 'NONE',  #1382 ) ;
#7916 = EDGE_LOOP ( 'NONE', ( #2236, #6405 ) ) ;
#7917 = LINE ( 'NONE', #4758, #6835 ) ;
#7918 = CIRCLE ( 'NONE', #2885, 2.500000046250006047 ) ;
#7919 = DIRECTION ( 'NONE',  ( 1.000000000000000000, 1.110223004086028302E-13, 1.110223004086028333E-14 ) ) ;
#7920 = CARTESIAN_POINT ( 'NONE',  ( 165.3794671060000212, 192.4253846299999964, 293.9991534460000366 ) ) ;
#7921 = ORIENTED_EDGE ( 'NONE', *, *, #2412, .T. ) ;
#7922 = CARTESIAN_POINT ( 'NONE',  ( 297.6999812869999573, 194.1635644939999850, 228.7778015620000076 ) ) ;
#7923 = ORIENTED_EDGE ( 'NONE', *, *, #6629, .F. ) ;
#7924 = ORIENTED_EDGE ( 'NONE', *, *, #5700, .T. ) ;
#7925 = CARTESIAN_POINT ( 'NONE',  ( 356.4944294790000185, 200.2362220239999999, 76.28637208080000676 ) ) ;
#7926 = DIRECTION ( 'NONE',  ( -0.9999999815015169213, -9.542390645425122609E-06, 0.0001921091059107469558 ) ) ;
#7927 = AXIS2_PLACEMENT_3D ( 'NONE', #4591, #7135, #1423 ) ;
#7928 = ORIENTED_EDGE ( 'NONE', *, *, #1377, .T. ) ;
#7929 = DIRECTION ( 'NONE',  ( -1.000000000000000000, -2.223193719064560336E-12, 0.000000000000000000 ) ) ;
#7930 = EDGE_CURVE ( 'NONE', #6320, #6487, #3226, .T. ) ;
#7931 = EDGE_CURVE ( 'NONE', #515, #4072, #8035, .T. ) ;
#7932 = VERTEX_POINT ( 'NONE', #5958 ) ;
#7933 = ORIENTED_EDGE ( 'NONE', *, *, #5387, .F. ) ;
#7934 = AXIS2_PLACEMENT_3D ( 'NONE', #3141, #6935, #1214 ) ;
#7935 = EDGE_CURVE ( 'NONE', #4354, #315, #2860, .T. ) ;
#7936 = VECTOR ( 'NONE', #4915, 1000.000000000000114 ) ;
#7937 = CARTESIAN_POINT ( 'NONE',  ( 173.0589590300000111, 189.2004341919999888, 298.4534339769999747 ) ) ;
#7938 = DIRECTION ( 'NONE',  ( -1.140924987365460114E-13, 0.9987686379937031900, 0.04961056097448531682 ) ) ;
#7939 = EDGE_LOOP ( 'NONE', ( #1989, #6833, #685, #1915 ) ) ;
#7940 = DIRECTION ( 'NONE',  ( 1.000000000000000000, 1.133684338736157662E-13, 5.530167506030037914E-15 ) ) ;
#7941 = CIRCLE ( 'NONE', #3575, 2.500000046250006047 ) ;
#7942 = EDGE_CURVE ( 'NONE', #1669, #1111, #170, .T. ) ;
#7943 = AXIS2_PLACEMENT_3D ( 'NONE', #2585, #5817, #5106 ) ;
#7944 = ORIENTED_EDGE ( 'NONE', *, *, #4337, .T. ) ;
#7945 = FACE_OUTER_BOUND ( 'NONE', #7158, .T. ) ;
#7946 = EDGE_CURVE ( 'NONE', #1864, #6487, #7868, .T. ) ;
#7947 = VECTOR ( 'NONE', #160, 1000.000000000000114 ) ;
#7948 = CARTESIAN_POINT ( 'NONE',  ( 267.5204893619999780, 245.7713713099999779, 26.31557988339999810 ) ) ;
#7949 = CIRCLE ( 'NONE', #3846, 2.500000046249998942 ) ;
#7950 = EDGE_LOOP ( 'NONE', ( #283, #3556, #6291, #2468 ) ) ;
#7951 = CARTESIAN_POINT ( 'NONE',  ( 162.8794643810000196, 245.7713767800000255, 26.31558001640000199 ) ) ;
#7952 = ORIENTED_EDGE ( 'NONE', *, *, #3221, .F. ) ;
#7953 = CARTESIAN_POINT ( 'NONE',  ( 50.19997518130000458, 239.7774678559999870, 207.4495239689999835 ) ) ;
#7954 = DIRECTION ( 'NONE',  ( 1.140924983539660419E-13, -0.9987686379937031900, -0.04961056097448531682 ) ) ;
#7955 = EDGE_CURVE ( 'NONE', #7873, #6408, #6451, .T. ) ;
#7956 = DIRECTION ( 'NONE',  ( -1.136868377219662335E-13, 0.9987686379937030789, 0.04961056097448530988 ) ) ;
#7957 = AXIS2_PLACEMENT_3D ( 'NONE', #6909, #1144, #6285 ) ;
#7958 = AXIS2_PLACEMENT_3D ( 'NONE', #4805, #396, #7346 ) ;
#7959 = LINE ( 'NONE', #2268, #5812 ) ;
#7960 = AXIS2_PLACEMENT_3D ( 'NONE', #5120, #6258, #583 ) ;
#7961 = ORIENTED_EDGE ( 'NONE', *, *, #2309, .F. ) ;
#7962 = LINE ( 'NONE', #4023, #6303 ) ;
#7963 = AXIS2_PLACEMENT_3D ( 'NONE', #7453, #340, #6677 ) ;
#7964 = DIRECTION ( 'NONE',  ( 0.9999999815032921680, -9.541932645129342578E-06, 0.0001920998876569814660 ) ) ;
#7965 = DIRECTION ( 'NONE',  ( 1.000000000000000000, 1.110223004086028302E-13, 0.000000000000000000 ) ) ;
#7966 = VERTEX_POINT ( 'NONE', #7778 ) ;
#7967 = CIRCLE ( 'NONE', #5173, 2.500000046250006047 ) ;
#7968 = DIRECTION ( 'NONE',  ( 1.481718509849552606E-15, 0.9987686379936984160, 0.04961056097458502179 ) ) ;
#7969 = VERTEX_POINT ( 'NONE', #2165 ) ;
#7970 = CIRCLE ( 'NONE', #4385, 2.500000046250006047 ) ;
#7971 = EDGE_LOOP ( 'NONE', ( #7322, #6197, #4600, #6818 ) ) ;
#7972 = VERTEX_POINT ( 'NONE', #2081 ) ;
#7973 = LINE ( 'NONE', #2281, #1311 ) ;
#7974 = LINE ( 'NONE', #7318, #1129 ) ;
#7975 = ORIENTED_EDGE ( 'NONE', *, *, #6263, .F. ) ;
#7976 = DIRECTION ( 'NONE',  ( -1.136675133409662280E-13, 0.9987686379937031900, 0.04961056097448531682 ) ) ;
#7977 = ORIENTED_EDGE ( 'NONE', *, *, #3273, .T. ) ;
#7978 = ORIENTED_EDGE ( 'NONE', *, *, #2003, .T. ) ;
#7979 = CYLINDRICAL_SURFACE ( 'NONE', #1413, 10.00000000000000888 ) ;
#7980 = LINE ( 'NONE', #532, #776 ) ;
#7981 = CARTESIAN_POINT ( 'NONE',  ( 365.1999812870000142, 238.2796622670000204, 207.3756068389999996 ) ) ;
#7982 = VERTEX_POINT ( 'NONE', #7825 ) ;
#7983 = ORIENTED_EDGE ( 'NONE', *, *, #1329, .F. ) ;
#7984 = CIRCLE ( 'NONE', #1743, 2.500000046250006047 ) ;
#7985 = FACE_OUTER_BOUND ( 'NONE', #353, .T. ) ;
#7986 = ADVANCED_FACE ( 'NONE', ( #4616 ), #5914, .F. ) ;
#7987 = EDGE_CURVE ( 'NONE', #842, #8167, #4013, .T. ) ;
#7988 = ORIENTED_EDGE ( 'NONE', *, *, #7434, .F. ) ;
#7989 = ORIENTED_EDGE ( 'NONE', *, *, #3061, .T. ) ;
#7990 = DIRECTION ( 'NONE',  ( -9.218202680209998637E-09, 0.000000000000000000, 0.9999999999999998890 ) ) ;
#7991 = FACE_OUTER_BOUND ( 'NONE', #7791, .T. ) ;
#7992 = ADVANCED_FACE ( 'NONE', ( #3390, #1504, #7210, #873, #208, #2753, #4489, #5069, #2589 ), #6454, .F. ) ;
#7993 = EDGE_CURVE ( 'NONE', #279, #2610, #4581, .T. ) ;
#7994 = ORIENTED_EDGE ( 'NONE', *, *, #601, .T. ) ;
#7995 = LINE ( 'NONE', #2301, #7181 ) ;
#7996 = EDGE_CURVE ( 'NONE', #7602, #7390, #4365, .T. ) ;
#7997 = CARTESIAN_POINT ( 'NONE',  ( 173.0589562629999989, 247.4981981210000015, 21.78640327769999629 ) ) ;
#7998 = DIRECTION ( 'NONE',  ( 1.000000000000000000, -2.775557561562888984E-15, 0.000000000000000000 ) ) ;
#7999 = EDGE_CURVE ( 'NONE', #7615, #1451, #6317, .T. ) ;
#8000 = FACE_BOUND ( 'NONE', #1150, .T. ) ;
#8001 = CARTESIAN_POINT ( 'NONE',  ( 162.8794643810000196, 202.8243253459999949, 24.18232589450000347 ) ) ;
#8002 = CARTESIAN_POINT ( 'NONE',  ( 132.8794643810000196, 245.7713767660000315, 26.31558029300000001 ) ) ;
#8003 = ORIENTED_EDGE ( 'NONE', *, *, #8090, .F. ) ;
#8004 = CARTESIAN_POINT ( 'NONE',  ( 117.6999751809999992, 232.1458523610000100, 300.6195692879999797 ) ) ;
#8005 = ADVANCED_FACE ( 'NONE', ( #572 ), #1195, .F. ) ;
#8006 = DIRECTION ( 'NONE',  ( 1.136675133409662280E-13, -0.9987686379937031900, -0.04961056097448531682 ) ) ;
#8007 = CARTESIAN_POINT ( 'NONE',  ( 173.0589562629999989, 248.9963510780000036, 21.86081911910000031 ) ) ;
#8008 = ORIENTED_EDGE ( 'NONE', *, *, #5592, .F. ) ;
#8009 = FACE_OUTER_BOUND ( 'NONE', #3376, .T. ) ;
#8010 = ORIENTED_EDGE ( 'NONE', *, *, #6173, .T. ) ;
#8011 = EDGE_LOOP ( 'NONE', ( #191, #1262, #1810, #7321 ) ) ;
#8012 = ORIENTED_EDGE ( 'NONE', *, *, #5641, .T. ) ;
#8013 = PLANE ( 'NONE',  #4900 ) ;
#8014 = CARTESIAN_POINT ( 'NONE',  ( 277.5204893619999780, 248.7676772190000065, 26.46441165850000132 ) ) ;
#8015 = CARTESIAN_POINT ( 'NONE',  ( 52.69997318429999922, 244.8587564600000235, 105.1596099340000023 ) ) ;
#8016 = ORIENTED_EDGE ( 'NONE', *, *, #603, .T. ) ;
#8017 = ORIENTED_EDGE ( 'NONE', *, *, #3227, .T. ) ;
#8018 = VECTOR ( 'NONE', #7159, 1000.000000000000114 ) ;
#8019 = LINE ( 'NONE', #4277, #5265 ) ;
#8020 = DIRECTION ( 'NONE',  ( -0.9999999815032921680, -9.541932867173944115E-06, 0.0001920998875556736150 ) ) ;
#8021 = DIRECTION ( 'NONE',  ( 1.000000000000000000, 1.137978600240785959E-13, 5.551115123125785858E-15 ) ) ;
#8022 = EDGE_LOOP ( 'NONE', ( #3412, #7226, #8123, #7823 ) ) ;
#8023 = FACE_OUTER_BOUND ( 'NONE', #1816, .T. ) ;
#8024 = DIRECTION ( 'NONE',  ( 0.9999999815015170324, 9.542390645425178513E-06, -0.0001921091058330324554 ) ) ;
#8025 = VERTEX_POINT ( 'NONE', #5151 ) ;
#8026 = DIRECTION ( 'NONE',  ( -0.9999999815032921680, -9.541932867173944115E-06, 0.0001920998875334691545 ) ) ;
#8027 = AXIS2_PLACEMENT_3D ( 'NONE', #4204, #429, #1718 ) ;
#8028 = CC_DESIGN_PERSON_AND_ORGANIZATION_ASSIGNMENT ( #7704, #1882, ( #1224 ) ) ;
#8029 = ORIENTED_EDGE ( 'NONE', *, *, #2936, .F. ) ;
#8030 = CYLINDRICAL_SURFACE ( 'NONE', #5574, 2.500000046249985619 ) ;
#8031 = CARTESIAN_POINT ( 'NONE',  ( 365.1999812870000142, 195.3326108329999897, 205.2423527170000170 ) ) ;
#8032 = LINE ( 'NONE', #4867, #7416 ) ;
#8033 = FACE_BOUND ( 'NONE', #4959, .T. ) ;
#8034 = EDGE_CURVE ( 'NONE', #5212, #3734, #7522, .T. ) ;
#8035 = CIRCLE ( 'NONE', #7499, 2.500000046250006047 ) ;
#8036 = DIRECTION ( 'NONE',  ( -1.136868377219662335E-13, 0.9987686379937030789, 0.04961056097448530988 ) ) ;
#8037 = EDGE_CURVE ( 'NONE', #5055, #793, #2058, .T. ) ;
#8038 = EDGE_LOOP ( 'NONE', ( #6180, #8087 ) ) ;
#8039 = LINE ( 'NONE', #4919, #2989 ) ;
#8040 = ADVANCED_FACE ( 'NONE', ( #36 ), #1362, .F. ) ;
#8041 = EDGE_CURVE ( 'NONE', #4615, #1111, #6721, .T. ) ;
#8042 = LINE ( 'NONE', #4876, #1156 ) ;
#8043 = VERTEX_POINT ( 'NONE', #2626 ) ;
#8044 = DIRECTION ( 'NONE',  ( 1.000000000000000000, 1.110223004086028302E-13, 5.551115020430141666E-15 ) ) ;
#8045 = ORIENTED_EDGE ( 'NONE', *, *, #1120, .F. ) ;
#8046 = ADVANCED_FACE ( 'NONE', ( #611 ), #2467, .F. ) ;
#8047 = VERTEX_POINT ( 'NONE', #3908 ) ;
#8048 = VECTOR ( 'NONE', #1053, 1000.000000000000341 ) ;
#8049 = CARTESIAN_POINT ( 'NONE',  ( 155.3794643809999911, 247.2695058780000181, 26.39047619980000192 ) ) ;
#8050 = CARTESIAN_POINT ( 'NONE',  ( 155.3794671060000212, 232.3761301490000051, 295.9835758849999934 ) ) ;
#8051 = ADVANCED_FACE ( 'NONE', ( #5024 ), #5643, .F. ) ;
#8052 = VERTEX_POINT ( 'NONE', #4980 ) ;
#8053 = EDGE_LOOP ( 'NONE', ( #1945, #3144 ) ) ;
#8054 = CARTESIAN_POINT ( 'NONE',  ( 307.6999812870000142, 233.6621038449999901, 300.3371143280000410 ) ) ;
#8055 = DIRECTION ( 'NONE',  ( -1.099714186670000022E-13, 0.000000000000000000, -1.000000000000000000 ) ) ;
#8056 = FACE_OUTER_BOUND ( 'NONE', #5474, .T. ) ;
#8057 = DIRECTION ( 'NONE',  ( 1.100312907709666058E-13, -0.04961056097458500097, 0.9987686379936980829 ) ) ;
#8058 = VERTEX_POINT ( 'NONE', #1874 ) ;
#8059 = CARTESIAN_POINT ( 'NONE',  ( 367.6999812870000142, 197.2669269220000103, 196.5358547999999814 ) ) ;
#8060 = LINE ( 'NONE', #1822, #4205 ) ;
#8061 = ORIENTED_EDGE ( 'NONE', *, *, #3596, .F. ) ;
#8062 = CIRCLE ( 'NONE', #3568, 2.500000046249998942 ) ;
#8063 = ORIENTED_EDGE ( 'NONE', *, *, #5343, .T. ) ;
#8064 = ORIENTED_EDGE ( 'NONE', *, *, #7476, .T. ) ;
#8065 = VECTOR ( 'NONE', #7145, 1000.000000000000114 ) ;
#8066 = VECTOR ( 'NONE', #4487, 1000.000000000000114 ) ;
#8067 = CARTESIAN_POINT ( 'NONE',  ( 365.1999804669999889, 242.8645162850000077, 115.0723999519999978 ) ) ;
#8068 = VECTOR ( 'NONE', #4527, 1000.000000000000114 ) ;
#8069 = DIRECTION ( 'NONE',  ( 1.136675133409662280E-13, -0.9987686379937031900, -0.04961056097448531682 ) ) ;
#8070 = CARTESIAN_POINT ( 'NONE',  ( 55.19997327659999797, 244.3626747079999859, 115.1468160189999992 ) ) ;
#8071 = CARTESIAN_POINT ( 'NONE',  ( 107.6999724180000015, 204.5350287630000139, 19.97763808269999686 ) ) ;
#8072 = FACE_OUTER_BOUND ( 'NONE', #7548, .T. ) ;
#8073 = CARTESIAN_POINT ( 'NONE',  ( 137.8794671060000212, 232.3761540049999894, 295.9830956119999996 ) ) ;
#8074 = AXIS2_PLACEMENT_3D ( 'NONE', #2060, #5208, #6527 ) ;
#8075 = ORIENTED_EDGE ( 'NONE', *, *, #3219, .T. ) ;
#8076 = CIRCLE ( 'NONE', #6365, 2.500000046250006047 ) ;
#8077 = DIRECTION ( 'NONE',  ( 1.000000000000000000, 0.000000000000000000, 0.000000000000000000 ) ) ;
#8078 = EDGE_CURVE ( 'NONE', #7712, #6461, #5917, .T. ) ;
#8079 = CARTESIAN_POINT ( 'NONE',  ( 125.3794643810000053, 247.2695535759999927, 26.38951593080000180 ) ) ;
#8080 = AXIS2_PLACEMENT_3D ( 'NONE', #4401, #6326, #6950 ) ;
#8081 = VECTOR ( 'NONE', #3787, 1000.000000000000114 ) ;
#8082 = CIRCLE ( 'NONE', #3459, 10.00000000000000888 ) ;
#8083 = ORIENTED_EDGE ( 'NONE', *, *, #4726, .F. ) ;
#8084 = ADVANCED_FACE ( 'NONE', ( #1327 ), #6955, .F. ) ;
#8085 = CARTESIAN_POINT ( 'NONE',  ( 50.19997518130000458, 195.3322634660000290, 205.2418540049999933 ) ) ;
#8086 = ORIENTED_EDGE ( 'NONE', *, *, #6629, .T. ) ;
#8087 = ORIENTED_EDGE ( 'NONE', *, *, #6937, .T. ) ;
#8088 = EDGE_LOOP ( 'NONE', ( #488, #4551, #4313, #3616 ) ) ;
#8089 = AXIS2_PLACEMENT_3D ( 'NONE', #3602, #4866, #421 ) ;
#8090 = EDGE_CURVE ( 'NONE', #339, #5249, #7611, .T. ) ;
#8091 = DIRECTION ( 'NONE',  ( 1.000000000000000000, 0.000000000000000000, 2.299762310965280282E-12 ) ) ;
#8092 = EDGE_CURVE ( 'NONE', #6581, #1383, #4059, .T. ) ;
#8093 = CARTESIAN_POINT ( 'NONE',  ( 360.1999806519999652, 202.4078290300000162, 93.03818886550000400 ) ) ;
#8094 = AXIS2_PLACEMENT_3D ( 'NONE', #6808, #4911, #4253 ) ;
#8095 = AXIS2_PLACEMENT_3D ( 'NONE', #1962, #4414, #7050 ) ;
#8096 = VERTEX_POINT ( 'NONE', #1121 ) ;
#8097 = ORIENTED_EDGE ( 'NONE', *, *, #8173, .F. ) ;
#8098 = DIRECTION ( 'NONE',  ( 1.000000000000000000, 1.110223004086028302E-13, 5.551115020430141666E-15 ) ) ;
#8099 = LINE ( 'NONE', #7477, #3980 ) ;
#8100 = DIRECTION ( 'NONE',  ( 1.136868377219662335E-13, -0.9987686379937030789, -0.04961056097448530988 ) ) ;
#8101 = CARTESIAN_POINT ( 'NONE',  ( 125.3794643810000053, 202.8243014729999913, 24.18280651300000272 ) ) ;
#8102 = ORIENTED_EDGE ( 'NONE', *, *, #7728, .F. ) ;
#8103 = DIRECTION ( 'NONE',  ( 1.000000000000000000, 1.110223004086028302E-13, 5.551115020430141666E-15 ) ) ;
#8104 = LINE ( 'NONE', #4405, #6607 ) ;
#8105 = EDGE_LOOP ( 'NONE', ( #2748, #5798 ) ) ;
#8106 = VERTEX_POINT ( 'NONE', #6844 ) ;
#8107 = CARTESIAN_POINT ( 'NONE',  ( 125.3794671060000070, 235.3724837750000063, 296.1314470220000317 ) ) ;
#8108 = DIRECTION ( 'NONE',  ( 1.136868377219662335E-13, -0.9987686379937030789, -0.04961056097448530988 ) ) ;
#8109 = DIRECTION ( 'NONE',  ( 1.140924983549660398E-13, -0.9987686379937031900, -0.04961056097448531682 ) ) ;
#8110 = LINE ( 'NONE', #4258, #7250 ) ;
#8111 = DIRECTION ( 'NONE',  ( 1.493058009093160224E-15, 0.9987686379936981940, 0.04961056097458500791 ) ) ;
#8112 = CARTESIAN_POINT ( 'NONE',  ( 290.0204893619999780, 233.8746781859999828, 296.0575298929999803 ) ) ;
#8113 = AXIS2_PLACEMENT_3D ( 'NONE', #2691, #7140, #3897 ) ;
#8114 = AXIS2_PLACEMENT_3D ( 'NONE', #5125, #3187, #7538 ) ;
#8115 = AXIS2_PLACEMENT_3D ( 'NONE', #3699, #6868, #8098 ) ;
#8116 = ORIENTED_EDGE ( 'NONE', *, *, #1537, .F. ) ;
#8117 = DIRECTION ( 'NONE',  ( -1.140924983549660398E-13, 0.9987686379937031900, 0.04961056097448531682 ) ) ;
#8118 = CARTESIAN_POINT ( 'NONE',  ( 127.8794671060000070, 232.3761540049999894, 295.9830956119999996 ) ) ;
#8119 = EDGE_LOOP ( 'NONE', ( #5727, #3083, #4457, #3254 ) ) ;
#8120 = FACE_BOUND ( 'NONE', #2167, .T. ) ;
#8121 = VERTEX_POINT ( 'NONE', #4373 ) ;
#8122 = EDGE_LOOP ( 'NONE', ( #6295, #1348, #5562, #4611 ) ) ;
#8123 = ORIENTED_EDGE ( 'NONE', *, *, #5961, .F. ) ;
#8124 = EDGE_CURVE ( 'NONE', #3831, #2011, #856, .T. ) ;
#8125 = PLANE ( 'NONE',  #7600 ) ;
#8126 = DIRECTION ( 'NONE',  ( 1.481718509849552606E-15, 0.9987686379936984160, 0.04961056097458502179 ) ) ;
#8127 = EDGE_CURVE ( 'NONE', #5284, #2279, #6590, .T. ) ;
#8128 = CARTESIAN_POINT ( 'NONE',  ( 49.14342722179999612, 202.8439976229999786, 84.25727543370000205 ) ) ;
#8129 = ORIENTED_EDGE ( 'NONE', *, *, #512, .T. ) ;
#8130 = EDGE_CURVE ( 'NONE', #2172, #5885, #2995, .T. ) ;
#8131 = ORIENTED_EDGE ( 'NONE', *, *, #3834, .T. ) ;
#8132 = LINE ( 'NONE', #1774, #6034 ) ;
#8133 = EDGE_CURVE ( 'NONE', #1725, #6905, #3047, .T. ) ;
#8134 = EDGE_CURVE ( 'NONE', #1345, #6861, #8110, .T. ) ;
#8135 = DIRECTION ( 'NONE',  ( 1.000000000000000000, 1.110223004086028302E-13, 1.110223004086028333E-14 ) ) ;
#8136 = PLANE ( 'NONE',  #1126 ) ;
#8137 = LINE ( 'NONE', #2461, #4111 ) ;
#8138 = DIRECTION ( 'NONE',  ( 1.000000000000000000, -2.775557561562892929E-15, 0.000000000000000000 ) ) ;
#8139 = CARTESIAN_POINT ( 'NONE',  ( 260.0204893620000348, 245.7713474569999903, 26.31606008700000032 ) ) ;
#8140 = ORIENTED_EDGE ( 'NONE', *, *, #1777, .T. ) ;
#8141 = CIRCLE ( 'NONE', #4166, 2.500000046250006047 ) ;
#8142 = ORIENTED_EDGE ( 'NONE', *, *, #1990, .T. ) ;
#8143 = EDGE_LOOP ( 'NONE', ( #2999, #7285, #563, #4923 ) ) ;
#8144 = EDGE_CURVE ( 'NONE', #1059, #850, #4311, .T. ) ;
#8145 = CYLINDRICAL_SURFACE ( 'NONE', #3385, 2.500000046249988284 ) ;
#8146 = AXIS2_PLACEMENT_3D ( 'NONE', #6591, #5918, #876 ) ;
#8147 = CARTESIAN_POINT ( 'NONE',  ( 242.3409974809999881, 248.9963456149999956, 21.86081884780000095 ) ) ;
#8148 = DIRECTION ( 'NONE',  ( 1.136675133409662280E-13, -0.9987686379937031900, -0.04961056097448531682 ) ) ;
#8149 = CYLINDRICAL_SURFACE ( 'NONE', #2379, 118.1603675010000529 ) ;
#8150 = DIRECTION ( 'NONE',  ( -1.140924983549660398E-13, 0.9987686379937031900, 0.04961056097448531682 ) ) ;
#8151 = CARTESIAN_POINT ( 'NONE',  ( 135.3794671060000212, 190.9272793850000198, 293.9237770590000309 ) ) ;
#8152 = DIRECTION ( 'NONE',  ( 1.140924983539660419E-13, -0.9987686379937031900, -0.04961056097448531682 ) ) ;
#8153 = EDGE_LOOP ( 'NONE', ( #2848, #4100, #3017, #4870, #2445, #4958, #1908, #2608, #4340, #8061, #4498, #5331 ) ) ;
#8154 = PLANE ( 'NONE',  #6709 ) ;
#8155 = FACE_OUTER_BOUND ( 'NONE', #957, .T. ) ;
#8156 = CARTESIAN_POINT ( 'NONE',  ( 362.6999812869999573, 195.8385287149999954, 225.2926215909999996 ) ) ;
#8157 = AXIS2_PLACEMENT_3D ( 'NONE', #5822, #6916, #6417 ) ;
#8158 = VERTEX_POINT ( 'NONE', #6766 ) ;
#8159 = FACE_OUTER_BOUND ( 'NONE', #868, .T. ) ;
#8160 = ORIENTED_EDGE ( 'NONE', *, *, #3, .F. ) ;
#8161 = ORIENTED_EDGE ( 'NONE', *, *, #6169, .T. ) ;
#8162 = CIRCLE ( 'NONE', #5375, 10.00000000000000888 ) ;
#8163 = DIRECTION ( 'NONE',  ( 1.000000000000000000, 4.579932270289999393E-10, -9.218101611429999423E-09 ) ) ;
#8164 = LINE ( 'NONE', #3105, #4885 ) ;
#8165 = CIRCLE ( 'NONE', #7510, 10.00000000000000178 ) ;
#8166 = CYLINDRICAL_SURFACE ( 'NONE', #3204, 9.999999999999992895 ) ;
#8167 = VERTEX_POINT ( 'NONE', #5579 ) ;
#8168 = CC_DESIGN_PERSON_AND_ORGANIZATION_ASSIGNMENT ( #6003, #3387, ( #1802 ) ) ;
#8169 = CIRCLE ( 'NONE', #1006, 2.500000046250006047 ) ;
#8170 = ORIENTED_EDGE ( 'NONE', *, *, #4624, .T. ) ;
#8171 = CARTESIAN_POINT ( 'NONE',  ( 297.6999812869999573, 189.2168994550000036, 298.1294443639999940 ) ) ;
#8172 = CARTESIAN_POINT ( 'NONE',  ( 280.0204893619999780, 204.3224966839999865, 24.25626144539999984 ) ) ;
#8173 = EDGE_CURVE ( 'NONE', #1230, #7589, #1794, .T. ) ;
#8174 = CARTESIAN_POINT ( 'NONE',  ( 58.90552650779999766, 195.0135062969999922, 241.8946276739999917 ) ) ;
#8175 = ADVANCED_FACE ( 'NONE', ( #2477 ), #1044, .F. ) ;
#8176 = DIRECTION ( 'NONE',  ( 1.140924983539660419E-13, -0.9987686379937031900, -0.04961056097448531682 ) ) ;
#8177 = VERTEX_POINT ( 'NONE', #5464 ) ;
#8178 = DIRECTION ( 'NONE',  ( -1.140905882208934397E-13, 0.9987686379937031900, 0.04961056097448531682 ) ) ;
#8179 = ORIENTED_EDGE ( 'NONE', *, *, #5544, .T. ) ;
#8180 = ADVANCED_FACE ( 'NONE', ( #3637, #8000, #2390, #6141, #423, #458, #2973, #5499, #3008 ), #5534, .T. ) ;
#8181 = ORIENTED_EDGE ( 'NONE', *, *, #4630, .F. ) ;
#8182 = CARTESIAN_POINT ( 'NONE',  ( 290.0204893619999780, 190.9276267519999806, 293.9242757709999978 ) ) ;
#8183 = ADVANCED_FACE ( 'NONE', ( #1250 ), #5078, .F. ) ;
#8184 = DIRECTION ( 'NONE',  ( 1.481718509849552606E-15, 0.9987686379936984160, 0.04961056097458502179 ) ) ;
#8185 = EDGE_CURVE ( 'NONE', #842, #680, #1389, .T. ) ;
#8186 = EDGE_LOOP ( 'NONE', ( #5931, #2643 ) ) ;
#8187 = FACE_OUTER_BOUND ( 'NONE', #7295, .T. ) ;
#8188 = CARTESIAN_POINT ( 'NONE',  ( 142.8794643810000196, 245.7713767710000354, 26.31558020079999949 ) ) ;
#8189 = CLOSED_SHELL ( 'NONE', ( #971, #8180, #858, #1671, #4732, #4285, #6979, #7224, #7039, #5692, #7595, #5199, #4037, #6323, #4845, #6378, #8183, #6683, #7045, #1732, #6727, #5796, #8084, #519, #8175, #6988, #7284, #153, #376, #4832 ) ) ;
#8190 = AXIS2_PLACEMENT_3D ( 'NONE', #2267, #2974, #7339 ) ;
#8191 = APPROVAL_STATUS ( 'not_yet_approved' ) ;
#8192 = EDGE_CURVE ( 'NONE', #3494, #581, #8162, .T. ) ;
#8193 = CARTESIAN_POINT ( 'NONE',  ( 297.6999813259999996, 203.0368703469999900, 19.90322187770000184 ) ) ;
#8194 = FACE_BOUND ( 'NONE', #6609, .T. ) ;
#8195 = ORIENTED_EDGE ( 'NONE', *, *, #4439, .F. ) ;
#8196 = DIRECTION ( 'NONE',  ( 1.000000000000000000, 1.110223004086028302E-13, 0.000000000000000000 ) ) ;
#8197 = FACE_OUTER_BOUND ( 'NONE', #1180, .T. ) ;
#8198 = CIRCLE ( 'NONE', #3165, 10.00000000000000888 ) ;
#8199 = VECTOR ( 'NONE', #1052, 1000.000000000000114 ) ;
#8200 = DIRECTION ( 'NONE',  ( 0.000000000000000000, -0.9987686379936980829, -0.04961056097458500097 ) ) ;
#8201 = DIRECTION ( 'NONE',  ( -1.140924983549660398E-13, 0.9987686379937031900, 0.04961056097448531682 ) ) ;
#8202 = VECTOR ( 'NONE', #5264, 1000.000000000000341 ) ;
#8203 = ORIENTED_EDGE ( 'NONE', *, *, #1334, .T. ) ;
#8204 = AXIS2_PLACEMENT_3D ( 'NONE', #4096, #6597, #709 ) ;
#8205 = CARTESIAN_POINT ( 'NONE',  ( 365.1999804669999889, 201.4156178089999969, 113.0135616710000050 ) ) ;
#8206 = EDGE_LOOP ( 'NONE', ( #1904, #280, #7468, #1221 ) ) ;
#8207 = VERTEX_POINT ( 'NONE', #5743 ) ;
#8208 = VECTOR ( 'NONE', #5009, 1000.000000000000114 ) ;
#8209 = AXIS2_PLACEMENT_3D ( 'NONE', #870, #7822, #1406 ) ;
#8210 = CARTESIAN_POINT ( 'NONE',  ( 270.0204894089999925, 246.0194241140000031, 21.32173671640000023 ) ) ;
#8211 = AXIS2_PLACEMENT_3D ( 'NONE', #7323, #2992, #5356 ) ;
#8212 = AXIS2_PLACEMENT_3D ( 'NONE', #7160, #4121, #4686 ) ;
#8213 = CARTESIAN_POINT ( 'NONE',  ( 250.0204893620000064, 247.2695481309999934, 26.38951529070000035 ) ) ;
#8214 = ORIENTED_EDGE ( 'NONE', *, *, #2775, .T. ) ;
#8215 = VECTOR ( 'NONE', #312, 1000.000000000000341 ) ;
#8216 = ORIENTED_EDGE ( 'NONE', *, *, #4342, .F. ) ;
#8217 = ORIENTED_EDGE ( 'NONE', *, *, #4803, .T. ) ;
#8218 = CYLINDRICAL_SURFACE ( 'NONE', #6031, 2.500000046250002050 ) ;
#8219 = CARTESIAN_POINT ( 'NONE',  ( 360.1999805599999718, 241.8624689399999852, 105.0102976839999940 ) ) ;
#8220 = PLANE ( 'NONE',  #1798 ) ;
#8221 = DIRECTION ( 'NONE',  ( 1.481718509849552606E-15, 0.9987686379936984160, 0.04961056097458502179 ) ) ;
#8222 = VECTOR ( 'NONE', #2595, 1000.000000000000114 ) ;
#8223 = CARTESIAN_POINT ( 'NONE',  ( 109.1239233989999917, 234.1528067410000062, 290.4507043720000183 ) ) ;
#8224 = FACE_OUTER_BOUND ( 'NONE', #819, .T. ) ;
#8225 = ORIENTED_EDGE ( 'NONE', *, *, #2526, .F. ) ;
#8226 = CARTESIAN_POINT ( 'NONE',  ( 173.0589562610000200, 249.0060432910000259, 21.66569376729999874 ) ) ;
#8227 = EDGE_LOOP ( 'NONE', ( #7027, #970, #2931, #1635, #82, #1543, #8140, #3856, #6343, #3802, #3001, #7139 ) ) ;
#8228 = EDGE_CURVE ( 'NONE', #7078, #4642, #6457, .T. ) ;
#8229 = CIRCLE ( 'NONE', #6919, 2.500000046250006047 ) ;
#8230 = FACE_OUTER_BOUND ( 'NONE', #7115, .T. ) ;
#8231 = CARTESIAN_POINT ( 'NONE',  ( 117.6999730590000013, 242.5354151619999925, 91.46253491459999907 ) ) ;
ENDSEC;
END-ISO-10303-21;
