ISO-10303-21;
HEADER;
FILE_DESCRIPTION (( 'STEP AP203' ),
    '1' );
FILE_NAME ('Link3StellConnectors_Default_sldprt.STEP',
    '2026-07-12T11:27:21',
    ( '' ),
    ( '' ),
    'SwSTEP 2.0',
    'SolidWorks 2025',
    '' );
FILE_SCHEMA (( 'CONFIG_CONTROL_DESIGN' ));
ENDSEC;

DATA;
#1 = EDGE_CURVE ( 'NONE', #2462, #2647, #497, .T. ) ;
#2 = EDGE_CURVE ( 'NONE', #4447, #4722, #470, .T. ) ;
#3 = FACE_BOUND ( 'NONE', #665, .T. ) ;
#4 = DIRECTION ( 'NONE',  ( -2.237523124292154861E-12, 6.358310602959382773E-05, -0.9999999979785942905 ) ) ;
#5 = CARTESIAN_POINT ( 'NONE',  ( -49.25392844999998232, 10.00199889424692401, 22.98883609311524978 ) ) ;
#6 = CARTESIAN_POINT ( 'NONE',  ( 182.4999812859999793, 216.7034504028159745, 24.50199146112191784 ) ) ;
#7 = ORIENTED_EDGE ( 'NONE', *, *, #2999, .T. ) ;
#8 = AXIS2_PLACEMENT_3D ( 'NONE', #1040, #1087, #2183 ) ;
#9 = ADVANCED_FACE ( 'NONE', ( #1997 ), #444, .F. ) ;
#10 = CIRCLE ( 'NONE', #1006, 2.500000046250006047 ) ;
#11 = CARTESIAN_POINT ( 'NONE',  ( 187.4999812859999793, 166.7061855255095395, -18.50118631319000428 ) ) ;
#12 = LINE ( 'NONE', #2250, #2123 ) ;
#13 = VERTEX_POINT ( 'NONE', #3776 ) ;
#14 = ORIENTED_EDGE ( 'NONE', *, *, #2371, .T. ) ;
#15 = CIRCLE ( 'NONE', #3488, 2.500000046249998942 ) ;
#16 = SECURITY_CLASSIFICATION ( '', '', #3205 ) ;
#17 = CARTESIAN_POINT ( 'NONE',  ( 18.50779142199998617, 20.00569626669630452, -20.01051398834966122 ) ) ;
#18 = DIRECTION ( 'NONE',  ( 2.237497139219650001E-12, -6.358310602959382773E-05, 0.9999999979785942905 ) ) ;
#19 = VERTEX_POINT ( 'NONE', #3476 ) ;
#20 = AXIS2_PLACEMENT_3D ( 'NONE', #536, #561, #3653 ) ;
#21 = DIRECTION ( 'NONE',  ( 1.000000000000000000, 8.567526116405669703E-14, -2.237571877008884453E-12 ) ) ;
#22 = DIRECTION ( 'NONE',  ( 1.000000000000000000, 0.000000000000000000, -2.237099353233353148E-12 ) ) ;
#23 = EDGE_LOOP ( 'NONE', ( #943, #2443, #2584, #2504 ) ) ;
#24 = ORIENTED_EDGE ( 'NONE', *, *, #4520, .F. ) ;
#25 = DIRECTION ( 'NONE',  ( -1.000000000000000000, 4.734990915607294200E-17, 2.238113973790748292E-12 ) ) ;
#26 = DIRECTION ( 'NONE',  ( 2.237509218315604948E-12, -6.358310602959382773E-05, 0.9999999979785942905 ) ) ;
#27 = CARTESIAN_POINT ( 'NONE',  ( -29.25392844800001058, 10.00281831616563544, 24.48883614768604389 ) ) ;
#28 = DIRECTION ( 'NONE',  ( 1.000000000000000000, 0.000000000000000000, -2.237099353233347089E-12 ) ) ;
#29 = LINE ( 'NONE', #715, #2556 ) ;
#31 = EDGE_CURVE ( 'NONE', #3474, #1542, #1127, .T. ) ;
#30 = ORIENTED_EDGE ( 'NONE', *, *, #3431, .F. ) ;
#32 = PRODUCT_RELATED_PRODUCT_CATEGORY ( 'detail', '', ( #2563 ) ) ;
#33 = CARTESIAN_POINT ( 'NONE',  ( -207.7000187138507954, 48.40473726491619999, 22.99129050466153146 ) ) ;
#34 = CARTESIAN_POINT ( 'NONE',  ( -59.25392844999998943, 10.00183161143969990, 25.98883608837504511 ) ) ;
#35 = ORIENTED_EDGE ( 'NONE', *, *, #839, .F. ) ;
#36 = ADVANCED_FACE ( 'NONE', ( #3506 ), #1978, .F. ) ;
#37 = VERTEX_POINT ( 'NONE', #2313 ) ;
#38 = DIRECTION ( 'NONE',  ( -2.238209617639335134E-12, 6.358310602959384129E-05, -0.9999999979785944015 ) ) ;
#39 = AXIS2_PLACEMENT_3D ( 'NONE', #1094, #1843, #2933 ) ;
#40 = EDGE_LOOP ( 'NONE', ( #4728, #606, #1722, #235 ) ) ;
#41 = VECTOR ( 'NONE', #2557, 1000.000000000000114 ) ;
#42 = DIRECTION ( 'NONE',  ( 2.235841141859335273E-12, -6.358310602959384129E-05, 0.9999999979785944015 ) ) ;
#43 = COORDINATED_UNIVERSAL_TIME_OFFSET ( 3, 30, .AHEAD. ) ;
#44 = ORIENTED_EDGE ( 'NONE', *, *, #996, .T. ) ;
#45 = ORIENTED_EDGE ( 'NONE', *, *, #4526, .T. ) ;
#46 = DIRECTION ( 'NONE',  ( -2.237511783459335038E-12, 6.358310602959382773E-05, -0.9999999979785942905 ) ) ;
#47 = FACE_BOUND ( 'NONE', #2004, .T. ) ;
#48 = CARTESIAN_POINT ( 'NONE',  ( 184.9999812859999793, 186.7057046200642674, -18.49991468215134205 ) ) ;
#49 = ORIENTED_EDGE ( 'NONE', *, *, #2124, .T. ) ;
#50 = CIRCLE ( 'NONE', #499, 2.500000046250006047 ) ;
#51 = VECTOR ( 'NONE', #631, 999.9999999999998863 ) ;
#52 = EDGE_CURVE ( 'NONE', #4349, #2241, #2679, .T. ) ;
#53 = FACE_BOUND ( 'NONE', #2014, .T. ) ;
#54 = DIRECTION ( 'NONE',  ( -2.238209617639335134E-12, 6.358310602959384129E-05, -0.9999999979785944015 ) ) ;
#55 = EDGE_LOOP ( 'NONE', ( #1441, #2779, #172, #2304 ) ) ;
#56 = ORIENTED_EDGE ( 'NONE', *, *, #4504, .F. ) ;
#57 = EDGE_CURVE ( 'NONE', #1936, #747, #3409, .T. ) ;
#58 = EDGE_CURVE ( 'NONE', #1841, #1191, #2603, .T. ) ;
#59 = DIRECTION ( 'NONE',  ( 2.235841141859335273E-12, -6.358310602959384129E-05, 0.9999999979785944015 ) ) ;
#60 = CARTESIAN_POINT ( 'NONE',  ( 69.25388635399998805, 10.00344212990217763, 22.98884882968052423 ) ) ;
#61 = EDGE_LOOP ( 'NONE', ( #570, #432 ) ) ;
#62 = ORIENTED_EDGE ( 'NONE', *, *, #3678, .T. ) ;
#63 = EDGE_CURVE ( 'NONE', #1766, #13, #1219, .T. ) ;
#64 = LINE ( 'NONE', #4082, #829 ) ;
#65 = CARTESIAN_POINT ( 'NONE',  ( -184.9995852570999944, 196.7065981762719957, -19.99929332313918451 ) ) ;
#66 = DIRECTION ( 'NONE',  ( 1.000000000000000000, 1.811100377073350216E-16, -2.237523960855270711E-12 ) ) ;
#67 = MECHANICAL_CONTEXT ( 'NONE', #2555, 'mechanical' ) ;
#68 = ORIENTED_EDGE ( 'NONE', *, *, #4032, .F. ) ;
#69 = ORIENTED_EDGE ( 'NONE', *, *, #2273, .T. ) ;
#70 = AXIS2_PLACEMENT_3D ( 'NONE', #2300, #1550, #1211 ) ;
#71 = DIRECTION ( 'NONE',  ( 2.237515728249336999E-12, -6.358310602959384129E-05, 0.9999999979785944015 ) ) ;
#72 = DIRECTION ( 'NONE',  ( 1.000000000000000000, 0.000000000000000000, -2.237099353233347089E-12 ) ) ;
#73 = DIRECTION ( 'NONE',  ( 2.237515728249334980E-12, -6.358310602959382773E-05, 0.9999999979785942905 ) ) ;
#74 = CIRCLE ( 'NONE', #139, 2.500000046250006047 ) ;
#75 = ORIENTED_EDGE ( 'NONE', *, *, #1096, .F. ) ;
#76 = CIRCLE ( 'NONE', #2700, 2.500000046250006047 ) ;
#77 = CARTESIAN_POINT ( 'NONE',  ( -184.9995852570999944, 196.7036729758769411, 26.00070717159255906 ) ) ;
#78 = AXIS2_PLACEMENT_3D ( 'NONE', #1473, #4024, #4047 ) ;
#79 = ORIENTED_EDGE ( 'NONE', *, *, #1499, .F. ) ;
#80 = AXIS2_PLACEMENT_3D ( 'NONE', #397, #3774, #3817 ) ;
#81 = CYLINDRICAL_SURFACE ( 'NONE', #2543, 2.500000046249999386 ) ;
#82 = DIRECTION ( 'NONE',  ( 2.237516984455479986E-12, -6.358310602959382773E-05, 0.9999999979785942905 ) ) ;
#83 = ORIENTED_EDGE ( 'NONE', *, *, #224, .T. ) ;
#84 = ORIENTED_EDGE ( 'NONE', *, *, #577, .T. ) ;
#85 = EDGE_CURVE ( 'NONE', #1081, #158, #4071, .T. ) ;
#86 = EDGE_CURVE ( 'NONE', #4380, #2426, #3299, .T. ) ;
#87 = DIRECTION ( 'NONE',  ( -2.048956454969999505E-13, 0.9987717903683451803, -0.04954705606199365231 ) ) ;
#88 = LINE ( 'NONE', #4514, #2751 ) ;
#89 = DIRECTION ( 'NONE',  ( 1.000000000000000000, 0.000000000000000000, -2.237099353233347089E-12 ) ) ;
#90 = EDGE_LOOP ( 'NONE', ( #1913, #4234, #4473, #2950 ) ) ;
#91 = CIRCLE ( 'NONE', #845, 2.500000046249998942 ) ;
#92 = EDGE_CURVE ( 'NONE', #3895, #2654, #1928, .T. ) ;
#93 = CARTESIAN_POINT ( 'NONE',  ( 79.99998128699998290, 0.002961285271232960703, 22.98821296876585407 ) ) ;
#94 = DIRECTION ( 'NONE',  ( 2.237516984455479986E-12, -6.358310602959382773E-05, 0.9999999979785942905 ) ) ;
#95 = DIRECTION ( 'NONE',  ( 2.237515728249334980E-12, -6.358310602959382773E-05, 0.9999999979785942905 ) ) ;
#96 = VERTEX_POINT ( 'NONE', #93 ) ;
#97 = VERTEX_POINT ( 'NONE', #1580 ) ;
#98 = VECTOR ( 'NONE', #2849, 999.9999999999998863 ) ;
#99 = VERTEX_POINT ( 'NONE', #1561 ) ;
#100 = EDGE_LOOP ( 'NONE', ( #4224, #3930, #1920, #3445 ) ) ;
#101 = DIRECTION ( 'NONE',  ( 1.000000000000000000, 0.000000000000000000, -2.237099353233347089E-12 ) ) ;
#102 = DIRECTION ( 'NONE',  ( -2.237511783459335038E-12, 6.358310602959382773E-05, -0.9999999979785942905 ) ) ;
#103 = DIRECTION ( 'NONE',  ( 1.000000000000000000, 0.000000000000000000, -2.237099353233353148E-12 ) ) ;
#104 = ORIENTED_EDGE ( 'NONE', *, *, #381, .T. ) ;
#105 = PLANE ( 'NONE',  #1305 ) ;
#106 = EDGE_CURVE ( 'NONE', #894, #1976, #50, .T. ) ;
#107 = VECTOR ( 'NONE', #1661, 999.9999999999998863 ) ;
#108 = ADVANCED_FACE ( 'NONE', ( #3433 ), #3059, .F. ) ;
#109 = DIRECTION ( 'NONE',  ( -2.237511783459335038E-12, 6.358310602959382773E-05, -0.9999999979785942905 ) ) ;
#110 = CARTESIAN_POINT ( 'NONE',  ( 49.25388635400002357, 10.00598640245999071, -17.01114979511170233 ) ) ;
#111 = LINE ( 'NONE', #842, #2364 ) ;
#112 = CARTESIAN_POINT ( 'NONE',  ( -79.99999991499997520, 20.00255188944946738, 22.98947195918785269 ) ) ;
#113 = ORIENTED_EDGE ( 'NONE', *, *, #1944, .T. ) ;
#114 = DIRECTION ( 'NONE',  ( 0.000000000000000000, -0.9999999979785944015, -6.358310602959384129E-05 ) ) ;
#115 = EDGE_CURVE ( 'NONE', #4688, #3558, #3996, .T. ) ;
#116 = DIRECTION ( 'NONE',  ( 2.235841141859335273E-12, -6.358310602959384129E-05, 0.9999999979785944015 ) ) ;
#117 = CARTESIAN_POINT ( 'NONE',  ( -66.75392844900000000, 10.00252082561705791, 22.98883612599278337 ) ) ;
#118 = EDGE_LOOP ( 'NONE', ( #4739, #1670, #4485, #572 ) ) ;
#119 = ORIENTED_EDGE ( 'NONE', *, *, #4368, .T. ) ;
#120 = VERTEX_POINT ( 'NONE', #514 ) ;
#121 = CIRCLE ( 'NONE', #2360, 2.500000046250006047 ) ;
#122 = DIRECTION ( 'NONE',  ( 1.000000000000000000, 0.000000000000000000, -2.237099353233347089E-12 ) ) ;
#123 = VERTEX_POINT ( 'NONE', #1756 ) ;
#124 = CARTESIAN_POINT ( 'NONE',  ( -61.75392844899999290, 10.00514816867849710, -18.51116437845443130 ) ) ;
#125 = DIRECTION ( 'NONE',  ( 1.000000000000000000, 0.000000000000000000, -2.237099353233347089E-12 ) ) ;
#126 = CARTESIAN_POINT ( 'NONE',  ( -18.50781004999998913, 20.00221683906211467, 25.98947194382425607 ) ) ;
#127 = LINE ( 'NONE', #3078, #662 ) ;
#128 = COORDINATED_UNIVERSAL_TIME_OFFSET ( 3, 30, .AHEAD. ) ;
#129 = ORIENTED_EDGE ( 'NONE', *, *, #4368, .F. ) ;
#130 = ORIENTED_EDGE ( 'NONE', *, *, #3011, .F. ) ;
#131 = DIRECTION ( 'NONE',  ( 1.000000000000000000, 0.000000000000000000, -2.237099353233347089E-12 ) ) ;
#132 = DIRECTION ( 'NONE',  ( 2.237515728249334980E-12, -6.358310602959382773E-05, 0.9999999979785942905 ) ) ;
#133 = CARTESIAN_POINT ( 'NONE',  ( 46.75388635400001647, 10.00569628683482826, -20.01114981966167861 ) ) ;
#134 = EDGE_LOOP ( 'NONE', ( #379, #2689, #3856, #2227, #3767, #844, #4097, #2622 ) ) ;
#135 = EDGE_LOOP ( 'NONE', ( #2985, #2675 ) ) ;
#136 = EDGE_CURVE ( 'NONE', #123, #781, #977, .T. ) ;
#137 = ORIENTED_EDGE ( 'NONE', *, *, #641, .T. ) ;
#138 = VERTEX_POINT ( 'NONE', #1319 ) ;
#139 = AXIS2_PLACEMENT_3D ( 'NONE', #1808, #4758, #3308 ) ;
#140 = EDGE_CURVE ( 'NONE', #3500, #3474, #2457, .T. ) ;
#141 = DIRECTION ( 'NONE',  ( 1.000000000000000000, 0.000000000000000000, -2.237099353233347089E-12 ) ) ;
#142 = VECTOR ( 'NONE', #3434, 1000.000000000000000 ) ;
#143 = CARTESIAN_POINT ( 'NONE',  ( 41.74742849099999376, 148.4047370628290423, 22.99764881481278067 ) ) ;
#144 = ORIENTED_EDGE ( 'NONE', *, *, #31, .T. ) ;
#145 = AXIS2_PLACEMENT_3D ( 'NONE', #1957, #3780, #517 ) ;
#146 = DIRECTION ( 'NONE',  ( 2.235841141859335273E-12, -6.358310602959384129E-05, 0.9999999979785944015 ) ) ;
#147 = CARTESIAN_POINT ( 'NONE',  ( 184.9999812859999793, 186.7065709751053646, -16.99991462397420960 ) ) ;
#148 = DIRECTION ( 'NONE',  ( 2.244904505645944323E-12, -6.358310605820979909E-05, 0.9999999979785942905 ) ) ;
#149 = CARTESIAN_POINT ( 'NONE',  ( 59.25388635399997384, 10.00598640245999071, -17.01114979511170233 ) ) ;
#150 = DATE_AND_TIME ( #3557, #3957 ) ;
#151 = CIRCLE ( 'NONE', #4633, 2.500000046250006047 ) ;
#152 = ORIENTED_EDGE ( 'NONE', *, *, #2448, .F. ) ;
#153 = CARTESIAN_POINT ( 'NONE',  ( 184.9999812859999793, 196.7039313082612182, 24.50071983008325560 ) ) ;
#154 = LOCAL_TIME ( 14, 57, 21.00000000000000000, #3941 ) ;
#155 = CARTESIAN_POINT ( 'NONE',  ( 18.50779142199998617, 20.00277049555104014, 25.98948462434952233 ) ) ;
#156 = DIRECTION ( 'NONE',  ( -2.237489554141530288E-12, 6.358310602959382773E-05, -0.9999999979785942905 ) ) ;
#157 = DIRECTION ( 'NONE',  ( -1.000000000000000000, -9.414925967699432857E-14, 2.237509746468946994E-12 ) ) ;
#158 = VERTEX_POINT ( 'NONE', #2044 ) ;
#159 = ORIENTED_EDGE ( 'NONE', *, *, #4470, .T. ) ;
#160 = ORIENTED_EDGE ( 'NONE', *, *, #1360, .T. ) ;
#161 = AXIS2_PLACEMENT_3D ( 'NONE', #4272, #157, #595 ) ;
#162 = AXIS2_PLACEMENT_3D ( 'NONE', #4314, #344, #1824 ) ;
#163 = CARTESIAN_POINT ( 'NONE',  ( 46.75388635400001647, 10.00277051568956566, 25.98884879303750495 ) ) ;
#164 = AXIS2_PLACEMENT_3D ( 'NONE', #3766, #793, #4467 ) ;
#165 = VERTEX_POINT ( 'NONE', #3154 ) ;
#166 = AXIS2_PLACEMENT_3D ( 'NONE', #636, #301, #225 ) ;
#167 = CARTESIAN_POINT ( 'NONE',  ( 194.9999812859999793, 148.4074720847308981, -20.00234980493662107 ) ) ;
#168 = CIRCLE ( 'NONE', #3741, 2.500000046250006047 ) ;
#169 = CARTESIAN_POINT ( 'NONE',  ( -18.50785698299997506, 0.002312254135841684821, 24.48820028421608441 ) ) ;
#170 = EDGE_CURVE ( 'NONE', #1035, #1532, #3834, .T. ) ;
#171 = CARTESIAN_POINT ( 'NONE',  ( -29.25392844999999298, 10.00185658642772957, 24.48883608648810650 ) ) ;
#172 = ORIENTED_EDGE ( 'NONE', *, *, #3427, .F. ) ;
#173 = AXIS2_PLACEMENT_3D ( 'NONE', #2732, #3029, #2761 ) ;
#174 = CARTESIAN_POINT ( 'NONE',  ( -184.9995852570999944, 196.7064074278771670, -16.99929332923028014 ) ) ;
#175 = DIRECTION ( 'NONE',  ( -2.346656668149893763E-06, -0.9999999979758409374, -6.358310597843867557E-05 ) ) ;
#176 = CARTESIAN_POINT ( 'NONE',  ( 49.25388635400002357, 10.00334675530525885, 24.48884882665478102 ) ) ;
#177 = VERTEX_POINT ( 'NONE', #3533 ) ;
#178 = DIRECTION ( 'NONE',  ( 1.000000000000000000, 0.000000000000000000, -2.237099353233347089E-12 ) ) ;
#179 = CARTESIAN_POINT ( 'NONE',  ( -194.9994719174999886, 245.0022150825971323, 23.00377813701270924 ) ) ;
#180 = CARTESIAN_POINT ( 'NONE',  ( 194.9999812859999793, 245.0050895948011203, -19.99620782852854006 ) ) ;
#181 = AXIS2_PLACEMENT_3D ( 'NONE', #2229, #3718, #3349 ) ;
#182 = VERTEX_POINT ( 'NONE', #1342 ) ;
#183 = ORIENTED_EDGE ( 'NONE', *, *, #1259, .F. ) ;
#184 = ORIENTED_EDGE ( 'NONE', *, *, #3906, .T. ) ;
#185 = DIRECTION ( 'NONE',  ( 2.237511783459335038E-12, -6.358310602959382773E-05, 0.9999999979785942905 ) ) ;
#186 = DIRECTION ( 'NONE',  ( 1.000000000000000000, 0.000000000000000000, -2.237099353233353148E-12 ) ) ;
#187 = DIRECTION ( 'NONE',  ( 2.237515728249334980E-12, -6.358310602959382773E-05, 0.9999999979785942905 ) ) ;
#188 = ORIENTED_EDGE ( 'NONE', *, *, #4466, .T. ) ;
#189 = ADVANCED_FACE ( 'NONE', ( #950 ), #2798, .F. ) ;
#190 = CARTESIAN_POINT ( 'NONE',  ( -182.4995617916999890, 206.7033769737912223, 23.00134297801317729 ) ) ;
#191 = ADVANCED_FACE ( 'NONE', ( #3968 ), #2071, .F. ) ;
#192 = EDGE_LOOP ( 'NONE', ( #3002, #2009 ) ) ;
#193 = ORIENTED_EDGE ( 'NONE', *, *, #3619, .T. ) ;
#194 = VECTOR ( 'NONE', #3889, 999.9999999999998863 ) ;
#195 = EDGE_CURVE ( 'NONE', #2386, #1312, #2523, .T. ) ;
#196 = AXIS2_PLACEMENT_3D ( 'NONE', #2903, #4719, #4377 ) ;
#197 = FACE_BOUND ( 'NONE', #4121, .T. ) ;
#198 = DIRECTION ( 'NONE',  ( 1.000000000000000000, 0.000000000000000000, -2.237099353233347089E-12 ) ) ;
#199 = CARTESIAN_POINT ( 'NONE',  ( -184.9994719174999886, 245.0049260667126418, -19.99622236504708539 ) ) ;
#200 = FACE_OUTER_BOUND ( 'NONE', #3296, .T. ) ;
#201 = PERSON_AND_ORGANIZATION_ROLE ( 'creator' ) ;
#202 = ORIENTED_EDGE ( 'NONE', *, *, #4246, .F. ) ;
#203 = DIRECTION ( 'NONE',  ( 2.235841141859335273E-12, -6.358310602959384129E-05, 0.9999999979785944015 ) ) ;
#204 = EDGE_CURVE ( 'NONE', #2157, #4268, #1707, .T. ) ;
#205 = LINE ( 'NONE', #3562, #2201 ) ;
#206 = CYLINDRICAL_SURFACE ( 'NONE', #4718, 2.500000046250013153 ) ;
#207 = ORIENTED_EDGE ( 'NONE', *, *, #1090, .F. ) ;
#208 = ORIENTED_EDGE ( 'NONE', *, *, #782, .F. ) ;
#209 = ORIENTED_EDGE ( 'NONE', *, *, #4397, .T. ) ;
#210 = CARTESIAN_POINT ( 'NONE',  ( 29.25388635400000226, 10.00502467262221629, -17.01114985630466947 ) ) ;
#211 = CARTESIAN_POINT ( 'NONE',  ( 39.25388635400000936, 10.00521542201581582, -20.01114985026311643 ) ) ;
#212 = CARTESIAN_POINT ( 'NONE',  ( -59.25392844999998943, 10.00456606254106617, -17.01116441240321819 ) ) ;
#213 = CARTESIAN_POINT ( 'NONE',  ( 18.50779142199998617, 0.005696307073220496786, -20.01178565097863782 ) ) ;
#214 = EDGE_LOOP ( 'NONE', ( #1066, #1867, #439, #1490, #4370, #361, #4337, #3803 ) ) ;
#215 = VECTOR ( 'NONE', #674, 999.9999999999998863 ) ;
#216 = DIRECTION ( 'NONE',  ( -2.238209617639335134E-12, 6.358310602959384129E-05, -0.9999999979785944015 ) ) ;
#217 = EDGE_CURVE ( 'NONE', #3961, #838, #4208, .T. ) ;
#218 = LINE ( 'NONE', #4360, #476 ) ;
#219 = AXIS2_PLACEMENT_3D ( 'NONE', #2197, #2511, #1830 ) ;
#220 = ORIENTED_EDGE ( 'NONE', *, *, #1179, .T. ) ;
#221 = DIRECTION ( 'NONE',  ( -2.237511783459335038E-12, 6.358310602959382773E-05, -0.9999999979785942905 ) ) ;
#222 = DIRECTION ( 'NONE',  ( 1.000000000000000000, 0.000000000000000000, -2.237099353233353148E-12 ) ) ;
#223 = DIRECTION ( 'NONE',  ( 0.9999999815015170324, 0.0001923459529372419899, 1.222771583569494855E-08 ) ) ;
#224 = EDGE_CURVE ( 'NONE', #1101, #1951, #2827, .T. ) ;
#225 = DIRECTION ( 'NONE',  ( 1.000000000000000000, 0.000000000000000000, -2.237099353233353148E-12 ) ) ;
#226 = ADVANCED_FACE ( 'NONE', ( #1392 ), #563, .F. ) ;
#227 = EDGE_LOOP ( 'NONE', ( #3929, #2667, #1695, #3914 ) ) ;
#228 = VECTOR ( 'NONE', #4523, 999.9999999999998863 ) ;
#229 = DIRECTION ( 'NONE',  ( 2.237515728249334980E-12, -6.358310602959382773E-05, 0.9999999979785942905 ) ) ;
#230 = LINE ( 'NONE', #3866, #2967 ) ;
#231 = EDGE_CURVE ( 'NONE', #2647, #2462, #1052, .T. ) ;
#232 = CARTESIAN_POINT ( 'NONE',  ( 184.9999812859999793, 166.7057046603908645, -18.50118634377659177 ) ) ;
#233 = EDGE_CURVE ( 'NONE', #1546, #3829, #2840, .T. ) ;
#234 = CARTESIAN_POINT ( 'NONE',  ( 182.4999812859999793, 166.7033551294102551, 25.99881230351383365 ) ) ;
#235 = ORIENTED_EDGE ( 'NONE', *, *, #1857, .T. ) ;
#236 = AXIS2_PLACEMENT_3D ( 'NONE', #3948, #3589, #2461 ) ;
#237 = VERTEX_POINT ( 'NONE', #638 ) ;
#238 = ORIENTED_EDGE ( 'NONE', *, *, #2439, .T. ) ;
#239 = CARTESIAN_POINT ( 'NONE',  ( -41.75392844900000000, 10.00510123555609709, -18.51116438206082293 ) ) ;
#240 = DIRECTION ( 'NONE',  ( -2.234767775589999604E-12, -0.04954705606199365231, -0.9987717903683451803 ) ) ;
#241 = ORIENTED_EDGE ( 'NONE', *, *, #2124, .F. ) ;
#242 = CARTESIAN_POINT ( 'NONE',  ( -61.75392844899999290, 10.00241371767701359, 24.48883612231889018 ) ) ;
#243 = DIRECTION ( 'NONE',  ( -2.237511783459335038E-12, 6.358310602959382773E-05, -0.9999999979785942905 ) ) ;
#244 = ORIENTED_EDGE ( 'NONE', *, *, #2660, .F. ) ;
#245 = DIRECTION ( 'NONE',  ( 1.000000000000000000, 0.000000000000000000, -2.237099353233347089E-12 ) ) ;
#246 = CARTESIAN_POINT ( 'NONE',  ( 61.75388635399997384, 10.00569628683482826, -20.01114981966167861 ) ) ;
#247 = DIRECTION ( 'NONE',  ( 1.000000000000000000, 0.000000000000000000, -2.237099353233347089E-12 ) ) ;
#248 = ORIENTED_EDGE ( 'NONE', *, *, #1054, .T. ) ;
#249 = DIRECTION ( 'NONE',  ( 2.237515728249334980E-12, -6.358310602959382773E-05, 0.9999999979785942905 ) ) ;
#250 = EDGE_CURVE ( 'NONE', #1687, #2589, #3536, .T. ) ;
#251 = AXIS2_PLACEMENT_3D ( 'NONE', #4260, #2423, #2089 ) ;
#252 = CARTESIAN_POINT ( 'NONE',  ( -18.50785698299997506, 0.002407628832634678417, 22.98820028723686093 ) ) ;
#253 = DIRECTION ( 'NONE',  ( 2.237515728249334980E-12, -6.358310602959382773E-05, 0.9999999979785942905 ) ) ;
#254 = CYLINDRICAL_SURFACE ( 'NONE', #3407, 125.9042811880000272 ) ;
#255 = CARTESIAN_POINT ( 'NONE',  ( 182.4999812859999793, 226.7035457568748882, 23.00262729547947060 ) ) ;
#256 = EDGE_LOOP ( 'NONE', ( #313, #3206, #854, #1988 ) ) ;
#257 = ORIENTED_EDGE ( 'NONE', *, *, #2482, .T. ) ;
#258 = VERTEX_POINT ( 'NONE', #2122 ) ;
#259 = EDGE_CURVE ( 'NONE', #1591, #3541, #1362, .T. ) ;
#260 = CIRCLE ( 'NONE', #481, 2.500000046250006047 ) ;
#261 = DIRECTION ( 'NONE',  ( 1.000000000000000000, 0.000000000000000000, -2.237099353233347089E-12 ) ) ;
#262 = FACE_BOUND ( 'NONE', #3818, .T. ) ;
#263 = ORIENTED_EDGE ( 'NONE', *, *, #931, .T. ) ;
#264 = EDGE_CURVE ( 'NONE', #3768, #1663, #1510, .T. ) ;
#265 = CYLINDRICAL_SURFACE ( 'NONE', #4778, 2.500000046249999386 ) ;
#266 = LINE ( 'NONE', #3171, #4763 ) ;
#267 = DIRECTION ( 'NONE',  ( 1.000000000000000000, 1.811100377073350216E-16, -2.237523960855270711E-12 ) ) ;
#268 = EDGE_LOOP ( 'NONE', ( #901, #1525, #1967, #2729 ) ) ;
#269 = VECTOR ( 'NONE', #2289, 999.9999999999998863 ) ;
#270 = CARTESIAN_POINT ( 'NONE',  ( -182.4995383250999907, 216.7031862042095725, 26.00197880228488501 ) ) ;
#271 = DIRECTION ( 'NONE',  ( 1.000000000000000000, 0.000000000000000000, -2.237099353233353148E-12 ) ) ;
#272 = CYLINDRICAL_SURFACE ( 'NONE', #1794, 2.500000046250007824 ) ;
#273 = VERTEX_POINT ( 'NONE', #2731 ) ;
#274 = VECTOR ( 'NONE', #203, 999.9999999999998863 ) ;
#275 = CARTESIAN_POINT ( 'NONE',  ( 26.75388635400000226, 10.00560091223789883, -18.51114982268739340 ) ) ;
#276 = LINE ( 'NONE', #4321, #1768 ) ;
#277 = AXIS2_PLACEMENT_3D ( 'NONE', #1175, #2285, #3771 ) ;
#278 = DIRECTION ( 'NONE',  ( 1.000000000000000000, 0.000000000000000000, -2.237099353233347089E-12 ) ) ;
#279 = VECTOR ( 'NONE', #3750, 999.9999999999998863 ) ;
#280 = ORIENTED_EDGE ( 'NONE', *, *, #2690, .F. ) ;
#281 = ORIENTED_EDGE ( 'NONE', *, *, #1797, .F. ) ;
#282 = ORIENTED_EDGE ( 'NONE', *, *, #515, .F. ) ;
#283 = VECTOR ( 'NONE', #503, 999.9999999999998863 ) ;
#284 = AXIS2_PLACEMENT_3D ( 'NONE', #65, #3013, #1151 ) ;
#285 = CARTESIAN_POINT ( 'NONE',  ( 29.25388635400000226, 10.00512004731901250, -18.51114985328392137 ) ) ;
#286 = LINE ( 'NONE', #2787, #2471 ) ;
#288 = EDGE_CURVE ( 'NONE', #2589, #1687, #3763, .T. ) ;
#287 = ORIENTED_EDGE ( 'NONE', *, *, #2539, .F. ) ;
#289 = VERTEX_POINT ( 'NONE', #940 ) ;
#290 = EDGE_CURVE ( 'NONE', #3590, #4769, #1357, .T. ) ;
#291 = CARTESIAN_POINT ( 'NONE',  ( 174.9999812860000361, 196.7035458173399434, 23.00071980254220350 ) ) ;
#292 = DIRECTION ( 'NONE',  ( 1.000000000000000000, 0.000000000000000000, -2.237099353233347089E-12 ) ) ;
#293 = CYLINDRICAL_SURFACE ( 'NONE', #4038, 2.500000046250007824 ) ;
#294 = CARTESIAN_POINT ( 'NONE',  ( -29.25392844800001058, 10.00545739257020372, -17.01116435611302435 ) ) ;
#295 = ADVANCED_FACE ( 'NONE', ( #4205 ), #3495, .F. ) ;
#296 = ORIENTED_EDGE ( 'NONE', *, *, #4274, .T. ) ;
#297 = VECTOR ( 'NONE', #4119, 999.9999999999998863 ) ;
#298 = CARTESIAN_POINT ( 'NONE',  ( -184.9995148573999870, 226.7038636648053966, 23.00261467057137921 ) ) ;
#299 = CIRCLE ( 'NONE', #523, 2.500000046250006047 ) ;
#300 = FACE_BOUND ( 'NONE', #2257, .T. ) ;
#301 = DIRECTION ( 'NONE',  ( 2.237515728249334980E-12, -6.358310602959382773E-05, 0.9999999979785942905 ) ) ;
#302 = ORIENTED_EDGE ( 'NONE', *, *, #2717, .F. ) ;
#303 = DIRECTION ( 'NONE',  ( -2.235841141859335273E-12, 6.358310602959384129E-05, -0.9999999979785944015 ) ) ;
#304 = CARTESIAN_POINT ( 'NONE',  ( -66.75392844900000000, 10.00233007632332694, 25.98883611994629206 ) ) ;
#305 = AXIS2_PLACEMENT_3D ( 'NONE', #1135, #2226, #1840 ) ;
#306 = EDGE_LOOP ( 'NONE', ( #4256, #2832, #2615, #1279 ) ) ;
#307 = VERTEX_POINT ( 'NONE', #1991 ) ;
#308 = ORIENTED_EDGE ( 'NONE', *, *, #3462, .F. ) ;
#309 = LOCAL_TIME ( 14, 57, 21.00000000000000000, #43 ) ;
#310 = EDGE_CURVE ( 'NONE', #2856, #3646, #2368, .T. ) ;
#311 = DIRECTION ( 'NONE',  ( -2.235841141859335273E-12, 6.358310602959384129E-05, -0.9999999979785944015 ) ) ;
#312 = PLANE ( 'NONE',  #4243 ) ;
#313 = ORIENTED_EDGE ( 'NONE', *, *, #783, .T. ) ;
#314 = VERTEX_POINT ( 'NONE', #3809 ) ;
#315 = ADVANCED_FACE ( 'NONE', ( #2712 ), #2760, .F. ) ;
#316 = EDGE_CURVE ( 'NONE', #1258, #2213, #529, .T. ) ;
#317 = DIRECTION ( 'NONE',  ( 0.2442021402489935322, -0.9697243478927871640, -6.165808673063208735E-05 ) ) ;
#318 = CARTESIAN_POINT ( 'NONE',  ( -182.4996087247999981, 186.7033770140682805, 23.00007131538911409 ) ) ;
#319 = DIRECTION ( 'NONE',  ( -2.238209617639335134E-12, 6.358310602959384129E-05, -0.9999999979785944015 ) ) ;
#320 = AXIS2_PLACEMENT_3D ( 'NONE', #2954, #4506, #2276 ) ;
#321 = EDGE_LOOP ( 'NONE', ( #3267, #130, #2488, #2706 ) ) ;
#322 = EDGE_CURVE ( 'NONE', #722, #3500, #4554, .T. ) ;
#323 = DIRECTION ( 'NONE',  ( 2.237515728249334980E-12, -6.358310602959382773E-05, 0.9999999979785942905 ) ) ;
#324 = AXIS2_PLACEMENT_3D ( 'NONE', #1754, #3912, #247 ) ;
#325 = CARTESIAN_POINT ( 'NONE',  ( -184.9995617927999945, 206.7028066006972722, 24.50134294472744401 ) ) ;
#326 = VERTEX_POINT ( 'NONE', #3142 ) ;
#327 = DIRECTION ( 'NONE',  ( -2.346656668809893366E-06, -0.9999999979758408264, -6.358310597842638343E-05 ) ) ;
#328 = FACE_OUTER_BOUND ( 'NONE', #4287, .T. ) ;
#329 = VERTEX_POINT ( 'NONE', #190 ) ;
#330 = ORIENTED_EDGE ( 'NONE', *, *, #3782, .T. ) ;
#331 = FACE_OUTER_BOUND ( 'NONE', #1341, .T. ) ;
#332 = DIRECTION ( 'NONE',  ( 1.000000000000000000, 0.000000000000000000, -2.237099353233347089E-12 ) ) ;
#333 = LINE ( 'NONE', #2905, #613 ) ;
#334 = ORIENTED_EDGE ( 'NONE', *, *, #1167, .T. ) ;
#335 = ORIENTED_EDGE ( 'NONE', *, *, #1825, .F. ) ;
#336 = VECTOR ( 'NONE', #1351, 999.9999999999998863 ) ;
#337 = DIRECTION ( 'NONE',  ( 1.000000000000000000, 0.000000000000000000, -2.237099353233353148E-12 ) ) ;
#338 = DIRECTION ( 'NONE',  ( 1.000000000000000000, 0.000000000000000000, -2.237099353233347089E-12 ) ) ;
#339 = DIRECTION ( 'NONE',  ( -2.237511783459335038E-12, 6.358310602959382773E-05, -0.9999999979785942905 ) ) ;
#340 = CIRCLE ( 'NONE', #3901, 153.2525527960000034 ) ;
#341 = ORIENTED_EDGE ( 'NONE', *, *, #4222, .F. ) ;
#342 = ADVANCED_FACE ( 'NONE', ( #910 ), #862, .F. ) ;
#343 = AXIS2_PLACEMENT_3D ( 'NONE', #1221, #3083, #1544 ) ;
#344 = DIRECTION ( 'NONE',  ( -2.237525898765410030E-12, 6.358310602959382773E-05, -0.9999999979785942905 ) ) ;
#345 = DIRECTION ( 'NONE',  ( 2.237515728249334980E-12, -6.358310602959382773E-05, 0.9999999979785942905 ) ) ;
#346 = ORIENTED_EDGE ( 'NONE', *, *, #782, .T. ) ;
#347 = ADVANCED_FACE ( 'NONE', ( #4620 ), #4231, .F. ) ;
#348 = LINE ( 'NONE', #2877, #3716 ) ;
#349 = CARTESIAN_POINT ( 'NONE',  ( -26.75392844899998579, 10.00516141032340833, -20.01116438098954475 ) ) ;
#350 = CIRCLE ( 'NONE', #571, 153.2525527960000034 ) ;
#351 = FACE_BOUND ( 'NONE', #4412, .T. ) ;
#352 = ORIENTED_EDGE ( 'NONE', *, *, #3807, .T. ) ;
#353 = EDGE_CURVE ( 'NONE', #982, #672, #2395, .T. ) ;
#354 = CIRCLE ( 'NONE', #4682, 2.500000046249998942 ) ;
#355 = ORIENTED_EDGE ( 'NONE', *, *, #4338, .F. ) ;
#356 = DIRECTION ( 'NONE',  ( 0.000000000000000000, -0.9999999979785944015, -6.358310602959384129E-05 ) ) ;
#357 = CARTESIAN_POINT ( 'NONE',  ( 187.4999812859999793, 186.7034504632810865, 24.50008396818465073 ) ) ;
#358 = DIRECTION ( 'NONE',  ( 1.000000000000000000, 0.000000000000000000, -2.237099353233347089E-12 ) ) ;
#359 = CIRCLE ( 'NONE', #1666, 2.500000046249998942 ) ;
#360 = CARTESIAN_POINT ( 'NONE',  ( 174.9999812860000361, 148.4074720847308981, -20.00234980493662107 ) ) ;
#361 = ORIENTED_EDGE ( 'NONE', *, *, #3965, .T. ) ;
#362 = DIRECTION ( 'NONE',  ( 2.235841141859335273E-12, -6.358310602959384129E-05, 0.9999999979785944015 ) ) ;
#363 = CARTESIAN_POINT ( 'NONE',  ( -194.9995852581999998, 196.7034063270378397, 23.00070714833402263 ) ) ;
#364 = ORIENTED_EDGE ( 'NONE', *, *, #3657, .F. ) ;
#365 = ORIENTED_EDGE ( 'NONE', *, *, #3121, .T. ) ;
#366 = EDGE_CURVE ( 'NONE', #1242, #4688, #459, .T. ) ;
#367 = LINE ( 'NONE', #1075, #41 ) ;
#368 = DIRECTION ( 'NONE',  ( 1.000000000000000000, 0.000000000000000000, -2.237099353233353148E-12 ) ) ;
#369 = EDGE_LOOP ( 'NONE', ( #280, #3720, #159, #1892 ) ) ;
#370 = EDGE_CURVE ( 'NONE', #2647, #2426, #1939, .T. ) ;
#371 = AXIS2_PLACEMENT_3D ( 'NONE', #939, #3521, #2421 ) ;
#372 = CARTESIAN_POINT ( 'NONE',  ( -187.4996321913999964, 176.7033887676497841, 22.99943548472038657 ) ) ;
#373 = ADVANCED_FACE ( 'NONE', ( #3420 ), #1572, .F. ) ;
#374 = ADVANCED_FACE ( 'NONE', ( #1212 ), #478, .F. ) ;
#375 = PLANE ( 'NONE',  #4076 ) ;
#376 = PLANE ( 'NONE',  #4029 ) ;
#377 = VERTEX_POINT ( 'NONE', #3275 ) ;
#378 = AXIS2_PLACEMENT_3D ( 'NONE', #558, #4012, #2194 ) ;
#379 = ORIENTED_EDGE ( 'NONE', *, *, #2806, .F. ) ;
#380 = AXIS2_PLACEMENT_3D ( 'NONE', #3552, #3100, #3470 ) ;
#381 = EDGE_CURVE ( 'NONE', #709, #2810, #4601, .T. ) ;
#382 = CARTESIAN_POINT ( 'NONE',  ( 39.25388635400000936, 10.00248040021381790, 22.98884876948134703 ) ) ;
#383 = CARTESIAN_POINT ( 'NONE',  ( 59.25388635399997384, 10.00608177715679759, -18.51114979209092581 ) ) ;
#384 = DIRECTION ( 'NONE',  ( 1.000000000000000000, 0.000000000000000000, -2.237099353233347089E-12 ) ) ;
#385 = DIRECTION ( 'NONE',  ( 2.235841141859335273E-12, -6.358310602959384129E-05, 0.9999999979785944015 ) ) ;
#386 = ORIENTED_EDGE ( 'NONE', *, *, #4161, .F. ) ;
#387 = CARTESIAN_POINT ( 'NONE',  ( -182.4996321913999964, 176.7033770342067953, 22.99943548407712512 ) ) ;
#388 = DIRECTION ( 'NONE',  ( 2.346656762449893904E-06, 0.9999999979758408264, 6.358310597842638343E-05 ) ) ;
#389 = ORIENTED_EDGE ( 'NONE', *, *, #3586, .F. ) ;
#390 = ORIENTED_EDGE ( 'NONE', *, *, #3347, .F. ) ;
#391 = DIRECTION ( 'NONE',  ( 2.237533154246079905E-12, -6.358310602959382773E-05, 0.9999999979785942905 ) ) ;
#392 = DIRECTION ( 'NONE',  ( 2.237503821157390115E-12, -6.358310602959382773E-05, 0.9999999979785942905 ) ) ;
#393 = ORIENTED_EDGE ( 'NONE', *, *, #3258, .T. ) ;
#394 = AXIS2_PLACEMENT_3D ( 'NONE', #4036, #82, #2559 ) ;
#395 = FACE_OUTER_BOUND ( 'NONE', #3681, .T. ) ;
#396 = CARTESIAN_POINT ( 'NONE',  ( -187.4996087247999697, 186.7061231985127847, -19.99992918474091752 ) ) ;
#397 = CARTESIAN_POINT ( 'NONE',  ( -184.9996087236999927, 186.7064074480157103, -16.99992916054229752 ) ) ;
#398 = ORIENTED_EDGE ( 'NONE', *, *, #52, .T. ) ;
#399 = ORIENTED_EDGE ( 'NONE', *, *, #106, .T. ) ;
#400 = EDGE_CURVE ( 'NONE', #4769, #3590, #121, .T. ) ;
#401 = CARTESIAN_POINT ( 'NONE',  ( -80.00004684799999666, 0.005191006230954864353, -18.51180020724013531 ) ) ;
#402 = CARTESIAN_POINT ( 'NONE',  ( 29.25388635400000226, 10.00598640245999071, -17.01114979511170233 ) ) ;
#403 = CARTESIAN_POINT ( 'NONE',  ( 26.75388635400000226, 10.00550553754109551, -17.01114982570817347 ) ) ;
#404 = EDGE_LOOP ( 'NONE', ( #4639, #1156, #708, #3277 ) ) ;
#405 = EDGE_CURVE ( 'NONE', #4125, #1187, #1403, .T. ) ;
#406 = AXIS2_PLACEMENT_3D ( 'NONE', #4285, #967, #4649 ) ;
#407 = DIRECTION ( 'NONE',  ( 1.000000000000000000, 0.000000000000000000, -2.237099353233347089E-12 ) ) ;
#408 = CARTESIAN_POINT ( 'NONE',  ( 59.25388635399997384, 10.00228965087054966, 25.98884876243606712 ) ) ;
#409 = ORIENTED_EDGE ( 'NONE', *, *, #647, .F. ) ;
#410 = AXIS2_PLACEMENT_3D ( 'NONE', #4210, #610, #198 ) ;
#411 = CYLINDRICAL_SURFACE ( 'NONE', #2693, 2.500000046250013153 ) ;
#412 = CIRCLE ( 'NONE', #1038, 2.500000046249998942 ) ;
#413 = ORIENTED_EDGE ( 'NONE', *, *, #1259, .T. ) ;
#414 = CARTESIAN_POINT ( 'NONE',  ( -39.25392845000000364, 10.00461450401558494, -18.51116441298386661 ) ) ;
#415 = DIRECTION ( 'NONE',  ( 1.000000000000000000, 0.000000000000000000, -2.237099353233347089E-12 ) ) ;
#416 = CARTESIAN_POINT ( 'NONE',  ( -184.9995617904999961, 206.7065981561335093, -19.99865749182716712 ) ) ;
#417 = DIRECTION ( 'NONE',  ( -0.9999999999972466469, 2.346656748952980814E-06, 1.514453480346003002E-10 ) ) ;
#418 = EDGE_LOOP ( 'NONE', ( #4663, #2778, #4048, #657 ) ) ;
#419 = ORIENTED_EDGE ( 'NONE', *, *, #3595, .F. ) ;
#420 = FACE_BOUND ( 'NONE', #1849, .T. ) ;
#421 = VECTOR ( 'NONE', #116, 999.9999999999998863 ) ;
#422 = CARTESIAN_POINT ( 'NONE',  ( -41.74714580399999164, 148.4067816432743996, -17.00236436958860153 ) ) ;
#423 = FACE_BOUND ( 'NONE', #1503, .T. ) ;
#424 = CARTESIAN_POINT ( 'NONE',  ( -69.25392845000000364, 10.00468490372435859, -18.51116440807612662 ) ) ;
#425 = EDGE_LOOP ( 'NONE', ( #3350, #1634, #3370, #4689 ) ) ;
#426 = VECTOR ( 'NONE', #4244, 999.9999999999998863 ) ;
#427 = EDGE_CURVE ( 'NONE', #307, #3558, #4748, .T. ) ;
#428 = VECTOR ( 'NONE', #1424, 999.9999999999998863 ) ;
#429 = ADVANCED_FACE ( 'NONE', ( #4673 ), #3197, .F. ) ;
#430 = EDGE_CURVE ( 'NONE', #3023, #4492, #2889, .T. ) ;
#431 = FACE_BOUND ( 'NONE', #1088, .T. ) ;
#432 = ORIENTED_EDGE ( 'NONE', *, *, #2348, .F. ) ;
#433 = AXIS2_PLACEMENT_3D ( 'NONE', #5, #4068, #740 ) ;
#434 = AXIS2_PLACEMENT_3D ( 'NONE', #4172, #109, #125 ) ;
#435 = CARTESIAN_POINT ( 'NONE',  ( -187.4996321913999964, 176.7060278445034385, -18.50056501809968523 ) ) ;
#436 = ADVANCED_FACE ( 'NONE', ( #3932 ), #4383, .T. ) ;
#437 = DIRECTION ( 'NONE',  ( 1.000000000000000000, 0.000000000000000000, -2.237099353233353148E-12 ) ) ;
#438 = VERTEX_POINT ( 'NONE', #1358 ) ;
#439 = ORIENTED_EDGE ( 'NONE', *, *, #2660, .T. ) ;
#440 = FACE_OUTER_BOUND ( 'NONE', #2436, .T. ) ;
#441 = CARTESIAN_POINT ( 'NONE',  ( 49.25388635400002357, 142.0979524888524281, -17.00275097762463261 ) ) ;
#442 = CARTESIAN_POINT ( 'NONE',  ( 182.4999812859999793, 196.7035458173399434, 23.00071980254220350 ) ) ;
#443 = ORIENTED_EDGE ( 'NONE', *, *, #1565, .F. ) ;
#444 = CYLINDRICAL_SURFACE ( 'NONE', #4765, 2.500000046250007824 ) ;
#445 = CIRCLE ( 'NONE', #1074, 2.500000046250006047 ) ;
#446 = FACE_OUTER_BOUND ( 'NONE', #214, .T. ) ;
#447 = CARTESIAN_POINT ( 'NONE',  ( 56.75388635400003068, 10.00560091223789883, -18.51114982268739340 ) ) ;
#448 = CARTESIAN_POINT ( 'NONE',  ( 182.4999812859999793, 166.7034505036076553, 24.49881230655939746 ) ) ;
#449 = VECTOR ( 'NONE', #4653, 1000.000000000000000 ) ;
#450 = EDGE_LOOP ( 'NONE', ( #24, #686 ) ) ;
#451 = CIRCLE ( 'NONE', #3159, 2.500000046249998942 ) ;
#452 = DIRECTION ( 'NONE',  ( 1.000000000000000000, 0.000000000000000000, -2.237099353233353148E-12 ) ) ;
#453 = AXIS2_PLACEMENT_3D ( 'NONE', #2756, #4645, #906 ) ;
#454 = ORIENTED_EDGE ( 'NONE', *, *, #1771, .T. ) ;
#455 = ADVANCED_FACE ( 'NONE', ( #965 ), #2449, .F. ) ;
#456 = EDGE_CURVE ( 'NONE', #3558, #4688, #4529, .T. ) ;
#457 = AXIS2_PLACEMENT_3D ( 'NONE', #4392, #1852, #1079 ) ;
#458 = CARTESIAN_POINT ( 'NONE',  ( 184.9999812859999793, 186.7030649733585790, 23.00008394059408090 ) ) ;
#459 = LINE ( 'NONE', #2790, #2608 ) ;
#460 = DIRECTION ( 'NONE',  ( 2.235841141859335273E-12, -6.358310602959384129E-05, 0.9999999979785944015 ) ) ;
#461 = EDGE_LOOP ( 'NONE', ( #1903, #4185 ) ) ;
#462 = EDGE_CURVE ( 'NONE', #2733, #13, #4358, .T. ) ;
#463 = PLANE ( 'NONE',  #1921 ) ;
#464 = CARTESIAN_POINT ( 'NONE',  ( 39.25388635400000936, 10.00512004731901250, -18.51114985328392137 ) ) ;
#465 = DIRECTION ( 'NONE',  ( -2.238209617639335134E-12, 6.358310602959384129E-05, -0.9999999979785944015 ) ) ;
#466 = DIRECTION ( 'NONE',  ( 2.235841141859335273E-12, -6.358310602959384129E-05, 0.9999999979785944015 ) ) ;
#467 = CARTESIAN_POINT ( 'NONE',  ( 59.25388635399997384, 10.00238502546747377, 24.48884876546181388 ) ) ;
#468 = ORIENTED_EDGE ( 'NONE', *, *, #3845, .T. ) ;
#469 = VECTOR ( 'NONE', #3784, 1000.000000000000000 ) ;
#470 = LINE ( 'NONE', #4177, #269 ) ;
#471 = DIRECTION ( 'NONE',  ( 1.000000000000000000, 0.000000000000000000, -2.237099353233347089E-12 ) ) ;
#472 = CARTESIAN_POINT ( 'NONE',  ( -187.4995617916999890, 206.7061231582357266, -19.99865752211687919 ) ) ;
#473 = ORIENTED_EDGE ( 'NONE', *, *, #1637, .F. ) ;
#474 = ORIENTED_EDGE ( 'NONE', *, *, #1120, .F. ) ;
#475 = ORIENTED_EDGE ( 'NONE', *, *, #3649, .T. ) ;
#476 = VECTOR ( 'NONE', #4336, 999.9999999999998863 ) ;
#477 = DIRECTION ( 'NONE',  ( 1.000000000000000000, 0.000000000000000000, -2.237099353233347089E-12 ) ) ;
#478 = CYLINDRICAL_SURFACE ( 'NONE', #2142, 125.9042811879999846 ) ;
#479 = DIRECTION ( 'NONE',  ( 2.237516984455479986E-12, -6.358310602959382773E-05, 0.9999999979785942905 ) ) ;
#480 = EDGE_LOOP ( 'NONE', ( #3312, #4365, #1480, #75, #207, #3550, #2514, #627 ) ) ;
#481 = AXIS2_PLACEMENT_3D ( 'NONE', #1710, #4270, #2000 ) ;
#482 = CARTESIAN_POINT ( 'NONE',  ( 184.9999812859999793, 206.7056092055898375, -16.99864302257283910 ) ) ;
#483 = AXIS2_PLACEMENT_3D ( 'NONE', #2766, #2399, #2038 ) ;
#484 = CARTESIAN_POINT ( 'NONE',  ( -184.9994719174999886, 245.0021916156615589, 23.00377813472745459 ) ) ;
#485 = LINE ( 'NONE', #3053, #4641 ) ;
#486 = CARTESIAN_POINT ( 'NONE',  ( -174.9996985989999985, 148.4072850907056420, -20.00236434378993522 ) ) ;
#487 = APPROVAL_STATUS ( 'not_yet_approved' ) ;
#488 = EDGE_CURVE ( 'NONE', #1106, #3393, #659, .T. ) ;
#489 = EDGE_LOOP ( 'NONE', ( #4207, #3200 ) ) ;
#490 = CARTESIAN_POINT ( 'NONE',  ( -69.25392845000000364, 10.00458952912743094, -17.01116441110186983 ) ) ;
#491 = DIRECTION ( 'NONE',  ( -0.9999999815015170324, -0.0001923459528262196874, -1.222771583569494855E-08 ) ) ;
#492 = DIRECTION ( 'NONE',  ( 1.000000000000000000, 0.000000000000000000, -2.237099353233353148E-12 ) ) ;
#493 = EDGE_CURVE ( 'NONE', #3721, #1101, #3375, .T. ) ;
#494 = DIRECTION ( 'NONE',  ( -2.235841141859335273E-12, 6.358310602959384129E-05, -0.9999999979785944015 ) ) ;
#495 = VERTEX_POINT ( 'NONE', #2814 ) ;
#496 = ORIENTED_EDGE ( 'NONE', *, *, #578, .F. ) ;
#497 = CIRCLE ( 'NONE', #2354, 2.500000046250006047 ) ;
#498 = VERTEX_POINT ( 'NONE', #3548 ) ;
#499 = AXIS2_PLACEMENT_3D ( 'NONE', #4198, #3842, #131 ) ;
#500 = ORIENTED_EDGE ( 'NONE', *, *, #2005, .F. ) ;
#501 = CIRCLE ( 'NONE', #1430, 2.500000046250006047 ) ;
#502 = CIRCLE ( 'NONE', #196, 2.500000046250006047 ) ;
#503 = DIRECTION ( 'NONE',  ( -2.235841141859335273E-12, 6.358310602959384129E-05, -0.9999999979785944015 ) ) ;
#504 = LINE ( 'NONE', #4206, #1031 ) ;
#505 = AXIS2_PLACEMENT_3D ( 'NONE', #1880, #3457, #4179 ) ;
#506 = EDGE_LOOP ( 'NONE', ( #2130, #3288 ) ) ;
#507 = VECTOR ( 'NONE', #1537, 1000.000000000000114 ) ;
#508 = EDGE_CURVE ( 'NONE', #700, #1896, #4007, .T. ) ;
#509 = CYLINDRICAL_SURFACE ( 'NONE', #2590, 2.500000046250007824 ) ;
#510 = DIRECTION ( 'NONE',  ( 2.237515728249334980E-12, -6.358310602959382773E-05, 0.9999999979785942905 ) ) ;
#511 = CARTESIAN_POINT ( 'NONE',  ( 39.25388635400000936, 10.00228965092009403, 25.98884876343485217 ) ) ;
#512 = EDGE_CURVE ( 'NONE', #1591, #3547, #2473, .T. ) ;
#513 = ORIENTED_EDGE ( 'NONE', *, *, #233, .F. ) ;
#514 = CARTESIAN_POINT ( 'NONE',  ( 174.9999812860000361, 148.4074720847308981, -20.00234980493662107 ) ) ;
#515 = EDGE_CURVE ( 'NONE', #4715, #4498, #354, .T. ) ;
#516 = CARTESIAN_POINT ( 'NONE',  ( -41.74714580399999164, 148.4069723926679671, -20.00236436354704850 ) ) ;
#517 = DIRECTION ( 'NONE',  ( 0.9999999810473936268, -0.0001946926094406880724, -1.238139845503558336E-08 ) ) ;
#518 = DIRECTION ( 'NONE',  ( 1.000000000000000000, 0.000000000000000000, -2.237099353233347089E-12 ) ) ;
#519 = ORIENTED_EDGE ( 'NONE', *, *, #1091, .T. ) ;
#520 = AXIS2_PLACEMENT_3D ( 'NONE', #4309, #1795, #3576 ) ;
#521 = EDGE_LOOP ( 'NONE', ( #2805, #2027, #1395, #2303 ) ) ;
#522 = EDGE_CURVE ( 'NONE', #1532, #3935, #266, .T. ) ;
#523 = AXIS2_PLACEMENT_3D ( 'NONE', #2755, #3535, #1251 ) ;
#524 = CARTESIAN_POINT ( 'NONE',  ( -184.9996087236999927, 186.7065028222131389, -18.49992915749673728 ) ) ;
#525 = EDGE_LOOP ( 'NONE', ( #2658, #263 ) ) ;
#526 = ORIENTED_EDGE ( 'NONE', *, *, #1264, .T. ) ;
#527 = AXIS2_PLACEMENT_3D ( 'NONE', #2259, #1125, #3770 ) ;
#528 = DIRECTION ( 'NONE',  ( -0.9999999810473936268, 0.0001946926095517103748, 1.238139845503558336E-08 ) ) ;
#529 = LINE ( 'NONE', #4596, #2060 ) ;
#530 = AXIS2_PLACEMENT_3D ( 'NONE', #1653, #3510, #925 ) ;
#531 = VERTEX_POINT ( 'NONE', #1748 ) ;
#532 = AXIS2_PLACEMENT_3D ( 'NONE', #467, #1539, #1975 ) ;
#533 = CYLINDRICAL_SURFACE ( 'NONE', #2006, 2.500000046250013153 ) ;
#534 = CARTESIAN_POINT ( 'NONE',  ( -39.25392844800001768, 10.00557623375349081, -18.51116435178592923 ) ) ;
#535 = DIRECTION ( 'NONE',  ( -2.238209617639335134E-12, 6.358310602959384129E-05, -0.9999999979785944015 ) ) ;
#536 = CARTESIAN_POINT ( 'NONE',  ( 184.9999812859999793, 226.7056091642644731, -16.99737136089810008 ) ) ;
#537 =( GEOMETRIC_REPRESENTATION_CONTEXT ( 3 ) GLOBAL_UNCERTAINTY_ASSIGNED_CONTEXT ( ( #3222 ) ) GLOBAL_UNIT_ASSIGNED_CONTEXT ( ( #2990, #1152, #2634 ) ) REPRESENTATION_CONTEXT ( 'NONE', 'WORKASPACE' ) );
#538 = ORIENTED_EDGE ( 'NONE', *, *, #2547, .T. ) ;
#539 = CARTESIAN_POINT ( 'NONE',  ( 174.9999812860000361, 196.7033550689451147, 26.00071979645113274 ) ) ;
#540 = LINE ( 'NONE', #3843, #3240 ) ;
#541 = DIRECTION ( 'NONE',  ( 1.000000000000000000, 0.000000000000000000, -2.237099353233353148E-12 ) ) ;
#542 = CARTESIAN_POINT ( 'NONE',  ( -184.9996556590999717, 166.7056365074986104, -20.00120087729911944 ) ) ;
#543 = CARTESIAN_POINT ( 'NONE',  ( 187.4999812859999793, 206.7061854449059126, -18.49864298894077308 ) ) ;
#545 = EDGE_CURVE ( 'NONE', #779, #1546, #1019, .T. ) ;
#544 = ORIENTED_EDGE ( 'NONE', *, *, #1801, .T. ) ;
#546 = ORIENTED_EDGE ( 'NONE', *, *, #2974, .F. ) ;
#547 = CARTESIAN_POINT ( 'NONE',  ( 182.4999812859999793, 176.7060901311735961, -17.00055048492360399 ) ) ;
#548 = AXIS2_PLACEMENT_3D ( 'NONE', #2195, #4124, #772 ) ;
#549 = DIRECTION ( 'NONE',  ( -0.9999999810473936268, 0.0001946926096051404000, 1.238139845503561810E-08 ) ) ;
#550 = ORIENTED_EDGE ( 'NONE', *, *, #2137, .T. ) ;
#551 = FACE_BOUND ( 'NONE', #3093, .T. ) ;
#552 = EDGE_CURVE ( 'NONE', #1353, #99, #4001, .T. ) ;
#553 = CIRCLE ( 'NONE', #166, 2.500000046249998942 ) ;
#554 = DIRECTION ( 'NONE',  ( 1.000000000000000000, 0.000000000000000000, -2.237099353233347089E-12 ) ) ;
#555 = EDGE_CURVE ( 'NONE', #2184, #4751, #807, .T. ) ;
#556 = EDGE_LOOP ( 'NONE', ( #2607, #4343, #1347, #3973 ) ) ;
#557 = FACE_OUTER_BOUND ( 'NONE', #3805, .T. ) ;
#558 = CARTESIAN_POINT ( 'NONE',  ( 29.25388635400000226, 10.00521542201581582, -20.01114985026311643 ) ) ;
#559 = LINE ( 'NONE', #1704, #3605 ) ;
#560 = DIRECTION ( 'NONE',  ( 0.9999999999972466469, -2.346656663880867191E-06, -1.514447904225408482E-10 ) ) ;
#561 = DIRECTION ( 'NONE',  ( 2.237515728249334980E-12, -6.358310602959382773E-05, 0.9999999979785942905 ) ) ;
#562 = VERTEX_POINT ( 'NONE', #2134 ) ;
#563 = CYLINDRICAL_SURFACE ( 'NONE', #880, 2.500000046250013153 ) ;
#564 = AXIS2_PLACEMENT_3D ( 'NONE', #3529, #1675, #3964 ) ;
#565 = DIRECTION ( 'NONE',  ( -2.237491520884194905E-12, 6.358310602959382773E-05, -0.9999999979785942905 ) ) ;
#566 = EDGE_CURVE ( 'NONE', #120, #4435, #1281, .T. ) ;
#567 = CARTESIAN_POINT ( 'NONE',  ( 49.25388635400002357, 10.00344212990217763, 22.98884882968052423 ) ) ;
#568 = DIRECTION ( 'NONE',  ( 0.9999999810473936268, -0.0001946926096190181878, -1.238139845503561810E-08 ) ) ;
#569 = CARTESIAN_POINT ( 'NONE',  ( 184.9999812859999793, 216.7056091854513227, -16.99800719126085013 ) ) ;
#570 = ORIENTED_EDGE ( 'NONE', *, *, #1240, .F. ) ;
#571 = AXIS2_PLACEMENT_3D ( 'NONE', #422, #1605, #4543 ) ;
#572 = ORIENTED_EDGE ( 'NONE', *, *, #4694, .T. ) ;
#573 = EDGE_LOOP ( 'NONE', ( #4630, #3460, #4300, #2121 ) ) ;
#574 = CARTESIAN_POINT ( 'NONE',  ( 71.75388635399998805, 10.00560091223789883, -18.51114982268739340 ) ) ;
#575 = ORIENTED_EDGE ( 'NONE', *, *, #2452, .F. ) ;
#576 = EDGE_LOOP ( 'NONE', ( #3848, #1573 ) ) ;
#577 = EDGE_CURVE ( 'NONE', #4589, #1353, #1053, .T. ) ;
#578 = EDGE_CURVE ( 'NONE', #1700, #3829, #4644, .T. ) ;
#579 = ADVANCED_FACE ( 'NONE', ( #4279 ), #2441, .F. ) ;
#580 = CARTESIAN_POINT ( 'NONE',  ( -184.9995148597000139, 226.7056363865684148, -19.99738589142457812 ) ) ;
#581 = ORIENTED_EDGE ( 'NONE', *, *, #250, .T. ) ;
#582 = AXIS2_PLACEMENT_3D ( 'NONE', #212, #1693, #3168 ) ;
#583 = ORIENTED_EDGE ( 'NONE', *, *, #3525, .T. ) ;
#584 = EDGE_CURVE ( 'NONE', #3459, #1072, #3693, .T. ) ;
#585 = AXIS2_PLACEMENT_3D ( 'NONE', #2698, #3797, #4561 ) ;
#586 = CARTESIAN_POINT ( 'NONE',  ( 39.25388635400000936, 10.00325138060844488, 25.98884882363400450 ) ) ;
#587 = CARTESIAN_POINT ( 'NONE',  ( -187.4995852581999998, 196.7033887273727544, 23.00070714734439647 ) ) ;
#588 = DIRECTION ( 'NONE',  ( -2.237525217886469813E-12, 6.358310602959382773E-05, -0.9999999979785942905 ) ) ;
#589 = VECTOR ( 'NONE', #2033, 999.9999999999998863 ) ;
#590 = DATE_TIME_ROLE ( 'creation_date' ) ;
#591 = EDGE_LOOP ( 'NONE', ( #3978, #908, #4453, #1688 ) ) ;
#592 = DIRECTION ( 'NONE',  ( -2.237534901979919865E-12, 6.358310602959382773E-05, -0.9999999979785942905 ) ) ;
#593 = DIRECTION ( 'NONE',  ( 1.000000000000000000, 0.000000000000000000, -2.237099353233353148E-12 ) ) ;
#594 = CARTESIAN_POINT ( 'NONE',  ( 61.75388635399997384, 10.00296126508316874, 22.98884879907908640 ) ) ;
#595 = DIRECTION ( 'NONE',  ( -2.048956454969999505E-13, 0.9987717903683451803, -0.04954705606199365231 ) ) ;
#596 = ORIENTED_EDGE ( 'NONE', *, *, #647, .T. ) ;
#597 = ORIENTED_EDGE ( 'NONE', *, *, #3278, .F. ) ;
#598 = EDGE_LOOP ( 'NONE', ( #1570, #4143, #4536, #1184 ) ) ;
#599 = DIRECTION ( 'NONE',  ( 2.237516984455479986E-12, -6.358310602959382773E-05, 0.9999999979785942905 ) ) ;
#600 = DIRECTION ( 'NONE',  ( -2.237522948651410075E-12, 6.358310602959382773E-05, -0.9999999979785942905 ) ) ;
#601 = EDGE_LOOP ( 'NONE', ( #69, #1872, #3170, #4327 ) ) ;
#602 = CARTESIAN_POINT ( 'NONE',  ( -184.9995148597000139, 226.7055410113721621, -18.49738589442059933 ) ) ;
#603 = CARTESIAN_POINT ( 'NONE',  ( 49.25388635400002357, 0.005505557779499070659, -17.01178565702512913 ) ) ;
#604 = CARTESIAN_POINT ( 'NONE',  ( 39.25388635400000936, 10.00598640245999071, -17.01114979511170233 ) ) ;
#605 = CIRCLE ( 'NONE', #3322, 2.500000046249998942 ) ;
#606 = ORIENTED_EDGE ( 'NONE', *, *, #512, .F. ) ;
#607 = ADVANCED_FACE ( 'NONE', ( #1134, #47, #3364, #785, #714, #4403, #762, #423, #1816, #2245, #1518, #2617, #1086 ), #2971, .F. ) ;
#608 = AXIS2_PLACEMENT_3D ( 'NONE', #3571, #600, #3598 ) ;
#609 = LINE ( 'NONE', #3632, #2305 ) ;
#610 = DIRECTION ( 'NONE',  ( -2.237509410309334820E-12, 6.358310602959382773E-05, -0.9999999979785942905 ) ) ;
#611 = CARTESIAN_POINT ( 'NONE',  ( -49.25395191499998049, 0.005023481111983418845, -17.01180021442502621 ) ) ;
#612 = ORIENTED_EDGE ( 'NONE', *, *, #2088, .T. ) ;
#613 = VECTOR ( 'NONE', #1882, 999.9999999999998863 ) ;
#614 = EDGE_CURVE ( 'NONE', #97, #4025, #3133, .T. ) ;
#615 = CARTESIAN_POINT ( 'NONE',  ( -69.25392844700000694, 10.00555125886532970, -17.01116434990398929 ) ) ;
#616 = CARTESIAN_POINT ( 'NONE',  ( -184.9994719174999886, 245.0047353173190459, -16.99622237108861000 ) ) ;
#617 = AXIS2_PLACEMENT_3D ( 'NONE', #2127, #1785, #3662 ) ;
#618 = CARTESIAN_POINT ( 'NONE',  ( 26.75388635400000226, 10.00569628683482826, -20.01114981966167861 ) ) ;
#619 = DIRECTION ( 'NONE',  ( 2.237515728249334980E-12, -6.358310602959382773E-05, 0.9999999979785942905 ) ) ;
#620 = CARTESIAN_POINT ( 'NONE',  ( -182.4995148584999924, 226.7059206350725162, -16.99738586717644395 ) ) ;
#621 = ORIENTED_EDGE ( 'NONE', *, *, #3896, .F. ) ;
#622 = ORIENTED_EDGE ( 'NONE', *, *, #2244, .T. ) ;
#623 = VERTEX_POINT ( 'NONE', #3735 ) ;
#624 = CIRCLE ( 'NONE', #3413, 2.500000046250006047 ) ;
#625 = DIRECTION ( 'NONE',  ( -1.000000000000000000, -9.413705582023560443E-18, 2.237487085140070601E-12 ) ) ;
#626 = CARTESIAN_POINT ( 'NONE',  ( 69.25388635399998805, 10.00598640245999071, -17.01114979511170233 ) ) ;
#627 = ORIENTED_EDGE ( 'NONE', *, *, #2582, .F. ) ;
#628 = PLANE ( 'NONE',  #4390 ) ;
#629 = ORIENTED_EDGE ( 'NONE', *, *, #2295, .T. ) ;
#630 = VECTOR ( 'NONE', #3124, 999.9999999999998863 ) ;
#631 = DIRECTION ( 'NONE',  ( -2.238209617639335134E-12, 6.358310602959384129E-05, -0.9999999979785944015 ) ) ;
#632 = CARTESIAN_POINT ( 'NONE',  ( -39.25392845000000364, 10.00197542761101843, 22.98883609081514479 ) ) ;
#633 = ORIENTED_EDGE ( 'NONE', *, *, #1355, .T. ) ;
#634 = FACE_OUTER_BOUND ( 'NONE', #1203, .T. ) ;
#635 = CARTESIAN_POINT ( 'NONE',  ( -18.50781004999998913, 20.00240758835583677, 22.98947194987080422 ) ) ;
#636 = CARTESIAN_POINT ( 'NONE',  ( 59.25388635399997384, 10.00617715175372169, -20.01114978906520747 ) ) ;
#637 = ORIENTED_EDGE ( 'NONE', *, *, #1952, .F. ) ;
#638 = CARTESIAN_POINT ( 'NONE',  ( 187.4999812859999793, 196.7035458173399434, 23.00071980254220350 ) ) ;
#639 = AXIS2_PLACEMENT_3D ( 'NONE', #2344, #3831, #103 ) ;
#640 = LINE ( 'NONE', #4684, #3561 ) ;
#641 = EDGE_CURVE ( 'NONE', #4268, #3485, #882, .T. ) ;
#642 = ADVANCED_FACE ( 'NONE', ( #1881 ), #4477, .F. ) ;
#643 = DIRECTION ( 'NONE',  ( -2.237515358152280227E-12, 6.358310602959382773E-05, -0.9999999979785942905 ) ) ;
#644 = ORIENTED_EDGE ( 'NONE', *, *, #3315, .T. ) ;
#645 = VERTEX_POINT ( 'NONE', #2205 ) ;
#646 = ORIENTED_EDGE ( 'NONE', *, *, #3284, .T. ) ;
#647 = EDGE_CURVE ( 'NONE', #1811, #3126, #1665, .T. ) ;
#648 = FACE_OUTER_BOUND ( 'NONE', #2438, .T. ) ;
#649 = ORIENTED_EDGE ( 'NONE', *, *, #136, .T. ) ;
#650 = ORIENTED_EDGE ( 'NONE', *, *, #515, .T. ) ;
#651 = CARTESIAN_POINT ( 'NONE',  ( -41.74714580399999164, 148.4041425667699627, 24.49763613421537656 ) ) ;
#652 = DIRECTION ( 'NONE',  ( 2.237515728249334980E-12, -6.358310602959382773E-05, 0.9999999979785942905 ) ) ;
#653 = DIRECTION ( 'NONE',  ( 2.237515728249334980E-12, -6.358310602959382773E-05, 0.9999999979785942905 ) ) ;
#654 = EDGE_LOOP ( 'NONE', ( #3512, #4041, #2880, #3297 ) ) ;
#655 = CARTESIAN_POINT ( 'NONE',  ( 187.4999812859999793, 186.7035458384772824, 23.00008397118063996 ) ) ;
#656 = CARTESIAN_POINT ( 'NONE',  ( 184.9999812859999793, 206.7038359129264506, 26.00135565839925533 ) ) ;
#657 = ORIENTED_EDGE ( 'NONE', *, *, #2059, .F. ) ;
#658 = EDGE_CURVE ( 'NONE', #3704, #1608, #3621, .T. ) ;
#659 = CIRCLE ( 'NONE', #3999, 2.500000046250006047 ) ;
#660 = CARTESIAN_POINT ( 'NONE',  ( -18.50783351599999449, 10.00514205959572145, -20.01116438221947647 ) ) ;
#661 = CARTESIAN_POINT ( 'NONE',  ( 56.75388635400003068, 10.00296126508316874, 22.98884879907908640 ) ) ;
#662 = VECTOR ( 'NONE', #820, 999.9999999999998863 ) ;
#663 = EDGE_LOOP ( 'NONE', ( #2928, #954, #443, #633 ) ) ;
#664 = ORIENTED_EDGE ( 'NONE', *, *, #3559, .F. ) ;
#665 = EDGE_LOOP ( 'NONE', ( #4597, #3008 ) ) ;
#666 = EDGE_CURVE ( 'NONE', #37, #936, #501, .T. ) ;
#667 = CC_DESIGN_PERSON_AND_ORGANIZATION_ASSIGNMENT ( #1876, #3358, ( #1528 ) ) ;
#668 = CIRCLE ( 'NONE', #3383, 2.500000046250006047 ) ;
#669 = DIRECTION ( 'NONE',  ( 2.235841141859335273E-12, -6.358310602959384129E-05, 0.9999999979785944015 ) ) ;
#670 = DIRECTION ( 'NONE',  ( 1.000000000000000000, 0.000000000000000000, -2.237099353233347089E-12 ) ) ;
#671 = CARTESIAN_POINT ( 'NONE',  ( -174.9994719174999886, 245.0047118503835009, -16.99622237337386466 ) ) ;
#672 = VERTEX_POINT ( 'NONE', #2270 ) ;
#673 = EDGE_CURVE ( 'NONE', #182, #4417, #1839, .T. ) ;
#674 = DIRECTION ( 'NONE',  ( -2.235841141859335273E-12, 6.358310602959384129E-05, -0.9999999979785944015 ) ) ;
#675 = CARTESIAN_POINT ( 'NONE',  ( -187.4996321913999964, 176.7032933934523840, 24.49943548167482632 ) ) ;
#676 = CARTESIAN_POINT ( 'NONE',  ( 184.9999812859999793, 176.7065709952934469, -17.00055045428747036 ) ) ;
#677 = DIRECTION ( 'NONE',  ( -2.235841141859335273E-12, 6.358310602959384129E-05, -0.9999999979785944015 ) ) ;
#678 = VERTEX_POINT ( 'NONE', #1420 ) ;
#679 = CARTESIAN_POINT ( 'NONE',  ( 49.25388635400002357, 10.00228965087054966, 25.98884876243606712 ) ) ;
#680 = CIRCLE ( 'NONE', #378, 2.500000046249998942 ) ;
#681 = DIRECTION ( 'NONE',  ( 1.000000000000000000, 0.000000000000000000, -2.237099353233347089E-12 ) ) ;
#682 = ORIENTED_EDGE ( 'NONE', *, *, #1915, .T. ) ;
#683 = DIRECTION ( 'NONE',  ( 0.000000000000000000, 6.358310602959384129E-05, -0.9999999979785944015 ) ) ;
#684 = VECTOR ( 'NONE', #2996, 999.9999999999998863 ) ;
#685 = VERTEX_POINT ( 'NONE', #2904 ) ;
#686 = ORIENTED_EDGE ( 'NONE', *, *, #1264, .F. ) ;
#687 = CARTESIAN_POINT ( 'NONE',  ( -29.25392844800001058, 10.00272294156871133, 25.98883614466027225 ) ) ;
#688 = FACE_BOUND ( 'NONE', #1792, .T. ) ;
#689 = EDGE_CURVE ( 'NONE', #2578, #2277, #2948, .T. ) ;
#690 = DIRECTION ( 'NONE',  ( -2.237531600584425088E-12, 6.358310602959382773E-05, -0.9999999979785942905 ) ) ;
#691 = DIRECTION ( 'NONE',  ( 1.000000000000000000, 0.000000000000000000, -2.237099353233347089E-12 ) ) ;
#692 = ORIENTED_EDGE ( 'NONE', *, *, #1559, .F. ) ;
#693 = VERTEX_POINT ( 'NONE', #4378 ) ;
#694 = VECTOR ( 'NONE', #3838, 999.9999999999998863 ) ;
#695 = CARTESIAN_POINT ( 'NONE',  ( 187.4999812859999793, 216.7061854247673693, -18.49800715762875569 ) ) ;
#696 = EDGE_CURVE ( 'NONE', #3126, #4079, #3293, .T. ) ;
#697 = CARTESIAN_POINT ( 'NONE',  ( 41.75388635400001647, 10.00550553754109551, -17.01114982570817347 ) ) ;
#698 = CYLINDRICAL_SURFACE ( 'NONE', #4438, 2.500000046250000718 ) ;
#699 = AXIS2_PLACEMENT_3D ( 'NONE', #4212, #1070, #1425 ) ;
#700 = VERTEX_POINT ( 'NONE', #2925 ) ;
#701 = EDGE_CURVE ( 'NONE', #3307, #4079, #1130, .T. ) ;
#702 = DIRECTION ( 'NONE',  ( -2.346656668149893763E-06, -0.9999999979758409374, -6.358310597843867557E-05 ) ) ;
#703 = EDGE_CURVE ( 'NONE', #4774, #758, #971, .T. ) ;
#704 = LINE ( 'NONE', #1100, #4650 ) ;
#705 = ORIENTED_EDGE ( 'NONE', *, *, #3092, .T. ) ;
#706 = VECTOR ( 'NONE', #2508, 1000.000000000000114 ) ;
#707 = CARTESIAN_POINT ( 'NONE',  ( 184.9999812859999793, 166.7038359935301060, 25.99881233414996728 ) ) ;
#708 = ORIENTED_EDGE ( 'NONE', *, *, #2518, .F. ) ;
#709 = VERTEX_POINT ( 'NONE', #1860 ) ;
#710 = CIRCLE ( 'NONE', #406, 2.500000046250006047 ) ;
#711 = DIRECTION ( 'NONE',  ( 1.000000000000000000, 0.000000000000000000, -2.237099353233353148E-12 ) ) ;
#712 = CARTESIAN_POINT ( 'NONE',  ( -184.9996321902000034, 176.7065982175477927, -20.00056498581273701 ) ) ;
#713 = DIRECTION ( 'NONE',  ( -2.237509410309337244E-12, 6.358310602959384129E-05, -0.9999999979785944015 ) ) ;
#714 = FACE_BOUND ( 'NONE', #2716, .T. ) ;
#715 = CARTESIAN_POINT ( 'NONE',  ( 36.75388635400000936, 10.00560091223789883, -18.51114982268739340 ) ) ;
#716 = EDGE_LOOP ( 'NONE', ( #3967, #4372 ) ) ;
#717 = CIRCLE ( 'NONE', #410, 2.500000046250006047 ) ;
#718 = DIRECTION ( 'NONE',  ( 1.000000000000000000, 0.000000000000000000, -2.237099353233347089E-12 ) ) ;
#719 = ADVANCED_FACE ( 'NONE', ( #1711 ), #4759, .F. ) ;
#720 = FACE_BOUND ( 'NONE', #4070, .T. ) ;
#721 = CARTESIAN_POINT ( 'NONE',  ( 182.4999812859999793, 206.7033550478078325, 26.00135562781266785 ) ) ;
#722 = VERTEX_POINT ( 'NONE', #1488 ) ;
#723 = ORIENTED_EDGE ( 'NONE', *, *, #1197, .T. ) ;
#724 = EDGE_CURVE ( 'NONE', #2921, #685, #814, .T. ) ;
#725 = EDGE_CURVE ( 'NONE', #1812, #2596, #4004, .T. ) ;
#726 = DIRECTION ( 'NONE',  ( -2.237509410309334820E-12, 6.358310602959382773E-05, -0.9999999979785942905 ) ) ;
#727 = DIRECTION ( 'NONE',  ( -2.237509410309334820E-12, 6.358310602959382773E-05, -0.9999999979785942905 ) ) ;
#728 = EDGE_LOOP ( 'NONE', ( #1146, #3676, #49, #1641 ) ) ;
#729 = EDGE_CURVE ( 'NONE', #3354, #3164, #127, .T. ) ;
#730 = EDGE_CURVE ( 'NONE', #4125, #4447, #1440, .T. ) ;
#731 = CLOSED_SHELL ( 'NONE', ( #3314, #3160, #4432, #1615, #4135, #1719, #4283, #4704, #189, #373, #1643, #2094, #3812, #429, #1833, #3819, #2915, #2512, #4431, #2278, #4051, #3877, #2609, #3833, #1062, #3067, #4599, #2387, #4169, #966, #3673, #1289, #2376, #4085 ) ) ;
#732 = CARTESIAN_POINT ( 'NONE',  ( -184.9996087236999927, 186.7037683712115950, 24.50007134327655933 ) ) ;
#733 = EDGE_LOOP ( 'NONE', ( #2886, #2956, #3668, #4717 ) ) ;
#734 = AXIS2_PLACEMENT_3D ( 'NONE', #4090, #3342, #2995 ) ;
#735 = ORIENTED_EDGE ( 'NONE', *, *, #3965, .F. ) ;
#736 = AXIS2_PLACEMENT_3D ( 'NONE', #3585, #249, #1367 ) ;
#737 = DIRECTION ( 'NONE',  ( 1.000000000000000000, 0.000000000000000000, -2.237099353233353148E-12 ) ) ;
#738 = AXIS2_PLACEMENT_3D ( 'NONE', #798, #3473, #2262 ) ;
#739 = LINE ( 'NONE', #1448, #4683 ) ;
#740 = DIRECTION ( 'NONE',  ( 1.000000000000000000, 0.000000000000000000, -2.237099353233353148E-12 ) ) ;
#741 = AXIS2_PLACEMENT_3D ( 'NONE', #383, #1859, #2204 ) ;
#742 = FACE_OUTER_BOUND ( 'NONE', #306, .T. ) ;
#743 = VERTEX_POINT ( 'NONE', #1557 ) ;
#744 = PLANE ( 'NONE',  #1401 ) ;
#745 = CARTESIAN_POINT ( 'NONE',  ( 187.4999812859999793, 216.7060900495712019, -16.99800716062474493 ) ) ;
#746 = ORIENTED_EDGE ( 'NONE', *, *, #860, .T. ) ;
#747 = VERTEX_POINT ( 'NONE', #3839 ) ;
#748 = CARTESIAN_POINT ( 'NONE',  ( 182.4999812859999793, 216.7035457770133746, 23.00199146416745322 ) ) ;
#749 = EDGE_CURVE ( 'NONE', #1508, #2968, #3539, .T. ) ;
#750 = CARTESIAN_POINT ( 'NONE',  ( 184.9999812859999793, 216.7057045596487512, -18.49800718821531476 ) ) ;
#751 = CIRCLE ( 'NONE', #3147, 2.500000046250006047 ) ;
#752 = EDGE_LOOP ( 'NONE', ( #4528, #4757, #7, #2489 ) ) ;
#753 = ORIENTED_EDGE ( 'NONE', *, *, #1240, .T. ) ;
#754 = AXIS2_PLACEMENT_3D ( 'NONE', #2674, #3745, #4165 ) ;
#755 = LINE ( 'NONE', #3031, #3397 ) ;
#756 = CARTESIAN_POINT ( 'NONE',  ( -174.9996985989999985, 148.4045506394045333, 22.99763615699815134 ) ) ;
#757 = EDGE_CURVE ( 'NONE', #3023, #326, #4108, .T. ) ;
#758 = VERTEX_POINT ( 'NONE', #2680 ) ;
#759 = AXIS2_PLACEMENT_3D ( 'NONE', #2946, #1470, #1158 ) ;
#760 = EDGE_LOOP ( 'NONE', ( #3044, #1844, #4306, #1371 ) ) ;
#761 = AXIS2_PLACEMENT_3D ( 'NONE', #2109, #985, #2494 ) ;
#762 = FACE_BOUND ( 'NONE', #878, .T. ) ;
#763 = LINE ( 'NONE', #2618, #3165 ) ;
#764 = ORIENTED_EDGE ( 'NONE', *, *, #3835, .T. ) ;
#765 = CIRCLE ( 'NONE', #2781, 2.500000046250006047 ) ;
#766 = LINE ( 'NONE', #4772, #1015 ) ;
#767 = DIRECTION ( 'NONE',  ( -2.238209617639335134E-12, 6.358310602959384129E-05, -0.9999999979785944015 ) ) ;
#768 = VERTEX_POINT ( 'NONE', #1538 ) ;
#769 = ORIENTED_EDGE ( 'NONE', *, *, #3438, .F. ) ;
#770 = PRODUCT_DEFINITION_FORMATION_WITH_SPECIFIED_SOURCE ( 'ANY', '', #2563, .NOT_KNOWN. ) ;
#771 = DIRECTION ( 'NONE',  ( 0.9999999815015170324, 0.0001923459529261397597, 1.222771583569494855E-08 ) ) ;
#772 = DIRECTION ( 'NONE',  ( 0.9999999810473936268, -0.0001946926094517903026, -1.238139845503558336E-08 ) ) ;
#773 = ORIENTED_EDGE ( 'NONE', *, *, #584, .T. ) ;
#774 = EDGE_LOOP ( 'NONE', ( #2730, #4093 ) ) ;
#775 = VECTOR ( 'NONE', #1253, 999.9999999999998863 ) ;
#776 = DIRECTION ( 'NONE',  ( 2.235841141859335273E-12, -6.358310602959384129E-05, 0.9999999979785944015 ) ) ;
#777 = DIRECTION ( 'NONE',  ( -2.235841141859335273E-12, 6.358310602959384129E-05, -0.9999999979785944015 ) ) ;
#778 = LINE ( 'NONE', #1194, #3302 ) ;
#779 = VERTEX_POINT ( 'NONE', #4153 ) ;
#780 = ORIENTED_EDGE ( 'NONE', *, *, #1937, .F. ) ;
#781 = VERTEX_POINT ( 'NONE', #486 ) ;
#782 = EDGE_CURVE ( 'NONE', #1614, #1106, #2286, .T. ) ;
#783 = EDGE_CURVE ( 'NONE', #3715, #3540, #4687, .T. ) ;
#784 = DIRECTION ( 'NONE',  ( 2.235841141859335273E-12, -6.358310602959384129E-05, 0.9999999979785944015 ) ) ;
#785 = FACE_BOUND ( 'NONE', #3026, .T. ) ;
#786 = CYLINDRICAL_SURFACE ( 'NONE', #3722, 2.500000046250007824 ) ;
#787 = ORIENTED_EDGE ( 'NONE', *, *, #584, .F. ) ;
#788 = EDGE_CURVE ( 'NONE', #1700, #779, #1363, .T. ) ;
#789 = DIRECTION ( 'NONE',  ( -2.237509410309334820E-12, 6.358310602959382773E-05, -0.9999999979785942905 ) ) ;
#790 = EDGE_LOOP ( 'NONE', ( #3189, #2346, #1170, #3617 ) ) ;
#791 = CARTESIAN_POINT ( 'NONE',  ( 46.75388635400001647, 10.00550553754109551, -17.01114982570817347 ) ) ;
#792 = AXIS2_PLACEMENT_3D ( 'NONE', #1682, #4220, #2774 ) ;
#793 = DIRECTION ( 'NONE',  ( -2.237511783459335038E-12, 6.358310602959382773E-05, -0.9999999979785942905 ) ) ;
#794 = VERTEX_POINT ( 'NONE', #1600 ) ;
#795 = ORIENTED_EDGE ( 'NONE', *, *, #1582, .T. ) ;
#796 = FACE_OUTER_BOUND ( 'NONE', #853, .T. ) ;
#797 = LINE ( 'NONE', #1598, #507 ) ;
#798 = CARTESIAN_POINT ( 'NONE',  ( -49.25392844999998232, 10.00454259595469964, -17.01116441370453813 ) ) ;
#799 = CARTESIAN_POINT ( 'NONE',  ( 182.4999812859999793, 186.7034504632810865, 24.50008396818465073 ) ) ;
#800 = VERTEX_POINT ( 'NONE', #2350 ) ;
#801 = ORIENTED_EDGE ( 'NONE', *, *, #322, .F. ) ;
#802 = LINE ( 'NONE', #4113, #4553 ) ;
#803 = FACE_OUTER_BOUND ( 'NONE', #2230, .T. ) ;
#804 = DIRECTION ( 'NONE',  ( -2.237232233171845127E-12, 6.358310603059302846E-05, -0.9999999979785942905 ) ) ;
#805 = VECTOR ( 'NONE', #991, 999.9999999999998863 ) ;
#806 = EDGE_LOOP ( 'NONE', ( #4777, #3344, #1828, #746 ) ) ;
#807 = CIRCLE ( 'NONE', #2907, 125.9042811879999846 ) ;
#808 = LINE ( 'NONE', #1138, #297 ) ;
#809 = CARTESIAN_POINT ( 'NONE',  ( -184.9996087236999927, 186.7065981974092779, -19.99992915450071607 ) ) ;
#810 = CIRCLE ( 'NONE', #3379, 2.500000046250006047 ) ;
#811 = EDGE_CURVE ( 'NONE', #2084, #1942, #3841, .T. ) ;
#812 = ORIENTED_EDGE ( 'NONE', *, *, #2186, .T. ) ;
#813 = EDGE_CURVE ( 'NONE', #2623, #983, #3014, .T. ) ;
#814 = CIRCLE ( 'NONE', #3543, 125.9042811879999846 ) ;
#815 = LINE ( 'NONE', #3373, #3783 ) ;
#816 = CARTESIAN_POINT ( 'NONE',  ( 182.4999812859999793, 186.7061854851829423, -18.49991465156477943 ) ) ;
#817 = ORIENTED_EDGE ( 'NONE', *, *, #3367, .F. ) ;
#818 = DIRECTION ( 'NONE',  ( -2.238209617639335134E-12, 6.358310602959384129E-05, -0.9999999979785944015 ) ) ;
#819 = LINE ( 'NONE', #1924, #3224 ) ;
#820 = DIRECTION ( 'NONE',  ( -2.235841141859335273E-12, 6.358310602959384129E-05, -0.9999999979785944015 ) ) ;
#821 = CARTESIAN_POINT ( 'NONE',  ( -49.25395191499998049, 0.002289030010621528888, 25.98820028635323709 ) ) ;
#822 = VERTEX_POINT ( 'NONE', #442 ) ;
#823 = DIRECTION ( 'NONE',  ( 1.000000000000000000, 1.811100377073350216E-16, -2.237501322100557132E-12 ) ) ;
#824 = CIRCLE ( 'NONE', #1374, 2.500000046250006047 ) ;
#825 = DIRECTION ( 'NONE',  ( 2.237515728249334980E-12, -6.358310602959382773E-05, 0.9999999979785942905 ) ) ;
#826 = DIRECTION ( 'NONE',  ( 1.000000000000000000, 0.000000000000000000, -2.237099353233347089E-12 ) ) ;
#827 = VECTOR ( 'NONE', #3231, 999.9999999999998863 ) ;
#828 = ORIENTED_EDGE ( 'NONE', *, *, #1004, .T. ) ;
#829 = VECTOR ( 'NONE', #4494, 999.9999999999998863 ) ;
#830 = ORIENTED_EDGE ( 'NONE', *, *, #2059, .T. ) ;
#831 = CIRCLE ( 'NONE', #2865, 2.500000046250006047 ) ;
#832 = EDGE_CURVE ( 'NONE', #3355, #2935, #2058, .T. ) ;
#833 = VECTOR ( 'NONE', #4587, 999.9999999999998863 ) ;
#834 = EDGE_CURVE ( 'NONE', #4715, #165, #778, .T. ) ;
#835 = DIRECTION ( 'NONE',  ( 2.235841141859335273E-12, -6.358310602959384129E-05, 0.9999999979785944015 ) ) ;
#836 = DIRECTION ( 'NONE',  ( -2.235841141859335273E-12, 6.358310602959384129E-05, -0.9999999979785944015 ) ) ;
#837 = CARTESIAN_POINT ( 'NONE',  ( 184.9999812859999793, 176.7066663704896712, -18.50055045129142428 ) ) ;
#838 = VERTEX_POINT ( 'NONE', #3429 ) ;
#839 = EDGE_CURVE ( 'NONE', #2345, #981, #1516, .T. ) ;
#840 = DIRECTION ( 'NONE',  ( 1.000000000000000000, 2.204498159533141924E-16, -2.237510519472150406E-12 ) ) ;
#841 = DIRECTION ( 'NONE',  ( 0.2496046695350044864, -0.9683478224044225202, -6.157056297797879182E-05 ) ) ;
#842 = CARTESIAN_POINT ( 'NONE',  ( -187.4995148584999924, 226.7032932917114749, 24.50261463728564593 ) ) ;
#843 = DIRECTION ( 'NONE',  ( 1.000000000000000000, 0.000000000000000000, 0.000000000000000000 ) ) ;
#844 = ORIENTED_EDGE ( 'NONE', *, *, #3190, .F. ) ;
#845 = AXIS2_PLACEMENT_3D ( 'NONE', #1654, #1684, #3161 ) ;
#846 = DIRECTION ( 'NONE',  ( -2.237511783459335038E-12, 6.358310602959382773E-05, -0.9999999979785942905 ) ) ;
#847 = CIRCLE ( 'NONE', #3581, 2.500000046250006047 ) ;
#848 = CYLINDRICAL_SURFACE ( 'NONE', #608, 2.500000046250000718 ) ;
#849 = FACE_OUTER_BOUND ( 'NONE', #1926, .T. ) ;
#850 = CARTESIAN_POINT ( 'NONE',  ( -41.74714580399999164, 148.4068770174718281, -18.50236436654301286 ) ) ;
#851 = VECTOR ( 'NONE', #2431, 999.9999999999998863 ) ;
#852 = FACE_BOUND ( 'NONE', #4261, .T. ) ;
#853 = EDGE_LOOP ( 'NONE', ( #1775, #3851, #3725, #2220 ) ) ;
#854 = ORIENTED_EDGE ( 'NONE', *, *, #1417, .F. ) ;
#855 = AXIS2_PLACEMENT_3D ( 'NONE', #2530, #2479, #3631 ) ;
#856 = CIRCLE ( 'NONE', #173, 2.500000046250006047 ) ;
#857 = ORIENTED_EDGE ( 'NONE', *, *, #4050, .T. ) ;
#858 = ORIENTED_EDGE ( 'NONE', *, *, #872, .T. ) ;
#859 = AXIS2_PLACEMENT_3D ( 'NONE', #3549, #1669, #3933 ) ;
#860 = EDGE_CURVE ( 'NONE', #2619, #3045, #111, .T. ) ;
#861 = DIRECTION ( 'NONE',  ( -1.459205250279566060E-16, -0.9999999979785944015, -6.358310602959384129E-05 ) ) ;
#862 = CYLINDRICAL_SURFACE ( 'NONE', #1831, 2.500000046250013153 ) ;
#863 = LINE ( 'NONE', #816, #1185 ) ;
#864 = ORIENTED_EDGE ( 'NONE', *, *, #2410, .T. ) ;
#865 = EDGE_CURVE ( 'NONE', #2241, #4349, #1206, .T. ) ;
#866 = APPROVAL ( #2042, 'UNSPECIFIED' ) ;
#867 = CIRCLE ( 'NONE', #2427, 2.500000046250006047 ) ;
#868 = CARTESIAN_POINT ( 'NONE',  ( 49.25388635400002357, 142.0980478634493522, -18.50275097459888585 ) ) ;
#869 = DIRECTION ( 'NONE',  ( -2.237511783459335038E-12, 6.358310602959382773E-05, -0.9999999979785942905 ) ) ;
#870 = CARTESIAN_POINT ( 'NONE',  ( 187.4999812859999793, 226.7034503826774596, 24.50262729243391036 ) ) ;
#871 = ORIENTED_EDGE ( 'NONE', *, *, #140, .F. ) ;
#872 = EDGE_CURVE ( 'NONE', #800, #3049, #3625, .T. ) ;
#873 = DIRECTION ( 'NONE',  ( -0.2442044158590664094, -0.9697237748313780603, -6.165804920469992372E-05 ) ) ;
#874 = CARTESIAN_POINT ( 'NONE',  ( -184.9996556568000017, 166.7037684115382206, 24.49879968165133448 ) ) ;
#875 = CARTESIAN_POINT ( 'NONE',  ( 184.9999812859999793, 176.7030649934971507, 22.99944810928208838 ) ) ;
#876 = DIRECTION ( 'NONE',  ( -2.237521483894329799E-12, 6.358310602959382773E-05, -0.9999999979785942905 ) ) ;
#877 = ORIENTED_EDGE ( 'NONE', *, *, #1671, .T. ) ;
#878 = EDGE_LOOP ( 'NONE', ( #3112, #4223 ) ) ;
#879 = ORIENTED_EDGE ( 'NONE', *, *, #3339, .F. ) ;
#880 = AXIS2_PLACEMENT_3D ( 'NONE', #2875, #4681, #1681 ) ;
#881 = ORIENTED_EDGE ( 'NONE', *, *, #1, .T. ) ;
#882 = CIRCLE ( 'NONE', #1585, 2.500000046249998942 ) ;
#883 = CYLINDRICAL_SURFACE ( 'NONE', #1220, 2.500000046250007824 ) ;
#884 = CARTESIAN_POINT ( 'NONE',  ( 184.9999812859999793, 166.7056092861934644, -17.00118634682218399 ) ) ;
#885 = FACE_OUTER_BOUND ( 'NONE', #1514, .T. ) ;
#886 = ORIENTED_EDGE ( 'NONE', *, *, #2799, .F. ) ;
#887 = AXIS2_PLACEMENT_3D ( 'NONE', #4659, #978, #3131 ) ;
#888 = CARTESIAN_POINT ( 'NONE',  ( -182.4995852581999713, 196.7033769939297656, 23.00070714670115990 ) ) ;
#889 = EDGE_CURVE ( 'NONE', #2856, #2496, #3628, .T. ) ;
#890 = DIRECTION ( 'NONE',  ( 0.2442021402489935322, -0.9697243478927871640, -6.165808673063208735E-05 ) ) ;
#891 = LINE ( 'NONE', #4582, #1243 ) ;
#892 = CARTESIAN_POINT ( 'NONE',  ( 184.9999812859999793, 196.7040266824586183, 23.00071983312879098 ) ) ;
#893 = DATE_AND_TIME ( #3104, #4414 ) ;
#894 = VERTEX_POINT ( 'NONE', #4384 ) ;
#895 = EDGE_LOOP ( 'NONE', ( #1932, #3313 ) ) ;
#896 = ADVANCED_FACE ( 'NONE', ( #2375 ), #2501, .F. ) ;
#897 = CARTESIAN_POINT ( 'NONE',  ( -187.4996321913999964, 176.7061232187008386, -20.00056501505412143 ) ) ;
#898 = CARTESIAN_POINT ( 'NONE',  ( -46.75392844899997868, 10.00501759425196546, -17.01116438343463955 ) ) ;
#899 = DIRECTION ( 'NONE',  ( -2.235841141859335273E-12, 6.358310602959384129E-05, -0.9999999979785944015 ) ) ;
#900 = ORIENTED_EDGE ( 'NONE', *, *, #2385, .F. ) ;
#901 = ORIENTED_EDGE ( 'NONE', *, *, #264, .T. ) ;
#902 = CIRCLE ( 'NONE', #3855, 2.500000046250006047 ) ;
#903 = EDGE_CURVE ( 'NONE', #3482, #4018, #2752, .T. ) ;
#904 = CARTESIAN_POINT ( 'NONE',  ( 184.9999812859999793, 216.7028741634998994, 26.00199142748979497 ) ) ;
#905 = CARTESIAN_POINT ( 'NONE',  ( -184.9995148573999870, 226.7036729154118007, 26.00261466452982617 ) ) ;
#906 = DIRECTION ( 'NONE',  ( 1.000000000000000000, 0.000000000000000000, -2.237099353233347089E-12 ) ) ;
#907 = ORIENTED_EDGE ( 'NONE', *, *, #1096, .T. ) ;
#908 = ORIENTED_EDGE ( 'NONE', *, *, #4761, .F. ) ;
#909 = VECTOR ( 'NONE', #2718, 999.9999999999998863 ) ;
#910 = FACE_OUTER_BOUND ( 'NONE', #3703, .T. ) ;
#911 = CIRCLE ( 'NONE', #3250, 2.500000046249998942 ) ;
#912 = DIRECTION ( 'NONE',  ( 1.000000000000000000, 0.000000000000000000, -2.237099353233353148E-12 ) ) ;
#913 = EDGE_LOOP ( 'NONE', ( #2606, #4156, #1566, #1375 ) ) ;
#914 = VECTOR ( 'NONE', #2613, 1000.000000000000000 ) ;
#915 = LINE ( 'NONE', #124, #1696 ) ;
#916 = FACE_BOUND ( 'NONE', #1602, .T. ) ;
#917 = FACE_OUTER_BOUND ( 'NONE', #1741, .T. ) ;
#918 = CARTESIAN_POINT ( 'NONE',  ( 66.75388635399997384, 10.00286589038636897, 24.48884879605830989 ) ) ;
#919 = DIRECTION ( 'NONE',  ( 1.000000000000000000, 0.000000000000000000, -2.237099353233353148E-12 ) ) ;
#920 = PERSON_AND_ORGANIZATION ( #1646, #1701 ) ;
#921 = ORIENTED_EDGE ( 'NONE', *, *, #4308, .F. ) ;
#922 = DIRECTION ( 'NONE',  ( 1.000000000000000000, 0.000000000000000000, -2.237099353233347089E-12 ) ) ;
#923 = CARTESIAN_POINT ( 'NONE',  ( -69.25392845000000364, 10.00195045272286087, 24.48883609269711314 ) ) ;
#924 = EDGE_CURVE ( 'NONE', #2394, #3119, #3226, .T. ) ;
#925 = DIRECTION ( 'NONE',  ( 1.000000000000000000, 0.000000000000000000, -2.237099353233347089E-12 ) ) ;
#926 = AXIS2_PLACEMENT_3D ( 'NONE', #569, #1983, #2725 ) ;
#927 = LINE ( 'NONE', #2408, #2019 ) ;
#928 = ORIENTED_EDGE ( 'NONE', *, *, #4504, .T. ) ;
#929 = ORIENTED_EDGE ( 'NONE', *, *, #2636, .F. ) ;
#930 = VERTEX_POINT ( 'NONE', #1677 ) ;
#931 = EDGE_CURVE ( 'NONE', #4014, #2694, #4533, .T. ) ;
#932 = EDGE_CURVE ( 'NONE', #822, #237, #3697, .T. ) ;
#933 = CARTESIAN_POINT ( 'NONE',  ( -184.9996321902000034, 176.7065028423516253, -18.50056498880872624 ) ) ;
#934 = DIRECTION ( 'NONE',  ( 2.235841141859335273E-12, -6.358310602959384129E-05, 0.9999999979785944015 ) ) ;
#935 = FACE_OUTER_BOUND ( 'NONE', #1760, .T. ) ;
#936 = VERTEX_POINT ( 'NONE', #318 ) ;
#937 = EDGE_CURVE ( 'NONE', #2396, #1024, #2649, .T. ) ;
#938 = ADVANCED_FACE ( 'NONE', ( #3531 ), #4008, .F. ) ;
#939 = CARTESIAN_POINT ( 'NONE',  ( 69.25388635399998805, 10.00334675530525885, 24.48884882665478102 ) ) ;
#940 = CARTESIAN_POINT ( 'NONE',  ( 182.4999812859999793, 186.7033550890836580, 26.00008396513914377 ) ) ;
#941 = DIRECTION ( 'NONE',  ( 1.000000000000000000, 0.000000000000000000, -2.237099353233347089E-12 ) ) ;
#942 = ORIENTED_EDGE ( 'NONE', *, *, #1120, .T. ) ;
#943 = ORIENTED_EDGE ( 'NONE', *, *, #865, .T. ) ;
#944 = CARTESIAN_POINT ( 'NONE',  ( -182.4995617916999890, 206.7031862243976263, 26.00134297197159583 ) ) ;
#945 = LINE ( 'NONE', #2015, #1283 ) ;
#946 = LINE ( 'NONE', #3556, #1723 ) ;
#947 = PERSON_AND_ORGANIZATION ( #1646, #1701 ) ;
#948 = VERTEX_POINT ( 'NONE', #2550 ) ;
#949 = AXIS2_PLACEMENT_3D ( 'NONE', #3607, #1457, #2581 ) ;
#950 = FACE_OUTER_BOUND ( 'NONE', #2191, .T. ) ;
#951 = FACE_BOUND ( 'NONE', #1767, .T. ) ;
#952 = CARTESIAN_POINT ( 'NONE',  ( 49.25388635400002357, 10.00502467262221629, -17.01114985630466947 ) ) ;
#953 = PLANE ( 'NONE',  #161 ) ;
#954 = ORIENTED_EDGE ( 'NONE', *, *, #3989, .F. ) ;
#955 = ORIENTED_EDGE ( 'NONE', *, *, #2274, .F. ) ;
#956 = ORIENTED_EDGE ( 'NONE', *, *, #1476, .T. ) ;
#957 = DIRECTION ( 'NONE',  ( 0.9999999810473936268, -0.0001946926094406880724, -1.238139845503558336E-08 ) ) ;
#958 = DIRECTION ( 'NONE',  ( 0.9999999815015169213, 0.0001923459529851214149, 1.222771583569501638E-08 ) ) ;
#959 = ADVANCED_FACE ( 'NONE', ( #200 ), #293, .F. ) ;
#960 = CARTESIAN_POINT ( 'NONE',  ( 182.4999812859999793, 176.7034504834196014, 24.49944813687265821 ) ) ;
#961 = CYLINDRICAL_SURFACE ( 'NONE', #1613, 2.500000046250000718 ) ;
#962 = EDGE_LOOP ( 'NONE', ( #4405, #3709, #2411, #2367 ) ) ;
#963 = FACE_BOUND ( 'NONE', #1481, .T. ) ;
#964 = VERTEX_POINT ( 'NONE', #697 ) ;
#965 = FACE_OUTER_BOUND ( 'NONE', #3942, .T. ) ;
#966 = ADVANCED_FACE ( 'NONE', ( #4030 ), #2525, .F. ) ;
#967 = DIRECTION ( 'NONE',  ( -2.237509410309334820E-12, 6.358310602959382773E-05, -0.9999999979785942905 ) ) ;
#968 = AXIS2_PLACEMENT_3D ( 'NONE', #3927, #599, #4451 ) ;
#969 = ORIENTED_EDGE ( 'NONE', *, *, #3066, .F. ) ;
#970 = AXIS2_PLACEMENT_3D ( 'NONE', #4294, #1030, #3180 ) ;
#971 = CIRCLE ( 'NONE', #3769, 2.500000046250006047 ) ;
#972 = CARTESIAN_POINT ( 'NONE',  ( 182.4999812859999793, 176.7033551092222012, 25.99944813382712283 ) ) ;
#973 = CARTESIAN_POINT ( 'NONE',  ( 182.4999812859999793, 226.7033550074812354, 26.00262728943791757 ) ) ;
#974 = PLANE ( 'NONE',  #3280 ) ;
#975 = DIRECTION ( 'NONE',  ( 0.9999999810473936268, -0.0001946926094406880724, -1.238139845503558336E-08 ) ) ;
#976 = ORIENTED_EDGE ( 'NONE', *, *, #4608, .F. ) ;
#977 = LINE ( 'NONE', #2483, #4454 ) ;
#978 = DIRECTION ( 'NONE',  ( 2.237515728249334980E-12, -6.358310602959382773E-05, 0.9999999979785942905 ) ) ;
#979 = DIRECTION ( 'NONE',  ( 2.235841141859335273E-12, -6.358310602959384129E-05, 0.9999999979785944015 ) ) ;
#980 = FACE_OUTER_BOUND ( 'NONE', #1761, .T. ) ;
#981 = VERTEX_POINT ( 'NONE', #2017 ) ;
#982 = VERTEX_POINT ( 'NONE', #2140 ) ;
#983 = VERTEX_POINT ( 'NONE', #2189 ) ;
#984 = DIRECTION ( 'NONE',  ( 1.000000000000000000, 0.000000000000000000, -2.237099353233347089E-12 ) ) ;
#985 = DIRECTION ( 'NONE',  ( 2.237527404722175170E-12, -6.358310602959382773E-05, 0.9999999979785942905 ) ) ;
#986 = VERTEX_POINT ( 'NONE', #3504 ) ;
#987 = FACE_BOUND ( 'NONE', #3691, .T. ) ;
#988 = EDGE_LOOP ( 'NONE', ( #1656, #644, #1890, #3041 ) ) ;
#989 = CIRCLE ( 'NONE', #3635, 2.500000046249998942 ) ;
#990 = CARTESIAN_POINT ( 'NONE',  ( 39.25388635400000936, 10.00617715175372169, -20.01114978906520747 ) ) ;
#991 = DIRECTION ( 'NONE',  ( -2.235841141859335273E-12, 6.358310602959384129E-05, -0.9999999979785944015 ) ) ;
#992 = LINE ( 'NONE', #3960, #2036 ) ;
#993 = CIRCLE ( 'NONE', #3004, 2.500000046249998942 ) ;
#994 = ORIENTED_EDGE ( 'NONE', *, *, #4286, .F. ) ;
#995 = EDGE_CURVE ( 'NONE', #3961, #1024, #1772, .T. ) ;
#996 = EDGE_CURVE ( 'NONE', #1036, #3239, #4240, .T. ) ;
#997 = AXIS2_PLACEMENT_3D ( 'NONE', #626, #187, #4305 ) ;
#998 = CARTESIAN_POINT ( 'NONE',  ( 184.9999812859999793, 226.7039312477960777, 24.50262732302049784 ) ) ;
#999 = CARTESIAN_POINT ( 'NONE',  ( -59.25392844700000694, 10.00279334127748143, 25.98883614956801225 ) ) ;
#1000 = CARTESIAN_POINT ( 'NONE',  ( 187.4999812859999793, 176.7061855053710246, -18.50055048187801532 ) ) ;
#1001 = ORIENTED_EDGE ( 'NONE', *, *, #4470, .F. ) ;
#1002 = AXIS2_PLACEMENT_3D ( 'NONE', #1222, #2703, #3084 ) ;
#1003 = DIRECTION ( 'NONE',  ( 2.237509571765500028E-12, -6.358310602959382773E-05, 0.9999999979785942905 ) ) ;
#1004 = EDGE_CURVE ( 'NONE', #4170, #3416, #1624, .T. ) ;
#1005 = DIRECTION ( 'NONE',  ( -1.000000000000000000, -9.413705582023560443E-18, 2.237487085140070601E-12 ) ) ;
#1006 = AXIS2_PLACEMENT_3D ( 'NONE', #1272, #1322, #2801 ) ;
#1007 = DIRECTION ( 'NONE',  ( 2.346656754399896909E-06, 0.9999999979758409374, 6.358310597842639698E-05 ) ) ;
#1008 = CARTESIAN_POINT ( 'NONE',  ( -184.9995383261999962, 216.7056364067069012, -19.99802172273662393 ) ) ;
#1009 = EDGE_LOOP ( 'NONE', ( #2031, #4623 ) ) ;
#1010 = ORIENTED_EDGE ( 'NONE', *, *, #729, .T. ) ;
#1011 = EDGE_LOOP ( 'NONE', ( #3850, #2509 ) ) ;
#1012 = CYLINDRICAL_SURFACE ( 'NONE', #2237, 2.500000046250007824 ) ;
#1013 = CARTESIAN_POINT ( 'NONE',  ( -187.4995617916999890, 206.7033887072342395, 23.00134297865641386 ) ) ;
#1014 = VERTEX_POINT ( 'NONE', #4359 ) ;
#1015 = VECTOR ( 'NONE', #2249, 999.9999999999998863 ) ;
#1016 = AXIS2_PLACEMENT_3D ( 'NONE', #998, #3330, #3679 ) ;
#1017 = CIRCLE ( 'NONE', #3352, 2.500000046249998942 ) ;
#1018 = CARTESIAN_POINT ( 'NONE',  ( 29.25388635400000226, 10.00344212995172377, 22.98884883067930929 ) ) ;
#1019 = LINE ( 'NONE', #2500, #3050 ) ;
#1020 = EDGE_CURVE ( 'NONE', #3935, #4275, #2251, .T. ) ;
#1021 = DIRECTION ( 'NONE',  ( -0.9999999810473936268, 0.0001946926095295059144, 1.238139845503558336E-08 ) ) ;
#1022 = CARTESIAN_POINT ( 'NONE',  ( 184.9999812859999793, 196.7065709549668497, -16.99927879266219222 ) ) ;
#1023 = AXIS2_PLACEMENT_3D ( 'NONE', #4211, #175, #1647 ) ;
#1024 = VERTEX_POINT ( 'NONE', #3694 ) ;
#1025 = FACE_OUTER_BOUND ( 'NONE', #573, .T. ) ;
#1026 = DIRECTION ( 'NONE',  ( -2.237511783459335038E-12, 6.358310602959382773E-05, -0.9999999979785942905 ) ) ;
#1027 = EDGE_CURVE ( 'NONE', #838, #2396, #1888, .T. ) ;
#1028 = DIRECTION ( 'NONE',  ( 2.235841141859335273E-12, -6.358310602959384129E-05, 0.9999999979785944015 ) ) ;
#1029 = ORIENTED_EDGE ( 'NONE', *, *, #832, .T. ) ;
#1030 = DIRECTION ( 'NONE',  ( 2.237515728249334980E-12, -6.358310602959382773E-05, 0.9999999979785942905 ) ) ;
#1031 = VECTOR ( 'NONE', #460, 999.9999999999998863 ) ;
#1032 = CARTESIAN_POINT ( 'NONE',  ( -182.4996321913999964, 176.7031862848132278, 25.99943547803559696 ) ) ;
#1033 = DIRECTION ( 'NONE',  ( 2.237533027394429973E-12, -6.358310602959382773E-05, 0.9999999979785942905 ) ) ;
#1034 = EDGE_CURVE ( 'NONE', #894, #3590, #2576, .T. ) ;
#1035 = VERTEX_POINT ( 'NONE', #4483 ) ;
#1036 = VERTEX_POINT ( 'NONE', #2228 ) ;
#1037 = ORIENTED_EDGE ( 'NONE', *, *, #2922, .F. ) ;
#1038 = AXIS2_PLACEMENT_3D ( 'NONE', #408, #4096, #1889 ) ;
#1039 = CARTESIAN_POINT ( 'NONE',  ( -187.4996087247999697, 186.7059324491191603, -16.99992919078244213 ) ) ;
#1040 = CARTESIAN_POINT ( 'NONE',  ( 184.9999812859999793, 226.7030648917562132, 23.00262726489288312 ) ) ;
#1041 = ORIENTED_EDGE ( 'NONE', *, *, #2575, .T. ) ;
#1042 = ORIENTED_EDGE ( 'NONE', *, *, #4286, .T. ) ;
#1043 = CARTESIAN_POINT ( 'NONE',  ( 182.4999812859999793, 216.7033550276197786, 26.00199145812592860 ) ) ;
#1044 = CARTESIAN_POINT ( 'NONE',  ( 184.9999812859999793, 206.7030649330815493, 23.00135560321811568 ) ) ;
#1045 = DIRECTION ( 'NONE',  ( -0.9999999815015169213, -0.0001923459529649986226, -1.222771583569501638E-08 ) ) ;
#1046 = CARTESIAN_POINT ( 'NONE',  ( 194.9999812859999793, 245.0023545728496686, 23.00379079022207662 ) ) ;
#1047 = EDGE_LOOP ( 'NONE', ( #4511, #3532, #2384, #3881 ) ) ;
#1048 = AXIS2_PLACEMENT_3D ( 'NONE', #298, #726, #1098 ) ;
#1049 = CARTESIAN_POINT ( 'NONE',  ( 194.9999812859999793, 196.7033550689451147, 26.00071979645113274 ) ) ;
#1050 = DIRECTION ( 'NONE',  ( -0.9999999815015169213, -0.0001923459530114892118, -1.222771583569501638E-08 ) ) ;
#1051 = ORIENTED_EDGE ( 'NONE', *, *, #2597, .T. ) ;
#1052 = CIRCLE ( 'NONE', #3446, 2.500000046250006047 ) ;
#1053 = CIRCLE ( 'NONE', #582, 2.500000046249998942 ) ;
#1054 = EDGE_CURVE ( 'NONE', #273, #3898, #4339, .T. ) ;
#1055 = LINE ( 'NONE', #2535, #2163 ) ;
#1056 = CYLINDRICAL_SURFACE ( 'NONE', #3955, 2.500000046250007824 ) ;
#1057 = EDGE_CURVE ( 'NONE', #1608, #3704, #3415, .T. ) ;
#1058 = ORIENTED_EDGE ( 'NONE', *, *, #85, .T. ) ;
#1059 = VERTEX_POINT ( 'NONE', #2648 ) ;
#1060 = EDGE_CURVE ( 'NONE', #1270, #3354, #1249, .T. ) ;
#1061 = AXIS2_PLACEMENT_3D ( 'NONE', #2611, #2261, #415 ) ;
#1062 = ADVANCED_FACE ( 'NONE', ( #4410 ), #2672, .F. ) ;
#1063 = DIRECTION ( 'NONE',  ( 2.237515728249334980E-12, -6.358310602959382773E-05, 0.9999999979785942905 ) ) ;
#1064 = CARTESIAN_POINT ( 'NONE',  ( 207.7000667350000356, 48.40619647796047076, -17.00872271855605078 ) ) ;
#1065 = DIRECTION ( 'NONE',  ( -2.234767775589999604E-12, -0.04954705606199365231, -0.9987717903683451803 ) ) ;
#1066 = ORIENTED_EDGE ( 'NONE', *, *, #3731, .T. ) ;
#1067 = ADVANCED_FACE ( 'NONE', ( #1935 ), #4095, .F. ) ;
#1068 = CARTESIAN_POINT ( 'NONE',  ( -46.75392844899997868, 10.00228314310104949, 25.98883611634483870 ) ) ;
#1069 = DIRECTION ( 'NONE',  ( 2.346656753889894983E-06, 0.9999999979758409374, 6.358310597842638343E-05 ) ) ;
#1070 = DIRECTION ( 'NONE',  ( -1.459205250279566060E-16, -0.9999999979785944015, -6.358310602959384129E-05 ) ) ;
#1071 = CARTESIAN_POINT ( 'NONE',  ( -187.4995852581999998, 196.7032933531753542, 24.50070714429883267 ) ) ;
#1072 = VERTEX_POINT ( 'NONE', #3717 ) ;
#1073 = VERTEX_POINT ( 'NONE', #387 ) ;
#1074 = AXIS2_PLACEMENT_3D ( 'NONE', #904, #2028, #2414 ) ;
#1075 = CARTESIAN_POINT ( 'NONE',  ( -49.25390498199999456, 20.00228898948427059, 25.98947194798836691 ) ) ;
#1076 = FACE_OUTER_BOUND ( 'NONE', #3692, .T. ) ;
#1077 = EDGE_LOOP ( 'NONE', ( #4394, #4229, #3042, #682 ) ) ;
#1078 = DIRECTION ( 'NONE',  ( 2.237515728249334980E-12, -6.358310602959382773E-05, 0.9999999979785942905 ) ) ;
#1079 = DIRECTION ( 'NONE',  ( 1.000000000000000000, 0.000000000000000000, -2.237099353233347089E-12 ) ) ;
#1080 = CIRCLE ( 'NONE', #3792, 2.500000046249998942 ) ;
#1081 = VERTEX_POINT ( 'NONE', #1523 ) ;
#1082 = ORIENTED_EDGE ( 'NONE', *, *, #2439, .F. ) ;
#1083 = DIRECTION ( 'NONE',  ( -2.237509410309334820E-12, 6.358310602959382773E-05, -0.9999999979785942905 ) ) ;
#1084 = DIRECTION ( 'NONE',  ( -2.237511783459335038E-12, 6.358310602959382773E-05, -0.9999999979785942905 ) ) ;
#1085 = FACE_BOUND ( 'NONE', #4716, .T. ) ;
#1086 = FACE_OUTER_BOUND ( 'NONE', #3824, .T. ) ;
#1087 = DIRECTION ( 'NONE',  ( 2.237515728249334980E-12, -6.358310602959382773E-05, 0.9999999979785942905 ) ) ;
#1088 = EDGE_LOOP ( 'NONE', ( #4159, #3934 ) ) ;
#1090 = EDGE_CURVE ( 'NONE', #495, #1868, #766, .T. ) ;
#1089 = ORIENTED_EDGE ( 'NONE', *, *, #1091, .F. ) ;
#1091 = EDGE_CURVE ( 'NONE', #4426, #2277, #2180, .T. ) ;
#1092 = LINE ( 'NONE', #2888, #3714 ) ;
#1093 = LINE ( 'NONE', #3759, #469 ) ;
#1094 = CARTESIAN_POINT ( 'NONE',  ( -49.25392844999998232, 10.00190351955012780, 24.48883609009447326 ) ) ;
#1095 = ORIENTED_EDGE ( 'NONE', *, *, #3243, .F. ) ;
#1096 = EDGE_CURVE ( 'NONE', #1868, #138, #1093, .T. ) ;
#1097 = ORIENTED_EDGE ( 'NONE', *, *, #2096, .T. ) ;
#1098 = DIRECTION ( 'NONE',  ( 1.000000000000000000, 0.000000000000000000, -2.237099353233347089E-12 ) ) ;
#1099 = CIRCLE ( 'NONE', #4043, 2.500000046250006047 ) ;
#1100 = CARTESIAN_POINT ( 'NONE',  ( -49.25390498199999456, 20.00502344058564219, -17.01052855278983955 ) ) ;
#1101 = VERTEX_POINT ( 'NONE', #1864 ) ;
#1102 = AXIS2_PLACEMENT_3D ( 'NONE', #325, #588, #3609 ) ;
#1103 = DIRECTION ( 'NONE',  ( 0.9999999810473936268, -0.0001946926094517903026, -1.238139845503558336E-08 ) ) ;
#1104 = DIRECTION ( 'NONE',  ( -2.235841141859335273E-12, 6.358310602959384129E-05, -0.9999999979785944015 ) ) ;
#1105 = EDGE_LOOP ( 'NONE', ( #1418, #3781, #1716, #1579 ) ) ;
#1106 = VERTEX_POINT ( 'NONE', #3368 ) ;
#1107 = CIRCLE ( 'NONE', #2505, 2.500000046249998942 ) ;
#1108 = VECTOR ( 'NONE', #2074, 1000.000000000000114 ) ;
#1109 = FACE_BOUND ( 'NONE', #1269, .T. ) ;
#1110 = FACE_BOUND ( 'NONE', #1318, .T. ) ;
#1111 = CARTESIAN_POINT ( 'NONE',  ( -184.9996087258999751, 186.7029020161705262, 23.00007128509939847 ) ) ;
#1112 = LINE ( 'NONE', #3713, #3952 ) ;
#1113 = ORIENTED_EDGE ( 'NONE', *, *, #488, .T. ) ;
#1114 = ADVANCED_FACE ( 'NONE', ( #3324, #431, #720, #1139, #2298, #1912, #3348, #4433, #53, #3392, #1453, #1116, #2598 ), #744, .F. ) ;
#1115 = EDGE_CURVE ( 'NONE', #307, #1242, #3095, .T. ) ;
#1116 = FACE_BOUND ( 'NONE', #1325, .T. ) ;
#1117 = DIRECTION ( 'NONE',  ( 1.000000000000000000, 0.000000000000000000, -2.237099353233347089E-12 ) ) ;
#1118 = VERTEX_POINT ( 'NONE', #2830 ) ;
#1119 = ORIENTED_EDGE ( 'NONE', *, *, #195, .F. ) ;
#1120 = EDGE_CURVE ( 'NONE', #4656, #2566, #3024, .T. ) ;
#1121 = DIRECTION ( 'NONE',  ( -0.9999999815015169213, -0.0001923459530114892118, -1.222771583569501638E-08 ) ) ;
#1122 = CARTESIAN_POINT ( 'NONE',  ( 39.25388635400000936, 10.00502467262221629, -17.01114985630466947 ) ) ;
#1123 = ORIENTED_EDGE ( 'NONE', *, *, #1746, .T. ) ;
#1124 = ORIENTED_EDGE ( 'NONE', *, *, #3483, .T. ) ;
#1125 = DIRECTION ( 'NONE',  ( -2.237495582305384902E-12, 6.358310602959382773E-05, -0.9999999979785942905 ) ) ;
#1126 = DIRECTION ( 'NONE',  ( 1.000000000000000000, -3.652324479188849945E-18, -2.237515733002326896E-12 ) ) ;
#1127 = CIRCLE ( 'NONE', #1979, 153.2525527960000034 ) ;
#1128 = CARTESIAN_POINT ( 'NONE',  ( -184.9995383261999962, 216.7054456573132768, -16.99802172877817696 ) ) ;
#1129 = VERTEX_POINT ( 'NONE', #4298 ) ;
#1130 = CIRCLE ( 'NONE', #433, 2.500000046249998942 ) ;
#1131 = ORIENTED_EDGE ( 'NONE', *, *, #3936, .T. ) ;
#1132 = DIRECTION ( 'NONE',  ( -1.000000000000000000, -4.504620681532429303E-11, 2.234651555022304295E-12 ) ) ;
#1133 = CARTESIAN_POINT ( 'NONE',  ( 182.4999812859999793, 186.7060901099867749, -16.99991465456074380 ) ) ;
#1134 = FACE_BOUND ( 'NONE', #2113, .T. ) ;
#1135 = CARTESIAN_POINT ( 'NONE',  ( -69.25392845000000364, 10.00204582731978320, 22.98883609572288833 ) ) ;
#1136 = ORIENTED_EDGE ( 'NONE', *, *, #2876, .T. ) ;
#1137 = CIRCLE ( 'NONE', #887, 2.500000046250006047 ) ;
#1138 = CARTESIAN_POINT ( 'NONE',  ( -56.75392844899998579, 10.00240198443376549, 24.48883612166574864 ) ) ;
#1139 = FACE_BOUND ( 'NONE', #1011, .T. ) ;
#1140 = LINE ( 'NONE', #4773, #3199 ) ;
#1141 = EDGE_LOOP ( 'NONE', ( #1391, #4524, #817, #4055 ) ) ;
#1142 = EDGE_LOOP ( 'NONE', ( #3698, #355 ) ) ;
#1143 = DIRECTION ( 'NONE',  ( 2.237515728249334980E-12, -6.358310602959382773E-05, 0.9999999979785942905 ) ) ;
#1144 = DIRECTION ( 'NONE',  ( -2.237509410309334820E-12, 6.358310602959382773E-05, -0.9999999979785942905 ) ) ;
#1145 = VECTOR ( 'NONE', #4382, 999.9999999999998863 ) ;
#1146 = ORIENTED_EDGE ( 'NONE', *, *, #2295, .F. ) ;
#1147 = ORIENTED_EDGE ( 'NONE', *, *, #1115, .F. ) ;
#1148 = EDGE_CURVE ( 'NONE', #2566, #2064, #2802, .T. ) ;
#1149 = VECTOR ( 'NONE', #1180, 999.9999999999998863 ) ;
#1150 = DIRECTION ( 'NONE',  ( 0.000000000000000000, 6.358310597861374712E-05, -0.9999999979785942905 ) ) ;
#1151 = DIRECTION ( 'NONE',  ( 1.000000000000000000, 0.000000000000000000, -2.237099353233347089E-12 ) ) ;
#1152 =( NAMED_UNIT ( * ) PLANE_ANGLE_UNIT ( ) SI_UNIT ( $, .RADIAN. ) );
#1153 = ORIENTED_EDGE ( 'NONE', *, *, #1609, .F. ) ;
#1154 = AXIS2_PLACEMENT_3D ( 'NONE', #1555, #2284, #2610 ) ;
#1155 = ADVANCED_FACE ( 'NONE', ( #980 ), #953, .F. ) ;
#1156 = ORIENTED_EDGE ( 'NONE', *, *, #860, .F. ) ;
#1157 = VECTOR ( 'NONE', #1564, 999.9999999999998863 ) ;
#1158 = DIRECTION ( 'NONE',  ( 0.9999999815015169213, 0.0001923459530052442073, 1.222771583569501638E-08 ) ) ;
#1159 = LINE ( 'NONE', #2641, #3043 ) ;
#1160 = DIRECTION ( 'NONE',  ( -2.237509410309334820E-12, 6.358310602959382773E-05, -0.9999999979785942905 ) ) ;
#1161 = CARTESIAN_POINT ( 'NONE',  ( 51.75388635400002357, 10.00277051568956566, 25.98884879303750495 ) ) ;
#1162 = ORIENTED_EDGE ( 'NONE', *, *, #427, .T. ) ;
#1163 = APPROVAL_PERSON_ORGANIZATION ( #3430, #1679, #3452 ) ;
#1164 = VECTOR ( 'NONE', #3796, 999.9999999999998863 ) ;
#1165 = CARTESIAN_POINT ( 'NONE',  ( 39.25388635400000936, 10.00344212990217763, 22.98884882968052423 ) ) ;
#1166 = ORIENTED_EDGE ( 'NONE', *, *, #3494, .F. ) ;
#1167 = EDGE_CURVE ( 'NONE', #4413, #986, #91, .T. ) ;
#1168 = FACE_OUTER_BOUND ( 'NONE', #227, .T. ) ;
#1169 = CARTESIAN_POINT ( 'NONE',  ( 36.75388635400000936, 10.00569628683482826, -20.01114981966167861 ) ) ;
#1170 = ORIENTED_EDGE ( 'NONE', *, *, #903, .F. ) ;
#1171 = ORIENTED_EDGE ( 'NONE', *, *, #204, .F. ) ;
#1172 = AXIS2_PLACEMENT_3D ( 'NONE', #3085, #3481, #3109 ) ;
#1173 = FACE_OUTER_BOUND ( 'NONE', #2817, .T. ) ;
#1174 = EDGE_CURVE ( 'NONE', #1384, #3463, #1273, .T. ) ;
#1175 = CARTESIAN_POINT ( 'NONE',  ( 184.9999812859999793, 226.7057999136580690, -19.99737135485651862 ) ) ;
#1176 = CARTESIAN_POINT ( 'NONE',  ( 184.9999812859999793, 176.7040267227356480, 22.99944817050475621 ) ) ;
#1177 = ORIENTED_EDGE ( 'NONE', *, *, #1970, .T. ) ;
#1178 = EDGE_LOOP ( 'NONE', ( #1082, #2403 ) ) ;
#1179 = EDGE_CURVE ( 'NONE', #3459, #1942, #3868, .T. ) ;
#1180 = DIRECTION ( 'NONE',  ( -2.238209617639335134E-12, 6.358310602959384129E-05, -0.9999999979785944015 ) ) ;
#1181 = AXIS2_PLACEMENT_3D ( 'NONE', #1431, #2171, #2873 ) ;
#1182 = LINE ( 'NONE', #447, #2671 ) ;
#1183 = DIRECTION ( 'NONE',  ( -0.9999999810473936268, 0.0001946926096252626502, 1.238139845503558336E-08 ) ) ;
#1184 = ORIENTED_EDGE ( 'NONE', *, *, #3243, .T. ) ;
#1185 = VECTOR ( 'NONE', #4232, 999.9999999999998863 ) ;
#1186 = DIRECTION ( 'NONE',  ( 1.000000000000000000, 0.000000000000000000, -2.237099353233353148E-12 ) ) ;
#1187 = VERTEX_POINT ( 'NONE', #2025 ) ;
#1188 = CARTESIAN_POINT ( 'NONE',  ( 174.9999812860000361, 148.4047370627794749, 22.99764881381399917 ) ) ;
#1189 = CIRCLE ( 'NONE', #4133, 2.500000046250006047 ) ;
#1190 = ORIENTED_EDGE ( 'NONE', *, *, #2783, .T. ) ;
#1191 = VERTEX_POINT ( 'NONE', #234 ) ;
#1192 = CYLINDRICAL_SURFACE ( 'NONE', #3947, 2.500000046250007824 ) ;
#1193 = DIRECTION ( 'NONE',  ( 1.000000000000000000, 8.567526116405669703E-14, -2.237571877008884453E-12 ) ) ;
#1194 = CARTESIAN_POINT ( 'NONE',  ( 56.75388635400003068, 10.00286589038636897, 24.48884879605830989 ) ) ;
#1195 = ORIENTED_EDGE ( 'NONE', *, *, #1909, .T. ) ;
#1196 = DIRECTION ( 'NONE',  ( -2.229707102997999141E-12, 6.358310606050657297E-05, -0.9999999979785944015 ) ) ;
#1197 = EDGE_CURVE ( 'NONE', #2935, #37, #3134, .T. ) ;
#1198 = CARTESIAN_POINT ( 'NONE',  ( 49.25388635400002357, 20.00569626669630452, -20.01051398834966122 ) ) ;
#1199 = AXIS2_PLACEMENT_3D ( 'NONE', #3021, #3821, #3061 ) ;
#1200 = CARTESIAN_POINT ( 'NONE',  ( 41.75388635400001647, 10.00569628683482826, -20.01114981966167861 ) ) ;
#1201 = CARTESIAN_POINT ( 'NONE',  ( 66.75388635399997384, 10.00296126508316874, 22.98884879907908640 ) ) ;
#1202 = AXIS2_PLACEMENT_3D ( 'NONE', #1330, #2786, #3192 ) ;
#1203 = EDGE_LOOP ( 'NONE', ( #2272, #3888, #282, #3708 ) ) ;
#1204 = VECTOR ( 'NONE', #4218, 999.9999999999998863 ) ;
#1205 = EDGE_CURVE ( 'NONE', #498, #19, #3186, .T. ) ;
#1206 = CIRCLE ( 'NONE', #3920, 2.500000046250006047 ) ;
#1207 = CARTESIAN_POINT ( 'NONE',  ( -174.9994719174999886, 245.0047118503835009, -16.99622237337386466 ) ) ;
#1208 = ORIENTED_EDGE ( 'NONE', *, *, #288, .F. ) ;
#1209 = ORIENTED_EDGE ( 'NONE', *, *, #2736, .T. ) ;
#1210 = EDGE_CURVE ( 'NONE', #4469, #2241, #927, .T. ) ;
#1211 = DIRECTION ( 'NONE',  ( 1.000000000000000000, 0.000000000000000000, -2.237099353233353148E-12 ) ) ;
#1212 = FACE_OUTER_BOUND ( 'NONE', #1732, .T. ) ;
#1213 = FACE_OUTER_BOUND ( 'NONE', #556, .T. ) ;
#1214 = EDGE_LOOP ( 'NONE', ( #1592, #1400 ) ) ;
#1215 = CARTESIAN_POINT ( 'NONE',  ( 187.4999812859999793, 166.7034505036076553, 24.49881230655939746 ) ) ;
#1216 = CARTESIAN_POINT ( 'NONE',  ( -56.75392844899998579, 10.00504106073845101, -17.01116438212835291 ) ) ;
#1217 = DIRECTION ( 'NONE',  ( 2.237515728249334980E-12, -6.358310602959382773E-05, 0.9999999979785942905 ) ) ;
#1218 = ORIENTED_EDGE ( 'NONE', *, *, #2980, .F. ) ;
#1219 = LINE ( 'NONE', #3082, #1204 ) ;
#1220 = AXIS2_PLACEMENT_3D ( 'NONE', #602, #3071, #528 ) ;
#1221 = CARTESIAN_POINT ( 'NONE',  ( 41.74742849099999376, 148.4072813353372737, -17.00234981097820253 ) ) ;
#1222 = CARTESIAN_POINT ( 'NONE',  ( -184.9995383261999962, 216.7028065805092467, 24.50197877504067634 ) ) ;
#1223 = CIRCLE ( 'NONE', #2548, 2.500000046249998942 ) ;
#1224 = DIRECTION ( 'NONE',  ( -2.237488396213650091E-12, 6.358310602959382773E-05, -0.9999999979785942905 ) ) ;
#1225 = ORIENTED_EDGE ( 'NONE', *, *, #3070, .T. ) ;
#1226 = MANIFOLD_SOLID_BREP ( 'comp1.1\\part5.2\\PartBody', #4293 ) ;
#1227 = EDGE_LOOP ( 'NONE', ( #4325, #2035, #976, #4204 ) ) ;
#1228 = VERTEX_POINT ( 'NONE', #1714 ) ;
#1229 = EDGE_CURVE ( 'NONE', #1986, #19, #3879, .T. ) ;
#1230 = VECTOR ( 'NONE', #3514, 999.9999999999998863 ) ;
#1231 = CYLINDRICAL_SURFACE ( 'NONE', #3391, 2.500000046250007824 ) ;
#1232 = EDGE_CURVE ( 'NONE', #273, #2968, #2047, .T. ) ;
#1233 = ADVANCED_FACE ( 'NONE', ( #2435 ), #3921, .F. ) ;
#1234 = ORIENTED_EDGE ( 'NONE', *, *, #4489, .T. ) ;
#1235 = VECTOR ( 'NONE', #2949, 999.9999999999998863 ) ;
#1236 = ORIENTED_EDGE ( 'NONE', *, *, #931, .F. ) ;
#1237 = AXIS2_PLACEMENT_3D ( 'NONE', #3287, #4445, #3706 ) ;
#1238 = DIRECTION ( 'NONE',  ( 0.9999999810473936268, -0.0001946926094406880724, -1.238139845503558336E-08 ) ) ;
#1239 = CARTESIAN_POINT ( 'NONE',  ( -49.25392844699999273, 10.00559970038940349, -18.51116434948585265 ) ) ;
#1240 = EDGE_CURVE ( 'NONE', #3950, #3634, #3660, .T. ) ;
#1241 = CYLINDRICAL_SURFACE ( 'NONE', #3671, 2.500000046250013153 ) ;
#1242 = VERTEX_POINT ( 'NONE', #620 ) ;
#1243 = VECTOR ( 'NONE', #2349, 999.9999999999998863 ) ;
#1244 = CYLINDRICAL_SURFACE ( 'NONE', #2819, 2.500000046250013153 ) ;
#1245 = CARTESIAN_POINT ( 'NONE',  ( -29.25392844800001058, 10.00564814186392937, -20.01116435006647265 ) ) ;
#1246 = DIRECTION ( 'NONE',  ( 2.237515728249334980E-12, -6.358310602959382773E-05, 0.9999999979785942905 ) ) ;
#1247 = APPROVAL_DATE_TIME ( #1558, #1679 ) ;
#1248 = EDGE_LOOP ( 'NONE', ( #877, #4056, #1685, #2200 ) ) ;
#1249 = CIRCLE ( 'NONE', #3876, 2.500000046249998942 ) ;
#1250 = VERTEX_POINT ( 'NONE', #255 ) ;
#1251 = DIRECTION ( 'NONE',  ( 1.000000000000000000, 0.000000000000000000, -2.237099353233347089E-12 ) ) ;
#1252 = DIRECTION ( 'NONE',  ( 1.000000000000000000, 0.000000000000000000, -2.237099353233353148E-12 ) ) ;
#1253 = DIRECTION ( 'NONE',  ( -2.238209617639335134E-12, 6.358310602959384129E-05, -0.9999999979785944015 ) ) ;
#1254 = ORIENTED_EDGE ( 'NONE', *, *, #4439, .T. ) ;
#1255 = ORIENTED_EDGE ( 'NONE', *, *, #673, .T. ) ;
#1256 = VECTOR ( 'NONE', #4058, 999.9999999999998863 ) ;
#1257 = ORIENTED_EDGE ( 'NONE', *, *, #3493, .F. ) ;
#1258 = VERTEX_POINT ( 'NONE', #3123 ) ;
#1259 = EDGE_CURVE ( 'NONE', #982, #3895, #15, .T. ) ;
#1260 = DIRECTION ( 'NONE',  ( -2.346656668279893839E-06, -0.9999999979758408264, -6.358310597842638343E-05 ) ) ;
#1261 = DIRECTION ( 'NONE',  ( 0.9999999815015170324, 0.0001923459529261397597, 1.222771583569494855E-08 ) ) ;
#1262 = ORIENTED_EDGE ( 'NONE', *, *, #4664, .F. ) ;
#1263 = ORIENTED_EDGE ( 'NONE', *, *, #3835, .F. ) ;
#1264 = EDGE_CURVE ( 'NONE', #2901, #2902, #2013, .T. ) ;
#1265 = DIRECTION ( 'NONE',  ( -2.235841141859335273E-12, 6.358310602959384129E-05, -0.9999999979785944015 ) ) ;
#1266 = DIRECTION ( 'NONE',  ( 1.000000000000000000, 0.000000000000000000, -2.237099353233347089E-12 ) ) ;
#1267 = CYLINDRICAL_SURFACE ( 'NONE', #4491, 153.2525527960000602 ) ;
#1268 = DIRECTION ( 'NONE',  ( -2.237509410309334820E-12, 6.358310602959382773E-05, -0.9999999979785942905 ) ) ;
#1269 = EDGE_LOOP ( 'NONE', ( #4750, #3832 ) ) ;
#1270 = VERTEX_POINT ( 'NONE', #2330 ) ;
#1271 = DIRECTION ( 'NONE',  ( 1.000000000000000000, 0.000000000000000000, -2.237099353233347089E-12 ) ) ;
#1272 = CARTESIAN_POINT ( 'NONE',  ( 184.9999812859999793, 186.7056092458668672, -16.99991468519690585 ) ) ;
#1273 = LINE ( 'NONE', #2747, #3580 ) ;
#1274 = EDGE_LOOP ( 'NONE', ( #1415, #4139, #3241, #193 ) ) ;
#1275 = EDGE_LOOP ( 'NONE', ( #2474, #2143, #335, #4500 ) ) ;
#1276 = DIRECTION ( 'NONE',  ( -2.237511783459335038E-12, 6.358310602959382773E-05, -0.9999999979785942905 ) ) ;
#1277 = CARTESIAN_POINT ( 'NONE',  ( -184.9995383239999853, 216.7064073865517742, -16.99802166755545585 ) ) ;
#1278 = DIRECTION ( 'NONE',  ( -1.000000000000000000, 1.109988014813197722E-13, 2.237518845630834109E-12 ) ) ;
#1279 = ORIENTED_EDGE ( 'NONE', *, *, #3559, .T. ) ;
#1280 = AXIS2_PLACEMENT_3D ( 'NONE', #4565, #1196, #873 ) ;
#1281 = CIRCLE ( 'NONE', #1202, 125.9042811879999846 ) ;
#1282 = CARTESIAN_POINT ( 'NONE',  ( -184.9996556568000017, 166.7065028625397076, -18.50120081912195857 ) ) ;
#1283 = VECTOR ( 'NONE', #1994, 999.9999999999998863 ) ;
#1284 = CARTESIAN_POINT ( 'NONE',  ( -184.9995617904999961, 206.7037683309345937, 24.50134300590059411 ) ) ;
#1285 = CARTESIAN_POINT ( 'NONE',  ( -59.25392844700000694, 10.00571854167257158, -20.01116434516372777 ) ) ;
#1286 = ORIENTED_EDGE ( 'NONE', *, *, #614, .T. ) ;
#1287 = CARTESIAN_POINT ( 'NONE',  ( 187.4999812859999793, 206.7034504230040284, 24.50135563080868550 ) ) ;
#1288 = DIRECTION ( 'NONE',  ( 1.000000000000000000, 8.548267369944531131E-14, 1.723163591181741275E-12 ) ) ;
#1289 = ADVANCED_FACE ( 'NONE', ( #2720 ), #1267, .T. ) ;
#1290 = DIRECTION ( 'NONE',  ( -0.9999999999972466469, 2.346656663868109181E-06, 1.514457442253808449E-10 ) ) ;
#1291 = DIRECTION ( 'NONE',  ( -2.237509410309334820E-12, 6.358310602959382773E-05, -0.9999999979785942905 ) ) ;
#1292 = EDGE_CURVE ( 'NONE', #438, #4349, #2308, .T. ) ;
#1293 = ORIENTED_EDGE ( 'NONE', *, *, #1771, .F. ) ;
#1294 = CARTESIAN_POINT ( 'NONE',  ( 26.75388635400000226, 10.00286589043591512, 24.48884879705706652 ) ) ;
#1295 = CIRCLE ( 'NONE', #277, 2.500000046250006047 ) ;
#1296 = FACE_OUTER_BOUND ( 'NONE', #2210, .T. ) ;
#1297 = PLANE ( 'NONE',  #792 ) ;
#1298 = FACE_OUTER_BOUND ( 'NONE', #2299, .T. ) ;
#1299 = EDGE_CURVE ( 'NONE', #4676, #2106, #2174, .T. ) ;
#1300 = CARTESIAN_POINT ( 'NONE',  ( 182.4999812859999793, 216.7061854247673693, -18.49800715762875569 ) ) ;
#1301 = ORIENTED_EDGE ( 'NONE', *, *, #2447, .T. ) ;
#1302 = AXIS2_PLACEMENT_3D ( 'NONE', #1277, #3489, #4254 ) ;
#1303 = ORIENTED_EDGE ( 'NONE', *, *, #1229, .T. ) ;
#1304 = ORIENTED_EDGE ( 'NONE', *, *, #140, .T. ) ;
#1305 = AXIS2_PLACEMENT_3D ( 'NONE', #2963, #3726, #1150 ) ;
#1306 = CARTESIAN_POINT ( 'NONE',  ( 18.50779142199998617, 0.005696307073220496786, -20.01178565097863782 ) ) ;
#1307 = FACE_BOUND ( 'NONE', #1009, .T. ) ;
#1308 = EDGE_LOOP ( 'NONE', ( #2630, #3273, #3518, #113 ) ) ;
#1309 = DIRECTION ( 'NONE',  ( 2.235841141859335273E-12, -6.358310602959384129E-05, 0.9999999979785944015 ) ) ;
#1310 = CIRCLE ( 'NONE', #3863, 2.500000046250006047 ) ;
#1311 = CARTESIAN_POINT ( 'NONE',  ( -51.75392844899997868, 10.00229487649371229, 25.98883611799179860 ) ) ;
#1312 = VERTEX_POINT ( 'NONE', #4539 ) ;
#1313 = VECTOR ( 'NONE', #417, 1000.000000000000114 ) ;
#1314 = DIRECTION ( 'NONE',  ( 2.237515728249334980E-12, -6.358310602959382773E-05, 0.9999999979785942905 ) ) ;
#1315 = CARTESIAN_POINT ( 'NONE',  ( -194.9996985988999825, 148.4044068232331881, 25.99763615455808008 ) ) ;
#1316 = CYLINDRICAL_SURFACE ( 'NONE', #4668, 2.500000046250000718 ) ;
#1317 = CYLINDRICAL_SURFACE ( 'NONE', #3739, 2.500000046249999386 ) ;
#1318 = EDGE_LOOP ( 'NONE', ( #4406, #2545 ) ) ;
#1319 = CARTESIAN_POINT ( 'NONE',  ( 174.9999812860000361, 245.0023545728496686, 23.00379079022207662 ) ) ;
#1320 = EDGE_CURVE ( 'NONE', #3840, #678, #485, .T. ) ;
#1321 = LINE ( 'NONE', #4685, #1108 ) ;
#1322 = DIRECTION ( 'NONE',  ( 2.237515728249334980E-12, -6.358310602959382773E-05, 0.9999999979785942905 ) ) ;
#1323 = CARTESIAN_POINT ( 'NONE',  ( 36.75388635400000936, 10.00286589043591512, 24.48884879705706652 ) ) ;
#1324 = ORIENTED_EDGE ( 'NONE', *, *, #3896, .T. ) ;
#1325 = EDGE_LOOP ( 'NONE', ( #612, #1042 ) ) ;
#1326 = VERTEX_POINT ( 'NONE', #1576 ) ;
#1327 = EDGE_CURVE ( 'NONE', #4472, #4037, #1949, .T. ) ;
#1328 = EDGE_CURVE ( 'NONE', #4170, #4049, #3472, .T. ) ;
#1329 = CIRCLE ( 'NONE', #4184, 2.500000046249998942 ) ;
#1330 = CARTESIAN_POINT ( 'NONE',  ( 49.25388635400002357, 142.0981432381461502, -20.00275097157810933 ) ) ;
#1331 = FACE_BOUND ( 'NONE', #2326, .T. ) ;
#1332 = ORIENTED_EDGE ( 'NONE', *, *, #2065, .T. ) ;
#1333 = FACE_OUTER_BOUND ( 'NONE', #2231, .T. ) ;
#1334 = DIRECTION ( 'NONE',  ( 2.235841141859335273E-12, -6.358310602959384129E-05, 0.9999999979785944015 ) ) ;
#1335 = DIRECTION ( 'NONE',  ( 2.237515728249334980E-12, -6.358310602959382773E-05, 0.9999999979785942905 ) ) ;
#1336 = EDGE_LOOP ( 'NONE', ( #4061, #30 ) ) ;
#1337 = CARTESIAN_POINT ( 'NONE',  ( 184.9999812859999793, 196.7066663301630740, -18.49927878966620298 ) ) ;
#1338 = DIRECTION ( 'NONE',  ( 2.235841141859335273E-12, -6.358310602959384129E-05, 0.9999999979785944015 ) ) ;
#1339 = DIRECTION ( 'NONE',  ( 2.237515728249334980E-12, -6.358310602959382773E-05, 0.9999999979785942905 ) ) ;
#1340 = CARTESIAN_POINT ( 'NONE',  ( -184.9995852593999928, 196.7028066208358155, 24.50070711341542662 ) ) ;
#1341 = EDGE_LOOP ( 'NONE', ( #2757, #1304, #144, #3400, #1349, #4155, #3194, #2714 ) ) ;
#1342 = CARTESIAN_POINT ( 'NONE',  ( 51.75388635400002357, 10.00296126508316874, 22.98884879907908640 ) ) ;
#1343 = VECTOR ( 'NONE', #625, 1000.000000000000000 ) ;
#1344 = FACE_BOUND ( 'NONE', #3219, .T. ) ;
#1345 = LINE ( 'NONE', #4686, #2091 ) ;
#1346 = DIRECTION ( 'NONE',  ( -2.237492985641280027E-12, 6.358310602959382773E-05, -0.9999999979785942905 ) ) ;
#1347 = ORIENTED_EDGE ( 'NONE', *, *, #4526, .F. ) ;
#1348 = ORIENTED_EDGE ( 'NONE', *, *, #832, .F. ) ;
#1349 = ORIENTED_EDGE ( 'NONE', *, *, #2260, .T. ) ;
#1350 = FACE_OUTER_BOUND ( 'NONE', #321, .T. ) ;
#1351 = DIRECTION ( 'NONE',  ( -2.238209617639335134E-12, 6.358310602959384129E-05, -0.9999999979785944015 ) ) ;
#1352 = LINE ( 'NONE', #574, #3081 ) ;
#1354 = EDGE_CURVE ( 'NONE', #438, #4469, #624, .T. ) ;
#1353 = VERTEX_POINT ( 'NONE', #1216 ) ;
#1355 = EDGE_CURVE ( 'NONE', #4420, #1663, #3530, .T. ) ;
#1356 = DIRECTION ( 'NONE',  ( 2.237515728249334980E-12, -6.358310602959382773E-05, 0.9999999979785942905 ) ) ;
#1357 = CIRCLE ( 'NONE', #4373, 2.500000046250006047 ) ;
#1358 = CARTESIAN_POINT ( 'NONE',  ( -187.4995617916999890, 206.7059324088421306, -16.99865752815843223 ) ) ;
#1359 = LINE ( 'NONE', #2844, #4428 ) ;
#1360 = EDGE_CURVE ( 'NONE', #2673, #2097, #891, .T. ) ;
#1361 = EDGE_LOOP ( 'NONE', ( #330, #208, #2874, #1496 ) ) ;
#1362 = CIRCLE ( 'NONE', #2056, 2.500000046250006047 ) ;
#1363 = CIRCLE ( 'NONE', #2145, 2.500000046250006047 ) ;
#1364 = CARTESIAN_POINT ( 'NONE',  ( -182.4995148584999924, 226.7033769334646820, 23.00261463963840214 ) ) ;
#1365 = DIRECTION ( 'NONE',  ( -2.238209617639335134E-12, 6.358310602959384129E-05, -0.9999999979785944015 ) ) ;
#1366 = EDGE_LOOP ( 'NONE', ( #2222, #3875 ) ) ;
#1367 = DIRECTION ( 'NONE',  ( 1.000000000000000000, 0.000000000000000000, -2.237099353233347089E-12 ) ) ;
#1368 = FACE_OUTER_BOUND ( 'NONE', #4572, .T. ) ;
#1369 = DIRECTION ( 'NONE',  ( 2.237515728249334980E-12, -6.358310602959382773E-05, 0.9999999979785942905 ) ) ;
#1370 = ORIENTED_EDGE ( 'NONE', *, *, #1802, .T. ) ;
#1371 = ORIENTED_EDGE ( 'NONE', *, *, #3761, .T. ) ;
#1372 = ORIENTED_EDGE ( 'NONE', *, *, #1891, .F. ) ;
#1373 = CARTESIAN_POINT ( 'NONE',  ( -46.75392844899997868, 10.00247389244431773, 22.98883612339011506 ) ) ;
#1374 = AXIS2_PLACEMENT_3D ( 'NONE', #3443, #1938, #477 ) ;
#1375 = ORIENTED_EDGE ( 'NONE', *, *, #508, .T. ) ;
#1376 = EDGE_LOOP ( 'NONE', ( #2521, #4709, #1739, #2079 ) ) ;
#1377 = EDGE_CURVE ( 'NONE', #1101, #3721, #1955, .T. ) ;
#1378 = VECTOR ( 'NONE', #356, 999.9999999999998863 ) ;
#1379 = EDGE_CURVE ( 'NONE', #3505, #2341, #3885, .T. ) ;
#1380 = CC_DESIGN_PERSON_AND_ORGANIZATION_ASSIGNMENT ( #920, #3125, ( #770 ) ) ;
#1381 = DIRECTION ( 'NONE',  ( 1.000000000000000000, 0.000000000000000000, -2.237099353233347089E-12 ) ) ;
#1382 = DIRECTION ( 'NONE',  ( 2.237515728249334980E-12, -6.358310602959382773E-05, 0.9999999979785942905 ) ) ;
#1383 = AXIS2_PLACEMENT_3D ( 'NONE', #712, #46, #1447 ) ;
#1384 = VERTEX_POINT ( 'NONE', #126 ) ;
#1385 = EDGE_CURVE ( 'NONE', #2341, #562, #4173, .T. ) ;
#1386 = ADVANCED_FACE ( 'NONE', ( #3151 ), #4560, .F. ) ;
#1387 = PLANE ( 'NONE',  #2497 ) ;
#1388 = DIRECTION ( 'NONE',  ( -2.237509410309334820E-12, 6.358310602959382773E-05, -0.9999999979785942905 ) ) ;
#1389 = DIRECTION ( 'NONE',  ( 1.000000000000000000, 0.000000000000000000, -2.237099353233347089E-12 ) ) ;
#1390 = DIRECTION ( 'NONE',  ( -0.9999999810473936268, 0.0001946926095406081446, 1.238139845503558336E-08 ) ) ;
#1391 = ORIENTED_EDGE ( 'NONE', *, *, #1609, .T. ) ;
#1392 = FACE_OUTER_BOUND ( 'NONE', #1848, .T. ) ;
#1393 = CIRCLE ( 'NONE', #3574, 2.500000046250006047 ) ;
#1394 = FACE_OUTER_BOUND ( 'NONE', #1526, .T. ) ;
#1395 = ORIENTED_EDGE ( 'NONE', *, *, #1562, .F. ) ;
#1396 = ORIENTED_EDGE ( 'NONE', *, *, #1968, .F. ) ;
#1397 = ORIENTED_EDGE ( 'NONE', *, *, #115, .T. ) ;
#1398 = FACE_BOUND ( 'NONE', #61, .T. ) ;
#1399 = DIRECTION ( 'NONE',  ( 2.237515728249334980E-12, -6.358310602959382773E-05, 0.9999999979785942905 ) ) ;
#1400 = ORIENTED_EDGE ( 'NONE', *, *, #937, .F. ) ;
#1401 = AXIS2_PLACEMENT_3D ( 'NONE', #33, #1500, #2975 ) ;
#1402 = ADVANCED_FACE ( 'NONE', ( #2374 ), #2016, .F. ) ;
#1403 = LINE ( 'NONE', #4648, #805 ) ;
#1404 = DIRECTION ( 'NONE',  ( 2.235841141859335273E-12, -6.358310602959384129E-05, 0.9999999979785944015 ) ) ;
#1405 = CARTESIAN_POINT ( 'NONE',  ( 184.9999812859999793, 216.7038358927384252, 26.00199148871248767 ) ) ;
#1406 = VERTEX_POINT ( 'NONE', #4239 ) ;
#1407 = ADVANCED_FACE ( 'NONE', ( #4628 ), #1317, .F. ) ;
#1408 = DIRECTION ( 'NONE',  ( -2.346656668789893647E-06, -0.9999999979758408264, -6.358310597842638343E-05 ) ) ;
#1409 = LINE ( 'NONE', #3528, #827 ) ;
#1410 = FACE_OUTER_BOUND ( 'NONE', #1105, .T. ) ;
#1411 = ORIENTED_EDGE ( 'NONE', *, *, #170, .T. ) ;
#1412 = ADVANCED_FACE ( 'NONE', ( #4655 ), #3940, .F. ) ;
#1413 = CARTESIAN_POINT ( 'NONE',  ( -31.75392844899998934, 10.00243869256516760, 22.98883612043689340 ) ) ;
#1414 = DIRECTION ( 'NONE',  ( -0.9999999810473936268, 0.0001946926095295059144, 1.238139845503558336E-08 ) ) ;
#1415 = ORIENTED_EDGE ( 'NONE', *, *, #86, .T. ) ;
#1416 = ORIENTED_EDGE ( 'NONE', *, *, #1885, .F. ) ;
#1417 = EDGE_CURVE ( 'NONE', #1312, #2386, #553, .T. ) ;
#1418 = ORIENTED_EDGE ( 'NONE', *, *, #4665, .T. ) ;
#1419 = DIRECTION ( 'NONE',  ( -2.237509410309334820E-12, 6.358310602959382773E-05, -0.9999999979785942905 ) ) ;
#1420 = CARTESIAN_POINT ( 'NONE',  ( -182.4996556579000071, 166.7061115063951320, -20.00120084705894641 ) ) ;
#1421 = DIRECTION ( 'NONE',  ( -2.237509410309334820E-12, 6.358310602959382773E-05, -0.9999999979785942905 ) ) ;
#1422 = ORIENTED_EDGE ( 'NONE', *, *, #4516, .T. ) ;
#1423 = CARTESIAN_POINT ( 'NONE',  ( 194.9999812859999793, 196.7060900898482316, -16.99927882324877970 ) ) ;
#1424 = DIRECTION ( 'NONE',  ( -9.415291219167200899E-14, 0.9999999979785944015, 6.358310602959384129E-05 ) ) ;
#1425 = DIRECTION ( 'NONE',  ( 0.000000000000000000, 6.358310602959384129E-05, -0.9999999979785944015 ) ) ;
#1426 = LINE ( 'NONE', #1822, #4518 ) ;
#1427 = ORIENTED_EDGE ( 'NONE', *, *, #1004, .F. ) ;
#1428 = ORIENTED_EDGE ( 'NONE', *, *, #4252, .T. ) ;
#1429 = CARTESIAN_POINT ( 'NONE',  ( 187.4999812859999793, 196.7034504431425432, 24.50071979949663969 ) ) ;
#1430 = AXIS2_PLACEMENT_3D ( 'NONE', #1111, #3666, #358 ) ;
#1431 = CARTESIAN_POINT ( 'NONE',  ( -194.9994719174999886, 245.0047587842050518, -16.99622236980216528 ) ) ;
#1432 = VERTEX_POINT ( 'NONE', #4708 ) ;
#1433 = AXIS2_PLACEMENT_3D ( 'NONE', #1594, #4188, #122 ) ;
#1434 = ADVANCED_FACE ( 'NONE', ( #1804 ), #2480, .F. ) ;
#1435 = AXIS2_PLACEMENT_3D ( 'NONE', #511, #1217, #3034 ) ;
#1436 = DIRECTION ( 'NONE',  ( 2.235841141859335273E-12, -6.358310602959384129E-05, 0.9999999979785944015 ) ) ;
#1437 = ADVANCED_FACE ( 'NONE', ( #4317 ), #3178, .F. ) ;
#1438 = EDGE_CURVE ( 'NONE', #4472, #1406, #2068, .T. ) ;
#1439 = DIRECTION ( 'NONE',  ( -1.459205250279566060E-16, -0.9999999979785944015, -6.358310602959384129E-05 ) ) ;
#1440 = CIRCLE ( 'NONE', #738, 2.500000046249998942 ) ;
#1441 = ORIENTED_EDGE ( 'NONE', *, *, #1742, .T. ) ;
#1442 = ORIENTED_EDGE ( 'NONE', *, *, #4252, .F. ) ;
#1443 = AXIS2_PLACEMENT_3D ( 'NONE', #892, #652, #338 ) ;
#1444 = CARTESIAN_POINT ( 'NONE',  ( -174.9996985989999985, 148.4043598900109089, 25.99763615095659830 ) ) ;
#1445 = EDGE_CURVE ( 'NONE', #2694, #2070, #2913, .T. ) ;
#1446 = EDGE_CURVE ( 'NONE', #96, #800, #2895, .T. ) ;
#1447 = DIRECTION ( 'NONE',  ( 1.000000000000000000, 0.000000000000000000, -2.237099353233347089E-12 ) ) ;
#1448 = CARTESIAN_POINT ( 'NONE',  ( 18.50779142199998617, 10.00296126513271133, 22.98884880007784304 ) ) ;
#1449 = CARTESIAN_POINT ( 'NONE',  ( -46.75392844899997868, 10.00237851784740251, 24.48883612036440027 ) ) ;
#1450 = CARTESIAN_POINT ( 'NONE',  ( 184.9999812859999793, 176.7057046402524065, -18.50055051246460280 ) ) ;
#1451 = VERTEX_POINT ( 'NONE', #2095 ) ;
#1452 = DIRECTION ( 'NONE',  ( 2.237515728249334980E-12, -6.358310602959382773E-05, 0.9999999979785942905 ) ) ;
#1453 = FACE_BOUND ( 'NONE', #4551, .T. ) ;
#1454 = CARTESIAN_POINT ( 'NONE',  ( -187.4995852581999998, 196.7060278041768413, -18.49929335647443196 ) ) ;
#1455 = ORIENTED_EDGE ( 'NONE', *, *, #3732, .F. ) ;
#1456 = AXIS2_PLACEMENT_3D ( 'NONE', #1893, #1504, #4437 ) ;
#1457 = DIRECTION ( 'NONE',  ( -2.237515728249334980E-12, 6.358310602959382773E-05, -0.9999999979785942905 ) ) ;
#1458 = AXIS2_PLACEMENT_3D ( 'NONE', #874, #2405, #4219 ) ;
#1459 = CARTESIAN_POINT ( 'NONE',  ( -29.25392844800001058, 10.00291369086243876, 22.98883615070682040 ) ) ;
#1460 = ORIENTED_EDGE ( 'NONE', *, *, #224, .F. ) ;
#1461 = VECTOR ( 'NONE', #4329, 999.9999999999998863 ) ;
#1462 = DIRECTION ( 'NONE',  ( -2.346656668809893366E-06, -0.9999999979758408264, -6.358310597842638343E-05 ) ) ;
#1463 = CARTESIAN_POINT ( 'NONE',  ( -184.9996087236999927, 186.7038637454090235, 23.00007134632214800 ) ) ;
#1464 = AXIS2_PLACEMENT_3D ( 'NONE', #4200, #1545, #826 ) ;
#1465 = ORIENTED_EDGE ( 'NONE', *, *, #4521, .F. ) ;
#1466 = ORIENTED_EDGE ( 'NONE', *, *, #2266, .T. ) ;
#1467 = EDGE_CURVE ( 'NONE', #3568, #3371, #946, .T. ) ;
#1468 = CIRCLE ( 'NONE', #4331, 2.500000046250006047 ) ;
#1469 = CARTESIAN_POINT ( 'NONE',  ( 184.9999812859999793, 196.7038359330649939, 26.00071982708723795 ) ) ;
#1470 = DIRECTION ( 'NONE',  ( 2.237507251572934677E-12, -6.358310602959382773E-05, 0.9999999979785942905 ) ) ;
#1471 = LINE ( 'NONE', #357, #1985 ) ;
#1472 = CARTESIAN_POINT ( 'NONE',  ( -184.9995852593999928, 196.7027112466384153, 26.00070711036986282 ) ) ;
#1473 = CARTESIAN_POINT ( 'NONE',  ( -184.9995617904999961, 206.7065027819360807, -18.49865749487267408 ) ) ;
#1474 = ORIENTED_EDGE ( 'NONE', *, *, #2352, .F. ) ;
#1475 = CC_DESIGN_APPROVAL ( #866, ( #770 ) ) ;
#1476 = EDGE_CURVE ( 'NONE', #1035, #4275, #4756, .T. ) ;
#1477 = ADVANCED_FACE ( 'NONE', ( #2824 ), #1780, .F. ) ;
#1478 = CARTESIAN_POINT ( 'NONE',  ( -29.25392844999999298, 10.00176121173092980, 25.98883608346730512 ) ) ;
#1479 = CARTESIAN_POINT ( 'NONE',  ( -184.9996087258999751, 186.7055410929745847, -18.49992921871942997 ) ) ;
#1480 = ORIENTED_EDGE ( 'NONE', *, *, #3116, .F. ) ;
#1481 = EDGE_LOOP ( 'NONE', ( #550, #3799 ) ) ;
#1482 = CARTESIAN_POINT ( 'NONE',  ( -29.25392844800001058, 10.00555276726700171, -18.51116435309221941 ) ) ;
#1483 = DIRECTION ( 'NONE',  ( 2.237515728249334980E-12, -6.358310602959382773E-05, 0.9999999979785942905 ) ) ;
#1484 = EDGE_LOOP ( 'NONE', ( #597, #1372 ) ) ;
#1485 = ORIENTED_EDGE ( 'NONE', *, *, #3613, .T. ) ;
#1486 = AXIS2_PLACEMENT_3D ( 'NONE', #2847, #702, #3656 ) ;
#1487 = CARTESIAN_POINT ( 'NONE',  ( 56.75388635400003068, 10.00550553754109551, -17.01114982570817347 ) ) ;
#1488 = CARTESIAN_POINT ( 'NONE',  ( -18.50785698299997506, 0.002216879439034813437, 25.98820028119530434 ) ) ;
#1489 = DIRECTION ( 'NONE',  ( 1.000000000000000000, 0.000000000000000000, -2.237099353233353148E-12 ) ) ;
#1490 = ORIENTED_EDGE ( 'NONE', *, *, #3120, .T. ) ;
#1491 = EDGE_LOOP ( 'NONE', ( #1835, #3351, #1257, #4215 ) ) ;
#1492 = CIRCLE ( 'NONE', #3597, 2.500000046250006047 ) ;
#1493 = LINE ( 'NONE', #401, #4603 ) ;
#1494 = DIRECTION ( 'NONE',  ( -2.238209617639335134E-12, 6.358310602959384129E-05, -0.9999999979785944015 ) ) ;
#1495 = DIRECTION ( 'NONE',  ( 2.235841141859335273E-12, -6.358310602959384129E-05, 0.9999999979785944015 ) ) ;
#1496 = ORIENTED_EDGE ( 'NONE', *, *, #2870, .T. ) ;
#1497 = AXIS2_PLACEMENT_3D ( 'NONE', #2406, #3890, #541 ) ;
#1498 = AXIS2_PLACEMENT_3D ( 'NONE', #679, #4011, #3962 ) ;
#1499 = EDGE_CURVE ( 'NONE', #2650, #2155, #3583, .T. ) ;
#1500 = DIRECTION ( 'NONE',  ( 2.237515728249336999E-12, -6.358310602959384129E-05, 0.9999999979785944015 ) ) ;
#1501 = FACE_OUTER_BOUND ( 'NONE', #55, .T. ) ;
#1502 = VECTOR ( 'NONE', #4322, 1000.000000000000114 ) ;
#1503 = EDGE_LOOP ( 'NONE', ( #1195, #1058 ) ) ;
#1504 = DIRECTION ( 'NONE',  ( 2.237515728249334980E-12, -6.358310602959382773E-05, 0.9999999979785942905 ) ) ;
#1505 = EDGE_CURVE ( 'NONE', #1059, #1451, #2887, .T. ) ;
#1506 = DIRECTION ( 'NONE',  ( 1.000000000000000000, 0.000000000000000000, -2.237099353233353148E-12 ) ) ;
#1507 = ORIENTED_EDGE ( 'NONE', *, *, #1060, .T. ) ;
#1508 = VERTEX_POINT ( 'NONE', #1731 ) ;
#1509 = DIRECTION ( 'NONE',  ( 2.237503821157390115E-12, -6.358310602959382773E-05, 0.9999999979785942905 ) ) ;
#1510 = CIRCLE ( 'NONE', #1433, 2.500000046250006047 ) ;
#1511 = CARTESIAN_POINT ( 'NONE',  ( -187.4996556579000071, 166.7033887878378664, 22.99879965440712581 ) ) ;
#1512 = ORIENTED_EDGE ( 'NONE', *, *, #1551, .T. ) ;
#1513 = VECTOR ( 'NONE', #1725, 999.9999999999998863 ) ;
#1514 = EDGE_LOOP ( 'NONE', ( #3139, #4737, #2054, #209 ) ) ;
#1515 = CARTESIAN_POINT ( 'NONE',  ( -79.99999991499997520, 20.00519096575414935, -18.51052854460622044 ) ) ;
#1516 = CIRCLE ( 'NONE', #4461, 2.500000046250006047 ) ;
#1517 = CARTESIAN_POINT ( 'NONE',  ( 184.9999812859999793, 186.7039313283997046, 24.50008399877123821 ) ) ;
#1518 = FACE_BOUND ( 'NONE', #3567, .T. ) ;
#1519 = CARTESIAN_POINT ( 'NONE',  ( 187.4999812859999793, 186.7062808593803709, -19.99991464851921918 ) ) ;
#1520 = ORIENTED_EDGE ( 'NONE', *, *, #3807, .F. ) ;
#1521 = EDGE_CURVE ( 'NONE', #1432, #289, #847, .T. ) ;
#1522 = ADVANCED_FACE ( 'NONE', ( #1410 ), #272, .F. ) ;
#1523 = CARTESIAN_POINT ( 'NONE',  ( -31.75392844899998934, 10.00498239437281534, -17.01116438638783279 ) ) ;
#1524 = CARTESIAN_POINT ( 'NONE',  ( -49.25392844699999273, 10.00286524938791999, 24.48883615128746882 ) ) ;
#1525 = ORIENTED_EDGE ( 'NONE', *, *, #1355, .F. ) ;
#1526 = EDGE_LOOP ( 'NONE', ( #2077, #769, #364, #4570 ) ) ;
#1527 = EDGE_CURVE ( 'NONE', #1951, #3414, #3027, .T. ) ;
#1528 = PRODUCT_DEFINITION ( 'UNKNOWN', '', #770, #2498 ) ;
#1529 = DIRECTION ( 'NONE',  ( 2.237535247840400108E-12, -6.358310602959382773E-05, 0.9999999979785942905 ) ) ;
#1530 = FACE_OUTER_BOUND ( 'NONE', #4507, .T. ) ;
#1531 = AXIS2_PLACEMENT_3D ( 'NONE', #1207, #3323, #4430 ) ;
#1532 = VERTEX_POINT ( 'NONE', #2150 ) ;
#1533 = EDGE_LOOP ( 'NONE', ( #3610, #4591 ) ) ;
#1534 = EDGE_CURVE ( 'NONE', #1976, #4769, #3633, .T. ) ;
#1535 = VECTOR ( 'NONE', #303, 999.9999999999998863 ) ;
#1536 = CARTESIAN_POINT ( 'NONE',  ( 18.50779142199998617, 20.00286587014796424, 24.48948462737526910 ) ) ;
#1537 = DIRECTION ( 'NONE',  ( -2.346656668279893839E-06, -0.9999999979758408264, -6.358310597842638343E-05 ) ) ;
#1538 = CARTESIAN_POINT ( 'NONE',  ( 61.75388635399997384, 10.00277051568956566, 25.98884879303750495 ) ) ;
#1539 = DIRECTION ( 'NONE',  ( 2.237503821157390115E-12, -6.358310602959382773E-05, 0.9999999979785942905 ) ) ;
#1540 = ORIENTED_EDGE ( 'NONE', *, *, #4694, .F. ) ;
#1541 = AXIS2_PLACEMENT_3D ( 'NONE', #687, #1083, #711 ) ;
#1542 = VERTEX_POINT ( 'NONE', #2653 ) ;
#1543 = CARTESIAN_POINT ( 'NONE',  ( -184.9994719174999886, 245.0020008662679913, 26.00377812868590155 ) ) ;
#1544 = DIRECTION ( 'NONE',  ( 1.000000000000000000, 1.811100377073350216E-16, -2.237523960855270711E-12 ) ) ;
#1545 = DIRECTION ( 'NONE',  ( 2.237515728249334980E-12, -6.358310602959382773E-05, 0.9999999979785942905 ) ) ;
#1546 = VERTEX_POINT ( 'NONE', #1894 ) ;
#1547 = VECTOR ( 'NONE', #979, 999.9999999999998863 ) ;
#1548 = DIRECTION ( 'NONE',  ( 2.237515728249334980E-12, -6.358310602959382773E-05, 0.9999999979785942905 ) ) ;
#1549 = EDGE_LOOP ( 'NONE', ( #2207, #1332 ) ) ;
#1550 = DIRECTION ( 'NONE',  ( -2.237511783459335038E-12, 6.358310602959382773E-05, -0.9999999979785942905 ) ) ;
#1551 = EDGE_CURVE ( 'NONE', #2070, #177, #1329, .T. ) ;
#1552 = DIRECTION ( 'NONE',  ( 1.000000000000000000, 0.000000000000000000, -2.237099353233347089E-12 ) ) ;
#1553 = EDGE_LOOP ( 'NONE', ( #3748, #1263 ) ) ;
#1554 = VECTOR ( 'NONE', #2605, 999.9999999999998863 ) ;
#1555 = CARTESIAN_POINT ( 'NONE',  ( 18.50779142199998617, 0.002961285271232960703, 22.98821296876585407 ) ) ;
#1556 = DIRECTION ( 'NONE',  ( 1.000000000000000000, 0.000000000000000000, -2.237099353233353148E-12 ) ) ;
#1557 = CARTESIAN_POINT ( 'NONE',  ( 71.75388635399998805, 10.00296126508316874, 22.98884879907908640 ) ) ;
#1558 = DATE_AND_TIME ( #3079, #4487 ) ;
#1559 = EDGE_CURVE ( 'NONE', #3338, #99, #2254, .T. ) ;
#1560 = VERTEX_POINT ( 'NONE', #1169 ) ;
#1561 = CARTESIAN_POINT ( 'NONE',  ( -56.75392844899998579, 10.00523181013205587, -20.01116437608679988 ) ) ;
#1562 = EDGE_CURVE ( 'NONE', #498, #4510, #4571, .T. ) ;
#1563 = CARTESIAN_POINT ( 'NONE',  ( -194.9994719174999886, 245.0020243332035363, 26.00377813097112778 ) ) ;
#1564 = DIRECTION ( 'NONE',  ( 2.235841141859335273E-12, -6.358310602959384129E-05, 0.9999999979785944015 ) ) ;
#1565 = EDGE_CURVE ( 'NONE', #4420, #743, #1099, .T. ) ;
#1566 = ORIENTED_EDGE ( 'NONE', *, *, #2010, .F. ) ;
#1567 = ORIENTED_EDGE ( 'NONE', *, *, #4658, .F. ) ;
#1568 = FACE_OUTER_BOUND ( 'NONE', #733, .T. ) ;
#1569 = ORIENTED_EDGE ( 'NONE', *, *, #2034, .T. ) ;
#1570 = ORIENTED_EDGE ( 'NONE', *, *, #811, .T. ) ;
#1571 = DIRECTION ( 'NONE',  ( 0.9999999815015170324, 0.0001923459529150375294, 1.222771583569494855E-08 ) ) ;
#1572 = CYLINDRICAL_SURFACE ( 'NONE', #2527, 2.500000046250013153 ) ;
#1573 = ORIENTED_EDGE ( 'NONE', *, *, #1057, .T. ) ;
#1574 = CYLINDRICAL_SURFACE ( 'NONE', #4168, 2.500000046250007824 ) ;
#1575 = LINE ( 'NONE', #484, #2366 ) ;
#1576 = CARTESIAN_POINT ( 'NONE',  ( 31.75388635400000581, 10.00569628683482826, -20.01114981966167861 ) ) ;
#1577 = DIRECTION ( 'NONE',  ( -2.237511783459335038E-12, 6.358310602959382773E-05, -0.9999999979785942905 ) ) ;
#1578 = CARTESIAN_POINT ( 'NONE',  ( 182.4999812859999793, 166.7060901513121394, -17.00118631623559651 ) ) ;
#1579 = ORIENTED_EDGE ( 'NONE', *, *, #1937, .T. ) ;
#1580 = CARTESIAN_POINT ( 'NONE',  ( 187.4999812859999793, 166.7035458788038795, 22.99881230955541511 ) ) ;
#1581 = EDGE_CURVE ( 'NONE', #2728, #3840, #1946, .T. ) ;
#1582 = EDGE_CURVE ( 'NONE', #4273, #4117, #704, .T. ) ;
#1583 = FACE_OUTER_BOUND ( 'NONE', #3099, .T. ) ;
#1584 = CARTESIAN_POINT ( 'NONE',  ( 174.9999812860000361, 196.7062808392418276, -19.99927881720722667 ) ) ;
#1585 = AXIS2_PLACEMENT_3D ( 'NONE', #402, #2642, #2541 ) ;
#1586 = ORIENTED_EDGE ( 'NONE', *, *, #1027, .F. ) ;
#1587 = ADVANCED_FACE ( 'NONE', ( #1530 ), #4100, .F. ) ;
#1588 = ADVANCED_FACE ( 'NONE', ( #1076 ), #3724, .F. ) ;
#1589 = CIRCLE ( 'NONE', #3448, 2.500000046250006047 ) ;
#1590 = AXIS2_PLACEMENT_3D ( 'NONE', #3853, #2012, #2422 ) ;
#1591 = VERTEX_POINT ( 'NONE', #4490 ) ;
#1592 = ORIENTED_EDGE ( 'NONE', *, *, #2764, .F. ) ;
#1593 = FACE_OUTER_BOUND ( 'NONE', #1992, .T. ) ;
#1594 = CARTESIAN_POINT ( 'NONE',  ( 69.25388635399998805, 10.00228965087054966, 25.98884876243606712 ) ) ;
#1595 = ORIENTED_EDGE ( 'NONE', *, *, #4246, .T. ) ;
#1596 = ORIENTED_EDGE ( 'NONE', *, *, #4735, .T. ) ;
#1597 = DIRECTION ( 'NONE',  ( 2.237503821157390115E-12, -6.358310602959382773E-05, 0.9999999979785942905 ) ) ;
#1598 = CARTESIAN_POINT ( 'NONE',  ( -174.9995852583000158, 196.7033593942646519, 23.00070714571153374 ) ) ;
#1599 = DIRECTION ( 'NONE',  ( 1.000000000000000000, 0.000000000000000000, -2.237099353233353148E-12 ) ) ;
#1600 = CARTESIAN_POINT ( 'NONE',  ( 187.4999812859999793, 216.7033550276197786, 26.00199145812592860 ) ) ;
#1601 = LINE ( 'NONE', #821, #1313 ) ;
#1602 = EDGE_LOOP ( 'NONE', ( #14, #2105 ) ) ;
#1603 = DIRECTION ( 'NONE',  ( -2.237511783459335038E-12, 6.358310602959382773E-05, -0.9999999979785942905 ) ) ;
#1604 = VECTOR ( 'NONE', #3672, 999.9999999999998863 ) ;
#1605 = DIRECTION ( 'NONE',  ( -2.237511783459335038E-12, 6.358310602959382773E-05, -0.9999999979785942905 ) ) ;
#1606 = FACE_OUTER_BOUND ( 'NONE', #3862, .T. ) ;
#1607 = VECTOR ( 'NONE', #1005, 1000.000000000000000 ) ;
#1609 = EDGE_CURVE ( 'NONE', #1014, #1896, #2715, .T. ) ;
#1608 = VERTEX_POINT ( 'NONE', #2280 ) ;
#1610 = VERTEX_POINT ( 'NONE', #1870 ) ;
#1611 = FACE_OUTER_BOUND ( 'NONE', #2018, .T. ) ;
#1612 = EDGE_LOOP ( 'NONE', ( #302, #546 ) ) ;
#1613 = AXIS2_PLACEMENT_3D ( 'NONE', #3873, #2442, #549 ) ;
#1614 = VERTEX_POINT ( 'NONE', #3306 ) ;
#1615 = ADVANCED_FACE ( 'NONE', ( #1917 ), #3398, .F. ) ;
#1616 = CIRCLE ( 'NONE', #2477, 2.500000046250006047 ) ;
#1617 = DIRECTION ( 'NONE',  ( -0.9999999815015170324, -0.0001923459528262196874, -1.222771583569494855E-08 ) ) ;
#1618 = ORIENTED_EDGE ( 'NONE', *, *, #1527, .F. ) ;
#1619 = FACE_OUTER_BOUND ( 'NONE', #1781, .T. ) ;
#1620 = DIRECTION ( 'NONE',  ( 2.235841141859335273E-12, -6.358310602959384129E-05, 0.9999999979785944015 ) ) ;
#1621 = CARTESIAN_POINT ( 'NONE',  ( -184.9995617927999945, 206.7054456775013875, -16.99865755909138443 ) ) ;
#1622 = CARTESIAN_POINT ( 'NONE',  ( -184.9995852593999928, 196.7056364470334699, -19.99929338436184878 ) ) ;
#1623 = EDGE_LOOP ( 'NONE', ( #2311, #296, #1854, #4251 ) ) ;
#1624 = CIRCLE ( 'NONE', #4730, 2.500000046250006047 ) ;
#1625 = DIRECTION ( 'NONE',  ( 1.000000000000000000, 0.000000000000000000, -2.237099353233347089E-12 ) ) ;
#1626 = VECTOR ( 'NONE', #835, 999.9999999999998863 ) ;
#1627 = AXIS2_PLACEMENT_3D ( 'NONE', #2212, #1826, #1847 ) ;
#1628 = CARTESIAN_POINT ( 'NONE',  ( -36.75392844899999290, 10.00245042590828426, 22.98883612108507180 ) ) ;
#1629 = CARTESIAN_POINT ( 'NONE',  ( -182.4996087247999981, 186.7060160908723390, -18.49992918842971434 ) ) ;
#1630 = ORIENTED_EDGE ( 'NONE', *, *, #2162, .T. ) ;
#1631 = ORIENTED_EDGE ( 'NONE', *, *, #701, .F. ) ;
#1632 = EDGE_LOOP ( 'NONE', ( #2966, #119, #1485, #735 ) ) ;
#1633 = DIRECTION ( 'NONE',  ( -2.237511783459335038E-12, 6.358310602959382773E-05, -0.9999999979785942905 ) ) ;
#1634 = ORIENTED_EDGE ( 'NONE', *, *, #2192, .F. ) ;
#1635 = CIRCLE ( 'NONE', #4192, 153.2525527960000034 ) ;
#1636 = EDGE_CURVE ( 'NONE', #4275, #3935, #2491, .T. ) ;
#1637 = EDGE_CURVE ( 'NONE', #3164, #3618, #1017, .T. ) ;
#1638 = CARTESIAN_POINT ( 'NONE',  ( 184.9999812859999793, 216.7039312679346210, 24.50199149170850887 ) ) ;
#1639 = DIRECTION ( 'NONE',  ( 1.000000000000000000, 0.000000000000000000, -2.237099353233353148E-12 ) ) ;
#1640 = ORIENTED_EDGE ( 'NONE', *, *, #2215, .T. ) ;
#1641 = ORIENTED_EDGE ( 'NONE', *, *, #31, .F. ) ;
#1642 = AXIS2_PLACEMENT_3D ( 'NONE', #147, #4290, #3911 ) ;
#1643 = ADVANCED_FACE ( 'NONE', ( #4078 ), #3331, .F. ) ;
#1644 = LINE ( 'NONE', #3174, #909 ) ;
#1645 = CARTESIAN_POINT ( 'NONE',  ( 187.4999812859999793, 226.7060900293831196, -16.99737133031151259 ) ) ;
#1646 = PERSON ( 'UNSPECIFIED', 'UNSPECIFIED', 'UNSPECIFIED', ('UNSPECIFIED'), ('UNSPECIFIED'), ('UNSPECIFIED') ) ;
#1647 = DIRECTION ( 'NONE',  ( 0.000000000000000000, 6.358310597861374712E-05, -0.9999999979785942905 ) ) ;
#1648 = CARTESIAN_POINT ( 'NONE',  ( 46.75388635400001647, 10.00286589038636897, 24.48884879605830989 ) ) ;
#1649 = PERSON_AND_ORGANIZATION ( #1646, #1701 ) ;
#1650 = EDGE_LOOP ( 'NONE', ( #1411, #45 ) ) ;
#1651 = ORIENTED_EDGE ( 'NONE', *, *, #2688, .T. ) ;
#1652 = DIRECTION ( 'NONE',  ( -2.235841141859335273E-12, 6.358310602959384129E-05, -0.9999999979785944015 ) ) ;
#1653 = CARTESIAN_POINT ( 'NONE',  ( -184.9995383261999962, 216.7027112063117897, 26.00197877199511609 ) ) ;
#1654 = CARTESIAN_POINT ( 'NONE',  ( 49.25388635400002357, 10.00617715175372169, -20.01114978906520747 ) ) ;
#1655 = EDGE_LOOP ( 'NONE', ( #1966, #3640 ) ) ;
#1656 = ORIENTED_EDGE ( 'NONE', *, *, #1360, .F. ) ;
#1657 = ORIENTED_EDGE ( 'NONE', *, *, #3525, .F. ) ;
#1658 = AXIS2_PLACEMENT_3D ( 'NONE', #4114, #3779, #4566 ) ;
#1659 = CARTESIAN_POINT ( 'NONE',  ( -59.25392844700000694, 10.00552779227895783, -17.01116435120528081 ) ) ;
#1660 = CARTESIAN_POINT ( 'NONE',  ( -41.74714580399999164, 148.4040471920731363, 25.99763613119462846 ) ) ;
#1661 = DIRECTION ( 'NONE',  ( -2.235841141859335273E-12, 6.358310602959384129E-05, -0.9999999979785944015 ) ) ;
#1662 = FACE_OUTER_BOUND ( 'NONE', #3453, .T. ) ;
#1663 = VERTEX_POINT ( 'NONE', #4440 ) ;
#1664 = AXIS2_PLACEMENT_3D ( 'NONE', #1667, #102, #141 ) ;
#1665 = CIRCLE ( 'NONE', #4376, 2.500000046249998942 ) ;
#1666 = AXIS2_PLACEMENT_3D ( 'NONE', #3341, #1419, #4742 ) ;
#1667 = CARTESIAN_POINT ( 'NONE',  ( -184.9996321924999734, 176.7054457379169037, -17.00056505302744014 ) ) ;
#1668 = AXIS2_PLACEMENT_3D ( 'NONE', #2917, #1784, #3264 ) ;
#1669 = DIRECTION ( 'NONE',  ( -2.237511783459335038E-12, 6.358310602959382773E-05, -0.9999999979785942905 ) ) ;
#1670 = ORIENTED_EDGE ( 'NONE', *, *, #3092, .F. ) ;
#1671 = EDGE_CURVE ( 'NONE', #964, #377, #3425, .T. ) ;
#1672 = AXIS2_PLACEMENT_3D ( 'NONE', #2632, #3795, #1556 ) ;
#1673 = DIRECTION ( 'NONE',  ( 2.237515728249334980E-12, -6.358310602959382773E-05, 0.9999999979785942905 ) ) ;
#1674 = FACE_BOUND ( 'NONE', #3036, .T. ) ;
#1675 = DIRECTION ( 'NONE',  ( -2.237511783459335038E-12, 6.358310602959382773E-05, -0.9999999979785942905 ) ) ;
#1676 = CARTESIAN_POINT ( 'NONE',  ( -194.9994719174999886, 245.0048541584024235, -18.49622236675663345 ) ) ;
#1677 = CARTESIAN_POINT ( 'NONE',  ( -182.4995852581999713, 196.7059206955376283, -16.99929336011368619 ) ) ;
#1678 = ORIENTED_EDGE ( 'NONE', *, *, #1582, .F. ) ;
#1679 = APPROVAL ( #487, 'UNSPECIFIED' ) ;
#1680 = EDGE_CURVE ( 'NONE', #99, #3338, #4427, .T. ) ;
#1681 = DIRECTION ( 'NONE',  ( -0.9999999815015170324, -0.0001923459528262196874, -1.222771583569494855E-08 ) ) ;
#1682 = CARTESIAN_POINT ( 'NONE',  ( -207.7000187138440879, 48.40454651559850419, 25.99129049861620544 ) ) ;
#1683 = CARTESIAN_POINT ( 'NONE',  ( 184.9999812859999793, 186.7029695981624400, 24.50008393759805969 ) ) ;
#1684 = DIRECTION ( 'NONE',  ( 2.237515728249334980E-12, -6.358310602959382773E-05, 0.9999999979785942905 ) ) ;
#1685 = ORIENTED_EDGE ( 'NONE', *, *, #2472, .F. ) ;
#1686 = VECTOR ( 'NONE', #4409, 999.9999999999998863 ) ;
#1687 = VERTEX_POINT ( 'NONE', #3523 ) ;
#1688 = ORIENTED_EDGE ( 'NONE', *, *, #2534, .T. ) ;
#1689 = DIRECTION ( 'NONE',  ( 2.237515728249334980E-12, -6.358310602959382773E-05, 0.9999999979785942905 ) ) ;
#1690 = VECTOR ( 'NONE', #2037, 999.9999999999998863 ) ;
#1691 = CARTESIAN_POINT ( 'NONE',  ( 41.74742849099999376, 148.4046416881322159, 24.49764881179197928 ) ) ;
#1692 = CARTESIAN_POINT ( 'NONE',  ( -18.50783351599999449, 10.00221685930051052, 25.98883611250729686 ) ) ;
#1693 = DIRECTION ( 'NONE',  ( -2.237511783459335038E-12, 6.358310602959382773E-05, -0.9999999979785942905 ) ) ;
#1694 = DIRECTION ( 'NONE',  ( -2.238209617639335134E-12, 6.358310602959384129E-05, -0.9999999979785944015 ) ) ;
#1695 = ORIENTED_EDGE ( 'NONE', *, *, #3145, .F. ) ;
#1696 = VECTOR ( 'NONE', #1265, 999.9999999999998863 ) ;
#1697 = CARTESIAN_POINT ( 'NONE',  ( 59.25388635399997384, 10.00344212990217763, 22.98884882968052423 ) ) ;
#1698 = AXIS2_PLACEMENT_3D ( 'NONE', #2926, #1421, #691 ) ;
#1699 = DIRECTION ( 'NONE',  ( 2.235841141859335273E-12, -6.358310602959384129E-05, 0.9999999979785944015 ) ) ;
#1700 = VERTEX_POINT ( 'NONE', #1965 ) ;
#1701 = ORGANIZATION ( 'UNSPECIFIED', 'UNSPECIFIED', '' ) ;
#1702 = EDGE_CURVE ( 'NONE', #3541, #1591, #856, .T. ) ;
#1703 = CARTESIAN_POINT ( 'NONE',  ( 184.9999812859999793, 245.0048988454074959, -16.99620783457012152 ) ) ;
#1704 = CARTESIAN_POINT ( 'NONE',  ( 61.75388635399997384, 10.00560091223789883, -18.51114982268739340 ) ) ;
#1705 = DIRECTION ( 'NONE',  ( 2.237515728249334980E-12, -6.358310602959382773E-05, 0.9999999979785942905 ) ) ;
#1706 = ORIENTED_EDGE ( 'NONE', *, *, #3811, .F. ) ;
#1707 = LINE ( 'NONE', #275, #194 ) ;
#1708 = EDGE_CURVE ( 'NONE', #96, #495, #4122, .T. ) ;
#1709 = EDGE_CURVE ( 'NONE', #3618, #3164, #4740, .T. ) ;
#1710 = CARTESIAN_POINT ( 'NONE',  ( -184.9995617904999961, 206.7064074067399133, -16.99865749786872016 ) ) ;
#1711 = FACE_OUTER_BOUND ( 'NONE', #2242, .T. ) ;
#1712 = CARTESIAN_POINT ( 'NONE',  ( 79.99998128699998290, 20.00569626669630452, -20.01051398834966122 ) ) ;
#1713 = VECTOR ( 'NONE', #494, 999.9999999999998863 ) ;
#1714 = CARTESIAN_POINT ( 'NONE',  ( 187.4999812859999793, 196.7060900898482316, -16.99927882324877970 ) ) ;
#1715 = ORIENTED_EDGE ( 'NONE', *, *, #552, .T. ) ;
#1716 = ORIENTED_EDGE ( 'NONE', *, *, #658, .F. ) ;
#1717 = ORIENTED_EDGE ( 'NONE', *, *, #3586, .T. ) ;
#1718 = LINE ( 'NONE', #2492, #4235 ) ;
#1719 = ADVANCED_FACE ( 'NONE', ( #1213 ), #1241, .F. ) ;
#1720 = DIRECTION ( 'NONE',  ( -2.238209617639335134E-12, 6.358310602959384129E-05, -0.9999999979785944015 ) ) ;
#1721 = ORIENTED_EDGE ( 'NONE', *, *, #1115, .T. ) ;
#1722 = ORIENTED_EDGE ( 'NONE', *, *, #1702, .F. ) ;
#1723 = VECTOR ( 'NONE', #1365, 999.9999999999998863 ) ;
#1724 = DIRECTION ( 'NONE',  ( -2.235841141859335273E-12, 6.358310602959384129E-05, -0.9999999979785944015 ) ) ;
#1725 = DIRECTION ( 'NONE',  ( -2.235841141859335273E-12, 6.358310602959384129E-05, -0.9999999979785944015 ) ) ;
#1726 = DIRECTION ( 'NONE',  ( 1.000000000000000000, 0.000000000000000000, -2.237099353233347089E-12 ) ) ;
#1727 = EDGE_LOOP ( 'NONE', ( #3179, #1586, #3229, #2804 ) ) ;
#1728 = CIRCLE ( 'NONE', #2267, 2.500000046249998942 ) ;
#1729 = ADVANCED_FACE ( 'NONE', ( #4509 ), #3854, .F. ) ;
#1730 = DIRECTION ( 'NONE',  ( -2.237519517151660336E-12, 6.358310602959382773E-05, -0.9999999979785942905 ) ) ;
#1731 = CARTESIAN_POINT ( 'NONE',  ( 41.75388635400001647, 10.00277051568956566, 25.98884879303750495 ) ) ;
#1732 = EDGE_LOOP ( 'NONE', ( #621, #2445, #2370, #4276 ) ) ;
#1733 = DIRECTION ( 'NONE',  ( 1.000000000000000000, 0.000000000000000000, -2.237099353233347089E-12 ) ) ;
#1734 = AXIS2_PLACEMENT_3D ( 'NONE', #34, #2337, #3369 ) ;
#1735 = AXIS2_PLACEMENT_3D ( 'NONE', #174, #2430, #3555 ) ;
#1736 = EDGE_CURVE ( 'NONE', #2914, #2587, #863, .T. ) ;
#1737 = DIRECTION ( 'NONE',  ( -0.9999999815015170324, -0.0001923459528262196874, -1.222771583569494855E-08 ) ) ;
#1738 = DIRECTION ( 'NONE',  ( 1.000000000000000000, 0.000000000000000000, -2.237099353233347089E-12 ) ) ;
#1739 = ORIENTED_EDGE ( 'NONE', *, *, #1174, .T. ) ;
#1740 = EDGE_LOOP ( 'NONE', ( #2906, #3951, #129, #2235, #2331, #3248, #2469, #2282 ) ) ;
#1741 = EDGE_LOOP ( 'NONE', ( #2293, #62, #2537, #2128 ) ) ;
#1742 = EDGE_CURVE ( 'NONE', #4079, #3307, #3814, .T. ) ;
#1743 = LINE ( 'NONE', #239, #107 ) ;
#1744 = CARTESIAN_POINT ( 'NONE',  ( -18.50785698299997506, 0.005142079834125068416, -20.01180021353643568 ) ) ;
#1745 = ORIENTED_EDGE ( 'NONE', *, *, #4027, .T. ) ;
#1746 = EDGE_CURVE ( 'NONE', #4018, #2083, #504, .T. ) ;
#1747 = AXIS2_PLACEMENT_3D ( 'NONE', #2682, #2355, #2333 ) ;
#1748 = CARTESIAN_POINT ( 'NONE',  ( 66.75388635399997384, 10.00569628683482826, -20.01114981966167861 ) ) ;
#1749 = DIRECTION ( 'NONE',  ( 1.000000000000000000, 0.000000000000000000, -2.237099353233353148E-12 ) ) ;
#1750 = EDGE_LOOP ( 'NONE', ( #2168, #2315 ) ) ;
#1751 = CYLINDRICAL_SURFACE ( 'NONE', #4034, 2.500000046249999386 ) ;
#1752 = FACE_BOUND ( 'NONE', #525, .T. ) ;
#1753 = CARTESIAN_POINT ( 'NONE',  ( -66.75392844900000000, 10.00525527661853786, -20.01116437478050969 ) ) ;
#1754 = CARTESIAN_POINT ( 'NONE',  ( 184.9999812859999793, 196.7028742038265250, 26.00071976586457012 ) ) ;
#1755 = EDGE_LOOP ( 'NONE', ( #3442, #1774 ) ) ;
#1756 = CARTESIAN_POINT ( 'NONE',  ( -174.9996985989999985, 148.4070943413120460, -17.00236434983148825 ) ) ;
#1757 = DIRECTION ( 'NONE',  ( -0.9999999810473936268, 0.0001946926096252626502, 1.238139845503558336E-08 ) ) ;
#1758 = DIRECTION ( 'NONE',  ( 0.9999999810473936268, -0.0001946926094517903026, -1.238139845503558336E-08 ) ) ;
#1759 = ORIENTED_EDGE ( 'NONE', *, *, #1167, .F. ) ;
#1760 = EDGE_LOOP ( 'NONE', ( #857, #68, #4182, #4419 ) ) ;
#1761 = EDGE_LOOP ( 'NONE', ( #4578, #4557, #2637, #4615 ) ) ;
#1762 = DIRECTION ( 'NONE',  ( -0.9999999999972466469, 2.346656663400992957E-06, 1.514431902327653308E-10 ) ) ;
#1763 = ADVANCED_FACE ( 'NONE', ( #885 ), #2369, .F. ) ;
#1764 = FACE_BOUND ( 'NONE', #1484, .T. ) ;
#1765 = AXIS2_PLACEMENT_3D ( 'NONE', #4672, #1356, #3958 ) ;
#1766 = VERTEX_POINT ( 'NONE', #3789 ) ;
#1767 = EDGE_LOOP ( 'NONE', ( #1262, #287 ) ) ;
#1768 = VECTOR ( 'NONE', #3990, 999.9999999999998863 ) ;
#1769 = CARTESIAN_POINT ( 'NONE',  ( -187.4995383250999907, 216.7061231380971833, -19.99802169080489023 ) ) ;
#1770 = DIRECTION ( 'NONE',  ( -2.237511783459335038E-12, 6.358310602959382773E-05, -0.9999999979785942905 ) ) ;
#1771 = EDGE_CURVE ( 'NONE', #2157, #1326, #1107, .T. ) ;
#1772 = LINE ( 'NONE', #4726, #1866 ) ;
#1773 = AXIS2_PLACEMENT_3D ( 'NONE', #1444, #1762, #3291 ) ;
#1774 = ORIENTED_EDGE ( 'NONE', *, *, #4457, .F. ) ;
#1775 = ORIENTED_EDGE ( 'NONE', *, *, #757, .F. ) ;
#1776 = AXIS2_PLACEMENT_3D ( 'NONE', #213, #3977, #240 ) ;
#1777 = FACE_OUTER_BOUND ( 'NONE', #3337, .T. ) ;
#1778 = FACE_BOUND ( 'NONE', #576, .T. ) ;
#1779 = EDGE_CURVE ( 'NONE', #377, #964, #3111, .T. ) ;
#1780 = PLANE ( 'NONE',  #1181 ) ;
#1781 = EDGE_LOOP ( 'NONE', ( #3743, #1095, #787, #220 ) ) ;
#1782 = CIRCLE ( 'NONE', #457, 2.500000046250006047 ) ;
#1783 = CYLINDRICAL_SURFACE ( 'NONE', #2624, 2.500000046250007824 ) ;
#1784 = DIRECTION ( 'NONE',  ( -2.237525217886469813E-12, 6.358310602959382773E-05, -0.9999999979785942905 ) ) ;
#1785 = DIRECTION ( 'NONE',  ( -2.237511783459335038E-12, 6.358310602959382773E-05, -0.9999999979785942905 ) ) ;
#1786 = VERTEX_POINT ( 'NONE', #4009 ) ;
#1787 = ORIENTED_EDGE ( 'NONE', *, *, #3944, .T. ) ;
#1788 = ORIENTED_EDGE ( 'NONE', *, *, #696, .F. ) ;
#1789 = VECTOR ( 'NONE', #4072, 999.9999999999998863 ) ;
#1790 = DIRECTION ( 'NONE',  ( 2.235841141859335273E-12, -6.358310602959384129E-05, 0.9999999979785944015 ) ) ;
#1791 = CYLINDRICAL_SURFACE ( 'NONE', #4558, 2.500000046250013153 ) ;
#1792 = EDGE_LOOP ( 'NONE', ( #2532, #473 ) ) ;
#1793 = ORIENTED_EDGE ( 'NONE', *, *, #2215, .F. ) ;
#1794 = AXIS2_PLACEMENT_3D ( 'NONE', #1340, #3233, #1390 ) ;
#1795 = DIRECTION ( 'NONE',  ( -0.9999999999972466469, 2.346656663400992957E-06, 1.514431902327653308E-10 ) ) ;
#1796 = DIRECTION ( 'NONE',  ( 1.000000000000000000, 0.000000000000000000, -2.237099353233347089E-12 ) ) ;
#1797 = EDGE_CURVE ( 'NONE', #177, #2070, #1728, .T. ) ;
#1798 = DIRECTION ( 'NONE',  ( -0.9999999810473936268, 0.0001946926095295059144, 1.238139845503558336E-08 ) ) ;
#1799 = FACE_BOUND ( 'NONE', #2845, .T. ) ;
#1800 = ORIENTED_EDGE ( 'NONE', *, *, #4144, .F. ) ;
#1801 = EDGE_CURVE ( 'NONE', #4505, #2699, #1359, .T. ) ;
#1802 = EDGE_CURVE ( 'NONE', #2935, #3355, #710, .T. ) ;
#1803 = CARTESIAN_POINT ( 'NONE',  ( 184.9999812859999793, 206.7067616842219877, -19.99864295530865022 ) ) ;
#1804 = FACE_OUTER_BOUND ( 'NONE', #4517, .T. ) ;
#1805 = ORIENTED_EDGE ( 'NONE', *, *, #1499, .T. ) ;
#1806 = EDGE_CURVE ( 'NONE', #3087, #794, #1492, .T. ) ;
#1807 = EDGE_CURVE ( 'NONE', #1766, #3023, #1635, .T. ) ;
#1808 = CARTESIAN_POINT ( 'NONE',  ( 184.9999812859999793, 186.7067617244989890, -19.99991461793265657 ) ) ;
#1809 = DIRECTION ( 'NONE',  ( 1.000000000000000000, 0.000000000000000000, -2.237099353233347089E-12 ) ) ;
#1810 = DIRECTION ( 'NONE',  ( 2.237515728249336999E-12, -6.358310602959384129E-05, 0.9999999979785944015 ) ) ;
#1811 = VERTEX_POINT ( 'NONE', #1311 ) ;
#1812 = VERTEX_POINT ( 'NONE', #4727 ) ;
#1813 = CIRCLE ( 'NONE', #1642, 2.500000046250006047 ) ;
#1814 = AXIS2_PLACEMENT_3D ( 'NONE', #567, #253, #593 ) ;
#1815 = CARTESIAN_POINT ( 'NONE',  ( 29.25388635400000226, 10.00325138060844488, 25.98884882363400450 ) ) ;
#1816 = FACE_BOUND ( 'NONE', #135, .T. ) ;
#1817 = AXIS2_PLACEMENT_3D ( 'NONE', #1517, #3754, #2291 ) ;
#1818 = DIRECTION ( 'NONE',  ( 2.235841141859335273E-12, -6.358310602959384129E-05, 0.9999999979785944015 ) ) ;
#1819 = VERTEX_POINT ( 'NONE', #2450 ) ;
#1820 = DIRECTION ( 'NONE',  ( 0.000000000000000000, 6.358310602959384129E-05, -0.9999999979785944015 ) ) ;
#1821 = DIRECTION ( 'NONE',  ( 1.000000000000000000, 0.000000000000000000, -2.237099353233347089E-12 ) ) ;
#1822 = CARTESIAN_POINT ( 'NONE',  ( 79.99998128699998290, 20.00286587014796424, 24.48948462737526910 ) ) ;
#1823 = ORIENTED_EDGE ( 'NONE', *, *, #2236, .T. ) ;
#1824 = DIRECTION ( 'NONE',  ( -0.9999999810473936268, 0.0001946926096079159576, 1.238139845503561810E-08 ) ) ;
#1825 = EDGE_CURVE ( 'NONE', #2978, #3135, #2339, .T. ) ;
#1826 = DIRECTION ( 'NONE',  ( -2.237511783459335038E-12, 6.358310602959382773E-05, -0.9999999979785942905 ) ) ;
#1827 = APPROVAL ( #3913, 'UNSPECIFIED' ) ;
#1828 = ORIENTED_EDGE ( 'NONE', *, *, #2371, .F. ) ;
#1829 = VECTOR ( 'NONE', #3254, 999.9999999999998863 ) ;
#1830 = DIRECTION ( 'NONE',  ( 0.9999999810473936268, -0.0001946926094628925329, -1.238139845503558336E-08 ) ) ;
#1831 = AXIS2_PLACEMENT_3D ( 'NONE', #1638, #3117, #1617 ) ;
#1832 = CARTESIAN_POINT ( 'NONE',  ( -182.4995148584999924, 226.7061113844661406, -19.99738586113489092 ) ) ;
#1833 = ADVANCED_FACE ( 'NONE', ( #3982 ), #4701, .F. ) ;
#1834 = ORIENTED_EDGE ( 'NONE', *, *, #3738, .F. ) ;
#1835 = ORIENTED_EDGE ( 'NONE', *, *, #3462, .T. ) ;
#1836 = DIRECTION ( 'NONE',  ( 0.000000000000000000, -0.9999999979785944015, -6.358310602959384129E-05 ) ) ;
#1837 = FACE_OUTER_BOUND ( 'NONE', #268, .T. ) ;
#1838 = FACE_BOUND ( 'NONE', #2769, .T. ) ;
#1839 = LINE ( 'NONE', #3271, #2676 ) ;
#1840 = DIRECTION ( 'NONE',  ( 1.000000000000000000, 0.000000000000000000, -2.237099353233347089E-12 ) ) ;
#1841 = VERTEX_POINT ( 'NONE', #4621 ) ;
#1842 = CARTESIAN_POINT ( 'NONE',  ( 187.4999812859999793, 226.7061854045792870, -18.49737132731549138 ) ) ;
#1843 = DIRECTION ( 'NONE',  ( -2.237495935755279982E-12, 6.358310602959382773E-05, -0.9999999979785942905 ) ) ;
#1844 = ORIENTED_EDGE ( 'NONE', *, *, #552, .F. ) ;
#1845 = ORIENTED_EDGE ( 'NONE', *, *, #555, .F. ) ;
#1846 = CARTESIAN_POINT ( 'NONE',  ( 18.50779142199998617, 0.005505557779499070659, -17.01178565702512913 ) ) ;
#1847 = DIRECTION ( 'NONE',  ( 1.000000000000000000, 0.000000000000000000, -2.237099353233353148E-12 ) ) ;
#1848 = EDGE_LOOP ( 'NONE', ( #4101, #4080, #3591, #83 ) ) ;
#1849 = EDGE_LOOP ( 'NONE', ( #3009, #921 ) ) ;
#1850 = AXIS2_PLACEMENT_3D ( 'NONE', #2763, #4236, #2397 ) ;
#1851 = CYLINDRICAL_SURFACE ( 'NONE', #2776, 2.500000046250000718 ) ;
#1852 = DIRECTION ( 'NONE',  ( -2.237511783459335038E-12, 6.358310602959382773E-05, -0.9999999979785942905 ) ) ;
#1853 = ORIENTED_EDGE ( 'NONE', *, *, #2236, .F. ) ;
#1854 = ORIENTED_EDGE ( 'NONE', *, *, #1446, .T. ) ;
#1855 = EDGE_CURVE ( 'NONE', #19, #1986, #4052, .T. ) ;
#1856 = CIRCLE ( 'NONE', #2869, 2.500000046249998942 ) ;
#1857 = EDGE_CURVE ( 'NONE', #3541, #1073, #218, .T. ) ;
#1858 = DIRECTION ( 'NONE',  ( 2.237515728249334980E-12, -6.358310602959382773E-05, 0.9999999979785942905 ) ) ;
#1859 = DIRECTION ( 'NONE',  ( 2.237505790068460240E-12, -6.358310602959382773E-05, 0.9999999979785942905 ) ) ;
#1860 = CARTESIAN_POINT ( 'NONE',  ( 182.4999812859999793, 186.7035458384772824, 23.00008397118063996 ) ) ;
#1861 = CARTESIAN_POINT ( 'NONE',  ( -187.4995617916999890, 206.7031979578406435, 26.00134297261483241 ) ) ;
#1862 = EDGE_LOOP ( 'NONE', ( #238, #780, #4638, #1177 ) ) ;
#1863 = EDGE_CURVE ( 'NONE', #743, #4420, #3191, .T. ) ;
#1864 = CARTESIAN_POINT ( 'NONE',  ( 182.4999812859999793, 206.7035457972014285, 23.00135563385419246 ) ) ;
#1865 = DIRECTION ( 'NONE',  ( 2.235841141859335273E-12, -6.358310602959384129E-05, 0.9999999979785944015 ) ) ;
#1866 = VECTOR ( 'NONE', #1404, 999.9999999999998863 ) ;
#1867 = ORIENTED_EDGE ( 'NONE', *, *, #462, .T. ) ;
#1868 = VERTEX_POINT ( 'NONE', #1046 ) ;
#1869 = DIRECTION ( 'NONE',  ( 0.9999999999972466469, -2.346656663291951017E-06, -1.514454323900556519E-10 ) ) ;
#1870 = CARTESIAN_POINT ( 'NONE',  ( -187.4995383250999907, 216.7031979376525896, 26.00197880292809316 ) ) ;
#1871 = ORIENTED_EDGE ( 'NONE', *, *, #3422, .T. ) ;
#1872 = ORIENTED_EDGE ( 'NONE', *, *, #2534, .F. ) ;
#1873 = VECTOR ( 'NONE', #3261, 1000.000000000000000 ) ;
#1874 = PLANE ( 'NONE',  #1154 ) ;
#1875 = FACE_OUTER_BOUND ( 'NONE', #1248, .T. ) ;
#1876 = PERSON_AND_ORGANIZATION ( #1646, #1701 ) ;
#1877 = ORIENTED_EDGE ( 'NONE', *, *, #353, .T. ) ;
#1878 = ORIENTED_EDGE ( 'NONE', *, *, #4608, .T. ) ;
#1879 = PLANE ( 'NONE',  #2927 ) ;
#1880 = CARTESIAN_POINT ( 'NONE',  ( -184.9995617904999961, 206.7036729557383978, 26.00134300290454803 ) ) ;
#1881 = FACE_OUTER_BOUND ( 'NONE', #1227, .T. ) ;
#1882 = DIRECTION ( 'NONE',  ( 2.235841141859335273E-12, -6.358310602959384129E-05, 0.9999999979785944015 ) ) ;
#1884 = EDGE_CURVE ( 'NONE', #3482, #1228, #2166, .T. ) ;
#1883 = ORIENTED_EDGE ( 'NONE', *, *, #813, .T. ) ;
#1885 = EDGE_CURVE ( 'NONE', #4656, #4396, #3143, .T. ) ;
#1886 = AXIS2_PLACEMENT_3D ( 'NONE', #294, #4674, #1749 ) ;
#1887 = EDGE_CURVE ( 'NONE', #2083, #1228, #1189, .T. ) ;
#1888 = LINE ( 'NONE', #1842, #2325 ) ;
#1889 = DIRECTION ( 'NONE',  ( 1.000000000000000000, 0.000000000000000000, -2.237099353233353148E-12 ) ) ;
#1890 = ORIENTED_EDGE ( 'NONE', *, *, #2690, .T. ) ;
#1891 = EDGE_CURVE ( 'NONE', #2078, #4783, #3360, .T. ) ;
#1892 = ORIENTED_EDGE ( 'NONE', *, *, #2221, .F. ) ;
#1893 = CARTESIAN_POINT ( 'NONE',  ( 184.9999812859999793, 216.7030649128935238, 23.00199143353134801 ) ) ;
#1894 = CARTESIAN_POINT ( 'NONE',  ( 187.4999812859999793, 176.7033551092222012, 25.99944813382712283 ) ) ;
#1895 = ORIENTED_EDGE ( 'NONE', *, *, #4032, .T. ) ;
#1896 = VERTEX_POINT ( 'NONE', #3198 ) ;
#1897 = DIRECTION ( 'NONE',  ( -0.9999999810473936268, 0.0001946926096051404000, 1.238139845503561810E-08 ) ) ;
#1898 = FACE_OUTER_BOUND ( 'NONE', #90, .T. ) ;
#1899 = CARTESIAN_POINT ( 'NONE',  ( 41.74742849099999376, 148.4045463135353202, 25.99764880876626094 ) ) ;
#1900 = CYLINDRICAL_SURFACE ( 'NONE', #532, 2.500000046249999386 ) ;
#1901 = EDGE_LOOP ( 'NONE', ( #4690, #4371 ) ) ;
#1902 = VECTOR ( 'NONE', #3980, 1000.000000000000000 ) ;
#1903 = ORIENTED_EDGE ( 'NONE', *, *, #493, .T. ) ;
#1904 = FACE_BOUND ( 'NONE', #2048, .T. ) ;
#1905 = VECTOR ( 'NONE', #4195, 999.9999999999998863 ) ;
#1906 = CARTESIAN_POINT ( 'NONE',  ( 184.9999812859999793, 206.7028741836879817, 26.00135559717656264 ) ) ;
#1907 = DIRECTION ( 'NONE',  ( 2.237509218315604948E-12, -6.358310602959382773E-05, 0.9999999979785942905 ) ) ;
#1908 = ORIENTED_EDGE ( 'NONE', *, *, #2322, .T. ) ;
#1909 = EDGE_CURVE ( 'NONE', #158, #1081, #2820, .T. ) ;
#1910 = CIRCLE ( 'NONE', #4611, 2.500000046250006047 ) ;
#1911 = EDGE_CURVE ( 'NONE', #3440, #2673, #992, .T. ) ;
#1912 = FACE_BOUND ( 'NONE', #461, .T. ) ;
#1913 = ORIENTED_EDGE ( 'NONE', *, *, #58, .T. ) ;
#1914 = EDGE_CURVE ( 'NONE', #685, #2650, #1426, .T. ) ;
#1915 = EDGE_CURVE ( 'NONE', #2861, #4774, #1140, .T. ) ;
#1916 = CARTESIAN_POINT ( 'NONE',  ( -187.4996087247999697, 186.7031979981176733, 26.00007130999082250 ) ) ;
#1917 = FACE_OUTER_BOUND ( 'NONE', #654, .T. ) ;
#1918 = VECTOR ( 'NONE', #934, 999.9999999999998863 ) ;
#1919 = EDGE_LOOP ( 'NONE', ( #4738, #4307 ) ) ;
#1920 = ORIENTED_EDGE ( 'NONE', *, *, #1054, .F. ) ;
#1921 = AXIS2_PLACEMENT_3D ( 'NONE', #1947, #4105, #87 ) ;
#1922 = ADVANCED_FACE ( 'NONE', ( #2209 ), #2190, .F. ) ;
#1923 = FACE_OUTER_BOUND ( 'NONE', #962, .T. ) ;
#1924 = CARTESIAN_POINT ( 'NONE',  ( 174.9999812860000361, 245.0022591976534727, 24.50379078722611581 ) ) ;
#1925 = LINE ( 'NONE', #799, #2789 ) ;
#1926 = EDGE_LOOP ( 'NONE', ( #1651, #2892, #3956, #3333 ) ) ;
#1927 = AXIS2_PLACEMENT_3D ( 'NONE', #4263, #221, #3882 ) ;
#1928 = LINE ( 'NONE', #1294, #426 ) ;
#1929 = CIRCLE ( 'NONE', #1698, 2.500000046250006047 ) ;
#1930 = DIRECTION ( 'NONE',  ( -1.459205250279566060E-16, -0.9999999979785944015, -6.358310602959384129E-05 ) ) ;
#1931 = CYLINDRICAL_SURFACE ( 'NONE', #4407, 2.500000046250000718 ) ;
#1932 = ORIENTED_EDGE ( 'NONE', *, *, #1806, .F. ) ;
#1933 = EDGE_LOOP ( 'NONE', ( #2057, #1507 ) ) ;
#1934 = AXIS2_PLACEMENT_3D ( 'NONE', #952, #1369, #4271 ) ;
#1935 = FACE_OUTER_BOUND ( 'NONE', #404, .T. ) ;
#1936 = VERTEX_POINT ( 'NONE', #2577 ) ;
#1937 = EDGE_CURVE ( 'NONE', #3704, #2417, #2621, .T. ) ;
#1938 = DIRECTION ( 'NONE',  ( -2.237509410309334820E-12, 6.358310602959382773E-05, -0.9999999979785942905 ) ) ;
#1939 = LINE ( 'NONE', #3830, #283 ) ;
#1940 = AXIS2_PLACEMENT_3D ( 'NONE', #809, #3740, #407 ) ;
#1941 = CARTESIAN_POINT ( 'NONE',  ( 29.25388635400000226, 10.00617715175372169, -20.01114978906520747 ) ) ;
#1942 = VERTEX_POINT ( 'NONE', #3325 ) ;
#1943 = EDGE_LOOP ( 'NONE', ( #1834, #1871, #649, #886 ) ) ;
#1944 = EDGE_CURVE ( 'NONE', #693, #2345, #4054, .T. ) ;
#1945 = EDGE_CURVE ( 'NONE', #1129, #794, #12, .T. ) ;
#1946 = CIRCLE ( 'NONE', #164, 2.500000046250006047 ) ;
#1947 = CARTESIAN_POINT ( 'NONE',  ( 194.9999812859999793, 245.0050895948011203, -19.99620782852854006 ) ) ;
#1948 = DIRECTION ( 'NONE',  ( 2.237497139219650001E-12, -6.358310602959382773E-05, 0.9999999979785942905 ) ) ;
#1949 = LINE ( 'NONE', #3428, #2178 ) ;
#1950 = CARTESIAN_POINT ( 'NONE',  ( 184.9999812859999793, 206.7065709348283633, -16.99864296135020325 ) ) ;
#1951 = VERTEX_POINT ( 'NONE', #721 ) ;
#1952 = EDGE_CURVE ( 'NONE', #1542, #2097, #4459, .T. ) ;
#1953 = ADVANCED_FACE ( 'NONE', ( #3063 ), #2599, .F. ) ;
#1954 = DIRECTION ( 'NONE',  ( -2.237511783459335038E-12, 6.358310602959382773E-05, -0.9999999979785942905 ) ) ;
#1955 = CIRCLE ( 'NONE', #2108, 2.500000046250006047 ) ;
#1956 = CARTESIAN_POINT ( 'NONE',  ( -36.75392844899999290, 10.00225967661456217, 25.98883611503854851 ) ) ;
#1957 = CARTESIAN_POINT ( 'NONE',  ( -184.9996321902000034, 176.7037683913501382, 24.49943551196454194 ) ) ;
#1958 = ORIENTED_EDGE ( 'NONE', *, *, #1855, .F. ) ;
#1959 = AXIS2_PLACEMENT_3D ( 'NONE', #2791, #3255, #3227 ) ;
#1960 = EDGE_LOOP ( 'NONE', ( #900, #3113 ) ) ;
#1961 = ORIENTED_EDGE ( 'NONE', *, *, #1174, .F. ) ;
#1962 = CIRCLE ( 'NONE', #4666, 2.500000046250006047 ) ;
#1963 = LINE ( 'NONE', #4531, #4087 ) ;
#1964 = DIRECTION ( 'NONE',  ( -2.237509410309334820E-12, 6.358310602959382773E-05, -0.9999999979785942905 ) ) ;
#1965 = CARTESIAN_POINT ( 'NONE',  ( 182.4999812859999793, 176.7035458586157972, 22.99944813986865100 ) ) ;
#1966 = ORIENTED_EDGE ( 'NONE', *, *, #2186, .F. ) ;
#1967 = ORIENTED_EDGE ( 'NONE', *, *, #1863, .F. ) ;
#1968 = EDGE_CURVE ( 'NONE', #768, #165, #412, .T. ) ;
#1969 = CARTESIAN_POINT ( 'NONE',  ( 59.25388635399997384, 10.00512004731901250, -18.51114985328392137 ) ) ;
#1970 = EDGE_CURVE ( 'NONE', #1608, #3791, #3301, .T. ) ;
#1971 = EDGE_CURVE ( 'NONE', #4447, #4125, #4361, .T. ) ;
#1972 = DIRECTION ( 'NONE',  ( -2.237511783459335038E-12, 6.358310602959382773E-05, -0.9999999979785942905 ) ) ;
#1973 = DIRECTION ( 'NONE',  ( 2.237515728249334980E-12, -6.358310602959382773E-05, 0.9999999979785942905 ) ) ;
#1974 = DIRECTION ( 'NONE',  ( 1.000000000000000000, 0.000000000000000000, -2.237099353233353148E-12 ) ) ;
#1975 = DIRECTION ( 'NONE',  ( 0.9999999815015169213, 0.0001923459529851214149, 1.222771583569501638E-08 ) ) ;
#1976 = VERTEX_POINT ( 'NONE', #2551 ) ;
#1977 = CLOSED_SHELL ( 'NONE', ( #4057, #607, #4186, #3032, #959, #3871, #1953, #3220, #3018, #3551, #642, #1437, #4081, #4191, #3701, #1587, #2952, #1434, #2379, #3707, #3758, #4367, #4005, #191, #295, #2812, #3670, #108, #1402, #3152, #1477, #4374, #2131, #4140 ) ) ;
#1978 = CYLINDRICAL_SURFACE ( 'NONE', #4530, 2.500000046250013153 ) ;
#1979 = AXIS2_PLACEMENT_3D ( 'NONE', #4542, #3820, #823 ) ;
#1980 = EDGE_CURVE ( 'NONE', #1073, #3547, #1962, .T. ) ;
#1981 = CARTESIAN_POINT ( 'NONE',  ( -66.75392844900000000, 10.00506452732481755, -17.01116438082700455 ) ) ;
#1982 = LINE ( 'NONE', #3458, #228 ) ;
#1983 = DIRECTION ( 'NONE',  ( 2.237515728249334980E-12, -6.358310602959382773E-05, 0.9999999979785942905 ) ) ;
#1984 = EDGE_LOOP ( 'NONE', ( #308, #3003 ) ) ;
#1985 = VECTOR ( 'NONE', #3292, 999.9999999999998863 ) ;
#1986 = VERTEX_POINT ( 'NONE', #745 ) ;
#1987 = CARTESIAN_POINT ( 'NONE',  ( 31.75388635400000581, 10.00550553754109551, -17.01114982570817347 ) ) ;
#1988 = ORIENTED_EDGE ( 'NONE', *, *, #2636, .T. ) ;
#1989 = CIRCLE ( 'NONE', #434, 2.500000046250006047 ) ;
#1990 = ORIENTED_EDGE ( 'NONE', *, *, #725, .T. ) ;
#1991 = CARTESIAN_POINT ( 'NONE',  ( -187.4995148584999924, 226.7059323685155334, -16.99738586653318251 ) ) ;
#1992 = EDGE_LOOP ( 'NONE', ( #4197, #2515, #1147, #1162 ) ) ;
#1993 = CIRCLE ( 'NONE', #1456, 2.500000046250006047 ) ;
#1994 = DIRECTION ( 'NONE',  ( 2.235841141859335273E-12, -6.358310602959384129E-05, 0.9999999979785944015 ) ) ;
#1995 = DIRECTION ( 'NONE',  ( 1.000000000000000000, 0.000000000000000000, -2.237099353233353148E-12 ) ) ;
#1996 = ORIENTED_EDGE ( 'NONE', *, *, #1971, .T. ) ;
#1997 = FACE_OUTER_BOUND ( 'NONE', #4697, .T. ) ;
#1998 = AXIS2_PLACEMENT_3D ( 'NONE', #923, #565, #1757 ) ;
#1999 = DIRECTION ( 'NONE',  ( 2.235841141859335273E-12, -6.358310602959384129E-05, 0.9999999979785944015 ) ) ;
#2000 = DIRECTION ( 'NONE',  ( 1.000000000000000000, 0.000000000000000000, -2.237099353233347089E-12 ) ) ;
#2001 = CARTESIAN_POINT ( 'NONE',  ( -182.4995617916999890, 206.7059206753991134, -16.99865752880164038 ) ) ;
#2002 = AXIS2_PLACEMENT_3D ( 'NONE', #1969, #1597, #2478 ) ;
#2003 = ORIENTED_EDGE ( 'NONE', *, *, #1551, .F. ) ;
#2004 = EDGE_LOOP ( 'NONE', ( #2937, #581 ) ) ;
#2005 = EDGE_CURVE ( 'NONE', #2579, #3064, #2588, .T. ) ;
#2006 = AXIS2_PLACEMENT_3D ( 'NONE', #1337, #3501, #4288 ) ;
#2007 = CARTESIAN_POINT ( 'NONE',  ( 18.50779142199998617, 0.002961285271232960703, 22.98821296876585407 ) ) ;
#2008 = ORIENTED_EDGE ( 'NONE', *, *, #4579, .F. ) ;
#2009 = ORIENTED_EDGE ( 'NONE', *, *, #1702, .T. ) ;
#2010 = EDGE_CURVE ( 'NONE', #700, #314, #2669, .T. ) ;
#2011 = VECTOR ( 'NONE', #1104, 999.9999999999998863 ) ;
#2012 = DIRECTION ( 'NONE',  ( -8.559223761997459460E-14, 0.9999999979785944015, 6.358310602959384129E-05 ) ) ;
#2013 = CIRCLE ( 'NONE', #2644, 2.500000046249998942 ) ;
#2014 = EDGE_LOOP ( 'NONE', ( #248, #646 ) ) ;
#2015 = CARTESIAN_POINT ( 'NONE',  ( 46.75388635400001647, 10.00560091223789883, -18.51114982268739340 ) ) ;
#2016 = PLANE ( 'NONE',  #4262 ) ;
#2017 = CARTESIAN_POINT ( 'NONE',  ( -182.4995852581999713, 196.7061114449312811, -19.99929335407213316 ) ) ;
#2018 = EDGE_LOOP ( 'NONE', ( #519, #3386, #3399, #1234 ) ) ;
#2019 = VECTOR ( 'NONE', #3892, 999.9999999999998863 ) ;
#2020 = DIRECTION ( 'NONE',  ( 2.237515728249334980E-12, -6.358310602959382773E-05, 0.9999999979785942905 ) ) ;
#2021 = APPLICATION_CONTEXT ( 'configuration controlled 3d designs of mechanical parts and assemblies' ) ;
#2022 = ADVANCED_FACE ( 'NONE', ( #1501 ), #698, .F. ) ;
#2023 = CARTESIAN_POINT ( 'NONE',  ( 182.4999812859999793, 206.7060900697096884, -16.99864299193679074 ) ) ;
#2024 = DIRECTION ( 'NONE',  ( 0.9999999815015170324, 0.0001923459529261397597, 1.222771583569494855E-08 ) ) ;
#2025 = CARTESIAN_POINT ( 'NONE',  ( -51.75392844899997868, 10.00522007678893566, -20.01116437673497472 ) ) ;
#2026 = ORIENTED_EDGE ( 'NONE', *, *, #63, .F. ) ;
#2027 = ORIENTED_EDGE ( 'NONE', *, *, #3129, .F. ) ;
#2028 = DIRECTION ( 'NONE',  ( 2.237515728249334980E-12, -6.358310602959382773E-05, 0.9999999979785942905 ) ) ;
#2029 = ADVANCED_FACE ( 'NONE', ( #852, #1799, #3276, #4749, #4385, #3675, #3209, #951, #4612, #1344, #2828, #3918, #2459 ), #1297, .T. ) ;
#2030 = LINE ( 'NONE', #2082, #4171 ) ;
#2031 = ORIENTED_EDGE ( 'NONE', *, *, #115, .F. ) ;
#2032 = FACE_OUTER_BOUND ( 'NONE', #663, .T. ) ;
#2033 = DIRECTION ( 'NONE',  ( 2.235841141859335273E-12, -6.358310602959384129E-05, 0.9999999979785944015 ) ) ;
#2034 = EDGE_CURVE ( 'NONE', #3630, #4751, #230, .T. ) ;
#2035 = ORIENTED_EDGE ( 'NONE', *, *, #813, .F. ) ;
#2036 = VECTOR ( 'NONE', #4411, 1000.000000000000114 ) ;
#2037 = DIRECTION ( 'NONE',  ( -2.235841141859335273E-12, 6.358310602959384129E-05, -0.9999999979785944015 ) ) ;
#2038 = DIRECTION ( 'NONE',  ( 0.9999999815015169213, 0.0001923459529851214149, 1.222771583569501638E-08 ) ) ;
#2039 = DIRECTION ( 'NONE',  ( 1.000000000000000000, 0.000000000000000000, -2.237099353233347089E-12 ) ) ;
#2040 = CIRCLE ( 'NONE', #1498, 2.500000046249998942 ) ;
#2041 = DIRECTION ( 'NONE',  ( 2.237520368250334798E-12, -6.358310602959382773E-05, 0.9999999979785942905 ) ) ;
#2042 = APPROVAL_STATUS ( 'not_yet_approved' ) ;
#2043 = ORIENTED_EDGE ( 'NONE', *, *, #937, .T. ) ;
#2044 = CARTESIAN_POINT ( 'NONE',  ( -26.75392844899998579, 10.00497066102969512, -17.01116438703603606 ) ) ;
#2045 = CYLINDRICAL_SURFACE ( 'NONE', #4753, 2.500000046250013153 ) ;
#2046 = CARTESIAN_POINT ( 'NONE',  ( 184.9999812859999793, 186.7057999953100023, -19.99991467815656776 ) ) ;
#2047 = LINE ( 'NONE', #1323, #4499 ) ;
#2048 = EDGE_LOOP ( 'NONE', ( #1567, #4577 ) ) ;
#2049 = ORIENTED_EDGE ( 'NONE', *, *, #2297, .F. ) ;
#2050 = ORIENTED_EDGE ( 'NONE', *, *, #1581, .T. ) ;
#2051 = CYLINDRICAL_SURFACE ( 'NONE', #3564, 2.500000046249999386 ) ;
#2052 = DIRECTION ( 'NONE',  ( -2.238209617639335134E-12, 6.358310602959384129E-05, -0.9999999979785944015 ) ) ;
#2053 = CARTESIAN_POINT ( 'NONE',  ( 174.9999812860000361, 245.0049942196048960, -18.49620783152458614 ) ) ;
#2054 = ORIENTED_EDGE ( 'NONE', *, *, #1060, .F. ) ;
#2055 = FACE_BOUND ( 'NONE', #3849, .T. ) ;
#2056 = AXIS2_PLACEMENT_3D ( 'NONE', #4575, #1964, #554 ) ;
#2057 = ORIENTED_EDGE ( 'NONE', *, *, #3995, .T. ) ;
#2058 = CIRCLE ( 'NONE', #585, 2.500000046250006047 ) ;
#2059 = EDGE_CURVE ( 'NONE', #1786, #623, #340, .T. ) ;
#2060 = VECTOR ( 'NONE', #1260, 1000.000000000000114 ) ;
#2061 = CARTESIAN_POINT ( 'NONE',  ( 194.9999812859999793, 148.4045463134857243, 25.99764880776750431 ) ) ;
#2062 = DIRECTION ( 'NONE',  ( 1.000000000000000000, 0.000000000000000000, -2.237099353233347089E-12 ) ) ;
#2063 = DIRECTION ( 'NONE',  ( 1.000000000000000000, 0.000000000000000000, -2.237099353233353148E-12 ) ) ;
#2064 = VERTEX_POINT ( 'NONE', #3479 ) ;
#2065 = EDGE_CURVE ( 'NONE', #4469, #438, #260, .T. ) ;
#2066 = FACE_BOUND ( 'NONE', #1933, .T. ) ;
#2067 = DIRECTION ( 'NONE',  ( 1.000000000000000000, 0.000000000000000000, -2.237099353233347089E-12 ) ) ;
#2068 = LINE ( 'NONE', #611, #706 ) ;
#2069 = DATE_AND_TIME ( #2796, #154 ) ;
#2070 = VERTEX_POINT ( 'NONE', #1628 ) ;
#2071 = CYLINDRICAL_SURFACE ( 'NONE', #3130, 2.500000046250000718 ) ;
#2072 = EDGE_CURVE ( 'NONE', #2694, #4014, #3603, .T. ) ;
#2073 = CYLINDRICAL_SURFACE ( 'NONE', #1458, 2.500000046250007824 ) ;
#2074 = DIRECTION ( 'NONE',  ( -2.346656668809893366E-06, -0.9999999979758408264, -6.358310597842638343E-05 ) ) ;
#2075 = CARTESIAN_POINT ( 'NONE',  ( -18.50785698299997506, 0.004951330540396703395, -17.01180021958293054 ) ) ;
#2076 = DIRECTION ( 'NONE',  ( 2.235841141859335273E-12, -6.358310602959384129E-05, 0.9999999979785944015 ) ) ;
#2077 = ORIENTED_EDGE ( 'NONE', *, *, #2385, .T. ) ;
#2078 = VERTEX_POINT ( 'NONE', #897 ) ;
#2079 = ORIENTED_EDGE ( 'NONE', *, *, #2957, .F. ) ;
#2080 = AXIS2_PLACEMENT_3D ( 'NONE', #4401, #1084, #2568 ) ;
#2081 = CARTESIAN_POINT ( 'NONE',  ( -56.75392844899998579, 10.00513643543524900, -18.51116437910754797 ) ) ;
#2082 = CARTESIAN_POINT ( 'NONE',  ( -182.4995852581999713, 196.7060160707338241, -18.49929335711769696 ) ) ;
#2083 = VERTEX_POINT ( 'NONE', #3945 ) ;
#2084 = VERTEX_POINT ( 'NONE', #2023 ) ;
#2085 = CIRCLE ( 'NONE', #4711, 2.500000046249998942 ) ;
#2086 = CARTESIAN_POINT ( 'NONE',  ( 184.9999812859999793, 206.7066663100245592, -18.49864295835415717 ) ) ;
#2087 = CIRCLE ( 'NONE', #8, 2.500000046250006047 ) ;
#2088 = EDGE_CURVE ( 'NONE', #1036, #182, #4201, .T. ) ;
#2089 = DIRECTION ( 'NONE',  ( 1.000000000000000000, 0.000000000000000000, -2.237099353233347089E-12 ) ) ;
#2090 = ORIENTED_EDGE ( 'NONE', *, *, #2348, .T. ) ;
#2091 = VECTOR ( 'NONE', #2829, 1000.000000000000114 ) ;
#2092 = DIRECTION ( 'NONE',  ( -1.000000000000000000, 1.109986837537584101E-13, 2.237516472473343625E-12 ) ) ;
#2093 = DIRECTION ( 'NONE',  ( -0.9999999810473936268, 0.0001946926095517103748, 1.238139845503558336E-08 ) ) ;
#2094 = ADVANCED_FACE ( 'NONE', ( #2381 ), #2045, .F. ) ;
#2095 = CARTESIAN_POINT ( 'NONE',  ( 182.4999812859999793, 196.7033550689451147, 26.00071979645113274 ) ) ;
#2096 = EDGE_CURVE ( 'NONE', #4037, #1786, #3509, .T. ) ;
#2097 = VERTEX_POINT ( 'NONE', #179 ) ;
#2098 = DIRECTION ( 'NONE',  ( -2.237511783459335038E-12, 6.358310602959382773E-05, -0.9999999979785942905 ) ) ;
#2099 = AXIS2_PLACEMENT_3D ( 'NONE', #1245, #3077, #1599 ) ;
#2100 = DIRECTION ( 'NONE',  ( 0.9999999988812814378, -2.343652870578736142E-06, -4.724346024960678579E-05 ) ) ;
#2101 = FACE_OUTER_BOUND ( 'NONE', #2920, .T. ) ;
#2102 = EDGE_CURVE ( 'NONE', #3463, #3500, #1321, .T. ) ;
#2103 = DIRECTION ( 'NONE',  ( 0.9999999810473936268, -0.0001946926095988953955, -1.238139845503561810E-08 ) ) ;
#2104 = EDGE_LOOP ( 'NONE', ( #1225, #413 ) ) ;
#2105 = ORIENTED_EDGE ( 'NONE', *, *, #2518, .T. ) ;
#2106 = VERTEX_POINT ( 'NONE', #3157 ) ;
#2107 = CARTESIAN_POINT ( 'NONE',  ( -182.4996556579000071, 166.7059207570015360, -17.00120085310047457 ) ) ;
#2108 = AXIS2_PLACEMENT_3D ( 'NONE', #2697, #2738, #2039 ) ;
#2109 = CARTESIAN_POINT ( 'NONE',  ( 69.25388635399998805, 10.00608177715679759, -18.51114979209092581 ) ) ;
#2110 = EDGE_LOOP ( 'NONE', ( #3332, #1788, #409, #538 ) ) ;
#2111 = CARTESIAN_POINT ( 'NONE',  ( 194.9999812859999793, 196.7062808392418276, -19.99927881720722667 ) ) ;
#2112 = DIRECTION ( 'NONE',  ( 2.237515728249334980E-12, -6.358310602959382773E-05, 0.9999999979785942905 ) ) ;
#2113 = EDGE_LOOP ( 'NONE', ( #2050, #2748 ) ) ;
#2114 = VECTOR ( 'NONE', #1699, 999.9999999999998863 ) ;
#2115 = DIRECTION ( 'NONE',  ( -2.237509410309334820E-12, 6.358310602959382773E-05, -0.9999999979785942905 ) ) ;
#2116 = DIRECTION ( 'NONE',  ( -0.9999999815015169213, -0.0001923459529795702998, -1.222771583569501638E-08 ) ) ;
#2117 = CARTESIAN_POINT ( 'NONE',  ( -80.00004684799999666, 0.002551929826392906886, 22.98820029655890096 ) ) ;
#2118 = AXIS2_PLACEMENT_3D ( 'NONE', #2800, #1007, #2100 ) ;
#2119 = CARTESIAN_POINT ( 'NONE',  ( -184.9995852570999944, 196.7038637252704802, 23.00070717763414052 ) ) ;
#2120 = CARTESIAN_POINT ( 'NONE',  ( 184.9999812859999793, 186.7028742239650114, 26.00008393455252431 ) ) ;
#2121 = ORIENTED_EDGE ( 'NONE', *, *, #405, .T. ) ;
#2122 = CARTESIAN_POINT ( 'NONE',  ( 187.4999812859999793, 186.7060901099867749, -16.99991465456074380 ) ) ;
#2123 = VECTOR ( 'NONE', #2976, 999.9999999999998863 ) ;
#2124 = EDGE_CURVE ( 'NONE', #3440, #1542, #205, .T. ) ;
#2125 = CARTESIAN_POINT ( 'NONE',  ( -187.4995148584999924, 226.7061231179091010, -19.99738586049165789 ) ) ;
#2126 = VECTOR ( 'NONE', #1408, 1000.000000000000114 ) ;
#2127 = CARTESIAN_POINT ( 'NONE',  ( -184.9996087258999751, 186.7056364671720132, -19.99992921567386617 ) ) ;
#2128 = ORIENTED_EDGE ( 'NONE', *, *, #462, .F. ) ;
#2129 = EDGE_LOOP ( 'NONE', ( #1041, #2179 ) ) ;
#2130 = ORIENTED_EDGE ( 'NONE', *, *, #3782, .F. ) ;
#2131 = ADVANCED_FACE ( 'NONE', ( #1368 ), #4635, .F. ) ;
#2132 = DIRECTION ( 'NONE',  ( 1.000000000000000000, 0.000000000000000000, -2.237099353233347089E-12 ) ) ;
#2133 = DIRECTION ( 'NONE',  ( 2.237515728249334980E-12, -6.358310602959382773E-05, 0.9999999979785942905 ) ) ;
#2134 = CARTESIAN_POINT ( 'NONE',  ( -174.9994719174999886, 245.0049025997771253, -19.99622236733231162 ) ) ;
#2135 = CARTESIAN_POINT ( 'NONE',  ( 207.7000667350000356, 48.40638722727416621, -20.00872271251052936 ) ) ;
#2136 = EDGE_LOOP ( 'NONE', ( #3408, #2942, #4355, #3328 ) ) ;
#2137 = EDGE_CURVE ( 'NONE', #4510, #498, #1137, .T. ) ;
#2138 = ORIENTED_EDGE ( 'NONE', *, *, #366, .T. ) ;
#2139 = DIRECTION ( 'NONE',  ( 2.235841141859335273E-12, -6.358310602959384129E-05, 0.9999999979785944015 ) ) ;
#2140 = CARTESIAN_POINT ( 'NONE',  ( 31.75388635400000581, 10.00296126513271133, 22.98884880007784304 ) ) ;
#2141 = DIRECTION ( 'NONE',  ( 1.000000000000000000, 0.000000000000000000, -2.237099353233347089E-12 ) ) ;
#2142 = AXIS2_PLACEMENT_3D ( 'NONE', #3444, #4699, #317 ) ;
#2143 = ORIENTED_EDGE ( 'NONE', *, *, #3121, .F. ) ;
#2144 = AXIS2_PLACEMENT_3D ( 'NONE', #2737, #1339, #2067 ) ;
#2145 = AXIS2_PLACEMENT_3D ( 'NONE', #1176, #2633, #3451 ) ;
#2146 = CYLINDRICAL_SURFACE ( 'NONE', #162, 2.500000046250000718 ) ;
#2147 = CIRCLE ( 'NONE', #2841, 2.500000046250006047 ) ;
#2148 = CARTESIAN_POINT ( 'NONE',  ( -49.25392844699999273, 10.00276987469111312, 25.98883614826666388 ) ) ;
#2149 = LINE ( 'NONE', #2390, #336 ) ;
#2150 = CARTESIAN_POINT ( 'NONE',  ( 182.4999812859999793, 176.7062808795684532, -20.00055047883247994 ) ) ;
#2151 = EDGE_LOOP ( 'NONE', ( #3513, #2253, #858, #1209, #2424, #3492, #2572, #1805 ) ) ;
#2152 = AXIS2_PLACEMENT_3D ( 'NONE', #3107, #4586, #1271 ) ;
#2153 = CARTESIAN_POINT ( 'NONE',  ( 187.4999812859999793, 166.7060901513121394, -17.00118631623559651 ) ) ;
#2154 = DIRECTION ( 'NONE',  ( 2.237515728249334980E-12, -6.358310602959382773E-05, 0.9999999979785942905 ) ) ;
#2155 = VERTEX_POINT ( 'NONE', #155 ) ;
#2156 = ORIENTED_EDGE ( 'NONE', *, *, #1806, .T. ) ;
#2157 = VERTEX_POINT ( 'NONE', #618 ) ;
#2158 = DIRECTION ( 'NONE',  ( 2.237515728249334980E-12, -6.358310602959382773E-05, 0.9999999979785942905 ) ) ;
#2159 = DIRECTION ( 'NONE',  ( 1.000000000000000000, 8.567526116405669703E-14, -2.237571877008884453E-12 ) ) ;
#2160 = EDGE_LOOP ( 'NONE', ( #1089, #2554 ) ) ;
#2161 = ORIENTED_EDGE ( 'NONE', *, *, #2072, .F. ) ;
#2162 = EDGE_CURVE ( 'NONE', #3547, #1073, #4464, .T. ) ;
#2163 = VECTOR ( 'NONE', #2562, 1000.000000000000114 ) ;
#2164 = DIRECTION ( 'NONE',  ( 1.000000000000000000, 0.000000000000000000, -2.237099353233347089E-12 ) ) ;
#2165 = CARTESIAN_POINT ( 'NONE',  ( -184.9996556590999717, 166.7028066822996948, 24.49879962042861337 ) ) ;
#2166 = LINE ( 'NONE', #2526, #2114 ) ;
#2167 = ADVANCED_FACE ( 'NONE', ( #2744 ), #375, .F. ) ;
#2168 = ORIENTED_EDGE ( 'NONE', *, *, #811, .F. ) ;
#2169 = VECTOR ( 'NONE', #1495, 999.9999999999998863 ) ;
#2170 = DIRECTION ( 'NONE',  ( 1.000000000000000000, 0.000000000000000000, -2.237099353233347089E-12 ) ) ;
#2171 = DIRECTION ( 'NONE',  ( 0.9999999999972466469, -2.346656758024042146E-06, -1.514457500843174087E-10 ) ) ;
#2172 = ORIENTED_EDGE ( 'NONE', *, *, #2188, .F. ) ;
#2173 = AXIS2_PLACEMENT_3D ( 'NONE', #1128, #2219, #2918 ) ;
#2174 = CIRCLE ( 'NONE', #2099, 2.500000046249998942 ) ;
#2175 = APPROVAL_PERSON_ORGANIZATION ( #2402, #1827, #4629 ) ;
#2176 = CARTESIAN_POINT ( 'NONE',  ( 18.50779142199998617, 0.002770535977511534576, 25.98821296271933079 ) ) ;
#2177 = ORIENTED_EDGE ( 'NONE', *, *, #2688, .F. ) ;
#2178 = VECTOR ( 'NONE', #4194, 999.9999999999998863 ) ;
#2179 = ORIENTED_EDGE ( 'NONE', *, *, #4144, .T. ) ;
#2180 = CIRCLE ( 'NONE', #1940, 2.500000046250006047 ) ;
#2181 = FACE_BOUND ( 'NONE', #4183, .T. ) ;
#2182 = DIRECTION ( 'NONE',  ( -2.237509410309334820E-12, 6.358310602959382773E-05, -0.9999999979785942905 ) ) ;
#2183 = DIRECTION ( 'NONE',  ( 1.000000000000000000, 0.000000000000000000, -2.237099353233347089E-12 ) ) ;
#2184 = VERTEX_POINT ( 'NONE', #756 ) ;
#2185 = ORIENTED_EDGE ( 'NONE', *, *, #522, .F. ) ;
#2186 = EDGE_CURVE ( 'NONE', #983, #3119, #1989, .T. ) ;
#2187 = AXIS2_PLACEMENT_3D ( 'NONE', #3702, #2983, #1552 ) ;
#2188 = EDGE_CURVE ( 'NONE', #981, #2345, #4692, .T. ) ;
#2189 = CARTESIAN_POINT ( 'NONE',  ( -182.4995383250999907, 216.7061114046046555, -19.99802169244688343 ) ) ;
#2190 = CYLINDRICAL_SURFACE ( 'NONE', #39, 2.500000046250000718 ) ;
#2191 = EDGE_LOOP ( 'NONE', ( #2043, #2941, #2049, #2432 ) ) ;
#2192 = EDGE_CURVE ( 'NONE', #97, #1841, #3815, .T. ) ;
#2193 = CYLINDRICAL_SURFACE ( 'NONE', #1016, 2.500000046250013153 ) ;
#2194 = DIRECTION ( 'NONE',  ( 1.000000000000000000, 0.000000000000000000, -2.237099353233353148E-12 ) ) ;
#2195 = CARTESIAN_POINT ( 'NONE',  ( -184.9995852570999944, 196.7065028020745956, -18.49929332618474476 ) ) ;
#2196 = ORIENTED_EDGE ( 'NONE', *, *, #2894, .F. ) ;
#2197 = CARTESIAN_POINT ( 'NONE',  ( -184.9995148573999870, 226.7065027416094836, -18.49738583324747765 ) ) ;
#2198 = DIRECTION ( 'NONE',  ( -2.237509410309334820E-12, 6.358310602959382773E-05, -0.9999999979785942905 ) ) ;
#2199 = FACE_BOUND ( 'NONE', #3361, .T. ) ;
#2200 = ORIENTED_EDGE ( 'NONE', *, *, #4525, .T. ) ;
#2201 = VECTOR ( 'NONE', #1652, 999.9999999999998863 ) ;
#2202 = EDGE_LOOP ( 'NONE', ( #1996, #3744 ) ) ;
#2203 = LINE ( 'NONE', #3687, #1378 ) ;
#2204 = DIRECTION ( 'NONE',  ( -0.9999999815015169213, -0.0001923459529795702998, -1.222771583569501638E-08 ) ) ;
#2205 = CARTESIAN_POINT ( 'NONE',  ( -182.4996087247999981, 186.7059207156761431, -16.99992919142567871 ) ) ;
#2206 = LINE ( 'NONE', #3294, #1235 ) ;
#2207 = ORIENTED_EDGE ( 'NONE', *, *, #1354, .T. ) ;
#2208 = DIRECTION ( 'NONE',  ( 1.000000000000000000, 0.000000000000000000, -2.237099353233347089E-12 ) ) ;
#2209 = FACE_OUTER_BOUND ( 'NONE', #2110, .T. ) ;
#2210 = EDGE_LOOP ( 'NONE', ( #4318, #1416, #969, #4745 ) ) ;
#2211 = AXIS2_PLACEMENT_3D ( 'NONE', #1044, #3577, #292 ) ;
#2212 = CARTESIAN_POINT ( 'NONE',  ( -59.25392844999998943, 10.00475681183477938, -20.01116440635669491 ) ) ;
#2213 = VERTEX_POINT ( 'NONE', #3749 ) ;
#2214 = AXIS2_PLACEMENT_3D ( 'NONE', #3943, #4632, #1733 ) ;
#2215 = EDGE_CURVE ( 'NONE', #1242, #307, #2612, .T. ) ;
#2216 = VECTOR ( 'NONE', #3773, 999.9999999999998863 ) ;
#2217 = CARTESIAN_POINT ( 'NONE',  ( 61.75388635399997384, 10.00550553754109551, -17.01114982570817347 ) ) ;
#2218 = AXIS2_PLACEMENT_3D ( 'NONE', #4495, #1948, #3033 ) ;
#2219 = DIRECTION ( 'NONE',  ( -2.237511783459335038E-12, 6.358310602959382773E-05, -0.9999999979785942905 ) ) ;
#2220 = ORIENTED_EDGE ( 'NONE', *, *, #3120, .F. ) ;
#2221 = EDGE_CURVE ( 'NONE', #2437, #2184, #797, .T. ) ;
#2222 = ORIENTED_EDGE ( 'NONE', *, *, #3972, .F. ) ;
#2223 = LINE ( 'NONE', #1515, #3469 ) ;
#2224 = FACE_BOUND ( 'NONE', #3992, .T. ) ;
#2225 = CARTESIAN_POINT ( 'NONE',  ( -184.9996556590999717, 166.7029020564970949, 22.99879962347417717 ) ) ;
#2226 = DIRECTION ( 'NONE',  ( -2.237509410309334820E-12, 6.358310602959382773E-05, -0.9999999979785942905 ) ) ;
#2227 = ORIENTED_EDGE ( 'NONE', *, *, #3315, .F. ) ;
#2228 = CARTESIAN_POINT ( 'NONE',  ( 46.75388635400001647, 10.00296126508316874, 22.98884879907908640 ) ) ;
#2229 = CARTESIAN_POINT ( 'NONE',  ( -39.25392845000000364, 10.00470987871238826, -20.01116440996306167 ) ) ;
#2230 = EDGE_LOOP ( 'NONE', ( #1190, #3484, #994, #1255 ) ) ;
#2231 = EDGE_LOOP ( 'NONE', ( #4389, #664, #4607, #4762 ) ) ;
#2232 = AXIS2_PLACEMENT_3D ( 'NONE', #1660, #4550, #2708 ) ;
#2233 = DIRECTION ( 'NONE',  ( 2.235841141859335273E-12, -6.358310602959384129E-05, 0.9999999979785944015 ) ) ;
#2234 = AXIS2_PLACEMENT_3D ( 'NONE', #4039, #4016, #3661 ) ;
#2235 = ORIENTED_EDGE ( 'NONE', *, *, #3944, .F. ) ;
#2236 = EDGE_CURVE ( 'NONE', #2860, #1610, #3626, .T. ) ;
#2237 = AXIS2_PLACEMENT_3D ( 'NONE', #933, #3594, #957 ) ;
#2238 = DIRECTION ( 'NONE',  ( -2.238209617639335134E-12, 6.358310602959384129E-05, -0.9999999979785944015 ) ) ;
#2239 = EDGE_CURVE ( 'NONE', #2316, #3144, #3844, .T. ) ;
#2240 = CARTESIAN_POINT ( 'NONE',  ( -184.9995148573999870, 226.7064073664132593, -16.99738583624346688 ) ) ;
#2241 = VERTEX_POINT ( 'NONE', #3404 ) ;
#2242 = EDGE_LOOP ( 'NONE', ( #3491, #152, #4134, #723 ) ) ;
#2243 = AXIS2_PLACEMENT_3D ( 'NONE', #3015, #4562, #843 ) ;
#2244 = EDGE_CURVE ( 'NONE', #138, #1936, #819, .T. ) ;
#2245 = FACE_BOUND ( 'NONE', #2665, .T. ) ;
#2246 = FACE_OUTER_BOUND ( 'NONE', #1632, .T. ) ;
#2247 = ORIENTED_EDGE ( 'NONE', *, *, #3395, .F. ) ;
#2248 = CC_DESIGN_APPROVAL ( #1827, ( #16 ) ) ;
#2249 = DIRECTION ( 'NONE',  ( -9.415291219167200899E-14, 0.9999999979785944015, 6.358310602959384129E-05 ) ) ;
#2250 = CARTESIAN_POINT ( 'NONE',  ( 187.4999812859999793, 216.7034504028159745, 24.50199146112191784 ) ) ;
#2251 = CIRCLE ( 'NONE', #3804, 2.500000046250006047 ) ;
#2252 = ORIENTED_EDGE ( 'NONE', *, *, #749, .T. ) ;
#2253 = ORIENTED_EDGE ( 'NONE', *, *, #2301, .T. ) ;
#2254 = CIRCLE ( 'NONE', #1627, 2.500000046249998942 ) ;
#2255 = DIRECTION ( 'NONE',  ( -2.237493487626864772E-12, 6.358310602959382773E-05, -0.9999999979785942905 ) ) ;
#2256 = CARTESIAN_POINT ( 'NONE',  ( 39.25388635400000936, 10.00238502551702169, 24.48884876646057052 ) ) ;
#2257 = EDGE_LOOP ( 'NONE', ( #828, #2601 ) ) ;
#2258 = EDGE_LOOP ( 'NONE', ( #137, #4696, #1293, #3847 ) ) ;
#2259 = CARTESIAN_POINT ( 'NONE',  ( -184.9995852593999928, 196.7055410718373025, -18.49929338735789486 ) ) ;
#2260 = EDGE_CURVE ( 'NONE', #2097, #2437, #1575, .T. ) ;
#2261 = DIRECTION ( 'NONE',  ( -2.237509410309334820E-12, 6.358310602959382773E-05, -0.9999999979785942905 ) ) ;
#2262 = DIRECTION ( 'NONE',  ( 1.000000000000000000, 0.000000000000000000, -2.237099353233353148E-12 ) ) ;
#2263 = APPLICATION_PROTOCOL_DEFINITION ( 'international standard', 'config_control_design', 1994, #2555 ) ;
#2264 = EDGE_LOOP ( 'NONE', ( #3303, #3775 ) ) ;
#2265 = ORIENTED_EDGE ( 'NONE', *, *, #1807, .T. ) ;
#2266 = EDGE_CURVE ( 'NONE', #329, #4049, #668, .T. ) ;
#2267 = AXIS2_PLACEMENT_3D ( 'NONE', #632, #3654, #4311 ) ;
#2268 = FACE_BOUND ( 'NONE', #1960, .T. ) ;
#2269 = DIRECTION ( 'NONE',  ( 2.235841141859335273E-12, -6.358310602959384129E-05, 0.9999999979785944015 ) ) ;
#2270 = CARTESIAN_POINT ( 'NONE',  ( 31.75388635400000581, 10.00277051573911180, 25.98884879403629000 ) ) ;
#2271 = FACE_OUTER_BOUND ( 'NONE', #2136, .T. ) ;
#2272 = ORIENTED_EDGE ( 'NONE', *, *, #2274, .T. ) ;
#2273 = EDGE_CURVE ( 'NONE', #289, #1432, #1910, .T. ) ;
#2274 = EDGE_CURVE ( 'NONE', #165, #768, #2533, .T. ) ;
#2275 = AXIS2_PLACEMENT_3D ( 'NONE', #4545, #339, #4073 ) ;
#2276 = DIRECTION ( 'NONE',  ( 0.9999999810473936268, -0.0001946926094628925329, -1.238139845503558336E-08 ) ) ;
#2277 = VERTEX_POINT ( 'NONE', #396 ) ;
#2278 = ADVANCED_FACE ( 'NONE', ( #1875 ), #3357, .F. ) ;
#2279 = CARTESIAN_POINT ( 'NONE',  ( 184.9999812859999793, 216.7029695376973280, 24.50199143053533035 ) ) ;
#2280 = CARTESIAN_POINT ( 'NONE',  ( -182.4995852581999713, 196.7031862445361412, 26.00070714065960686 ) ) ;
#2281 = EDGE_LOOP ( 'NONE', ( #1990, #341, #1800, #1895 ) ) ;
#2282 = ORIENTED_EDGE ( 'NONE', *, *, #889, .F. ) ;
#2283 = CIRCLE ( 'NONE', #343, 153.2525527960000034 ) ;
#2284 = DIRECTION ( 'NONE',  ( 1.000000000000000000, -3.652324479188849945E-18, -2.237515733002326896E-12 ) ) ;
#2285 = DIRECTION ( 'NONE',  ( 2.237515728249334980E-12, -6.358310602959382773E-05, 0.9999999979785942905 ) ) ;
#2286 = LINE ( 'NONE', #870, #279 ) ;
#2287 = ORIENTED_EDGE ( 'NONE', *, *, #3066, .T. ) ;
#2288 = AXIS2_PLACEMENT_3D ( 'NONE', #580, #1770, #1381 ) ;
#2289 = DIRECTION ( 'NONE',  ( -2.235841141859335273E-12, 6.358310602959384129E-05, -0.9999999979785944015 ) ) ;
#2290 = LINE ( 'NONE', #1543, #4164 ) ;
#2291 = DIRECTION ( 'NONE',  ( -0.9999999815015170324, -0.0001923459528373219177, -1.222771583569494855E-08 ) ) ;
#2292 = FACE_OUTER_BOUND ( 'NONE', #3572, .T. ) ;
#2293 = ORIENTED_EDGE ( 'NONE', *, *, #3010, .F. ) ;
#2294 = VECTOR ( 'NONE', #777, 999.9999999999998863 ) ;
#2295 = EDGE_CURVE ( 'NONE', #1819, #3474, #4471, .T. ) ;
#2296 = ADVANCED_FACE ( 'NONE', ( #1898 ), #3382, .F. ) ;
#2297 = EDGE_CURVE ( 'NONE', #838, #3961, #1295, .T. ) ;
#2298 = FACE_BOUND ( 'NONE', #1901, .T. ) ;
#2299 = EDGE_LOOP ( 'NONE', ( #4662, #2885, #3461, #2701 ) ) ;
#2300 = CARTESIAN_POINT ( 'NONE',  ( -39.25392844800001768, 10.00567160845029413, -20.01116434876515271 ) ) ;
#2301 = EDGE_CURVE ( 'NONE', #4594, #800, #88, .T. ) ;
#2302 = CIRCLE ( 'NONE', #1302, 2.500000046250006047 ) ;
#2303 = ORIENTED_EDGE ( 'NONE', *, *, #1205, .T. ) ;
#2304 = ORIENTED_EDGE ( 'NONE', *, *, #696, .T. ) ;
#2305 = VECTOR ( 'NONE', #1338, 999.9999999999998863 ) ;
#2306 = CARTESIAN_POINT ( 'NONE',  ( -69.25392844700000694, 10.00564663356212591, -18.51116434688318435 ) ) ;
#2307 = CARTESIAN_POINT ( 'NONE',  ( 184.9999812859999793, 186.7038359532035372, 26.00008399577522056 ) ) ;
#2308 = LINE ( 'NONE', #3816, #1164 ) ;
#2309 = DIRECTION ( 'NONE',  ( 2.237515728249334980E-12, -6.358310602959382773E-05, 0.9999999979785942905 ) ) ;
#2310 = FACE_OUTER_BOUND ( 'NONE', #4126, .T. ) ;
#2311 = ORIENTED_EDGE ( 'NONE', *, *, #3310, .F. ) ;
#2312 = CIRCLE ( 'NONE', #1541, 2.500000046249998942 ) ;
#2313 = CARTESIAN_POINT ( 'NONE',  ( -187.4996087247999697, 186.7033887475112692, 23.00007131603237909 ) ) ;
#2314 = CARTESIAN_POINT ( 'NONE',  ( -184.9996556568000017, 166.7065982377359035, -20.00120081612596934 ) ) ;
#2315 = ORIENTED_EDGE ( 'NONE', *, *, #3786, .F. ) ;
#2316 = VERTEX_POINT ( 'NONE', #2678 ) ;
#2317 = AXIS2_PLACEMENT_3D ( 'NONE', #4063, #1033, #3991 ) ;
#2318 = CARTESIAN_POINT ( 'NONE',  ( 194.9999812859999793, 245.0021638234561010, 26.00379078418052359 ) ) ;
#2319 = EDGE_CURVE ( 'NONE', #1250, #1614, #2987, .T. ) ;
#2320 = ORIENTED_EDGE ( 'NONE', *, *, #4625, .F. ) ;
#2321 = ORIENTED_EDGE ( 'NONE', *, *, #2651, .F. ) ;
#2322 = EDGE_CURVE ( 'NONE', #1976, #894, #2912, .T. ) ;
#2323 = DIRECTION ( 'NONE',  ( -2.237511783459335038E-12, 6.358310602959382773E-05, -0.9999999979785942905 ) ) ;
#2324 = CARTESIAN_POINT ( 'NONE',  ( 31.75388635400000581, 10.00286589043591512, 24.48884879705706652 ) ) ;
#2325 = VECTOR ( 'NONE', #362, 999.9999999999998863 ) ;
#2326 = EDGE_LOOP ( 'NONE', ( #692, #4734 ) ) ;
#2327 = EDGE_CURVE ( 'NONE', #3898, #1508, #3149, .T. ) ;
#2328 = FACE_OUTER_BOUND ( 'NONE', #1275, .T. ) ;
#2329 = CARTESIAN_POINT ( 'NONE',  ( -184.9995617904999961, 206.7038637051319654, 23.00134300894612949 ) ) ;
#2330 = CARTESIAN_POINT ( 'NONE',  ( -31.75392844899998934, 10.00224794327144551, 25.98883611439037367 ) ) ;
#2331 = ORIENTED_EDGE ( 'NONE', *, *, #430, .F. ) ;
#2332 = CIRCLE ( 'NONE', #855, 2.500000046250006047 ) ;
#2333 = DIRECTION ( 'NONE',  ( 1.000000000000000000, 0.000000000000000000, -2.237099353233347089E-12 ) ) ;
#2334 = AXIS2_PLACEMENT_3D ( 'NONE', #1285, #3497, #4576 ) ;
#2335 = CYLINDRICAL_SURFACE ( 'NONE', #4752, 2.500000046250013153 ) ;
#2336 = DIRECTION ( 'NONE',  ( 2.237533154246079905E-12, -6.358310602959382773E-05, 0.9999999979785942905 ) ) ;
#2337 = DIRECTION ( 'NONE',  ( -2.237509410309334820E-12, 6.358310602959382773E-05, -0.9999999979785942905 ) ) ;
#2338 = ORIENTED_EDGE ( 'NONE', *, *, #1914, .F. ) ;
#2339 = CIRCLE ( 'NONE', #859, 2.500000046249998942 ) ;
#2340 = ORIENTED_EDGE ( 'NONE', *, *, #1671, .F. ) ;
#2341 = VERTEX_POINT ( 'NONE', #3471 ) ;
#2342 = AXIS2_PLACEMENT_3D ( 'NONE', #868, #2347, #890 ) ;
#2343 = DIRECTION ( 'NONE',  ( 0.9999999810473936268, -0.0001946926094406880724, -1.238139845503558336E-08 ) ) ;
#2344 = CARTESIAN_POINT ( 'NONE',  ( -49.25392844699999273, 10.00296062398483699, 22.98883615431318717 ) ) ;
#2345 = VERTEX_POINT ( 'NONE', #4581 ) ;
#2346 = ORIENTED_EDGE ( 'NONE', *, *, #1746, .F. ) ;
#2347 = DIRECTION ( 'NONE',  ( 2.244364503698719644E-12, -6.358310605671101156E-05, 0.9999999979785944015 ) ) ;
#2348 = EDGE_CURVE ( 'NONE', #3634, #3950, #810, .T. ) ;
#2349 = DIRECTION ( 'NONE',  ( -2.235249022909335772E-12, 6.358310602959384129E-05, -0.9999999979785944015 ) ) ;
#2350 = CARTESIAN_POINT ( 'NONE',  ( 79.99998128699998290, 0.002770535977511534576, 25.98821296271933079 ) ) ;
#2351 = COORDINATED_UNIVERSAL_TIME_OFFSET ( 3, 30, .AHEAD. ) ;
#2352 = EDGE_CURVE ( 'NONE', #4413, #2901, #945, .T. ) ;
#2353 = ORIENTED_EDGE ( 'NONE', *, *, #3519, .F. ) ;
#2354 = AXIS2_PLACEMENT_3D ( 'NONE', #490, #1603, #1625 ) ;
#2355 = DIRECTION ( 'NONE',  ( -2.237511783459335038E-12, 6.358310602959382773E-05, -0.9999999979785942905 ) ) ;
#2356 = CARTESIAN_POINT ( 'NONE',  ( -194.9994719174999886, 245.0047587842050518, -16.99622236980216528 ) ) ;
#2357 = CARTESIAN_POINT ( 'NONE',  ( 79.99998128699998290, 20.00277049555104014, 25.98948462434952233 ) ) ;
#2358 = DIRECTION ( 'NONE',  ( -0.2496069419140613532, -0.9683472366653301799, -6.157052458937449827E-05 ) ) ;
#2359 = EDGE_CURVE ( 'NONE', #930, #693, #3825, .T. ) ;
#2360 = AXIS2_PLACEMENT_3D ( 'NONE', #3627, #4725, #2164 ) ;
#2361 = ORIENTED_EDGE ( 'NONE', *, *, #2687, .F. ) ;
#2362 = AXIS2_PLACEMENT_3D ( 'NONE', #4766, #1063, #670 ) ;
#2363 = EDGE_LOOP ( 'NONE', ( #4362, #3616 ) ) ;
#2364 = VECTOR ( 'NONE', #4583, 999.9999999999998863 ) ;
#2365 = EDGE_LOOP ( 'NONE', ( #4614, #4670 ) ) ;
#2366 = VECTOR ( 'NONE', #3727, 1000.000000000000114 ) ;
#2367 = ORIENTED_EDGE ( 'NONE', *, *, #370, .T. ) ;
#2368 = LINE ( 'NONE', #3072, #589 ) ;
#2369 = CYLINDRICAL_SURFACE ( 'NONE', #2727, 2.500000046250000718 ) ;
#2370 = ORIENTED_EDGE ( 'NONE', *, *, #1914, .T. ) ;
#2371 = EDGE_CURVE ( 'NONE', #2619, #3568, #717, .T. ) ;
#2372 = CYLINDRICAL_SURFACE ( 'NONE', #1850, 2.500000046250013153 ) ;
#2373 = CARTESIAN_POINT ( 'NONE',  ( -184.9995148597000139, 226.7028065603707034, 24.50261460635266886 ) ) ;
#2374 = FACE_OUTER_BOUND ( 'NONE', #1943, .T. ) ;
#2375 = FACE_OUTER_BOUND ( 'NONE', #4084, .T. ) ;
#2376 = ADVANCED_FACE ( 'NONE', ( #917 ), #974, .F. ) ;
#2377 = ORIENTED_EDGE ( 'NONE', *, *, #310, .F. ) ;
#2378 = DIRECTION ( 'NONE',  ( -2.237530968494579726E-12, 6.358310602959382773E-05, -0.9999999979785942905 ) ) ;
#2379 = ADVANCED_FACE ( 'NONE', ( #3582 ), #1316, .F. ) ;
#2380 = ADVANCED_FACE ( 'NONE', ( #2454 ), #1244, .F. ) ;
#2381 = FACE_OUTER_BOUND ( 'NONE', #521, .T. ) ;
#2382 = DIRECTION ( 'NONE',  ( -0.9999999815015169213, -0.0001923459529989992027, -1.222771583569501638E-08 ) ) ;
#2383 = VECTOR ( 'NONE', #146, 999.9999999999998863 ) ;
#2384 = ORIENTED_EDGE ( 'NONE', *, *, #1971, .F. ) ;
#2385 = EDGE_CURVE ( 'NONE', #2587, #258, #1813, .T. ) ;
#2386 = VERTEX_POINT ( 'NONE', #246 ) ;
#2387 = ADVANCED_FACE ( 'NONE', ( #4193 ), #3502, .F. ) ;
#2388 = DIRECTION ( 'NONE',  ( 1.000000000000000000, 2.204498159533141924E-16, -2.237510519472150406E-12 ) ) ;
#2389 = CARTESIAN_POINT ( 'NONE',  ( -26.75392844899998579, 10.00242695932192838, 22.98883611978375185 ) ) ;
#2390 = CARTESIAN_POINT ( 'NONE',  ( -187.4995383250999907, 216.7032933118499898, 24.50197880597365696 ) ) ;
#2391 = FACE_BOUND ( 'NONE', #2726, .T. ) ;
#2392 = ORIENTED_EDGE ( 'NONE', *, *, #3657, .T. ) ;
#2393 = CC_DESIGN_APPROVAL ( #1679, ( #1528 ) ) ;
#2394 = VERTEX_POINT ( 'NONE', #4604 ) ;
#2395 = LINE ( 'NONE', #2324, #4537 ) ;
#2396 = VERTEX_POINT ( 'NONE', #1645 ) ;
#2397 = DIRECTION ( 'NONE',  ( 0.9999999815015170324, 0.0001923459529261397597, 1.222771583569494855E-08 ) ) ;
#2398 = CARTESIAN_POINT ( 'NONE',  ( -194.9996985988999825, 148.4072366493309971, -18.50236434321425705 ) ) ;
#2399 = DIRECTION ( 'NONE',  ( 2.237503821157390115E-12, -6.358310602959382773E-05, 0.9999999979785942905 ) ) ;
#2400 = CARTESIAN_POINT ( 'NONE',  ( -187.4995617916999890, 206.7032933320380437, 24.50134297566036778 ) ) ;
#2401 = CARTESIAN_POINT ( 'NONE',  ( 18.50779142199998617, 10.00569628683482826, -20.01114981966167861 ) ) ;
#2402 = PERSON_AND_ORGANIZATION ( #1646, #1701 ) ;
#2403 = ORIENTED_EDGE ( 'NONE', *, *, #4665, .F. ) ;
#2404 = CARTESIAN_POINT ( 'NONE',  ( -184.9996321902000034, 176.7064074681542252, -17.00056499185429004 ) ) ;
#2405 = DIRECTION ( 'NONE',  ( -2.237491773503294841E-12, 6.358310602959382773E-05, -0.9999999979785942905 ) ) ;
#2406 = CARTESIAN_POINT ( 'NONE',  ( -39.25392844800001768, 10.00274640805520043, 25.98883614596655889 ) ) ;
#2407 = DIRECTION ( 'NONE',  ( -2.238209617639335134E-12, 6.358310602959384129E-05, -0.9999999979785944015 ) ) ;
#2408 = CARTESIAN_POINT ( 'NONE',  ( -182.4995617916999890, 206.7060160505953377, -18.49865752580567957 ) ) ;
#2410 = EDGE_CURVE ( 'NONE', #2386, #3540, #559, .T. ) ;
#2409 = EDGE_LOOP ( 'NONE', ( #1961, #3869, #2854, #3592 ) ) ;
#2411 = ORIENTED_EDGE ( 'NONE', *, *, #231, .F. ) ;
#2412 = ORIENTED_EDGE ( 'NONE', *, *, #2266, .F. ) ;
#2413 = CARTESIAN_POINT ( 'NONE',  ( -49.25392844999998232, 10.00473334524842173, -20.01116440765804327 ) ) ;
#2414 = DIRECTION ( 'NONE',  ( 1.000000000000000000, 0.000000000000000000, -2.237099353233347089E-12 ) ) ;
#2415 = CARTESIAN_POINT ( 'NONE',  ( -182.4996087247999981, 186.7032816398708803, 24.50007131234360713 ) ) ;
#2416 = FACE_BOUND ( 'NONE', #2160, .T. ) ;
#2418 = ADVANCED_FACE ( 'NONE', ( #3177 ), #509, .F. ) ;
#2417 = VERTEX_POINT ( 'NONE', #587 ) ;
#2419 = FACE_BOUND ( 'NONE', #4228, .T. ) ;
#2420 = ADVANCED_FACE ( 'NONE', ( #3837 ), #3122, .F. ) ;
#2421 = DIRECTION ( 'NONE',  ( -0.9999999815015169213, -0.0001923459529740191847, -1.222771583569501638E-08 ) ) ;
#2422 = DIRECTION ( 'NONE',  ( 1.000000000000000000, 8.548267369944531131E-14, 1.723163591181741275E-12 ) ) ;
#2423 = DIRECTION ( 'NONE',  ( 2.237515728249334980E-12, -6.358310602959382773E-05, 0.9999999979785942905 ) ) ;
#2424 = ORIENTED_EDGE ( 'NONE', *, *, #4634, .T. ) ;
#2425 = EDGE_CURVE ( 'NONE', #3840, #2728, #4513, .T. ) ;
#2426 = VERTEX_POINT ( 'NONE', #1753 ) ;
#2427 = AXIS2_PLACEMENT_3D ( 'NONE', #2119, #3232, #1389 ) ;
#2428 = AXIS2_PLACEMENT_3D ( 'NONE', #2994, #825, #471 ) ;
#2429 = FACE_BOUND ( 'NONE', #1533, .T. ) ;
#2430 = DIRECTION ( 'NONE',  ( -2.237511783459335038E-12, 6.358310602959382773E-05, -0.9999999979785942905 ) ) ;
#2431 = DIRECTION ( 'NONE',  ( 2.235841141859335273E-12, -6.358310602959384129E-05, 0.9999999979785944015 ) ) ;
#2432 = ORIENTED_EDGE ( 'NONE', *, *, #1027, .T. ) ;
#2433 = DIRECTION ( 'NONE',  ( -0.9999999999972466469, 2.346656748952980814E-06, 1.514453480346003002E-10 ) ) ;
#2434 = CYLINDRICAL_SURFACE ( 'NONE', #4484, 2.500000046250013153 ) ;
#2435 = FACE_OUTER_BOUND ( 'NONE', #1141, .T. ) ;
#2436 = EDGE_LOOP ( 'NONE', ( #3069, #3874, #2826, #4546 ) ) ;
#2437 = VERTEX_POINT ( 'NONE', #2558 ) ;
#2438 = EDGE_LOOP ( 'NONE', ( #1717, #1097, #830, #475, #2896, #3378, #3974, #544 ) ) ;
#2439 = EDGE_CURVE ( 'NONE', #3791, #2417, #867, .T. ) ;
#2440 = AXIS2_PLACEMENT_3D ( 'NONE', #3225, #3253, #1796 ) ;
#2441 = CYLINDRICAL_SURFACE ( 'NONE', #968, 2.500000046250013153 ) ;
#2442 = DIRECTION ( 'NONE',  ( -2.237504937885585043E-12, 6.358310602959382773E-05, -0.9999999979785942905 ) ) ;
#2443 = ORIENTED_EDGE ( 'NONE', *, *, #1292, .F. ) ;
#2444 = VECTOR ( 'NONE', #2433, 1000.000000000000114 ) ;
#2445 = ORIENTED_EDGE ( 'NONE', *, *, #724, .T. ) ;
#2446 = AXIS2_PLACEMENT_3D ( 'NONE', #2768, #1268, #919 ) ;
#2447 = EDGE_CURVE ( 'NONE', #1610, #3634, #2149, .T. ) ;
#2448 = EDGE_CURVE ( 'NONE', #3355, #936, #3516, .T. ) ;
#2449 = PLANE ( 'NONE',  #2746 ) ;
#2450 = CARTESIAN_POINT ( 'NONE',  ( -80.00004684799999666, 0.002361180532657602971, 25.98820029051238123 ) ) ;
#2451 = ORIENTED_EDGE ( 'NONE', *, *, #1736, .F. ) ;
#2452 = EDGE_CURVE ( 'NONE', #2978, #2579, #1743, .T. ) ;
#2453 = CARTESIAN_POINT ( 'NONE',  ( -26.75392844899998579, 10.00223621002819741, 25.98883611373722857 ) ) ;
#2454 = FACE_OUTER_BOUND ( 'NONE', #3954, .T. ) ;
#2455 = CARTESIAN_POINT ( 'NONE',  ( -29.25392844999999298, 10.00459103742922018, -18.51116441428521497 ) ) ;
#2456 = ORIENTED_EDGE ( 'NONE', *, *, #353, .F. ) ;
#2457 = LINE ( 'NONE', #4269, #2444 ) ;
#2458 = DIRECTION ( 'NONE',  ( 0.9999999999972466469, -2.346656663880867191E-06, -1.514447904225408482E-10 ) ) ;
#2459 = FACE_OUTER_BOUND ( 'NONE', #2151, .T. ) ;
#2460 = CARTESIAN_POINT ( 'NONE',  ( 184.9999812859999793, 176.7067617446870713, -20.00055044824588890 ) ) ;
#2461 = DIRECTION ( 'NONE',  ( 1.000000000000000000, 0.000000000000000000, -2.237099353233347089E-12 ) ) ;
#2462 = VERTEX_POINT ( 'NONE', #4667 ) ;
#2463 = CIRCLE ( 'NONE', #3464, 125.9042811879999846 ) ;
#2464 = ORIENTED_EDGE ( 'NONE', *, *, #427, .F. ) ;
#2465 = ORIENTED_EDGE ( 'NONE', *, *, #3251, .T. ) ;
#2466 = AXIS2_PLACEMENT_3D ( 'NONE', #3608, #4289, #2092 ) ;
#2467 = DIRECTION ( 'NONE',  ( -2.346656668809893366E-06, -0.9999999979758408264, -6.358310597842638343E-05 ) ) ;
#2468 = FACE_BOUND ( 'NONE', #1655, .T. ) ;
#2469 = ORIENTED_EDGE ( 'NONE', *, *, #3678, .F. ) ;
#2470 = FACE_OUTER_BOUND ( 'NONE', #1740, .T. ) ;
#2471 = VECTOR ( 'NONE', #1694, 999.9999999999998863 ) ;
#2472 = EDGE_CURVE ( 'NONE', #2709, #1560, #4356, .T. ) ;
#2473 = LINE ( 'NONE', #675, #2910 ) ;
#2474 = ORIENTED_EDGE ( 'NONE', *, *, #2005, .T. ) ;
#2475 = EDGE_LOOP ( 'NONE', ( #1512, #2911, #2161, #3994 ) ) ;
#2476 = EDGE_CURVE ( 'NONE', #986, #4413, #4746, .T. ) ;
#2477 = AXIS2_PLACEMENT_3D ( 'NONE', #4017, #2198, #3684 ) ;
#2478 = DIRECTION ( 'NONE',  ( 0.9999999815015169213, 0.0001923459529851214149, 1.222771583569501638E-08 ) ) ;
#2479 = DIRECTION ( 'NONE',  ( 2.237515728249334980E-12, -6.358310602959382773E-05, 0.9999999979785942905 ) ) ;
#2480 = CYLINDRICAL_SURFACE ( 'NONE', #4118, 2.500000046250000718 ) ;
#2481 = ORIENTED_EDGE ( 'NONE', *, *, #2447, .F. ) ;
#2482 = EDGE_CURVE ( 'NONE', #685, #3669, #4304, .T. ) ;
#2483 = CARTESIAN_POINT ( 'NONE',  ( -174.9996985989999985, 148.4071897155094462, -18.50236434678598130 ) ) ;
#2484 = LINE ( 'NONE', #2897, #1535 ) ;
#2485 = EDGE_CURVE ( 'NONE', #1384, #722, #4693, .T. ) ;
#2486 = DIRECTION ( 'NONE',  ( -2.235841141859335273E-12, 6.358310602959384129E-05, -0.9999999979785944015 ) ) ;
#2487 = CARTESIAN_POINT ( 'NONE',  ( -187.4996556579000071, 166.7061232388393535, -20.00120084636613882 ) ) ;
#2488 = ORIENTED_EDGE ( 'NONE', *, *, #250, .F. ) ;
#2489 = ORIENTED_EDGE ( 'NONE', *, *, #872, .F. ) ;
#2490 = ORIENTED_EDGE ( 'NONE', *, *, #1945, .T. ) ;
#2491 = CIRCLE ( 'NONE', #3098, 2.500000046250006047 ) ;
#2492 = CARTESIAN_POINT ( 'NONE',  ( 184.9999812859999793, 245.0050895948011203, -19.99620782852854006 ) ) ;
#2493 = DIRECTION ( 'NONE',  ( 2.237515728249334980E-12, -6.358310602959382773E-05, 0.9999999979785942905 ) ) ;
#2494 = DIRECTION ( 'NONE',  ( -0.9999999815015169213, -0.0001923459529740191847, -1.222771583569501638E-08 ) ) ;
#2495 = EDGE_LOOP ( 'NONE', ( #3105, #907, #622, #3432 ) ) ;
#2496 = VERTEX_POINT ( 'NONE', #1306 ) ;
#2497 = AXIS2_PLACEMENT_3D ( 'NONE', #2506, #4035, #3259 ) ;
#2498 = DESIGN_CONTEXT ( 'detailed design', #2021, 'design' ) ;
#2499 = DIRECTION ( 'NONE',  ( 2.237502838870259955E-12, -6.358310602959382773E-05, 0.9999999979785942905 ) ) ;
#2500 = CARTESIAN_POINT ( 'NONE',  ( 187.4999812859999793, 176.7034504834196014, 24.49944813687265821 ) ) ;
#2501 = CYLINDRICAL_SURFACE ( 'NONE', #3380, 2.500000046249999386 ) ;
#2502 = DIRECTION ( 'NONE',  ( 1.000000000000000000, 0.000000000000000000, -2.237099353233353148E-12 ) ) ;
#2503 = EDGE_LOOP ( 'NONE', ( #3828, #596 ) ) ;
#2504 = ORIENTED_EDGE ( 'NONE', *, *, #1210, .T. ) ;
#2505 = AXIS2_PLACEMENT_3D ( 'NONE', #1941, #1335, #2063 ) ;
#2506 = CARTESIAN_POINT ( 'NONE',  ( -194.9994719174999886, 245.0020243332035363, 26.00377813097112778 ) ) ;
#2507 = LINE ( 'NONE', #2398, #1690 ) ;
#2508 = DIRECTION ( 'NONE',  ( -0.9999999999972466469, 2.346656749532268341E-06, 1.514453192973134987E-10 ) ) ;
#2509 = ORIENTED_EDGE ( 'NONE', *, *, #2319, .T. ) ;
#2510 = VECTOR ( 'NONE', #767, 999.9999999999998863 ) ;
#2511 = DIRECTION ( 'NONE',  ( -2.237519291637614711E-12, 6.358310602959382773E-05, -0.9999999979785942905 ) ) ;
#2512 = ADVANCED_FACE ( 'NONE', ( #2785 ), #3167, .F. ) ;
#2513 = DIRECTION ( 'NONE',  ( 1.000000000000000000, 0.000000000000000000, -2.237099353233347089E-12 ) ) ;
#2514 = ORIENTED_EDGE ( 'NONE', *, *, #4274, .F. ) ;
#2515 = ORIENTED_EDGE ( 'NONE', *, *, #366, .F. ) ;
#2516 = ORIENTED_EDGE ( 'NONE', *, *, #2773, .F. ) ;
#2517 = LINE ( 'NONE', #3998, #3719 ) ;
#2518 = EDGE_CURVE ( 'NONE', #3568, #2619, #1589, .T. ) ;
#2519 = FACE_BOUND ( 'NONE', #1553, .T. ) ;
#2520 = FACE_OUTER_BOUND ( 'NONE', #23, .T. ) ;
#2521 = ORIENTED_EDGE ( 'NONE', *, *, #2034, .F. ) ;
#2522 = CIRCLE ( 'NONE', #3762, 2.500000046250006047 ) ;
#2523 = CIRCLE ( 'NONE', #2979, 2.500000046249998942 ) ;
#2524 = CARTESIAN_POINT ( 'NONE',  ( -187.4995148584999924, 226.7060277427129620, -18.49738586348761871 ) ) ;
#2525 = PLANE ( 'NONE',  #699 ) ;
#2526 = CARTESIAN_POINT ( 'NONE',  ( 187.4999812859999793, 196.7061854650444275, -18.49927882025276205 ) ) ;
#2527 = AXIS2_PLACEMENT_3D ( 'NONE', #3047, #4532, #3094 ) ;
#2528 = EDGE_LOOP ( 'NONE', ( #2986, #2973, #1348, #3417 ) ) ;
#2529 = VECTOR ( 'NONE', #1620, 999.9999999999998863 ) ;
#2530 = CARTESIAN_POINT ( 'NONE',  ( 184.9999812859999793, 226.7065708945017661, -16.99737129972492156 ) ) ;
#2531 = CARTESIAN_POINT ( 'NONE',  ( 49.25388635400002357, 20.00277049555104014, 25.98948462434952233 ) ) ;
#2532 = ORIENTED_EDGE ( 'NONE', *, *, #1709, .F. ) ;
#2533 = CIRCLE ( 'NONE', #1672, 2.500000046249998942 ) ;
#2534 = EDGE_CURVE ( 'NONE', #2810, #1432, #1471, .T. ) ;
#2535 = CARTESIAN_POINT ( 'NONE',  ( -194.9995852581999998, 196.7061407780393552, -19.99929335243927397 ) ) ;
#2536 = LINE ( 'NONE', #4780, #914 ) ;
#2537 = ORIENTED_EDGE ( 'NONE', *, *, #63, .T. ) ;
#2538 = EDGE_LOOP ( 'NONE', ( #4541, #4590, #3074, #1123 ) ) ;
#2539 = EDGE_CURVE ( 'NONE', #2654, #672, #4535, .T. ) ;
#2540 = FACE_BOUND ( 'NONE', #1984, .T. ) ;
#2541 = DIRECTION ( 'NONE',  ( 1.000000000000000000, 0.000000000000000000, -2.237099353233353148E-12 ) ) ;
#2542 = CYLINDRICAL_SURFACE ( 'NONE', #78, 2.500000046250007824 ) ;
#2543 = AXIS2_PLACEMENT_3D ( 'NONE', #4123, #1529, #1121 ) ;
#2544 = ORIENTED_EDGE ( 'NONE', *, *, #3972, .T. ) ;
#2545 = ORIENTED_EDGE ( 'NONE', *, *, #2162, .F. ) ;
#2546 = EDGE_CURVE ( 'NONE', #1406, #1786, #1493, .T. ) ;
#2547 = EDGE_CURVE ( 'NONE', #1811, #3307, #2947, .T. ) ;
#2548 = AXIS2_PLACEMENT_3D ( 'NONE', #382, #1858, #737 ) ;
#2549 = LINE ( 'NONE', #695, #1604 ) ;
#2550 = CARTESIAN_POINT ( 'NONE',  ( 71.75388635399998805, 10.00569628683482826, -20.01114981966167861 ) ) ;
#2551 = CARTESIAN_POINT ( 'NONE',  ( 182.4999812859999793, 166.7062809007057069, -20.00118631019401505 ) ) ;
#2552 = AXIS2_PLACEMENT_3D ( 'NONE', #2735, #1673, #3075 ) ;
#2553 = EDGE_LOOP ( 'NONE', ( #2090, #2759, #2977, #1301 ) ) ;
#2554 = ORIENTED_EDGE ( 'NONE', *, *, #4671, .F. ) ;
#2555 = APPLICATION_CONTEXT ( 'configuration controlled 3d designs of mechanical parts and assemblies' ) ;
#2556 = VECTOR ( 'NONE', #1818, 999.9999999999998863 ) ;
#2557 = DIRECTION ( 'NONE',  ( 0.9999999999972466469, -2.346656663291951017E-06, -1.514454323900556519E-10 ) ) ;
#2558 = CARTESIAN_POINT ( 'NONE',  ( -174.9994719174999886, 245.0021681487755814, 23.00377813344100986 ) ) ;
#2559 = DIRECTION ( 'NONE',  ( -0.9999999815015170324, -0.0001923459528262196874, -1.222771583569494855E-08 ) ) ;
#2560 = EDGE_LOOP ( 'NONE', ( #3359, #2185, #3757, #956 ) ) ;
#2561 = CIRCLE ( 'NONE', #2173, 2.500000046250006047 ) ;
#2562 = DIRECTION ( 'NONE',  ( 2.346656762909893781E-06, 0.9999999979758408264, 6.358310597842638343E-05 ) ) ;
#2563 = PRODUCT ( 'Link3StellConnectors_Default_sldprt', 'Link3StellConnectors_Default_sldprt', '', ( #67 ) ) ;
#2564 = CARTESIAN_POINT ( 'NONE',  ( 29.25388635400000226, 10.00228965092009403, 25.98884876343485217 ) ) ;
#2565 = CARTESIAN_POINT ( 'NONE',  ( -207.7000187139471166, 48.40747228670420554, -20.00870811508223568 ) ) ;
#2566 = VERTEX_POINT ( 'NONE', #2970 ) ;
#2567 = ORIENTED_EDGE ( 'NONE', *, *, #2472, .T. ) ;
#2568 = DIRECTION ( 'NONE',  ( 1.000000000000000000, 0.000000000000000000, -2.237099353233347089E-12 ) ) ;
#2569 = EDGE_CURVE ( 'NONE', #1868, #3213, #4067, .T. ) ;
#2570 = DIRECTION ( 'NONE',  ( -1.000000000000000000, 1.109988014813197722E-13, 2.237518845630834109E-12 ) ) ;
#2571 = CARTESIAN_POINT ( 'NONE',  ( -184.9996556590999717, 166.7055411333011818, -18.50120088034465482 ) ) ;
#2572 = ORIENTED_EDGE ( 'NONE', *, *, #2843, .T. ) ;
#2573 = FACE_OUTER_BOUND ( 'NONE', #2409, .T. ) ;
#2574 = ADVANCED_FACE ( 'NONE', ( #4450 ), #4353, .F. ) ;
#2575 = EDGE_CURVE ( 'NONE', #531, #948, #2749, .T. ) ;
#2576 = LINE ( 'NONE', #11, #1789 ) ;
#2577 = CARTESIAN_POINT ( 'NONE',  ( 174.9999812860000361, 245.0021638234561010, 26.00379078418052359 ) ) ;
#2578 = VERTEX_POINT ( 'NONE', #1039 ) ;
#2579 = VERTEX_POINT ( 'NONE', #3643 ) ;
#2580 = AXIS2_PLACEMENT_3D ( 'NONE', #1122, #3048, #1639 ) ;
#2581 = DIRECTION ( 'NONE',  ( 1.000000000000000000, 2.204498159533141924E-16, -2.237510519472150406E-12 ) ) ;
#2582 = EDGE_CURVE ( 'NONE', #3669, #3234, #739, .T. ) ;
#2583 = AXIS2_PLACEMENT_3D ( 'NONE', #2891, #3629, #2141 ) ;
#2584 = ORIENTED_EDGE ( 'NONE', *, *, #2065, .F. ) ;
#2585 = LINE ( 'NONE', #3636, #1607 ) ;
#2586 = CARTESIAN_POINT ( 'NONE',  ( -184.9996556590999717, 166.7027113071034989, 25.99879961743262058 ) ) ;
#2587 = VERTEX_POINT ( 'NONE', #1133 ) ;
#2588 = CIRCLE ( 'NONE', #181, 2.500000046249998942 ) ;
#2589 = VERTEX_POINT ( 'NONE', #2616 ) ;
#2590 = AXIS2_PLACEMENT_3D ( 'NONE', #2373, #3859, #2093 ) ;
#2591 = EDGE_CURVE ( 'NONE', #1896, #1014, #359, .T. ) ;
#2592 = FACE_BOUND ( 'NONE', #3826, .T. ) ;
#2593 = CARTESIAN_POINT ( 'NONE',  ( -51.75392844899997868, 10.00239025109064883, 24.48883612101757024 ) ) ;
#2594 = DIRECTION ( 'NONE',  ( -2.235841141859335273E-12, 6.358310602959384129E-05, -0.9999999979785944015 ) ) ;
#2595 = DIRECTION ( 'NONE',  ( -0.9999999999972466469, 2.346656663868109181E-06, 1.514457442253808449E-10 ) ) ;
#2596 = VERTEX_POINT ( 'NONE', #4089 ) ;
#2597 = EDGE_CURVE ( 'NONE', #4025, #97, #502, .T. ) ;
#2598 = FACE_OUTER_BOUND ( 'NONE', #480, .T. ) ;
#2599 = CYLINDRICAL_SURFACE ( 'NONE', #4059, 2.500000046250007824 ) ;
#2600 = EDGE_LOOP ( 'NONE', ( #3663, #3730 ) ) ;
#2601 = ORIENTED_EDGE ( 'NONE', *, *, #2628, .T. ) ;
#2602 = ADVANCED_FACE ( 'NONE', ( #2540, #1110, #1838, #2924, #1398, #2883, #3734, #688, #1085, #2519, #2181, #2224, #331 ), #4402, .T. ) ;
#2603 = CIRCLE ( 'NONE', #3372, 2.500000046250006047 ) ;
#2604 = FACE_OUTER_BOUND ( 'NONE', #118, .T. ) ;
#2605 = DIRECTION ( 'NONE',  ( 2.235841141859335273E-12, -6.358310602959384129E-05, 0.9999999979785944015 ) ) ;
#2606 = ORIENTED_EDGE ( 'NONE', *, *, #2591, .T. ) ;
#2607 = ORIENTED_EDGE ( 'NONE', *, *, #1020, .T. ) ;
#2608 = VECTOR ( 'NONE', #4259, 999.9999999999998863 ) ;
#2609 = ADVANCED_FACE ( 'NONE', ( #3317 ), #3711, .F. ) ;
#2610 = DIRECTION ( 'NONE',  ( -2.234767775589999604E-12, -0.04954705606199365231, -0.9987717903683451803 ) ) ;
#2611 = CARTESIAN_POINT ( 'NONE',  ( -184.9995383239999853, 216.7036729355503155, 26.00197883321783721 ) ) ;
#2612 = CIRCLE ( 'NONE', #2758, 2.500000046250006047 ) ;
#2613 = DIRECTION ( 'NONE',  ( -1.000000000000000000, 4.734990915607294200E-17, 2.238113973790748292E-12 ) ) ;
#2614 = ORIENTED_EDGE ( 'NONE', *, *, #1637, .T. ) ;
#2615 = ORIENTED_EDGE ( 'NONE', *, *, #1581, .F. ) ;
#2616 = CARTESIAN_POINT ( 'NONE',  ( -187.4996321913999964, 176.7059324693072142, -17.00056502109570289 ) ) ;
#2617 = FACE_BOUND ( 'NONE', #2202, .T. ) ;
#2618 = CARTESIAN_POINT ( 'NONE',  ( 79.99998128699998290, 20.00560089199950298, -18.51051399137043774 ) ) ;
#2619 = VERTEX_POINT ( 'NONE', #3411 ) ;
#2620 = DIRECTION ( 'NONE',  ( -2.237511783459335038E-12, 6.358310602959382773E-05, -0.9999999979785942905 ) ) ;
#2621 = LINE ( 'NONE', #1071, #3437 ) ;
#2622 = ORIENTED_EDGE ( 'NONE', *, *, #2485, .F. ) ;
#2623 = VERTEX_POINT ( 'NONE', #3388 ) ;
#2624 = AXIS2_PLACEMENT_3D ( 'NONE', #4391, #3263, #1103 ) ;
#2625 = EDGE_CURVE ( 'NONE', #779, #1700, #2147, .T. ) ;
#2626 = DIRECTION ( 'NONE',  ( 1.000000000000000000, 2.204498159533141924E-16, -2.237510519472150406E-12 ) ) ;
#2627 = AXIS2_PLACEMENT_3D ( 'NONE', #2846, #2115, #984 ) ;
#2628 = EDGE_CURVE ( 'NONE', #3416, #4170, #3455, .T. ) ;
#2629 = DIRECTION ( 'NONE',  ( 0.9999999999972466469, -2.346656663799866701E-06, -1.514451759093130213E-10 ) ) ;
#2630 = ORIENTED_EDGE ( 'NONE', *, *, #839, .T. ) ;
#2631 = LINE ( 'NONE', #4443, #4622 ) ;
#2632 = CARTESIAN_POINT ( 'NONE',  ( 59.25388635399997384, 10.00325138060844488, 25.98884882363400450 ) ) ;
#2633 = DIRECTION ( 'NONE',  ( 2.237515728249334980E-12, -6.358310602959382773E-05, 0.9999999979785942905 ) ) ;
#2634 =( NAMED_UNIT ( * ) SI_UNIT ( $, .STERADIAN. ) SOLID_ANGLE_UNIT ( ) );
#2635 = AXIS2_PLACEMENT_3D ( 'NONE', #850, #804, #2358 ) ;
#2636 = EDGE_CURVE ( 'NONE', #1312, #3715, #1182, .T. ) ;
#2637 = ORIENTED_EDGE ( 'NONE', *, *, #2569, .T. ) ;
#2638 = EDGE_LOOP ( 'NONE', ( #1520, #583, #4326, #389 ) ) ;
#2639 = CIRCLE ( 'NONE', #80, 2.500000046250006047 ) ;
#2640 = CARTESIAN_POINT ( 'NONE',  ( -51.75392844899997868, 10.00248562578744504, 22.98883612403831833 ) ) ;
#2641 = CARTESIAN_POINT ( 'NONE',  ( -174.9994719174999886, 245.0020727745781812, 24.50377813039542119 ) ) ;
#2642 = DIRECTION ( 'NONE',  ( 2.237515728249334980E-12, -6.358310602959382773E-05, 0.9999999979785942905 ) ) ;
#2643 = CARTESIAN_POINT ( 'NONE',  ( -182.4996087247999981, 186.7061114650697675, -19.99992918538412567 ) ) ;
#2644 = AXIS2_PLACEMENT_3D ( 'NONE', #110, #1973, #4605 ) ;
#2645 = ADVANCED_FACE ( 'NONE', ( #849 ), #2335, .F. ) ;
#2646 = ORIENTED_EDGE ( 'NONE', *, *, #3116, .T. ) ;
#2647 = VERTEX_POINT ( 'NONE', #1981 ) ;
#2648 = CARTESIAN_POINT ( 'NONE',  ( 187.4999812859999793, 196.7033550689451147, 26.00071979645113274 ) ) ;
#2649 = CIRCLE ( 'NONE', #20, 2.500000046250006047 ) ;
#2650 = VERTEX_POINT ( 'NONE', #2357 ) ;
#2651 = EDGE_CURVE ( 'NONE', #1406, #2722, #350, .T. ) ;
#2652 = LINE ( 'NONE', #3723, #4015 ) ;
#2653 = CARTESIAN_POINT ( 'NONE',  ( -194.9996985988999825, 148.4045975725269386, 22.99763616060454652 ) ) ;
#2654 = VERTEX_POINT ( 'NONE', #3801 ) ;
#2655 = LINE ( 'NONE', #4127, #4094 ) ;
#2656 = DIRECTION ( 'NONE',  ( 2.237515728249334980E-12, -6.358310602959382773E-05, 0.9999999979785942905 ) ) ;
#2657 = PERSON_AND_ORGANIZATION_ROLE ( 'design_owner' ) ;
#2658 = ORIENTED_EDGE ( 'NONE', *, *, #2072, .T. ) ;
#2659 = ORIENTED_EDGE ( 'NONE', *, *, #3090, .T. ) ;
#2660 = EDGE_CURVE ( 'NONE', #13, #326, #2283, .T. ) ;
#2661 = ADVANCED_FACE ( 'NONE', ( #2663 ), #4476, .F. ) ;
#2662 = FACE_BOUND ( 'NONE', #3256, .T. ) ;
#2663 = FACE_OUTER_BOUND ( 'NONE', #4020, .T. ) ;
#2664 = CYLINDRICAL_SURFACE ( 'NONE', #2635, 153.2525527960000602 ) ;
#2665 = EDGE_LOOP ( 'NONE', ( #3747, #881 ) ) ;
#2666 = AXIS2_PLACEMENT_3D ( 'NONE', #3976, #2133, #186 ) ;
#2667 = ORIENTED_EDGE ( 'NONE', *, *, #3403, .F. ) ;
#2668 = ADVANCED_FACE ( 'NONE', ( #803 ), #2702, .F. ) ;
#2669 = CIRCLE ( 'NONE', #1734, 2.500000046249998942 ) ;
#2670 = ADVANCED_FACE ( 'NONE', ( #4157 ), #3363, .F. ) ;
#2671 = VECTOR ( 'NONE', #2269, 999.9999999999998863 ) ;
#2672 = CYLINDRICAL_SURFACE ( 'NONE', #3266, 2.500000046249999386 ) ;
#2673 = VERTEX_POINT ( 'NONE', #1563 ) ;
#2674 = CARTESIAN_POINT ( 'NONE',  ( -49.25361847299997464, 142.0947359606840621, 25.99723496577357906 ) ) ;
#2675 = ORIENTED_EDGE ( 'NONE', *, *, #1825, .T. ) ;
#2676 = VECTOR ( 'NONE', #4743, 999.9999999999998863 ) ;
#2677 = DIRECTION ( 'NONE',  ( -2.237491773503294841E-12, 6.358310602959382773E-05, -0.9999999979785942905 ) ) ;
#2678 = CARTESIAN_POINT ( 'NONE',  ( 174.9999812860000361, 148.4072813353372737, -17.00234981097820253 ) ) ;
#2679 = CIRCLE ( 'NONE', #2743, 2.500000046250006047 ) ;
#2680 = CARTESIAN_POINT ( 'NONE',  ( -182.4996556579000071, 166.7033770543948776, 22.99879965376388924 ) ) ;
#2681 = ORIENTED_EDGE ( 'NONE', *, *, #217, .T. ) ;
#2682 = CARTESIAN_POINT ( 'NONE',  ( -184.9995148573999870, 226.7065981158069121, -19.99738583020191385 ) ) ;
#2683 = VECTOR ( 'NONE', #1790, 999.9999999999998863 ) ;
#2684 = LINE ( 'NONE', #3435, #421 ) ;
#2685 = FACE_OUTER_BOUND ( 'NONE', #2553, .T. ) ;
#2687 = EDGE_CURVE ( 'NONE', #3414, #1951, #2522, .T. ) ;
#2686 = EDGE_LOOP ( 'NONE', ( #4292, #2646, #1324, #3088 ) ) ;
#2688 = EDGE_CURVE ( 'NONE', #3829, #1546, #3902, .T. ) ;
#2689 = ORIENTED_EDGE ( 'NONE', *, *, #2951, .F. ) ;
#2690 = EDGE_CURVE ( 'NONE', #1258, #2437, #1159, .T. ) ;
#2691 = DIRECTION ( 'NONE',  ( 1.000000000000000000, 0.000000000000000000, -2.237099353233353148E-12 ) ) ;
#2692 = DIRECTION ( 'NONE',  ( -2.237518357055380286E-12, 6.358310602959382773E-05, -0.9999999979785942905 ) ) ;
#2693 = AXIS2_PLACEMENT_3D ( 'NONE', #4099, #391, #771 ) ;
#2694 = VERTEX_POINT ( 'NONE', #1956 ) ;
#2695 = AXIS2_PLACEMENT_3D ( 'NONE', #4449, #71, #1132 ) ;
#2696 = DIRECTION ( 'NONE',  ( 1.000000000000000000, 0.000000000000000000, -2.237099353233347089E-12 ) ) ;
#2697 = CARTESIAN_POINT ( 'NONE',  ( 184.9999812859999793, 206.7040266623201035, 23.00135566444077995 ) ) ;
#2698 = CARTESIAN_POINT ( 'NONE',  ( -184.9996087236999927, 186.7036729970141948, 26.00007134023102395 ) ) ;
#2699 = VERTEX_POINT ( 'NONE', #4522 ) ;
#2700 = AXIS2_PLACEMENT_3D ( 'NONE', #1469, #2944, #2132 ) ;
#2701 = ORIENTED_EDGE ( 'NONE', *, *, #1034, .T. ) ;
#2702 = CYLINDRICAL_SURFACE ( 'NONE', #1658, 2.500000046249999386 ) ;
#2703 = DIRECTION ( 'NONE',  ( -2.237501635405889936E-12, 6.358310602959382773E-05, -0.9999999979785942905 ) ) ;
#2704 = DIRECTION ( 'NONE',  ( 0.9999999810473936268, -0.0001946926095850176077, -1.238139845503561810E-08 ) ) ;
#2705 = ORIENTED_EDGE ( 'NONE', *, *, #3403, .T. ) ;
#2706 = ORIENTED_EDGE ( 'NONE', *, *, #3732, .T. ) ;
#2707 = AXIS2_PLACEMENT_3D ( 'NONE', #2940, #4369, #1414 ) ;
#2708 = DIRECTION ( 'NONE',  ( 1.000000000000000000, 1.811100377073350216E-16, -2.237501322100557132E-12 ) ) ;
#2709 = VERTEX_POINT ( 'NONE', #1200 ) ;
#2710 = EDGE_CURVE ( 'NONE', #986, #2902, #2684, .T. ) ;
#2711 = CYLINDRICAL_SURFACE ( 'NONE', #371, 2.500000046249999386 ) ;
#2712 = FACE_OUTER_BOUND ( 'NONE', #1623, .T. ) ;
#2713 = CARTESIAN_POINT ( 'NONE',  ( 184.9999812859999793, 206.7029695578853818, 24.50135560022209802 ) ) ;
#2714 = ORIENTED_EDGE ( 'NONE', *, *, #2957, .T. ) ;
#2715 = CIRCLE ( 'NONE', #3181, 2.500000046249998942 ) ;
#2716 = EDGE_LOOP ( 'NONE', ( #1878, #3924 ) ) ;
#2717 = EDGE_CURVE ( 'NONE', #3371, #3045, #3128, .T. ) ;
#2718 = DIRECTION ( 'NONE',  ( -2.235841141859335273E-12, 6.358310602959384129E-05, -0.9999999979785944015 ) ) ;
#2719 = DIRECTION ( 'NONE',  ( 2.237509571765500028E-12, -6.358310602959382773E-05, 0.9999999979785942905 ) ) ;
#2720 = FACE_OUTER_BOUND ( 'NONE', #4486, .T. ) ;
#2721 = CALENDAR_DATE ( 2026, 12, 7 ) ;
#2722 = VERTEX_POINT ( 'NONE', #2893 ) ;
#2723 = DIRECTION ( 'NONE',  ( 1.000000000000000000, 0.000000000000000000, -2.237099353233347089E-12 ) ) ;
#2724 = CARTESIAN_POINT ( 'NONE',  ( 187.4999812859999793, 176.7060901311735961, -17.00055048492360399 ) ) ;
#2725 = DIRECTION ( 'NONE',  ( 1.000000000000000000, 0.000000000000000000, -2.237099353233347089E-12 ) ) ;
#2726 = EDGE_LOOP ( 'NONE', ( #3647, #879 ) ) ;
#2727 = AXIS2_PLACEMENT_3D ( 'NONE', #171, #3118, #3880 ) ;
#2728 = VERTEX_POINT ( 'NONE', #4363 ) ;
#2729 = ORIENTED_EDGE ( 'NONE', *, *, #3989, .T. ) ;
#2730 = ORIENTED_EDGE ( 'NONE', *, *, #865, .F. ) ;
#2731 = CARTESIAN_POINT ( 'NONE',  ( 36.75388635400000936, 10.00296126513271133, 22.98884880007784304 ) ) ;
#2732 = CARTESIAN_POINT ( 'NONE',  ( -184.9996321902000034, 176.7036730171527381, 25.99943550891897814 ) ) ;
#2733 = VERTEX_POINT ( 'NONE', #1846 ) ;
#2734 = ADVANCED_FACE ( 'NONE', ( #1777 ), #1387, .F. ) ;
#2735 = CARTESIAN_POINT ( 'NONE',  ( 184.9999812859999793, 226.7038358725999103, 26.00262732002450861 ) ) ;
#2736 = EDGE_CURVE ( 'NONE', #3049, #3213, #4340, .T. ) ;
#2737 = CARTESIAN_POINT ( 'NONE',  ( 184.9999812859999793, 166.7067617648256146, -20.00118627955788142 ) ) ;
#2738 = DIRECTION ( 'NONE',  ( 2.237515728249334980E-12, -6.358310602959382773E-05, 0.9999999979785942905 ) ) ;
#2739 = ORIENTED_EDGE ( 'NONE', *, *, #4658, .T. ) ;
#2740 = EDGE_CURVE ( 'NONE', #1072, #3459, #168, .T. ) ;
#2741 = DIRECTION ( 'NONE',  ( 1.000000000000000000, 0.000000000000000000, -2.237099353233347089E-12 ) ) ;
#2742 = FACE_OUTER_BOUND ( 'NONE', #1491, .T. ) ;
#2743 = AXIS2_PLACEMENT_3D ( 'NONE', #4585, #1954, #2741 ) ;
#2744 = FACE_OUTER_BOUND ( 'NONE', #2686, .T. ) ;
#2745 = CARTESIAN_POINT ( 'NONE',  ( 41.75388635400001647, 10.00560091223789883, -18.51114982268739340 ) ) ;
#2746 = AXIS2_PLACEMENT_3D ( 'NONE', #3601, #1069, #2842 ) ;
#2747 = CARTESIAN_POINT ( 'NONE',  ( -18.50781004999998913, 20.00231221365903878, 24.48947194685002771 ) ) ;
#2748 = ORIENTED_EDGE ( 'NONE', *, *, #2425, .T. ) ;
#2749 = CIRCLE ( 'NONE', #2362, 2.500000046250006047 ) ;
#2750 = EDGE_LOOP ( 'NONE', ( #2544, #2516, #3187, #2705 ) ) ;
#2751 = VECTOR ( 'NONE', #1193, 1000.000000000000000 ) ;
#2752 = CIRCLE ( 'NONE', #4609, 2.500000046250006047 ) ;
#2753 = CARTESIAN_POINT ( 'NONE',  ( -49.25361847299997464, 142.0974704117854230, -17.00276553500465582 ) ) ;
#2754 = LINE ( 'NONE', #4225, #1918 ) ;
#2755 = CARTESIAN_POINT ( 'NONE',  ( -184.9996556568000017, 166.7036730373407920, 25.99879967860577068 ) ) ;
#2756 = CARTESIAN_POINT ( 'NONE',  ( 69.25388635399998805, 10.00325138060844488, 25.98884882363400450 ) ) ;
#2757 = ORIENTED_EDGE ( 'NONE', *, *, #2102, .T. ) ;
#2758 = AXIS2_PLACEMENT_3D ( 'NONE', #2240, #1972, #2696 ) ;
#2759 = ORIENTED_EDGE ( 'NONE', *, *, #4027, .F. ) ;
#2760 = PLANE ( 'NONE',  #1590 ) ;
#2761 = DIRECTION ( 'NONE',  ( 1.000000000000000000, 0.000000000000000000, -2.237099353233347089E-12 ) ) ;
#2762 = ORIENTED_EDGE ( 'NONE', *, *, #3526, .F. ) ;
#2763 = CARTESIAN_POINT ( 'NONE',  ( 184.9999812859999793, 206.7057045797872377, -18.49864301952736056 ) ) ;
#2764 = EDGE_CURVE ( 'NONE', #1024, #2396, #2332, .T. ) ;
#2765 = AXIS2_PLACEMENT_3D ( 'NONE', #1282, #4258, #1238 ) ;
#2766 = CARTESIAN_POINT ( 'NONE',  ( 29.25388635400000226, 10.00238502551702169, 24.48884876646057052 ) ) ;
#2767 = DIRECTION ( 'NONE',  ( 1.164211890203476022E-07, 0.04954705606199331924, 0.9987717903683384080 ) ) ;
#2768 = CARTESIAN_POINT ( 'NONE',  ( -39.25392845000000364, 10.00178467831729101, 25.98883608476867835 ) ) ;
#2769 = EDGE_LOOP ( 'NONE', ( #4661, #4446 ) ) ;
#2770 = CARTESIAN_POINT ( 'NONE',  ( -29.25392844999999298, 10.00449566283230141, -17.01116441731090489 ) ) ;
#2771 = CIRCLE ( 'NONE', #4479, 2.500000046250006047 ) ;
#2772 = ADVANCED_FACE ( 'NONE', ( #3279 ), #2871, .F. ) ;
#2773 = EDGE_CURVE ( 'NONE', #237, #1059, #4754, .T. ) ;
#2774 = DIRECTION ( 'NONE',  ( -1.000000000000000000, -4.504620681532429303E-11, 2.234651555022304295E-12 ) ) ;
#2775 = DIRECTION ( 'NONE',  ( 2.237497139219650001E-12, -6.358310602959382773E-05, 0.9999999979785942905 ) ) ;
#2776 = AXIS2_PLACEMENT_3D ( 'NONE', #414, #3051, #1897 ) ;
#2777 = DIRECTION ( 'NONE',  ( 2.235841141859335273E-12, -6.358310602959384129E-05, 0.9999999979785944015 ) ) ;
#2778 = ORIENTED_EDGE ( 'NONE', *, *, #2651, .T. ) ;
#2779 = ORIENTED_EDGE ( 'NONE', *, *, #2547, .F. ) ;
#2780 = ORIENTED_EDGE ( 'NONE', *, *, #3793, .F. ) ;
#2781 = AXIS2_PLACEMENT_3D ( 'NONE', #2314, #3802, #4158 ) ;
#2782 = DIRECTION ( 'NONE',  ( 1.000000000000000000, 0.000000000000000000, -2.237099353233353148E-12 ) ) ;
#2783 = EDGE_CURVE ( 'NONE', #4417, #3239, #2040, .T. ) ;
#2784 = DIRECTION ( 'NONE',  ( -2.237495710241235165E-12, 6.358310602959382773E-05, -0.9999999979785942905 ) ) ;
#2785 = FACE_OUTER_BOUND ( 'NONE', #3584, .T. ) ;
#2786 = DIRECTION ( 'NONE',  ( -2.237515728249334980E-12, 6.358310602959382773E-05, -0.9999999979785942905 ) ) ;
#2787 = CARTESIAN_POINT ( 'NONE',  ( -182.4995383250999907, 216.7032815794057683, 24.50197880528084937 ) ) ;
#2788 = ORIENTED_EDGE ( 'NONE', *, *, #2476, .T. ) ;
#2789 = VECTOR ( 'NONE', #3035, 999.9999999999998863 ) ;
#2790 = CARTESIAN_POINT ( 'NONE',  ( -182.4995148584999924, 226.7060160102687121, -18.49738586418042630 ) ) ;
#2791 = CARTESIAN_POINT ( 'NONE',  ( 184.9999812859999793, 196.7057045999257525, -18.49927885083935308 ) ) ;
#2792 = ORIENTED_EDGE ( 'NONE', *, *, #3438, .T. ) ;
#2793 = DIRECTION ( 'NONE',  ( -2.346656668789893647E-06, -0.9999999979758408264, -6.358310597842638343E-05 ) ) ;
#2794 = CARTESIAN_POINT ( 'NONE',  ( 184.9999812859999793, 226.7029695175588131, 24.50262726184734774 ) ) ;
#2795 = CARTESIAN_POINT ( 'NONE',  ( 29.25388635400000226, 10.00334675530525885, 24.48884882665478102 ) ) ;
#2796 = CALENDAR_DATE ( 2026, 12, 7 ) ;
#2797 = ORIENTED_EDGE ( 'NONE', *, *, #493, .F. ) ;
#2798 = CYLINDRICAL_SURFACE ( 'NONE', #3054, 2.500000046250013153 ) ;
#2799 = EDGE_CURVE ( 'NONE', #562, #781, #4387, .T. ) ;
#2800 = CARTESIAN_POINT ( 'NONE',  ( -80.00004684799999666, 0.005095631634026431822, -17.01180021026585365 ) ) ;
#2801 = DIRECTION ( 'NONE',  ( 1.000000000000000000, 0.000000000000000000, -2.237099353233347089E-12 ) ) ;
#2802 = LINE ( 'NONE', #3823, #1713 ) ;
#2803 = EDGE_LOOP ( 'NONE', ( #1618, #2361 ) ) ;
#2804 = ORIENTED_EDGE ( 'NONE', *, *, #995, .T. ) ;
#2805 = ORIENTED_EDGE ( 'NONE', *, *, #1855, .T. ) ;
#2806 = EDGE_CURVE ( 'NONE', #3630, #1384, #367, .T. ) ;
#2807 = ADVANCED_FACE ( 'NONE', ( #3984 ), #2193, .F. ) ;
#2808 = DIRECTION ( 'NONE',  ( 2.235841141859335273E-12, -6.358310602959384129E-05, 0.9999999979785944015 ) ) ;
#2809 = FACE_BOUND ( 'NONE', #4637, .T. ) ;
#2810 = VERTEX_POINT ( 'NONE', #655 ) ;
#2811 = ORIENTED_EDGE ( 'NONE', *, *, #512, .T. ) ;
#2812 = ADVANCED_FACE ( 'NONE', ( #1025 ), #2146, .F. ) ;
#2813 = FACE_OUTER_BOUND ( 'NONE', #4250, .T. ) ;
#2814 = CARTESIAN_POINT ( 'NONE',  ( 194.9999812859999793, 148.4047370627794749, 22.99764881381399917 ) ) ;
#2815 = DIRECTION ( 'NONE',  ( 0.9999999999972466469, -2.346656663799866701E-06, -1.514451759093130213E-10 ) ) ;
#2816 = VECTOR ( 'NONE', #388, 1000.000000000000114 ) ;
#2817 = EDGE_LOOP ( 'NONE', ( #753, #2481, #1853, #1745 ) ) ;
#2818 = EDGE_LOOP ( 'NONE', ( #3097, #1474, #3262, #3439 ) ) ;
#2819 = AXIS2_PLACEMENT_3D ( 'NONE', #2794, #2719, #223 ) ;
#2820 = CIRCLE ( 'NONE', #1886, 2.500000046249998942 ) ;
#2821 = CARTESIAN_POINT ( 'NONE',  ( 71.75388635399998805, 10.00277051568956566, 25.98884879303750495 ) ) ;
#2822 = FACE_BOUND ( 'NONE', #192, .T. ) ;
#2823 = DIRECTION ( 'NONE',  ( 1.000000000000000000, 0.000000000000000000, -2.237099353233347089E-12 ) ) ;
#2824 = FACE_OUTER_BOUND ( 'NONE', #3366, .T. ) ;
#2825 = COORDINATED_UNIVERSAL_TIME_OFFSET ( 3, 30, .AHEAD. ) ;
#2826 = ORIENTED_EDGE ( 'NONE', *, *, #3310, .T. ) ;
#2827 = LINE ( 'NONE', #4710, #274 ) ;
#2828 = FACE_BOUND ( 'NONE', #3893, .T. ) ;
#2829 = DIRECTION ( 'NONE',  ( 2.346656762909893781E-06, 0.9999999979758408264, 6.358310597842638343E-05 ) ) ;
#2830 = CARTESIAN_POINT ( 'NONE',  ( 174.9999812860000361, 245.0050895948011203, -19.99620782852854006 ) ) ;
#2831 = ORIENTED_EDGE ( 'NONE', *, *, #2546, .T. ) ;
#2832 = ORIENTED_EDGE ( 'NONE', *, *, #1320, .F. ) ;
#2833 = ORIENTED_EDGE ( 'NONE', *, *, #2088, .F. ) ;
#2834 = CLOSED_SHELL ( 'NONE', ( #2602, #3456, #938, #3499, #4574, #4375, #719, #4600, #2418, #1067, #4313, #3682, #1412, #347, #1522, #3624, #2574, #1763, #4497, #4302, #9, #3520, #1233, #4106, #2022, #1922, #1386, #4547, #3987, #2772, #2734, #436, #455, #3096 ) ) ;
#2835 = VECTOR ( 'NONE', #2808, 999.9999999999998863 ) ;
#2836 = DIRECTION ( 'NONE',  ( 1.000000000000000000, 0.000000000000000000, -2.237099353233353148E-12 ) ) ;
#2837 = ADVANCED_FACE ( 'NONE', ( #634 ), #1751, .F. ) ;
#2838 = DIRECTION ( 'NONE',  ( 2.235841141859335273E-12, -6.358310602959384129E-05, 0.9999999979785944015 ) ) ;
#2839 = ORIENTED_EDGE ( 'NONE', *, *, #4166, .T. ) ;
#2840 = CIRCLE ( 'NONE', #736, 2.500000046250006047 ) ;
#2841 = AXIS2_PLACEMENT_3D ( 'NONE', #875, #132, #72 ) ;
#2842 = DIRECTION ( 'NONE',  ( 0.9999999988812814378, -2.343652870069387279E-06, -4.724346023933930991E-05 ) ) ;
#2843 = EDGE_CURVE ( 'NONE', #747, #2650, #4640, .T. ) ;
#2844 = CARTESIAN_POINT ( 'NONE',  ( -49.25390498199999456, 20.00521418987936784, -20.01052854674334469 ) ) ;
#2845 = EDGE_LOOP ( 'NONE', ( #2177, #513 ) ) ;
#2846 = CARTESIAN_POINT ( 'NONE',  ( -69.25392844700000694, 10.00300755715757184, 22.98883615691585547 ) ) ;
#2847 = CARTESIAN_POINT ( 'NONE',  ( -174.9994719174999886, 245.0019773993820138, 26.00377812739945682 ) ) ;
#2848 = CARTESIAN_POINT ( 'NONE',  ( 187.4999812859999793, 206.7062808191033128, -19.99864298589520928 ) ) ;
#2849 = DIRECTION ( 'NONE',  ( -2.235841141859335273E-12, 6.358310602959384129E-05, -0.9999999979785944015 ) ) ;
#2850 = EDGE_LOOP ( 'NONE', ( #4075, #1596 ) ) ;
#2851 = DIRECTION ( 'NONE',  ( -2.237511783459335038E-12, 6.358310602959382773E-05, -0.9999999979785942905 ) ) ;
#2852 = CYLINDRICAL_SURFACE ( 'NONE', #219, 2.500000046250007824 ) ;
#2853 = DIRECTION ( 'NONE',  ( -2.229705310043784023E-12, 6.358310606050657297E-05, -0.9999999979785944015 ) ) ;
#2854 = ORIENTED_EDGE ( 'NONE', *, *, #322, .T. ) ;
#2855 = CIRCLE ( 'NONE', #3852, 2.500000046249998942 ) ;
#2856 = VERTEX_POINT ( 'NONE', #17 ) ;
#2857 = EDGE_LOOP ( 'NONE', ( #4163, #2456, #4330, #2882 ) ) ;
#2858 = VECTOR ( 'NONE', #776, 999.9999999999998863 ) ;
#2859 = DIRECTION ( 'NONE',  ( -0.9999999810473936268, 0.0001946926095517103748, 1.238139845503558336E-08 ) ) ;
#2860 = VERTEX_POINT ( 'NONE', #270 ) ;
#2861 = VERTEX_POINT ( 'NONE', #3230 ) ;
#2862 = AXIS2_PLACEMENT_3D ( 'NONE', #2135, #4255, #1278 ) ;
#2863 = FACE_OUTER_BOUND ( 'NONE', #2818, .T. ) ;
#2864 = CARTESIAN_POINT ( 'NONE',  ( 184.9999812859999793, 226.7028741433613845, 26.00262725880178749 ) ) ;
#2865 = AXIS2_PLACEMENT_3D ( 'NONE', #542, #4248, #3538 ) ;
#2866 = DIRECTION ( 'NONE',  ( 0.000000000000000000, -0.9999999979785944015, -6.358310602959384129E-05 ) ) ;
#2867 = DIRECTION ( 'NONE',  ( 2.237515728249334980E-12, -6.358310602959382773E-05, 0.9999999979785942905 ) ) ;
#2868 = ORIENTED_EDGE ( 'NONE', *, *, #725, .F. ) ;
#2869 = AXIS2_PLACEMENT_3D ( 'NONE', #2898, #3336, #22 ) ;
#2870 = EDGE_CURVE ( 'NONE', #1250, #3393, #4705, .T. ) ;
#2871 = PLANE ( 'NONE',  #1486 ) ;
#2872 = DIRECTION ( 'NONE',  ( -2.237509410309334820E-12, 6.358310602959382773E-05, -0.9999999979785942905 ) ) ;
#2873 = DIRECTION ( 'NONE',  ( 0.000000000000000000, 6.453681359708253430E-05, -0.9999999979174998277 ) ) ;
#2874 = ORIENTED_EDGE ( 'NONE', *, *, #2319, .F. ) ;
#2875 = CARTESIAN_POINT ( 'NONE',  ( 184.9999812859999793, 206.7039312881227033, 24.50135566139524812 ) ) ;
#2876 = EDGE_CURVE ( 'NONE', #2810, #709, #751, .T. ) ;
#2877 = CARTESIAN_POINT ( 'NONE',  ( -182.4995617916999890, 206.7032815995938222, 24.50134297496761704 ) ) ;
#2878 = DIRECTION ( 'NONE',  ( -2.237509410309334820E-12, 6.358310602959382773E-05, -0.9999999979785942905 ) ) ;
#2879 = VECTOR ( 'NONE', #2777, 999.9999999999998863 ) ;
#2880 = ORIENTED_EDGE ( 'NONE', *, *, #2322, .F. ) ;
#2881 = EDGE_LOOP ( 'NONE', ( #942, #2287 ) ) ;
#2882 = ORIENTED_EDGE ( 'NONE', *, *, #92, .T. ) ;
#2883 = FACE_BOUND ( 'NONE', #4436, .T. ) ;
#2884 = LINE ( 'NONE', #4002, #4714 ) ;
#2885 = ORIENTED_EDGE ( 'NONE', *, *, #1534, .F. ) ;
#2886 = ORIENTED_EDGE ( 'NONE', *, *, #1379, .F. ) ;
#2887 = CIRCLE ( 'NONE', #324, 2.500000046250006047 ) ;
#2888 = CARTESIAN_POINT ( 'NONE',  ( -36.75392844899999290, 10.00508950231285610, -18.51116438271396802 ) ) ;
#2889 = LINE ( 'NONE', #2111, #428 ) ;
#2890 = DIRECTION ( 'NONE',  ( 1.000000000000000000, 0.000000000000000000, -2.237099353233347089E-12 ) ) ;
#2891 = CARTESIAN_POINT ( 'NONE',  ( 184.9999812859999793, 216.7065709146898769, -16.99800713003821073 ) ) ;
#2892 = ORIENTED_EDGE ( 'NONE', *, *, #545, .F. ) ;
#2893 = CARTESIAN_POINT ( 'NONE',  ( -194.9996985988999825, 148.4071412741348013, -17.00236434621027470 ) ) ;
#2894 = EDGE_CURVE ( 'NONE', #3064, #2579, #3937, .T. ) ;
#2895 = LINE ( 'NONE', #4678, #3421 ) ;
#2896 = ORIENTED_EDGE ( 'NONE', *, *, #1385, .T. ) ;
#2897 = CARTESIAN_POINT ( 'NONE',  ( -71.75392844900000000, 10.00517163526486186, -18.51116437715305452 ) ) ;
#2898 = CARTESIAN_POINT ( 'NONE',  ( 59.25388635399997384, 10.00502467262221629, -17.01114985630466947 ) ) ;
#2899 = EDGE_CURVE ( 'NONE', #2106, #4676, #2855, .T. ) ;
#2900 = ORIENTED_EDGE ( 'NONE', *, *, #2899, .T. ) ;
#2901 = VERTEX_POINT ( 'NONE', #791 ) ;
#2902 = VERTEX_POINT ( 'NONE', #3028 ) ;
#2903 = CARTESIAN_POINT ( 'NONE',  ( 184.9999812859999793, 166.7040267429237304, 22.99881234019154874 ) ) ;
#2904 = CARTESIAN_POINT ( 'NONE',  ( 79.99998128699998290, 20.00296124484476934, 22.98948463039604562 ) ) ;
#2905 = CARTESIAN_POINT ( 'NONE',  ( 61.75388635399997384, 10.00286589038636897, 24.48884879605830989 ) ) ;
#2906 = ORIENTED_EDGE ( 'NONE', *, *, #3997, .F. ) ;
#2907 = AXIS2_PLACEMENT_3D ( 'NONE', #4616, #3246, #4720 ) ;
#2908 = DIRECTION ( 'NONE',  ( -2.237229812896614972E-12, 6.358310603059302846E-05, -0.9999999979785942905 ) ) ;
#2909 = DIRECTION ( 'NONE',  ( -2.237531600584425088E-12, 6.358310602959382773E-05, -0.9999999979785942905 ) ) ;
#2910 = VECTOR ( 'NONE', #216, 999.9999999999998863 ) ;
#2911 = ORIENTED_EDGE ( 'NONE', *, *, #4439, .F. ) ;
#2912 = CIRCLE ( 'NONE', #2144, 2.500000046250006047 ) ;
#2913 = LINE ( 'NONE', #3986, #98 ) ;
#2914 = VERTEX_POINT ( 'NONE', #4488 ) ;
#2915 = ADVANCED_FACE ( 'NONE', ( #4508 ), #81, .F. ) ;
#2916 = LINE ( 'NONE', #660, #4092 ) ;
#2917 = CARTESIAN_POINT ( 'NONE',  ( -184.9996087258999751, 186.7028066409743303, 24.50007128210343765 ) ) ;
#2918 = DIRECTION ( 'NONE',  ( 1.000000000000000000, 0.000000000000000000, -2.237099353233347089E-12 ) ) ;
#2919 = FACE_BOUND ( 'NONE', #4281, .T. ) ;
#2920 = EDGE_LOOP ( 'NONE', ( #1001, #4176, #1569, #1845 ) ) ;
#2921 = VERTEX_POINT ( 'NONE', #1188 ) ;
#2922 = EDGE_CURVE ( 'NONE', #781, #4505, #2463, .T. ) ;
#2923 = CARTESIAN_POINT ( 'NONE',  ( -61.75392844899999290, 10.00524354337530042, -20.01116437543362636 ) ) ;
#2924 = FACE_BOUND ( 'NONE', #1612, .T. ) ;
#2925 = CARTESIAN_POINT ( 'NONE',  ( -61.75392844899999290, 10.00231834298020317, 25.98883611929811366 ) ) ;
#2926 = CARTESIAN_POINT ( 'NONE',  ( -184.9995617927999945, 206.7029019758934680, 23.00134294772340837 ) ) ;
#2927 = AXIS2_PLACEMENT_3D ( 'NONE', #3710, #1930, #3020 ) ;
#2928 = ORIENTED_EDGE ( 'NONE', *, *, #4104, .T. ) ;
#2929 = CIRCLE ( 'NONE', #2080, 2.500000046250006047 ) ;
#2930 = ADVANCED_FACE ( 'NONE', ( #3005 ), #3046, .F. ) ;
#2931 = DIRECTION ( 'NONE',  ( 1.000000000000000000, 0.000000000000000000, -2.237099353233353148E-12 ) ) ;
#2932 = DIRECTION ( 'NONE',  ( 2.237515728249334980E-12, -6.358310602959382773E-05, 0.9999999979785942905 ) ) ;
#2933 = DIRECTION ( 'NONE',  ( -0.9999999810473936268, 0.0001946926096079159576, 1.238139845503561810E-08 ) ) ;
#2934 = ORIENTED_EDGE ( 'NONE', *, *, #1328, .T. ) ;
#2935 = VERTEX_POINT ( 'NONE', #1916 ) ;
#2936 = VECTOR ( 'NONE', #3867, 999.9999999999998863 ) ;
#2937 = ORIENTED_EDGE ( 'NONE', *, *, #288, .T. ) ;
#2938 = VECTOR ( 'NONE', #2407, 999.9999999999998863 ) ;
#2939 = LINE ( 'NONE', #4062, #4706 ) ;
#2940 = CARTESIAN_POINT ( 'NONE',  ( -184.9996321924999734, 176.7028066621116409, 24.49943545074187412 ) ) ;
#2941 = ORIENTED_EDGE ( 'NONE', *, *, #995, .F. ) ;
#2942 = ORIENTED_EDGE ( 'NONE', *, *, #4525, .F. ) ;
#2943 = ADVANCED_FACE ( 'NONE', ( #1168 ), #411, .F. ) ;
#2944 = DIRECTION ( 'NONE',  ( 2.237515728249334980E-12, -6.358310602959382773E-05, 0.9999999979785942905 ) ) ;
#2945 = AXIS2_PLACEMENT_3D ( 'NONE', #2165, #4335, #1021 ) ;
#2946 = CARTESIAN_POINT ( 'NONE',  ( 69.25388635399998805, 10.00238502546747377, 24.48884876546181388 ) ) ;
#2947 = LINE ( 'NONE', #2593, #4148 ) ;
#2948 = LINE ( 'NONE', #3318, #3216 ) ;
#2949 = DIRECTION ( 'NONE',  ( 2.235841141859335273E-12, -6.358310602959384129E-05, 0.9999999979785944015 ) ) ;
#2951 = EDGE_CURVE ( 'NONE', #2213, #3630, #3000, .T. ) ;
#2950 = ORIENTED_EDGE ( 'NONE', *, *, #2192, .T. ) ;
#2952 = ADVANCED_FACE ( 'NONE', ( #2604 ), #4145, .F. ) ;
#2953 = AXIS2_PLACEMENT_3D ( 'NONE', #3204, #3966, #975 ) ;
#2954 = CARTESIAN_POINT ( 'NONE',  ( -184.9995148573999870, 226.7037682906079965, 24.50261466752584738 ) ) ;
#2955 = CARTESIAN_POINT ( 'NONE',  ( -182.4995852581999713, 196.7032816197323655, 24.50070714365562452 ) ) ;
#2956 = ORIENTED_EDGE ( 'NONE', *, *, #3494, .T. ) ;
#2957 = EDGE_CURVE ( 'NONE', #4751, #3463, #1963, .T. ) ;
#2958 = ORIENTED_EDGE ( 'NONE', *, *, #1445, .F. ) ;
#2959 = CARTESIAN_POINT ( 'NONE',  ( -41.75392844900000000, 10.00500586085929022, -17.01116438508157458 ) ) ;
#2960 = VECTOR ( 'NONE', #677, 999.9999999999998863 ) ;
#2961 = DIRECTION ( 'NONE',  ( 0.9999999815015170324, 0.0001923459529150375294, 1.222771583569494855E-08 ) ) ;
#2962 = ORIENTED_EDGE ( 'NONE', *, *, #2297, .T. ) ;
#2963 = CARTESIAN_POINT ( 'NONE',  ( -18.50781004999998913, 20.00495129006360173, -17.01052855694898369 ) ) ;
#2964 = CARTESIAN_POINT ( 'NONE',  ( 49.25388635400002357, 142.0954082162946293, 22.99724764716759751 ) ) ;
#2965 = DIRECTION ( 'NONE',  ( -2.237511783459335038E-12, 6.358310602959382773E-05, -0.9999999979785942905 ) ) ;
#2966 = ORIENTED_EDGE ( 'NONE', *, *, #4026, .F. ) ;
#2967 = VECTOR ( 'NONE', #2486, 999.9999999999998863 ) ;
#2968 = VERTEX_POINT ( 'NONE', #4465 ) ;
#2969 = FACE_BOUND ( 'NONE', #1214, .T. ) ;
#2970 = CARTESIAN_POINT ( 'NONE',  ( -71.75392844900000000, 10.00234180956656793, 25.98883612059943360 ) ) ;
#2971 = PLANE ( 'NONE',  #4295 ) ;
#2972 = DIRECTION ( 'NONE',  ( 2.237497139219650001E-12, -6.358310602959382773E-05, 0.9999999979785942905 ) ) ;
#2973 = ORIENTED_EDGE ( 'NONE', *, *, #1197, .F. ) ;
#2974 = EDGE_CURVE ( 'NONE', #3045, #3371, #824, .T. ) ;
#2975 = DIRECTION ( 'NONE',  ( -1.000000000000000000, -4.504620681532429303E-11, 2.234651555022304295E-12 ) ) ;
#2976 = DIRECTION ( 'NONE',  ( 2.235841141859335273E-12, -6.358310602959384129E-05, 0.9999999979785944015 ) ) ;
#2977 = ORIENTED_EDGE ( 'NONE', *, *, #4466, .F. ) ;
#2978 = VERTEX_POINT ( 'NONE', #2959 ) ;
#2979 = AXIS2_PLACEMENT_3D ( 'NONE', #3207, #229, #3235 ) ;
#2980 = EDGE_CURVE ( 'NONE', #1129, #2998, #1993, .T. ) ;
#2981 = DIRECTION ( 'NONE',  ( 2.237497139219650001E-12, -6.358310602959382773E-05, 0.9999999979785942905 ) ) ;
#2982 = AXIS2_PLACEMENT_3D ( 'NONE', #651, #2908, #3650 ) ;
#2983 = DIRECTION ( 'NONE',  ( 2.237515728249334980E-12, -6.358310602959382773E-05, 0.9999999979785942905 ) ) ;
#2984 = AXIS2_PLACEMENT_3D ( 'NONE', #285, #4277, #958 ) ;
#2985 = ORIENTED_EDGE ( 'NONE', *, *, #3793, .T. ) ;
#2986 = ORIENTED_EDGE ( 'NONE', *, *, #4691, .T. ) ;
#2987 = CIRCLE ( 'NONE', #4216, 2.500000046250006047 ) ;
#2988 = CYLINDRICAL_SURFACE ( 'NONE', #527, 2.500000046250007824 ) ;
#2989 = DIRECTION ( 'NONE',  ( 0.9999999815015169213, 0.0001923459529851214149, 1.222771583569501638E-08 ) ) ;
#2990 =( LENGTH_UNIT ( ) NAMED_UNIT ( * ) SI_UNIT ( .MILLI., .METRE. ) );
#2991 = VERTEX_POINT ( 'NONE', #3419 ) ;
#2992 = ORIENTED_EDGE ( 'NONE', *, *, #3995, .F. ) ;
#2993 = CARTESIAN_POINT ( 'NONE',  ( 39.25388635400000936, 10.00334675530525885, 24.48884882665478102 ) ) ;
#2994 = CARTESIAN_POINT ( 'NONE',  ( 184.9999812859999793, 176.7038359733420521, 25.99944816446322804 ) ) ;
#2995 = DIRECTION ( 'NONE',  ( 1.000000000000000000, 0.000000000000000000, -2.237099353233347089E-12 ) ) ;
#2996 = DIRECTION ( 'NONE',  ( 0.000000000000000000, -0.9999999979785944015, -6.358310602959384129E-05 ) ) ;
#2997 = ORIENTED_EDGE ( 'NONE', *, *, #924, .F. ) ;
#2998 = VERTEX_POINT ( 'NONE', #748 ) ;
#2999 = EDGE_CURVE ( 'NONE', #495, #3049, #815, .T. ) ;
#3000 = CIRCLE ( 'NONE', #754, 125.9042811879999846 ) ;
#3001 = DIRECTION ( 'NONE',  ( 1.000000000000000000, 0.000000000000000000, -2.237099353233347089E-12 ) ) ;
#3002 = ORIENTED_EDGE ( 'NONE', *, *, #259, .T. ) ;
#3003 = ORIENTED_EDGE ( 'NONE', *, *, #703, .F. ) ;
#3004 = AXIS2_PLACEMENT_3D ( 'NONE', #999, #1388, #271 ) ;
#3005 = FACE_OUTER_BOUND ( 'NONE', #3110, .T. ) ;
#3006 = CIRCLE ( 'NONE', #3475, 2.500000046250006047 ) ;
#3007 = DIRECTION ( 'NONE',  ( 0.9999999815015169213, 0.0001923459529851214149, 1.222771583569501638E-08 ) ) ;
#3008 = ORIENTED_EDGE ( 'NONE', *, *, #290, .F. ) ;
#3009 = ORIENTED_EDGE ( 'NONE', *, *, #1887, .F. ) ;
#3010 = EDGE_CURVE ( 'NONE', #2496, #2733, #2652, .T. ) ;
#3011 = EDGE_CURVE ( 'NONE', #2589, #2078, #3353, .T. ) ;
#3012 = AXIS2_PLACEMENT_3D ( 'NONE', #48, #2336, #3022 ) ;
#3013 = DIRECTION ( 'NONE',  ( -2.237511783459335038E-12, 6.358310602959382773E-05, -0.9999999979785942905 ) ) ;
#3014 = LINE ( 'NONE', #4496, #2216 ) ;
#3015 = CARTESIAN_POINT ( 'NONE',  ( 0.000000000000000000, 0.000000000000000000, 0.000000000000000000 ) ) ;
#3016 = AXIS2_PLACEMENT_3D ( 'NONE', #2460, #619, #1738 ) ;
#3017 = ORIENTED_EDGE ( 'NONE', *, *, #3731, .F. ) ;
#3018 = ADVANCED_FACE ( 'NONE', ( #1593 ), #883, .F. ) ;
#3019 = ORIENTED_EDGE ( 'NONE', *, *, #1891, .T. ) ;
#3020 = DIRECTION ( 'NONE',  ( 0.000000000000000000, 6.358310602959384129E-05, -0.9999999979785944015 ) ) ;
#3021 = CARTESIAN_POINT ( 'NONE',  ( 184.9999812859999793, 176.7029696183009548, 24.49944810628607073 ) ) ;
#3022 = DIRECTION ( 'NONE',  ( 0.9999999815015170324, 0.0001923459529261397597, 1.222771583569494855E-08 ) ) ;
#3023 = VERTEX_POINT ( 'NONE', #167 ) ;
#3024 = CIRCLE ( 'NONE', #1172, 2.500000046250006047 ) ;
#3025 = CARTESIAN_POINT ( 'NONE',  ( 49.25388635400002357, 10.00608177715679759, -18.51114979209092581 ) ) ;
#3026 = EDGE_LOOP ( 'NONE', ( #1721, #1640 ) ) ;
#3027 = CIRCLE ( 'NONE', #3418, 2.500000046250006047 ) ;
#3028 = CARTESIAN_POINT ( 'NONE',  ( 51.75388635400002357, 10.00550553754109551, -17.01114982570817347 ) ) ;
#3029 = DIRECTION ( 'NONE',  ( -2.237509410309334820E-12, 6.358310602959382773E-05, -0.9999999979785942905 ) ) ;
#3030 = EDGE_LOOP ( 'NONE', ( #4386, #3900, #390, #3086 ) ) ;
#3031 = CARTESIAN_POINT ( 'NONE',  ( -174.9994719174999886, 245.0048072255796967, -18.49622237037784700 ) ) ;
#3032 = ADVANCED_FACE ( 'NONE', ( #1333 ), #4595, .F. ) ;
#3033 = DIRECTION ( 'NONE',  ( 0.9999999815015170324, 0.0001923459529150375294, 1.222771583569494855E-08 ) ) ;
#3034 = DIRECTION ( 'NONE',  ( 1.000000000000000000, 0.000000000000000000, -2.237099353233353148E-12 ) ) ;
#3035 = DIRECTION ( 'NONE',  ( 2.235841141859335273E-12, -6.358310602959384129E-05, 0.9999999979785944015 ) ) ;
#3036 = EDGE_LOOP ( 'NONE', ( #188, #1823 ) ) ;
#3037 = DIRECTION ( 'NONE',  ( 0.9999999810473936268, -0.0001946926095933437383, -1.238139845503558336E-08 ) ) ;
#3038 = ADVANCED_FACE ( 'NONE', ( #2032 ), #2711, .F. ) ;
#3039 = DIRECTION ( 'NONE',  ( 2.237515728249334980E-12, -6.358310602959382773E-05, 0.9999999979785942905 ) ) ;
#3040 = CYLINDRICAL_SURFACE ( 'NONE', #1002, 2.500000046250007824 ) ;
#3041 = ORIENTED_EDGE ( 'NONE', *, *, #2260, .F. ) ;
#3042 = ORIENTED_EDGE ( 'NONE', *, *, #4700, .F. ) ;
#3043 = VECTOR ( 'NONE', #4137, 999.9999999999998863 ) ;
#3044 = ORIENTED_EDGE ( 'NONE', *, *, #1559, .T. ) ;
#3045 = VERTEX_POINT ( 'NONE', #3903 ) ;
#3046 = CYLINDRICAL_SURFACE ( 'NONE', #3553, 2.500000046250013153 ) ;
#3047 = CARTESIAN_POINT ( 'NONE',  ( 184.9999812859999793, 226.7066662686991663, -18.49737129667938973 ) ) ;
#3048 = DIRECTION ( 'NONE',  ( 2.237515728249334980E-12, -6.358310602959382773E-05, 0.9999999979785942905 ) ) ;
#3049 = VERTEX_POINT ( 'NONE', #2061 ) ;
#3050 = VECTOR ( 'NONE', #2139, 999.9999999999998863 ) ;
#3051 = DIRECTION ( 'NONE',  ( -2.237534901979919865E-12, 6.358310602959382773E-05, -0.9999999979785942905 ) ) ;
#3052 = DIRECTION ( 'NONE',  ( 1.000000000000000000, 0.000000000000000000, -2.237099353233347089E-12 ) ) ;
#3053 = CARTESIAN_POINT ( 'NONE',  ( -182.4996556579000071, 166.7060161311989646, -18.50120085005493920 ) ) ;
#3054 = AXIS2_PLACEMENT_3D ( 'NONE', #3611, #1003, #3915 ) ;
#3055 = DIRECTION ( 'NONE',  ( 1.000000000000000000, 0.000000000000000000, -2.237099353233347089E-12 ) ) ;
#3056 = CARTESIAN_POINT ( 'NONE',  ( -182.4996321913999964, 176.7061114852082824, -20.00056501669611464 ) ) ;
#3057 = ORIENTED_EDGE ( 'NONE', *, *, #3652, .F. ) ;
#3058 = AXIS2_PLACEMENT_3D ( 'NONE', #1899, #3384, #66 ) ;
#3059 = CYLINDRICAL_SURFACE ( 'NONE', #1280, 125.9042811880000272 ) ;
#3060 = ADVANCED_FACE ( 'NONE', ( #2813 ), #4187, .F. ) ;
#3061 = DIRECTION ( 'NONE',  ( 0.9999999815015170324, 0.0001923459529150375294, 1.222771583569494855E-08 ) ) ;
#3062 = DIRECTION ( 'NONE',  ( -0.9999999810473936268, 0.0001946926096051404000, 1.238139845503561810E-08 ) ) ;
#3063 = FACE_OUTER_BOUND ( 'NONE', #3030, .T. ) ;
#3064 = VERTEX_POINT ( 'NONE', #4333 ) ;
#3065 = ORIENTED_EDGE ( 'NONE', *, *, #1779, .F. ) ;
#3066 = EDGE_CURVE ( 'NONE', #2566, #4656, #4474, .T. ) ;
#3067 = ADVANCED_FACE ( 'NONE', ( #2863 ), #265, .F. ) ;
#3068 = ORIENTED_EDGE ( 'NONE', *, *, #4729, .T. ) ;
#3069 = ORIENTED_EDGE ( 'NONE', *, *, #3677, .F. ) ;
#3070 = EDGE_CURVE ( 'NONE', #3895, #982, #4549, .T. ) ;
#3071 = DIRECTION ( 'NONE',  ( -2.237519163701764853E-12, 6.358310602959382773E-05, -0.9999999979785942905 ) ) ;
#3072 = CARTESIAN_POINT ( 'NONE',  ( 18.50779142199998617, 20.00560089199950298, -18.51051399137043774 ) ) ;
#3073 = AXIS2_PLACEMENT_3D ( 'NONE', #1018, #1452, #337 ) ;
#3074 = ORIENTED_EDGE ( 'NONE', *, *, #3644, .F. ) ;
#3075 = DIRECTION ( 'NONE',  ( 1.000000000000000000, 0.000000000000000000, -2.237099353233347089E-12 ) ) ;
#3076 = DIRECTION ( 'NONE',  ( -2.237515728249334980E-12, 6.358310602959382773E-05, -0.9999999979785942905 ) ) ;
#3077 = DIRECTION ( 'NONE',  ( -2.237511783459335038E-12, 6.358310602959382773E-05, -0.9999999979785942905 ) ) ;
#3078 = CARTESIAN_POINT ( 'NONE',  ( -26.75392844899998579, 10.00233158462512151, 24.48883611676297534 ) ) ;
#3079 = CALENDAR_DATE ( 2026, 12, 7 ) ;
#3080 = ORIENTED_EDGE ( 'NONE', *, *, #136, .F. ) ;
#3081 = VECTOR ( 'NONE', #2838, 999.9999999999998863 ) ;
#3082 = CARTESIAN_POINT ( 'NONE',  ( 79.99998128699998290, 0.005600932476305942043, -18.51178565400435261 ) ) ;
#3083 = DIRECTION ( 'NONE',  ( 2.237515728249334980E-12, -6.358310602959382773E-05, 0.9999999979785942905 ) ) ;
#3084 = DIRECTION ( 'NONE',  ( -0.9999999810473936268, 0.0001946926095295059144, 1.238139845503558336E-08 ) ) ;
#3085 = CARTESIAN_POINT ( 'NONE',  ( -69.25392844700000694, 10.00281680786383909, 25.98883615086933219 ) ) ;
#3086 = ORIENTED_EDGE ( 'NONE', *, *, #689, .T. ) ;
#3087 = VERTEX_POINT ( 'NONE', #1043 ) ;
#3088 = ORIENTED_EDGE ( 'NONE', *, *, #57, .F. ) ;
#3089 = AXIS2_PLACEMENT_3D ( 'NONE', #3480, #156, #568 ) ;
#3090 = EDGE_CURVE ( 'NONE', #1560, #2709, #989, .T. ) ;
#3091 = DIRECTION ( 'NONE',  ( 0.9999999810473936268, -0.0001946926094517903026, -1.238139845503558336E-08 ) ) ;
#3092 = EDGE_CURVE ( 'NONE', #1081, #2106, #4357, .T. ) ;
#3093 = EDGE_LOOP ( 'NONE', ( #773, #3641 ) ) ;
#3094 = DIRECTION ( 'NONE',  ( -0.9999999815015170324, -0.0001923459528484241479, -1.222771583569494855E-08 ) ) ;
#3095 = CIRCLE ( 'NONE', #3733, 2.500000046250006047 ) ;
#3096 = ADVANCED_FACE ( 'NONE', ( #2573 ), #3979, .F. ) ;
#3097 = ORIENTED_EDGE ( 'NONE', *, *, #4520, .T. ) ;
#3098 = AXIS2_PLACEMENT_3D ( 'NONE', #3680, #345, #4776 ) ;
#3099 = EDGE_LOOP ( 'NONE', ( #3729, #3983, #4282, #1715 ) ) ;
#3100 = DIRECTION ( 'NONE',  ( 2.237515728249334980E-12, -6.358310602959382773E-05, 0.9999999979785942905 ) ) ;
#3101 = CARTESIAN_POINT ( 'NONE',  ( 41.75388635400001647, 10.00286589038636897, 24.48884879605830989 ) ) ;
#3102 = DIRECTION ( 'NONE',  ( 2.235841141859335273E-12, -6.358310602959384129E-05, 0.9999999979785944015 ) ) ;
#3103 = DIRECTION ( 'NONE',  ( -2.237511783459335038E-12, 6.358310602959382773E-05, -0.9999999979785942905 ) ) ;
#3104 = CALENDAR_DATE ( 2026, 12, 7 ) ;
#3105 = ORIENTED_EDGE ( 'NONE', *, *, #2569, .F. ) ;
#3106 = DIRECTION ( 'NONE',  ( 2.237533027394429973E-12, -6.358310602959382773E-05, 0.9999999979785942905 ) ) ;
#3107 = CARTESIAN_POINT ( 'NONE',  ( -184.9996321924999734, 176.7029020363090694, 22.99943545378738108 ) ) ;
#3108 = LINE ( 'NONE', #4613, #2936 ) ;
#3109 = DIRECTION ( 'NONE',  ( 1.000000000000000000, 0.000000000000000000, -2.237099353233347089E-12 ) ) ;
#3110 = EDGE_LOOP ( 'NONE', ( #2465, #1442, #1218, #2490 ) ) ;
#3111 = CIRCLE ( 'NONE', #3746, 2.500000046249998942 ) ;
#3112 = ORIENTED_EDGE ( 'NONE', *, *, #4642, .T. ) ;
#3113 = ORIENTED_EDGE ( 'NONE', *, *, #4516, .F. ) ;
#3114 = LINE ( 'NONE', #3166, #1230 ) ;
#3115 = ORIENTED_EDGE ( 'NONE', *, *, #1229, .F. ) ;
#3116 = EDGE_CURVE ( 'NONE', #138, #2921, #4747, .T. ) ;
#3117 = DIRECTION ( 'NONE',  ( 2.237516984455479986E-12, -6.358310602959382773E-05, 0.9999999979785942905 ) ) ;
#3118 = DIRECTION ( 'NONE',  ( -2.237504937885585043E-12, 6.358310602959382773E-05, -0.9999999979785942905 ) ) ;
#3119 = VERTEX_POINT ( 'NONE', #1769 ) ;
#3120 = EDGE_CURVE ( 'NONE', #326, #3542, #4724, .T. ) ;
#3121 = EDGE_CURVE ( 'NONE', #3135, #3064, #1092, .T. ) ;
#3122 = CYLINDRICAL_SURFACE ( 'NONE', #483, 2.500000046249999386 ) ;
#3123 = CARTESIAN_POINT ( 'NONE',  ( -174.9994719174999886, 245.0019773993820138, 26.00377812739945682 ) ) ;
#3124 = DIRECTION ( 'NONE',  ( 2.235841141859335273E-12, -6.358310602959384129E-05, 0.9999999979785944015 ) ) ;
#3125 = PERSON_AND_ORGANIZATION_ROLE ( 'design_supplier' ) ;
#3126 = VERTEX_POINT ( 'NONE', #1068 ) ;
#3127 = CARTESIAN_POINT ( 'NONE',  ( -69.25392844700000694, 10.00291218246076497, 24.48883615389507895 ) ) ;
#3128 = CIRCLE ( 'NONE', #1048, 2.500000046250006047 ) ;
#3129 = EDGE_CURVE ( 'NONE', #4510, #1986, #2549, .T. ) ;
#3130 = AXIS2_PLACEMENT_3D ( 'NONE', #4657, #592, #3560 ) ;
#3131 = DIRECTION ( 'NONE',  ( 1.000000000000000000, 0.000000000000000000, -2.237099353233347089E-12 ) ) ;
#3132 = LINE ( 'NONE', #3563, #833 ) ;
#3133 = CIRCLE ( 'NONE', #734, 2.500000046250006047 ) ;
#3134 = LINE ( 'NONE', #4568, #775 ) ;
#3135 = VERTEX_POINT ( 'NONE', #4771 ) ;
#3136 = ORIENTED_EDGE ( 'NONE', *, *, #2352, .T. ) ;
#3137 = AXIS2_PLACEMENT_3D ( 'NONE', #4540, #1246, #89 ) ;
#3138 = FACE_BOUND ( 'NONE', #2600, .T. ) ;
#3139 = ORIENTED_EDGE ( 'NONE', *, *, #1709, .T. ) ;
#3140 = FACE_BOUND ( 'NONE', #489, .T. ) ;
#3141 = VECTOR ( 'NONE', #4129, 999.9999999999998863 ) ;
#3142 = CARTESIAN_POINT ( 'NONE',  ( 194.9999812859999793, 148.4072813353372737, -17.00234981097820253 ) ) ;
#3143 = LINE ( 'NONE', #3578, #2960 ) ;
#3144 = VERTEX_POINT ( 'NONE', #3196 ) ;
#3145 = EDGE_CURVE ( 'NONE', #237, #822, #4315, .T. ) ;
#3146 = DIRECTION ( 'NONE',  ( 0.9999999810473936268, -0.0001946926095940376277, -1.238139845503558336E-08 ) ) ;
#3147 = AXIS2_PLACEMENT_3D ( 'NONE', #458, #1143, #101 ) ;
#3148 = CARTESIAN_POINT ( 'NONE',  ( 174.9999812860000361, 245.0048988454074959, -16.99620783457012152 ) ) ;
#3149 = LINE ( 'NONE', #3101, #2529 ) ;
#3150 = EDGE_CURVE ( 'NONE', #314, #1014, #808, .T. ) ;
#3151 = FACE_OUTER_BOUND ( 'NONE', #1376, .T. ) ;
#3152 = ADVANCED_FACE ( 'NONE', ( #1568 ), #4141, .F. ) ;
#3153 = ORIENTED_EDGE ( 'NONE', *, *, #1354, .F. ) ;
#3154 = CARTESIAN_POINT ( 'NONE',  ( 56.75388635400003068, 10.00277051568956566, 25.98884879303750495 ) ) ;
#3155 = CIRCLE ( 'NONE', #3394, 2.500000046250006047 ) ;
#3156 = LINE ( 'NONE', #616, #4019 ) ;
#3157 = CARTESIAN_POINT ( 'NONE',  ( -31.75392844899998934, 10.00517314366653565, -20.01116438034134148 ) ) ;
#3158 = DIRECTION ( 'NONE',  ( 1.000000000000000000, 0.000000000000000000, -2.237099353233347089E-12 ) ) ;
#3159 = AXIS2_PLACEMENT_3D ( 'NONE', #1659, #1276, #2782 ) ;
#3160 = ADVANCED_FACE ( 'NONE', ( #2419, #3899, #2055, #2919, #963, #551, #3140, #2199, #351, #3573, #3195, #987, #2470 ), #628, .F. ) ;
#3161 = DIRECTION ( 'NONE',  ( 1.000000000000000000, 0.000000000000000000, -2.237099353233353148E-12 ) ) ;
#3162 = ORIENTED_EDGE ( 'NONE', *, *, #2591, .F. ) ;
#3163 = EDGE_LOOP ( 'NONE', ( #1286, #1051 ) ) ;
#3164 = VERTEX_POINT ( 'NONE', #2389 ) ;
#3165 = VECTOR ( 'NONE', #3319, 999.9999999999998863 ) ;
#3166 = CARTESIAN_POINT ( 'NONE',  ( 174.9999812860000361, 148.4046416880826769, 24.49764881079319423 ) ) ;
#3167 = CYLINDRICAL_SURFACE ( 'NONE', #2984, 2.500000046249999386 ) ;
#3168 = DIRECTION ( 'NONE',  ( 1.000000000000000000, 0.000000000000000000, -2.237099353233353148E-12 ) ) ;
#3169 = DIRECTION ( 'NONE',  ( -2.237495582305384902E-12, 6.358310602959382773E-05, -0.9999999979785942905 ) ) ;
#3170 = ORIENTED_EDGE ( 'NONE', *, *, #381, .F. ) ;
#3171 = CARTESIAN_POINT ( 'NONE',  ( 182.4999812859999793, 176.7061855053710246, -18.50055048187801532 ) ) ;
#3172 = CARTESIAN_POINT ( 'NONE',  ( 41.74742849099999376, 148.4074720847308981, -20.00234980493662107 ) ) ;
#3173 = ORIENTED_EDGE ( 'NONE', *, *, #4161, .T. ) ;
#3174 = CARTESIAN_POINT ( 'NONE',  ( -18.50781004999998913, 20.00504666476040327, -18.51052855392826402 ) ) ;
#3175 = LINE ( 'NONE', #4264, #4782 ) ;
#3176 = AXIS2_PLACEMENT_3D ( 'NONE', #2256, #392, #3007 ) ;
#3177 = FACE_OUTER_BOUND ( 'NONE', #806, .T. ) ;
#3178 = CYLINDRICAL_SURFACE ( 'NONE', #2953, 2.500000046250007824 ) ;
#3179 = ORIENTED_EDGE ( 'NONE', *, *, #2764, .T. ) ;
#3180 = DIRECTION ( 'NONE',  ( 1.000000000000000000, 0.000000000000000000, -2.237099353233347089E-12 ) ) ;
#3181 = AXIS2_PLACEMENT_3D ( 'NONE', #4416, #4060, #437 ) ;
#3182 = ADVANCED_FACE ( 'NONE', ( #4593 ), #3515, .T. ) ;
#3183 = CC_DESIGN_DATE_AND_TIME_ASSIGNMENT ( #2069, #4241, ( #16 ) ) ;
#3184 = CARTESIAN_POINT ( 'NONE',  ( 184.9999812859999793, 216.7066662898860159, -18.49800712704213623 ) ) ;
#3185 = DIRECTION ( 'NONE',  ( 2.237533154246079905E-12, -6.358310602959382773E-05, 0.9999999979785942905 ) ) ;
#3186 = LINE ( 'NONE', #1300, #4111 ) ;
#3187 = ORIENTED_EDGE ( 'NONE', *, *, #932, .F. ) ;
#3188 = ORIENTED_EDGE ( 'NONE', *, *, #3010, .T. ) ;
#3189 = ORIENTED_EDGE ( 'NONE', *, *, #4308, .T. ) ;
#3190 = EDGE_CURVE ( 'NONE', #1819, #3440, #4619, .T. ) ;
#3191 = CIRCLE ( 'NONE', #251, 2.500000046250006047 ) ;
#3192 = DIRECTION ( 'NONE',  ( 1.000000000000000000, 2.204498159533141924E-16, -2.237510519472150406E-12 ) ) ;
#3193 = CARTESIAN_POINT ( 'NONE',  ( -41.75392844900000000, 10.00227140985781382, 25.98883611569169361 ) ) ;
#3194 = ORIENTED_EDGE ( 'NONE', *, *, #555, .T. ) ;
#3195 = FACE_BOUND ( 'NONE', #716, .T. ) ;
#3196 = CARTESIAN_POINT ( 'NONE',  ( 79.99998128699998290, 20.00550551740257887, -17.01051399439618095 ) ) ;
#3197 = CYLINDRICAL_SURFACE ( 'NONE', #4455, 2.500000046250013153 ) ;
#3198 = CARTESIAN_POINT ( 'NONE',  ( -61.75392844899999290, 10.00250909237380981, 22.98883612533961340 ) ) ;
#3199 = VECTOR ( 'NONE', #54, 999.9999999999998863 ) ;
#3200 = ORIENTED_EDGE ( 'NONE', *, *, #3644, .T. ) ;
#3201 = VECTOR ( 'NONE', #2467, 1000.000000000000114 ) ;
#3202 = DIRECTION ( 'NONE',  ( 2.237515728249334980E-12, -6.358310602959382773E-05, 0.9999999979785942905 ) ) ;
#3203 = DIRECTION ( 'NONE',  ( 0.9999999810473936268, -0.0001946926096190181878, -1.238139845503561810E-08 ) ) ;
#3204 = CARTESIAN_POINT ( 'NONE',  ( -184.9995383239999853, 216.7065027617479984, -18.49802166455946661 ) ) ;
#3205 = SECURITY_CLASSIFICATION_LEVEL ( 'unclassified' ) ;
#3206 = ORIENTED_EDGE ( 'NONE', *, *, #2410, .F. ) ;
#3207 = CARTESIAN_POINT ( 'NONE',  ( 59.25388635399997384, 10.00521542201581582, -20.01114985026311643 ) ) ;
#3208 = CARTESIAN_POINT ( 'NONE',  ( -182.4995148584999924, 226.7031861840710576, 26.00261463359687752 ) ) ;
#3209 = FACE_BOUND ( 'NONE', #1366, .T. ) ;
#3210 = CARTESIAN_POINT ( 'NONE',  ( -49.25361847299997464, 142.0948313353808601, 24.49723496879438400 ) ) ;
#3211 = ORIENTED_EDGE ( 'NONE', *, *, #2359, .F. ) ;
#3212 = EDGE_LOOP ( 'NONE', ( #3173, #2762, #1427, #2934 ) ) ;
#3213 = VERTEX_POINT ( 'NONE', #2318 ) ;
#3214 = AXIS2_PLACEMENT_3D ( 'NONE', #4519, #846, #178 ) ;
#3215 = DIRECTION ( 'NONE',  ( 2.237507251572934677E-12, -6.358310602959382773E-05, 0.9999999979785942905 ) ) ;
#3216 = VECTOR ( 'NONE', #1494, 999.9999999999998863 ) ;
#3217 = AXIS2_PLACEMENT_3D ( 'NONE', #4045, #713, #4423 ) ;
#3218 = CARTESIAN_POINT ( 'NONE',  ( 182.4999812859999793, 196.7062808392418276, -19.99927881720722667 ) ) ;
#3219 = EDGE_LOOP ( 'NONE', ( #3282, #4584 ) ) ;
#3220 = ADVANCED_FACE ( 'NONE', ( #1611 ), #1231, .F. ) ;
#3221 = AXIS2_PLACEMENT_3D ( 'NONE', #149, #2656, #1974 ) ;
#3222 = UNCERTAINTY_MEASURE_WITH_UNIT (LENGTH_MEASURE( 1.000000000000000082E-05 ), #2990, 'distance_accuracy_value', 'NONE');
#3223 = DIRECTION ( 'NONE',  ( 0.9999999815015169213, 0.0001923459529885908619, 1.222771583569501638E-08 ) ) ;
#3224 = VECTOR ( 'NONE', #42, 999.9999999999998863 ) ;
#3225 = CARTESIAN_POINT ( 'NONE',  ( 184.9999812859999793, 186.7040267025971048, 23.00008400181677359 ) ) ;
#3226 = LINE ( 'NONE', #3674, #1829 ) ;
#3227 = DIRECTION ( 'NONE',  ( 0.9999999815015170324, 0.0001923459529261397597, 1.222771583569494855E-08 ) ) ;
#3228 = EDGE_CURVE ( 'NONE', #2623, #2394, #2302, .T. ) ;
#3229 = ORIENTED_EDGE ( 'NONE', *, *, #217, .F. ) ;
#3230 = CARTESIAN_POINT ( 'NONE',  ( -187.4996556579000071, 166.7031980384442704, 25.99879964836557278 ) ) ;
#3231 = DIRECTION ( 'NONE',  ( 2.235841141859335273E-12, -6.358310602959384129E-05, 0.9999999979785944015 ) ) ;
#3232 = DIRECTION ( 'NONE',  ( -2.237509410309334820E-12, 6.358310602959382773E-05, -0.9999999979785942905 ) ) ;
#3233 = DIRECTION ( 'NONE',  ( -2.237525217886469813E-12, 6.358310602959382773E-05, -0.9999999979785942905 ) ) ;
#3234 = VERTEX_POINT ( 'NONE', #2007 ) ;
#3235 = DIRECTION ( 'NONE',  ( 1.000000000000000000, 0.000000000000000000, -2.237099353233353148E-12 ) ) ;
#3236 = VECTOR ( 'NONE', #38, 999.9999999999998863 ) ;
#3237 = DIRECTION ( 'NONE',  ( 1.000000000000000000, 0.000000000000000000, -2.237099353233347089E-12 ) ) ;
#3238 = DIRECTION ( 'NONE',  ( 2.237515728249334980E-12, -6.358310602959382773E-05, 0.9999999979785942905 ) ) ;
#3239 = VERTEX_POINT ( 'NONE', #163 ) ;
#3240 = VECTOR ( 'NONE', #1999, 999.9999999999998863 ) ;
#3241 = ORIENTED_EDGE ( 'NONE', *, *, #1, .F. ) ;
#3242 = ORIENTED_EDGE ( 'NONE', *, *, #4112, .T. ) ;
#3243 = EDGE_CURVE ( 'NONE', #1072, #2084, #2754, .T. ) ;
#3244 = AXIS2_PLACEMENT_3D ( 'NONE', #2753, #185, #2388 ) ;
#3245 = DIRECTION ( 'NONE',  ( -2.235841141859335273E-12, 6.358310602959384129E-05, -0.9999999979785944015 ) ) ;
#3246 = DIRECTION ( 'NONE',  ( 2.237509410309334820E-12, -6.358310602959382773E-05, 0.9999999979785942905 ) ) ;
#3247 = PLANE ( 'NONE',  #1776 ) ;
#3248 = ORIENTED_EDGE ( 'NONE', *, *, #1807, .F. ) ;
#3249 = ORIENTED_EDGE ( 'NONE', *, *, #1205, .F. ) ;
#3250 = AXIS2_PLACEMENT_3D ( 'NONE', #3412, #73, #492 ) ;
#3251 = EDGE_CURVE ( 'NONE', #794, #3087, #445, .T. ) ;
#3252 = ADVANCED_FACE ( 'NONE', ( #4501 ), #1879, .F. ) ;
#3253 = DIRECTION ( 'NONE',  ( 2.237515728249334980E-12, -6.358310602959382773E-05, 0.9999999979785942905 ) ) ;
#3254 = DIRECTION ( 'NONE',  ( -2.238209617639335134E-12, 6.358310602959384129E-05, -0.9999999979785944015 ) ) ;
#3255 = DIRECTION ( 'NONE',  ( 2.237533154246079905E-12, -6.358310602959382773E-05, 0.9999999979785942905 ) ) ;
#3256 = EDGE_LOOP ( 'NONE', ( #2340, #3065 ) ) ;
#3257 = AXIS2_PLACEMENT_3D ( 'NONE', #2586, #4713, #278 ) ;
#3258 = EDGE_CURVE ( 'NONE', #4273, #4505, #2223, .T. ) ;
#3259 = DIRECTION ( 'NONE',  ( 0.000000000000000000, 6.453572525615121444E-05, -0.9999999979175699938 ) ) ;
#3260 = FACE_OUTER_BOUND ( 'NONE', #134, .T. ) ;
#3261 = DIRECTION ( 'NONE',  ( -1.000000000000000000, -9.413705582023560443E-18, 2.237487085140070601E-12 ) ) ;
#3262 = ORIENTED_EDGE ( 'NONE', *, *, #2476, .F. ) ;
#3263 = DIRECTION ( 'NONE',  ( -2.237515358152280227E-12, 6.358310602959382773E-05, -0.9999999979785942905 ) ) ;
#3264 = DIRECTION ( 'NONE',  ( -0.9999999810473936268, 0.0001946926095406081446, 1.238139845503558336E-08 ) ) ;
#3265 = CARTESIAN_POINT ( 'NONE',  ( -61.75392844899999290, 10.00505279408157122, -17.01116438148017451 ) ) ;
#3266 = AXIS2_PLACEMENT_3D ( 'NONE', #3025, #4142, #4053 ) ;
#3267 = ORIENTED_EDGE ( 'NONE', *, *, #3278, .T. ) ;
#3268 = ORIENTED_EDGE ( 'NONE', *, *, #1797, .T. ) ;
#3269 = ORIENTED_EDGE ( 'NONE', *, *, #310, .T. ) ;
#3270 = CARTESIAN_POINT ( 'NONE',  ( 194.9999812859999793, 245.0022591976534727, 24.50379078722611581 ) ) ;
#3271 = CARTESIAN_POINT ( 'NONE',  ( 51.75388635400002357, 10.00286589038636897, 24.48884879605830989 ) ) ;
#3272 = FACE_OUTER_BOUND ( 'NONE', #2560, .T. ) ;
#3273 = ORIENTED_EDGE ( 'NONE', *, *, #4112, .F. ) ;
#3274 = CARTESIAN_POINT ( 'NONE',  ( -69.25392845000000364, 10.00185507802606111, 25.98883608967636505 ) ) ;
#3275 = CARTESIAN_POINT ( 'NONE',  ( 36.75388635400000936, 10.00550553754109551, -17.01114982570817347 ) ) ;
#3276 = FACE_BOUND ( 'NONE', #2264, .T. ) ;
#3277 = ORIENTED_EDGE ( 'NONE', *, *, #1467, .T. ) ;
#3278 = EDGE_CURVE ( 'NONE', #4783, #2078, #4233, .T. ) ;
#3279 = FACE_OUTER_BOUND ( 'NONE', #988, .T. ) ;
#3280 = AXIS2_PLACEMENT_3D ( 'NONE', #4627, #3884, #1288 ) ;
#3281 = DIRECTION ( 'NONE',  ( 2.237535247840400108E-12, -6.358310602959382773E-05, 0.9999999979785942905 ) ) ;
#3282 = ORIENTED_EDGE ( 'NONE', *, *, #264, .F. ) ;
#3283 = ADVANCED_FACE ( 'NONE', ( #1837 ), #4066, .F. ) ;
#3284 = EDGE_CURVE ( 'NONE', #3898, #273, #1223, .T. ) ;
#3285 = VECTOR ( 'NONE', #319, 999.9999999999998863 ) ;
#3286 = FACE_OUTER_BOUND ( 'NONE', #1862, .T. ) ;
#3287 = CARTESIAN_POINT ( 'NONE',  ( 184.9999812859999793, 216.7040266421320212, 23.00199149475404425 ) ) ;
#3288 = ORIENTED_EDGE ( 'NONE', *, *, #488, .F. ) ;
#3289 = EDGE_CURVE ( 'NONE', #2991, #758, #4088, .T. ) ;
#3290 = ORIENTED_EDGE ( 'NONE', *, *, #1292, .T. ) ;
#3291 = DIRECTION ( 'NONE',  ( 1.164211864463475920E-07, 0.04954705606199331924, 0.9987717903683384080 ) ) ;
#3292 = DIRECTION ( 'NONE',  ( 2.235841141859335273E-12, -6.358310602959384129E-05, 0.9999999979785944015 ) ) ;
#3293 = LINE ( 'NONE', #1449, #3916 ) ;
#3294 = CARTESIAN_POINT ( 'NONE',  ( 66.75388635399997384, 10.00560091223789883, -18.51114982268739340 ) ) ;
#3295 = ORIENTED_EDGE ( 'NONE', *, *, #92, .F. ) ;
#3296 = EDGE_LOOP ( 'NONE', ( #3019, #1455, #1208, #3993 ) ) ;
#3297 = ORIENTED_EDGE ( 'NONE', *, *, #1534, .T. ) ;
#3298 = CARTESIAN_POINT ( 'NONE',  ( -31.75392844899998934, 10.00507776896973944, -18.51116438336211800 ) ) ;
#3299 = CIRCLE ( 'NONE', #3214, 2.500000046250006047 ) ;
#3300 = CARTESIAN_POINT ( 'NONE',  ( -184.9996321924999734, 176.7055411131130995, -18.50056505003144736 ) ) ;
#3301 = LINE ( 'NONE', #2955, #3285 ) ;
#3302 = VECTOR ( 'NONE', #466, 999.9999999999998863 ) ;
#3303 = ORIENTED_EDGE ( 'NONE', *, *, #2273, .F. ) ;
#3304 = ORIENTED_EDGE ( 'NONE', *, *, #4338, .T. ) ;
#3305 = CARTESIAN_POINT ( 'NONE',  ( 59.25388635399997384, 10.00334675530525885, 24.48884882665478102 ) ) ;
#3306 = CARTESIAN_POINT ( 'NONE',  ( 187.4999812859999793, 226.7035457568748882, 23.00262729547947060 ) ) ;
#3307 = VERTEX_POINT ( 'NONE', #2640 ) ;
#3308 = DIRECTION ( 'NONE',  ( 1.000000000000000000, 0.000000000000000000, -2.237099353233347089E-12 ) ) ;
#3309 = ADVANCED_FACE ( 'NONE', ( #4044 ), #3316, .F. ) ;
#3310 = EDGE_CURVE ( 'NONE', #3234, #4594, #802, .T. ) ;
#3311 = LINE ( 'NONE', #4418, #2011 ) ;
#3312 = ORIENTED_EDGE ( 'NONE', *, *, #2482, .F. ) ;
#3313 = ORIENTED_EDGE ( 'NONE', *, *, #3251, .F. ) ;
#3314 = ADVANCED_FACE ( 'NONE', ( #3, #4422, #2268, #2969, #3410, #3753, #420, #1109, #2662, #2592, #1904, #4136, #446 ), #3387, .T. ) ;
#3315 = EDGE_CURVE ( 'NONE', #2673, #1258, #2290, .T. ) ;
#3316 = CYLINDRICAL_SURFACE ( 'NONE', #3639, 2.500000046249999386 ) ;
#3317 = FACE_OUTER_BOUND ( 'NONE', #256, .T. ) ;
#3318 = CARTESIAN_POINT ( 'NONE',  ( -187.4996087247999697, 186.7060278243153562, -18.49992918778647777 ) ) ;
#3319 = DIRECTION ( 'NONE',  ( 2.235841141859335273E-12, -6.358310602959384129E-05, 0.9999999979785944015 ) ) ;
#3320 = AXIS2_PLACEMENT_3D ( 'NONE', #1482, #2255, #3764 ) ;
#3321 = ORIENTED_EDGE ( 'NONE', *, *, #3526, .T. ) ;
#3322 = AXIS2_PLACEMENT_3D ( 'NONE', #2148, #4237, #222 ) ;
#3323 = DIRECTION ( 'NONE',  ( -2.346656668659893995E-06, -0.9999999979758409374, -6.358310597843867557E-05 ) ) ;
#3324 = FACE_BOUND ( 'NONE', #3163, .T. ) ;
#3325 = CARTESIAN_POINT ( 'NONE',  ( 187.4999812859999793, 206.7060900697096884, -16.99864299193679074 ) ) ;
#3326 = CIRCLE ( 'NONE', #1927, 2.500000046249998942 ) ;
#3327 = ORIENTED_EDGE ( 'NONE', *, *, #1210, .F. ) ;
#3328 = ORIENTED_EDGE ( 'NONE', *, *, #4214, .T. ) ;
#3329 = AXIS2_PLACEMENT_3D ( 'NONE', #2571, #3736, #4452 ) ;
#3330 = DIRECTION ( 'NONE',  ( 2.237509443829649765E-12, -6.358310602959382773E-05, 0.9999999979785942905 ) ) ;
#3331 = CYLINDRICAL_SURFACE ( 'NONE', #4351, 2.500000046250013153 ) ;
#3332 = ORIENTED_EDGE ( 'NONE', *, *, #701, .T. ) ;
#3333 = ORIENTED_EDGE ( 'NONE', *, *, #578, .T. ) ;
#3334 = CIRCLE ( 'NONE', #3257, 2.500000046250006047 ) ;
#3335 = CARTESIAN_POINT ( 'NONE',  ( 174.9999812860000361, 148.4047370627794749, 22.99764881381399917 ) ) ;
#3336 = DIRECTION ( 'NONE',  ( 2.237515728249334980E-12, -6.358310602959382773E-05, 0.9999999979785942905 ) ) ;
#3337 = EDGE_LOOP ( 'NONE', ( #241, #3468, #160, #637 ) ) ;
#3338 = VERTEX_POINT ( 'NONE', #2923 ) ;
#3339 = EDGE_CURVE ( 'NONE', #2426, #4380, #2929, .T. ) ;
#3340 = CARTESIAN_POINT ( 'NONE',  ( -182.4996556579000071, 166.7032816801974491, 24.49879965071835741 ) ) ;
#3341 = CARTESIAN_POINT ( 'NONE',  ( -59.25392844999998943, 10.00202236083329943, 22.98883609441659814 ) ) ;
#3342 = DIRECTION ( 'NONE',  ( 2.237515728249334980E-12, -6.358310602959382773E-05, 0.9999999979785942905 ) ) ;
#3343 = FACE_OUTER_BOUND ( 'NONE', #2638, .T. ) ;
#3344 = ORIENTED_EDGE ( 'NONE', *, *, #1467, .F. ) ;
#3345 = EDGE_CURVE ( 'NONE', #2155, #4594, #2203, .T. ) ;
#3346 = VECTOR ( 'NONE', #535, 999.9999999999998863 ) ;
#3347 = EDGE_CURVE ( 'NONE', #2578, #645, #2771, .T. ) ;
#3348 = FACE_BOUND ( 'NONE', #3579, .T. ) ;
#3349 = DIRECTION ( 'NONE',  ( 1.000000000000000000, 0.000000000000000000, -2.237099353233353148E-12 ) ) ;
#3350 = ORIENTED_EDGE ( 'NONE', *, *, #4625, .T. ) ;
#3351 = ORIENTED_EDGE ( 'NONE', *, *, #1915, .F. ) ;
#3352 = AXIS2_PLACEMENT_3D ( 'NONE', #1459, #727, #368 ) ;
#3353 = LINE ( 'NONE', #435, #3236 ) ;
#3354 = VERTEX_POINT ( 'NONE', #2453 ) ;
#3355 = VERTEX_POINT ( 'NONE', #4626 ) ;
#3356 = LINE ( 'NONE', #1536, #2858 ) ;
#3357 = CYLINDRICAL_SURFACE ( 'NONE', #3699, 2.500000046249999386 ) ;
#3358 = PERSON_AND_ORGANIZATION_ROLE ( 'creator' ) ;
#3359 = ORIENTED_EDGE ( 'NONE', *, *, #1636, .T. ) ;
#3360 = CIRCLE ( 'NONE', #4588, 2.500000046250006047 ) ;
#3361 = EDGE_LOOP ( 'NONE', ( #454, #1124 ) ) ;
#3362 = DIRECTION ( 'NONE',  ( -2.235841141859335273E-12, 6.358310602959384129E-05, -0.9999999979785944015 ) ) ;
#3363 = CYLINDRICAL_SURFACE ( 'NONE', #1817, 2.500000046250013153 ) ;
#3364 = FACE_BOUND ( 'NONE', #2850, .T. ) ;
#3365 = CARTESIAN_POINT ( 'NONE',  ( -71.75392844900000000, 10.00526700996166518, -20.01116437413230642 ) ) ;
#3366 = EDGE_LOOP ( 'NONE', ( #4527, #4350, #4646, #4190 ) ) ;
#3367 = EDGE_CURVE ( 'NONE', #314, #700, #993, .T. ) ;
#3368 = CARTESIAN_POINT ( 'NONE',  ( 187.4999812859999793, 226.7033550074812354, 26.00262728943791757 ) ) ;
#3369 = DIRECTION ( 'NONE',  ( 1.000000000000000000, 0.000000000000000000, -2.237099353233353148E-12 ) ) ;
#3370 = ORIENTED_EDGE ( 'NONE', *, *, #2597, .F. ) ;
#3371 = VERTEX_POINT ( 'NONE', #1364 ) ;
#3372 = AXIS2_PLACEMENT_3D ( 'NONE', #3454, #2020, #2723 ) ;
#3373 = CARTESIAN_POINT ( 'NONE',  ( 194.9999812859999793, 148.4046416881825792, 24.49764881078825240 ) ) ;
#3374 = EDGE_CURVE ( 'NONE', #2722, #623, #2507, .T. ) ;
#3375 = CIRCLE ( 'NONE', #2211, 2.500000046250006047 ) ;
#3376 = CARTESIAN_POINT ( 'NONE',  ( -39.25392844800001768, 10.00293715744879641, 22.98883615200814035 ) ) ;
#3377 = ORIENTED_EDGE ( 'NONE', *, *, #2239, .F. ) ;
#3378 = ORIENTED_EDGE ( 'NONE', *, *, #2799, .T. ) ;
#3379 = AXIS2_PLACEMENT_3D ( 'NONE', #4238, #4265, #1266 ) ;
#3380 = AXIS2_PLACEMENT_3D ( 'NONE', #176, #2041, #1045 ) ;
#3381 = DIRECTION ( 'NONE',  ( 0.9999999810473936268, -0.0001946926094406880724, -1.238139845503558336E-08 ) ) ;
#3382 = CYLINDRICAL_SURFACE ( 'NONE', #2218, 2.500000046250013153 ) ;
#3383 = AXIS2_PLACEMENT_3D ( 'NONE', #2329, #4538, #3052 ) ;
#3384 = DIRECTION ( 'NONE',  ( 2.237515728249334980E-12, -6.358310602959382773E-05, 0.9999999979785942905 ) ) ;
#3385 = VERTEX_POINT ( 'NONE', #3148 ) ;
#3386 = ORIENTED_EDGE ( 'NONE', *, *, #689, .F. ) ;
#3387 = PLANE ( 'NONE',  #2695 ) ;
#3388 = CARTESIAN_POINT ( 'NONE',  ( -182.4995383250999907, 216.7059206552110595, -16.99802169848843647 ) ) ;
#3389 = DIRECTION ( 'NONE',  ( -2.237504937885585043E-12, 6.358310602959382773E-05, -0.9999999979785942905 ) ) ;
#3390 = ORIENTED_EDGE ( 'NONE', *, *, #3422, .F. ) ;
#3391 = AXIS2_PLACEMENT_3D ( 'NONE', #524, #2784, #3091 ) ;
#3392 = FACE_BOUND ( 'NONE', #1919, .T. ) ;
#3393 = VERTEX_POINT ( 'NONE', #973 ) ;
#3394 = AXIS2_PLACEMENT_3D ( 'NONE', #4707, #2872, #4341 ) ;
#3395 = EDGE_CURVE ( 'NONE', #3542, #3385, #3910, .T. ) ;
#3396 = CARTESIAN_POINT ( 'NONE',  ( 182.4999812859999793, 226.7034503826774596, 24.50262729243391036 ) ) ;
#3397 = VECTOR ( 'NONE', #818, 999.9999999999998863 ) ;
#3398 = CYLINDRICAL_SURFACE ( 'NONE', #394, 2.500000046250013153 ) ;
#3399 = ORIENTED_EDGE ( 'NONE', *, *, #4735, .F. ) ;
#3400 = ORIENTED_EDGE ( 'NONE', *, *, #1952, .T. ) ;
#3401 = CC_DESIGN_PERSON_AND_ORGANIZATION_ASSIGNMENT ( #4131, #2657, ( #2563 ) ) ;
#3402 = CIRCLE ( 'NONE', #453, 2.500000046250006047 ) ;
#3403 = EDGE_CURVE ( 'NONE', #822, #1451, #1409, .T. ) ;
#3404 = CARTESIAN_POINT ( 'NONE',  ( -182.4995617916999890, 206.7061114247927378, -19.99865752276008735 ) ) ;
#3405 = DIRECTION ( 'NONE',  ( 1.000000000000000000, 2.204498159533141924E-16, -2.237510519472150406E-12 ) ) ;
#3406 = APPLICATION_PROTOCOL_DEFINITION ( 'international standard', 'config_control_design', 1994, #2021 ) ;
#3407 = AXIS2_PLACEMENT_3D ( 'NONE', #3210, #2853, #4323 ) ;
#3408 = ORIENTED_EDGE ( 'NONE', *, *, #1779, .T. ) ;
#3409 = LINE ( 'NONE', #539, #3917 ) ;
#3410 = FACE_BOUND ( 'NONE', #3424, .T. ) ;
#3411 = CARTESIAN_POINT ( 'NONE',  ( -187.4995148584999924, 226.7031979175140464, 26.00261463424008568 ) ) ;
#3412 = CARTESIAN_POINT ( 'NONE',  ( 49.25388635400002357, 10.00248040021381790, 22.98884876948134703 ) ) ;
#3413 = AXIS2_PLACEMENT_3D ( 'NONE', #1621, #869, #3449 ) ;
#3414 = VERTEX_POINT ( 'NONE', #3985 ) ;
#3415 = CIRCLE ( 'NONE', #3496, 2.500000046250006047 ) ;
#3416 = VERTEX_POINT ( 'NONE', #944 ) ;
#3417 = ORIENTED_EDGE ( 'NONE', *, *, #2448, .T. ) ;
#3418 = AXIS2_PLACEMENT_3D ( 'NONE', #656, #1705, #681 ) ;
#3419 = CARTESIAN_POINT ( 'NONE',  ( -182.4996556579000071, 166.7031863060000489, 25.99879964767279361 ) ) ;
#3420 = FACE_OUTER_BOUND ( 'NONE', #1727, .T. ) ;
#3421 = VECTOR ( 'NONE', #1028, 999.9999999999998863 ) ;
#3422 = EDGE_CURVE ( 'NONE', #4132, #123, #3175, .T. ) ;
#3423 = DIRECTION ( 'NONE',  ( 1.000000000000000000, 1.811100377073350216E-16, -2.237523960855270711E-12 ) ) ;
#3424 = EDGE_LOOP ( 'NONE', ( #1958, #3115 ) ) ;
#3425 = CIRCLE ( 'NONE', #2580, 2.500000046249998942 ) ;
#3426 = CARTESIAN_POINT ( 'NONE',  ( 184.9999812859999793, 226.7040266219934779, 23.00262732606606164 ) ) ;
#3427 = EDGE_CURVE ( 'NONE', #3126, #1811, #605, .T. ) ;
#3428 = CARTESIAN_POINT ( 'NONE',  ( -18.50785698299997506, 0.005046705237210513673, -18.51180021656217889 ) ) ;
#3429 = CARTESIAN_POINT ( 'NONE',  ( 187.4999812859999793, 226.7062807787767156, -19.99737132426998443 ) ) ;
#3430 = PERSON_AND_ORGANIZATION ( #1646, #1701 ) ;
#3431 = EDGE_CURVE ( 'NONE', #2968, #1508, #3467, .T. ) ;
#3432 = ORIENTED_EDGE ( 'NONE', *, *, #4634, .F. ) ;
#3433 = FACE_OUTER_BOUND ( 'NONE', #3655, .T. ) ;
#3434 = DIRECTION ( 'NONE',  ( -1.000000000000000000, -9.413705582023560443E-18, 2.237487085140070601E-12 ) ) ;
#3435 = CARTESIAN_POINT ( 'NONE',  ( 51.75388635400002357, 10.00560091223789883, -18.51114982268739340 ) ) ;
#3436 = FACE_OUTER_BOUND ( 'NONE', #418, .T. ) ;
#3437 = VECTOR ( 'NONE', #3695, 999.9999999999998863 ) ;
#3438 = EDGE_CURVE ( 'NONE', #4381, #258, #609, .T. ) ;
#3439 = ORIENTED_EDGE ( 'NONE', *, *, #2710, .T. ) ;
#3440 = VERTEX_POINT ( 'NONE', #1315 ) ;
#3441 = EDGE_LOOP ( 'NONE', ( #2377, #3975, #3188, #3017 ) ) ;
#3442 = ORIENTED_EDGE ( 'NONE', *, *, #4344, .F. ) ;
#3443 = CARTESIAN_POINT ( 'NONE',  ( -184.9995148597000139, 226.7029019355668993, 23.00261460934868651 ) ) ;
#3444 = CARTESIAN_POINT ( 'NONE',  ( 49.25388635400002357, 142.0953128415978313, 24.49724764414681744 ) ) ;
#3445 = ORIENTED_EDGE ( 'NONE', *, *, #1232, .T. ) ;
#3446 = AXIS2_PLACEMENT_3D ( 'NONE', #615, #2098, #922 ) ;
#3447 = AXIS2_PLACEMENT_3D ( 'NONE', #4767, #690, #4046 ) ;
#3448 = AXIS2_PLACEMENT_3D ( 'NONE', #905, #3596, #261 ) ;
#3449 = DIRECTION ( 'NONE',  ( 1.000000000000000000, 0.000000000000000000, -2.237099353233347089E-12 ) ) ;
#3450 = AXIS2_PLACEMENT_3D ( 'NONE', #2770, #3864, #4610 ) ;
#3451 = DIRECTION ( 'NONE',  ( 1.000000000000000000, 0.000000000000000000, -2.237099353233347089E-12 ) ) ;
#3452 = APPROVAL_ROLE ( '' ) ;
#3453 = EDGE_LOOP ( 'NONE', ( #398, #3327, #3153, #3290 ) ) ;
#3454 = CARTESIAN_POINT ( 'NONE',  ( 184.9999812859999793, 166.7028742642915802, 25.99881227292727459 ) ) ;
#3455 = CIRCLE ( 'NONE', #505, 2.500000046250006047 ) ;
#3456 = ADVANCED_FACE ( 'NONE', ( #4316, #2822, #197, #916, #1674, #300, #1778, #2066, #1752, #3963, #2429, #3554, #3260 ), #4677, .F. ) ;
#3457 = DIRECTION ( 'NONE',  ( -2.237509410309334820E-12, 6.358310602959382773E-05, -0.9999999979785942905 ) ) ;
#3458 = CARTESIAN_POINT ( 'NONE',  ( -31.75392844899998934, 10.00234331796824527, 24.48883611741115018 ) ) ;
#3459 = VERTEX_POINT ( 'NONE', #2848 ) ;
#3460 = ORIENTED_EDGE ( 'NONE', *, *, #2, .F. ) ;
#3461 = ORIENTED_EDGE ( 'NONE', *, *, #106, .F. ) ;
#3462 = EDGE_CURVE ( 'NONE', #758, #4774, #3155, .T. ) ;
#3463 = VERTEX_POINT ( 'NONE', #635 ) ;
#3464 = AXIS2_PLACEMENT_3D ( 'NONE', #3808, #4077, #2626 ) ;
#3465 = DIRECTION ( 'NONE',  ( 2.237515728249334980E-12, -6.358310602959382773E-05, 0.9999999979785942905 ) ) ;
#3466 = DIRECTION ( 'NONE',  ( -0.9999999815015170324, -0.0001923459528262196874, -1.222771583569494855E-08 ) ) ;
#3467 = CIRCLE ( 'NONE', #4395, 2.500000046249998942 ) ;
#3468 = ORIENTED_EDGE ( 'NONE', *, *, #1911, .T. ) ;
#3469 = VECTOR ( 'NONE', #3362, 999.9999999999998863 ) ;
#3470 = DIRECTION ( 'NONE',  ( 1.000000000000000000, 0.000000000000000000, -2.237099353233353148E-12 ) ) ;
#3471 = CARTESIAN_POINT ( 'NONE',  ( -194.9994719174999886, 245.0049495335986478, -19.99622236376061224 ) ) ;
#3472 = LINE ( 'NONE', #2400, #694 ) ;
#3473 = DIRECTION ( 'NONE',  ( -2.237511783459335038E-12, 6.358310602959382773E-05, -0.9999999979785942905 ) ) ;
#3474 = VERTEX_POINT ( 'NONE', #2117 ) ;
#3475 = AXIS2_PLACEMENT_3D ( 'NONE', #482, #1314, #4602 ) ;
#3476 = CARTESIAN_POINT ( 'NONE',  ( 182.4999812859999793, 216.7060900495712019, -16.99800716062474493 ) ) ;
#3477 = CYLINDRICAL_SURFACE ( 'NONE', #1998, 2.500000046250007824 ) ;
#3478 = AXIS2_PLACEMENT_3D ( 'NONE', #3756, #1907, #2382 ) ;
#3479 = CARTESIAN_POINT ( 'NONE',  ( -71.75392844900000000, 10.00253255886029713, 22.98883612664590004 ) ) ;
#3480 = CARTESIAN_POINT ( 'NONE',  ( -39.25392844800001768, 10.00284178275200020, 24.48883614898739225 ) ) ;
#3481 = DIRECTION ( 'NONE',  ( -2.237509410309334820E-12, 6.358310602959382773E-05, -0.9999999979785942905 ) ) ;
#3483 = EDGE_CURVE ( 'NONE', #1326, #2157, #680, .T. ) ;
#3482 = VERTEX_POINT ( 'NONE', #3883 ) ;
#3484 = ORIENTED_EDGE ( 'NONE', *, *, #996, .F. ) ;
#3485 = VERTEX_POINT ( 'NONE', #1987 ) ;
#3486 = CIRCLE ( 'NONE', #3016, 2.500000046250006047 ) ;
#3487 = DIRECTION ( 'NONE',  ( 0.9999999815015169213, 0.0001923459530052442073, 1.222771583569501638E-08 ) ) ;
#3488 = AXIS2_PLACEMENT_3D ( 'NONE', #3860, #510, #1995 ) ;
#3489 = DIRECTION ( 'NONE',  ( -2.237511783459335038E-12, 6.358310602959382773E-05, -0.9999999979785942905 ) ) ;
#3490 = APPROVAL_PERSON_ORGANIZATION ( #947, #866, #4213 ) ;
#3491 = ORIENTED_EDGE ( 'NONE', *, *, #666, .T. ) ;
#3492 = ORIENTED_EDGE ( 'NONE', *, *, #57, .T. ) ;
#3493 = EDGE_CURVE ( 'NONE', #2991, #2861, #299, .T. ) ;
#3494 = EDGE_CURVE ( 'NONE', #3505, #4132, #3156, .T. ) ;
#3495 = CYLINDRICAL_SURFACE ( 'NONE', #4150, 2.500000046250000718 ) ;
#3496 = AXIS2_PLACEMENT_3D ( 'NONE', #77, #789, #2208 ) ;
#3497 = DIRECTION ( 'NONE',  ( -2.237511783459335038E-12, 6.358310602959382773E-05, -0.9999999979785942905 ) ) ;
#3498 = EDGE_LOOP ( 'NONE', ( #1397, #2464, #1793, #2138 ) ) ;
#3499 = ADVANCED_FACE ( 'NONE', ( #2742 ), #2073, .F. ) ;
#3500 = VERTEX_POINT ( 'NONE', #252 ) ;
#3501 = DIRECTION ( 'NONE',  ( 2.237533027394429973E-12, -6.358310602959382773E-05, 0.9999999979785942905 ) ) ;
#3502 = CYLINDRICAL_SURFACE ( 'NONE', #2342, 125.9042811879999846 ) ;
#3503 = CARTESIAN_POINT ( 'NONE',  ( -174.9996985989999985, 148.4070943413120460, -17.00236434983148825 ) ) ;
#3504 = CARTESIAN_POINT ( 'NONE',  ( 51.75388635400002357, 10.00569628683482826, -20.01114981966167861 ) ) ;
#3505 = VERTEX_POINT ( 'NONE', #2356 ) ;
#3506 = FACE_OUTER_BOUND ( 'NONE', #2750, .T. ) ;
#3507 = ADVANCED_BREP_SHAPE_REPRESENTATION ( 'Link3StellConnectors_Default_sldprt', ( #1226, #4482, #4429, #4441, #2243 ), #537 ) ;
#3508 = AXIS2_PLACEMENT_3D ( 'NONE', #143, #4147, #3423 ) ;
#3509 = LINE ( 'NONE', #3537, #1502 ) ;
#3510 = DIRECTION ( 'NONE',  ( -2.237509410309334820E-12, 6.358310602959382773E-05, -0.9999999979785942905 ) ) ;
#3511 = ORIENTED_EDGE ( 'NONE', *, *, #3483, .F. ) ;
#3512 = ORIENTED_EDGE ( 'NONE', *, *, #400, .T. ) ;
#3513 = ORIENTED_EDGE ( 'NONE', *, *, #3345, .T. ) ;
#3514 = DIRECTION ( 'NONE',  ( 2.235841141859335273E-12, -6.358310602959384129E-05, 0.9999999979785944015 ) ) ;
#3515 = CYLINDRICAL_SURFACE ( 'NONE', #4230, 153.2525527960000602 ) ;
#3516 = LINE ( 'NONE', #2415, #4278 ) ;
#3517 = FACE_OUTER_BOUND ( 'NONE', #3441, .T. ) ;
#3518 = ORIENTED_EDGE ( 'NONE', *, *, #4642, .F. ) ;
#3519 = EDGE_CURVE ( 'NONE', #4492, #3542, #540, .T. ) ;
#3520 = ADVANCED_FACE ( 'NONE', ( #1296 ), #3477, .F. ) ;
#3521 = DIRECTION ( 'NONE',  ( 2.237527404722175170E-12, -6.358310602959382773E-05, 0.9999999979785942905 ) ) ;
#3522 = DIRECTION ( 'NONE',  ( 0.9999999810473936268, -0.0001946926095850176077, -1.238139845503561810E-08 ) ) ;
#3523 = CARTESIAN_POINT ( 'NONE',  ( -182.4996321913999964, 176.7059207368134821, -17.00056502278726711 ) ) ;
#3524 = ORIENTED_EDGE ( 'NONE', *, *, #545, .T. ) ;
#3525 = EDGE_CURVE ( 'NONE', #4117, #4472, #640, .T. ) ;
#3526 = EDGE_CURVE ( 'NONE', #3416, #329, #348, .T. ) ;
#3527 = CYLINDRICAL_SURFACE ( 'NONE', #2002, 2.500000046249999386 ) ;
#3528 = CARTESIAN_POINT ( 'NONE',  ( 182.4999812859999793, 196.7034504431425432, 24.50071979949663969 ) ) ;
#3529 = CARTESIAN_POINT ( 'NONE',  ( -184.9996556568000017, 166.7064074883422791, -17.00120082216752238 ) ) ;
#3530 = LINE ( 'NONE', #918, #4415 ) ;
#3531 = FACE_OUTER_BOUND ( 'NONE', #1077, .T. ) ;
#3532 = ORIENTED_EDGE ( 'NONE', *, *, #405, .F. ) ;
#3533 = CARTESIAN_POINT ( 'NONE',  ( -41.75392844900000000, 10.00246215915153947, 22.98883612173824176 ) ) ;
#3534 = AXIS2_PLACEMENT_3D ( 'NONE', #1472, #2182, #28 ) ;
#3535 = DIRECTION ( 'NONE',  ( -2.237509410309334820E-12, 6.358310602959382773E-05, -0.9999999979785942905 ) ) ;
#3536 = CIRCLE ( 'NONE', #3620, 2.500000046250006047 ) ;
#3537 = CARTESIAN_POINT ( 'NONE',  ( -49.25395191499998049, 0.005214230405718722761, -20.01180020837850648 ) ) ;
#3538 = DIRECTION ( 'NONE',  ( 1.000000000000000000, 0.000000000000000000, -2.237099353233347089E-12 ) ) ;
#3539 = CIRCLE ( 'NONE', #1435, 2.500000046249998942 ) ;
#3540 = VERTEX_POINT ( 'NONE', #2217 ) ;
#3541 = VERTEX_POINT ( 'NONE', #1032 ) ;
#3542 = VERTEX_POINT ( 'NONE', #3705 ) ;
#3543 = AXIS2_PLACEMENT_3D ( 'NONE', #2964, #4444, #3405 ) ;
#3544 = CARTESIAN_POINT ( 'NONE',  ( 26.75388635400000226, 10.00296126513271133, 22.98884880007784304 ) ) ;
#3545 = CARTESIAN_POINT ( 'NONE',  ( -184.9995617927999945, 206.7055410516987877, -18.49865755604587747 ) ) ;
#3546 = ORIENTED_EDGE ( 'NONE', *, *, #2327, .T. ) ;
#3547 = VERTEX_POINT ( 'NONE', #372 ) ;
#3548 = CARTESIAN_POINT ( 'NONE',  ( 182.4999812859999793, 216.7062807989647695, -19.99800715458319189 ) ) ;
#3549 = CARTESIAN_POINT ( 'NONE',  ( -39.25392845000000364, 10.00451912931878873, -17.01116441600464313 ) ) ;
#3550 = ORIENTED_EDGE ( 'NONE', *, *, #1708, .F. ) ;
#3551 = ADVANCED_FACE ( 'NONE', ( #4712 ), #2852, .F. ) ;
#3552 = CARTESIAN_POINT ( 'NONE',  ( 59.25388635399997384, 10.00248040016426998, 22.98884876848256198 ) ) ;
#3553 = AXIS2_PLACEMENT_3D ( 'NONE', #2279, #2981, #1571 ) ;
#3554 = FACE_BOUND ( 'NONE', #2503, .T. ) ;
#3555 = DIRECTION ( 'NONE',  ( 1.000000000000000000, 0.000000000000000000, -2.237099353233347089E-12 ) ) ;
#3556 = CARTESIAN_POINT ( 'NONE',  ( -182.4995148584999924, 226.7032815582684577, 24.50261463664241290 ) ) ;
#3557 = CALENDAR_DATE ( 2026, 12, 7 ) ;
#3558 = VERTEX_POINT ( 'NONE', #2125 ) ;
#3559 = EDGE_CURVE ( 'NONE', #2728, #4442, #276, .T. ) ;
#3560 = DIRECTION ( 'NONE',  ( -0.9999999810473936268, 0.0001946926096051404000, 1.238139845503561810E-08 ) ) ;
#3561 = VECTOR ( 'NONE', #327, 1000.000000000000114 ) ;
#3562 = CARTESIAN_POINT ( 'NONE',  ( -194.9996985988999825, 148.4045021978301406, 24.49763615758377000 ) ) ;
#3563 = CARTESIAN_POINT ( 'NONE',  ( -174.9996985989999985, 148.4044552647077069, 24.49763615397740324 ) ) ;
#3564 = AXIS2_PLACEMENT_3D ( 'NONE', #3570, #3215, #3487 ) ;
#3565 = CARTESIAN_POINT ( 'NONE',  ( -59.25392844700000694, 10.00288871587440553, 24.48883615259373059 ) ) ;
#3566 = ORIENTED_EDGE ( 'NONE', *, *, #2870, .F. ) ;
#3567 = EDGE_LOOP ( 'NONE', ( #468, #84 ) ) ;
#3568 = VERTEX_POINT ( 'NONE', #3208 ) ;
#3569 = CIRCLE ( 'NONE', #1464, 2.500000046250006047 ) ;
#3570 = CARTESIAN_POINT ( 'NONE',  ( 69.25388635399998805, 10.00512004731901250, -18.51114985328392137 ) ) ;
#3571 = CARTESIAN_POINT ( 'NONE',  ( -59.25392844700000694, 10.00562316697577536, -18.51116434818450429 ) ) ;
#3572 = EDGE_LOOP ( 'NONE', ( #1422, #2451, #56, #2792 ) ) ;
#3573 = FACE_BOUND ( 'NONE', #2129, .T. ) ;
#3574 = AXIS2_PLACEMENT_3D ( 'NONE', #707, #3238, #1809 ) ;
#3575 = ORIENTED_EDGE ( 'NONE', *, *, #2188, .T. ) ;
#3576 = DIRECTION ( 'NONE',  ( 1.164211864463475920E-07, 0.04954705606199331924, 0.9987717903683384080 ) ) ;
#3577 = DIRECTION ( 'NONE',  ( 2.237515728249334980E-12, -6.358310602959382773E-05, 0.9999999979785942905 ) ) ;
#3578 = CARTESIAN_POINT ( 'NONE',  ( -66.75392844900000000, 10.00242545092024748, 24.48883612297200685 ) ) ;
#3579 = EDGE_LOOP ( 'NONE', ( #4010, #3894 ) ) ;
#3580 = VECTOR ( 'NONE', #899, 999.9999999999998863 ) ;
#3581 = AXIS2_PLACEMENT_3D ( 'NONE', #2120, #4733, #4342 ) ;
#3582 = FACE_OUTER_BOUND ( 'NONE', #4202, .T. ) ;
#3583 = LINE ( 'NONE', #2531, #1873 ) ;
#3584 = EDGE_LOOP ( 'NONE', ( #1131, #1171, #3511, #3810 ) ) ;
#3585 = CARTESIAN_POINT ( 'NONE',  ( 184.9999812859999793, 176.7028742441035263, 25.99944810324050692 ) ) ;
#3586 = EDGE_CURVE ( 'NONE', #2699, #4037, #2916, .T. ) ;
#3587 = DIRECTION ( 'NONE',  ( 1.000000000000000000, 1.811100377073350216E-16, -2.237501322100557132E-12 ) ) ;
#3588 = FACE_OUTER_BOUND ( 'NONE', #591, .T. ) ;
#3589 = DIRECTION ( 'NONE',  ( -2.237509410309334820E-12, 6.358310602959382773E-05, -0.9999999979785942905 ) ) ;
#3590 = VERTEX_POINT ( 'NONE', #2153 ) ;
#3591 = ORIENTED_EDGE ( 'NONE', *, *, #1377, .F. ) ;
#3592 = ORIENTED_EDGE ( 'NONE', *, *, #2102, .F. ) ;
#3593 = AXIS2_PLACEMENT_3D ( 'NONE', #4556, #4534, #912 ) ;
#3594 = DIRECTION ( 'NONE',  ( -2.237521737597624816E-12, 6.358310602959382773E-05, -0.9999999979785942905 ) ) ;
#3595 = EDGE_CURVE ( 'NONE', #3144, #3646, #2585, .T. ) ;
#3596 = DIRECTION ( 'NONE',  ( -2.237509410309334820E-12, 6.358310602959382773E-05, -0.9999999979785942905 ) ) ;
#3597 = AXIS2_PLACEMENT_3D ( 'NONE', #1405, #2112, #3602 ) ;
#3598 = DIRECTION ( 'NONE',  ( 0.9999999810473936268, -0.0001946926095988953955, -1.238139845503561810E-08 ) ) ;
#3599 = ORIENTED_EDGE ( 'NONE', *, *, #3906, .F. ) ;
#3600 = DIRECTION ( 'NONE',  ( 2.237515728249334980E-12, -6.358310602959382773E-05, 0.9999999979785942905 ) ) ;
#3601 = CARTESIAN_POINT ( 'NONE',  ( -80.00004684799999666, 0.002361180532657602971, 25.98820029051238123 ) ) ;
#3602 = DIRECTION ( 'NONE',  ( 1.000000000000000000, 0.000000000000000000, -2.237099353233347089E-12 ) ) ;
#3603 = CIRCLE ( 'NONE', #1497, 2.500000046249998942 ) ;
#3604 = ORIENTED_EDGE ( 'NONE', *, *, #2687, .T. ) ;
#3605 = VECTOR ( 'NONE', #4654, 999.9999999999998863 ) ;
#3606 = VECTOR ( 'NONE', #4731, 999.9999999999998863 ) ;
#3607 = CARTESIAN_POINT ( 'NONE',  ( 49.25388635400002357, 142.0952174670009072, 25.99724764112107422 ) ) ;
#3608 = CARTESIAN_POINT ( 'NONE',  ( 207.7000667350000356, 48.40346202690803779, 25.99127778221976826 ) ) ;
#3609 = DIRECTION ( 'NONE',  ( -0.9999999810473936268, 0.0001946926095406081446, 1.238139845503558336E-08 ) ) ;
#3610 = ORIENTED_EDGE ( 'NONE', *, *, #3367, .T. ) ;
#3611 = CARTESIAN_POINT ( 'NONE',  ( 184.9999812859999793, 226.7057045394606689, -18.49737135790208242 ) ) ;
#3612 = CARTESIAN_POINT ( 'NONE',  ( -187.4995383250999907, 216.7033886870461288, 23.00197880896964620 ) ) ;
#3613 = EDGE_CURVE ( 'NONE', #120, #2316, #2939, .T. ) ;
#3614 = PRODUCT_DEFINITION_SHAPE ( 'NONE', 'NONE',  #1528 ) ;
#3615 = DIRECTION ( 'NONE',  ( 1.000000000000000000, 0.000000000000000000, -2.237099353233347089E-12 ) ) ;
#3616 = ORIENTED_EDGE ( 'NONE', *, *, #1636, .F. ) ;
#3617 = ORIENTED_EDGE ( 'NONE', *, *, #1884, .T. ) ;
#3618 = VERTEX_POINT ( 'NONE', #1413 ) ;
#3619 = EDGE_CURVE ( 'NONE', #2462, #4380, #2484, .T. ) ;
#3620 = AXIS2_PLACEMENT_3D ( 'NONE', #2404, #2851, #4319 ) ;
#3621 = CIRCLE ( 'NONE', #3534, 2.500000046250006047 ) ;
#3622 = FACE_BOUND ( 'NONE', #1755, .T. ) ;
#3623 = EDGE_LOOP ( 'NONE', ( #3604, #1460, #2797, #4109 ) ) ;
#3624 = ADVANCED_FACE ( 'NONE', ( #3286 ), #1783, .F. ) ;
#3625 = CIRCLE ( 'NONE', #3058, 153.2525527960000034 ) ;
#3626 = CIRCLE ( 'NONE', #1061, 2.500000046250006047 ) ;
#3627 = CARTESIAN_POINT ( 'NONE',  ( 184.9999812859999793, 166.7065710154319902, -17.00118628559946288 ) ) ;
#3628 = LINE ( 'NONE', #2401, #4217 ) ;
#3629 = DIRECTION ( 'NONE',  ( 2.237515728249334980E-12, -6.358310602959382773E-05, 0.9999999979785942905 ) ) ;
#3630 = VERTEX_POINT ( 'NONE', #3970 ) ;
#3631 = DIRECTION ( 'NONE',  ( 1.000000000000000000, 0.000000000000000000, -2.237099353233347089E-12 ) ) ;
#3632 = CARTESIAN_POINT ( 'NONE',  ( 187.4999812859999793, 186.7061854851829423, -18.49991465156477943 ) ) ;
#3633 = LINE ( 'NONE', #4364, #1554 ) ;
#3634 = VERTEX_POINT ( 'NONE', #3612 ) ;
#3635 = AXIS2_PLACEMENT_3D ( 'NONE', #990, #3600, #2931 ) ;
#3636 = CARTESIAN_POINT ( 'NONE',  ( 49.25388635400002357, 20.00550551740257887, -17.01051399439618095 ) ) ;
#3637 = CYLINDRICAL_SURFACE ( 'NONE', #2317, 2.500000046250013153 ) ;
#3638 = ORIENTED_EDGE ( 'NONE', *, *, #1885, .T. ) ;
#3639 = AXIS2_PLACEMENT_3D ( 'NONE', #2993, #26, #4475 ) ;
#3640 = ORIENTED_EDGE ( 'NONE', *, *, #4552, .F. ) ;
#3641 = ORIENTED_EDGE ( 'NONE', *, *, #2740, .T. ) ;
#3642 = CIRCLE ( 'NONE', #2627, 2.500000046250006047 ) ;
#3643 = CARTESIAN_POINT ( 'NONE',  ( -41.75392844900000000, 10.00519661025290041, -20.01116437904001799 ) ) ;
#3644 = EDGE_CURVE ( 'NONE', #4018, #3482, #902, .T. ) ;
#3645 = CARTESIAN_POINT ( 'NONE',  ( -18.50781004999998913, 20.00495129006360173, -17.01052855694898369 ) ) ;
#3646 = VERTEX_POINT ( 'NONE', #4366 ) ;
#3647 = ORIENTED_EDGE ( 'NONE', *, *, #86, .F. ) ;
#3648 = CIRCLE ( 'NONE', #305, 2.500000046250006047 ) ;
#3649 = EDGE_CURVE ( 'NONE', #623, #2341, #1055, .T. ) ;
#3650 = DIRECTION ( 'NONE',  ( -0.2496069419140613532, -0.9683472366653301799, -6.157052458937449827E-05 ) ) ;
#3651 = AXIS2_PLACEMENT_3D ( 'NONE', #2046, #3946, #3158 ) ;
#3652 = EDGE_CURVE ( 'NONE', #4722, #1187, #4320, .T. ) ;
#3653 = DIRECTION ( 'NONE',  ( 1.000000000000000000, 0.000000000000000000, -2.237099353233347089E-12 ) ) ;
#3654 = DIRECTION ( 'NONE',  ( -2.237509410309334820E-12, 6.358310602959382773E-05, -0.9999999979785942905 ) ) ;
#3655 = EDGE_LOOP ( 'NONE', ( #3080, #184, #393, #1037 ) ) ;
#3656 = DIRECTION ( 'NONE',  ( 0.000000000000000000, 6.358310597861374712E-05, -0.9999999979785942905 ) ) ;
#3657 = EDGE_CURVE ( 'NONE', #2914, #4381, #74, .T. ) ;
#3658 = DIRECTION ( 'NONE',  ( -2.237534901979919865E-12, 6.358310602959382773E-05, -0.9999999979785942905 ) ) ;
#3659 = ORIENTED_EDGE ( 'NONE', *, *, #4397, .F. ) ;
#3660 = CIRCLE ( 'NONE', #236, 2.500000046250006047 ) ;
#3661 = DIRECTION ( 'NONE',  ( 1.000000000000000000, 0.000000000000000000, -2.237099353233353148E-12 ) ) ;
#3662 = DIRECTION ( 'NONE',  ( 1.000000000000000000, 0.000000000000000000, -2.237099353233347089E-12 ) ) ;
#3663 = ORIENTED_EDGE ( 'NONE', *, *, #2899, .F. ) ;
#3664 = ORIENTED_EDGE ( 'NONE', *, *, #1438, .F. ) ;
#3665 = DIRECTION ( 'NONE',  ( 1.000000000000000000, 0.000000000000000000, -2.237099353233353148E-12 ) ) ;
#3666 = DIRECTION ( 'NONE',  ( -2.237509410309334820E-12, 6.358310602959382773E-05, -0.9999999979785942905 ) ) ;
#3667 = DIRECTION ( 'NONE',  ( 0.9999999815015170324, 0.0001923459529150375294, 1.222771583569494855E-08 ) ) ;
#3668 = ORIENTED_EDGE ( 'NONE', *, *, #3738, .T. ) ;
#3669 = VERTEX_POINT ( 'NONE', #3683 ) ;
#3670 = ADVANCED_FACE ( 'NONE', ( #395 ), #105, .F. ) ;
#3671 = AXIS2_PLACEMENT_3D ( 'NONE', #837, #479, #3466 ) ;
#3672 = DIRECTION ( 'NONE',  ( 2.235841141859335273E-12, -6.358310602959384129E-05, 0.9999999979785944015 ) ) ;
#3673 = ADVANCED_FACE ( 'NONE', ( #796 ), #463, .F. ) ;
#3674 = CARTESIAN_POINT ( 'NONE',  ( -187.4995383250999907, 216.7060277628514768, -18.49802169479966452 ) ) ;
#3675 = FACE_BOUND ( 'NONE', #2803, .T. ) ;
#3676 = ORIENTED_EDGE ( 'NONE', *, *, #3190, .T. ) ;
#3677 = EDGE_CURVE ( 'NONE', #3669, #2155, #3356, .T. ) ;
#3678 = EDGE_CURVE ( 'NONE', #2496, #1766, #2631, .T. ) ;
#3679 = DIRECTION ( 'NONE',  ( -0.9999999815015170324, -0.0001923459528484241479, -1.222771583569494855E-08 ) ) ;
#3680 = CARTESIAN_POINT ( 'NONE',  ( 184.9999812859999793, 176.7056092660549780, -17.00055051551013818 ) ) ;
#3681 = EDGE_LOOP ( 'NONE', ( #3922, #795, #352, #4332 ) ) ;
#3682 = ADVANCED_FACE ( 'NONE', ( #1173 ), #1574, .F. ) ;
#3683 = CARTESIAN_POINT ( 'NONE',  ( 18.50779142199998617, 20.00296124484476934, 22.98948463039604562 ) ) ;
#3684 = DIRECTION ( 'NONE',  ( 1.000000000000000000, 0.000000000000000000, -2.237099353233347089E-12 ) ) ;
#3685 = ORIENTED_EDGE ( 'NONE', *, *, #1945, .F. ) ;
#3686 = EDGE_LOOP ( 'NONE', ( #500, #2196 ) ) ;
#3687 = CARTESIAN_POINT ( 'NONE',  ( 18.50779142199998617, 10.00277051573911180, 25.98884879403629000 ) ) ;
#3688 = DIRECTION ( 'NONE',  ( -2.235841141859335273E-12, 6.358310602959384129E-05, -0.9999999979785944015 ) ) ;
#3689 = CARTESIAN_POINT ( 'NONE',  ( -49.25392844999998232, 10.00180814495321080, 25.98883608706875492 ) ) ;
#3690 = PLANE ( 'NONE',  #4631 ) ;
#3691 = EDGE_LOOP ( 'NONE', ( #334, #2788 ) ) ;
#3692 = EDGE_LOOP ( 'NONE', ( #2252, #4074, #3908, #3546 ) ) ;
#3693 = CIRCLE ( 'NONE', #4209, 2.500000046250006047 ) ;
#3694 = CARTESIAN_POINT ( 'NONE',  ( 182.4999812859999793, 226.7060900293831196, -16.99737133031151259 ) ) ;
#3695 = DIRECTION ( 'NONE',  ( -2.238209617639335134E-12, 6.358310602959384129E-05, -0.9999999979785944015 ) ) ;
#3696 = ORIENTED_EDGE ( 'NONE', *, *, #1968, .T. ) ;
#3697 = CIRCLE ( 'NONE', #1443, 2.500000046250006047 ) ;
#3698 = ORIENTED_EDGE ( 'NONE', *, *, #2783, .F. ) ;
#3699 = AXIS2_PLACEMENT_3D ( 'NONE', #464, #1509, #2989 ) ;
#3700 = CARTESIAN_POINT ( 'NONE',  ( -174.9995852583000158, 196.7060938452661389, -19.99929335506175931 ) ) ;
#3701 = ADVANCED_FACE ( 'NONE', ( #3813 ), #2988, .F. ) ;
#3702 = CARTESIAN_POINT ( 'NONE',  ( 184.9999812859999793, 216.7067616640834160, -19.99800712399662928 ) ) ;
#3703 = EDGE_LOOP ( 'NONE', ( #2156, #3685, #2008, #1428 ) ) ;
#3704 = VERTEX_POINT ( 'NONE', #4151 ) ;
#3705 = CARTESIAN_POINT ( 'NONE',  ( 194.9999812859999793, 245.0048988454074959, -16.99620783457012152 ) ) ;
#3706 = DIRECTION ( 'NONE',  ( 1.000000000000000000, 0.000000000000000000, -2.237099353233347089E-12 ) ) ;
#3707 = ADVANCED_FACE ( 'NONE', ( #2328 ), #1851, .F. ) ;
#3708 = ORIENTED_EDGE ( 'NONE', *, *, #834, .T. ) ;
#3709 = ORIENTED_EDGE ( 'NONE', *, *, #3619, .F. ) ;
#3710 = CARTESIAN_POINT ( 'NONE',  ( 174.9999812860000361, 245.0023545728496686, 23.00379079022207662 ) ) ;
#3711 = CYLINDRICAL_SURFACE ( 'NONE', #741, 2.500000046249999386 ) ;
#3712 = DIRECTION ( 'NONE',  ( -2.237509410309334820E-12, 6.358310602959382773E-05, -0.9999999979785942905 ) ) ;
#3713 = CARTESIAN_POINT ( 'NONE',  ( 31.75388635400000581, 10.00560091223789883, -18.51114982268739340 ) ) ;
#3714 = VECTOR ( 'NONE', #1724, 999.9999999999998863 ) ;
#3715 = VERTEX_POINT ( 'NONE', #1487 ) ;
#3716 = VECTOR ( 'NONE', #4346, 999.9999999999998863 ) ;
#3717 = CARTESIAN_POINT ( 'NONE',  ( 182.4999812859999793, 206.7062808191033128, -19.99864298589520928 ) ) ;
#3718 = DIRECTION ( 'NONE',  ( -2.237511783459335038E-12, 6.358310602959382773E-05, -0.9999999979785942905 ) ) ;
#3719 = VECTOR ( 'NONE', #669, 999.9999999999998863 ) ;
#3720 = ORIENTED_EDGE ( 'NONE', *, *, #316, .T. ) ;
#3721 = VERTEX_POINT ( 'NONE', #3794 ) ;
#3722 = AXIS2_PLACEMENT_3D ( 'NONE', #424, #876, #1183 ) ;
#3723 = CARTESIAN_POINT ( 'NONE',  ( 18.50779142199998617, 0.005600932376427503190, -18.51178565399941434 ) ) ;
#3724 = CYLINDRICAL_SURFACE ( 'NONE', #3176, 2.500000046249999386 ) ;
#3725 = ORIENTED_EDGE ( 'NONE', *, *, #3519, .T. ) ;
#3726 = DIRECTION ( 'NONE',  ( -2.346656668659893995E-06, -0.9999999979758409374, -6.358310597843867557E-05 ) ) ;
#3727 = DIRECTION ( 'NONE',  ( 0.9999999999972466469, -2.346656663880867191E-06, -1.514447904225408482E-10 ) ) ;
#3728 = ADVANCED_FACE ( 'NONE', ( #440 ), #1874, .F. ) ;
#3729 = ORIENTED_EDGE ( 'NONE', *, *, #1680, .T. ) ;
#3730 = ORIENTED_EDGE ( 'NONE', *, *, #1299, .F. ) ;
#3731 = EDGE_CURVE ( 'NONE', #3646, #2733, #64, .T. ) ;
#3732 = EDGE_CURVE ( 'NONE', #1687, #4783, #2655, .T. ) ;
#3733 = AXIS2_PLACEMENT_3D ( 'NONE', #4458, #2620, #518 ) ;
#3734 = FACE_BOUND ( 'NONE', #1178, .T. ) ;
#3735 = CARTESIAN_POINT ( 'NONE',  ( -194.9996985988999825, 148.4073320235283973, -20.00236434016869325 ) ) ;
#3736 = DIRECTION ( 'NONE',  ( -2.237531600584425088E-12, 6.358310602959382773E-05, -0.9999999979785942905 ) ) ;
#3737 = ORIENTED_EDGE ( 'NONE', *, *, #259, .F. ) ;
#3738 = EDGE_CURVE ( 'NONE', #4132, #562, #755, .T. ) ;
#3739 = AXIS2_PLACEMENT_3D ( 'NONE', #2795, #3281, #1050 ) ;
#3740 = DIRECTION ( 'NONE',  ( -2.237511783459335038E-12, 6.358310602959382773E-05, -0.9999999979785942905 ) ) ;
#3741 = AXIS2_PLACEMENT_3D ( 'NONE', #1803, #323, #2170 ) ;
#3742 = DIRECTION ( 'NONE',  ( -2.237495582305384902E-12, 6.358310602959382773E-05, -0.9999999979785942905 ) ) ;
#3743 = ORIENTED_EDGE ( 'NONE', *, *, #3786, .T. ) ;
#3744 = ORIENTED_EDGE ( 'NONE', *, *, #730, .T. ) ;
#3745 = DIRECTION ( 'NONE',  ( 2.237509410309334820E-12, -6.358310602959382773E-05, 0.9999999979785942905 ) ) ;
#3746 = AXIS2_PLACEMENT_3D ( 'NONE', #604, #1382, #2502 ) ;
#3747 = ORIENTED_EDGE ( 'NONE', *, *, #231, .T. ) ;
#3748 = ORIENTED_EDGE ( 'NONE', *, *, #4245, .F. ) ;
#3749 = CARTESIAN_POINT ( 'NONE',  ( -174.9996985989999985, 148.4043598900109089, 25.99763615095659830 ) ) ;
#3750 = DIRECTION ( 'NONE',  ( 2.235841141859335273E-12, -6.358310602959384129E-05, 0.9999999979785944015 ) ) ;
#3751 = ORIENTED_EDGE ( 'NONE', *, *, #2137, .F. ) ;
#3752 = ORIENTED_EDGE ( 'NONE', *, *, #2628, .F. ) ;
#3753 = FACE_BOUND ( 'NONE', #1750, .T. ) ;
#3754 = DIRECTION ( 'NONE',  ( 2.237533027394429973E-12, -6.358310602959382773E-05, 0.9999999979785942905 ) ) ;
#3755 = DIRECTION ( 'NONE',  ( 2.237515728249334980E-12, -6.358310602959382773E-05, 0.9999999979785942905 ) ) ;
#3756 = CARTESIAN_POINT ( 'NONE',  ( 39.25388635400000936, 10.00608177715679759, -18.51114979209092581 ) ) ;
#3758 = ADVANCED_FACE ( 'NONE', ( #1923 ), #1192, .F. ) ;
#3757 = ORIENTED_EDGE ( 'NONE', *, *, #170, .F. ) ;
#3759 = CARTESIAN_POINT ( 'NONE',  ( 184.9999812859999793, 245.0023545728496686, 23.00379079022207662 ) ) ;
#3760 = ORIENTED_EDGE ( 'NONE', *, *, #2096, .F. ) ;
#3761 = EDGE_CURVE ( 'NONE', #4589, #3338, #915, .T. ) ;
#3762 = AXIS2_PLACEMENT_3D ( 'NONE', #1906, #3039, #4502 ) ;
#3763 = CIRCLE ( 'NONE', #1664, 2.500000046250006047 ) ;
#3764 = DIRECTION ( 'NONE',  ( 0.9999999810473936268, -0.0001946926096315081968, -1.238139845503561810E-08 ) ) ;
#3765 = VECTOR ( 'NONE', #311, 999.9999999999998863 ) ;
#3766 = CARTESIAN_POINT ( 'NONE',  ( -184.9996556590999717, 166.7054457581050144, -17.00120088334067248 ) ) ;
#3767 = ORIENTED_EDGE ( 'NONE', *, *, #1911, .F. ) ;
#3768 = VERTEX_POINT ( 'NONE', #2821 ) ;
#3769 = AXIS2_PLACEMENT_3D ( 'NONE', #2225, #3712, #384 ) ;
#3770 = DIRECTION ( 'NONE',  ( -0.9999999810473936268, 0.0001946926095517103748, 1.238139845503558336E-08 ) ) ;
#3771 = DIRECTION ( 'NONE',  ( 1.000000000000000000, 0.000000000000000000, -2.237099353233347089E-12 ) ) ;
#3772 = AXIS2_PLACEMENT_3D ( 'NONE', #441, #3076, #840 ) ;
#3773 = DIRECTION ( 'NONE',  ( -2.238209617639335134E-12, 6.358310602959384129E-05, -0.9999999979785944015 ) ) ;
#3774 = DIRECTION ( 'NONE',  ( -2.237511783459335038E-12, 6.358310602959382773E-05, -0.9999999979785942905 ) ) ;
#3775 = ORIENTED_EDGE ( 'NONE', *, *, #1521, .F. ) ;
#3776 = CARTESIAN_POINT ( 'NONE',  ( 79.99998128699998290, 0.005505557779499070659, -17.01178565702512913 ) ) ;
#3777 = LINE ( 'NONE', #1198, #142 ) ;
#3778 = DIRECTION ( 'NONE',  ( 0.9999999999972466469, -2.346656663880867191E-06, -1.514447904225408482E-10 ) ) ;
#3779 = DIRECTION ( 'NONE',  ( 2.237502838870259955E-12, -6.358310602959382773E-05, 0.9999999979785942905 ) ) ;
#3780 = DIRECTION ( 'NONE',  ( -2.237491773503294841E-12, 6.358310602959382773E-05, -0.9999999979785942905 ) ) ;
#3781 = ORIENTED_EDGE ( 'NONE', *, *, #1970, .F. ) ;
#3782 = EDGE_CURVE ( 'NONE', #3393, #1106, #4481, .T. ) ;
#3783 = VECTOR ( 'NONE', #2233, 999.9999999999998863 ) ;
#3784 = DIRECTION ( 'NONE',  ( -1.000000000000000000, 4.734990915607294200E-17, 2.238113973790748292E-12 ) ) ;
#3785 = EDGE_CURVE ( 'NONE', #3721, #3414, #4652, .T. ) ;
#3786 = EDGE_CURVE ( 'NONE', #1942, #2084, #3006, .T. ) ;
#3787 = CARTESIAN_POINT ( 'NONE',  ( -29.25392844999999298, 10.00468641212602350, -20.01116441126441003 ) ) ;
#3788 = CIRCLE ( 'NONE', #4400, 2.500000046249998942 ) ;
#3789 = CARTESIAN_POINT ( 'NONE',  ( 79.99998128699998290, 0.005696307073220496786, -20.01178565097863782 ) ) ;
#3790 = ORIENTED_EDGE ( 'NONE', *, *, #1327, .F. ) ;
#3791 = VERTEX_POINT ( 'NONE', #888 ) ;
#3792 = AXIS2_PLACEMENT_3D ( 'NONE', #4503, #95, #1252 ) ;
#3793 = EDGE_CURVE ( 'NONE', #3135, #2978, #3326, .T. ) ;
#3794 = CARTESIAN_POINT ( 'NONE',  ( 187.4999812859999793, 206.7035457972014285, 23.00135563385419246 ) ) ;
#3795 = DIRECTION ( 'NONE',  ( 2.237515728249334980E-12, -6.358310602959382773E-05, 0.9999999979785942905 ) ) ;
#3796 = DIRECTION ( 'NONE',  ( -2.238209617639335134E-12, 6.358310602959384129E-05, -0.9999999979785944015 ) ) ;
#3797 = DIRECTION ( 'NONE',  ( -2.237509410309334820E-12, 6.358310602959382773E-05, -0.9999999979785942905 ) ) ;
#3798 = CIRCLE ( 'NONE', #3651, 2.500000046250006047 ) ;
#3799 = ORIENTED_EDGE ( 'NONE', *, *, #1562, .T. ) ;
#3800 = DIRECTION ( 'NONE',  ( -0.9999999815015170324, -0.0001923459528373219177, -1.222771583569494855E-08 ) ) ;
#3801 = CARTESIAN_POINT ( 'NONE',  ( 26.75388635400000226, 10.00277051573911180, 25.98884879403629000 ) ) ;
#3802 = DIRECTION ( 'NONE',  ( -2.237511783459335038E-12, 6.358310602959382773E-05, -0.9999999979785942905 ) ) ;
#3803 = ORIENTED_EDGE ( 'NONE', *, *, #3595, .T. ) ;
#3804 = AXIS2_PLACEMENT_3D ( 'NONE', #676, #1548, #3001 ) ;
#3805 = EDGE_LOOP ( 'NONE', ( #2739, #929, #1119, #864 ) ) ;
#3806 = EDGE_LOOP ( 'NONE', ( #1466, #4618, #3752, #3321 ) ) ;
#3807 = EDGE_CURVE ( 'NONE', #4117, #2699, #1644, .T. ) ;
#3808 = CARTESIAN_POINT ( 'NONE',  ( -49.25361847299997464, 142.0976611610791451, -20.00276552895816096 ) ) ;
#3809 = CARTESIAN_POINT ( 'NONE',  ( -56.75392844899998579, 10.00230660973696217, 25.98883611864494370 ) ) ;
#3810 = ORIENTED_EDGE ( 'NONE', *, *, #4253, .T. ) ;
#3811 = EDGE_CURVE ( 'NONE', #4498, #4715, #4624, .T. ) ;
#3812 = ADVANCED_FACE ( 'NONE', ( #1619 ), #2372, .F. ) ;
#3813 = FACE_OUTER_BOUND ( 'NONE', #1308, .T. ) ;
#3814 = CIRCLE ( 'NONE', #639, 2.500000046249998942 ) ;
#3815 = LINE ( 'NONE', #1215, #3141 ) ;
#3816 = CARTESIAN_POINT ( 'NONE',  ( -187.4995617916999890, 206.7060277840382980, -18.49865752516244299 ) ) ;
#3817 = DIRECTION ( 'NONE',  ( 1.000000000000000000, 0.000000000000000000, -2.237099353233347089E-12 ) ) ;
#3818 = EDGE_LOOP ( 'NONE', ( #2172, #35 ) ) ;
#3819 = ADVANCED_FACE ( 'NONE', ( #3858 ), #533, .F. ) ;
#3820 = DIRECTION ( 'NONE',  ( -2.237509410309334820E-12, 6.358310602959382773E-05, -0.9999999979785942905 ) ) ;
#3821 = DIRECTION ( 'NONE',  ( 2.237497139219650001E-12, -6.358310602959382773E-05, 0.9999999979785942905 ) ) ;
#3822 = CYLINDRICAL_SURFACE ( 'NONE', #145, 2.500000046250007824 ) ;
#3823 = CARTESIAN_POINT ( 'NONE',  ( -71.75392844900000000, 10.00243718426336414, 24.48883612362018170 ) ) ;
#3824 = EDGE_LOOP ( 'NONE', ( #1678, #3599, #3390, #1166, #1465, #2321, #3664, #1657 ) ) ;
#3825 = CIRCLE ( 'NONE', #1735, 2.500000046250006047 ) ;
#3826 = EDGE_LOOP ( 'NONE', ( #2868, #4573 ) ) ;
#3827 = DIRECTION ( 'NONE',  ( 2.244904505645944323E-12, -6.358310605820979909E-05, 0.9999999979785942905 ) ) ;
#3828 = ORIENTED_EDGE ( 'NONE', *, *, #3427, .T. ) ;
#3829 = VERTEX_POINT ( 'NONE', #972 ) ;
#3830 = CARTESIAN_POINT ( 'NONE',  ( -66.75392844900000000, 10.00515990202161376, -18.51116437780622803 ) ) ;
#3831 = DIRECTION ( 'NONE',  ( -2.237509410309334820E-12, 6.358310602959382773E-05, -0.9999999979785942905 ) ) ;
#3832 = ORIENTED_EDGE ( 'NONE', *, *, #641, .F. ) ;
#3833 = ADVANCED_FACE ( 'NONE', ( #557 ), #3527, .F. ) ;
#3834 = CIRCLE ( 'NONE', #2214, 2.500000046250006047 ) ;
#3835 = EDGE_CURVE ( 'NONE', #4396, #2064, #3642, .T. ) ;
#3836 = AXIS2_PLACEMENT_3D ( 'NONE', #27, #4, #4000 ) ;
#3837 = FACE_OUTER_BOUND ( 'NONE', #4460, .T. ) ;
#3838 = DIRECTION ( 'NONE',  ( -2.238209617639335134E-12, 6.358310602959384129E-05, -0.9999999979785944015 ) ) ;
#3839 = CARTESIAN_POINT ( 'NONE',  ( 174.9999812860000361, 148.4045463134857243, 25.99764880776750431 ) ) ;
#3840 = VERTEX_POINT ( 'NONE', #2107 ) ;
#3841 = CIRCLE ( 'NONE', #4146, 2.500000046250006047 ) ;
#3842 = DIRECTION ( 'NONE',  ( 2.237515728249334980E-12, -6.358310602959382773E-05, 0.9999999979785942905 ) ) ;
#3843 = CARTESIAN_POINT ( 'NONE',  ( 194.9999812859999793, 245.0049942196048960, -18.49620783152458614 ) ) ;
#3844 = CIRCLE ( 'NONE', #3772, 125.9042811879999846 ) ;
#3845 = EDGE_CURVE ( 'NONE', #1353, #4589, #451, .T. ) ;
#3846 = FACE_OUTER_BOUND ( 'NONE', #40, .T. ) ;
#3847 = ORIENTED_EDGE ( 'NONE', *, *, #204, .T. ) ;
#3848 = ORIENTED_EDGE ( 'NONE', *, *, #658, .T. ) ;
#3849 = EDGE_LOOP ( 'NONE', ( #928, #2392 ) ) ;
#3850 = ORIENTED_EDGE ( 'NONE', *, *, #4162, .T. ) ;
#3851 = ORIENTED_EDGE ( 'NONE', *, *, #430, .T. ) ;
#3852 = AXIS2_PLACEMENT_3D ( 'NONE', #3787, #2323, #2691 ) ;
#3853 = CARTESIAN_POINT ( 'NONE',  ( 79.99998128699998290, 0.002961285271232960703, 22.98821296876585407 ) ) ;
#3854 = CYLINDRICAL_SURFACE ( 'NONE', #4580, 2.500000046250013153 ) ;
#3855 = AXIS2_PLACEMENT_3D ( 'NONE', #4779, #1078, #3237 ) ;
#3856 = ORIENTED_EDGE ( 'NONE', *, *, #316, .F. ) ;
#3857 = VECTOR ( 'NONE', #1836, 999.9999999999998863 ) ;
#3858 = FACE_OUTER_BOUND ( 'NONE', #2538, .T. ) ;
#3859 = DIRECTION ( 'NONE',  ( -2.237489200691634804E-12, 6.358310602959382773E-05, -0.9999999979785942905 ) ) ;
#3860 = CARTESIAN_POINT ( 'NONE',  ( 29.25388635400000226, 10.00248040021381790, 22.98884876948134703 ) ) ;
#3861 = SHAPE_DEFINITION_REPRESENTATION ( #3614, #3507 ) ;
#3862 = EDGE_LOOP ( 'NONE', ( #3268, #2958, #1236, #1254 ) ) ;
#3863 = AXIS2_PLACEMENT_3D ( 'NONE', #4744, #1399, #4379 ) ;
#3864 = DIRECTION ( 'NONE',  ( -2.237511783459335038E-12, 6.358310602959382773E-05, -0.9999999979785942905 ) ) ;
#3865 = CIRCLE ( 'NONE', #1237, 2.500000046250006047 ) ;
#3866 = CARTESIAN_POINT ( 'NONE',  ( -79.99999991499997520, 20.00245651475266229, 24.48947195616710104 ) ) ;
#3867 = DIRECTION ( 'NONE',  ( -2.235841141859335273E-12, 6.358310602959384129E-05, -0.9999999979785944015 ) ) ;
#3868 = LINE ( 'NONE', #543, #2879 ) ;
#3869 = ORIENTED_EDGE ( 'NONE', *, *, #2485, .T. ) ;
#3870 = ORIENTED_EDGE ( 'NONE', *, *, #1438, .T. ) ;
#3871 = ADVANCED_FACE ( 'NONE', ( #1350 ), #1012, .F. ) ;
#3872 = EDGE_CURVE ( 'NONE', #1187, #4722, #2085, .T. ) ;
#3873 = CARTESIAN_POINT ( 'NONE',  ( -59.25392844999998943, 10.00192698613649966, 24.48883609139579320 ) ) ;
#3874 = ORIENTED_EDGE ( 'NONE', *, *, #2582, .T. ) ;
#3875 = ORIENTED_EDGE ( 'NONE', *, *, #1505, .F. ) ;
#3876 = AXIS2_PLACEMENT_3D ( 'NONE', #1478, #4120, #1186 ) ;
#3877 = ADVANCED_FACE ( 'NONE', ( #4303 ), #2051, .F. ) ;
#3878 = DIRECTION ( 'NONE',  ( -2.237491773503294841E-12, 6.358310602959382773E-05, -0.9999999979785942905 ) ) ;
#3879 = CIRCLE ( 'NONE', #926, 2.500000046250006047 ) ;
#3880 = DIRECTION ( 'NONE',  ( -0.9999999810473936268, 0.0001946926096051404000, 1.238139845503561810E-08 ) ) ;
#3881 = ORIENTED_EDGE ( 'NONE', *, *, #2, .T. ) ;
#3882 = DIRECTION ( 'NONE',  ( 1.000000000000000000, 0.000000000000000000, -2.237099353233353148E-12 ) ) ;
#3883 = CARTESIAN_POINT ( 'NONE',  ( 187.4999812859999793, 196.7062808392418276, -19.99927881720722667 ) ) ;
#3884 = DIRECTION ( 'NONE',  ( -8.559223761997459460E-14, 0.9999999979785944015, 6.358310602959384129E-05 ) ) ;
#3885 = LINE ( 'NONE', #1676, #3346 ) ;
#3886 = CARTESIAN_POINT ( 'NONE',  ( 184.9999812859999793, 196.7057999751219484, -19.99927884784336030 ) ) ;
#3887 = APPROVAL_DATE_TIME ( #893, #1827 ) ;
#3888 = ORIENTED_EDGE ( 'NONE', *, *, #4166, .F. ) ;
#3889 = DIRECTION ( 'NONE',  ( 2.235841141859335273E-12, -6.358310602959384129E-05, 0.9999999979785944015 ) ) ;
#3890 = DIRECTION ( 'NONE',  ( -2.237509410309334820E-12, 6.358310602959382773E-05, -0.9999999979785942905 ) ) ;
#3891 = CYLINDRICAL_SURFACE ( 'NONE', #3089, 2.500000046250000718 ) ;
#3892 = DIRECTION ( 'NONE',  ( -2.238209617639335134E-12, 6.358310602959384129E-05, -0.9999999979785944015 ) ) ;
#3893 = EDGE_LOOP ( 'NONE', ( #1396, #955 ) ) ;
#3894 = ORIENTED_EDGE ( 'NONE', *, *, #932, .T. ) ;
#3895 = VERTEX_POINT ( 'NONE', #3544 ) ;
#3896 = EDGE_CURVE ( 'NONE', #2921, #747, #3114, .T. ) ;
#3897 = CYLINDRICAL_SURFACE ( 'NONE', #4028, 2.500000046250007824 ) ;
#3898 = VERTEX_POINT ( 'NONE', #4592 ) ;
#3899 = FACE_BOUND ( 'NONE', #1650, .T. ) ;
#3900 = ORIENTED_EDGE ( 'NONE', *, *, #4489, .F. ) ;
#3901 = AXIS2_PLACEMENT_3D ( 'NONE', #516, #4247, #3587 ) ;
#3902 = CIRCLE ( 'NONE', #2428, 2.500000046250006047 ) ;
#3903 = CARTESIAN_POINT ( 'NONE',  ( -187.4995148584999924, 226.7033886669076139, 23.00261464028163871 ) ) ;
#3904 = CC_DESIGN_PERSON_AND_ORGANIZATION_ASSIGNMENT ( #4267, #4679, ( #16 ) ) ;
#3905 = DIRECTION ( 'NONE',  ( -0.9999999815015170324, -0.0001923459528262196874, -1.222771583569494855E-08 ) ) ;
#3906 = EDGE_CURVE ( 'NONE', #123, #4273, #4555, .T. ) ;
#3907 = CARTESIAN_POINT ( 'NONE',  ( -184.9996321924999734, 176.7056364873105565, -20.00056504698585869 ) ) ;
#3908 = ORIENTED_EDGE ( 'NONE', *, *, #3284, .F. ) ;
#3909 = DIRECTION ( 'NONE',  ( -2.237511321667739841E-12, 6.358310602959382773E-05, -0.9999999979785942905 ) ) ;
#3910 = LINE ( 'NONE', #1703, #449 ) ;
#3911 = DIRECTION ( 'NONE',  ( 1.000000000000000000, 0.000000000000000000, -2.237099353233347089E-12 ) ) ;
#3912 = DIRECTION ( 'NONE',  ( 2.237515728249334980E-12, -6.358310602959382773E-05, 0.9999999979785942905 ) ) ;
#3913 = APPROVAL_STATUS ( 'not_yet_approved' ) ;
#3914 = ORIENTED_EDGE ( 'NONE', *, *, #2773, .T. ) ;
#3915 = DIRECTION ( 'NONE',  ( 0.9999999815015170324, 0.0001923459529372419899, 1.222771583569494855E-08 ) ) ;
#3916 = VECTOR ( 'NONE', #2594, 999.9999999999998863 ) ;
#3917 = VECTOR ( 'NONE', #114, 999.9999999999998863 ) ;
#3918 = FACE_BOUND ( 'NONE', #1142, .T. ) ;
#3919 = LINE ( 'NONE', #1629, #2938 ) ;
#3920 = AXIS2_PLACEMENT_3D ( 'NONE', #416, #1577, #3055 ) ;
#3921 = CYLINDRICAL_SURFACE ( 'NONE', #4257, 2.500000046250000718 ) ;
#3922 = ORIENTED_EDGE ( 'NONE', *, *, #3258, .F. ) ;
#3923 = ORIENTED_EDGE ( 'NONE', *, *, #3997, .T. ) ;
#3924 = ORIENTED_EDGE ( 'NONE', *, *, #3228, .T. ) ;
#3925 = AXIS2_PLACEMENT_3D ( 'NONE', #1284, #3878, #2343 ) ;
#3926 = DIRECTION ( 'NONE',  ( 1.000000000000000000, 0.000000000000000000, -2.237099353233353148E-12 ) ) ;
#3927 = CARTESIAN_POINT ( 'NONE',  ( 184.9999812859999793, 166.7039313687263018, 24.49881233714598494 ) ) ;
#3928 = LINE ( 'NONE', #2053, #1461 ) ;
#3929 = ORIENTED_EDGE ( 'NONE', *, *, #1505, .T. ) ;
#3930 = ORIENTED_EDGE ( 'NONE', *, *, #2327, .F. ) ;
#3931 = CARTESIAN_POINT ( 'NONE',  ( 18.50779142199998617, 20.00296124484476934, 22.98948463039604562 ) ) ;
#3932 = FACE_OUTER_BOUND ( 'NONE', #728, .T. ) ;
#3933 = DIRECTION ( 'NONE',  ( 1.000000000000000000, 0.000000000000000000, -2.237099353233353148E-12 ) ) ;
#3934 = ORIENTED_EDGE ( 'NONE', *, *, #788, .T. ) ;
#3935 = VERTEX_POINT ( 'NONE', #547 ) ;
#3936 = EDGE_CURVE ( 'NONE', #3485, #4268, #3788, .T. ) ;
#3937 = CIRCLE ( 'NONE', #70, 2.500000046249998942 ) ;
#3938 = DIRECTION ( 'NONE',  ( 1.000000000000000000, 0.000000000000000000, -2.237099353233353148E-12 ) ) ;
#3939 = DIRECTION ( 'NONE',  ( 2.237515728249334980E-12, -6.358310602959382773E-05, 0.9999999979785942905 ) ) ;
#3940 = CYLINDRICAL_SURFACE ( 'NONE', #1102, 2.500000046250007824 ) ;
#3941 = COORDINATED_UNIVERSAL_TIME_OFFSET ( 3, 30, .AHEAD. ) ;
#3942 = EDGE_LOOP ( 'NONE', ( #801, #3068, #629, #871 ) ) ;
#3943 = CARTESIAN_POINT ( 'NONE',  ( 184.9999812859999793, 176.7058000154485455, -20.00055050946858515 ) ) ;
#3944 = EDGE_CURVE ( 'NONE', #4492, #1118, #1718, .T. ) ;
#3945 = CARTESIAN_POINT ( 'NONE',  ( 182.4999812859999793, 196.7060900898482316, -16.99927882324877970 ) ) ;
#3946 = DIRECTION ( 'NONE',  ( 2.237515728249334980E-12, -6.358310602959382773E-05, 0.9999999979785942905 ) ) ;
#3947 = AXIS2_PLACEMENT_3D ( 'NONE', #2306, #3909, #3146 ) ;
#3948 = CARTESIAN_POINT ( 'NONE',  ( -184.9995383239999853, 216.7038636849439399, 23.00197883925939024 ) ) ;
#3949 = ORIENTED_EDGE ( 'NONE', *, *, #4664, .T. ) ;
#3950 = VERTEX_POINT ( 'NONE', #4399 ) ;
#3951 = ORIENTED_EDGE ( 'NONE', *, *, #566, .F. ) ;
#3952 = VECTOR ( 'NONE', #385, 999.9999999999998863 ) ;
#3953 = FACE_BOUND ( 'NONE', #3686, .T. ) ;
#3954 = EDGE_LOOP ( 'NONE', ( #1113, #3566, #4675, #346 ) ) ;
#3955 = AXIS2_PLACEMENT_3D ( 'NONE', #732, #643, #1758 ) ;
#3956 = ORIENTED_EDGE ( 'NONE', *, *, #788, .F. ) ;
#3957 = LOCAL_TIME ( 14, 57, 21.00000000000000000, #2825 ) ;
#3958 = DIRECTION ( 'NONE',  ( 1.000000000000000000, 0.000000000000000000, -2.237099353233347089E-12 ) ) ;
#3959 = DIRECTION ( 'NONE',  ( 2.237515728249334980E-12, -6.358310602959382773E-05, 0.9999999979785942905 ) ) ;
#3960 = CARTESIAN_POINT ( 'NONE',  ( -194.9995852581999998, 196.7032155776442721, 26.00070714229244118 ) ) ;
#3961 = VERTEX_POINT ( 'NONE', #4448 ) ;
#3962 = DIRECTION ( 'NONE',  ( 1.000000000000000000, 0.000000000000000000, -2.237099353233353148E-12 ) ) ;
#3963 = FACE_BOUND ( 'NONE', #2881, .T. ) ;
#3964 = DIRECTION ( 'NONE',  ( 1.000000000000000000, 0.000000000000000000, -2.237099353233347089E-12 ) ) ;
#3965 = EDGE_CURVE ( 'NONE', #3385, #2316, #4352, .T. ) ;
#3966 = DIRECTION ( 'NONE',  ( -2.237521737597624816E-12, 6.358310602959382773E-05, -0.9999999979785942905 ) ) ;
#3967 = ORIENTED_EDGE ( 'NONE', *, *, #1417, .T. ) ;
#3968 = FACE_OUTER_BOUND ( 'NONE', #760, .T. ) ;
#3969 = VECTOR ( 'NONE', #560, 1000.000000000000114 ) ;
#3970 = CARTESIAN_POINT ( 'NONE',  ( -79.99999991399997157, 20.00236114005586074, 25.98947195314632452 ) ) ;
#3971 = FACE_OUTER_BOUND ( 'NONE', #2475, .T. ) ;
#3972 = EDGE_CURVE ( 'NONE', #1451, #1059, #76, .T. ) ;
#3973 = ORIENTED_EDGE ( 'NONE', *, *, #522, .T. ) ;
#3974 = ORIENTED_EDGE ( 'NONE', *, *, #2922, .T. ) ;
#3975 = ORIENTED_EDGE ( 'NONE', *, *, #889, .T. ) ;
#3976 = CARTESIAN_POINT ( 'NONE',  ( 49.25388635400002357, 10.00521542201581582, -20.01114985026311643 ) ) ;
#3977 = DIRECTION ( 'NONE',  ( 1.000000000000000000, -3.652324479188849945E-18, -2.237515733002326896E-12 ) ) ;
#3978 = ORIENTED_EDGE ( 'NONE', *, *, #1521, .T. ) ;
#3979 = PLANE ( 'NONE',  #520 ) ;
#3980 = DIRECTION ( 'NONE',  ( 1.000000000000000000, 8.567526116405669703E-14, -2.237571877008884453E-12 ) ) ;
#3981 = DIRECTION ( 'NONE',  ( 2.237515728249334980E-12, -6.358310602959382773E-05, 0.9999999979785942905 ) ) ;
#3982 = FACE_OUTER_BOUND ( 'NONE', #790, .T. ) ;
#3983 = ORIENTED_EDGE ( 'NONE', *, *, #3761, .F. ) ;
#3984 = FACE_OUTER_BOUND ( 'NONE', #1361, .T. ) ;
#3985 = CARTESIAN_POINT ( 'NONE',  ( 187.4999812859999793, 206.7033550478078325, 26.00135562781266785 ) ) ;
#3986 = CARTESIAN_POINT ( 'NONE',  ( -36.75392844899999290, 10.00235505121148805, 24.48883611806429528 ) ) ;
#3987 = ADVANCED_FACE ( 'NONE', ( #4421 ), #4741, .F. ) ;
#3988 = EDGE_LOOP ( 'NONE', ( #1303, #3249, #3751, #4598 ) ) ;
#3989 = EDGE_CURVE ( 'NONE', #743, #3768, #2517, .T. ) ;
#3990 = DIRECTION ( 'NONE',  ( -2.238209617639335134E-12, 6.358310602959384129E-05, -0.9999999979785944015 ) ) ;
#3991 = DIRECTION ( 'NONE',  ( -0.9999999815015170324, -0.0001923459528373219177, -1.222771583569494855E-08 ) ) ;
#3992 = EDGE_LOOP ( 'NONE', ( #1631, #4065 ) ) ;
#3993 = ORIENTED_EDGE ( 'NONE', *, *, #3011, .T. ) ;
#3994 = ORIENTED_EDGE ( 'NONE', *, *, #1445, .T. ) ;
#3995 = EDGE_CURVE ( 'NONE', #3354, #1270, #2312, .T. ) ;
#3996 = CIRCLE ( 'NONE', #1747, 2.500000046250006047 ) ;
#3997 = EDGE_CURVE ( 'NONE', #4435, #2856, #3777, .T. ) ;
#3998 = CARTESIAN_POINT ( 'NONE',  ( 71.75388635399998805, 10.00286589038636897, 24.48884879605830989 ) ) ;
#3999 = AXIS2_PLACEMENT_3D ( 'NONE', #2864, #4310, #2062 ) ;
#4000 = DIRECTION ( 'NONE',  ( 0.9999999810473936268, -0.0001946926096301204181, -1.238139845503561810E-08 ) ) ;
#4001 = LINE ( 'NONE', #2081, #3765 ) ;
#4002 = CARTESIAN_POINT ( 'NONE',  ( 49.25388635400002357, 0.002961285271232960703, 22.98821296876585407 ) ) ;
#4003 = EDGE_LOOP ( 'NONE', ( #4480, #4462, #1595, #3377 ) ) ;
#4004 = CIRCLE ( 'NONE', #3137, 2.500000046250006047 ) ;
#4005 = ADVANCED_FACE ( 'NONE', ( #1583 ), #848, .F. ) ;
#4006 = DIRECTION ( 'NONE',  ( -2.237509410309334820E-12, 6.358310602959382773E-05, -0.9999999979785942905 ) ) ;
#4007 = LINE ( 'NONE', #242, #1513 ) ;
#4008 = CYLINDRICAL_SURFACE ( 'NONE', #2945, 2.500000046250007824 ) ;
#4009 = CARTESIAN_POINT ( 'NONE',  ( -80.00004684799999666, 0.005286380927747857950, -20.01180020421935879 ) ) ;
#4010 = ORIENTED_EDGE ( 'NONE', *, *, #3145, .T. ) ;
#4011 = DIRECTION ( 'NONE',  ( 2.237515728249334980E-12, -6.358310602959382773E-05, 0.9999999979785942905 ) ) ;
#4012 = DIRECTION ( 'NONE',  ( 2.237515728249334980E-12, -6.358310602959382773E-05, 0.9999999979785942905 ) ) ;
#4013 = DIRECTION ( 'NONE',  ( -0.9999999810473936268, 0.0001946926096051404000, 1.238139845503561810E-08 ) ) ;
#4014 = VERTEX_POINT ( 'NONE', #3193 ) ;
#4015 = VECTOR ( 'NONE', #59, 999.9999999999998863 ) ;
#4016 = DIRECTION ( 'NONE',  ( -2.237511783459335038E-12, 6.358310602959382773E-05, -0.9999999979785942905 ) ) ;
#4017 = CARTESIAN_POINT ( 'NONE',  ( -184.9995852593999928, 196.7029019960319829, 23.00070711641141585 ) ) ;
#4018 = VERTEX_POINT ( 'NONE', #3218 ) ;
#4019 = VECTOR ( 'NONE', #2458, 1000.000000000000114 ) ;
#4020 = EDGE_LOOP ( 'NONE', ( #4781, #496, #4651, #3524 ) ) ;
#4021 = CARTESIAN_POINT ( 'NONE',  ( 174.9999812860000361, 196.7060900898482316, -16.99927882324877970 ) ) ;
#4022 = DIRECTION ( 'NONE',  ( 0.000000000000000000, -0.9999999979785944015, -6.358310602959384129E-05 ) ) ;
#4023 = DIRECTION ( 'NONE',  ( -2.237511783459337058E-12, 6.358310602959384129E-05, -0.9999999979785944015 ) ) ;
#4024 = DIRECTION ( 'NONE',  ( -2.237521737597624816E-12, 6.358310602959382773E-05, -0.9999999979785942905 ) ) ;
#4026 = EDGE_CURVE ( 'NONE', #1118, #3385, #3928, .T. ) ;
#4025 = VERTEX_POINT ( 'NONE', #4669 ) ;
#4027 = EDGE_CURVE ( 'NONE', #2860, #3950, #286, .T. ) ;
#4028 = AXIS2_PLACEMENT_3D ( 'NONE', #3545, #3169, #2859 ) ;
#4029 = AXIS2_PLACEMENT_3D ( 'NONE', #4040, #1439, #683 ) ;
#4030 = FACE_OUTER_BOUND ( 'NONE', #4299, .T. ) ;
#4031 = DIRECTION ( 'NONE',  ( -0.9999999810473936268, 0.0001946926095517103748, 1.238139845503558336E-08 ) ) ;
#4032 = EDGE_CURVE ( 'NONE', #948, #1812, #1352, .T. ) ;
#4033 = ORIENTED_EDGE ( 'NONE', *, *, #3811, .T. ) ;
#4034 = AXIS2_PLACEMENT_3D ( 'NONE', #3305, #4775, #2116 ) ;
#4035 = DIRECTION ( 'NONE',  ( 0.9999999999972466469, -2.346656757556925499E-06, -1.514431960915542688E-10 ) ) ;
#4036 = CARTESIAN_POINT ( 'NONE',  ( 184.9999812859999793, 166.7066663906281860, -18.50118628260344167 ) ) ;
#4037 = VERTEX_POINT ( 'NONE', #1744 ) ;
#4038 = AXIS2_PLACEMENT_3D ( 'NONE', #3300, #2909, #1798 ) ;
#4039 = CARTESIAN_POINT ( 'NONE',  ( -49.25392844699999273, 10.00569507508619971, -20.01116434646504771 ) ) ;
#4040 = CARTESIAN_POINT ( 'NONE',  ( 18.50779142199998617, 20.00569626669630452, -20.01051398834966122 ) ) ;
#4041 = ORIENTED_EDGE ( 'NONE', *, *, #1034, .F. ) ;
#4042 = EDGE_LOOP ( 'NONE', ( #1630, #4468, #3737, #2811 ) ) ;
#4043 = AXIS2_PLACEMENT_3D ( 'NONE', #60, #1483, #4388 ) ;
#4044 = FACE_OUTER_BOUND ( 'NONE', #100, .T. ) ;
#4045 = CARTESIAN_POINT ( 'NONE',  ( 207.7000667350000356, 48.40365277622573359, 22.99127778826509783 ) ) ;
#4046 = DIRECTION ( 'NONE',  ( -0.9999999810473936268, 0.0001946926095295059144, 1.238139845503558336E-08 ) ) ;
#4047 = DIRECTION ( 'NONE',  ( 0.9999999810473936268, -0.0001946926094406880724, -1.238139845503558336E-08 ) ) ;
#4048 = ORIENTED_EDGE ( 'NONE', *, *, #3374, .T. ) ;
#4049 = VERTEX_POINT ( 'NONE', #1013 ) ;
#4050 = EDGE_CURVE ( 'NONE', #2596, #1812, #4324, .T. ) ;
#4051 = ADVANCED_FACE ( 'NONE', ( #935 ), #4695, .F. ) ;
#4052 = CIRCLE ( 'NONE', #2583, 2.500000046250006047 ) ;
#4053 = DIRECTION ( 'NONE',  ( -0.9999999815015169213, -0.0001923459529649986226, -1.222771583569501638E-08 ) ) ;
#4054 = LINE ( 'NONE', #1454, #2510 ) ;
#4055 = ORIENTED_EDGE ( 'NONE', *, *, #3150, .T. ) ;
#4056 = ORIENTED_EDGE ( 'NONE', *, *, #4214, .F. ) ;
#4057 = ADVANCED_FACE ( 'NONE', ( #3622, #1764, #2416, #1307, #2468, #4227, #262, #3138, #3953, #2391, #1331, #2809, #648 ), #4617, .T. ) ;
#4058 = DIRECTION ( 'NONE',  ( -9.415291219167200899E-14, 0.9999999979785944015, 6.358310602959384129E-05 ) ) ;
#4059 = AXIS2_PLACEMENT_3D ( 'NONE', #1479, #3742, #4031 ) ;
#4060 = DIRECTION ( 'NONE',  ( -2.237509410309334820E-12, 6.358310602959382773E-05, -0.9999999979785942905 ) ) ;
#4061 = ORIENTED_EDGE ( 'NONE', *, *, #749, .F. ) ;
#4062 = CARTESIAN_POINT ( 'NONE',  ( 174.9999812860000361, 148.4073767095347023, -18.50234980793266715 ) ) ;
#4063 = CARTESIAN_POINT ( 'NONE',  ( 184.9999812859999793, 186.7066663503015889, -18.49991462097819195 ) ) ;
#4064 = ORIENTED_EDGE ( 'NONE', *, *, #3677, .T. ) ;
#4065 = ORIENTED_EDGE ( 'NONE', *, *, #1742, .F. ) ;
#4066 = CYLINDRICAL_SURFACE ( 'NONE', #759, 2.500000046249999386 ) ;
#4067 = LINE ( 'NONE', #3270, #2683 ) ;
#4068 = DIRECTION ( 'NONE',  ( -2.237509410309334820E-12, 6.358310602959382773E-05, -0.9999999979785942905 ) ) ;
#4069 = DIRECTION ( 'NONE',  ( 1.164211890203476022E-07, 0.04954705606199331924, 0.9987717903683384080 ) ) ;
#4070 = EDGE_LOOP ( 'NONE', ( #1136, #104 ) ) ;
#4071 = CIRCLE ( 'NONE', #3450, 2.500000046249998942 ) ;
#4072 = DIRECTION ( 'NONE',  ( 2.235841141859335273E-12, -6.358310602959384129E-05, 0.9999999979785944015 ) ) ;
#4073 = DIRECTION ( 'NONE',  ( 1.000000000000000000, 0.000000000000000000, -2.237099353233353148E-12 ) ) ;
#4074 = ORIENTED_EDGE ( 'NONE', *, *, #1232, .F. ) ;
#4075 = ORIENTED_EDGE ( 'NONE', *, *, #3347, .T. ) ;
#4076 = AXIS2_PLACEMENT_3D ( 'NONE', #3335, #1126, #4152 ) ;
#4077 = DIRECTION ( 'NONE',  ( 2.237511783459335038E-12, -6.358310602959382773E-05, 0.9999999979785942905 ) ) ;
#4078 = FACE_OUTER_BOUND ( 'NONE', #3988, .T. ) ;
#4079 = VERTEX_POINT ( 'NONE', #1373 ) ;
#4080 = ORIENTED_EDGE ( 'NONE', *, *, #3785, .F. ) ;
#4081 = ADVANCED_FACE ( 'NONE', ( #1662 ), #3897, .F. ) ;
#4082 = CARTESIAN_POINT ( 'NONE',  ( 18.50779142199998617, 10.00550553754109551, -17.01114982570817347 ) ) ;
#4083 = DIRECTION ( 'NONE',  ( 1.000000000000000000, 0.000000000000000000, -2.237099353233347089E-12 ) ) ;
#4084 = EDGE_LOOP ( 'NONE', ( #3304, #4312, #2833, #44 ) ) ;
#4085 = ADVANCED_FACE ( 'NONE', ( #3517 ), #3247, .F. ) ;
#4086 = ORIENTED_EDGE ( 'NONE', *, *, #3872, .F. ) ;
#4087 = VECTOR ( 'NONE', #1869, 1000.000000000000114 ) ;
#4088 = LINE ( 'NONE', #3340, #1149 ) ;
#4089 = CARTESIAN_POINT ( 'NONE',  ( 66.75388635399997384, 10.00550553754109551, -17.01114982570817347 ) ) ;
#4090 = CARTESIAN_POINT ( 'NONE',  ( 184.9999812859999793, 166.7030650136852046, 22.99881227896879921 ) ) ;
#4091 = DIRECTION ( 'NONE',  ( 1.000000000000000000, -3.652324479188849945E-18, -2.237515733002326896E-12 ) ) ;
#4092 = VECTOR ( 'NONE', #1462, 1000.000000000000114 ) ;
#4093 = ORIENTED_EDGE ( 'NONE', *, *, #52, .F. ) ;
#4094 = VECTOR ( 'NONE', #2238, 999.9999999999998863 ) ;
#4095 = CYLINDRICAL_SURFACE ( 'NONE', #320, 2.500000046250007824 ) ;
#4096 = DIRECTION ( 'NONE',  ( 2.237515728249334980E-12, -6.358310602959382773E-05, 0.9999999979785942905 ) ) ;
#4097 = ORIENTED_EDGE ( 'NONE', *, *, #4729, .F. ) ;
#4098 = CIRCLE ( 'NONE', #530, 2.500000046250006047 ) ;
#4099 = CARTESIAN_POINT ( 'NONE',  ( 184.9999812859999793, 196.7029695780238967, 24.50071976891007708 ) ) ;
#4100 = CYLINDRICAL_SURFACE ( 'NONE', #548, 2.500000046250007824 ) ;
#4101 = ORIENTED_EDGE ( 'NONE', *, *, #1527, .T. ) ;
#4102 = ORIENTED_EDGE ( 'NONE', *, *, #1944, .F. ) ;
#4103 = CIRCLE ( 'NONE', #4563, 2.500000046249998942 ) ;
#4104 = EDGE_CURVE ( 'NONE', #1663, #3768, #3402, .T. ) ;
#4105 = DIRECTION ( 'NONE',  ( -1.000000000000000000, -9.414925967699432857E-14, 2.237509746468946994E-12 ) ) ;
#4106 = ADVANCED_FACE ( 'NONE', ( #4280 ), #961, .F. ) ;
#4107 = CARTESIAN_POINT ( 'NONE',  ( -80.00004684799999666, 0.002456555229457535461, 24.48820029353315775 ) ) ;
#4108 = LINE ( 'NONE', #4515, #1905 ) ;
#4109 = ORIENTED_EDGE ( 'NONE', *, *, #3785, .T. ) ;
#4110 = ORIENTED_EDGE ( 'NONE', *, *, #2894, .T. ) ;
#4111 = VECTOR ( 'NONE', #4249, 999.9999999999998863 ) ;
#4112 = EDGE_CURVE ( 'NONE', #930, #981, #2030, .T. ) ;
#4113 = CARTESIAN_POINT ( 'NONE',  ( 18.50779142199998617, 0.002865910674311467066, 24.48821296574010731 ) ) ;
#4114 = CARTESIAN_POINT ( 'NONE',  ( 49.25388635400002357, 10.00238502546747377, 24.48884876546181388 ) ) ;
#4115 = DIRECTION ( 'NONE',  ( 1.000000000000000000, 0.000000000000000000, -2.237099353233353148E-12 ) ) ;
#4116 = CYLINDRICAL_SURFACE ( 'NONE', #3478, 2.500000046249999386 ) ;
#4117 = VERTEX_POINT ( 'NONE', #3645 ) ;
#4118 = AXIS2_PLACEMENT_3D ( 'NONE', #2455, #3658, #4013 ) ;
#4119 = DIRECTION ( 'NONE',  ( -2.235841141859335273E-12, 6.358310602959384129E-05, -0.9999999979785944015 ) ) ;
#4120 = DIRECTION ( 'NONE',  ( -2.237509410309334820E-12, 6.358310602959382773E-05, -0.9999999979785942905 ) ) ;
#4121 = EDGE_LOOP ( 'NONE', ( #1370, #1029 ) ) ;
#4122 = CIRCLE ( 'NONE', #3508, 153.2525527960000034 ) ;
#4123 = CARTESIAN_POINT ( 'NONE',  ( 29.25388635400000226, 10.00608177715679759, -18.51114979209092581 ) ) ;
#4124 = DIRECTION ( 'NONE',  ( -2.237495710241235165E-12, 6.358310602959382773E-05, -0.9999999979785942905 ) ) ;
#4125 = VERTEX_POINT ( 'NONE', #4768 ) ;
#4126 = EDGE_LOOP ( 'NONE', ( #3696, #4493, #1706, #2839 ) ) ;
#4127 = CARTESIAN_POINT ( 'NONE',  ( -182.4996321913999964, 176.7060161110108538, -18.50056501974170331 ) ) ;
#4128 = AXIS2_PLACEMENT_3D ( 'NONE', #211, #2493, #2836 ) ;
#4129 = DIRECTION ( 'NONE',  ( 2.235841141859335273E-12, -6.358310602959384129E-05, 0.9999999979785944015 ) ) ;
#4130 = DIRECTION ( 'NONE',  ( 1.000000000000000000, 0.000000000000000000, -2.237099353233347089E-12 ) ) ;
#4131 = PERSON_AND_ORGANIZATION ( #1646, #1701 ) ;
#4132 = VERTEX_POINT ( 'NONE', #671 ) ;
#4133 = AXIS2_PLACEMENT_3D ( 'NONE', #1022, #653, #941 ) ;
#4134 = ORIENTED_EDGE ( 'NONE', *, *, #1802, .F. ) ;
#4135 = ADVANCED_FACE ( 'NONE', ( #3272 ), #1791, .F. ) ;
#4136 = FACE_BOUND ( 'NONE', #450, .T. ) ;
#4137 = DIRECTION ( 'NONE',  ( -2.235841141859335273E-12, 6.358310602959384129E-05, -0.9999999979785944015 ) ) ;
#4138 = FACE_OUTER_BOUND ( 'NONE', #1274, .T. ) ;
#4139 = ORIENTED_EDGE ( 'NONE', *, *, #370, .F. ) ;
#4140 = ADVANCED_FACE ( 'NONE', ( #3343 ), #312, .F. ) ;
#4141 = PLANE ( 'NONE',  #1531 ) ;
#4142 = DIRECTION ( 'NONE',  ( 2.237520368250334798E-12, -6.358310602959382773E-05, 0.9999999979785942905 ) ) ;
#4143 = ORIENTED_EDGE ( 'NONE', *, *, #1179, .F. ) ;
#4144 = EDGE_CURVE ( 'NONE', #948, #531, #1310, .T. ) ;
#4145 = CYLINDRICAL_SURFACE ( 'NONE', #3320, 2.500000046250000718 ) ;
#4146 = AXIS2_PLACEMENT_3D ( 'NONE', #1950, #2309, #4130 ) ;
#4147 = DIRECTION ( 'NONE',  ( 2.237515728249334980E-12, -6.358310602959382773E-05, 0.9999999979785942905 ) ) ;
#4148 = VECTOR ( 'NONE', #3245, 999.9999999999998863 ) ;
#4149 = ORIENTED_EDGE ( 'NONE', *, *, #2710, .F. ) ;
#4150 = AXIS2_PLACEMENT_3D ( 'NONE', #1239, #2692, #3522 ) ;
#4151 = CARTESIAN_POINT ( 'NONE',  ( -187.4995852581999998, 196.7031979779791300, 26.00070714130281502 ) ) ;
#4152 = DIRECTION ( 'NONE',  ( -2.234767775589999604E-12, -0.04954705606199365231, -0.9987717903683451803 ) ) ;
#4153 = CARTESIAN_POINT ( 'NONE',  ( 187.4999812859999793, 176.7035458586157972, 22.99944813986865100 ) ) ;
#4154 = CARTESIAN_POINT ( 'NONE',  ( -46.75392844899997868, 10.00520834354568578, -20.01116437738809140 ) ) ;
#4155 = ORIENTED_EDGE ( 'NONE', *, *, #2221, .T. ) ;
#4156 = ORIENTED_EDGE ( 'NONE', *, *, #3150, .F. ) ;
#4157 = FACE_OUTER_BOUND ( 'NONE', #601, .T. ) ;
#4158 = DIRECTION ( 'NONE',  ( 1.000000000000000000, 0.000000000000000000, -2.237099353233347089E-12 ) ) ;
#4159 = ORIENTED_EDGE ( 'NONE', *, *, #2625, .T. ) ;
#4160 = AXIS2_PLACEMENT_3D ( 'NONE', #3931, #861, #1820 ) ;
#4161 = EDGE_CURVE ( 'NONE', #4049, #329, #1929, .T. ) ;
#4162 = EDGE_CURVE ( 'NONE', #1614, #1250, #2087, .T. ) ;
#4163 = ORIENTED_EDGE ( 'NONE', *, *, #2539, .T. ) ;
#4164 = VECTOR ( 'NONE', #3778, 1000.000000000000114 ) ;
#4165 = DIRECTION ( 'NONE',  ( 1.000000000000000000, 2.204498159533141924E-16, -2.237510519472150406E-12 ) ) ;
#4166 = EDGE_CURVE ( 'NONE', #4498, #768, #333, .T. ) ;
#4167 = DIRECTION ( 'NONE',  ( 1.000000000000000000, 0.000000000000000000, -2.237099353233347089E-12 ) ) ;
#4168 = AXIS2_PLACEMENT_3D ( 'NONE', #4512, #2677, #3381 ) ;
#4169 = ADVANCED_FACE ( 'NONE', ( #2246 ), #3690, .F. ) ;
#4170 = VERTEX_POINT ( 'NONE', #1861 ) ;
#4171 = VECTOR ( 'NONE', #1720, 999.9999999999998863 ) ;
#4172 = CARTESIAN_POINT ( 'NONE',  ( -184.9995383239999853, 216.7065981359454554, -19.99802166151390281 ) ) ;
#4173 = LINE ( 'NONE', #199, #3969 ) ;
#4174 = DIRECTION ( 'NONE',  ( 1.000000000000000000, 0.000000000000000000, -2.237099353233347089E-12 ) ) ;
#4175 = CIRCLE ( 'NONE', #1934, 2.500000046249998942 ) ;
#4176 = ORIENTED_EDGE ( 'NONE', *, *, #2951, .T. ) ;
#4177 = CARTESIAN_POINT ( 'NONE',  ( -46.75392844899997868, 10.00511296884888957, -18.51116438040889633 ) ) ;
#4178 = CC_DESIGN_SECURITY_CLASSIFICATION ( #16, ( #770 ) ) ;
#4179 = DIRECTION ( 'NONE',  ( 1.000000000000000000, 0.000000000000000000, -2.237099353233347089E-12 ) ) ;
#4180 = CYLINDRICAL_SURFACE ( 'NONE', #3012, 2.500000046250013153 ) ;
#4181 = DIRECTION ( 'NONE',  ( -2.237509410309334820E-12, 6.358310602959382773E-05, -0.9999999979785942905 ) ) ;
#4182 = ORIENTED_EDGE ( 'NONE', *, *, #2575, .F. ) ;
#4183 = EDGE_LOOP ( 'NONE', ( #3162, #1153 ) ) ;
#4184 = AXIS2_PLACEMENT_3D ( 'NONE', #3376, #1144, #1506 ) ;
#4185 = ORIENTED_EDGE ( 'NONE', *, *, #1377, .T. ) ;
#4186 = ADVANCED_FACE ( 'NONE', ( #742 ), #4354, .F. ) ;
#4187 = PLANE ( 'NONE',  #4160 ) ;
#4188 = DIRECTION ( 'NONE',  ( 2.237515728249334980E-12, -6.358310602959382773E-05, 0.9999999979785942905 ) ) ;
#4189 = DIRECTION ( 'NONE',  ( 2.237533154246079905E-12, -6.358310602959382773E-05, 0.9999999979785942905 ) ) ;
#4190 = ORIENTED_EDGE ( 'NONE', *, *, #3649, .F. ) ;
#4191 = ADVANCED_FACE ( 'NONE', ( #2520 ), #2542, .F. ) ;
#4192 = AXIS2_PLACEMENT_3D ( 'NONE', #3172, #2867, #267 ) ;
#4193 = FACE_OUTER_BOUND ( 'NONE', #4003, .T. ) ;
#4194 = DIRECTION ( 'NONE',  ( -2.235841141859335273E-12, 6.358310602959384129E-05, -0.9999999979785944015 ) ) ;
#4195 = DIRECTION ( 'NONE',  ( 2.235841141859335273E-12, -6.358310602959384129E-05, 0.9999999979785944015 ) ) ;
#4196 = APPROVAL_DATE_TIME ( #150, #866 ) ;
#4197 = ORIENTED_EDGE ( 'NONE', *, *, #456, .T. ) ;
#4198 = CARTESIAN_POINT ( 'NONE',  ( 184.9999812859999793, 166.7058000355870888, -20.00118634078063096 ) ) ;
#4199 = CARTESIAN_POINT ( 'NONE',  ( 184.9999812859999793, 176.7039313485382479, 24.49944816745919240 ) ) ;
#4200 = CARTESIAN_POINT ( 'NONE',  ( 184.9999812859999793, 196.7056092257283524, -16.99927885388491333 ) ) ;
#4201 = CIRCLE ( 'NONE', #1814, 2.500000046249998942 ) ;
#4202 = EDGE_LOOP ( 'NONE', ( #4110, #575, #2780, #365 ) ) ;
#4203 = ORIENTED_EDGE ( 'NONE', *, *, #4026, .T. ) ;
#4204 = ORIENTED_EDGE ( 'NONE', *, *, #924, .T. ) ;
#4205 = FACE_OUTER_BOUND ( 'NONE', #1047, .T. ) ;
#4206 = CARTESIAN_POINT ( 'NONE',  ( 182.4999812859999793, 196.7061854650444275, -18.49927882025276205 ) ) ;
#4207 = ORIENTED_EDGE ( 'NONE', *, *, #903, .T. ) ;
#4208 = CIRCLE ( 'NONE', #970, 2.500000046250006047 ) ;
#4209 = AXIS2_PLACEMENT_3D ( 'NONE', #4424, #3755, #332 ) ;
#4210 = CARTESIAN_POINT ( 'NONE',  ( -184.9995148597000139, 226.7027111861732749, 26.00261460330713348 ) ) ;
#4211 = CARTESIAN_POINT ( 'NONE',  ( -18.50781004999998913, 20.00221683906211467, 25.98947194382425607 ) ) ;
#4212 = CARTESIAN_POINT ( 'NONE',  ( 174.9999812860000361, 245.0050895948011203, -19.99620782852854006 ) ) ;
#4213 = APPROVAL_ROLE ( '' ) ;
#4214 = EDGE_CURVE ( 'NONE', #1560, #377, #29, .T. ) ;
#4215 = ORIENTED_EDGE ( 'NONE', *, *, #3289, .T. ) ;
#4216 = AXIS2_PLACEMENT_3D ( 'NONE', #3426, #3939, #2823 ) ;
#4217 = VECTOR ( 'NONE', #2866, 999.9999999999998863 ) ;
#4218 = DIRECTION ( 'NONE',  ( 2.235841141859335273E-12, -6.358310602959384129E-05, 0.9999999979785944015 ) ) ;
#4219 = DIRECTION ( 'NONE',  ( 0.9999999810473936268, -0.0001946926094406880724, -1.238139845503558336E-08 ) ) ;
#4220 = DIRECTION ( 'NONE',  ( 2.237515728249336999E-12, -6.358310602959384129E-05, 0.9999999979785944015 ) ) ;
#4221 = DIRECTION ( 'NONE',  ( 0.9999999815015170324, 0.0001923459529150375294, 1.222771583569494855E-08 ) ) ;
#4222 = EDGE_CURVE ( 'NONE', #531, #2596, #2206, .T. ) ;
#4223 = ORIENTED_EDGE ( 'NONE', *, *, #2359, .T. ) ;
#4224 = ORIENTED_EDGE ( 'NONE', *, *, #3431, .T. ) ;
#4225 = CARTESIAN_POINT ( 'NONE',  ( 182.4999812859999793, 206.7061854449059126, -18.49864298894077308 ) ) ;
#4226 = CARTESIAN_POINT ( 'NONE',  ( 49.25388635400002357, 20.00296124484476934, 22.98948463039604562 ) ) ;
#4227 = FACE_BOUND ( 'NONE', #774, .T. ) ;
#4228 = EDGE_LOOP ( 'NONE', ( #399, #1908 ) ) ;
#4229 = ORIENTED_EDGE ( 'NONE', *, *, #3289, .F. ) ;
#4230 = AXIS2_PLACEMENT_3D ( 'NONE', #1691, #3827, #4643 ) ;
#4231 = CYLINDRICAL_SURFACE ( 'NONE', #3925, 2.500000046250007824 ) ;
#4232 = DIRECTION ( 'NONE',  ( 2.235841141859335273E-12, -6.358310602959384129E-05, 0.9999999979785944015 ) ) ;
#4233 = CIRCLE ( 'NONE', #1383, 2.500000046250006047 ) ;
#4234 = ORIENTED_EDGE ( 'NONE', *, *, #4408, .F. ) ;
#4235 = VECTOR ( 'NONE', #25, 1000.000000000000000 ) ;
#4236 = DIRECTION ( 'NONE',  ( 2.237533154246079905E-12, -6.358310602959382773E-05, 0.9999999979785942905 ) ) ;
#4237 = DIRECTION ( 'NONE',  ( -2.237509410309334820E-12, 6.358310602959382773E-05, -0.9999999979785942905 ) ) ;
#4238 = CARTESIAN_POINT ( 'NONE',  ( -184.9995383261999962, 216.7029019557054141, 23.00197877803666913 ) ) ;
#4239 = CARTESIAN_POINT ( 'NONE',  ( -80.00004684799999666, 0.005095631634026431822, -17.01180021026585365 ) ) ;
#4240 = LINE ( 'NONE', #1648, #630 ) ;
#4241 = DATE_TIME_ROLE ( 'classification_date' ) ;
#4242 = EDGE_LOOP ( 'NONE', ( #526, #4149, #1759, #3136 ) ) ;
#4243 = AXIS2_PLACEMENT_3D ( 'NONE', #4404, #2595, #4069 ) ;
#4244 = DIRECTION ( 'NONE',  ( 2.235841141859335273E-12, -6.358310602959384129E-05, 0.9999999979785944015 ) ) ;
#4245 = EDGE_CURVE ( 'NONE', #2064, #4396, #3648, .T. ) ;
#4246 = EDGE_CURVE ( 'NONE', #4435, #3144, #763, .T. ) ;
#4247 = DIRECTION ( 'NONE',  ( -2.237511783459335038E-12, 6.358310602959382773E-05, -0.9999999979785942905 ) ) ;
#4248 = DIRECTION ( 'NONE',  ( -2.237511783459335038E-12, 6.358310602959382773E-05, -0.9999999979785942905 ) ) ;
#4249 = DIRECTION ( 'NONE',  ( 2.235841141859335273E-12, -6.358310602959384129E-05, 0.9999999979785944015 ) ) ;
#4250 = EDGE_LOOP ( 'NONE', ( #2338, #257, #4064, #79 ) ) ;
#4251 = ORIENTED_EDGE ( 'NONE', *, *, #2301, .F. ) ;
#4252 = EDGE_CURVE ( 'NONE', #2998, #3087, #4425, .T. ) ;
#4253 = EDGE_CURVE ( 'NONE', #1326, #3485, #1112, .T. ) ;
#4254 = DIRECTION ( 'NONE',  ( 1.000000000000000000, 0.000000000000000000, -2.237099353233347089E-12 ) ) ;
#4255 = DIRECTION ( 'NONE',  ( -2.237511783459337058E-12, 6.358310602959384129E-05, -0.9999999979785944015 ) ) ;
#4256 = ORIENTED_EDGE ( 'NONE', *, *, #4457, .T. ) ;
#4257 = AXIS2_PLACEMENT_3D ( 'NONE', #3565, #1346, #2103 ) ;
#4258 = DIRECTION ( 'NONE',  ( -2.237521737597624816E-12, 6.358310602959382773E-05, -0.9999999979785942905 ) ) ;
#4259 = DIRECTION ( 'NONE',  ( -2.238209617639335134E-12, 6.358310602959384129E-05, -0.9999999979785944015 ) ) ;
#4260 = CARTESIAN_POINT ( 'NONE',  ( 69.25388635399998805, 10.00248040016426998, 22.98884876848256198 ) ) ;
#4261 = EDGE_LOOP ( 'NONE', ( #2320, #4348 ) ) ;
#4262 = AXIS2_PLACEMENT_3D ( 'NONE', #3503, #1290, #2767 ) ;
#4263 = CARTESIAN_POINT ( 'NONE',  ( -39.25392844800001768, 10.00548085915655960, -17.01116435481164757 ) ) ;
#4264 = CARTESIAN_POINT ( 'NONE',  ( -174.9995852583000158, 196.7059030958725714, -16.99929336110331235 ) ) ;
#4265 = DIRECTION ( 'NONE',  ( -2.237509410309334820E-12, 6.358310602959382773E-05, -0.9999999979785942905 ) ) ;
#4266 = CARTESIAN_POINT ( 'NONE',  ( 41.74742849099999376, 148.4073767095347023, -18.50234980793266715 ) ) ;
#4267 = PERSON_AND_ORGANIZATION ( #1646, #1701 ) ;
#4268 = VERTEX_POINT ( 'NONE', #403 ) ;
#4269 = CARTESIAN_POINT ( 'NONE',  ( -49.25395191499998049, 0.002479779404214454974, 22.98820029239479013 ) ) ;
#4270 = DIRECTION ( 'NONE',  ( -2.237511783459335038E-12, 6.358310602959382773E-05, -0.9999999979785942905 ) ) ;
#4271 = DIRECTION ( 'NONE',  ( 1.000000000000000000, 0.000000000000000000, -2.237099353233353148E-12 ) ) ;
#4272 = CARTESIAN_POINT ( 'NONE',  ( 194.9999812859999793, 245.0023545728496686, 23.00379079022207662 ) ) ;
#4274 = EDGE_CURVE ( 'NONE', #3234, #96, #2884, .T. ) ;
#4273 = VERTEX_POINT ( 'NONE', #4721 ) ;
#4275 = VERTEX_POINT ( 'NONE', #2724 ) ;
#4276 = ORIENTED_EDGE ( 'NONE', *, *, #2843, .F. ) ;
#4277 = DIRECTION ( 'NONE',  ( 2.237503821157390115E-12, -6.358310602959382773E-05, 0.9999999979785942905 ) ) ;
#4278 = VECTOR ( 'NONE', #2052, 999.9999999999998863 ) ;
#4279 = FACE_OUTER_BOUND ( 'NONE', #425, .T. ) ;
#4280 = FACE_OUTER_BOUND ( 'NONE', #913, .T. ) ;
#4281 = EDGE_LOOP ( 'NONE', ( #2962, #2681 ) ) ;
#4282 = ORIENTED_EDGE ( 'NONE', *, *, #3845, .F. ) ;
#4283 = ADVANCED_FACE ( 'NONE', ( #2292 ), #4180, .F. ) ;
#4284 = DIRECTION ( 'NONE',  ( 2.237516984455479986E-12, -6.358310602959382773E-05, 0.9999999979785942905 ) ) ;
#4285 = CARTESIAN_POINT ( 'NONE',  ( -184.9996087258999751, 186.7027112667769018, 26.00007127905784543 ) ) ;
#4286 = EDGE_CURVE ( 'NONE', #182, #1036, #911, .T. ) ;
#4287 = EDGE_LOOP ( 'NONE', ( #202, #3923, #3269, #419 ) ) ;
#4288 = DIRECTION ( 'NONE',  ( -0.9999999815015170324, -0.0001923459528373219177, -1.222771583569494855E-08 ) ) ;
#4289 = DIRECTION ( 'NONE',  ( -2.237509410309337244E-12, 6.358310602959384129E-05, -0.9999999979785944015 ) ) ;
#4290 = DIRECTION ( 'NONE',  ( 2.237515728249334980E-12, -6.358310602959382773E-05, 0.9999999979785942905 ) ) ;
#4291 = DATE_AND_TIME ( #2721, #309 ) ;
#4292 = ORIENTED_EDGE ( 'NONE', *, *, #2244, .F. ) ;
#4293 = CLOSED_SHELL ( 'NONE', ( #2029, #1114, #2296, #579, #2661, #2645, #4463, #2670, #2380, #2807, #2930, #342, #1729, #226, #2943, #36, #1407, #2420, #3309, #1588, #3038, #3283, #2837, #4755, #896, #2668, #3060, #374, #2167, #3252, #1155, #3182, #315, #3728 ) ) ;
#4294 = CARTESIAN_POINT ( 'NONE',  ( 184.9999812859999793, 226.7067616438953621, -19.99737129368336852 ) ) ;
#4295 = AXIS2_PLACEMENT_3D ( 'NONE', #1064, #4023, #2570 ) ;
#4296 = DIRECTION ( 'NONE',  ( 2.237516984455479986E-12, -6.358310602959382773E-05, 0.9999999979785942905 ) ) ;
#4297 = LINE ( 'NONE', #2745, #1547 ) ;
#4298 = CARTESIAN_POINT ( 'NONE',  ( 187.4999812859999793, 216.7035457770133746, 23.00199146416745322 ) ) ;
#4299 = EDGE_LOOP ( 'NONE', ( #2353, #1787, #4203, #2247 ) ) ;
#4300 = ORIENTED_EDGE ( 'NONE', *, *, #730, .F. ) ;
#4301 = ORIENTED_EDGE ( 'NONE', *, *, #85, .F. ) ;
#4302 = ADVANCED_FACE ( 'NONE', ( #1606 ), #1931, .F. ) ;
#4303 = FACE_OUTER_BOUND ( 'NONE', #2281, .T. ) ;
#4304 = LINE ( 'NONE', #4226, #1343 ) ;
#4305 = DIRECTION ( 'NONE',  ( 1.000000000000000000, 0.000000000000000000, -2.237099353233347089E-12 ) ) ;
#4306 = ORIENTED_EDGE ( 'NONE', *, *, #577, .F. ) ;
#4307 = ORIENTED_EDGE ( 'NONE', *, *, #1863, .T. ) ;
#4308 = EDGE_CURVE ( 'NONE', #1228, #2083, #3569, .T. ) ;
#4309 = CARTESIAN_POINT ( 'NONE',  ( -18.50785698299997506, 0.002216879439034813437, 25.98820028119530434 ) ) ;
#4310 = DIRECTION ( 'NONE',  ( 2.237515728249334980E-12, -6.358310602959382773E-05, 0.9999999979785942905 ) ) ;
#4311 = DIRECTION ( 'NONE',  ( 1.000000000000000000, 0.000000000000000000, -2.237099353233353148E-12 ) ) ;
#4312 = ORIENTED_EDGE ( 'NONE', *, *, #673, .F. ) ;
#4313 = ADVANCED_FACE ( 'NONE', ( #2685 ), #3040, .F. ) ;
#4314 = CARTESIAN_POINT ( 'NONE',  ( -49.25392844999998232, 10.00463797065149762, -18.51116441068376162 ) ) ;
#4315 = CIRCLE ( 'NONE', #1765, 2.500000046250006047 ) ;
#4316 = FACE_BOUND ( 'NONE', #2365, .T. ) ;
#4317 = FACE_OUTER_BOUND ( 'NONE', #4764, .T. ) ;
#4318 = ORIENTED_EDGE ( 'NONE', *, *, #4245, .T. ) ;
#4319 = DIRECTION ( 'NONE',  ( 1.000000000000000000, 0.000000000000000000, -2.237099353233347089E-12 ) ) ;
#4320 = CIRCLE ( 'NONE', #2234, 2.500000046249998942 ) ;
#4321 = CARTESIAN_POINT ( 'NONE',  ( -187.4996556579000071, 166.7060278646419533, -18.50120084941167420 ) ) ;
#4322 = DIRECTION ( 'NONE',  ( -0.9999999999972466469, 2.346656749532268341E-06, 1.514453192973134987E-10 ) ) ;
#4323 = DIRECTION ( 'NONE',  ( -0.2442044158590664094, -0.9697237748313780603, -6.165804920469992372E-05 ) ) ;
#4324 = CIRCLE ( 'NONE', #997, 2.500000046250006047 ) ;
#4325 = ORIENTED_EDGE ( 'NONE', *, *, #4552, .T. ) ;
#4326 = ORIENTED_EDGE ( 'NONE', *, *, #1327, .T. ) ;
#4327 = ORIENTED_EDGE ( 'NONE', *, *, #4761, .T. ) ;
#4328 = DIRECTION ( 'NONE',  ( 1.000000000000000000, 0.000000000000000000, -2.237099353233353148E-12 ) ) ;
#4329 = DIRECTION ( 'NONE',  ( 2.235841141859335273E-12, -6.358310602959384129E-05, 0.9999999979785944015 ) ) ;
#4330 = ORIENTED_EDGE ( 'NONE', *, *, #3070, .F. ) ;
#4331 = AXIS2_PLACEMENT_3D ( 'NONE', #1463, #2878, #2513 ) ;
#4332 = ORIENTED_EDGE ( 'NONE', *, *, #1801, .F. ) ;
#4333 = CARTESIAN_POINT ( 'NONE',  ( -36.75392844899999290, 10.00518487690978198, -20.01116437968822481 ) ) ;
#4334 = DIRECTION ( 'NONE',  ( 1.000000000000000000, 0.000000000000000000, -2.237099353233353148E-12 ) ) ;
#4335 = DIRECTION ( 'NONE',  ( -2.237501635405889936E-12, 6.358310602959382773E-05, -0.9999999979785942905 ) ) ;
#4336 = DIRECTION ( 'NONE',  ( -2.238209617639335134E-12, 6.358310602959384129E-05, -0.9999999979785944015 ) ) ;
#4337 = ORIENTED_EDGE ( 'NONE', *, *, #2239, .T. ) ;
#4338 = EDGE_CURVE ( 'NONE', #3239, #4417, #1080, .T. ) ;
#4339 = CIRCLE ( 'NONE', #4647, 2.500000046249998942 ) ;
#4340 = LINE ( 'NONE', #1049, #1256 ) ;
#4341 = DIRECTION ( 'NONE',  ( 1.000000000000000000, 0.000000000000000000, -2.237099353233347089E-12 ) ) ;
#4342 = DIRECTION ( 'NONE',  ( 1.000000000000000000, 0.000000000000000000, -2.237099353233347089E-12 ) ) ;
#4343 = ORIENTED_EDGE ( 'NONE', *, *, #1476, .F. ) ;
#4344 = EDGE_CURVE ( 'NONE', #678, #4442, #765, .T. ) ;
#4345 = DIRECTION ( 'NONE',  ( -2.238209617639335134E-12, 6.358310602959384129E-05, -0.9999999979785944015 ) ) ;
#4346 = DIRECTION ( 'NONE',  ( -2.238209617639335134E-12, 6.358310602959384129E-05, -0.9999999979785944015 ) ) ;
#4347 = FACE_OUTER_BOUND ( 'NONE', #2528, .T. ) ;
#4348 = ORIENTED_EDGE ( 'NONE', *, *, #58, .F. ) ;
#4349 = VERTEX_POINT ( 'NONE', #472 ) ;
#4350 = ORIENTED_EDGE ( 'NONE', *, *, #4521, .T. ) ;
#4351 = AXIS2_PLACEMENT_3D ( 'NONE', #750, #18, #2961 ) ;
#4352 = LINE ( 'NONE', #4021, #3857 ) ;
#4353 = CYLINDRICAL_SURFACE ( 'NONE', #3836, 2.500000046250000718 ) ;
#4354 = CYLINDRICAL_SURFACE ( 'NONE', #3329, 2.500000046250007824 ) ;
#4355 = ORIENTED_EDGE ( 'NONE', *, *, #3090, .F. ) ;
#4356 = CIRCLE ( 'NONE', #4128, 2.500000046249998942 ) ;
#4357 = LINE ( 'NONE', #3298, #215 ) ;
#4358 = LINE ( 'NONE', #603, #1902 ) ;
#4359 = CARTESIAN_POINT ( 'NONE',  ( -56.75392844899998579, 10.00249735903068604, 22.98883612469146343 ) ) ;
#4360 = CARTESIAN_POINT ( 'NONE',  ( -182.4996321913999964, 176.7032816600093952, 24.49943548103158975 ) ) ;
#4361 = CIRCLE ( 'NONE', #2275, 2.500000046249998942 ) ;
#4362 = ORIENTED_EDGE ( 'NONE', *, *, #1020, .F. ) ;
#4363 = CARTESIAN_POINT ( 'NONE',  ( -187.4996556579000071, 166.7059324894457575, -17.00120085240772028 ) ) ;
#4364 = CARTESIAN_POINT ( 'NONE',  ( 182.4999812859999793, 166.7061855255095395, -18.50118631319000428 ) ) ;
#4365 = ORIENTED_EDGE ( 'NONE', *, *, #724, .F. ) ;
#4366 = CARTESIAN_POINT ( 'NONE',  ( 18.50779142199998617, 20.00550551740257887, -17.01051399439618095 ) ) ;
#4367 = ADVANCED_FACE ( 'NONE', ( #4138 ), #786, .F. ) ;
#4368 = EDGE_CURVE ( 'NONE', #1118, #120, #4544, .T. ) ;
#4369 = DIRECTION ( 'NONE',  ( -2.237501635405889936E-12, 6.358310602959382773E-05, -0.9999999979785942905 ) ) ;
#4370 = ORIENTED_EDGE ( 'NONE', *, *, #3395, .T. ) ;
#4371 = ORIENTED_EDGE ( 'NONE', *, *, #4579, .T. ) ;
#4372 = ORIENTED_EDGE ( 'NONE', *, *, #195, .T. ) ;
#4373 = AXIS2_PLACEMENT_3D ( 'NONE', #884, #3465, #4167 ) ;
#4374 = ADVANCED_FACE ( 'NONE', ( #3436 ), #2664, .T. ) ;
#4375 = ADVANCED_FACE ( 'NONE', ( #3846 ), #3822, .F. ) ;
#4376 = AXIS2_PLACEMENT_3D ( 'NONE', #3689, #1160, #4115 ) ;
#4377 = DIRECTION ( 'NONE',  ( 1.000000000000000000, 0.000000000000000000, -2.237099353233347089E-12 ) ) ;
#4378 = CARTESIAN_POINT ( 'NONE',  ( -187.4995852581999998, 196.7059324289806455, -16.99929335947042475 ) ) ;
#4379 = DIRECTION ( 'NONE',  ( 1.000000000000000000, 0.000000000000000000, -2.237099353233347089E-12 ) ) ;
#4380 = VERTEX_POINT ( 'NONE', #3365 ) ;
#4381 = VERTEX_POINT ( 'NONE', #1519 ) ;
#4382 = DIRECTION ( 'NONE',  ( -9.415291219167200899E-14, 0.9999999979785944015, 6.358310602959384129E-05 ) ) ;
#4383 = CYLINDRICAL_SURFACE ( 'NONE', #2982, 153.2525527960000602 ) ;
#4384 = CARTESIAN_POINT ( 'NONE',  ( 187.4999812859999793, 166.7062809007057069, -20.00118631019401505 ) ) ;
#4385 = FACE_BOUND ( 'NONE', #895, .T. ) ;
#4386 = ORIENTED_EDGE ( 'NONE', *, *, #4671, .T. ) ;
#4387 = LINE ( 'NONE', #3700, #2126 ) ;
#4388 = DIRECTION ( 'NONE',  ( 1.000000000000000000, 0.000000000000000000, -2.237099353233347089E-12 ) ) ;
#4389 = ORIENTED_EDGE ( 'NONE', *, *, #4344, .T. ) ;
#4390 = AXIS2_PLACEMENT_3D ( 'NONE', #2565, #1810, #4393 ) ;
#4391 = CARTESIAN_POINT ( 'NONE',  ( -184.9995852570999944, 196.7037683510730801, 24.50070717458860514 ) ) ;
#4392 = CARTESIAN_POINT ( 'NONE',  ( -184.9995852593999928, 196.7054456976399024, -16.99929339040343024 ) ) ;
#4393 = DIRECTION ( 'NONE',  ( -1.000000000000000000, -4.504620681532429303E-11, 2.234651555022304295E-12 ) ) ;
#4394 = ORIENTED_EDGE ( 'NONE', *, *, #703, .T. ) ;
#4395 = AXIS2_PLACEMENT_3D ( 'NONE', #586, #3202, #3938 ) ;
#4396 = VERTEX_POINT ( 'NONE', #117 ) ;
#4397 = EDGE_CURVE ( 'NONE', #1270, #3618, #1982, .T. ) ;
#4398 = CC_DESIGN_PERSON_AND_ORGANIZATION_ASSIGNMENT ( #1649, #201, ( #770 ) ) ;
#4399 = CARTESIAN_POINT ( 'NONE',  ( -182.4995383250999907, 216.7033769536031684, 23.00197880832641317 ) ) ;
#4400 = AXIS2_PLACEMENT_3D ( 'NONE', #210, #1689, #3926 ) ;
#4401 = CARTESIAN_POINT ( 'NONE',  ( -69.25392844700000694, 10.00574200815905890, -20.01116434385744114 ) ) ;
#4402 = PLANE ( 'NONE',  #3217 ) ;
#4403 = FACE_BOUND ( 'NONE', #1549, .T. ) ;
#4404 = CARTESIAN_POINT ( 'NONE',  ( -18.50785698299997506, 0.004951330540396703395, -17.01180021958293054 ) ) ;
#4405 = ORIENTED_EDGE ( 'NONE', *, *, #3339, .T. ) ;
#4406 = ORIENTED_EDGE ( 'NONE', *, *, #1980, .F. ) ;
#4407 = AXIS2_PLACEMENT_3D ( 'NONE', #4567, #3389, #3062 ) ;
#4408 = EDGE_CURVE ( 'NONE', #4025, #1191, #4478, .T. ) ;
#4409 = DIRECTION ( 'NONE',  ( 0.000000000000000000, -0.9999999979785944015, -6.358310602959384129E-05 ) ) ;
#4410 = FACE_OUTER_BOUND ( 'NONE', #4242, .T. ) ;
#4411 = DIRECTION ( 'NONE',  ( 2.346656762449893904E-06, 0.9999999979758408264, 6.358310597842638343E-05 ) ) ;
#4412 = EDGE_LOOP ( 'NONE', ( #2659, #2567 ) ) ;
#4413 = VERTEX_POINT ( 'NONE', #133 ) ;
#4414 = LOCAL_TIME ( 14, 57, 21.00000000000000000, #2351 ) ;
#4415 = VECTOR ( 'NONE', #3102, 999.9999999999998863 ) ;
#4416 = CARTESIAN_POINT ( 'NONE',  ( -59.25392844700000694, 10.00298409057120352, 22.98883615561447868 ) ) ;
#4417 = VERTEX_POINT ( 'NONE', #1161 ) ;
#4418 = CARTESIAN_POINT ( 'NONE',  ( -26.75392844899998579, 10.00506603572649134, -18.51116438401528796 ) ) ;
#4419 = ORIENTED_EDGE ( 'NONE', *, *, #4222, .T. ) ;
#4420 = VERTEX_POINT ( 'NONE', #1201 ) ;
#4421 = FACE_OUTER_BOUND ( 'NONE', #369, .T. ) ;
#4422 = FACE_BOUND ( 'NONE', #2363, .T. ) ;
#4423 = DIRECTION ( 'NONE',  ( -1.000000000000000000, 1.109986837537584101E-13, 2.237516472473343625E-12 ) ) ;
#4424 = CARTESIAN_POINT ( 'NONE',  ( 184.9999812859999793, 206.7057999539846662, -19.99864301648177189 ) ) ;
#4425 = LINE ( 'NONE', #6, #2169 ) ;
#4426 = VERTEX_POINT ( 'NONE', #2643 ) ;
#4427 = CIRCLE ( 'NONE', #2334, 2.500000046249998942 ) ;
#4428 = VECTOR ( 'NONE', #2815, 1000.000000000000114 ) ;
#4429 = MANIFOLD_SOLID_BREP ( 'comp1.1\\part5.3\\PartBody', #1977 ) ;
#4430 = DIRECTION ( 'NONE',  ( 0.000000000000000000, 6.358310597861374712E-05, -0.9999999979785942905 ) ) ;
#4431 = ADVANCED_FACE ( 'NONE', ( #2271 ), #4116, .F. ) ;
#4432 = ADVANCED_FACE ( 'NONE', ( #1298 ), #2434, .F. ) ;
#4433 = FACE_BOUND ( 'NONE', #2104, .T. ) ;
#4434 = CARTESIAN_POINT ( 'NONE',  ( -184.9996321902000034, 176.7038637665463057, 22.99943551496055960 ) ) ;
#4435 = VERTEX_POINT ( 'NONE', #1712 ) ;
#4436 = EDGE_LOOP ( 'NONE', ( #2412, #386 ) ) ;
#4437 = DIRECTION ( 'NONE',  ( 1.000000000000000000, 0.000000000000000000, -2.237099353233347089E-12 ) ) ;
#4438 = AXIS2_PLACEMENT_3D ( 'NONE', #1524, #1224, #2704 ) ;
#4439 = EDGE_CURVE ( 'NONE', #4014, #177, #3108, .T. ) ;
#4440 = CARTESIAN_POINT ( 'NONE',  ( 66.75388635399997384, 10.00277051568956566, 25.98884879303750495 ) ) ;
#4441 = MANIFOLD_SOLID_BREP ( 'comp1.1\\part5.4\\PartBody', #2834 ) ;
#4442 = VERTEX_POINT ( 'NONE', #2487 ) ;
#4443 = CARTESIAN_POINT ( 'NONE',  ( 49.25388635400002357, 0.005696307073220496786, -20.01178565097863782 ) ) ;
#4444 = DIRECTION ( 'NONE',  ( -2.237515728249334980E-12, 6.358310602959382773E-05, -0.9999999979785942905 ) ) ;
#4445 = DIRECTION ( 'NONE',  ( 2.237515728249334980E-12, -6.358310602959382773E-05, 0.9999999979785942905 ) ) ;
#4446 = ORIENTED_EDGE ( 'NONE', *, *, #666, .F. ) ;
#4447 = VERTEX_POINT ( 'NONE', #898 ) ;
#4448 = CARTESIAN_POINT ( 'NONE',  ( 182.4999812859999793, 226.7062807787767156, -19.99737132426998443 ) ) ;
#4449 = CARTESIAN_POINT ( 'NONE',  ( -207.7000187139404090, 48.40728153738051986, -17.00870812112725972 ) ) ;
#4450 = FACE_OUTER_BOUND ( 'NONE', #4564, .T. ) ;
#4451 = DIRECTION ( 'NONE',  ( -0.9999999815015170324, -0.0001923459528262196874, -1.222771583569494855E-08 ) ) ;
#4452 = DIRECTION ( 'NONE',  ( -0.9999999810473936268, 0.0001946926095295059144, 1.238139845503558336E-08 ) ) ;
#4453 = ORIENTED_EDGE ( 'NONE', *, *, #2876, .F. ) ;
#4454 = VECTOR ( 'NONE', #4345, 999.9999999999998863 ) ;
#4455 = AXIS2_PLACEMENT_3D ( 'NONE', #2086, #4284, #3905 ) ;
#4456 = AXIS2_PLACEMENT_3D ( 'NONE', #1815, #2158, #3665 ) ;
#4457 = EDGE_CURVE ( 'NONE', #4442, #678, #831, .T. ) ;
#4458 = CARTESIAN_POINT ( 'NONE',  ( -184.9995148597000139, 226.7054456371747904, -16.99738589746615958 ) ) ;
#4459 = LINE ( 'NONE', #363, #2816 ) ;
#4460 = EDGE_LOOP ( 'NONE', ( #3949, #3295, #183, #1877 ) ) ;
#4461 = AXIS2_PLACEMENT_3D ( 'NONE', #1622, #3103, #4174 ) ;
#4462 = ORIENTED_EDGE ( 'NONE', *, *, #566, .T. ) ;
#4463 = ADVANCED_FACE ( 'NONE', ( #3588 ), #206, .F. ) ;
#4464 = CIRCLE ( 'NONE', #2152, 2.500000046250006047 ) ;
#4465 = CARTESIAN_POINT ( 'NONE',  ( 36.75388635400000936, 10.00277051568956566, 25.98884879303750495 ) ) ;
#4466 = EDGE_CURVE ( 'NONE', #1610, #2860, #4098, .T. ) ;
#4467 = DIRECTION ( 'NONE',  ( 1.000000000000000000, 0.000000000000000000, -2.237099353233347089E-12 ) ) ;
#4468 = ORIENTED_EDGE ( 'NONE', *, *, #1857, .F. ) ;
#4469 = VERTEX_POINT ( 'NONE', #2001 ) ;
#4470 = EDGE_CURVE ( 'NONE', #2213, #2184, #3132, .T. ) ;
#4471 = LINE ( 'NONE', #4107, #2294 ) ;
#4472 = VERTEX_POINT ( 'NONE', #2075 ) ;
#4473 = ORIENTED_EDGE ( 'NONE', *, *, #614, .F. ) ;
#4474 = CIRCLE ( 'NONE', #4703, 2.500000046250006047 ) ;
#4475 = DIRECTION ( 'NONE',  ( -0.9999999815015169213, -0.0001923459529989992027, -1.222771583569501638E-08 ) ) ;
#4476 = CYLINDRICAL_SURFACE ( 'NONE', #1199, 2.500000046250013153 ) ;
#4477 = CYLINDRICAL_SURFACE ( 'NONE', #3447, 2.500000046250007824 ) ;
#4478 = LINE ( 'NONE', #448, #1157 ) ;
#4479 = AXIS2_PLACEMENT_3D ( 'NONE', #4732, #1026, #245 ) ;
#4480 = ORIENTED_EDGE ( 'NONE', *, *, #3613, .F. ) ;
#4481 = CIRCLE ( 'NONE', #2552, 2.500000046250006047 ) ;
#4482 = MANIFOLD_SOLID_BREP ( 'comp1.1\\part5.5\\PartBody', #731 ) ;
#4483 = CARTESIAN_POINT ( 'NONE',  ( 187.4999812859999793, 176.7062808795684532, -20.00055047883247994 ) ) ;
#4484 = AXIS2_PLACEMENT_3D ( 'NONE', #232, #2775, #4221 ) ;
#4485 = ORIENTED_EDGE ( 'NONE', *, *, #1909, .F. ) ;
#4486 = EDGE_LOOP ( 'NONE', ( #2026, #2265, #4569, #244 ) ) ;
#4487 = LOCAL_TIME ( 14, 57, 21.00000000000000000, #128 ) ;
#4488 = CARTESIAN_POINT ( 'NONE',  ( 182.4999812859999793, 186.7062808593803709, -19.99991464851921918 ) ) ;
#4489 = EDGE_CURVE ( 'NONE', #645, #4426, #3919, .T. ) ;
#4490 = CARTESIAN_POINT ( 'NONE',  ( -187.4996321913999964, 176.7031980182562165, 25.99943547867883353 ) ) ;
#4491 = AXIS2_PLACEMENT_3D ( 'NONE', #4266, #148, #841 ) ;
#4492 = VERTEX_POINT ( 'NONE', #180 ) ;
#4493 = ORIENTED_EDGE ( 'NONE', *, *, #834, .F. ) ;
#4494 = DIRECTION ( 'NONE',  ( 0.000000000000000000, -0.9999999979785944015, -6.358310602959384129E-05 ) ) ;
#4495 = CARTESIAN_POINT ( 'NONE',  ( 184.9999812859999793, 166.7029696384890087, 24.49881227597286326 ) ) ;
#4496 = CARTESIAN_POINT ( 'NONE',  ( -182.4995383250999907, 216.7060160304072554, -18.49802169549244368 ) ) ;
#4497 = ADVANCED_FACE ( 'NONE', ( #3971 ), #3891, .F. ) ;
#4498 = VERTEX_POINT ( 'NONE', #594 ) ;
#4499 = VECTOR ( 'NONE', #2076, 999.9999999999998863 ) ;
#4500 = ORIENTED_EDGE ( 'NONE', *, *, #2452, .T. ) ;
#4501 = FACE_OUTER_BOUND ( 'NONE', #2495, .T. ) ;
#4502 = DIRECTION ( 'NONE',  ( 1.000000000000000000, 0.000000000000000000, -2.237099353233347089E-12 ) ) ;
#4503 = CARTESIAN_POINT ( 'NONE',  ( 49.25388635400002357, 10.00325138060844488, 25.98884882363400450 ) ) ;
#4504 = EDGE_CURVE ( 'NONE', #4381, #2914, #3798, .T. ) ;
#4505 = VERTEX_POINT ( 'NONE', #4660 ) ;
#4506 = DIRECTION ( 'NONE',  ( -2.237489328627485067E-12, 6.358310602959382773E-05, -0.9999999979785942905 ) ) ;
#4507 = EDGE_LOOP ( 'NONE', ( #3575, #4102, #3211, #3242 ) ) ;
#4508 = FACE_OUTER_BOUND ( 'NONE', #2258, .T. ) ;
#4509 = FACE_OUTER_BOUND ( 'NONE', #3623, .T. ) ;
#4510 = VERTEX_POINT ( 'NONE', #4636 ) ;
#4511 = ORIENTED_EDGE ( 'NONE', *, *, #3652, .T. ) ;
#4512 = CARTESIAN_POINT ( 'NONE',  ( -184.9995383239999853, 216.7037683107465114, 24.50197883621380157 ) ) ;
#4513 = CIRCLE ( 'NONE', #564, 2.500000046250006047 ) ;
#4514 = CARTESIAN_POINT ( 'NONE',  ( 49.25388635400002357, 0.002770535977511534576, 25.98821296271933079 ) ) ;
#4515 = CARTESIAN_POINT ( 'NONE',  ( 194.9999812859999793, 148.4073767095347023, -18.50234980793266715 ) ) ;
#4516 = EDGE_CURVE ( 'NONE', #258, #2587, #10, .T. ) ;
#4517 = EDGE_LOOP ( 'NONE', ( #2900, #1540, #4301, #705 ) ) ;
#4518 = VECTOR ( 'NONE', #1865, 999.9999999999998863 ) ;
#4519 = CARTESIAN_POINT ( 'NONE',  ( -69.25392845000000364, 10.00478027842115125, -20.01116440505537497 ) ) ;
#4520 = EDGE_CURVE ( 'NONE', #2902, #2901, #4175, .T. ) ;
#4521 = EDGE_CURVE ( 'NONE', #2722, #3505, #1345, .T. ) ;
#4522 = CARTESIAN_POINT ( 'NONE',  ( -18.50781004999998913, 20.00514203935732738, -20.01052855090248883 ) ) ;
#4523 = DIRECTION ( 'NONE',  ( -2.235841141859335273E-12, 6.358310602959384129E-05, -0.9999999979785944015 ) ) ;
#4524 = ORIENTED_EDGE ( 'NONE', *, *, #508, .F. ) ;
#4525 = EDGE_CURVE ( 'NONE', #2709, #964, #4297, .T. ) ;
#4526 = EDGE_CURVE ( 'NONE', #1532, #1035, #3486, .T. ) ;
#4527 = ORIENTED_EDGE ( 'NONE', *, *, #3374, .F. ) ;
#4528 = ORIENTED_EDGE ( 'NONE', *, *, #1446, .F. ) ;
#4529 = CIRCLE ( 'NONE', #2288, 2.500000046250006047 ) ;
#4530 = AXIS2_PLACEMENT_3D ( 'NONE', #153, #3106, #3800 ) ;
#4531 = CARTESIAN_POINT ( 'NONE',  ( -49.25390498199999456, 20.00247973887787722, 22.98947195402992349 ) ) ;
#4532 = DIRECTION ( 'NONE',  ( 2.237509443829649765E-12, -6.358310602959382773E-05, 0.9999999979785942905 ) ) ;
#4533 = CIRCLE ( 'NONE', #2446, 2.500000046249998942 ) ;
#4534 = DIRECTION ( 'NONE',  ( -2.237509410309334820E-12, 6.358310602959382773E-05, -0.9999999979785942905 ) ) ;
#4535 = CIRCLE ( 'NONE', #4456, 2.500000046249998942 ) ;
#4536 = ORIENTED_EDGE ( 'NONE', *, *, #2740, .F. ) ;
#4537 = VECTOR ( 'NONE', #1309, 999.9999999999998863 ) ;
#4538 = DIRECTION ( 'NONE',  ( -2.237509410309334820E-12, 6.358310602959382773E-05, -0.9999999979785942905 ) ) ;
#4539 = CARTESIAN_POINT ( 'NONE',  ( 56.75388635400003068, 10.00569628683482826, -20.01114981966167861 ) ) ;
#4540 = CARTESIAN_POINT ( 'NONE',  ( 69.25388635399998805, 10.00502467272208840, -17.01114985630961129 ) ) ;
#4541 = ORIENTED_EDGE ( 'NONE', *, *, #1887, .T. ) ;
#4542 = CARTESIAN_POINT ( 'NONE',  ( -41.74714580399999164, 148.4042379413668584, 22.99763613724112332 ) ) ;
#4543 = DIRECTION ( 'NONE',  ( 1.000000000000000000, 1.811100377073350216E-16, -2.237501322100557132E-12 ) ) ;
#4544 = LINE ( 'NONE', #1584, #684 ) ;
#4545 = CARTESIAN_POINT ( 'NONE',  ( -49.25392844699999273, 10.00550432579247406, -17.01116435251157100 ) ) ;
#4547 = ADVANCED_FACE ( 'NONE', ( #2101 ), #254, .F. ) ;
#4546 = ORIENTED_EDGE ( 'NONE', *, *, #3345, .F. ) ;
#4548 = CC_DESIGN_DATE_AND_TIME_ASSIGNMENT ( #4291, #590, ( #1528 ) ) ;
#4549 = CIRCLE ( 'NONE', #3073, 2.500000046249998942 ) ;
#4550 = DIRECTION ( 'NONE',  ( -2.237509410309334820E-12, 6.358310602959382773E-05, -0.9999999979785942905 ) ) ;
#4551 = EDGE_LOOP ( 'NONE', ( #650, #4033 ) ) ;
#4552 = EDGE_CURVE ( 'NONE', #3119, #983, #151, .T. ) ;
#4553 = VECTOR ( 'NONE', #784, 999.9999999999998863 ) ;
#4554 = LINE ( 'NONE', #169, #4770 ) ;
#4555 = CIRCLE ( 'NONE', #3244, 125.9042811879999846 ) ;
#4556 = CARTESIAN_POINT ( 'NONE',  ( -29.25392844999999298, 10.00195196102466078, 22.98883608951385327 ) ) ;
#4557 = ORIENTED_EDGE ( 'NONE', *, *, #1090, .T. ) ;
#4558 = AXIS2_PLACEMENT_3D ( 'NONE', #1450, #2972, #3667 ) ;
#4559 = DIRECTION ( 'NONE',  ( 2.237515728249334980E-12, -6.358310602959382773E-05, 0.9999999979785942905 ) ) ;
#4560 = PLANE ( 'NONE',  #1023 ) ;
#4561 = DIRECTION ( 'NONE',  ( 1.000000000000000000, 0.000000000000000000, -2.237099353233347089E-12 ) ) ;
#4562 = DIRECTION ( 'NONE',  ( 0.000000000000000000, 0.000000000000000000, 1.000000000000000000 ) ) ;
#4563 = AXIS2_PLACEMENT_3D ( 'NONE', #2564, #2154, #1489 ) ;
#4564 = EDGE_LOOP ( 'NONE', ( #2614, #3659, #2992, #1010 ) ) ;
#4565 = CARTESIAN_POINT ( 'NONE',  ( -49.25361847299997464, 142.0975657863823187, -18.50276553197896590 ) ) ;
#4566 = DIRECTION ( 'NONE',  ( 0.9999999815015169213, 0.0001923459529885908619, 1.222771583569501638E-08 ) ) ;
#4567 = CARTESIAN_POINT ( 'NONE',  ( -39.25392845000000364, 10.00188005301409788, 24.48883608778945487 ) ) ;
#4568 = CARTESIAN_POINT ( 'NONE',  ( -187.4996087247999697, 186.7032933733138691, 24.50007131298681529 ) ) ;
#4569 = ORIENTED_EDGE ( 'NONE', *, *, #757, .T. ) ;
#4570 = ORIENTED_EDGE ( 'NONE', *, *, #1736, .T. ) ;
#4571 = CIRCLE ( 'NONE', #2187, 2.500000046250006047 ) ;
#4572 = EDGE_LOOP ( 'NONE', ( #3790, #3870, #2831, #3760 ) ) ;
#4573 = ORIENTED_EDGE ( 'NONE', *, *, #4050, .F. ) ;
#4574 = ADVANCED_FACE ( 'NONE', ( #4736 ), #4760, .F. ) ;
#4575 = CARTESIAN_POINT ( 'NONE',  ( -184.9996321924999734, 176.7027112869154166, 25.99943544774585646 ) ) ;
#4576 = DIRECTION ( 'NONE',  ( 1.000000000000000000, 0.000000000000000000, -2.237099353233353148E-12 ) ) ;
#4577 = ORIENTED_EDGE ( 'NONE', *, *, #783, .F. ) ;
#4578 = ORIENTED_EDGE ( 'NONE', *, *, #2999, .F. ) ;
#4579 = EDGE_CURVE ( 'NONE', #2998, #1129, #3865, .T. ) ;
#4580 = AXIS2_PLACEMENT_3D ( 'NONE', #2713, #4189, #1261 ) ;
#4581 = CARTESIAN_POINT ( 'NONE',  ( -187.4995852581999998, 196.7061231783742699, -19.99929335342890013 ) ) ;
#4582 = CARTESIAN_POINT ( 'NONE',  ( -194.9994719174999886, 245.0021197074009649, 24.50377813401672000 ) ) ;
#4583 = DIRECTION ( 'NONE',  ( -2.238209617639335134E-12, 6.358310602959384129E-05, -0.9999999979785944015 ) ) ;
#4584 = ORIENTED_EDGE ( 'NONE', *, *, #4104, .F. ) ;
#4585 = CARTESIAN_POINT ( 'NONE',  ( -184.9995617927999945, 206.7056364268949551, -19.99865755304983139 ) ) ;
#4586 = DIRECTION ( 'NONE',  ( -2.237509410309334820E-12, 6.358310602959382773E-05, -0.9999999979785942905 ) ) ;
#4587 = DIRECTION ( 'NONE',  ( -2.235841141859335273E-12, 6.358310602959384129E-05, -0.9999999979785944015 ) ) ;
#4588 = AXIS2_PLACEMENT_3D ( 'NONE', #3907, #243, #1726 ) ;
#4589 = VERTEX_POINT ( 'NONE', #3265 ) ;
#4590 = ORIENTED_EDGE ( 'NONE', *, *, #1884, .F. ) ;
#4591 = ORIENTED_EDGE ( 'NONE', *, *, #2010, .T. ) ;
#4592 = CARTESIAN_POINT ( 'NONE',  ( 41.75388635400001647, 10.00296126513271133, 22.98884880007784304 ) ) ;
#4593 = FACE_OUTER_BOUND ( 'NONE', #752, .T. ) ;
#4594 = VERTEX_POINT ( 'NONE', #2176 ) ;
#4595 = CYLINDRICAL_SURFACE ( 'NONE', #2765, 2.500000046250007824 ) ;
#4596 = CARTESIAN_POINT ( 'NONE',  ( -174.9995852583000158, 196.7031686448710559, 26.00070713966998071 ) ) ;
#4597 = ORIENTED_EDGE ( 'NONE', *, *, #400, .F. ) ;
#4598 = ORIENTED_EDGE ( 'NONE', *, *, #3129, .T. ) ;
#4599 = ADVANCED_FACE ( 'NONE', ( #328 ), #376, .F. ) ;
#4600 = ADVANCED_FACE ( 'NONE', ( #4347 ), #1056, .F. ) ;
#4601 = CIRCLE ( 'NONE', #2440, 2.500000046250006047 ) ;
#4602 = DIRECTION ( 'NONE',  ( 1.000000000000000000, 0.000000000000000000, -2.237099353233347089E-12 ) ) ;
#4603 = VECTOR ( 'NONE', #3688, 999.9999999999998863 ) ;
#4604 = CARTESIAN_POINT ( 'NONE',  ( -187.4995383250999907, 216.7059323886540767, -16.99802169784519990 ) ) ;
#4605 = DIRECTION ( 'NONE',  ( 1.000000000000000000, 0.000000000000000000, -2.237099353233353148E-12 ) ) ;
#4606 = CARTESIAN_POINT ( 'NONE',  ( -184.9995617927999945, 206.7027112264998721, 26.00134294168188376 ) ) ;
#4607 = ORIENTED_EDGE ( 'NONE', *, *, #2425, .F. ) ;
#4608 = EDGE_CURVE ( 'NONE', #2394, #2623, #2561, .T. ) ;
#4609 = AXIS2_PLACEMENT_3D ( 'NONE', #3886, #3981, #1821 ) ;
#4610 = DIRECTION ( 'NONE',  ( 1.000000000000000000, 0.000000000000000000, -2.237099353233353148E-12 ) ) ;
#4611 = AXIS2_PLACEMENT_3D ( 'NONE', #2307, #4559, #4083 ) ;
#4612 = FACE_BOUND ( 'NONE', #1336, .T. ) ;
#4613 = CARTESIAN_POINT ( 'NONE',  ( -41.75392844900000000, 10.00236678445472904, 24.48883611871746524 ) ) ;
#4614 = ORIENTED_EDGE ( 'NONE', *, *, #4700, .T. ) ;
#4615 = ORIENTED_EDGE ( 'NONE', *, *, #2736, .F. ) ;
#4616 = CARTESIAN_POINT ( 'NONE',  ( -49.25361847299997464, 142.0949267099777842, 22.99723497182010234 ) ) ;
#4617 = PLANE ( 'NONE',  #2862 ) ;
#4618 = ORIENTED_EDGE ( 'NONE', *, *, #1328, .F. ) ;
#4619 = CIRCLE ( 'NONE', #2232, 153.2525527960000034 ) ;
#4620 = FACE_OUTER_BOUND ( 'NONE', #3806, .T. ) ;
#4621 = CARTESIAN_POINT ( 'NONE',  ( 187.4999812859999793, 166.7033551294102551, 25.99881230351383365 ) ) ;
#4622 = VECTOR ( 'NONE', #21, 1000.000000000000000 ) ;
#4623 = ORIENTED_EDGE ( 'NONE', *, *, #456, .F. ) ;
#4624 = CIRCLE ( 'NONE', #380, 2.500000046249998942 ) ;
#4625 = EDGE_CURVE ( 'NONE', #1191, #1841, #1393, .T. ) ;
#4626 = CARTESIAN_POINT ( 'NONE',  ( -182.4996087247999981, 186.7031862646746561, 26.00007130934761790 ) ) ;
#4627 = CARTESIAN_POINT ( 'NONE',  ( 79.99998128699998290, 0.005696307073220496786, -20.01178565097863782 ) ) ;
#4628 = FACE_OUTER_BOUND ( 'NONE', #2857, .T. ) ;
#4629 = APPROVAL_ROLE ( '' ) ;
#4630 = ORIENTED_EDGE ( 'NONE', *, *, #3872, .T. ) ;
#4631 = AXIS2_PLACEMENT_3D ( 'NONE', #360, #4091, #1065 ) ;
#4632 = DIRECTION ( 'NONE',  ( 2.237515728249334980E-12, -6.358310602959382773E-05, 0.9999999979785942905 ) ) ;
#4633 = AXIS2_PLACEMENT_3D ( 'NONE', #1008, #2965, #3615 ) ;
#4634 = EDGE_CURVE ( 'NONE', #3213, #1936, #2536, .T. ) ;
#4635 = PLANE ( 'NONE',  #2118 ) ;
#4636 = CARTESIAN_POINT ( 'NONE',  ( 187.4999812859999793, 216.7062807989647695, -19.99800715458319189 ) ) ;
#4637 = EDGE_LOOP ( 'NONE', ( #4086, #3057 ) ) ;
#4638 = ORIENTED_EDGE ( 'NONE', *, *, #1057, .F. ) ;
#4639 = ORIENTED_EDGE ( 'NONE', *, *, #2717, .T. ) ;
#4640 = CIRCLE ( 'NONE', #949, 125.9042811879999846 ) ;
#4641 = VECTOR ( 'NONE', #465, 999.9999999999998863 ) ;
#4642 = EDGE_CURVE ( 'NONE', #693, #930, #1782, .T. ) ;
#4643 = DIRECTION ( 'NONE',  ( 0.2496046695350044864, -0.9683478224044225202, -6.157056297797879182E-05 ) ) ;
#4644 = LINE ( 'NONE', #960, #2835 ) ;
#4645 = DIRECTION ( 'NONE',  ( 2.237515728249334980E-12, -6.358310602959382773E-05, 0.9999999979785942905 ) ) ;
#4646 = ORIENTED_EDGE ( 'NONE', *, *, #1379, .T. ) ;
#4647 = AXIS2_PLACEMENT_3D ( 'NONE', #1165, #2932, #452 ) ;
#4648 = CARTESIAN_POINT ( 'NONE',  ( -51.75392844899997868, 10.00512470219201688, -18.51116437976069307 ) ) ;
#4649 = DIRECTION ( 'NONE',  ( 1.000000000000000000, 0.000000000000000000, -2.237099353233347089E-12 ) ) ;
#4650 = VECTOR ( 'NONE', #2629, 1000.000000000000114 ) ;
#4651 = ORIENTED_EDGE ( 'NONE', *, *, #2625, .F. ) ;
#4652 = LINE ( 'NONE', #1287, #2383 ) ;
#4653 = DIRECTION ( 'NONE',  ( -1.000000000000000000, 4.734990915607294200E-17, 2.238113973790748292E-12 ) ) ;
#4654 = DIRECTION ( 'NONE',  ( 2.235841141859335273E-12, -6.358310602959384129E-05, 0.9999999979785944015 ) ) ;
#4655 = FACE_OUTER_BOUND ( 'NONE', #3212, .T. ) ;
#4656 = VERTEX_POINT ( 'NONE', #304 ) ;
#4657 = CARTESIAN_POINT ( 'NONE',  ( -59.25392844999998943, 10.00466143713798317, -18.51116440937747143 ) ) ;
#4658 = EDGE_CURVE ( 'NONE', #3540, #3715, #1856, .T. ) ;
#4659 = CARTESIAN_POINT ( 'NONE',  ( 184.9999812859999793, 216.7057999338461514, -19.99800718516977938 ) ) ;
#4660 = CARTESIAN_POINT ( 'NONE',  ( -79.99999991499997520, 20.00528634045095444, -20.01052854158541550 ) ) ;
#4661 = ORIENTED_EDGE ( 'NONE', *, *, #4691, .F. ) ;
#4662 = ORIENTED_EDGE ( 'NONE', *, *, #290, .T. ) ;
#4663 = ORIENTED_EDGE ( 'NONE', *, *, #2546, .F. ) ;
#4664 = EDGE_CURVE ( 'NONE', #672, #2654, #4103, .T. ) ;
#4665 = EDGE_CURVE ( 'NONE', #2417, #3791, #1616, .T. ) ;
#4666 = AXIS2_PLACEMENT_3D ( 'NONE', #4434, #4181, #1117 ) ;
#4667 = CARTESIAN_POINT ( 'NONE',  ( -71.75392844900000000, 10.00507626056805854, -17.01116438017385946 ) ) ;
#4668 = AXIS2_PLACEMENT_3D ( 'NONE', #534, #1730, #3203 ) ;
#4669 = CARTESIAN_POINT ( 'NONE',  ( 182.4999812859999793, 166.7035458788038795, 22.99881230955541511 ) ) ;
#4670 = ORIENTED_EDGE ( 'NONE', *, *, #3493, .T. ) ;
#4671 = EDGE_CURVE ( 'NONE', #2277, #4426, #4723, .T. ) ;
#4672 = CARTESIAN_POINT ( 'NONE',  ( 184.9999812859999793, 196.7030649532200641, 23.00071977190606987 ) ) ;
#4673 = FACE_OUTER_BOUND ( 'NONE', #598, .T. ) ;
#4674 = DIRECTION ( 'NONE',  ( -2.237511783459335038E-12, 6.358310602959382773E-05, -0.9999999979785942905 ) ) ;
#4675 = ORIENTED_EDGE ( 'NONE', *, *, #4162, .F. ) ;
#4676 = VERTEX_POINT ( 'NONE', #349 ) ;
#4677 = PLANE ( 'NONE',  #2466 ) ;
#4678 = CARTESIAN_POINT ( 'NONE',  ( 79.99998128699998290, 0.002865910674311467066, 24.48821296574010731 ) ) ;
#4679 = PERSON_AND_ORGANIZATION_ROLE ( 'classification_officer' ) ;
#4680 = ORIENTED_EDGE ( 'NONE', *, *, #3228, .F. ) ;
#4681 = DIRECTION ( 'NONE',  ( 2.237516984455479986E-12, -6.358310602959382773E-05, 0.9999999979785942905 ) ) ;
#4682 = AXIS2_PLACEMENT_3D ( 'NONE', #1697, #3959, #4334 ) ;
#4683 = VECTOR ( 'NONE', #4022, 999.9999999999998863 ) ;
#4684 = CARTESIAN_POINT ( 'NONE',  ( -18.50783351599999449, 10.00495131030200113, -17.01116438826597133 ) ) ;
#4685 = CARTESIAN_POINT ( 'NONE',  ( -18.50783351599999449, 10.00240760859424149, 22.98883611855384501 ) ) ;
#4686 = CARTESIAN_POINT ( 'NONE',  ( -194.9995852581999998, 196.7059500286457308, -16.99929335848082701 ) ) ;
#4687 = CIRCLE ( 'NONE', #3221, 2.500000046249998942 ) ;
#4688 = VERTEX_POINT ( 'NONE', #1832 ) ;
#4689 = ORIENTED_EDGE ( 'NONE', *, *, #4408, .T. ) ;
#4690 = ORIENTED_EDGE ( 'NONE', *, *, #2980, .T. ) ;
#4691 = EDGE_CURVE ( 'NONE', #936, #37, #1468, .T. ) ;
#4692 = CIRCLE ( 'NONE', #284, 2.500000046250006047 ) ;
#4693 = LINE ( 'NONE', #1692, #3201 ) ;
#4694 = EDGE_CURVE ( 'NONE', #158, #4676, #3311, .T. ) ;
#4695 = CYLINDRICAL_SURFACE ( 'NONE', #761, 2.500000046249999386 ) ;
#4696 = ORIENTED_EDGE ( 'NONE', *, *, #4253, .F. ) ;
#4697 = EDGE_LOOP ( 'NONE', ( #764, #4702, #474, #3638 ) ) ;
#4698 = CARTESIAN_POINT ( 'NONE',  ( 49.25388635400002357, 10.00512004731901250, -18.51114985328392137 ) ) ;
#4699 = DIRECTION ( 'NONE',  ( 2.244364503698719644E-12, -6.358310605671101156E-05, 0.9999999979785944015 ) ) ;
#4700 = EDGE_CURVE ( 'NONE', #2861, #2991, #3334, .T. ) ;
#4701 = CYLINDRICAL_SURFACE ( 'NONE', #1959, 2.500000046250013153 ) ;
#4702 = ORIENTED_EDGE ( 'NONE', *, *, #1148, .F. ) ;
#4703 = AXIS2_PLACEMENT_3D ( 'NONE', #3274, #4006, #718 ) ;
#4704 = ADVANCED_FACE ( 'NONE', ( #1394 ), #3637, .F. ) ;
#4705 = LINE ( 'NONE', #3396, #1626 ) ;
#4706 = VECTOR ( 'NONE', #1436, 999.9999999999998863 ) ;
#4707 = CARTESIAN_POINT ( 'NONE',  ( -184.9996556568000017, 166.7038637867344164, 22.99879968464732372 ) ) ;
#4708 = CARTESIAN_POINT ( 'NONE',  ( 187.4999812859999793, 186.7033550890836580, 26.00008396513914377 ) ) ;
#4709 = ORIENTED_EDGE ( 'NONE', *, *, #2806, .T. ) ;
#4710 = CARTESIAN_POINT ( 'NONE',  ( 182.4999812859999793, 206.7034504230040284, 24.50135563080868550 ) ) ;
#4711 = AXIS2_PLACEMENT_3D ( 'NONE', #2413, #1633, #4328 ) ;
#4712 = FACE_OUTER_BOUND ( 'NONE', #3498, .T. ) ;
#4713 = DIRECTION ( 'NONE',  ( -2.237509410309334820E-12, 6.358310602959382773E-05, -0.9999999979785942905 ) ) ;
#4714 = VECTOR ( 'NONE', #2159, 1000.000000000000000 ) ;
#4715 = VERTEX_POINT ( 'NONE', #661 ) ;
#4716 = EDGE_LOOP ( 'NONE', ( #281, #2003 ) ) ;
#4717 = ORIENTED_EDGE ( 'NONE', *, *, #1385, .F. ) ;
#4718 = AXIS2_PLACEMENT_3D ( 'NONE', #1683, #3185, #2024 ) ;
#4719 = DIRECTION ( 'NONE',  ( 2.237515728249334980E-12, -6.358310602959382773E-05, 0.9999999979785942905 ) ) ;
#4720 = DIRECTION ( 'NONE',  ( 1.000000000000000000, 2.204498159533141924E-16, -2.237510519472150406E-12 ) ) ;
#4721 = CARTESIAN_POINT ( 'NONE',  ( -79.99999991399997157, 20.00509559115722524, -17.01052854763196365 ) ) ;
#4722 = VERTEX_POINT ( 'NONE', #4154 ) ;
#4723 = CIRCLE ( 'NONE', #617, 2.500000046250006047 ) ;
#4724 = LINE ( 'NONE', #1423, #1145 ) ;
#4725 = DIRECTION ( 'NONE',  ( 2.237515728249334980E-12, -6.358310602959382773E-05, 0.9999999979785942905 ) ) ;
#4726 = CARTESIAN_POINT ( 'NONE',  ( 182.4999812859999793, 226.7061854045792870, -18.49737132731549138 ) ) ;
#4727 = CARTESIAN_POINT ( 'NONE',  ( 71.75388635399998805, 10.00550553754109551, -17.01114982570817347 ) ) ;
#4728 = ORIENTED_EDGE ( 'NONE', *, *, #1980, .T. ) ;
#4729 = EDGE_CURVE ( 'NONE', #722, #1819, #1601, .T. ) ;
#4730 = AXIS2_PLACEMENT_3D ( 'NONE', #4606, #1291, #2890 ) ;
#4731 = DIRECTION ( 'NONE',  ( 2.235841141859335273E-12, -6.358310602959384129E-05, 0.9999999979785944015 ) ) ;
#4732 = CARTESIAN_POINT ( 'NONE',  ( -184.9996087258999751, 186.7054457177784172, -16.99992922171544762 ) ) ;
#4733 = DIRECTION ( 'NONE',  ( 2.237515728249334980E-12, -6.358310602959382773E-05, 0.9999999979785942905 ) ) ;
#4734 = ORIENTED_EDGE ( 'NONE', *, *, #1680, .F. ) ;
#4735 = EDGE_CURVE ( 'NONE', #645, #2578, #2639, .T. ) ;
#4736 = FACE_OUTER_BOUND ( 'NONE', #4042, .T. ) ;
#4737 = ORIENTED_EDGE ( 'NONE', *, *, #729, .F. ) ;
#4738 = ORIENTED_EDGE ( 'NONE', *, *, #1565, .T. ) ;
#4739 = ORIENTED_EDGE ( 'NONE', *, *, #1299, .T. ) ;
#4740 = CIRCLE ( 'NONE', #3593, 2.500000046249998942 ) ;
#4741 = PLANE ( 'NONE',  #1773 ) ;
#4742 = DIRECTION ( 'NONE',  ( 1.000000000000000000, 0.000000000000000000, -2.237099353233353148E-12 ) ) ;
#4743 = DIRECTION ( 'NONE',  ( 2.235841141859335273E-12, -6.358310602959384129E-05, 0.9999999979785944015 ) ) ;
#4744 = CARTESIAN_POINT ( 'NONE',  ( 69.25388635399998805, 10.00521542201581582, -20.01114985026311643 ) ) ;
#4745 = ORIENTED_EDGE ( 'NONE', *, *, #1148, .T. ) ;
#4746 = CIRCLE ( 'NONE', #2666, 2.500000046249998942 ) ;
#4747 = LINE ( 'NONE', #291, #1686 ) ;
#4748 = LINE ( 'NONE', #2524, #51 ) ;
#4749 = FACE_BOUND ( 'NONE', #506, .T. ) ;
#4750 = ORIENTED_EDGE ( 'NONE', *, *, #3936, .F. ) ;
#4751 = VERTEX_POINT ( 'NONE', #112 ) ;
#4752 = AXIS2_PLACEMENT_3D ( 'NONE', #4199, #94, #491 ) ;
#4753 = AXIS2_PLACEMENT_3D ( 'NONE', #3184, #4296, #1737 ) ;
#4754 = LINE ( 'NONE', #1429, #3606 ) ;
#4755 = ADVANCED_FACE ( 'NONE', ( #2310 ), #1900, .F. ) ;
#4756 = LINE ( 'NONE', #1000, #851 ) ;
#4757 = ORIENTED_EDGE ( 'NONE', *, *, #1708, .T. ) ;
#4758 = DIRECTION ( 'NONE',  ( 2.237515728249334980E-12, -6.358310602959382773E-05, 0.9999999979785942905 ) ) ;
#4759 = CYLINDRICAL_SURFACE ( 'NONE', #1668, 2.500000046250007824 ) ;
#4760 = CYLINDRICAL_SURFACE ( 'NONE', #2707, 2.500000046250007824 ) ;
#4761 = EDGE_CURVE ( 'NONE', #709, #289, #1925, .T. ) ;
#4762 = ORIENTED_EDGE ( 'NONE', *, *, #1320, .T. ) ;
#4763 = VECTOR ( 'NONE', #1334, 999.9999999999998863 ) ;
#4764 = EDGE_LOOP ( 'NONE', ( #812, #2997, #4680, #1883 ) ) ;
#4765 = AXIS2_PLACEMENT_3D ( 'NONE', #3127, #2378, #3037 ) ;
#4766 = CARTESIAN_POINT ( 'NONE',  ( 69.25388635399998805, 10.00617715175372169, -20.01114978906520747 ) ) ;
#4767 = CARTESIAN_POINT ( 'NONE',  ( -184.9995383261999962, 216.7055410315107054, -18.49802172573258829 ) ) ;
#4768 = CARTESIAN_POINT ( 'NONE',  ( -51.75392844899997868, 10.00502932749521356, -17.01116438278146958 ) ) ;
#4769 = VERTEX_POINT ( 'NONE', #1578 ) ;
#4770 = VECTOR ( 'NONE', #836, 999.9999999999998863 ) ;
#4771 = CARTESIAN_POINT ( 'NONE',  ( -36.75392844899999290, 10.00499412761605278, -17.01116438573471612 ) ) ;
#4772 = CARTESIAN_POINT ( 'NONE',  ( 194.9999812859999793, 196.7035458173399434, 23.00071980254220350 ) ) ;
#4773 = CARTESIAN_POINT ( 'NONE',  ( -187.4996556579000071, 166.7032934136404378, 24.49879965136156201 ) ) ;
#4774 = VERTEX_POINT ( 'NONE', #1511 ) ;
#4775 = DIRECTION ( 'NONE',  ( 2.237505790068460240E-12, -6.358310602959382773E-05, 0.9999999979785942905 ) ) ;
#4776 = DIRECTION ( 'NONE',  ( 1.000000000000000000, 0.000000000000000000, -2.237099353233347089E-12 ) ) ;
#4777 = ORIENTED_EDGE ( 'NONE', *, *, #2974, .T. ) ;
#4778 = AXIS2_PLACEMENT_3D ( 'NONE', #4698, #2499, #3223 ) ;
#4779 = CARTESIAN_POINT ( 'NONE',  ( 184.9999812859999793, 196.7067617043605026, -19.99927878662063918 ) ) ;
#4780 = CARTESIAN_POINT ( 'NONE',  ( 184.9999812859999793, 245.0021638234561010, 26.00379078418052359 ) ) ;
#4781 = ORIENTED_EDGE ( 'NONE', *, *, #233, .T. ) ;
#4782 = VECTOR ( 'NONE', #2793, 1000.000000000000114 ) ;
#4783 = VERTEX_POINT ( 'NONE', #3056 ) ;
ENDSEC;
END-ISO-10303-21;
