ISO-10303-21;
HEADER;
FILE_DESCRIPTION (( 'STEP AP203' ),
    '1' );
FILE_NAME ('Link3RightSide_Default_sldprt.STEP',
    '2026-07-12T11:27:17',
    ( '' ),
    ( '' ),
    'SwSTEP 2.0',
    'SolidWorks 2025',
    '' );
FILE_SCHEMA (( 'CONFIG_CONTROL_DESIGN' ));
ENDSEC;

DATA;
#1 = FACE_OUTER_BOUND ( 'NONE', #4870, .T. ) ;
#2 = ADVANCED_FACE ( 'NONE', ( #5434 ), #2442, .T. ) ;
#3 = ORIENTED_EDGE ( 'NONE', *, *, #2406, .T. ) ;
#4 = DIRECTION ( 'NONE',  ( 1.000000000000000000, 0.000000000000000000, -5.759281940242999553E-15 ) ) ;
#5 = EDGE_LOOP ( 'NONE', ( #355, #2912, #2654, #5354 ) ) ;
#6 = CARTESIAN_POINT ( 'NONE',  ( 36.75388635400000936, 10.00360691745023978, 9.851866812897430492 ) ) ;
#7 = EDGE_LOOP ( 'NONE', ( #2163, #1047 ) ) ;
#8 = DIRECTION ( 'NONE',  ( 1.000000000000000000, 0.000000000000000000, -5.551115020430141666E-15 ) ) ;
#9 = LINE ( 'NONE', #3841, #4414 ) ;
#10 = ORIENTED_EDGE ( 'NONE', *, *, #4686, .T. ) ;
#11 = CARTESIAN_POINT ( 'NONE',  ( -61.75392378100000457, 10.00487857957486604, -10.14813314680074186 ) ) ;
#12 = ORIENTED_EDGE ( 'NONE', *, *, #3220, .F. ) ;
#13 = AXIS2_PLACEMENT_3D ( 'NONE', #2547, #4215, #817 ) ;
#14 = DIRECTION ( 'NONE',  ( 1.000000000000000000, 4.504600105889103393E-11, -3.639192544834512967E-15 ) ) ;
#15 = CARTESIAN_POINT ( 'NONE',  ( -2.176600000236561527E-05, 20.00423540965736890, -0.0005148547200795050571 ) ) ;
#16 = ORIENTED_EDGE ( 'NONE', *, *, #394, .T. ) ;
#17 = AXIS2_PLACEMENT_3D ( 'NONE', #2667, #2284, #4702 ) ;
#18 = EDGE_CURVE ( 'NONE', #349, #869, #4574, .T. ) ;
#19 = DIRECTION ( 'NONE',  ( -2.237690279189335060E-12, 6.358310602959384129E-05, -0.9999999979785944015 ) ) ;
#20 = DIRECTION ( 'NONE',  ( -2.237515728249334980E-12, 6.358310602959382773E-05, -0.9999999979785942905 ) ) ;
#21 = PERSON_AND_ORGANIZATION_ROLE ( 'creator' ) ;
#22 = CARTESIAN_POINT ( 'NONE',  ( -56.75392683300001551, 10.00296376772080009, 19.99884927466488804 ) ) ;
#23 = ORIENTED_EDGE ( 'NONE', *, *, #5227, .F. ) ;
#24 = DIRECTION ( 'NONE',  ( 1.000000000000000000, 4.504618900114111440E-11, -2.908914428778609185E-15 ) ) ;
#25 = ADVANCED_FACE ( 'NONE', ( #4268, #2550, #3033, #3800, #3007, #2188 ), #2577, .F. ) ;
#26 = ORIENTED_EDGE ( 'NONE', *, *, #5198, .T. ) ;
#27 = CARTESIAN_POINT ( 'NONE',  ( 61.75388330100000900, 10.00550709197007038, -20.00115064473145665 ) ) ;
#28 = ADVANCED_FACE ( 'NONE', ( #4673 ), #77, .F. ) ;
#29 = ORIENTED_EDGE ( 'NONE', *, *, #1711, .F. ) ;
#30 = DIRECTION ( 'NONE',  ( 5.684341886078310580E-15, -6.358310602959384129E-05, 0.9999999979785944015 ) ) ;
#31 = VERTEX_POINT ( 'NONE', #4326 ) ;
#32 = CYLINDRICAL_SURFACE ( 'NONE', #2706, 2.500000000000002220 ) ;
#33 = CARTESIAN_POINT ( 'NONE',  ( 89.99997823399996832, 0.003583723213941569785, 10.24821346249599152 ) ) ;
#34 = CARTESIAN_POINT ( 'NONE',  ( -20.00001871399997810, 20.00487855713917185, -10.14749731537478716 ) ) ;
#35 = VERTEX_POINT ( 'NONE', #22 ) ;
#36 = FACE_BOUND ( 'NONE', #274, .T. ) ;
#37 = ORIENTED_EDGE ( 'NONE', *, *, #2231, .T. ) ;
#38 = CARTESIAN_POINT ( 'NONE',  ( -41.75392683300000130, 10.00296376772080009, 19.99884927466488804 ) ) ;
#39 = AXIS2_PLACEMENT_3D ( 'NONE', #1395, #2301, #2071 ) ;
#40 = EDGE_LOOP ( 'NONE', ( #1600, #1348 ) ) ;
#41 = VECTOR ( 'NONE', #2836, 999.9999999999998863 ) ;
#42 = DIRECTION ( 'NONE',  ( -2.237506273869335076E-12, 6.358310602959384129E-05, -0.9999999979785944015 ) ) ;
#43 = DIRECTION ( 'NONE',  ( 1.000000000000000000, 0.000000000000000000, -5.551115020430141666E-15 ) ) ;
#44 = CARTESIAN_POINT ( 'NONE',  ( 46.75388330100000189, 10.00450788341976782, -4.286150677568239864 ) ) ;
#45 = ORIENTED_EDGE ( 'NONE', *, *, #732, .T. ) ;
#46 = ADVANCED_FACE ( 'NONE', ( #4698 ), #438, .F. ) ;
#47 = DIRECTION ( 'NONE',  ( -5.773159728048290444E-15, 6.358310602959382773E-05, -0.9999999979785942905 ) ) ;
#48 = VERTEX_POINT ( 'NONE', #483 ) ;
#49 = CARTESIAN_POINT ( 'NONE',  ( 79.99998128599999347, 0.004878597565642628364, -10.14876897700497871 ) ) ;
#50 = ORIENTED_EDGE ( 'NONE', *, *, #3925, .F. ) ;
#51 = EDGE_CURVE ( 'NONE', #5093, #5379, #3872, .T. ) ;
#52 = CARTESIAN_POINT ( 'NONE',  ( 39.25388635400000936, 10.00408778236913321, 9.851866843493928272 ) ) ;
#53 = AXIS2_PLACEMENT_3D ( 'NONE', #4781, #4804, #2330 ) ;
#54 = CIRCLE ( 'NONE', #3168, 2.500000000000002220 ) ;
#55 = EDGE_CURVE ( 'NONE', #1213, #3805, #406, .T. ) ;
#56 = AXIS2_PLACEMENT_3D ( 'NONE', #258, #3755, #3326 ) ;
#57 = EDGE_LOOP ( 'NONE', ( #587, #2740, #3128, #4398 ) ) ;
#58 = LOCAL_TIME ( 14, 57, 17.00000000000000000, #515 ) ;
#59 = CARTESIAN_POINT ( 'NONE',  ( 182.4999812859999793, 176.7048273436428190, -0.1375338252400937211 ) ) ;
#60 = CARTESIAN_POINT ( 'NONE',  ( -49.25392378099999036, 10.00312605253134102, 9.851866782300932712 ) ) ;
#61 = ORIENTED_EDGE ( 'NONE', *, *, #3723, .F. ) ;
#62 = AXIS2_PLACEMENT_3D ( 'NONE', #5278, #1024, #1798 ) ;
#63 = FACE_BOUND ( 'NONE', #4849, .T. ) ;
#64 = DIRECTION ( 'NONE',  ( 1.000000000000000000, 0.000000000000000000, -5.551115020430141666E-15 ) ) ;
#65 = CIRCLE ( 'NONE', #3437, 2.500000046250006047 ) ;
#66 = ORIENTED_EDGE ( 'NONE', *, *, #5049, .F. ) ;
#67 = CARTESIAN_POINT ( 'NONE',  ( 5.918100001722770287E-05, 0.004235450083843461666, -0.001786516350243960716 ) ) ;
#68 = DIRECTION ( 'NONE',  ( -5.754013588988390746E-15, 6.358310602959382773E-05, -0.9999999979785942905 ) ) ;
#69 = ORIENTED_EDGE ( 'NONE', *, *, #1269, .T. ) ;
#70 = ORIENTED_EDGE ( 'NONE', *, *, #5146, .F. ) ;
#71 = VECTOR ( 'NONE', #3515, 999.9999999999998863 ) ;
#72 = CARTESIAN_POINT ( 'NONE',  ( 184.9999812859999793, 166.7059440602120048, -10.13816960582703075 ) ) ;
#73 = CIRCLE ( 'NONE', #1222, 2.500000046249998942 ) ;
#74 = CARTESIAN_POINT ( 'NONE',  ( 187.4999812859999793, 216.7041914317271676, 9.865009478870618409 ) ) ;
#75 = DIRECTION ( 'NONE',  ( -1.139704650099662076E-13, 0.9999999979785942905, 6.358310602959382773E-05 ) ) ;
#76 = LINE ( 'NONE', #3364, #856 ) ;
#77 = CYLINDRICAL_SURFACE ( 'NONE', #758, 2.500000046250013153 ) ;
#78 = CARTESIAN_POINT ( 'NONE',  ( 18.50843600800000743, 20.00550707173167453, -20.00051481341447257 ) ) ;
#79 = VECTOR ( 'NONE', #4277, 1000.000000000000000 ) ;
#80 = VERTEX_POINT ( 'NONE', #2162 ) ;
#81 = CARTESIAN_POINT ( 'NONE',  ( 19.99998128600000058, 10.00487857957486604, -10.14813314680074186 ) ) ;
#82 = EDGE_LOOP ( 'NONE', ( #3777, #3477 ) ) ;
#83 = DIRECTION ( 'NONE',  ( -2.237515728249334980E-12, 6.358310602959382773E-05, -0.9999999979785942905 ) ) ;
#84 = EDGE_CURVE ( 'NONE', #1207, #3986, #4313, .T. ) ;
#85 = ORIENTED_EDGE ( 'NONE', *, *, #4559, .F. ) ;
#86 = DIRECTION ( 'NONE',  ( 1.000000000000000000, 1.137978600240784444E-13, -2.237446339314883771E-12 ) ) ;
#87 = CYLINDRICAL_SURFACE ( 'NONE', #1915, 1.650000030520000660 ) ;
#88 = CARTESIAN_POINT ( 'NONE',  ( 182.4999812859999793, 226.7041914115391137, 9.865645309183850742 ) ) ;
#89 = ORIENTED_EDGE ( 'NONE', *, *, #3151, .F. ) ;
#90 = DIRECTION ( 'NONE',  ( 5.684341886078310580E-15, -6.358310602959384129E-05, 0.9999999979785944015 ) ) ;
#91 = EDGE_CURVE ( 'NONE', #141, #3508, #2363, .T. ) ;
#92 = DIRECTION ( 'NONE',  ( -1.000000000000000000, -1.140957433292971019E-13, 2.237480458170536814E-12 ) ) ;
#93 = CARTESIAN_POINT ( 'NONE',  ( 69.25388330100001610, 10.00450788341976782, -4.286150677568239864 ) ) ;
#94 = DIRECTION ( 'NONE',  ( -1.000000000000000000, -1.137978600240784444E-13, 2.237446339314883771E-12 ) ) ;
#95 = EDGE_CURVE ( 'NONE', #3021, #5068, #3917, .T. ) ;
#96 = ORIENTED_EDGE ( 'NONE', *, *, #1443, .F. ) ;
#97 = ORIENTED_EDGE ( 'NONE', *, *, #425, .F. ) ;
#98 = CARTESIAN_POINT ( 'NONE',  ( -10.14700407599999821, 10.00488060647571764, -10.14813297501673794 ) ) ;
#99 = DIRECTION ( 'NONE',  ( -5.773159728048290444E-15, 6.358310602959382773E-05, -0.9999999979785942905 ) ) ;
#100 = AXIS2_PLACEMENT_3D ( 'NONE', #436, #351, #5404 ) ;
#101 = CARTESIAN_POINT ( 'NONE',  ( -185.0000187136000136, 176.7053082047168289, -0.1375337954541144825 ) ) ;
#102 = FACE_BOUND ( 'NONE', #4245, .T. ) ;
#103 = ORIENTED_EDGE ( 'NONE', *, *, #3349, .T. ) ;
#104 = DIRECTION ( 'NONE',  ( 1.000000000000000000, 0.000000000000000000, -5.551115020430141666E-15 ) ) ;
#105 = CYLINDRICAL_SURFACE ( 'NONE', #3254, 2.500000046249998942 ) ;
#106 = VERTEX_POINT ( 'NONE', #3412 ) ;
#107 = DIRECTION ( 'NONE',  ( 5.684341886078310580E-15, -6.358310602959384129E-05, 0.9999999979785944015 ) ) ;
#108 = CIRCLE ( 'NONE', #1164, 2.500000000000002220 ) ;
#109 = ORIENTED_EDGE ( 'NONE', *, *, #5427, .F. ) ;
#110 = CARTESIAN_POINT ( 'NONE',  ( 49.25388330100000189, 10.00450788341976782, -4.286150677568239864 ) ) ;
#111 = CARTESIAN_POINT ( 'NONE',  ( -3.052000013825661995E-06, 10.00423542984544412, -0.001150685033285414605 ) ) ;
#112 = CARTESIAN_POINT ( 'NONE',  ( -175.0000187135999852, 139.0539076014262605, -10.13992780861688914 ) ) ;
#113 = ORIENTED_EDGE ( 'NONE', *, *, #4201, .F. ) ;
#114 = DIRECTION ( 'NONE',  ( 0.9999999815015170324, -0.0001923459529039352992, -1.222995891984406402E-08 ) ) ;
#115 = EDGE_CURVE ( 'NONE', #4906, #4926, #1679, .T. ) ;
#116 = DIRECTION ( 'NONE',  ( -5.777645942867660319E-15, 6.358310602959382773E-05, -0.9999999979785942905 ) ) ;
#117 = ORIENTED_EDGE ( 'NONE', *, *, #586, .F. ) ;
#118 = CARTESIAN_POINT ( 'NONE',  ( -2.176600000236561527E-05, 20.00535765150830159, -17.65051481845411629 ) ) ;
#119 = DIRECTION ( 'NONE',  ( -1.000000000000000000, -1.141977373231051890E-13, 5.665119647816642956E-15 ) ) ;
#120 = VERTEX_POINT ( 'NONE', #1730 ) ;
#121 = VERTEX_POINT ( 'NONE', #2111 ) ;
#122 = EDGE_CURVE ( 'NONE', #2030, #831, #1319, .T. ) ;
#123 = ADVANCED_FACE ( 'NONE', ( #2950 ), #3061, .F. ) ;
#124 = VECTOR ( 'NONE', #3754, 999.9999999999998863 ) ;
#125 = DIRECTION ( 'NONE',  ( -5.773159728048290444E-15, 6.358310602959382773E-05, -0.9999999979785942905 ) ) ;
#126 = DIRECTION ( 'NONE',  ( -2.237515728249334980E-12, 6.358310602959382773E-05, -0.9999999979785942905 ) ) ;
#127 = CARTESIAN_POINT ( 'NONE',  ( 89.99997823399996832, 20.00550707178200227, -20.00051481441822432 ) ) ;
#128 = DIRECTION ( 'NONE',  ( 5.684341886078310580E-15, -6.358310602959384129E-05, 0.9999999979785944015 ) ) ;
#129 = PERSON_AND_ORGANIZATION ( #2905, #2289 ) ;
#130 = FACE_OUTER_BOUND ( 'NONE', #2500, .T. ) ;
#131 = CARTESIAN_POINT ( 'NONE',  ( -175.0000187135999852, 238.4060183624160629, -0.1336106722848173778 ) ) ;
#132 = ORIENTED_EDGE ( 'NONE', *, *, #4947, .F. ) ;
#133 = DIRECTION ( 'NONE',  ( -1.000000000000000000, -1.137978600240784444E-13, 2.237446339314883771E-12 ) ) ;
#134 = EDGE_LOOP ( 'NONE', ( #3679, #2481, #319, #3074 ) ) ;
#135 = CARTESIAN_POINT ( 'NONE',  ( -17.65002176600000183, 10.00423542984544412, -0.001150685033285414605 ) ) ;
#136 = ORIENTED_EDGE ( 'NONE', *, *, #3482, .T. ) ;
#137 = DIRECTION ( 'NONE',  ( -2.237515728249334980E-12, 6.358310602959382773E-05, -0.9999999979785942905 ) ) ;
#138 = DIRECTION ( 'NONE',  ( -5.773159728048290444E-15, 6.358310602959382773E-05, -0.9999999979785942905 ) ) ;
#139 = FACE_OUTER_BOUND ( 'NONE', #1834, .T. ) ;
#140 = VECTOR ( 'NONE', #1105, 999.9999999999998863 ) ;
#141 = VERTEX_POINT ( 'NONE', #3388 ) ;
#142 = DIRECTION ( 'NONE',  ( 1.000000000000000000, 0.000000000000000000, -2.237099394619688409E-12 ) ) ;
#143 = CIRCLE ( 'NONE', #1733, 1.650000030520000216 ) ;
#144 = CIRCLE ( 'NONE', #53, 2.500000046250006047 ) ;
#145 = CC_DESIGN_APPROVAL ( #4093, ( #2458 ) ) ;
#146 = CYLINDRICAL_SURFACE ( 'NONE', #4883, 2.500000000000002220 ) ;
#147 = DIRECTION ( 'NONE',  ( -5.773159728048293600E-15, 6.358310602959384129E-05, -0.9999999979785944015 ) ) ;
#148 = EDGE_CURVE ( 'NONE', #487, #1578, #1466, .T. ) ;
#149 = AXIS2_PLACEMENT_3D ( 'NONE', #961, #2688, #3942 ) ;
#150 = DIRECTION ( 'NONE',  ( -2.237690279189335060E-12, 6.358310602959384129E-05, -0.9999999979785944015 ) ) ;
#151 = ORIENTED_EDGE ( 'NONE', *, *, #3193, .T. ) ;
#152 = ORIENTED_EDGE ( 'NONE', *, *, #2315, .F. ) ;
#153 = CIRCLE ( 'NONE', #3269, 2.500000046249998942 ) ;
#154 = CARTESIAN_POINT ( 'NONE',  ( 184.9999812859999793, 176.7059440400734900, -10.13753377451504001 ) ) ;
#155 = EDGE_CURVE ( 'NONE', #3873, #3452, #4572, .T. ) ;
#156 = CARTESIAN_POINT ( 'NONE',  ( -185.0000187136000136, 176.7043464744795358, -0.1375338566272921170 ) ) ;
#157 = PLANE ( 'NONE',  #952 ) ;
#158 = DIRECTION ( 'NONE',  ( -5.762035600565790813E-15, 6.358310602959382773E-05, -0.9999999979785942905 ) ) ;
#159 = CIRCLE ( 'NONE', #4503, 1.650000030520000216 ) ;
#160 = FACE_BOUND ( 'NONE', #5071, .T. ) ;
#161 = LINE ( 'NONE', #3577, #2568 ) ;
#162 = AXIS2_PLACEMENT_3D ( 'NONE', #4844, #3647, #1081 ) ;
#163 = EDGE_CURVE ( 'NONE', #2598, #1512, #2370, .T. ) ;
#164 = VERTEX_POINT ( 'NONE', #851 ) ;
#165 = CARTESIAN_POINT ( 'NONE',  ( -49.25392683300000840, 10.00550709197007038, -20.00115064473145665 ) ) ;
#166 = VERTEX_POINT ( 'NONE', #4854 ) ;
#167 = EDGE_CURVE ( 'NONE', #973, #2757, #5265, .T. ) ;
#168 = DIRECTION ( 'NONE',  ( -1.000000000000000000, -1.137978600240784444E-13, 2.237446339314883771E-12 ) ) ;
#169 = ORIENTED_EDGE ( 'NONE', *, *, #834, .F. ) ;
#170 = DIRECTION ( 'NONE',  ( 1.000000000000000000, 1.137978600240784444E-13, -2.237446339314883771E-12 ) ) ;
#171 = AXIS2_PLACEMENT_3D ( 'NONE', #3634, #2015, #5343 ) ;
#172 = FACE_OUTER_BOUND ( 'NONE', #4087, .T. ) ;
#173 = DIRECTION ( 'NONE',  ( -5.773159728048290444E-15, 6.358310602959382773E-05, -0.9999999979785942905 ) ) ;
#174 = CARTESIAN_POINT ( 'NONE',  ( -175.0000187135999852, 188.7302808973522588, -10.13676922986980777 ) ) ;
#175 = CARTESIAN_POINT ( 'NONE',  ( -175.0000187095999991, 50.00487849488625614, -10.14558982234886564 ) ) ;
#176 = CYLINDRICAL_SURFACE ( 'NONE', #5075, 2.500000000000002220 ) ;
#177 = DIRECTION ( 'NONE',  ( -1.381101079724618225E-13, 0.9999999979785942905, 6.358310600547424608E-05 ) ) ;
#178 = VERTEX_POINT ( 'NONE', #2748 ) ;
#179 = EDGE_LOOP ( 'NONE', ( #5272, #4971, #5326, #2910 ) ) ;
#180 = CARTESIAN_POINT ( 'NONE',  ( 61.75388635399997384, 10.00487857957486604, -10.14813314680074186 ) ) ;
#181 = CARTESIAN_POINT ( 'NONE',  ( -31.75392378100000457, 10.00487857957486604, -10.14813314680074186 ) ) ;
#182 = DIRECTION ( 'NONE',  ( 1.000000000000000000, 0.000000000000000000, -2.237793284010079132E-12 ) ) ;
#183 = CARTESIAN_POINT ( 'NONE',  ( 49.25388330100000189, 10.00450788341976782, -4.286150677568239864 ) ) ;
#184 = EDGE_CURVE ( 'NONE', #1624, #1758, #2006, .T. ) ;
#185 = EDGE_LOOP ( 'NONE', ( #477, #382, #1929, #3008 ) ) ;
#186 = CARTESIAN_POINT ( 'NONE',  ( -51.75392378099999746, 10.00360691745023978, 9.851866812897430492 ) ) ;
#187 = DIRECTION ( 'NONE',  ( -1.000000000000000000, -1.141181002970365858E-13, 2.237793520288378741E-12 ) ) ;
#188 = CARTESIAN_POINT ( 'NONE',  ( -16.00002176599998904, 10.00423540970930780, -0.0008333142377248137223 ) ) ;
#189 = ORIENTED_EDGE ( 'NONE', *, *, #1569, .F. ) ;
#190 = FACE_BOUND ( 'NONE', #3316, .T. ) ;
#191 = EDGE_CURVE ( 'NONE', #745, #4522, #1018, .T. ) ;
#192 = AXIS2_PLACEMENT_3D ( 'NONE', #1901, #3605, #4108 ) ;
#193 = CIRCLE ( 'NONE', #1607, 2.500000000000002220 ) ;
#194 = AXIS2_PLACEMENT_3D ( 'NONE', #1965, #736, #1487 ) ;
#195 = EDGE_CURVE ( 'NONE', #4682, #683, #1931, .T. ) ;
#196 = ORIENTED_EDGE ( 'NONE', *, *, #5248, .T. ) ;
#197 = CARTESIAN_POINT ( 'NONE',  ( -19.50002176599999260, 20.00424008246593033, -0.07400600878720853260 ) ) ;
#198 = CARTESIAN_POINT ( 'NONE',  ( -69.25392683299999419, 10.00450788346931397, -4.286150676569483231 ) ) ;
#199 = CARTESIAN_POINT ( 'NONE',  ( 66.75388330199999132, 10.00296376767125395, 19.99884927366613141 ) ) ;
#200 = DIRECTION ( 'NONE',  ( 1.000000000000000000, 4.504660533477533590E-11, -2.909275829502770100E-15 ) ) ;
#201 = VERTEX_POINT ( 'NONE', #5157 ) ;
#202 = CIRCLE ( 'NONE', #4027, 2.500000046249998942 ) ;
#203 = ORIENTED_EDGE ( 'NONE', *, *, #3025, .F. ) ;
#204 = DIRECTION ( 'NONE',  ( 0.9999999815015170324, -0.0001923459528040152270, -1.222995888731799884E-08 ) ) ;
#205 = CARTESIAN_POINT ( 'NONE',  ( 56.75388330100000900, 10.00489650233323324, -10.39813297401637193 ) ) ;
#206 = COORDINATED_UNIVERSAL_TIME_OFFSET ( 3, 30, .AHEAD. ) ;
#207 = FACE_BOUND ( 'NONE', #5199, .T. ) ;
#208 = CYLINDRICAL_SURFACE ( 'NONE', #5190, 2.500000000000002220 ) ;
#209 = ORIENTED_EDGE ( 'NONE', *, *, #2573, .F. ) ;
#210 = CARTESIAN_POINT ( 'NONE',  ( -54.75002176599999615, 0.004896522471757591699, -10.39876880532838932 ) ) ;
#211 = AXIS2_PLACEMENT_3D ( 'NONE', #4773, #508, #899 ) ;
#212 = EDGE_CURVE ( 'NONE', #2955, #5148, #3576, .T. ) ;
#213 = LINE ( 'NONE', #1074, #1202 ) ;
#214 = EDGE_LOOP ( 'NONE', ( #2564, #2094, #4607, #4775 ) ) ;
#215 = CARTESIAN_POINT ( 'NONE',  ( -2.176600000236561527E-05, 20.00311316785598237, 17.64948511001279741 ) ) ;
#216 = ORIENTED_EDGE ( 'NONE', *, *, #4333, .T. ) ;
#217 = DIRECTION ( 'NONE',  ( 1.000000000000000000, 0.000000000000000000, -2.237793284010079132E-12 ) ) ;
#218 = DIRECTION ( 'NONE',  ( -1.000000000000000000, -4.504606491415481361E-11, 2.908991014615152805E-15 ) ) ;
#219 = CARTESIAN_POINT ( 'NONE',  ( -140.0000187136000136, 20.00487855713917185, -10.14749731537478716 ) ) ;
#220 = EDGE_CURVE ( 'NONE', #4548, #652, #4051, .T. ) ;
#221 = CARTESIAN_POINT ( 'NONE',  ( -2.176600000236561527E-05, 10.00596806949669038, -27.25115063062298759 ) ) ;
#222 = ADVANCED_FACE ( 'NONE', ( #130 ), #3550, .F. ) ;
#223 = DIRECTION ( 'NONE',  ( 1.000000000000000000, 0.000000000000000000, -2.237099394619688409E-12 ) ) ;
#224 = VECTOR ( 'NONE', #338, 999.9999999999998863 ) ;
#225 = EDGE_CURVE ( 'NONE', #3340, #4636, #1871, .T. ) ;
#226 = FACE_OUTER_BOUND ( 'NONE', #3017, .T. ) ;
#227 = CARTESIAN_POINT ( 'NONE',  ( -90.00002176600000325, 0.005507112108595058064, -20.00178647604347759 ) ) ;
#228 = ORIENTED_EDGE ( 'NONE', *, *, #122, .T. ) ;
#229 = EDGE_LOOP ( 'NONE', ( #2846, #69 ) ) ;
#230 = AXIS2_PLACEMENT_3D ( 'NONE', #300, #3290, #3179 ) ;
#231 = DIRECTION ( 'NONE',  ( 1.000000000000000000, 0.000000000000000000, -5.551115020430141666E-15 ) ) ;
#232 = AXIS2_PLACEMENT_3D ( 'NONE', #3680, #1559, #4516 ) ;
#233 = DIRECTION ( 'NONE',  ( 2.237515728249914975E-12, -6.358310602959382773E-05, 0.9999999979785942905 ) ) ;
#234 = EDGE_LOOP ( 'NONE', ( #1571, #3418, #4544, #5298 ) ) ;
#235 = DIRECTION ( 'NONE',  ( 5.684341886078310580E-15, -6.358310602959384129E-05, 0.9999999979785944015 ) ) ;
#236 = FACE_BOUND ( 'NONE', #5034, .T. ) ;
#237 = VECTOR ( 'NONE', #2814, 999.9999999999998863 ) ;
#238 = VERTEX_POINT ( 'NONE', #598 ) ;
#239 = VECTOR ( 'NONE', #4306, 999.9999999999998863 ) ;
#240 = FACE_BOUND ( 'NONE', #4302, .T. ) ;
#241 = CARTESIAN_POINT ( 'NONE',  ( -71.75392683299999419, 10.00358370297554877, 10.24884929381295073 ) ) ;
#242 = CARTESIAN_POINT ( 'NONE',  ( 49.25388330100000189, 10.00489650233323324, -10.39813297401637193 ) ) ;
#243 = ORIENTED_EDGE ( 'NONE', *, *, #1579, .T. ) ;
#244 = EDGE_LOOP ( 'NONE', ( #303, #4417 ) ) ;
#245 = LINE ( 'NONE', #3951, #1575 ) ;
#246 = AXIS2_PLACEMENT_3D ( 'NONE', #3055, #3490, #2599 ) ;
#247 = ADVANCED_FACE ( 'NONE', ( #4049 ), #2279, .F. ) ;
#248 = ORIENTED_EDGE ( 'NONE', *, *, #3510, .T. ) ;
#249 = ORIENTED_EDGE ( 'NONE', *, *, #625, .T. ) ;
#250 = DIRECTION ( 'NONE',  ( -1.000000000000000000, -1.137978600240784444E-13, 2.237446339314883771E-12 ) ) ;
#251 = DIRECTION ( 'NONE',  ( 1.000000000000000000, 4.498840259331656151E-11, 9.068782481792256856E-10 ) ) ;
#252 = AXIS2_PLACEMENT_3D ( 'NONE', #198, #4015, #1887 ) ;
#253 = DIRECTION ( 'NONE',  ( 1.000000000000000000, 0.000000000000000000, -5.551115020430157443E-15 ) ) ;
#254 = EDGE_CURVE ( 'NONE', #3939, #2156, #1849, .T. ) ;
#255 = AXIS2_PLACEMENT_3D ( 'NONE', #418, #1351, #2959 ) ;
#256 = LINE ( 'NONE', #2422, #3948 ) ;
#257 = ADVANCED_FACE ( 'NONE', ( #2771, #1456, #4454, #641, #160, #207, #3523, #3142, #567, #5192, #4753, #4409, #991 ), #1044, .F. ) ;
#258 = CARTESIAN_POINT ( 'NONE',  ( 174.9999812860000361, 139.0539076059702666, -10.13992780784109193 ) ) ;
#259 = VERTEX_POINT ( 'NONE', #4433 ) ;
#260 = ORIENTED_EDGE ( 'NONE', *, *, #970, .F. ) ;
#261 = EDGE_CURVE ( 'NONE', #3351, #1985, #3120, .T. ) ;
#262 = DIRECTION ( 'NONE',  ( -1.136868377219662335E-13, 0.9999999979785944015, 6.358310602959384129E-05 ) ) ;
#263 = EDGE_CURVE ( 'NONE', #4965, #1943, #144, .T. ) ;
#264 = VERTEX_POINT ( 'NONE', #4025 ) ;
#265 = EDGE_CURVE ( 'NONE', #3986, #1207, #1642, .T. ) ;
#266 = EDGE_LOOP ( 'NONE', ( #4182, #5147 ) ) ;
#267 = FACE_BOUND ( 'NONE', #40, .T. ) ;
#268 = CYLINDRICAL_SURFACE ( 'NONE', #2511, 2.500000000000002220 ) ;
#269 = AXIS2_PLACEMENT_3D ( 'NONE', #2468, #2439, #2136 ) ;
#270 = DIRECTION ( 'NONE',  ( -2.229106397689999106E-12, -0.04954705606199365231, -0.9987717903683451803 ) ) ;
#271 = VERTEX_POINT ( 'NONE', #4259 ) ;
#272 = EDGE_LOOP ( 'NONE', ( #3081, #1500, #5143, #550 ) ) ;
#273 = VERTEX_POINT ( 'NONE', #4285 ) ;
#274 = EDGE_LOOP ( 'NONE', ( #5044, #734 ) ) ;
#275 = DIRECTION ( 'NONE',  ( -0.9999999815015164772, -1.223006732169785830E-08, 0.0001923459551064057101 ) ) ;
#276 = CARTESIAN_POINT ( 'NONE',  ( -182.5000187135999852, 216.7048272589944986, -0.1349905017914154737 ) ) ;
#277 = CARTESIAN_POINT ( 'NONE',  ( -39.25392378100001167, 10.00472361338150584, -0.1481331363527016443 ) ) ;
#278 = DIRECTION ( 'NONE',  ( 1.000000000000000000, 1.141127329791524504E-13, -2.237508477130826298E-12 ) ) ;
#279 = EDGE_CURVE ( 'NONE', #4075, #2198, #711, .T. ) ;
#280 = EDGE_LOOP ( 'NONE', ( #861, #2832 ) ) ;
#281 = VERTEX_POINT ( 'NONE', #1520 ) ;
#282 = FACE_BOUND ( 'NONE', #3546, .T. ) ;
#283 = CARTESIAN_POINT ( 'NONE',  ( -19.50002176599999260, 10.00489650233323324, -10.39813297401637193 ) ) ;
#284 = CARTESIAN_POINT ( 'NONE',  ( -56.75392378099999746, 10.00424274846260708, -0.1481331669491714464 ) ) ;
#285 = EDGE_CURVE ( 'NONE', #3422, #4003, #3167, .T. ) ;
#286 = ORIENTED_EDGE ( 'NONE', *, *, #527, .F. ) ;
#287 = LINE ( 'NONE', #4898, #5376 ) ;
#288 = EDGE_CURVE ( 'NONE', #2166, #3021, #5259, .T. ) ;
#289 = VECTOR ( 'NONE', #5454, 1000.000000000000000 ) ;
#290 = DIRECTION ( 'NONE',  ( -5.773159728048290444E-15, 6.358310602959382773E-05, -0.9999999979785942905 ) ) ;
#291 = ORIENTED_EDGE ( 'NONE', *, *, #4848, .F. ) ;
#292 = FACE_BOUND ( 'NONE', #2613, .T. ) ;
#293 = DIRECTION ( 'NONE',  ( 1.000000000000000000, 0.000000000000000000, -2.237793284010082363E-12 ) ) ;
#294 = DIRECTION ( 'NONE',  ( 5.684341886078310580E-15, -6.358310602959384129E-05, 0.9999999979785944015 ) ) ;
#295 = ORIENTED_EDGE ( 'NONE', *, *, #1092, .T. ) ;
#296 = ORIENTED_EDGE ( 'NONE', *, *, #4561, .T. ) ;
#297 = EDGE_LOOP ( 'NONE', ( #4274, #3639, #3113, #769 ) ) ;
#298 = ORIENTED_EDGE ( 'NONE', *, *, #5356, .T. ) ;
#299 = CARTESIAN_POINT ( 'NONE',  ( -185.0000187136000136, 206.7043464140639628, -0.1356263626912379561 ) ) ;
#300 = CARTESIAN_POINT ( 'NONE',  ( 184.9999812859999793, 226.7049822090444877, -10.13435468112566795 ) ) ;
#301 = FACE_OUTER_BOUND ( 'NONE', #1567, .T. ) ;
#302 = EDGE_CURVE ( 'NONE', #48, #2497, #1064, .T. ) ;
#303 = ORIENTED_EDGE ( 'NONE', *, *, #1068, .T. ) ;
#304 = DIRECTION ( 'NONE',  ( 1.000000000000000000, 1.139704735226111888E-13, 7.250310905284497008E-18 ) ) ;
#305 = PLANE ( 'NONE',  #830 ) ;
#306 = CARTESIAN_POINT ( 'NONE',  ( 89.99997823399996832, 0.002963787959199548627, 19.99821344334792883 ) ) ;
#307 = VERTEX_POINT ( 'NONE', #1529 ) ;
#308 = EDGE_LOOP ( 'NONE', ( #439, #2415, #2053, #4497 ) ) ;
#309 = VECTOR ( 'NONE', #3473, 999.9999999999998863 ) ;
#310 = CARTESIAN_POINT ( 'NONE',  ( 144.9999812919999727, 20.00487856183340085, -10.14749731560765689 ) ) ;
#311 = CARTESIAN_POINT ( 'NONE',  ( -19.50002176599999260, 0.003583723213941569785, 10.24821346249599152 ) ) ;
#312 = VERTEX_POINT ( 'NONE', #742 ) ;
#313 = AXIS2_PLACEMENT_3D ( 'NONE', #2778, #5296, #4520 ) ;
#314 = CYLINDRICAL_SURFACE ( 'NONE', #232, 2.500000046250013153 ) ;
#315 = AXIS2_PLACEMENT_3D ( 'NONE', #4772, #2376, #981 ) ;
#316 = ADVANCED_FACE ( 'NONE', ( #5304 ), #5332, .F. ) ;
#317 = CARTESIAN_POINT ( 'NONE',  ( 61.75388635399997384, 10.00360691745023978, 9.851866812897430492 ) ) ;
#318 = LOCAL_TIME ( 14, 57, 17.00000000000000000, #5238 ) ;
#319 = ORIENTED_EDGE ( 'NONE', *, *, #279, .F. ) ;
#320 = DIRECTION ( 'NONE',  ( 2.238756188979335649E-12, -6.358310602959384129E-05, 0.9999999979785944015 ) ) ;
#321 = CIRCLE ( 'NONE', #3433, 2.500000000000002220 ) ;
#322 = DIRECTION ( 'NONE',  ( 1.000000000000000000, 0.000000000000000000, -5.551115020430141666E-15 ) ) ;
#323 = DIRECTION ( 'NONE',  ( -0.9999999815015170324, 0.0001923459527318518146, 1.222995890900211177E-08 ) ) ;
#324 = CIRCLE ( 'NONE', #62, 2.500000000000002220 ) ;
#325 = CARTESIAN_POINT ( 'NONE',  ( 187.4999812859999793, 196.7048273033162218, -0.1362621636148975135 ) ) ;
#326 = DIRECTION ( 'NONE',  ( -1.139703215560409704E-13, 0.9999999979785944015, 6.358310607783300460E-05 ) ) ;
#327 = ORIENTED_EDGE ( 'NONE', *, *, #1498, .F. ) ;
#328 = CYLINDRICAL_SURFACE ( 'NONE', #3373, 2.500000000000002220 ) ;
#329 = CIRCLE ( 'NONE', #588, 2.500000000000002220 ) ;
#330 = AXIS2_PLACEMENT_3D ( 'NONE', #3049, #5088, #64 ) ;
#331 = EDGE_CURVE ( 'NONE', #3397, #2779, #4311, .T. ) ;
#332 = AXIS2_PLACEMENT_3D ( 'NONE', #67, #2238, #1754 ) ;
#333 = EDGE_LOOP ( 'NONE', ( #4730, #2365, #4467, #1216 ) ) ;
#334 = ORIENTED_EDGE ( 'NONE', *, *, #1999, .F. ) ;
#335 = CARTESIAN_POINT ( 'NONE',  ( 36.75388635400000936, 10.00424274856249340, -0.1481331669541396945 ) ) ;
#336 = LINE ( 'NONE', #2032, #5267 ) ;
#337 = EDGE_CURVE ( 'NONE', #1578, #3422, #1464, .T. ) ;
#338 = DIRECTION ( 'NONE',  ( 5.684341886078310580E-15, -6.358310602959384129E-05, 0.9999999979785944015 ) ) ;
#339 = EDGE_LOOP ( 'NONE', ( #291, #2827 ) ) ;
#340 = VECTOR ( 'NONE', #4709, 999.9999999999998863 ) ;
#341 = DIRECTION ( 'NONE',  ( 1.000000000000000000, 1.135455345091426822E-13, 0.000000000000000000 ) ) ;
#342 = CARTESIAN_POINT ( 'NONE',  ( -2.176600000236561527E-05, 10.00383485624847069, 6.298849302873776423 ) ) ;
#343 = ORIENTED_EDGE ( 'NONE', *, *, #5159, .T. ) ;
#344 = EDGE_LOOP ( 'NONE', ( #2580, #471 ) ) ;
#345 = CIRCLE ( 'NONE', #966, 2.500000046250006047 ) ;
#346 = DIRECTION ( 'NONE',  ( 1.000000000000000000, 0.000000000000000000, -5.551115020430141666E-15 ) ) ;
#347 = ORIENTED_EDGE ( 'NONE', *, *, #1514, .T. ) ;
#348 = CARTESIAN_POINT ( 'NONE',  ( 69.25388635399998805, 10.00472361338150584, -0.1481331363527016443 ) ) ;
#349 = VERTEX_POINT ( 'NONE', #715 ) ;
#350 = CARTESIAN_POINT ( 'NONE',  ( 39.25388330100002321, 10.00550709197007038, -20.00115064473145665 ) ) ;
#351 = DIRECTION ( 'NONE',  ( 2.237515728249914975E-12, -6.358310602959382773E-05, 0.9999999979785942905 ) ) ;
#352 = CARTESIAN_POINT ( 'NONE',  ( -2.176600000236561527E-05, 20.00514782715551831, -14.35051482549934398 ) ) ;
#353 = DIRECTION ( 'NONE',  ( 1.000000000000000000, 1.135455345091426822E-13, 0.000000000000000000 ) ) ;
#354 = ORIENTED_EDGE ( 'NONE', *, *, #4908, .T. ) ;
#355 = ORIENTED_EDGE ( 'NONE', *, *, #3256, .T. ) ;
#356 = EDGE_CURVE ( 'NONE', #4523, #4945, #855, .T. ) ;
#357 = EDGE_CURVE ( 'NONE', #955, #498, #1518, .T. ) ;
#358 = EDGE_LOOP ( 'NONE', ( #3313, #4515, #5368, #3815 ) ) ;
#359 = EDGE_LOOP ( 'NONE', ( #1093, #3929 ) ) ;
#360 = CARTESIAN_POINT ( 'NONE',  ( -31.75392683300001906, 10.00550709197007038, -20.00115064473145665 ) ) ;
#361 = DIRECTION ( 'NONE',  ( -2.237515728249334980E-12, 6.358310602959382773E-05, -0.9999999979785942905 ) ) ;
#362 = DIRECTION ( 'NONE',  ( 1.000000000000000000, 0.000000000000000000, -5.551115020430157443E-15 ) ) ;
#363 = CARTESIAN_POINT ( 'NONE',  ( 184.9999812859999793, 186.7037106280228898, 9.863101954298459262 ) ) ;
#364 = ORIENTED_EDGE ( 'NONE', *, *, #1819, .T. ) ;
#365 = ADVANCED_FACE ( 'NONE', ( #2759 ), #4443, .T. ) ;
#366 = CARTESIAN_POINT ( 'NONE',  ( 19.99998128600000058, 0.004242766553259891271, -0.1487689971583772142 ) ) ;
#367 = EDGE_CURVE ( 'NONE', #4116, #4287, #2103, .T. ) ;
#368 = ORIENTED_EDGE ( 'NONE', *, *, #1541, .F. ) ;
#369 = DIRECTION ( 'NONE',  ( 0.9999999815015170324, -0.0001923459527464234918, -1.222995889816009005E-08 ) ) ;
#370 = AXIS2_PLACEMENT_3D ( 'NONE', #1255, #2047, #4957 ) ;
#371 = ORIENTED_EDGE ( 'NONE', *, *, #2673, .F. ) ;
#372 = ORIENTED_EDGE ( 'NONE', *, *, #5018, .T. ) ;
#373 = LINE ( 'NONE', #3353, #2732 ) ;
#374 = AXIS2_PLACEMENT_3D ( 'NONE', #3004, #735, #2244 ) ;
#375 = DIRECTION ( 'NONE',  ( -5.773159728048290444E-15, 6.358310602959382773E-05, -0.9999999979785942905 ) ) ;
#376 = ORIENTED_EDGE ( 'NONE', *, *, #3691, .F. ) ;
#377 = EDGE_LOOP ( 'NONE', ( #1648, #4086 ) ) ;
#378 = ORIENTED_EDGE ( 'NONE', *, *, #4435, .T. ) ;
#379 = CARTESIAN_POINT ( 'NONE',  ( 19.49997823400001451, 0.004896522471757591699, -10.39876880532838932 ) ) ;
#380 = DIRECTION ( 'NONE',  ( 1.000000000000000000, 0.000000000000000000, -2.237793284010079132E-12 ) ) ;
#381 = DIRECTION ( 'NONE',  ( 2.237515728248475083E-12, -6.358310602959382773E-05, 0.9999999979785942905 ) ) ;
#382 = ORIENTED_EDGE ( 'NONE', *, *, #5154, .F. ) ;
#383 = VERTEX_POINT ( 'NONE', #4117 ) ;
#384 = ADVANCED_FACE ( 'NONE', ( #4839 ), #5362, .F. ) ;
#385 = EDGE_LOOP ( 'NONE', ( #702, #2417 ) ) ;
#386 = VERTEX_POINT ( 'NONE', #1971 ) ;
#387 = DIRECTION ( 'NONE',  ( 1.000000000000000000, 0.000000000000000000, -5.551115020430141666E-15 ) ) ;
#388 = FACE_OUTER_BOUND ( 'NONE', #4058, .T. ) ;
#389 = CARTESIAN_POINT ( 'NONE',  ( 19.99998128600000058, 20.00487855933646841, -10.14749731548378264 ) ) ;
#390 = AXIS2_PLACEMENT_3D ( 'NONE', #3507, #116, #2708 ) ;
#391 = ADVANCED_FACE ( 'NONE', ( #1494 ), #3208, .F. ) ;
#392 = DIRECTION ( 'NONE',  ( -5.773159728048290444E-15, 6.358310602959382773E-05, -0.9999999979785942905 ) ) ;
#393 = AXIS2_PLACEMENT_3D ( 'NONE', #5314, #1228, #4927 ) ;
#394 = EDGE_CURVE ( 'NONE', #1350, #2340, #1911, .T. ) ;
#395 = ORIENTED_EDGE ( 'NONE', *, *, #1953, .T. ) ;
#396 = ORIENTED_EDGE ( 'NONE', *, *, #2199, .F. ) ;
#397 = AXIS2_PLACEMENT_3D ( 'NONE', #3335, #2492, #3278 ) ;
#398 = CARTESIAN_POINT ( 'NONE',  ( -185.0000187136000136, 186.7053081835795183, -0.1368979640925804819 ) ) ;
#399 = CARTESIAN_POINT ( 'NONE',  ( 19.99998128600000058, 20.00360689721183505, 9.852502644214389704 ) ) ;
#400 = ORIENTED_EDGE ( 'NONE', *, *, #5090, .T. ) ;
#401 = ORIENTED_EDGE ( 'NONE', *, *, #95, .T. ) ;
#402 = AXIS2_PLACEMENT_3D ( 'NONE', #3012, #3317, #4678 ) ;
#403 = CARTESIAN_POINT ( 'NONE',  ( -39.25392683299999419, 10.00358370297554877, 10.24884929381295073 ) ) ;
#404 = CIRCLE ( 'NONE', #1637, 2.500000000000002220 ) ;
#405 = AXIS2_PLACEMENT_3D ( 'NONE', #1676, #3307, #3385 ) ;
#406 = CIRCLE ( 'NONE', #1203, 2.500000000000002220 ) ;
#407 = CARTESIAN_POINT ( 'NONE',  ( -69.25392683299999419, 10.00296376772080009, 19.99884927466488804 ) ) ;
#408 = ORIENTED_EDGE ( 'NONE', *, *, #3561, .T. ) ;
#409 = LINE ( 'NONE', #5436, #5282 ) ;
#410 = CIRCLE ( 'NONE', #1205, 2.500000046250006047 ) ;
#411 = VECTOR ( 'NONE', #657, 999.9999999999998863 ) ;
#412 = AXIS2_PLACEMENT_3D ( 'NONE', #2187, #3006, #3438 ) ;
#413 = EDGE_LOOP ( 'NONE', ( #1829, #3456, #3102, #4413 ) ) ;
#414 = AXIS2_PLACEMENT_3D ( 'NONE', #3750, #4865, #4065 ) ;
#415 = CIRCLE ( 'NONE', #2286, 2.500000046250006047 ) ;
#416 = CARTESIAN_POINT ( 'NONE',  ( -182.5000187135999852, 226.7048272378572733, -0.1343546704298814731 ) ) ;
#417 = VERTEX_POINT ( 'NONE', #4526 ) ;
#418 = CARTESIAN_POINT ( 'NONE',  ( 39.25388635400000936, 10.00439771465597438, -10.14813317739726628 ) ) ;
#419 = VECTOR ( 'NONE', #876, 999.9999999999998863 ) ;
#420 = CARTESIAN_POINT ( 'NONE',  ( -185.0000187136000136, 226.7037105424253696, 9.865645278795492246 ) ) ;
#421 = CIRCLE ( 'NONE', #3721, 2.500000000000002220 ) ;
#422 = VECTOR ( 'NONE', #5289, 999.9999999999998863 ) ;
#423 = DIRECTION ( 'NONE',  ( 1.000000000000000000, 0.000000000000000000, -5.551115020430141666E-15 ) ) ;
#424 = ORIENTED_EDGE ( 'NONE', *, *, #2855, .T. ) ;
#425 = EDGE_CURVE ( 'NONE', #3351, #926, #2419, .T. ) ;
#426 = CIRCLE ( 'NONE', #3537, 2.500000046250006047 ) ;
#427 = EDGE_CURVE ( 'NONE', #4968, #4540, #2367, .T. ) ;
#428 = FACE_BOUND ( 'NONE', #5102, .T. ) ;
#429 = EDGE_LOOP ( 'NONE', ( #4184, #3950, #5047, #1853 ) ) ;
#430 = ORIENTED_EDGE ( 'NONE', *, *, #5287, .F. ) ;
#431 = EDGE_CURVE ( 'NONE', #2884, #3573, #2375, .T. ) ;
#432 = EDGE_CURVE ( 'NONE', #281, #3719, #1154, .T. ) ;
#433 = EDGE_CURVE ( 'NONE', #1900, #3801, #1708, .T. ) ;
#434 = VECTOR ( 'NONE', #1899, 999.9999999999998863 ) ;
#435 = CARTESIAN_POINT ( 'NONE',  ( -80.00001871399997810, 20.00360689771122225, 9.852502644189604197 ) ) ;
#436 = CARTESIAN_POINT ( 'NONE',  ( 29.25388330100001255, 10.00450788341976782, -4.286150677568239864 ) ) ;
#437 = CALENDAR_DATE ( 2026, 12, 7 ) ;
#438 = CYLINDRICAL_SURFACE ( 'NONE', #3606, 2.500000046249998942 ) ;
#439 = ORIENTED_EDGE ( 'NONE', *, *, #225, .F. ) ;
#440 = CARTESIAN_POINT ( 'NONE',  ( 51.75388635400002357, 10.00487857957486604, -10.14813314680074186 ) ) ;
#441 = ORIENTED_EDGE ( 'NONE', *, *, #3159, .T. ) ;
#442 = DIRECTION ( 'NONE',  ( -2.237690279189335060E-12, 6.358310602959384129E-05, -0.9999999979785944015 ) ) ;
#443 = ORIENTED_EDGE ( 'NONE', *, *, #2601, .F. ) ;
#444 = DIRECTION ( 'NONE',  ( 5.684341886078310580E-15, -6.358310602959384129E-05, 0.9999999979785944015 ) ) ;
#445 = ORIENTED_EDGE ( 'NONE', *, *, #653, .F. ) ;
#446 = CARTESIAN_POINT ( 'NONE',  ( -11.31350584999998787, 10.00495480484372912, -11.31508357629559747 ) ) ;
#447 = DIRECTION ( 'NONE',  ( -1.000000000000000000, -1.137978600240784444E-13, 2.237446339314883771E-12 ) ) ;
#448 = ORIENTED_EDGE ( 'NONE', *, *, #762, .F. ) ;
#449 = CARTESIAN_POINT ( 'NONE',  ( -69.25392683299999419, 10.00450788346931397, -4.286150676569483231 ) ) ;
#450 = VERTEX_POINT ( 'NONE', #360 ) ;
#451 = DIRECTION ( 'NONE',  ( -5.773159728048290444E-15, 6.358310602959382773E-05, -0.9999999979785942905 ) ) ;
#452 = EDGE_CURVE ( 'NONE', #1133, #4984, #4578, .T. ) ;
#453 = DIRECTION ( 'NONE',  ( -1.000000000000000000, -1.137978600240784444E-13, 2.237446339314883771E-12 ) ) ;
#454 = ORIENTED_EDGE ( 'NONE', *, *, #521, .F. ) ;
#455 = AXIS2_PLACEMENT_3D ( 'NONE', #2602, #2661, #2216 ) ;
#456 = CARTESIAN_POINT ( 'NONE',  ( -20.00001871399997810, 10.00487857957486604, -10.14813314680074186 ) ) ;
#457 = ADVANCED_FACE ( 'NONE', ( #2527 ), #4625, .F. ) ;
#458 = CARTESIAN_POINT ( 'NONE',  ( -19.50002176599999260, 0.004896522471757591699, -10.39876880532838932 ) ) ;
#459 = APPLICATION_PROTOCOL_DEFINITION ( 'international standard', 'config_control_design', 1994, #4366 ) ;
#460 = CARTESIAN_POINT ( 'NONE',  ( -69.25392683299999419, 10.00358370297554877, 10.24884929381295073 ) ) ;
#461 = EDGE_LOOP ( 'NONE', ( #1266, #5302, #2891, #1484 ) ) ;
#462 = EDGE_CURVE ( 'NONE', #1558, #1338, #4494, .T. ) ;
#463 = LINE ( 'NONE', #909, #3899 ) ;
#464 = VERTEX_POINT ( 'NONE', #4650 ) ;
#465 = DIRECTION ( 'NONE',  ( -5.625450434769999568E-15, -0.04954705606199365231, -0.9987717903683451803 ) ) ;
#466 = ORIENTED_EDGE ( 'NONE', *, *, #3159, .F. ) ;
#467 = CARTESIAN_POINT ( 'NONE',  ( -26.75392683300001195, 10.00489650233323324, -10.39813297401637193 ) ) ;
#468 = CIRCLE ( 'NONE', #4288, 2.500000000000002220 ) ;
#469 = ORIENTED_EDGE ( 'NONE', *, *, #3831, .T. ) ;
#470 = CARTESIAN_POINT ( 'NONE',  ( 89.99997823399996832, 0.003583723213941569785, 10.24821346249599152 ) ) ;
#471 = ORIENTED_EDGE ( 'NONE', *, *, #1367, .T. ) ;
#472 = DIRECTION ( 'NONE',  ( 2.237515728249334980E-12, -6.358310602959382773E-05, 0.9999999979785942905 ) ) ;
#473 = CARTESIAN_POINT ( 'NONE',  ( -80.00001871399997810, 0.004878597565642628364, -10.14876897700497871 ) ) ;
#474 = AXIS2_PLACEMENT_3D ( 'NONE', #585, #4714, #1841 ) ;
#475 = ORIENTED_EDGE ( 'NONE', *, *, #2930, .F. ) ;
#476 = DIRECTION ( 'NONE',  ( 2.237515728249334980E-12, -6.358310602959382773E-05, 0.9999999979785942905 ) ) ;
#477 = ORIENTED_EDGE ( 'NONE', *, *, #3185, .F. ) ;
#478 = APPROVAL ( #4780, 'UNSPECIFIED' ) ;
#479 = CARTESIAN_POINT ( 'NONE',  ( -11.31395467999998772, 20.00351606320524667, 11.31296920687099927 ) ) ;
#480 = DIRECTION ( 'NONE',  ( 1.000000000000000000, 0.000000000000000000, -5.551115020430141666E-15 ) ) ;
#481 = LINE ( 'NONE', #3467, #2109 ) ;
#482 = CARTESIAN_POINT ( 'NONE',  ( 11.31391114800001141, 10.00495477629755747, -11.31463474662430713 ) ) ;
#483 = CARTESIAN_POINT ( 'NONE',  ( -19.50002176599999260, 0.004896522471757591699, -10.39876880532838932 ) ) ;
#484 = CARTESIAN_POINT ( 'NONE',  ( -36.75392683299999419, 10.00358370297554877, 10.24884929381295073 ) ) ;
#485 = EDGE_CURVE ( 'NONE', #4209, #1019, #826, .T. ) ;
#486 = CIRCLE ( 'NONE', #4473, 1.650000030520000216 ) ;
#487 = VERTEX_POINT ( 'NONE', #2055 ) ;
#488 = CARTESIAN_POINT ( 'NONE',  ( -185.0000187136000136, 196.7043464342024777, -0.1362621940032560097 ) ) ;
#489 = DIRECTION ( 'NONE',  ( -1.000000000000000000, -1.141977373231051890E-13, 5.665119647816642956E-15 ) ) ;
#490 = EDGE_LOOP ( 'NONE', ( #2483, #4837 ) ) ;
#491 = CARTESIAN_POINT ( 'NONE',  ( 174.9999812819999931, 238.4060183664111889, -0.1336106724829921877 ) ) ;
#492 = AXIS2_PLACEMENT_3D ( 'NONE', #4149, #1945, #5277 ) ;
#493 = CIRCLE ( 'NONE', #3263, 1.650000030520000216 ) ;
#494 = EDGE_CURVE ( 'NONE', #3508, #141, #329, .T. ) ;
#495 = ADVANCED_FACE ( 'NONE', ( #4275 ), #2556, .T. ) ;
#496 = CLOSED_SHELL ( 'NONE', ( #25, #1750, #1577, #1823, #4910, #5139, #3905, #2311, #247, #1446, #1415, #3932, #3753, #864, #1008, #1506, #2992, #2189, #3658, #2, #5315, #1852, #4265, #4164, #1856, #2095, #697, #391, #1655, #384, #977, #4856, #1609, #3052, #2920, #1743, #872, #3552, #5281, #4792, #2234, #2821, #531, #2332, #3794, #5416, #1613, #3517, #457, #1339, #4938, #3789, #1069, #1643, #4098, #617, #1407, #3228, #2400, #5310, #1713, #2048, #5106, #4104, #3094, #5229, #316, #2852, #4207, #2600, #123, #1745, #4336, #4193, #3838, #1922, #1231, #4032 ) ) ;
#497 = EDGE_CURVE ( 'NONE', #2040, #814, #5069, .T. ) ;
#498 = VERTEX_POINT ( 'NONE', #27 ) ;
#499 = DIRECTION ( 'NONE',  ( 1.000000000000000000, 0.000000000000000000, -5.782411586589357244E-15 ) ) ;
#500 = CARTESIAN_POINT ( 'NONE',  ( 184.9999812859999793, 238.4066541927292917, -10.13361065209672418 ) ) ;
#501 = ORIENTED_EDGE ( 'NONE', *, *, #2240, .T. ) ;
#502 = AXIS2_PLACEMENT_3D ( 'NONE', #111, #2647, #2703 ) ;
#503 = DIRECTION ( 'NONE',  ( 1.000000000000000000, 0.000000000000000000, -2.237793284010082363E-12 ) ) ;
#504 = LINE ( 'NONE', #2208, #4412 ) ;
#505 = VECTOR ( 'NONE', #2130, 1000.000000000000000 ) ;
#506 = ORIENTED_EDGE ( 'NONE', *, *, #1498, .T. ) ;
#507 = CARTESIAN_POINT ( 'NONE',  ( 142.4999812900000222, 0.003606935391455012851, 9.851230981694437006 ) ) ;
#508 = DIRECTION ( 'NONE',  ( 2.237515728249334980E-12, -6.358310602959382773E-05, 0.9999999979785942905 ) ) ;
#509 = ORIENTED_EDGE ( 'NONE', *, *, #337, .T. ) ;
#510 = VERTEX_POINT ( 'NONE', #4966 ) ;
#511 = DIRECTION ( 'NONE',  ( -5.773159728048290444E-15, 6.358310602959382773E-05, -0.9999999979785942905 ) ) ;
#512 = VECTOR ( 'NONE', #1710, 999.9999999999998863 ) ;
#513 = FACE_OUTER_BOUND ( 'NONE', #4198, .T. ) ;
#514 = DIRECTION ( 'NONE',  ( 1.000000000000000000, 1.137978600240784444E-13, -2.237446339314883771E-12 ) ) ;
#515 = COORDINATED_UNIVERSAL_TIME_OFFSET ( 3, 30, .AHEAD. ) ;
#516 = DIRECTION ( 'NONE',  ( 1.000000000000000000, 0.000000000000000000, -5.551115020430157443E-15 ) ) ;
#517 = CARTESIAN_POINT ( 'NONE',  ( -185.0000187136000136, 206.7046723129892314, 9.864373678343390850 ) ) ;
#518 = AXIS2_PLACEMENT_3D ( 'NONE', #3533, #1492, #4834 ) ;
#519 = ORIENTED_EDGE ( 'NONE', *, *, #2641, .F. ) ;
#520 = CARTESIAN_POINT ( 'NONE',  ( 36.75388330100001610, 10.00358370297554877, 10.24884929381295073 ) ) ;
#521 = EDGE_CURVE ( 'NONE', #2045, #4774, #4199, .T. ) ;
#522 = ORIENTED_EDGE ( 'NONE', *, *, #595, .F. ) ;
#523 = LINE ( 'NONE', #3923, #1941 ) ;
#524 = ORIENTED_EDGE ( 'NONE', *, *, #1159, .T. ) ;
#525 = CYLINDRICAL_SURFACE ( 'NONE', #1828, 2.500000000000002220 ) ;
#526 = FACE_OUTER_BOUND ( 'NONE', #4451, .T. ) ;
#527 = EDGE_CURVE ( 'NONE', #1900, #5286, #844, .T. ) ;
#528 = DIRECTION ( 'NONE',  ( 1.000000000000000000, 1.092891862105085948E-13, -5.421616317522051228E-15 ) ) ;
#529 = EDGE_LOOP ( 'NONE', ( #2872, #3284, #2133, #109 ) ) ;
#530 = DIRECTION ( 'NONE',  ( -5.773159728048290444E-15, 6.358310602959382773E-05, -0.9999999979785942905 ) ) ;
#531 = ADVANCED_FACE ( 'NONE', ( #1242 ), #3417, .F. ) ;
#532 = FACE_OUTER_BOUND ( 'NONE', #4253, .T. ) ;
#533 = ORIENTED_EDGE ( 'NONE', *, *, #2165, .T. ) ;
#534 = LINE ( 'NONE', #954, #2434 ) ;
#535 = VERTEX_POINT ( 'NONE', #887 ) ;
#536 = EDGE_LOOP ( 'NONE', ( #4611, #1476, #89, #2728 ) ) ;
#537 = DIRECTION ( 'NONE',  ( -5.757620729482780718E-15, 6.358310602959382773E-05, -0.9999999979785942905 ) ) ;
#538 = FACE_OUTER_BOUND ( 'NONE', #2751, .T. ) ;
#539 = DIRECTION ( 'NONE',  ( 1.000000000000000000, 1.139704744589884774E-13, 7.250291190691396319E-18 ) ) ;
#540 = FACE_OUTER_BOUND ( 'NONE', #2395, .T. ) ;
#541 = VECTOR ( 'NONE', #4053, 999.9999999999998863 ) ;
#542 = CALENDAR_DATE ( 2026, 12, 7 ) ;
#543 = DIRECTION ( 'NONE',  ( 5.684341886078310580E-15, -6.358310602959384129E-05, 0.9999999979785944015 ) ) ;
#544 = VERTEX_POINT ( 'NONE', #2088 ) ;
#545 = DIRECTION ( 'NONE',  ( -1.139704650099660056E-13, 0.9999999979785942905, 6.358310602959382773E-05 ) ) ;
#546 = VECTOR ( 'NONE', #3883, 999.9999999999998863 ) ;
#547 = ORIENTED_EDGE ( 'NONE', *, *, #2642, .F. ) ;
#548 = DIRECTION ( 'NONE',  ( -1.136868377219662335E-13, 0.9999999979785944015, 6.358310602959384129E-05 ) ) ;
#549 = EDGE_CURVE ( 'NONE', #741, #3279, #2451, .T. ) ;
#550 = ORIENTED_EDGE ( 'NONE', *, *, #2506, .T. ) ;
#551 = DIRECTION ( 'NONE',  ( 0.9999999815015170324, -0.0001923459528151174572, -1.222995893068608574E-08 ) ) ;
#552 = DIRECTION ( 'NONE',  ( 1.000000000000000000, 0.000000000000000000, -2.237099394619688409E-12 ) ) ;
#553 = EDGE_LOOP ( 'NONE', ( #4763, #1543, #4860, #4510 ) ) ;
#554 = CARTESIAN_POINT ( 'NONE',  ( -2.176600000236561527E-05, 0.005357691885227167106, -17.65178648108309289 ) ) ;
#555 = EDGE_CURVE ( 'NONE', #4529, #1302, #751, .T. ) ;
#556 = CARTESIAN_POINT ( 'NONE',  ( -182.5000187135999852, 226.7054630691692694, -10.13435465029133198 ) ) ;
#557 = DIRECTION ( 'NONE',  ( 5.773159728048290444E-15, -6.358310602959382773E-05, 0.9999999979785942905 ) ) ;
#558 = CARTESIAN_POINT ( 'NONE',  ( 11.31346231799998314, 10.00351605484714845, 11.31278220622905550 ) ) ;
#559 = ORIENTED_EDGE ( 'NONE', *, *, #2806, .T. ) ;
#560 = VERTEX_POINT ( 'NONE', #4604 ) ;
#561 = EDGE_CURVE ( 'NONE', #1724, #4229, #3371, .T. ) ;
#562 = VECTOR ( 'NONE', #1082, 999.9999999999998863 ) ;
#563 = DIRECTION ( 'NONE',  ( 1.000000000000000000, 1.137978600240784444E-13, -2.237446339314883771E-12 ) ) ;
#564 = FACE_BOUND ( 'NONE', #1124, .T. ) ;
#565 = CARTESIAN_POINT ( 'NONE',  ( -145.0000187082999901, 20.00424272582716512, -0.1474973355133080144 ) ) ;
#566 = DIRECTION ( 'NONE',  ( 5.684341886078310580E-15, -6.358310602959384129E-05, 0.9999999979785944015 ) ) ;
#567 = FACE_BOUND ( 'NONE', #4388, .T. ) ;
#568 = CARTESIAN_POINT ( 'NONE',  ( 26.75388635400000226, 10.00424274856249340, -0.1481331669541396945 ) ) ;
#569 = DIRECTION ( 'NONE',  ( -1.136868377219662335E-13, 0.9999999979785944015, 6.358310602959384129E-05 ) ) ;
#570 = ORIENTED_EDGE ( 'NONE', *, *, #55, .T. ) ;
#571 = CYLINDRICAL_SURFACE ( 'NONE', #2561, 2.500000046250013153 ) ;
#572 = ORIENTED_EDGE ( 'NONE', *, *, #4918, .T. ) ;
#573 = CARTESIAN_POINT ( 'NONE',  ( 49.25388330199997711, 10.00296376767125395, 19.99884927366613141 ) ) ;
#574 = PLANE ( 'NONE',  #5351 ) ;
#575 = AXIS2_PLACEMENT_3D ( 'NONE', #2352, #3816, #1277 ) ;
#576 = CARTESIAN_POINT ( 'NONE',  ( 59.25388330199999132, 10.00296376767125395, 19.99884927366613141 ) ) ;
#577 = AXIS2_PLACEMENT_3D ( 'NONE', #2895, #4138, #2868 ) ;
#578 = DIRECTION ( 'NONE',  ( 1.000000000000000000, 0.000000000000000000, -5.551115020430141666E-15 ) ) ;
#579 = AXIS2_PLACEMENT_3D ( 'NONE', #5079, #4227, #3865 ) ;
#580 = CIRCLE ( 'NONE', #3968, 2.500000000000002220 ) ;
#581 = CARTESIAN_POINT ( 'NONE',  ( 59.25388635399997384, 10.00472361338150584, -0.1481331363527016443 ) ) ;
#582 = DIRECTION ( 'NONE',  ( 5.684341886078310580E-15, -6.358310602959384129E-05, 0.9999999979785944015 ) ) ;
#583 = AXIS2_PLACEMENT_3D ( 'NONE', #4382, #5188, #3118 ) ;
#584 = CIRCLE ( 'NONE', #2461, 2.500000000000002220 ) ;
#585 = CARTESIAN_POINT ( 'NONE',  ( 29.25388330100001255, 10.00450788341976782, -4.286150677568239864 ) ) ;
#586 = EDGE_CURVE ( 'NONE', #655, #3922, #846, .T. ) ;
#587 = ORIENTED_EDGE ( 'NONE', *, *, #660, .F. ) ;
#588 = AXIS2_PLACEMENT_3D ( 'NONE', #3395, #860, #1627 ) ;
#589 = ORIENTED_EDGE ( 'NONE', *, *, #1737, .F. ) ;
#590 = AXIS2_PLACEMENT_3D ( 'NONE', #398, #810, #2569 ) ;
#591 = ADVANCED_FACE ( 'NONE', ( #4996 ), #799, .F. ) ;
#592 = LINE ( 'NONE', #4380, #1838 ) ;
#593 = EDGE_CURVE ( 'NONE', #544, #3223, #3555, .T. ) ;
#594 = CARTESIAN_POINT ( 'NONE',  ( 184.9999812859999793, 216.7037105676072883, 9.865009448234513201 ) ) ;
#595 = EDGE_CURVE ( 'NONE', #5330, #238, #2253, .T. ) ;
#596 = CIRCLE ( 'NONE', #3362, 2.500000046250006047 ) ;
#597 = PERSON_AND_ORGANIZATION ( #2905, #2289 ) ;
#598 = CARTESIAN_POINT ( 'NONE',  ( -46.75392378099999036, 10.00360691745023978, 9.851866812897430492 ) ) ;
#599 = CARTESIAN_POINT ( 'NONE',  ( -69.25392683299999419, 10.00489650223335403, -10.39813297401140346 ) ) ;
#600 = EDGE_CURVE ( 'NONE', #1758, #1624, #3599, .T. ) ;
#601 = AXIS2_PLACEMENT_3D ( 'NONE', #3956, #1028, #1913 ) ;
#602 = ORIENTED_EDGE ( 'NONE', *, *, #1954, .T. ) ;
#603 = CARTESIAN_POINT ( 'NONE',  ( -145.0000187095999991, 50.00487849623459624, -10.14558982241575791 ) ) ;
#604 = ORIENTED_EDGE ( 'NONE', *, *, #357, .T. ) ;
#605 = CIRCLE ( 'NONE', #1846, 2.500000000000002220 ) ;
#606 = CARTESIAN_POINT ( 'NONE',  ( 39.25388635400000936, 10.00472361338150584, -0.1481331363527016443 ) ) ;
#607 = ORIENTED_EDGE ( 'NONE', *, *, #1608, .T. ) ;
#608 = CARTESIAN_POINT ( 'NONE',  ( -185.0000187136000136, 216.7059439544264308, -10.13499045101679030 ) ) ;
#609 = AXIS2_PLACEMENT_3D ( 'NONE', #3143, #2693, #2772 ) ;
#610 = DIRECTION ( 'NONE',  ( 5.684341886078310580E-15, -6.358310602959384129E-05, 0.9999999979785944015 ) ) ;
#611 = DIRECTION ( 'NONE',  ( -2.237690279189335060E-12, 6.358310602959384129E-05, -0.9999999979785944015 ) ) ;
#612 = CARTESIAN_POINT ( 'NONE',  ( -185.0000187136000136, 226.7059439342879159, -10.13435461970477114 ) ) ;
#613 = DIRECTION ( 'NONE',  ( 1.000000000000000000, 0.000000000000000000, -2.237099394619688409E-12 ) ) ;
#614 = DIRECTION ( 'NONE',  ( 1.000000000000000000, 0.000000000000000000, -2.237099394619688409E-12 ) ) ;
#615 = EDGE_LOOP ( 'NONE', ( #3287, #1507, #4951, #3053 ) ) ;
#616 = ORIENTED_EDGE ( 'NONE', *, *, #2300, .T. ) ;
#617 = ADVANCED_FACE ( 'NONE', ( #1349 ), #3981, .F. ) ;
#618 = DIRECTION ( 'NONE',  ( 1.000000000000000000, 0.000000000000000000, -5.551115020430141666E-15 ) ) ;
#619 = CYLINDRICAL_SURFACE ( 'NONE', #3147, 2.500000000000002220 ) ;
#620 = CARTESIAN_POINT ( 'NONE',  ( -142.5000187105000009, 0.004878597565642628364, -10.14876897700497871 ) ) ;
#621 = CIRCLE ( 'NONE', #1325, 2.500000000000002220 ) ;
#622 = ADVANCED_FACE ( 'NONE', ( #3066 ), #1767, .F. ) ;
#623 = VERTEX_POINT ( 'NONE', #5161 ) ;
#624 = DIRECTION ( 'NONE',  ( -5.773159728048290444E-15, 6.358310602959382773E-05, -0.9999999979785942905 ) ) ;
#625 = EDGE_CURVE ( 'NONE', #2804, #814, #1340, .T. ) ;
#626 = VERTEX_POINT ( 'NONE', #2636 ) ;
#627 = CARTESIAN_POINT ( 'NONE',  ( -207.7000187142297136, 40.73093501732751776, -10.14617948818374771 ) ) ;
#628 = AXIS2_PLACEMENT_3D ( 'NONE', #458, #3117, #4720 ) ;
#629 = ORIENTED_EDGE ( 'NONE', *, *, #212, .T. ) ;
#630 = DIRECTION ( 'NONE',  ( -1.139704650099660056E-13, 0.9999999979785942905, 6.358310602959382773E-05 ) ) ;
#631 = CARTESIAN_POINT ( 'NONE',  ( -18.50838483800001910, 10.00296376772080009, 19.99884927466488804 ) ) ;
#632 = DIRECTION ( 'NONE',  ( -1.368051626841710102E-13, 0.9999999979785944015, 6.358310605241584978E-05 ) ) ;
#633 = VECTOR ( 'NONE', #5350, 999.9999999999998863 ) ;
#634 = CARTESIAN_POINT ( 'NONE',  ( 69.25388330199999132, 10.00296376767125395, 19.99884927366613141 ) ) ;
#635 = DIRECTION ( 'NONE',  ( 1.000000000000000000, 1.137978600240784444E-13, -2.237446339314883771E-12 ) ) ;
#636 = ORIENTED_EDGE ( 'NONE', *, *, #4755, .F. ) ;
#637 = VECTOR ( 'NONE', #4779, 999.9999999999998863 ) ;
#638 = ORIENTED_EDGE ( 'NONE', *, *, #595, .T. ) ;
#639 = CYLINDRICAL_SURFACE ( 'NONE', #957, 2.500000046250013153 ) ;
#640 = CARTESIAN_POINT ( 'NONE',  ( 66.75388330100001610, 10.00550709197007038, -20.00115064473145665 ) ) ;
#641 = FACE_BOUND ( 'NONE', #2025, .T. ) ;
#642 = EDGE_CURVE ( 'NONE', #1417, #3675, #4331, .T. ) ;
#643 = PLANE ( 'NONE',  #4250 ) ;
#644 = EDGE_CURVE ( 'NONE', #1985, #3251, #719, .T. ) ;
#645 = ORIENTED_EDGE ( 'NONE', *, *, #725, .T. ) ;
#646 = DIRECTION ( 'NONE',  ( -5.773159728048290444E-15, 6.358310602959382773E-05, -0.9999999979785942905 ) ) ;
#647 = DIRECTION ( 'NONE',  ( -5.773159728048290444E-15, 6.358310602959382773E-05, -0.9999999979785942905 ) ) ;
#648 = CARTESIAN_POINT ( 'NONE',  ( 29.25388330100001255, 10.00489650233323324, -10.39813297401637193 ) ) ;
#649 = AXIS2_PLACEMENT_3D ( 'NONE', #350, #2046, #972 ) ;
#650 = CARTESIAN_POINT ( 'NONE',  ( 182.4999812859999793, 166.7048273637813338, -0.1381696565521395303 ) ) ;
#651 = ORIENTED_EDGE ( 'NONE', *, *, #1443, .T. ) ;
#652 = VERTEX_POINT ( 'NONE', #520 ) ;
#653 = EDGE_CURVE ( 'NONE', #238, #831, #4867, .T. ) ;
#654 = CARTESIAN_POINT ( 'NONE',  ( -59.25392683300001551, 10.00450788346931397, -4.286150676569483231 ) ) ;
#655 = VERTEX_POINT ( 'NONE', #4728 ) ;
#656 = VERTEX_POINT ( 'NONE', #5218 ) ;
#657 = DIRECTION ( 'NONE',  ( 5.684341886078310580E-15, -6.358310602959384129E-05, 0.9999999979785944015 ) ) ;
#658 = CARTESIAN_POINT ( 'NONE',  ( -140.0000187136000136, 20.00487855713917185, -10.14749731537478716 ) ) ;
#659 = CARTESIAN_POINT ( 'NONE',  ( -49.25392683300000840, 10.00296376772080009, 19.99884927466488804 ) ) ;
#660 = EDGE_CURVE ( 'NONE', #3573, #3270, #3920, .T. ) ;
#661 = EDGE_CURVE ( 'NONE', #5286, #1900, #2236, .T. ) ;
#662 = CARTESIAN_POINT ( 'NONE',  ( -39.25392378100001167, 10.00408778236913321, 9.851866843493928272 ) ) ;
#663 = EDGE_CURVE ( 'NONE', #3793, #2517, #1435, .T. ) ;
#664 = AXIS2_PLACEMENT_3D ( 'NONE', #1265, #4249, #465 ) ;
#665 = AXIS2_PLACEMENT_3D ( 'NONE', #737, #3717, #4491 ) ;
#666 = AXIS2_PLACEMENT_3D ( 'NONE', #4458, #646, #5293 ) ;
#667 = DIRECTION ( 'NONE',  ( -5.773159728826530126E-15, 6.358310602959382773E-05, -0.9999999979785942905 ) ) ;
#668 = CYLINDRICAL_SURFACE ( 'NONE', #3885, 2.500000000000002220 ) ;
#669 = AXIS2_PLACEMENT_3D ( 'NONE', #3494, #1289, #5099 ) ;
#670 = VERTEX_POINT ( 'NONE', #1792 ) ;
#671 = EDGE_LOOP ( 'NONE', ( #1035, #2951, #1601, #2534 ) ) ;
#672 = CYLINDRICAL_SURFACE ( 'NONE', #3618, 2.500000046250013153 ) ;
#673 = CIRCLE ( 'NONE', #4489, 2.500000046249998942 ) ;
#674 = VECTOR ( 'NONE', #2143, 1000.000000000000000 ) ;
#675 = CARTESIAN_POINT ( 'NONE',  ( -90.00002176600000325, 0.003583723263492211153, 10.24821346349477658 ) ) ;
#676 = ORIENTED_EDGE ( 'NONE', *, *, #5227, .T. ) ;
#677 = FACE_BOUND ( 'NONE', #4357, .T. ) ;
#678 = ORIENTED_EDGE ( 'NONE', *, *, #2679, .T. ) ;
#679 = CIRCLE ( 'NONE', #2734, 2.500000000000002220 ) ;
#680 = DIRECTION ( 'NONE',  ( -2.237690279189335060E-12, 6.358310602959384129E-05, -0.9999999979785944015 ) ) ;
#681 = CARTESIAN_POINT ( 'NONE',  ( 31.75388330100001255, 10.00489650233323324, -10.39813297401637193 ) ) ;
#682 = CARTESIAN_POINT ( 'NONE',  ( 56.75388330199998421, 10.00296376767125395, 19.99884927366613141 ) ) ;
#683 = VERTEX_POINT ( 'NONE', #3497 ) ;
#684 = ORIENTED_EDGE ( 'NONE', *, *, #3831, .F. ) ;
#685 = VECTOR ( 'NONE', #3384, 999.9999999999998863 ) ;
#686 = EDGE_CURVE ( 'NONE', #120, #544, #912, .T. ) ;
#687 = VERTEX_POINT ( 'NONE', #2610 ) ;
#688 = ORIENTED_EDGE ( 'NONE', *, *, #4069, .T. ) ;
#689 = DIRECTION ( 'NONE',  ( 1.000000000000000000, 1.135455345091426822E-13, 7.251115247674517154E-18 ) ) ;
#690 = LINE ( 'NONE', #4887, #3880 ) ;
#691 = AXIS2_PLACEMENT_3D ( 'NONE', #4303, #862, #3450 ) ;
#692 = DIRECTION ( 'NONE',  ( 1.000000000000000000, 2.834449994360237887E-15, -5.772979516591107471E-15 ) ) ;
#693 = CIRCLE ( 'NONE', #518, 2.500000046249998942 ) ;
#694 = EDGE_CURVE ( 'NONE', #3340, #1075, #4758, .T. ) ;
#695 = CARTESIAN_POINT ( 'NONE',  ( -41.75392378100001167, 10.00487857957486604, -10.14813314680074186 ) ) ;
#696 = FACE_OUTER_BOUND ( 'NONE', #134, .T. ) ;
#697 = ADVANCED_FACE ( 'NONE', ( #968 ), #5103, .F. ) ;
#698 = ORIENTED_EDGE ( 'NONE', *, *, #3729, .T. ) ;
#699 = ORIENTED_EDGE ( 'NONE', *, *, #3818, .F. ) ;
#700 = DIRECTION ( 'NONE',  ( -5.773159728048290444E-15, 6.358310602959382773E-05, -0.9999999979785942905 ) ) ;
#701 = DIRECTION ( 'NONE',  ( -1.108446667789670025E-13, 0.9999999979785944015, 6.358310602959384129E-05 ) ) ;
#702 = ORIENTED_EDGE ( 'NONE', *, *, #653, .T. ) ;
#703 = CARTESIAN_POINT ( 'NONE',  ( -145.0000187095999991, 50.00487849623459624, -10.14558982241575791 ) ) ;
#704 = LINE ( 'NONE', #4931, #1439 ) ;
#705 = ORIENTED_EDGE ( 'NONE', *, *, #1777, .F. ) ;
#706 = CARTESIAN_POINT ( 'NONE',  ( 187.4999812859999793, 196.7054631346282463, -10.13626214347637600 ) ) ;
#707 = CARTESIAN_POINT ( 'NONE',  ( 49.25388330100000189, 10.00450788341976782, -4.286150677568239864 ) ) ;
#708 = LINE ( 'NONE', #325, #2908 ) ;
#709 = VERTEX_POINT ( 'NONE', #4300 ) ;
#710 = ORIENTED_EDGE ( 'NONE', *, *, #4224, .T. ) ;
#711 = LINE ( 'NONE', #2786, #1382 ) ;
#712 = CIRCLE ( 'NONE', #2467, 27.25047295369999745 ) ;
#713 = ORIENTED_EDGE ( 'NONE', *, *, #55, .F. ) ;
#714 = ORIENTED_EDGE ( 'NONE', *, *, #5382, .F. ) ;
#715 = CARTESIAN_POINT ( 'NONE',  ( 187.4999812859999793, 196.7041914720042257, 9.863737816246581858 ) ) ;
#716 = CARTESIAN_POINT ( 'NONE',  ( 66.75388635399997384, 10.00360691745023978, 9.851866812897430492 ) ) ;
#717 = DIRECTION ( 'NONE',  ( 1.000000000000000000, 1.137978600240784444E-13, -2.237446339314883771E-12 ) ) ;
#718 = DIRECTION ( 'NONE',  ( -0.9999999815015164772, -1.223006732169785830E-08, 0.0001923459551034015756 ) ) ;
#719 = CIRCLE ( 'NONE', #2148, 50.00000000000000000 ) ;
#720 = EDGE_CURVE ( 'NONE', #264, #4222, #4272, .T. ) ;
#721 = CIRCLE ( 'NONE', #194, 2.500000046250006047 ) ;
#722 = CARTESIAN_POINT ( 'NONE',  ( -29.25392683300001551, 10.00450788346931397, -4.286150676569483231 ) ) ;
#723 = EDGE_LOOP ( 'NONE', ( #5140, #3219, #3718, #5241 ) ) ;
#724 = ORIENTED_EDGE ( 'NONE', *, *, #720, .T. ) ;
#725 = EDGE_CURVE ( 'NONE', #2198, #3425, #4832, .T. ) ;
#726 = CARTESIAN_POINT ( 'NONE',  ( -56.75392683300001551, 10.00450788346931397, -4.286150676569483231 ) ) ;
#727 = DIRECTION ( 'NONE',  ( -2.229106397689999106E-12, -0.04954705606199365231, -0.9987717903683451803 ) ) ;
#728 = ORIENTED_EDGE ( 'NONE', *, *, #4232, .T. ) ;
#729 = EDGE_CURVE ( 'NONE', #1724, #48, #1963, .T. ) ;
#730 = LINE ( 'NONE', #1505, #4679 ) ;
#731 = CIRCLE ( 'NONE', #4115, 2.500000000000002220 ) ;
#732 = EDGE_CURVE ( 'NONE', #4774, #3745, #3393, .T. ) ;
#733 = CARTESIAN_POINT ( 'NONE',  ( -19.50002176599999260, 0.004240122842849580742, -0.07527767141618513236 ) ) ;
#734 = ORIENTED_EDGE ( 'NONE', *, *, #2742, .T. ) ;
#735 = DIRECTION ( 'NONE',  ( 2.237515728248475083E-12, -6.358310602959382773E-05, 0.9999999979785942905 ) ) ;
#736 = DIRECTION ( 'NONE',  ( -5.773159728048290444E-15, 6.358310602959382773E-05, -0.9999999979785942905 ) ) ;
#737 = CARTESIAN_POINT ( 'NONE',  ( 39.25388330100002321, 10.00450788341976782, -4.286150677568239864 ) ) ;
#738 = ORIENTED_EDGE ( 'NONE', *, *, #167, .T. ) ;
#739 = ORIENTED_EDGE ( 'NONE', *, *, #2747, .F. ) ;
#740 = ORIENTED_EDGE ( 'NONE', *, *, #1063, .T. ) ;
#741 = VERTEX_POINT ( 'NONE', #1094 ) ;
#742 = CARTESIAN_POINT ( 'NONE',  ( -182.5000187135999852, 206.7054631094958665, -10.13562631191661190 ) ) ;
#743 = DIRECTION ( 'NONE',  ( -5.774037718171130773E-15, 6.358310602959382773E-05, -0.9999999979785942905 ) ) ;
#744 = LINE ( 'NONE', #1132, #3964 ) ;
#745 = VERTEX_POINT ( 'NONE', #1536 ) ;
#746 = DIRECTION ( 'NONE',  ( 1.000000000000000000, 0.000000000000000000, -2.237793284010079132E-12 ) ) ;
#747 = CARTESIAN_POINT ( 'NONE',  ( -49.25392378099999036, 10.00376188364359997, -0.1481331975506094967 ) ) ;
#748 = FACE_OUTER_BOUND ( 'NONE', #2888, .T. ) ;
#749 = EDGE_LOOP ( 'NONE', ( #4641, #1652, #3625, #3894 ) ) ;
#750 = ORIENTED_EDGE ( 'NONE', *, *, #3383, .T. ) ;
#751 = CIRCLE ( 'NONE', #4305, 2.500000046249998942 ) ;
#752 = FACE_OUTER_BOUND ( 'NONE', #2611, .T. ) ;
#753 = ADVANCED_FACE ( 'NONE', ( #3684 ), #5294, .T. ) ;
#754 = DIRECTION ( 'NONE',  ( 1.000000000000000000, 0.000000000000000000, -2.237793284010079132E-12 ) ) ;
#755 = ORIENTED_EDGE ( 'NONE', *, *, #1675, .F. ) ;
#756 = EDGE_CURVE ( 'NONE', #4540, #836, #4029, .T. ) ;
#757 = CIRCLE ( 'NONE', #3870, 2.500000000000002220 ) ;
#758 = AXIS2_PLACEMENT_3D ( 'NONE', #101, #3470, #5464 ) ;
#759 = VECTOR ( 'NONE', #5394, 999.9999999999998863 ) ;
#760 = LINE ( 'NONE', #3765, #4126 ) ;
#761 = CIRCLE ( 'NONE', #2817, 2.500000046249998942 ) ;
#762 = EDGE_CURVE ( 'NONE', #3786, #884, #4447, .T. ) ;
#763 = VERTEX_POINT ( 'NONE', #4902 ) ;
#764 = CARTESIAN_POINT ( 'NONE',  ( 61.75388330199999132, 10.00296376767125395, 19.99884927366613141 ) ) ;
#765 = DIRECTION ( 'NONE',  ( 1.000000000000000000, 0.000000000000000000, -2.237793284010079132E-12 ) ) ;
#766 = CIRCLE ( 'NONE', #3787, 27.25000000009999823 ) ;
#767 = LINE ( 'NONE', #1996, #4403 ) ;
#768 = ORIENTED_EDGE ( 'NONE', *, *, #5012, .F. ) ;
#769 = ORIENTED_EDGE ( 'NONE', *, *, #893, .F. ) ;
#770 = EDGE_CURVE ( 'NONE', #1156, #5093, #2411, .T. ) ;
#771 = CIRCLE ( 'NONE', #5357, 1.650000030520000216 ) ;
#772 = ORIENTED_EDGE ( 'NONE', *, *, #4627, .F. ) ;
#773 = EDGE_LOOP ( 'NONE', ( #4757, #1590 ) ) ;
#774 = DIRECTION ( 'NONE',  ( 2.237515728248475083E-12, -6.358310602959382773E-05, 0.9999999979785942905 ) ) ;
#775 = CARTESIAN_POINT ( 'NONE',  ( 69.25388330100001610, 10.00489650228368532, -10.39813297501515699 ) ) ;
#776 = ORIENTED_EDGE ( 'NONE', *, *, #2199, .T. ) ;
#777 = AXIS2_PLACEMENT_3D ( 'NONE', #3116, #3163, #3597 ) ;
#778 = FACE_OUTER_BOUND ( 'NONE', #2102, .T. ) ;
#779 = PRODUCT_DEFINITION_SHAPE ( 'NONE', 'NONE',  #2458 ) ;
#780 = VERTEX_POINT ( 'NONE', #706 ) ;
#781 = AXIS2_PLACEMENT_3D ( 'NONE', #5205, #1106, #3131 ) ;
#782 = DIRECTION ( 'NONE',  ( -1.368051626841710102E-13, 0.9999999979785944015, 6.358310605241584978E-05 ) ) ;
#783 = EDGE_LOOP ( 'NONE', ( #3635, #4239, #3665, #1425 ) ) ;
#784 = ORIENTED_EDGE ( 'NONE', *, *, #265, .F. ) ;
#785 = CIRCLE ( 'NONE', #2936, 2.500000000000002220 ) ;
#786 = FACE_OUTER_BOUND ( 'NONE', #1653, .T. ) ;
#787 = CARTESIAN_POINT ( 'NONE',  ( -29.25392683300001551, 10.00450788346931397, -4.286150676569483231 ) ) ;
#788 = EDGE_LOOP ( 'NONE', ( #61, #2402 ) ) ;
#789 = EDGE_CURVE ( 'NONE', #670, #35, #4017, .T. ) ;
#790 = CARTESIAN_POINT ( 'NONE',  ( -187.5000187136000136, 176.7054631709597174, -10.13753380490339850 ) ) ;
#791 = EDGE_LOOP ( 'NONE', ( #1748, #2010, #1102, #1768 ) ) ;
#792 = CARTESIAN_POINT ( 'NONE',  ( 39.25388330100002321, 10.00489650233323324, -10.39813297401637193 ) ) ;
#793 = ORIENTED_EDGE ( 'NONE', *, *, #1541, .T. ) ;
#794 = ORIENTED_EDGE ( 'NONE', *, *, #4394, .T. ) ;
#795 = ADVANCED_FACE ( 'NONE', ( #1993, #4877, #2335, #5349, #5270, #240, #292, #1486, #2838, #2800, #267, #2388, #2775 ), #3201, .F. ) ;
#796 = EDGE_CURVE ( 'NONE', #3922, #2964, #4083, .T. ) ;
#797 = ORIENTED_EDGE ( 'NONE', *, *, #2767, .T. ) ;
#798 = EDGE_LOOP ( 'NONE', ( #4020, #1097, #2622, #2490 ) ) ;
#799 = CYLINDRICAL_SURFACE ( 'NONE', #1282, 2.500000046250013153 ) ;
#800 = CARTESIAN_POINT ( 'NONE',  ( 17.64997823400002375, 20.00423540965736890, -0.0005148547200795050571 ) ) ;
#801 = CARTESIAN_POINT ( 'NONE',  ( -66.75392683299999419, 10.00450788346931397, -4.286150676569483231 ) ) ;
#802 = EDGE_LOOP ( 'NONE', ( #5077, #1668, #3844, #2324 ) ) ;
#803 = DIRECTION ( 'NONE',  ( -1.000000000000000000, -1.113423955625158097E-13, 5.766080244366670088E-15 ) ) ;
#804 = AXIS2_PLACEMENT_3D ( 'NONE', #2519, #5380, #322 ) ;
#805 = VERTEX_POINT ( 'NONE', #5322 ) ;
#806 = DIRECTION ( 'NONE',  ( 1.000000000000000000, 0.000000000000000000, -5.551115020430141666E-15 ) ) ;
#807 = ORIENTED_EDGE ( 'NONE', *, *, #4465, .T. ) ;
#808 = EDGE_LOOP ( 'NONE', ( #2144, #5387 ) ) ;
#809 = EDGE_CURVE ( 'NONE', #1512, #2598, #3742, .T. ) ;
#810 = DIRECTION ( 'NONE',  ( -5.762891036048230347E-15, 6.358310602959382773E-05, -0.9999999979785942905 ) ) ;
#811 = CIRCLE ( 'NONE', #455, 2.500000046249998942 ) ;
#812 = DIRECTION ( 'NONE',  ( -5.773159728048290444E-15, 6.358310602959382773E-05, -0.9999999979785942905 ) ) ;
#813 = ORIENTED_EDGE ( 'NONE', *, *, #1311, .F. ) ;
#814 = VERTEX_POINT ( 'NONE', #2355 ) ;
#815 = AXIS2_PLACEMENT_3D ( 'NONE', #2894, #4568, #2469 ) ;
#816 = DIRECTION ( 'NONE',  ( 5.684341886078310580E-15, -6.358310602959384129E-05, 0.9999999979785944015 ) ) ;
#817 = DIRECTION ( 'NONE',  ( 1.000000000000000000, 0.000000000000000000, -5.551115020430141666E-15 ) ) ;
#818 = EDGE_CURVE ( 'NONE', #1188, #4968, #4933, .T. ) ;
#819 = COORDINATED_UNIVERSAL_TIME_OFFSET ( 3, 30, .AHEAD. ) ;
#820 = DIRECTION ( 'NONE',  ( -5.773159728048290444E-15, 6.358310602959382773E-05, -0.9999999979785942905 ) ) ;
#821 = ORIENTED_EDGE ( 'NONE', *, *, #3292, .F. ) ;
#822 = CIRCLE ( 'NONE', #3666, 2.500000046249998942 ) ;
#823 = DIRECTION ( 'NONE',  ( -5.773159722782340190E-15, 6.358310602959382773E-05, -0.9999999979785942905 ) ) ;
#824 = ORIENTED_EDGE ( 'NONE', *, *, #5194, .F. ) ;
#825 = CARTESIAN_POINT ( 'NONE',  ( 89.99997823399996832, 0.003273755611744866290, 15.12321345242009762 ) ) ;
#826 = LINE ( 'NONE', #1217, #5182 ) ;
#827 = EDGE_CURVE ( 'NONE', #2466, #3050, #1936, .T. ) ;
#828 = ORIENTED_EDGE ( 'NONE', *, *, #2673, .T. ) ;
#829 = DIRECTION ( 'NONE',  ( 1.000000000000000000, 0.000000000000000000, -2.237793284010079132E-12 ) ) ;
#830 = AXIS2_PLACEMENT_3D ( 'NONE', #4532, #278, #3211 ) ;
#831 = VERTEX_POINT ( 'NONE', #186 ) ;
#832 = EDGE_CURVE ( 'NONE', #5321, #3149, #1877, .T. ) ;
#833 = PLANE ( 'NONE',  #5345 ) ;
#834 = EDGE_CURVE ( 'NONE', #1060, #1424, #1677, .T. ) ;
#835 = LINE ( 'NONE', #5053, #239 ) ;
#836 = VERTEX_POINT ( 'NONE', #2972 ) ;
#837 = VERTEX_POINT ( 'NONE', #3767 ) ;
#838 = EDGE_CURVE ( 'NONE', #106, #1805, #2766, .T. ) ;
#839 = CARTESIAN_POINT ( 'NONE',  ( 56.75388635400003068, 10.00487857957486604, -10.14813314680074186 ) ) ;
#840 = DIRECTION ( 'NONE',  ( -1.000000000000000000, -1.137978600240784444E-13, 2.237446339314883771E-12 ) ) ;
#841 = EDGE_LOOP ( 'NONE', ( #4732, #1673, #3361, #3859 ) ) ;
#842 = ORIENTED_EDGE ( 'NONE', *, *, #3256, .F. ) ;
#843 = ADVANCED_FACE ( 'NONE', ( #3741 ), #3308, .T. ) ;
#844 = CIRCLE ( 'NONE', #1374, 2.500000046250006047 ) ;
#845 = DIRECTION ( 'NONE',  ( -5.773159728048290444E-15, 6.358310602959382773E-05, -0.9999999979785942905 ) ) ;
#846 = CIRCLE ( 'NONE', #4566, 2.500000046250006047 ) ;
#847 = DIRECTION ( 'NONE',  ( -5.773159728048290444E-15, 6.358310602959382773E-05, -0.9999999979785942905 ) ) ;
#848 = CIRCLE ( 'NONE', #1107, 6.300000000770000774 ) ;
#849 = FACE_OUTER_BOUND ( 'NONE', #1076, .T. ) ;
#850 = CLOSED_SHELL ( 'NONE', ( #257, #4002, #3443, #3901, #222, #2985, #2076, #4648, #3746, #622, #5455, #1872, #3414, #2099, #1077, #591, #3016, #1706, #4266, #3489, #1167, #2574, #4871, #2158, #3720, #1209, #4362, #3222, #1307, #1646, #3630, #3245, #495, #1301, #1477, #4134, #3935, #4431 ) ) ;
#851 = CARTESIAN_POINT ( 'NONE',  ( -182.5000187135999852, 176.7054631709597174, -10.13753380490339850 ) ) ;
#852 = EDGE_LOOP ( 'NONE', ( #3190, #5392, #2387, #1393 ) ) ;
#853 = FACE_BOUND ( 'NONE', #4551, .T. ) ;
#854 = VECTOR ( 'NONE', #4924, 999.9999999999998863 ) ;
#855 = CIRCLE ( 'NONE', #3783, 2.500000000000002220 ) ;
#856 = VECTOR ( 'NONE', #2949, 999.9999999999998863 ) ;
#857 = ORIENTED_EDGE ( 'NONE', *, *, #5359, .T. ) ;
#858 = VECTOR ( 'NONE', #2628, 999.9999999999998863 ) ;
#859 = CIRCLE ( 'NONE', #3977, 2.500000046250006047 ) ;
#860 = DIRECTION ( 'NONE',  ( 2.237515728249334980E-12, -6.358310602959382773E-05, 0.9999999979785942905 ) ) ;
#861 = ORIENTED_EDGE ( 'NONE', *, *, #2070, .F. ) ;
#862 = DIRECTION ( 'NONE',  ( -1.139704650099660056E-13, 0.9999999979785942905, 6.358310602959382773E-05 ) ) ;
#863 = AXIS2_PLACEMENT_3D ( 'NONE', #898, #1694, #1279 ) ;
#864 = ADVANCED_FACE ( 'NONE', ( #2948 ), #1175, .F. ) ;
#865 = ORIENTED_EDGE ( 'NONE', *, *, #4206, .F. ) ;
#866 = DIRECTION ( 'NONE',  ( -5.773159728048290444E-15, 6.358310602959382773E-05, -0.9999999979785942905 ) ) ;
#867 = CIRCLE ( 'NONE', #3187, 2.499999999999998668 ) ;
#868 = CARTESIAN_POINT ( 'NONE',  ( 182.4999812859999793, 206.7041914518656824, 9.864373647558599245 ) ) ;
#869 = VERTEX_POINT ( 'NONE', #4597 ) ;
#870 = LINE ( 'NONE', #919, #2384 ) ;
#871 = ORIENTED_EDGE ( 'NONE', *, *, #2399, .T. ) ;
#872 = ADVANCED_FACE ( 'NONE', ( #3826 ), #4644, .F. ) ;
#873 = AXIS2_PLACEMENT_3D ( 'NONE', #5393, #2060, #746 ) ;
#874 = CARTESIAN_POINT ( 'NONE',  ( -90.00002176600000325, 0.002963787959199548627, 19.99821344334792883 ) ) ;
#875 = EDGE_CURVE ( 'NONE', #3394, #5148, #1509, .T. ) ;
#876 = DIRECTION ( 'NONE',  ( 5.684341886078310580E-15, -6.358310602959384129E-05, 0.9999999979785944015 ) ) ;
#877 = FACE_BOUND ( 'NONE', #4936, .T. ) ;
#878 = EDGE_LOOP ( 'NONE', ( #1166, #3724, #2078, #1297 ) ) ;
#879 = CIRCLE ( 'NONE', #2658, 2.500000046250006047 ) ;
#880 = AXIS2_PLACEMENT_3D ( 'NONE', #1045, #1818, #5266 ) ;
#881 = CARTESIAN_POINT ( 'NONE',  ( 39.25388330200002684, 10.00296376767125395, 19.99884927366613141 ) ) ;
#882 = CYLINDRICAL_SURFACE ( 'NONE', #4484, 2.500000000000002220 ) ;
#883 = DIRECTION ( 'NONE',  ( 0.9999999815015170324, -0.0001923459527464234918, -1.222995889816009005E-08 ) ) ;
#884 = VERTEX_POINT ( 'NONE', #2893 ) ;
#885 = DIRECTION ( 'NONE',  ( 1.000000000000000000, 0.000000000000000000, -5.551115020430157443E-15 ) ) ;
#886 = ORIENTED_EDGE ( 'NONE', *, *, #593, .F. ) ;
#887 = CARTESIAN_POINT ( 'NONE',  ( -195.0000187136000136, 139.0539076014262605, -10.13992780861688914 ) ) ;
#888 = EDGE_LOOP ( 'NONE', ( #5160, #5004 ) ) ;
#889 = DIRECTION ( 'NONE',  ( 1.000000000000000000, 4.504600115460797355E-11, -3.639192557341984661E-15 ) ) ;
#890 = ORIENTED_EDGE ( 'NONE', *, *, #4427, .F. ) ;
#891 = CYLINDRICAL_SURFACE ( 'NONE', #943, 2.500000046249998942 ) ;
#892 = CARTESIAN_POINT ( 'NONE',  ( -49.25392683300000840, 10.00450788346931397, -4.286150676569483231 ) ) ;
#893 = EDGE_CURVE ( 'NONE', #1968, #3801, #4009, .T. ) ;
#894 = ORIENTED_EDGE ( 'NONE', *, *, #4456, .T. ) ;
#895 = CARTESIAN_POINT ( 'NONE',  ( -4.047999999090556855E-05, 0.004235450083843461666, -0.001786516350243960716 ) ) ;
#896 = FACE_BOUND ( 'NONE', #3106, .T. ) ;
#897 = ORIENTED_EDGE ( 'NONE', *, *, #1983, .T. ) ;
#898 = CARTESIAN_POINT ( 'NONE',  ( -69.25392683299999419, 10.00550709197007038, -20.00115064473145665 ) ) ;
#899 = DIRECTION ( 'NONE',  ( 1.000000000000000000, 0.000000000000000000, -2.237793284010079132E-12 ) ) ;
#900 = EDGE_CURVE ( 'NONE', #3502, #450, #2323, .T. ) ;
#901 = ORIENTED_EDGE ( 'NONE', *, *, #2978, .F. ) ;
#902 = ORIENTED_EDGE ( 'NONE', *, *, #1675, .T. ) ;
#903 = AXIS2_PLACEMENT_3D ( 'NONE', #3580, #1048, #3170 ) ;
#904 = DIRECTION ( 'NONE',  ( 1.000000000000000000, 1.139506430087005433E-13, 7.246405718456298250E-18 ) ) ;
#905 = CARTESIAN_POINT ( 'NONE',  ( -185.0000187136000136, 176.7059440350300576, -10.13753377526607835 ) ) ;
#906 = EDGE_CURVE ( 'NONE', #178, #1951, #2491, .T. ) ;
#907 = AXIS2_PLACEMENT_3D ( 'NONE', #3827, #1700, #3410 ) ;
#908 = CARTESIAN_POINT ( 'NONE',  ( -90.00002176600000325, 0.003583723263492211153, 10.24821346349477658 ) ) ;
#909 = CARTESIAN_POINT ( 'NONE',  ( -41.75392683300000130, 10.00450788346931397, -4.286150676569483231 ) ) ;
#910 = ORIENTED_EDGE ( 'NONE', *, *, #1361, .F. ) ;
#911 = CYLINDRICAL_SURFACE ( 'NONE', #2904, 2.500000046250013153 ) ;
#912 = LINE ( 'NONE', #49, #5035 ) ;
#913 = ORIENTED_EDGE ( 'NONE', *, *, #762, .T. ) ;
#914 = DIRECTION ( 'NONE',  ( 1.000000000000000000, 0.000000000000000000, -2.237099394619688409E-12 ) ) ;
#915 = EDGE_LOOP ( 'NONE', ( #3369, #4988, #408, #5020 ) ) ;
#916 = DIRECTION ( 'NONE',  ( -5.795780307733680345E-15, 6.358310602959382773E-05, -0.9999999979785942905 ) ) ;
#917 = CARTESIAN_POINT ( 'NONE',  ( -140.0000187136000136, 20.00487855713917185, -10.14749731537478716 ) ) ;
#918 = VERTEX_POINT ( 'NONE', #4242 ) ;
#919 = CARTESIAN_POINT ( 'NONE',  ( -175.0000187135999852, 50.00424266383392791, -0.1455898425002655205 ) ) ;
#920 = CARTESIAN_POINT ( 'NONE',  ( -11.31395467999998772, 0.003516103582172636077, 11.31169754424196583 ) ) ;
#921 = AXIS2_PLACEMENT_3D ( 'NONE', #2887, #4560, #840 ) ;
#922 = VERTEX_POINT ( 'NONE', #3337 ) ;
#923 = LINE ( 'NONE', #2595, #505 ) ;
#924 = DIRECTION ( 'NONE',  ( -1.139703215170203759E-13, 0.9999999979785944015, 6.358310607783300460E-05 ) ) ;
#925 = ORIENTED_EDGE ( 'NONE', *, *, #4069, .F. ) ;
#926 = VERTEX_POINT ( 'NONE', #4192 ) ;
#927 = EDGE_CURVE ( 'NONE', #383, #1133, #621, .T. ) ;
#928 = DIRECTION ( 'NONE',  ( 1.000000000000000000, 1.139486653047933526E-13, 7.250165356129716737E-18 ) ) ;
#929 = LINE ( 'NONE', #2627, #2960 ) ;
#930 = LINE ( 'NONE', #565, #3354 ) ;
#931 = FACE_OUTER_BOUND ( 'NONE', #3499, .T. ) ;
#932 = DIRECTION ( 'NONE',  ( -1.139637790620680643E-13, 0.9999999979785944015, 6.358310606435077440E-05 ) ) ;
#933 = DIRECTION ( 'NONE',  ( -0.9999999815015170324, 0.0001923459527804240719, 1.222995891984413350E-08 ) ) ;
#934 = EDGE_CURVE ( 'NONE', #3013, #3700, #5117, .T. ) ;
#935 = AXIS2_PLACEMENT_3D ( 'NONE', #2816, #1973, #3776 ) ;
#936 = ORIENTED_EDGE ( 'NONE', *, *, #3863, .F. ) ;
#937 = DIRECTION ( 'NONE',  ( -5.760445076037610891E-15, 6.358310602959382773E-05, -0.9999999979785942905 ) ) ;
#938 = DIRECTION ( 'NONE',  ( -1.108446667789670025E-13, 0.9999999979785944015, 6.358310602959384129E-05 ) ) ;
#939 = CARTESIAN_POINT ( 'NONE',  ( -2.176600000236561527E-05, 10.00332301224740661, 14.34884928575094776 ) ) ;
#940 = EDGE_CURVE ( 'NONE', #5130, #312, #2495, .T. ) ;
#941 = EDGE_LOOP ( 'NONE', ( #2837, #1893 ) ) ;
#942 = CARTESIAN_POINT ( 'NONE',  ( 49.25388635400002357, 10.00535944449375947, -10.14813311620424408 ) ) ;
#943 = AXIS2_PLACEMENT_3D ( 'NONE', #2586, #916, #2614 ) ;
#944 = VERTEX_POINT ( 'NONE', #2079 ) ;
#945 = CYLINDRICAL_SURFACE ( 'NONE', #502, 6.300000000769999886 ) ;
#946 = CIRCLE ( 'NONE', #3760, 1.650000030520000216 ) ;
#947 = LINE ( 'NONE', #500, #5449 ) ;
#948 = ORIENTED_EDGE ( 'NONE', *, *, #2634, .T. ) ;
#949 = AXIS2_PLACEMENT_3D ( 'NONE', #2662, #1813, #3520 ) ;
#950 = CARTESIAN_POINT ( 'NONE',  ( 69.25388330100001610, 10.00550709197007038, -20.00115064473145665 ) ) ;
#951 = LINE ( 'NONE', #3566, #5417 ) ;
#952 = AXIS2_PLACEMENT_3D ( 'NONE', #3344, #3492, #4200 ) ;
#953 = VERTEX_POINT ( 'NONE', #1699 ) ;
#954 = CARTESIAN_POINT ( 'NONE',  ( -26.75392683300001195, 10.00450788346931397, -4.286150676569483231 ) ) ;
#955 = VERTEX_POINT ( 'NONE', #4567 ) ;
#956 = ORIENTED_EDGE ( 'NONE', *, *, #4853, .T. ) ;
#957 = AXIS2_PLACEMENT_3D ( 'NONE', #2794, #2768, #204 ) ;
#958 = DIRECTION ( 'NONE',  ( 1.000000000000000000, 0.000000000000000000, -2.237793284010079132E-12 ) ) ;
#959 = AXIS2_PLACEMENT_3D ( 'NONE', #2565, #2651, #3046 ) ;
#960 = CYLINDRICAL_SURFACE ( 'NONE', #1158, 2.500000046250013153 ) ;
#961 = CARTESIAN_POINT ( 'NONE',  ( -185.0000187136000136, 216.7049822242387052, -10.13499051119118377 ) ) ;
#962 = LINE ( 'NONE', #2689, #2965 ) ;
#963 = DIRECTION ( 'NONE',  ( -1.000000000000000000, 2.863957255156185782E-16, 5.773177949648009516E-15 ) ) ;
#964 = EDGE_CURVE ( 'NONE', #3833, #745, #3921, .T. ) ;
#965 = DIRECTION ( 'NONE',  ( -1.139704650099660056E-13, 0.9999999979785942905, 6.358310602959382773E-05 ) ) ;
#966 = AXIS2_PLACEMENT_3D ( 'NONE', #2164, #2977, #2608 ) ;
#967 = EDGE_LOOP ( 'NONE', ( #448, #4869 ) ) ;
#968 = FACE_OUTER_BOUND ( 'NONE', #429, .T. ) ;
#969 = ORIENTED_EDGE ( 'NONE', *, *, #756, .T. ) ;
#970 = EDGE_CURVE ( 'NONE', #1499, #5276, #5014, .T. ) ;
#971 = FACE_BOUND ( 'NONE', #2845, .T. ) ;
#972 = DIRECTION ( 'NONE',  ( 1.000000000000000000, 0.000000000000000000, -2.237099394619688409E-12 ) ) ;
#973 = VERTEX_POINT ( 'NONE', #764 ) ;
#974 = CARTESIAN_POINT ( 'NONE',  ( -56.75392683300001551, 10.00358370297554877, 10.24884929381295073 ) ) ;
#975 = CARTESIAN_POINT ( 'NONE',  ( 59.25388635399997384, 10.00535944449375947, -10.14813311620424408 ) ) ;
#976 = ORIENTED_EDGE ( 'NONE', *, *, #3217, .F. ) ;
#977 = ADVANCED_FACE ( 'NONE', ( #1285 ), #4167, .F. ) ;
#978 = FACE_BOUND ( 'NONE', #4624, .T. ) ;
#979 = DIRECTION ( 'NONE',  ( -5.761605172319240254E-15, 6.358310602959382773E-05, -0.9999999979785942905 ) ) ;
#980 = ORIENTED_EDGE ( 'NONE', *, *, #4341, .F. ) ;
#981 = DIRECTION ( 'NONE',  ( -5.600614386049998423E-15, -0.04954705606199365231, -0.9987717903683451803 ) ) ;
#982 = DIRECTION ( 'NONE',  ( 1.000000000000000000, 0.000000000000000000, -2.237793284010079132E-12 ) ) ;
#983 = ORIENTED_EDGE ( 'NONE', *, *, #1204, .T. ) ;
#984 = EDGE_LOOP ( 'NONE', ( #5030, #3861, #1992, #1274 ) ) ;
#985 = CARTESIAN_POINT ( 'NONE',  ( 46.75388635400001647, 10.00424274856249340, -0.1481331669541396945 ) ) ;
#986 = CARTESIAN_POINT ( 'NONE',  ( 184.9999812859999793, 166.7053082288999803, -0.1381696259655507131 ) ) ;
#987 = DIRECTION ( 'NONE',  ( 2.237515728249334980E-12, -6.358310602959382773E-05, 0.9999999979785942905 ) ) ;
#988 = CARTESIAN_POINT ( 'NONE',  ( -10.14700407599999821, 20.00488058623732002, -10.14749714369978051 ) ) ;
#989 = AXIS2_PLACEMENT_3D ( 'NONE', #2752, #3224, #4437 ) ;
#990 = CALENDAR_DATE ( 2026, 12, 7 ) ;
#991 = FACE_OUTER_BOUND ( 'NONE', #4441, .T. ) ;
#992 = DIRECTION ( 'NONE',  ( 1.000000000000000000, 0.000000000000000000, -2.237793284010079132E-12 ) ) ;
#993 = ORIENTED_EDGE ( 'NONE', *, *, #2625, .T. ) ;
#994 = DIRECTION ( 'NONE',  ( -5.762764184398750554E-15, 6.358310602959382773E-05, -0.9999999979785942905 ) ) ;
#995 = VECTOR ( 'NONE', #3716, 1000.000000000000000 ) ;
#996 = DIRECTION ( 'NONE',  ( -5.600614386049998423E-15, -0.04954705606199365231, -0.9987717903683451803 ) ) ;
#997 = ORIENTED_EDGE ( 'NONE', *, *, #5327, .F. ) ;
#998 = FACE_BOUND ( 'NONE', #2261, .T. ) ;
#999 = AXIS2_PLACEMENT_3D ( 'NONE', #348, #537, #3797 ) ;
#1000 = EDGE_CURVE ( 'NONE', #918, #273, #5187, .T. ) ;
#1001 = ORIENTED_EDGE ( 'NONE', *, *, #3761, .F. ) ;
#1002 = AXIS2_PLACEMENT_3D ( 'NONE', #3090, #1370, #1016 ) ;
#1003 = CARTESIAN_POINT ( 'NONE',  ( -187.5000187136000136, 216.7048272589944986, -0.1349905017914154737 ) ) ;
#1004 = DIRECTION ( 'NONE',  ( -1.139704650099662076E-13, 0.9999999979785942905, 6.358310602959382773E-05 ) ) ;
#1005 = DIRECTION ( 'NONE',  ( -5.773159728048290444E-15, 6.358310602959382773E-05, -0.9999999979785942905 ) ) ;
#1006 = CIRCLE ( 'NONE', #1525, 2.500000046249998942 ) ;
#1007 = EDGE_CURVE ( 'NONE', #1859, #510, #3466, .T. ) ;
#1008 = ADVANCED_FACE ( 'NONE', ( #564, #1368, #4351, #3056, #1786, #538 ), #1401, .F. ) ;
#1009 = CARTESIAN_POINT ( 'NONE',  ( -12.48045645399997738, 0.005028994804090469728, -12.48222117921515917 ) ) ;
#1010 = DIRECTION ( 'NONE',  ( 1.000000000000000000, 0.000000000000000000, -5.551115020430141666E-15 ) ) ;
#1011 = DIRECTION ( 'NONE',  ( 1.000000000000000000, 0.000000000000000000, -2.237793284010079132E-12 ) ) ;
#1012 = EDGE_CURVE ( 'NONE', #626, #2528, #929, .T. ) ;
#1013 = ORIENTED_EDGE ( 'NONE', *, *, #3482, .F. ) ;
#1014 = ORIENTED_EDGE ( 'NONE', *, *, #1740, .F. ) ;
#1015 = DIRECTION ( 'NONE',  ( 1.000000000000000000, 1.135455345091426822E-13, 0.000000000000000000 ) ) ;
#1016 = DIRECTION ( 'NONE',  ( -0.9999999815015170324, 0.0001923459529039352992, 1.222995894152810747E-08 ) ) ;
#1017 = PERSON_AND_ORGANIZATION ( #2905, #2289 ) ;
#1018 = LINE ( 'NONE', #3600, #3963 ) ;
#1019 = VERTEX_POINT ( 'NONE', #74 ) ;
#1020 = CARTESIAN_POINT ( 'NONE',  ( 51.75388635400002357, 10.00424274856249340, -0.1481331669541396945 ) ) ;
#1021 = ORIENTED_EDGE ( 'NONE', *, *, #5252, .F. ) ;
#1022 = DIRECTION ( 'NONE',  ( 1.000000000000000000, 0.000000000000000000, -2.237099394619688409E-12 ) ) ;
#1023 = EDGE_LOOP ( 'NONE', ( #3378, #2924, #4571, #4145 ) ) ;
#1024 = DIRECTION ( 'NONE',  ( -2.237515728249334980E-12, 6.358310602959382773E-05, -0.9999999979785942905 ) ) ;
#1025 = AXIS2_PLACEMENT_3D ( 'NONE', #3165, #2664, #963 ) ;
#1026 = CARTESIAN_POINT ( 'NONE',  ( -0.0003391370000105364824, 0.005252779783547489867, -16.00178648410877003 ) ) ;
#1027 = VECTOR ( 'NONE', #611, 999.9999999999998863 ) ;
#1028 = DIRECTION ( 'NONE',  ( -5.773159728048290444E-15, 6.358310602959382773E-05, -0.9999999979785942905 ) ) ;
#1029 = EDGE_CURVE ( 'NONE', #3683, #3855, #2062, .T. ) ;
#1030 = CIRCLE ( 'NONE', #5437, 6.300000000770000774 ) ;
#1031 = CARTESIAN_POINT ( 'NONE',  ( -54.75002176599999615, 20.00489648204528592, -10.39749714369816935 ) ) ;
#1032 = FACE_OUTER_BOUND ( 'NONE', #1212, .T. ) ;
#1033 = AXIS2_PLACEMENT_3D ( 'NONE', #1104, #743, #3291 ) ;
#1034 = EDGE_LOOP ( 'NONE', ( #1194, #4399, #4716, #334 ) ) ;
#1035 = ORIENTED_EDGE ( 'NONE', *, *, #2339, .F. ) ;
#1036 = ADVANCED_FACE ( 'NONE', ( #4672 ), #3969, .F. ) ;
#1037 = AXIS2_PLACEMENT_3D ( 'NONE', #1982, #2011, #5399 ) ;
#1038 = CIRCLE ( 'NONE', #863, 2.500000000000002220 ) ;
#1039 = EDGE_CURVE ( 'NONE', #3793, #2963, #1784, .T. ) ;
#1040 = DIRECTION ( 'NONE',  ( -5.773159728048290444E-15, 6.358310602959382773E-05, -0.9999999979785942905 ) ) ;
#1041 = CARTESIAN_POINT ( 'NONE',  ( -145.0000187082999901, 20.00360689481478360, 9.852502644333293702 ) ) ;
#1042 = VECTOR ( 'NONE', #42, 999.9999999999998863 ) ;
#1043 = DATE_TIME_ROLE ( 'classification_date' ) ;
#1044 = PLANE ( 'NONE',  #1025 ) ;
#1045 = CARTESIAN_POINT ( 'NONE',  ( -39.25392683299999419, 10.00550709197007038, -20.00115064473145665 ) ) ;
#1046 = AXIS2_PLACEMENT_3D ( 'NONE', #1862, #4793, #142 ) ;
#1047 = ORIENTED_EDGE ( 'NONE', *, *, #2066, .T. ) ;
#1048 = DIRECTION ( 'NONE',  ( -2.237515728249334980E-12, 6.358310602959382773E-05, -0.9999999979785942905 ) ) ;
#1049 = ORIENTED_EDGE ( 'NONE', *, *, #5356, .F. ) ;
#1050 = AXIS2_PLACEMENT_3D ( 'NONE', #3602, #965, #2331 ) ;
#1051 = DIRECTION ( 'NONE',  ( 1.000000000000000000, 0.000000000000000000, -2.237793284010079132E-12 ) ) ;
#1052 = CARTESIAN_POINT ( 'NONE',  ( 66.75388330100001610, 10.00450788341976782, -4.286150677568239864 ) ) ;
#1053 = ORIENTED_EDGE ( 'NONE', *, *, #1063, .F. ) ;
#1054 = FACE_OUTER_BOUND ( 'NONE', #3039, .T. ) ;
#1055 = DIRECTION ( 'NONE',  ( 1.000000000000000000, 0.000000000000000000, -2.237099394619691641E-12 ) ) ;
#1056 = CARTESIAN_POINT ( 'NONE',  ( -0.0003391370000105364824, 0.003218120384132494571, 15.99821345140831141 ) ) ;
#1057 = CARTESIAN_POINT ( 'NONE',  ( -26.75392378100000101, 10.00487857957486604, -10.14813314680074186 ) ) ;
#1058 = DIRECTION ( 'NONE',  ( 2.237515728249914975E-12, -6.358310602959382773E-05, 0.9999999979785942905 ) ) ;
#1059 = EDGE_CURVE ( 'NONE', #2531, #201, #2869, .T. ) ;
#1060 = VERTEX_POINT ( 'NONE', #4748 ) ;
#1061 = EDGE_LOOP ( 'NONE', ( #1542, #3447, #3876, #5338, #794, #5456, #2203, #3676, #993, #948, #3315, #2476, #1165, #969, #4727, #678, #2803, #1070 ) ) ;
#1062 = CARTESIAN_POINT ( 'NONE',  ( -2.176600000236561527E-05, 20.00332299210888465, 14.34948511706296514 ) ) ;
#1063 = EDGE_CURVE ( 'NONE', #1384, #2117, #811, .T. ) ;
#1064 = LINE ( 'NONE', #283, #4483 ) ;
#1065 = DIRECTION ( 'NONE',  ( 1.000000000000000000, 1.141127329791524504E-13, -2.237508477130826298E-12 ) ) ;
#1066 = DIRECTION ( 'NONE',  ( -0.9999999815015170324, 0.0001923459528151174572, 1.222995891984406402E-08 ) ) ;
#1067 = FACE_BOUND ( 'NONE', #773, .T. ) ;
#1068 = EDGE_CURVE ( 'NONE', #1951, #178, #1515, .T. ) ;
#1069 = ADVANCED_FACE ( 'NONE', ( #3491 ), #1317, .F. ) ;
#1070 = ORIENTED_EDGE ( 'NONE', *, *, #2448, .T. ) ;
#1071 = DIRECTION ( 'NONE',  ( 5.684341886078310580E-15, -6.358310602959384129E-05, 0.9999999979785944015 ) ) ;
#1072 = AXIS2_PLACEMENT_3D ( 'NONE', #5062, #3386, #3799 ) ;
#1073 = DIRECTION ( 'NONE',  ( 0.9999999815015170324, -0.0001923459527290762570, -1.222995889816009005E-08 ) ) ;
#1074 = CARTESIAN_POINT ( 'NONE',  ( -26.75392378100000101, 10.00424274856249340, -0.1481331669541396945 ) ) ;
#1075 = VERTEX_POINT ( 'NONE', #4777 ) ;
#1076 = EDGE_LOOP ( 'NONE', ( #572, #3444, #3336, #3011 ) ) ;
#1077 = ADVANCED_FACE ( 'NONE', ( #5150 ), #960, .F. ) ;
#1078 = CARTESIAN_POINT ( 'NONE',  ( -185.0000187136000136, 166.7049823259796142, -10.13816966680200515 ) ) ;
#1079 = ORIENTED_EDGE ( 'NONE', *, *, #2844, .F. ) ;
#1080 = CARTESIAN_POINT ( 'NONE',  ( 41.75388330099999479, 10.00358370297554877, 10.24884929381295073 ) ) ;
#1081 = DIRECTION ( 'NONE',  ( 1.000000000000000000, 0.000000000000000000, -5.551115020430141666E-15 ) ) ;
#1082 = DIRECTION ( 'NONE',  ( -2.237690279189335060E-12, 6.358310602959384129E-05, -0.9999999979785944015 ) ) ;
#1083 = FACE_BOUND ( 'NONE', #1252, .T. ) ;
#1084 = CARTESIAN_POINT ( 'NONE',  ( 29.25388330100001255, 10.00550709197007038, -20.00115064473145665 ) ) ;
#1085 = EDGE_LOOP ( 'NONE', ( #1463, #5378, #2209, #2939 ) ) ;
#1086 = ORIENTED_EDGE ( 'NONE', *, *, #5159, .F. ) ;
#1087 = CYLINDRICAL_SURFACE ( 'NONE', #4919, 2.500000000000002220 ) ;
#1088 = CARTESIAN_POINT ( 'NONE',  ( -56.75392378099999746, 10.00487857957486604, -10.14813314680074186 ) ) ;
#1089 = EDGE_LOOP ( 'NONE', ( #4680, #4496 ) ) ;
#1090 = AXIS2_PLACEMENT_3D ( 'NONE', #1232, #290, #4617 ) ;
#1091 = FACE_BOUND ( 'NONE', #229, .T. ) ;
#1092 = EDGE_CURVE ( 'NONE', #3399, #2780, #4381, .T. ) ;
#1093 = ORIENTED_EDGE ( 'NONE', *, *, #1244, .F. ) ;
#1094 = CARTESIAN_POINT ( 'NONE',  ( -187.5000187136000136, 166.7041915284742402, 9.861830323507541962 ) ) ;
#1095 = CARTESIAN_POINT ( 'NONE',  ( -29.25392683300001551, 10.00489650223335403, -10.39813297401140346 ) ) ;
#1096 = CARTESIAN_POINT ( 'NONE',  ( 139.9999812860000077, 20.00424273866098801, -0.1474973351487385287 ) ) ;
#1097 = ORIENTED_EDGE ( 'NONE', *, *, #3396, .T. ) ;
#1098 = ORIENTED_EDGE ( 'NONE', *, *, #3349, .F. ) ;
#1099 = EDGE_CURVE ( 'NONE', #4279, #1504, #1379, .T. ) ;
#1100 = ADVANCED_FACE ( 'NONE', ( #1878 ), #3581, .T. ) ;
#1101 = ORIENTED_EDGE ( 'NONE', *, *, #1687, .F. ) ;
#1102 = ORIENTED_EDGE ( 'NONE', *, *, #3421, .T. ) ;
#1103 = DIRECTION ( 'NONE',  ( -2.237690279189335060E-12, 6.358310602959384129E-05, -0.9999999979785944015 ) ) ;
#1104 = CARTESIAN_POINT ( 'NONE',  ( -185.0000187136000136, 166.7043464946675897, -0.1381696869404980266 ) ) ;
#1105 = DIRECTION ( 'NONE',  ( -1.136868377219662335E-13, 0.9999999979785944015, 6.358310602959384129E-05 ) ) ;
#1106 = DIRECTION ( 'NONE',  ( -5.773159728048290444E-15, 6.358310602959382773E-05, -0.9999999979785942905 ) ) ;
#1107 = AXIS2_PLACEMENT_3D ( 'NONE', #5226, #1004, #2319 ) ;
#1108 = DIRECTION ( 'NONE',  ( 0.7069707589770840572, 4.496869260678006814E-05, -0.7072427758055803704 ) ) ;
#1109 = VERTEX_POINT ( 'NONE', #2753 ) ;
#1110 = EDGE_LOOP ( 'NONE', ( #3738, #1604, #2501, #2093 ) ) ;
#1111 = VECTOR ( 'NONE', #2813, 999.9999999999998863 ) ;
#1112 = DIRECTION ( 'NONE',  ( -1.139704650099660056E-13, 0.9999999979785942905, 6.358310602959382773E-05 ) ) ;
#1113 = VECTOR ( 'NONE', #2731, 999.9999999999998863 ) ;
#1114 = ORIENTED_EDGE ( 'NONE', *, *, #2338, .F. ) ;
#1115 = FACE_OUTER_BOUND ( 'NONE', #4317, .T. ) ;
#1116 = VECTOR ( 'NONE', #1224, 1000.000000000000000 ) ;
#1117 = VERTEX_POINT ( 'NONE', #4438 ) ;
#1118 = CYLINDRICAL_SURFACE ( 'NONE', #3764, 1.650000030519998884 ) ;
#1119 = AXIS2_PLACEMENT_3D ( 'NONE', #3194, #125, #3139 ) ;
#1120 = CARTESIAN_POINT ( 'NONE',  ( 31.75388330100001255, 10.00450788341976782, -4.286150677568239864 ) ) ;
#1121 = DIRECTION ( 'NONE',  ( -5.781025400914260627E-15, 6.358310602959382773E-05, -0.9999999979785942905 ) ) ;
#1122 = CC_DESIGN_PERSON_AND_ORGANIZATION_ASSIGNMENT ( #3828, #21, ( #2458 ) ) ;
#1123 = CYLINDRICAL_SURFACE ( 'NONE', #665, 2.500000000000002220 ) ;
#1124 = EDGE_LOOP ( 'NONE', ( #698, #956 ) ) ;
#1125 = ORIENTED_EDGE ( 'NONE', *, *, #1999, .T. ) ;
#1126 = CIRCLE ( 'NONE', #5457, 1.650000030520000216 ) ;
#1127 = ORIENTED_EDGE ( 'NONE', *, *, #2092, .T. ) ;
#1128 = ORIENTED_EDGE ( 'NONE', *, *, #2716, .T. ) ;
#1129 = CARTESIAN_POINT ( 'NONE',  ( 89.99997823399996832, 0.005201817365275973604, -15.20027764119027935 ) ) ;
#1130 = EDGE_CURVE ( 'NONE', #80, #3864, #3067, .T. ) ;
#1131 = VECTOR ( 'NONE', #30, 999.9999999999998863 ) ;
#1132 = CARTESIAN_POINT ( 'NONE',  ( -195.0000187116000063, 94.52812138565188604, 9.857241144734739891 ) ) ;
#1133 = VERTEX_POINT ( 'NONE', #3202 ) ;
#1134 = CARTESIAN_POINT ( 'NONE',  ( 187.4999812859999793, 176.7054631749548435, -10.13753380510157243 ) ) ;
#1135 = VECTOR ( 'NONE', #2798, 999.9999999999998863 ) ;
#1136 = PLANE ( 'NONE',  #56 ) ;
#1137 = EDGE_CURVE ( 'NONE', #3402, #922, #1875, .T. ) ;
#1138 = ORIENTED_EDGE ( 'NONE', *, *, #356, .T. ) ;
#1139 = ORIENTED_EDGE ( 'NONE', *, *, #2435, .T. ) ;
#1140 = CARTESIAN_POINT ( 'NONE',  ( -11.31350584999998787, 0.003516075085543968193, 11.31214637491209629 ) ) ;
#1141 = CARTESIAN_POINT ( 'NONE',  ( -2.176600000236561527E-05, 20.00596804925828920, -27.25051479930601417 ) ) ;
#1142 = ORIENTED_EDGE ( 'NONE', *, *, #5395, .T. ) ;
#1143 = DIRECTION ( 'NONE',  ( -2.237690279189335060E-12, 6.358310602959384129E-05, -0.9999999979785944015 ) ) ;
#1144 = DIRECTION ( 'NONE',  ( 1.000000000000000000, 1.135455345091425560E-13, 7.251115247674509451E-18 ) ) ;
#1145 = ORIENTED_EDGE ( 'NONE', *, *, #4435, .F. ) ;
#1146 = CARTESIAN_POINT ( 'NONE',  ( 89.99997823399996832, 10.00358370297554877, 10.24884929381295073 ) ) ;
#1147 = DIRECTION ( 'NONE',  ( 1.000000000000000000, 1.137978600240784444E-13, -2.237446339314883771E-12 ) ) ;
#1148 = CARTESIAN_POINT ( 'NONE',  ( 19.49997823400001451, 0.003583723213941569785, 10.24821346249599152 ) ) ;
#1149 = ORIENTED_EDGE ( 'NONE', *, *, #5070, .T. ) ;
#1150 = ORIENTED_EDGE ( 'NONE', *, *, #3756, .T. ) ;
#1151 = ORIENTED_EDGE ( 'NONE', *, *, #5164, .F. ) ;
#1152 = ORIENTED_EDGE ( 'NONE', *, *, #2606, .F. ) ;
#1153 = CARTESIAN_POINT ( 'NONE',  ( 187.4999812859999793, 226.7054630741631058, -10.13435465053907869 ) ) ;
#1154 = LINE ( 'NONE', #2874, #674 ) ;
#1155 = DIRECTION ( 'NONE',  ( -5.773159728048290444E-15, 6.358310602959382773E-05, -0.9999999979785942905 ) ) ;
#1156 = VERTEX_POINT ( 'NONE', #681 ) ;
#1157 = CIRCLE ( 'NONE', #1873, 2.500000000000002220 ) ;
#1158 = AXIS2_PLACEMENT_3D ( 'NONE', #986, #3941, #1812 ) ;
#1159 = EDGE_CURVE ( 'NONE', #166, #884, #3637, .T. ) ;
#1160 = ORIENTED_EDGE ( 'NONE', *, *, #4401, .F. ) ;
#1161 = LINE ( 'NONE', #5308, #1180 ) ;
#1162 = EDGE_CURVE ( 'NONE', #3357, #780, #721, .T. ) ;
#1163 = CARTESIAN_POINT ( 'NONE',  ( 174.9999812900000506, 50.00487850259638378, -10.14558982173011081 ) ) ;
#1164 = AXIS2_PLACEMENT_3D ( 'NONE', #4859, #5381, #5295 ) ;
#1165 = ORIENTED_EDGE ( 'NONE', *, *, #427, .T. ) ;
#1166 = ORIENTED_EDGE ( 'NONE', *, *, #5215, .F. ) ;
#1167 = ADVANCED_FACE ( 'NONE', ( #2867 ), #3225, .F. ) ;
#1168 = DIRECTION ( 'NONE',  ( -5.773159728048290444E-15, 6.358310602959382773E-05, -0.9999999979785942905 ) ) ;
#1169 = EDGE_CURVE ( 'NONE', #2410, #836, #2839, .T. ) ;
#1170 = FACE_OUTER_BOUND ( 'NONE', #3304, .T. ) ;
#1171 = VERTEX_POINT ( 'NONE', #2356 ) ;
#1172 = AXIS2_PLACEMENT_3D ( 'NONE', #2328, #4852, #4023 ) ;
#1173 = LINE ( 'NONE', #2890, #2878 ) ;
#1174 = EDGE_LOOP ( 'NONE', ( #113, #797, #676, #3650 ) ) ;
#1175 = PLANE ( 'NONE',  #4189 ) ;
#1176 = CARTESIAN_POINT ( 'NONE',  ( -2.176600000236561527E-05, 10.00463600344239268, -6.301150672940320163 ) ) ;
#1177 = LINE ( 'NONE', #2390, #3426 ) ;
#1178 = EDGE_LOOP ( 'NONE', ( #5054, #3161 ) ) ;
#1179 = ORIENTED_EDGE ( 'NONE', *, *, #5007, .T. ) ;
#1180 = VECTOR ( 'NONE', #3267, 999.9999999999998863 ) ;
#1181 = VECTOR ( 'NONE', #4952, 999.9999999999998863 ) ;
#1182 = EDGE_LOOP ( 'NONE', ( #2512, #728, #1779, #645, #1226, #4521, #2354, #3084, #710, #4964, #4517, #5115 ) ) ;
#1183 = EDGE_LOOP ( 'NONE', ( #1596, #3214, #5273, #5422 ) ) ;
#1184 = DIRECTION ( 'NONE',  ( -0.9999999815015170324, 0.0001923459529039352992, 1.222995894152810747E-08 ) ) ;
#1185 = DIRECTION ( 'NONE',  ( -1.136868377219662335E-13, 0.9999999979785944015, 6.358310602959384129E-05 ) ) ;
#1186 = CARTESIAN_POINT ( 'NONE',  ( 59.25388635399997384, 10.00408778236913321, 9.851866843493928272 ) ) ;
#1187 = DIRECTION ( 'NONE',  ( -1.139704650099660056E-13, 0.9999999979785942905, 6.358310602959382773E-05 ) ) ;
#1188 = VERTEX_POINT ( 'NONE', #4958 ) ;
#1189 = CARTESIAN_POINT ( 'NONE',  ( 51.75388635400002357, 10.00360691745023978, 9.851866812897430492 ) ) ;
#1190 = VERTEX_POINT ( 'NONE', #3685 ) ;
#1191 = DIRECTION ( 'NONE',  ( -5.794621295654181089E-15, 6.358310602959382773E-05, -0.9999999979785942905 ) ) ;
#1192 = CYLINDRICAL_SURFACE ( 'NONE', #3171, 2.500000046249998942 ) ;
#1193 = EDGE_CURVE ( 'NONE', #626, #1060, #2416, .T. ) ;
#1194 = ORIENTED_EDGE ( 'NONE', *, *, #3421, .F. ) ;
#1195 = VERTEX_POINT ( 'NONE', #1565 ) ;
#1196 = VECTOR ( 'NONE', #294, 999.9999999999998863 ) ;
#1197 = DIRECTION ( 'NONE',  ( -2.237515728249334172E-12, 6.358310602959384129E-05, -0.9999999979785944015 ) ) ;
#1198 = FACE_OUTER_BOUND ( 'NONE', #4021, .T. ) ;
#1199 = EDGE_CURVE ( 'NONE', #837, #4348, #3248, .T. ) ;
#1200 = ORIENTED_EDGE ( 'NONE', *, *, #5198, .F. ) ;
#1201 = AXIS2_PLACEMENT_3D ( 'NONE', #1909, #2396, #3615 ) ;
#1202 = VECTOR ( 'NONE', #1488, 999.9999999999998863 ) ;
#1203 = AXIS2_PLACEMENT_3D ( 'NONE', #460, #5128, #4620 ) ;
#1204 = EDGE_CURVE ( 'NONE', #4917, #1156, #1253, .T. ) ;
#1205 = AXIS2_PLACEMENT_3D ( 'NONE', #3900, #392, #8 ) ;
#1206 = FACE_OUTER_BOUND ( 'NONE', #1535, .T. ) ;
#1207 = VERTEX_POINT ( 'NONE', #2412 ) ;
#1208 = CARTESIAN_POINT ( 'NONE',  ( -29.25392683300001551, 10.00550709197007038, -20.00115064473145665 ) ) ;
#1209 = ADVANCED_FACE ( 'NONE', ( #4054 ), #4934, .F. ) ;
#1210 = CIRCLE ( 'NONE', #3001, 2.500000000000002220 ) ;
#1211 = PERSON_AND_ORGANIZATION ( #2905, #2289 ) ;
#1212 = EDGE_LOOP ( 'NONE', ( #5219, #3911, #3762, #2427 ) ) ;
#1213 = VERTEX_POINT ( 'NONE', #241 ) ;
#1214 = AXIS2_PLACEMENT_3D ( 'NONE', #4710, #2514, #1333 ) ;
#1215 = ORIENTED_EDGE ( 'NONE', *, *, #4371, .F. ) ;
#1216 = ORIENTED_EDGE ( 'NONE', *, *, #2567, .T. ) ;
#1217 = CARTESIAN_POINT ( 'NONE',  ( 187.4999812859999793, 216.7048272630391637, -0.1349905009908614062 ) ) ;
#1218 = DIRECTION ( 'NONE',  ( -1.136868377219662335E-13, 0.9999999979785944015, 6.358310602959384129E-05 ) ) ;
#1219 = EDGE_LOOP ( 'NONE', ( #2498, #5361 ) ) ;
#1220 = AXIS2_PLACEMENT_3D ( 'NONE', #4821, #3998, #231 ) ;
#1221 = CARTESIAN_POINT ( 'NONE',  ( -90.00002176600000325, 20.00327371513494157, 15.12448511505401427 ) ) ;
#1222 = AXIS2_PLACEMENT_3D ( 'NONE', #52, #4652, #3398 ) ;
#1223 = PLANE ( 'NONE',  #2100 ) ;
#1224 = DIRECTION ( 'NONE',  ( -1.000000000000000000, -1.141181002970365858E-13, 2.237793520288378741E-12 ) ) ;
#1225 = ORIENTED_EDGE ( 'NONE', *, *, #686, .F. ) ;
#1226 = ORIENTED_EDGE ( 'NONE', *, *, #4921, .T. ) ;
#1227 = AXIS2_PLACEMENT_3D ( 'NONE', #3390, #1291, #4297 ) ;
#1228 = DIRECTION ( 'NONE',  ( 2.237515728249334980E-12, -6.358310602959382773E-05, 0.9999999979785942905 ) ) ;
#1229 = CYLINDRICAL_SURFACE ( 'NONE', #1895, 2.500000000000002220 ) ;
#1230 = ORIENTED_EDGE ( 'NONE', *, *, #3973, .T. ) ;
#1231 = ADVANCED_FACE ( 'NONE', ( #4137 ), #268, .F. ) ;
#1232 = CARTESIAN_POINT ( 'NONE',  ( 69.25388635399998805, 10.00408778236913321, 9.851866843493928272 ) ) ;
#1233 = ORIENTED_EDGE ( 'NONE', *, *, #2594, .T. ) ;
#1234 = CARTESIAN_POINT ( 'NONE',  ( 56.75388330100000900, 10.00450788341976782, -4.286150677568239864 ) ) ;
#1235 = CARTESIAN_POINT ( 'NONE',  ( 71.75388330100001610, 10.00550709197007038, -20.00115064473145665 ) ) ;
#1236 = CARTESIAN_POINT ( 'NONE',  ( -51.75392378099999746, 10.00424274846260708, -0.1481331669491714464 ) ) ;
#1237 = VERTEX_POINT ( 'NONE', #4109 ) ;
#1238 = CARTESIAN_POINT ( 'NONE',  ( -175.0000187135999852, 238.4066541927292917, -10.13361065209672418 ) ) ;
#1239 = EDGE_CURVE ( 'NONE', #386, #4998, #1510, .T. ) ;
#1240 = EDGE_LOOP ( 'NONE', ( #5313, #4124 ) ) ;
#1241 = ORIENTED_EDGE ( 'NONE', *, *, #2431, .T. ) ;
#1242 = FACE_OUTER_BOUND ( 'NONE', #4799, .T. ) ;
#1243 = CARTESIAN_POINT ( 'NONE',  ( 194.9999812859999793, 238.4066541977231566, -10.13361065234447089 ) ) ;
#1244 = EDGE_CURVE ( 'NONE', #1662, #1452, #108, .T. ) ;
#1245 = DIRECTION ( 'NONE',  ( 1.000000000000000000, 1.139705910348116809E-13, 0.000000000000000000 ) ) ;
#1246 = CARTESIAN_POINT ( 'NONE',  ( 29.25388330100001255, 10.00358370297554877, 10.24884929381295073 ) ) ;
#1247 = DIRECTION ( 'NONE',  ( -5.773159728048290444E-15, 6.358310602959382773E-05, -0.9999999979785942905 ) ) ;
#1248 = ORIENTED_EDGE ( 'NONE', *, *, #2953, .T. ) ;
#1249 = VERTEX_POINT ( 'NONE', #1594 ) ;
#1250 = DIRECTION ( 'NONE',  ( -1.136868377219662335E-13, 0.9999999979785944015, 6.358310602959384129E-05 ) ) ;
#1251 = AXIS2_PLACEMENT_3D ( 'NONE', #4729, #5244, #996 ) ;
#1252 = EDGE_LOOP ( 'NONE', ( #3370, #2659 ) ) ;
#1253 = CIRCLE ( 'NONE', #2249, 2.500000000000002220 ) ;
#1254 = DIRECTION ( 'NONE',  ( -1.139704650099662076E-13, 0.9999999979785942905, 6.358310602959382773E-05 ) ) ;
#1255 = CARTESIAN_POINT ( 'NONE',  ( -69.25392683299999419, 10.00550709197007038, -20.00115064473145665 ) ) ;
#1256 = DIRECTION ( 'NONE',  ( -2.237690279189335060E-12, 6.358310602959384129E-05, -0.9999999979785944015 ) ) ;
#1257 = DIRECTION ( 'NONE',  ( -2.237515728249334980E-12, 6.358310602959382773E-05, -0.9999999979785942905 ) ) ;
#1258 = EDGE_LOOP ( 'NONE', ( #2593, #2899 ) ) ;
#1259 = EDGE_CURVE ( 'NONE', #3813, #1249, #3661, .T. ) ;
#1260 = CIRCLE ( 'NONE', #1979, 2.500000046249998942 ) ;
#1261 = LINE ( 'NONE', #1682, #3631 ) ;
#1262 = AXIS2_PLACEMENT_3D ( 'NONE', #2830, #1112, #2886 ) ;
#1263 = ORIENTED_EDGE ( 'NONE', *, *, #3978, .F. ) ;
#1264 = DIRECTION ( 'NONE',  ( -2.238756188979335649E-12, 6.358310602959384129E-05, -0.9999999979785944015 ) ) ;
#1265 = CARTESIAN_POINT ( 'NONE',  ( 194.9999812859999793, 139.0539076059702666, -10.13992780784109193 ) ) ;
#1266 = ORIENTED_EDGE ( 'NONE', *, *, #4236, .F. ) ;
#1267 = EDGE_CURVE ( 'NONE', #5176, #3544, #3310, .T. ) ;
#1268 = CARTESIAN_POINT ( 'NONE',  ( 10.14696054400002190, 10.00488060647571764, -10.14813297501673794 ) ) ;
#1269 = EDGE_CURVE ( 'NONE', #2150, #1109, #4705, .T. ) ;
#1270 = AXIS2_PLACEMENT_3D ( 'NONE', #747, #1191, #4121 ) ;
#1271 = EDGE_LOOP ( 'NONE', ( #5414, #3045 ) ) ;
#1272 = LINE ( 'NONE', #59, #3608 ) ;
#1273 = DIRECTION ( 'NONE',  ( 2.237515728248475083E-12, -6.358310602959382773E-05, 0.9999999979785942905 ) ) ;
#1274 = ORIENTED_EDGE ( 'NONE', *, *, #1068, .F. ) ;
#1275 = PLANE ( 'NONE',  #2741 ) ;
#1276 = VERTEX_POINT ( 'NONE', #352 ) ;
#1277 = DIRECTION ( 'NONE',  ( 1.000000000000000000, 0.000000000000000000, -5.551115020430141666E-15 ) ) ;
#1278 = CARTESIAN_POINT ( 'NONE',  ( -145.0000187073999882, 0.004878597365885750659, -10.14876897699507019 ) ) ;
#1279 = DIRECTION ( 'NONE',  ( 1.000000000000000000, 0.000000000000000000, -2.237099394619688409E-12 ) ) ;
#1280 = DIRECTION ( 'NONE',  ( -1.139704650099662833E-13, 0.9999999979785944015, 6.358310602959384129E-05 ) ) ;
#1281 = VERTEX_POINT ( 'NONE', #3607 ) ;
#1282 = AXIS2_PLACEMENT_3D ( 'NONE', #5442, #5022, #2725 ) ;
#1283 = DIRECTION ( 'NONE',  ( -2.237515728249334980E-12, 6.358310602959382773E-05, -0.9999999979785942905 ) ) ;
#1284 = AXIS2_PLACEMENT_3D ( 'NONE', #4000, #1898, #1405 ) ;
#1285 = FACE_OUTER_BOUND ( 'NONE', #4592, .T. ) ;
#1286 = VECTOR ( 'NONE', #4569, 1000.000000000000000 ) ;
#1287 = FACE_OUTER_BOUND ( 'NONE', #5029, .T. ) ;
#1288 = DIRECTION ( 'NONE',  ( -5.773159728048290444E-15, 6.358310602959382773E-05, -0.9999999979785942905 ) ) ;
#1289 = DIRECTION ( 'NONE',  ( -2.237515728249334980E-12, 6.358310602959382773E-05, -0.9999999979785942905 ) ) ;
#1290 = ORIENTED_EDGE ( 'NONE', *, *, #5256, .T. ) ;
#1291 = DIRECTION ( 'NONE',  ( 2.237515728249334980E-12, -6.358310602959382773E-05, 0.9999999979785942905 ) ) ;
#1292 = VECTOR ( 'NONE', #2266, 999.9999999999998863 ) ;
#1293 = EDGE_CURVE ( 'NONE', #5385, #2998, #5271, .T. ) ;
#1294 = EDGE_LOOP ( 'NONE', ( #651, #4152, #886, #441 ) ) ;
#1295 = AXIS2_PLACEMENT_3D ( 'NONE', #5166, #4421, #1442 ) ;
#1296 = CARTESIAN_POINT ( 'NONE',  ( -185.0000187136000136, 186.7049822856530170, -10.13689800517672523 ) ) ;
#1297 = ORIENTED_EDGE ( 'NONE', *, *, #3451, .F. ) ;
#1298 = VECTOR ( 'NONE', #1250, 999.9999999999998863 ) ;
#1299 = CARTESIAN_POINT ( 'NONE',  ( 39.25388330100002321, 10.00489650233323324, -10.39813297401637193 ) ) ;
#1300 = AXIS2_PLACEMENT_3D ( 'NONE', #2854, #4508, #3377 ) ;
#1301 = ADVANCED_FACE ( 'NONE', ( #849 ), #2548, .F. ) ;
#1302 = VERTEX_POINT ( 'NONE', #5063 ) ;
#1303 = DIRECTION ( 'NONE',  ( 1.000000000000000000, 0.000000000000000000, -2.237793284010079132E-12 ) ) ;
#1304 = AXIS2_PLACEMENT_3D ( 'NONE', #5460, #3435, #3912 ) ;
#1305 = CARTESIAN_POINT ( 'NONE',  ( 59.25388330199999132, 10.00296376767125395, 19.99884927366613141 ) ) ;
#1306 = CARTESIAN_POINT ( 'NONE',  ( 144.9999812930000189, 0.004878602259866804403, -10.14876897723784843 ) ) ;
#1307 = ADVANCED_FACE ( 'NONE', ( #1287 ), #4353, .T. ) ;
#1308 = CARTESIAN_POINT ( 'NONE',  ( -187.5000187136000136, 186.7054631497728963, -10.13689797454062003 ) ) ;
#1309 = DIRECTION ( 'NONE',  ( 1.000000000000000000, 0.000000000000000000, -2.237793284010079132E-12 ) ) ;
#1310 = DIRECTION ( 'NONE',  ( -5.773159728048290444E-15, 6.358310602959382773E-05, -0.9999999979785942905 ) ) ;
#1311 = EDGE_CURVE ( 'NONE', #4998, #2799, #3119, .T. ) ;
#1312 = EDGE_LOOP ( 'NONE', ( #1493, #3937, #3, #776 ) ) ;
#1313 = CIRCLE ( 'NONE', #4513, 2.500000046249998942 ) ;
#1314 = VERTEX_POINT ( 'NONE', #1041 ) ;
#1315 = CIRCLE ( 'NONE', #880, 2.500000000000002220 ) ;
#1316 = DIRECTION ( 'NONE',  ( 1.000000000000000000, 0.000000000000000000, -2.237099394619688409E-12 ) ) ;
#1317 = CYLINDRICAL_SURFACE ( 'NONE', #4619, 2.500000000000002220 ) ;
#1318 = CARTESIAN_POINT ( 'NONE',  ( 184.9999812859999793, 186.7043464583360901, -0.1368980255134766288 ) ) ;
#1319 = LINE ( 'NONE', #1236, #4818 ) ;
#1320 = DIRECTION ( 'NONE',  ( -2.237690279189335060E-12, 6.358310602959384129E-05, -0.9999999979785944015 ) ) ;
#1321 = ORIENTED_EDGE ( 'NONE', *, *, #3681, .T. ) ;
#1322 = CARTESIAN_POINT ( 'NONE',  ( -29.25392683300001551, 10.00450788346931397, -4.286150676569483231 ) ) ;
#1323 = VERTEX_POINT ( 'NONE', #3943 ) ;
#1324 = CARTESIAN_POINT ( 'NONE',  ( -46.75392683300000130, 10.00296376772080009, 19.99884927466488804 ) ) ;
#1325 = AXIS2_PLACEMENT_3D ( 'NONE', #792, #20, #380 ) ;
#1326 = ORIENTED_EDGE ( 'NONE', *, *, #2509, .F. ) ;
#1327 = DIRECTION ( 'NONE',  ( -1.381101079724618225E-13, 0.9999999979785942905, 6.358310600547424608E-05 ) ) ;
#1328 = CARTESIAN_POINT ( 'NONE',  ( -69.25392378100001167, 10.00312605253134102, 9.851866782300932712 ) ) ;
#1329 = ORIENTED_EDGE ( 'NONE', *, *, #5424, .T. ) ;
#1330 = CARTESIAN_POINT ( 'NONE',  ( 26.75388330100000900, 10.00450788341976782, -4.286150677568239864 ) ) ;
#1331 = ADVANCED_FACE ( 'NONE', ( #4324 ), #2307, .F. ) ;
#1332 = EDGE_CURVE ( 'NONE', #5286, #1968, #962, .T. ) ;
#1333 = DIRECTION ( 'NONE',  ( -0.9999999815015170324, 0.0001923459528595263782, 1.222995889816002057E-08 ) ) ;
#1334 = ORIENTED_EDGE ( 'NONE', *, *, #3130, .T. ) ;
#1335 = LINE ( 'NONE', #2620, #1741 ) ;
#1336 = CARTESIAN_POINT ( 'NONE',  ( -80.00001871399997810, 0.003606935391455012851, 9.851230981694437006 ) ) ;
#1337 = ORIENTED_EDGE ( 'NONE', *, *, #4292, .F. ) ;
#1338 = VERTEX_POINT ( 'NONE', #1345 ) ;
#1339 = ADVANCED_FACE ( 'NONE', ( #5189 ), #4722, .F. ) ;
#1340 = CIRCLE ( 'NONE', #2061, 2.500000000000002220 ) ;
#1341 = EDGE_CURVE ( 'NONE', #4833, #1724, #3549, .T. ) ;
#1342 = DIRECTION ( 'NONE',  ( 0.0001923459554959994764, -6.358310488845300278E-05, 0.9999999794801108788 ) ) ;
#1343 = CARTESIAN_POINT ( 'NONE',  ( -59.25392683300001551, 10.00550709197007038, -20.00115064473145665 ) ) ;
#1344 = DIRECTION ( 'NONE',  ( -1.139704650099662076E-13, 0.9999999979785942905, 6.358310602959382773E-05 ) ) ;
#1345 = CARTESIAN_POINT ( 'NONE',  ( -195.0000187095999991, 50.00360683187271604, 9.854410137393410096 ) ) ;
#1346 = DIRECTION ( 'NONE',  ( -5.773159728048290444E-15, 6.358310602959382773E-05, -0.9999999979785942905 ) ) ;
#1347 = CYLINDRICAL_SURFACE ( 'NONE', #4676, 2.500000046249998942 ) ;
#1348 = ORIENTED_EDGE ( 'NONE', *, *, #2338, .T. ) ;
#1349 = FACE_OUTER_BOUND ( 'NONE', #3839, .T. ) ;
#1350 = VERTEX_POINT ( 'NONE', #3999 ) ;
#1351 = DIRECTION ( 'NONE',  ( -5.773159728048290444E-15, 6.358310602959382773E-05, -0.9999999979785942905 ) ) ;
#1352 = ORIENTED_EDGE ( 'NONE', *, *, #2273, .T. ) ;
#1353 = DIRECTION ( 'NONE',  ( 2.237515728249914975E-12, -6.358310602959382773E-05, 0.9999999979785942905 ) ) ;
#1354 = DIRECTION ( 'NONE',  ( 5.773159728048290444E-15, -6.358310602959382773E-05, 0.9999999979785942905 ) ) ;
#1355 = CARTESIAN_POINT ( 'NONE',  ( 89.99997823399996832, 20.00358368283702504, 10.24948512512494148 ) ) ;
#1356 = VERTEX_POINT ( 'NONE', #988 ) ;
#1357 = CARTESIAN_POINT ( 'NONE',  ( 184.9999812859999793, 206.7037105877458316, 9.864373616922495813 ) ) ;
#1358 = AXIS2_PLACEMENT_3D ( 'NONE', #1522, #2882, #2036 ) ;
#1359 = LINE ( 'NONE', #2097, #3882 ) ;
#1360 = AXIS2_PLACEMENT_3D ( 'NONE', #558, #177, #3136 ) ;
#1361 = EDGE_CURVE ( 'NONE', #953, #1019, #3752, .T. ) ;
#1362 = DIRECTION ( 'NONE',  ( -2.237690279189335060E-12, 6.358310602959384129E-05, -0.9999999979785944015 ) ) ;
#1363 = FACE_OUTER_BOUND ( 'NONE', #1433, .T. ) ;
#1364 = EDGE_LOOP ( 'NONE', ( #2942, #4798 ) ) ;
#1365 = ORIENTED_EDGE ( 'NONE', *, *, #2271, .T. ) ;
#1366 = CARTESIAN_POINT ( 'NONE',  ( 29.25388330100001255, 10.00489650233323324, -10.39813297401637193 ) ) ;
#1367 = EDGE_CURVE ( 'NONE', #3535, #1281, #202, .T. ) ;
#1368 = FACE_BOUND ( 'NONE', #5396, .T. ) ;
#1369 = FACE_OUTER_BOUND ( 'NONE', #553, .T. ) ;
#1370 = DIRECTION ( 'NONE',  ( -5.798780295033950872E-15, 6.358310602959382773E-05, -0.9999999979785942905 ) ) ;
#1371 = CARTESIAN_POINT ( 'NONE',  ( 144.9999812930000189, 0.004242771247491006203, -0.1487689973912464936 ) ) ;
#1372 = EDGE_CURVE ( 'NONE', #2014, #4565, #5213, .T. ) ;
#1373 = FACE_BOUND ( 'NONE', #4063, .T. ) ;
#1374 = AXIS2_PLACEMENT_3D ( 'NONE', #1296, #3806, #387 ) ;
#1375 = AXIS2_PLACEMENT_3D ( 'NONE', #1538, #2023, #2441 ) ;
#1376 = VECTOR ( 'NONE', #4836, 999.9999999999998863 ) ;
#1377 = VERTEX_POINT ( 'NONE', #2746 ) ;
#1378 = DIRECTION ( 'NONE',  ( -5.773159728048290444E-15, 6.358310602959382773E-05, -0.9999999979785942905 ) ) ;
#1379 = LINE ( 'NONE', #4784, #5311 ) ;
#1380 = ORIENTED_EDGE ( 'NONE', *, *, #832, .F. ) ;
#1381 = FACE_OUTER_BOUND ( 'NONE', #5217, .T. ) ;
#1382 = VECTOR ( 'NONE', #4841, 999.9999999999998863 ) ;
#1383 = VECTOR ( 'NONE', #610, 999.9999999999998863 ) ;
#1384 = VERTEX_POINT ( 'NONE', #181 ) ;
#1385 = LINE ( 'NONE', #3987, #3429 ) ;
#1386 = CARTESIAN_POINT ( 'NONE',  ( 5.918100001722770287E-05, 20.00423540965736890, -0.0005148547200795050571 ) ) ;
#1387 = DIRECTION ( 'NONE',  ( 2.237515728249334980E-12, -6.358310602959382773E-05, 0.9999999979785942905 ) ) ;
#1388 = ORIENTED_EDGE ( 'NONE', *, *, #4456, .F. ) ;
#1389 = AXIS2_PLACEMENT_3D ( 'NONE', #2761, #4066, #3504 ) ;
#1390 = CARTESIAN_POINT ( 'NONE',  ( -71.75392378100001167, 10.00360691745023978, 9.851866812897430492 ) ) ;
#1391 = CARTESIAN_POINT ( 'NONE',  ( 39.25388330100002321, 10.00550709197007038, -20.00115064473145665 ) ) ;
#1392 = CIRCLE ( 'NONE', #4071, 1.650000030520000216 ) ;
#1393 = ORIENTED_EDGE ( 'NONE', *, *, #4394, .F. ) ;
#1394 = DIRECTION ( 'NONE',  ( 1.000000000000000000, 0.000000000000000000, -5.782411586589357244E-15 ) ) ;
#1395 = CARTESIAN_POINT ( 'NONE',  ( -0.0008409249999952184140, 10.00423545993021968, -0.001623626395053090476 ) ) ;
#1396 = EDGE_LOOP ( 'NONE', ( #4197, #913, #5428, #29 ) ) ;
#1397 = ORIENTED_EDGE ( 'NONE', *, *, #1239, .T. ) ;
#1398 = VECTOR ( 'NONE', #4350, 999.9999999999998863 ) ;
#1399 = DIRECTION ( 'NONE',  ( 1.000000000000000000, 0.000000000000000000, -5.551115020430141666E-15 ) ) ;
#1400 = VECTOR ( 'NONE', #889, 1000.000000000000000 ) ;
#1401 = PLANE ( 'NONE',  #628 ) ;
#1402 = PLANE ( 'NONE',  #1556 ) ;
#1403 = CARTESIAN_POINT ( 'NONE',  ( -69.25392378100001167, 10.00472361338150584, -0.1481331363527016443 ) ) ;
#1404 = SECURITY_CLASSIFICATION_LEVEL ( 'unclassified' ) ;
#1405 = DIRECTION ( 'NONE',  ( 1.000000000000000000, 1.135455345091426822E-13, 0.000000000000000000 ) ) ;
#1406 = DIRECTION ( 'NONE',  ( 2.237515728249914975E-12, -6.358310602959382773E-05, 0.9999999979785942905 ) ) ;
#1407 = ADVANCED_FACE ( 'NONE', ( #931 ), #3468, .F. ) ;
#1408 = AXIS2_PLACEMENT_3D ( 'NONE', #627, #1904, #3611 ) ;
#1409 = ORIENTED_EDGE ( 'NONE', *, *, #4785, .T. ) ;
#1410 = DIRECTION ( 'NONE',  ( -5.773159728048290444E-15, 6.358310602959382773E-05, -0.9999999979785942905 ) ) ;
#1411 = FACE_OUTER_BOUND ( 'NONE', #5016, .T. ) ;
#1412 = ORIENTED_EDGE ( 'NONE', *, *, #1029, .T. ) ;
#1413 = FACE_BOUND ( 'NONE', #4468, .T. ) ;
#1414 = ADVANCED_FACE ( 'NONE', ( #540 ), #4802, .F. ) ;
#1415 = ADVANCED_FACE ( 'NONE', ( #2218 ), #2717, .F. ) ;
#1416 = EDGE_CURVE ( 'NONE', #1109, #2150, #2694, .T. ) ;
#1417 = VERTEX_POINT ( 'NONE', #3915 ) ;
#1418 = DIRECTION ( 'NONE',  ( 1.000000000000000000, 1.078698461303714964E-13, -5.351205716021529530E-15 ) ) ;
#1419 = LINE ( 'NONE', #2676, #1467 ) ;
#1420 = CARTESIAN_POINT ( 'NONE',  ( -41.75392683300000130, 10.00358370297554877, 10.24884929381295073 ) ) ;
#1421 = DIRECTION ( 'NONE',  ( 2.237515728249334980E-12, -6.358310602959382773E-05, 0.9999999979785942905 ) ) ;
#1422 = CYLINDRICAL_SURFACE ( 'NONE', #3782, 30.00000000000000000 ) ;
#1423 = CARTESIAN_POINT ( 'NONE',  ( 19.49997823400001451, 0.003583723213941569785, 10.24821346249599152 ) ) ;
#1424 = VERTEX_POINT ( 'NONE', #3521 ) ;
#1425 = ORIENTED_EDGE ( 'NONE', *, *, #2064, .F. ) ;
#1426 = AXIS2_PLACEMENT_3D ( 'NONE', #5431, #1649, #3363 ) ;
#1427 = FACE_OUTER_BOUND ( 'NONE', #1110, .T. ) ;
#1428 = CARTESIAN_POINT ( 'NONE',  ( -140.0000187136000136, 0.004878597565642628364, -10.14876897700497871 ) ) ;
#1429 = AXIS2_PLACEMENT_3D ( 'NONE', #2222, #994, #1736 ) ;
#1430 = APPROVAL_ROLE ( '' ) ;
#1431 = CARTESIAN_POINT ( 'NONE',  ( 184.9999812859999793, 216.7043463979205171, -0.1349905315774224679 ) ) ;
#1432 = DIRECTION ( 'NONE',  ( -2.237515728249334980E-12, 6.358310602959382773E-05, -0.9999999979785942905 ) ) ;
#1433 = EDGE_LOOP ( 'NONE', ( #2127, #2984, #5439, #443 ) ) ;
#1434 = FACE_OUTER_BOUND ( 'NONE', #2302, .T. ) ;
#1435 = LINE ( 'NONE', #3145, #4449 ) ;
#1436 = ADVANCED_FACE ( 'NONE', ( #1170 ), #3303, .F. ) ;
#1437 = EDGE_LOOP ( 'NONE', ( #2002, #559, #638, #2086 ) ) ;
#1438 = CARTESIAN_POINT ( 'NONE',  ( -187.5000187136000136, 206.7048272791826093, -0.1356263321046768944 ) ) ;
#1439 = VECTOR ( 'NONE', #816, 999.9999999999998863 ) ;
#1440 = VERTEX_POINT ( 'NONE', #1088 ) ;
#1441 = DIRECTION ( 'NONE',  ( 1.000000000000000000, 0.000000000000000000, -5.551115020430141666E-15 ) ) ;
#1442 = DIRECTION ( 'NONE',  ( 0.000000000000000000, 6.358310602959384129E-05, -0.9999999979785944015 ) ) ;
#1443 = EDGE_CURVE ( 'NONE', #4348, #1597, #4953, .T. ) ;
#1444 = DIRECTION ( 'NONE',  ( 0.0001923459554939994758, -6.358310488845300278E-05, 0.9999999794801108788 ) ) ;
#1445 = DIRECTION ( 'NONE',  ( -4.499088303529998146E-11, 0.9987717903683451803, -0.04954705606199365231 ) ) ;
#1446 = ADVANCED_FACE ( 'NONE', ( #4129 ), #619, .F. ) ;
#1447 = VECTOR ( 'NONE', #701, 999.9999999999998863 ) ;
#1448 = LINE ( 'NONE', #1031, #3879 ) ;
#1449 = DIRECTION ( 'NONE',  ( -1.136868377219662335E-13, 0.9999999979785944015, 6.358310602959384129E-05 ) ) ;
#1450 = CARTESIAN_POINT ( 'NONE',  ( 182.4999812859999793, 216.7054630943512166, -10.13499048085234122 ) ) ;
#1451 = ORIENTED_EDGE ( 'NONE', *, *, #729, .T. ) ;
#1452 = VERTEX_POINT ( 'NONE', #3196 ) ;
#1453 = CARTESIAN_POINT ( 'NONE',  ( -140.0000187136000136, 20.00360689501453848, 9.852502644323385184 ) ) ;
#1454 = DIRECTION ( 'NONE',  ( -1.139704650099660056E-13, 0.9999999979785942905, 6.358310602959382773E-05 ) ) ;
#1455 = DATE_AND_TIME ( #4752, #1470 ) ;
#1456 = FACE_BOUND ( 'NONE', #4429, .T. ) ;
#1457 = LINE ( 'NONE', #4828, #3545 ) ;
#1458 = ORIENTED_EDGE ( 'NONE', *, *, #4298, .T. ) ;
#1459 = CARTESIAN_POINT ( 'NONE',  ( 56.75388330100000900, 10.00450788341976782, -4.286150677568239864 ) ) ;
#1460 = ORIENTED_EDGE ( 'NONE', *, *, #1099, .T. ) ;
#1461 = FACE_OUTER_BOUND ( 'NONE', #3830, .T. ) ;
#1462 = EDGE_CURVE ( 'NONE', #4342, #31, #731, .T. ) ;
#1463 = ORIENTED_EDGE ( 'NONE', *, *, #3488, .F. ) ;
#1464 = LINE ( 'NONE', #335, #1111 ) ;
#1465 = LINE ( 'NONE', #4037, #3525 ) ;
#1466 = CIRCLE ( 'NONE', #3689, 2.500000046249998942 ) ;
#1467 = VECTOR ( 'NONE', #4367, 999.9999999999998863 ) ;
#1468 = CIRCLE ( 'NONE', #2455, 2.500000000000002220 ) ;
#1469 = EDGE_CURVE ( 'NONE', #4599, #3939, #4432, .T. ) ;
#1470 = LOCAL_TIME ( 14, 57, 17.00000000000000000, #206 ) ;
#1471 = DIRECTION ( 'NONE',  ( 2.237515728249334980E-12, -6.358310602959382773E-05, 0.9999999979785942905 ) ) ;
#1472 = CIRCLE ( 'NONE', #1483, 2.500000046250006047 ) ;
#1473 = DIRECTION ( 'NONE',  ( 2.237515728249914975E-12, -6.358310602959382773E-05, 0.9999999979785942905 ) ) ;
#1474 = VECTOR ( 'NONE', #3589, 999.9999999999998863 ) ;
#1475 = ORIENTED_EDGE ( 'NONE', *, *, #2165, .F. ) ;
#1476 = ORIENTED_EDGE ( 'NONE', *, *, #2567, .F. ) ;
#1477 = ADVANCED_FACE ( 'NONE', ( #2796 ), #2407, .T. ) ;
#1478 = AXIS2_PLACEMENT_3D ( 'NONE', #3846, #1722, #3430 ) ;
#1479 = DIRECTION ( 'NONE',  ( 2.237515728249334980E-12, -6.358310602959382773E-05, 0.9999999979785942905 ) ) ;
#1480 = DIRECTION ( 'NONE',  ( -1.136868377219662335E-13, 0.9999999979785944015, 6.358310602959384129E-05 ) ) ;
#1481 = CIRCLE ( 'NONE', #4588, 2.500000046250006047 ) ;
#1482 = CARTESIAN_POINT ( 'NONE',  ( 39.25388330100002321, 10.00358370297554877, 10.24884929381295073 ) ) ;
#1483 = AXIS2_PLACEMENT_3D ( 'NONE', #5283, #3080, #4425 ) ;
#1484 = ORIENTED_EDGE ( 'NONE', *, *, #2679, .F. ) ;
#1485 = DIRECTION ( 'NONE',  ( -1.139643465507873931E-13, 0.9999999979785942905, 6.358310602959382773E-05 ) ) ;
#1486 = FACE_BOUND ( 'NONE', #266, .T. ) ;
#1487 = DIRECTION ( 'NONE',  ( 1.000000000000000000, 0.000000000000000000, -5.551115020430141666E-15 ) ) ;
#1488 = DIRECTION ( 'NONE',  ( 5.684341886078310580E-15, -6.358310602959384129E-05, 0.9999999979785944015 ) ) ;
#1489 = ORIENTED_EDGE ( 'NONE', *, *, #2272, .T. ) ;
#1490 = ORIENTED_EDGE ( 'NONE', *, *, #4694, .T. ) ;
#1491 = CIRCLE ( 'NONE', #3114, 2.500000000000002220 ) ;
#1492 = DIRECTION ( 'NONE',  ( -5.773159728048290444E-15, 6.358310602959382773E-05, -0.9999999979785942905 ) ) ;
#1493 = ORIENTED_EDGE ( 'NONE', *, *, #1681, .F. ) ;
#1494 = FACE_OUTER_BOUND ( 'NONE', #1396, .T. ) ;
#1495 = LINE ( 'NONE', #1003, #1650 ) ;
#1496 = DIRECTION ( 'NONE',  ( -0.9999999815015170324, 0.0001923459527318518146, 1.222995888731806832E-08 ) ) ;
#1497 = CARTESIAN_POINT ( 'NONE',  ( 19.49997823400001451, 10.00358370297554877, 10.24884929381295073 ) ) ;
#1498 = EDGE_CURVE ( 'NONE', #3432, #2780, #4632, .T. ) ;
#1499 = VERTEX_POINT ( 'NONE', #205 ) ;
#1500 = ORIENTED_EDGE ( 'NONE', *, *, #1130, .F. ) ;
#1501 = FACE_OUTER_BOUND ( 'NONE', #3961, .T. ) ;
#1502 = CARTESIAN_POINT ( 'NONE',  ( -90.00002176600000325, 10.00296376772080009, 19.99884927466488804 ) ) ;
#1503 = EDGE_CURVE ( 'NONE', #1440, #4119, #4479, .T. ) ;
#1504 = VERTEX_POINT ( 'NONE', #675 ) ;
#1505 = CARTESIAN_POINT ( 'NONE',  ( -66.75392683299999419, 10.00450788346931397, -4.286150676569483231 ) ) ;
#1506 = ADVANCED_FACE ( 'NONE', ( #3678 ), #1956, .F. ) ;
#1507 = ORIENTED_EDGE ( 'NONE', *, *, #3025, .T. ) ;
#1508 = DIRECTION ( 'NONE',  ( -2.236902087229335723E-12, 6.358310602959384129E-05, -0.9999999979785944015 ) ) ;
#1509 = CIRCLE ( 'NONE', #4616, 49.99999999999998579 ) ;
#1510 = LINE ( 'NONE', #2022, #995 ) ;
#1511 = LINE ( 'NONE', #3686, #5074 ) ;
#1512 = VERTEX_POINT ( 'NONE', #2430 ) ;
#1513 = ORIENTED_EDGE ( 'NONE', *, *, #3893, .F. ) ;
#1514 = EDGE_CURVE ( 'NONE', #1738, #2410, #5340, .T. ) ;
#1515 = CIRCLE ( 'NONE', #3570, 2.500000046250006047 ) ;
#1516 = VERTEX_POINT ( 'NONE', #1557 ) ;
#1517 = VERTEX_POINT ( 'NONE', #3274 ) ;
#1518 = LINE ( 'NONE', #3668, #4402 ) ;
#1519 = LINE ( 'NONE', #1544, #2195 ) ;
#1520 = CARTESIAN_POINT ( 'NONE',  ( -19.50002176599999260, 20.00358368283702504, 10.24948512512494148 ) ) ;
#1521 = CARTESIAN_POINT ( 'NONE',  ( -90.00002176600000325, 10.00358370297554877, 10.24884929381295073 ) ) ;
#1522 = CARTESIAN_POINT ( 'NONE',  ( -145.0000187095999991, 50.00424266518227512, -0.1455898425671564578 ) ) ;
#1523 = FACE_OUTER_BOUND ( 'NONE', #4642, .T. ) ;
#1524 = VERTEX_POINT ( 'NONE', #4453 ) ;
#1525 = AXIS2_PLACEMENT_3D ( 'NONE', #3820, #1723, #2042 ) ;
#1526 = ORIENTED_EDGE ( 'NONE', *, *, #3628, .F. ) ;
#1527 = EDGE_CURVE ( 'NONE', #955, #1499, #468, .T. ) ;
#1528 = DIRECTION ( 'NONE',  ( 0.9999999815015170324, -0.0001923459528817308387, -1.222995889816002057E-08 ) ) ;
#1529 = CARTESIAN_POINT ( 'NONE',  ( 18.50778836899999291, 20.00296374753273199, 19.99948510497814880 ) ) ;
#1530 = LINE ( 'NONE', #5316, #2607 ) ;
#1531 = VERTEX_POINT ( 'NONE', #640 ) ;
#1532 = CARTESIAN_POINT ( 'NONE',  ( 26.75388635400000226, 10.00487857957486604, -10.14813314680074186 ) ) ;
#1533 = CIRCLE ( 'NONE', #3674, 2.500000046249998942 ) ;
#1534 = EDGE_CURVE ( 'NONE', #2150, #4575, #1530, .T. ) ;
#1535 = EDGE_LOOP ( 'NONE', ( #3285, #1753, #2227, #5403 ) ) ;
#1536 = CARTESIAN_POINT ( 'NONE',  ( 66.75388635399997384, 10.00487857957486604, -10.14813314680074186 ) ) ;
#1537 = DIRECTION ( 'NONE',  ( -4.504626737028661195E-11, 0.9999999979785944015, 6.358310602959384129E-05 ) ) ;
#1538 = CARTESIAN_POINT ( 'NONE',  ( 11.31391114800001141, 10.00351608334376685, 11.31233337555895346 ) ) ;
#1539 = ORIENTED_EDGE ( 'NONE', *, *, #940, .F. ) ;
#1540 = ORIENTED_EDGE ( 'NONE', *, *, #3391, .T. ) ;
#1541 = EDGE_CURVE ( 'NONE', #4633, #3867, #822, .T. ) ;
#1542 = ORIENTED_EDGE ( 'NONE', *, *, #4371, .T. ) ;
#1543 = ORIENTED_EDGE ( 'NONE', *, *, #2240, .F. ) ;
#1544 = CARTESIAN_POINT ( 'NONE',  ( -80.00001871399997810, 20.00487855983585561, -10.14749731550856993 ) ) ;
#1545 = ORIENTED_EDGE ( 'NONE', *, *, #1808, .F. ) ;
#1546 = DIRECTION ( 'NONE',  ( 0.9999999815015170324, -0.0001923459527429540448, -1.222995891984413350E-08 ) ) ;
#1547 = VECTOR ( 'NONE', #442, 999.9999999999998863 ) ;
#1548 = CARTESIAN_POINT ( 'NONE',  ( -46.75392683300000130, 10.00450788346931397, -4.286150676569483231 ) ) ;
#1549 = AXIS2_PLACEMENT_3D ( 'NONE', #2219, #1257, #2522 ) ;
#1550 = LINE ( 'NONE', #3733, #2539 ) ;
#1551 = ORIENTED_EDGE ( 'NONE', *, *, #462, .F. ) ;
#1552 = AXIS2_PLACEMENT_3D ( 'NONE', #722, #1612, #2423 ) ;
#1553 = VERTEX_POINT ( 'NONE', #1141 ) ;
#1554 = VECTOR ( 'NONE', #2309, 999.9999999999998863 ) ;
#1555 = CARTESIAN_POINT ( 'NONE',  ( -19.50002176599999260, 0.004896522471757591699, -10.39876880532838932 ) ) ;
#1556 = AXIS2_PLACEMENT_3D ( 'NONE', #4721, #4997, #4749 ) ;
#1557 = CARTESIAN_POINT ( 'NONE',  ( -195.0000187136000136, 238.4053825311040384, 9.866389307576660883 ) ) ;
#1558 = VERTEX_POINT ( 'NONE', #5377 ) ;
#1559 = DIRECTION ( 'NONE',  ( -5.768817284903770237E-15, 6.358310602959382773E-05, -0.9999999979785942905 ) ) ;
#1560 = VECTOR ( 'NONE', #1840, 999.9999999999998863 ) ;
#1561 = DIRECTION ( 'NONE',  ( 1.000000000000000000, 1.139509528570226924E-13, 7.246425422484237221E-18 ) ) ;
#1562 = ORIENTED_EDGE ( 'NONE', *, *, #3356, .T. ) ;
#1563 = AXIS2_PLACEMENT_3D ( 'NONE', #3881, #1283, #1316 ) ;
#1564 = CARTESIAN_POINT ( 'NONE',  ( -207.7000187142295715, 40.72966335521287107, 9.853820471513980550 ) ) ;
#1565 = CARTESIAN_POINT ( 'NONE',  ( -18.50838483800001910, 0.002963787959199548627, 19.99821344334792883 ) ) ;
#1566 = DIRECTION ( 'NONE',  ( -1.139704650099660056E-13, 0.9999999979785942905, 6.358310602959382773E-05 ) ) ;
#1567 = EDGE_LOOP ( 'NONE', ( #602, #3609, #5372, #298 ) ) ;
#1568 = ORIENTED_EDGE ( 'NONE', *, *, #1039, .F. ) ;
#1569 = EDGE_CURVE ( 'NONE', #2014, #2792, #1006, .T. ) ;
#1570 = VECTOR ( 'NONE', #2903, 999.9999999999998863 ) ;
#1571 = ORIENTED_EDGE ( 'NONE', *, *, #3383, .F. ) ;
#1572 = EDGE_LOOP ( 'NONE', ( #4677, #3250 ) ) ;
#1573 = CARTESIAN_POINT ( 'NONE',  ( -16.00002176599998904, 10.00423545008144721, -0.001468055833814263522 ) ) ;
#1574 = CYLINDRICAL_SURFACE ( 'NONE', #1033, 2.500000046250013153 ) ;
#1575 = VECTOR ( 'NONE', #4760, 999.9999999999998863 ) ;
#1576 = LINE ( 'NONE', #801, #4897 ) ;
#1577 = ADVANCED_FACE ( 'NONE', ( #2540, #3737, #2917, #4161, #2131, #1695, #4238, #5400, #877, #1640 ), #1672, .T. ) ;
#1578 = VERTEX_POINT ( 'NONE', #1617 ) ;
#1579 = EDGE_CURVE ( 'NONE', #4419, #4119, #1260, .T. ) ;
#1580 = LINE ( 'NONE', #3295, #3449 ) ;
#1581 = EDGE_CURVE ( 'NONE', #3986, #4980, #5059, .T. ) ;
#1582 = CIRCLE ( 'NONE', #171, 1.650000030520001992 ) ;
#1583 = ORIENTED_EDGE ( 'NONE', *, *, #1671, .F. ) ;
#1584 = LINE ( 'NONE', #1548, #562 ) ;
#1585 = DIRECTION ( 'NONE',  ( -1.000000000000000000, 1.109989971750206731E-13, 2.237522790433281746E-12 ) ) ;
#1586 = EDGE_CURVE ( 'NONE', #164, #1951, #4591, .T. ) ;
#1587 = ORIENTED_EDGE ( 'NONE', *, *, #770, .F. ) ;
#1588 = ORIENTED_EDGE ( 'NONE', *, *, #4040, .F. ) ;
#1589 = DIRECTION ( 'NONE',  ( 0.9999999815015170324, -0.0001923459528706286084, -1.222995891984406402E-08 ) ) ;
#1590 = ORIENTED_EDGE ( 'NONE', *, *, #625, .F. ) ;
#1591 = CARTESIAN_POINT ( 'NONE',  ( -18.50838483899999787, 0.005507112208473496917, -20.00178647604841586 ) ) ;
#1592 = VERTEX_POINT ( 'NONE', #4640 ) ;
#1593 = DIRECTION ( 'NONE',  ( 1.000000000000000000, 0.000000000000000000, -5.759281940243001131E-15 ) ) ;
#1594 = CARTESIAN_POINT ( 'NONE',  ( 174.9999812860000361, 139.0526359437960764, 9.860072150858350426 ) ) ;
#1595 = FACE_OUTER_BOUND ( 'NONE', #4088, .T. ) ;
#1596 = ORIENTED_EDGE ( 'NONE', *, *, #4271, .T. ) ;
#1597 = VERTEX_POINT ( 'NONE', #399 ) ;
#1598 = LINE ( 'NONE', #4963, #3712 ) ;
#1599 = EDGE_CURVE ( 'NONE', #4636, #3705, #4667, .T. ) ;
#1600 = ORIENTED_EDGE ( 'NONE', *, *, #3126, .T. ) ;
#1601 = ORIENTED_EDGE ( 'NONE', *, *, #3028, .T. ) ;
#1602 = DIRECTION ( 'NONE',  ( -5.773159728048290444E-15, 6.358310602959382773E-05, -0.9999999979785942905 ) ) ;
#1603 = LINE ( 'NONE', #3318, #3702 ) ;
#1604 = ORIENTED_EDGE ( 'NONE', *, *, #3582, .T. ) ;
#1605 = CYLINDRICAL_SURFACE ( 'NONE', #2931, 2.500000046249998942 ) ;
#1606 = AXIS2_PLACEMENT_3D ( 'NONE', #4415, #4387, #1822 ) ;
#1607 = AXIS2_PLACEMENT_3D ( 'NONE', #1366, #2159, #958 ) ;
#1608 = EDGE_CURVE ( 'NONE', #3125, #1924, #3406, .T. ) ;
#1609 = ADVANCED_FACE ( 'NONE', ( #2072 ), #1229, .F. ) ;
#1610 = ORIENTED_EDGE ( 'NONE', *, *, #1800, .T. ) ;
#1611 = CARTESIAN_POINT ( 'NONE',  ( 29.25388635400000226, 10.00439771465597438, -10.14813317739726628 ) ) ;
#1612 = DIRECTION ( 'NONE',  ( 2.237515728248475083E-12, -6.358310602959382773E-05, 0.9999999979785942905 ) ) ;
#1613 = ADVANCED_FACE ( 'NONE', ( #5092 ), #4261, .F. ) ;
#1614 = ORIENTED_EDGE ( 'NONE', *, *, #1469, .F. ) ;
#1615 = ORIENTED_EDGE ( 'NONE', *, *, #3590, .T. ) ;
#1616 = CARTESIAN_POINT ( 'NONE',  ( 49.25388635400002357, 10.00408778236913321, 9.851866843493928272 ) ) ;
#1617 = CARTESIAN_POINT ( 'NONE',  ( 36.75388635400000936, 10.00487857957486604, -10.14813314680074186 ) ) ;
#1618 = ORIENTED_EDGE ( 'NONE', *, *, #4555, .T. ) ;
#1619 = CARTESIAN_POINT ( 'NONE',  ( 2.101400001230935288E-05, 20.00423541431270991, -0.0005889509564205308578 ) ) ;
#1620 = VERTEX_POINT ( 'NONE', #3431 ) ;
#1621 = DIRECTION ( 'NONE',  ( -2.237515728249334980E-12, 6.358310602959382773E-05, -0.9999999979785942905 ) ) ;
#1622 = DIRECTION ( 'NONE',  ( 1.000000000000000000, 0.000000000000000000, -2.237793284010079132E-12 ) ) ;
#1623 = ORIENTED_EDGE ( 'NONE', *, *, #4755, .T. ) ;
#1624 = VERTEX_POINT ( 'NONE', #2155 ) ;
#1625 = ORIENTED_EDGE ( 'NONE', *, *, #1581, .T. ) ;
#1626 = ORIENTED_EDGE ( 'NONE', *, *, #2594, .F. ) ;
#1627 = DIRECTION ( 'NONE',  ( 1.000000000000000000, 0.000000000000000000, -2.237099394619688409E-12 ) ) ;
#1628 = CARTESIAN_POINT ( 'NONE',  ( -59.25392378099999746, 10.00439771465597438, -10.14813317739726628 ) ) ;
#1629 = ORIENTED_EDGE ( 'NONE', *, *, #2745, .T. ) ;
#1630 = LINE ( 'NONE', #1975, #2121 ) ;
#1631 = CC_DESIGN_PERSON_AND_ORGANIZATION_ASSIGNMENT ( #129, #1870, ( #3878 ) ) ;
#1632 = FACE_BOUND ( 'NONE', #339, .T. ) ;
#1633 = CARTESIAN_POINT ( 'NONE',  ( 54.74997823399996122, 0.003583723213941569785, 10.24821346249599152 ) ) ;
#1634 = EDGE_LOOP ( 'NONE', ( #607, #3205 ) ) ;
#1635 = ORIENTED_EDGE ( 'NONE', *, *, #3560, .F. ) ;
#1636 = EDGE_CURVE ( 'NONE', #3229, #2871, #2171, .T. ) ;
#1637 = AXIS2_PLACEMENT_3D ( 'NONE', #576, #1387, #552 ) ;
#1638 = DIRECTION ( 'NONE',  ( 1.000000000000000000, 0.000000000000000000, -5.551115020430157443E-15 ) ) ;
#1639 = VECTOR ( 'NONE', #1418, 1000.000000000000000 ) ;
#1640 = FACE_OUTER_BOUND ( 'NONE', #1061, .T. ) ;
#1641 = ORIENTED_EDGE ( 'NONE', *, *, #4627, .T. ) ;
#1642 = CIRCLE ( 'NONE', #575, 2.500000046250006047 ) ;
#1643 = ADVANCED_FACE ( 'NONE', ( #1198 ), #2515, .F. ) ;
#1644 = EDGE_CURVE ( 'NONE', #3402, #3502, #534, .T. ) ;
#1645 = AXIS2_PLACEMENT_3D ( 'NONE', #3568, #147, #1890 ) ;
#1646 = ADVANCED_FACE ( 'NONE', ( #3051 ), #2596, .T. ) ;
#1647 = CARTESIAN_POINT ( 'NONE',  ( 187.4999812859999793, 186.7041914921427406, 9.863101984934591115 ) ) ;
#1648 = ORIENTED_EDGE ( 'NONE', *, *, #1681, .T. ) ;
#1649 = DIRECTION ( 'NONE',  ( -5.773159728048290444E-15, 6.358310602959382773E-05, -0.9999999979785942905 ) ) ;
#1650 = VECTOR ( 'NONE', #2342, 999.9999999999998863 ) ;
#1651 = DATE_AND_TIME ( #437, #4226 ) ;
#1652 = ORIENTED_EDGE ( 'NONE', *, *, #2530, .F. ) ;
#1653 = EDGE_LOOP ( 'NONE', ( #2918, #5401, #1329, #3070 ) ) ;
#1654 = CARTESIAN_POINT ( 'NONE',  ( -31.75392683300001906, 10.00450788346931397, -4.286150676569483231 ) ) ;
#1655 = ADVANCED_FACE ( 'NONE', ( #3993 ), #2656, .F. ) ;
#1656 = VECTOR ( 'NONE', #1362, 999.9999999999998863 ) ;
#1657 = VERTEX_POINT ( 'NONE', #3462 ) ;
#1658 = ORIENTED_EDGE ( 'NONE', *, *, #4879, .F. ) ;
#1659 = DIRECTION ( 'NONE',  ( -1.000000000000000000, -1.137978600240784444E-13, 2.237446339314883771E-12 ) ) ;
#1660 = DIRECTION ( 'NONE',  ( -0.9999999815015170324, 0.0001923459527582196114, 1.222995889816009005E-08 ) ) ;
#1661 = CARTESIAN_POINT ( 'NONE',  ( -39.25392378100001167, 10.00439771465597438, -10.14813317739726628 ) ) ;
#1662 = VERTEX_POINT ( 'NONE', #1865 ) ;
#1663 = CIRCLE ( 'NONE', #1220, 2.500000046250006047 ) ;
#1664 = CARTESIAN_POINT ( 'NONE',  ( 31.75388330100001255, 10.00358370297554877, 10.24884929381295073 ) ) ;
#1665 = AXIS2_PLACEMENT_3D ( 'NONE', #4203, #4999, #304 ) ;
#1666 = LINE ( 'NONE', #5137, #4225 ) ;
#1667 = ORIENTED_EDGE ( 'NONE', *, *, #1808, .T. ) ;
#1668 = ORIENTED_EDGE ( 'NONE', *, *, #586, .T. ) ;
#1669 = VECTOR ( 'NONE', #444, 999.9999999999998863 ) ;
#1670 = FACE_OUTER_BOUND ( 'NONE', #2982, .T. ) ;
#1671 = EDGE_CURVE ( 'NONE', #3855, #3683, #3072, .T. ) ;
#1672 = PLANE ( 'NONE',  #2254 ) ;
#1673 = ORIENTED_EDGE ( 'NONE', *, *, #4875, .T. ) ;
#1674 = CARTESIAN_POINT ( 'NONE',  ( 5.918100001722770287E-05, 20.00423540965736890, -0.0005148547200795050571 ) ) ;
#1675 = EDGE_CURVE ( 'NONE', #3149, #2757, #5058, .T. ) ;
#1676 = CARTESIAN_POINT ( 'NONE',  ( 49.25388330199997711, 10.00296376767125395, 19.99884927366613141 ) ) ;
#1677 = LINE ( 'NONE', #2021, #2052 ) ;
#1678 = FACE_OUTER_BOUND ( 'NONE', #185, .T. ) ;
#1679 = LINE ( 'NONE', #44, #2809 ) ;
#1680 = ORIENTED_EDGE ( 'NONE', *, *, #2885, .F. ) ;
#1681 = EDGE_CURVE ( 'NONE', #4926, #3890, #3853, .T. ) ;
#1682 = CARTESIAN_POINT ( 'NONE',  ( -175.0000187135999852, 94.52939304817603272, -10.14275881498324949 ) ) ;
#1683 = ORIENTED_EDGE ( 'NONE', *, *, #1960, .F. ) ;
#1684 = DIRECTION ( 'NONE',  ( 5.684341886078310580E-15, -6.358310602959384129E-05, 0.9999999979785944015 ) ) ;
#1685 = VERTEX_POINT ( 'NONE', #3112 ) ;
#1686 = CARTESIAN_POINT ( 'NONE',  ( 89.99997823399996832, 0.005507112208473496917, -20.00178647604841586 ) ) ;
#1687 = EDGE_CURVE ( 'NONE', #535, #2081, #2179, .T. ) ;
#1688 = ORIENTED_EDGE ( 'NONE', *, *, #729, .F. ) ;
#1689 = DIRECTION ( 'NONE',  ( 1.000000000000000000, 1.141941262798889275E-13, -2.237468077319824652E-12 ) ) ;
#1690 = ORIENTED_EDGE ( 'NONE', *, *, #2818, .F. ) ;
#1691 = CARTESIAN_POINT ( 'NONE',  ( -90.00002176600000325, 0.003583723263492211153, 10.24821346349477658 ) ) ;
#1692 = ORIENTED_EDGE ( 'NONE', *, *, #3627, .F. ) ;
#1693 = LINE ( 'NONE', #5057, #1298 ) ;
#1694 = DIRECTION ( 'NONE',  ( -2.237515728249334980E-12, 6.358310602959382773E-05, -0.9999999979785942905 ) ) ;
#1695 = FACE_BOUND ( 'NONE', #4052, .T. ) ;
#1696 = ORIENTED_EDGE ( 'NONE', *, *, #2707, .F. ) ;
#1697 = EDGE_LOOP ( 'NONE', ( #4130, #2206, #2334, #209 ) ) ;
#1698 = CARTESIAN_POINT ( 'NONE',  ( -0.0008409249999952184140, 20.00423543964227591, -0.0009877960768234217426 ) ) ;
#1699 = CARTESIAN_POINT ( 'NONE',  ( 182.4999812859999793, 216.7041914317271676, 9.865009478870618409 ) ) ;
#1700 = DIRECTION ( 'NONE',  ( 1.084998577689678137E-13, -0.9999999979785944015, -6.358310602959384129E-05 ) ) ;
#1701 = DIRECTION ( 'NONE',  ( -5.780090818676150456E-15, 6.358310602959382773E-05, -0.9999999979785942905 ) ) ;
#1702 = DIRECTION ( 'NONE',  ( 1.000000000000000000, 0.000000000000000000, -2.237099394619688409E-12 ) ) ;
#1703 = ORIENTED_EDGE ( 'NONE', *, *, #1193, .T. ) ;
#1704 = VECTOR ( 'NONE', #2382, 999.9999999999998863 ) ;
#1705 = CARTESIAN_POINT ( 'NONE',  ( -90.00002176600000325, 0.002963787959199548627, 19.99821344334792883 ) ) ;
#1706 = ADVANCED_FACE ( 'NONE', ( #4347 ), #2239, .F. ) ;
#1707 = ORIENTED_EDGE ( 'NONE', *, *, #4073, .F. ) ;
#1708 = LINE ( 'NONE', #4177, #1831 ) ;
#1709 = ORIENTED_EDGE ( 'NONE', *, *, #732, .F. ) ;
#1710 = DIRECTION ( 'NONE',  ( 5.684341886078310580E-15, -6.358310602959384129E-05, 0.9999999979785944015 ) ) ;
#1711 = EDGE_CURVE ( 'NONE', #1190, #166, #3241, .T. ) ;
#1712 = AXIS2_PLACEMENT_3D ( 'NONE', #3909, #2621, #3571 ) ;
#1713 = ADVANCED_FACE ( 'NONE', ( #2684 ), #5119, .F. ) ;
#1714 = ORIENTED_EDGE ( 'NONE', *, *, #4785, .F. ) ;
#1715 = VECTOR ( 'NONE', #2077, 999.9999999999998863 ) ;
#1716 = DIRECTION ( 'NONE',  ( -2.248345365769999559E-13, 0.9987717903683451803, -0.04954705606199365231 ) ) ;
#1717 = CIRCLE ( 'NONE', #1262, 1.650000030520000216 ) ;
#1718 = ORIENTED_EDGE ( 'NONE', *, *, #4173, .T. ) ;
#1719 = DIRECTION ( 'NONE',  ( -5.761555299021150373E-15, 6.358310602959382773E-05, -0.9999999979785942905 ) ) ;
#1720 = EDGE_LOOP ( 'NONE', ( #5196, #1969, #3389, #5135 ) ) ;
#1721 = DIRECTION ( 'NONE',  ( -5.773159728048290444E-15, 6.358310602959382773E-05, -0.9999999979785942905 ) ) ;
#1722 = DIRECTION ( 'NONE',  ( 5.773159728048290444E-15, -6.358310602959382773E-05, 0.9999999979785942905 ) ) ;
#1723 = DIRECTION ( 'NONE',  ( -5.773159728048290444E-15, 6.358310602959382773E-05, -0.9999999979785942905 ) ) ;
#1724 = VERTEX_POINT ( 'NONE', #2268 ) ;
#1725 = DIRECTION ( 'NONE',  ( 1.136868377219662335E-13, -0.9999999979785944015, -6.358310602959384129E-05 ) ) ;
#1726 = AXIS2_PLACEMENT_3D ( 'NONE', #5239, #2692, #3974 ) ;
#1727 = DIRECTION ( 'NONE',  ( 1.000000000000000000, 0.000000000000000000, -5.551115020430141666E-15 ) ) ;
#1728 = AXIS2_PLACEMENT_3D ( 'NONE', #5352, #1566, #353 ) ;
#1729 = CARTESIAN_POINT ( 'NONE',  ( -26.75392683300001195, 10.00450788346931397, -4.286150676569483231 ) ) ;
#1730 = CARTESIAN_POINT ( 'NONE',  ( 139.9999812860000077, 0.004878602060116865591, -10.14876897722793991 ) ) ;
#1731 = ORIENTED_EDGE ( 'NONE', *, *, #3301, .F. ) ;
#1732 = DIRECTION ( 'NONE',  ( -1.000000000000000000, -4.504620681532429303E-11, 2.234651555022304295E-12 ) ) ;
#1733 = AXIS2_PLACEMENT_3D ( 'NONE', #1977, #4533, #4973 ) ;
#1734 = ORIENTED_EDGE ( 'NONE', *, *, #4038, .T. ) ;
#1735 = AXIS2_PLACEMENT_3D ( 'NONE', #4811, #2259, #1055 ) ;
#1736 = DIRECTION ( 'NONE',  ( 0.9999999815015170324, -0.0001923459529150375294, -1.222995890900204229E-08 ) ) ;
#1737 = EDGE_CURVE ( 'NONE', #670, #1524, #3485, .T. ) ;
#1738 = VERTEX_POINT ( 'NONE', #1423 ) ;
#1739 = DIRECTION ( 'NONE',  ( 5.684341886078310580E-15, -6.358310602959384129E-05, 0.9999999979785944015 ) ) ;
#1740 = EDGE_CURVE ( 'NONE', #273, #926, #1755, .T. ) ;
#1741 = VECTOR ( 'NONE', #4713, 999.9999999999998863 ) ;
#1742 = EDGE_LOOP ( 'NONE', ( #4656, #2826, #5210, #5110 ) ) ;
#1743 = ADVANCED_FACE ( 'NONE', ( #1363 ), #3082, .F. ) ;
#1744 = LINE ( 'NONE', #4280, #4055 ) ;
#1745 = ADVANCED_FACE ( 'NONE', ( #4741 ), #1807, .F. ) ;
#1746 = VECTOR ( 'NONE', #1776, 999.9999999999998863 ) ;
#1747 = CARTESIAN_POINT ( 'NONE',  ( 36.75388330100001610, 10.00550709197007038, -20.00115064473145665 ) ) ;
#1748 = ORIENTED_EDGE ( 'NONE', *, *, #5288, .F. ) ;
#1749 = FACE_OUTER_BOUND ( 'NONE', #4171, .T. ) ;
#1750 = ADVANCED_FACE ( 'NONE', ( #3511 ), #5180, .T. ) ;
#1751 = CIRCLE ( 'NONE', #959, 1.650000030520000216 ) ;
#1752 = DIRECTION ( 'NONE',  ( -1.000000000000000000, -4.504620681532429303E-11, 2.234651555022304295E-12 ) ) ;
#1753 = ORIENTED_EDGE ( 'NONE', *, *, #964, .T. ) ;
#1754 = DIRECTION ( 'NONE',  ( 1.000000000000000000, 1.139704744589884774E-13, 7.250291190691396319E-18 ) ) ;
#1755 = LINE ( 'NONE', #1336, #3334 ) ;
#1756 = EDGE_LOOP ( 'NONE', ( #902, #1615 ) ) ;
#1757 = AXIS2_PLACEMENT_3D ( 'NONE', #517, #47, #2579 ) ;
#1758 = VERTEX_POINT ( 'NONE', #2405 ) ;
#1759 = FACE_OUTER_BOUND ( 'NONE', #2638, .T. ) ;
#1760 = DIRECTION ( 'NONE',  ( -0.9999999815015170324, 0.0001923459528817308387, 1.222995891984406402E-08 ) ) ;
#1761 = LINE ( 'NONE', #2503, #4904 ) ;
#1762 = DIRECTION ( 'NONE',  ( -1.368051626841710102E-13, 0.9999999979785944015, 6.358310605241584978E-05 ) ) ;
#1763 = FACE_OUTER_BOUND ( 'NONE', #4660, .T. ) ;
#1764 = CARTESIAN_POINT ( 'NONE',  ( -59.25392378099999746, 10.00472361338150584, -0.1481331363527016443 ) ) ;
#1765 = CARTESIAN_POINT ( 'NONE',  ( -90.00002176600000325, 20.00358368273715115, 10.24948512512990817 ) ) ;
#1766 = ORIENTED_EDGE ( 'NONE', *, *, #2315, .T. ) ;
#1767 = CYLINDRICAL_SURFACE ( 'NONE', #1429, 2.500000046250013153 ) ;
#1768 = ORIENTED_EDGE ( 'NONE', *, *, #18, .F. ) ;
#1769 = CARTESIAN_POINT ( 'NONE',  ( -66.75392378100001167, 10.00424274846260708, -0.1481331669491714464 ) ) ;
#1770 = EDGE_CURVE ( 'NONE', #487, #4003, #3736, .T. ) ;
#1771 = ORIENTED_EDGE ( 'NONE', *, *, #4813, .T. ) ;
#1772 = DIRECTION ( 'NONE',  ( -5.773159728048290444E-15, 6.358310602959382773E-05, -0.9999999979785942905 ) ) ;
#1773 = CARTESIAN_POINT ( 'NONE',  ( -49.25392683300000840, 10.00489650223335403, -10.39813297401140346 ) ) ;
#1774 = DIRECTION ( 'NONE',  ( -5.773159728048290444E-15, 6.358310602959382773E-05, -0.9999999979785942905 ) ) ;
#1775 = VERTEX_POINT ( 'NONE', #5375 ) ;
#1776 = DIRECTION ( 'NONE',  ( 5.684341886078310580E-15, -6.358310602959384129E-05, 0.9999999979785944015 ) ) ;
#1777 = EDGE_CURVE ( 'NONE', #4279, #281, #5426, .T. ) ;
#1778 = DIRECTION ( 'NONE',  ( 2.237515728249334980E-12, -6.358310602959382773E-05, 0.9999999979785942905 ) ) ;
#1779 = ORIENTED_EDGE ( 'NONE', *, *, #279, .T. ) ;
#1780 = EDGE_CURVE ( 'NONE', #4028, #1952, #3236, .T. ) ;
#1781 = DIRECTION ( 'NONE',  ( -2.237690279189335060E-12, 6.358310602959384129E-05, -0.9999999979785944015 ) ) ;
#1782 = ORIENTED_EDGE ( 'NONE', *, *, #4376, .T. ) ;
#1783 = ORIENTED_EDGE ( 'NONE', *, *, #4947, .T. ) ;
#1784 = CIRCLE ( 'NONE', #5222, 2.500000046250006047 ) ;
#1785 = CARTESIAN_POINT ( 'NONE',  ( 89.99997823399996832, 20.00520177688847667, -15.19900597855633428 ) ) ;
#1786 = FACE_BOUND ( 'NONE', #1240, .T. ) ;
#1787 = CARTESIAN_POINT ( 'NONE',  ( -49.25392683300000840, 10.00296376772080009, 19.99884927466488804 ) ) ;
#1788 = DIRECTION ( 'NONE',  ( 2.237515728249334980E-12, -6.358310602959382773E-05, 0.9999999979785942905 ) ) ;
#1789 = CARTESIAN_POINT ( 'NONE',  ( 79.99998128599999347, 20.00360690490238369, 9.852502643832860230 ) ) ;
#1790 = EDGE_CURVE ( 'NONE', #1859, #1417, #4639, .T. ) ;
#1791 = VERTEX_POINT ( 'NONE', #3302 ) ;
#1792 = CARTESIAN_POINT ( 'NONE',  ( -61.75392683300001551, 10.00296376772080009, 19.99884927466488804 ) ) ;
#1793 = CARTESIAN_POINT ( 'NONE',  ( 187.4999812859999793, 176.7048273436428190, -0.1375338252400937211 ) ) ;
#1794 = ORIENTED_EDGE ( 'NONE', *, *, #2028, .F. ) ;
#1795 = DIRECTION ( 'NONE',  ( 5.684341886078310580E-15, -6.358310602959384129E-05, 0.9999999979785944015 ) ) ;
#1796 = ORIENTED_EDGE ( 'NONE', *, *, #2448, .F. ) ;
#1797 = DIRECTION ( 'NONE',  ( 2.860686830309150374E-15, -0.9999999979785944015, -6.358310602959384129E-05 ) ) ;
#1798 = DIRECTION ( 'NONE',  ( 1.000000000000000000, 0.000000000000000000, -2.237099394619688409E-12 ) ) ;
#1799 = DIRECTION ( 'NONE',  ( 1.000000000000000000, 1.092891862105085948E-13, -5.421616317522051228E-15 ) ) ;
#1800 = EDGE_CURVE ( 'NONE', #3270, #560, #4807, .T. ) ;
#1801 = EDGE_LOOP ( 'NONE', ( #3345, #169, #4390, #4007 ) ) ;
#1802 = CYLINDRICAL_SURFACE ( 'NONE', #4334, 2.500000046250013153 ) ;
#1803 = DESIGN_CONTEXT ( 'detailed design', #4366, 'design' ) ;
#1804 = CARTESIAN_POINT ( 'NONE',  ( 17.64997823400002375, 0.004235450083843461666, -0.001786516350243960716 ) ) ;
#1805 = VERTEX_POINT ( 'NONE', #4537 ) ;
#1806 = DIRECTION ( 'NONE',  ( -2.237515728249334980E-12, 6.358310602959382773E-05, -0.9999999979785942905 ) ) ;
#1807 = CYLINDRICAL_SURFACE ( 'NONE', #3673, 6.300000000769999886 ) ;
#1808 = EDGE_CURVE ( 'NONE', #35, #2252, #2858, .T. ) ;
#1809 = ORIENTED_EDGE ( 'NONE', *, *, #2978, .T. ) ;
#1810 = ORIENTED_EDGE ( 'NONE', *, *, #5344, .F. ) ;
#1811 = LINE ( 'NONE', #1896, #71 ) ;
#1812 = DIRECTION ( 'NONE',  ( 0.9999999815015170324, -0.0001923459528373219177, -1.222995890900204229E-08 ) ) ;
#1813 = DIRECTION ( 'NONE',  ( 1.141841996549659981E-13, -0.9999999979785944015, -6.358310602959384129E-05 ) ) ;
#1814 = DIRECTION ( 'NONE',  ( 2.237515728248475083E-12, -6.358310602959382773E-05, 0.9999999979785942905 ) ) ;
#1815 = EDGE_CURVE ( 'NONE', #3399, #5234, #1717, .T. ) ;
#1816 = CALENDAR_DATE ( 2026, 12, 7 ) ;
#1817 = DIRECTION ( 'NONE',  ( -1.136868377219662335E-13, 0.9999999979785944015, 6.358310602959384129E-05 ) ) ;
#1818 = DIRECTION ( 'NONE',  ( -2.237515728249334980E-12, 6.358310602959382773E-05, -0.9999999979785942905 ) ) ;
#1819 = EDGE_CURVE ( 'NONE', #5209, #2964, #2429, .T. ) ;
#1820 = CIRCLE ( 'NONE', #2362, 2.500000046250006047 ) ;
#1821 = ORIENTED_EDGE ( 'NONE', *, *, #433, .F. ) ;
#1822 = DIRECTION ( 'NONE',  ( -0.7069707589770840572, -4.496869260678006814E-05, 0.7072427758055803704 ) ) ;
#1823 = ADVANCED_FACE ( 'NONE', ( #752 ), #3242, .F. ) ;
#1824 = AXIS2_PLACEMENT_3D ( 'NONE', #4815, #557, #1394 ) ;
#1825 = ORIENTED_EDGE ( 'NONE', *, *, #5152, .T. ) ;
#1826 = LINE ( 'NONE', #2700, #5200 ) ;
#1827 = AXIS2_PLACEMENT_3D ( 'NONE', #2184, #1344, #3884 ) ;
#1828 = AXIS2_PLACEMENT_3D ( 'NONE', #4764, #4442, #86 ) ;
#1829 = ORIENTED_EDGE ( 'NONE', *, *, #337, .F. ) ;
#1830 = DIRECTION ( 'NONE',  ( -5.773159728048290444E-15, 6.358310602959382773E-05, -0.9999999979785942905 ) ) ;
#1831 = VECTOR ( 'NONE', #5045, 999.9999999999998863 ) ;
#1832 = DIRECTION ( 'NONE',  ( 1.000000000000000000, 0.000000000000000000, -5.551115020430157443E-15 ) ) ;
#1833 = CYLINDRICAL_SURFACE ( 'NONE', #4481, 1.650000030520000216 ) ;
#1834 = EDGE_LOOP ( 'NONE', ( #506, #4524, #2462, #897 ) ) ;
#1835 = VECTOR ( 'NONE', #1799, 1000.000000000000000 ) ;
#1836 = LINE ( 'NONE', #174, #2207 ) ;
#1837 = CARTESIAN_POINT ( 'NONE',  ( -29.25392683300001551, 10.00450788346931397, -4.286150676569483231 ) ) ;
#1838 = VECTOR ( 'NONE', #4801, 999.9999999999998863 ) ;
#1839 = CARTESIAN_POINT ( 'NONE',  ( 41.75388635400001647, 10.00360691745023978, 9.851866812897430492 ) ) ;
#1840 = DIRECTION ( 'NONE',  ( -2.237690279189335060E-12, 6.358310602959384129E-05, -0.9999999979785944015 ) ) ;
#1841 = DIRECTION ( 'NONE',  ( 1.000000000000000000, 1.137978600240784444E-13, -2.237446339314883771E-12 ) ) ;
#1842 = ORIENTED_EDGE ( 'NONE', *, *, #5152, .F. ) ;
#1843 = ORIENTED_EDGE ( 'NONE', *, *, #3561, .F. ) ;
#1844 = EDGE_CURVE ( 'NONE', #2198, #1249, #4512, .T. ) ;
#1845 = CARTESIAN_POINT ( 'NONE',  ( 184.9999812859999793, 166.7049823299746834, -10.13816966700017907 ) ) ;
#1846 = AXIS2_PLACEMENT_3D ( 'NONE', #2256, #3100, #1022 ) ;
#1847 = CARTESIAN_POINT ( 'NONE',  ( -39.25392683299999419, 10.00450788346931397, -4.286150676569483231 ) ) ;
#1848 = DIRECTION ( 'NONE',  ( -1.000000000000000000, -1.137978600240784444E-13, 2.237446339314883771E-12 ) ) ;
#1849 = LINE ( 'NONE', #5214, #2815 ) ;
#1850 = DIRECTION ( 'NONE',  ( 5.684341886078310580E-15, -6.358310602959384129E-05, 0.9999999979785944015 ) ) ;
#1851 = AXIS2_PLACEMENT_3D ( 'NONE', #183, #1406, #4782 ) ;
#1852 = ADVANCED_FACE ( 'NONE', ( #2428, #4100, #4978, #3677, #282, #2381 ), #5339, .F. ) ;
#1853 = ORIENTED_EDGE ( 'NONE', *, *, #5355, .F. ) ;
#1854 = DIRECTION ( 'NONE',  ( -5.773159728048290444E-15, 6.358310602959382773E-05, -0.9999999979785942905 ) ) ;
#1855 = CARTESIAN_POINT ( 'NONE',  ( -12.48045645399997738, 10.00344188502531217, 12.47928397783659804 ) ) ;
#1856 = ADVANCED_FACE ( 'NONE', ( #4894 ), #4590, .T. ) ;
#1857 = VERTEX_POINT ( 'NONE', #310 ) ;
#1858 = CYLINDRICAL_SURFACE ( 'NONE', #2213, 2.500000046249998942 ) ;
#1859 = VERTEX_POINT ( 'NONE', #5006 ) ;
#1860 = CARTESIAN_POINT ( 'NONE',  ( 61.75388635399997384, 10.00424274856249340, -0.1481331669541396945 ) ) ;
#1861 = CARTESIAN_POINT ( 'NONE',  ( -36.75392378100001167, 10.00360691745023978, 9.851866812897430492 ) ) ;
#1862 = CARTESIAN_POINT ( 'NONE',  ( 69.25388330199999132, 10.00296376767125395, 19.99884927366613141 ) ) ;
#1863 = DIRECTION ( 'NONE',  ( 1.000000000000000000, 1.139705910348116809E-13, 0.000000000000000000 ) ) ;
#1864 = CARTESIAN_POINT ( 'NONE',  ( 49.25388330100000189, 10.00450788341976782, -4.286150677568239864 ) ) ;
#1865 = CARTESIAN_POINT ( 'NONE',  ( 46.75388330100000189, 10.00550709197007038, -20.00115064473145665 ) ) ;
#1866 = ORIENTED_EDGE ( 'NONE', *, *, #3356, .F. ) ;
#1867 = ORIENTED_EDGE ( 'NONE', *, *, #5007, .F. ) ;
#1868 = DIRECTION ( 'NONE',  ( 2.237515728249914975E-12, -6.358310602959382773E-05, 0.9999999979785942905 ) ) ;
#1869 = AXIS2_PLACEMENT_3D ( 'NONE', #4358, #545, #3947 ) ;
#1870 = PERSON_AND_ORGANIZATION_ROLE ( 'design_supplier' ) ;
#1871 = LINE ( 'NONE', #3091, #2993 ) ;
#1872 = ADVANCED_FACE ( 'NONE', ( #786 ), #672, .F. ) ;
#1873 = AXIS2_PLACEMENT_3D ( 'NONE', #881, #5061, #4695 ) ;
#1874 = LINE ( 'NONE', #131, #434 ) ;
#1875 = CIRCLE ( 'NONE', #3652, 2.499999999999998668 ) ;
#1876 = ORIENTED_EDGE ( 'NONE', *, *, #2357, .F. ) ;
#1877 = LINE ( 'NONE', #1459, #5127 ) ;
#1878 = FACE_OUTER_BOUND ( 'NONE', #333, .T. ) ;
#1879 = DIRECTION ( 'NONE',  ( -1.139453543460787823E-13, 0.9999999979785942905, 6.358310602959382773E-05 ) ) ;
#1880 = ORIENTED_EDGE ( 'NONE', *, *, #2916, .T. ) ;
#1881 = EDGE_CURVE ( 'NONE', #1350, #4965, #373, .T. ) ;
#1882 = FACE_BOUND ( 'NONE', #5406, .T. ) ;
#1883 = ORIENTED_EDGE ( 'NONE', *, *, #2818, .T. ) ;
#1884 = CARTESIAN_POINT ( 'NONE',  ( -2.176600000236561527E-05, 10.00514784739391061, -14.35115065681630320 ) ) ;
#1885 = CARTESIAN_POINT ( 'NONE',  ( -185.0000187136000136, 186.7037106230290249, 9.863101954546205974 ) ) ;
#1886 = EDGE_CURVE ( 'NONE', #4805, #2898, #4321, .T. ) ;
#1887 = DIRECTION ( 'NONE',  ( -1.000000000000000000, -1.137978600240784444E-13, 2.237446339314883771E-12 ) ) ;
#1888 = AXIS2_PLACEMENT_3D ( 'NONE', #311, #1065, #727 ) ;
#1889 = DIRECTION ( 'NONE',  ( -1.139637790620680643E-13, 0.9999999979785944015, 6.358310606435077440E-05 ) ) ;
#1890 = DIRECTION ( 'NONE',  ( -1.000000000000000000, 2.863957255156185782E-16, 5.773177949648009516E-15 ) ) ;
#1891 = DIRECTION ( 'NONE',  ( -2.237515728249334980E-12, 6.358310602959382773E-05, -0.9999999979785942905 ) ) ;
#1892 = VECTOR ( 'NONE', #4183, 999.9999999999998863 ) ;
#1893 = ORIENTED_EDGE ( 'NONE', *, *, #3359, .F. ) ;
#1894 = ORIENTED_EDGE ( 'NONE', *, *, #4977, .T. ) ;
#1895 = AXIS2_PLACEMENT_3D ( 'NONE', #2570, #2968, #453 ) ;
#1896 = CARTESIAN_POINT ( 'NONE',  ( 194.9999812859999793, 94.52939305466803432, -10.14275881530529766 ) ) ;
#1897 = CARTESIAN_POINT ( 'NONE',  ( 59.25388330100000900, 10.00489650228368532, -10.39813297501515699 ) ) ;
#1898 = DIRECTION ( 'NONE',  ( -1.139704650099660056E-13, 0.9999999979785942905, 6.358310602959382773E-05 ) ) ;
#1899 = DIRECTION ( 'NONE',  ( 5.684341886078310580E-15, -6.358310602959384129E-05, 0.9999999979785944015 ) ) ;
#1900 = VERTEX_POINT ( 'NONE', #1308 ) ;
#1901 = CARTESIAN_POINT ( 'NONE',  ( -140.0000187136000136, 20.00487855713917185, -10.14749731537478716 ) ) ;
#1902 = CYLINDRICAL_SURFACE ( 'NONE', #3347, 1.650000030519998884 ) ;
#1903 = ORIENTED_EDGE ( 'NONE', *, *, #3217, .T. ) ;
#1904 = DIRECTION ( 'NONE',  ( -5.773159728048293600E-15, 6.358310602959384129E-05, -0.9999999979785944015 ) ) ;
#1905 = AXIS2_PLACEMENT_3D ( 'NONE', #3727, #2876, #717 ) ;
#1906 = VECTOR ( 'NONE', #2106, 999.9999999999998863 ) ;
#1907 = EDGE_CURVE ( 'NONE', #4565, #2523, #1925, .T. ) ;
#1908 = ORIENTED_EDGE ( 'NONE', *, *, #3059, .T. ) ;
#1909 = CARTESIAN_POINT ( 'NONE',  ( -49.25392683300000840, 10.00450788346931397, -4.286150676569483231 ) ) ;
#1910 = DIRECTION ( 'NONE',  ( -1.136868377219662335E-13, 0.9999999979785944015, 6.358310602959384129E-05 ) ) ;
#1911 = CIRCLE ( 'NONE', #230, 2.500000046250006047 ) ;
#1912 = APPROVAL_PERSON_ORGANIZATION ( #597, #2124, #1430 ) ;
#1913 = DIRECTION ( 'NONE',  ( 1.000000000000000000, 0.000000000000000000, -5.551115020430157443E-15 ) ) ;
#1914 = AXIS2_PLACEMENT_3D ( 'NONE', #2139, #1346, #3854 ) ;
#1915 = AXIS2_PLACEMENT_3D ( 'NONE', #446, #1327, #3840 ) ;
#1916 = VECTOR ( 'NONE', #3588, 999.9999999999998863 ) ;
#1917 = EDGE_CURVE ( 'NONE', #926, #1558, #4664, .T. ) ;
#1918 = DIRECTION ( 'NONE',  ( -2.237690279189335060E-12, 6.358310602959384129E-05, -0.9999999979785944015 ) ) ;
#1919 = FACE_BOUND ( 'NONE', #2571, .T. ) ;
#1920 = AXIS2_PLACEMENT_3D ( 'NONE', #3089, #75, #539 ) ;
#1921 = AXIS2_PLACEMENT_3D ( 'NONE', #5303, #3231, #3694 ) ;
#1922 = ADVANCED_FACE ( 'NONE', ( #5031, #3483, #2153, #428, #896, #1670 ), #5453, .T. ) ;
#1923 = ORIENTED_EDGE ( 'NONE', *, *, #4794, .F. ) ;
#1924 = VERTEX_POINT ( 'NONE', #3845 ) ;
#1925 = CIRCLE ( 'NONE', #2463, 2.500000046249998942 ) ;
#1926 = CIRCLE ( 'NONE', #5003, 2.500000000000002220 ) ;
#1927 = CARTESIAN_POINT ( 'NONE',  ( 187.4999812859999793, 226.7048272428511098, -0.1343546706776277411 ) ) ;
#1928 = CARTESIAN_POINT ( 'NONE',  ( 19.99998128600000058, 10.00360691745023978, 9.851866812897430492 ) ) ;
#1929 = ORIENTED_EDGE ( 'NONE', *, *, #494, .T. ) ;
#1930 = CIRCLE ( 'NONE', #2020, 2.500000046250006047 ) ;
#1931 = LINE ( 'NONE', #4827, #5073 ) ;
#1932 = DIRECTION ( 'NONE',  ( -2.238756188979335649E-12, 6.358310602959384129E-05, -0.9999999979785944015 ) ) ;
#1933 = CIRCLE ( 'NONE', #162, 2.500000046250006047 ) ;
#1934 = EDGE_LOOP ( 'NONE', ( #1001, #3505, #3512, #400 ) ) ;
#1935 = CARTESIAN_POINT ( 'NONE',  ( 15.99997823400001096, 10.00423540970930780, -0.0008333142377248137223 ) ) ;
#1936 = LINE ( 'NONE', #4545, #3042 ) ;
#1937 = DIRECTION ( 'NONE',  ( 2.237515728249914975E-12, -6.358310602959382773E-05, 0.9999999979785942905 ) ) ;
#1938 = DIRECTION ( 'NONE',  ( -2.237515728249334980E-12, 6.358310602959382773E-05, -0.9999999979785942905 ) ) ;
#1939 = ORIENTED_EDGE ( 'NONE', *, *, #2064, .T. ) ;
#1940 = ORIENTED_EDGE ( 'NONE', *, *, #3654, .T. ) ;
#1941 = VECTOR ( 'NONE', #107, 999.9999999999998863 ) ;
#1942 = FACE_OUTER_BOUND ( 'NONE', #2937, .T. ) ;
#1943 = VERTEX_POINT ( 'NONE', #3427 ) ;
#1944 = ORIENTED_EDGE ( 'NONE', *, *, #1990, .F. ) ;
#1945 = DIRECTION ( 'NONE',  ( -5.773159728048290444E-15, 6.358310602959382773E-05, -0.9999999979785942905 ) ) ;
#1946 = DIRECTION ( 'NONE',  ( -4.504606463818666236E-11, 0.9999999979785944015, 6.358310602959384129E-05 ) ) ;
#1947 = DIRECTION ( 'NONE',  ( -1.136868377219662335E-13, 0.9999999979785944015, 6.358310602959384129E-05 ) ) ;
#1948 = ADVANCED_FACE ( 'NONE', ( #4687 ), #2129, .F. ) ;
#1949 = CYLINDRICAL_SURFACE ( 'NONE', #1358, 50.00000000000000000 ) ;
#1950 = LINE ( 'NONE', #2853, #759 ) ;
#1951 = VERTEX_POINT ( 'NONE', #4286 ) ;
#1952 = VERTEX_POINT ( 'NONE', #38 ) ;
#1953 = EDGE_CURVE ( 'NONE', #2585, #3351, #3871, .T. ) ;
#1954 = EDGE_CURVE ( 'NONE', #121, #1517, #1359, .T. ) ;
#1955 = CARTESIAN_POINT ( 'NONE',  ( 184.9999812859999793, 186.7053081885733832, -0.1368979643402989943 ) ) ;
#1956 = PLANE ( 'NONE',  #1888 ) ;
#1957 = ORIENTED_EDGE ( 'NONE', *, *, #5287, .T. ) ;
#1958 = ADVANCED_FACE ( 'NONE', ( #5142 ), #5114, .F. ) ;
#1959 = DIRECTION ( 'NONE',  ( -1.139704650099662833E-13, 0.9999999979785944015, 6.358310602959384129E-05 ) ) ;
#1960 = EDGE_CURVE ( 'NONE', #1417, #1859, #771, .T. ) ;
#1961 = ORIENTED_EDGE ( 'NONE', *, *, #4262, .T. ) ;
#1962 = FACE_OUTER_BOUND ( 'NONE', #2140, .T. ) ;
#1963 = LINE ( 'NONE', #210, #2681 ) ;
#1964 = AXIS2_PLACEMENT_3D ( 'NONE', #1322, #3036, #133 ) ;
#1965 = CARTESIAN_POINT ( 'NONE',  ( 184.9999812859999793, 196.7049822695095429, -10.13626217406291019 ) ) ;
#1966 = CARTESIAN_POINT ( 'NONE',  ( -185.0000187136000136, 196.7049822655144737, -10.13626217386473449 ) ) ;
#1967 = ORIENTED_EDGE ( 'NONE', *, *, #4559, .T. ) ;
#1968 = VERTEX_POINT ( 'NONE', #3380 ) ;
#1969 = ORIENTED_EDGE ( 'NONE', *, *, #265, .T. ) ;
#1970 = ORIENTED_EDGE ( 'NONE', *, *, #1204, .F. ) ;
#1971 = CARTESIAN_POINT ( 'NONE',  ( -145.0000187082999901, 20.00487855693941697, -10.14749731536487865 ) ) ;
#1972 = LINE ( 'NONE', #276, #5083 ) ;
#1973 = DIRECTION ( 'NONE',  ( -5.773159728048290444E-15, 6.358310602959382773E-05, -0.9999999979785942905 ) ) ;
#1974 = EDGE_LOOP ( 'NONE', ( #1489, #3257, #5082, #3294 ) ) ;
#1975 = CARTESIAN_POINT ( 'NONE',  ( -2.176600000236561527E-05, 10.00250279024452205, 27.24884925955270276 ) ) ;
#1976 = VECTOR ( 'NONE', #1256, 999.9999999999998863 ) ;
#1977 = CARTESIAN_POINT ( 'NONE',  ( -11.31395467999998772, 0.004954796535963645887, -11.31527057794123792 ) ) ;
#1978 = ORIENTED_EDGE ( 'NONE', *, *, #1815, .F. ) ;
#1979 = AXIS2_PLACEMENT_3D ( 'NONE', #2101, #812, #4186 ) ;
#1980 = ORIENTED_EDGE ( 'NONE', *, *, #3731, .T. ) ;
#1981 = EDGE_CURVE ( 'NONE', #4209, #4830, #3003, .T. ) ;
#1982 = CARTESIAN_POINT ( 'NONE',  ( 59.25388330100000900, 10.00450788341976782, -4.286150677568239864 ) ) ;
#1983 = EDGE_CURVE ( 'NONE', #5234, #3432, #1693, .T. ) ;
#1984 = DIRECTION ( 'NONE',  ( 5.684341886078310580E-15, -6.358310602959384129E-05, 0.9999999979785944015 ) ) ;
#1985 = VERTEX_POINT ( 'NONE', #1278 ) ;
#1986 = FACE_OUTER_BOUND ( 'NONE', #2856, .T. ) ;
#1987 = AXIS2_PLACEMENT_3D ( 'NONE', #4375, #3543, #4690 ) ;
#1988 = VECTOR ( 'NONE', #2702, 999.9999999999998863 ) ;
#1989 = LINE ( 'NONE', #4190, #1906 ) ;
#1990 = EDGE_CURVE ( 'NONE', #2466, #4833, #504, .T. ) ;
#1991 = EDGE_CURVE ( 'NONE', #1791, #2120, #321, .T. ) ;
#1992 = ORIENTED_EDGE ( 'NONE', *, *, #2499, .T. ) ;
#1993 = FACE_BOUND ( 'NONE', #244, .T. ) ;
#1994 = VECTOR ( 'NONE', #4160, 999.9999999999998863 ) ;
#1995 = CARTESIAN_POINT ( 'NONE',  ( -41.75392683300000130, 10.00450788346931397, -4.286150676569483231 ) ) ;
#1996 = CARTESIAN_POINT ( 'NONE',  ( 14.34997823400002659, 10.00423542984544412, -0.001150685033285414605 ) ) ;
#1997 = ORIENTED_EDGE ( 'NONE', *, *, #5018, .F. ) ;
#1998 = ORIENTED_EDGE ( 'NONE', *, *, #834, .T. ) ;
#1999 = EDGE_CURVE ( 'NONE', #869, #349, #4825, .T. ) ;
#2000 = MANIFOLD_SOLID_BREP ( 'comp1.1\\Part1.1\\PartBody', #496 ) ;
#2001 = ORIENTED_EDGE ( 'NONE', *, *, #3359, .T. ) ;
#2002 = ORIENTED_EDGE ( 'NONE', *, *, #122, .F. ) ;
#2003 = CARTESIAN_POINT ( 'NONE',  ( 54.74997823399996122, 20.00358368283702504, 10.24948512512494148 ) ) ;
#2004 = FACE_OUTER_BOUND ( 'NONE', #3099, .T. ) ;
#2005 = PLANE ( 'NONE',  #4671 ) ;
#2006 = CIRCLE ( 'NONE', #1284, 1.650000030520000216 ) ;
#2007 = FACE_BOUND ( 'NONE', #4162, .T. ) ;
#2008 = ORIENTED_EDGE ( 'NONE', *, *, #163, .F. ) ;
#2009 = AXIS2_PLACEMENT_3D ( 'NONE', #4475, #1058, #3509 ) ;
#2010 = ORIENTED_EDGE ( 'NONE', *, *, #4594, .T. ) ;
#2011 = DIRECTION ( 'NONE',  ( 2.237515728249914975E-12, -6.358310602959382773E-05, 0.9999999979785942905 ) ) ;
#2012 = AXIS2_PLACEMENT_3D ( 'NONE', #2397, #3669, #3698 ) ;
#2013 = DIRECTION ( 'NONE',  ( -2.237515728249334980E-12, 6.358310602959382773E-05, -0.9999999979785942905 ) ) ;
#2014 = VERTEX_POINT ( 'NONE', #839 ) ;
#2015 = DIRECTION ( 'NONE',  ( -1.139704650099660056E-13, 0.9999999979785942905, 6.358310602959382773E-05 ) ) ;
#2016 = AXIS2_PLACEMENT_3D ( 'NONE', #2615, #3902, #3866 ) ;
#2017 = EDGE_CURVE ( 'NONE', #4176, #652, #2537, .T. ) ;
#2018 = DIRECTION ( 'NONE',  ( 5.684341886078310580E-15, -6.358310602959384129E-05, 0.9999999979785944015 ) ) ;
#2019 = ORIENTED_EDGE ( 'NONE', *, *, #1269, .F. ) ;
#2020 = AXIS2_PLACEMENT_3D ( 'NONE', #154, #4405, #1399 ) ;
#2021 = CARTESIAN_POINT ( 'NONE',  ( 12.48041292200000107, 10.00344188502531217, 12.47928397783659804 ) ) ;
#2022 = CARTESIAN_POINT ( 'NONE',  ( -142.5000187108999796, 20.00487855703929796, -10.14749731536981869 ) ) ;
#2023 = DIRECTION ( 'NONE',  ( -1.381101079724618225E-13, 0.9999999979785942905, 6.358310600547424608E-05 ) ) ;
#2024 = ORIENTED_EDGE ( 'NONE', *, *, #3510, .F. ) ;
#2025 = EDGE_LOOP ( 'NONE', ( #1125, #3710 ) ) ;
#2026 = EDGE_CURVE ( 'NONE', #271, #4984, #4233, .T. ) ;
#2027 = VECTOR ( 'NONE', #4768, 999.9999999999998863 ) ;
#2028 = EDGE_CURVE ( 'NONE', #2081, #1516, #5206, .T. ) ;
#2029 = EDGE_LOOP ( 'NONE', ( #684, #4251 ) ) ;
#2030 = VERTEX_POINT ( 'NONE', #2735 ) ;
#2031 = DIRECTION ( 'NONE',  ( 1.000000000000000000, 0.000000000000000000, -5.551115020430157443E-15 ) ) ;
#2032 = CARTESIAN_POINT ( 'NONE',  ( -54.25420330200000762, 0.002963787959199548627, 19.99821344334792883 ) ) ;
#2033 = AXIS2_PLACEMENT_3D ( 'NONE', #1078, #2316, #2361 ) ;
#2034 = DIRECTION ( 'NONE',  ( -1.139704650099660056E-13, 0.9999999979785942905, 6.358310602959382773E-05 ) ) ;
#2035 = CARTESIAN_POINT ( 'NONE',  ( -182.5000187135999852, 166.7041915284742402, 9.861830323507541962 ) ) ;
#2036 = DIRECTION ( 'NONE',  ( 4.504618900114110147E-11, -0.9999999979785942905, -6.358310602959404458E-05 ) ) ;
#2037 = CARTESIAN_POINT ( 'NONE',  ( -185.0000187136000136, 226.7049822040506228, -10.13435468087794966 ) ) ;
#2038 = LINE ( 'NONE', #1633, #1116 ) ;
#2039 = EDGE_LOOP ( 'NONE', ( #5258, #2877 ) ) ;
#2040 = VERTEX_POINT ( 'NONE', #2235 ) ;
#2041 = CARTESIAN_POINT ( 'NONE',  ( 41.75388635400001647, 10.00424274856249340, -0.1481331669541396945 ) ) ;
#2042 = DIRECTION ( 'NONE',  ( 1.000000000000000000, 0.000000000000000000, -5.551115020430157443E-15 ) ) ;
#2043 = ORIENTED_EDGE ( 'NONE', *, *, #261, .T. ) ;
#2044 = DIRECTION ( 'NONE',  ( -1.139704650099662076E-13, 0.9999999979785942905, 6.358310602959382773E-05 ) ) ;
#2045 = VERTEX_POINT ( 'NONE', #556 ) ;
#2046 = DIRECTION ( 'NONE',  ( -2.237515728249334980E-12, 6.358310602959382773E-05, -0.9999999979785942905 ) ) ;
#2047 = DIRECTION ( 'NONE',  ( -2.237515728249334980E-12, 6.358310602959382773E-05, -0.9999999979785942905 ) ) ;
#2048 = ADVANCED_FACE ( 'NONE', ( #532 ), #4016, .F. ) ;
#2049 = LINE ( 'NONE', #650, #2452 ) ;
#2050 = VERTEX_POINT ( 'NONE', #1009 ) ;
#2051 = VERTEX_POINT ( 'NONE', #199 ) ;
#2052 = VECTOR ( 'NONE', #2108, 999.9999999999998863 ) ;
#2053 = ORIENTED_EDGE ( 'NONE', *, *, #5164, .T. ) ;
#2054 = ORIENTED_EDGE ( 'NONE', *, *, #115, .T. ) ;
#2055 = CARTESIAN_POINT ( 'NONE',  ( 41.75388635400001647, 10.00487857957486604, -10.14813314680074186 ) ) ;
#2056 = DIRECTION ( 'NONE',  ( 1.000000000000000000, 0.000000000000000000, -2.237793284010079132E-12 ) ) ;
#2057 = EDGE_CURVE ( 'NONE', #4229, #2497, #1448, .T. ) ;
#2058 = LINE ( 'NONE', #2480, #224 ) ;
#2059 = ORIENTED_EDGE ( 'NONE', *, *, #2707, .T. ) ;
#2060 = DIRECTION ( 'NONE',  ( 2.237515728249334980E-12, -6.358310602959382773E-05, 0.9999999979785942905 ) ) ;
#2061 = AXIS2_PLACEMENT_3D ( 'NONE', #165, #2696, #2196 ) ;
#2062 = CIRCLE ( 'NONE', #4788, 2.500000046250006047 ) ;
#2063 = FACE_OUTER_BOUND ( 'NONE', #4557, .T. ) ;
#2064 = EDGE_CURVE ( 'NONE', #4522, #1377, #1472, .T. ) ;
#2065 = DIRECTION ( 'NONE',  ( -5.767608399526180311E-15, 6.358310602959382773E-05, -0.9999999979785942905 ) ) ;
#2066 = EDGE_CURVE ( 'NONE', #3138, #464, #946, .T. ) ;
#2067 = AXIS2_PLACEMENT_3D ( 'NONE', #2776, #4168, #4460 ) ;
#2068 = ORIENTED_EDGE ( 'NONE', *, *, #2601, .T. ) ;
#2069 = ORIENTED_EDGE ( 'NONE', *, *, #2855, .F. ) ;
#2070 = EDGE_CURVE ( 'NONE', #80, #2051, #4717, .T. ) ;
#2071 = DIRECTION ( 'NONE',  ( 3.006034324351338863E-05, -6.358310605235899693E-05, 0.9999999975267822583 ) ) ;
#2072 = FACE_OUTER_BOUND ( 'NONE', #529, .T. ) ;
#2073 = VERTEX_POINT ( 'NONE', #175 ) ;
#2074 = ORIENTED_EDGE ( 'NONE', *, *, #1790, .T. ) ;
#2075 = MANIFOLD_SOLID_BREP ( 'comp1.1\\Part4.1\\PartBody', #4899 ) ;
#2076 = ADVANCED_FACE ( 'NONE', ( #4372 ), #4739, .F. ) ;
#2077 = DIRECTION ( 'NONE',  ( 5.684341886078310580E-15, -6.358310602959384129E-05, 0.9999999979785944015 ) ) ;
#2078 = ORIENTED_EDGE ( 'NONE', *, *, #2172, .T. ) ;
#2079 = CARTESIAN_POINT ( 'NONE',  ( 182.4999812859999793, 166.7041915334681050, 9.861830323259795250 ) ) ;
#2080 = LINE ( 'NONE', #2604, #3784 ) ;
#2081 = VERTEX_POINT ( 'NONE', #5253 ) ;
#2082 = ORIENTED_EDGE ( 'NONE', *, *, #485, .T. ) ;
#2083 = AXIS2_PLACEMENT_3D ( 'NONE', #634, #1421, #223 ) ;
#2084 = AXIS2_PLACEMENT_3D ( 'NONE', #4797, #68, #4397 ) ;
#2085 = ORIENTED_EDGE ( 'NONE', *, *, #5080, .F. ) ;
#2086 = ORIENTED_EDGE ( 'NONE', *, *, #4982, .F. ) ;
#2087 = AXIS2_PLACEMENT_3D ( 'NONE', #1619, #2044, #1561 ) ;
#2088 = CARTESIAN_POINT ( 'NONE',  ( 19.99998128600000058, 0.004878602060116865591, -10.14876897722793991 ) ) ;
#2089 = DIRECTION ( 'NONE',  ( 5.684341886078310580E-15, -6.358310602959384129E-05, 0.9999999979785944015 ) ) ;
#2090 = ORIENTED_EDGE ( 'NONE', *, *, #91, .T. ) ;
#2091 = FACE_OUTER_BOUND ( 'NONE', #1023, .T. ) ;
#2092 = EDGE_CURVE ( 'NONE', #535, #2351, #951, .T. ) ;
#2093 = ORIENTED_EDGE ( 'NONE', *, *, #3592, .F. ) ;
#2094 = ORIENTED_EDGE ( 'NONE', *, *, #3282, .F. ) ;
#2095 = ADVANCED_FACE ( 'NONE', ( #2344 ), #146, .F. ) ;
#2096 = AXIS2_PLACEMENT_3D ( 'NONE', #1966, #4056, #4461 ) ;
#2097 = CARTESIAN_POINT ( 'NONE',  ( 142.4999812889999760, 20.00360690774848749, 9.852502644692922473 ) ) ;
#2098 = AXIS2_PLACEMENT_3D ( 'NONE', #407, #1788, #1702 ) ;
#2099 = ADVANCED_FACE ( 'NONE', ( #3541 ), #2297, .F. ) ;
#2100 = AXIS2_PLACEMENT_3D ( 'NONE', #3235, #2401, #1585 ) ;
#2101 = CARTESIAN_POINT ( 'NONE',  ( -59.25392378099999746, 10.00312605253134102, 9.851866782300932712 ) ) ;
#2102 = EDGE_LOOP ( 'NONE', ( #1409, #4562, #3772, #2929 ) ) ;
#2103 = CIRCLE ( 'NONE', #5173, 1.650000030520000216 ) ;
#2104 = AXIS2_PLACEMENT_3D ( 'NONE', #4295, #2927, #5064 ) ;
#2105 = CIRCLE ( 'NONE', #4411, 2.500000046249998942 ) ;
#2106 = DIRECTION ( 'NONE',  ( 5.684341886078310580E-15, -6.358310602959384129E-05, 0.9999999979785944015 ) ) ;
#2107 = AXIS2_PLACEMENT_3D ( 'NONE', #4220, #2502, #4 ) ;
#2108 = DIRECTION ( 'NONE',  ( -1.136868377219662335E-13, 0.9999999979785944015, 6.358310602959384129E-05 ) ) ;
#2109 = VECTOR ( 'NONE', #5125, 999.9999999999998863 ) ;
#2110 = PERSON_AND_ORGANIZATION ( #2905, #2289 ) ;
#2111 = CARTESIAN_POINT ( 'NONE',  ( 139.9999812860000077, 20.00360689950900905, 9.852502644100425755 ) ) ;
#2112 = ORIENTED_EDGE ( 'NONE', *, *, #357, .F. ) ;
#2113 = CARTESIAN_POINT ( 'NONE',  ( 144.9999812900000222, 50.00424267019571545, -0.1455898418146195361 ) ) ;
#2114 = CIRCLE ( 'NONE', #1119, 2.500000046250006047 ) ;
#2115 = ORIENTED_EDGE ( 'NONE', *, *, #1981, .F. ) ;
#2116 = DIRECTION ( 'NONE',  ( 5.684341886078310580E-15, -6.358310602959384129E-05, 0.9999999979785944015 ) ) ;
#2117 = VERTEX_POINT ( 'NONE', #1057 ) ;
#2118 = AXIS2_PLACEMENT_3D ( 'NONE', #4969, #4153, #341 ) ;
#2119 = CARTESIAN_POINT ( 'NONE',  ( -2.176600000236561527E-05, 0.003323032485812171810, 14.34821345443398855 ) ) ;
#2120 = VERTEX_POINT ( 'NONE', #4395 ) ;
#2121 = VECTOR ( 'NONE', #3751, 999.9999999999998863 ) ;
#2122 = CARTESIAN_POINT ( 'NONE',  ( 10.14696054400002190, 0.004880626714116875764, -10.14876880633372380 ) ) ;
#2123 = DIRECTION ( 'NONE',  ( 1.000000000000000000, 0.000000000000000000, -5.759281940243001131E-15 ) ) ;
#2124 = APPROVAL ( #3141, 'UNSPECIFIED' ) ;
#2125 = ORIENTED_EDGE ( 'NONE', *, *, #3849, .T. ) ;
#2126 = CARTESIAN_POINT ( 'NONE',  ( -29.25392683300001551, 10.00358370297554877, 10.24884929381295073 ) ) ;
#2127 = ORIENTED_EDGE ( 'NONE', *, *, #770, .T. ) ;
#2128 = AXIS2_PLACEMENT_3D ( 'NONE', #942, #2640, #4335 ) ;
#2129 = CYLINDRICAL_SURFACE ( 'NONE', #590, 2.500000046250013153 ) ;
#2130 = DIRECTION ( 'NONE',  ( 1.000000000000000000, 1.141941262798889275E-13, -2.237468077319824652E-12 ) ) ;
#2131 = FACE_BOUND ( 'NONE', #4485, .T. ) ;
#2132 = EDGE_CURVE ( 'NONE', #3864, #2418, #5329, .T. ) ;
#2133 = ORIENTED_EDGE ( 'NONE', *, *, #4061, .F. ) ;
#2134 = VERTEX_POINT ( 'NONE', #4846 ) ;
#2135 = CARTESIAN_POINT ( 'NONE',  ( -0.0003391370000105364824, 10.00525275954514548, -16.00115065279181081 ) ) ;
#2136 = DIRECTION ( 'NONE',  ( 1.000000000000000000, 0.000000000000000000, -5.551115020430141666E-15 ) ) ;
#2137 = EDGE_CURVE ( 'NONE', #4309, #1657, #2976, .T. ) ;
#2138 = APPROVAL_DATE_TIME ( #1651, #4093 ) ;
#2139 = CARTESIAN_POINT ( 'NONE',  ( 184.9999812859999793, 206.7059439796083495, -10.13562628157779777 ) ) ;
#2140 = EDGE_LOOP ( 'NONE', ( #469, #997, #2019, #4621 ) ) ;
#2141 = FACE_OUTER_BOUND ( 'NONE', #2566, .T. ) ;
#2142 = ORIENTED_EDGE ( 'NONE', *, *, #302, .T. ) ;
#2143 = DIRECTION ( 'NONE',  ( -1.000000000000000000, -1.141380749355387608E-13, 2.237390870624717534E-12 ) ) ;
#2144 = ORIENTED_EDGE ( 'NONE', *, *, #2844, .T. ) ;
#2145 = DIRECTION ( 'NONE',  ( -1.136868377219662335E-13, 0.9999999979785944015, 6.358310602959384129E-05 ) ) ;
#2146 = ORIENTED_EDGE ( 'NONE', *, *, #3126, .F. ) ;
#2147 = FACE_OUTER_BOUND ( 'NONE', #4089, .T. ) ;
#2148 = AXIS2_PLACEMENT_3D ( 'NONE', #603, #3892, #3860 ) ;
#2149 = CARTESIAN_POINT ( 'NONE',  ( 11.31346231799998314, 0.003516075085543968193, 11.31214637491209629 ) ) ;
#2150 = VERTEX_POINT ( 'NONE', #1804 ) ;
#2151 = CARTESIAN_POINT ( 'NONE',  ( -39.25392378100001167, 10.00376188364359997, -0.1481331975506094967 ) ) ;
#2152 = ORIENTED_EDGE ( 'NONE', *, *, #5391, .T. ) ;
#2153 = FACE_BOUND ( 'NONE', #280, .T. ) ;
#2154 = CARTESIAN_POINT ( 'NONE',  ( -182.5000187135999852, 226.7041914075440161, 9.865645309382053085 ) ) ;
#2155 = CARTESIAN_POINT ( 'NONE',  ( 10.14696054400002190, 20.00488058633720101, -10.14749714370474720 ) ) ;
#2156 = VERTEX_POINT ( 'NONE', #5175 ) ;
#2157 = AXIS2_PLACEMENT_3D ( 'NONE', #1428, #4824, #5126 ) ;
#2158 = ADVANCED_FACE ( 'NONE', ( #3109 ), #4770, .F. ) ;
#2159 = DIRECTION ( 'NONE',  ( -2.237515728249334980E-12, 6.358310602959382773E-05, -0.9999999979785942905 ) ) ;
#2160 = DIRECTION ( 'NONE',  ( -5.773159728048290444E-15, 6.358310602959382773E-05, -0.9999999979785942905 ) ) ;
#2161 = DIRECTION ( 'NONE',  ( -0.9999999815015170324, 0.0001923459528484241479, 1.222995891984406402E-08 ) ) ;
#2162 = CARTESIAN_POINT ( 'NONE',  ( 71.75388330200000553, 10.00296376767125395, 19.99884927366613141 ) ) ;
#2163 = ORIENTED_EDGE ( 'NONE', *, *, #5113, .T. ) ;
#2164 = CARTESIAN_POINT ( 'NONE',  ( 184.9999812859999793, 186.7046723572613871, 9.863102015521151955 ) ) ;
#2165 = EDGE_CURVE ( 'NONE', #3328, #1791, #1584, .T. ) ;
#2166 = VERTEX_POINT ( 'NONE', #695 ) ;
#2167 = DIRECTION ( 'NONE',  ( 1.000000000000000000, 0.000000000000000000, -5.551115020430141666E-15 ) ) ;
#2168 = EDGE_CURVE ( 'NONE', #4945, #201, #4094, .T. ) ;
#2169 = ORIENTED_EDGE ( 'NONE', *, *, #497, .F. ) ;
#2170 = CARTESIAN_POINT ( 'NONE',  ( -140.0000187136000136, 0.004878597565642628364, -10.14876897700497871 ) ) ;
#2171 = CIRCLE ( 'NONE', #4974, 2.500000000000002220 ) ;
#2172 = EDGE_CURVE ( 'NONE', #1384, #4529, #256, .T. ) ;
#2173 = ORIENTED_EDGE ( 'NONE', *, *, #4298, .F. ) ;
#2174 = FACE_OUTER_BOUND ( 'NONE', #3246, .T. ) ;
#2175 = DIRECTION ( 'NONE',  ( 1.000000000000000000, 4.504600105889103393E-11, -3.639192544834512967E-15 ) ) ;
#2176 = DIRECTION ( 'NONE',  ( -5.778804954947160364E-15, 6.358310602959382773E-05, -0.9999999979785942905 ) ) ;
#2177 = ORIENTED_EDGE ( 'NONE', *, *, #1372, .F. ) ;
#2178 = CYLINDRICAL_SURFACE ( 'NONE', #2201, 2.500000000000002220 ) ;
#2179 = LINE ( 'NONE', #5208, #2973 ) ;
#2180 = VERTEX_POINT ( 'NONE', #3297 ) ;
#2181 = ORIENTED_EDGE ( 'NONE', *, *, #3323, .F. ) ;
#2182 = CARTESIAN_POINT ( 'NONE',  ( -29.25392683300001551, 10.00358370297554877, 10.24884929381295073 ) ) ;
#2183 = CARTESIAN_POINT ( 'NONE',  ( -69.25392378100001167, 10.00439771465597438, -10.14813317739726628 ) ) ;
#2184 = CARTESIAN_POINT ( 'NONE',  ( -3.052000013825661995E-06, 20.00423540965736890, -0.0005148547200795050571 ) ) ;
#2185 = CIRCLE ( 'NONE', #3603, 2.500000000000002220 ) ;
#2186 = DIRECTION ( 'NONE',  ( -5.773159728048290444E-15, 6.358310602959382773E-05, -0.9999999979785942905 ) ) ;
#2187 = CARTESIAN_POINT ( 'NONE',  ( 0.000000000000000000, 0.000000000000000000, 0.000000000000000000 ) ) ;
#2188 = FACE_OUTER_BOUND ( 'NONE', #841, .T. ) ;
#2189 = ADVANCED_FACE ( 'NONE', ( #2063 ), #305, .F. ) ;
#2190 = CARTESIAN_POINT ( 'NONE',  ( 59.25388330100000900, 10.00358370297554877, 10.24884929381295073 ) ) ;
#2191 = AXIS2_PLACEMENT_3D ( 'NONE', #470, #5052, #2510 ) ;
#2192 = CIRCLE ( 'NONE', #2104, 2.500000000000002220 ) ;
#2193 = ORIENTED_EDGE ( 'NONE', *, *, #4531, .T. ) ;
#2194 = CARTESIAN_POINT ( 'NONE',  ( -66.75392683299999419, 10.00489650223335403, -10.39813297401140346 ) ) ;
#2195 = VECTOR ( 'NONE', #2875, 1000.000000000000000 ) ;
#2196 = DIRECTION ( 'NONE',  ( 1.000000000000000000, 0.000000000000000000, -2.237099394619688409E-12 ) ) ;
#2197 = ADVANCED_FACE ( 'NONE', ( #4070 ), #2822, .F. ) ;
#2198 = VERTEX_POINT ( 'NONE', #4948 ) ;
#2199 = EDGE_CURVE ( 'NONE', #5411, #3890, #1161, .T. ) ;
#2200 = CARTESIAN_POINT ( 'NONE',  ( -49.25392378099999036, 10.00535944449375947, -10.14813311620424408 ) ) ;
#2201 = AXIS2_PLACEMENT_3D ( 'NONE', #93, #3874, #5118 ) ;
#2202 = ADVANCED_FACE ( 'NONE', ( #4474 ), #1949, .T. ) ;
#2203 = ORIENTED_EDGE ( 'NONE', *, *, #3220, .T. ) ;
#2204 = AXIS2_PLACEMENT_3D ( 'NONE', #950, #3843, #3022 ) ;
#2205 = CARTESIAN_POINT ( 'NONE',  ( -175.0000187135999852, 139.0526359393016094, 9.860072151081311631 ) ) ;
#2206 = ORIENTED_EDGE ( 'NONE', *, *, #1990, .T. ) ;
#2207 = VECTOR ( 'NONE', #2482, 999.9999999999998863 ) ;
#2208 = CARTESIAN_POINT ( 'NONE',  ( -54.25420330200000762, 0.005507112208473496917, -20.00178647604841586 ) ) ;
#2209 = ORIENTED_EDGE ( 'NONE', *, *, #2505, .T. ) ;
#2210 = LINE ( 'NONE', #4346, #419 ) ;
#2211 = DIRECTION ( 'NONE',  ( 2.970516505290874741E-06, -6.358310607762822592E-05, 0.9999999979741823752 ) ) ;
#2212 = ORIENTED_EDGE ( 'NONE', *, *, #2668, .T. ) ;
#2213 = AXIS2_PLACEMENT_3D ( 'NONE', #606, #4809, #3984 ) ;
#2214 = ORIENTED_EDGE ( 'NONE', *, *, #4327, .F. ) ;
#2215 = DIRECTION ( 'NONE',  ( 1.000000000000000000, 1.135455345091426822E-13, 0.000000000000000000 ) ) ;
#2216 = DIRECTION ( 'NONE',  ( 1.000000000000000000, 0.000000000000000000, -5.551115020430157443E-15 ) ) ;
#2217 = DIRECTION ( 'NONE',  ( 1.000000000000000000, 0.000000000000000000, -5.551115020430141666E-15 ) ) ;
#2218 = FACE_OUTER_BOUND ( 'NONE', #3030, .T. ) ;
#2219 = CARTESIAN_POINT ( 'NONE',  ( 49.25388330100000189, 10.00489650233323324, -10.39813297401637193 ) ) ;
#2220 = CARTESIAN_POINT ( 'NONE',  ( -18.50838483899999787, 0.005507112208473496917, -20.00178647604841586 ) ) ;
#2221 = ORIENTED_EDGE ( 'NONE', *, *, #2885, .T. ) ;
#2222 = CARTESIAN_POINT ( 'NONE',  ( 184.9999812859999793, 196.7053081684348683, -0.1362621330283086962 ) ) ;
#2223 = CARTESIAN_POINT ( 'NONE',  ( -29.25392378100000101, 10.00376188364359997, -0.1481331975506094967 ) ) ;
#2224 = VERTEX_POINT ( 'NONE', #3732 ) ;
#2225 = DIRECTION ( 'NONE',  ( -5.773159728048290444E-15, 6.358310602959382773E-05, -0.9999999979785942905 ) ) ;
#2226 = EDGE_CURVE ( 'NONE', #3867, #4633, #1533, .T. ) ;
#2227 = ORIENTED_EDGE ( 'NONE', *, *, #191, .T. ) ;
#2228 = CYLINDRICAL_SURFACE ( 'NONE', #4406, 2.500000000000002220 ) ;
#2229 = CARTESIAN_POINT ( 'NONE',  ( -14.35002176600000467, 20.00423540955749502, -0.0005148547151112570219 ) ) ;
#2230 = DIRECTION ( 'NONE',  ( 2.237515728249334980E-12, -6.358310602959382773E-05, 0.9999999979785942905 ) ) ;
#2231 = EDGE_CURVE ( 'NONE', #1592, #3394, #2907, .T. ) ;
#2232 = ORIENTED_EDGE ( 'NONE', *, *, #163, .T. ) ;
#2233 = DIRECTION ( 'NONE',  ( 1.000000000000000000, 0.000000000000000000, -5.551115020430141666E-15 ) ) ;
#2234 = ADVANCED_FACE ( 'NONE', ( #2147 ), #32, .F. ) ;
#2235 = CARTESIAN_POINT ( 'NONE',  ( -46.75392683300000130, 10.00489650223335403, -10.39813297401140346 ) ) ;
#2236 = CIRCLE ( 'NONE', #2866, 2.500000046250006047 ) ;
#2237 = ORIENTED_EDGE ( 'NONE', *, *, #254, .F. ) ;
#2238 = DIRECTION ( 'NONE',  ( -1.139704650099662076E-13, 0.9999999979785942905, 6.358310602959382773E-05 ) ) ;
#2239 = CYLINDRICAL_SURFACE ( 'NONE', #2084, 2.500000046249998942 ) ;
#2240 = EDGE_CURVE ( 'NONE', #1985, #1558, #2646, .T. ) ;
#2241 = VERTEX_POINT ( 'NONE', #3898 ) ;
#2242 = ORIENTED_EDGE ( 'NONE', *, *, #2714, .T. ) ;
#2243 = CARTESIAN_POINT ( 'NONE',  ( -16.00002176599998904, 0.004235429847822269611, -0.001469145549742867374 ) ) ;
#2244 = DIRECTION ( 'NONE',  ( -1.000000000000000000, -1.137978600240784444E-13, 2.237446339314883771E-12 ) ) ;
#2245 = CARTESIAN_POINT ( 'NONE',  ( 12.48041292200000107, 10.00502897466556185, -12.48158534790316843 ) ) ;
#2246 = DIRECTION ( 'NONE',  ( 1.000000000000000000, 1.139705910348115547E-13, 7.186946086190664153E-18 ) ) ;
#2247 = EDGE_CURVE ( 'NONE', #5411, #4906, #580, .T. ) ;
#2248 = APPROVAL_DATE_TIME ( #3060, #2124 ) ;
#2249 = AXIS2_PLACEMENT_3D ( 'NONE', #648, #4519, #765 ) ;
#2250 = DIRECTION ( 'NONE',  ( 2.860686830309150374E-15, -0.9999999979785944015, -6.358310602959384129E-05 ) ) ;
#2251 = FACE_OUTER_BOUND ( 'NONE', #2841, .T. ) ;
#2252 = VERTEX_POINT ( 'NONE', #974 ) ;
#2253 = LINE ( 'NONE', #3124, #309 ) ;
#2254 = AXIS2_PLACEMENT_3D ( 'NONE', #15, #1280, #2997 ) ;
#2255 = ORIENTED_EDGE ( 'NONE', *, *, #2530, .T. ) ;
#2256 = CARTESIAN_POINT ( 'NONE',  ( 29.25388330200001619, 10.00296376767125395, 19.99884927366613141 ) ) ;
#2257 = ORIENTED_EDGE ( 'NONE', *, *, #2981, .F. ) ;
#2258 = CARTESIAN_POINT ( 'NONE',  ( 194.9999812859999793, 188.7290092397220747, 9.863230729605405145 ) ) ;
#2259 = DIRECTION ( 'NONE',  ( 2.237515728249334980E-12, -6.358310602959382773E-05, 0.9999999979785942905 ) ) ;
#2260 = DIRECTION ( 'NONE',  ( 1.000000000000000000, 0.000000000000000000, -2.237099394619688409E-12 ) ) ;
#2261 = EDGE_LOOP ( 'NONE', ( #1053, #1692 ) ) ;
#2262 = CARTESIAN_POINT ( 'NONE',  ( 56.75388330100000900, 10.00358370297554877, 10.24884929381295073 ) ) ;
#2263 = AXIS2_PLACEMENT_3D ( 'NONE', #3959, #476, #982 ) ;
#2264 = EDGE_CURVE ( 'NONE', #2241, #4229, #1385, .T. ) ;
#2265 = CARTESIAN_POINT ( 'NONE',  ( 0.0002956050000058052518, 0.005252779783547489867, -16.00178648410877003 ) ) ;
#2266 = DIRECTION ( 'NONE',  ( -2.237690279189335060E-12, 6.358310602959384129E-05, -0.9999999979785944015 ) ) ;
#2267 = LINE ( 'NONE', #2710, #1560 ) ;
#2268 = CARTESIAN_POINT ( 'NONE',  ( -90.00002176600000325, 0.004896522471757591699, -10.39876880532838932 ) ) ;
#2269 = EDGE_LOOP ( 'NONE', ( #1690, #1894, #3407, #2475 ) ) ;
#2270 = EDGE_LOOP ( 'NONE', ( #4975, #4583 ) ) ;
#2271 = EDGE_CURVE ( 'NONE', #3822, #1775, #3696, .T. ) ;
#2272 = EDGE_CURVE ( 'NONE', #1237, #1592, #3103, .T. ) ;
#2273 = EDGE_CURVE ( 'NONE', #2224, #2180, #3093, .T. ) ;
#2274 = CYLINDRICAL_SURFACE ( 'NONE', #777, 1.650000030520000660 ) ;
#2275 = DIRECTION ( 'NONE',  ( -1.136868377219662335E-13, 0.9999999979785944015, 6.358310602959384129E-05 ) ) ;
#2276 = DIRECTION ( 'NONE',  ( 1.000000000000000000, 0.000000000000000000, -2.237099394619688409E-12 ) ) ;
#2277 = CARTESIAN_POINT ( 'NONE',  ( -90.00002176600000325, 0.005201817314941237225, -15.20027764018652761 ) ) ;
#2278 = VECTOR ( 'NONE', #2116, 999.9999999999998863 ) ;
#2279 = CYLINDRICAL_SURFACE ( 'NONE', #1726, 2.500000000000002220 ) ;
#2280 = DIRECTION ( 'NONE',  ( -1.000000000000000000, 1.109989971750206731E-13, 2.237522790433281746E-12 ) ) ;
#2281 = VECTOR ( 'NONE', #4354, 1000.000000000000000 ) ;
#2282 = CIRCLE ( 'NONE', #4048, 1.650000030520000216 ) ;
#2283 = ORIENTED_EDGE ( 'NONE', *, *, #5154, .T. ) ;
#2284 = DIRECTION ( 'NONE',  ( -1.139704650099660056E-13, 0.9999999979785942905, 6.358310602959382773E-05 ) ) ;
#2285 = AXIS2_PLACEMENT_3D ( 'NONE', #1773, #3478, #5448 ) ;
#2286 = AXIS2_PLACEMENT_3D ( 'NONE', #5136, #1830, #3075 ) ;
#2287 = VERTEX_POINT ( 'NONE', #4338 ) ;
#2288 = DIRECTION ( 'NONE',  ( 2.237515728249334980E-12, -6.358310602959382773E-05, 0.9999999979785942905 ) ) ;
#2289 = ORGANIZATION ( 'UNSPECIFIED', 'UNSPECIFIED', '' ) ;
#2290 = AXIS2_PLACEMENT_3D ( 'NONE', #2901, #2848, #4178 ) ;
#2291 = EDGE_LOOP ( 'NONE', ( #2069, #4715 ) ) ;
#2292 = DIRECTION ( 'NONE',  ( 2.237515728249334980E-12, -6.358310602959382773E-05, 0.9999999979785942905 ) ) ;
#2293 = DIRECTION ( 'NONE',  ( -4.504606463818666236E-11, 0.9999999979785944015, 6.358310602959384129E-05 ) ) ;
#2294 = DIRECTION ( 'NONE',  ( -1.139637790620680643E-13, 0.9999999979785944015, 6.358310606435077440E-05 ) ) ;
#2295 = CIRCLE ( 'NONE', #3980, 2.500000000000002220 ) ;
#2296 = FACE_OUTER_BOUND ( 'NONE', #4873, .T. ) ;
#2297 = CYLINDRICAL_SURFACE ( 'NONE', #390, 2.500000046250013153 ) ;
#2298 = AXIS2_PLACEMENT_3D ( 'NONE', #449, #3506, #4369 ) ;
#2299 = CARTESIAN_POINT ( 'NONE',  ( -36.75392683299999419, 10.00296376772080009, 19.99884927466488804 ) ) ;
#2300 = EDGE_CURVE ( 'NONE', #464, #1276, #4420, .T. ) ;
#2301 = DIRECTION ( 'NONE',  ( -1.139689151522513338E-13, 0.9999999979785944015, 6.358310608103182114E-05 ) ) ;
#2302 = EDGE_LOOP ( 'NONE', ( #4989, #4112, #216, #3770 ) ) ;
#2303 = ORIENTED_EDGE ( 'NONE', *, *, #4224, .F. ) ;
#2304 = DIRECTION ( 'NONE',  ( -1.139704650099660056E-13, 0.9999999979785942905, 6.358310602959382773E-05 ) ) ;
#2305 = EDGE_CURVE ( 'NONE', #450, #3502, #5179, .T. ) ;
#2306 = CIRCLE ( 'NONE', #4595, 2.500000000000002220 ) ;
#2307 = CYLINDRICAL_SURFACE ( 'NONE', #5046, 2.500000046249998942 ) ;
#2308 = PERSON_AND_ORGANIZATION ( #2905, #2289 ) ;
#2309 = DIRECTION ( 'NONE',  ( -2.237690279189335060E-12, 6.358310602959384129E-05, -0.9999999979785944015 ) ) ;
#2310 = CYLINDRICAL_SURFACE ( 'NONE', #609, 2.500000046250013153 ) ;
#2311 = ADVANCED_FACE ( 'NONE', ( #1054 ), #525, .F. ) ;
#2312 = ORIENTED_EDGE ( 'NONE', *, *, #452, .T. ) ;
#2313 = DIRECTION ( 'NONE',  ( -1.136868377219662335E-13, 0.9999999979785944015, 6.358310602959384129E-05 ) ) ;
#2314 = ORIENTED_EDGE ( 'NONE', *, *, #4820, .F. ) ;
#2315 = EDGE_CURVE ( 'NONE', #4830, #4209, #415, .T. ) ;
#2316 = DIRECTION ( 'NONE',  ( -5.773159728048290444E-15, 6.358310602959382773E-05, -0.9999999979785942905 ) ) ;
#2317 = ORIENTED_EDGE ( 'NONE', *, *, #432, .F. ) ;
#2318 = DIRECTION ( 'NONE',  ( 1.000000000000000000, 4.498840259331656151E-11, 9.068782481792256856E-10 ) ) ;
#2319 = DIRECTION ( 'NONE',  ( 1.000000000000000000, 1.139704342339230605E-13, 7.260282404149491019E-18 ) ) ;
#2320 = DIRECTION ( 'NONE',  ( -5.773159728048290444E-15, 6.358310602959382773E-05, -0.9999999979785942905 ) ) ;
#2321 = DIRECTION ( 'NONE',  ( 5.773159728048291233E-15, -6.358310602959384129E-05, 0.9999999979785944015 ) ) ;
#2322 = DIRECTION ( 'NONE',  ( -1.139703215560409704E-13, 0.9999999979785944015, 6.358310607783300460E-05 ) ) ;
#2323 = CIRCLE ( 'NONE', #3037, 2.499999999999998668 ) ;
#2324 = ORIENTED_EDGE ( 'NONE', *, *, #1819, .F. ) ;
#2325 = ORIENTED_EDGE ( 'NONE', *, *, #2464, .F. ) ;
#2326 = CARTESIAN_POINT ( 'NONE',  ( 26.75388330100000900, 10.00358370297554877, 10.24884929381295073 ) ) ;
#2327 = DIRECTION ( 'NONE',  ( 1.000000000000000000, 0.000000000000000000, -5.551115020430157443E-15 ) ) ;
#2328 = CARTESIAN_POINT ( 'NONE',  ( -0.0003391370000105364824, 20.00321807995766221, 15.99948511303853138 ) ) ;
#2329 = VECTOR ( 'NONE', #1071, 999.9999999999998863 ) ;
#2330 = DIRECTION ( 'NONE',  ( 1.000000000000000000, 0.000000000000000000, -5.551115020430141666E-15 ) ) ;
#2331 = DIRECTION ( 'NONE',  ( 1.000000000000000000, 1.135455345091426822E-13, 0.000000000000000000 ) ) ;
#2332 = ADVANCED_FACE ( 'NONE', ( #4733 ), #2228, .F. ) ;
#2333 = ADVANCED_FACE ( 'NONE', ( #3644 ), #4525, .F. ) ;
#2334 = ORIENTED_EDGE ( 'NONE', *, *, #5078, .T. ) ;
#2335 = FACE_BOUND ( 'NONE', #888, .T. ) ;
#2336 = ORIENTED_EDGE ( 'NONE', *, *, #3331, .F. ) ;
#2337 = LINE ( 'NONE', #135, #2393 ) ;
#2338 = EDGE_CURVE ( 'NONE', #1171, #5068, #5076, .T. ) ;
#2339 = EDGE_CURVE ( 'NONE', #2418, #3864, #584, .T. ) ;
#2340 = VERTEX_POINT ( 'NONE', #1153 ) ;
#2341 = DIRECTION ( 'NONE',  ( -1.139543594960212102E-13, 0.9999999979785942905, 6.358310602959382773E-05 ) ) ;
#2342 = DIRECTION ( 'NONE',  ( 5.684341886078310580E-15, -6.358310602959384129E-05, 0.9999999979785944015 ) ) ;
#2343 = FACE_OUTER_BOUND ( 'NONE', #2391, .T. ) ;
#2344 = FACE_OUTER_BOUND ( 'NONE', #4492, .T. ) ;
#2345 = CARTESIAN_POINT ( 'NONE',  ( 182.4999812859999793, 206.7054631144897314, -10.13562631216433019 ) ) ;
#2346 = ORIENTED_EDGE ( 'NONE', *, *, #4061, .T. ) ;
#2347 = VERTEX_POINT ( 'NONE', #2446 ) ;
#2348 = CARTESIAN_POINT ( 'NONE',  ( 26.75388330100000900, 10.00450788341976782, -4.286150677568239864 ) ) ;
#2349 = VECTOR ( 'NONE', #2947, 999.9999999999998863 ) ;
#2350 = CARTESIAN_POINT ( 'NONE',  ( 29.25388635400000226, 10.00535944449375947, -10.14813311620424408 ) ) ;
#2351 = VERTEX_POINT ( 'NONE', #4147 ) ;
#2352 = CARTESIAN_POINT ( 'NONE',  ( 184.9999812859999793, 206.7049822493710280, -10.13562634275091945 ) ) ;
#2353 = CARTESIAN_POINT ( 'NONE',  ( 71.75388635399998805, 10.00487857957486604, -10.14813314680074186 ) ) ;
#2354 = ORIENTED_EDGE ( 'NONE', *, *, #2851, .T. ) ;
#2355 = CARTESIAN_POINT ( 'NONE',  ( -46.75392683300000130, 10.00550709197007038, -20.00115064473145665 ) ) ;
#2356 = CARTESIAN_POINT ( 'NONE',  ( -41.75392378100001167, 10.00360691745023978, 9.851866812897430492 ) ) ;
#2357 = EDGE_CURVE ( 'NONE', #4158, #1188, #2581, .T. ) ;
#2358 = CARTESIAN_POINT ( 'NONE',  ( -26.75392683300001195, 10.00296376772080009, 19.99884927466488804 ) ) ;
#2359 = ORIENTED_EDGE ( 'NONE', *, *, #2272, .F. ) ;
#2360 = ORIENTED_EDGE ( 'NONE', *, *, #3451, .T. ) ;
#2361 = DIRECTION ( 'NONE',  ( 1.000000000000000000, 0.000000000000000000, -5.551115020430141666E-15 ) ) ;
#2362 = AXIS2_PLACEMENT_3D ( 'NONE', #363, #4528, #4916 ) ;
#2363 = CIRCLE ( 'NONE', #2098, 2.500000000000002220 ) ;
#2364 = ORIENTED_EDGE ( 'NONE', *, *, #2231, .F. ) ;
#2365 = ORIENTED_EDGE ( 'NONE', *, *, #2923, .F. ) ;
#2366 = AXIS2_PLACEMENT_3D ( 'NONE', #2453, #4155, #369 ) ;
#2367 = LINE ( 'NONE', #2003, #4743 ) ;
#2368 = CARTESIAN_POINT ( 'NONE',  ( -56.75392683300001551, 10.00489650223335403, -10.39813297401140346 ) ) ;
#2369 = EDGE_CURVE ( 'NONE', #1943, #4965, #859, .T. ) ;
#2370 = CIRCLE ( 'NONE', #3869, 2.500000046250006047 ) ;
#2371 = DIRECTION ( 'NONE',  ( 2.237515728249334980E-12, -6.358310602959382773E-05, 0.9999999979785942905 ) ) ;
#2372 = DIRECTION ( 'NONE',  ( -5.773159728048290444E-15, 6.358310602959382773E-05, -0.9999999979785942905 ) ) ;
#2373 = ADVANCED_FACE ( 'NONE', ( #1434 ), #911, .F. ) ;
#2374 = AXIS2_PLACEMENT_3D ( 'NONE', #975, #138, #1832 ) ;
#2375 = CIRCLE ( 'NONE', #5444, 2.500000046249998942 ) ;
#2376 = DIRECTION ( 'NONE',  ( 1.000000000000000000, 3.335070188546287460E-15, -5.772947685603083062E-15 ) ) ;
#2377 = AXIS2_PLACEMENT_3D ( 'NONE', #4766, #4365, #551 ) ;
#2378 = EDGE_LOOP ( 'NONE', ( #1160, #3487, #151, #5451 ) ) ;
#2379 = ORIENTED_EDGE ( 'NONE', *, *, #356, .F. ) ;
#2380 = AXIS2_PLACEMENT_3D ( 'NONE', #4659, #173, #4471 ) ;
#2381 = FACE_OUTER_BOUND ( 'NONE', #798, .T. ) ;
#2382 = DIRECTION ( 'NONE',  ( -2.238278642359335165E-12, 6.358310602959384129E-05, -0.9999999979785944015 ) ) ;
#2383 = VERTEX_POINT ( 'NONE', #2194 ) ;
#2384 = VECTOR ( 'NONE', #2678, 999.9999999999998863 ) ;
#2385 = FACE_BOUND ( 'NONE', #808, .T. ) ;
#2386 = CIRCLE ( 'NONE', #691, 1.650000030520000216 ) ;
#2387 = ORIENTED_EDGE ( 'NONE', *, *, #1777, .T. ) ;
#2388 = FACE_BOUND ( 'NONE', #3230, .T. ) ;
#2389 = DIRECTION ( 'NONE',  ( -1.000000000000000000, -1.141977373231051890E-13, 5.665119647816642956E-15 ) ) ;
#2390 = CARTESIAN_POINT ( 'NONE',  ( -195.0000187159000120, 188.7290092347282098, 9.863230729853123435 ) ) ;
#2391 = EDGE_LOOP ( 'NONE', ( #4476, #688, #2472, #4196 ) ) ;
#2392 = ORIENTED_EDGE ( 'NONE', *, *, #4356, .F. ) ;
#2393 = VECTOR ( 'NONE', #548, 999.9999999999998863 ) ;
#2394 = ORIENTED_EDGE ( 'NONE', *, *, #1341, .F. ) ;
#2395 = EDGE_LOOP ( 'NONE', ( #1821, #4345, #2864, #2214 ) ) ;
#2396 = DIRECTION ( 'NONE',  ( 2.237515728248475083E-12, -6.358310602959382773E-05, 0.9999999979785942905 ) ) ;
#2397 = CARTESIAN_POINT ( 'NONE',  ( -59.25392683300001551, 10.00358370297554877, 10.24884929381295073 ) ) ;
#2398 = CYLINDRICAL_SURFACE ( 'NONE', #1905, 2.500000000000002220 ) ;
#2399 = EDGE_CURVE ( 'NONE', #1504, #4599, #3891, .T. ) ;
#2400 = ADVANCED_FACE ( 'NONE', ( #1962 ), #1118, .F. ) ;
#2401 = DIRECTION ( 'NONE',  ( -2.237515728249334172E-12, 6.358310602959384129E-05, -0.9999999979785944015 ) ) ;
#2402 = ORIENTED_EDGE ( 'NONE', *, *, #2754, .F. ) ;
#2403 = EDGE_LOOP ( 'NONE', ( #1326, #3288, #401, #1114 ) ) ;
#2404 = EDGE_CURVE ( 'NONE', #4119, #4419, #3073, .T. ) ;
#2405 = CARTESIAN_POINT ( 'NONE',  ( 12.48041292200000107, 20.00502895442716778, -12.48094951658618257 ) ) ;
#2406 = EDGE_CURVE ( 'NONE', #4906, #5411, #3780, .T. ) ;
#2407 = PLANE ( 'NONE',  #4800 ) ;
#2408 = ORIENTED_EDGE ( 'NONE', *, *, #3582, .F. ) ;
#2409 = CARTESIAN_POINT ( 'NONE',  ( 51.75388330100000189, 10.00358370297554877, 10.24884929381295073 ) ) ;
#2410 = VERTEX_POINT ( 'NONE', #379 ) ;
#2411 = LINE ( 'NONE', #1120, #3476 ) ;
#2412 = CARTESIAN_POINT ( 'NONE',  ( 187.4999812859999793, 206.7054631144897314, -10.13562631216433019 ) ) ;
#2413 = FACE_OUTER_BOUND ( 'NONE', #802, .T. ) ;
#2414 = ORIENTED_EDGE ( 'NONE', *, *, #561, .F. ) ;
#2415 = ORIENTED_EDGE ( 'NONE', *, *, #694, .T. ) ;
#2416 = CIRCLE ( 'NONE', #2067, 1.650000030520000216 ) ;
#2417 = ORIENTED_EDGE ( 'NONE', *, *, #4982, .T. ) ;
#2418 = VERTEX_POINT ( 'NONE', #2892 ) ;
#2419 = LINE ( 'NONE', #2784, #411 ) ;
#2420 = CARTESIAN_POINT ( 'NONE',  ( -61.75392378100000457, 10.00360691745023978, 9.851866812897430492 ) ) ;
#2421 = ORIENTED_EDGE ( 'NONE', *, *, #5450, .F. ) ;
#2422 = CARTESIAN_POINT ( 'NONE',  ( -31.75392378100000457, 10.00424274856249340, -0.1481331669541396945 ) ) ;
#2423 = DIRECTION ( 'NONE',  ( -1.000000000000000000, -1.137978600240784444E-13, 2.237446339314883771E-12 ) ) ;
#2424 = EDGE_CURVE ( 'NONE', #4984, #271, #3501, .T. ) ;
#2425 = ORIENTED_EDGE ( 'NONE', *, *, #3818, .T. ) ;
#2426 = AXIS2_PLACEMENT_3D ( 'NONE', #5008, #375, #3792 ) ;
#2427 = ORIENTED_EDGE ( 'NONE', *, *, #3299, .T. ) ;
#2428 = FACE_BOUND ( 'NONE', #4901, .T. ) ;
#2429 = CIRCLE ( 'NONE', #2521, 2.500000046250006047 ) ;
#2430 = CARTESIAN_POINT ( 'NONE',  ( 182.4999812859999793, 176.7041915133295902, 9.862466154571814414 ) ) ;
#2431 = EDGE_CURVE ( 'NONE', #4222, #264, #486, .T. ) ;
#2432 = ORIENTED_EDGE ( 'NONE', *, *, #1780, .F. ) ;
#2433 = CYLINDRICAL_SURFACE ( 'NONE', #2009, 2.500000000000002220 ) ;
#2434 = VECTOR ( 'NONE', #1781, 999.9999999999998863 ) ;
#2435 = EDGE_CURVE ( 'NONE', #2347, #1531, #3176, .T. ) ;
#2436 = VECTOR ( 'NONE', #4106, 999.9999999999998863 ) ;
#2437 = DIRECTION ( 'NONE',  ( 1.000000000000000000, 1.139705910348116809E-13, 0.000000000000000000 ) ) ;
#2438 = VERTEX_POINT ( 'NONE', #790 ) ;
#2439 = DIRECTION ( 'NONE',  ( -5.773159728048290444E-15, 6.358310602959382773E-05, -0.9999999979785942905 ) ) ;
#2440 = DIRECTION ( 'NONE',  ( -5.770054359536800556E-15, 6.358310602959382773E-05, -0.9999999979785942905 ) ) ;
#2441 = DIRECTION ( 'NONE',  ( -0.7072427772355638353, 4.495139661291762173E-05, -0.7069707575476503747 ) ) ;
#2442 = CYLINDRICAL_SURFACE ( 'NONE', #2538, 27.25000000009999468 ) ;
#2443 = ORIENTED_EDGE ( 'NONE', *, *, #4629, .T. ) ;
#2444 = EDGE_LOOP ( 'NONE', ( #1200, #589, #3320, #1667 ) ) ;
#2445 = ORIENTED_EDGE ( 'NONE', *, *, #1579, .F. ) ;
#2446 = CARTESIAN_POINT ( 'NONE',  ( 66.75388330100001610, 10.00489650228368532, -10.39813297501515699 ) ) ;
#2447 = CARTESIAN_POINT ( 'NONE',  ( -71.75392683299999419, 10.00489650223335403, -10.39813297401140346 ) ) ;
#2448 = EDGE_CURVE ( 'NONE', #3705, #1553, #2808, .T. ) ;
#2449 = FACE_OUTER_BOUND ( 'NONE', #272, .T. ) ;
#2450 = DIRECTION ( 'NONE',  ( -5.784632541408650599E-15, 6.358310602959382773E-05, -0.9999999979785942905 ) ) ;
#2451 = CIRCLE ( 'NONE', #4896, 2.500000046250006047 ) ;
#2452 = VECTOR ( 'NONE', #4169, 999.9999999999998863 ) ;
#2453 = CARTESIAN_POINT ( 'NONE',  ( -49.25392378099999036, 10.00472361338150584, -0.1481331363527016443 ) ) ;
#2454 = ORIENTED_EDGE ( 'NONE', *, *, #661, .F. ) ;
#2455 = AXIS2_PLACEMENT_3D ( 'NONE', #3111, #1806, #614 ) ;
#2456 = EDGE_LOOP ( 'NONE', ( #23, #424, #2881, #2008 ) ) ;
#2457 = VECTOR ( 'NONE', #1918, 999.9999999999998863 ) ;
#2458 = PRODUCT_DEFINITION ( 'UNKNOWN', '', #3878, #1803 ) ;
#2459 = CARTESIAN_POINT ( 'NONE',  ( -19.50002176599999260, 10.00358370297554877, 10.24884929381295073 ) ) ;
#2460 = CIRCLE ( 'NONE', #2012, 2.500000000000002220 ) ;
#2461 = AXIS2_PLACEMENT_3D ( 'NONE', #4035, #4941, #217 ) ;
#2462 = ORIENTED_EDGE ( 'NONE', *, *, #5116, .F. ) ;
#2463 = AXIS2_PLACEMENT_3D ( 'NONE', #2994, #451, #2618 ) ;
#2464 = EDGE_CURVE ( 'NONE', #1685, #623, #2795, .T. ) ;
#2465 = DIRECTION ( 'NONE',  ( -1.139704650099660056E-13, 0.9999999979785942905, 6.358310602959382773E-05 ) ) ;
#2466 = VERTEX_POINT ( 'NONE', #1591 ) ;
#2467 = AXIS2_PLACEMENT_3D ( 'NONE', #1698, #2575, #928 ) ;
#2468 = CARTESIAN_POINT ( 'NONE',  ( -185.0000187136000136, 186.7046723532662895, 9.863102015719354299 ) ) ;
#2469 = DIRECTION ( 'NONE',  ( 1.000000000000000000, 1.139705910348115547E-13, 7.186946086190664153E-18 ) ) ;
#2470 = DIRECTION ( 'NONE',  ( -1.136868377219662335E-13, 0.9999999979785944015, 6.358310602959384129E-05 ) ) ;
#2471 = EDGE_LOOP ( 'NONE', ( #3766, #4368, #85, #4892 ) ) ;
#2472 = ORIENTED_EDGE ( 'NONE', *, *, #521, .T. ) ;
#2473 = VECTOR ( 'NONE', #1739, 999.9999999999998863 ) ;
#2474 = EDGE_CURVE ( 'NONE', #4047, #4575, #3601, .T. ) ;
#2475 = ORIENTED_EDGE ( 'NONE', *, *, #2369, .F. ) ;
#2476 = ORIENTED_EDGE ( 'NONE', *, *, #3893, .T. ) ;
#2477 = CARTESIAN_POINT ( 'NONE',  ( -59.25392683300001551, 10.00450788346931397, -4.286150676569483231 ) ) ;
#2478 = DIRECTION ( 'NONE',  ( -5.773159728048290444E-15, 6.358310602959382773E-05, -0.9999999979785942905 ) ) ;
#2479 = CIRCLE ( 'NONE', #1050, 1.650000030520000216 ) ;
#2480 = CARTESIAN_POINT ( 'NONE',  ( 174.9999812900000506, 50.00424267154406266, -0.1455898418815104733 ) ) ;
#2481 = ORIENTED_EDGE ( 'NONE', *, *, #1844, .F. ) ;
#2482 = DIRECTION ( 'NONE',  ( 3.361307025609000547E-15, -0.9999999979785944015, -6.358310602959384129E-05 ) ) ;
#2483 = ORIENTED_EDGE ( 'NONE', *, *, #4686, .F. ) ;
#2484 = CARTESIAN_POINT ( 'NONE',  ( -4.047999999090556855E-05, 20.00423540965736890, -0.0005148547200795050571 ) ) ;
#2485 = ORIENTED_EDGE ( 'NONE', *, *, #900, .T. ) ;
#2486 = ORIENTED_EDGE ( 'NONE', *, *, #4262, .F. ) ;
#2487 = APPLICATION_CONTEXT ( 'configuration controlled 3d designs of mechanical parts and assemblies' ) ;
#2488 = DIRECTION ( 'NONE',  ( -5.751617502275850917E-15, 6.358310602959382773E-05, -0.9999999979785942905 ) ) ;
#2489 = DIRECTION ( 'NONE',  ( 2.237515728248475083E-12, -6.358310602959382773E-05, 0.9999999979785942905 ) ) ;
#2490 = ORIENTED_EDGE ( 'NONE', *, *, #3252, .F. ) ;
#2491 = CIRCLE ( 'NONE', #13, 2.500000046250006047 ) ;
#2492 = DIRECTION ( 'NONE',  ( -1.139704650099662076E-13, 0.9999999979785942905, 6.358310602959382773E-05 ) ) ;
#2493 = ORIENTED_EDGE ( 'NONE', *, *, #3804, .T. ) ;
#2494 = DIRECTION ( 'NONE',  ( 2.237515728249334980E-12, -6.358310602959382773E-05, 0.9999999979785942905 ) ) ;
#2495 = CIRCLE ( 'NONE', #804, 2.500000046250006047 ) ;
#2496 =( NAMED_UNIT ( * ) SI_UNIT ( $, .STERADIAN. ) SOLID_ANGLE_UNIT ( ) );
#2497 = VERTEX_POINT ( 'NONE', #5402 ) ;
#2498 = ORIENTED_EDGE ( 'NONE', *, *, #2424, .F. ) ;
#2499 = EDGE_CURVE ( 'NONE', #2438, #178, #1989, .T. ) ;
#2500 = EDGE_LOOP ( 'NONE', ( #4332, #1766, #2082, #910 ) ) ;
#2501 = ORIENTED_EDGE ( 'NONE', *, *, #3488, .T. ) ;
#2502 = DIRECTION ( 'NONE',  ( -5.773159728048290444E-15, 6.358310602959382773E-05, -0.9999999979785942905 ) ) ;
#2503 = CARTESIAN_POINT ( 'NONE',  ( 89.99997823399996832, 10.00296376767125395, 19.99884927366613141 ) ) ;
#2504 = DIRECTION ( 'NONE',  ( -2.237690279189335060E-12, 6.358310602959384129E-05, -0.9999999979785944015 ) ) ;
#2505 = EDGE_CURVE ( 'NONE', #312, #1924, #760, .T. ) ;
#2506 = EDGE_CURVE ( 'NONE', #2051, #2418, #3360, .T. ) ;
#2507 = DIRECTION ( 'NONE',  ( 3.351276834909005757E-15, -0.9999999979785944015, -6.358310602959384129E-05 ) ) ;
#2508 = AXIS2_PLACEMENT_3D ( 'NONE', #1343, #126, #3436 ) ;
#2509 = EDGE_CURVE ( 'NONE', #2166, #1171, #2518, .T. ) ;
#2510 = DIRECTION ( 'NONE',  ( -2.248345365769999559E-13, 0.9987717903683451803, -0.04954705606199365231 ) ) ;
#2511 = AXIS2_PLACEMENT_3D ( 'NONE', #707, #1937, #1147 ) ;
#2512 = ORIENTED_EDGE ( 'NONE', *, *, #4992, .T. ) ;
#2513 = ORIENTED_EDGE ( 'NONE', *, *, #2745, .F. ) ;
#2514 = DIRECTION ( 'NONE',  ( -5.754061293882210946E-15, 6.358310602959382773E-05, -0.9999999979785942905 ) ) ;
#2515 = CYLINDRICAL_SURFACE ( 'NONE', #4123, 2.500000000000002220 ) ;
#2516 = EDGE_LOOP ( 'NONE', ( #1908, #1128 ) ) ;
#2517 = VERTEX_POINT ( 'NONE', #1647 ) ;
#2518 = LINE ( 'NONE', #5429, #1715 ) ;
#2519 = CARTESIAN_POINT ( 'NONE',  ( -185.0000187136000136, 206.7049822453759589, -10.13562634255271711 ) ) ;
#2520 = APPLICATION_PROTOCOL_DEFINITION ( 'international standard', 'config_control_design', 1994, #2487 ) ;
#2521 = AXIS2_PLACEMENT_3D ( 'NONE', #4558, #700, #346 ) ;
#2522 = DIRECTION ( 'NONE',  ( 1.000000000000000000, 0.000000000000000000, -2.237793284010079132E-12 ) ) ;
#2523 = VERTEX_POINT ( 'NONE', #317 ) ;
#2524 = DIRECTION ( 'NONE',  ( -2.237690279189335060E-12, 6.358310602959384129E-05, -0.9999999979785944015 ) ) ;
#2525 = EDGE_CURVE ( 'NONE', #3300, #4937, #2922, .T. ) ;
#2526 = ORIENTED_EDGE ( 'NONE', *, *, #2862, .F. ) ;
#2527 = FACE_OUTER_BOUND ( 'NONE', #2444, .T. ) ;
#2528 = VERTEX_POINT ( 'NONE', #2863 ) ;
#2529 = LINE ( 'NONE', #5163, #1131 ) ;
#2530 = EDGE_CURVE ( 'NONE', #4925, #918, #3305, .T. ) ;
#2531 = VERTEX_POINT ( 'NONE', #4955 ) ;
#2532 = PLANE ( 'NONE',  #2191 ) ;
#2533 = ORIENTED_EDGE ( 'NONE', *, *, #5391, .F. ) ;
#2534 = ORIENTED_EDGE ( 'NONE', *, *, #1130, .T. ) ;
#2535 = CIRCLE ( 'NONE', #4573, 2.500000000000002220 ) ;
#2536 = EDGE_CURVE ( 'NONE', #1377, #4522, #3858, .T. ) ;
#2537 = LINE ( 'NONE', #4234, #2457 ) ;
#2538 = AXIS2_PLACEMENT_3D ( 'NONE', #4139, #326, #5384 ) ;
#2539 = VECTOR ( 'NONE', #4554, 999.9999999999998863 ) ;
#2540 = FACE_BOUND ( 'NONE', #4939, .T. ) ;
#2541 = EDGE_LOOP ( 'NONE', ( #1241, #724 ) ) ;
#2542 = AXIS2_PLACEMENT_3D ( 'NONE', #1431, #2720, #1066 ) ;
#2543 = SECURITY_CLASSIFICATION ( '', '', #1404 ) ;
#2544 = CIRCLE ( 'NONE', #149, 2.500000046250006047 ) ;
#2545 = DIRECTION ( 'NONE',  ( 1.000000000000000000, 0.000000000000000000, -5.551115020430141666E-15 ) ) ;
#2546 = AXIS2_PLACEMENT_3D ( 'NONE', #4814, #1889, #3622 ) ;
#2547 = CARTESIAN_POINT ( 'NONE',  ( -185.0000187136000136, 176.7037106431675397, 9.862466123234186810 ) ) ;
#2548 = PLANE ( 'NONE',  #907 ) ;
#2549 = AXIS2_PLACEMENT_3D ( 'NONE', #892, #1273, #447 ) ;
#2550 = FACE_BOUND ( 'NONE', #3955, .T. ) ;
#2551 = ORIENTED_EDGE ( 'NONE', *, *, #4005, .F. ) ;
#2552 = DIRECTION ( 'NONE',  ( 1.000000000000000000, 0.000000000000000000, -5.551115020430141666E-15 ) ) ;
#2553 = AXIS2_PLACEMENT_3D ( 'NONE', #5261, #1479, #5084 ) ;
#2554 = ORIENTED_EDGE ( 'NONE', *, *, #263, .F. ) ;
#2555 = CARTESIAN_POINT ( 'NONE',  ( 184.9999812859999793, 226.7046722766577318, 9.865645339770440003 ) ) ;
#2556 = PLANE ( 'NONE',  #664 ) ;
#2557 = EDGE_LOOP ( 'NONE', ( #824, #1337 ) ) ;
#2558 = AXIS2_PLACEMENT_3D ( 'NONE', #5251, #1005, #578 ) ;
#2559 = CARTESIAN_POINT ( 'NONE',  ( 187.4999812859999793, 206.7048272831777069, -0.1356263323028517043 ) ) ;
#2560 = ORIENTED_EDGE ( 'NONE', *, *, #4511, .F. ) ;
#2561 = AXIS2_PLACEMENT_3D ( 'NONE', #3641, #5221, #5247 ) ;
#2562 = CARTESIAN_POINT ( 'NONE',  ( 144.9999812900000222, 50.00487850124804368, -10.14558982166322032 ) ) ;
#2563 = DIRECTION ( 'NONE',  ( 1.000000000000000000, 1.139705910348116809E-13, 0.000000000000000000 ) ) ;
#2564 = ORIENTED_EDGE ( 'NONE', *, *, #2981, .T. ) ;
#2565 = CARTESIAN_POINT ( 'NONE',  ( 0.0002956050000058052518, 20.00321807995766221, 15.99948511303853138 ) ) ;
#2566 = EDGE_LOOP ( 'NONE', ( #4082, #3333, #1658, #5348 ) ) ;
#2567 = EDGE_CURVE ( 'NONE', #4961, #4937, #704, .T. ) ;
#2568 = VECTOR ( 'NONE', #1850, 999.9999999999998863 ) ;
#2569 = DIRECTION ( 'NONE',  ( 0.9999999815015170324, -0.0001923459528262196874, -1.222995889816002057E-08 ) ) ;
#2570 = CARTESIAN_POINT ( 'NONE',  ( -59.25392683300001551, 10.00450788346931397, -4.286150676569483231 ) ) ;
#2571 = EDGE_LOOP ( 'NONE', ( #3027, #784 ) ) ;
#2572 = EDGE_CURVE ( 'NONE', #48, #4279, #4543, .T. ) ;
#2573 = EDGE_CURVE ( 'NONE', #3050, #2241, #1173, .T. ) ;
#2574 = ADVANCED_FACE ( 'NONE', ( #1206 ), #4165, .F. ) ;
#2575 = DIRECTION ( 'NONE',  ( -1.139704650099662076E-13, 0.9999999979785942905, 6.358310602959382773E-05 ) ) ;
#2576 =( NAMED_UNIT ( * ) PLANE_ANGLE_UNIT ( ) SI_UNIT ( $, .RADIAN. ) );
#2577 = PLANE ( 'NONE',  #3965 ) ;
#2578 = ORIENTED_EDGE ( 'NONE', *, *, #4631, .T. ) ;
#2579 = DIRECTION ( 'NONE',  ( 1.000000000000000000, 0.000000000000000000, -5.551115020430141666E-15 ) ) ;
#2580 = ORIENTED_EDGE ( 'NONE', *, *, #5462, .T. ) ;
#2581 = LINE ( 'NONE', #825, #3266 ) ;
#2582 = DIRECTION ( 'NONE',  ( -5.773159728048290444E-15, 6.358310602959382773E-05, -0.9999999979785942905 ) ) ;
#2583 = EDGE_LOOP ( 'NONE', ( #4850, #4034, #4219, #2533 ) ) ;
#2584 = CARTESIAN_POINT ( 'NONE',  ( -182.5000187135999852, 216.7041914276825310, 9.865009478070035698 ) ) ;
#2585 = VERTEX_POINT ( 'NONE', #4718 ) ;
#2586 = CARTESIAN_POINT ( 'NONE',  ( 39.25388635400000936, 10.00376188364359997, -0.1481331975506094967 ) ) ;
#2587 = VECTOR ( 'NONE', #3636, 999.9999999999998863 ) ;
#2588 = LINE ( 'NONE', #5028, #4751 ) ;
#2589 = ORIENTED_EDGE ( 'NONE', *, *, #4038, .F. ) ;
#2590 = CYLINDRICAL_SURFACE ( 'NONE', #2298, 2.500000000000002220 ) ;
#2591 = VECTOR ( 'NONE', #2697, 999.9999999999998863 ) ;
#2592 = DIRECTION ( 'NONE',  ( 2.237515728249336999E-12, -6.358310602959384129E-05, 0.9999999979785944015 ) ) ;
#2593 = ORIENTED_EDGE ( 'NONE', *, *, #4206, .T. ) ;
#2594 = EDGE_CURVE ( 'NONE', #4925, #2585, #4264, .T. ) ;
#2595 = CARTESIAN_POINT ( 'NONE',  ( 54.25388330199998421, 20.00296374753273199, 19.99948510497814880 ) ) ;
#2596 = PLANE ( 'NONE',  #1987 ) ;
#2597 = ORIENTED_EDGE ( 'NONE', *, *, #2168, .F. ) ;
#2598 = VERTEX_POINT ( 'NONE', #3823 ) ;
#2599 = DIRECTION ( 'NONE',  ( 0.9999999815015170324, -0.0001923459527519746069, -1.222995888731806832E-08 ) ) ;
#2600 = ADVANCED_FACE ( 'NONE', ( #1759 ), #2626, .F. ) ;
#2601 = EDGE_CURVE ( 'NONE', #1156, #4917, #193, .T. ) ;
#2602 = CARTESIAN_POINT ( 'NONE',  ( -29.25392378100000101, 10.00439771465597438, -10.14813317739726628 ) ) ;
#2603 = DIRECTION ( 'NONE',  ( -2.237515728249334980E-12, 6.358310602959382773E-05, -0.9999999979785942905 ) ) ;
#2604 = CARTESIAN_POINT ( 'NONE',  ( 187.4999812859999793, 166.7048273637813338, -0.1381696565521395303 ) ) ;
#2605 = DIRECTION ( 'NONE',  ( 5.684341886078310580E-15, -6.358310602959384129E-05, 0.9999999979785944015 ) ) ;
#2606 = EDGE_CURVE ( 'NONE', #4176, #2724, #1157, .T. ) ;
#2607 = VECTOR ( 'NONE', #3709, 999.9999999999998863 ) ;
#2608 = DIRECTION ( 'NONE',  ( 1.000000000000000000, 0.000000000000000000, -5.551115020430141666E-15 ) ) ;
#2609 = ORIENTED_EDGE ( 'NONE', *, *, #4005, .T. ) ;
#2610 = CARTESIAN_POINT ( 'NONE',  ( -2.176600000236561527E-05, 0.005968089684754707136, -27.25178646093623414 ) ) ;
#2611 = EDGE_LOOP ( 'NONE', ( #3440, #3643, #5371, #4651 ) ) ;
#2612 = LINE ( 'NONE', #4223, #2473 ) ;
#2613 = EDGE_LOOP ( 'NONE', ( #1718, #45 ) ) ;
#2614 = DIRECTION ( 'NONE',  ( -0.9999999815015170324, 0.0001923459527769546249, 1.222995893068615522E-08 ) ) ;
#2615 = CARTESIAN_POINT ( 'NONE',  ( 184.9999812859999793, 226.7059439392817524, -10.13435461995251785 ) ) ;
#2616 = ORIENTED_EDGE ( 'NONE', *, *, #694, .F. ) ;
#2617 = FACE_OUTER_BOUND ( 'NONE', #2403, .T. ) ;
#2618 = DIRECTION ( 'NONE',  ( 1.000000000000000000, 0.000000000000000000, -5.551115020430157443E-15 ) ) ;
#2619 = EDGE_LOOP ( 'NONE', ( #3983, #70 ) ) ;
#2620 = CARTESIAN_POINT ( 'NONE',  ( 182.4999812859999793, 216.7048272630391637, -0.1349905009908614062 ) ) ;
#2621 = DIRECTION ( 'NONE',  ( 2.237515728248475083E-12, -6.358310602959382773E-05, 0.9999999979785942905 ) ) ;
#2622 = ORIENTED_EDGE ( 'NONE', *, *, #4236, .T. ) ;
#2623 = ORIENTED_EDGE ( 'NONE', *, *, #285, .T. ) ;
#2624 = VECTOR ( 'NONE', #4416, 999.9999999999998863 ) ;
#2625 = EDGE_CURVE ( 'NONE', #2156, #805, #4613, .T. ) ;
#2626 = CYLINDRICAL_SURFACE ( 'NONE', #4273, 1.650000030520000216 ) ;
#2627 = CARTESIAN_POINT ( 'NONE',  ( 10.14696054400002190, 10.00359025316560668, 10.14583160395141093 ) ) ;
#2628 = DIRECTION ( 'NONE',  ( -1.136868377219662335E-13, 0.9999999979785944015, 6.358310602959384129E-05 ) ) ;
#2629 = CC_DESIGN_APPROVAL ( #2124, ( #3878 ) ) ;
#2630 = CARTESIAN_POINT ( 'NONE',  ( 29.25388330100001255, 10.00450788341976782, -4.286150677568239864 ) ) ;
#2631 = DIRECTION ( 'NONE',  ( -0.0001923459554999994506, 6.358310488845300278E-05, -0.9999999794801108788 ) ) ;
#2632 = DIRECTION ( 'NONE',  ( 2.237515728249336999E-12, -6.358310602959384129E-05, 0.9999999979785944015 ) ) ;
#2633 = CIRCLE ( 'NONE', #2995, 30.00000000000000000 ) ;
#2634 = EDGE_CURVE ( 'NONE', #805, #307, #712, .T. ) ;
#2635 = ORIENTED_EDGE ( 'NONE', *, *, #3024, .T. ) ;
#2636 = CARTESIAN_POINT ( 'NONE',  ( 10.14696054400002190, 0.003590273404005528413, 10.14519577263445171 ) ) ;
#2637 = CARTESIAN_POINT ( 'NONE',  ( 71.75388330100001610, 10.00450788341976782, -4.286150677568239864 ) ) ;
#2638 = EDGE_LOOP ( 'NONE', ( #2701, #2513, #3910, #616 ) ) ;
#2639 = AXIS2_PLACEMENT_3D ( 'NONE', #874, #2592, #1752 ) ;
#2640 = DIRECTION ( 'NONE',  ( -5.773159728048290444E-15, 6.358310602959382773E-05, -0.9999999979785942905 ) ) ;
#2641 = EDGE_CURVE ( 'NONE', #141, #1213, #4320, .T. ) ;
#2642 = EDGE_CURVE ( 'NONE', #4993, #3604, #2925, .T. ) ;
#2643 = CIRCLE ( 'NONE', #2016, 2.500000046250006047 ) ;
#2644 = ADVANCED_FACE ( 'NONE', ( #3850 ), #3408, .F. ) ;
#2645 = EDGE_LOOP ( 'NONE', ( #4570, #5435, #1771, #1997 ) ) ;
#2646 = LINE ( 'NONE', #2758, #1988 ) ;
#2647 = DIRECTION ( 'NONE',  ( -1.139703215597029511E-13, 0.9999999979785944015, 6.358310607783300460E-05 ) ) ;
#2648 = CIRCLE ( 'NONE', #3985, 1.650000030520000216 ) ;
#2649 = DIRECTION ( 'NONE',  ( 2.237515728249914975E-12, -6.358310602959382773E-05, 0.9999999979785942905 ) ) ;
#2650 = ORIENTED_EDGE ( 'NONE', *, *, #1341, .T. ) ;
#2651 = DIRECTION ( 'NONE',  ( -1.139704650099660056E-13, 0.9999999979785942905, 6.358310602959382773E-05 ) ) ;
#2652 = CIRCLE ( 'NONE', #1046, 2.500000000000002220 ) ;
#2653 = DIRECTION ( 'NONE',  ( -1.000000000000000000, -1.137978600240784444E-13, 2.237446339314883771E-12 ) ) ;
#2654 = ORIENTED_EDGE ( 'NONE', *, *, #1790, .F. ) ;
#2655 = DIRECTION ( 'NONE',  ( -1.136868377219662335E-13, 0.9999999979785944015, 6.358310602959384129E-05 ) ) ;
#2656 = CYLINDRICAL_SURFACE ( 'NONE', #1712, 2.500000000000002220 ) ;
#2657 = ORIENTED_EDGE ( 'NONE', *, *, #4606, .T. ) ;
#2658 = AXIS2_PLACEMENT_3D ( 'NONE', #3367, #4328, #5019 ) ;
#2659 = ORIENTED_EDGE ( 'NONE', *, *, #431, .F. ) ;
#2660 = DIRECTION ( 'NONE',  ( 1.000000000000000000, 0.000000000000000000, -5.551115020430141666E-15 ) ) ;
#2661 = DIRECTION ( 'NONE',  ( -5.773159728048290444E-15, 6.358310602959382773E-05, -0.9999999979785942905 ) ) ;
#2662 = CARTESIAN_POINT ( 'NONE',  ( -140.0000187136000136, 0.004878597565642628364, -10.14876897700497871 ) ) ;
#2663 = DIRECTION ( 'NONE',  ( 0.9999999815015170324, -0.0001923459527353212615, -1.222995889816009005E-08 ) ) ;
#2664 = DIRECTION ( 'NONE',  ( -5.773159728048293600E-15, 6.358310602959384129E-05, -0.9999999979785944015 ) ) ;
#2665 = DIRECTION ( 'NONE',  ( -1.000000000000000000, -1.137978600240784444E-13, 2.237446339314883771E-12 ) ) ;
#2666 = ORIENTED_EDGE ( 'NONE', *, *, #1000, .T. ) ;
#2667 = CARTESIAN_POINT ( 'NONE',  ( 11.31391114800001141, 20.00495475605915630, -11.31399891530734969 ) ) ;
#2668 = EDGE_CURVE ( 'NONE', #3675, #510, #159, .T. ) ;
#2669 = CARTESIAN_POINT ( 'NONE',  ( 69.25388330100001610, 10.00489650228368532, -10.39813297501515699 ) ) ;
#2670 = ORIENTED_EDGE ( 'NONE', *, *, #2057, .F. ) ;
#2671 = DIRECTION ( 'NONE',  ( 5.684341886078310580E-15, -6.358310602959384129E-05, 0.9999999979785944015 ) ) ;
#2672 = ORIENTED_EDGE ( 'NONE', *, *, #155, .T. ) ;
#2673 = EDGE_CURVE ( 'NONE', #1952, #4028, #5191, .T. ) ;
#2674 = DIRECTION ( 'NONE',  ( -5.773159728048290444E-15, 6.358310602959382773E-05, -0.9999999979785942905 ) ) ;
#2675 = EDGE_CURVE ( 'NONE', #3342, #1356, #5095, .T. ) ;
#2676 = CARTESIAN_POINT ( 'NONE',  ( -12.48045645399997738, 10.00502897466556185, -12.48158534790316843 ) ) ;
#2677 = EDGE_LOOP ( 'NONE', ( #4363, #4674 ) ) ;
#2678 = DIRECTION ( 'NONE',  ( 5.684341886078310580E-15, -6.358310602959384129E-05, 0.9999999979785944015 ) ) ;
#2679 = EDGE_CURVE ( 'NONE', #3472, #4636, #5149, .T. ) ;
#2680 = DIRECTION ( 'NONE',  ( -5.795907159383170392E-15, 6.358310602959382773E-05, -0.9999999979785942905 ) ) ;
#2681 = VECTOR ( 'NONE', #5242, 1000.000000000000000 ) ;
#2682 = ORIENTED_EDGE ( 'NONE', *, *, #4794, .T. ) ;
#2683 = CARTESIAN_POINT ( 'NONE',  ( -187.5000187136000136, 196.7054631296343814, -10.13626214322863106 ) ) ;
#2684 = FACE_OUTER_BOUND ( 'NONE', #3239, .T. ) ;
#2685 = ORIENTED_EDGE ( 'NONE', *, *, #4488, .T. ) ;
#2686 = ORIENTED_EDGE ( 'NONE', *, *, #4719, .F. ) ;
#2687 = CARTESIAN_POINT ( 'NONE',  ( -187.5000187136000136, 216.7041914276825310, 9.865009478070035698 ) ) ;
#2688 = DIRECTION ( 'NONE',  ( -5.773159728048290444E-15, 6.358310602959382773E-05, -0.9999999979785942905 ) ) ;
#2689 = CARTESIAN_POINT ( 'NONE',  ( -182.5000187135999852, 186.7048273194596675, -0.1368979947287130017 ) ) ;
#2690 = VECTOR ( 'NONE', #1725, 999.9999999999998863 ) ;
#2691 = PERSON_AND_ORGANIZATION ( #2905, #2289 ) ;
#2692 = DIRECTION ( 'NONE',  ( 2.237515728249914975E-12, -6.358310602959382773E-05, 0.9999999979785942905 ) ) ;
#2693 = DIRECTION ( 'NONE',  ( -5.796461186672810420E-15, 6.358310602959382773E-05, -0.9999999979785942905 ) ) ;
#2694 = CIRCLE ( 'NONE', #2967, 1.650000030520001992 ) ;
#2695 = ORIENTED_EDGE ( 'NONE', *, *, #3063, .T. ) ;
#2696 = DIRECTION ( 'NONE',  ( -2.237515728249334980E-12, 6.358310602959382773E-05, -0.9999999979785942905 ) ) ;
#2697 = DIRECTION ( 'NONE',  ( -2.237690279189335060E-12, 6.358310602959384129E-05, -0.9999999979785944015 ) ) ;
#2698 = VECTOR ( 'NONE', #4212, 999.9999999999998863 ) ;
#2699 = EDGE_LOOP ( 'NONE', ( #2177, #2991, #1782, #4553 ) ) ;
#2700 = CARTESIAN_POINT ( 'NONE',  ( -187.5000187136000136, 166.7048273597862647, -0.1381696563539369649 ) ) ;
#2701 = ORIENTED_EDGE ( 'NONE', *, *, #2754, .T. ) ;
#2702 = DIRECTION ( 'NONE',  ( 5.684341886078310580E-15, -6.358310602959384129E-05, 0.9999999979785944015 ) ) ;
#2703 = DIRECTION ( 'NONE',  ( -2.970516506350875488E-06, 6.358310607762822592E-05, -0.9999999979741823752 ) ) ;
#2704 = CARTESIAN_POINT ( 'NONE',  ( 39.25388635400000936, 10.00312605253134102, 9.851866782300932712 ) ) ;
#2705 = DIRECTION ( 'NONE',  ( 1.000000000000000000, 0.000000000000000000, -5.551115020430141666E-15 ) ) ;
#2706 = AXIS2_PLACEMENT_3D ( 'NONE', #4790, #1353, #170 ) ;
#2707 = EDGE_CURVE ( 'NONE', #4342, #3229, #3086, .T. ) ;
#2708 = DIRECTION ( 'NONE',  ( 0.9999999815015170324, -0.0001923459528706286084, -1.222995891984406402E-08 ) ) ;
#2709 = LINE ( 'NONE', #3594, #3428 ) ;
#2710 = CARTESIAN_POINT ( 'NONE',  ( 41.75388330099999479, 10.00450788341976782, -4.286150677568239864 ) ) ;
#2711 = CARTESIAN_POINT ( 'NONE',  ( -61.75392683300001551, 10.00450788346931397, -4.286150676569483231 ) ) ;
#2712 = ORIENTED_EDGE ( 'NONE', *, *, #2300, .F. ) ;
#2713 = ORIENTED_EDGE ( 'NONE', *, *, #4918, .F. ) ;
#2714 = EDGE_CURVE ( 'NONE', #5276, #498, #3010, .T. ) ;
#2715 = LINE ( 'NONE', #2348, #2736 ) ;
#2716 = EDGE_CURVE ( 'NONE', #944, #709, #596, .T. ) ;
#2717 = CYLINDRICAL_SURFACE ( 'NONE', #4113, 2.500000000000002220 ) ;
#2718 = VECTOR ( 'NONE', #938, 999.9999999999998863 ) ;
#2719 = APPROVAL_ROLE ( '' ) ;
#2720 = DIRECTION ( 'NONE',  ( -5.778931806596650412E-15, 6.358310602959382773E-05, -0.9999999979785942905 ) ) ;
#2721 = CARTESIAN_POINT ( 'NONE',  ( -187.5000187136000136, 226.7041914075440161, 9.865645309382053085 ) ) ;
#2722 = AXIS2_PLACEMENT_3D ( 'NONE', #4036, #218, #4498 ) ;
#2723 = CIRCLE ( 'NONE', #2096, 2.500000046250006047 ) ;
#2724 = VERTEX_POINT ( 'NONE', #4240 ) ;
#2725 = DIRECTION ( 'NONE',  ( -0.9999999815015170324, 0.0001923459528817308387, 1.222995889816002057E-08 ) ) ;
#2726 = AXIS2_PLACEMENT_3D ( 'NONE', #3158, #2322, #3623 ) ;
#2727 = AXIS2_PLACEMENT_3D ( 'NONE', #299, #3289, #1184 ) ;
#2728 = ORIENTED_EDGE ( 'NONE', *, *, #3796, .T. ) ;
#2729 = DIRECTION ( 'NONE',  ( 5.684341886078310580E-15, -6.358310602959384129E-05, 0.9999999979785944015 ) ) ;
#2730 = ORIENTED_EDGE ( 'NONE', *, *, #2092, .F. ) ;
#2731 = DIRECTION ( 'NONE',  ( 5.684341886078310580E-15, -6.358310602959384129E-05, 0.9999999979785944015 ) ) ;
#2732 = VECTOR ( 'NONE', #4077, 999.9999999999998863 ) ;
#2733 = DIRECTION ( 'NONE',  ( -1.139704650099660056E-13, 0.9999999979785942905, 6.358310602959382773E-05 ) ) ;
#2734 = AXIS2_PLACEMENT_3D ( 'NONE', #659, #2371, #2260 ) ;
#2735 = CARTESIAN_POINT ( 'NONE',  ( -51.75392378099999746, 10.00487857957486604, -10.14813314680074186 ) ) ;
#2736 = VECTOR ( 'NONE', #4478, 999.9999999999998863 ) ;
#2737 = CARTESIAN_POINT ( 'NONE',  ( 144.9999812900000222, 50.00424267019571545, -0.1455898418146195361 ) ) ;
#2738 = EDGE_CURVE ( 'NONE', #2799, #918, #3465, .T. ) ;
#2739 = ORIENTED_EDGE ( 'NONE', *, *, #394, .F. ) ;
#2740 = ORIENTED_EDGE ( 'NONE', *, *, #3419, .T. ) ;
#2741 = AXIS2_PLACEMENT_3D ( 'NONE', #1691, #5111, #4343 ) ;
#2742 = EDGE_CURVE ( 'NONE', #5202, #2998, #867, .T. ) ;
#2743 = LINE ( 'NONE', #3629, #3795 ) ;
#2744 = VECTOR ( 'NONE', #1320, 999.9999999999998863 ) ;
#2745 = EDGE_CURVE ( 'NONE', #3138, #3962, #592, .T. ) ;
#2746 = CARTESIAN_POINT ( 'NONE',  ( 71.75388635399998805, 10.00360691745023978, 9.851866812897430492 ) ) ;
#2747 = EDGE_CURVE ( 'NONE', #1620, #3394, #2743, .T. ) ;
#2748 = CARTESIAN_POINT ( 'NONE',  ( -187.5000187136000136, 176.7041915082862147, 9.862466153820776071 ) ) ;
#2749 = CARTESIAN_POINT ( 'NONE',  ( -39.25392683299999419, 10.00450788346931397, -4.286150676569483231 ) ) ;
#2750 = ADVANCED_FACE ( 'NONE', ( #1427 ), #639, .F. ) ;
#2751 = EDGE_LOOP ( 'NONE', ( #2414, #1451, #2142, #2670 ) ) ;
#2752 = CARTESIAN_POINT ( 'NONE',  ( -59.25392683300001551, 10.00296376772080009, 19.99884927466488804 ) ) ;
#2753 = CARTESIAN_POINT ( 'NONE',  ( 14.34997823400002659, 0.004235450083843461666, -0.001786516350243960716 ) ) ;
#2754 = EDGE_CURVE ( 'NONE', #1276, #3962, #1392, .T. ) ;
#2755 = ORIENTED_EDGE ( 'NONE', *, *, #3048, .F. ) ;
#2756 = CARTESIAN_POINT ( 'NONE',  ( -66.75392683299999419, 10.00296376772080009, 19.99884927466488804 ) ) ;
#2757 = VERTEX_POINT ( 'NONE', #4022 ) ;
#2758 = CARTESIAN_POINT ( 'NONE',  ( -145.0000187073999882, 0.004242766553259891271, -0.1487689971583772142 ) ) ;
#2759 = FACE_OUTER_BOUND ( 'NONE', #4861, .T. ) ;
#2760 = DIRECTION ( 'NONE',  ( 1.000000000000000000, 0.000000000000000000, -5.551115020430141666E-15 ) ) ;
#2761 = CARTESIAN_POINT ( 'NONE',  ( -39.25392683299999419, 10.00358370297554877, 10.24884929381295073 ) ) ;
#2762 = CARTESIAN_POINT ( 'NONE',  ( -36.75392378100001167, 10.00487857957486604, -10.14813314680074186 ) ) ;
#2763 = CARTESIAN_POINT ( 'NONE',  ( -16.00002176599998904, 0.004235470219972337080, -0.002103887145804561598 ) ) ;
#2764 = CYLINDRICAL_SURFACE ( 'NONE', #2726, 27.25000000009999468 ) ;
#2765 = ORIENTED_EDGE ( 'NONE', *, *, #5116, .T. ) ;
#2766 = CIRCLE ( 'NONE', #370, 2.500000000000002220 ) ;
#2767 = EDGE_CURVE ( 'NONE', #3596, #3240, #1663, .T. ) ;
#2768 = DIRECTION ( 'NONE',  ( -5.755349326015470720E-15, 6.358310602959382773E-05, -0.9999999979785942905 ) ) ;
#2769 = DIRECTION ( 'NONE',  ( -1.136868377219662335E-13, 0.9999999979785944015, 6.358310602959384129E-05 ) ) ;
#2770 = CARTESIAN_POINT ( 'NONE',  ( 19.49997823400001451, 0.004240122842849580742, -0.07527767141618513236 ) ) ;
#2771 = FACE_BOUND ( 'NONE', #1364, .T. ) ;
#2772 = DIRECTION ( 'NONE',  ( -0.9999999815015170324, 0.0001923459528373219177, 1.222995893068608574E-08 ) ) ;
#2773 = EDGE_CURVE ( 'NONE', #2964, #5209, #2114, .T. ) ;
#2774 = ORIENTED_EDGE ( 'NONE', *, *, #1169, .T. ) ;
#2775 = FACE_OUTER_BOUND ( 'NONE', #4386, .T. ) ;
#2776 = CARTESIAN_POINT ( 'NONE',  ( 11.31391114800001141, 0.003516103582172636077, 11.31169754424196583 ) ) ;
#2777 = EDGE_CURVE ( 'NONE', #2884, #560, #4851, .T. ) ;
#2778 = CARTESIAN_POINT ( 'NONE',  ( -29.25392683300001551, 10.00489650223335403, -10.39813297401140346 ) ) ;
#2779 = VERTEX_POINT ( 'NONE', #2687 ) ;
#2780 = VERTEX_POINT ( 'NONE', #1062 ) ;
#2781 = FACE_OUTER_BOUND ( 'NONE', #2269, .T. ) ;
#2782 = ORIENTED_EDGE ( 'NONE', *, *, #3323, .T. ) ;
#2783 = ORIENTED_EDGE ( 'NONE', *, *, #4356, .T. ) ;
#2784 = CARTESIAN_POINT ( 'NONE',  ( -140.0000187136000136, 0.004242766553259891271, -0.1487689971583772142 ) ) ;
#2785 = DIRECTION ( 'NONE',  ( -2.237506273869335076E-12, 6.358310602959384129E-05, -0.9999999979785944015 ) ) ;
#2786 = CARTESIAN_POINT ( 'NONE',  ( 174.9999812880000434, 94.52939305426855299, -10.14275881528547885 ) ) ;
#2787 = CYLINDRICAL_SURFACE ( 'NONE', #2833, 2.500000046250013153 ) ;
#2788 = CARTESIAN_POINT ( 'NONE',  ( -61.75392683300001551, 10.00450788346931397, -4.286150676569483231 ) ) ;
#2789 = FACE_BOUND ( 'NONE', #2270, .T. ) ;
#2790 = FACE_OUTER_BOUND ( 'NONE', #3633, .T. ) ;
#2791 = AXIS2_PLACEMENT_3D ( 'NONE', #5230, #1471, #3186 ) ;
#2792 = VERTEX_POINT ( 'NONE', #180 ) ;
#2793 = ORIENTED_EDGE ( 'NONE', *, *, #2017, .T. ) ;
#2794 = CARTESIAN_POINT ( 'NONE',  ( -185.0000187136000136, 206.7053081433024886, -0.1356263014685721302 ) ) ;
#2795 = CIRCLE ( 'NONE', #397, 27.25047295369999745 ) ;
#2796 = FACE_OUTER_BOUND ( 'NONE', #214, .T. ) ;
#2797 = ORIENTED_EDGE ( 'NONE', *, *, #2424, .T. ) ;
#2798 = DIRECTION ( 'NONE',  ( 5.684341886078310580E-15, -6.358310602959384129E-05, 0.9999999979785944015 ) ) ;
#2799 = VERTEX_POINT ( 'NONE', #1453 ) ;
#2800 = FACE_BOUND ( 'NONE', #385, .T. ) ;
#2801 = DIRECTION ( 'NONE',  ( -2.237690279189335060E-12, 6.358310602959384129E-05, -0.9999999979785944015 ) ) ;
#2802 = DIRECTION ( 'NONE',  ( -2.237515728249334980E-12, 6.358310602959382773E-05, -0.9999999979785942905 ) ) ;
#2803 = ORIENTED_EDGE ( 'NONE', *, *, #1599, .T. ) ;
#2804 = VERTEX_POINT ( 'NONE', #5236 ) ;
#2805 = EDGE_CURVE ( 'NONE', #31, #2871, #2715, .T. ) ;
#2806 = EDGE_CURVE ( 'NONE', #2030, #5330, #4329, .T. ) ;
#2807 = CIRCLE ( 'NONE', #4986, 1.650000030520000216 ) ;
#2808 = CIRCLE ( 'NONE', #2087, 27.24992590359999767 ) ;
#2809 = VECTOR ( 'NONE', #3439, 999.9999999999998863 ) ;
#2810 = EDGE_LOOP ( 'NONE', ( #3365, #2635, #5060, #2146 ) ) ;
#2811 = ORIENTED_EDGE ( 'NONE', *, *, #5462, .F. ) ;
#2812 = CIRCLE ( 'NONE', #4900, 2.500000000000002220 ) ;
#2813 = DIRECTION ( 'NONE',  ( 5.684341886078310580E-15, -6.358310602959384129E-05, 0.9999999979785944015 ) ) ;
#2814 = DIRECTION ( 'NONE',  ( -2.237690279189335060E-12, 6.358310602959384129E-05, -0.9999999979785944015 ) ) ;
#2815 = VECTOR ( 'NONE', #3197, 1000.000000000000000 ) ;
#2816 = CARTESIAN_POINT ( 'NONE',  ( 69.25388635399998805, 10.00439771465597438, -10.14813317739726628 ) ) ;
#2817 = AXIS2_PLACEMENT_3D ( 'NONE', #4697, #1288, #3852 ) ;
#2818 = EDGE_CURVE ( 'NONE', #2340, #1943, #4045, .T. ) ;
#2819 = DIRECTION ( 'NONE',  ( -0.9999999815015170324, 0.0001923459528817308387, 1.222995891984406402E-08 ) ) ;
#2820 = CIRCLE ( 'NONE', #414, 2.500000000000002220 ) ;
#2821 = ADVANCED_FACE ( 'NONE', ( #1501 ), #1087, .F. ) ;
#2822 = CYLINDRICAL_SURFACE ( 'NONE', #1270, 2.500000046249998942 ) ;
#2823 = AXIS2_PLACEMENT_3D ( 'NONE', #4614, #4211, #4638 ) ;
#2824 = FACE_BOUND ( 'NONE', #1219, .T. ) ;
#2825 = VECTOR ( 'NONE', #2655, 999.9999999999998863 ) ;
#2826 = ORIENTED_EDGE ( 'NONE', *, *, #2026, .T. ) ;
#2827 = ORIENTED_EDGE ( 'NONE', *, *, #51, .F. ) ;
#2828 = AXIS2_PLACEMENT_3D ( 'NONE', #2220, #3551, #2280 ) ;
#2829 = VECTOR ( 'NONE', #4452, 999.9999999999998863 ) ;
#2830 = CARTESIAN_POINT ( 'NONE',  ( 0.0002956050000058052518, 0.003218120384132494571, 15.99821345140831141 ) ) ;
#2831 = CARTESIAN_POINT ( 'NONE',  ( 29.25388330100001255, 10.00450788341976782, -4.286150677568239864 ) ) ;
#2832 = ORIENTED_EDGE ( 'NONE', *, *, #3028, .F. ) ;
#2833 = AXIS2_PLACEMENT_3D ( 'NONE', #4039, #4068, #2819 ) ;
#2834 = FACE_BOUND ( 'NONE', #4187, .T. ) ;
#2835 = CIRCLE ( 'NONE', #4765, 2.500000046250006047 ) ;
#2836 = DIRECTION ( 'NONE',  ( 5.684341886078310580E-15, -6.358310602959384129E-05, 0.9999999979785944015 ) ) ;
#2837 = ORIENTED_EDGE ( 'NONE', *, *, #2806, .F. ) ;
#2838 = FACE_BOUND ( 'NONE', #3366, .T. ) ;
#2839 = LINE ( 'NONE', #4878, #633 ) ;
#2840 = PLANE ( 'NONE',  #3779 ) ;
#2841 = EDGE_LOOP ( 'NONE', ( #66, #3306, #3614, #4318 ) ) ;
#2842 = ORIENTED_EDGE ( 'NONE', *, *, #494, .F. ) ;
#2843 = AXIS2_PLACEMENT_3D ( 'NONE', #3475, #3862, #5134 ) ;
#2844 = EDGE_CURVE ( 'NONE', #1657, #4309, #2648, .T. ) ;
#2845 = EDGE_LOOP ( 'NONE', ( #117, #1810 ) ) ;
#2846 = ORIENTED_EDGE ( 'NONE', *, *, #1416, .T. ) ;
#2847 = DIRECTION ( 'NONE',  ( 1.000000000000000000, 0.000000000000000000, -2.237793284010079132E-12 ) ) ;
#2848 = DIRECTION ( 'NONE',  ( -5.788919476640040538E-15, 6.358310602959382773E-05, -0.9999999979785942905 ) ) ;
#2849 = ORIENTED_EDGE ( 'NONE', *, *, #3559, .F. ) ;
#2850 = FACE_OUTER_BOUND ( 'NONE', #3848, .T. ) ;
#2851 = EDGE_CURVE ( 'NONE', #683, #1620, #1811, .T. ) ;
#2852 = ADVANCED_FACE ( 'NONE', ( #5186 ), #2274, .F. ) ;
#2853 = CARTESIAN_POINT ( 'NONE',  ( -56.75392683300001551, 10.00450788346931397, -4.286150676569483231 ) ) ;
#2854 = CARTESIAN_POINT ( 'NONE',  ( 59.25388635399997384, 10.00376188364359997, -0.1481331975506094967 ) ) ;
#2855 = EDGE_CURVE ( 'NONE', #3240, #3596, #1930, .T. ) ;
#2856 = EDGE_LOOP ( 'NONE', ( #976, #2616, #2560, #3664, #3341, #4493, #1876, #5312, #2325, #3979, #4208, #3744, #4600, #4615, #1688, #2394, #1944, #1923 ) ) ;
#2857 = EDGE_LOOP ( 'NONE', ( #1151, #1903, #3773, #1796 ) ) ;
#2858 = LINE ( 'NONE', #726, #1994 ) ;
#2859 = DIRECTION ( 'NONE',  ( -1.000000000000000000, -4.504606491415481361E-11, 2.908991014615152805E-15 ) ) ;
#2860 = ORIENTED_EDGE ( 'NONE', *, *, #5320, .T. ) ;
#2861 = LINE ( 'NONE', #5291, #1135 ) ;
#2862 = EDGE_CURVE ( 'NONE', #3604, #4993, #5005, .T. ) ;
#2863 = CARTESIAN_POINT ( 'NONE',  ( 10.14696054400002190, 20.00359023302708650, 10.14646743526340167 ) ) ;
#2864 = ORIENTED_EDGE ( 'NONE', *, *, #1332, .T. ) ;
#2865 = CARTESIAN_POINT ( 'NONE',  ( 19.49997823400001451, 20.00424008246593033, -0.07400600878720853260 ) ) ;
#2866 = AXIS2_PLACEMENT_3D ( 'NONE', #3097, #1410, #104 ) ;
#2867 = FACE_OUTER_BOUND ( 'NONE', #783, .T. ) ;
#2868 = DIRECTION ( 'NONE',  ( 0.9999999815015170324, -0.0001923459528373219177, -1.222995893068608574E-08 ) ) ;
#2869 = CIRCLE ( 'NONE', #2508, 2.500000000000002220 ) ;
#2870 = ORIENTED_EDGE ( 'NONE', *, *, #4210, .T. ) ;
#2871 = VERTEX_POINT ( 'NONE', #2326 ) ;
#2872 = ORIENTED_EDGE ( 'NONE', *, *, #2168, .T. ) ;
#2873 = EDGE_LOOP ( 'NONE', ( #3821, #5133, #828, #5120 ) ) ;
#2874 = CARTESIAN_POINT ( 'NONE',  ( -54.75002176599999615, 20.00358368273715115, 10.24948512512990817 ) ) ;
#2875 = DIRECTION ( 'NONE',  ( 1.000000000000000000, 4.504606588158797030E-11, -2.930989396705791047E-15 ) ) ;
#2876 = DIRECTION ( 'NONE',  ( 2.237515728249914975E-12, -6.358310602959382773E-05, 0.9999999979785942905 ) ) ;
#2877 = ORIENTED_EDGE ( 'NONE', *, *, #4761, .F. ) ;
#2878 = VECTOR ( 'NONE', #4564, 1000.000000000000000 ) ;
#2879 = CYLINDRICAL_SURFACE ( 'NONE', #3989, 29.99999999999999645 ) ;
#2880 = EDGE_CURVE ( 'NONE', #35, #670, #4835, .T. ) ;
#2881 = ORIENTED_EDGE ( 'NONE', *, *, #4201, .T. ) ;
#2882 = DIRECTION ( 'NONE',  ( -5.773159728048500281E-15, 6.358310602959382773E-05, -0.9999999979785942905 ) ) ;
#2883 = FACE_OUTER_BOUND ( 'NONE', #2699, .T. ) ;
#2884 = VERTEX_POINT ( 'NONE', #5055 ) ;
#2885 = EDGE_CURVE ( 'NONE', #2287, #5176, #5366, .T. ) ;
#2886 = DIRECTION ( 'NONE',  ( 1.000000000000000000, 1.139705910348116809E-13, 0.000000000000000000 ) ) ;
#2887 = CARTESIAN_POINT ( 'NONE',  ( -69.25392683299999419, 10.00450788346931397, -4.286150676569483231 ) ) ;
#2888 = EDGE_LOOP ( 'NONE', ( #522, #2001, #228, #445 ) ) ;
#2889 = EDGE_CURVE ( 'NONE', #4917, #5379, #4310, .T. ) ;
#2890 = CARTESIAN_POINT ( 'NONE',  ( -54.25420330200000762, 20.00550707173167453, -20.00051481341447257 ) ) ;
#2891 = ORIENTED_EDGE ( 'NONE', *, *, #225, .T. ) ;
#2892 = CARTESIAN_POINT ( 'NONE',  ( 66.75388330100001610, 10.00358370297554877, 10.24884929381295073 ) ) ;
#2893 = CARTESIAN_POINT ( 'NONE',  ( -41.75392683300000130, 10.00550709197007038, -20.00115064473145665 ) ) ;
#2894 = CARTESIAN_POINT ( 'NONE',  ( 15.99997823400001096, 0.004235429847822269611, -0.001469145549742867374 ) ) ;
#2895 = CARTESIAN_POINT ( 'NONE',  ( -185.0000187136000136, 196.7053081634410034, -0.1362621327805624283 ) ) ;
#2896 = DIRECTION ( 'NONE',  ( 1.000000000000000000, 0.000000000000000000, -5.551115020430141666E-15 ) ) ;
#2897 = ORIENTED_EDGE ( 'NONE', *, *, #875, .F. ) ;
#2898 = VERTEX_POINT ( 'NONE', #1390 ) ;
#2899 = ORIENTED_EDGE ( 'NONE', *, *, #549, .T. ) ;
#2900 = DIRECTION ( 'NONE',  ( -5.773159728048290444E-15, 6.358310602959382773E-05, -0.9999999979785942905 ) ) ;
#2901 = CARTESIAN_POINT ( 'NONE',  ( -185.0000187136000136, 226.7053081029758914, -0.1343546398433204114 ) ) ;
#2902 = ORIENTED_EDGE ( 'NONE', *, *, #1991, .T. ) ;
#2903 = DIRECTION ( 'NONE',  ( 2.237298665419335057E-12, -6.358310602959384129E-05, 0.9999999979785944015 ) ) ;
#2904 = AXIS2_PLACEMENT_3D ( 'NONE', #488, #937, #5131 ) ;
#2905 = PERSON ( 'UNSPECIFIED', 'UNSPECIFIED', 'UNSPECIFIED', ('UNSPECIFIED'), ('UNSPECIFIED'), ('UNSPECIFIED') ) ;
#2906 = ORIENTED_EDGE ( 'NONE', *, *, #3162, .F. ) ;
#2907 = LINE ( 'NONE', #4584, #1892 ) ;
#2908 = VECTOR ( 'NONE', #5383, 999.9999999999998863 ) ;
#2909 = CYLINDRICAL_SURFACE ( 'NONE', #4822, 1.650000030519999328 ) ;
#2910 = ORIENTED_EDGE ( 'NONE', *, *, #4465, .F. ) ;
#2911 = CIRCLE ( 'NONE', #3695, 2.500000046250006047 ) ;
#2912 = ORIENTED_EDGE ( 'NONE', *, *, #642, .F. ) ;
#2913 = AXIS2_PLACEMENT_3D ( 'NONE', #1391, #4344, #613 ) ;
#2914 = DIRECTION ( 'NONE',  ( -1.000000000000000000, 1.109989971750206731E-13, 2.237522790433281746E-12 ) ) ;
#2915 = AXIS2_PLACEMENT_3D ( 'NONE', #3646, #2478, #3261 ) ;
#2916 = EDGE_CURVE ( 'NONE', #4980, #4140, #1481, .T. ) ;
#2917 = FACE_BOUND ( 'NONE', #2619, .T. ) ;
#2918 = ORIENTED_EDGE ( 'NONE', *, *, #663, .F. ) ;
#2919 = VECTOR ( 'NONE', #3330, 999.9999999999998863 ) ;
#2920 = ADVANCED_FACE ( 'NONE', ( #3424 ), #2590, .F. ) ;
#2921 = CIRCLE ( 'NONE', #3529, 2.500000000000002220 ) ;
#2922 = LINE ( 'NONE', #3713, #2436 ) ;
#2923 = EDGE_CURVE ( 'NONE', #2073, #4263, #870, .T. ) ;
#2924 = ORIENTED_EDGE ( 'NONE', *, *, #1534, .F. ) ;
#2925 = CIRCLE ( 'NONE', #5275, 2.500000046250006047 ) ;
#2926 = DIRECTION ( 'NONE',  ( 1.000000000000000000, 1.141127329791524504E-13, -2.237508477130826298E-12 ) ) ;
#2927 = DIRECTION ( 'NONE',  ( -2.237515728249334980E-12, 6.358310602959382773E-05, -0.9999999979785942905 ) ) ;
#2928 = ORIENTED_EDGE ( 'NONE', *, *, #5373, .T. ) ;
#2929 = ORIENTED_EDGE ( 'NONE', *, *, #2923, .T. ) ;
#2930 = EDGE_CURVE ( 'NONE', #2998, #5202, #3707, .T. ) ;
#2931 = AXIS2_PLACEMENT_3D ( 'NONE', #277, #2450, #1546 ) ;
#2932 = EDGE_LOOP ( 'NONE', ( #454, #4669, #1248, #1709 ) ) ;
#2933 = ORIENTED_EDGE ( 'NONE', *, *, #4563, .F. ) ;
#2934 = CARTESIAN_POINT ( 'NONE',  ( -185.0000187136000136, 166.7037106633555936, 9.861830292920952701 ) ) ;
#2935 = FACE_OUTER_BOUND ( 'NONE', #1183, .T. ) ;
#2936 = AXIS2_PLACEMENT_3D ( 'NONE', #599, #1432, #992 ) ;
#2937 = EDGE_LOOP ( 'NONE', ( #4912, #4649, #509, #2181 ) ) ;
#2938 = FACE_OUTER_BOUND ( 'NONE', #1294, .T. ) ;
#2939 = ORIENTED_EDGE ( 'NONE', *, *, #1608, .F. ) ;
#2940 = CARTESIAN_POINT ( 'NONE',  ( -11.31350584999998787, 10.00351605484714845, 11.31278220622905550 ) ) ;
#2941 = CARTESIAN_POINT ( 'NONE',  ( 144.9999812900000222, 50.00487850124804368, -10.14558982166322032 ) ) ;
#2942 = ORIENTED_EDGE ( 'NONE', *, *, #2369, .T. ) ;
#2943 = DIRECTION ( 'NONE',  ( 1.000000000000000000, 1.139705910348116809E-13, 0.000000000000000000 ) ) ;
#2944 = CARTESIAN_POINT ( 'NONE',  ( 29.25388330100001255, 10.00358370297554877, 10.24884929381295073 ) ) ;
#2945 = ORIENTED_EDGE ( 'NONE', *, *, #1503, .T. ) ;
#2946 = ADVANCED_FACE ( 'NONE', ( #2617 ), #5170, .F. ) ;
#2947 = DIRECTION ( 'NONE',  ( -2.237690279189335060E-12, 6.358310602959384129E-05, -0.9999999979785944015 ) ) ;
#2948 = FACE_OUTER_BOUND ( 'NONE', #3199, .T. ) ;
#2949 = DIRECTION ( 'NONE',  ( 5.684341886078310580E-15, -6.358310602959384129E-05, 0.9999999979785944015 ) ) ;
#2950 = FACE_OUTER_BOUND ( 'NONE', #5337, .T. ) ;
#2951 = ORIENTED_EDGE ( 'NONE', *, *, #2506, .F. ) ;
#2952 = CARTESIAN_POINT ( 'NONE',  ( 182.4999812859999793, 176.7054631749548435, -10.13753380510157243 ) ) ;
#2953 = EDGE_CURVE ( 'NONE', #5025, #3745, #4257, .T. ) ;
#2954 = EDGE_CURVE ( 'NONE', #3683, #2898, #3814, .T. ) ;
#2955 = VERTEX_POINT ( 'NONE', #1306 ) ;
#2956 = DIRECTION ( 'NONE',  ( -2.237690279189335060E-12, 6.358310602959384129E-05, -0.9999999979785944015 ) ) ;
#2957 = CYLINDRICAL_SURFACE ( 'NONE', #4067, 2.500000046249998942 ) ;
#2958 = EDGE_LOOP ( 'NONE', ( #699, #793, #1980, #5290 ) ) ;
#2959 = DIRECTION ( 'NONE',  ( 1.000000000000000000, 0.000000000000000000, -5.551115020430157443E-15 ) ) ;
#2960 = VECTOR ( 'NONE', #2275, 999.9999999999998863 ) ;
#2961 = DIRECTION ( 'NONE',  ( 2.237515728249334980E-12, -6.358310602959382773E-05, 0.9999999979785942905 ) ) ;
#2962 = FACE_OUTER_BOUND ( 'NONE', #4125, .T. ) ;
#2963 = VERTEX_POINT ( 'NONE', #4738 ) ;
#2964 = VERTEX_POINT ( 'NONE', #4661 ) ;
#2965 = VECTOR ( 'NONE', #128, 999.9999999999998863 ) ;
#2966 = DIRECTION ( 'NONE',  ( 1.000000000000000000, 0.000000000000000000, -2.237793284010079132E-12 ) ) ;
#2967 = AXIS2_PLACEMENT_3D ( 'NONE', #5237, #1454, #2246 ) ;
#2968 = DIRECTION ( 'NONE',  ( 2.237515728248475083E-12, -6.358310602959382773E-05, 0.9999999979785942905 ) ) ;
#2969 = ORIENTED_EDGE ( 'NONE', *, *, #4712, .T. ) ;
#2970 = ORIENTED_EDGE ( 'NONE', *, *, #3997, .F. ) ;
#2971 = CARTESIAN_POINT ( 'NONE',  ( -71.75392683299999419, 10.00450788346931397, -4.286150676569483231 ) ) ;
#2972 = CARTESIAN_POINT ( 'NONE',  ( 19.49997823400001451, 20.00489648204528592, -10.39749714369816935 ) ) ;
#2973 = VECTOR ( 'NONE', #3875, 999.9999999999998863 ) ;
#2974 = DIRECTION ( 'NONE',  ( -5.773159728048290444E-15, 6.358310602959382773E-05, -0.9999999979785942905 ) ) ;
#2975 = ORIENTED_EDGE ( 'NONE', *, *, #1815, .T. ) ;
#2976 = CIRCLE ( 'NONE', #4970, 1.650000030520000216 ) ;
#2977 = DIRECTION ( 'NONE',  ( -5.773159728048290444E-15, 6.358310602959382773E-05, -0.9999999979785942905 ) ) ;
#2978 = EDGE_CURVE ( 'NONE', #1531, #5465, #3442, .T. ) ;
#2979 = VERTEX_POINT ( 'NONE', #11 ) ;
#2980 = CARTESIAN_POINT ( 'NONE',  ( 36.75388330100001610, 10.00450788341976782, -4.286150677568239864 ) ) ;
#2981 = EDGE_CURVE ( 'NONE', #1249, #417, #3930, .T. ) ;
#2982 = EDGE_LOOP ( 'NONE', ( #1843, #4359, #2443, #2686 ) ) ;
#2983 = CARTESIAN_POINT ( 'NONE',  ( -59.25392683300001551, 10.00550709197007038, -20.00115064473145665 ) ) ;
#2984 = ORIENTED_EDGE ( 'NONE', *, *, #51, .T. ) ;
#2985 = ADVANCED_FACE ( 'NONE', ( #4284 ), #1802, .F. ) ;
#2986 = DIRECTION ( 'NONE',  ( 5.684341886078310580E-15, -6.358310602959384129E-05, 0.9999999979785944015 ) ) ;
#2987 = EDGE_CURVE ( 'NONE', #2780, #3432, #1751, .T. ) ;
#2988 = DIRECTION ( 'NONE',  ( 1.000000000000000000, 0.000000000000000000, -5.551115020430157443E-15 ) ) ;
#2989 = EDGE_LOOP ( 'NONE', ( #5297, #3115 ) ) ;
#2990 = CARTESIAN_POINT ( 'NONE',  ( -26.75392683300001195, 10.00358370297554877, 10.24884929381295073 ) ) ;
#2991 = ORIENTED_EDGE ( 'NONE', *, *, #1569, .T. ) ;
#2992 = ADVANCED_FACE ( 'NONE', ( #978, #3868, #63, #3403, #36, #1749 ), #1275, .F. ) ;
#2993 = VECTOR ( 'NONE', #1817, 999.9999999999998863 ) ;
#2994 = CARTESIAN_POINT ( 'NONE',  ( 59.25388635399997384, 10.00312605253134102, 9.851866782300932712 ) ) ;
#2995 = AXIS2_PLACEMENT_3D ( 'NONE', #2562, #1354, #499 ) ;
#2996 = CARTESIAN_POINT ( 'NONE',  ( -14.35002176600000467, 10.00423542984544412, -0.001150685033285414605 ) ) ;
#2997 = DIRECTION ( 'NONE',  ( 1.000000000000000000, 1.138245750166881611E-13, 2.294480915981978272E-12 ) ) ;
#2998 = VERTEX_POINT ( 'NONE', #2990 ) ;
#2999 = AXIS2_PLACEMENT_3D ( 'NONE', #2477, #774, #1659 ) ;
#3000 = CC_DESIGN_SECURITY_CLASSIFICATION ( #2543, ( #3878 ) ) ;
#3001 = AXIS2_PLACEMENT_3D ( 'NONE', #4499, #4943, #4150 ) ;
#3002 = DIRECTION ( 'NONE',  ( 1.000000000000000000, 4.504606588158797030E-11, -2.930989396705791047E-15 ) ) ;
#3003 = CIRCLE ( 'NONE', #3703, 2.500000046250006047 ) ;
#3004 = CARTESIAN_POINT ( 'NONE',  ( -49.25392683300000840, 10.00450788346931397, -4.286150676569483231 ) ) ;
#3005 = VECTOR ( 'NONE', #5144, 1000.000000000000000 ) ;
#3006 = DIRECTION ( 'NONE',  ( 0.000000000000000000, 0.000000000000000000, 1.000000000000000000 ) ) ;
#3007 = FACE_BOUND ( 'NONE', #377, .T. ) ;
#3008 = ORIENTED_EDGE ( 'NONE', *, *, #2641, .T. ) ;
#3009 = DIRECTION ( 'NONE',  ( 5.684341886078310580E-15, -6.358310602959384129E-05, 0.9999999979785944015 ) ) ;
#3010 = CIRCLE ( 'NONE', #1563, 2.500000000000002220 ) ;
#3011 = ORIENTED_EDGE ( 'NONE', *, *, #3282, .T. ) ;
#3012 = CARTESIAN_POINT ( 'NONE',  ( 59.25388330100000900, 10.00450788341976782, -4.286150677568239864 ) ) ;
#3013 = VERTEX_POINT ( 'NONE', #1420 ) ;
#3014 = CIRCLE ( 'NONE', #2118, 1.650000030520000216 ) ;
#3015 = LINE ( 'NONE', #2559, #3803 ) ;
#3016 = ADVANCED_FACE ( 'NONE', ( #3184 ), #5228, .F. ) ;
#3017 = EDGE_LOOP ( 'NONE', ( #3258, #2682, #4628, #1215 ) ) ;
#3018 = CIRCLE ( 'NONE', #2033, 2.500000046250006047 ) ;
#3019 = FACE_OUTER_BOUND ( 'NONE', #413, .T. ) ;
#3020 = DIRECTION ( 'NONE',  ( 1.000000000000000000, 0.000000000000000000, -2.237099394619688409E-12 ) ) ;
#3021 = VERTEX_POINT ( 'NONE', #2762 ) ;
#3022 = DIRECTION ( 'NONE',  ( 1.000000000000000000, 0.000000000000000000, -2.237099394619688409E-12 ) ) ;
#3023 = VECTOR ( 'NONE', #3918, 999.9999999999998863 ) ;
#3024 = EDGE_CURVE ( 'NONE', #3021, #2166, #4923, .T. ) ;
#3025 = EDGE_CURVE ( 'NONE', #1440, #2979, #5195, .T. ) ;
#3026 = CARTESIAN_POINT ( 'NONE',  ( -142.5000187105000009, 0.003606935391455012851, 9.851230981694437006 ) ) ;
#3027 = ORIENTED_EDGE ( 'NONE', *, *, #84, .F. ) ;
#3028 = EDGE_CURVE ( 'NONE', #2051, #80, #2652, .T. ) ;
#3029 = DIRECTION ( 'NONE',  ( 1.000000000000000000, 0.000000000000000000, -5.551115020430141666E-15 ) ) ;
#3030 = EDGE_LOOP ( 'NONE', ( #2486, #3083, #248, #2059 ) ) ;
#3031 = DIRECTION ( 'NONE',  ( 2.237515728248475083E-12, -6.358310602959382773E-05, 0.9999999979785942905 ) ) ;
#3032 = DIRECTION ( 'NONE',  ( 1.000000000000000000, 1.135455345091426822E-13, 7.251115247674517154E-18 ) ) ;
#3033 = FACE_BOUND ( 'NONE', #3810, .T. ) ;
#3034 = CARTESIAN_POINT ( 'NONE',  ( -29.25392378100000101, 10.00535944449375947, -10.14813311620424408 ) ) ;
#3035 = ORIENTED_EDGE ( 'NONE', *, *, #3559, .T. ) ;
#3036 = DIRECTION ( 'NONE',  ( 2.237515728248475083E-12, -6.358310602959382773E-05, 0.9999999979785942905 ) ) ;
#3037 = AXIS2_PLACEMENT_3D ( 'NONE', #1208, #1621, #5461 ) ;
#3038 = CARTESIAN_POINT ( 'NONE',  ( -59.25392683300001551, 10.00358370297554877, 10.24884929381295073 ) ) ;
#3039 = EDGE_LOOP ( 'NONE', ( #4180, #5410, #4462, #2793 ) ) ;
#3040 = CARTESIAN_POINT ( 'NONE',  ( -10.14700407599999821, 0.004880626714116875764, -10.14876880633372380 ) ) ;
#3041 = EDGE_LOOP ( 'NONE', ( #2115, #152 ) ) ;
#3042 = VECTOR ( 'NONE', #2313, 999.9999999999998863 ) ;
#3043 = LINE ( 'NONE', #5138, #1835 ) ;
#3044 = ADVANCED_FACE ( 'NONE', ( #4866 ), #4890, .T. ) ;
#3045 = ORIENTED_EDGE ( 'NONE', *, *, #2271, .F. ) ;
#3046 = DIRECTION ( 'NONE',  ( 1.000000000000000000, 1.135455345091426822E-13, 0.000000000000000000 ) ) ;
#3047 = UNCERTAINTY_MEASURE_WITH_UNIT (LENGTH_MEASURE( 1.000000000000000082E-05 ), #3469, 'distance_accuracy_value', 'NONE');
#3048 = EDGE_CURVE ( 'NONE', #2045, #5025, #426, .T. ) ;
#3049 = CARTESIAN_POINT ( 'NONE',  ( -69.25392378100001167, 10.00408778236913321, 9.851866843493928272 ) ) ;
#3050 = VERTEX_POINT ( 'NONE', #3155 ) ;
#3051 = FACE_OUTER_BOUND ( 'NONE', #3207, .T. ) ;
#3052 = ADVANCED_FACE ( 'NONE', ( #3210 ), #5306, .F. ) ;
#3053 = ORIENTED_EDGE ( 'NONE', *, *, #2404, .F. ) ;
#3054 = ORIENTED_EDGE ( 'NONE', *, *, #1462, .F. ) ;
#3055 = CARTESIAN_POINT ( 'NONE',  ( -29.25392378100000101, 10.00472361338150584, -0.1481331363527016443 ) ) ;
#3056 = FACE_BOUND ( 'NONE', #1572, .T. ) ;
#3057 = LINE ( 'NONE', #2245, #858 ) ;
#3058 = CARTESIAN_POINT ( 'NONE',  ( -140.0000187136000136, 20.00424272602691644, -0.1474973355232167549 ) ) ;
#3059 = EDGE_CURVE ( 'NONE', #709, #944, #4241, .T. ) ;
#3060 = DATE_AND_TIME ( #542, #5347 ) ;
#3061 = CYLINDRICAL_SURFACE ( 'NONE', #4143, 1.650000030520000216 ) ;
#3062 = CARTESIAN_POINT ( 'NONE',  ( 49.25388635400002357, 10.00376188364359997, -0.1481331975506094967 ) ) ;
#3063 = EDGE_CURVE ( 'NONE', #2963, #3793, #1933, .T. ) ;
#3064 = EDGE_LOOP ( 'NONE', ( #3054, #2024 ) ) ;
#3065 = CARTESIAN_POINT ( 'NONE',  ( -90.00002176600000325, 0.003273755561410129911, 15.12321345342385115 ) ) ;
#3066 = FACE_OUTER_BOUND ( 'NONE', #791, .T. ) ;
#3067 = LINE ( 'NONE', #2637, #2591 ) ;
#3068 = AXIS2_PLACEMENT_3D ( 'NONE', #3957, #979, #3132 ) ;
#3069 = CARTESIAN_POINT ( 'NONE',  ( -29.25392683300001551, 10.00296376772080009, 19.99884927466488804 ) ) ;
#3070 = ORIENTED_EDGE ( 'NONE', *, *, #3654, .F. ) ;
#3071 = DIRECTION ( 'NONE',  ( -2.237515728249334980E-12, 6.358310602959382773E-05, -0.9999999979785942905 ) ) ;
#3072 = CIRCLE ( 'NONE', #4723, 2.500000046250006047 ) ;
#3073 = CIRCLE ( 'NONE', #666, 2.500000046249998942 ) ;
#3074 = ORIENTED_EDGE ( 'NONE', *, *, #5123, .T. ) ;
#3075 = DIRECTION ( 'NONE',  ( 1.000000000000000000, 0.000000000000000000, -5.551115020430141666E-15 ) ) ;
#3076 = CARTESIAN_POINT ( 'NONE',  ( 89.99997823399996832, 10.00489650228368532, -10.39813297501515699 ) ) ;
#3077 = FACE_OUTER_BOUND ( 'NONE', #3734, .T. ) ;
#3078 = ORIENTED_EDGE ( 'NONE', *, *, #4500, .T. ) ;
#3079 = CARTESIAN_POINT ( 'NONE',  ( 184.9999812859999793, 216.7053081281578386, -0.1349904704042725889 ) ) ;
#3080 = DIRECTION ( 'NONE',  ( -5.773159728048290444E-15, 6.358310602959382773E-05, -0.9999999979785942905 ) ) ;
#3081 = ORIENTED_EDGE ( 'NONE', *, *, #2132, .F. ) ;
#3082 = CYLINDRICAL_SURFACE ( 'NONE', #474, 2.500000000000002220 ) ;
#3083 = ORIENTED_EDGE ( 'NONE', *, *, #2805, .F. ) ;
#3084 = ORIENTED_EDGE ( 'NONE', *, *, #4879, .T. ) ;
#3085 = EDGE_CURVE ( 'NONE', #687, #1553, #4472, .T. ) ;
#3086 = LINE ( 'NONE', #4747, #685 ) ;
#3087 = CIRCLE ( 'NONE', #1735, 2.499999999999998668 ) ;
#3088 = AXIS2_PLACEMENT_3D ( 'NONE', #1573, #2341, #275 ) ;
#3089 = CARTESIAN_POINT ( 'NONE',  ( 5.918100001722770287E-05, 0.004235450083843461666, -0.001786516350243960716 ) ) ;
#3090 = CARTESIAN_POINT ( 'NONE',  ( -185.0000187136000136, 186.7043464543409925, -0.1368980253152740634 ) ) ;
#3091 = CARTESIAN_POINT ( 'NONE',  ( 89.99997823399996832, 10.00550709197007038, -20.00115064473145665 ) ) ;
#3092 = DIRECTION ( 'NONE',  ( 1.000000000000000000, 0.000000000000000000, -2.237793284010079132E-12 ) ) ;
#3093 = CIRCLE ( 'NONE', #4490, 2.500000046250006047 ) ;
#3094 = ADVANCED_FACE ( 'NONE', ( #2296 ), #3591, .F. ) ;
#3095 = ORIENTED_EDGE ( 'NONE', *, *, #1199, .F. ) ;
#3096 = AXIS2_PLACEMENT_3D ( 'NONE', #5023, #2603, #4294 ) ;
#3097 = CARTESIAN_POINT ( 'NONE',  ( -185.0000187136000136, 186.7059440148915144, -10.13689794395405919 ) ) ;
#3098 = ADVANCED_FACE ( 'NONE', ( #2343 ), #2787, .F. ) ;
#3099 = EDGE_LOOP ( 'NONE', ( #4688, #5418, #3035, #3692 ) ) ;
#3100 = DIRECTION ( 'NONE',  ( 2.237515728249334980E-12, -6.358310602959382773E-05, 0.9999999979785942905 ) ) ;
#3101 = CIRCLE ( 'NONE', #1478, 30.00000000000000000 ) ;
#3102 = ORIENTED_EDGE ( 'NONE', *, *, #1770, .T. ) ;
#3103 = LINE ( 'NONE', #2258, #4740 ) ;
#3104 = LINE ( 'NONE', #197, #1474 ) ;
#3105 = VECTOR ( 'NONE', #90, 999.9999999999998863 ) ;
#3106 = EDGE_LOOP ( 'NONE', ( #5249, #5421 ) ) ;
#3107 = CARTESIAN_POINT ( 'NONE',  ( -71.75392378100001167, 10.00424274846260708, -0.1481331669491714464 ) ) ;
#3108 = CIRCLE ( 'NONE', #3626, 2.500000000000002220 ) ;
#3109 = FACE_OUTER_BOUND ( 'NONE', #4314, .T. ) ;
#3110 = ORIENTED_EDGE ( 'NONE', *, *, #4341, .T. ) ;
#3111 = CARTESIAN_POINT ( 'NONE',  ( 59.25388330100000900, 10.00550709197007038, -20.00115064473145665 ) ) ;
#3112 = CARTESIAN_POINT ( 'NONE',  ( -2.176600000236561527E-05, 0.002502810383039899556, 27.24821342824071380 ) ) ;
#3113 = ORIENTED_EDGE ( 'NONE', *, *, #433, .T. ) ;
#3114 = AXIS2_PLACEMENT_3D ( 'NONE', #4389, #2288, #1051 ) ;
#3115 = ORIENTED_EDGE ( 'NONE', *, *, #934, .T. ) ;
#3116 = CARTESIAN_POINT ( 'NONE',  ( -11.31395467999998772, 10.00495477629755747, -11.31463474662430713 ) ) ;
#3117 = DIRECTION ( 'NONE',  ( -2.237515728249334172E-12, 6.358310602959384129E-05, -0.9999999979785944015 ) ) ;
#3118 = DIRECTION ( 'NONE',  ( 0.9999999815015170324, -0.0001923459528706286084, -1.222995889816002057E-08 ) ) ;
#3119 = LINE ( 'NONE', #3058, #3322 ) ;
#3120 = LINE ( 'NONE', #620, #2281 ) ;
#3121 = CC_DESIGN_DATE_AND_TIME_ASSIGNMENT ( #3575, #4826, ( #2458 ) ) ;
#3122 = LINE ( 'NONE', #1789, #3286 ) ;
#3123 = ORIENTED_EDGE ( 'NONE', *, *, #4400, .T. ) ;
#3124 = CARTESIAN_POINT ( 'NONE',  ( -46.75392378099999036, 10.00424274846260708, -0.1481331669491714464 ) ) ;
#3125 = VERTEX_POINT ( 'NONE', #5280 ) ;
#3126 = EDGE_CURVE ( 'NONE', #5068, #1171, #4593, .T. ) ;
#3127 = FACE_BOUND ( 'NONE', #5066, .T. ) ;
#3128 = ORIENTED_EDGE ( 'NONE', *, *, #2777, .T. ) ;
#3129 = CARTESIAN_POINT ( 'NONE',  ( -17.65002176600000183, 0.004235450083843461666, -0.001786516350243960716 ) ) ;
#3130 = EDGE_CURVE ( 'NONE', #1504, #3719, #4393, .T. ) ;
#3131 = DIRECTION ( 'NONE',  ( 1.000000000000000000, 0.000000000000000000, -5.551115020430157443E-15 ) ) ;
#3132 = DIRECTION ( 'NONE',  ( -0.9999999815015170324, 0.0001923459528817308387, 1.222995889816002057E-08 ) ) ;
#3133 = CARTESIAN_POINT ( 'NONE',  ( -185.0000187136000136, 216.7037105625638844, 9.865009447483503280 ) ) ;
#3134 = DIRECTION ( 'NONE',  ( 2.237515728248475083E-12, -6.358310602959382773E-05, 0.9999999979785942905 ) ) ;
#3135 = VECTOR ( 'NONE', #2801, 999.9999999999998863 ) ;
#3136 = DIRECTION ( 'NONE',  ( 0.7072427772355638353, -4.495139661291762173E-05, 0.7069707575476503747 ) ) ;
#3137 = ORIENTED_EDGE ( 'NONE', *, *, #5086, .T. ) ;
#3138 = VERTEX_POINT ( 'NONE', #554 ) ;
#3139 = DIRECTION ( 'NONE',  ( 1.000000000000000000, 0.000000000000000000, -5.551115020430141666E-15 ) ) ;
#3140 = CARTESIAN_POINT ( 'NONE',  ( 56.75388635400003068, 10.00424274856249340, -0.1481331669541396945 ) ) ;
#3141 = APPROVAL_STATUS ( 'not_yet_approved' ) ;
#3142 = FACE_BOUND ( 'NONE', #344, .T. ) ;
#3143 = CARTESIAN_POINT ( 'NONE',  ( 184.9999812859999793, 196.7043464381975753, -0.1362621942014308196 ) ) ;
#3144 = ORIENTED_EDGE ( 'NONE', *, *, #4400, .F. ) ;
#3145 = CARTESIAN_POINT ( 'NONE',  ( 187.4999812859999793, 186.7048273234547651, -0.1368979949268878116 ) ) ;
#3146 = DIRECTION ( 'NONE',  ( -1.136868377219662335E-13, 0.9999999979785944015, 6.358310602959384129E-05 ) ) ;
#3147 = AXIS2_PLACEMENT_3D ( 'NONE', #2831, #233, #4539 ) ;
#3148 = LINE ( 'NONE', #1793, #2624 ) ;
#3149 = VERTEX_POINT ( 'NONE', #2262 ) ;
#3150 = FACE_BOUND ( 'NONE', #4043, .T. ) ;
#3151 = EDGE_CURVE ( 'NONE', #3585, #4961, #1836, .T. ) ;
#3152 = ORIENTED_EDGE ( 'NONE', *, *, #809, .T. ) ;
#3153 = DIRECTION ( 'NONE',  ( 1.000000000000000000, 0.000000000000000000, -5.551115020430141666E-15 ) ) ;
#3154 = DIRECTION ( 'NONE',  ( -1.139704650099662076E-13, 0.9999999979785942905, 6.358310602959382773E-05 ) ) ;
#3155 = CARTESIAN_POINT ( 'NONE',  ( -18.50838483899999787, 20.00550707173167453, -20.00051481341447257 ) ) ;
#3156 = ADVANCED_FACE ( 'NONE', ( #778 ), #2879, .F. ) ;
#3157 = DIRECTION ( 'NONE',  ( 1.000000000000000000, 1.139705910348116809E-13, 7.186946086190671856E-18 ) ) ;
#3158 = CARTESIAN_POINT ( 'NONE',  ( 5.918100001722770287E-05, 10.00423542984544412, -0.001150685033285414605 ) ) ;
#3159 = EDGE_CURVE ( 'NONE', #544, #4348, #3778, .T. ) ;
#3160 = ORIENTED_EDGE ( 'NONE', *, *, #1361, .T. ) ;
#3161 = ORIENTED_EDGE ( 'NONE', *, *, #3024, .F. ) ;
#3162 = EDGE_CURVE ( 'NONE', #2050, #3342, #1126, .T. ) ;
#3163 = DIRECTION ( 'NONE',  ( -1.381101079724618225E-13, 0.9999999979785942905, 6.358310600547424608E-05 ) ) ;
#3164 = DIRECTION ( 'NONE',  ( 0.7069707589770840572, 4.496869260678006814E-05, -0.7072427758055803704 ) ) ;
#3165 = CARTESIAN_POINT ( 'NONE',  ( -207.7000187142295715, 40.72966335521287107, 9.853820471513980550 ) ) ;
#3166 = FACE_OUTER_BOUND ( 'NONE', #1034, .T. ) ;
#3167 = CIRCLE ( 'NONE', #3518, 2.500000046249998942 ) ;
#3168 = AXIS2_PLACEMENT_3D ( 'NONE', #3743, #5405, #1622 ) ;
#3169 = ORIENTED_EDGE ( 'NONE', *, *, #5256, .F. ) ;
#3170 = DIRECTION ( 'NONE',  ( 1.000000000000000000, 0.000000000000000000, -2.237099394619688409E-12 ) ) ;
#3171 = AXIS2_PLACEMENT_3D ( 'NONE', #4585, #2065, #4610 ) ;
#3172 = AXIS2_PLACEMENT_3D ( 'NONE', #4011, #5224, #1441 ) ;
#3173 = ORIENTED_EDGE ( 'NONE', *, *, #4725, .F. ) ;
#3174 = CARTESIAN_POINT ( 'NONE',  ( 174.9999812860000361, 238.4066541977231566, -10.13361065234447089 ) ) ;
#3175 = CIRCLE ( 'NONE', #5441, 2.500000046250006047 ) ;
#3176 = LINE ( 'NONE', #5346, #1376 ) ;
#3177 = EDGE_LOOP ( 'NONE', ( #2454, #286 ) ) ;
#3178 = CARTESIAN_POINT ( 'NONE',  ( -29.25392683300001551, 10.00550709197007038, -20.00115064473145665 ) ) ;
#3179 = DIRECTION ( 'NONE',  ( 1.000000000000000000, 0.000000000000000000, -5.551115020430141666E-15 ) ) ;
#3180 = DIRECTION ( 'NONE',  ( 1.000000000000000000, 1.139506430087005433E-13, 7.246405718456298250E-18 ) ) ;
#3181 = VECTOR ( 'NONE', #3459, 1000.000000000000000 ) ;
#3182 = CARTESIAN_POINT ( 'NONE',  ( -90.00002176600000325, 10.00550709197007038, -20.00115064473145665 ) ) ;
#3183 = CIRCLE ( 'NONE', #3096, 2.500000000000002220 ) ;
#3184 = FACE_OUTER_BOUND ( 'NONE', #4786, .T. ) ;
#3185 = EDGE_CURVE ( 'NONE', #3805, #1213, #4076, .T. ) ;
#3186 = DIRECTION ( 'NONE',  ( 1.000000000000000000, 0.000000000000000000, -2.237793284010079132E-12 ) ) ;
#3187 = AXIS2_PLACEMENT_3D ( 'NONE', #2182, #4670, #5122 ) ;
#3188 = FACE_BOUND ( 'NONE', #5013, .T. ) ;
#3189 = EDGE_LOOP ( 'NONE', ( #1734, #4299, #1680, #5317 ) ) ;
#3190 = ORIENTED_EDGE ( 'NONE', *, *, #302, .F. ) ;
#3191 = ADVANCED_FACE ( 'NONE', ( #5367 ), #1605, .F. ) ;
#3192 = AXIS2_PLACEMENT_3D ( 'NONE', #3990, #4812, #1496 ) ;
#3193 = EDGE_CURVE ( 'NONE', #1685, #805, #1630, .T. ) ;
#3194 = CARTESIAN_POINT ( 'NONE',  ( -185.0000187136000136, 196.7037106028904816, 9.863737785858194940 ) ) ;
#3195 = VECTOR ( 'NONE', #4623, 999.9999999999998863 ) ;
#3196 = CARTESIAN_POINT ( 'NONE',  ( 51.75388330100000189, 10.00550709197007038, -20.00115064473145665 ) ) ;
#3197 = DIRECTION ( 'NONE',  ( 1.000000000000000000, 1.140957433292971019E-13, -2.237480458170536814E-12 ) ) ;
#3198 = CARTESIAN_POINT ( 'NONE',  ( -187.5000187136000136, 186.7041914881476430, 9.863101985132766814 ) ) ;
#3199 = EDGE_LOOP ( 'NONE', ( #3835, #2650, #3579, #4436 ) ) ;
#3200 = DIRECTION ( 'NONE',  ( 0.9999999815015164772, 1.223006732169785830E-08, -0.0001923459551064062251 ) ) ;
#3201 = PLANE ( 'NONE',  #4099 ) ;
#3202 = CARTESIAN_POINT ( 'NONE',  ( 36.75388330100001610, 10.00489650233323324, -10.39813297401637193 ) ) ;
#3203 = DIRECTION ( 'NONE',  ( -2.237515728249334980E-12, 6.358310602959382773E-05, -0.9999999979785942905 ) ) ;
#3204 = ORIENTED_EDGE ( 'NONE', *, *, #1259, .F. ) ;
#3205 = ORIENTED_EDGE ( 'NONE', *, *, #3592, .T. ) ;
#3206 = CARTESIAN_POINT ( 'NONE',  ( -26.75392683300001195, 10.00550709197007038, -20.00115064473145665 ) ) ;
#3207 = EDGE_LOOP ( 'NONE', ( #5233, #3714, #2303, #629 ) ) ;
#3208 = CYLINDRICAL_SURFACE ( 'NONE', #4991, 2.500000000000002220 ) ;
#3209 = FACE_OUTER_BOUND ( 'NONE', #3215, .T. ) ;
#3210 = FACE_OUTER_BOUND ( 'NONE', #2471, .T. ) ;
#3211 = DIRECTION ( 'NONE',  ( -2.229106397689999106E-12, -0.04954705606199365231, -0.9987717903683451803 ) ) ;
#3212 = PLANE ( 'NONE',  #1645 ) ;
#3213 = EDGE_CURVE ( 'NONE', #4937, #4263, #3346, .T. ) ;
#3214 = ORIENTED_EDGE ( 'NONE', *, *, #3796, .F. ) ;
#3215 = EDGE_LOOP ( 'NONE', ( #1641, #3610, #3474, #4337 ) ) ;
#3216 = CARTESIAN_POINT ( 'NONE',  ( 59.25388330100000900, 10.00450788341976782, -4.286150677568239864 ) ) ;
#3217 = EDGE_CURVE ( 'NONE', #1075, #687, #5279, .T. ) ;
#3218 = DIRECTION ( 'NONE',  ( 2.237515728249334980E-12, -6.358310602959382773E-05, 0.9999999979785942905 ) ) ;
#3219 = ORIENTED_EDGE ( 'NONE', *, *, #4301, .T. ) ;
#3220 = EDGE_CURVE ( 'NONE', #3719, #3939, #4608, .T. ) ;
#3221 = FACE_BOUND ( 'NONE', #1089, .T. ) ;
#3222 = ADVANCED_FACE ( 'NONE', ( #2938 ), #2005, .T. ) ;
#3223 = VERTEX_POINT ( 'NONE', #389 ) ;
#3224 = DIRECTION ( 'NONE',  ( 2.237515728249334980E-12, -6.358310602959382773E-05, 0.9999999979785942905 ) ) ;
#3225 = CYLINDRICAL_SURFACE ( 'NONE', #3934, 2.500000046249998942 ) ;
#3226 = LINE ( 'NONE', #1096, #1196 ) ;
#3227 = ORIENTED_EDGE ( 'NONE', *, *, #1636, .F. ) ;
#3228 = ADVANCED_FACE ( 'NONE', ( #2091 ), #4920, .F. ) ;
#3229 = VERTEX_POINT ( 'NONE', #1664 ) ;
#3230 = EDGE_LOOP ( 'NONE', ( #2360, #3952 ) ) ;
#3231 = DIRECTION ( 'NONE',  ( -5.773159728048290444E-15, 6.358310602959382773E-05, -0.9999999979785942905 ) ) ;
#3232 = DIRECTION ( 'NONE',  ( 1.000000000000000000, 0.000000000000000000, -5.551115020430157443E-15 ) ) ;
#3233 = LINE ( 'NONE', #4889, #140 ) ;
#3234 = DIRECTION ( 'NONE',  ( -1.136868377219662335E-13, 0.9999999979785944015, 6.358310602959384129E-05 ) ) ;
#3235 = CARTESIAN_POINT ( 'NONE',  ( -18.50838483899999787, 0.005507112208473496917, -20.00178647604841586 ) ) ;
#3236 = CIRCLE ( 'NONE', #393, 2.500000000000002220 ) ;
#3237 = CARTESIAN_POINT ( 'NONE',  ( -59.25392683300001551, 10.00450788346931397, -4.286150676569483231 ) ) ;
#3238 = AXIS2_PLACEMENT_3D ( 'NONE', #581, #2680, #4922 ) ;
#3239 = EDGE_LOOP ( 'NONE', ( #857, #3808, #4711, #1998 ) ) ;
#3240 = VERTEX_POINT ( 'NONE', #1134 ) ;
#3241 = CIRCLE ( 'NONE', #3763, 2.500000000000002220 ) ;
#3242 = CYLINDRICAL_SURFACE ( 'NONE', #1037, 2.500000000000002220 ) ;
#3243 = ORIENTED_EDGE ( 'NONE', *, *, #2066, .F. ) ;
#3244 = FACE_BOUND ( 'NONE', #7, .T. ) ;
#3245 = ADVANCED_FACE ( 'NONE', ( #2850 ), #3375, .T. ) ;
#3246 = EDGE_LOOP ( 'NONE', ( #4044, #4893, #4857, #1513 ) ) ;
#3247 = CARTESIAN_POINT ( 'NONE',  ( -185.0000187136000136, 226.7046722716639238, 9.865645340018158294 ) ) ;
#3248 = LINE ( 'NONE', #4487, #3837 ) ;
#3249 = DIRECTION ( 'NONE',  ( -2.237690279189335060E-12, 6.358310602959384129E-05, -0.9999999979785944015 ) ) ;
#3250 = ORIENTED_EDGE ( 'NONE', *, *, #1711, .T. ) ;
#3251 = VERTEX_POINT ( 'NONE', #3701 ) ;
#3252 = EDGE_CURVE ( 'NONE', #836, #3472, #1580, .T. ) ;
#3253 = VECTOR ( 'NONE', #1185, 999.9999999999998863 ) ;
#3254 = AXIS2_PLACEMENT_3D ( 'NONE', #2223, #3556, #3584 ) ;
#3255 = AXIS2_PLACEMENT_3D ( 'NONE', #3312, #4960, #2896 ) ;
#3256 = EDGE_CURVE ( 'NONE', #510, #3675, #3014, .T. ) ;
#3257 = ORIENTED_EDGE ( 'NONE', *, *, #4769, .F. ) ;
#3258 = ORIENTED_EDGE ( 'NONE', *, *, #3085, .F. ) ;
#3259 = DIRECTION ( 'NONE',  ( 2.237515728249914975E-12, -6.358310602959382773E-05, 0.9999999979785942905 ) ) ;
#3260 = CARTESIAN_POINT ( 'NONE',  ( -16.00002176599998904, 20.00423542979349634, -0.0008322255156123503639 ) ) ;
#3261 = DIRECTION ( 'NONE',  ( 1.000000000000000000, 0.000000000000000000, -5.551115020430157443E-15 ) ) ;
#3262 = AXIS2_PLACEMENT_3D ( 'NONE', #1661, #4888, #2327 ) ;
#3263 = AXIS2_PLACEMENT_3D ( 'NONE', #5039, #3886, #3032 ) ;
#3264 = ORIENTED_EDGE ( 'NONE', *, *, #2499, .F. ) ;
#3265 = DIRECTION ( 'NONE',  ( -1.114913360609999751E-13, 0.9987717903683451803, -0.04954705606199365231 ) ) ;
#3266 = VECTOR ( 'NONE', #1264, 999.9999999999998863 ) ;
#3267 = DIRECTION ( 'NONE',  ( -2.237690279189335060E-12, 6.358310602959384129E-05, -0.9999999979785944015 ) ) ;
#3268 = DIRECTION ( 'NONE',  ( -5.773159728048290444E-15, 6.358310602959382773E-05, -0.9999999979785942905 ) ) ;
#3269 = AXIS2_PLACEMENT_3D ( 'NONE', #60, #1247, #2988 ) ;
#3270 = VERTEX_POINT ( 'NONE', #1189 ) ;
#3271 = ORIENTED_EDGE ( 'NONE', *, *, #1644, .T. ) ;
#3272 = AXIS2_PLACEMENT_3D ( 'NONE', #895, #5141, #3904 ) ;
#3273 = CARTESIAN_POINT ( 'NONE',  ( 174.9999812860000361, 139.0532717749578921, -0.1399278279944626835 ) ) ;
#3274 = CARTESIAN_POINT ( 'NONE',  ( 144.9999812919999727, 20.00360689970876749, 9.852502644090515460 ) ) ;
#3275 = ORIENTED_EDGE ( 'NONE', *, *, #1372, .T. ) ;
#3276 = AXIS2_PLACEMENT_3D ( 'NONE', #4446, #3565, #1445 ) ;
#3277 = FACE_OUTER_BOUND ( 'NONE', #671, .T. ) ;
#3278 = DIRECTION ( 'NONE',  ( 1.000000000000000000, 1.139704546549097483E-13, 7.242394546530434778E-18 ) ) ;
#3279 = VERTEX_POINT ( 'NONE', #2035 ) ;
#3280 = DIRECTION ( 'NONE',  ( -5.773159728048293600E-15, 6.358310602959384129E-05, -0.9999999979785944015 ) ) ;
#3281 = DIRECTION ( 'NONE',  ( -2.237515728249334980E-12, 6.358310602959382773E-05, -0.9999999979785942905 ) ) ;
#3282 = EDGE_CURVE ( 'NONE', #3425, #417, #3730, .T. ) ;
#3283 = DIRECTION ( 'NONE',  ( -4.504607336278660198E-11, 0.9999999979785944015, 6.358310602959384129E-05 ) ) ;
#3284 = ORIENTED_EDGE ( 'NONE', *, *, #3301, .T. ) ;
#3285 = ORIENTED_EDGE ( 'NONE', *, *, #3857, .F. ) ;
#3286 = VECTOR ( 'NONE', #5240, 1000.000000000000000 ) ;
#3287 = ORIENTED_EDGE ( 'NONE', *, *, #1503, .F. ) ;
#3288 = ORIENTED_EDGE ( 'NONE', *, *, #288, .T. ) ;
#3289 = DIRECTION ( 'NONE',  ( -5.798780295033950872E-15, 6.358310602959382773E-05, -0.9999999979785942905 ) ) ;
#3290 = DIRECTION ( 'NONE',  ( -5.773159728048290444E-15, 6.358310602959382773E-05, -0.9999999979785942905 ) ) ;
#3291 = DIRECTION ( 'NONE',  ( -0.9999999815015170324, 0.0001923459528595263782, 1.222995890900204229E-08 ) ) ;
#3292 = EDGE_CURVE ( 'NONE', #4222, #1624, #5105, .T. ) ;
#3293 = DIRECTION ( 'NONE',  ( 1.000000000000000000, 1.139705910348116809E-13, 0.000000000000000000 ) ) ;
#3294 = ORIENTED_EDGE ( 'NONE', *, *, #4014, .T. ) ;
#3295 = CARTESIAN_POINT ( 'NONE',  ( 54.74997823399996122, 20.00489648204528592, -10.39749714369816935 ) ) ;
#3296 = ORIENTED_EDGE ( 'NONE', *, *, #756, .F. ) ;
#3297 = CARTESIAN_POINT ( 'NONE',  ( -187.5000187136000136, 216.7054630893077842, -10.13499048160335114 ) ) ;
#3298 = DIRECTION ( 'NONE',  ( 1.000000000000000000, 1.139961141216858708E-13, 7.243476194880627298E-18 ) ) ;
#3299 = EDGE_CURVE ( 'NONE', #1857, #1517, #2612, .T. ) ;
#3300 = VERTEX_POINT ( 'NONE', #5048 ) ;
#3301 = EDGE_CURVE ( 'NONE', #201, #2531, #3108, .T. ) ;
#3302 = CARTESIAN_POINT ( 'NONE',  ( -46.75392683300000130, 10.00358370297554877, 10.24884929381295073 ) ) ;
#3303 = CYLINDRICAL_SURFACE ( 'NONE', #3583, 2.500000046250013153 ) ;
#3304 = EDGE_LOOP ( 'NONE', ( #2849, #1365, #5033, #865 ) ) ;
#3305 = LINE ( 'NONE', #3682, #41 ) ;
#3306 = ORIENTED_EDGE ( 'NONE', *, *, #3824, .F. ) ;
#3307 = DIRECTION ( 'NONE',  ( 2.237515728249334980E-12, -6.358310602959382773E-05, 0.9999999979785942905 ) ) ;
#3308 = PLANE ( 'NONE',  #1072 ) ;
#3309 = VECTOR ( 'NONE', #1508, 999.9999999999998863 ) ;
#3310 = LINE ( 'NONE', #1176, #3314 ) ;
#3311 = LINE ( 'NONE', #4959, #1286 ) ;
#3312 = CARTESIAN_POINT ( 'NONE',  ( 184.9999812859999793, 196.7046723371228438, 9.863737846833171119 ) ) ;
#3313 = ORIENTED_EDGE ( 'NONE', *, *, #367, .T. ) ;
#3314 = VECTOR ( 'NONE', #4903, 999.9999999999998863 ) ;
#3315 = ORIENTED_EDGE ( 'NONE', *, *, #4719, .T. ) ;
#3316 = EDGE_LOOP ( 'NONE', ( #2408, #1539 ) ) ;
#3317 = DIRECTION ( 'NONE',  ( 2.237515728249914975E-12, -6.358310602959382773E-05, 0.9999999979785942905 ) ) ;
#3318 = CARTESIAN_POINT ( 'NONE',  ( -71.75392683299999419, 10.00450788346931397, -4.286150676569483231 ) ) ;
#3319 = DIRECTION ( 'NONE',  ( 1.000000000000000000, 1.135455345091426822E-13, 0.000000000000000000 ) ) ;
#3320 = ORIENTED_EDGE ( 'NONE', *, *, #789, .T. ) ;
#3321 = CARTESIAN_POINT ( 'NONE',  ( 15.99997823400001096, 10.00423545008144721, -0.001468055833814263522 ) ) ;
#3322 = VECTOR ( 'NONE', #566, 999.9999999999998863 ) ;
#3323 = EDGE_CURVE ( 'NONE', #4003, #3422, #73, .T. ) ;
#3324 = ORIENTED_EDGE ( 'NONE', *, *, #3329, .T. ) ;
#3325 = DIRECTION ( 'NONE',  ( -5.773159728048290444E-15, 6.358310602959382773E-05, -0.9999999979785942905 ) ) ;
#3326 = DIRECTION ( 'NONE',  ( -4.499088303529998146E-11, 0.9987717903683451803, -0.04954705606199365231 ) ) ;
#3327 = EDGE_LOOP ( 'NONE', ( #4603, #4283 ) ) ;
#3328 = VERTEX_POINT ( 'NONE', #1324 ) ;
#3329 = EDGE_CURVE ( 'NONE', #1356, #3382, #2386, .T. ) ;
#3330 = DIRECTION ( 'NONE',  ( 5.684341886078310580E-15, -6.358310602959384129E-05, 0.9999999979785944015 ) ) ;
#3331 = EDGE_CURVE ( 'NONE', #1207, #4140, #3015, .T. ) ;
#3332 = CARTESIAN_POINT ( 'NONE',  ( 182.4999812859999793, 206.7048272831777069, -0.1356263323028517043 ) ) ;
#3333 = ORIENTED_EDGE ( 'NONE', *, *, #212, .F. ) ;
#3334 = VECTOR ( 'NONE', #119, 1000.000000000000000 ) ;
#3335 = CARTESIAN_POINT ( 'NONE',  ( -0.0008409249999952184140, 0.004235480168618410701, -0.002259457711983881012 ) ) ;
#3336 = ORIENTED_EDGE ( 'NONE', *, *, #4921, .F. ) ;
#3337 = CARTESIAN_POINT ( 'NONE',  ( -31.75392683300001906, 10.00489650223335403, -10.39813297401140346 ) ) ;
#3338 = CARTESIAN_POINT ( 'NONE',  ( 56.75388330100000900, 10.00550709197007038, -20.00115064473145665 ) ) ;
#3339 = ORIENTED_EDGE ( 'NONE', *, *, #2862, .T. ) ;
#3340 = VERTEX_POINT ( 'NONE', #1686 ) ;
#3341 = ORIENTED_EDGE ( 'NONE', *, *, #1514, .F. ) ;
#3342 = VERTEX_POINT ( 'NONE', #3040 ) ;
#3343 = DIRECTION ( 'NONE',  ( 1.000000000000000000, 0.000000000000000000, -5.551115020430141666E-15 ) ) ;
#3344 = CARTESIAN_POINT ( 'NONE',  ( -195.0000187136000136, 238.4066541927292917, -10.13361065209672418 ) ) ;
#3345 = ORIENTED_EDGE ( 'NONE', *, *, #5146, .T. ) ;
#3346 = LINE ( 'NONE', #5335, #3368 ) ;
#3347 = AXIS2_PLACEMENT_3D ( 'NONE', #188, #1879, #5245 ) ;
#3348 = CARTESIAN_POINT ( 'NONE',  ( -17.65002176600000183, 20.00423540955749502, -0.0005148547151112570219 ) ) ;
#3349 = EDGE_CURVE ( 'NONE', #1314, #2799, #3420, .T. ) ;
#3350 = ORIENTED_EDGE ( 'NONE', *, *, #2851, .F. ) ;
#3351 = VERTEX_POINT ( 'NONE', #2170 ) ;
#3352 = VECTOR ( 'NONE', #2321, 999.9999999999998863 ) ;
#3353 = CARTESIAN_POINT ( 'NONE',  ( 182.4999812859999793, 226.7048272428511098, -0.1343546706776277411 ) ) ;
#3354 = VECTOR ( 'NONE', #2089, 999.9999999999998863 ) ;
#3355 = CARTESIAN_POINT ( 'NONE',  ( -182.5000187135999852, 176.7048273395981539, -0.1375338260407032998 ) ) ;
#3356 = EDGE_CURVE ( 'NONE', #1133, #383, #2306, .T. ) ;
#3357 = VERTEX_POINT ( 'NONE', #3500 ) ;
#3358 = AXIS2_PLACEMENT_3D ( 'NONE', #1328, #3455, #423 ) ;
#3359 = EDGE_CURVE ( 'NONE', #5330, #2030, #3807, .T. ) ;
#3360 = LINE ( 'NONE', #1052, #2349 ) ;
#3361 = ORIENTED_EDGE ( 'NONE', *, *, #3978, .T. ) ;
#3362 = AXIS2_PLACEMENT_3D ( 'NONE', #4643, #845, #2545 ) ;
#3363 = DIRECTION ( 'NONE',  ( 1.000000000000000000, 0.000000000000000000, -5.551115020430141666E-15 ) ) ;
#3364 = CARTESIAN_POINT ( 'NONE',  ( 182.4999812859999793, 186.7048273234547651, -0.1368979949268878116 ) ) ;
#3365 = ORIENTED_EDGE ( 'NONE', *, *, #95, .F. ) ;
#3366 = EDGE_LOOP ( 'NONE', ( #4913, #243 ) ) ;
#3367 = CARTESIAN_POINT ( 'NONE',  ( -185.0000187136000136, 206.7059439746145131, -10.13562628133005106 ) ) ;
#3368 = VECTOR ( 'NONE', #2507, 999.9999999999998863 ) ;
#3369 = ORIENTED_EDGE ( 'NONE', *, *, #3193, .F. ) ;
#3370 = ORIENTED_EDGE ( 'NONE', *, *, #3419, .F. ) ;
#3371 = LINE ( 'NONE', #5412, #3253 ) ;
#3372 = CARTESIAN_POINT ( 'NONE',  ( 184.9999812859999793, 196.7059439997468644, -10.13626211288978851 ) ) ;
#3373 = AXIS2_PLACEMENT_3D ( 'NONE', #4172, #3722, #5386 ) ;
#3374 = ORIENTED_EDGE ( 'NONE', *, *, #3731, .F. ) ;
#3375 = PLANE ( 'NONE',  #4505 ) ;
#3376 = CARTESIAN_POINT ( 'NONE',  ( -90.00002176600000325, 20.00489648209483207, -10.39749714269941272 ) ) ;
#3377 = DIRECTION ( 'NONE',  ( -0.9999999815015170324, 0.0001923459527040962389, 1.222995888731806832E-08 ) ) ;
#3378 = ORIENTED_EDGE ( 'NONE', *, *, #2474, .T. ) ;
#3379 = ORIENTED_EDGE ( 'NONE', *, *, #1737, .T. ) ;
#3380 = CARTESIAN_POINT ( 'NONE',  ( -182.5000187135999852, 186.7041914881476430, 9.863101985132766814 ) ) ;
#3381 = CARTESIAN_POINT ( 'NONE',  ( 54.25420712099998610, 20.00550707178200227, -20.00051481441822432 ) ) ;
#3382 = VERTEX_POINT ( 'NONE', #4252 ) ;
#3383 = EDGE_CURVE ( 'NONE', #3855, #4805, #3836, .T. ) ;
#3384 = DIRECTION ( 'NONE',  ( -2.237690279189335060E-12, 6.358310602959384129E-05, -0.9999999979785944015 ) ) ;
#3385 = DIRECTION ( 'NONE',  ( 1.000000000000000000, 0.000000000000000000, -2.237099394619688409E-12 ) ) ;
#3386 = DIRECTION ( 'NONE',  ( -4.504606463818666236E-11, 0.9999999979785944015, 6.358310602959384129E-05 ) ) ;
#3387 = DIRECTION ( 'NONE',  ( 5.684341886078310580E-15, -6.358310602959384129E-05, 0.9999999979785944015 ) ) ;
#3388 = CARTESIAN_POINT ( 'NONE',  ( -71.75392683299999419, 10.00296376772080009, 19.99884927466488804 ) ) ;
#3389 = ORIENTED_EDGE ( 'NONE', *, *, #3331, .T. ) ;
#3390 = CARTESIAN_POINT ( 'NONE',  ( 39.25388330200002684, 10.00296376767125395, 19.99884927366613141 ) ) ;
#3391 = EDGE_CURVE ( 'NONE', #3223, #1597, #2529, .T. ) ;
#3392 = EDGE_CURVE ( 'NONE', #1578, #487, #4247, .T. ) ;
#3393 = CIRCLE ( 'NONE', #3924, 2.500000046250006047 ) ;
#3394 = VERTEX_POINT ( 'NONE', #4630 ) ;
#3395 = CARTESIAN_POINT ( 'NONE',  ( -69.25392683299999419, 10.00296376772080009, 19.99884927466488804 ) ) ;
#3396 = EDGE_CURVE ( 'NONE', #2410, #4744, #5072, .T. ) ;
#3397 = VERTEX_POINT ( 'NONE', #2584 ) ;
#3398 = DIRECTION ( 'NONE',  ( 1.000000000000000000, 0.000000000000000000, -5.551115020430157443E-15 ) ) ;
#3399 = VERTEX_POINT ( 'NONE', #2119 ) ;
#3400 = CARTESIAN_POINT ( 'NONE',  ( 36.75388330200001974, 10.00296376767125395, 19.99884927366613141 ) ) ;
#3401 = LINE ( 'NONE', #4282, #4495 ) ;
#3402 = VERTEX_POINT ( 'NONE', #467 ) ;
#3403 = FACE_BOUND ( 'NONE', #2989, .T. ) ;
#3404 = ORIENTED_EDGE ( 'NONE', *, *, #4204, .T. ) ;
#3405 = CARTESIAN_POINT ( 'NONE',  ( 184.9999812859999793, 216.7059439594698347, -10.13499045026575196 ) ) ;
#3406 = CIRCLE ( 'NONE', #2426, 2.500000046250006047 ) ;
#3407 = ORIENTED_EDGE ( 'NONE', *, *, #1881, .T. ) ;
#3408 = CYLINDRICAL_SURFACE ( 'NONE', #246, 2.500000046249998942 ) ;
#3409 = DIRECTION ( 'NONE',  ( -2.237690279189335060E-12, 6.358310602959384129E-05, -0.9999999979785944015 ) ) ;
#3410 = DIRECTION ( 'NONE',  ( 0.000000000000000000, 6.358310602959384129E-05, -0.9999999979785944015 ) ) ;
#3411 = CARTESIAN_POINT ( 'NONE',  ( -69.25392683299999419, 10.00450788346931397, -4.286150676569483231 ) ) ;
#3412 = CARTESIAN_POINT ( 'NONE',  ( -66.75392683299999419, 10.00550709197007038, -20.00115064473145665 ) ) ;
#3413 = ORIENTED_EDGE ( 'NONE', *, *, #2172, .F. ) ;
#3414 = ADVANCED_FACE ( 'NONE', ( #4731 ), #3809, .F. ) ;
#3415 = PLANE ( 'NONE',  #3540 ) ;
#3416 = ORIENTED_EDGE ( 'NONE', *, *, #1029, .F. ) ;
#3417 = CYLINDRICAL_SURFACE ( 'NONE', #402, 2.500000000000002220 ) ;
#3418 = ORIENTED_EDGE ( 'NONE', *, *, #1671, .T. ) ;
#3419 = EDGE_CURVE ( 'NONE', #3573, #2884, #5101, .T. ) ;
#3420 = LINE ( 'NONE', #4704, #1400 ) ;
#3421 = EDGE_CURVE ( 'NONE', #3357, #869, #523, .T. ) ;
#3422 = VERTEX_POINT ( 'NONE', #6 ) ;
#3423 = CARTESIAN_POINT ( 'NONE',  ( 46.75388330199997711, 10.00296376767125395, 19.99884927366613141 ) ) ;
#3424 = FACE_OUTER_BOUND ( 'NONE', #4157, .T. ) ;
#3425 = VERTEX_POINT ( 'NONE', #3174 ) ;
#3426 = VECTOR ( 'NONE', #3283, 999.9999999999998863 ) ;
#3427 = CARTESIAN_POINT ( 'NONE',  ( 187.4999812859999793, 226.7041914115391137, 9.865645309183850742 ) ) ;
#3428 = VECTOR ( 'NONE', #582, 999.9999999999998863 ) ;
#3429 = VECTOR ( 'NONE', #3563, 999.9999999999998863 ) ;
#3430 = DIRECTION ( 'NONE',  ( 1.000000000000000000, 0.000000000000000000, -5.782411586589357244E-15 ) ) ;
#3431 = CARTESIAN_POINT ( 'NONE',  ( 194.9999812900000222, 50.00487850349528429, -10.14558982177468671 ) ) ;
#3432 = VERTEX_POINT ( 'NONE', #215 ) ;
#3433 = AXIS2_PLACEMENT_3D ( 'NONE', #4260, #1778, #2966 ) ;
#3434 = AXIS2_PLACEMENT_3D ( 'NONE', #5250, #4840, #2760 ) ;
#3435 = DIRECTION ( 'NONE',  ( 2.237515728249334980E-12, -6.358310602959382773E-05, 0.9999999979785942905 ) ) ;
#3436 = DIRECTION ( 'NONE',  ( 1.000000000000000000, 0.000000000000000000, -2.237099394619688409E-12 ) ) ;
#3437 = AXIS2_PLACEMENT_3D ( 'NONE', #905, #4778, #4323 ) ;
#3438 = DIRECTION ( 'NONE',  ( 1.000000000000000000, 0.000000000000000000, 0.000000000000000000 ) ) ;
#3439 = DIRECTION ( 'NONE',  ( -2.237690279189335060E-12, 6.358310602959384129E-05, -0.9999999979785944015 ) ) ;
#3440 = ORIENTED_EDGE ( 'NONE', *, *, #3590, .F. ) ;
#3441 = CARTESIAN_POINT ( 'NONE',  ( -12.48045645399997738, 20.00344186483723874, 12.47991980814980373 ) ) ;
#3442 = CIRCLE ( 'NONE', #2204, 2.500000000000002220 ) ;
#3443 = ADVANCED_FACE ( 'NONE', ( #2781 ), #571, .F. ) ;
#3444 = ORIENTED_EDGE ( 'NONE', *, *, #4014, .F. ) ;
#3445 = CARTESIAN_POINT ( 'NONE',  ( 54.25420712099998610, 0.005507112208473496917, -20.00178647604841586 ) ) ;
#3446 = DIRECTION ( 'NONE',  ( 2.237515728249334980E-12, -6.358310602959382773E-05, 0.9999999979785942905 ) ) ;
#3447 = ORIENTED_EDGE ( 'NONE', *, *, #2573, .T. ) ;
#3448 = EDGE_CURVE ( 'NONE', #4309, #4116, #2337, .T. ) ;
#3449 = VECTOR ( 'NONE', #4946, 1000.000000000000000 ) ;
#3450 = DIRECTION ( 'NONE',  ( 1.000000000000000000, 1.135455345091426822E-13, 0.000000000000000000 ) ) ;
#3451 = EDGE_CURVE ( 'NONE', #1302, #4529, #693, .T. ) ;
#3452 = VERTEX_POINT ( 'NONE', #3558 ) ;
#3453 = CIRCLE ( 'NONE', #1227, 2.500000000000002220 ) ;
#3454 = FACE_OUTER_BOUND ( 'NONE', #4114, .T. ) ;
#3455 = DIRECTION ( 'NONE',  ( -5.773159728048290444E-15, 6.358310602959382773E-05, -0.9999999979785942905 ) ) ;
#3456 = ORIENTED_EDGE ( 'NONE', *, *, #3392, .T. ) ;
#3457 = DIRECTION ( 'NONE',  ( -0.9999999815015170324, 0.0001923459527644646159, 1.222995889816009005E-08 ) ) ;
#3458 = EDGE_CURVE ( 'NONE', #1775, #741, #1826, .T. ) ;
#3459 = DIRECTION ( 'NONE',  ( -1.000000000000000000, -1.141977373231051890E-13, 5.665119647816642956E-15 ) ) ;
#3460 = ORIENTED_EDGE ( 'NONE', *, *, #2889, .T. ) ;
#3461 = CARTESIAN_POINT ( 'NONE',  ( -66.75392378100001167, 10.00360691745023978, 9.851866812897430492 ) ) ;
#3462 = CARTESIAN_POINT ( 'NONE',  ( -14.35002176600000467, 0.004235450083843461666, -0.001786516350243960716 ) ) ;
#3463 = EDGE_CURVE ( 'NONE', #3873, #1452, #245, .T. ) ;
#3464 = ORIENTED_EDGE ( 'NONE', *, *, #367, .F. ) ;
#3465 = LINE ( 'NONE', #435, #3534 ) ;
#3466 = LINE ( 'NONE', #3519, #546 ) ;
#3467 = CARTESIAN_POINT ( 'NONE',  ( 139.9999812860000077, 0.004242766553259891271, -0.1487689971583772142 ) ) ;
#3468 = CYLINDRICAL_SURFACE ( 'NONE', #5408, 1.650000030519999328 ) ;
#3469 =( LENGTH_UNIT ( ) NAMED_UNIT ( * ) SI_UNIT ( .MILLI., .METRE. ) );
#3470 = DIRECTION ( 'NONE',  ( -5.774037718171130773E-15, 6.358310602959382773E-05, -0.9999999979785942905 ) ) ;
#3471 = DIRECTION ( 'NONE',  ( -5.773159728048290444E-15, 6.358310602959382773E-05, -0.9999999979785942905 ) ) ;
#3472 = VERTEX_POINT ( 'NONE', #4008 ) ;
#3473 = DIRECTION ( 'NONE',  ( 5.684341886078310580E-15, -6.358310602959384129E-05, 0.9999999979785944015 ) ) ;
#3474 = ORIENTED_EDGE ( 'NONE', *, *, #5070, .F. ) ;
#3475 = CARTESIAN_POINT ( 'NONE',  ( 184.9999812859999793, 176.7043464795229397, -0.1375338558762262409 ) ) ;
#3476 = VECTOR ( 'NONE', #680, 999.9999999999998863 ) ;
#3477 = ORIENTED_EDGE ( 'NONE', *, *, #5382, .T. ) ;
#3478 = DIRECTION ( 'NONE',  ( -2.237515728249334980E-12, 6.358310602959382773E-05, -0.9999999979785942905 ) ) ;
#3479 = CYLINDRICAL_SURFACE ( 'NONE', #4325, 2.500000000000002220 ) ;
#3480 = ORIENTED_EDGE ( 'NONE', *, *, #3448, .F. ) ;
#3481 = CARTESIAN_POINT ( 'NONE',  ( 174.9999812840000288, 188.7290092397220747, 9.863230729605405145 ) ) ;
#3482 = EDGE_CURVE ( 'NONE', #2120, #1791, #1491, .T. ) ;
#3483 = FACE_BOUND ( 'NONE', #4876, .T. ) ;
#3484 = ORIENTED_EDGE ( 'NONE', *, *, #2525, .F. ) ;
#3485 = LINE ( 'NONE', #2711, #5243 ) ;
#3486 = ORIENTED_EDGE ( 'NONE', *, *, #184, .F. ) ;
#3487 = ORIENTED_EDGE ( 'NONE', *, *, #4589, .T. ) ;
#3488 = EDGE_CURVE ( 'NONE', #5130, #3125, #4360, .T. ) ;
#3489 = ADVANCED_FACE ( 'NONE', ( #1942 ), #1858, .F. ) ;
#3490 = DIRECTION ( 'NONE',  ( -5.757620729482780718E-15, 6.358310602959382773E-05, -0.9999999979785942905 ) ) ;
#3491 = FACE_OUTER_BOUND ( 'NONE', #2873, .T. ) ;
#3492 = DIRECTION ( 'NONE',  ( 1.084998577689678137E-13, -0.9999999979785944015, -6.358310602959384129E-05 ) ) ;
#3493 = CARTESIAN_POINT ( 'NONE',  ( -49.25392683300000840, 10.00450788346931397, -4.286150676569483231 ) ) ;
#3494 = CARTESIAN_POINT ( 'NONE',  ( 29.25388330100001255, 10.00550709197007038, -20.00115064473145665 ) ) ;
#3495 = CARTESIAN_POINT ( 'NONE',  ( 39.25388330100002321, 10.00358370297554877, 10.24884929381295073 ) ) ;
#3496 = ORIENTED_EDGE ( 'NONE', *, *, #4762, .T. ) ;
#3497 = CARTESIAN_POINT ( 'NONE',  ( 194.9999812859999793, 139.0539076059702666, -10.13992780784109193 ) ) ;
#3498 = DIRECTION ( 'NONE',  ( 1.000000000000000000, 0.000000000000000000, -2.237793284010079132E-12 ) ) ;
#3499 = EDGE_LOOP ( 'NONE', ( #4103, #821, #5341, #5452 ) ) ;
#3500 = CARTESIAN_POINT ( 'NONE',  ( 182.4999812859999793, 196.7054631346282463, -10.13626214347637600 ) ) ;
#3501 = CIRCLE ( 'NONE', #649, 2.500000000000002220 ) ;
#3502 = VERTEX_POINT ( 'NONE', #3206 ) ;
#3503 = DIRECTION ( 'NONE',  ( 1.000000000000000000, 0.000000000000000000, -5.551115020430141666E-15 ) ) ;
#3504 = DIRECTION ( 'NONE',  ( 1.000000000000000000, 0.000000000000000000, -2.237793284010079132E-12 ) ) ;
#3505 = ORIENTED_EDGE ( 'NONE', *, *, #2017, .F. ) ;
#3506 = DIRECTION ( 'NONE',  ( 2.237515728248475083E-12, -6.358310602959382773E-05, 0.9999999979785942905 ) ) ;
#3507 = CARTESIAN_POINT ( 'NONE',  ( 184.9999812859999793, 176.7053082087614655, -0.1375337946535604150 ) ) ;
#3508 = VERTEX_POINT ( 'NONE', #2756 ) ;
#3509 = DIRECTION ( 'NONE',  ( 1.000000000000000000, 1.137978600240784444E-13, -2.237446339314883771E-12 ) ) ;
#3510 = EDGE_CURVE ( 'NONE', #31, #4342, #605, .T. ) ;
#3511 = FACE_OUTER_BOUND ( 'NONE', #915, .T. ) ;
#3512 = ORIENTED_EDGE ( 'NONE', *, *, #2606, .T. ) ;
#3513 = ORIENTED_EDGE ( 'NONE', *, *, #2642, .T. ) ;
#3514 = AXIS2_PLACEMENT_3D ( 'NONE', #1026, #2733, #4423 ) ;
#3515 = DIRECTION ( 'NONE',  ( 2.553353779099240434E-15, -0.9999999979785944015, -6.358310602959384129E-05 ) ) ;
#3516 = CIRCLE ( 'NONE', #4148, 2.500000046250006047 ) ;
#3517 = ADVANCED_FACE ( 'NONE', ( #1381 ), #4862, .F. ) ;
#3518 = AXIS2_PLACEMENT_3D ( 'NONE', #2704, #3617, #362 ) ;
#3519 = CARTESIAN_POINT ( 'NONE',  ( -10.14700407599999821, 10.00359025316560668, 10.14583160395141093 ) ) ;
#3520 = DIRECTION ( 'NONE',  ( 0.000000000000000000, 6.358310602959384129E-05, -0.9999999979785944015 ) ) ;
#3521 = CARTESIAN_POINT ( 'NONE',  ( 12.48041292200000107, 20.00344186483723874, 12.47991980814980373 ) ) ;
#3522 = DATE_AND_TIME ( #1816, #318 ) ;
#3523 = FACE_BOUND ( 'NONE', #2516, .T. ) ;
#3524 = DIRECTION ( 'NONE',  ( 2.237515728248475083E-12, -6.358310602959382773E-05, 0.9999999979785942905 ) ) ;
#3525 = VECTOR ( 'NONE', #3536, 999.9999999999998863 ) ;
#3526 = EDGE_CURVE ( 'NONE', #1775, #3822, #3018, .T. ) ;
#3527 = ADVANCED_FACE ( 'NONE', ( #3150, #4033, #5201, #971, #190, #1413, #3127, #4464, #1882, #4787, #3586, #998, #1461 ), #4440, .T. ) ;
#3528 = EDGE_LOOP ( 'NONE', ( #103, #813, #3946, #2657 ) ) ;
#3529 = AXIS2_PLACEMENT_3D ( 'NONE', #1787, #987, #2276 ) ;
#3530 = DIRECTION ( 'NONE',  ( 1.000000000000000000, 0.000000000000000000, -5.551115020430157443E-15 ) ) ;
#3531 = CARTESIAN_POINT ( 'NONE',  ( -182.5000187135999852, 196.7041914680090997, 9.863737816444784201 ) ) ;
#3532 = ORIENTED_EDGE ( 'NONE', *, *, #642, .T. ) ;
#3533 = CARTESIAN_POINT ( 'NONE',  ( -29.25392378100000101, 10.00408778236913321, 9.851866843493928272 ) ) ;
#3534 = VECTOR ( 'NONE', #3002, 1000.000000000000000 ) ;
#3535 = VERTEX_POINT ( 'NONE', #5274 ) ;
#3536 = DIRECTION ( 'NONE',  ( 5.684341886078310580E-15, -6.358310602959384129E-05, 0.9999999979785944015 ) ) ;
#3537 = AXIS2_PLACEMENT_3D ( 'NONE', #612, #2320, #2705 ) ;
#3538 = CARTESIAN_POINT ( 'NONE',  ( -0.0003391370000105364824, 10.00321810014572677, 15.99884928272524220 ) ) ;
#3539 = DIRECTION ( 'NONE',  ( -0.7069707589770840572, -4.496869260678006814E-05, 0.7072427758055803704 ) ) ;
#3540 = AXIS2_PLACEMENT_3D ( 'NONE', #1705, #2632, #1732 ) ;
#3541 = FACE_OUTER_BOUND ( 'NONE', #2456, .T. ) ;
#3542 = DIRECTION ( 'NONE',  ( -5.773159728048290444E-15, 6.358310602959382773E-05, -0.9999999979785942905 ) ) ;
#3543 = DIRECTION ( 'NONE',  ( 1.141841996549659981E-13, -0.9999999979785944015, -6.358310602959384129E-05 ) ) ;
#3544 = VERTEX_POINT ( 'NONE', #4059 ) ;
#3545 = VECTOR ( 'NONE', #1143, 999.9999999999998863 ) ;
#3546 = EDGE_LOOP ( 'NONE', ( #2672, #2152 ) ) ;
#3547 = DIRECTION ( 'NONE',  ( 1.000000000000000000, 0.000000000000000000, -5.551115020430157443E-15 ) ) ;
#3548 = DIRECTION ( 'NONE',  ( -1.000000000000000000, -1.137978600240784444E-13, 2.237446339314883771E-12 ) ) ;
#3549 = LINE ( 'NONE', #2277, #637 ) ;
#3550 = CYLINDRICAL_SURFACE ( 'NONE', #2542, 2.500000046250013153 ) ;
#3551 = DIRECTION ( 'NONE',  ( -2.237515728249334172E-12, 6.358310602959384129E-05, -0.9999999979785944015 ) ) ;
#3552 = ADVANCED_FACE ( 'NONE', ( #4142 ), #328, .F. ) ;
#3553 = ORIENTED_EDGE ( 'NONE', *, *, #3213, .F. ) ;
#3554 = DIRECTION ( 'NONE',  ( 1.000000000000000000, 0.000000000000000000, -5.551115020430141666E-15 ) ) ;
#3555 = LINE ( 'NONE', #81, #2718 ) ;
#3556 = DIRECTION ( 'NONE',  ( -5.773182282688690451E-15, 6.358310602959382773E-05, -0.9999999979785942905 ) ) ;
#3557 = ORIENTED_EDGE ( 'NONE', *, *, #1586, .T. ) ;
#3558 = CARTESIAN_POINT ( 'NONE',  ( 46.75388330100000189, 10.00489650233323324, -10.39813297401637193 ) ) ;
#3559 = EDGE_CURVE ( 'NONE', #3822, #3279, #1598, .T. ) ;
#3560 = EDGE_CURVE ( 'NONE', #1323, #5202, #4990, .T. ) ;
#3561 = EDGE_CURVE ( 'NONE', #623, #307, #4647, .T. ) ;
#3562 = ORIENTED_EDGE ( 'NONE', *, *, #4977, .F. ) ;
#3563 = DIRECTION ( 'NONE',  ( 2.237506273869335076E-12, -6.358310602959384129E-05, 0.9999999979785944015 ) ) ;
#3564 = CARTESIAN_POINT ( 'NONE',  ( -20.00001871399997810, 0.004242766553259891271, -0.1487689971583772142 ) ) ;
#3565 = DIRECTION ( 'NONE',  ( -1.000000000000000000, -4.504606491415481361E-11, 2.908991014615152805E-15 ) ) ;
#3566 = CARTESIAN_POINT ( 'NONE',  ( -195.0000187136000136, 139.0532717703139838, -0.1399278287653182851 ) ) ;
#3567 = VECTOR ( 'NONE', #5197, 999.9999999999998863 ) ;
#3568 = CARTESIAN_POINT ( 'NONE',  ( -207.7000187142297136, 40.73093501732751776, -10.14617948818374771 ) ) ;
#3569 = DIRECTION ( 'NONE',  ( -2.237515728249334980E-12, 6.358310602959382773E-05, -0.9999999979785942905 ) ) ;
#3570 = AXIS2_PLACEMENT_3D ( 'NONE', #5097, #3913, #480 ) ;
#3571 = DIRECTION ( 'NONE',  ( -1.000000000000000000, -1.137978600240784444E-13, 2.237446339314883771E-12 ) ) ;
#3572 = ORIENTED_EDGE ( 'NONE', *, *, #644, .T. ) ;
#3573 = VERTEX_POINT ( 'NONE', #440 ) ;
#3574 = CARTESIAN_POINT ( 'NONE',  ( -0.0003391370000105364824, 20.00525273930674786, -16.00051482147485515 ) ) ;
#3575 = DATE_AND_TIME ( #990, #58 ) ;
#3576 = LINE ( 'NONE', #1371, #4653 ) ;
#3577 = CARTESIAN_POINT ( 'NONE',  ( 31.75388635400000581, 10.00424274856249340, -0.1481331669541396945 ) ) ;
#3578 = AXIS2_PLACEMENT_3D ( 'NONE', #3493, #1814, #1848 ) ;
#3579 = ORIENTED_EDGE ( 'NONE', *, *, #561, .T. ) ;
#3580 = CARTESIAN_POINT ( 'NONE',  ( -39.25392683299999419, 10.00550709197007038, -20.00115064473145665 ) ) ;
#3581 = PLANE ( 'NONE',  #1251 ) ;
#3582 = EDGE_CURVE ( 'NONE', #312, #5130, #879, .T. ) ;
#3583 = AXIS2_PLACEMENT_3D ( 'NONE', #3598, #3653, #1589 ) ;
#3584 = DIRECTION ( 'NONE',  ( -0.9999999815015170324, 0.0001923459527693218416, 1.222995890900211177E-08 ) ) ;
#3585 = VERTEX_POINT ( 'NONE', #1238 ) ;
#3586 = FACE_BOUND ( 'NONE', #1178, .T. ) ;
#3587 = ORIENTED_EDGE ( 'NONE', *, *, #3723, .T. ) ;
#3588 = DIRECTION ( 'NONE',  ( -1.136868377219662335E-13, 0.9999999979785944015, 6.358310602959384129E-05 ) ) ;
#3589 = DIRECTION ( 'NONE',  ( 2.236902087229335723E-12, -6.358310602959384129E-05, 0.9999999979785944015 ) ) ;
#3590 = EDGE_CURVE ( 'NONE', #2757, #3149, #4078, .T. ) ;
#3591 = CYLINDRICAL_SURFACE ( 'NONE', #5369, 1.650000030519999328 ) ;
#3592 = EDGE_CURVE ( 'NONE', #1924, #3125, #5203, .T. ) ;
#3593 = DIRECTION ( 'NONE',  ( -1.139704650099660056E-13, 0.9999999979785942905, 6.358310602959382773E-05 ) ) ;
#3594 = CARTESIAN_POINT ( 'NONE',  ( 194.9999812859999793, 238.4060183624160629, -0.1336106722848173778 ) ) ;
#3595 = ORIENTED_EDGE ( 'NONE', *, *, #1527, .F. ) ;
#3596 = VERTEX_POINT ( 'NONE', #2952 ) ;
#3597 = DIRECTION ( 'NONE',  ( 0.7072427772355638353, -4.495139661291762173E-05, 0.7069707575476503747 ) ) ;
#3598 = CARTESIAN_POINT ( 'NONE',  ( -185.0000187136000136, 166.7053082249048828, -0.1381696257673759032 ) ) ;
#3599 = CIRCLE ( 'NONE', #17, 1.650000030520000216 ) ;
#3600 = CARTESIAN_POINT ( 'NONE',  ( 66.75388635399997384, 10.00424274856249340, -0.1481331669541396945 ) ) ;
#3601 = CIRCLE ( 'NONE', #4308, 1.650000030520001992 ) ;
#3602 = CARTESIAN_POINT ( 'NONE',  ( 0.0002956050000058052518, 20.00525273930674786, -16.00051482147485515 ) ) ;
#3603 = AXIS2_PLACEMENT_3D ( 'NONE', #2669, #3203, #3498 ) ;
#3604 = VERTEX_POINT ( 'NONE', #4218 ) ;
#3605 = DIRECTION ( 'NONE',  ( -4.504606463818666236E-11, 0.9999999979785944015, 6.358310602959384129E-05 ) ) ;
#3606 = AXIS2_PLACEMENT_3D ( 'NONE', #1764, #5065, #883 ) ;
#3607 = CARTESIAN_POINT ( 'NONE',  ( 26.75388635400000226, 10.00360691745023978, 9.851866812897430492 ) ) ;
#3608 = VECTOR ( 'NONE', #2986, 999.9999999999998863 ) ;
#3609 = ORIENTED_EDGE ( 'NONE', *, *, #3299, .F. ) ;
#3610 = ORIENTED_EDGE ( 'NONE', *, *, #4133, .F. ) ;
#3611 = DIRECTION ( 'NONE',  ( -1.000000000000000000, 2.863957255156185782E-16, 5.773177949648009516E-15 ) ) ;
#3612 = CC_DESIGN_DATE_AND_TIME_ASSIGNMENT ( #3522, #1043, ( #2543 ) ) ;
#3613 = CIRCLE ( 'NONE', #2915, 2.500000046249998942 ) ;
#3614 = ORIENTED_EDGE ( 'NONE', *, *, #1780, .T. ) ;
#3615 = DIRECTION ( 'NONE',  ( -1.000000000000000000, -1.137978600240784444E-13, 2.237446339314883771E-12 ) ) ;
#3616 = CYLINDRICAL_SURFACE ( 'NONE', #2377, 2.500000046250013153 ) ;
#3617 = DIRECTION ( 'NONE',  ( -5.773159728048290444E-15, 6.358310602959382773E-05, -0.9999999979785942905 ) ) ;
#3618 = AXIS2_PLACEMENT_3D ( 'NONE', #1955, #2488, #1528 ) ;
#3619 = CIRCLE ( 'NONE', #4586, 49.99999999999998579 ) ;
#3620 = CARTESIAN_POINT ( 'NONE',  ( -11.31395467999998772, 10.00351608334376685, 11.31233337555895346 ) ) ;
#3621 = EDGE_CURVE ( 'NONE', #2438, #164, #2835, .T. ) ;
#3622 = DIRECTION ( 'NONE',  ( -0.0001923459554939994758, 6.358310488845300278E-05, -0.9999999794801108788 ) ) ;
#3623 = DIRECTION ( 'NONE',  ( -2.970516627010875526E-06, 6.358310607759422263E-05, -0.9999999979741823752 ) ) ;
#3624 = ORIENTED_EDGE ( 'NONE', *, *, #2954, .F. ) ;
#3625 = ORIENTED_EDGE ( 'NONE', *, *, #4507, .F. ) ;
#3626 = AXIS2_PLACEMENT_3D ( 'NONE', #2983, #3071, #914 ) ;
#3627 = EDGE_CURVE ( 'NONE', #2117, #1384, #1313, .T. ) ;
#3628 = EDGE_CURVE ( 'NONE', #3251, #1338, #409, .T. ) ;
#3629 = CARTESIAN_POINT ( 'NONE',  ( 194.9999812859999793, 50.00424267244295606, -0.1455898419260859278 ) ) ;
#3630 = ADVANCED_FACE ( 'NONE', ( #2141 ), #4675, .T. ) ;
#3631 = VECTOR ( 'NONE', #3888, 999.9999999999998863 ) ;
#3632 = CARTESIAN_POINT ( 'NONE',  ( 29.25388330200001619, 10.00296376767125395, 19.99884927366613141 ) ) ;
#3633 = EDGE_LOOP ( 'NONE', ( #2346, #5017, #2597, #2379 ) ) ;
#3634 = CARTESIAN_POINT ( 'NONE',  ( 15.99997823400001096, 20.00423538942136048, -0.0001974839195229005639 ) ) ;
#3635 = ORIENTED_EDGE ( 'NONE', *, *, #191, .F. ) ;
#3636 = DIRECTION ( 'NONE',  ( -4.504609124208660812E-11, 0.9999999979785944015, 6.358310602959384129E-05 ) ) ;
#3637 = LINE ( 'NONE', #1995, #3135 ) ;
#3638 = DIRECTION ( 'NONE',  ( 1.000000000000000000, 0.000000000000000000, -2.237793284010079132E-12 ) ) ;
#3639 = ORIENTED_EDGE ( 'NONE', *, *, #661, .T. ) ;
#3640 = ORIENTED_EDGE ( 'NONE', *, *, #1059, .F. ) ;
#3641 = CARTESIAN_POINT ( 'NONE',  ( 184.9999812859999793, 226.7053081079697279, -0.1343546400910389238 ) ) ;
#3642 = ORIENTED_EDGE ( 'NONE', *, *, #2675, .F. ) ;
#3643 = ORIENTED_EDGE ( 'NONE', *, *, #167, .F. ) ;
#3644 = FACE_OUTER_BOUND ( 'NONE', #1085, .T. ) ;
#3645 = CARTESIAN_POINT ( 'NONE',  ( -59.25392683300001551, 10.00489650223335403, -10.39813297401140346 ) ) ;
#3646 = CARTESIAN_POINT ( 'NONE',  ( 49.25388635400002357, 10.00312605253134102, 9.851866782300932712 ) ) ;
#3647 = DIRECTION ( 'NONE',  ( -5.773159728048290444E-15, 6.358310602959382773E-05, -0.9999999979785942905 ) ) ;
#3648 = CYLINDRICAL_SURFACE ( 'NONE', #1552, 2.500000000000002220 ) ;
#3649 = EDGE_CURVE ( 'NONE', #1952, #3013, #463, .T. ) ;
#3650 = ORIENTED_EDGE ( 'NONE', *, *, #809, .F. ) ;
#3651 = ORIENTED_EDGE ( 'NONE', *, *, #2273, .F. ) ;
#3652 = AXIS2_PLACEMENT_3D ( 'NONE', #1095, #3281, #293 ) ;
#3653 = DIRECTION ( 'NONE',  ( -5.777645942867660319E-15, 6.358310602959382773E-05, -0.9999999979785942905 ) ) ;
#3654 = EDGE_CURVE ( 'NONE', #2517, #3725, #345, .T. ) ;
#3655 = ORIENTED_EDGE ( 'NONE', *, *, #1953, .F. ) ;
#3656 = CARTESIAN_POINT ( 'NONE',  ( 71.75388330100001610, 10.00358370297554877, 10.24884929381295073 ) ) ;
#3657 = VECTOR ( 'NONE', #4696, 999.9999999999998863 ) ;
#3658 = ADVANCED_FACE ( 'NONE', ( #3802, #853, #5042, #3771, #3856, #1 ), #3415, .T. ) ;
#3659 = EDGE_LOOP ( 'NONE', ( #4248, #378 ) ) ;
#3660 = DIRECTION ( 'NONE',  ( 1.000000000000000000, 0.000000000000000000, -5.551115020430141666E-15 ) ) ;
#3661 = LINE ( 'NONE', #5323, #4278 ) ;
#3662 = CYLINDRICAL_SURFACE ( 'NONE', #1375, 1.650000030520000660 ) ;
#3663 = ORIENTED_EDGE ( 'NONE', *, *, #4271, .F. ) ;
#3664 = ORIENTED_EDGE ( 'NONE', *, *, #3396, .F. ) ;
#3665 = ORIENTED_EDGE ( 'NONE', *, *, #3857, .T. ) ;
#3666 = AXIS2_PLACEMENT_3D ( 'NONE', #2350, #4046, #4928 ) ;
#3667 = EDGE_LOOP ( 'NONE', ( #4111, #1490, #4950, #4576 ) ) ;
#3668 = CARTESIAN_POINT ( 'NONE',  ( 61.75388330100000900, 10.00450788341976782, -4.286150677568239864 ) ) ;
#3669 = DIRECTION ( 'NONE',  ( 2.237515728249334980E-12, -6.358310602959382773E-05, 0.9999999979785942905 ) ) ;
#3670 = DIRECTION ( 'NONE',  ( -1.139704650099660056E-13, 0.9999999979785942905, 6.358310602959382773E-05 ) ) ;
#3671 = DIRECTION ( 'NONE',  ( 5.684341886078310580E-15, -6.358310602959384129E-05, 0.9999999979785944015 ) ) ;
#3672 = LINE ( 'NONE', #342, #854 ) ;
#3673 = AXIS2_PLACEMENT_3D ( 'NONE', #4316, #924, #2211 ) ;
#3674 = AXIS2_PLACEMENT_3D ( 'NONE', #1611, #3325, #4972 ) ;
#3675 = VERTEX_POINT ( 'NONE', #3441 ) ;
#3676 = ORIENTED_EDGE ( 'NONE', *, *, #254, .T. ) ;
#3677 = FACE_BOUND ( 'NONE', #82, .T. ) ;
#3678 = FACE_OUTER_BOUND ( 'NONE', #852, .T. ) ;
#3679 = ORIENTED_EDGE ( 'NONE', *, *, #1259, .T. ) ;
#3680 = CARTESIAN_POINT ( 'NONE',  ( 184.9999812859999793, 226.7043463777324632, -0.1343547012641888028 ) ) ;
#3681 = EDGE_CURVE ( 'NONE', #4961, #2073, #1261, .T. ) ;
#3682 = CARTESIAN_POINT ( 'NONE',  ( -20.00001871399997810, 20.00424273142028397, -0.1474973357907805038 ) ) ;
#3683 = VERTEX_POINT ( 'NONE', #5100 ) ;
#3684 = FACE_OUTER_BOUND ( 'NONE', #3528, .T. ) ;
#3685 = CARTESIAN_POINT ( 'NONE',  ( -36.75392683299999419, 10.00489650223335403, -10.39813297401140346 ) ) ;
#3686 = CARTESIAN_POINT ( 'NONE',  ( 71.75388330100001610, 10.00450788341976782, -4.286150677568239864 ) ) ;
#3687 = EDGE_LOOP ( 'NONE', ( #5051, #1635, #3996, #4057 ) ) ;
#3688 = ORIENTED_EDGE ( 'NONE', *, *, #1469, .T. ) ;
#3689 = AXIS2_PLACEMENT_3D ( 'NONE', #5040, #820, #516 ) ;
#3690 = VECTOR ( 'NONE', #5167, 999.9999999999998863 ) ;
#3691 = EDGE_CURVE ( 'NONE', #2724, #4176, #3453, .T. ) ;
#3692 = ORIENTED_EDGE ( 'NONE', *, *, #549, .F. ) ;
#3693 = ORIENTED_EDGE ( 'NONE', *, *, #1983, .F. ) ;
#3694 = DIRECTION ( 'NONE',  ( 1.000000000000000000, 0.000000000000000000, -5.551115020430157443E-15 ) ) ;
#3695 = AXIS2_PLACEMENT_3D ( 'NONE', #3133, #3542, #1010 ) ;
#3696 = CIRCLE ( 'NONE', #3172, 2.500000046250006047 ) ;
#3697 = DIRECTION ( 'NONE',  ( -1.000000000000000000, -1.141181002970365858E-13, 2.237793520288378741E-12 ) ) ;
#3698 = DIRECTION ( 'NONE',  ( 1.000000000000000000, 0.000000000000000000, -2.237793284010079132E-12 ) ) ;
#3699 = CC_DESIGN_APPROVAL ( #478, ( #2543 ) ) ;
#3700 = VERTEX_POINT ( 'NONE', #484 ) ;
#3701 = CARTESIAN_POINT ( 'NONE',  ( -195.0000187095999991, 50.00487849398736984, -10.14558982230426309 ) ) ;
#3702 = VECTOR ( 'NONE', #4579, 999.9999999999998863 ) ;
#3703 = AXIS2_PLACEMENT_3D ( 'NONE', #3405, #1721, #3817 ) ;
#3704 = FACE_BOUND ( 'NONE', #4881, .T. ) ;
#3705 = VERTEX_POINT ( 'NONE', #78 ) ;
#3706 = ORIENTED_EDGE ( 'NONE', *, *, #5373, .F. ) ;
#3707 = CIRCLE ( 'NONE', #5094, 2.499999999999998668 ) ;
#3708 = DIRECTION ( 'NONE',  ( -1.364278178340557570E-13, 0.9999999979785942905, 6.358310605381749280E-05 ) ) ;
#3709 = DIRECTION ( 'NONE',  ( -1.136868377219662335E-13, 0.9999999979785944015, 6.358310602959384129E-05 ) ) ;
#3710 = ORIENTED_EDGE ( 'NONE', *, *, #18, .T. ) ;
#3711 = FACE_BOUND ( 'NONE', #5325, .T. ) ;
#3712 = VECTOR ( 'NONE', #5409, 999.9999999999998863 ) ;
#3713 = CARTESIAN_POINT ( 'NONE',  ( -175.0000187135999852, 188.7290092347282098, 9.863230729853123435 ) ) ;
#3714 = ORIENTED_EDGE ( 'NONE', *, *, #4712, .F. ) ;
#3715 = CARTESIAN_POINT ( 'NONE',  ( -90.00002176600000325, 0.004896522471757591699, -10.39876880532838932 ) ) ;
#3716 = DIRECTION ( 'NONE',  ( 1.000000000000000000, 4.504600115460797355E-11, -3.639192557341984661E-15 ) ) ;
#3717 = DIRECTION ( 'NONE',  ( 2.237515728249914975E-12, -6.358310602959382773E-05, 0.9999999979785942905 ) ) ;
#3718 = ORIENTED_EDGE ( 'NONE', *, *, #4949, .F. ) ;
#3719 = VERTEX_POINT ( 'NONE', #1765 ) ;
#3720 = ADVANCED_FACE ( 'NONE', ( #5129 ), #1347, .F. ) ;
#3721 = AXIS2_PLACEMENT_3D ( 'NONE', #3495, #4754, #3092 ) ;
#3722 = DIRECTION ( 'NONE',  ( 2.237515728249914975E-12, -6.358310602959382773E-05, 0.9999999979785942905 ) ) ;
#3723 = EDGE_CURVE ( 'NONE', #3962, #1276, #2479, .T. ) ;
#3724 = ORIENTED_EDGE ( 'NONE', *, *, #3627, .T. ) ;
#3725 = VERTEX_POINT ( 'NONE', #4410 ) ;
#3726 = DIRECTION ( 'NONE',  ( -5.773159728048290444E-15, 6.358310602959382773E-05, -0.9999999979785942905 ) ) ;
#3727 = CARTESIAN_POINT ( 'NONE',  ( 69.25388330100001610, 10.00450788341976782, -4.286150677568239864 ) ) ;
#3728 = EDGE_LOOP ( 'NONE', ( #4596, #1352, #1458, #4708 ) ) ;
#3729 = EDGE_CURVE ( 'NONE', #4457, #2383, #785, .T. ) ;
#3730 = LINE ( 'NONE', #491, #512 ) ;
#3731 = EDGE_CURVE ( 'NONE', #3867, #1281, #4434, .T. ) ;
#3732 = CARTESIAN_POINT ( 'NONE',  ( -182.5000187135999852, 216.7054630893077842, -10.13499048160335114 ) ) ;
#3733 = CARTESIAN_POINT ( 'NONE',  ( -36.75392683299999419, 10.00450788346931397, -4.286150676569483231 ) ) ;
#3734 = EDGE_LOOP ( 'NONE', ( #755, #1380, #1783, #738 ) ) ;
#3735 = ORIENTED_EDGE ( 'NONE', *, *, #1954, .F. ) ;
#3736 = LINE ( 'NONE', #2041, #1181 ) ;
#3737 = FACE_BOUND ( 'NONE', #2029, .T. ) ;
#3738 = ORIENTED_EDGE ( 'NONE', *, *, #2505, .F. ) ;
#3739 = CARTESIAN_POINT ( 'NONE',  ( 15.99997823400001096, 20.00423542979349634, -0.0008322255156123503639 ) ) ;
#3740 = ORIENTED_EDGE ( 'NONE', *, *, #1007, .F. ) ;
#3741 = FACE_OUTER_BOUND ( 'NONE', #749, .T. ) ;
#3742 = CIRCLE ( 'NONE', #5398, 2.500000046250006047 ) ;
#3743 = CARTESIAN_POINT ( 'NONE',  ( 59.25388330100000900, 10.00489650228368532, -10.39813297501515699 ) ) ;
#3744 = ORIENTED_EDGE ( 'NONE', *, *, #2399, .F. ) ;
#3745 = VERTEX_POINT ( 'NONE', #2721 ) ;
#3746 = ADVANCED_FACE ( 'NONE', ( #3166 ), #2310, .F. ) ;
#3747 = EDGE_LOOP ( 'NONE', ( #1142, #3480, #1079, #3496 ) ) ;
#3748 = ORIENTED_EDGE ( 'NONE', *, *, #5427, .T. ) ;
#3749 = DIRECTION ( 'NONE',  ( 1.000000000000000000, 0.000000000000000000, -5.551115020430157443E-15 ) ) ;
#3750 = CARTESIAN_POINT ( 'NONE',  ( -39.25392683299999419, 10.00489650223335403, -10.39813297401140346 ) ) ;
#3751 = DIRECTION ( 'NONE',  ( -1.136868377219662335E-13, 0.9999999979785944015, 6.358310602959384129E-05 ) ) ;
#3752 = CIRCLE ( 'NONE', #4962, 2.500000046250006047 ) ;
#3753 = ADVANCED_FACE ( 'NONE', ( #4026, #1373, #1067, #5193, #102, #4001 ), #4455, .T. ) ;
#3754 = DIRECTION ( 'NONE',  ( -2.237690279189335060E-12, 6.358310602959384129E-05, -0.9999999979785944015 ) ) ;
#3755 = DIRECTION ( 'NONE',  ( -1.000000000000000000, -4.504606491415481361E-11, 2.908991014615152805E-15 ) ) ;
#3756 = EDGE_CURVE ( 'NONE', #1597, #121, #3122, .T. ) ;
#3757 = ORIENTED_EDGE ( 'NONE', *, *, #3063, .F. ) ;
#3758 = EDGE_LOOP ( 'NONE', ( #3706, #3339, #5331, #4291 ) ) ;
#3759 = DIRECTION ( 'NONE',  ( -1.139704650099660056E-13, 0.9999999979785942905, 6.358310602959382773E-05 ) ) ;
#3760 = AXIS2_PLACEMENT_3D ( 'NONE', #2265, #3593, #1863 ) ;
#3761 = EDGE_CURVE ( 'NONE', #652, #4548, #421, .T. ) ;
#3762 = ORIENTED_EDGE ( 'NONE', *, *, #4232, .F. ) ;
#3763 = AXIS2_PLACEMENT_3D ( 'NONE', #3936, #5145, #1011 ) ;
#3764 = AXIS2_PLACEMENT_3D ( 'NONE', #1935, #1485, #3200 ) ;
#3765 = CARTESIAN_POINT ( 'NONE',  ( -182.5000187135999852, 206.7048272791826093, -0.1356263321046768944 ) ) ;
#3766 = ORIENTED_EDGE ( 'NONE', *, *, #3863, .T. ) ;
#3767 = CARTESIAN_POINT ( 'NONE',  ( 139.9999812860000077, 0.003606939935486830340, 9.851230982470260855 ) ) ;
#3768 = PERSON_AND_ORGANIZATION_ROLE ( 'design_owner' ) ;
#3769 = ORIENTED_EDGE ( 'NONE', *, *, #2247, .T. ) ;
#3770 = ORIENTED_EDGE ( 'NONE', *, *, #2773, .F. ) ;
#3771 = FACE_BOUND ( 'NONE', #3919, .T. ) ;
#3772 = ORIENTED_EDGE ( 'NONE', *, *, #3849, .F. ) ;
#3773 = ORIENTED_EDGE ( 'NONE', *, *, #3085, .T. ) ;
#3774 = CARTESIAN_POINT ( 'NONE',  ( -185.0000187136000136, 196.7059439947529995, -10.13626211264204180 ) ) ;
#3775 = CARTESIAN_POINT ( 'NONE',  ( -69.25392378100001167, 10.00376188364359997, -0.1481331975506094967 ) ) ;
#3776 = DIRECTION ( 'NONE',  ( 1.000000000000000000, 0.000000000000000000, -5.551115020430141666E-15 ) ) ;
#3777 = ORIENTED_EDGE ( 'NONE', *, *, #1527, .T. ) ;
#3778 = LINE ( 'NONE', #366, #3895 ) ;
#3779 = AXIS2_PLACEMENT_3D ( 'NONE', #1148, #5324, #270 ) ;
#3780 = CIRCLE ( 'NONE', #405, 2.500000000000002220 ) ;
#3781 = PRODUCT_RELATED_PRODUCT_CATEGORY ( 'detail', '', ( #4205 ) ) ;
#3782 = AXIS2_PLACEMENT_3D ( 'NONE', #2737, #667, #200 ) ;
#3783 = AXIS2_PLACEMENT_3D ( 'NONE', #3645, #4469, #2847 ) ;
#3784 = VECTOR ( 'NONE', #3387, 999.9999999999998863 ) ;
#3785 = CARTESIAN_POINT ( 'NONE',  ( 187.4999812859999793, 216.7054630943512166, -10.13499048085234122 ) ) ;
#3786 = VERTEX_POINT ( 'NONE', #4355 ) ;
#3787 = AXIS2_PLACEMENT_3D ( 'NONE', #1386, #3154, #3180 ) ;
#3788 = ORIENTED_EDGE ( 'NONE', *, *, #789, .F. ) ;
#3789 = ADVANCED_FACE ( 'NONE', ( #2251 ), #208, .F. ) ;
#3790 = DIRECTION ( 'NONE',  ( 1.000000000000000000, 1.139705910348116809E-13, 0.000000000000000000 ) ) ;
#3791 = CIRCLE ( 'NONE', #1389, 2.500000000000002220 ) ;
#3792 = DIRECTION ( 'NONE',  ( 1.000000000000000000, 0.000000000000000000, -5.551115020430141666E-15 ) ) ;
#3793 = VERTEX_POINT ( 'NONE', #5158 ) ;
#3794 = ADVANCED_FACE ( 'NONE', ( #3975 ), #3945, .F. ) ;
#3795 = VECTOR ( 'NONE', #5211, 999.9999999999998863 ) ;
#3796 = EDGE_CURVE ( 'NONE', #3585, #3300, #1874, .T. ) ;
#3797 = DIRECTION ( 'NONE',  ( 0.9999999815015170324, -0.0001923459527519746069, -1.222995888731806832E-08 ) ) ;
#3798 = VECTOR ( 'NONE', #19, 999.9999999999998863 ) ;
#3799 = DIRECTION ( 'NONE',  ( 1.000000000000000000, 4.498840259331656151E-11, 9.068782481792256856E-10 ) ) ;
#3800 = FACE_BOUND ( 'NONE', #1756, .T. ) ;
#3801 = VERTEX_POINT ( 'NONE', #3198 ) ;
#3802 = FACE_BOUND ( 'NONE', #5360, .T. ) ;
#3803 = VECTOR ( 'NONE', #1795, 999.9999999999998863 ) ;
#3804 = EDGE_CURVE ( 'NONE', #884, #3786, #1315, .T. ) ;
#3805 = VERTEX_POINT ( 'NONE', #5216 ) ;
#3806 = DIRECTION ( 'NONE',  ( -5.773159728048290444E-15, 6.358310602959382773E-05, -0.9999999979785942905 ) ) ;
#3807 = CIRCLE ( 'NONE', #4339, 2.500000046249998942 ) ;
#3808 = ORIENTED_EDGE ( 'NONE', *, *, #1012, .F. ) ;
#3809 = CYLINDRICAL_SURFACE ( 'NONE', #2843, 2.500000046250013153 ) ;
#3810 = EDGE_LOOP ( 'NONE', ( #5292, #5388 ) ) ;
#3811 = DIRECTION ( 'NONE',  ( -1.000000000000000000, -1.141127329791522989E-13, 2.237508477130827510E-12 ) ) ;
#3812 = CARTESIAN_POINT ( 'NONE',  ( 59.25388330100000900, 10.00450788341976782, -4.286150677568239864 ) ) ;
#3813 = VERTEX_POINT ( 'NONE', #4385 ) ;
#3814 = LINE ( 'NONE', #3107, #1746 ) ;
#3815 = ORIENTED_EDGE ( 'NONE', *, *, #3448, .T. ) ;
#3816 = DIRECTION ( 'NONE',  ( -5.773159728048290444E-15, 6.358310602959382773E-05, -0.9999999979785942905 ) ) ;
#3817 = DIRECTION ( 'NONE',  ( 1.000000000000000000, 0.000000000000000000, -5.551115020430141666E-15 ) ) ;
#3818 = EDGE_CURVE ( 'NONE', #4633, #3535, #161, .T. ) ;
#3819 = CARTESIAN_POINT ( 'NONE',  ( 89.99997823399996832, 0.004896522471757591699, -10.39876880532838932 ) ) ;
#3820 = CARTESIAN_POINT ( 'NONE',  ( 59.25388635399997384, 10.00439771465597438, -10.14813317739726628 ) ) ;
#3821 = ORIENTED_EDGE ( 'NONE', *, *, #934, .F. ) ;
#3822 = VERTEX_POINT ( 'NONE', #4855 ) ;
#3823 = CARTESIAN_POINT ( 'NONE',  ( 187.4999812859999793, 176.7041915133295902, 9.862466154571814414 ) ) ;
#3824 = EDGE_CURVE ( 'NONE', #4028, #3700, #1457, .T. ) ;
#3825 = MANIFOLD_SOLID_BREP ( 'comp1.1\\Part4.1\\PartBody', #850 ) ;
#3826 = FACE_OUTER_BOUND ( 'NONE', #5009, .T. ) ;
#3827 = CARTESIAN_POINT ( 'NONE',  ( -195.0000187136000136, 238.4066541927292917, -10.13361065209672418 ) ) ;
#3828 = PERSON_AND_ORGANIZATION ( #2905, #2289 ) ;
#3829 = CARTESIAN_POINT ( 'NONE',  ( -36.75392378100001167, 10.00424274856249340, -0.1481331669541396945 ) ) ;
#3830 = EDGE_LOOP ( 'NONE', ( #395, #2043, #3572, #1179, #4010, #2860, #4031, #1321, #2125, #1397, #4580, #1233 ) ) ;
#3831 = EDGE_CURVE ( 'NONE', #4575, #4047, #1582, .T. ) ;
#3832 = DIRECTION ( 'NONE',  ( -5.773159728048290444E-15, 6.358310602959382773E-05, -0.9999999979785942905 ) ) ;
#3833 = VERTEX_POINT ( 'NONE', #2353 ) ;
#3834 = CARTESIAN_POINT ( 'NONE',  ( -46.75392683300000130, 10.00450788346931397, -4.286150676569483231 ) ) ;
#3835 = ORIENTED_EDGE ( 'NONE', *, *, #5078, .F. ) ;
#3836 = LINE ( 'NONE', #1769, #1669 ) ;
#3837 = VECTOR ( 'NONE', #2389, 1000.000000000000000 ) ;
#3838 = ADVANCED_FACE ( 'NONE', ( #4930, #1091, #677, #2834, #3711, #2385, #3221, #3244, #236, #1986 ), #643, .F. ) ;
#3839 = EDGE_LOOP ( 'NONE', ( #4587, #4816, #4907, #4439 ) ) ;
#3840 = DIRECTION ( 'NONE',  ( -0.7072427772355638353, 4.495139661291762173E-05, -0.7069707575476503747 ) ) ;
#3841 = CARTESIAN_POINT ( 'NONE',  ( 46.75388330100000189, 10.00450788341976782, -4.286150677568239864 ) ) ;
#3842 = ORIENTED_EDGE ( 'NONE', *, *, #1293, .F. ) ;
#3843 = DIRECTION ( 'NONE',  ( -2.237515728249334980E-12, 6.358310602959382773E-05, -0.9999999979785942905 ) ) ;
#3844 = ORIENTED_EDGE ( 'NONE', *, *, #796, .T. ) ;
#3845 = CARTESIAN_POINT ( 'NONE',  ( -182.5000187135999852, 206.7041914478705849, 9.864373647756801589 ) ) ;
#3846 = CARTESIAN_POINT ( 'NONE',  ( -145.0000187095999991, 50.00360683411995666, 9.854410137281943705 ) ) ;
#3847 = DIRECTION ( 'NONE',  ( 2.237515728249334980E-12, -6.358310602959382773E-05, 0.9999999979785942905 ) ) ;
#3848 = EDGE_LOOP ( 'NONE', ( #37, #739, #3350, #4062 ) ) ;
#3849 = EDGE_CURVE ( 'NONE', #2073, #386, #4502, .T. ) ;
#3850 = FACE_OUTER_BOUND ( 'NONE', #878, .T. ) ;
#3851 = CARTESIAN_POINT ( 'NONE',  ( -20.00001871399997810, 10.00360691745023978, 9.851866812897430492 ) ) ;
#3852 = DIRECTION ( 'NONE',  ( 1.000000000000000000, 0.000000000000000000, -5.551115020430157443E-15 ) ) ;
#3853 = CIRCLE ( 'NONE', #2263, 2.500000000000002220 ) ;
#3854 = DIRECTION ( 'NONE',  ( 1.000000000000000000, 0.000000000000000000, -5.551115020430141666E-15 ) ) ;
#3855 = VERTEX_POINT ( 'NONE', #5318 ) ;
#3856 = FACE_BOUND ( 'NONE', #2557, .T. ) ;
#3857 = EDGE_CURVE ( 'NONE', #3833, #1377, #2861, .T. ) ;
#3858 = CIRCLE ( 'NONE', #1090, 2.500000046250006047 ) ;
#3859 = ORIENTED_EDGE ( 'NONE', *, *, #427, .F. ) ;
#3860 = DIRECTION ( 'NONE',  ( 1.000000000000000000, 0.000000000000000000, -5.759281940242999553E-15 ) ) ;
#3861 = ORIENTED_EDGE ( 'NONE', *, *, #4663, .T. ) ;
#3862 = DIRECTION ( 'NONE',  ( -5.764177983979360802E-15, 6.358310602959382773E-05, -0.9999999979785942905 ) ) ;
#3863 = EDGE_CURVE ( 'NONE', #2383, #106, #730, .T. ) ;
#3864 = VERTEX_POINT ( 'NONE', #3656 ) ;
#3865 = DIRECTION ( 'NONE',  ( 1.000000000000000000, 1.135455345091426822E-13, 0.000000000000000000 ) ) ;
#3866 = DIRECTION ( 'NONE',  ( 1.000000000000000000, 0.000000000000000000, -5.551115020430141666E-15 ) ) ;
#3867 = VERTEX_POINT ( 'NONE', #1532 ) ;
#3868 = FACE_BOUND ( 'NONE', #4691, .T. ) ;
#3869 = AXIS2_PLACEMENT_3D ( 'NONE', #4216, #2974, #4645 ) ;
#3870 = AXIS2_PLACEMENT_3D ( 'NONE', #242, #1938, #5463 ) ;
#3871 = LINE ( 'NONE', #473, #3181 ) ;
#3872 = CIRCLE ( 'NONE', #669, 2.500000000000002220 ) ;
#3873 = VERTEX_POINT ( 'NONE', #4050 ) ;
#3874 = DIRECTION ( 'NONE',  ( 2.237515728249914975E-12, -6.358310602959382773E-05, 0.9999999979785942905 ) ) ;
#3875 = DIRECTION ( 'NONE',  ( -4.504607336278660198E-11, 0.9999999979785944015, 6.358310602959384129E-05 ) ) ;
#3876 = ORIENTED_EDGE ( 'NONE', *, *, #2264, .T. ) ;
#3877 = EDGE_LOOP ( 'NONE', ( #327, #4668 ) ) ;
#3878 = PRODUCT_DEFINITION_FORMATION_WITH_SPECIFIED_SOURCE ( 'ANY', '', #4205, .NOT_KNOWN. ) ;
#3879 = VECTOR ( 'NONE', #3933, 1000.000000000000000 ) ;
#3880 = VECTOR ( 'NONE', #4967, 1000.000000000000000 ) ;
#3881 = CARTESIAN_POINT ( 'NONE',  ( 59.25388330100000900, 10.00550709197007038, -20.00115064473145665 ) ) ;
#3882 = VECTOR ( 'NONE', #14, 1000.000000000000000 ) ;
#3883 = DIRECTION ( 'NONE',  ( -1.136868377219662335E-13, 0.9999999979785944015, 6.358310602959384129E-05 ) ) ;
#3884 = DIRECTION ( 'NONE',  ( 1.000000000000000000, 1.139961141216858708E-13, 7.243476194880627298E-18 ) ) ;
#3885 = AXIS2_PLACEMENT_3D ( 'NONE', #3237, #3134, #5336 ) ;
#3886 = DIRECTION ( 'NONE',  ( -1.139704650099660056E-13, 0.9999999979785942905, 6.358310602959382773E-05 ) ) ;
#3887 = DIRECTION ( 'NONE',  ( -1.000000000000000000, -4.504620681532429303E-11, 2.234651555022304295E-12 ) ) ;
#3888 = DIRECTION ( 'NONE',  ( 3.351276834909005757E-15, -0.9999999979785944015, -6.358310602959384129E-05 ) ) ;
#3889 = AXIS2_PLACEMENT_3D ( 'NONE', #1845, #1040, #618 ) ;
#3890 = VERTEX_POINT ( 'NONE', #2409 ) ;
#3891 = LINE ( 'NONE', #3065, #5423 ) ;
#3892 = DIRECTION ( 'NONE',  ( -5.773159728048290444E-15, 6.358310602959382773E-05, -0.9999999979785942905 ) ) ;
#3893 = EDGE_CURVE ( 'NONE', #763, #4968, #287, .T. ) ;
#3894 = ORIENTED_EDGE ( 'NONE', *, *, #1311, .T. ) ;
#3895 = VECTOR ( 'NONE', #4092, 999.9999999999998863 ) ;
#3896 = DIRECTION ( 'NONE',  ( 1.000000000000000000, 0.000000000000000000, -5.551115020430157443E-15 ) ) ;
#3897 = ORIENTED_EDGE ( 'NONE', *, *, #3761, .T. ) ;
#3898 = CARTESIAN_POINT ( 'NONE',  ( -90.00002176600000325, 20.00550707173167453, -20.00051481341447257 ) ) ;
#3899 = VECTOR ( 'NONE', #2524, 999.9999999999998863 ) ;
#3900 = CARTESIAN_POINT ( 'NONE',  ( -185.0000187136000136, 166.7046723935928867, 9.861830354094102802 ) ) ;
#3901 = ADVANCED_FACE ( 'NONE', ( #1115 ), #314, .F. ) ;
#3902 = DIRECTION ( 'NONE',  ( -5.773159728048290444E-15, 6.358310602959382773E-05, -0.9999999979785942905 ) ) ;
#3903 = ORIENTED_EDGE ( 'NONE', *, *, #220, .T. ) ;
#3904 = DIRECTION ( 'NONE',  ( 1.000000000000000000, 1.139704342339230605E-13, 7.260282404149491019E-18 ) ) ;
#3905 = ADVANCED_FACE ( 'NONE', ( #3277 ), #2433, .F. ) ;
#3906 = DIRECTION ( 'NONE',  ( -1.000000000000000000, -1.135472065937443054E-13, 5.632848129108845484E-15 ) ) ;
#3907 = ORIENTED_EDGE ( 'NONE', *, *, #3621, .T. ) ;
#3908 = LINE ( 'NONE', #4689, #1656 ) ;
#3909 = CARTESIAN_POINT ( 'NONE',  ( -39.25392683299999419, 10.00450788346931397, -4.286150676569483231 ) ) ;
#3910 = ORIENTED_EDGE ( 'NONE', *, *, #5113, .F. ) ;
#3911 = ORIENTED_EDGE ( 'NONE', *, *, #5123, .F. ) ;
#3912 = DIRECTION ( 'NONE',  ( 1.000000000000000000, 0.000000000000000000, -2.237099394619688409E-12 ) ) ;
#3913 = DIRECTION ( 'NONE',  ( -5.773159728048290444E-15, 6.358310602959382773E-05, -0.9999999979785942905 ) ) ;
#3914 = PLANE ( 'NONE',  #949 ) ;
#3915 = CARTESIAN_POINT ( 'NONE',  ( -12.48045645399997738, 0.003441905263711075857, 12.47864814651963883 ) ) ;
#3916 = SHAPE_DEFINITION_REPRESENTATION ( #779, #5112 ) ;
#3917 = LINE ( 'NONE', #3829, #5171 ) ;
#3918 = DIRECTION ( 'NONE',  ( 5.684341886078310580E-15, -6.358310602959384129E-05, 0.9999999979785944015 ) ) ;
#3919 = EDGE_LOOP ( 'NONE', ( #371, #2432 ) ) ;
#3920 = LINE ( 'NONE', #1020, #3567 ) ;
#3921 = CIRCLE ( 'NONE', #1426, 2.500000046250006047 ) ;
#3922 = VERTEX_POINT ( 'NONE', #2683 ) ;
#3923 = CARTESIAN_POINT ( 'NONE',  ( 182.4999812859999793, 196.7048273033162218, -0.1362621636148975135 ) ) ;
#3924 = AXIS2_PLACEMENT_3D ( 'NONE', #3247, #624, #3660 ) ;
#3925 = EDGE_CURVE ( 'NONE', #1517, #3813, #3967, .T. ) ;
#3926 = ORIENTED_EDGE ( 'NONE', *, *, #1137, .F. ) ;
#3927 = PLANE ( 'NONE',  #1295 ) ;
#3928 = CYLINDRICAL_SURFACE ( 'NONE', #2549, 2.500000000000002220 ) ;
#3929 = ORIENTED_EDGE ( 'NONE', *, *, #4301, .F. ) ;
#3930 = LINE ( 'NONE', #3481, #2027 ) ;
#3931 = AXIS2_PLACEMENT_3D ( 'NONE', #156, #4322, #1760 ) ;
#3932 = ADVANCED_FACE ( 'NONE', ( #226 ), #2764, .T. ) ;
#3933 = DIRECTION ( 'NONE',  ( 1.000000000000000000, 1.141380749355387608E-13, -2.237390870624717534E-12 ) ) ;
#3934 = AXIS2_PLACEMENT_3D ( 'NONE', #4546, #1121, #323 ) ;
#3935 = ADVANCED_FACE ( 'NONE', ( #1032 ), #1422, .F. ) ;
#3936 = CARTESIAN_POINT ( 'NONE',  ( -39.25392683299999419, 10.00489650223335403, -10.39813297401140346 ) ) ;
#3937 = ORIENTED_EDGE ( 'NONE', *, *, #115, .F. ) ;
#3938 = VECTOR ( 'NONE', #4407, 999.9999999999998863 ) ;
#3939 = VERTEX_POINT ( 'NONE', #4426 ) ;
#3940 = DIRECTION ( 'NONE',  ( 1.000000000000000000, 1.139705910348116809E-13, 7.186946086190671856E-18 ) ) ;
#3941 = DIRECTION ( 'NONE',  ( -5.774518019715770425E-15, 6.358310602959382773E-05, -0.9999999979785942905 ) ) ;
#3942 = DIRECTION ( 'NONE',  ( 1.000000000000000000, 0.000000000000000000, -5.551115020430141666E-15 ) ) ;
#3943 = CARTESIAN_POINT ( 'NONE',  ( -31.75392683300001906, 10.00296376772080009, 19.99884927466488804 ) ) ;
#3944 = DIRECTION ( 'NONE',  ( 2.237515728249334980E-12, -6.358310602959382773E-05, 0.9999999979785942905 ) ) ;
#3945 = CYLINDRICAL_SURFACE ( 'NONE', #1851, 2.500000000000002220 ) ;
#3946 = ORIENTED_EDGE ( 'NONE', *, *, #1239, .F. ) ;
#3947 = DIRECTION ( 'NONE',  ( 1.000000000000000000, 1.139705910348116809E-13, 0.000000000000000000 ) ) ;
#3948 = VECTOR ( 'NONE', #3671, 999.9999999999998863 ) ;
#3949 = CARTESIAN_POINT ( 'NONE',  ( -2.176600000236561527E-05, 0.003113208282445878439, 17.64821344838260586 ) ) ;
#3950 = ORIENTED_EDGE ( 'NONE', *, *, #2305, .T. ) ;
#3951 = CARTESIAN_POINT ( 'NONE',  ( 51.75388330100000189, 10.00450788341976782, -4.286150677568239864 ) ) ;
#3952 = ORIENTED_EDGE ( 'NONE', *, *, #555, .T. ) ;
#3953 = FACE_OUTER_BOUND ( 'NONE', #3728, .T. ) ;
#3954 = LINE ( 'NONE', #4013, #1027 ) ;
#3955 = EDGE_LOOP ( 'NONE', ( #3897, #3903 ) ) ;
#3956 = CARTESIAN_POINT ( 'NONE',  ( -59.25392378099999746, 10.00535944449375947, -10.14813311620424408 ) ) ;
#3957 = CARTESIAN_POINT ( 'NONE',  ( 184.9999812859999793, 206.7043464180590320, -0.1356263628894127660 ) ) ;
#3958 = FACE_OUTER_BOUND ( 'NONE', #1182, .T. ) ;
#3959 = CARTESIAN_POINT ( 'NONE',  ( 49.25388330100000189, 10.00358370297554877, 10.24884929381295073 ) ) ;
#3960 = ADVANCED_FACE ( 'NONE', ( #5231 ), #4374, .T. ) ;
#3961 = EDGE_LOOP ( 'NONE', ( #604, #1230, #260, #3595 ) ) ;
#3962 = VERTEX_POINT ( 'NONE', #118 ) ;
#3963 = VECTOR ( 'NONE', #235, 999.9999999999998863 ) ;
#3964 = VECTOR ( 'NONE', #4091, 999.9999999999998863 ) ;
#3965 = AXIS2_PLACEMENT_3D ( 'NONE', #908, #4244, #3887 ) ;
#3966 = CARTESIAN_POINT ( 'NONE',  ( -49.25392378099999036, 10.00439771465597438, -10.14813317739726628 ) ) ;
#3967 = CIRCLE ( 'NONE', #1824, 30.00000000000000000 ) ;
#3968 = AXIS2_PLACEMENT_3D ( 'NONE', #573, #2292, #4364 ) ;
#3969 = CYLINDRICAL_SURFACE ( 'NONE', #3931, 2.500000046250013153 ) ;
#3970 = CARTESIAN_POINT ( 'NONE',  ( 31.75388635400000581, 10.00487857957486604, -10.14813314680074186 ) ) ;
#3971 = APPROVAL_PERSON_ORGANIZATION ( #1211, #4093, #4243 ) ;
#3972 = DIRECTION ( 'NONE',  ( 1.000000000000000000, 0.000000000000000000, -5.551115020430157443E-15 ) ) ;
#3973 = EDGE_CURVE ( 'NONE', #498, #5276, #1468, .T. ) ;
#3974 = DIRECTION ( 'NONE',  ( 1.000000000000000000, 1.137978600240784444E-13, -2.237446339314883771E-12 ) ) ;
#3975 = FACE_OUTER_BOUND ( 'NONE', #2583, .T. ) ;
#3976 = VECTOR ( 'NONE', #2785, 999.9999999999998863 ) ;
#3977 = AXIS2_PLACEMENT_3D ( 'NONE', #2555, #1854, #3554 ) ;
#3978 = EDGE_CURVE ( 'NONE', #1738, #4540, #5284, .T. ) ;
#3979 = ORIENTED_EDGE ( 'NONE', *, *, #4589, .F. ) ;
#3980 = AXIS2_PLACEMENT_3D ( 'NONE', #1084, #3569, #4019 ) ;
#3981 = CYLINDRICAL_SURFACE ( 'NONE', #1606, 1.650000030519999328 ) ;
#3982 = CARTESIAN_POINT ( 'NONE',  ( -31.75392683300001906, 10.00358370297554877, 10.24884929381295073 ) ) ;
#3983 = ORIENTED_EDGE ( 'NONE', *, *, #5359, .F. ) ;
#3984 = DIRECTION ( 'NONE',  ( 0.9999999815015170324, -0.0001923459527769546249, -1.222995891984413350E-08 ) ) ;
#3985 = AXIS2_PLACEMENT_3D ( 'NONE', #2243, #4430, #3940 ) ;
#3986 = VERTEX_POINT ( 'NONE', #2345 ) ;
#3987 = CARTESIAN_POINT ( 'NONE',  ( -90.00002176600000325, 20.00520177688847667, -15.19900597855633428 ) ) ;
#3988 = LINE ( 'NONE', #1860, #1383 ) ;
#3989 = AXIS2_PLACEMENT_3D ( 'NONE', #4181, #5415, #4530 ) ;
#3990 = CARTESIAN_POINT ( 'NONE',  ( 29.25388635400000226, 10.00376188364359997, -0.1481331975506094967 ) ) ;
#3991 = DIRECTION ( 'NONE',  ( 2.237515728248475083E-12, -6.358310602959382773E-05, 0.9999999979785942905 ) ) ;
#3992 = FACE_BOUND ( 'NONE', #5107, .T. ) ;
#3993 = FACE_OUTER_BOUND ( 'NONE', #4810, .T. ) ;
#3994 = EDGE_LOOP ( 'NONE', ( #2421, #3513, #2928, #4789 ) ) ;
#3995 = AXIS2_PLACEMENT_3D ( 'NONE', #703, #4541, #4131 ) ;
#3996 = ORIENTED_EDGE ( 'NONE', *, *, #5194, .T. ) ;
#3997 = EDGE_CURVE ( 'NONE', #922, #450, #4396, .T. ) ;
#3998 = DIRECTION ( 'NONE',  ( -5.773159728048290444E-15, 6.358310602959382773E-05, -0.9999999979785942905 ) ) ;
#3999 = CARTESIAN_POINT ( 'NONE',  ( 182.4999812859999793, 226.7054630741631058, -10.13435465053907869 ) ) ;
#4000 = CARTESIAN_POINT ( 'NONE',  ( 11.31346231799998314, 20.00495478455578535, -11.31444774597739666 ) ) ;
#4001 = FACE_OUTER_BOUND ( 'NONE', #1697, .T. ) ;
#4002 = ADVANCED_FACE ( 'NONE', ( #4868, #5177, #1919, #4018, #3188, #4796, #3992, #4042, #4847, #2789, #4450, #1083, #3958 ), #3212, .T. ) ;
#4003 = VERTEX_POINT ( 'NONE', #1839 ) ;
#4004 = CARTESIAN_POINT ( 'NONE',  ( -187.5000187136000136, 196.7048272993211526, -0.1362621634166949480 ) ) ;
#4005 = EDGE_CURVE ( 'NONE', #2779, #3397, #2911, .T. ) ;
#4006 = FACE_OUTER_BOUND ( 'NONE', #3747, .T. ) ;
#4007 = ORIENTED_EDGE ( 'NONE', *, *, #1012, .T. ) ;
#4008 = CARTESIAN_POINT ( 'NONE',  ( 89.99997823399996832, 20.00489648204528592, -10.39749714369816935 ) ) ;
#4009 = CIRCLE ( 'NONE', #269, 2.500000046250006047 ) ;
#4010 = ORIENTED_EDGE ( 'NONE', *, *, #1687, .T. ) ;
#4011 = CARTESIAN_POINT ( 'NONE',  ( -185.0000187136000136, 166.7059440552181400, -10.13816960557928404 ) ) ;
#4012 = CARTESIAN_POINT ( 'NONE',  ( -185.0000187136000136, 238.4053825311040384, 9.866389307576660883 ) ) ;
#4013 = CARTESIAN_POINT ( 'NONE',  ( 41.75388330099999479, 10.00450788341976782, -4.286150677568239864 ) ) ;
#4014 = EDGE_CURVE ( 'NONE', #4682, #1237, #2709, .T. ) ;
#4015 = DIRECTION ( 'NONE',  ( 2.237515728248475083E-12, -6.358310602959382773E-05, 0.9999999979785942905 ) ) ;
#4016 = CYLINDRICAL_SURFACE ( 'NONE', #2546, 1.650000030520000216 ) ;
#4017 = CIRCLE ( 'NONE', #989, 2.500000000000002220 ) ;
#4018 = FACE_BOUND ( 'NONE', #4684, .T. ) ;
#4019 = DIRECTION ( 'NONE',  ( 1.000000000000000000, 0.000000000000000000, -2.237099394619688409E-12 ) ) ;
#4020 = ORIENTED_EDGE ( 'NONE', *, *, #1169, .F. ) ;
#4021 = EDGE_LOOP ( 'NONE', ( #475, #3842, #4609, #5407 ) ) ;
#4022 = CARTESIAN_POINT ( 'NONE',  ( 61.75388330100000900, 10.00358370297554877, 10.24884929381295073 ) ) ;
#4023 = DIRECTION ( 'NONE',  ( 1.000000000000000000, 1.135455345091426822E-13, 0.000000000000000000 ) ) ;
#4024 = PERSON_AND_ORGANIZATION_ROLE ( 'classification_officer' ) ;
#4025 = CARTESIAN_POINT ( 'NONE',  ( 12.48041292200000107, 0.005028994903961969687, -12.48222117922012586 ) ) ;
#4026 = FACE_BOUND ( 'NONE', #2039, .T. ) ;
#4027 = AXIS2_PLACEMENT_3D ( 'NONE', #5153, #4750, #3972 ) ;
#4028 = VERTEX_POINT ( 'NONE', #2299 ) ;
#4029 = LINE ( 'NONE', #2865, #3309 ) ;
#4030 = DIRECTION ( 'NONE',  ( 1.000000000000000000, 0.000000000000000000, -2.237793284010079132E-12 ) ) ;
#4031 = ORIENTED_EDGE ( 'NONE', *, *, #3151, .T. ) ;
#4032 = ADVANCED_FACE ( 'NONE', ( #5254 ), #176, .F. ) ;
#4033 = FACE_BOUND ( 'NONE', #1271, .T. ) ;
#4034 = ORIENTED_EDGE ( 'NONE', *, *, #1244, .T. ) ;
#4035 = CARTESIAN_POINT ( 'NONE',  ( 69.25388330100001610, 10.00358370297554877, 10.24884929381295073 ) ) ;
#4036 = CARTESIAN_POINT ( 'NONE',  ( -195.0000187136000136, 139.0539076014262605, -10.13992780861688914 ) ) ;
#4037 = CARTESIAN_POINT ( 'NONE',  ( -182.5000187135999852, 196.7048272993211526, -0.1362621634166949480 ) ) ;
#4038 = EDGE_CURVE ( 'NONE', #1117, #3544, #1030, .T. ) ;
#4039 = CARTESIAN_POINT ( 'NONE',  ( -185.0000187136000136, 226.7043463737373656, -0.1343547010660139929 ) ) ;
#4040 = EDGE_CURVE ( 'NONE', #1190, #3786, #1550, .T. ) ;
#4041 = DIRECTION ( 'NONE',  ( -1.139704650099660056E-13, 0.9999999979785942905, 6.358310602959382773E-05 ) ) ;
#4042 = FACE_BOUND ( 'NONE', #4549, .T. ) ;
#4043 = EDGE_LOOP ( 'NONE', ( #4213, #5162 ) ) ;
#4044 = ORIENTED_EDGE ( 'NONE', *, *, #4629, .F. ) ;
#4045 = LINE ( 'NONE', #1927, #2829 ) ;
#4046 = DIRECTION ( 'NONE',  ( -5.773159728048290444E-15, 6.358310602959382773E-05, -0.9999999979785942905 ) ) ;
#4047 = VERTEX_POINT ( 'NONE', #5370 ) ;
#4048 = AXIS2_PLACEMENT_3D ( 'NONE', #1056, #2034, #3293 ) ;
#4049 = FACE_OUTER_BOUND ( 'NONE', #1934, .T. ) ;
#4050 = CARTESIAN_POINT ( 'NONE',  ( 51.75388330100000189, 10.00489650233323324, -10.39813297401637193 ) ) ;
#4051 = CIRCLE ( 'NONE', #5438, 2.500000000000002220 ) ;
#4052 = EDGE_LOOP ( 'NONE', ( #3464, #4480 ) ) ;
#4053 = DIRECTION ( 'NONE',  ( -1.136868377219662335E-13, 0.9999999979785944015, 6.358310602959384129E-05 ) ) ;
#4054 = FACE_OUTER_BOUND ( 'NONE', #57, .T. ) ;
#4055 = VECTOR ( 'NONE', #4734, 999.9999999999998863 ) ;
#4056 = DIRECTION ( 'NONE',  ( -5.773159728048290444E-15, 6.358310602959382773E-05, -0.9999999979785942905 ) ) ;
#4057 = ORIENTED_EDGE ( 'NONE', *, *, #1293, .T. ) ;
#4058 = EDGE_LOOP ( 'NONE', ( #3624, #1412, #750, #768 ) ) ;
#4059 = CARTESIAN_POINT ( 'NONE',  ( -2.176600000236561527E-05, 20.00463598315445424, -6.300514842622117584 ) ) ;
#4060 = CIRCLE ( 'NONE', #1827, 6.300000000770000774 ) ;
#4061 = EDGE_CURVE ( 'NONE', #4523, #2531, #1950, .T. ) ;
#4062 = ORIENTED_EDGE ( 'NONE', *, *, #4769, .T. ) ;
#4063 = EDGE_LOOP ( 'NONE', ( #3640, #1731 ) ) ;
#4064 = CARTESIAN_POINT ( 'NONE',  ( 49.25388635400002357, 10.00439771465597438, -10.14813317739726628 ) ) ;
#4065 = DIRECTION ( 'NONE',  ( 1.000000000000000000, 0.000000000000000000, -2.237793284010079132E-12 ) ) ;
#4066 = DIRECTION ( 'NONE',  ( 2.237515728249334980E-12, -6.358310602959382773E-05, 0.9999999979785942905 ) ) ;
#4067 = AXIS2_PLACEMENT_3D ( 'NONE', #3775, #5443, #1660 ) ;
#4068 = DIRECTION ( 'NONE',  ( -5.781254167564180399E-15, 6.358310602959382773E-05, -0.9999999979785942905 ) ) ;
#4069 = EDGE_CURVE ( 'NONE', #5025, #2045, #3516, .T. ) ;
#4070 = FACE_OUTER_BOUND ( 'NONE', #1437, .T. ) ;
#4071 = AXIS2_PLACEMENT_3D ( 'NONE', #3574, #2304, #1015 ) ;
#4072 = FACE_BOUND ( 'NONE', #359, .T. ) ;
#4073 = EDGE_CURVE ( 'NONE', #3342, #2050, #143, .T. ) ;
#4074 = ORIENTED_EDGE ( 'NONE', *, *, #3628, .T. ) ;
#4075 = VERTEX_POINT ( 'NONE', #1163 ) ;
#4076 = CIRCLE ( 'NONE', #873, 2.500000000000002220 ) ;
#4077 = DIRECTION ( 'NONE',  ( 5.684341886078310580E-15, -6.358310602959384129E-05, 0.9999999979785944015 ) ) ;
#4078 = CIRCLE ( 'NONE', #5374, 2.500000000000002220 ) ;
#4079 = DIRECTION ( 'NONE',  ( 1.000000000000000000, 0.000000000000000000, -2.237793284010079132E-12 ) ) ;
#4080 = ORIENTED_EDGE ( 'NONE', *, *, #1000, .F. ) ;
#4081 = DIRECTION ( 'NONE',  ( -2.237690279189335060E-12, 6.358310602959384129E-05, -0.9999999979785944015 ) ) ;
#4082 = ORIENTED_EDGE ( 'NONE', *, *, #875, .T. ) ;
#4083 = LINE ( 'NONE', #4004, #2329 ) ;
#4084 = CARTESIAN_POINT ( 'NONE',  ( 49.25388635400002357, 10.00472361338150584, -0.1481331363527016443 ) ) ;
#4085 = CARTESIAN_POINT ( 'NONE',  ( -49.25392683300000840, 10.00489650223335403, -10.39813297401140346 ) ) ;
#4086 = ORIENTED_EDGE ( 'NONE', *, *, #4725, .T. ) ;
#4087 = EDGE_LOOP ( 'NONE', ( #1150, #1049, #890, #1540 ) ) ;
#4088 = EDGE_LOOP ( 'NONE', ( #1263, #347, #2774, #3296 ) ) ;
#4089 = EDGE_LOOP ( 'NONE', ( #1139, #1809, #1021, #4767 ) ) ;
#4090 = CYLINDRICAL_SURFACE ( 'NONE', #2290, 2.500000046250013153 ) ;
#4091 = DIRECTION ( 'NONE',  ( -4.504606788748660933E-11, 0.9999999979785944015, 6.358310602959384129E-05 ) ) ;
#4092 = DIRECTION ( 'NONE',  ( 5.684341886078310580E-15, -6.358310602959384129E-05, 0.9999999979785944015 ) ) ;
#4093 = APPROVAL ( #5433, 'UNSPECIFIED' ) ;
#4094 = LINE ( 'NONE', #2788, #124 ) ;
#4095 = CYLINDRICAL_SURFACE ( 'NONE', #2366, 2.500000046249998942 ) ;
#4096 = ORIENTED_EDGE ( 'NONE', *, *, #600, .F. ) ;
#4097 = EDGE_LOOP ( 'NONE', ( #1290, #1794, #1101, #1127 ) ) ;
#4098 = ADVANCED_FACE ( 'NONE', ( #4506 ), #3648, .F. ) ;
#4099 = AXIS2_PLACEMENT_3D ( 'NONE', #1564, #3280, #4486 ) ;
#4100 = FACE_BOUND ( 'NONE', #4463, .T. ) ;
#4101 = VECTOR ( 'NONE', #3146, 999.9999999999998863 ) ;
#4102 = CARTESIAN_POINT ( 'NONE',  ( 174.9999812860000361, 139.0539076059702666, -10.13992780784109193 ) ) ;
#4103 = ORIENTED_EDGE ( 'NONE', *, *, #600, .T. ) ;
#4104 = ADVANCED_FACE ( 'NONE', ( #5419 ), #2909, .F. ) ;
#4105 = DIRECTION ( 'NONE',  ( 1.000000000000000000, 1.138245750166881611E-13, 2.294480915981978272E-12 ) ) ;
#4106 = DIRECTION ( 'NONE',  ( 3.361307025609000547E-15, -0.9999999979785944015, -6.358310602959384129E-05 ) ) ;
#4107 = ORIENTED_EDGE ( 'NONE', *, *, #4174, .F. ) ;
#4108 = DIRECTION ( 'NONE',  ( 1.000000000000000000, 4.498840259331656151E-11, 9.068782481792256856E-10 ) ) ;
#4109 = CARTESIAN_POINT ( 'NONE',  ( 194.9999812859999793, 238.4053825350991929, 9.866389307378486961 ) ) ;
#4110 = FACE_OUTER_BOUND ( 'NONE', #1801, .T. ) ;
#4111 = ORIENTED_EDGE ( 'NONE', *, *, #5252, .T. ) ;
#4112 = ORIENTED_EDGE ( 'NONE', *, *, #5344, .T. ) ;
#4113 = AXIS2_PLACEMENT_3D ( 'NONE', #2630, #1868, #514 ) ;
#4114 = EDGE_LOOP ( 'NONE', ( #3404, #3642, #2906, #3137 ) ) ;
#4115 = AXIS2_PLACEMENT_3D ( 'NONE', #3632, #3218, #4514 ) ;
#4116 = VERTEX_POINT ( 'NONE', #3348 ) ;
#4117 = CARTESIAN_POINT ( 'NONE',  ( 41.75388330099999479, 10.00489650233323324, -10.39813297401637193 ) ) ;
#4118 = LINE ( 'NONE', #1129, #3976 ) ;
#4119 = VERTEX_POINT ( 'NONE', #5309 ) ;
#4120 = DIRECTION ( 'NONE',  ( -5.625450434769999568E-15, -0.04954705606199365231, -0.9987717903683451803 ) ) ;
#4121 = DIRECTION ( 'NONE',  ( -0.9999999815015170324, 0.0001923459527429540448, 1.222995893068615522E-08 ) ) ;
#4122 = CARTESIAN_POINT ( 'NONE',  ( 187.4999812859999793, 206.7041914518656824, 9.864373647558599245 ) ) ;
#4123 = AXIS2_PLACEMENT_3D ( 'NONE', #787, #2489, #94 ) ;
#4124 = ORIENTED_EDGE ( 'NONE', *, *, #1137, .T. ) ;
#4125 = EDGE_LOOP ( 'NONE', ( #1013, #5445, #10, #533 ) ) ;
#4126 = VECTOR ( 'NONE', #2018, 999.9999999999998863 ) ;
#4127 = CARTESIAN_POINT ( 'NONE',  ( 2.101400001230935288E-05, 10.00423543455110753, -0.001224782273379076969 ) ) ;
#4128 = ADVANCED_FACE ( 'NONE', ( #748 ), #4095, .F. ) ;
#4129 = FACE_OUTER_BOUND ( 'NONE', #4646, .T. ) ;
#4130 = ORIENTED_EDGE ( 'NONE', *, *, #827, .F. ) ;
#4131 = DIRECTION ( 'NONE',  ( 1.000000000000000000, 0.000000000000000000, -5.782411586589357244E-15 ) ) ;
#4132 = DIRECTION ( 'NONE',  ( -1.139704650099660056E-13, 0.9999999979785942905, 6.358310602959382773E-05 ) ) ;
#4133 = EDGE_CURVE ( 'NONE', #2287, #1117, #3672, .T. ) ;
#4134 = ADVANCED_FACE ( 'NONE', ( #696 ), #1136, .T. ) ;
#4135 = ORIENTED_EDGE ( 'NONE', *, *, #906, .F. ) ;
#4136 = DIRECTION ( 'NONE',  ( -2.237690279189335060E-12, 6.358310602959384129E-05, -0.9999999979785944015 ) ) ;
#4137 = FACE_OUTER_BOUND ( 'NONE', #5353, .T. ) ;
#4138 = DIRECTION ( 'NONE',  ( -5.796132673426700629E-15, 6.358310602959382773E-05, -0.9999999979785942905 ) ) ;
#4139 = CARTESIAN_POINT ( 'NONE',  ( 5.918100001722770287E-05, 10.00423542984544412, -0.001150685033285414605 ) ) ;
#4140 = VERTEX_POINT ( 'NONE', #4122 ) ;
#4141 = ADVANCED_FACE ( 'NONE', ( #1523 ), #1192, .F. ) ;
#4142 = FACE_OUTER_BOUND ( 'NONE', #1742, .T. ) ;
#4143 = AXIS2_PLACEMENT_3D ( 'NONE', #4724, #932, #2631 ) ;
#4144 = CIRCLE ( 'NONE', #1728, 1.650000030520000216 ) ;
#4145 = ORIENTED_EDGE ( 'NONE', *, *, #5327, .T. ) ;
#4146 = ORIENTED_EDGE ( 'NONE', *, *, #1960, .T. ) ;
#4147 = CARTESIAN_POINT ( 'NONE',  ( -195.0000187136000136, 139.0526359393016094, 9.860072151081311631 ) ) ;
#4148 = AXIS2_PLACEMENT_3D ( 'NONE', #2037, #3268, #806 ) ;
#4149 = CARTESIAN_POINT ( 'NONE',  ( -185.0000187136000136, 216.7046722928011491, 9.865009508656624959 ) ) ;
#4150 = DIRECTION ( 'NONE',  ( 1.000000000000000000, 0.000000000000000000, -2.237099394619688409E-12 ) ) ;
#4151 = APPROVAL_PERSON_ORGANIZATION ( #2308, #478, #2719 ) ;
#4152 = ORIENTED_EDGE ( 'NONE', *, *, #3391, .F. ) ;
#4153 = DIRECTION ( 'NONE',  ( -1.139704650099660056E-13, 0.9999999979785942905, 6.358310602959382773E-05 ) ) ;
#4154 = AXIS2_PLACEMENT_3D ( 'NONE', #775, #361, #2056 ) ;
#4155 = DIRECTION ( 'NONE',  ( -5.765643825262320359E-15, 6.358310602959382773E-05, -0.9999999979785942905 ) ) ;
#4156 = CIRCLE ( 'NONE', #332, 27.25000000009999823 ) ;
#4157 = EDGE_LOOP ( 'NONE', ( #1967, #4477, #936, #4940 ) ) ;
#4158 = VERTEX_POINT ( 'NONE', #306 ) ;
#4159 = AXIS2_PLACEMENT_3D ( 'NONE', #2151, #1719, #3457 ) ;
#4160 = DIRECTION ( 'NONE',  ( -2.237690279189335060E-12, 6.358310602959384129E-05, -0.9999999979785944015 ) ) ;
#4161 = FACE_BOUND ( 'NONE', #3877, .T. ) ;
#4162 = EDGE_LOOP ( 'NONE', ( #901, #4175 ) ) ;
#4163 = AXIS2_PLACEMENT_3D ( 'NONE', #662, #2372, #253 ) ;
#4164 = ADVANCED_FACE ( 'NONE', ( #1632, #2824, #2007, #3704, #4072, #5002 ), #1223, .T. ) ;
#4165 = CYLINDRICAL_SURFACE ( 'NONE', #999, 2.500000046249998942 ) ;
#4166 = ORIENTED_EDGE ( 'NONE', *, *, #5043, .T. ) ;
#4167 = CYLINDRICAL_SURFACE ( 'NONE', #374, 2.500000000000002220 ) ;
#4168 = DIRECTION ( 'NONE',  ( -1.139704650099660056E-13, 0.9999999979785942905, 6.358310602959382773E-05 ) ) ;
#4169 = DIRECTION ( 'NONE',  ( 5.684341886078310580E-15, -6.358310602959384129E-05, 0.9999999979785944015 ) ) ;
#4170 = ORIENTED_EDGE ( 'NONE', *, *, #462, .T. ) ;
#4171 = EDGE_LOOP ( 'NONE', ( #705, #1460, #1334, #2317 ) ) ;
#4172 = CARTESIAN_POINT ( 'NONE',  ( 39.25388330100002321, 10.00450788341976782, -4.286150677568239864 ) ) ;
#4173 = EDGE_CURVE ( 'NONE', #3745, #4774, #4654, .T. ) ;
#4174 = EDGE_CURVE ( 'NONE', #2979, #4419, #1744, .T. ) ;
#4175 = ORIENTED_EDGE ( 'NONE', *, *, #4694, .F. ) ;
#4176 = VERTEX_POINT ( 'NONE', #3400 ) ;
#4177 = CARTESIAN_POINT ( 'NONE',  ( -187.5000187136000136, 186.7048273194596675, -0.1368979947287130017 ) ) ;
#4178 = DIRECTION ( 'NONE',  ( 0.9999999815015170324, -0.0001923459528151174572, -1.222995893068608574E-08 ) ) ;
#4179 = CARTESIAN_POINT ( 'NONE',  ( -187.5000187136000136, 206.7054631094958665, -10.13562631191661190 ) ) ;
#4180 = ORIENTED_EDGE ( 'NONE', *, *, #220, .F. ) ;
#4181 = CARTESIAN_POINT ( 'NONE',  ( -145.0000187095999991, 50.00424266518227512, -0.1455898425671564578 ) ) ;
#4182 = ORIENTED_EDGE ( 'NONE', *, *, #1886, .T. ) ;
#4183 = DIRECTION ( 'NONE',  ( 2.553353779099240434E-15, -0.9999999979785944015, -6.358310602959384129E-05 ) ) ;
#4184 = ORIENTED_EDGE ( 'NONE', *, *, #3997, .T. ) ;
#4185 = DIRECTION ( 'NONE',  ( 0.6792097365620126670, 4.666645395006750806E-05, -0.7339442292038295124 ) ) ;
#4186 = DIRECTION ( 'NONE',  ( 1.000000000000000000, 0.000000000000000000, -5.551115020430157443E-15 ) ) ;
#4187 = EDGE_LOOP ( 'NONE', ( #2975, #2765 ) ) ;
#4188 = EDGE_LOOP ( 'NONE', ( #296, #196 ) ) ;
#4189 = AXIS2_PLACEMENT_3D ( 'NONE', #3715, #2926, #4985 ) ;
#4190 = CARTESIAN_POINT ( 'NONE',  ( -187.5000187136000136, 176.7048273395981539, -0.1375338260407032998 ) ) ;
#4191 = ORIENTED_EDGE ( 'NONE', *, *, #1881, .F. ) ;
#4192 = CARTESIAN_POINT ( 'NONE',  ( -140.0000187136000136, 0.003606935391455012851, 9.851230981694437006 ) ) ;
#4193 = ADVANCED_FACE ( 'NONE', ( #2174 ), #2532, .F. ) ;
#4194 = CARTESIAN_POINT ( 'NONE',  ( 51.75388330199998421, 10.00296376767125395, 19.99884927366613141 ) ) ;
#4195 = ORIENTED_EDGE ( 'NONE', *, *, #1917, .F. ) ;
#4196 = ORIENTED_EDGE ( 'NONE', *, *, #4173, .F. ) ;
#4197 = ORIENTED_EDGE ( 'NONE', *, *, #4040, .T. ) ;
#4198 = EDGE_LOOP ( 'NONE', ( #2336, #5169, #1625, #3144 ) ) ;
#4199 = LINE ( 'NONE', #416, #2278 ) ;
#4200 = DIRECTION ( 'NONE',  ( 0.000000000000000000, 6.358310602959384129E-05, -0.9999999979785944015 ) ) ;
#4201 = EDGE_CURVE ( 'NONE', #3596, #1512, #1272, .T. ) ;
#4202 = EDGE_LOOP ( 'NONE', ( #4170, #1526, #4428, #501 ) ) ;
#4203 = CARTESIAN_POINT ( 'NONE',  ( 2.101400001230935288E-05, 0.004235454739182076267, -0.001860612586612742092 ) ) ;
#4204 = EDGE_CURVE ( 'NONE', #3382, #1356, #4482, .T. ) ;
#4205 = PRODUCT ( 'Link3RightSide_Default_sldprt', 'Link3RightSide_Default_sldprt', '', ( #4267 ) ) ;
#4206 = EDGE_CURVE ( 'NONE', #3279, #741, #410, .T. ) ;
#4207 = ADVANCED_FACE ( 'NONE', ( #3454 ), #87, .F. ) ;
#4208 = ORIENTED_EDGE ( 'NONE', *, *, #4555, .F. ) ;
#4209 = VERTEX_POINT ( 'NONE', #3785 ) ;
#4210 = EDGE_CURVE ( 'NONE', #2040, #259, #5172, .T. ) ;
#4211 = DIRECTION ( 'NONE',  ( -5.773159728048290444E-15, 6.358310602959382773E-05, -0.9999999979785942905 ) ) ;
#4212 = DIRECTION ( 'NONE',  ( 5.684341886078310580E-15, -6.358310602959384129E-05, 0.9999999979785944015 ) ) ;
#4213 = ORIENTED_EDGE ( 'NONE', *, *, #3621, .F. ) ;
#4214 = ORIENTED_EDGE ( 'NONE', *, *, #5424, .F. ) ;
#4215 = DIRECTION ( 'NONE',  ( -5.773159728048290444E-15, 6.358310602959382773E-05, -0.9999999979785942905 ) ) ;
#4216 = CARTESIAN_POINT ( 'NONE',  ( 184.9999812859999793, 176.7046723774494410, 9.862466185207946268 ) ) ;
#4217 = ORIENTED_EDGE ( 'NONE', *, *, #497, .T. ) ;
#4218 = CARTESIAN_POINT ( 'NONE',  ( 182.4999812859999793, 166.7054631950933299, -10.13816963641359159 ) ) ;
#4219 = ORIENTED_EDGE ( 'NONE', *, *, #3463, .F. ) ;
#4220 = CARTESIAN_POINT ( 'NONE',  ( -145.0000187095999991, 50.00360683411995666, 9.854410137281943705 ) ) ;
#4221 = DIRECTION ( 'NONE',  ( 1.000000000000000000, 0.000000000000000000, -2.237099394619691641E-12 ) ) ;
#4222 = VERTEX_POINT ( 'NONE', #2122 ) ;
#4223 = CARTESIAN_POINT ( 'NONE',  ( 144.9999812919999727, 20.00424273896062033, -0.1474973351635877616 ) ) ;
#4224 = EDGE_CURVE ( 'NONE', #2955, #120, #1666, .T. ) ;
#4225 = VECTOR ( 'NONE', #4658, 1000.000000000000000 ) ;
#4226 = LOCAL_TIME ( 14, 57, 17.00000000000000000, #819 ) ;
#4227 = DIRECTION ( 'NONE',  ( -1.139704650099660056E-13, 0.9999999979785942905, 6.358310602959382773E-05 ) ) ;
#4228 = DIRECTION ( 'NONE',  ( -2.237690279189335060E-12, 6.358310602959384129E-05, -0.9999999979785944015 ) ) ;
#4229 = VERTEX_POINT ( 'NONE', #3376 ) ;
#4230 = CIRCLE ( 'NONE', #5000, 2.500000046250006047 ) ;
#4231 = ORIENTED_EDGE ( 'NONE', *, *, #3756, .F. ) ;
#4232 = EDGE_CURVE ( 'NONE', #1857, #4075, #2633, .T. ) ;
#4233 = CIRCLE ( 'NONE', #2913, 2.500000000000002220 ) ;
#4234 = CARTESIAN_POINT ( 'NONE',  ( 36.75388330100001610, 10.00450788341976782, -4.286150677568239864 ) ) ;
#4235 = AXIS2_PLACEMENT_3D ( 'NONE', #2149, #5109, #2563 ) ;
#4236 = EDGE_CURVE ( 'NONE', #4744, #3472, #4254, .T. ) ;
#4237 = CARTESIAN_POINT ( 'NONE',  ( 49.25388330100000189, 10.00358370297554877, 10.24884929381295073 ) ) ;
#4238 = FACE_BOUND ( 'NONE', #2677, .T. ) ;
#4239 = ORIENTED_EDGE ( 'NONE', *, *, #5185, .T. ) ;
#4240 = CARTESIAN_POINT ( 'NONE',  ( 41.75388330199999842, 10.00296376767125395, 19.99884927366613141 ) ) ;
#4241 = CIRCLE ( 'NONE', #2558, 2.500000046250006047 ) ;
#4242 = CARTESIAN_POINT ( 'NONE',  ( -20.00001871399997810, 20.00360689501453848, 9.852502644323385184 ) ) ;
#4243 = APPROVAL_ROLE ( '' ) ;
#4244 = DIRECTION ( 'NONE',  ( 2.237515728249336999E-12, -6.358310602959384129E-05, 0.9999999979785944015 ) ) ;
#4245 = EDGE_LOOP ( 'NONE', ( #4808, #4895 ) ) ;
#4246 = CARTESIAN_POINT ( 'NONE',  ( 18.50778836899999291, 10.00296376772080009, 19.99884927466488804 ) ) ;
#4247 = CIRCLE ( 'NONE', #255, 2.500000046249998942 ) ;
#4248 = ORIENTED_EDGE ( 'NONE', *, *, #1907, .T. ) ;
#4249 = DIRECTION ( 'NONE',  ( 1.000000000000000000, 2.834449994360237887E-15, -5.772979516591107471E-15 ) ) ;
#4250 = AXIS2_PLACEMENT_3D ( 'NONE', #4874, #1959, #4105 ) ;
#4251 = ORIENTED_EDGE ( 'NONE', *, *, #2474, .F. ) ;
#4252 = CARTESIAN_POINT ( 'NONE',  ( -12.48045645399997738, 20.00502895442716778, -12.48094951658618257 ) ) ;
#4253 = EDGE_LOOP ( 'NONE', ( #4706, #3693, #1978, #295 ) ) ;
#4254 = LINE ( 'NONE', #3076, #4995 ) ;
#4255 = CARTESIAN_POINT ( 'NONE',  ( 46.75388330100000189, 10.00358370297554877, 10.24884929381295073 ) ) ;
#4256 = CC_DESIGN_PERSON_AND_ORGANIZATION_ASSIGNMENT ( #1017, #4803, ( #3878 ) ) ;
#4257 = LINE ( 'NONE', #4685, #3105 ) ;
#4258 = ORIENTED_EDGE ( 'NONE', *, *, #1199, .T. ) ;
#4259 = CARTESIAN_POINT ( 'NONE',  ( 41.75388330099999479, 10.00550709197007038, -20.00115064473145665 ) ) ;
#4260 = CARTESIAN_POINT ( 'NONE',  ( -49.25392683300000840, 10.00358370297554877, 10.24884929381295073 ) ) ;
#4261 = CYLINDRICAL_SURFACE ( 'NONE', #921, 2.500000000000002220 ) ;
#4262 = EDGE_CURVE ( 'NONE', #2871, #3229, #2812, .T. ) ;
#4263 = VERTEX_POINT ( 'NONE', #4634 ) ;
#4264 = LINE ( 'NONE', #456, #2690 ) ;
#4265 = ADVANCED_FACE ( 'NONE', ( #4683 ), #833, .F. ) ;
#4266 = ADVANCED_FACE ( 'NONE', ( #3019 ), #891, .F. ) ;
#4267 = MECHANICAL_CONTEXT ( 'NONE', #2487, 'mechanical' ) ;
#4268 = FACE_BOUND ( 'NONE', #4701, .T. ) ;
#4269 = EDGE_LOOP ( 'NONE', ( #4217, #4882, #636, #5121 ) ) ;
#4270 = DIRECTION ( 'NONE',  ( 2.237515728249334980E-12, -6.358310602959382773E-05, 0.9999999979785942905 ) ) ;
#4271 = EDGE_CURVE ( 'NONE', #1516, #3300, #5204, .T. ) ;
#4272 = CIRCLE ( 'NONE', #1869, 1.650000030520000216 ) ;
#4273 = AXIS2_PLACEMENT_3D ( 'NONE', #2135, #5037, #1342 ) ;
#4274 = ORIENTED_EDGE ( 'NONE', *, *, #1332, .F. ) ;
#4275 = FACE_OUTER_BOUND ( 'NONE', #1974, .T. ) ;
#4276 = EDGE_LOOP ( 'NONE', ( #2666, #2392, #1626, #2255 ) ) ;
#4277 = DIRECTION ( 'NONE',  ( 1.000000000000000000, 1.141181002970365858E-13, -2.237793520288378741E-12 ) ) ;
#4278 = VECTOR ( 'NONE', #1537, 999.9999999999998863 ) ;
#4279 = VERTEX_POINT ( 'NONE', #4791 ) ;
#4280 = CARTESIAN_POINT ( 'NONE',  ( -61.75392378100000457, 10.00424274846260708, -0.1481331669491714464 ) ) ;
#4281 = VECTOR ( 'NONE', #4983, 999.9999999999998863 ) ;
#4282 = CARTESIAN_POINT ( 'NONE',  ( 142.4999812889999760, 20.00487856987312085, -10.14749731500527652 ) ) ;
#4283 = ORIENTED_EDGE ( 'NONE', *, *, #3392, .F. ) ;
#4284 = FACE_OUTER_BOUND ( 'NONE', #2645, .T. ) ;
#4285 = CARTESIAN_POINT ( 'NONE',  ( -20.00001871399997810, 0.003606935391455012851, 9.851230981694437006 ) ) ;
#4286 = CARTESIAN_POINT ( 'NONE',  ( -182.5000187135999852, 176.7041915082862147, 9.862466153820776071 ) ) ;
#4287 = VERTEX_POINT ( 'NONE', #2229 ) ;
#4288 = AXIS2_PLACEMENT_3D ( 'NONE', #1897, #2013, #4079 ) ;
#4289 = DIRECTION ( 'NONE',  ( 2.237515728249334980E-12, -6.358310602959382773E-05, 0.9999999979785942905 ) ) ;
#4290 = CARTESIAN_POINT ( 'NONE',  ( -69.25392378100001167, 10.00535944449375947, -10.14813311620424408 ) ) ;
#4291 = ORIENTED_EDGE ( 'NONE', *, *, #2716, .F. ) ;
#4292 = EDGE_CURVE ( 'NONE', #5385, #1323, #3087, .T. ) ;
#4293 = DIRECTION ( 'NONE',  ( -1.139704650099660056E-13, 0.9999999979785942905, 6.358310602959382773E-05 ) ) ;
#4294 = DIRECTION ( 'NONE',  ( 1.000000000000000000, 0.000000000000000000, -2.237099394619688409E-12 ) ) ;
#4295 = CARTESIAN_POINT ( 'NONE',  ( -59.25392683300001551, 10.00489650223335403, -10.39813297401140346 ) ) ;
#4296 = DIRECTION ( 'NONE',  ( 5.684341886078310580E-15, -6.358310602959384129E-05, 0.9999999979785944015 ) ) ;
#4297 = DIRECTION ( 'NONE',  ( 1.000000000000000000, 0.000000000000000000, -2.237099394619688409E-12 ) ) ;
#4298 = EDGE_CURVE ( 'NONE', #2180, #2779, #1495, .T. ) ;
#4299 = ORIENTED_EDGE ( 'NONE', *, *, #1267, .F. ) ;
#4300 = CARTESIAN_POINT ( 'NONE',  ( 187.4999812859999793, 166.7041915334681050, 9.861830323259795250 ) ) ;
#4301 = EDGE_CURVE ( 'NONE', #1452, #1662, #324, .T. ) ;
#4302 = EDGE_LOOP ( 'NONE', ( #2609, #5257 ) ) ;
#4303 = CARTESIAN_POINT ( 'NONE',  ( -11.31395467999998772, 20.00495475605915630, -11.31399891530734969 ) ) ;
#4304 = EDGE_LOOP ( 'NONE', ( #1957, #2870 ) ) ;
#4305 = AXIS2_PLACEMENT_3D ( 'NONE', #5389, #1602, #3749 ) ;
#4306 = DIRECTION ( 'NONE',  ( -4.504606788748660933E-11, 0.9999999979785944015, 6.358310602959384129E-05 ) ) ;
#4307 = CIRCLE ( 'NONE', #3514, 1.650000030520000216 ) ;
#4308 = AXIS2_PLACEMENT_3D ( 'NONE', #3739, #4132, #1144 ) ;
#4309 = VERTEX_POINT ( 'NONE', #3129 ) ;
#4310 = LINE ( 'NONE', #1330, #340 ) ;
#4311 = CIRCLE ( 'NONE', #492, 2.500000046250006047 ) ;
#4312 = DIRECTION ( 'NONE',  ( -1.139704650099660056E-13, 0.9999999979785942905, 6.358310602959382773E-05 ) ) ;
#4313 = CIRCLE ( 'NONE', #1914, 2.500000046250006047 ) ;
#4314 = EDGE_LOOP ( 'NONE', ( #4885, #3110, #3275, #1145 ) ) ;
#4315 = LINE ( 'NONE', #507, #3005 ) ;
#4316 = CARTESIAN_POINT ( 'NONE',  ( -4.047999999090556855E-05, 10.00423542984544412, -0.001150685033285414605 ) ) ;
#4317 = EDGE_LOOP ( 'NONE', ( #4191, #16, #1883, #2554 ) ) ;
#4318 = ORIENTED_EDGE ( 'NONE', *, *, #3649, .T. ) ;
#4319 = CIRCLE ( 'NONE', #1920, 27.25000000009999823 ) ;
#4320 = LINE ( 'NONE', #2971, #3798 ) ;
#4321 = CIRCLE ( 'NONE', #330, 2.500000046250006047 ) ;
#4322 = DIRECTION ( 'NONE',  ( -5.781254167564180399E-15, 6.358310602959382773E-05, -0.9999999979785942905 ) ) ;
#4323 = DIRECTION ( 'NONE',  ( 1.000000000000000000, 0.000000000000000000, -5.551115020430141666E-15 ) ) ;
#4324 = FACE_OUTER_BOUND ( 'NONE', #234, .T. ) ;
#4325 = AXIS2_PLACEMENT_3D ( 'NONE', #3812, #2649, #5081 ) ;
#4326 = CARTESIAN_POINT ( 'NONE',  ( 26.75388330200001263, 10.00296376767125395, 19.99884927366613141 ) ) ;
#4327 = EDGE_CURVE ( 'NONE', #3801, #1968, #3175, .T. ) ;
#4328 = DIRECTION ( 'NONE',  ( -5.773159728048290444E-15, 6.358310602959382773E-05, -0.9999999979785942905 ) ) ;
#4329 = CIRCLE ( 'NONE', #4756, 2.500000046249998942 ) ;
#4330 = ORIENTED_EDGE ( 'NONE', *, *, #970, .T. ) ;
#4331 = LINE ( 'NONE', #1855, #4700 ) ;
#4332 = ORIENTED_EDGE ( 'NONE', *, *, #4813, .F. ) ;
#4333 = EDGE_CURVE ( 'NONE', #655, #5209, #1465, .T. ) ;
#4334 = AXIS2_PLACEMENT_3D ( 'NONE', #3079, #2176, #114 ) ;
#4335 = DIRECTION ( 'NONE',  ( 1.000000000000000000, 0.000000000000000000, -5.551115020430157443E-15 ) ) ;
#4336 = ADVANCED_FACE ( 'NONE', ( #3209 ), #945, .F. ) ;
#4337 = ORIENTED_EDGE ( 'NONE', *, *, #1267, .T. ) ;
#4338 = CARTESIAN_POINT ( 'NONE',  ( -2.176600000236561527E-05, 0.003834876486877303314, 6.298213471556790566 ) ) ;
#4339 = AXIS2_PLACEMENT_3D ( 'NONE', #2200, #2225, #3896 ) ;
#4340 = LINE ( 'NONE', #3564, #1113 ) ;
#4341 = EDGE_CURVE ( 'NONE', #2792, #2014, #4829, .T. ) ;
#4342 = VERTEX_POINT ( 'NONE', #5225 ) ;
#4343 = DIRECTION ( 'NONE',  ( -1.000000000000000000, -4.504620681532429303E-11, 2.234651555022304295E-12 ) ) ;
#4344 = DIRECTION ( 'NONE',  ( -2.237515728249334980E-12, 6.358310602959382773E-05, -0.9999999979785942905 ) ) ;
#4345 = ORIENTED_EDGE ( 'NONE', *, *, #527, .T. ) ;
#4346 = CARTESIAN_POINT ( 'NONE',  ( 194.9999812859999793, 139.0532717749578921, -0.1399278279944626835 ) ) ;
#4347 = FACE_OUTER_BOUND ( 'NONE', #2958, .T. ) ;
#4348 = VERTEX_POINT ( 'NONE', #4391 ) ;
#4349 = ORIENTED_EDGE ( 'NONE', *, *, #91, .F. ) ;
#4350 = DIRECTION ( 'NONE',  ( -1.136868377219662335E-13, 0.9999999979785944015, 6.358310602959384129E-05 ) ) ;
#4351 = FACE_BOUND ( 'NONE', #4304, .T. ) ;
#4352 = CYLINDRICAL_SURFACE ( 'NONE', #583, 2.500000046250013153 ) ;
#4353 = PLANE ( 'NONE',  #2157 ) ;
#4354 = DIRECTION ( 'NONE',  ( -1.000000000000000000, -1.135472065937443054E-13, 5.632848129108845484E-15 ) ) ;
#4355 = CARTESIAN_POINT ( 'NONE',  ( -36.75392683299999419, 10.00550709197007038, -20.00115064473145665 ) ) ;
#4356 = EDGE_CURVE ( 'NONE', #2585, #273, #4340, .T. ) ;
#4357 = EDGE_LOOP ( 'NONE', ( #1703, #354 ) ) ;
#4358 = CARTESIAN_POINT ( 'NONE',  ( 11.31391114800001141, 0.004954796535963645887, -11.31527057794123792 ) ) ;
#4359 = ORIENTED_EDGE ( 'NONE', *, *, #4981, .T. ) ;
#4360 = LINE ( 'NONE', #1438, #4424 ) ;
#4361 = AXIS2_PLACEMENT_3D ( 'NONE', #5132, #1378, #3530 ) ;
#4362 = ADVANCED_FACE ( 'NONE', ( #172 ), #574, .T. ) ;
#4363 = ORIENTED_EDGE ( 'NONE', *, *, #4204, .F. ) ;
#4364 = DIRECTION ( 'NONE',  ( 1.000000000000000000, 0.000000000000000000, -2.237099394619688409E-12 ) ) ;
#4365 = DIRECTION ( 'NONE',  ( -5.788919476640040538E-15, 6.358310602959382773E-05, -0.9999999979785942905 ) ) ;
#4366 = APPLICATION_CONTEXT ( 'configuration controlled 3d designs of mechanical parts and assemblies' ) ;
#4367 = DIRECTION ( 'NONE',  ( -1.136868377219662335E-13, 0.9999999979785944015, 6.358310602959384129E-05 ) ) ;
#4368 = ORIENTED_EDGE ( 'NONE', *, *, #838, .T. ) ;
#4369 = DIRECTION ( 'NONE',  ( -1.000000000000000000, -1.137978600240784444E-13, 2.237446339314883771E-12 ) ) ;
#4370 = ADVANCED_FACE ( 'NONE', ( #526 ), #3927, .T. ) ;
#4371 = EDGE_CURVE ( 'NONE', #1553, #3050, #766, .T. ) ;
#4372 = FACE_OUTER_BOUND ( 'NONE', #1720, .T. ) ;
#4373 = EDGE_LOOP ( 'NONE', ( #1880, #3123 ) ) ;
#4374 = PLANE ( 'NONE',  #315 ) ;
#4375 = CARTESIAN_POINT ( 'NONE',  ( -140.0000187136000136, 0.004878597565642628364, -10.14876897700497871 ) ) ;
#4376 = EDGE_CURVE ( 'NONE', #2792, #2523, #3988, .T. ) ;
#4377 = ORIENTED_EDGE ( 'NONE', *, *, #3185, .T. ) ;
#4378 = EDGE_LOOP ( 'NONE', ( #3324, #5056, #1707, #5246 ) ) ;
#4379 = VECTOR ( 'NONE', #1984, 999.9999999999998863 ) ;
#4380 = CARTESIAN_POINT ( 'NONE',  ( -2.176600000236561527E-05, 10.00535767164682177, -17.65115064976610526 ) ) ;
#4381 = LINE ( 'NONE', #939, #4101 ) ;
#4382 = CARTESIAN_POINT ( 'NONE',  ( 184.9999812859999793, 206.7053081482963535, -0.1356263017163183981 ) ) ;
#4383 = DIRECTION ( 'NONE',  ( 1.000000000000000000, 0.000000000000000000, -5.551115020430141666E-15 ) ) ;
#4384 = CARTESIAN_POINT ( 'NONE',  ( 61.75388330100000900, 10.00450788341976782, -4.286150677568239864 ) ) ;
#4385 = CARTESIAN_POINT ( 'NONE',  ( 174.9999812900000506, 50.00360684048173709, 9.854410137967589023 ) ) ;
#4386 = EDGE_LOOP ( 'NONE', ( #4080, #4509, #1098, #1714, #3553, #3484, #3663, #3169, #1086, #1551, #4195, #1014 ) ) ;
#4387 = DIRECTION ( 'NONE',  ( -1.368051626841710102E-13, 0.9999999979785944015, 6.358310605241584978E-05 ) ) ;
#4388 = EDGE_LOOP ( 'NONE', ( #2623, #2782 ) ) ;
#4389 = CARTESIAN_POINT ( 'NONE',  ( -49.25392683300000840, 10.00358370297554877, 10.24884929381295073 ) ) ;
#4390 = ORIENTED_EDGE ( 'NONE', *, *, #1193, .F. ) ;
#4391 = CARTESIAN_POINT ( 'NONE',  ( 19.99998128600000058, 0.003606939935486830340, 9.851230982470260855 ) ) ;
#4392 = CARTESIAN_POINT ( 'NONE',  ( -187.5000187136000136, 226.7054630691692694, -10.13435465029133198 ) ) ;
#4393 = LINE ( 'NONE', #1521, #5010 ) ;
#4394 = EDGE_CURVE ( 'NONE', #2497, #281, #3104, .T. ) ;
#4395 = CARTESIAN_POINT ( 'NONE',  ( -51.75392683300000840, 10.00358370297554877, 10.24884929381295073 ) ) ;
#4396 = LINE ( 'NONE', #5207, #1292 ) ;
#4397 = DIRECTION ( 'NONE',  ( 0.9999999815015170324, -0.0001923459527408723766, -1.222995888731806832E-08 ) ) ;
#4398 = ORIENTED_EDGE ( 'NONE', *, *, #1800, .F. ) ;
#4399 = ORIENTED_EDGE ( 'NONE', *, *, #1162, .T. ) ;
#4400 = EDGE_CURVE ( 'NONE', #4140, #4980, #5447, .T. ) ;
#4401 = EDGE_CURVE ( 'NONE', #1195, #2156, #4444, .T. ) ;
#4402 = VECTOR ( 'NONE', #1103, 999.9999999999998863 ) ;
#4403 = VECTOR ( 'NONE', #2470, 999.9999999999998863 ) ;
#4404 = ADVANCED_FACE ( 'NONE', ( #3953 ), #3616, .F. ) ;
#4405 = DIRECTION ( 'NONE',  ( -5.773159728048290444E-15, 6.358310602959382773E-05, -0.9999999979785942905 ) ) ;
#4406 = AXIS2_PLACEMENT_3D ( 'NONE', #110, #3259, #4886 ) ;
#4407 = DIRECTION ( 'NONE',  ( 5.684341886078310580E-15, -6.358310602959384129E-05, 0.9999999979785944015 ) ) ;
#4408 = APPROVAL_DATE_TIME ( #1455, #478 ) ;
#4409 = FACE_BOUND ( 'NONE', #4637, .T. ) ;
#4410 = CARTESIAN_POINT ( 'NONE',  ( 182.4999812859999793, 186.7041914921427406, 9.863101984934591115 ) ) ;
#4411 = AXIS2_PLACEMENT_3D ( 'NONE', #1628, #1155, #5363 ) ;
#4412 = VECTOR ( 'NONE', #92, 1000.000000000000000 ) ;
#4413 = ORIENTED_EDGE ( 'NONE', *, *, #285, .F. ) ;
#4414 = VECTOR ( 'NONE', #4228, 999.9999999999998863 ) ;
#4415 = CARTESIAN_POINT ( 'NONE',  ( 11.31346231799998314, 10.00495480484372912, -11.31508357629559747 ) ) ;
#4416 = DIRECTION ( 'NONE',  ( 5.684341886078310580E-15, -6.358310602959384129E-05, 0.9999999979785944015 ) ) ;
#4417 = ORIENTED_EDGE ( 'NONE', *, *, #906, .T. ) ;
#4418 = DIRECTION ( 'NONE',  ( 2.237515728248475083E-12, -6.358310602959382773E-05, 0.9999999979785942905 ) ) ;
#4419 = VERTEX_POINT ( 'NONE', #2420 ) ;
#4420 = LINE ( 'NONE', #1884, #1916 ) ;
#4421 = DIRECTION ( 'NONE',  ( 1.141841996549659981E-13, -0.9999999979785944015, -6.358310602959384129E-05 ) ) ;
#4422 = AXIS2_PLACEMENT_3D ( 'NONE', #3321, #5446, #718 ) ;
#4423 = DIRECTION ( 'NONE',  ( 1.000000000000000000, 1.139705910348116809E-13, 0.000000000000000000 ) ) ;
#4424 = VECTOR ( 'NONE', #2729, 999.9999999999998863 ) ;
#4425 = DIRECTION ( 'NONE',  ( 1.000000000000000000, 0.000000000000000000, -5.551115020430141666E-15 ) ) ;
#4426 = CARTESIAN_POINT ( 'NONE',  ( -90.00002176600000325, 20.00296374743285810, 19.99948510498311549 ) ) ;
#4427 = EDGE_CURVE ( 'NONE', #3223, #656, #690, .T. ) ;
#4428 = ORIENTED_EDGE ( 'NONE', *, *, #644, .F. ) ;
#4429 = EDGE_LOOP ( 'NONE', ( #3160, #372 ) ) ;
#4430 = DIRECTION ( 'NONE',  ( -1.139704650099660056E-13, 0.9999999979785942905, 6.358310602959382773E-05 ) ) ;
#4431 = ADVANCED_FACE ( 'NONE', ( #301 ), #5413, .T. ) ;
#4432 = LINE ( 'NONE', #1502, #5235 ) ;
#4433 = CARTESIAN_POINT ( 'NONE',  ( -51.75392683300000840, 10.00489650223335403, -10.39813297401140346 ) ) ;
#4434 = LINE ( 'NONE', #568, #3023 ) ;
#4435 = EDGE_CURVE ( 'NONE', #2523, #4565, #673, .T. ) ;
#4436 = ORIENTED_EDGE ( 'NONE', *, *, #2264, .F. ) ;
#4437 = DIRECTION ( 'NONE',  ( 1.000000000000000000, 0.000000000000000000, -2.237099394619688409E-12 ) ) ;
#4438 = CARTESIAN_POINT ( 'NONE',  ( -2.176600000236561527E-05, 20.00383483610995583, 6.299485134185767166 ) ) ;
#4439 = ORIENTED_EDGE ( 'NONE', *, *, #3292, .T. ) ;
#4440 = PLANE ( 'NONE',  #1408 ) ;
#4441 = EDGE_LOOP ( 'NONE', ( #4231, #96, #3095, #2314, #2897, #2364, #2359, #2713, #2257, #3204, #50, #3735 ) ) ;
#4442 = DIRECTION ( 'NONE',  ( 2.237515728249914975E-12, -6.358310602959382773E-05, 0.9999999979785942905 ) ) ;
#4443 = PLANE ( 'NONE',  #2722 ) ;
#4444 = LINE ( 'NONE', #631, #4746 ) ;
#4445 = LINE ( 'NONE', #3182, #3690 ) ;
#4446 = CARTESIAN_POINT ( 'NONE',  ( -195.0000187136000136, 139.0539076014262605, -10.13992780861688914 ) ) ;
#4447 = CIRCLE ( 'NONE', #903, 2.500000000000002220 ) ;
#4448 = CARTESIAN_POINT ( 'NONE',  ( -195.0000187180999944, 238.4060183624160629, -0.1336106722848173778 ) ) ;
#4449 = VECTOR ( 'NONE', #4806, 999.9999999999998863 ) ;
#4450 = FACE_BOUND ( 'NONE', #4956, .T. ) ;
#4451 = EDGE_LOOP ( 'NONE', ( #4556, #97, #3655, #2783 ) ) ;
#4452 = DIRECTION ( 'NONE',  ( 5.684341886078310580E-15, -6.358310602959384129E-05, 0.9999999979785944015 ) ) ;
#4453 = CARTESIAN_POINT ( 'NONE',  ( -61.75392683300001551, 10.00358370297554877, 10.24884929381295073 ) ) ;
#4454 = FACE_BOUND ( 'NONE', #4373, .T. ) ;
#4455 = PLANE ( 'NONE',  #2828 ) ;
#4456 = EDGE_CURVE ( 'NONE', #2252, #1524, #2460, .T. ) ;
#4457 = VERTEX_POINT ( 'NONE', #2447 ) ;
#4458 = CARTESIAN_POINT ( 'NONE',  ( -59.25392378099999746, 10.00408778236913321, 9.851866843493928272 ) ) ;
#4459 = CARTESIAN_POINT ( 'NONE',  ( 184.9999812859999793, 176.7037106482109152, 9.862466123985253574 ) ) ;
#4460 = DIRECTION ( 'NONE',  ( 1.000000000000000000, 1.139705910348116809E-13, 0.000000000000000000 ) ) ;
#4461 = DIRECTION ( 'NONE',  ( 1.000000000000000000, 0.000000000000000000, -5.551115020430141666E-15 ) ) ;
#4462 = ORIENTED_EDGE ( 'NONE', *, *, #3691, .T. ) ;
#4463 = EDGE_LOOP ( 'NONE', ( #5365, #1562 ) ) ;
#4464 = FACE_BOUND ( 'NONE', #4884, .T. ) ;
#4465 = EDGE_CURVE ( 'NONE', #560, #3270, #3613, .T. ) ;
#4466 = ADVANCED_FACE ( 'NONE', ( #4915 ), #4090, .F. ) ;
#4467 = ORIENTED_EDGE ( 'NONE', *, *, #3681, .F. ) ;
#4468 = EDGE_LOOP ( 'NONE', ( #3651, #5181 ) ) ;
#4469 = DIRECTION ( 'NONE',  ( -2.237515728249334980E-12, 6.358310602959382773E-05, -0.9999999979785942905 ) ) ;
#4470 = CARTESIAN_POINT ( 'NONE',  ( 19.49997823400001451, 20.00358368283702504, 10.24948512512494148 ) ) ;
#4471 = DIRECTION ( 'NONE',  ( 1.000000000000000000, 0.000000000000000000, -5.551115020430141666E-15 ) ) ;
#4472 = LINE ( 'NONE', #221, #5096 ) ;
#4473 = AXIS2_PLACEMENT_3D ( 'NONE', #5011, #2465, #2437 ) ;
#4474 = FACE_OUTER_BOUND ( 'NONE', #4202, .T. ) ;
#4475 = CARTESIAN_POINT ( 'NONE',  ( 69.25388330100001610, 10.00450788341976782, -4.286150677568239864 ) ) ;
#4476 = ORIENTED_EDGE ( 'NONE', *, *, #2953, .F. ) ;
#4477 = ORIENTED_EDGE ( 'NONE', *, *, #4761, .T. ) ;
#4478 = DIRECTION ( 'NONE',  ( -2.237690279189335060E-12, 6.358310602959384129E-05, -0.9999999979785944015 ) ) ;
#4479 = LINE ( 'NONE', #284, #4379 ) ;
#4480 = ORIENTED_EDGE ( 'NONE', *, *, #5395, .F. ) ;
#4481 = AXIS2_PLACEMENT_3D ( 'NONE', #3538, #2294, #1444 ) ;
#4482 = CIRCLE ( 'NONE', #579, 1.650000030520000216 ) ;
#4483 = VECTOR ( 'NONE', #2769, 999.9999999999998863 ) ;
#4484 = AXIS2_PLACEMENT_3D ( 'NONE', #3411, #381, #4598 ) ;
#4485 = EDGE_LOOP ( 'NONE', ( #4703, #842 ) ) ;
#4486 = DIRECTION ( 'NONE',  ( -1.000000000000000000, 2.863957255156185782E-16, 5.773177949648009516E-15 ) ) ;
#4487 = CARTESIAN_POINT ( 'NONE',  ( 79.99998128599999347, 0.003606935391455012851, 9.851230981694437006 ) ) ;
#4488 = EDGE_CURVE ( 'NONE', #5430, #2120, #4527, .T. ) ;
#4489 = AXIS2_PLACEMENT_3D ( 'NONE', #1186, #3726, #3232 ) ;
#4490 = AXIS2_PLACEMENT_3D ( 'NONE', #608, #1772, #3153 ) ;
#4491 = DIRECTION ( 'NONE',  ( 1.000000000000000000, 1.137978600240784444E-13, -2.237446339314883771E-12 ) ) ;
#4492 = EDGE_LOOP ( 'NONE', ( #3271, #2485, #2970, #3926 ) ) ;
#4493 = ORIENTED_EDGE ( 'NONE', *, *, #4875, .F. ) ;
#4494 = CIRCLE ( 'NONE', #2107, 50.00000000000000000 ) ;
#4495 = VECTOR ( 'NONE', #2175, 1000.000000000000000 ) ;
#4496 = ORIENTED_EDGE ( 'NONE', *, *, #3162, .T. ) ;
#4497 = ORIENTED_EDGE ( 'NONE', *, *, #1599, .F. ) ;
#4498 = DIRECTION ( 'NONE',  ( -4.499088303529998146E-11, 0.9987717903683451803, -0.04954705606199365231 ) ) ;
#4499 = CARTESIAN_POINT ( 'NONE',  ( -49.25392683300000840, 10.00550709197007038, -20.00115064473145665 ) ) ;
#4500 = EDGE_CURVE ( 'NONE', #2224, #3397, #1972, .T. ) ;
#4501 = CARTESIAN_POINT ( 'NONE',  ( -2.176600000236561527E-05, 0.004636023680795742230, -6.301786504257306021 ) ) ;
#4502 = CIRCLE ( 'NONE', #3995, 30.00000000000000000 ) ;
#4503 = AXIS2_PLACEMENT_3D ( 'NONE', #479, #4293, #2215 ) ;
#4504 = CARTESIAN_POINT ( 'NONE',  ( 194.9999812859999793, 139.0539076059702666, -10.13992780784109193 ) ) ;
#4505 = AXIS2_PLACEMENT_3D ( 'NONE', #4504, #692, #4120 ) ;
#4506 = FACE_OUTER_BOUND ( 'NONE', #3687, .T. ) ;
#4507 = EDGE_CURVE ( 'NONE', #4998, #4925, #1519, .T. ) ;
#4508 = DIRECTION ( 'NONE',  ( -5.761856707213950668E-15, 6.358310602959382773E-05, -0.9999999979785942905 ) ) ;
#4509 = ORIENTED_EDGE ( 'NONE', *, *, #2738, .F. ) ;
#4510 = ORIENTED_EDGE ( 'NONE', *, *, #425, .T. ) ;
#4511 = EDGE_CURVE ( 'NONE', #4744, #3340, #4118, .T. ) ;
#4512 = LINE ( 'NONE', #3273, #2919 ) ;
#4513 = AXIS2_PLACEMENT_3D ( 'NONE', #3034, #3471, #885 ) ;
#4514 = DIRECTION ( 'NONE',  ( 1.000000000000000000, 0.000000000000000000, -2.237099394619688409E-12 ) ) ;
#4515 = ORIENTED_EDGE ( 'NONE', *, *, #4762, .F. ) ;
#4516 = DIRECTION ( 'NONE',  ( -0.9999999815015170324, 0.0001923459529039352992, 1.222995890900204229E-08 ) ) ;
#4517 = ORIENTED_EDGE ( 'NONE', *, *, #593, .T. ) ;
#4518 = DIRECTION ( 'NONE',  ( 1.000000000000000000, 0.000000000000000000, -5.551115020430141666E-15 ) ) ;
#4519 = DIRECTION ( 'NONE',  ( -2.237515728249334980E-12, 6.358310602959382773E-05, -0.9999999979785942905 ) ) ;
#4520 = DIRECTION ( 'NONE',  ( 1.000000000000000000, 0.000000000000000000, -2.237793284010082363E-12 ) ) ;
#4521 = ORIENTED_EDGE ( 'NONE', *, *, #195, .T. ) ;
#4522 = VERTEX_POINT ( 'NONE', #716 ) ;
#4523 = VERTEX_POINT ( 'NONE', #2368 ) ;
#4524 = ORIENTED_EDGE ( 'NONE', *, *, #1092, .F. ) ;
#4525 = CYLINDRICAL_SURFACE ( 'NONE', #2727, 2.500000046250013153 ) ;
#4526 = CARTESIAN_POINT ( 'NONE',  ( 174.9999812860000361, 238.4053825350991929, 9.866389307378486961 ) ) ;
#4527 = LINE ( 'NONE', #5305, #237 ) ;
#4528 = DIRECTION ( 'NONE',  ( -5.773159728048290444E-15, 6.358310602959382773E-05, -0.9999999979785942905 ) ) ;
#4529 = VERTEX_POINT ( 'NONE', #4552 ) ;
#4530 = DIRECTION ( 'NONE',  ( 4.504637403831187448E-11, -0.9999999979785944015, -6.358310602959351603E-05 ) ) ;
#4531 = EDGE_CURVE ( 'NONE', #2979, #1440, #2105, .T. ) ;
#4532 = CARTESIAN_POINT ( 'NONE',  ( -90.00002176600000325, 0.004896522471757591699, -10.39876880532838932 ) ) ;
#4533 = DIRECTION ( 'NONE',  ( -1.139704650099660056E-13, 0.9999999979785942905, 6.358310602959382773E-05 ) ) ;
#4534 = ORIENTED_EDGE ( 'NONE', *, *, #2536, .T. ) ;
#4535 = EDGE_LOOP ( 'NONE', ( #4612, #364 ) ) ;
#4536 = ADVANCED_FACE ( 'NONE', ( #2004 ), #1574, .F. ) ;
#4537 = CARTESIAN_POINT ( 'NONE',  ( -71.75392683299999419, 10.00550709197007038, -20.00115064473145665 ) ) ;
#4538 = EDGE_CURVE ( 'NONE', #814, #2804, #1210, .T. ) ;
#4539 = DIRECTION ( 'NONE',  ( 1.000000000000000000, 1.137978600240784444E-13, -2.237446339314883771E-12 ) ) ;
#4540 = VERTEX_POINT ( 'NONE', #4470 ) ;
#4541 = DIRECTION ( 'NONE',  ( 5.773159728048290444E-15, -6.358310602959382773E-05, 0.9999999979785942905 ) ) ;
#4542 = AXIS2_PLACEMENT_3D ( 'NONE', #4084, #2440, #1073 ) ;
#4543 = LINE ( 'NONE', #733, #4281 ) ;
#4544 = ORIENTED_EDGE ( 'NONE', *, *, #2954, .T. ) ;
#4545 = CARTESIAN_POINT ( 'NONE',  ( -18.50838483899999787, 10.00550709197007038, -20.00115064473145665 ) ) ;
#4546 = CARTESIAN_POINT ( 'NONE',  ( 69.25388635399998805, 10.00376188364359997, -0.1481331975506094967 ) ) ;
#4547 = FACE_OUTER_BOUND ( 'NONE', #4994, .T. ) ;
#4548 = VERTEX_POINT ( 'NONE', #1080 ) ;
#4549 = EDGE_LOOP ( 'NONE', ( #368, #5301 ) ) ;
#4550 = ORIENTED_EDGE ( 'NONE', *, *, #4848, .T. ) ;
#4551 = EDGE_LOOP ( 'NONE', ( #3788, #4817 ) ) ;
#4552 = CARTESIAN_POINT ( 'NONE',  ( -31.75392378100000457, 10.00360691745023978, 9.851866812897430492 ) ) ;
#4553 = ORIENTED_EDGE ( 'NONE', *, *, #1907, .F. ) ;
#4554 = DIRECTION ( 'NONE',  ( -2.237690279189335060E-12, 6.358310602959384129E-05, -0.9999999979785944015 ) ) ;
#4555 = EDGE_CURVE ( 'NONE', #4599, #1195, #336, .T. ) ;
#4556 = ORIENTED_EDGE ( 'NONE', *, *, #1740, .T. ) ;
#4557 = EDGE_LOOP ( 'NONE', ( #5440, #871, #3688, #12 ) ) ;
#4558 = CARTESIAN_POINT ( 'NONE',  ( -185.0000187136000136, 196.7046723331277747, 9.863737847031345041 ) ) ;
#4559 = EDGE_CURVE ( 'NONE', #4457, #1805, #1603, .T. ) ;
#4560 = DIRECTION ( 'NONE',  ( 2.237515728248475083E-12, -6.358310602959382773E-05, 0.9999999979785942905 ) ) ;
#4561 = EDGE_CURVE ( 'NONE', #2134, #2347, #5178, .T. ) ;
#4562 = ORIENTED_EDGE ( 'NONE', *, *, #4606, .F. ) ;
#4563 = EDGE_CURVE ( 'NONE', #166, #1190, #2820, .T. ) ;
#4564 = DIRECTION ( 'NONE',  ( -1.000000000000000000, -1.140957433292971019E-13, 2.237480458170536814E-12 ) ) ;
#4565 = VERTEX_POINT ( 'NONE', #4605 ) ;
#4566 = AXIS2_PLACEMENT_3D ( 'NONE', #3774, #2900, #3343 ) ;
#4567 = CARTESIAN_POINT ( 'NONE',  ( 61.75388330100000900, 10.00489650228368532, -10.39813297501515699 ) ) ;
#4568 = DIRECTION ( 'NONE',  ( -1.139704650099660056E-13, 0.9999999979785942905, 6.358310602959382773E-05 ) ) ;
#4569 = DIRECTION ( 'NONE',  ( 1.000000000000000000, 1.078698461303714964E-13, -5.351205716021529530E-15 ) ) ;
#4570 = ORIENTED_EDGE ( 'NONE', *, *, #485, .F. ) ;
#4571 = ORIENTED_EDGE ( 'NONE', *, *, #1416, .F. ) ;
#4572 = CIRCLE ( 'NONE', #1549, 2.500000000000002220 ) ;
#4573 = AXIS2_PLACEMENT_3D ( 'NONE', #3038, #3446, #4030 ) ;
#4574 = CIRCLE ( 'NONE', #3255, 2.500000046250006047 ) ;
#4575 = VERTEX_POINT ( 'NONE', #800 ) ;
#4576 = ORIENTED_EDGE ( 'NONE', *, *, #4561, .F. ) ;
#4577 = AXIS2_PLACEMENT_3D ( 'NONE', #420, #866, #5108 ) ;
#4578 = LINE ( 'NONE', #2980, #4909 ) ;
#4579 = DIRECTION ( 'NONE',  ( -2.237690279189335060E-12, 6.358310602959384129E-05, -0.9999999979785944015 ) ) ;
#4580 = ORIENTED_EDGE ( 'NONE', *, *, #4507, .T. ) ;
#4581 = CARTESIAN_POINT ( 'NONE',  ( 19.99998128600000058, 20.00487855933646841, -10.14749731548378264 ) ) ;
#4582 = AXIS2_PLACEMENT_3D ( 'NONE', #658, #1946, #251 ) ;
#4583 = ORIENTED_EDGE ( 'NONE', *, *, #5185, .F. ) ;
#4584 = CARTESIAN_POINT ( 'NONE',  ( 194.9999812859999793, 94.52812139264329971, 9.857241144387934639 ) ) ;
#4585 = CARTESIAN_POINT ( 'NONE',  ( -59.25392378099999746, 10.00376188364359997, -0.1481331975506094967 ) ) ;
#4586 = AXIS2_PLACEMENT_3D ( 'NONE', #2941, #1774, #2123 ) ;
#4587 = ORIENTED_EDGE ( 'NONE', *, *, #184, .T. ) ;
#4588 = AXIS2_PLACEMENT_3D ( 'NONE', #1357, #530, #2233 ) ;
#4589 = EDGE_CURVE ( 'NONE', #1195, #1685, #4319, .T. ) ;
#4590 = CYLINDRICAL_SURFACE ( 'NONE', #5087, 27.24992590360001188 ) ;
#4591 = LINE ( 'NONE', #3355, #2698 ) ;
#4592 = EDGE_LOOP ( 'NONE', ( #1623, #249, #2169, #430 ) ) ;
#4593 = CIRCLE ( 'NONE', #4163, 2.500000046249998942 ) ;
#4594 = EDGE_CURVE ( 'NONE', #780, #3357, #4230, .T. ) ;
#4595 = AXIS2_PLACEMENT_3D ( 'NONE', #1299, #83, #829 ) ;
#4596 = ORIENTED_EDGE ( 'NONE', *, *, #4500, .F. ) ;
#4597 = CARTESIAN_POINT ( 'NONE',  ( 182.4999812859999793, 196.7041914720042257, 9.863737816246581858 ) ) ;
#4598 = DIRECTION ( 'NONE',  ( -1.000000000000000000, -1.137978600240784444E-13, 2.237446339314883771E-12 ) ) ;
#4599 = VERTEX_POINT ( 'NONE', #5151 ) ;
#4600 = ORIENTED_EDGE ( 'NONE', *, *, #1099, .F. ) ;
#4601 = ADVANCED_FACE ( 'NONE', ( #4626 ), #1402, .T. ) ;
#4602 = EDGE_LOOP ( 'NONE', ( #713, #519, #2090, #2283 ) ) ;
#4603 = ORIENTED_EDGE ( 'NONE', *, *, #148, .F. ) ;
#4604 = CARTESIAN_POINT ( 'NONE',  ( 46.75388635400001647, 10.00360691745023978, 9.851866812897430492 ) ) ;
#4605 = CARTESIAN_POINT ( 'NONE',  ( 56.75388635400003068, 10.00360691745023978, 9.851866812897430492 ) ) ;
#4606 = EDGE_CURVE ( 'NONE', #386, #1314, #930, .T. ) ;
#4607 = ORIENTED_EDGE ( 'NONE', *, *, #725, .F. ) ;
#4608 = LINE ( 'NONE', #1221, #1570 ) ;
#4609 = ORIENTED_EDGE ( 'NONE', *, *, #4292, .T. ) ;
#4610 = DIRECTION ( 'NONE',  ( -0.9999999815015170324, 0.0001923459527519746069, 1.222995889816009005E-08 ) ) ;
#4611 = ORIENTED_EDGE ( 'NONE', *, *, #2525, .T. ) ;
#4612 = ORIENTED_EDGE ( 'NONE', *, *, #2773, .T. ) ;
#4613 = CIRCLE ( 'NONE', #5299, 27.25000000009999823 ) ;
#4614 = CARTESIAN_POINT ( 'NONE',  ( 184.9999812859999793, 196.7037106078843465, 9.863737785610450004 ) ) ;
#4615 = ORIENTED_EDGE ( 'NONE', *, *, #2572, .F. ) ;
#4616 = AXIS2_PLACEMENT_3D ( 'NONE', #4618, #847, #1593 ) ;
#4617 = DIRECTION ( 'NONE',  ( 1.000000000000000000, 0.000000000000000000, -5.551115020430141666E-15 ) ) ;
#4618 = CARTESIAN_POINT ( 'NONE',  ( 144.9999812900000222, 50.00360683908385084, 9.854410137035696238 ) ) ;
#4619 = AXIS2_PLACEMENT_3D ( 'NONE', #1847, #3031, #3548 ) ;
#4620 = DIRECTION ( 'NONE',  ( 1.000000000000000000, 0.000000000000000000, -2.237793284010079132E-12 ) ) ;
#4621 = ORIENTED_EDGE ( 'NONE', *, *, #1534, .T. ) ;
#4622 = ADVANCED_FACE ( 'NONE', ( #1369 ), #3914, .T. ) ;
#4623 = DIRECTION ( 'NONE',  ( -1.136868377219662335E-13, 0.9999999979785944015, 6.358310602959384129E-05 ) ) ;
#4624 = EDGE_LOOP ( 'NONE', ( #4377, #570 ) ) ;
#4625 = CYLINDRICAL_SURFACE ( 'NONE', #2999, 2.500000000000002220 ) ;
#4626 = FACE_OUTER_BOUND ( 'NONE', #4276, .T. ) ;
#4627 = EDGE_CURVE ( 'NONE', #3544, #1117, #4060, .T. ) ;
#4628 = ORIENTED_EDGE ( 'NONE', *, *, #827, .T. ) ;
#4629 = EDGE_CURVE ( 'NONE', #4158, #763, #1761, .T. ) ;
#4630 = CARTESIAN_POINT ( 'NONE',  ( 194.9999812900000222, 50.00360684138063760, 9.854410137922986479 ) ) ;
#4631 = EDGE_CURVE ( 'NONE', #2180, #2224, #2544, .T. ) ;
#4632 = CIRCLE ( 'NONE', #1172, 1.650000030520000216 ) ;
#4633 = VERTEX_POINT ( 'NONE', #3970 ) ;
#4634 = CARTESIAN_POINT ( 'NONE',  ( -175.0000187095999991, 50.00360683277161655, 9.854410137348834198 ) ) ;
#4635 = CARTESIAN_POINT ( 'NONE',  ( 187.4999812859999793, 166.7054631950933299, -10.13816963641359159 ) ) ;
#4636 = VERTEX_POINT ( 'NONE', #127 ) ;
#4637 = EDGE_LOOP ( 'NONE', ( #807, #1610 ) ) ;
#4638 = DIRECTION ( 'NONE',  ( 1.000000000000000000, 0.000000000000000000, -5.551115020430141666E-15 ) ) ;
#4639 = CIRCLE ( 'NONE', #5328, 1.650000030520000216 ) ;
#4640 = CARTESIAN_POINT ( 'NONE',  ( 194.9999812859999793, 139.0526359437960764, 9.860072150858350426 ) ) ;
#4641 = ORIENTED_EDGE ( 'NONE', *, *, #2738, .T. ) ;
#4642 = EDGE_LOOP ( 'NONE', ( #4107, #2193, #2945, #2445 ) ) ;
#4643 = CARTESIAN_POINT ( 'NONE',  ( 184.9999812859999793, 166.7037106683494585, 9.861830292673207765 ) ) ;
#4644 = CYLINDRICAL_SURFACE ( 'NONE', #100, 2.500000000000002220 ) ;
#4645 = DIRECTION ( 'NONE',  ( 1.000000000000000000, 0.000000000000000000, -5.551115020430141666E-15 ) ) ;
#4646 = EDGE_LOOP ( 'NONE', ( #3227, #1696, #4863, #5183 ) ) ;
#4647 = LINE ( 'NONE', #4246, #3195 ) ;
#4648 = ADVANCED_FACE ( 'NONE', ( #513 ), #4352, .F. ) ;
#4649 = ORIENTED_EDGE ( 'NONE', *, *, #148, .T. ) ;
#4650 = CARTESIAN_POINT ( 'NONE',  ( -2.176600000236561527E-05, 0.005147867681874751522, -14.35178648713447735 ) ) ;
#4651 = ORIENTED_EDGE ( 'NONE', *, *, #832, .T. ) ;
#4652 = DIRECTION ( 'NONE',  ( -5.773159728048290444E-15, 6.358310602959382773E-05, -0.9999999979785942905 ) ) ;
#4653 = VECTOR ( 'NONE', #543, 999.9999999999998863 ) ;
#4654 = CIRCLE ( 'NONE', #4577, 2.500000046250006047 ) ;
#4655 = EDGE_CURVE ( 'NONE', #264, #1758, #3057, .T. ) ;
#4656 = ORIENTED_EDGE ( 'NONE', *, *, #4823, .T. ) ;
#4657 =( GEOMETRIC_REPRESENTATION_CONTEXT ( 3 ) GLOBAL_UNCERTAINTY_ASSIGNED_CONTEXT ( ( #3047 ) ) GLOBAL_UNIT_ASSIGNED_CONTEXT ( ( #3469, #2576, #2496 ) ) REPRESENTATION_CONTEXT ( 'NONE', 'WORKASPACE' ) );
#4658 = DIRECTION ( 'NONE',  ( -1.000000000000000000, -1.149665463902302464E-13, 5.703258716538003198E-15 ) ) ;
#4659 = CARTESIAN_POINT ( 'NONE',  ( 184.9999812859999793, 216.7046722968457857, 9.865009509457205894 ) ) ;
#4660 = EDGE_LOOP ( 'NONE', ( #4214, #2695, #4759, #1842 ) ) ;
#4661 = CARTESIAN_POINT ( 'NONE',  ( -187.5000187136000136, 196.7041914680090997, 9.863737816444784201 ) ) ;
#4662 = AXIS2_PLACEMENT_3D ( 'NONE', #1555, #1197, #2914 ) ;
#4663 = EDGE_CURVE ( 'NONE', #164, #2438, #65, .T. ) ;
#4664 = LINE ( 'NONE', #3026, #5001 ) ;
#4665 = AXIS2_PLACEMENT_3D ( 'NONE', #4237, #4289, #1309 ) ;
#4666 = LINE ( 'NONE', #2996, #2825 ) ;
#4667 = LINE ( 'NONE', #3381, #289 ) ;
#4668 = ORIENTED_EDGE ( 'NONE', *, *, #2987, .F. ) ;
#4669 = ORIENTED_EDGE ( 'NONE', *, *, #3048, .T. ) ;
#4670 = DIRECTION ( 'NONE',  ( 2.237515728249334980E-12, -6.358310602959382773E-05, 0.9999999979785942905 ) ) ;
#4671 = AXIS2_PLACEMENT_3D ( 'NONE', #4581, #803, #3265 ) ;
#4672 = FACE_OUTER_BOUND ( 'NONE', #5285, .T. ) ;
#4673 = FACE_OUTER_BOUND ( 'NONE', #984, .T. ) ;
#4674 = ORIENTED_EDGE ( 'NONE', *, *, #3329, .F. ) ;
#4675 = CYLINDRICAL_SURFACE ( 'NONE', #4845, 49.99999999999998579 ) ;
#4676 = AXIS2_PLACEMENT_3D ( 'NONE', #3062, #4726, #933 ) ;
#4677 = ORIENTED_EDGE ( 'NONE', *, *, #4563, .T. ) ;
#4678 = DIRECTION ( 'NONE',  ( 1.000000000000000000, 1.137978600240784444E-13, -2.237446339314883771E-12 ) ) ;
#4679 = VECTOR ( 'NONE', #4081, 999.9999999999998863 ) ;
#4680 = ORIENTED_EDGE ( 'NONE', *, *, #4073, .T. ) ;
#4681 = CARTESIAN_POINT ( 'NONE',  ( 54.74997823399996122, 0.004896522471757591699, -10.39876880532838932 ) ) ;
#4682 = VERTEX_POINT ( 'NONE', #1243 ) ;
#4683 = FACE_OUTER_BOUND ( 'NONE', #461, .T. ) ;
#4684 = EDGE_LOOP ( 'NONE', ( #5334, #5397 ) ) ;
#4685 = CARTESIAN_POINT ( 'NONE',  ( -187.5000187136000136, 226.7048272378572733, -0.1343546704298814731 ) ) ;
#4686 = EDGE_CURVE ( 'NONE', #5430, #3328, #2921, .T. ) ;
#4687 = FACE_OUTER_BOUND ( 'NONE', #297, .T. ) ;
#4688 = ORIENTED_EDGE ( 'NONE', *, *, #3458, .F. ) ;
#4689 = CARTESIAN_POINT ( 'NONE',  ( -51.75392683300000840, 10.00450788346931397, -4.286150676569483231 ) ) ;
#4690 = DIRECTION ( 'NONE',  ( 0.000000000000000000, 6.358310602959384129E-05, -0.9999999979785944015 ) ) ;
#4691 = EDGE_LOOP ( 'NONE', ( #894, #26 ) ) ;
#4692 = ADVANCED_FACE ( 'NONE', ( #2935 ), #157, .F. ) ;
#4693 = ADVANCED_FACE ( 'NONE', ( #388 ), #2957, .F. ) ;
#4694 = EDGE_CURVE ( 'NONE', #5465, #1531, #3183, .T. ) ;
#4695 = DIRECTION ( 'NONE',  ( 1.000000000000000000, 0.000000000000000000, -2.237099394619688409E-12 ) ) ;
#4696 = DIRECTION ( 'NONE',  ( 1.136868377219662335E-13, -0.9999999979785944015, -6.358310602959384129E-05 ) ) ;
#4697 = CARTESIAN_POINT ( 'NONE',  ( 29.25388635400000226, 10.00312605253134102, 9.851866782300932712 ) ) ;
#4698 = FACE_OUTER_BOUND ( 'NONE', #615, .T. ) ;
#4699 = DIRECTION ( 'NONE',  ( 1.000000000000000000, 0.000000000000000000, -2.237793284010079132E-12 ) ) ;
#4700 = VECTOR ( 'NONE', #569, 999.9999999999998863 ) ;
#4701 = EDGE_LOOP ( 'NONE', ( #1961, #5165 ) ) ;
#4702 = DIRECTION ( 'NONE',  ( 1.000000000000000000, 1.135455345091426822E-13, 0.000000000000000000 ) ) ;
#4703 = ORIENTED_EDGE ( 'NONE', *, *, #2668, .F. ) ;
#4704 = CARTESIAN_POINT ( 'NONE',  ( -142.5000187108999796, 20.00360689491466459, 9.852502644328353654 ) ) ;
#4705 = CIRCLE ( 'NONE', #815, 1.650000030520001992 ) ;
#4706 = ORIENTED_EDGE ( 'NONE', *, *, #2987, .T. ) ;
#4707 = CARTESIAN_POINT ( 'NONE',  ( -61.75392683300001551, 10.00489650223335403, -10.39813297401140346 ) ) ;
#4708 = ORIENTED_EDGE ( 'NONE', *, *, #331, .F. ) ;
#4709 = DIRECTION ( 'NONE',  ( -2.237690279189335060E-12, 6.358310602959384129E-05, -0.9999999979785944015 ) ) ;
#4710 = CARTESIAN_POINT ( 'NONE',  ( -185.0000187136000136, 216.7043463938759089, -0.1349905323780042909 ) ) ;
#4711 = ORIENTED_EDGE ( 'NONE', *, *, #4908, .F. ) ;
#4712 = EDGE_CURVE ( 'NONE', #120, #837, #481, .T. ) ;
#4713 = DIRECTION ( 'NONE',  ( 5.684341886078310580E-15, -6.358310602959384129E-05, 0.9999999979785944015 ) ) ;
#4714 = DIRECTION ( 'NONE',  ( 2.237515728249914975E-12, -6.358310602959382773E-05, 0.9999999979785942905 ) ) ;
#4715 = ORIENTED_EDGE ( 'NONE', *, *, #2767, .F. ) ;
#4716 = ORIENTED_EDGE ( 'NONE', *, *, #5288, .T. ) ;
#4717 = CIRCLE ( 'NONE', #2083, 2.500000000000002220 ) ;
#4718 = CARTESIAN_POINT ( 'NONE',  ( -20.00001871399997810, 0.004878597565642628364, -10.14876897700497871 ) ) ;
#4719 = EDGE_CURVE ( 'NONE', #307, #763, #923, .T. ) ;
#4720 = DIRECTION ( 'NONE',  ( -1.000000000000000000, 1.109989971750206731E-13, 2.237522790433281746E-12 ) ) ;
#4721 = CARTESIAN_POINT ( 'NONE',  ( -20.00001871399997810, 0.004878599862818966404, -10.14876897711894443 ) ) ;
#4722 = CYLINDRICAL_SURFACE ( 'NONE', #3578, 2.500000000000002220 ) ;
#4723 = AXIS2_PLACEMENT_3D ( 'NONE', #4290, #1310, #3029 ) ;
#4724 = CARTESIAN_POINT ( 'NONE',  ( 0.0002956050000058052518, 10.00525275954514548, -16.00115065279181081 ) ) ;
#4725 = EDGE_CURVE ( 'NONE', #3890, #4926, #5358, .T. ) ;
#4726 = DIRECTION ( 'NONE',  ( -5.786776009024350696E-15, 6.358310602959382773E-05, -0.9999999979785942905 ) ) ;
#4727 = ORIENTED_EDGE ( 'NONE', *, *, #3252, .T. ) ;
#4728 = CARTESIAN_POINT ( 'NONE',  ( -182.5000187135999852, 196.7054631296343814, -10.13626214322863106 ) ) ;
#4729 = CARTESIAN_POINT ( 'NONE',  ( -175.0000187135999852, 139.0539076014262605, -10.13992780861688914 ) ) ;
#4730 = ORIENTED_EDGE ( 'NONE', *, *, #3213, .T. ) ;
#4731 = FACE_OUTER_BOUND ( 'NONE', #1174, .T. ) ;
#4732 = ORIENTED_EDGE ( 'NONE', *, *, #818, .F. ) ;
#4733 = FACE_OUTER_BOUND ( 'NONE', #723, .T. ) ;
#4734 = DIRECTION ( 'NONE',  ( 5.684341886078310580E-15, -6.358310602959384129E-05, 0.9999999979785944015 ) ) ;
#4735 = CARTESIAN_POINT ( 'NONE',  ( 26.75388330100000900, 10.00489650233323324, -10.39813297401637193 ) ) ;
#4736 = AXIS2_PLACEMENT_3D ( 'NONE', #3069, #5024, #4221 ) ;
#4737 = EDGE_LOOP ( 'NONE', ( #2173, #2578, #3078, #2551 ) ) ;
#4738 = CARTESIAN_POINT ( 'NONE',  ( 182.4999812859999793, 186.7054631547667611, -10.13689797478836674 ) ) ;
#4739 = CYLINDRICAL_SURFACE ( 'NONE', #3068, 2.500000046250013153 ) ;
#4740 = VECTOR ( 'NONE', #1797, 999.9999999999998863 ) ;
#4741 = FACE_OUTER_BOUND ( 'NONE', #3189, .T. ) ;
#4742 = ORIENTED_EDGE ( 'NONE', *, *, #3973, .F. ) ;
#4743 = VECTOR ( 'NONE', #3697, 1000.000000000000000 ) ;
#4744 = VERTEX_POINT ( 'NONE', #3819 ) ;
#4745 = CC_DESIGN_PERSON_AND_ORGANIZATION_ASSIGNMENT ( #2691, #4024, ( #2543 ) ) ;
#4746 = VECTOR ( 'NONE', #1910, 999.9999999999998863 ) ;
#4747 = CARTESIAN_POINT ( 'NONE',  ( 31.75388330100001255, 10.00450788341976782, -4.286150677568239864 ) ) ;
#4748 = CARTESIAN_POINT ( 'NONE',  ( 12.48041292200000107, 0.003441905263711075857, 12.47864814651963883 ) ) ;
#4749 = DIRECTION ( 'NONE',  ( -1.143300072629999740E-13, 0.9987717903683451803, -0.04954705606199365231 ) ) ;
#4750 = DIRECTION ( 'NONE',  ( -5.773159728048290444E-15, 6.358310602959382773E-05, -0.9999999979785942905 ) ) ;
#4751 = VECTOR ( 'NONE', #1689, 1000.000000000000000 ) ;
#4752 = CALENDAR_DATE ( 2026, 12, 7 ) ;
#4753 = FACE_BOUND ( 'NONE', #3659, .T. ) ;
#4754 = DIRECTION ( 'NONE',  ( 2.237515728249334980E-12, -6.358310602959382773E-05, 0.9999999979785942905 ) ) ;
#4755 = EDGE_CURVE ( 'NONE', #259, #2804, #3908, .T. ) ;
#4756 = AXIS2_PLACEMENT_3D ( 'NONE', #3966, #4776, #3547 ) ;
#4757 = ORIENTED_EDGE ( 'NONE', *, *, #4538, .F. ) ;
#4758 = LINE ( 'NONE', #3445, #5307 ) ;
#4759 = ORIENTED_EDGE ( 'NONE', *, *, #663, .T. ) ;
#4760 = DIRECTION ( 'NONE',  ( -2.237690279189335060E-12, 6.358310602959384129E-05, -0.9999999979785944015 ) ) ;
#4761 = EDGE_CURVE ( 'NONE', #1805, #106, #1038, .T. ) ;
#4762 = EDGE_CURVE ( 'NONE', #1657, #4287, #4666, .T. ) ;
#4763 = ORIENTED_EDGE ( 'NONE', *, *, #1917, .T. ) ;
#4764 = CARTESIAN_POINT ( 'NONE',  ( 39.25388330100002321, 10.00450788341976782, -4.286150677568239864 ) ) ;
#4765 = AXIS2_PLACEMENT_3D ( 'NONE', #5067, #3832, #2552 ) ;
#4766 = CARTESIAN_POINT ( 'NONE',  ( -185.0000187136000136, 216.7053081231144347, -0.1349904711553107095 ) ) ;
#4767 = ORIENTED_EDGE ( 'NONE', *, *, #5248, .F. ) ;
#4768 = DIRECTION ( 'NONE',  ( -4.504609124208660812E-11, 0.9999999979785944015, 6.358310602959384129E-05 ) ) ;
#4769 = EDGE_CURVE ( 'NONE', #683, #1592, #2210, .T. ) ;
#4770 = CYLINDRICAL_SURFACE ( 'NONE', #3238, 2.500000046249998942 ) ;
#4771 = ORIENTED_EDGE ( 'NONE', *, *, #1991, .F. ) ;
#4772 = CARTESIAN_POINT ( 'NONE',  ( -175.0000187135999852, 139.0539076014262605, -10.13992780861688914 ) ) ;
#4773 = CARTESIAN_POINT ( 'NONE',  ( 59.25388330100000900, 10.00358370297554877, 10.24884929381295073 ) ) ;
#4774 = VERTEX_POINT ( 'NONE', #2154 ) ;
#4775 = ORIENTED_EDGE ( 'NONE', *, *, #1844, .T. ) ;
#4776 = DIRECTION ( 'NONE',  ( -5.773159728048290444E-15, 6.358310602959382773E-05, -0.9999999979785942905 ) ) ;
#4777 = CARTESIAN_POINT ( 'NONE',  ( 18.50843600800000743, 0.005507112208473496917, -20.00178647604841586 ) ) ;
#4778 = DIRECTION ( 'NONE',  ( -5.773159728048290444E-15, 6.358310602959382773E-05, -0.9999999979785942905 ) ) ;
#4779 = DIRECTION ( 'NONE',  ( 2.237506273869335076E-12, -6.358310602959384129E-05, 0.9999999979785944015 ) ) ;
#4780 = APPROVAL_STATUS ( 'not_yet_approved' ) ;
#4781 = CARTESIAN_POINT ( 'NONE',  ( 184.9999812859999793, 226.7037105464204387, 9.865645278597289902 ) ) ;
#4782 = DIRECTION ( 'NONE',  ( 1.000000000000000000, 1.137978600240784444E-13, -2.237446339314883771E-12 ) ) ;
#4783 = DIRECTION ( 'NONE',  ( -1.000000000000000000, -1.140958944659673212E-13, 2.237483422059190191E-12 ) ) ;
#4784 = CARTESIAN_POINT ( 'NONE',  ( -54.75002176599999615, 0.003583723213941569785, 10.24821346249599152 ) ) ;
#4785 = EDGE_CURVE ( 'NONE', #4263, #1314, #3101, .T. ) ;
#4786 = EDGE_LOOP ( 'NONE', ( #3374, #5041, #2425, #2811 ) ) ;
#4787 = FACE_BOUND ( 'NONE', #941, .T. ) ;
#4788 = AXIS2_PLACEMENT_3D ( 'NONE', #2183, #2160, #43 ) ;
#4789 = ORIENTED_EDGE ( 'NONE', *, *, #3059, .F. ) ;
#4790 = CARTESIAN_POINT ( 'NONE',  ( 69.25388330100001610, 10.00450788341976782, -4.286150677568239864 ) ) ;
#4791 = CARTESIAN_POINT ( 'NONE',  ( -19.50002176599999260, 0.003583723213941569785, 10.24821346249599152 ) ) ;
#4792 = ADVANCED_FACE ( 'NONE', ( #5091 ), #2178, .F. ) ;
#4793 = DIRECTION ( 'NONE',  ( 2.237515728249334980E-12, -6.358310602959382773E-05, 0.9999999979785942905 ) ) ;
#4794 = EDGE_CURVE ( 'NONE', #687, #2466, #4156, .T. ) ;
#4795 = DIRECTION ( 'NONE',  ( 5.773159728048291233E-15, -6.358310602959384129E-05, 0.9999999979785944015 ) ) ;
#4796 = FACE_BOUND ( 'NONE', #2291, .T. ) ;
#4797 = CARTESIAN_POINT ( 'NONE',  ( 29.25388635400000226, 10.00472361338150584, -0.1481331363527016443 ) ) ;
#4798 = ORIENTED_EDGE ( 'NONE', *, *, #263, .T. ) ;
#4799 = EDGE_LOOP ( 'NONE', ( #4330, #2242, #2112, #714 ) ) ;
#4800 = AXIS2_PLACEMENT_3D ( 'NONE', #4102, #2859, #5264 ) ;
#4801 = DIRECTION ( 'NONE',  ( -1.136868377219662335E-13, 0.9999999979785944015, 6.358310602959384129E-05 ) ) ;
#4802 = CYLINDRICAL_SURFACE ( 'NONE', #1002, 2.500000046250013153 ) ;
#4803 = PERSON_AND_ORGANIZATION_ROLE ( 'creator' ) ;
#4804 = DIRECTION ( 'NONE',  ( -5.773159728048290444E-15, 6.358310602959382773E-05, -0.9999999979785942905 ) ) ;
#4805 = VERTEX_POINT ( 'NONE', #3461 ) ;
#4806 = DIRECTION ( 'NONE',  ( 5.684341886078310580E-15, -6.358310602959384129E-05, 0.9999999979785944015 ) ) ;
#4807 = CIRCLE ( 'NONE', #5425, 2.500000046249998942 ) ;
#4808 = ORIENTED_EDGE ( 'NONE', *, *, #900, .F. ) ;
#4809 = DIRECTION ( 'NONE',  ( -5.785792637690291007E-15, 6.358310602959382773E-05, -0.9999999979785942905 ) ) ;
#4810 = EDGE_LOOP ( 'NONE', ( #524, #2493, #1588, #2933 ) ) ;
#4811 = CARTESIAN_POINT ( 'NONE',  ( -29.25392683300001551, 10.00296376772080009, 19.99884927466488804 ) ) ;
#4812 = DIRECTION ( 'NONE',  ( -5.751063474986210100E-15, 6.358310602959382773E-05, -0.9999999979785942905 ) ) ;
#4813 = EDGE_CURVE ( 'NONE', #4830, #953, #1335, .T. ) ;
#4814 = CARTESIAN_POINT ( 'NONE',  ( 0.0002956050000058052518, 10.00321810014572677, 15.99884928272524220 ) ) ;
#4815 = CARTESIAN_POINT ( 'NONE',  ( 144.9999812900000222, 50.00360683908385084, 9.854410137035696238 ) ) ;
#4816 = ORIENTED_EDGE ( 'NONE', *, *, #4655, .F. ) ;
#4817 = ORIENTED_EDGE ( 'NONE', *, *, #2880, .F. ) ;
#4818 = VECTOR ( 'NONE', #4296, 999.9999999999998863 ) ;
#4819 = CIRCLE ( 'NONE', #5432, 2.500000000000002220 ) ;
#4820 = EDGE_CURVE ( 'NONE', #5148, #837, #4315, .T. ) ;
#4821 = CARTESIAN_POINT ( 'NONE',  ( 184.9999812859999793, 176.7049823098361685, -10.13753383568816169 ) ) ;
#4822 = AXIS2_PLACEMENT_3D ( 'NONE', #2940, #782, #1108 ) ;
#4823 = EDGE_CURVE ( 'NONE', #383, #271, #2267, .T. ) ;
#4824 = DIRECTION ( 'NONE',  ( 1.141841996549659981E-13, -0.9999999979785944015, -6.358310602959384129E-05 ) ) ;
#4825 = CIRCLE ( 'NONE', #2823, 2.500000046250006047 ) ;
#4826 = DATE_TIME_ROLE ( 'creation_date' ) ;
#4827 = CARTESIAN_POINT ( 'NONE',  ( 194.9999812859999793, 188.7302809013473279, -10.13676923006801012 ) ) ;
#4828 = CARTESIAN_POINT ( 'NONE',  ( -36.75392683299999419, 10.00450788346931397, -4.286150676569483231 ) ) ;
#4829 = CIRCLE ( 'NONE', #2374, 2.500000046249998942 ) ;
#4830 = VERTEX_POINT ( 'NONE', #1450 ) ;
#4831 = AXIS2_PLACEMENT_3D ( 'NONE', #5232, #1891, #5255 ) ;
#4832 = LINE ( 'NONE', #4858, #2587 ) ;
#4833 = VERTEX_POINT ( 'NONE', #227 ) ;
#4834 = DIRECTION ( 'NONE',  ( 1.000000000000000000, 0.000000000000000000, -5.551115020430157443E-15 ) ) ;
#4835 = CIRCLE ( 'NONE', #2553, 2.500000000000002220 ) ;
#4836 = DIRECTION ( 'NONE',  ( -2.237690279189335060E-12, 6.358310602959384129E-05, -0.9999999979785944015 ) ) ;
#4837 = ORIENTED_EDGE ( 'NONE', *, *, #5043, .F. ) ;
#4838 = DIRECTION ( 'NONE',  ( 1.000000000000000000, 0.000000000000000000, -2.237099394619691641E-12 ) ) ;
#4839 = FACE_OUTER_BOUND ( 'NONE', #4269, .T. ) ;
#4840 = DIRECTION ( 'NONE',  ( -5.773159728048290444E-15, 6.358310602959382773E-05, -0.9999999979785942905 ) ) ;
#4841 = DIRECTION ( 'NONE',  ( -4.504626737028661195E-11, 0.9999999979785944015, 6.358310602959384129E-05 ) ) ;
#4842 = VECTOR ( 'NONE', #2145, 999.9999999999998863 ) ;
#4843 = CARTESIAN_POINT ( 'NONE',  ( 31.75388330100001255, 10.00550709197007038, -20.00115064473145665 ) ) ;
#4844 = CARTESIAN_POINT ( 'NONE',  ( 184.9999812859999793, 186.7049822896976536, -10.13689800437614430 ) ) ;
#4845 = AXIS2_PLACEMENT_3D ( 'NONE', #2113, #823, #24 ) ;
#4846 = CARTESIAN_POINT ( 'NONE',  ( 71.75388330100001610, 10.00489650228368532, -10.39813297501515699 ) ) ;
#4847 = FACE_BOUND ( 'NONE', #3327, .T. ) ;
#4848 = EDGE_CURVE ( 'NONE', #5379, #5093, #2295, .T. ) ;
#4849 = EDGE_LOOP ( 'NONE', ( #2902, #136 ) ) ;
#4850 = ORIENTED_EDGE ( 'NONE', *, *, #4949, .T. ) ;
#4851 = LINE ( 'NONE', #985, #422 ) ;
#4852 = DIRECTION ( 'NONE',  ( -1.139704650099660056E-13, 0.9999999979785942905, 6.358310602959382773E-05 ) ) ;
#4853 = EDGE_CURVE ( 'NONE', #2383, #4457, #4911, .T. ) ;
#4854 = CARTESIAN_POINT ( 'NONE',  ( -41.75392683300000130, 10.00489650223335403, -10.39813297401140346 ) ) ;
#4855 = CARTESIAN_POINT ( 'NONE',  ( -182.5000187135999852, 166.7054631910982607, -10.13816963621541589 ) ) ;
#4856 = ADVANCED_FACE ( 'NONE', ( #2790 ), #668, .F. ) ;
#4857 = ORIENTED_EDGE ( 'NONE', *, *, #818, .T. ) ;
#4858 = CARTESIAN_POINT ( 'NONE',  ( 174.9999812840000288, 188.7302809013473279, -10.13676923006801012 ) ) ;
#4859 = CARTESIAN_POINT ( 'NONE',  ( 49.25388330100000189, 10.00550709197007038, -20.00115064473145665 ) ) ;
#4860 = ORIENTED_EDGE ( 'NONE', *, *, #261, .F. ) ;
#4861 = EDGE_LOOP ( 'NONE', ( #343, #2730, #1867, #4074 ) ) ;
#4862 = CYLINDRICAL_SURFACE ( 'NONE', #5459, 2.500000000000002220 ) ;
#4863 = ORIENTED_EDGE ( 'NONE', *, *, #1462, .T. ) ;
#4864 = CARTESIAN_POINT ( 'NONE',  ( -39.25392683299999419, 10.00450788346931397, -4.286150676569483231 ) ) ;
#4865 = DIRECTION ( 'NONE',  ( -2.237515728249334980E-12, 6.358310602959382773E-05, -0.9999999979785942905 ) ) ;
#4866 = FACE_OUTER_BOUND ( 'NONE', #4097, .T. ) ;
#4867 = CIRCLE ( 'NONE', #4361, 2.500000046249998942 ) ;
#4868 = FACE_BOUND ( 'NONE', #4929, .T. ) ;
#4869 = ORIENTED_EDGE ( 'NONE', *, *, #3804, .F. ) ;
#4870 = EDGE_LOOP ( 'NONE', ( #1614, #1618, #5223, #2237 ) ) ;
#4871 = ADVANCED_FACE ( 'NONE', ( #2883 ), #5420, .F. ) ;
#4872 = DIRECTION ( 'NONE',  ( 2.237515728249914975E-12, -6.358310602959382773E-05, 0.9999999979785942905 ) ) ;
#4873 = EDGE_LOOP ( 'NONE', ( #2212, #3740, #1683, #3532 ) ) ;
#4874 = CARTESIAN_POINT ( 'NONE',  ( -2.176600000236561527E-05, 0.004235450083843461666, -0.001786516350243960716 ) ) ;
#4875 = EDGE_CURVE ( 'NONE', #1188, #1738, #2038, .T. ) ;
#4876 = EDGE_LOOP ( 'NONE', ( #376, #1152 ) ) ;
#4877 = FACE_BOUND ( 'NONE', #1258, .T. ) ;
#4878 = CARTESIAN_POINT ( 'NONE',  ( 19.49997823400001451, 10.00489650233323324, -10.39813297401637193 ) ) ;
#4879 = EDGE_CURVE ( 'NONE', #1620, #2955, #3619, .T. ) ;
#4880 = CYLINDRICAL_SURFACE ( 'NONE', #577, 2.500000046250013153 ) ;
#4881 = EDGE_LOOP ( 'NONE', ( #5021, #4742 ) ) ;
#4882 = ORIENTED_EDGE ( 'NONE', *, *, #4538, .T. ) ;
#4883 = AXIS2_PLACEMENT_3D ( 'NONE', #1837, #3991, #2653 ) ;
#4884 = EDGE_LOOP ( 'NONE', ( #3416, #1583 ) ) ;
#4885 = ORIENTED_EDGE ( 'NONE', *, *, #4376, .F. ) ;
#4886 = DIRECTION ( 'NONE',  ( 1.000000000000000000, 1.137978600240784444E-13, -2.237446339314883771E-12 ) ) ;
#4887 = CARTESIAN_POINT ( 'NONE',  ( 79.99998128599999347, 20.00487856707656320, -10.14749731486655548 ) ) ;
#4888 = DIRECTION ( 'NONE',  ( -5.773159728048290444E-15, 6.358310602959382773E-05, -0.9999999979785942905 ) ) ;
#4889 = CARTESIAN_POINT ( 'NONE',  ( 18.50843600800000743, 10.00550709197007038, -20.00115064473145665 ) ) ;
#4890 = PLANE ( 'NONE',  #3276 ) ;
#4891 = DIRECTION ( 'NONE',  ( -1.139704650099662076E-13, 0.9999999979785942905, 6.358310602959382773E-05 ) ) ;
#4892 = ORIENTED_EDGE ( 'NONE', *, *, #4853, .F. ) ;
#4893 = ORIENTED_EDGE ( 'NONE', *, *, #2357, .T. ) ;
#4894 = FACE_OUTER_BOUND ( 'NONE', #2857, .T. ) ;
#4895 = ORIENTED_EDGE ( 'NONE', *, *, #2305, .F. ) ;
#4896 = AXIS2_PLACEMENT_3D ( 'NONE', #2934, #2582, #2167 ) ;
#4897 = VECTOR ( 'NONE', #2504, 999.9999999999998863 ) ;
#4898 = CARTESIAN_POINT ( 'NONE',  ( 89.99997823399996832, 20.00327371513494157, 15.12448511505401427 ) ) ;
#4899 = CLOSED_SHELL ( 'NONE', ( #795, #3527, #28, #1036, #1436, #4536, #1414, #1948, #2373, #5319, #2333, #2750, #1958, #4404, #3098, #4466, #1331, #4693, #46, #4141, #4128, #2197, #3191, #2946, #2644, #5220, #4601, #843, #753, #3156, #1100, #3960, #4692, #3044, #365, #2202, #4622, #4370 ) ) ;
#4900 = AXIS2_PLACEMENT_3D ( 'NONE', #1246, #2961, #1303 ) ;
#4901 = EDGE_LOOP ( 'NONE', ( #2068, #983 ) ) ;
#4902 = CARTESIAN_POINT ( 'NONE',  ( 89.99997823399996832, 20.00296374753273199, 19.99948510497814880 ) ) ;
#4903 = DIRECTION ( 'NONE',  ( -1.136868377219662335E-13, 0.9999999979785944015, 6.358310602959384129E-05 ) ) ;
#4904 = VECTOR ( 'NONE', #1218, 999.9999999999998863 ) ;
#4905 = CARTESIAN_POINT ( 'NONE',  ( -46.75392378099999036, 10.00487857957486604, -10.14813314680074186 ) ) ;
#4906 = VERTEX_POINT ( 'NONE', #3423 ) ;
#4907 = ORIENTED_EDGE ( 'NONE', *, *, #2431, .F. ) ;
#4908 = EDGE_CURVE ( 'NONE', #1060, #626, #5269, .T. ) ;
#4909 = VECTOR ( 'NONE', #2956, 999.9999999999998863 ) ;
#4910 = ADVANCED_FACE ( 'NONE', ( #3077 ), #3479, .F. ) ;
#4911 = CIRCLE ( 'NONE', #4831, 2.500000000000002220 ) ;
#4912 = ORIENTED_EDGE ( 'NONE', *, *, #1770, .F. ) ;
#4913 = ORIENTED_EDGE ( 'NONE', *, *, #2404, .T. ) ;
#4914 = DIRECTION ( 'NONE',  ( 2.237515728248475083E-12, -6.358310602959382773E-05, 0.9999999979785942905 ) ) ;
#4915 = FACE_OUTER_BOUND ( 'NONE', #2932, .T. ) ;
#4916 = DIRECTION ( 'NONE',  ( 1.000000000000000000, 0.000000000000000000, -5.551115020430141666E-15 ) ) ;
#4917 = VERTEX_POINT ( 'NONE', #4735 ) ;
#4918 = EDGE_CURVE ( 'NONE', #417, #1237, #3043, .T. ) ;
#4919 = AXIS2_PLACEMENT_3D ( 'NONE', #3216, #4872, #563 ) ;
#4920 = CYLINDRICAL_SURFACE ( 'NONE', #4422, 1.650000030519998884 ) ;
#4921 = EDGE_CURVE ( 'NONE', #3425, #4682, #947, .T. ) ;
#4922 = DIRECTION ( 'NONE',  ( 0.9999999815015170324, -0.0001923459526860551148, -1.222995891984413350E-08 ) ) ;
#4923 = CIRCLE ( 'NONE', #781, 2.500000046249998942 ) ;
#4924 = DIRECTION ( 'NONE',  ( -1.136868377219662335E-13, 0.9999999979785944015, 6.358310602959384129E-05 ) ) ;
#4925 = VERTEX_POINT ( 'NONE', #34 ) ;
#4926 = VERTEX_POINT ( 'NONE', #4255 ) ;
#4927 = DIRECTION ( 'NONE',  ( 1.000000000000000000, 0.000000000000000000, -2.237099394619688409E-12 ) ) ;
#4928 = DIRECTION ( 'NONE',  ( 1.000000000000000000, 0.000000000000000000, -5.551115020430157443E-15 ) ) ;
#4929 = EDGE_LOOP ( 'NONE', ( #2739, #3562 ) ) ;
#4930 = FACE_BOUND ( 'NONE', #2541, .T. ) ;
#4931 = CARTESIAN_POINT ( 'NONE',  ( -175.0000187135999852, 139.0532717703139838, -0.1399278287653182851 ) ) ;
#4932 = EDGE_LOOP ( 'NONE', ( #1939, #4534 ) ) ;
#4933 = LINE ( 'NONE', #1146, #541 ) ;
#4934 = CYLINDRICAL_SURFACE ( 'NONE', #4542, 2.500000046249998942 ) ;
#4935 = CARTESIAN_POINT ( 'NONE',  ( 26.75388330100000900, 10.00550709197007038, -20.00115064473145665 ) ) ;
#4936 = EDGE_LOOP ( 'NONE', ( #772, #2589 ) ) ;
#4937 = VERTEX_POINT ( 'NONE', #2205 ) ;
#4938 = ADVANCED_FACE ( 'NONE', ( #2962 ), #3928, .F. ) ;
#4939 = EDGE_LOOP ( 'NONE', ( #4096, #3486 ) ) ;
#4940 = ORIENTED_EDGE ( 'NONE', *, *, #3729, .F. ) ;
#4941 = DIRECTION ( 'NONE',  ( 2.237515728249334980E-12, -6.358310602959382773E-05, 0.9999999979785942905 ) ) ;
#4942 = DIRECTION ( 'NONE',  ( -5.773159728048290444E-15, 6.358310602959382773E-05, -0.9999999979785942905 ) ) ;
#4943 = DIRECTION ( 'NONE',  ( -2.237515728249334980E-12, 6.358310602959382773E-05, -0.9999999979785942905 ) ) ;
#4944 = CARTESIAN_POINT ( 'NONE',  ( 144.9999812930000189, 0.003606940235108269110, 9.851230982455383867 ) ) ;
#4945 = VERTEX_POINT ( 'NONE', #4707 ) ;
#4946 = DIRECTION ( 'NONE',  ( 1.000000000000000000, 1.141380749355387608E-13, -2.237390870624717534E-12 ) ) ;
#4947 = EDGE_CURVE ( 'NONE', #5321, #973, #1926, .T. ) ;
#4948 = CARTESIAN_POINT ( 'NONE',  ( 174.9999812860000361, 139.0539076059702666, -10.13992780784109193 ) ) ;
#4949 = EDGE_CURVE ( 'NONE', #3452, #1662, #9, .T. ) ;
#4950 = ORIENTED_EDGE ( 'NONE', *, *, #2435, .F. ) ;
#4951 = ORIENTED_EDGE ( 'NONE', *, *, #4174, .T. ) ;
#4952 = DIRECTION ( 'NONE',  ( 5.684341886078310580E-15, -6.358310602959384129E-05, 0.9999999979785944015 ) ) ;
#4953 = LINE ( 'NONE', #1928, #1447 ) ;
#4954 = EDGE_LOOP ( 'NONE', ( #4771, #1475, #4166, #2685 ) ) ;
#4955 = CARTESIAN_POINT ( 'NONE',  ( -56.75392683300001551, 10.00550709197007038, -20.00115064473145665 ) ) ;
#4956 = EDGE_LOOP ( 'NONE', ( #980, #189 ) ) ;
#4957 = DIRECTION ( 'NONE',  ( 1.000000000000000000, 0.000000000000000000, -2.237099394619688409E-12 ) ) ;
#4958 = CARTESIAN_POINT ( 'NONE',  ( 89.99997823399996832, 0.003583723213941569785, 10.24821346249599152 ) ) ;
#4959 = CARTESIAN_POINT ( 'NONE',  ( -185.0000187136000136, 238.4066541927292917, -10.13361065209672418 ) ) ;
#4960 = DIRECTION ( 'NONE',  ( -5.773159728048290444E-15, 6.358310602959382773E-05, -0.9999999979785942905 ) ) ;
#4961 = VERTEX_POINT ( 'NONE', #112 ) ;
#4962 = AXIS2_PLACEMENT_3D ( 'NONE', #594, #2186, #4383 ) ;
#4963 = CARTESIAN_POINT ( 'NONE',  ( -182.5000187135999852, 166.7048273597862647, -0.1381696563539369649 ) ) ;
#4964 = ORIENTED_EDGE ( 'NONE', *, *, #686, .T. ) ;
#4965 = VERTEX_POINT ( 'NONE', #88 ) ;
#4966 = CARTESIAN_POINT ( 'NONE',  ( -10.14700407599999821, 20.00359023292720551, 10.14646743526837014 ) ) ;
#4967 = DIRECTION ( 'NONE',  ( 1.000000000000000000, 4.504606588158797030E-11, -2.930989396705791047E-15 ) ) ;
#4968 = VERTEX_POINT ( 'NONE', #1355 ) ;
#4969 = CARTESIAN_POINT ( 'NONE',  ( -11.31350584999998787, 20.00351603465907147, 11.31341803654226119 ) ) ;
#4970 = AXIS2_PLACEMENT_3D ( 'NONE', #2763, #4041, #3157 ) ;
#4971 = ORIENTED_EDGE ( 'NONE', *, *, #431, .T. ) ;
#4972 = DIRECTION ( 'NONE',  ( 1.000000000000000000, 0.000000000000000000, -5.551115020430157443E-15 ) ) ;
#4973 = DIRECTION ( 'NONE',  ( 1.000000000000000000, 1.139705910348116809E-13, 0.000000000000000000 ) ) ;
#4974 = AXIS2_PLACEMENT_3D ( 'NONE', #2944, #3847, #754 ) ;
#4975 = ORIENTED_EDGE ( 'NONE', *, *, #964, .F. ) ;
#4976 = ORIENTED_EDGE ( 'NONE', *, *, #4531, .F. ) ;
#4977 = EDGE_CURVE ( 'NONE', #2340, #1350, #2643, .T. ) ;
#4978 = FACE_BOUND ( 'NONE', #4188, .T. ) ;
#4979 = DIRECTION ( 'NONE',  ( 5.684341886078310580E-15, -6.358310602959384129E-05, 0.9999999979785944015 ) ) ;
#4980 = VERTEX_POINT ( 'NONE', #868 ) ;
#4981 = EDGE_CURVE ( 'NONE', #623, #4158, #2588, .T. ) ;
#4982 = EDGE_CURVE ( 'NONE', #831, #238, #153, .T. ) ;
#4983 = DIRECTION ( 'NONE',  ( 2.238278642359335165E-12, -6.358310602959384129E-05, 0.9999999979785944015 ) ) ;
#4984 = VERTEX_POINT ( 'NONE', #1747 ) ;
#4985 = DIRECTION ( 'NONE',  ( -2.229106397689999106E-12, -0.04954705606199365231, -0.9987717903683451803 ) ) ;
#4986 = AXIS2_PLACEMENT_3D ( 'NONE', #5364, #1187, #3319 ) ;
#4987 = CARTESIAN_POINT ( 'NONE',  ( -182.5000187135999852, 186.7054631497728963, -10.13689797454062003 ) ) ;
#4988 = ORIENTED_EDGE ( 'NONE', *, *, #2464, .T. ) ;
#4989 = ORIENTED_EDGE ( 'NONE', *, *, #796, .F. ) ;
#4990 = LINE ( 'NONE', #1654, #2744 ) ;
#4991 = AXIS2_PLACEMENT_3D ( 'NONE', #4864, #4914, #250 ) ;
#4992 = EDGE_CURVE ( 'NONE', #656, #1857, #3401, .T. ) ;
#4993 = VERTEX_POINT ( 'NONE', #4635 ) ;
#4994 = EDGE_LOOP ( 'NONE', ( #2312, #2797, #5085, #1866 ) ) ;
#4995 = VECTOR ( 'NONE', #5027, 999.9999999999998863 ) ;
#4996 = FACE_OUTER_BOUND ( 'NONE', #3758, .T. ) ;
#4997 = DIRECTION ( 'NONE',  ( 1.000000000000000000, 1.141845665000849767E-13, -5.765899530323449696E-15 ) ) ;
#4998 = VERTEX_POINT ( 'NONE', #917 ) ;
#4999 = DIRECTION ( 'NONE',  ( -1.139704650099662076E-13, 0.9999999979785942905, 6.358310602959382773E-05 ) ) ;
#5000 = AXIS2_PLACEMENT_3D ( 'NONE', #3372, #99, #2217 ) ;
#5001 = VECTOR ( 'NONE', #3906, 1000.000000000000000 ) ;
#5002 = FACE_OUTER_BOUND ( 'NONE', #308, .T. ) ;
#5003 = AXIS2_PLACEMENT_3D ( 'NONE', #1305, #2230, #3020 ) ;
#5004 = ORIENTED_EDGE ( 'NONE', *, *, #893, .T. ) ;
#5005 = CIRCLE ( 'NONE', #3889, 2.500000046250006047 ) ;
#5006 = CARTESIAN_POINT ( 'NONE',  ( -10.14700407599999821, 0.003590273404005528413, 10.14519577263445171 ) ) ;
#5007 = EDGE_CURVE ( 'NONE', #3251, #535, #835, .T. ) ;
#5008 = CARTESIAN_POINT ( 'NONE',  ( -185.0000187136000136, 206.7037105827519667, 9.864373617170214104 ) ) ;
#5009 = EDGE_LOOP ( 'NONE', ( #3460, #4550, #1587, #1970 ) ) ;
#5010 = VECTOR ( 'NONE', #3234, 999.9999999999998863 ) ;
#5011 = CARTESIAN_POINT ( 'NONE',  ( 11.31346231799998314, 0.004954825082136016245, -11.31571940761252826 ) ) ;
#5012 = EDGE_CURVE ( 'NONE', #2898, #4805, #5184, .T. ) ;
#5013 = EDGE_LOOP ( 'NONE', ( #1568, #3757 ) ) ;
#5014 = LINE ( 'NONE', #1234, #5032 ) ;
#5015 = CARTESIAN_POINT ( 'NONE',  ( -51.75392683300000840, 10.00296376772080009, 19.99884927466488804 ) ) ;
#5016 = EDGE_LOOP ( 'NONE', ( #3413, #740, #5458, #5268 ) ) ;
#5017 = ORIENTED_EDGE ( 'NONE', *, *, #1059, .T. ) ;
#5018 = EDGE_CURVE ( 'NONE', #1019, #953, #5089, .T. ) ;
#5019 = DIRECTION ( 'NONE',  ( 1.000000000000000000, 0.000000000000000000, -5.551115020430141666E-15 ) ) ;
#5020 = ORIENTED_EDGE ( 'NONE', *, *, #2634, .F. ) ;
#5021 = ORIENTED_EDGE ( 'NONE', *, *, #2714, .F. ) ;
#5022 = DIRECTION ( 'NONE',  ( -5.761605172319240254E-15, 6.358310602959382773E-05, -0.9999999979785942905 ) ) ;
#5023 = CARTESIAN_POINT ( 'NONE',  ( 69.25388330100001610, 10.00550709197007038, -20.00115064473145665 ) ) ;
#5024 = DIRECTION ( 'NONE',  ( 2.237515728249334980E-12, -6.358310602959382773E-05, 0.9999999979785942905 ) ) ;
#5025 = VERTEX_POINT ( 'NONE', #4392 ) ;
#5026 = CARTESIAN_POINT ( 'NONE',  ( -11.31350584999998787, 0.004954825082136016245, -11.31571940761252826 ) ) ;
#5027 = DIRECTION ( 'NONE',  ( -1.136868377219662335E-13, 0.9999999979785944015, 6.358310602959384129E-05 ) ) ;
#5028 = CARTESIAN_POINT ( 'NONE',  ( 54.25388330199998421, 0.002963787959199548627, 19.99821344334792883 ) ) ;
#5029 = EDGE_LOOP ( 'NONE', ( #4258, #466, #1225, #2969 ) ) ;
#5030 = ORIENTED_EDGE ( 'NONE', *, *, #1586, .F. ) ;
#5031 = FACE_BOUND ( 'NONE', #3064, .T. ) ;
#5032 = VECTOR ( 'NONE', #3409, 999.9999999999998863 ) ;
#5033 = ORIENTED_EDGE ( 'NONE', *, *, #3458, .T. ) ;
#5034 = EDGE_LOOP ( 'NONE', ( #2221, #1149 ) ) ;
#5035 = VECTOR ( 'NONE', #489, 1000.000000000000000 ) ;
#5036 = CC_DESIGN_PERSON_AND_ORGANIZATION_ASSIGNMENT ( #2110, #3768, ( #4205 ) ) ;
#5037 = DIRECTION ( 'NONE',  ( -1.139637778175752366E-13, 0.9999999979785944015, 6.358310606435077440E-05 ) ) ;
#5038 = DIRECTION ( 'NONE',  ( 1.000000000000000000, 0.000000000000000000, -2.237793284010079132E-12 ) ) ;
#5039 = CARTESIAN_POINT ( 'NONE',  ( -16.00002176599998904, 20.00423538942136048, -0.0001974839195229005639 ) ) ;
#5040 = CARTESIAN_POINT ( 'NONE',  ( 39.25388635400000936, 10.00535944449375947, -10.14813311620424408 ) ) ;
#5041 = ORIENTED_EDGE ( 'NONE', *, *, #2226, .T. ) ;
#5042 = FACE_BOUND ( 'NONE', #490, .T. ) ;
#5043 = EDGE_CURVE ( 'NONE', #3328, #5430, #679, .T. ) ;
#5044 = ORIENTED_EDGE ( 'NONE', *, *, #2930, .T. ) ;
#5045 = DIRECTION ( 'NONE',  ( 5.684341886078310580E-15, -6.358310602959384129E-05, 0.9999999979785944015 ) ) ;
#5046 = AXIS2_PLACEMENT_3D ( 'NONE', #1403, #158, #2663 ) ;
#5047 = ORIENTED_EDGE ( 'NONE', *, *, #1644, .F. ) ;
#5048 = CARTESIAN_POINT ( 'NONE',  ( -175.0000187135999852, 238.4053825311040384, 9.866389307576660883 ) ) ;
#5049 = EDGE_CURVE ( 'NONE', #3700, #3013, #3791, .T. ) ;
#5050 = VECTOR ( 'NONE', #4979, 999.9999999999998863 ) ;
#5051 = ORIENTED_EDGE ( 'NONE', *, *, #2742, .F. ) ;
#5052 = DIRECTION ( 'NONE',  ( -1.000000000000000000, -1.141127329791522989E-13, 2.237508477130827510E-12 ) ) ;
#5053 = CARTESIAN_POINT ( 'NONE',  ( -195.0000187116000063, 94.52939304767666329, -10.14275881495846399 ) ) ;
#5054 = ORIENTED_EDGE ( 'NONE', *, *, #288, .F. ) ;
#5055 = CARTESIAN_POINT ( 'NONE',  ( 46.75388635400001647, 10.00487857957486604, -10.14813314680074186 ) ) ;
#5056 = ORIENTED_EDGE ( 'NONE', *, *, #5086, .F. ) ;
#5057 = CARTESIAN_POINT ( 'NONE',  ( -2.176600000236561527E-05, 10.00311318799450966, 17.64884927870080844 ) ) ;
#5058 = CIRCLE ( 'NONE', #211, 2.500000000000002220 ) ;
#5059 = LINE ( 'NONE', #3332, #5050 ) ;
#5060 = ORIENTED_EDGE ( 'NONE', *, *, #2509, .T. ) ;
#5061 = DIRECTION ( 'NONE',  ( 2.237515728249334980E-12, -6.358310602959382773E-05, 0.9999999979785942905 ) ) ;
#5062 = CARTESIAN_POINT ( 'NONE',  ( -140.0000187136000136, 20.00487855713917185, -10.14749731537478716 ) ) ;
#5063 = CARTESIAN_POINT ( 'NONE',  ( -26.75392378100000101, 10.00360691745023978, 9.851866812897430492 ) ) ;
#5064 = DIRECTION ( 'NONE',  ( 1.000000000000000000, 0.000000000000000000, -2.237793284010079132E-12 ) ) ;
#5065 = DIRECTION ( 'NONE',  ( -5.765643825262320359E-15, 6.358310602959382773E-05, -0.9999999979785942905 ) ) ;
#5066 = EDGE_LOOP ( 'NONE', ( #2755, #925 ) ) ;
#5067 = CARTESIAN_POINT ( 'NONE',  ( -185.0000187136000136, 176.7049823058410993, -10.13753383548995934 ) ) ;
#5068 = VERTEX_POINT ( 'NONE', #1861 ) ;
#5069 = LINE ( 'NONE', #3834, #1547 ) ;
#5070 = EDGE_CURVE ( 'NONE', #5176, #2287, #848, .T. ) ;
#5071 = EDGE_LOOP ( 'NONE', ( #1825, #1940 ) ) ;
#5072 = LINE ( 'NONE', #4681, #79 ) ;
#5073 = VECTOR ( 'NONE', #2250, 999.9999999999998863 ) ;
#5074 = VECTOR ( 'NONE', #3249, 999.9999999999998863 ) ;
#5075 = AXIS2_PLACEMENT_3D ( 'NONE', #1864, #1473, #635 ) ;
#5076 = CIRCLE ( 'NONE', #1921, 2.500000046249998942 ) ;
#5077 = ORIENTED_EDGE ( 'NONE', *, *, #4333, .F. ) ;
#5078 = EDGE_CURVE ( 'NONE', #4833, #2241, #4445, .T. ) ;
#5079 = CARTESIAN_POINT ( 'NONE',  ( -11.31350584999998787, 20.00495478460533505, -11.31444774497864003 ) ) ;
#5080 = EDGE_CURVE ( 'NONE', #973, #5321, #404, .T. ) ;
#5081 = DIRECTION ( 'NONE',  ( 1.000000000000000000, 1.137978600240784444E-13, -2.237446339314883771E-12 ) ) ;
#5082 = ORIENTED_EDGE ( 'NONE', *, *, #195, .F. ) ;
#5083 = VECTOR ( 'NONE', #5333, 999.9999999999998863 ) ;
#5084 = DIRECTION ( 'NONE',  ( 1.000000000000000000, 0.000000000000000000, -2.237099394619688409E-12 ) ) ;
#5085 = ORIENTED_EDGE ( 'NONE', *, *, #4823, .F. ) ;
#5086 = EDGE_CURVE ( 'NONE', #2050, #3382, #1419, .T. ) ;
#5087 = AXIS2_PLACEMENT_3D ( 'NONE', #4127, #3708, #4185 ) ;
#5088 = DIRECTION ( 'NONE',  ( -5.773159728048290444E-15, 6.358310602959382773E-05, -0.9999999979785942905 ) ) ;
#5089 = CIRCLE ( 'NONE', #2380, 2.500000046250006047 ) ;
#5090 = EDGE_CURVE ( 'NONE', #2724, #4548, #3954, .T. ) ;
#5091 = FACE_OUTER_BOUND ( 'NONE', #3667, .T. ) ;
#5092 = FACE_OUTER_BOUND ( 'NONE', #4602, .T. ) ;
#5093 = VERTEX_POINT ( 'NONE', #4843 ) ;
#5094 = AXIS2_PLACEMENT_3D ( 'NONE', #2126, #472, #503 ) ;
#5095 = LINE ( 'NONE', #98, #1398 ) ;
#5096 = VECTOR ( 'NONE', #1947, 999.9999999999998863 ) ;
#5097 = CARTESIAN_POINT ( 'NONE',  ( -185.0000187136000136, 176.7046723734048044, 9.862466184407365333 ) ) ;
#5098 = CYLINDRICAL_SURFACE ( 'NONE', #5174, 2.500000046250013153 ) ;
#5099 = DIRECTION ( 'NONE',  ( 1.000000000000000000, 0.000000000000000000, -2.237099394619688409E-12 ) ) ;
#5100 = CARTESIAN_POINT ( 'NONE',  ( -71.75392378100001167, 10.00487857957486604, -10.14813314680074186 ) ) ;
#5101 = CIRCLE ( 'NONE', #2128, 2.500000046249998942 ) ;
#5102 = EDGE_LOOP ( 'NONE', ( #2085, #132 ) ) ;
#5103 = CYLINDRICAL_SURFACE ( 'NONE', #1964, 2.500000000000002220 ) ;
#5104 = ORIENTED_EDGE ( 'NONE', *, *, #2880, .T. ) ;
#5105 = LINE ( 'NONE', #1268, #4842 ) ;
#5106 = ADVANCED_FACE ( 'NONE', ( #139 ), #1833, .F. ) ;
#5107 = EDGE_LOOP ( 'NONE', ( #2526, #547 ) ) ;
#5108 = DIRECTION ( 'NONE',  ( 1.000000000000000000, 0.000000000000000000, -5.551115020430141666E-15 ) ) ;
#5109 = DIRECTION ( 'NONE',  ( -1.139704650099660056E-13, 0.9999999979785942905, 6.358310602959382773E-05 ) ) ;
#5110 = ORIENTED_EDGE ( 'NONE', *, *, #927, .F. ) ;
#5111 = DIRECTION ( 'NONE',  ( 2.237515728249336999E-12, -6.358310602959384129E-05, 0.9999999979785944015 ) ) ;
#5112 = ADVANCED_BREP_SHAPE_REPRESENTATION ( 'Link3RightSide_Default_sldprt', ( #3825, #2000, #2075, #412 ), #4657 ) ;
#5113 = EDGE_CURVE ( 'NONE', #464, #3138, #4307, .T. ) ;
#5114 = CYLINDRICAL_SURFACE ( 'NONE', #1214, 2.500000046250013153 ) ;
#5115 = ORIENTED_EDGE ( 'NONE', *, *, #4427, .T. ) ;
#5116 = EDGE_CURVE ( 'NONE', #5234, #3399, #2282, .T. ) ;
#5117 = CIRCLE ( 'NONE', #5300, 2.500000000000002220 ) ;
#5118 = DIRECTION ( 'NONE',  ( 1.000000000000000000, 1.137978600240784444E-13, -2.237446339314883771E-12 ) ) ;
#5119 = CYLINDRICAL_SURFACE ( 'NONE', #1360, 1.650000030520000660 ) ;
#5120 = ORIENTED_EDGE ( 'NONE', *, *, #3824, .T. ) ;
#5121 = ORIENTED_EDGE ( 'NONE', *, *, #4210, .F. ) ;
#5122 = DIRECTION ( 'NONE',  ( 1.000000000000000000, 0.000000000000000000, -2.237793284010082363E-12 ) ) ;
#5123 = EDGE_CURVE ( 'NONE', #4075, #3813, #2058, .T. ) ;
#5124 = CARTESIAN_POINT ( 'NONE',  ( 184.9999812859999793, 186.7059440198853792, -10.13689794420177748 ) ) ;
#5125 = DIRECTION ( 'NONE',  ( 5.684341886078310580E-15, -6.358310602959384129E-05, 0.9999999979785944015 ) ) ;
#5126 = DIRECTION ( 'NONE',  ( 0.000000000000000000, 6.358310602959384129E-05, -0.9999999979785944015 ) ) ;
#5127 = VECTOR ( 'NONE', #4136, 999.9999999999998863 ) ;
#5128 = DIRECTION ( 'NONE',  ( 2.237515728249334980E-12, -6.358310602959382773E-05, 0.9999999979785942905 ) ) ;
#5129 = FACE_OUTER_BOUND ( 'NONE', #179, .T. ) ;
#5130 = VERTEX_POINT ( 'NONE', #4179 ) ;
#5131 = DIRECTION ( 'NONE',  ( -0.9999999815015170324, 0.0001923459528484241479, 1.222995889816002057E-08 ) ) ;
#5132 = CARTESIAN_POINT ( 'NONE',  ( -49.25392378099999036, 10.00408778236913321, 9.851866843493928272 ) ) ;
#5133 = ORIENTED_EDGE ( 'NONE', *, *, #3649, .F. ) ;
#5134 = DIRECTION ( 'NONE',  ( -0.9999999815015170324, 0.0001923459527707085362, 1.222995889816002057E-08 ) ) ;
#5135 = ORIENTED_EDGE ( 'NONE', *, *, #2916, .F. ) ;
#5136 = CARTESIAN_POINT ( 'NONE',  ( 184.9999812859999793, 216.7049822292325416, -10.13499051143892871 ) ) ;
#5137 = CARTESIAN_POINT ( 'NONE',  ( 142.4999812900000222, 0.004878597565642628364, -10.14876897700497871 ) ) ;
#5138 = CARTESIAN_POINT ( 'NONE',  ( 184.9999812859999793, 238.4053825311040384, 9.866389307576660883 ) ) ;
#5139 = ADVANCED_FACE ( 'NONE', ( #2449 ), #2398, .F. ) ;
#5140 = ORIENTED_EDGE ( 'NONE', *, *, #3463, .T. ) ;
#5141 = DIRECTION ( 'NONE',  ( -1.139704650099662076E-13, 0.9999999979785942905, 6.358310602959382773E-05 ) ) ;
#5142 = FACE_OUTER_BOUND ( 'NONE', #4737, .T. ) ;
#5143 = ORIENTED_EDGE ( 'NONE', *, *, #2070, .T. ) ;
#5144 = DIRECTION ( 'NONE',  ( -1.000000000000000000, -1.149665463902302464E-13, 5.703258716538003198E-15 ) ) ;
#5145 = DIRECTION ( 'NONE',  ( -2.237515728249334980E-12, 6.358310602959382773E-05, -0.9999999979785942905 ) ) ;
#5146 = EDGE_CURVE ( 'NONE', #2528, #1424, #2807, .T. ) ;
#5147 = ORIENTED_EDGE ( 'NONE', *, *, #5012, .T. ) ;
#5148 = VERTEX_POINT ( 'NONE', #4944 ) ;
#5149 = LINE ( 'NONE', #1785, #1042 ) ;
#5150 = FACE_OUTER_BOUND ( 'NONE', #3994, .T. ) ;
#5151 = CARTESIAN_POINT ( 'NONE',  ( -90.00002176600000325, 0.002963787959199548627, 19.99821344334792883 ) ) ;
#5152 = EDGE_CURVE ( 'NONE', #3725, #2517, #1820, .T. ) ;
#5153 = CARTESIAN_POINT ( 'NONE',  ( 29.25388635400000226, 10.00408778236913321, 9.851866843493928272 ) ) ;
#5154 = EDGE_CURVE ( 'NONE', #3508, #3805, #1576, .T. ) ;
#5155 = COORDINATED_UNIVERSAL_TIME_OFFSET ( 3, 30, .AHEAD. ) ;
#5156 = VECTOR ( 'NONE', #262, 999.9999999999998863 ) ;
#5157 = CARTESIAN_POINT ( 'NONE',  ( -61.75392683300001551, 10.00550709197007038, -20.00115064473145665 ) ) ;
#5158 = CARTESIAN_POINT ( 'NONE',  ( 187.4999812859999793, 186.7054631547667611, -10.13689797478836674 ) ) ;
#5159 = EDGE_CURVE ( 'NONE', #1338, #2351, #744, .T. ) ;
#5160 = ORIENTED_EDGE ( 'NONE', *, *, #4327, .T. ) ;
#5161 = CARTESIAN_POINT ( 'NONE',  ( 18.50778836899999291, 0.002963787959199548627, 19.99821344334792883 ) ) ;
#5162 = ORIENTED_EDGE ( 'NONE', *, *, #4663, .F. ) ;
#5163 = CARTESIAN_POINT ( 'NONE',  ( 19.99998128600000058, 20.00424272832409400, -0.1474973356371811484 ) ) ;
#5164 = EDGE_CURVE ( 'NONE', #1075, #3705, #3233, .T. ) ;
#5165 = ORIENTED_EDGE ( 'NONE', *, *, #1636, .T. ) ;
#5166 = CARTESIAN_POINT ( 'NONE',  ( -140.0000187136000136, 0.004878597565642628364, -10.14876897700497871 ) ) ;
#5167 = DIRECTION ( 'NONE',  ( -1.136868377219662335E-13, 0.9999999979785944015, 6.358310602959384129E-05 ) ) ;
#5168 = CIRCLE ( 'NONE', #313, 2.499999999999998668 ) ;
#5169 = ORIENTED_EDGE ( 'NONE', *, *, #84, .T. ) ;
#5170 = CYLINDRICAL_SURFACE ( 'NONE', #4159, 2.500000046249998942 ) ;
#5171 = VECTOR ( 'NONE', #2605, 999.9999999999998863 ) ;
#5172 = CIRCLE ( 'NONE', #2285, 2.500000000000002220 ) ;
#5173 = AXIS2_PLACEMENT_3D ( 'NONE', #3260, #630, #689 ) ;
#5174 = AXIS2_PLACEMENT_3D ( 'NONE', #1318, #1701, #2161 ) ;
#5175 = CARTESIAN_POINT ( 'NONE',  ( -18.50838483800001910, 20.00296374753273199, 19.99948510497814880 ) ) ;
#5176 = VERTEX_POINT ( 'NONE', #4501 ) ;
#5177 = FACE_BOUND ( 'NONE', #3041, .T. ) ;
#5178 = CIRCLE ( 'NONE', #4154, 2.500000000000002220 ) ;
#5179 = CIRCLE ( 'NONE', #5263, 2.499999999999998668 ) ;
#5180 = CYLINDRICAL_SURFACE ( 'NONE', #39, 27.25047295370000811 ) ;
#5181 = ORIENTED_EDGE ( 'NONE', *, *, #4631, .F. ) ;
#5182 = VECTOR ( 'NONE', #1684, 999.9999999999998863 ) ;
#5183 = ORIENTED_EDGE ( 'NONE', *, *, #2805, .T. ) ;
#5184 = CIRCLE ( 'NONE', #3358, 2.500000046250006047 ) ;
#5185 = EDGE_CURVE ( 'NONE', #745, #3833, #5342, .T. ) ;
#5186 = FACE_OUTER_BOUND ( 'NONE', #4378, .T. ) ;
#5187 = LINE ( 'NONE', #3851, #3657 ) ;
#5188 = DIRECTION ( 'NONE',  ( -5.757669518578740492E-15, 6.358310602959382773E-05, -0.9999999979785942905 ) ) ;
#5189 = FACE_OUTER_BOUND ( 'NONE', #4954, .T. ) ;
#5190 = AXIS2_PLACEMENT_3D ( 'NONE', #2749, #3524, #2665 ) ;
#5191 = CIRCLE ( 'NONE', #1304, 2.500000000000002220 ) ;
#5192 = FACE_BOUND ( 'NONE', #4932, .T. ) ;
#5193 = FACE_BOUND ( 'NONE', #967, .T. ) ;
#5194 = EDGE_CURVE ( 'NONE', #1323, #5385, #5260, .T. ) ;
#5195 = CIRCLE ( 'NONE', #601, 2.500000046249998942 ) ;
#5196 = ORIENTED_EDGE ( 'NONE', *, *, #1581, .F. ) ;
#5197 = DIRECTION ( 'NONE',  ( 5.684341886078310580E-15, -6.358310602959384129E-05, 0.9999999979785944015 ) ) ;
#5198 = EDGE_CURVE ( 'NONE', #1524, #2252, #2535, .T. ) ;
#5199 = EDGE_LOOP ( 'NONE', ( #3152, #2232 ) ) ;
#5200 = VECTOR ( 'NONE', #2671, 999.9999999999998863 ) ;
#5201 = FACE_BOUND ( 'NONE', #3177, .T. ) ;
#5202 = VERTEX_POINT ( 'NONE', #3982 ) ;
#5203 = CIRCLE ( 'NONE', #1757, 2.500000046250006047 ) ;
#5204 = LINE ( 'NONE', #4012, #1639 ) ;
#5205 = CARTESIAN_POINT ( 'NONE',  ( -39.25392378100001167, 10.00535944449375947, -10.14813311620424408 ) ) ;
#5206 = LINE ( 'NONE', #4448, #3352 ) ;
#5207 = CARTESIAN_POINT ( 'NONE',  ( -31.75392683300001906, 10.00450788346931397, -4.286150676569483231 ) ) ;
#5208 = CARTESIAN_POINT ( 'NONE',  ( -195.0000187159000120, 188.7302808973522588, -10.13676922986980777 ) ) ;
#5209 = VERTEX_POINT ( 'NONE', #3531 ) ;
#5210 = ORIENTED_EDGE ( 'NONE', *, *, #452, .F. ) ;
#5211 = DIRECTION ( 'NONE',  ( 5.684341886078310580E-15, -6.358310602959384129E-05, 0.9999999979785944015 ) ) ;
#5212 = DIRECTION ( 'NONE',  ( -5.773159728048290444E-15, 6.358310602959382773E-05, -0.9999999979785942905 ) ) ;
#5213 = LINE ( 'NONE', #3140, #3938 ) ;
#5214 = CARTESIAN_POINT ( 'NONE',  ( -54.25420330200000762, 20.00296374743285810, 19.99948510498311549 ) ) ;
#5215 = EDGE_CURVE ( 'NONE', #2117, #1302, #213, .T. ) ;
#5216 = CARTESIAN_POINT ( 'NONE',  ( -66.75392683299999419, 10.00358370297554877, 10.24884929381295073 ) ) ;
#5217 = EDGE_LOOP ( 'NONE', ( #1388, #1545, #5104, #3379 ) ) ;
#5218 = CARTESIAN_POINT ( 'NONE',  ( 139.9999812860000077, 20.00487856163364597, -10.14749731559774837 ) ) ;
#5219 = ORIENTED_EDGE ( 'NONE', *, *, #3925, .T. ) ;
#5220 = ADVANCED_FACE ( 'NONE', ( #1411 ), #105, .F. ) ;
#5221 = DIRECTION ( 'NONE',  ( -5.790079572921680157E-15, 6.358310602959382773E-05, -0.9999999979785942905 ) ) ;
#5222 = AXIS2_PLACEMENT_3D ( 'NONE', #5124, #5212, #1727 ) ;
#5223 = ORIENTED_EDGE ( 'NONE', *, *, #4401, .T. ) ;
#5224 = DIRECTION ( 'NONE',  ( -5.773159728048290444E-15, 6.358310602959382773E-05, -0.9999999979785942905 ) ) ;
#5225 = CARTESIAN_POINT ( 'NONE',  ( 31.75388330200001974, 10.00296376767125395, 19.99884927366613141 ) ) ;
#5226 = CARTESIAN_POINT ( 'NONE',  ( -3.052000013825661995E-06, 0.004235450083843461666, -0.001786516350243960716 ) ) ;
#5227 = EDGE_CURVE ( 'NONE', #3240, #2598, #3148, .T. ) ;
#5228 = CYLINDRICAL_SURFACE ( 'NONE', #3192, 2.500000046249998942 ) ;
#5229 = ADVANCED_FACE ( 'NONE', ( #4006 ), #1902, .F. ) ;
#5230 = CARTESIAN_POINT ( 'NONE',  ( 69.25388330100001610, 10.00358370297554877, 10.24884929381295073 ) ) ;
#5231 = FACE_OUTER_BOUND ( 'NONE', #536, .T. ) ;
#5232 = CARTESIAN_POINT ( 'NONE',  ( -69.25392683299999419, 10.00489650223335403, -10.39813297401140346 ) ) ;
#5233 = ORIENTED_EDGE ( 'NONE', *, *, #4820, .T. ) ;
#5234 = VERTEX_POINT ( 'NONE', #3949 ) ;
#5235 = VECTOR ( 'NONE', #1480, 999.9999999999998863 ) ;
#5236 = CARTESIAN_POINT ( 'NONE',  ( -51.75392683300000840, 10.00550709197007038, -20.00115064473145665 ) ) ;
#5237 = CARTESIAN_POINT ( 'NONE',  ( 15.99997823400001096, 0.004235470219972337080, -0.002103887145804561598 ) ) ;
#5238 = COORDINATED_UNIVERSAL_TIME_OFFSET ( 3, 30, .AHEAD. ) ;
#5239 = CARTESIAN_POINT ( 'NONE',  ( 39.25388330100002321, 10.00450788341976782, -4.286150677568239864 ) ) ;
#5240 = DIRECTION ( 'NONE',  ( 1.000000000000000000, 4.504606588158797030E-11, -2.930989396705791047E-15 ) ) ;
#5241 = ORIENTED_EDGE ( 'NONE', *, *, #155, .F. ) ;
#5242 = DIRECTION ( 'NONE',  ( 1.000000000000000000, 1.141181002970365858E-13, -2.237793520288378741E-12 ) ) ;
#5243 = VECTOR ( 'NONE', #150, 999.9999999999998863 ) ;
#5244 = DIRECTION ( 'NONE',  ( 1.000000000000000000, 3.335070188546287460E-15, -5.772947685603083062E-15 ) ) ;
#5245 = DIRECTION ( 'NONE',  ( 0.9999999815015164772, 1.223006732169785830E-08, -0.0001923459551094090856 ) ) ;
#5246 = ORIENTED_EDGE ( 'NONE', *, *, #2675, .T. ) ;
#5247 = DIRECTION ( 'NONE',  ( 0.9999999815015170324, -0.0001923459528484241479, -1.222995893068608574E-08 ) ) ;
#5248 = EDGE_CURVE ( 'NONE', #2347, #2134, #2185, .T. ) ;
#5249 = ORIENTED_EDGE ( 'NONE', *, *, #2247, .F. ) ;
#5250 = CARTESIAN_POINT ( 'NONE',  ( 184.9999812859999793, 206.7046723169843006, 9.864373678145188507 ) ) ;
#5251 = CARTESIAN_POINT ( 'NONE',  ( 184.9999812859999793, 166.7046723975879559, 9.861830353895928880 ) ) ;
#5252 = EDGE_CURVE ( 'NONE', #2134, #5465, #1511, .T. ) ;
#5253 = CARTESIAN_POINT ( 'NONE',  ( -195.0000187136000136, 238.4066541927292917, -10.13361065209672418 ) ) ;
#5254 = FACE_OUTER_BOUND ( 'NONE', #1312, .T. ) ;
#5255 = DIRECTION ( 'NONE',  ( 1.000000000000000000, 0.000000000000000000, -2.237793284010079132E-12 ) ) ;
#5256 = EDGE_CURVE ( 'NONE', #2351, #1516, #1177, .T. ) ;
#5257 = ORIENTED_EDGE ( 'NONE', *, *, #331, .T. ) ;
#5258 = ORIENTED_EDGE ( 'NONE', *, *, #838, .F. ) ;
#5259 = CIRCLE ( 'NONE', #3262, 2.500000046249998942 ) ;
#5260 = CIRCLE ( 'NONE', #4736, 2.499999999999998668 ) ;
#5261 = CARTESIAN_POINT ( 'NONE',  ( -59.25392683300001551, 10.00296376772080009, 19.99884927466488804 ) ) ;
#5262 = VECTOR ( 'NONE', #1449, 999.9999999999998863 ) ;
#5263 = AXIS2_PLACEMENT_3D ( 'NONE', #3178, #137, #4838 ) ;
#5264 = DIRECTION ( 'NONE',  ( -4.499088303529998146E-11, 0.9987717903683451803, -0.04954705606199365231 ) ) ;
#5265 = LINE ( 'NONE', #4384, #1554 ) ;
#5266 = DIRECTION ( 'NONE',  ( 1.000000000000000000, 0.000000000000000000, -2.237099394619688409E-12 ) ) ;
#5267 = VECTOR ( 'NONE', #5390, 1000.000000000000000 ) ;
#5268 = ORIENTED_EDGE ( 'NONE', *, *, #555, .F. ) ;
#5269 = CIRCLE ( 'NONE', #4235, 1.650000030520000216 ) ;
#5270 = FACE_BOUND ( 'NONE', #1634, .T. ) ;
#5271 = LINE ( 'NONE', #1729, #1976 ) ;
#5272 = ORIENTED_EDGE ( 'NONE', *, *, #2777, .F. ) ;
#5273 = ORIENTED_EDGE ( 'NONE', *, *, #5320, .F. ) ;
#5274 = CARTESIAN_POINT ( 'NONE',  ( 31.75388635400000581, 10.00360691745023978, 9.851866812897430492 ) ) ;
#5275 = AXIS2_PLACEMENT_3D ( 'NONE', #72, #511, #2660 ) ;
#5276 = VERTEX_POINT ( 'NONE', #3338 ) ;
#5277 = DIRECTION ( 'NONE',  ( 1.000000000000000000, 0.000000000000000000, -5.551115020430141666E-15 ) ) ;
#5278 = CARTESIAN_POINT ( 'NONE',  ( 49.25388330100000189, 10.00550709197007038, -20.00115064473145665 ) ) ;
#5279 = CIRCLE ( 'NONE', #1665, 27.24992590359999767 ) ;
#5280 = CARTESIAN_POINT ( 'NONE',  ( -187.5000187136000136, 206.7041914478705849, 9.864373647756801589 ) ) ;
#5281 = ADVANCED_FACE ( 'NONE', ( #4547 ), #1123, .F. ) ;
#5282 = VECTOR ( 'NONE', #3009, 999.9999999999998863 ) ;
#5283 = CARTESIAN_POINT ( 'NONE',  ( 69.25388635399998805, 10.00312605253134102, 9.851866782300932712 ) ) ;
#5284 = LINE ( 'NONE', #1497, #5262 ) ;
#5285 = EDGE_LOOP ( 'NONE', ( #3264, #3907, #3557, #4135 ) ) ;
#5286 = VERTEX_POINT ( 'NONE', #4987 ) ;
#5287 = EDGE_CURVE ( 'NONE', #259, #2040, #4819, .T. ) ;
#5288 = EDGE_CURVE ( 'NONE', #780, #349, #708, .T. ) ;
#5289 = DIRECTION ( 'NONE',  ( 5.684341886078310580E-15, -6.358310602959384129E-05, 0.9999999979785944015 ) ) ;
#5290 = ORIENTED_EDGE ( 'NONE', *, *, #1367, .F. ) ;
#5291 = CARTESIAN_POINT ( 'NONE',  ( 71.75388635399998805, 10.00424274856249340, -0.1481331669541396945 ) ) ;
#5292 = ORIENTED_EDGE ( 'NONE', *, *, #2339, .T. ) ;
#5293 = DIRECTION ( 'NONE',  ( 1.000000000000000000, 0.000000000000000000, -5.551115020430157443E-15 ) ) ;
#5294 = PLANE ( 'NONE',  #192 ) ;
#5295 = DIRECTION ( 'NONE',  ( 1.000000000000000000, 0.000000000000000000, -2.237099394619688409E-12 ) ) ;
#5296 = DIRECTION ( 'NONE',  ( -2.237515728249334980E-12, 6.358310602959382773E-05, -0.9999999979785942905 ) ) ;
#5297 = ORIENTED_EDGE ( 'NONE', *, *, #5049, .T. ) ;
#5298 = ORIENTED_EDGE ( 'NONE', *, *, #1886, .F. ) ;
#5299 = AXIS2_PLACEMENT_3D ( 'NONE', #1674, #1254, #904 ) ;
#5300 = AXIS2_PLACEMENT_3D ( 'NONE', #403, #2494, #5038 ) ;
#5301 = ORIENTED_EDGE ( 'NONE', *, *, #2226, .F. ) ;
#5302 = ORIENTED_EDGE ( 'NONE', *, *, #4511, .T. ) ;
#5303 = CARTESIAN_POINT ( 'NONE',  ( -39.25392378100001167, 10.00312605253134102, 9.851866782300932712 ) ) ;
#5304 = FACE_OUTER_BOUND ( 'NONE', #358, .T. ) ;
#5305 = CARTESIAN_POINT ( 'NONE',  ( -51.75392683300000840, 10.00450788346931397, -4.286150676569483231 ) ) ;
#5306 = CYLINDRICAL_SURFACE ( 'NONE', #252, 2.500000000000002220 ) ;
#5307 = VECTOR ( 'NONE', #4783, 1000.000000000000000 ) ;
#5308 = CARTESIAN_POINT ( 'NONE',  ( 51.75388330100000189, 10.00450788341976782, -4.286150677568239864 ) ) ;
#5309 = CARTESIAN_POINT ( 'NONE',  ( -56.75392378099999746, 10.00360691745023978, 9.851866812897430492 ) ) ;
#5310 = ADVANCED_FACE ( 'NONE', ( #4110 ), #3662, .F. ) ;
#5311 = VECTOR ( 'NONE', #187, 1000.000000000000000 ) ;
#5312 = ORIENTED_EDGE ( 'NONE', *, *, #4981, .F. ) ;
#5313 = ORIENTED_EDGE ( 'NONE', *, *, #5355, .T. ) ;
#5314 = CARTESIAN_POINT ( 'NONE',  ( -39.25392683299999419, 10.00296376772080009, 19.99884927466488804 ) ) ;
#5315 = ADVANCED_FACE ( 'NONE', ( #1595 ), #2840, .T. ) ;
#5316 = CARTESIAN_POINT ( 'NONE',  ( 17.64997823400002375, 10.00423542984544412, -0.001150685033285414605 ) ) ;
#5317 = ORIENTED_EDGE ( 'NONE', *, *, #4133, .T. ) ;
#5318 = CARTESIAN_POINT ( 'NONE',  ( -66.75392378100001167, 10.00487857957486604, -10.14813314680074186 ) ) ;
#5319 = ADVANCED_FACE ( 'NONE', ( #2413 ), #4880, .F. ) ;
#5320 = EDGE_CURVE ( 'NONE', #2081, #3585, #3311, .T. ) ;
#5321 = VERTEX_POINT ( 'NONE', #682 ) ;
#5322 = CARTESIAN_POINT ( 'NONE',  ( -2.176600000236561527E-05, 20.00250277000612087, 27.24948509086966197 ) ) ;
#5323 = CARTESIAN_POINT ( 'NONE',  ( 174.9999812880000434, 94.52812139214390186, 9.857241144412693501 ) ) ;
#5324 = DIRECTION ( 'NONE',  ( 1.000000000000000000, 1.141127329791524504E-13, -2.237508477130826298E-12 ) ) ;
#5325 = EDGE_LOOP ( 'NONE', ( #2074, #4146 ) ) ;
#5326 = ORIENTED_EDGE ( 'NONE', *, *, #660, .T. ) ;
#5327 = EDGE_CURVE ( 'NONE', #1109, #4047, #767, .T. ) ;
#5328 = AXIS2_PLACEMENT_3D ( 'NONE', #1140, #3759, #2943 ) ;
#5329 = CIRCLE ( 'NONE', #2791, 2.500000000000002220 ) ;
#5330 = VERTEX_POINT ( 'NONE', #4905 ) ;
#5331 = ORIENTED_EDGE ( 'NONE', *, *, #5450, .T. ) ;
#5332 = CYLINDRICAL_SURFACE ( 'NONE', #3088, 1.650000030519998884 ) ;
#5333 = DIRECTION ( 'NONE',  ( 5.684341886078310580E-15, -6.358310602959384129E-05, 0.9999999979785944015 ) ) ;
#5334 = ORIENTED_EDGE ( 'NONE', *, *, #4594, .F. ) ;
#5335 = CARTESIAN_POINT ( 'NONE',  ( -175.0000187135999852, 94.52812138605141001, 9.857241144714922854 ) ) ;
#5336 = DIRECTION ( 'NONE',  ( -1.000000000000000000, -1.137978600240784444E-13, 2.237446339314883771E-12 ) ) ;
#5337 = EDGE_LOOP ( 'NONE', ( #3587, #2712, #3243, #1629 ) ) ;
#5338 = ORIENTED_EDGE ( 'NONE', *, *, #2057, .T. ) ;
#5339 = PLANE ( 'NONE',  #4662 ) ;
#5340 = LINE ( 'NONE', #2770, #1704 ) ;
#5341 = ORIENTED_EDGE ( 'NONE', *, *, #720, .F. ) ;
#5342 = CIRCLE ( 'NONE', #935, 2.500000046250006047 ) ;
#5343 = DIRECTION ( 'NONE',  ( 1.000000000000000000, 1.135455345091425560E-13, 7.251115247674509451E-18 ) ) ;
#5344 = EDGE_CURVE ( 'NONE', #3922, #655, #2723, .T. ) ;
#5345 = AXIS2_PLACEMENT_3D ( 'NONE', #33, #3811, #1716 ) ;
#5346 = CARTESIAN_POINT ( 'NONE',  ( 66.75388330100001610, 10.00450788341976782, -4.286150677568239864 ) ) ;
#5347 = LOCAL_TIME ( 14, 57, 17.00000000000000000, #5155 ) ;
#5348 = ORIENTED_EDGE ( 'NONE', *, *, #2747, .T. ) ;
#5349 = FACE_BOUND ( 'NONE', #4535, .T. ) ;
#5350 = DIRECTION ( 'NONE',  ( -1.136868377219662335E-13, 0.9999999979785944015, 6.358310602959384129E-05 ) ) ;
#5351 = AXIS2_PLACEMENT_3D ( 'NONE', #219, #2293, #2318 ) ;
#5352 = CARTESIAN_POINT ( 'NONE',  ( 11.31346231799998314, 20.00351603465907147, 11.31341803654226119 ) ) ;
#5353 = EDGE_LOOP ( 'NONE', ( #3173, #396, #3769, #2054 ) ) ;
#5354 = ORIENTED_EDGE ( 'NONE', *, *, #1007, .T. ) ;
#5355 = EDGE_CURVE ( 'NONE', #922, #3402, #5168, .T. ) ;
#5356 = EDGE_CURVE ( 'NONE', #656, #121, #3226, .T. ) ;
#5357 = AXIS2_PLACEMENT_3D ( 'NONE', #920, #4312, #3790 ) ;
#5358 = CIRCLE ( 'NONE', #4665, 2.500000000000002220 ) ;
#5359 = EDGE_CURVE ( 'NONE', #1424, #2528, #4144, .T. ) ;
#5360 = EDGE_LOOP ( 'NONE', ( #4349, #2842 ) ) ;
#5361 = ORIENTED_EDGE ( 'NONE', *, *, #2026, .F. ) ;
#5362 = CYLINDRICAL_SURFACE ( 'NONE', #1201, 2.500000000000002220 ) ;
#5363 = DIRECTION ( 'NONE',  ( 1.000000000000000000, 0.000000000000000000, -5.551115020430157443E-15 ) ) ;
#5364 = CARTESIAN_POINT ( 'NONE',  ( 11.31391114800001141, 20.00351606320524667, 11.31296920687099927 ) ) ;
#5365 = ORIENTED_EDGE ( 'NONE', *, *, #927, .T. ) ;
#5366 = CIRCLE ( 'NONE', #3272, 6.300000000770000774 ) ;
#5367 = FACE_OUTER_BOUND ( 'NONE', #2810, .T. ) ;
#5368 = ORIENTED_EDGE ( 'NONE', *, *, #2137, .F. ) ;
#5369 = AXIS2_PLACEMENT_3D ( 'NONE', #3620, #632, #3539 ) ;
#5370 = CARTESIAN_POINT ( 'NONE',  ( 14.34997823400002659, 20.00423540965736890, -0.0005148547200795050571 ) ) ;
#5371 = ORIENTED_EDGE ( 'NONE', *, *, #5080, .T. ) ;
#5372 = ORIENTED_EDGE ( 'NONE', *, *, #4992, .F. ) ;
#5373 = EDGE_CURVE ( 'NONE', #3604, #944, #2049, .T. ) ;
#5374 = AXIS2_PLACEMENT_3D ( 'NONE', #2190, #4270, #4699 ) ;
#5375 = CARTESIAN_POINT ( 'NONE',  ( -187.5000187136000136, 166.7054631910982607, -10.13816963621541589 ) ) ;
#5376 = VECTOR ( 'NONE', #1932, 999.9999999999998863 ) ;
#5377 = CARTESIAN_POINT ( 'NONE',  ( -145.0000187073999882, 0.003606935191698135146, 9.851230981704345524 ) ) ;
#5378 = ORIENTED_EDGE ( 'NONE', *, *, #940, .T. ) ;
#5379 = VERTEX_POINT ( 'NONE', #4935 ) ;
#5380 = DIRECTION ( 'NONE',  ( -5.773159728048290444E-15, 6.358310602959382773E-05, -0.9999999979785942905 ) ) ;
#5381 = DIRECTION ( 'NONE',  ( -2.237515728249334980E-12, 6.358310602959382773E-05, -0.9999999979785942905 ) ) ;
#5382 = EDGE_CURVE ( 'NONE', #1499, #955, #54, .T. ) ;
#5383 = DIRECTION ( 'NONE',  ( 5.684341886078310580E-15, -6.358310602959384129E-05, 0.9999999979785944015 ) ) ;
#5384 = DIRECTION ( 'NONE',  ( -2.970516627010875526E-06, 6.358310607759422263E-05, -0.9999999979741823752 ) ) ;
#5385 = VERTEX_POINT ( 'NONE', #2358 ) ;
#5386 = DIRECTION ( 'NONE',  ( 1.000000000000000000, 1.137978600240784444E-13, -2.237446339314883771E-12 ) ) ;
#5387 = ORIENTED_EDGE ( 'NONE', *, *, #2137, .T. ) ;
#5388 = ORIENTED_EDGE ( 'NONE', *, *, #2132, .T. ) ;
#5389 = CARTESIAN_POINT ( 'NONE',  ( -29.25392378100000101, 10.00312605253134102, 9.851866782300932712 ) ) ;
#5390 = DIRECTION ( 'NONE',  ( 1.000000000000000000, 1.140957433292971019E-13, -2.237480458170536814E-12 ) ) ;
#5391 = EDGE_CURVE ( 'NONE', #3452, #3873, #757, .T. ) ;
#5392 = ORIENTED_EDGE ( 'NONE', *, *, #2572, .T. ) ;
#5393 = CARTESIAN_POINT ( 'NONE',  ( -69.25392683299999419, 10.00358370297554877, 10.24884929381295073 ) ) ;
#5394 = DIRECTION ( 'NONE',  ( -2.237690279189335060E-12, 6.358310602959384129E-05, -0.9999999979785944015 ) ) ;
#5395 = EDGE_CURVE ( 'NONE', #4287, #4116, #493, .T. ) ;
#5396 = EDGE_LOOP ( 'NONE', ( #3748, #1138 ) ) ;
#5397 = ORIENTED_EDGE ( 'NONE', *, *, #1162, .F. ) ;
#5398 = AXIS2_PLACEMENT_3D ( 'NONE', #4459, #647, #4518 ) ;
#5399 = DIRECTION ( 'NONE',  ( 1.000000000000000000, 1.137978600240784444E-13, -2.237446339314883771E-12 ) ) ;
#5400 = FACE_BOUND ( 'NONE', #788, .T. ) ;
#5401 = ORIENTED_EDGE ( 'NONE', *, *, #1039, .T. ) ;
#5402 = CARTESIAN_POINT ( 'NONE',  ( -19.50002176599999260, 20.00489648204528592, -10.39749714369816935 ) ) ;
#5403 = ORIENTED_EDGE ( 'NONE', *, *, #2536, .F. ) ;
#5404 = DIRECTION ( 'NONE',  ( 1.000000000000000000, 1.137978600240784444E-13, -2.237446339314883771E-12 ) ) ;
#5405 = DIRECTION ( 'NONE',  ( -2.237515728249334980E-12, 6.358310602959382773E-05, -0.9999999979785942905 ) ) ;
#5406 = EDGE_LOOP ( 'NONE', ( #4976, #203 ) ) ;
#5407 = ORIENTED_EDGE ( 'NONE', *, *, #3560, .T. ) ;
#5408 = AXIS2_PLACEMENT_3D ( 'NONE', #482, #1762, #3164 ) ;
#5409 = DIRECTION ( 'NONE',  ( 5.684341886078310580E-15, -6.358310602959384129E-05, 0.9999999979785944015 ) ) ;
#5410 = ORIENTED_EDGE ( 'NONE', *, *, #5090, .F. ) ;
#5411 = VERTEX_POINT ( 'NONE', #4194 ) ;
#5412 = CARTESIAN_POINT ( 'NONE',  ( -90.00002176600000325, 10.00489650223335403, -10.39813297401140346 ) ) ;
#5413 = PLANE ( 'NONE',  #4582 ) ;
#5414 = ORIENTED_EDGE ( 'NONE', *, *, #3526, .F. ) ;
#5415 = DIRECTION ( 'NONE',  ( -5.773159728048520003E-15, 6.358310602959382773E-05, -0.9999999979785942905 ) ) ;
#5416 = ADVANCED_FACE ( 'NONE', ( #1678 ), #882, .F. ) ;
#5417 = VECTOR ( 'NONE', #4795, 999.9999999999998863 ) ;
#5418 = ORIENTED_EDGE ( 'NONE', *, *, #3526, .T. ) ;
#5419 = FACE_OUTER_BOUND ( 'NONE', #5, .T. ) ;
#5420 = CYLINDRICAL_SURFACE ( 'NONE', #1300, 2.500000046249998942 ) ;
#5421 = ORIENTED_EDGE ( 'NONE', *, *, #2406, .F. ) ;
#5422 = ORIENTED_EDGE ( 'NONE', *, *, #2028, .T. ) ;
#5423 = VECTOR ( 'NONE', #320, 999.9999999999998863 ) ;
#5424 = EDGE_CURVE ( 'NONE', #2963, #3725, #76, .T. ) ;
#5425 = AXIS2_PLACEMENT_3D ( 'NONE', #1616, #1168, #1638 ) ;
#5426 = LINE ( 'NONE', #2459, #5156 ) ;
#5427 = EDGE_CURVE ( 'NONE', #4945, #4523, #2192, .T. ) ;
#5428 = ORIENTED_EDGE ( 'NONE', *, *, #1159, .F. ) ;
#5429 = CARTESIAN_POINT ( 'NONE',  ( -41.75392378100001167, 10.00424274846260708, -0.1481331669491714464 ) ) ;
#5430 = VERTEX_POINT ( 'NONE', #5015 ) ;
#5431 = CARTESIAN_POINT ( 'NONE',  ( 69.25388635399998805, 10.00535944449375947, -10.14813311620424408 ) ) ;
#5432 = AXIS2_PLACEMENT_3D ( 'NONE', #4085, #2802, #3638 ) ;
#5433 = APPROVAL_STATUS ( 'not_yet_approved' ) ;
#5434 = FACE_OUTER_BOUND ( 'NONE', #2378, .T. ) ;
#5435 = ORIENTED_EDGE ( 'NONE', *, *, #1981, .T. ) ;
#5436 = CARTESIAN_POINT ( 'NONE',  ( -195.0000187095999991, 50.00424266293503450, -0.1455898424556623105 ) ) ;
#5437 = AXIS2_PLACEMENT_3D ( 'NONE', #2484, #4891, #3298 ) ;
#5438 = AXIS2_PLACEMENT_3D ( 'NONE', #1482, #3944, #182 ) ;
#5439 = ORIENTED_EDGE ( 'NONE', *, *, #2889, .F. ) ;
#5440 = ORIENTED_EDGE ( 'NONE', *, *, #3130, .F. ) ;
#5441 = AXIS2_PLACEMENT_3D ( 'NONE', #1885, #2674, #3503 ) ;
#5442 = CARTESIAN_POINT ( 'NONE',  ( 184.9999812859999793, 166.7043464996614546, -0.1381696871882165389 ) ) ;
#5443 = DIRECTION ( 'NONE',  ( -5.759587472150900886E-15, 6.358310602959382773E-05, -0.9999999979785942905 ) ) ;
#5444 = AXIS2_PLACEMENT_3D ( 'NONE', #4064, #4942, #2031 ) ;
#5445 = ORIENTED_EDGE ( 'NONE', *, *, #4488, .F. ) ;
#5446 = DIRECTION ( 'NONE',  ( -1.139433892919383941E-13, 0.9999999979785942905, 6.358310602959382773E-05 ) ) ;
#5447 = CIRCLE ( 'NONE', #3434, 2.500000046250006047 ) ;
#5448 = DIRECTION ( 'NONE',  ( 1.000000000000000000, 0.000000000000000000, -2.237793284010079132E-12 ) ) ;
#5449 = VECTOR ( 'NONE', #528, 1000.000000000000000 ) ;
#5450 = EDGE_CURVE ( 'NONE', #4993, #709, #2080, .T. ) ;
#5451 = ORIENTED_EDGE ( 'NONE', *, *, #2625, .F. ) ;
#5452 = ORIENTED_EDGE ( 'NONE', *, *, #4655, .T. ) ;
#5453 = PLANE ( 'NONE',  #2639 ) ;
#5454 = DIRECTION ( 'NONE',  ( -1.000000000000000000, -1.140860456646776597E-13, 2.237681954639708288E-12 ) ) ;
#5455 = ADVANCED_FACE ( 'NONE', ( #1763 ), #5098, .F. ) ;
#5456 = ORIENTED_EDGE ( 'NONE', *, *, #432, .T. ) ;
#5457 = AXIS2_PLACEMENT_3D ( 'NONE', #5026, #3670, #1245 ) ;
#5458 = ORIENTED_EDGE ( 'NONE', *, *, #5215, .T. ) ;
#5459 = AXIS2_PLACEMENT_3D ( 'NONE', #654, #4418, #168 ) ;
#5460 = CARTESIAN_POINT ( 'NONE',  ( -39.25392683299999419, 10.00296376772080009, 19.99884927466488804 ) ) ;
#5461 = DIRECTION ( 'NONE',  ( 1.000000000000000000, 0.000000000000000000, -2.237099394619691641E-12 ) ) ;
#5462 = EDGE_CURVE ( 'NONE', #1281, #3535, #761, .T. ) ;
#5463 = DIRECTION ( 'NONE',  ( 1.000000000000000000, 0.000000000000000000, -2.237793284010079132E-12 ) ) ;
#5464 = DIRECTION ( 'NONE',  ( 0.9999999815015170324, -0.0001923459528595263782, -1.222995890900204229E-08 ) ) ;
#5465 = VERTEX_POINT ( 'NONE', #1235 ) ;
ENDSEC;
END-ISO-10303-21;
