ISO-10303-21;
HEADER;
FILE_DESCRIPTION (( 'STEP AP203' ),
    '1' );
FILE_NAME ('Link3LShapeConnectorSmall_Default_sldprt.STEP',
    '2026-07-12T12:37:53',
    ( '' ),
    ( '' ),
    'SwSTEP 2.0',
    'SolidWorks 2025',
    '' );
FILE_SCHEMA (( 'CONFIG_CONTROL_DESIGN' ));
ENDSEC;

DATA;
#1 = ORIENTED_EDGE ( 'NONE', *, *, #929, .T. ) ;
#2 = DIRECTION ( 'NONE',  ( 1.000000000000000000, 1.140928651987716723E-13, -5.765905360978586584E-15 ) ) ;
#3 = ORIENTED_EDGE ( 'NONE', *, *, #3126, .T. ) ;
#4 = FACE_BOUND ( 'NONE', #1766, .T. ) ;
#5 = EDGE_CURVE ( 'NONE', #1420, #3596, #726, .T. ) ;
#6 = DIRECTION ( 'NONE',  ( 1.136868377219662335E-13, -0.9999999979785944015, -6.358310602959384129E-05 ) ) ;
#7 = EDGE_CURVE ( 'NONE', #1123, #2381, #3473, .T. ) ;
#8 = CARTESIAN_POINT ( 'NONE',  ( 2.499981286979258144, 90.79492897540178831, -20.15661499830481773 ) ) ;
#9 = CARTESIAN_POINT ( 'NONE',  ( -10.00001871300196044, 15.87068623390016775, -25.54468916070172213 ) ) ;
#10 = CARTESIAN_POINT ( 'NONE',  ( -1.871301846811945779E-05, 80.79492899553972052, -20.15725082911087895 ) ) ;
#11 = ORIENTED_EDGE ( 'NONE', *, *, #59, .T. ) ;
#12 = CIRCLE ( 'NONE', #3119, 2.500000000000000000 ) ;
#13 = DIRECTION ( 'NONE',  ( 5.773159728050820321E-15, -6.358310602959382773E-05, 0.9999999979785942905 ) ) ;
#14 = CARTESIAN_POINT ( 'NONE',  ( -2.500018713000040638, -70.80390083655504441, -20.16688995432802756 ) ) ;
#15 = ORIENTED_EDGE ( 'NONE', *, *, #143, .T. ) ;
#16 = FACE_BOUND ( 'NONE', #945, .T. ) ;
#17 = ORIENTED_EDGE ( 'NONE', *, *, #2030, .F. ) ;
#18 = CARTESIAN_POINT ( 'NONE',  ( -1.871301619216225731E-05, 70.79401222383744141, -5.739081773486226723 ) ) ;
#19 = ORIENTED_EDGE ( 'NONE', *, *, #1342, .T. ) ;
#20 = DIRECTION ( 'NONE',  ( 1.000000000000000000, 0.000000000000000000, -5.898059818321144121E-15 ) ) ;
#21 = AXIS2_PLACEMENT_3D ( 'NONE', #2932, #702, #445 ) ;
#22 = DIRECTION ( 'NONE',  ( 1.000000000000000000, 1.140928651988812041E-13, -5.765905360978580273E-15 ) ) ;
#23 = AXIS2_PLACEMENT_3D ( 'NONE', #2537, #1109, #1413 ) ;
#24 = AXIS2_PLACEMENT_3D ( 'NONE', #438, #2680, #3514 ) ;
#25 = DIRECTION ( 'NONE',  ( 1.000000000000000000, 1.140928651987716975E-13, -5.765905360978588951E-15 ) ) ;
#26 = DIRECTION ( 'NONE',  ( -6.666234944169016438E-15, 6.358310577535969399E-05, -0.9999999979785942905 ) ) ;
#27 = CARTESIAN_POINT ( 'NONE',  ( -10.00001871299999223, -119.3552529154482329, 19.83002308083672816 ) ) ;
#28 = EDGE_CURVE ( 'NONE', #997, #349, #1261, .T. ) ;
#29 = VECTOR ( 'NONE', #439, 1000.000000000000227 ) ;
#30 = AXIS2_PLACEMENT_3D ( 'NONE', #546, #528, #512 ) ;
#31 = ORIENTED_EDGE ( 'NONE', *, *, #3008, .T. ) ;
#32 = ADVANCED_FACE ( 'NONE', ( #1825 ), #400, .F. ) ;
#33 = CIRCLE ( 'NONE', #1678, 2.500000000000000000 ) ;
#34 = CIRCLE ( 'NONE', #1622, 2.500000000000000000 ) ;
#35 = DIRECTION ( 'NONE',  ( 1.000000000000000000, 1.135472064529175003E-13, -5.632848122122710662E-15 ) ) ;
#36 = EDGE_CURVE ( 'NONE', #997, #1753, #986, .T. ) ;
#37 = DIRECTION ( 'NONE',  ( 1.000000000000000000, 1.140928651987716975E-13, -5.765905360978588951E-15 ) ) ;
#38 = VERTEX_POINT ( 'NONE', #3051 ) ;
#39 = AXIS2_PLACEMENT_3D ( 'NONE', #2242, #1661, #3317 ) ;
#40 = CIRCLE ( 'NONE', #973, 2.500000000000000000 ) ;
#41 = CARTESIAN_POINT ( 'NONE',  ( 2.499981286981534101, 80.79401220369949499, -5.738445942680164613 ) ) ;
#42 = APPROVAL ( #1866, 'UNSPECIFIED' ) ;
#43 = ADVANCED_FACE ( 'NONE', ( #3609 ), #1928, .F. ) ;
#44 = ORIENTED_EDGE ( 'NONE', *, *, #1522, .T. ) ;
#45 = CARTESIAN_POINT ( 'NONE',  ( -1.871300003841724902E-05, -70.80481762946452307, -5.748085066898639184 ) ) ;
#46 = VERTEX_POINT ( 'NONE', #1659 ) ;
#47 = DIRECTION ( 'NONE',  ( 1.000000000000000000, 1.145563383610465498E-13, -5.660017859493661354E-15 ) ) ;
#48 = DIRECTION ( 'NONE',  ( 5.773159728021815483E-15, -6.358310577535969399E-05, 0.9999999979785942905 ) ) ;
#49 = CARTESIAN_POINT ( 'NONE',  ( -10.00001871299999223, 14.84428541827051440, -12.75307672849265650 ) ) ;
#50 = VERTEX_POINT ( 'NONE', #3366 ) ;
#51 = FACE_OUTER_BOUND ( 'NONE', #3146, .T. ) ;
#52 = ORIENTED_EDGE ( 'NONE', *, *, #908, .T. ) ;
#53 = ORIENTED_EDGE ( 'NONE', *, *, #2995, .T. ) ;
#54 = DIRECTION ( 'NONE',  ( 1.000000000000000000, 0.000000000000000000, -5.898059818321144121E-15 ) ) ;
#55 = EDGE_CURVE ( 'NONE', #3436, #2099, #2840, .T. ) ;
#56 = DIRECTION ( 'NONE',  ( -1.142876642989761396E-13, 0.9987717903683451803, -0.04954705606199365231 ) ) ;
#57 = VERTEX_POINT ( 'NONE', #3094 ) ;
#58 = CYLINDRICAL_SURFACE ( 'NONE', #950, 2.500000000000000000 ) ;
#59 = EDGE_CURVE ( 'NONE', #349, #3325, #1967, .T. ) ;
#60 = CYLINDRICAL_SURFACE ( 'NONE', #785, 2.099999999629998726 ) ;
#61 = ORIENTED_EDGE ( 'NONE', *, *, #1408, .T. ) ;
#62 = CARTESIAN_POINT ( 'NONE',  ( 2.499981286999963803, -90.80644412047774949, 19.83183830344309584 ) ) ;
#63 = ORIENTED_EDGE ( 'NONE', *, *, #317, .F. ) ;
#64 = CYLINDRICAL_SURFACE ( 'NONE', #3369, 2.500000000000000000 ) ;
#65 = CARTESIAN_POINT ( 'NONE',  ( -2.500018713000040638, -60.80390085669357347, -20.16625412301603504 ) ) ;
#66 = DIRECTION ( 'NONE',  ( -1.139961141356187699E-13, 0.9987717903683451803, -0.04954705606199349965 ) ) ;
#67 = ORIENTED_EDGE ( 'NONE', *, *, #2835, .T. ) ;
#68 = CARTESIAN_POINT ( 'NONE',  ( -1.871300003841724902E-05, 23.09423236029573090, -0.003309740521706405758 ) ) ;
#69 = EDGE_LOOP ( 'NONE', ( #3287, #2078, #1570, #2124 ) ) ;
#70 = DIRECTION ( 'NONE',  ( 1.000000000000000000, 1.135472064529175003E-13, -5.632848122122710662E-15 ) ) ;
#71 = FACE_OUTER_BOUND ( 'NONE', #909, .T. ) ;
#72 = ORIENTED_EDGE ( 'NONE', *, *, #2906, .F. ) ;
#73 = APPLICATION_PROTOCOL_DEFINITION ( 'international standard', 'config_control_design', 1994, #1423 ) ;
#74 = CARTESIAN_POINT ( 'NONE',  ( -1.871300003841724902E-05, -80.80644414066578918, 19.83247413375632817 ) ) ;
#75 = LOCAL_TIME ( 16, 7, 53.00000000000000000, #949 ) ;
#76 = EDGE_CURVE ( 'NONE', #1258, #3166, #2410, .T. ) ;
#77 = VERTEX_POINT ( 'NONE', #2223 ) ;
#78 = EDGE_CURVE ( 'NONE', #296, #1164, #434, .T. ) ;
#79 = CARTESIAN_POINT ( 'NONE',  ( -1.871300003841724902E-05, -50.80582426632599180, 10.08438164686520366 ) ) ;
#80 = ORIENTED_EDGE ( 'NONE', *, *, #2384, .F. ) ;
#81 = CYLINDRICAL_SURFACE ( 'NONE', #3605, 2.099999999999997868 ) ;
#82 = DIRECTION ( 'NONE',  ( -5.773159728048290444E-15, 6.358310602959382773E-05, -0.9999999979785942905 ) ) ;
#83 = VERTEX_POINT ( 'NONE', #283 ) ;
#84 = DIRECTION ( 'NONE',  ( 1.000000000000000000, 2.275957200481570908E-13, -5.551115123125782702E-15 ) ) ;
#85 = ORIENTED_EDGE ( 'NONE', *, *, #1408, .F. ) ;
#86 = EDGE_CURVE ( 'NONE', #2980, #1492, #869, .T. ) ;
#87 = VECTOR ( 'NONE', #297, 1000.000000000000227 ) ;
#88 = CARTESIAN_POINT ( 'NONE',  ( -1.871300003841724902E-05, -60.80481764960305213, -5.747449235586649330 ) ) ;
#89 = AXIS2_PLACEMENT_3D ( 'NONE', #745, #3591, #191 ) ;
#90 = DIRECTION ( 'NONE',  ( 1.000000000000000000, 0.000000000000000000, -5.898059818321144121E-15 ) ) ;
#91 = ORIENTED_EDGE ( 'NONE', *, *, #1737, .T. ) ;
#92 = DIRECTION ( 'NONE',  ( -5.773159728019287184E-15, 6.358310577535970754E-05, -0.9999999979785945126 ) ) ;
#93 = AXIS2_PLACEMENT_3D ( 'NONE', #885, #3124, #1870 ) ;
#94 = VECTOR ( 'NONE', #3027, 1000.000000000000227 ) ;
#95 = EDGE_CURVE ( 'NONE', #2099, #3219, #2818, .T. ) ;
#96 = CARTESIAN_POINT ( 'NONE',  ( -10.00001871300654166, 28.59246629200071155, -0.1605699836076945886 ) ) ;
#97 = CIRCLE ( 'NONE', #3500, 2.500000000000000000 ) ;
#98 = CIRCLE ( 'NONE', #2555, 2.099999999999999645 ) ;
#99 = ORIENTED_EDGE ( 'NONE', *, *, #1932, .T. ) ;
#100 = AXIS2_PLACEMENT_3D ( 'NONE', #557, #3336, #2210 ) ;
#101 = CARTESIAN_POINT ( 'NONE',  ( -1.871301846811945779E-05, 80.79300560712663071, 10.09274910945842585 ) ) ;
#102 = EDGE_CURVE ( 'NONE', #3176, #2869, #1321, .T. ) ;
#103 = VERTEX_POINT ( 'NONE', #1124 ) ;
#104 = CARTESIAN_POINT ( 'NONE',  ( 2.499981286999963803, -40.80390089697063871, -20.16498246039200026 ) ) ;
#105 = EDGE_CURVE ( 'NONE', #288, #1317, #3069, .T. ) ;
#106 = DIRECTION ( 'NONE',  ( -6.666234944198022064E-15, 6.358310602959384129E-05, -0.9999999979785944015 ) ) ;
#107 = EDGE_CURVE ( 'NONE', #427, #2945, #532, .T. ) ;
#108 = VERTEX_POINT ( 'NONE', #1426 ) ;
#109 = DIRECTION ( 'NONE',  ( 5.773159728048290444E-15, -6.358310602959382773E-05, 0.9999999979785942905 ) ) ;
#110 = CARTESIAN_POINT ( 'NONE',  ( -10.00001871300654166, 28.59311801885136717, -10.41056996345265873 ) ) ;
#111 = VERTEX_POINT ( 'NONE', #3266 ) ;
#112 = CARTESIAN_POINT ( 'NONE',  ( 9.999981286999858554, -0.003860082242429507815, -30.00477844935048211 ) ) ;
#113 = ORIENTED_EDGE ( 'NONE', *, *, #2611, .T. ) ;
#114 = APPROVAL_DATE_TIME ( #1776, #576 ) ;
#115 = CARTESIAN_POINT ( 'NONE',  ( -2.500018713000040638, -60.80644418094286152, 19.83374579638033808 ) ) ;
#116 = ORIENTED_EDGE ( 'NONE', *, *, #395, .F. ) ;
#117 = CARTESIAN_POINT ( 'NONE',  ( 9.999981286992088769, 22.49362743622693017, 19.83904227370847195 ) ) ;
#118 = ORIENTED_EDGE ( 'NONE', *, *, #958, .T. ) ;
#119 = CARTESIAN_POINT ( 'NONE',  ( 9.999981286999970465, 14.84455246725149813, -16.95307671942533645 ) ) ;
#120 = DIRECTION ( 'NONE',  ( -5.773159728019287184E-15, 6.358310577535970754E-05, -0.9999999979785945126 ) ) ;
#121 = VERTEX_POINT ( 'NONE', #828 ) ;
#122 = DIRECTION ( 'NONE',  ( 1.000000000000000000, 2.275957200481570908E-13, -5.551115123125782702E-15 ) ) ;
#123 = ADVANCED_FACE ( 'NONE', ( #590, #4, #2536, #3334, #748, #1863, #1945, #1146 ), #1644, .F. ) ;
#124 = LINE ( 'NONE', #1247, #3022 ) ;
#125 = ORIENTED_EDGE ( 'NONE', *, *, #1339, .F. ) ;
#126 = LINE ( 'NONE', #2100, #207 ) ;
#127 = ORIENTED_EDGE ( 'NONE', *, *, #656, .F. ) ;
#128 = APPROVAL_STATUS ( 'not_yet_approved' ) ;
#129 = CARTESIAN_POINT ( 'NONE',  ( -2.500018713013918426, 60.79401224397532388, -5.739717604292287945 ) ) ;
#130 = DIRECTION ( 'NONE',  ( -5.773159768385717012E-15, 6.358310602977820987E-05, -0.9999999979785942905 ) ) ;
#131 = ORIENTED_EDGE ( 'NONE', *, *, #861, .F. ) ;
#132 = DIRECTION ( 'NONE',  ( -6.666234944198022064E-15, 6.358310602959384129E-05, -0.9999999979785944015 ) ) ;
#133 = VERTEX_POINT ( 'NONE', #1369 ) ;
#134 = CIRCLE ( 'NONE', #3357, 2.500000000000000000 ) ;
#135 = FACE_OUTER_BOUND ( 'NONE', #2340, .T. ) ;
#136 = LINE ( 'NONE', #720, #1278 ) ;
#137 = CARTESIAN_POINT ( 'NONE',  ( -10.00001871300654166, 28.59311801885136717, -10.41056996345265873 ) ) ;
#138 = DIRECTION ( 'NONE',  ( 1.000000000000000000, 0.000000000000000000, -5.551115123125782702E-15 ) ) ;
#139 = CARTESIAN_POINT ( 'NONE',  ( -1.871300003841724902E-05, 20.99423236432998507, -0.003443264987440519675 ) ) ;
#140 = DIRECTION ( 'NONE',  ( 1.000000000000000000, 2.275957200481570908E-13, -5.551115123125782702E-15 ) ) ;
#141 = CIRCLE ( 'NONE', #3132, 2.500000000000000000 ) ;
#142 = EDGE_LOOP ( 'NONE', ( #2953, #699 ) ) ;
#143 = EDGE_CURVE ( 'NONE', #3311, #2931, #780, .T. ) ;
#144 = AXIS2_PLACEMENT_3D ( 'NONE', #1576, #942, #1000 ) ;
#145 = EDGE_CURVE ( 'NONE', #1884, #2278, #141, .T. ) ;
#146 = FACE_OUTER_BOUND ( 'NONE', #835, .T. ) ;
#147 = CYLINDRICAL_SURFACE ( 'NONE', #911, 2.099999999999999645 ) ;
#148 = VERTEX_POINT ( 'NONE', #2501 ) ;
#149 = CIRCLE ( 'NONE', #2193, 2.500000000000000000 ) ;
#150 = DIRECTION ( 'NONE',  ( 1.000000000000000000, 0.000000000000000000, -5.551115123125782702E-15 ) ) ;
#151 = ORIENTED_EDGE ( 'NONE', *, *, #747, .T. ) ;
#152 = VECTOR ( 'NONE', #1348, 1000.000000000000227 ) ;
#153 = VECTOR ( 'NONE', #3280, 1000.000000000000000 ) ;
#154 = DIRECTION ( 'NONE',  ( 1.000000000000000000, 0.000000000000000000, -5.551115123125782702E-15 ) ) ;
#155 = VECTOR ( 'NONE', #3524, 999.9999999999998863 ) ;
#156 = DIRECTION ( 'NONE',  ( -1.000000000000000000, -1.140928651987718238E-13, 5.765905360978586584E-15 ) ) ;
#157 = ORIENTED_EDGE ( 'NONE', *, *, #2274, .T. ) ;
#158 = AXIS2_PLACEMENT_3D ( 'NONE', #3629, #2, #845 ) ;
#159 = CARTESIAN_POINT ( 'NONE',  ( -10.00001871300654166, 28.59246629200071155, -0.1605699836076945886 ) ) ;
#160 = DIRECTION ( 'NONE',  ( 1.000000000000000000, 2.275957200481570908E-13, -5.551115123125782702E-15 ) ) ;
#161 = DIRECTION ( 'NONE',  ( -1.140924988162776346E-13, 0.9999999979785942905, 6.358310602959384129E-05 ) ) ;
#162 = CARTESIAN_POINT ( 'NONE',  ( 9.999981287001796559, -14.28352063795821358, 26.46487650534688996 ) ) ;
#163 = ORIENTED_EDGE ( 'NONE', *, *, #1012, .T. ) ;
#164 = EDGE_CURVE ( 'NONE', #1162, #3552, #553, .T. ) ;
#165 = CARTESIAN_POINT ( 'NONE',  ( 9.999981286999970465, -0.004432348573141231540, -21.00477846740345100 ) ) ;
#166 = CARTESIAN_POINT ( 'NONE',  ( 9.999981286999970465, -0.006969313620264205866, 18.89522145194996838 ) ) ;
#167 = EDGE_LOOP ( 'NONE', ( #1066, #645, #1939, #756 ) ) ;
#168 = EDGE_CURVE ( 'NONE', #1601, #2866, #2185, .T. ) ;
#169 = DIRECTION ( 'NONE',  ( 1.000000000000000000, 1.135472064529175003E-13, -5.632848122122710662E-15 ) ) ;
#170 = ORIENTED_EDGE ( 'NONE', *, *, #2975, .T. ) ;
#171 = CARTESIAN_POINT ( 'NONE',  ( -1.871300003841724902E-05, -40.80390089697063871, -20.16498246039200026 ) ) ;
#172 = CARTESIAN_POINT ( 'NONE',  ( -10.00001871299999223, 14.84253062033663539, 14.84540802537270920 ) ) ;
#173 = ORIENTED_EDGE ( 'NONE', *, *, #944, .F. ) ;
#174 = DIRECTION ( 'NONE',  ( -6.666234944198022064E-15, 6.358310602959384129E-05, -0.9999999979785944015 ) ) ;
#175 = CARTESIAN_POINT ( 'NONE',  ( 9.999981286999970465, -119.3527095910495603, -20.16997683756582660 ) ) ;
#176 = ORIENTED_EDGE ( 'NONE', *, *, #3580, .T. ) ;
#177 = CARTESIAN_POINT ( 'NONE',  ( 2.499981286983810058, 70.79492901572845653, -20.15788666091563996 ) ) ;
#178 = ORIENTED_EDGE ( 'NONE', *, *, #566, .F. ) ;
#179 = DIRECTION ( 'NONE',  ( 2.900483776316616780E-26, 6.358310577535970754E-05, -0.9999999979785944015 ) ) ;
#180 = CARTESIAN_POINT ( 'NONE',  ( -10.00001871299993539, -0.005818093550241654199, -0.004778513247261084729 ) ) ;
#181 = EDGE_LOOP ( 'NONE', ( #1908, #1914 ) ) ;
#182 = LINE ( 'NONE', #700, #1656 ) ;
#183 = ORIENTED_EDGE ( 'NONE', *, *, #3082, .T. ) ;
#184 = CARTESIAN_POINT ( 'NONE',  ( -2.500018713000040638, -50.80452081263578634, -10.41561831182607989 ) ) ;
#185 = EDGE_CURVE ( 'NONE', #2998, #3404, #2577, .T. ) ;
#186 = VERTEX_POINT ( 'NONE', #3447 ) ;
#187 = ADVANCED_FACE ( 'NONE', ( #3465 ), #64, .F. ) ;
#188 = CC_DESIGN_APPROVAL ( #576, ( #2361 ) ) ;
#189 = DIRECTION ( 'NONE',  ( -6.666234944169016438E-15, 6.358310577535969399E-05, -0.9999999979785942905 ) ) ;
#190 = EDGE_LOOP ( 'NONE', ( #2677, #1081 ) ) ;
#191 = DIRECTION ( 'NONE',  ( 1.000000000000000000, 2.275957200481570908E-13, -5.898059818321144121E-15 ) ) ;
#192 = DIRECTION ( 'NONE',  ( 1.136911078101722939E-13, -0.9987654815812405662, -0.04967406568615692630 ) ) ;
#193 = CARTESIAN_POINT ( 'NONE',  ( 2.499981286999963803, -70.80481762946452307, -5.748085066898639184 ) ) ;
#194 = ORIENTED_EDGE ( 'NONE', *, *, #723, .T. ) ;
#195 = CARTESIAN_POINT ( 'NONE',  ( -1.871300003841724902E-05, -50.80481766974156699, -5.746813404274658588 ) ) ;
#196 = CARTESIAN_POINT ( 'NONE',  ( -1.871301846811945779E-05, 80.79401220369894077, -5.738445942680164613 ) ) ;
#197 = ORIENTED_EDGE ( 'NONE', *, *, #3398, .T. ) ;
#198 = AXIS2_PLACEMENT_3D ( 'NONE', #814, #501, #2129 ) ;
#199 = AXIS2_PLACEMENT_3D ( 'NONE', #139, #1266, #161 ) ;
#200 = ORIENTED_EDGE ( 'NONE', *, *, #2388, .T. ) ;
#201 = CARTESIAN_POINT ( 'NONE',  ( 9.999981286999970465, -28.60332971024595494, -10.41420669125320231 ) ) ;
#202 = AXIS2_PLACEMENT_3D ( 'NONE', #1921, #2750, #1956 ) ;
#203 = CIRCLE ( 'NONE', #24, 2.500000000000000000 ) ;
#204 = VERTEX_POINT ( 'NONE', #119 ) ;
#205 = EDGE_CURVE ( 'NONE', #1347, #1880, #1954, .T. ) ;
#206 = AXIS2_PLACEMENT_3D ( 'NONE', #3352, #2228, #2743 ) ;
#207 = VECTOR ( 'NONE', #3191, 999.9999999999998863 ) ;
#208 = DIRECTION ( 'NONE',  ( 1.000000000000000000, 2.275957200481570908E-13, -5.551115123125782702E-15 ) ) ;
#209 = ADVANCED_FACE ( 'NONE', ( #1240 ), #81, .F. ) ;
#210 = CARTESIAN_POINT ( 'NONE',  ( -1.871300003841724902E-05, -40.80481768992966352, -5.746177573961369411 ) ) ;
#211 = CIRCLE ( 'NONE', #917, 2.500000000000000000 ) ;
#212 = AXIS2_PLACEMENT_3D ( 'NONE', #2565, #873, #910 ) ;
#213 = ADVANCED_FACE ( 'NONE', ( #939, #3149, #1498, #607, #664, #957, #1750, #923 ), #3184, .F. ) ;
#214 = CYLINDRICAL_SURFACE ( 'NONE', #1093, 2.099999999999999645 ) ;
#215 = CIRCLE ( 'NONE', #1397, 2.500000000000000000 ) ;
#216 = LINE ( 'NONE', #3563, #1625 ) ;
#217 = EDGE_LOOP ( 'NONE', ( #1533, #1437 ) ) ;
#218 = CARTESIAN_POINT ( 'NONE',  ( -2.500018713009366511, 40.79492907614276476, -20.15979415333385560 ) ) ;
#219 = CARTESIAN_POINT ( 'NONE',  ( 2.499981286976926675, 100.7940121623740168, -5.737174280118967573 ) ) ;
#220 = ORIENTED_EDGE ( 'NONE', *, *, #1604, .T. ) ;
#221 = ORIENTED_EDGE ( 'NONE', *, *, #2611, .F. ) ;
#222 = DIRECTION ( 'NONE',  ( 5.773159728021815483E-15, -6.358310577535969399E-05, 0.9999999979785942905 ) ) ;
#223 = ORIENTED_EDGE ( 'NONE', *, *, #2404, .F. ) ;
#224 = DIRECTION ( 'NONE',  ( 1.000000000000000000, 0.000000000000000000, -5.898059818321144121E-15 ) ) ;
#225 = ORIENTED_EDGE ( 'NONE', *, *, #3565, .F. ) ;
#226 = LINE ( 'NONE', #797, #2306 ) ;
#227 = EDGE_CURVE ( 'NONE', #3585, #2230, #2872, .T. ) ;
#228 = DIRECTION ( 'NONE',  ( -5.773159728019287184E-15, 6.358310577535970754E-05, -0.9999999979785945126 ) ) ;
#229 = DIRECTION ( 'NONE',  ( 1.000000000000000000, 1.140928651987716975E-13, -5.765905360978588951E-15 ) ) ;
#230 = FACE_BOUND ( 'NONE', #3154, .T. ) ;
#231 = EDGE_CURVE ( 'NONE', #1797, #2176, #2855, .T. ) ;
#232 = ORIENTED_EDGE ( 'NONE', *, *, #78, .F. ) ;
#233 = LINE ( 'NONE', #3043, #94 ) ;
#234 = DIRECTION ( 'NONE',  ( 1.000000000000000000, 2.275957200481570908E-13, -5.898059818321144121E-15 ) ) ;
#235 = ORIENTED_EDGE ( 'NONE', *, *, #2541, .T. ) ;
#236 = CARTESIAN_POINT ( 'NONE',  ( -1.871301391620505683E-05, 60.79430910105534736, -10.40852251084495350 ) ) ;
#237 = DIRECTION ( 'NONE',  ( -6.666234944198022064E-15, 6.358310602959384129E-05, -0.9999999979785944015 ) ) ;
#238 = VERTEX_POINT ( 'NONE', #3424 ) ;
#239 = CYLINDRICAL_SURFACE ( 'NONE', #3448, 2.500000000000000000 ) ;
#240 = ORIENTED_EDGE ( 'NONE', *, *, #107, .T. ) ;
#241 = DIRECTION ( 'NONE',  ( 5.773159728019285606E-15, -6.358310577535970754E-05, 0.9999999979785944015 ) ) ;
#242 = DIRECTION ( 'NONE',  ( 5.773159728048290444E-15, -6.358310602959382773E-05, 0.9999999979785942905 ) ) ;
#243 = DIRECTION ( 'NONE',  ( 1.000000000000000000, 1.140928651987716975E-13, -5.765905360958373601E-15 ) ) ;
#244 = DIRECTION ( 'NONE',  ( -5.773159728019287184E-15, 6.358310577535970754E-05, -0.9999999979785945126 ) ) ;
#245 = VECTOR ( 'NONE', #3201, 999.9999999999998863 ) ;
#246 = DIRECTION ( 'NONE',  ( 1.000000000000000000, 0.000000000000000000, -5.551115123125782702E-15 ) ) ;
#247 = VERTEX_POINT ( 'NONE', #2332 ) ;
#248 = CARTESIAN_POINT ( 'NONE',  ( 2.499981286988361973, 50.79238573178248828, 19.84084159686857873 ) ) ;
#249 = ADVANCED_FACE ( 'NONE', ( #1467 ), #1521, .F. ) ;
#250 = CARTESIAN_POINT ( 'NONE',  ( -2.500018713000040638, -90.80644412047774949, 19.83183830344309584 ) ) ;
#251 = VERTEX_POINT ( 'NONE', #2041 ) ;
#252 = EDGE_CURVE ( 'NONE', #994, #899, #2014, .T. ) ;
#253 = VECTOR ( 'NONE', #3190, 999.9999999999998863 ) ;
#254 = DIRECTION ( 'NONE',  ( -5.773159728019287184E-15, 6.358310577535970754E-05, -0.9999999979785945126 ) ) ;
#255 = VERTEX_POINT ( 'NONE', #3167 ) ;
#256 = AXIS2_PLACEMENT_3D ( 'NONE', #171, #2686, #3236 ) ;
#257 = FACE_BOUND ( 'NONE', #2586, .T. ) ;
#258 = ORIENTED_EDGE ( 'NONE', *, *, #231, .F. ) ;
#259 = CIRCLE ( 'NONE', #198, 2.099999999999999645 ) ;
#260 = CIRCLE ( 'NONE', #2307, 2.500000000000000000 ) ;
#261 = DIRECTION ( 'NONE',  ( -6.666234944198022064E-15, 6.358310602959384129E-05, -0.9999999979785944015 ) ) ;
#262 = DIRECTION ( 'NONE',  ( 1.000000000000000000, 0.000000000000000000, -5.551115123125782702E-15 ) ) ;
#263 = VECTOR ( 'NONE', #1006, 999.9999999999998863 ) ;
#264 = CIRCLE ( 'NONE', #3204, 2.099999999999999645 ) ;
#265 = CARTESIAN_POINT ( 'NONE',  ( -10.00001871299999223, -0.8502266479567255342, 16.97423217183285971 ) ) ;
#266 = CARTESIAN_POINT ( 'NONE',  ( 9.999981286999970465, -119.3552529154482329, 19.83002308083672816 ) ) ;
#267 = CIRCLE ( 'NONE', #3261, 2.500000000000000000 ) ;
#268 = AXIS2_PLACEMENT_3D ( 'NONE', #888, #1688, #579 ) ;
#269 = LINE ( 'NONE', #193, #2492 ) ;
#270 = ORIENTED_EDGE ( 'NONE', *, *, #1479, .F. ) ;
#271 = CIRCLE ( 'NONE', #2143, 2.500000000000000000 ) ;
#272 = CARTESIAN_POINT ( 'NONE',  ( -10.00001871300167799, 16.10825051853947798, 25.38883239292762539 ) ) ;
#273 = VECTOR ( 'NONE', #106, 999.9999999999998863 ) ;
#274 = DIRECTION ( 'NONE',  ( 5.773159728048290444E-15, -6.358310602959382773E-05, 0.9999999979785942905 ) ) ;
#275 = ORIENTED_EDGE ( 'NONE', *, *, #2358, .T. ) ;
#276 = ADVANCED_FACE ( 'NONE', ( #902 ), #1447, .T. ) ;
#277 = ORIENTED_EDGE ( 'NONE', *, *, #1380, .T. ) ;
#278 = FACE_OUTER_BOUND ( 'NONE', #1180, .T. ) ;
#279 = ADVANCED_FACE ( 'NONE', ( #1484 ), #1167, .F. ) ;
#280 = EDGE_LOOP ( 'NONE', ( #901, #2812, #811, #91 ) ) ;
#281 = DIRECTION ( 'NONE',  ( -1.142384188789999595E-13, 0.9987717903683451803, -0.04954705606199365231 ) ) ;
#282 = VERTEX_POINT ( 'NONE', #104 ) ;
#283 = CARTESIAN_POINT ( 'NONE',  ( -2.500018713000040638, -80.80452075217064589, -10.41752580476332213 ) ) ;
#284 = CARTESIAN_POINT ( 'NONE',  ( -1.871300003841724902E-05, -21.00576755103866589, -0.006113755499081996447 ) ) ;
#285 = DIRECTION ( 'NONE',  ( -1.000000000000000000, 2.863957255156185782E-16, 5.773177949648009516E-15 ) ) ;
#286 = CYLINDRICAL_SURFACE ( 'NONE', #851, 2.500000000000000000 ) ;
#287 = DIRECTION ( 'NONE',  ( 0.000000000000000000, 6.358310602959384129E-05, -0.9999999979785944015 ) ) ;
#288 = VERTEX_POINT ( 'NONE', #3405 ) ;
#289 = CARTESIAN_POINT ( 'NONE',  ( -10.00001871299999223, -70.78792400829894405, -20.16688893788493075 ) ) ;
#290 = DIRECTION ( 'NONE',  ( -5.773159728019287184E-15, 6.358310577535970754E-05, -0.9999999979785945126 ) ) ;
#291 = ORIENTED_EDGE ( 'NONE', *, *, #1429, .F. ) ;
#292 = FACE_BOUND ( 'NONE', #3451, .T. ) ;
#293 = VERTEX_POINT ( 'NONE', #1049 ) ;
#294 = FACE_BOUND ( 'NONE', #2839, .T. ) ;
#295 = ADVANCED_FACE ( 'NONE', ( #1295 ), #2418, .F. ) ;
#296 = VERTEX_POINT ( 'NONE', #3291 ) ;
#297 = DIRECTION ( 'NONE',  ( -6.666234944169016438E-15, 6.358310577535969399E-05, -0.9999999979785942905 ) ) ;
#298 = DIRECTION ( 'NONE',  ( 5.667301641580700659E-15, -6.358310602956215548E-05, 0.9999999979785942905 ) ) ;
#299 = EDGE_CURVE ( 'NONE', #1543, #282, #1609, .T. ) ;
#300 = FACE_OUTER_BOUND ( 'NONE', #2405, .T. ) ;
#301 = EDGE_CURVE ( 'NONE', #1941, #1461, #1666, .T. ) ;
#302 = LINE ( 'NONE', #1948, #388 ) ;
#303 = FACE_OUTER_BOUND ( 'NONE', #3084, .T. ) ;
#304 = ORIENTED_EDGE ( 'NONE', *, *, #2861, .T. ) ;
#305 = VECTOR ( 'NONE', #353, 1000.000000000000000 ) ;
#306 = VERTEX_POINT ( 'NONE', #2109 ) ;
#307 = CARTESIAN_POINT ( 'NONE',  ( -10.00001871299999223, -70.93144416079610437, 19.83310201731416811 ) ) ;
#308 = CARTESIAN_POINT ( 'NONE',  ( 9.999981286990644591, -22.50768590552690185, 19.83618095046965735 ) ) ;
#309 = VERTEX_POINT ( 'NONE', #462 ) ;
#310 = DIRECTION ( 'NONE',  ( -6.666234944169016438E-15, 6.358310577535969399E-05, -0.9999999979785942905 ) ) ;
#311 = ORIENTED_EDGE ( 'NONE', *, *, #796, .T. ) ;
#312 = DIRECTION ( 'NONE',  ( -6.666234944198022064E-15, 6.358310602959384129E-05, -0.9999999979785944015 ) ) ;
#313 = EDGE_LOOP ( 'NONE', ( #3033, #1718 ) ) ;
#314 = CARTESIAN_POINT ( 'NONE',  ( -10.00001871302946910, 129.0911944263743862, 19.84582007813853721 ) ) ;
#315 = AXIS2_PLACEMENT_3D ( 'NONE', #516, #1019, #2135 ) ;
#316 = CARTESIAN_POINT ( 'NONE',  ( 9.999981286999970465, -0.8502266479567255342, 16.97423217183285971 ) ) ;
#317 = EDGE_CURVE ( 'NONE', #453, #1256, #2403, .T. ) ;
#318 = AXIS2_PLACEMENT_3D ( 'NONE', #842, #1119, #2201 ) ;
#319 = CARTESIAN_POINT ( 'NONE',  ( 9.999981286973572026, 19.25190158053209899, -23.10227919057455637 ) ) ;
#320 = EDGE_LOOP ( 'NONE', ( #2457, #1363, #2892, #3321 ) ) ;
#321 = EDGE_CURVE ( 'NONE', #255, #402, #3222, .T. ) ;
#322 = CARTESIAN_POINT ( 'NONE',  ( -10.00001871299999223, -28.60463316393618882, 10.08579326743805282 ) ) ;
#323 = AXIS2_PLACEMENT_3D ( 'NONE', #3272, #3515, #991 ) ;
#324 = AXIS2_PLACEMENT_3D ( 'NONE', #3196, #1305, #1531 ) ;
#325 = ORIENTED_EDGE ( 'NONE', *, *, #321, .F. ) ;
#326 = EDGE_CURVE ( 'NONE', #1027, #2214, #1500, .T. ) ;
#327 = AXIS2_PLACEMENT_3D ( 'NONE', #1191, #930, #1809 ) ;
#328 = AXIS2_PLACEMENT_3D ( 'NONE', #667, #109, #2350 ) ;
#329 = FACE_OUTER_BOUND ( 'NONE', #2690, .T. ) ;
#330 = FACE_OUTER_BOUND ( 'NONE', #3462, .T. ) ;
#331 = ORIENTED_EDGE ( 'NONE', *, *, #1519, .F. ) ;
#332 = VECTOR ( 'NONE', #2761, 1000.000000000000227 ) ;
#333 = DATE_AND_TIME ( #2846, #2533 ) ;
#334 = AXIS2_PLACEMENT_3D ( 'NONE', #2373, #3011, #530 ) ;
#335 = DIRECTION ( 'NONE',  ( 5.773159728019287184E-15, -6.358310577535970754E-05, 0.9999999979785945126 ) ) ;
#336 = EDGE_LOOP ( 'NONE', ( #1725, #1220 ) ) ;
#337 = DIRECTION ( 'NONE',  ( -6.666234944169016438E-15, 6.358310577535969399E-05, -0.9999999979785942905 ) ) ;
#338 = ORIENTED_EDGE ( 'NONE', *, *, #753, .F. ) ;
#339 = DIRECTION ( 'NONE',  ( 1.000000000000000000, 2.275957200481570908E-13, -5.551115123125782702E-15 ) ) ;
#340 = DIRECTION ( 'NONE',  ( 1.000000000000000000, 0.000000000000000000, -5.898059818321144121E-15 ) ) ;
#341 = DIRECTION ( 'NONE',  ( -1.139961141356187195E-13, 0.9987717903683451803, -0.04954705606199430457 ) ) ;
#342 = ORIENTED_EDGE ( 'NONE', *, *, #3282, .F. ) ;
#343 = DIRECTION ( 'NONE',  ( 1.140924983539660166E-13, -0.9999999979785944015, -6.358310602959384129E-05 ) ) ;
#344 = ORIENTED_EDGE ( 'NONE', *, *, #689, .T. ) ;
#345 = FACE_OUTER_BOUND ( 'NONE', #2053, .T. ) ;
#346 = ADVANCED_FACE ( 'NONE', ( #1536 ), #995, .F. ) ;
#347 = LINE ( 'NONE', #1474, #1961 ) ;
#348 = LINE ( 'NONE', #2844, #1560 ) ;
#349 = VERTEX_POINT ( 'NONE', #184 ) ;
#350 = PERSON_AND_ORGANIZATION_ROLE ( 'design_owner' ) ;
#351 = DIRECTION ( 'NONE',  ( -5.773159728019287184E-15, 6.358310577535970754E-05, -0.9999999979785945126 ) ) ;
#352 = ORIENTED_EDGE ( 'NONE', *, *, #1394, .T. ) ;
#353 = DIRECTION ( 'NONE',  ( 1.000000000000000000, 1.135472064529175003E-13, -5.632848122122710662E-15 ) ) ;
#354 = ORIENTED_EDGE ( 'NONE', *, *, #1241, .T. ) ;
#355 = CARTESIAN_POINT ( 'NONE',  ( -1.871300003841724902E-05, -40.80481768992966352, -5.746177573961369411 ) ) ;
#356 = EDGE_CURVE ( 'NONE', #1910, #3620, #2954, .T. ) ;
#357 = CYLINDRICAL_SURFACE ( 'NONE', #2369, 2.099999999999999201 ) ;
#358 = FACE_OUTER_BOUND ( 'NONE', #1580, .T. ) ;
#359 = ORIENTED_EDGE ( 'NONE', *, *, #905, .F. ) ;
#360 = DIRECTION ( 'NONE',  ( -1.139961141356187699E-13, 0.9987717903683451803, -0.04954705606199349965 ) ) ;
#361 = ORIENTED_EDGE ( 'NONE', *, *, #2178, .T. ) ;
#362 = EDGE_CURVE ( 'NONE', #2397, #1041, #1785, .T. ) ;
#363 = CARTESIAN_POINT ( 'NONE',  ( -1.871300003841724902E-05, -0.004298824107379362047, -23.10477846336916841 ) ) ;
#364 = DIRECTION ( 'NONE',  ( 1.000000000000000000, 1.140928651987716975E-13, -5.765905360958373601E-15 ) ) ;
#365 = ORIENTED_EDGE ( 'NONE', *, *, #36, .T. ) ;
#366 = ADVANCED_FACE ( 'NONE', ( #1819 ), #1331, .F. ) ;
#367 = CARTESIAN_POINT ( 'NONE',  ( 9.999981286974206185, 16.10719147760223180, 25.38959032841972174 ) ) ;
#368 = VERTEX_POINT ( 'NONE', #2715 ) ;
#369 = ADVANCED_FACE ( 'NONE', ( #135 ), #758, .F. ) ;
#370 = DIRECTION ( 'NONE',  ( -1.144981589859788255E-13, 0.9999999979785942905, 6.358310577533193841E-05 ) ) ;
#371 = ORIENTED_EDGE ( 'NONE', *, *, #1250, .F. ) ;
#372 = DIRECTION ( 'NONE',  ( 1.000000000000000000, 2.275957200481570908E-13, -5.898059818321144121E-15 ) ) ;
#373 = DIRECTION ( 'NONE',  ( -5.773159728019287184E-15, 6.358310577535970754E-05, -0.9999999979785945126 ) ) ;
#374 = VERTEX_POINT ( 'NONE', #2997 ) ;
#375 = CARTESIAN_POINT ( 'NONE',  ( -1.871301846811945779E-05, 80.79430906077836028, -10.40725084923285770 ) ) ;
#376 = AXIS2_PLACEMENT_3D ( 'NONE', #1201, #3205, #339 ) ;
#377 = CARTESIAN_POINT ( 'NONE',  ( -1.871299998290609778E-05, -0.005818093547910185848, -0.004778513247288840304 ) ) ;
#378 = ORIENTED_EDGE ( 'NONE', *, *, #2815, .T. ) ;
#379 = CIRCLE ( 'NONE', #3017, 2.500000000000000000 ) ;
#380 = AXIS2_PLACEMENT_3D ( 'NONE', #2037, #1516, #879 ) ;
#381 = CARTESIAN_POINT ( 'NONE',  ( 9.999981287001137531, -8.393545800008395119, 28.87672855740844824 ) ) ;
#382 = ORIENTED_EDGE ( 'NONE', *, *, #1106, .T. ) ;
#383 = CARTESIAN_POINT ( 'NONE',  ( 2.499981286999963803, -50.80582426632599180, 10.08438164686520366 ) ) ;
#384 = VECTOR ( 'NONE', #70, 1000.000000000000000 ) ;
#385 = VECTOR ( 'NONE', #2413, 1000.000000000000227 ) ;
#386 = CARTESIAN_POINT ( 'NONE',  ( 9.999981286975827999, 2.114914174227901178, 29.99535281839774825 ) ) ;
#387 = ADVANCED_FACE ( 'NONE', ( #2961 ), #2093, .T. ) ;
#388 = VECTOR ( 'NONE', #1647, 1000.000000000000000 ) ;
#389 = AXIS2_PLACEMENT_3D ( 'NONE', #452, #710, #694 ) ;
#390 = ORIENTED_EDGE ( 'NONE', *, *, #1668, .T. ) ;
#391 = CIRCLE ( 'NONE', #2378, 2.099999999630000502 ) ;
#392 = DIRECTION ( 'NONE',  ( 5.773159728048290444E-15, -6.358310602959382773E-05, 0.9999999979785942905 ) ) ;
#393 = EDGE_LOOP ( 'NONE', ( #2735, #72 ) ) ;
#394 = DIRECTION ( 'NONE',  ( -6.666234944169016438E-15, 6.358310577535969399E-05, -0.9999999979785942905 ) ) ;
#395 = EDGE_CURVE ( 'NONE', #527, #2301, #3551, .T. ) ;
#396 = CARTESIAN_POINT ( 'NONE',  ( 9.999981286974790606, 8.246793599952670917, -28.92274360106858921 ) ) ;
#397 = ORIENTED_EDGE ( 'NONE', *, *, #3562, .T. ) ;
#398 = DIRECTION ( 'NONE',  ( 5.773159728050820321E-15, -6.358310602959382773E-05, 0.9999999979785942905 ) ) ;
#399 = DIRECTION ( 'NONE',  ( 1.000000000000000000, 2.275957200481570908E-13, -5.551115123125782702E-15 ) ) ;
#400 = CYLINDRICAL_SURFACE ( 'NONE', #199, 2.099999999629998726 ) ;
#401 = CARTESIAN_POINT ( 'NONE',  ( 9.999981287002373875, -19.53405268391422211, 22.86755150653116075 ) ) ;
#402 = VERTEX_POINT ( 'NONE', #201 ) ;
#403 = CARTESIAN_POINT ( 'NONE',  ( 2.499981286999963803, -60.80390085669357347, -20.16625412301603504 ) ) ;
#404 = DIRECTION ( 'NONE',  ( 1.000000000000000000, 1.140928651987716975E-13, -5.765905360978588951E-15 ) ) ;
#405 = ORIENTED_EDGE ( 'NONE', *, *, #1106, .F. ) ;
#406 = LINE ( 'NONE', #1534, #245 ) ;
#407 = VERTEX_POINT ( 'NONE', #2755 ) ;
#408 = CARTESIAN_POINT ( 'NONE',  ( -1.871300003841724902E-05, -80.80481760932603663, -5.748720898210657460 ) ) ;
#409 = DIRECTION ( 'NONE',  ( -1.139961141356187195E-13, 0.9987717903683451803, -0.04954705606199430457 ) ) ;
#410 = EDGE_CURVE ( 'NONE', #83, #1941, #569, .T. ) ;
#411 = FACE_BOUND ( 'NONE', #775, .T. ) ;
#412 = EDGE_CURVE ( 'NONE', #2490, #1984, #3136, .T. ) ;
#413 = ADVANCED_FACE ( 'NONE', ( #1924 ), #3385, .F. ) ;
#414 = DIRECTION ( 'NONE',  ( 1.000000000000000000, 2.275957200481570908E-13, -5.898059818321144121E-15 ) ) ;
#415 = ORIENTED_EDGE ( 'NONE', *, *, #1979, .T. ) ;
#416 = CARTESIAN_POINT ( 'NONE',  ( -1.871300003841724902E-05, -90.80452073203213104, -10.41816163607531287 ) ) ;
#417 = ORIENTED_EDGE ( 'NONE', *, *, #3356, .F. ) ;
#418 = CARTESIAN_POINT ( 'NONE',  ( 9.999981286996639795, 28.59303254722891907, -9.066319156686153846 ) ) ;
#419 = CARTESIAN_POINT ( 'NONE',  ( -1.871300003841724902E-05, -0.005717094161389324469, -0.004778506825398043389 ) ) ;
#420 = B_SPLINE_CURVE_WITH_KNOTS ( 'NONE', 3,
 ( #1142, #1912, #1983, #117 ),
 .UNSPECIFIED., .F., .F.,
 ( 4, 4 ),
 ( 0.000000000000000000, 1.000000000000000000 ),
 .UNSPECIFIED. ) ;
#421 = ORIENTED_EDGE ( 'NONE', *, *, #3491, .T. ) ;
#422 = DIRECTION ( 'NONE',  ( 1.000000000000000000, 2.275957200481570908E-13, -5.551115123125782702E-15 ) ) ;
#423 = ORIENTED_EDGE ( 'NONE', *, *, #3378, .T. ) ;
#424 = AXIS2_PLACEMENT_3D ( 'NONE', #2572, #2327, #3437 ) ;
#425 = CARTESIAN_POINT ( 'NONE',  ( -10.00001871302271539, -10.41754791809839986, 28.21040933938419570 ) ) ;
#426 = CYLINDRICAL_SURFACE ( 'NONE', #3270, 2.500000000000000000 ) ;
#427 = VERTEX_POINT ( 'NONE', #1654 ) ;
#428 = DIRECTION ( 'NONE',  ( -5.773159728019287184E-15, 6.358310577535970754E-05, -0.9999999979785945126 ) ) ;
#429 = EDGE_CURVE ( 'NONE', #3552, #1076, #1323, .T. ) ;
#430 = CARTESIAN_POINT ( 'NONE',  ( -2.500018713016194383, 70.79430908091630670, -10.40788668003886386 ) ) ;
#431 = ORIENTED_EDGE ( 'NONE', *, *, #5, .F. ) ;
#432 = FACE_BOUND ( 'NONE', #823, .T. ) ;
#433 = EDGE_CURVE ( 'NONE', #2957, #111, #2075, .T. ) ;
#434 = CIRCLE ( 'NONE', #1723, 9.749999999999998224 ) ;
#435 = VERTEX_POINT ( 'NONE', #1062 ) ;
#436 = VECTOR ( 'NONE', #2097, 999.9999999999998863 ) ;
#437 = VECTOR ( 'NONE', #3362, 1000.000000000000227 ) ;
#438 = CARTESIAN_POINT ( 'NONE',  ( -1.871300003841724902E-05, -100.8058241645850899, 10.08120249125435386 ) ) ;
#439 = DIRECTION ( 'NONE',  ( -6.666234944169016438E-15, 6.358310577535969399E-05, -0.9999999979785942905 ) ) ;
#440 = VERTEX_POINT ( 'NONE', #2219 ) ;
#441 = AXIS2_PLACEMENT_3D ( 'NONE', #1706, #1436, #3138 ) ;
#442 = CARTESIAN_POINT ( 'NONE',  ( -1.871300003841724902E-05, -129.1046329604214122, 10.07940316519967361 ) ) ;
#443 = EDGE_LOOP ( 'NONE', ( #1184, #3114 ) ) ;
#444 = CIRCLE ( 'NONE', #2730, 2.500000000000000000 ) ;
#445 = DIRECTION ( 'NONE',  ( 1.000000000000000000, 2.275957200481570908E-13, -5.551115123125782702E-15 ) ) ;
#446 = AXIS2_PLACEMENT_3D ( 'NONE', #593, #534, #871 ) ;
#447 = DIRECTION ( 'NONE',  ( -8.837868141547774319E-14, 0.7406661565851795359, -0.6718732354316091504 ) ) ;
#448 = VECTOR ( 'NONE', #774, 1000.000000000000000 ) ;
#449 = CARTESIAN_POINT ( 'NONE',  ( 9.999981287000025532, -0.005818093545634228647, -0.004778513247288840304 ) ) ;
#450 = DIRECTION ( 'NONE',  ( -1.139961141557037492E-13, 0.9987717903683451803, -0.04954705606199423518 ) ) ;
#451 = VERTEX_POINT ( 'NONE', #3007 ) ;
#452 = CARTESIAN_POINT ( 'NONE',  ( -1.871300003841724902E-05, -90.80582418572238623, 10.08183832261591562 ) ) ;
#453 = VERTEX_POINT ( 'NONE', #3641 ) ;
#454 = CALENDAR_DATE ( 2026, 12, 7 ) ;
#455 = EDGE_CURVE ( 'NONE', #1422, #453, #2254, .T. ) ;
#456 = CARTESIAN_POINT ( 'NONE',  ( -10.00001871299999223, -22.22313842554834906, -20.16380103820403136 ) ) ;
#457 = EDGE_CURVE ( 'NONE', #3166, #1658, #3013, .T. ) ;
#458 = DIRECTION ( 'NONE',  ( 1.142658131066535857E-14, -0.04967703253333632940, 0.9987653340192987894 ) ) ;
#459 = ORIENTED_EDGE ( 'NONE', *, *, #764, .F. ) ;
#460 = CARTESIAN_POINT ( 'NONE',  ( -10.00001871299999223, -14.85582060497919699, 12.74351970800613465 ) ) ;
#461 = ORIENTED_EDGE ( 'NONE', *, *, #3346, .F. ) ;
#462 = CARTESIAN_POINT ( 'NONE',  ( 9.999981286999970465, -129.1033295066816322, -10.42059679249279824 ) ) ;
#463 = ORIENTED_EDGE ( 'NONE', *, *, #55, .F. ) ;
#464 = FACE_OUTER_BOUND ( 'NONE', #69, .T. ) ;
#465 = FACE_OUTER_BOUND ( 'NONE', #3234, .T. ) ;
#466 = CARTESIAN_POINT ( 'NONE',  ( 9.999981286999970465, -21.00576755103866589, -0.006113755499081996447 ) ) ;
#467 = DIRECTION ( 'NONE',  ( -6.666234944198022064E-15, 6.358310602959384129E-05, -0.9999999979785944015 ) ) ;
#468 = VERTEX_POINT ( 'NONE', #2473 ) ;
#469 = EDGE_CURVE ( 'NONE', #2808, #1938, #1365, .T. ) ;
#470 = PERSON_AND_ORGANIZATION_ROLE ( 'design_supplier' ) ;
#471 = ORIENTED_EDGE ( 'NONE', *, *, #2347, .T. ) ;
#472 = DIRECTION ( 'NONE',  ( 1.000000000000000000, 1.135472064529175003E-13, -5.632848122122710662E-15 ) ) ;
#473 = DIRECTION ( 'NONE',  ( 1.000000000000000000, 1.139288414629226892E-13, -5.668074280334262295E-15 ) ) ;
#474 = ORIENTED_EDGE ( 'NONE', *, *, #3565, .T. ) ;
#475 = EDGE_CURVE ( 'NONE', #3345, #2069, #2426, .T. ) ;
#476 = EDGE_CURVE ( 'NONE', #2397, #1977, #2180, .T. ) ;
#477 = EDGE_LOOP ( 'NONE', ( #892, #275 ) ) ;
#478 = DIRECTION ( 'NONE',  ( 5.773159728048290444E-15, -6.358310602959382773E-05, 0.9999999979785942905 ) ) ;
#479 = EDGE_CURVE ( 'NONE', #57, #3487, #1898, .T. ) ;
#480 = ORGANIZATION ( 'UNSPECIFIED', 'UNSPECIFIED', '' ) ;
#481 = DIRECTION ( 'NONE',  ( 5.773159728050820321E-15, -6.358310602959382773E-05, 0.9999999979785942905 ) ) ;
#482 = PLANE ( 'NONE',  #3254 ) ;
#483 = CARTESIAN_POINT ( 'NONE',  ( 2.499981286979258144, 90.79238565117888982, 19.84338492109158381 ) ) ;
#484 = DIRECTION ( 'NONE',  ( 1.000000000000000000, 2.275957200481570908E-13, -5.898059818321144121E-15 ) ) ;
#485 = ORIENTED_EDGE ( 'NONE', *, *, #2358, .F. ) ;
#486 = APPROVAL_DATE_TIME ( #696, #2914 ) ;
#487 = FACE_OUTER_BOUND ( 'NONE', #1630, .T. ) ;
#488 = LINE ( 'NONE', #219, #1900 ) ;
#489 = ORIENTED_EDGE ( 'NONE', *, *, #469, .T. ) ;
#490 = AXIS2_PLACEMENT_3D ( 'NONE', #3575, #3314, #1861 ) ;
#491 = AXIS2_PLACEMENT_3D ( 'NONE', #2711, #1254, #990 ) ;
#492 = CARTESIAN_POINT ( 'NONE',  ( -1.871302074407665827E-05, 90.79238565117833559, 19.84338492109155538 ) ) ;
#493 = EDGE_LOOP ( 'NONE', ( #1698, #127, #338, #1237 ) ) ;
#494 = DIRECTION ( 'NONE',  ( 1.000000000000000000, 0.000000000000000000, -5.551115123125782702E-15 ) ) ;
#495 = AXIS2_PLACEMENT_3D ( 'NONE', #1619, #2769, #1345 ) ;
#496 = CIRCLE ( 'NONE', #2140, 2.500000000000000000 ) ;
#497 = VECTOR ( 'NONE', #2300, 1000.000000000000227 ) ;
#498 = LINE ( 'NONE', #3049, #1157 ) ;
#499 = ADVANCED_FACE ( 'NONE', ( #1960 ), #1675, .F. ) ;
#500 = ORIENTED_EDGE ( 'NONE', *, *, #479, .T. ) ;
#501 = DIRECTION ( 'NONE',  ( 1.000000000000000000, 1.140928651987716975E-13, -5.765905360978588951E-15 ) ) ;
#502 = CIRCLE ( 'NONE', #1452, 2.500000000000000000 ) ;
#503 = FACE_OUTER_BOUND ( 'NONE', #1552, .T. ) ;
#504 = CIRCLE ( 'NONE', #684, 2.099999999999999645 ) ;
#505 = CARTESIAN_POINT ( 'NONE',  ( 2.499981286999963803, -100.8039007760899466, -20.16879744726526980 ) ) ;
#506 = ORIENTED_EDGE ( 'NONE', *, *, #3155, .F. ) ;
#507 = CARTESIAN_POINT ( 'NONE',  ( -10.00001871299999223, -0.005717094161389324469, -0.004778506825398043389 ) ) ;
#508 = DIRECTION ( 'NONE',  ( 1.000000000000000000, 1.136246990803926310E-13, -5.683200943165883762E-15 ) ) ;
#509 = ORIENTED_EDGE ( 'NONE', *, *, #1566, .F. ) ;
#510 = CARTESIAN_POINT ( 'NONE',  ( 2.499981286990637930, 40.79401228430310056, -5.740989266903112842 ) ) ;
#511 = ORIENTED_EDGE ( 'NONE', *, *, #3346, .T. ) ;
#512 = DIRECTION ( 'NONE',  ( 1.000000000000000000, 0.000000000000000000, -5.551115123125782702E-15 ) ) ;
#513 = ORIENTED_EDGE ( 'NONE', *, *, #457, .T. ) ;
#514 = FACE_BOUND ( 'NONE', #1696, .T. ) ;
#515 = ORIENTED_EDGE ( 'NONE', *, *, #1429, .T. ) ;
#516 = CARTESIAN_POINT ( 'NONE',  ( -1.871301164024785635E-05, 50.79430912124347230, -10.40915834264974293 ) ) ;
#517 = FACE_OUTER_BOUND ( 'NONE', #709, .T. ) ;
#518 = FACE_BOUND ( 'NONE', #1854, .T. ) ;
#519 = CARTESIAN_POINT ( 'NONE',  ( -10.00001871299847167, -14.06098684175623603, -26.59047862237247983 ) ) ;
#520 = EDGE_CURVE ( 'NONE', #1664, #931, #2370, .T. ) ;
#521 = CARTESIAN_POINT ( 'NONE',  ( -1.871300003841724902E-05, -50.80481766974156699, -5.746813404274658588 ) ) ;
#522 = ORIENTED_EDGE ( 'NONE', *, *, #1524, .F. ) ;
#523 = EDGE_CURVE ( 'NONE', #83, #3360, #1557, .T. ) ;
#524 = LINE ( 'NONE', #3004, #3257 ) ;
#525 = DIRECTION ( 'NONE',  ( 1.000000000000000000, 2.275957200481570908E-13, -5.551115123125782702E-15 ) ) ;
#526 = ORIENTED_EDGE ( 'NONE', *, *, #1805, .T. ) ;
#527 = VERTEX_POINT ( 'NONE', #2797 ) ;
#528 = DIRECTION ( 'NONE',  ( -5.773159728048290444E-15, 6.358310602959382773E-05, -0.9999999979785942905 ) ) ;
#529 = ORIENTED_EDGE ( 'NONE', *, *, #587, .T. ) ;
#530 = DIRECTION ( 'NONE',  ( 1.000000000000000000, 0.000000000000000000, -5.898059818321144121E-15 ) ) ;
#531 = ORIENTED_EDGE ( 'NONE', *, *, #2360, .F. ) ;
#532 = LINE ( 'NONE', #1391, #87 ) ;
#533 = CARTESIAN_POINT ( 'NONE',  ( -1.871301619216225731E-05, 70.79492901572790231, -20.15788666091563996 ) ) ;
#534 = DIRECTION ( 'NONE',  ( 5.773159728048290444E-15, -6.358310602959382773E-05, 0.9999999979785942905 ) ) ;
#535 = LINE ( 'NONE', #3614, #1564 ) ;
#536 = CIRCLE ( 'NONE', #2236, 2.500000000000000000 ) ;
#537 = CARTESIAN_POINT ( 'NONE',  ( -1.871302302003385876E-05, 100.7943090194528821, -10.40597918667163313 ) ) ;
#538 = ORIENTED_EDGE ( 'NONE', *, *, #185, .T. ) ;
#539 = ADVANCED_FACE ( 'NONE', ( #2496, #1103, #2813, #1940, #292, #16, #3065, #278 ), #1406, .F. ) ;
#540 = LOCAL_TIME ( 16, 7, 53.00000000000000000, #2991 ) ;
#541 = ADVANCED_FACE ( 'NONE', ( #1219 ), #60, .F. ) ;
#542 = CARTESIAN_POINT ( 'NONE',  ( 9.999981286999970465, -70.78792400829894405, -20.16688893788493075 ) ) ;
#543 = DIRECTION ( 'NONE',  ( 5.773159728021815483E-15, -6.358310577535969399E-05, 0.9999999979785942905 ) ) ;
#544 = ORIENTED_EDGE ( 'NONE', *, *, #1133, .F. ) ;
#545 = ORIENTED_EDGE ( 'NONE', *, *, #7, .F. ) ;
#546 = CARTESIAN_POINT ( 'NONE',  ( -1.871300003841724902E-05, -40.80582428646450666, 10.08501747817719441 ) ) ;
#547 = ORIENTED_EDGE ( 'NONE', *, *, #3577, .T. ) ;
#548 = CIRCLE ( 'NONE', #1964, 2.500000000000000000 ) ;
#549 = VECTOR ( 'NONE', #1033, 999.9999999999998863 ) ;
#550 = DIRECTION ( 'NONE',  ( 1.000000000000000000, 1.145610207961579435E-13, -5.683141408922954036E-15 ) ) ;
#551 = EDGE_LOOP ( 'NONE', ( #679, #912, #624, #3548 ) ) ;
#552 = AXIS2_PLACEMENT_3D ( 'NONE', #2893, #1808, #651 ) ;
#553 = LINE ( 'NONE', #1682, #903 ) ;
#554 = CARTESIAN_POINT ( 'NONE',  ( -1.871300003841724902E-05, -80.80481760932603663, -5.748720898210657460 ) ) ;
#555 = PRODUCT ( 'Link3LShapeConnectorSmall_Default_sldprt', 'Link3LShapeConnectorSmall_Default_sldprt', '', ( #626 ) ) ;
#556 = CIRCLE ( 'NONE', #1844, 2.500000000000000000 ) ;
#557 = CARTESIAN_POINT ( 'NONE',  ( -1.871301164024785635E-05, 50.79492905600482544, -20.15915832252776596 ) ) ;
#558 = CARTESIAN_POINT ( 'NONE',  ( -10.00001871300039724, 2.081138403798241221, -30.00464938944646676 ) ) ;
#559 = CIRCLE ( 'NONE', #2617, 2.500000000000000000 ) ;
#560 = AXIS2_PLACEMENT_3D ( 'NONE', #2297, #3429, #2598 ) ;
#561 = CARTESIAN_POINT ( 'NONE',  ( 9.999981286999970465, -14.85595412944490334, 14.84351970397185205 ) ) ;
#562 = EDGE_LOOP ( 'NONE', ( #763, #1328 ) ) ;
#563 = DIRECTION ( 'NONE',  ( -6.666234944198022064E-15, 6.358310602959384129E-05, -0.9999999979785944015 ) ) ;
#564 = DIRECTION ( 'NONE',  ( 1.000000000000000000, 0.000000000000000000, -5.551115123125782702E-15 ) ) ;
#565 = ORIENTED_EDGE ( 'NONE', *, *, #682, .T. ) ;
#566 = EDGE_CURVE ( 'NONE', #3585, #3012, #3255, .T. ) ;
#567 = ORIENTED_EDGE ( 'NONE', *, *, #3580, .F. ) ;
#568 = EDGE_CURVE ( 'NONE', #3519, #1966, #1382, .T. ) ;
#569 = LINE ( 'NONE', #808, #2018 ) ;
#570 = ORIENTED_EDGE ( 'NONE', *, *, #2173, .F. ) ;
#571 = EDGE_CURVE ( 'NONE', #3088, #3311, #2884, .T. ) ;
#572 = CARTESIAN_POINT ( 'NONE',  ( -10.00001871299999223, 14.84266414485188612, 12.74540803040574666 ) ) ;
#573 = EDGE_LOOP ( 'NONE', ( #1166, #3212, #3197, #361 ) ) ;
#574 = CARTESIAN_POINT ( 'NONE',  ( -10.00001871299999223, -78.85463306217876323, 10.08259821631887831 ) ) ;
#575 = CARTESIAN_POINT ( 'NONE',  ( 2.499981286986086015, 60.79492903586694297, -20.15852249172175803 ) ) ;
#576 = APPROVAL ( #128, 'UNSPECIFIED' ) ;
#577 = CARTESIAN_POINT ( 'NONE',  ( -10.00001871300954015, -22.22318892493343867, -20.16380104129705941 ) ) ;
#578 = CARTESIAN_POINT ( 'NONE',  ( -10.00001871300132628, 10.24027426115410044, -28.27785545274838341 ) ) ;
#579 = DIRECTION ( 'NONE',  ( 1.000000000000000000, 0.000000000000000000, -5.551115123125782702E-15 ) ) ;
#580 = EDGE_LOOP ( 'NONE', ( #2321, #1107, #344, #3499 ) ) ;
#581 = CARTESIAN_POINT ( 'NONE',  ( 2.499981286999963803, -70.80390083655504441, -20.16688995432802756 ) ) ;
#582 = CARTESIAN_POINT ( 'NONE',  ( -2.500018713013918426, 60.79492903586583452, -20.15852249172175803 ) ) ;
#583 = ORIENTED_EDGE ( 'NONE', *, *, #2883, .T. ) ;
#584 = LINE ( 'NONE', #96, #2842 ) ;
#585 = EDGE_CURVE ( 'NONE', #247, #374, #1813, .T. ) ;
#586 = ORIENTED_EDGE ( 'NONE', *, *, #2048, .T. ) ;
#587 = EDGE_CURVE ( 'NONE', #3012, #3585, #3077, .T. ) ;
#588 = DIRECTION ( 'NONE',  ( 1.000000000000000000, 0.000000000000000000, -5.551115123125782702E-15 ) ) ;
#589 = ORIENTED_EDGE ( 'NONE', *, *, #1121, .T. ) ;
#590 = FACE_OUTER_BOUND ( 'NONE', #1090, .T. ) ;
#591 = EDGE_CURVE ( 'NONE', #2278, #1884, #848, .T. ) ;
#592 = DIRECTION ( 'NONE',  ( 5.773159728050820321E-15, -6.358310602959382773E-05, 0.9999999979785942905 ) ) ;
#593 = CARTESIAN_POINT ( 'NONE',  ( -1.871300003841724902E-05, -50.80452081263578634, -10.41561831182607989 ) ) ;
#594 = DIRECTION ( 'NONE',  ( 1.000000000000000000, 2.275957200481570908E-13, -5.551115123125782702E-15 ) ) ;
#595 = B_SPLINE_CURVE_WITH_KNOTS ( 'NONE', 3,
 ( #3390, #3351, #1414, #1094 ),
 .UNSPECIFIED., .F., .F.,
 ( 4, 4 ),
 ( 0.000000000000000000, 1.000000000000000000 ),
 .UNSPECIFIED. ) ;
#596 = CARTESIAN_POINT ( 'NONE',  ( -1.871301164024785635E-05, 50.79401226411437165, -5.740353435098350054 ) ) ;
#597 = ORIENTED_EDGE ( 'NONE', *, *, #2906, .T. ) ;
#598 = CIRCLE ( 'NONE', #3297, 2.099999999999999645 ) ;
#599 = CARTESIAN_POINT ( 'NONE',  ( -1.871300003841724902E-05, 14.84455246725149813, -16.95307671942533645 ) ) ;
#600 = CARTESIAN_POINT ( 'NONE',  ( -10.00001871300954015, -22.22318892493343867, -20.16380104129705941 ) ) ;
#601 = ORIENTED_EDGE ( 'NONE', *, *, #3475, .T. ) ;
#602 = DIRECTION ( 'NONE',  ( 5.773159728021815483E-15, -6.358310577535969399E-05, 0.9999999979785942905 ) ) ;
#603 = CARTESIAN_POINT ( 'NONE',  ( -1.871301846811945779E-05, 80.79238567136646054, 19.84274908928676595 ) ) ;
#604 = ORIENTED_EDGE ( 'NONE', *, *, #3282, .T. ) ;
#605 = LINE ( 'NONE', #1728, #1490 ) ;
#606 = EDGE_LOOP ( 'NONE', ( #1585, #992, #2851, #2196 ) ) ;
#607 = FACE_BOUND ( 'NONE', #779, .T. ) ;
#608 = VECTOR ( 'NONE', #1804, 1000.000000000000000 ) ;
#609 = CARTESIAN_POINT ( 'NONE',  ( -1.871300003841724902E-05, -119.3546329801439612, 10.08002310098357590 ) ) ;
#610 = EDGE_CURVE ( 'NONE', #2960, #2625, #584, .T. ) ;
#611 = CIRCLE ( 'NONE', #3194, 2.500000000000000000 ) ;
#612 = AXIS2_PLACEMENT_3D ( 'NONE', #660, #1724, #1708 ) ;
#613 = DIRECTION ( 'NONE',  ( 1.000000000000000000, 1.135472064529175003E-13, -5.632848122122710662E-15 ) ) ;
#614 = ORIENTED_EDGE ( 'NONE', *, *, #2336, .T. ) ;
#615 = CARTESIAN_POINT ( 'NONE',  ( -2.500018713016194383, 70.79300562726450607, 10.09211327865236463 ) ) ;
#616 = VECTOR ( 'NONE', #1045, 1000.000000000000000 ) ;
#617 = CIRCLE ( 'NONE', #2372, 2.099999999999999645 ) ;
#618 = ORIENTED_EDGE ( 'NONE', *, *, #2130, .T. ) ;
#619 = CARTESIAN_POINT ( 'NONE',  ( -1.871300003841724902E-05, -60.80452079244771824, -10.41625414213928558 ) ) ;
#620 = VECTOR ( 'NONE', #2211, 1000.000000000000227 ) ;
#621 = AXIS2_PLACEMENT_3D ( 'NONE', #2065, #2972, #1796 ) ;
#622 = CYLINDRICAL_SURFACE ( 'NONE', #2787, 2.099999999999999645 ) ;
#623 = DIRECTION ( 'NONE',  ( 1.000000000000000000, 0.000000000000000000, -5.551115123125782702E-15 ) ) ;
#624 = ORIENTED_EDGE ( 'NONE', *, *, #1522, .F. ) ;
#625 = AXIS2_PLACEMENT_3D ( 'NONE', #1646, #243, #2461 ) ;
#626 = MECHANICAL_CONTEXT ( 'NONE', #1423, 'mechanical' ) ;
#627 = AXIS2_PLACEMENT_3D ( 'NONE', #1965, #1943, #1891 ) ;
#628 = DIRECTION ( 'NONE',  ( -1.000000000000000000, 2.863957255156185782E-16, 5.773177949648009516E-15 ) ) ;
#629 = EDGE_LOOP ( 'NONE', ( #3164, #3025, #2696, #3238 ) ) ;
#630 = DIRECTION ( 'NONE',  ( 1.000000000000000000, 2.275957200481570908E-13, -5.551115123125782702E-15 ) ) ;
#631 = ORIENTED_EDGE ( 'NONE', *, *, #76, .T. ) ;
#632 = DIRECTION ( 'NONE',  ( 1.000000000000000000, 0.000000000000000000, -5.551115123125782702E-15 ) ) ;
#633 = DIRECTION ( 'NONE',  ( -5.545699401048351450E-15, 6.358310602959384129E-05, -0.9999999979785944015 ) ) ;
#634 = CARTESIAN_POINT ( 'NONE',  ( -1.871300003841724902E-05, -50.80582426632599180, 10.08438164686520366 ) ) ;
#635 = ORIENTED_EDGE ( 'NONE', *, *, #164, .T. ) ;
#636 = CARTESIAN_POINT ( 'NONE',  ( 2.499981286988361973, 50.79401226411492587, -5.740353435098350054 ) ) ;
#637 = VERTEX_POINT ( 'NONE', #115 ) ;
#638 = EDGE_CURVE ( 'NONE', #1938, #960, #1264, .T. ) ;
#639 = DIRECTION ( 'NONE',  ( -8.837868141547774319E-14, 0.7406661565851795359, -0.6718732354316091504 ) ) ;
#640 = CARTESIAN_POINT ( 'NONE',  ( -1.871300003841724902E-05, -90.80481758913796853, -5.749356728523919102 ) ) ;
#641 = EDGE_CURVE ( 'NONE', #2029, #2945, #1617, .T. ) ;
#642 = ORIENTED_EDGE ( 'NONE', *, *, #2744, .T. ) ;
#643 = DIRECTION ( 'NONE',  ( -1.143192814709788224E-13, 0.9999999979785942905, 6.358310577533193841E-05 ) ) ;
#644 = DIRECTION ( 'NONE',  ( -5.545699401019346612E-15, 6.358310577535969399E-05, -0.9999999979785942905 ) ) ;
#645 = ORIENTED_EDGE ( 'NONE', *, *, #227, .F. ) ;
#646 = CARTESIAN_POINT ( 'NONE',  ( -1.871300003841724902E-05, 14.84239709587090239, 16.94540802133842661 ) ) ;
#647 = VERTEX_POINT ( 'NONE', #3399 ) ;
#648 = CARTESIAN_POINT ( 'NONE',  ( -1.871301846811945779E-05, 80.79401220369894077, -5.738445942680164613 ) ) ;
#649 = CARTESIAN_POINT ( 'NONE',  ( 9.999981286999970465, -0.004432348573141231540, -21.00477846740345100 ) ) ;
#650 = ORIENTED_EDGE ( 'NONE', *, *, #638, .T. ) ;
#651 = DIRECTION ( 'NONE',  ( 1.000000000000000000, 0.000000000000000000, -5.551115123125782702E-15 ) ) ;
#652 = VERTEX_POINT ( 'NONE', #2573 ) ;
#653 = CARTESIAN_POINT ( 'NONE',  ( 9.999981286985260454, 22.21421710399690141, -20.16097557311577404 ) ) ;
#654 = ORIENTED_EDGE ( 'NONE', *, *, #95, .F. ) ;
#655 = LINE ( 'NONE', #2249, #736 ) ;
#656 = EDGE_CURVE ( 'NONE', #1472, #451, #1236, .T. ) ;
#657 = ORIENTED_EDGE ( 'NONE', *, *, #682, .F. ) ;
#658 = VECTOR ( 'NONE', #1833, 1000.000000000000000 ) ;
#659 = ADVANCED_FACE ( 'NONE', ( #3163 ), #1480, .T. ) ;
#660 = CARTESIAN_POINT ( 'NONE',  ( -1.871301391620505683E-05, 60.79492903586638874, -20.15852249172175803 ) ) ;
#661 = ORIENTED_EDGE ( 'NONE', *, *, #59, .F. ) ;
#662 = LINE ( 'NONE', #1221, #891 ) ;
#663 = ORIENTED_EDGE ( 'NONE', *, *, #2134, .F. ) ;
#664 = FACE_BOUND ( 'NONE', #2511, .T. ) ;
#665 = FACE_OUTER_BOUND ( 'NONE', #2556, .T. ) ;
#666 = VERTEX_POINT ( 'NONE', #2288 ) ;
#667 = CARTESIAN_POINT ( 'NONE',  ( -1.871300003841724902E-05, -60.80390085669357347, -20.16625412301603504 ) ) ;
#668 = VECTOR ( 'NONE', #2335, 1000.000000000000000 ) ;
#669 = VECTOR ( 'NONE', #2803, 999.9999999999998863 ) ;
#670 = DIRECTION ( 'NONE',  ( -6.666234944169016438E-15, 6.358310577535969399E-05, -0.9999999979785942905 ) ) ;
#671 = ORIENTED_EDGE ( 'NONE', *, *, #3491, .F. ) ;
#672 = EDGE_CURVE ( 'NONE', #637, #50, #2963, .T. ) ;
#673 = VECTOR ( 'NONE', #3461, 1000.000000000000227 ) ;
#674 = FACE_BOUND ( 'NONE', #1769, .T. ) ;
#675 = ORIENTED_EDGE ( 'NONE', *, *, #2796, .F. ) ;
#676 = PERSON_AND_ORGANIZATION ( #1346, #480 ) ;
#677 = CIRCLE ( 'NONE', #2197, 17.00000000010000534 ) ;
#678 = AXIS2_PLACEMENT_3D ( 'NONE', #3213, #1287, #140 ) ;
#679 = ORIENTED_EDGE ( 'NONE', *, *, #1586, .T. ) ;
#680 = DIRECTION ( 'NONE',  ( -5.773159728048290444E-15, 6.358310602959382773E-05, -0.9999999979785942905 ) ) ;
#681 = AXIS2_PLACEMENT_3D ( 'NONE', #2939, #1544, #2380 ) ;
#682 = EDGE_CURVE ( 'NONE', #1258, #103, #260, .T. ) ;
#683 = ORIENTED_EDGE ( 'NONE', *, *, #326, .F. ) ;
#684 = AXIS2_PLACEMENT_3D ( 'NONE', #172, #1820, #1035 ) ;
#685 = EDGE_CURVE ( 'NONE', #1517, #2931, #2304, .T. ) ;
#686 = DIRECTION ( 'NONE',  ( 1.000000000000000000, 2.275957200481570908E-13, -5.551115123125782702E-15 ) ) ;
#687 = ORIENTED_EDGE ( 'NONE', *, *, #2027, .T. ) ;
#688 = DIRECTION ( 'NONE',  ( -6.666234944198022064E-15, 6.358310602959384129E-05, -0.9999999979785944015 ) ) ;
#689 = EDGE_CURVE ( 'NONE', #2776, #960, #3179, .T. ) ;
#690 = DIRECTION ( 'NONE',  ( 1.000000000000000000, 0.000000000000000000, -5.551115123125782702E-15 ) ) ;
#691 = CARTESIAN_POINT ( 'NONE',  ( -1.871302074407665827E-05, 90.79238565117833559, 19.84338492109155538 ) ) ;
#692 = DIRECTION ( 'NONE',  ( 1.000000000000000000, 2.275957200481570908E-13, -5.551115123125782702E-15 ) ) ;
#693 = EDGE_LOOP ( 'NONE', ( #1200, #3157 ) ) ;
#694 = DIRECTION ( 'NONE',  ( 1.000000000000000000, 0.000000000000000000, -5.551115123125782702E-15 ) ) ;
#695 = VERTEX_POINT ( 'NONE', #1597 ) ;
#696 = DATE_AND_TIME ( #2102, #540 ) ;
#697 = CARTESIAN_POINT ( 'NONE',  ( -10.00001871300654166, 28.59181456519968734, 10.08942999523856976 ) ) ;
#698 = DIRECTION ( 'NONE',  ( 1.000000000000000000, 1.140928651986138244E-13, -5.765905361121718296E-15 ) ) ;
#699 = ORIENTED_EDGE ( 'NONE', *, *, #1633, .T. ) ;
#700 = CARTESIAN_POINT ( 'NONE',  ( -2.500018713000040638, -90.80481758913796853, -5.749356728523919102 ) ) ;
#701 = ORIENTED_EDGE ( 'NONE', *, *, #3632, .F. ) ;
#702 = DIRECTION ( 'NONE',  ( -5.773159728019287184E-15, 6.358310577535970754E-05, -0.9999999979785945126 ) ) ;
#703 = ADVANCED_FACE ( 'NONE', ( #1274 ), #2103, .T. ) ;
#704 = B_SPLINE_CURVE_WITH_KNOTS ( 'NONE', 3,
 ( #600, #1744, #1129, #3040, #519, #2521, #1356, #831, #1686, #3391 ),
 .UNSPECIFIED., .F., .F.,
 ( 4, 2, 2, 2, 4 ),
 ( 0.000000000000000000, 0.2500000000000001110, 0.5000000000000002220, 0.7500000000000001110, 1.000000000000000000 ),
 .UNSPECIFIED. ) ;
#705 = CYLINDRICAL_SURFACE ( 'NONE', #3209, 2.500000000000000000 ) ;
#706 = ADVANCED_FACE ( 'NONE', ( #1583, #712, #3230, #1289, #732, #2927, #1567, #3528 ), #2398, .F. ) ;
#707 = DIRECTION ( 'NONE',  ( -5.545699401019346612E-15, 6.358310577535969399E-05, -0.9999999979785942905 ) ) ;
#708 = CARTESIAN_POINT ( 'NONE',  ( -10.00001871299999223, 0.8386915851549825440, -16.98379420261231232 ) ) ;
#709 = EDGE_LOOP ( 'NONE', ( #513, #3252, #920, #631 ) ) ;
#710 = DIRECTION ( 'NONE',  ( -5.773159728048290444E-15, 6.358310602959382773E-05, -0.9999999979785942905 ) ) ;
#711 = ORIENTED_EDGE ( 'NONE', *, *, #3521, .F. ) ;
#712 = FACE_BOUND ( 'NONE', #1277, .T. ) ;
#713 = CARTESIAN_POINT ( 'NONE',  ( -1.871300003841724902E-05, -14.85406580704531976, -14.85496504585923105 ) ) ;
#714 = ORIENTED_EDGE ( 'NONE', *, *, #1951, .T. ) ;
#715 = DIRECTION ( 'NONE',  ( -6.666234944198022064E-15, 6.358310602959384129E-05, -0.9999999979785944015 ) ) ;
#716 = EDGE_LOOP ( 'NONE', ( #1520, #1280 ) ) ;
#717 = CIRCLE ( 'NONE', #1942, 2.500000000000000000 ) ;
#718 = CARTESIAN_POINT ( 'NONE',  ( -10.00001871302170642, -19.53495023839157341, 22.86676345751992656 ) ) ;
#719 = ORIENTED_EDGE ( 'NONE', *, *, #476, .T. ) ;
#720 = CARTESIAN_POINT ( 'NONE',  ( -2.500018713011642468, 50.79401226411381032, -5.740353435098350054 ) ) ;
#721 = ORIENTED_EDGE ( 'NONE', *, *, #2930, .F. ) ;
#722 = LINE ( 'NONE', #2921, #436 ) ;
#723 = EDGE_CURVE ( 'NONE', #2349, #108, #1205, .T. ) ;
#724 = LINE ( 'NONE', #2706, #155 ) ;
#725 = ADVANCED_FACE ( 'NONE', ( #1005 ), #2087, .F. ) ;
#726 = LINE ( 'NONE', #1002, #3129 ) ;
#727 = FACE_OUTER_BOUND ( 'NONE', #2202, .T. ) ;
#728 = AXIS2_PLACEMENT_3D ( 'NONE', #648, #2279, #372 ) ;
#729 = VERTEX_POINT ( 'NONE', #2694 ) ;
#730 = CIRCLE ( 'NONE', #1556, 2.500000000000000000 ) ;
#731 = VECTOR ( 'NONE', #472, 1000.000000000000000 ) ;
#732 = FACE_BOUND ( 'NONE', #181, .T. ) ;
#733 = CARTESIAN_POINT ( 'NONE',  ( -1.871302302003385876E-05, 100.7949289552627334, -20.15597916749875651 ) ) ;
#734 = ORIENTED_EDGE ( 'NONE', *, *, #1586, .F. ) ;
#735 = AXIS2_PLACEMENT_3D ( 'NONE', #713, #1569, #3286 ) ;
#736 = VECTOR ( 'NONE', #875, 1000.000000000000000 ) ;
#737 = DIRECTION ( 'NONE',  ( 5.773159728048290444E-15, -6.358310602959382773E-05, 0.9999999979785942905 ) ) ;
#738 = ORIENTED_EDGE ( 'NONE', *, *, #2793, .F. ) ;
#739 = AXIS2_PLACEMENT_3D ( 'NONE', #3634, #229, #3112 ) ;
#740 = CARTESIAN_POINT ( 'NONE',  ( -10.00001871302340994, -4.246838255469619128, 29.76963899543037328 ) ) ;
#741 = AXIS2_PLACEMENT_3D ( 'NONE', #3185, #2918, #1225 ) ;
#742 = CARTESIAN_POINT ( 'NONE',  ( -1.871300003841724902E-05, -100.8039007760899466, -20.16879744726526980 ) ) ;
#743 = ADVANCED_FACE ( 'NONE', ( #1324 ), #2119, .F. ) ;
#744 = AXIS2_PLACEMENT_3D ( 'NONE', #3258, #983, #3224 ) ;
#745 = CARTESIAN_POINT ( 'NONE',  ( -1.871302307554500999E-05, 100.7940121623734626, -5.737174280118967573 ) ) ;
#746 = DIRECTION ( 'NONE',  ( -1.139961141356187699E-13, 0.9987717903683451803, -0.04954705606199349965 ) ) ;
#747 = EDGE_CURVE ( 'NONE', #729, #1747, #203, .T. ) ;
#748 = FACE_BOUND ( 'NONE', #2146, .T. ) ;
#749 = FACE_BOUND ( 'NONE', #2513, .T. ) ;
#750 = VERTEX_POINT ( 'NONE', #952 ) ;
#751 = EDGE_CURVE ( 'NONE', #1014, #251, #2547, .T. ) ;
#752 = SHAPE_DEFINITION_REPRESENTATION ( #2366, #2165 ) ;
#753 = EDGE_CURVE ( 'NONE', #1873, #1472, #3554, .T. ) ;
#754 = LINE ( 'NONE', #2941, #2486 ) ;
#755 = CARTESIAN_POINT ( 'NONE',  ( -1.871302729439250356E-05, 119.3411944461488474, 19.84520014235852159 ) ) ;
#756 = ORIENTED_EDGE ( 'NONE', *, *, #1982, .T. ) ;
#757 = ORIENTED_EDGE ( 'NONE', *, *, #1982, .F. ) ;
#758 = CYLINDRICAL_SURFACE ( 'NONE', #2545, 2.500000000000000000 ) ;
#759 = CARTESIAN_POINT ( 'NONE',  ( -1.871299665223702391E-05, -28.60456773493941185, 9.056762136609719960 ) ) ;
#760 = DIRECTION ( 'NONE',  ( -5.773159728048290444E-15, 6.358310602959382773E-05, -0.9999999979785942905 ) ) ;
#761 = LINE ( 'NONE', #3001, #3376 ) ;
#762 = CARTESIAN_POINT ( 'NONE',  ( -1.871301164024785635E-05, 50.79300566759173563, 10.09084161604148555 ) ) ;
#763 = ORIENTED_EDGE ( 'NONE', *, *, #3014, .T. ) ;
#764 = EDGE_CURVE ( 'NONE', #2099, #3436, #852, .T. ) ;
#765 = CARTESIAN_POINT ( 'NONE',  ( 9.999981286999970465, -28.60398143706629881, -0.1642067114082379486 ) ) ;
#766 = CARTESIAN_POINT ( 'NONE',  ( 9.999981286983816275, 70.91738569149904947, 19.84212120650305522 ) ) ;
#767 = ORIENTED_EDGE ( 'NONE', *, *, #1110, .F. ) ;
#768 = EDGE_CURVE ( 'NONE', #1984, #2490, #34, .T. ) ;
#769 = CARTESIAN_POINT ( 'NONE',  ( -2.500018713000040638, -40.80582428646450666, 10.08501747817719441 ) ) ;
#770 = ORIENTED_EDGE ( 'NONE', *, *, #2090, .T. ) ;
#771 = CARTESIAN_POINT ( 'NONE',  ( -1.871300003841724902E-05, -70.80390083655504441, -20.16688995432802756 ) ) ;
#772 = ORIENTED_EDGE ( 'NONE', *, *, #747, .F. ) ;
#773 = AXIS2_PLACEMENT_3D ( 'NONE', #45, #1165, #3121 ) ;
#774 = DIRECTION ( 'NONE',  ( 1.000000000000000000, 1.140928651989296717E-13, -5.765905361121694630E-15 ) ) ;
#775 = EDGE_LOOP ( 'NONE', ( #2817, #2016 ) ) ;
#776 = DIRECTION ( 'NONE',  ( 5.773159728050820321E-15, -6.358310602959382773E-05, 0.9999999979785942905 ) ) ;
#777 = CARTESIAN_POINT ( 'NONE',  ( -2.500018713011642468, 50.79492905600427122, -20.15915832252776596 ) ) ;
#778 = DIRECTION ( 'NONE',  ( 5.773159728048290444E-15, -6.358310602959382773E-05, 0.9999999979785942905 ) ) ;
#779 = EDGE_LOOP ( 'NONE', ( #529, #2431 ) ) ;
#780 = CIRCLE ( 'NONE', #3009, 2.500000000000000000 ) ;
#781 = CARTESIAN_POINT ( 'NONE',  ( -10.00001871300006151, 2.112567068043232688, 29.99535980884597208 ) ) ;
#782 = FACE_OUTER_BOUND ( 'NONE', #1444, .T. ) ;
#783 = EDGE_LOOP ( 'NONE', ( #2830, #1251, #1655, #3579 ) ) ;
#784 = VECTOR ( 'NONE', #174, 999.9999999999998863 ) ;
#785 = AXIS2_PLACEMENT_3D ( 'NONE', #2848, #2629, #1995 ) ;
#786 = ORIENTED_EDGE ( 'NONE', *, *, #3307, .F. ) ;
#787 = DIRECTION ( 'NONE',  ( -1.139961141356187699E-13, 0.9987717903683451803, -0.04954705606199349965 ) ) ;
#788 = AXIS2_PLACEMENT_3D ( 'NONE', #1058, #2175, #3301 ) ;
#789 = AXIS2_PLACEMENT_3D ( 'NONE', #3323, #1044, #2508 ) ;
#790 = ORIENTED_EDGE ( 'NONE', *, *, #78, .T. ) ;
#791 = EDGE_CURVE ( 'NONE', #2338, #1417, #2142, .T. ) ;
#792 = AXIS2_PLACEMENT_3D ( 'NONE', #1756, #2878, #943 ) ;
#793 = AXIS2_PLACEMENT_3D ( 'NONE', #1879, #778, #1896 ) ;
#794 = DIRECTION ( 'NONE',  ( 5.773159728050820321E-15, -6.358310602959382773E-05, 0.9999999979785942905 ) ) ;
#795 = EDGE_LOOP ( 'NONE', ( #1464, #2286, #489, #650 ) ) ;
#796 = EDGE_CURVE ( 'NONE', #468, #1063, #3271, .T. ) ;
#797 = CARTESIAN_POINT ( 'NONE',  ( -2.500018713023077765, 100.7940121623729084, -5.737174280118967573 ) ) ;
#798 = AXIS2_PLACEMENT_3D ( 'NONE', #830, #2480, #1947 ) ;
#799 = FACE_OUTER_BOUND ( 'NONE', #1155, .T. ) ;
#800 = CARTESIAN_POINT ( 'NONE',  ( 2.499981286990637930, 40.79430914138252007, -10.40979417345580593 ) ) ;
#801 = AXIS2_PLACEMENT_3D ( 'NONE', #3067, #1629, #2757 ) ;
#802 = FACE_OUTER_BOUND ( 'NONE', #3381, .T. ) ;
#803 = ORIENTED_EDGE ( 'NONE', *, *, #1198, .T. ) ;
#804 = CARTESIAN_POINT ( 'NONE',  ( -2.500018713000040638, -40.80644422126944448, 19.83501745800558780 ) ) ;
#805 = CARTESIAN_POINT ( 'NONE',  ( -1.871300270295250812E-05, -0.003860099012126250173, -30.00477844935159411 ) ) ;
#806 = ORIENTED_EDGE ( 'NONE', *, *, #672, .F. ) ;
#807 = ORIENTED_EDGE ( 'NONE', *, *, #1273, .T. ) ;
#808 = CARTESIAN_POINT ( 'NONE',  ( -2.500018713000040638, -80.80481760932603663, -5.748720898210657460 ) ) ;
#809 = VERTEX_POINT ( 'NONE', #1548 ) ;
#810 = FACE_BOUND ( 'NONE', #2646, .T. ) ;
#811 = ORIENTED_EDGE ( 'NONE', *, *, #3489, .F. ) ;
#812 = DIRECTION ( 'NONE',  ( -5.773159728019287184E-15, 6.358310577535970754E-05, -0.9999999979785945126 ) ) ;
#813 = EDGE_CURVE ( 'NONE', #103, #1258, #556, .T. ) ;
#814 = CARTESIAN_POINT ( 'NONE',  ( -10.00001871299999223, -14.85595412944490334, 14.84351970397185205 ) ) ;
#815 = EDGE_CURVE ( 'NONE', #925, #2490, #754, .T. ) ;
#816 = DIRECTION ( 'NONE',  ( 1.000000000000000000, 1.140928651987716975E-13, -5.765905360978588951E-15 ) ) ;
#817 = CARTESIAN_POINT ( 'NONE',  ( -1.871300936429065587E-05, 40.79430914138196584, -10.40979417345580593 ) ) ;
#818 = CARTESIAN_POINT ( 'NONE',  ( 2.499981286999963803, -80.80644414066578918, 19.83247413375632817 ) ) ;
#819 = EDGE_LOOP ( 'NONE', ( #2283, #3457, #2576, #2387, #3532, #3066, #3495, #131, #738, #928, #3122, #770, #2005, #2298, #3208, #2658, #1470, #3202, #1248, #3574, #2455, #44 ) ) ;
#820 = CARTESIAN_POINT ( 'NONE',  ( -10.00001871300207767, 19.51960875033833531, 22.87003466000356156 ) ) ;
#821 = LINE ( 'NONE', #2509, #2721 ) ;
#822 = VERTEX_POINT ( 'NONE', #418 ) ;
#823 = EDGE_LOOP ( 'NONE', ( #221, #3339 ) ) ;
#824 = DIRECTION ( 'NONE',  ( 1.000000000000000000, 1.139156778454982383E-13, -5.660058594668046711E-15 ) ) ;
#825 = ORIENTED_EDGE ( 'NONE', *, *, #3307, .T. ) ;
#826 = FACE_BOUND ( 'NONE', #2072, .T. ) ;
#827 = ORIENTED_EDGE ( 'NONE', *, *, #1316, .F. ) ;
#828 = CARTESIAN_POINT ( 'NONE',  ( -10.00001871300010237, -0.003860115781822992531, -30.00477844935267768 ) ) ;
#829 = CARTESIAN_POINT ( 'NONE',  ( -10.00001871299999223, -28.60398143706629881, -0.1642067114082379486 ) ) ;
#830 = CARTESIAN_POINT ( 'NONE',  ( -1.871300003841724902E-05, -0.007102839134326410786, 20.99522144696644332 ) ) ;
#831 = CARTESIAN_POINT ( 'NONE',  ( -10.00001871299962275, -4.173805850738180112, -29.78690565166438731 ) ) ;
#832 = CIRCLE ( 'NONE', #2351, 2.500000000000000000 ) ;
#833 = DIRECTION ( 'NONE',  ( 5.773159728019287184E-15, -6.358310577535970754E-05, 0.9999999979785945126 ) ) ;
#834 = ADVANCED_FACE ( 'NONE', ( #146 ), #3284, .F. ) ;
#835 = EDGE_LOOP ( 'NONE', ( #874, #2355, #881, #3120 ) ) ;
#836 = EDGE_CURVE ( 'NONE', #3325, #1753, #149, .T. ) ;
#837 = CARTESIAN_POINT ( 'NONE',  ( -10.00001871301187073, -0.007675071928642251962, 29.99522142927999013 ) ) ;
#838 = DIRECTION ( 'NONE',  ( 1.000000000000000000, 1.140928651987716975E-13, -5.765905360958373601E-15 ) ) ;
#839 = ORIENTED_EDGE ( 'NONE', *, *, #2354, .T. ) ;
#840 = EDGE_CURVE ( 'NONE', #2740, #3640, #1377, .T. ) ;
#841 = ORIENTED_EDGE ( 'NONE', *, *, #1780, .T. ) ;
#842 = CARTESIAN_POINT ( 'NONE',  ( -10.00001871299999223, -14.85595412944490334, 14.84351970397185205 ) ) ;
#843 = ORIENTED_EDGE ( 'NONE', *, *, #996, .F. ) ;
#844 = AXIS2_PLACEMENT_3D ( 'NONE', #2374, #1555, #1770 ) ;
#845 = DIRECTION ( 'NONE',  ( -1.142384188789999595E-13, 0.9987717903683451803, -0.04954705606199365231 ) ) ;
#846 = ORIENTED_EDGE ( 'NONE', *, *, #1631, .F. ) ;
#847 = AXIS2_PLACEMENT_3D ( 'NONE', #3584, #1937, #564 ) ;
#848 = CIRCLE ( 'NONE', #612, 2.500000000000000000 ) ;
#849 = DIRECTION ( 'NONE',  ( 5.773159728048290444E-15, -6.358310602959382773E-05, 0.9999999979785942905 ) ) ;
#850 = FACE_OUTER_BOUND ( 'NONE', #1670, .T. ) ;
#851 = AXIS2_PLACEMENT_3D ( 'NONE', #1662, #1415, #854 ) ;
#852 = CIRCLE ( 'NONE', #3142, 2.500000000000000000 ) ;
#853 = CARTESIAN_POINT ( 'NONE',  ( -10.00001871299999223, 14.84441894273622076, -14.85307672445837568 ) ) ;
#854 = DIRECTION ( 'NONE',  ( 1.000000000000000000, 2.275957200481570908E-13, -5.898059818321144121E-15 ) ) ;
#855 = EDGE_CURVE ( 'NONE', #1483, #2980, #1386, .T. ) ;
#856 = AXIS2_PLACEMENT_3D ( 'NONE', #1916, #2227, #1430 ) ;
#857 = DIRECTION ( 'NONE',  ( 5.773159728021815483E-15, -6.358310577535969399E-05, 0.9999999979785942905 ) ) ;
#858 = ORIENTED_EDGE ( 'NONE', *, *, #143, .F. ) ;
#859 = AXIS2_PLACEMENT_3D ( 'NONE', #2394, #1001, #3539 ) ;
#860 = DIRECTION ( 'NONE',  ( -6.666234944198022064E-15, 6.358310602959384129E-05, -0.9999999979785944015 ) ) ;
#861 = EDGE_CURVE ( 'NONE', #38, #2802, #1056, .T. ) ;
#862 = DIRECTION ( 'NONE',  ( 1.000000000000000000, 0.000000000000000000, -5.551115123125782702E-15 ) ) ;
#863 = EDGE_LOOP ( 'NONE', ( #397, #2716, #1299, #113 ) ) ;
#864 = EDGE_CURVE ( 'NONE', #2419, #1420, #617, .T. ) ;
#865 = CARTESIAN_POINT ( 'NONE',  ( 9.999981286999970465, -0.007102839134326410786, 20.99522144696644332 ) ) ;
#866 = EDGE_LOOP ( 'NONE', ( #2107, #657 ) ) ;
#867 = DIRECTION ( 'NONE',  ( 8.062047471013184651E-14, -0.7405807110224422729, -0.6719674177082501920 ) ) ;
#868 = ORIENTED_EDGE ( 'NONE', *, *, #433, .F. ) ;
#869 = LINE ( 'NONE', #574, #1137 ) ;
#870 = CARTESIAN_POINT ( 'NONE',  ( -2.500018713000040638, -100.8048175680006722, -5.749992559885452437 ) ) ;
#871 = DIRECTION ( 'NONE',  ( 1.000000000000000000, 0.000000000000000000, -5.551115123125782702E-15 ) ) ;
#872 = DIRECTION ( 'NONE',  ( 1.139325528289790339E-13, -0.9999999979785942905, -6.358310577533193841E-05 ) ) ;
#873 = DIRECTION ( 'NONE',  ( 1.000000000000000000, 1.140928651987716975E-13, -5.765905360978588951E-15 ) ) ;
#874 = ORIENTED_EDGE ( 'NONE', *, *, #2155, .F. ) ;
#875 = DIRECTION ( 'NONE',  ( -1.000000000000000000, -1.140928651989296717E-13, 5.765905361121694630E-15 ) ) ;
#876 = CARTESIAN_POINT ( 'NONE',  ( -10.00001871299999223, -0.004298824107379362047, -23.10477846336916841 ) ) ;
#877 = ORIENTED_EDGE ( 'NONE', *, *, #1110, .T. ) ;
#878 = EDGE_CURVE ( 'NONE', #2869, #3186, #233, .T. ) ;
#879 = DIRECTION ( 'NONE',  ( 1.000000000000000000, 2.275957200481570908E-13, -5.551115123125782702E-15 ) ) ;
#880 = EDGE_CURVE ( 'NONE', #402, #309, #1361, .T. ) ;
#881 = ORIENTED_EDGE ( 'NONE', *, *, #791, .T. ) ;
#882 = FACE_OUTER_BOUND ( 'NONE', #1004, .T. ) ;
#883 = ORIENTED_EDGE ( 'NONE', *, *, #3087, .T. ) ;
#884 = DIRECTION ( 'NONE',  ( -1.000000000000000000, -2.284721261230590885E-13, 5.758632772297815888E-15 ) ) ;
#885 = CARTESIAN_POINT ( 'NONE',  ( -1.871300003841724902E-05, -70.80390083655504441, -20.16688995432802756 ) ) ;
#886 = CYLINDRICAL_SURFACE ( 'NONE', #2264, 2.500000000000000000 ) ;
#887 = ORIENTED_EDGE ( 'NONE', *, *, #168, .T. ) ;
#888 = CARTESIAN_POINT ( 'NONE',  ( -1.871300003841724902E-05, -100.8045207108453098, -10.41879746643811799 ) ) ;
#889 = EDGE_LOOP ( 'NONE', ( #2754, #522, #509, #1353 ) ) ;
#890 = DIRECTION ( 'NONE',  ( 5.773159728050820321E-15, -6.358310602959382773E-05, 0.9999999979785942905 ) ) ;
#891 = VECTOR ( 'NONE', #2330, 999.9999999999998863 ) ;
#892 = ORIENTED_EDGE ( 'NONE', *, *, #864, .T. ) ;
#893 = LINE ( 'NONE', #3435, #1268 ) ;
#894 = CARTESIAN_POINT ( 'NONE',  ( -1.871300003841724902E-05, -60.80582424618749826, 10.08374581555318628 ) ) ;
#895 = ORIENTED_EDGE ( 'NONE', *, *, #3628, .F. ) ;
#896 = CARTESIAN_POINT ( 'NONE',  ( 9.999981286997194019, -22.22318892482413943, -20.16380104129675388 ) ) ;
#897 = CC_DESIGN_APPROVAL ( #2914, ( #2121 ) ) ;
#898 = DIRECTION ( 'NONE',  ( 5.773159728048290444E-15, -6.358310602959382773E-05, 0.9999999979785942905 ) ) ;
#899 = VERTEX_POINT ( 'NONE', #2466 ) ;
#900 = DIRECTION ( 'NONE',  ( 1.000000000000000000, 0.000000000000000000, -5.551115123125782702E-15 ) ) ;
#901 = ORIENTED_EDGE ( 'NONE', *, *, #2493, .T. ) ;
#902 = FACE_OUTER_BOUND ( 'NONE', #3586, .T. ) ;
#903 = VECTOR ( 'NONE', #688, 999.9999999999998863 ) ;
#904 = FACE_OUTER_BOUND ( 'NONE', #167, .T. ) ;
#905 = EDGE_CURVE ( 'NONE', #46, #309, #3598, .T. ) ;
#906 = AXIS2_PLACEMENT_3D ( 'NONE', #2553, #1778, #2828 ) ;
#907 = DIRECTION ( 'NONE',  ( 5.773159728048290444E-15, -6.358310602959382773E-05, 0.9999999979785942905 ) ) ;
#908 = EDGE_CURVE ( 'NONE', #822, #186, #3497, .T. ) ;
#909 = EDGE_LOOP ( 'NONE', ( #1812, #2057, #3355, #1297 ) ) ;
#910 = DIRECTION ( 'NONE',  ( -1.139961141356187699E-13, 0.9987717903683451803, -0.04954705606199367313 ) ) ;
#911 = AXIS2_PLACEMENT_3D ( 'NONE', #2645, #3248, #130 ) ;
#912 = ORIENTED_EDGE ( 'NONE', *, *, #3471, .T. ) ;
#913 = DIRECTION ( 'NONE',  ( 5.773159728019287184E-15, -6.358310577535970754E-05, 0.9999999979785945126 ) ) ;
#914 = CIRCLE ( 'NONE', #2376, 2.500000000000000000 ) ;
#915 = CARTESIAN_POINT ( 'NONE',  ( 2.499981286990637930, 40.79238575197067007, 19.84020576506378930 ) ) ;
#916 = ORIENTED_EDGE ( 'NONE', *, *, #3288, .F. ) ;
#917 = AXIS2_PLACEMENT_3D ( 'NONE', #2028, #373, #3450 ) ;
#918 = CARTESIAN_POINT ( 'NONE',  ( -1.871301164024785635E-05, 50.79401226411437165, -5.740353435098350054 ) ) ;
#919 = CARTESIAN_POINT ( 'NONE',  ( 9.999981286974870542, 10.40242462611139196, 28.21173313849904218 ) ) ;
#920 = ORIENTED_EDGE ( 'NONE', *, *, #813, .T. ) ;
#921 = CYLINDRICAL_SURFACE ( 'NONE', #773, 2.500000000000000000 ) ;
#922 = VERTEX_POINT ( 'NONE', #1955 ) ;
#923 = FACE_BOUND ( 'NONE', #2086, .T. ) ;
#924 = DIRECTION ( 'NONE',  ( -1.139961141356187699E-13, 0.9987717903683451803, -0.04954705606199349965 ) ) ;
#925 = VERTEX_POINT ( 'NONE', #804 ) ;
#926 = EDGE_CURVE ( 'NONE', #3436, #1390, #524, .T. ) ;
#927 = LINE ( 'NONE', #3485, #1726 ) ;
#928 = ORIENTED_EDGE ( 'NONE', *, *, #1932, .F. ) ;
#929 = EDGE_CURVE ( 'NONE', #1636, #2465, #2081, .T. ) ;
#930 = DIRECTION ( 'NONE',  ( 5.773159728048290444E-15, -6.358310602959382773E-05, 0.9999999979785942905 ) ) ;
#931 = VERTEX_POINT ( 'NONE', #248 ) ;
#932 = DIRECTION ( 'NONE',  ( 1.000000000000000000, 1.146385070198289861E-13, -5.632778733843049718E-15 ) ) ;
#933 = ORIENTED_EDGE ( 'NONE', *, *, #2406, .T. ) ;
#934 = APPROVAL_ROLE ( '' ) ;
#935 = CARTESIAN_POINT ( 'NONE',  ( 9.999981286973612882, 21.09005399496881950, 21.43038989614841938 ) ) ;
#936 = ORIENTED_EDGE ( 'NONE', *, *, #2404, .T. ) ;
#937 = CARTESIAN_POINT ( 'NONE',  ( 2.499981286979258144, 90.79430904064048491, -10.40661501842679648 ) ) ;
#938 = ORIENTED_EDGE ( 'NONE', *, *, #1777, .F. ) ;
#939 = FACE_OUTER_BOUND ( 'NONE', #2217, .T. ) ;
#940 = DIRECTION ( 'NONE',  ( -5.545699401019346612E-15, 6.358310577535969399E-05, -0.9999999979785942905 ) ) ;
#941 = EDGE_LOOP ( 'NONE', ( #1623, #1779 ) ) ;
#942 = DIRECTION ( 'NONE',  ( 1.000000000000000000, 1.140928651986138244E-13, -5.765905361121718296E-15 ) ) ;
#943 = DIRECTION ( 'NONE',  ( 1.000000000000000000, 2.275957200481570908E-13, -5.551115123125782702E-15 ) ) ;
#944 = EDGE_CURVE ( 'NONE', #2381, #2909, #2158, .T. ) ;
#945 = EDGE_LOOP ( 'NONE', ( #806, #2092 ) ) ;
#946 = CARTESIAN_POINT ( 'NONE',  ( 9.999981287000675678, -4.248074160366668295, 29.76934935330173460 ) ) ;
#947 = VERTEX_POINT ( 'NONE', #218 ) ;
#948 = EDGE_CURVE ( 'NONE', #2808, #2776, #1901, .T. ) ;
#949 = COORDINATED_UNIVERSAL_TIME_OFFSET ( 3, 30, .AHEAD. ) ;
#950 = AXIS2_PLACEMENT_3D ( 'NONE', #918, #602, #3193 ) ;
#951 = ADVANCED_FACE ( 'NONE', ( #487 ), #3621, .F. ) ;
#952 = CARTESIAN_POINT ( 'NONE',  ( -2.500018713013918426, 60.79430910105473629, -10.40852251084495350 ) ) ;
#953 = APPROVAL_PERSON_ORGANIZATION ( #2976, #2914, #3581 ) ;
#954 = ORIENTED_EDGE ( 'NONE', *, *, #2519, .T. ) ;
#955 = LINE ( 'NONE', #1008, #658 ) ;
#956 = ORIENTED_EDGE ( 'NONE', *, *, #301, .T. ) ;
#957 = FACE_BOUND ( 'NONE', #2213, .T. ) ;
#958 = EDGE_CURVE ( 'NONE', #1847, #3620, #3235, .T. ) ;
#959 = CARTESIAN_POINT ( 'NONE',  ( -2.500018713020746297, 90.79300558698757584, 10.09338494026443200 ) ) ;
#960 = VERTEX_POINT ( 'NONE', #3081 ) ;
#961 = AXIS2_PLACEMENT_3D ( 'NONE', #2833, #3631, #20 ) ;
#962 = FACE_OUTER_BOUND ( 'NONE', #1176, .T. ) ;
#963 = AXIS2_PLACEMENT_3D ( 'NONE', #3557, #760, #3335 ) ;
#964 = DIRECTION ( 'NONE',  ( 5.773159728048290444E-15, -6.358310602959382773E-05, 0.9999999979785942905 ) ) ;
#965 = ORIENTED_EDGE ( 'NONE', *, *, #185, .F. ) ;
#966 = CIRCLE ( 'NONE', #495, 2.099999999630000502 ) ;
#967 = AXIS2_PLACEMENT_3D ( 'NONE', #640, #2548, #1160 ) ;
#968 = CARTESIAN_POINT ( 'NONE',  ( 9.999981286975961225, -2.091108139192586535, -30.00490765083475608 ) ) ;
#969 = ORIENTED_EDGE ( 'NONE', *, *, #299, .T. ) ;
#970 =( NAMED_UNIT ( * ) SI_UNIT ( $, .STERADIAN. ) SOLID_ANGLE_UNIT ( ) );
#971 = EDGE_CURVE ( 'NONE', #2069, #3345, #264, .T. ) ;
#972 = VECTOR ( 'NONE', #2269, 999.9999999999998863 ) ;
#973 = AXIS2_PLACEMENT_3D ( 'NONE', #2153, #1933, #2212 ) ;
#974 = ADVANCED_FACE ( 'NONE', ( #3115 ), #1174, .F. ) ;
#975 = DIRECTION ( 'NONE',  ( -1.139961141356187699E-13, 0.9987717903683451803, -0.04954705606199349965 ) ) ;
#976 = AXIS2_PLACEMENT_3D ( 'NONE', #2348, #3427, #2580 ) ;
#977 = CARTESIAN_POINT ( 'NONE',  ( 9.999981286983816275, 70.77895218747401884, -20.15788767618528610 ) ) ;
#978 = ORIENTED_EDGE ( 'NONE', *, *, #2541, .F. ) ;
#979 = EDGE_CURVE ( 'NONE', #133, #204, #2569, .T. ) ;
#980 = DIRECTION ( 'NONE',  ( 1.000000000000000000, 2.275957200481570908E-13, -5.898059818321144121E-15 ) ) ;
#981 = ORIENTED_EDGE ( 'NONE', *, *, #656, .T. ) ;
#982 = CARTESIAN_POINT ( 'NONE',  ( -10.00001871300276690, -22.50768590552631920, 19.83618095043076934 ) ) ;
#983 = DIRECTION ( 'NONE',  ( 5.773159728019287184E-15, -6.358310577535970754E-05, 0.9999999979785945126 ) ) ;
#984 = FACE_BOUND ( 'NONE', #1322, .T. ) ;
#985 = DIRECTION ( 'NONE',  ( -5.773159768385717012E-15, 6.358310602977820987E-05, -0.9999999979785942905 ) ) ;
#986 = LINE ( 'NONE', #1842, #1203 ) ;
#987 = FACE_BOUND ( 'NONE', #1486, .T. ) ;
#988 = EDGE_LOOP ( 'NONE', ( #714, #2709 ) ) ;
#989 = DATE_AND_TIME ( #1271, #1888 ) ;
#990 = DIRECTION ( 'NONE',  ( 1.000000000000000000, 2.275957200481570908E-13, -5.898059818321144121E-15 ) ) ;
#991 = DIRECTION ( 'NONE',  ( 1.000000000000000000, 2.275957200481570908E-13, -5.551115123125782702E-15 ) ) ;
#992 = ORIENTED_EDGE ( 'NONE', *, *, #3293, .F. ) ;
#993 = CARTESIAN_POINT ( 'NONE',  ( 2.499981286999963803, -100.8048175680006722, -5.749992559885452437 ) ) ;
#994 = VERTEX_POINT ( 'NONE', #1435 ) ;
#995 = CYLINDRICAL_SURFACE ( 'NONE', #3072, 2.500000000000000000 ) ;
#996 = EDGE_CURVE ( 'NONE', #2438, #1497, #2051, .T. ) ;
#997 = VERTEX_POINT ( 'NONE', #1758 ) ;
#998 = DIRECTION ( 'NONE',  ( 5.773159728050820321E-15, -6.358310602959382773E-05, 0.9999999979785942905 ) ) ;
#999 = ORIENTED_EDGE ( 'NONE', *, *, #2578, .F. ) ;
#1000 = DIRECTION ( 'NONE',  ( 8.062047471013184651E-14, -0.7405807110224422729, -0.6719674177082501920 ) ) ;
#1001 = DIRECTION ( 'NONE',  ( 1.000000000000000000, 1.140928651987716975E-13, -5.765905360978588951E-15 ) ) ;
#1002 = CARTESIAN_POINT ( 'NONE',  ( -1.871300003841724902E-05, -18.90576755607170512, -0.005980230983804180056 ) ) ;
#1003 = CARTESIAN_POINT ( 'NONE',  ( 9.999981286976199257, -4.172664195701974776, -29.78717022494035405 ) ) ;
#1004 = EDGE_LOOP ( 'NONE', ( #1810, #2727, #1117, #1996 ) ) ;
#1005 = FACE_OUTER_BOUND ( 'NONE', #1440, .T. ) ;
#1006 = DIRECTION ( 'NONE',  ( 1.138657152369662113E-13, -0.9999999979785944015, -6.358310602959384129E-05 ) ) ;
#1007 = ORIENTED_EDGE ( 'NONE', *, *, #1760, .F. ) ;
#1008 = CARTESIAN_POINT ( 'NONE',  ( -1.871300325806402043E-05, 28.59187999419613035, 9.060398864410263542 ) ) ;
#1009 = ORIENTED_EDGE ( 'NONE', *, *, #105, .F. ) ;
#1010 = CARTESIAN_POINT ( 'NONE',  ( -10.00001871301187073, -0.007675071928642251962, 29.99522142927999013 ) ) ;
#1011 = ORIENTED_EDGE ( 'NONE', *, *, #641, .F. ) ;
#1012 = EDGE_CURVE ( 'NONE', #3404, #204, #3439, .T. ) ;
#1013 = DIRECTION ( 'NONE',  ( 1.000000000000000000, 1.140928651986138244E-13, -5.765905361121718296E-15 ) ) ;
#1014 = VERTEX_POINT ( 'NONE', #3414 ) ;
#1015 = EDGE_CURVE ( 'NONE', #1959, #2827, #893, .T. ) ;
#1016 = CARTESIAN_POINT ( 'NONE',  ( 2.499981286999963803, -100.8058241645850899, 10.08120249125435386 ) ) ;
#1017 = ADVANCED_FACE ( 'NONE', ( #71 ), #3379, .F. ) ;
#1018 = CARTESIAN_POINT ( 'NONE',  ( -10.00001871302724865, 119.3431178354585569, -10.40479979616601369 ) ) ;
#1019 = DIRECTION ( 'NONE',  ( -5.773159728019287184E-15, 6.358310577535970754E-05, -0.9999999979785945126 ) ) ;
#1020 = CARTESIAN_POINT ( 'NONE',  ( 9.999981287002540853, -21.10548179048067041, 21.42649813156254268 ) ) ;
#1021 = AXIS2_PLACEMENT_3D ( 'NONE', #771, #1259, #154 ) ;
#1022 = ORIENTED_EDGE ( 'NONE', *, *, #3036, .T. ) ;
#1023 = DATE_AND_TIME ( #454, #2472 ) ;
#1024 = VECTOR ( 'NONE', #6, 999.9999999999998863 ) ;
#1025 = DIRECTION ( 'NONE',  ( 1.000000000000000000, 0.000000000000000000, -5.551115123125782702E-15 ) ) ;
#1026 = FACE_OUTER_BOUND ( 'NONE', #2160, .T. ) ;
#1027 = VERTEX_POINT ( 'NONE', #581 ) ;
#1028 = VECTOR ( 'NONE', #35, 1000.000000000000000 ) ;
#1029 = CARTESIAN_POINT ( 'NONE',  ( -1.871301391620505683E-05, 60.79401224397587811, -5.739717604292287945 ) ) ;
#1030 = ORIENTED_EDGE ( 'NONE', *, *, #433, .T. ) ;
#1031 = AXIS2_PLACEMENT_3D ( 'NONE', #2624, #1265, #2922 ) ;
#1032 = CIRCLE ( 'NONE', #212, 2.099999999999999645 ) ;
#1033 = DIRECTION ( 'NONE',  ( -6.666234944198022064E-15, 6.358310602959384129E-05, -0.9999999979785944015 ) ) ;
#1034 = CIRCLE ( 'NONE', #1571, 2.100000000000000533 ) ;
#1035 = DIRECTION ( 'NONE',  ( -1.139961141356187699E-13, 0.9987717903683451803, -0.04954705606199349965 ) ) ;
#1036 = ORIENTED_EDGE ( 'NONE', *, *, #475, .F. ) ;
#1037 = FACE_OUTER_BOUND ( 'NONE', #2608, .T. ) ;
#1038 = DIRECTION ( 'NONE',  ( 1.000000000000000000, 1.140928651987716975E-13, -5.765905360978588951E-15 ) ) ;
#1039 = CARTESIAN_POINT ( 'NONE',  ( 2.499981286999963803, -60.80481764960305213, -5.747449235586649330 ) ) ;
#1040 = ADVANCED_FACE ( 'NONE', ( #329 ), #1975, .F. ) ;
#1041 = VERTEX_POINT ( 'NONE', #915 ) ;
#1042 = APPROVAL_DATE_TIME ( #989, #42 ) ;
#1043 = ORIENTED_EDGE ( 'NONE', *, *, #836, .F. ) ;
#1044 = DIRECTION ( 'NONE',  ( 1.000000000000000000, 1.140928651987716975E-13, -5.765905360978588951E-15 ) ) ;
#1045 = DIRECTION ( 'NONE',  ( 1.000000000000000000, 1.135472064529175003E-13, -5.632848122122710662E-15 ) ) ;
#1046 = ORIENTED_EDGE ( 'NONE', *, *, #1394, .F. ) ;
#1047 = FACE_OUTER_BOUND ( 'NONE', #3512, .T. ) ;
#1048 = ORIENTED_EDGE ( 'NONE', *, *, #455, .T. ) ;
#1049 = CARTESIAN_POINT ( 'NONE',  ( -10.00001871300654166, 28.59181456519968734, 10.08942999523856976 ) ) ;
#1050 = ORIENTED_EDGE ( 'NONE', *, *, #2995, .F. ) ;
#1051 = CARTESIAN_POINT ( 'NONE',  ( -1.871299998290609778E-05, -0.005818093547910185848, -0.004778513247288840304 ) ) ;
#1052 = CARTESIAN_POINT ( 'NONE',  ( -1.871300003841724902E-05, -60.80582424618749826, 10.08374581555318628 ) ) ;
#1053 = CARTESIAN_POINT ( 'NONE',  ( 2.499981286986086015, 60.79401224397643233, -5.739717604292287945 ) ) ;
#1054 = DIRECTION ( 'NONE',  ( 5.773159768385717012E-15, -6.358310602977820987E-05, 0.9999999979785942905 ) ) ;
#1055 = EDGE_LOOP ( 'NONE', ( #3530, #1104 ) ) ;
#1056 = LINE ( 'NONE', #289, #1327 ) ;
#1057 = ADVANCED_FACE ( 'NONE', ( #3175 ), #3458, .F. ) ;
#1058 = CARTESIAN_POINT ( 'NONE',  ( -1.871301846811945779E-05, 80.79300560712663071, 10.09274910945842585 ) ) ;
#1059 = ORIENTED_EDGE ( 'NONE', *, *, #1229, .T. ) ;
#1060 = EDGE_CURVE ( 'NONE', #293, #2364, #1134, .T. ) ;
#1061 = EDGE_LOOP ( 'NONE', ( #1974, #3046 ) ) ;
#1062 = CARTESIAN_POINT ( 'NONE',  ( 9.999981286993421037, 28.59311801885597148, -10.41056996345265873 ) ) ;
#1063 = VERTEX_POINT ( 'NONE', #2035 ) ;
#1064 = AXIS2_PLACEMENT_3D ( 'NONE', #2944, #2389, #1309 ) ;
#1065 = FACE_BOUND ( 'NONE', #2218, .T. ) ;
#1066 = ORIENTED_EDGE ( 'NONE', *, *, #2245, .F. ) ;
#1067 = DIRECTION ( 'NONE',  ( 0.000000000000000000, 6.358310602959384129E-05, -0.9999999979785944015 ) ) ;
#1068 = CARTESIAN_POINT ( 'NONE',  ( -2.500018713016194383, 70.79401222383688719, -5.739081773486226723 ) ) ;
#1069 = DIRECTION ( 'NONE',  ( 1.000000000000000000, 2.275957200481570908E-13, -5.551115123125782702E-15 ) ) ;
#1070 = CARTESIAN_POINT ( 'NONE',  ( -1.871300003841724902E-05, -40.80452083277427988, -10.41498248051406250 ) ) ;
#1071 = ORIENTED_EDGE ( 'NONE', *, *, #2616, .F. ) ;
#1072 = CLOSED_SHELL ( 'NONE', ( #1582, #3420, #3215, #1823, #3239, #1952, #3173, #3597, #725, #3079, #1673, #249, #3200, #1840, #1771, #3195, #43, #1040, #706, #1126, #276, #3466, #2697, #1017, #1057, #1875, #366, #951, #1607, #1296, #3285, #2544, #413, #1935, #346, #1887, #1202, #2902, #2152, #2045, #2766, #2752, #209, #32, #2247, #1246, #2864, #1085, #1997, #541, #1412, #2067, #974, #1458, #1890, #2801, #539, #295, #3304, #3056, #3353, #2538, #1224, #2110, #2470, #2445, #1181, #3601, #1383, #499, #2094, #279, #1846, #187, #743, #2588, #3456, #387, #213, #659, #123, #1628, #2880, #1821, #1402, #369, #3177, #3020, #1987, #2317, #834, #3263, #2679, #1245, #3536, #2525, #3242, #703 ) ) ;
#1073 = VECTOR ( 'NONE', #3123, 1000.000000000000227 ) ;
#1074 = DIRECTION ( 'NONE',  ( -1.142248688797035512E-13, 0.9987717903683451803, -0.04954705606199355516 ) ) ;
#1075 = CARTESIAN_POINT ( 'NONE',  ( -1.871300003841724902E-05, -0.007102839134326410786, 20.99522144696644332 ) ) ;
#1076 = VERTEX_POINT ( 'NONE', #1215 ) ;
#1077 = AXIS2_PLACEMENT_3D ( 'NONE', #2294, #48, #1468 ) ;
#1078 = AXIS2_PLACEMENT_3D ( 'NONE', #1694, #3587, #1889 ) ;
#1079 = DIRECTION ( 'NONE',  ( -5.773159728019287184E-15, 6.358310577535970754E-05, -0.9999999979785945126 ) ) ;
#1080 = EDGE_CURVE ( 'NONE', #1910, #1483, #3137, .T. ) ;
#1081 = ORIENTED_EDGE ( 'NONE', *, *, #1494, .T. ) ;
#1082 = DIRECTION ( 'NONE',  ( 1.000000000000000000, 0.000000000000000000, -5.551115123125782702E-15 ) ) ;
#1083 = AXIS2_PLACEMENT_3D ( 'NONE', #894, #2865, #623 ) ;
#1084 = AXIS2_PLACEMENT_3D ( 'NONE', #2526, #1719, #2284 ) ;
#1085 = ADVANCED_FACE ( 'NONE', ( #3100 ), #622, .F. ) ;
#1086 = VERTEX_POINT ( 'NONE', #1705 ) ;
#1087 = CIRCLE ( 'NONE', #739, 2.099999999630000502 ) ;
#1088 = AXIS2_PLACEMENT_3D ( 'NONE', #2031, #1990, #1739 ) ;
#1089 = FACE_BOUND ( 'NONE', #3259, .T. ) ;
#1090 = EDGE_LOOP ( 'NONE', ( #3630, #258, #471, #3413 ) ) ;
#1091 = CARTESIAN_POINT ( 'NONE',  ( 9.999981286972714045, 119.3431178354631754, -10.40479979616601369 ) ) ;
#1092 = CARTESIAN_POINT ( 'NONE',  ( -1.871300003841724902E-05, -14.85393228257958498, -16.95496504182494846 ) ) ;
#1093 = AXIS2_PLACEMENT_3D ( 'NONE', #2969, #1878, #985 ) ;
#1094 = CARTESIAN_POINT ( 'NONE',  ( 9.999981286997194019, -22.22318892482413943, -20.16380104129675388 ) ) ;
#1095 = LINE ( 'NONE', #2806, #620 ) ;
#1096 = CIRCLE ( 'NONE', #1627, 9.749999999999998224 ) ;
#1097 = DIRECTION ( 'NONE',  ( 1.000000000000000000, 2.275957200481570908E-13, -5.551115123125782702E-15 ) ) ;
#1098 = EDGE_LOOP ( 'NONE', ( #2246, #67, #2305, #3443 ) ) ;
#1099 = DIRECTION ( 'NONE',  ( 1.000000000000000000, 1.140928651987716975E-13, -5.765905360978588951E-15 ) ) ;
#1100 = DIRECTION ( 'NONE',  ( -6.666234944169016438E-15, 6.358310577535969399E-05, -0.9999999979785942905 ) ) ;
#1101 = ORIENTED_EDGE ( 'NONE', *, *, #1913, .F. ) ;
#1102 = ORIENTED_EDGE ( 'NONE', *, *, #796, .F. ) ;
#1103 = FACE_BOUND ( 'NONE', #2122, .T. ) ;
#1104 = ORIENTED_EDGE ( 'NONE', *, *, #523, .F. ) ;
#1105 = FACE_OUTER_BOUND ( 'NONE', #1745, .T. ) ;
#1106 = EDGE_CURVE ( 'NONE', #374, #3620, #655, .T. ) ;
#1107 = ORIENTED_EDGE ( 'NONE', *, *, #2913, .F. ) ;
#1108 = CARTESIAN_POINT ( 'NONE',  ( 2.499981286999963803, -80.80481760932603663, -5.748720898210657460 ) ) ;
#1109 = DIRECTION ( 'NONE',  ( -1.000000000000000000, -1.145563383609458280E-13, 5.660017859493666087E-15 ) ) ;
#1110 = EDGE_CURVE ( 'NONE', #2770, #2751, #1210, .T. ) ;
#1111 = FACE_BOUND ( 'NONE', #693, .T. ) ;
#1112 = DIRECTION ( 'NONE',  ( -5.773159728019287184E-15, 6.358310577535970754E-05, -0.9999999979785945126 ) ) ;
#1113 = CARTESIAN_POINT ( 'NONE',  ( -1.871300003841724902E-05, 14.84441894273622076, -14.85307672445837568 ) ) ;
#1114 = ORIENTED_EDGE ( 'NONE', *, *, #252, .T. ) ;
#1115 = DIRECTION ( 'NONE',  ( -1.139961141356187699E-13, 0.9987717903683451803, -0.04954705606199367313 ) ) ;
#1116 = CARTESIAN_POINT ( 'NONE',  ( -10.00001871301464718, 22.21421710399695826, -20.16097557311569233 ) ) ;
#1117 = ORIENTED_EDGE ( 'NONE', *, *, #1542, .T. ) ;
#1118 = EDGE_LOOP ( 'NONE', ( #3490, #125, #3180, #635 ) ) ;
#1119 = DIRECTION ( 'NONE',  ( 1.000000000000000000, 1.140928651987716975E-13, -5.765905360978588951E-15 ) ) ;
#1120 = EDGE_LOOP ( 'NONE', ( #1599, #1233, #3365, #719 ) ) ;
#1121 = EDGE_CURVE ( 'NONE', #2767, #922, #347, .T. ) ;
#1122 = FACE_BOUND ( 'NONE', #2162, .T. ) ;
#1123 = VERTEX_POINT ( 'NONE', #1193 ) ;
#1124 = CARTESIAN_POINT ( 'NONE',  ( -2.500018713000040638, -80.80644414066578918, 19.83247413375632817 ) ) ;
#1125 = CYLINDRICAL_SURFACE ( 'NONE', #3076, 2.500000000000000000 ) ;
#1126 = ADVANCED_FACE ( 'NONE', ( #674, #432, #1529, #2626, #987, #3474, #749, #727 ), #1864, .T. ) ;
#1127 = VECTOR ( 'NONE', #337, 1000.000000000000227 ) ;
#1128 = PLANE ( 'NONE',  #2915 ) ;
#1129 = CARTESIAN_POINT ( 'NONE',  ( -10.00001871299785527, -19.25962737385559720, -23.10538558385261609 ) ) ;
#1130 = EDGE_CURVE ( 'NONE', #1422, #3590, #126, .T. ) ;
#1131 = LINE ( 'NONE', #1453, #3023 ) ;
#1132 = ORIENTED_EDGE ( 'NONE', *, *, #95, .T. ) ;
#1133 = EDGE_CURVE ( 'NONE', #2252, #374, #3330, .T. ) ;
#1134 = LINE ( 'NONE', #2879, #3018 ) ;
#1135 = DIRECTION ( 'NONE',  ( 1.000000000000000000, 2.275957200481570908E-13, -5.898059818321144121E-15 ) ) ;
#1136 = ORIENTED_EDGE ( 'NONE', *, *, #638, .F. ) ;
#1137 = VECTOR ( 'NONE', #1699, 999.9999999999998863 ) ;
#1138 = DIRECTION ( 'NONE',  ( 1.000000000000000000, 1.140928651987716975E-13, -5.765905360978588951E-15 ) ) ;
#1139 = ORIENTED_EDGE ( 'NONE', *, *, #2112, .T. ) ;
#1140 = AXIS2_PLACEMENT_3D ( 'NONE', #137, #1262, #1837 ) ;
#1141 = VECTOR ( 'NONE', #394, 1000.000000000000227 ) ;
#1142 = CARTESIAN_POINT ( 'NONE',  ( -10.00001871301448020, 22.49362743622165794, 19.83904227374755180 ) ) ;
#1143 = ORIENTED_EDGE ( 'NONE', *, *, #855, .T. ) ;
#1144 = CIRCLE ( 'NONE', #3315, 2.500000000000000000 ) ;
#1145 = AXIS2_PLACEMENT_3D ( 'NONE', #3344, #1138, #787 ) ;
#1146 = FACE_BOUND ( 'NONE', #3273, .T. ) ;
#1147 = CARTESIAN_POINT ( 'NONE',  ( 9.999981286999970465, 14.84266414485188612, 12.74540803040574666 ) ) ;
#1148 = VECTOR ( 'NONE', #2063, 1000.000000000000000 ) ;
#1149 = AXIS2_PLACEMENT_3D ( 'NONE', #416, #1845, #2339 ) ;
#1150 = FACE_BOUND ( 'NONE', #2154, .T. ) ;
#1151 = CARTESIAN_POINT ( 'NONE',  ( -10.00001871302946910, 129.0918143616848965, 10.09582009728660168 ) ) ;
#1152 = AXIS2_PLACEMENT_3D ( 'NONE', #1577, #2168, #1895 ) ;
#1153 = VECTOR ( 'NONE', #1373, 999.9999999999998863 ) ;
#1154 = CARTESIAN_POINT ( 'NONE',  ( -10.00001871299999223, 14.84253062033663539, 14.84540802537270920 ) ) ;
#1155 = EDGE_LOOP ( 'NONE', ( #3061, #3618, #547, #545 ) ) ;
#1156 = EDGE_CURVE ( 'NONE', #468, #2010, #2257, .T. ) ;
#1157 = VECTOR ( 'NONE', #550, 1000.000000000000000 ) ;
#1158 = CARTESIAN_POINT ( 'NONE',  ( -2.500018713000040638, -40.80481768992966352, -5.746177573961369411 ) ) ;
#1159 = EDGE_CURVE ( 'NONE', #3640, #2837, #1539, .T. ) ;
#1160 = DIRECTION ( 'NONE',  ( 1.000000000000000000, 0.000000000000000000, -5.898059818321144121E-15 ) ) ;
#1161 = FACE_OUTER_BOUND ( 'NONE', #1729, .T. ) ;
#1162 = VERTEX_POINT ( 'NONE', #1232 ) ;
#1163 = CARTESIAN_POINT ( 'NONE',  ( 9.999981286988091966, -0.007675105465759779477, 29.99522142927776969 ) ) ;
#1164 = VERTEX_POINT ( 'NONE', #3228 ) ;
#1165 = DIRECTION ( 'NONE',  ( 5.773159728050820321E-15, -6.358310602959382773E-05, 0.9999999979785942905 ) ) ;
#1166 = ORIENTED_EDGE ( 'NONE', *, *, #2532, .T. ) ;
#1167 = CYLINDRICAL_SURFACE ( 'NONE', #728, 2.500000000000000000 ) ;
#1168 = CARTESIAN_POINT ( 'NONE',  ( -2.500018713000040638, -80.80390081636699051, -20.16752578464125989 ) ) ;
#1169 = CARTESIAN_POINT ( 'NONE',  ( -10.00001871299999223, 14.84441894273622076, -14.85307672445837568 ) ) ;
#1170 = ORIENTED_EDGE ( 'NONE', *, *, #2731, .F. ) ;
#1171 = LINE ( 'NONE', #636, #3262 ) ;
#1172 = VERTEX_POINT ( 'NONE', #3245 ) ;
#1173 = ORIENTED_EDGE ( 'NONE', *, *, #412, .F. ) ;
#1174 = CYLINDRICAL_SURFACE ( 'NONE', #1084, 17.00000000010000889 ) ;
#1175 = DIRECTION ( 'NONE',  ( 5.773159728021815483E-15, -6.358310577535969399E-05, 0.9999999979785942905 ) ) ;
#1176 = EDGE_LOOP ( 'NONE', ( #2485, #933, #2564, #1922 ) ) ;
#1177 = CARTESIAN_POINT ( 'NONE',  ( -10.00001871301187073, -0.007675071928642251962, 29.99522142927999013 ) ) ;
#1178 = EDGE_CURVE ( 'NONE', #652, #1959, #2725, .T. ) ;
#1179 = CARTESIAN_POINT ( 'NONE',  ( 9.999981286974421124, 14.26968266279112640, 26.46611979389187042 ) ) ;
#1180 = EDGE_LOOP ( 'NONE', ( #1405, #1364, #2343, #3174 ) ) ;
#1181 = ADVANCED_FACE ( 'NONE', ( #1269 ), #2085, .F. ) ;
#1182 = UNCERTAINTY_MEASURE_WITH_UNIT (LENGTH_MEASURE( 1.000000000000000082E-05 ), #2359, 'distance_accuracy_value', 'NONE');
#1183 = DIRECTION ( 'NONE',  ( 5.773159728019287184E-15, -6.358310577535970754E-05, 0.9999999979785945126 ) ) ;
#1184 = ORIENTED_EDGE ( 'NONE', *, *, #1235, .T. ) ;
#1185 = CARTESIAN_POINT ( 'NONE',  ( -1.871300003841724902E-05, 14.84253062033663539, 14.84540802537270920 ) ) ;
#1186 = CYLINDRICAL_SURFACE ( 'NONE', #2131, 9.750000000000000000 ) ;
#1187 = CARTESIAN_POINT ( 'NONE',  ( -1.871300003841724902E-05, -80.80390081636699051, -20.16752578464125989 ) ) ;
#1188 = EDGE_LOOP ( 'NONE', ( #3527, #827, #2984, #586 ) ) ;
#1189 = CARTESIAN_POINT ( 'NONE',  ( 2.499981286999963803, -90.80582418572238623, 10.08183832261591562 ) ) ;
#1190 = VERTEX_POINT ( 'NONE', #2924 ) ;
#1191 = CARTESIAN_POINT ( 'NONE',  ( -1.871300003841724902E-05, -80.80452075217064589, -10.41752580476332213 ) ) ;
#1192 = VECTOR ( 'NONE', #643, 1000.000000000000227 ) ;
#1193 = CARTESIAN_POINT ( 'NONE',  ( 9.999981286999970465, -129.1046329604214122, 10.07940316519967361 ) ) ;
#1194 = ORIENTED_EDGE ( 'NONE', *, *, #1494, .F. ) ;
#1195 = CARTESIAN_POINT ( 'NONE',  ( -1.871301619216225731E-05, 70.79430908091686092, -10.40788668003886386 ) ) ;
#1196 = DIRECTION ( 'NONE',  ( 5.773159728048290444E-15, -6.358310602959382773E-05, 0.9999999979785942905 ) ) ;
#1197 = ORIENTED_EDGE ( 'NONE', *, *, #571, .T. ) ;
#1198 = EDGE_CURVE ( 'NONE', #3219, #1390, #2026, .T. ) ;
#1199 = DIRECTION ( 'NONE',  ( 1.000000000000000000, 0.000000000000000000, -5.551115123125782702E-15 ) ) ;
#1200 = ORIENTED_EDGE ( 'NONE', *, *, #2250, .F. ) ;
#1201 = CARTESIAN_POINT ( 'NONE',  ( -1.871302074407665827E-05, 90.79492897540123408, -20.15661499830481773 ) ) ;
#1202 = ADVANCED_FACE ( 'NONE', ( #1579 ), #1811, .F. ) ;
#1203 = VECTOR ( 'NONE', #2971, 999.9999999999998863 ) ;
#1204 = VECTOR ( 'NONE', #1318, 1000.000000000000000 ) ;
#1205 = CIRCLE ( 'NONE', #2610, 2.099999999999999645 ) ;
#1206 = CARTESIAN_POINT ( 'NONE',  ( 9.999981286975250683, 4.164900480242536673, -29.78656525684244727 ) ) ;
#1207 = ORIENTED_EDGE ( 'NONE', *, *, #791, .F. ) ;
#1208 = DIRECTION ( 'NONE',  ( 1.000000000000000000, 1.140928651987716975E-13, -5.765905360978588951E-15 ) ) ;
#1209 = AXIS2_PLACEMENT_3D ( 'NONE', #1075, #838, #3083 ) ;
#1210 = CIRCLE ( 'NONE', #1677, 2.500000000000000000 ) ;
#1211 = VERTEX_POINT ( 'NONE', #177 ) ;
#1212 = LINE ( 'NONE', #2299, #1148 ) ;
#1213 = AXIS2_PLACEMENT_3D ( 'NONE', #3189, #913, #399 ) ;
#1214 = CIRCLE ( 'NONE', #1850, 2.099999999999999645 ) ;
#1215 = CARTESIAN_POINT ( 'NONE',  ( 2.499981286999963803, -70.80582422599943015, 10.08310998523992374 ) ) ;
#1216 = ORIENTED_EDGE ( 'NONE', *, *, #2913, .T. ) ;
#1217 = CIRCLE ( 'NONE', #1275, 2.500000000000000000 ) ;
#1218 = FACE_OUTER_BOUND ( 'NONE', #783, .T. ) ;
#1219 = FACE_OUTER_BOUND ( 'NONE', #2199, .T. ) ;
#1220 = ORIENTED_EDGE ( 'NONE', *, *, #3152, .T. ) ;
#1221 = CARTESIAN_POINT ( 'NONE',  ( 2.499981286999963803, -40.80481768992966352, -5.746177573961369411 ) ) ;
#1222 = ORIENTED_EDGE ( 'NONE', *, *, #2204, .T. ) ;
#1223 = DIRECTION ( 'NONE',  ( 1.000000000000000000, 2.275957200481570908E-13, -5.898059818321144121E-15 ) ) ;
#1224 = ADVANCED_FACE ( 'NONE', ( #1303, #1826, #2952, #2411, #3541, #2505, #230, #1357 ), #1340, .T. ) ;
#1225 = DIRECTION ( 'NONE',  ( 1.000000000000000000, 2.275957200481570908E-13, -5.551115123125782702E-15 ) ) ;
#1226 = ORIENTED_EDGE ( 'NONE', *, *, #3425, .F. ) ;
#1227 = EDGE_CURVE ( 'NONE', #637, #2402, #216, .T. ) ;
#1228 = DIRECTION ( 'NONE',  ( -5.545699401019346612E-15, 6.358310577535969399E-05, -0.9999999979785942905 ) ) ;
#1229 = EDGE_CURVE ( 'NONE', #1595, #3274, #1330, .T. ) ;
#1230 = CARTESIAN_POINT ( 'NONE',  ( 2.499981286988361973, 50.79300566759228985, 10.09084161604148555 ) ) ;
#1231 = ORIENTED_EDGE ( 'NONE', *, *, #2935, .F. ) ;
#1232 = CARTESIAN_POINT ( 'NONE',  ( -2.500018713000040638, -70.80644416080433245, 19.83310996506831714 ) ) ;
#1233 = ORIENTED_EDGE ( 'NONE', *, *, #2497, .F. ) ;
#1234 = DIRECTION ( 'NONE',  ( 1.000000000000000000, 1.140928651987716975E-13, -5.765905360978588951E-15 ) ) ;
#1235 = EDGE_CURVE ( 'NONE', #1310, #2630, #444, .T. ) ;
#1236 = LINE ( 'NONE', #3143, #1787 ) ;
#1237 = ORIENTED_EDGE ( 'NONE', *, *, #1359, .T. ) ;
#1238 = CARTESIAN_POINT ( 'NONE',  ( -1.871299998290609778E-05, -0.005818093547910185848, -0.004778513247288840304 ) ) ;
#1239 = ORIENTED_EDGE ( 'NONE', *, *, #2423, .T. ) ;
#1240 = FACE_OUTER_BOUND ( 'NONE', #1614, .T. ) ;
#1241 = EDGE_CURVE ( 'NONE', #238, #2324, #40, .T. ) ;
#1242 = CARTESIAN_POINT ( 'NONE',  ( -1.871301619216225731E-05, 70.79492901572790231, -20.15788666091563996 ) ) ;
#1243 = ORIENTED_EDGE ( 'NONE', *, *, #1764, .T. ) ;
#1244 = CARTESIAN_POINT ( 'NONE',  ( -1.871302951483855281E-05, 129.0918143616871703, 10.09582009728660168 ) ) ;
#1245 = ADVANCED_FACE ( 'NONE', ( #3002 ), #2169, .F. ) ;
#1246 = ADVANCED_FACE ( 'NONE', ( #3024 ), #1398, .F. ) ;
#1247 = CARTESIAN_POINT ( 'NONE',  ( -1.871300003841724902E-05, 14.84266414485188612, 12.74540803040574666 ) ) ;
#1248 = ORIENTED_EDGE ( 'NONE', *, *, #3632, .T. ) ;
#1249 = CARTESIAN_POINT ( 'NONE',  ( 9.999981286976904471, -10.24712586142016413, -28.27964103628608683 ) ) ;
#1250 = EDGE_CURVE ( 'NONE', #695, #1162, #2128, .T. ) ;
#1251 = ORIENTED_EDGE ( 'NONE', *, *, #1227, .F. ) ;
#1252 = PERSON_AND_ORGANIZATION_ROLE ( 'creator' ) ;
#1253 = CIRCLE ( 'NONE', #1308, 2.500000000000000000 ) ;
#1254 = DIRECTION ( 'NONE',  ( 5.773159728021815483E-15, -6.358310577535969399E-05, 0.9999999979785942905 ) ) ;
#1255 = DIRECTION ( 'NONE',  ( -5.773159728019287184E-15, 6.358310577535970754E-05, -0.9999999979785945126 ) ) ;
#1256 = VERTEX_POINT ( 'NONE', #2708 ) ;
#1257 = DIRECTION ( 'NONE',  ( 1.000000000000000000, 2.275957200481570908E-13, -5.551115123125782702E-15 ) ) ;
#1258 = VERTEX_POINT ( 'NONE', #818 ) ;
#1259 = DIRECTION ( 'NONE',  ( 5.773159728048290444E-15, -6.358310602959382773E-05, 0.9999999979785942905 ) ) ;
#1260 = CYLINDRICAL_SURFACE ( 'NONE', #334, 2.500000000000000000 ) ;
#1261 = CIRCLE ( 'NONE', #3431, 2.500000000000000000 ) ;
#1262 = DIRECTION ( 'NONE',  ( 5.773159728019285606E-15, -6.358310577535970754E-05, 0.9999999979785944015 ) ) ;
#1263 = CIRCLE ( 'NONE', #3546, 2.500000000000000000 ) ;
#1264 = CIRCLE ( 'NONE', #2190, 17.00000000010000534 ) ;
#1265 = DIRECTION ( 'NONE',  ( 5.773159728021815483E-15, -6.358310577535969399E-05, 0.9999999979785942905 ) ) ;
#1266 = DIRECTION ( 'NONE',  ( 1.000000000000000000, 1.140928651987658915E-13, -5.765905360978585006E-15 ) ) ;
#1267 = VECTOR ( 'NONE', #3380, 1000.000000000000000 ) ;
#1268 = VECTOR ( 'NONE', #860, 999.9999999999998863 ) ;
#1269 = FACE_OUTER_BOUND ( 'NONE', #1410, .T. ) ;
#1270 = EDGE_LOOP ( 'NONE', ( #1170, #570, #3063, #2471 ) ) ;
#1271 = CALENDAR_DATE ( 2026, 12, 7 ) ;
#1272 = CIRCLE ( 'NONE', #2491, 2.500000000000000000 ) ;
#1273 = EDGE_CURVE ( 'NONE', #57, #2465, #2188, .T. ) ;
#1274 = FACE_OUTER_BOUND ( 'NONE', #1375, .T. ) ;
#1275 = AXIS2_PLACEMENT_3D ( 'NONE', #3576, #228, #160 ) ;
#1276 = CYLINDRICAL_SURFACE ( 'NONE', #2192, 30.00000000000001066 ) ;
#1277 = EDGE_LOOP ( 'NONE', ( #3091, #2261 ) ) ;
#1278 = VECTOR ( 'NONE', #189, 1000.000000000000227 ) ;
#1279 = DIRECTION ( 'NONE',  ( 5.773159728019287184E-15, -6.358310577535970754E-05, 0.9999999979785945126 ) ) ;
#1280 = ORIENTED_EDGE ( 'NONE', *, *, #1229, .F. ) ;
#1281 = B_SPLINE_CURVE_WITH_KNOTS ( 'NONE', 3,
 ( #2114, #1862, #3509, #1558 ),
 .UNSPECIFIED., .F., .F.,
 ( 4, 4 ),
 ( 0.000000000000000000, 1.000000000000000000 ),
 .UNSPECIFIED. ) ;
#1282 = CARTESIAN_POINT ( 'NONE',  ( -10.00001871302207590, -16.12195584184602382, 25.38754109835883455 ) ) ;
#1283 = DIRECTION ( 'NONE',  ( 1.136911078101722939E-13, -0.9987654815812405662, -0.04967406568615692630 ) ) ;
#1284 = LINE ( 'NONE', #1244, #668 ) ;
#1285 = DIRECTION ( 'NONE',  ( 1.000000000000000000, 1.140928651987716975E-13, -5.765905360978588951E-15 ) ) ;
#1286 = DIRECTION ( 'NONE',  ( 1.000000000000000000, 0.000000000000000000, -5.551115123125782702E-15 ) ) ;
#1287 = DIRECTION ( 'NONE',  ( -5.773159728019287184E-15, 6.358310577535970754E-05, -0.9999999979785945126 ) ) ;
#1288 = ORIENTED_EDGE ( 'NONE', *, *, #1342, .F. ) ;
#1289 = FACE_BOUND ( 'NONE', #1379, .T. ) ;
#1290 = CYLINDRICAL_SURFACE ( 'NONE', #1445, 2.500000000000000000 ) ;
#1291 = EDGE_LOOP ( 'NONE', ( #1, #3221, #1007, #277 ) ) ;
#1292 = EDGE_CURVE ( 'NONE', #2630, #1310, #914, .T. ) ;
#1293 = FACE_OUTER_BOUND ( 'NONE', #2084, .T. ) ;
#1294 = ORIENTED_EDGE ( 'NONE', *, *, #685, .F. ) ;
#1295 = FACE_OUTER_BOUND ( 'NONE', #1118, .T. ) ;
#1296 = ADVANCED_FACE ( 'NONE', ( #802 ), #2989, .F. ) ;
#1297 = ORIENTED_EDGE ( 'NONE', *, *, #1178, .T. ) ;
#1298 = DIRECTION ( 'NONE',  ( 1.000000000000000000, 1.140928651989296717E-13, -5.765905361121694630E-15 ) ) ;
#1299 = ORIENTED_EDGE ( 'NONE', *, *, #1015, .F. ) ;
#1300 = CARTESIAN_POINT ( 'NONE',  ( -2.500018713018470340, 80.79430906077780605, -10.40725084923285770 ) ) ;
#1301 = LINE ( 'NONE', #1053, #2920 ) ;
#1302 = DIRECTION ( 'NONE',  ( 1.000000000000000000, 0.000000000000000000, -5.551115123125782702E-15 ) ) ;
#1303 = FACE_BOUND ( 'NONE', #2772, .T. ) ;
#1304 = ORIENTED_EDGE ( 'NONE', *, *, #1695, .T. ) ;
#1305 = DIRECTION ( 'NONE',  ( 1.000000000000000000, 1.140928651987716975E-13, -5.765905360978588951E-15 ) ) ;
#1306 = DIRECTION ( 'NONE',  ( -1.000000000000000000, -1.140928651987718238E-13, 5.765905360978586584E-15 ) ) ;
#1307 = ORIENTED_EDGE ( 'NONE', *, *, #252, .F. ) ;
#1308 = AXIS2_PLACEMENT_3D ( 'NONE', #2401, #737, #2699 ) ;
#1309 = DIRECTION ( 'NONE',  ( 1.000000000000000000, 0.000000000000000000, -5.898059818321144121E-15 ) ) ;
#1310 = VERTEX_POINT ( 'NONE', #2763 ) ;
#1311 = VECTOR ( 'NONE', #132, 999.9999999999998863 ) ;
#1312 = CARTESIAN_POINT ( 'NONE',  ( -10.00001871302294099, -8.394727761717424741, 28.87640704796281454 ) ) ;
#1313 = ORIENTED_EDGE ( 'NONE', *, *, #1198, .F. ) ;
#1314 = EDGE_CURVE ( 'NONE', #2301, #3625, #1611, .T. ) ;
#1315 = CARTESIAN_POINT ( 'NONE',  ( -1.871302302003385876E-05, 100.7930055658508337, 10.09402077102084050 ) ) ;
#1316 = EDGE_CURVE ( 'NONE', #1190, #2767, #548, .T. ) ;
#1317 = VERTEX_POINT ( 'NONE', #2229 ) ;
#1318 = DIRECTION ( 'NONE',  ( 1.000000000000000000, 1.135472064529175003E-13, -5.632848122122710662E-15 ) ) ;
#1319 = CYLINDRICAL_SURFACE ( 'NONE', #2319, 2.500000000000000000 ) ;
#1320 = DIRECTION ( 'NONE',  ( 5.773159728048290444E-15, -6.358310602959382773E-05, 0.9999999979785942905 ) ) ;
#1321 = CIRCLE ( 'NONE', #315, 2.500000000000000000 ) ;
#1322 = EDGE_LOOP ( 'NONE', ( #352, #421 ) ) ;
#1323 = CIRCLE ( 'NONE', #1078, 2.500000000000000000 ) ;
#1324 = FACE_OUTER_BOUND ( 'NONE', #2885, .T. ) ;
#1325 = CYLINDRICAL_SURFACE ( 'NONE', #735, 2.099999999999997868 ) ;
#1326 = ORIENTED_EDGE ( 'NONE', *, *, #1631, .T. ) ;
#1327 = VECTOR ( 'NONE', #1920, 999.9999999999998863 ) ;
#1328 = ORIENTED_EDGE ( 'NONE', *, *, #641, .T. ) ;
#1329 = CIRCLE ( 'NONE', #3382, 17.00000000010000534 ) ;
#1330 = CIRCLE ( 'NONE', #2618, 2.500000000000000000 ) ;
#1331 = CYLINDRICAL_SURFACE ( 'NONE', #2070, 2.500000000000000000 ) ;
#1332 = ORIENTED_EDGE ( 'NONE', *, *, #585, .F. ) ;
#1333 = CIRCLE ( 'NONE', #2733, 2.500000000000000000 ) ;
#1334 = CARTESIAN_POINT ( 'NONE',  ( 2.499981286988361973, 50.79492905600538677, -20.15915832252776596 ) ) ;
#1335 = ORIENTED_EDGE ( 'NONE', *, *, #1668, .F. ) ;
#1336 = CARTESIAN_POINT ( 'NONE',  ( -1.871300003841724902E-05, -40.80644422126944448, 19.83501745800558780 ) ) ;
#1337 = EDGE_CURVE ( 'NONE', #1123, #2390, #2968, .T. ) ;
#1338 = CARTESIAN_POINT ( 'NONE',  ( -1.871301164024785635E-05, 50.79401226411437165, -5.740353435098350054 ) ) ;
#1339 = EDGE_CURVE ( 'NONE', #695, #1076, #269, .T. ) ;
#1340 = PLANE ( 'NONE',  #2433 ) ;
#1341 = ORIENTED_EDGE ( 'NONE', *, *, #2731, .T. ) ;
#1342 = EDGE_CURVE ( 'NONE', #368, #647, #1388, .T. ) ;
#1343 = CC_DESIGN_PERSON_AND_ORGANIZATION_ASSIGNMENT ( #1848, #470, ( #2121 ) ) ;
#1344 = CARTESIAN_POINT ( 'NONE',  ( -10.00001871301448020, 22.49362743622165794, 19.83904227374755180 ) ) ;
#1345 = DIRECTION ( 'NONE',  ( -1.139961141557037492E-13, 0.9987717903683451803, -0.04954705606199364537 ) ) ;
#1346 = PERSON ( 'UNSPECIFIED', 'UNSPECIFIED', 'UNSPECIFIED', ('UNSPECIFIED'), ('UNSPECIFIED'), ('UNSPECIFIED') ) ;
#1347 = VERTEX_POINT ( 'NONE', #505 ) ;
#1348 = DIRECTION ( 'NONE',  ( -6.666234944169016438E-15, 6.358310577535969399E-05, -0.9999999979785942905 ) ) ;
#1349 = ORIENTED_EDGE ( 'NONE', *, *, #3521, .T. ) ;
#1350 = CARTESIAN_POINT ( 'NONE',  ( -1.871300003841724902E-05, -80.80582420586091530, 10.08247415392793300 ) ) ;
#1351 = ORIENTED_EDGE ( 'NONE', *, *, #2245, .T. ) ;
#1352 = DIRECTION ( 'NONE',  ( 5.773159728048290444E-15, -6.358310602959382773E-05, 0.9999999979785942905 ) ) ;
#1353 = ORIENTED_EDGE ( 'NONE', *, *, #395, .T. ) ;
#1354 = CYLINDRICAL_SURFACE ( 'NONE', #1953, 2.500000000000000000 ) ;
#1355 = CARTESIAN_POINT ( 'NONE',  ( -1.871302729439250356E-05, 119.3431178354609443, -10.40479979616601369 ) ) ;
#1356 = CARTESIAN_POINT ( 'NONE',  ( -10.00001871299915024, -8.253547653133715301, -28.92401391020881007 ) ) ;
#1357 = FACE_OUTER_BOUND ( 'NONE', #2574, .T. ) ;
#1358 = EDGE_LOOP ( 'NONE', ( #52, #734, #2571, #1030, #2535, #3600, #544, #687, #1374, #1807, #2943, #2345, #53, #1650, #3057, #2331, #3464, #2181, #1477, #790, #417, #2126 ) ) ;
#1359 = EDGE_CURVE ( 'NONE', #1873, #1763, #1635, .T. ) ;
#1360 = EDGE_CURVE ( 'NONE', #2931, #3311, #3206, .T. ) ;
#1361 = LINE ( 'NONE', #3567, #1446 ) ;
#1362 = CARTESIAN_POINT ( 'NONE',  ( -1.871301391620505683E-05, 60.79238571164344052, 19.84147742767464351 ) ) ;
#1363 = ORIENTED_EDGE ( 'NONE', *, *, #476, .F. ) ;
#1364 = ORIENTED_EDGE ( 'NONE', *, *, #1649, .F. ) ;
#1365 = LINE ( 'NONE', #2773, #3313 ) ;
#1366 = VERTEX_POINT ( 'NONE', #1703 ) ;
#1367 = CYLINDRICAL_SURFACE ( 'NONE', #627, 2.500000000000000000 ) ;
#1368 = EDGE_LOOP ( 'NONE', ( #1860, #2453 ) ) ;
#1369 = CARTESIAN_POINT ( 'NONE',  ( -10.00001871299999223, 14.84455246725149813, -16.95307671942533645 ) ) ;
#1370 = DIRECTION ( 'NONE',  ( 1.000000000000000000, 0.000000000000000000, -5.551115123125782702E-15 ) ) ;
#1371 = FACE_OUTER_BOUND ( 'NONE', #1709, .T. ) ;
#1372 = CARTESIAN_POINT ( 'NONE',  ( -2.500018713000040638, -60.80582424618749826, 10.08374581555318628 ) ) ;
#1373 = DIRECTION ( 'NONE',  ( -6.666234944198022064E-15, 6.358310602959384129E-05, -0.9999999979785944015 ) ) ;
#1374 = ORIENTED_EDGE ( 'NONE', *, *, #1337, .F. ) ;
#1375 = EDGE_LOOP ( 'NONE', ( #3602, #3556, #2798, #3393 ) ) ;
#1376 = AXIS2_PLACEMENT_3D ( 'NONE', #2023, #47, #1767 ) ;
#1377 = LINE ( 'NONE', #542, #2911 ) ;
#1378 = LINE ( 'NONE', #805, #1267 ) ;
#1379 = EDGE_LOOP ( 'NONE', ( #969, #2273 ) ) ;
#1380 = EDGE_CURVE ( 'NONE', #3487, #1636, #1131, .T. ) ;
#1381 = AXIS2_PLACEMENT_3D ( 'NONE', #3367, #2561, #2873 ) ;
#1382 = CIRCLE ( 'NONE', #2722, 2.100000000000000533 ) ;
#1383 = ADVANCED_FACE ( 'NONE', ( #303 ), #2282, .F. ) ;
#1384 = DIRECTION ( 'NONE',  ( 5.773159728050820321E-15, -6.358310602959382773E-05, 0.9999999979785942905 ) ) ;
#1385 = CIRCLE ( 'NONE', #3611, 2.500000000000000000 ) ;
#1386 = CIRCLE ( 'NONE', #2965, 9.750000000000005329 ) ;
#1387 = EDGE_LOOP ( 'NONE', ( #2101, #3343, #485, #1904 ) ) ;
#1388 = CIRCLE ( 'NONE', #793, 2.500000000000000000 ) ;
#1389 = FACE_BOUND ( 'NONE', #477, .T. ) ;
#1390 = VERTEX_POINT ( 'NONE', #1189 ) ;
#1391 = CARTESIAN_POINT ( 'NONE',  ( -2.500018713020746297, 90.79401218351021896, -5.737810110875374292 ) ) ;
#1392 = DIRECTION ( 'NONE',  ( -5.773159728048290444E-15, 6.358310602959382773E-05, -0.9999999979785942905 ) ) ;
#1393 = AXIS2_PLACEMENT_3D ( 'NONE', #1355, #2186, #3633 ) ;
#1394 = EDGE_CURVE ( 'NONE', #3308, #2191, #3442, .T. ) ;
#1395 = CARTESIAN_POINT ( 'NONE',  ( -2.500018713009366511, 40.79430914138140452, -10.40979417345580593 ) ) ;
#1396 = CARTESIAN_POINT ( 'NONE',  ( -1.871301619216225731E-05, 70.79300562726511714, 10.09211327865236463 ) ) ;
#1397 = AXIS2_PLACEMENT_3D ( 'NONE', #742, #1859, #2166 ) ;
#1398 = CYLINDRICAL_SURFACE ( 'NONE', #3383, 2.099999999999999645 ) ;
#1399 = ORIENTED_EDGE ( 'NONE', *, *, #1604, .F. ) ;
#1400 = ORIENTED_EDGE ( 'NONE', *, *, #520, .F. ) ;
#1401 = CARTESIAN_POINT ( 'NONE',  ( -10.00001871300030842, 4.232752672562591911, 29.76988859102512919 ) ) ;
#1402 = ADVANCED_FACE ( 'NONE', ( #1972 ), #2007, .F. ) ;
#1403 = CARTESIAN_POINT ( 'NONE',  ( -2.500018713009366511, 40.79401228430199211, -5.740989266903112842 ) ) ;
#1404 = EDGE_LOOP ( 'NONE', ( #3192, #2928, #1143, #1721 ) ) ;
#1405 = ORIENTED_EDGE ( 'NONE', *, *, #2027, .F. ) ;
#1406 = PLANE ( 'NONE',  #1442 ) ;
#1407 = ORIENTED_EDGE ( 'NONE', *, *, #1156, .T. ) ;
#1408 = EDGE_CURVE ( 'NONE', #1472, #1873, #1032, .T. ) ;
#1409 = DIRECTION ( 'NONE',  ( 1.000000000000000000, 2.275957200481570908E-13, -5.898059818321144121E-15 ) ) ;
#1410 = EDGE_LOOP ( 'NONE', ( #1994, #1801, #1857, #311 ) ) ;
#1411 = DIRECTION ( 'NONE',  ( -5.773159728019287184E-15, 6.358310577535970754E-05, -0.9999999979785945126 ) ) ;
#1412 = ADVANCED_FACE ( 'NONE', ( #51 ), #3098, .F. ) ;
#1413 = DIRECTION ( 'NONE',  ( -1.147586299492348590E-13, 0.9987717903683451803, -0.04954705606199355516 ) ) ;
#1414 = CARTESIAN_POINT ( 'NONE',  ( 3.333314620322399779, -22.22323942410182696, -20.16380104462590950 ) ) ;
#1415 = DIRECTION ( 'NONE',  ( 5.773159728021815483E-15, -6.358310577535969399E-05, 0.9999999979785942905 ) ) ;
#1416 = CARTESIAN_POINT ( 'NONE',  ( 2.499981286990637930, 40.79492907614393005, -20.15979415333385560 ) ) ;
#1417 = VERTEX_POINT ( 'NONE', #1416 ) ;
#1418 = CARTESIAN_POINT ( 'NONE',  ( 9.999981286999970465, -14.85406580704531976, -14.85496504585923105 ) ) ;
#1419 = LINE ( 'NONE', #2195, #1616 ) ;
#1420 = VERTEX_POINT ( 'NONE', #3113 ) ;
#1421 = DIRECTION ( 'NONE',  ( 5.773159728048290444E-15, -6.358310602959382773E-05, 0.9999999979785942905 ) ) ;
#1422 = VERTEX_POINT ( 'NONE', #3075 ) ;
#1423 = APPLICATION_CONTEXT ( 'configuration controlled 3d designs of mechanical parts and assemblies' ) ;
#1424 = FACE_BOUND ( 'NONE', #3161, .T. ) ;
#1425 = ORIENTED_EDGE ( 'NONE', *, *, #1339, .T. ) ;
#1426 = CARTESIAN_POINT ( 'NONE',  ( -10.00001871299999223, -14.85419933151105276, -12.75496504989354030 ) ) ;
#1427 = FACE_OUTER_BOUND ( 'NONE', #2117, .T. ) ;
#1428 = AXIS2_PLACEMENT_3D ( 'NONE', #1761, #3140, #2882 ) ;
#1429 = EDGE_CURVE ( 'NONE', #2465, #1636, #1214, .T. ) ;
#1430 = DIRECTION ( 'NONE',  ( 1.000000000000000000, 2.275957200481570908E-13, -5.551115123125782702E-15 ) ) ;
#1431 = CARTESIAN_POINT ( 'NONE',  ( -1.871300936429065587E-05, 40.79492907614337582, -20.15979415333385560 ) ) ;
#1432 = SECURITY_CLASSIFICATION ( '', '', #2710 ) ;
#1433 = DIRECTION ( 'NONE',  ( -6.666234944169016438E-15, 6.358310577535969399E-05, -0.9999999979785942905 ) ) ;
#1434 = ORIENTED_EDGE ( 'NONE', *, *, #2657, .F. ) ;
#1435 = CARTESIAN_POINT ( 'NONE',  ( -10.00001871299999223, -0.006969313620264205866, 18.89522145194996838 ) ) ;
#1436 = DIRECTION ( 'NONE',  ( -5.773159728019287184E-15, 6.358310577535970754E-05, -0.9999999979785945126 ) ) ;
#1437 = ORIENTED_EDGE ( 'NONE', *, *, #457, .F. ) ;
#1438 = AXIS2_PLACEMENT_3D ( 'NONE', #314, #1783, #884 ) ;
#1439 = CARTESIAN_POINT ( 'NONE',  ( 9.999981286975584638, 4.231516730717565622, 29.77017807599676402 ) ) ;
#1440 = EDGE_LOOP ( 'NONE', ( #3468, #2020, #1048, #3249 ) ) ;
#1441 = VECTOR ( 'NONE', #1592, 999.9999999999998863 ) ;
#1442 = AXIS2_PLACEMENT_3D ( 'NONE', #2512, #1762, #628 ) ;
#1443 = CARTESIAN_POINT ( 'NONE',  ( -10.00001871299999223, -0.004565873088419047932, -18.90477847243651865 ) ) ;
#1444 = EDGE_LOOP ( 'NONE', ( #2237, #2060, #1307, #1716 ) ) ;
#1445 = AXIS2_PLACEMENT_3D ( 'NONE', #196, #2712, #3231 ) ;
#1446 = VECTOR ( 'NONE', #1902, 999.9999999999998863 ) ;
#1447 = CYLINDRICAL_SURFACE ( 'NONE', #1376, 9.749999999999992895 ) ;
#1448 = CARTESIAN_POINT ( 'NONE',  ( -10.00001871299999223, -78.85332960848853645, -10.41740174237240701 ) ) ;
#1449 = CIRCLE ( 'NONE', #1509, 2.500000000000000000 ) ;
#1450 = CARTESIAN_POINT ( 'NONE',  ( 9.999981286974565009, 10.23915523337547562, -28.27826850985087503 ) ) ;
#1451 = ORIENTED_EDGE ( 'NONE', *, *, #2926, .T. ) ;
#1452 = AXIS2_PLACEMENT_3D ( 'NONE', #634, #82, #1469 ) ;
#1453 = CARTESIAN_POINT ( 'NONE',  ( -1.871300003841724902E-05, -14.85582060497919699, 12.74351970800613465 ) ) ;
#1454 = EDGE_LOOP ( 'NONE', ( #1451, #654, #1999, #2459 ) ) ;
#1455 = VECTOR ( 'NONE', #1748, 1000.000000000000000 ) ;
#1456 = EDGE_CURVE ( 'NONE', #1366, #3416, #1565, .T. ) ;
#1457 = DIRECTION ( 'NONE',  ( 5.773159728050820321E-15, -6.358310602959382773E-05, 0.9999999979785942905 ) ) ;
#1458 = ADVANCED_FACE ( 'NONE', ( #2838 ), #3156, .T. ) ;
#1459 = CC_DESIGN_DATE_AND_TIME_ASSIGNMENT ( #333, #1462, ( #2361 ) ) ;
#1460 = CARTESIAN_POINT ( 'NONE',  ( -1.871300936429065587E-05, 40.79430914138196584, -10.40979417345580593 ) ) ;
#1461 = VERTEX_POINT ( 'NONE', #2807 ) ;
#1462 = DATE_TIME_ROLE ( 'creation_date' ) ;
#1463 = CARTESIAN_POINT ( 'NONE',  ( 9.999981286975105021, 8.379519793256983817, 28.87747360734451973 ) ) ;
#1464 = ORIENTED_EDGE ( 'NONE', *, *, #689, .F. ) ;
#1465 = FACE_OUTER_BOUND ( 'NONE', #3305, .T. ) ;
#1466 = ORIENTED_EDGE ( 'NONE', *, *, #1603, .T. ) ;
#1467 = FACE_OUTER_BOUND ( 'NONE', #2736, .T. ) ;
#1468 = DIRECTION ( 'NONE',  ( 1.000000000000000000, 2.275957200481570908E-13, -5.898059818321144121E-15 ) ) ;
#1469 = DIRECTION ( 'NONE',  ( 1.000000000000000000, 0.000000000000000000, -5.551115123125782702E-15 ) ) ;
#1470 = ORIENTED_EDGE ( 'NONE', *, *, #356, .T. ) ;
#1471 = CARTESIAN_POINT ( 'NONE',  ( 2.499981286976982187, 100.7930055658513879, 10.09402077102084050 ) ) ;
#1472 = VERTEX_POINT ( 'NONE', #2823 ) ;
#1473 = CYLINDRICAL_SURFACE ( 'NONE', #3203, 2.500000000000000000 ) ;
#1474 = CARTESIAN_POINT ( 'NONE',  ( -2.500018713023077765, 100.7940121623729084, -5.737174280118967573 ) ) ;
#1475 = EDGE_CURVE ( 'NONE', #931, #2630, #1171, .T. ) ;
#1476 = DIRECTION ( 'NONE',  ( 1.000000000000000000, 1.140928651988812041E-13, -5.765905360978580273E-15 ) ) ;
#1477 = ORIENTED_EDGE ( 'NONE', *, *, #2052, .F. ) ;
#1478 = DIRECTION ( 'NONE',  ( -1.139961141356187699E-13, 0.9987717903683451803, -0.04954705606199367313 ) ) ;
#1479 = EDGE_CURVE ( 'NONE', #108, #2349, #98, .T. ) ;
#1480 = PLANE ( 'NONE',  #906 ) ;
#1481 = ORIENTED_EDGE ( 'NONE', *, *, #205, .T. ) ;
#1482 = CARTESIAN_POINT ( 'NONE',  ( 9.999981286981984852, 78.84311791709860984, -10.40737491242865786 ) ) ;
#1483 = VERTEX_POINT ( 'NONE', #27 ) ;
#1484 = FACE_OUTER_BOUND ( 'NONE', #3099, .T. ) ;
#1485 = CARTESIAN_POINT ( 'NONE',  ( 9.999981286993421037, 28.59246629200526257, -0.1605699836076945886 ) ) ;
#1486 = EDGE_LOOP ( 'NONE', ( #2395, #1773 ) ) ;
#1487 = DIRECTION ( 'NONE',  ( 5.773159728019287184E-15, -6.358310577535970754E-05, 0.9999999979785945126 ) ) ;
#1488 = ORIENTED_EDGE ( 'NONE', *, *, #3582, .T. ) ;
#1489 = DIRECTION ( 'NONE',  ( 1.000000000000000000, 0.000000000000000000, -5.551115123125782702E-15 ) ) ;
#1490 = VECTOR ( 'NONE', #370, 1000.000000000000227 ) ;
#1491 = DIRECTION ( 'NONE',  ( 5.773159768385717012E-15, -6.358310602977820987E-05, 0.9999999979785942905 ) ) ;
#1492 = VERTEX_POINT ( 'NONE', #3130 ) ;
#1493 = CARTESIAN_POINT ( 'NONE',  ( -2.500018713018470340, 80.79401220369832970, -5.738445942680164613 ) ) ;
#1494 = EDGE_CURVE ( 'NONE', #407, #3283, #1679, .T. ) ;
#1495 = ORIENTED_EDGE ( 'NONE', *, *, #102, .F. ) ;
#1496 = DIRECTION ( 'NONE',  ( -5.773159728048290444E-15, 6.358310602959382773E-05, -0.9999999979785942905 ) ) ;
#1497 = VERTEX_POINT ( 'NONE', #615 ) ;
#1498 = FACE_BOUND ( 'NONE', #941, .T. ) ;
#1499 = VECTOR ( 'NONE', #2263, 999.9999999999998863 ) ;
#1500 = CIRCLE ( 'NONE', #1021, 2.500000000000000000 ) ;
#1501 = CIRCLE ( 'NONE', #3071, 2.500000000000000000 ) ;
#1502 = AXIS2_PLACEMENT_3D ( 'NONE', #195, #2978, #3477 ) ;
#1503 = DIRECTION ( 'NONE',  ( 1.000000000000000000, 2.275957200481570908E-13, -5.551115123125782702E-15 ) ) ;
#1504 = VERTEX_POINT ( 'NONE', #1471 ) ;
#1505 = CYLINDRICAL_SURFACE ( 'NONE', #144, 30.00000000000001066 ) ;
#1506 = VECTOR ( 'NONE', #2088, 1000.000000000000227 ) ;
#1507 = FACE_OUTER_BOUND ( 'NONE', #2276, .T. ) ;
#1508 = AXIS2_PLACEMENT_3D ( 'NONE', #2187, #1112, #3337 ) ;
#1509 = AXIS2_PLACEMENT_3D ( 'NONE', #691, #428, #122 ) ;
#1510 = EDGE_LOOP ( 'NONE', ( #1313, #1803 ) ) ;
#1511 = CARTESIAN_POINT ( 'NONE',  ( 9.999981286976671768, -8.254635480294600924, -28.92371798479149092 ) ) ;
#1512 = VERTEX_POINT ( 'NONE', #2582 ) ;
#1513 = VECTOR ( 'NONE', #940, 1000.000000000000227 ) ;
#1514 = CALENDAR_DATE ( 2026, 12, 7 ) ;
#1515 = EDGE_CURVE ( 'NONE', #306, #1504, #2259, .T. ) ;
#1516 = DIRECTION ( 'NONE',  ( -5.773159728019287184E-15, 6.358310577535970754E-05, -0.9999999979785945126 ) ) ;
#1517 = VERTEX_POINT ( 'NONE', #1300 ) ;
#1518 = FACE_OUTER_BOUND ( 'NONE', #3329, .T. ) ;
#1519 = EDGE_CURVE ( 'NONE', #427, #2661, #1449, .T. ) ;
#1520 = ORIENTED_EDGE ( 'NONE', *, *, #1737, .F. ) ;
#1521 = CYLINDRICAL_SURFACE ( 'NONE', #3250, 2.500000000000000000 ) ;
#1522 = EDGE_CURVE ( 'NONE', #293, #2105, #2408, .T. ) ;
#1523 = CARTESIAN_POINT ( 'NONE',  ( 9.999981286974138683, 14.05384173410189241, -26.58823709402757629 ) ) ;
#1524 = EDGE_CURVE ( 'NONE', #1925, #3625, #1906, .T. ) ;
#1525 = ORIENTED_EDGE ( 'NONE', *, *, #1867, .T. ) ;
#1526 = DIRECTION ( 'NONE',  ( 1.000000000000000000, 0.000000000000000000, -5.898059818321144121E-15 ) ) ;
#1527 = CARTESIAN_POINT ( 'NONE',  ( -1.871301619216225731E-05, 70.79401222383744141, -5.739081773486226723 ) ) ;
#1528 = ORIENTED_EDGE ( 'NONE', *, *, #3087, .F. ) ;
#1529 = FACE_BOUND ( 'NONE', #1055, .T. ) ;
#1530 = ORIENTED_EDGE ( 'NONE', *, *, #28, .T. ) ;
#1531 = DIRECTION ( 'NONE',  ( -1.139961141557037492E-13, 0.9987717903683451803, -0.04954705606199364537 ) ) ;
#1532 = DIRECTION ( 'NONE',  ( 5.773159728048290444E-15, -6.358310602959382773E-05, 0.9999999979785942905 ) ) ;
#1533 = ORIENTED_EDGE ( 'NONE', *, *, #3449, .F. ) ;
#1534 = CARTESIAN_POINT ( 'NONE',  ( -2.500018713000040638, -80.80481760932603663, -5.748720898210657460 ) ) ;
#1535 = ORIENTED_EDGE ( 'NONE', *, *, #1292, .F. ) ;
#1536 = FACE_OUTER_BOUND ( 'NONE', #2581, .T. ) ;
#1537 = LINE ( 'NONE', #2717, #448 ) ;
#1538 = FACE_BOUND ( 'NONE', #3006, .T. ) ;
#1539 = B_SPLINE_CURVE_WITH_KNOTS ( 'NONE', 3,
 ( #3488, #3511, #3526, #2396, #3267, #1249, #1511, #1003, #968, #112 ),
 .UNSPECIFIED., .F., .F.,
 ( 4, 2, 2, 2, 4 ),
 ( 0.000000000000000000, 0.2500000000000001110, 0.5000000000000002220, 0.7500000000000001110, 1.000000000000000000 ),
 .UNSPECIFIED. ) ;
#1540 = EDGE_CURVE ( 'NONE', #2449, #2957, #1284, .T. ) ;
#1541 = CYLINDRICAL_SURFACE ( 'NONE', #1905, 30.00000000000001066 ) ;
#1542 = EDGE_CURVE ( 'NONE', #1172, #2909, #2899, .T. ) ;
#1543 = VERTEX_POINT ( 'NONE', #2044 ) ;
#1544 = DIRECTION ( 'NONE',  ( 1.000000000000000000, 1.140928651987658915E-13, -5.765905360978585006E-15 ) ) ;
#1545 = EDGE_LOOP ( 'NONE', ( #956, #2774 ) ) ;
#1546 = PERSON_AND_ORGANIZATION ( #1346, #480 ) ;
#1547 = VECTOR ( 'NONE', #2929, 999.9999999999998863 ) ;
#1548 = CARTESIAN_POINT ( 'NONE',  ( -10.00001871299671663, -28.60341518187228971, -9.069955884594998352 ) ) ;
#1549 = FACE_OUTER_BOUND ( 'NONE', #795, .T. ) ;
#1550 = ORIENTED_EDGE ( 'NONE', *, *, #2693, .F. ) ;
#1551 = LINE ( 'NONE', #993, #1311 ) ;
#1552 = EDGE_LOOP ( 'NONE', ( #642, #461, #3604, #1588 ) ) ;
#1553 = CARTESIAN_POINT ( 'NONE',  ( -2.500018713000040638, -50.80481766974156699, -5.746813404274658588 ) ) ;
#1554 = CARTESIAN_POINT ( 'NONE',  ( -2.500018713018470340, 80.79300560712601964, 10.09274910945842585 ) ) ;
#1555 = DIRECTION ( 'NONE',  ( 1.000000000000000000, 1.140928651987716975E-13, -5.765905360978588951E-15 ) ) ;
#1556 = AXIS2_PLACEMENT_3D ( 'NONE', #375, #2623, #3508 ) ;
#1557 = CIRCLE ( 'NONE', #1727, 2.500000000000000000 ) ;
#1558 = CARTESIAN_POINT ( 'NONE',  ( 9.999981286985260454, 22.21421710399690141, -20.16097557311577404 ) ) ;
#1559 = ORIENTED_EDGE ( 'NONE', *, *, #1456, .F. ) ;
#1560 = VECTOR ( 'NONE', #2012, 1000.000000000000227 ) ;
#1561 = CARTESIAN_POINT ( 'NONE',  ( 9.999981286990644591, -22.50768590552690185, 19.83618095046965735 ) ) ;
#1562 = EDGE_LOOP ( 'NONE', ( #2170, #1643, #2043, #1865 ) ) ;
#1563 = EDGE_CURVE ( 'NONE', #1366, #1880, #927, .T. ) ;
#1564 = VECTOR ( 'NONE', #872, 1000.000000000000227 ) ;
#1565 = CIRCLE ( 'NONE', #268, 2.500000000000000000 ) ;
#1566 = EDGE_CURVE ( 'NONE', #527, #1925, #722, .T. ) ;
#1567 = FACE_BOUND ( 'NONE', #988, .T. ) ;
#1568 = AXIS2_PLACEMENT_3D ( 'NONE', #3226, #2689, #2133 ) ;
#1569 = DIRECTION ( 'NONE',  ( 1.000000000000000000, 1.140928651987716975E-13, -5.765905360958373601E-15 ) ) ;
#1570 = ORIENTED_EDGE ( 'NONE', *, *, #3268, .T. ) ;
#1571 = AXIS2_PLACEMENT_3D ( 'NONE', #649, #1768, #341 ) ;
#1572 = DIRECTION ( 'NONE',  ( 5.773159728048290444E-15, -6.358310602959382773E-05, 0.9999999979785942905 ) ) ;
#1573 = EDGE_LOOP ( 'NONE', ( #3386, #1036 ) ) ;
#1574 = CARTESIAN_POINT ( 'NONE',  ( -1.871302723888135233E-05, 119.3418143814096481, 10.09520016250536933 ) ) ;
#1575 = FACE_OUTER_BOUND ( 'NONE', #2309, .T. ) ;
#1576 = CARTESIAN_POINT ( 'NONE',  ( -1.871300003841724902E-05, -0.005717094161389324469, -0.004778506825398043389 ) ) ;
#1577 = CARTESIAN_POINT ( 'NONE',  ( -10.00001871299999223, -0.007102839134326410786, 20.99522144696644332 ) ) ;
#1578 = ORIENTED_EDGE ( 'NONE', *, *, #1805, .F. ) ;
#1579 = FACE_OUTER_BOUND ( 'NONE', #1387, .T. ) ;
#1580 = EDGE_LOOP ( 'NONE', ( #2621, #2507, #1639, #3375 ) ) ;
#1581 = PERSON_AND_ORGANIZATION ( #1346, #480 ) ;
#1582 = ADVANCED_FACE ( 'NONE', ( #962 ), #1505, .T. ) ;
#1583 = FACE_BOUND ( 'NONE', #2046, .T. ) ;
#1584 = LINE ( 'NONE', #1598, #29 ) ;
#1585 = ORIENTED_EDGE ( 'NONE', *, *, #971, .T. ) ;
#1586 = EDGE_CURVE ( 'NONE', #2364, #186, #3170, .T. ) ;
#1587 = LINE ( 'NONE', #1817, #1547 ) ;
#1588 = ORIENTED_EDGE ( 'NONE', *, *, #2639, .T. ) ;
#1589 = DIRECTION ( 'NONE',  ( 1.000000000000000000, 2.275957200481570908E-13, -5.898059818321144121E-15 ) ) ;
#1590 = ORIENTED_EDGE ( 'NONE', *, *, #1741, .F. ) ;
#1591 = CYLINDRICAL_SURFACE ( 'NONE', #1798, 2.500000000000000000 ) ;
#1592 = DIRECTION ( 'NONE',  ( -6.666234944198022064E-15, 6.358310602959384129E-05, -0.9999999979785944015 ) ) ;
#1593 = CARTESIAN_POINT ( 'NONE',  ( 9.999981286999970465, 14.84253062033663539, 14.84540802537270920 ) ) ;
#1594 = DIRECTION ( 'NONE',  ( 1.000000000000000000, 1.140928651987716975E-13, -5.765905360958373601E-15 ) ) ;
#1595 = VERTEX_POINT ( 'NONE', #2688 ) ;
#1596 = DATE_TIME_ROLE ( 'classification_date' ) ;
#1597 = CARTESIAN_POINT ( 'NONE',  ( 2.499981286999963803, -70.80644416080433245, 19.83310996506831714 ) ) ;
#1598 = CARTESIAN_POINT ( 'NONE',  ( -2.500018713018470340, 80.79401220369832970, -5.738445942680164613 ) ) ;
#1599 = ORIENTED_EDGE ( 'NONE', *, *, #3223, .F. ) ;
#1600 = AXIS2_PLACEMENT_3D ( 'NONE', #1781, #392, #900 ) ;
#1601 = VERTEX_POINT ( 'NONE', #2061 ) ;
#1602 = DIRECTION ( 'NONE',  ( 1.000000000000000000, 0.000000000000000000, -5.551115123125782702E-15 ) ) ;
#1603 = EDGE_CURVE ( 'NONE', #3416, #1347, #2113, .T. ) ;
#1604 = EDGE_CURVE ( 'NONE', #3625, #1925, #2189, .T. ) ;
#1605 = FACE_OUTER_BOUND ( 'NONE', #2756, .T. ) ;
#1606 = EDGE_LOOP ( 'NONE', ( #515, #3030, #2258, #807 ) ) ;
#1607 = ADVANCED_FACE ( 'NONE', ( #1790 ), #2936, .F. ) ;
#1608 = CARTESIAN_POINT ( 'NONE',  ( -10.00001871299999223, -28.60463316393618882, 10.08579326743805282 ) ) ;
#1609 = CIRCLE ( 'NONE', #256, 2.500000000000000000 ) ;
#1610 = DIRECTION ( 'NONE',  ( 1.000000000000000000, 2.275957200481570908E-13, -5.551115123125782702E-15 ) ) ;
#1611 = LINE ( 'NONE', #1039, #1153 ) ;
#1612 = CIRCLE ( 'NONE', #3368, 2.500000000000000000 ) ;
#1613 = AXIS2_PLACEMENT_3D ( 'NONE', #3328, #1384, #2255 ) ;
#1614 = EDGE_LOOP ( 'NONE', ( #1326, #1740, #1194, #511 ) ) ;
#1615 = APPROVAL_ROLE ( '' ) ;
#1616 = VECTOR ( 'NONE', #1976, 1000.000000000000227 ) ;
#1617 = CIRCLE ( 'NONE', #2132, 2.500000000000000000 ) ;
#1618 = CARTESIAN_POINT ( 'NONE',  ( -1.871300003841724902E-05, -40.80481768992966352, -5.746177573961369411 ) ) ;
#1619 = CARTESIAN_POINT ( 'NONE',  ( 9.999981286999970465, 20.99423236432998507, -0.003443264987440519675 ) ) ;
#1620 = ORIENTED_EDGE ( 'NONE', *, *, #2178, .F. ) ;
#1621 = CIRCLE ( 'NONE', #3085, 2.099999999630000502 ) ;
#1622 = AXIS2_PLACEMENT_3D ( 'NONE', #2385, #680, #2659 ) ;
#1623 = ORIENTED_EDGE ( 'NONE', *, *, #1519, .T. ) ;
#1624 = CIRCLE ( 'NONE', #1969, 2.500000000000000000 ) ;
#1625 = VECTOR ( 'NONE', #467, 999.9999999999998863 ) ;
#1626 = DIRECTION ( 'NONE',  ( -5.773159728048290444E-15, 6.358310602959382773E-05, -0.9999999979785942905 ) ) ;
#1627 = AXIS2_PLACEMENT_3D ( 'NONE', #2442, #156, #1283 ) ;
#1628 = ADVANCED_FACE ( 'NONE', ( #2079, #984, #3225, #1822, #411, #1538, #3240, #2651 ), #2948, .T. ) ;
#1629 = DIRECTION ( 'NONE',  ( -5.773159728048290444E-15, 6.358310602959382773E-05, -0.9999999979785942905 ) ) ;
#1630 = EDGE_LOOP ( 'NONE', ( #1816, #2794, #2329, #1059 ) ) ;
#1631 = EDGE_CURVE ( 'NONE', #3031, #1919, #1784, .T. ) ;
#1632 = DIRECTION ( 'NONE',  ( 1.000000000000000000, 0.000000000000000000, -5.898059818321144121E-15 ) ) ;
#1633 = EDGE_CURVE ( 'NONE', #1517, #3088, #730, .T. ) ;
#1634 = DIRECTION ( 'NONE',  ( 1.000000000000000000, 1.140928651987716975E-13, -5.765905360978588951E-15 ) ) ;
#1635 = LINE ( 'NONE', #68, #2916 ) ;
#1636 = VERTEX_POINT ( 'NONE', #2671 ) ;
#1637 = CARTESIAN_POINT ( 'NONE',  ( -10.00001871299999223, -119.3546329801439612, 10.08002310098357590 ) ) ;
#1638 = DIRECTION ( 'NONE',  ( 1.000000000000000000, 1.146385070198289861E-13, -5.632778733843049718E-15 ) ) ;
#1639 = ORIENTED_EDGE ( 'NONE', *, *, #685, .T. ) ;
#1640 = CARTESIAN_POINT ( 'NONE',  ( -1.871300003841724902E-05, -50.80644420108137638, 19.83438162769235547 ) ) ;
#1641 = ORIENTED_EDGE ( 'NONE', *, *, #145, .F. ) ;
#1642 = CARTESIAN_POINT ( 'NONE',  ( 2.499981286986086015, 60.79430910105590158, -10.40852251084495350 ) ) ;
#1643 = ORIENTED_EDGE ( 'NONE', *, *, #2271, .F. ) ;
#1644 = PLANE ( 'NONE',  #2958 ) ;
#1645 = CARTESIAN_POINT ( 'NONE',  ( -3.333352046330617657, -22.50773640480686666, 19.83618094725883907 ) ) ;
#1646 = CARTESIAN_POINT ( 'NONE',  ( -1.871300003841724902E-05, 14.84441894273622076, -14.85307672445837568 ) ) ;
#1647 = DIRECTION ( 'NONE',  ( 1.000000000000000000, 1.136246990803926310E-13, -5.683200943165883762E-15 ) ) ;
#1648 = DIRECTION ( 'NONE',  ( 5.773159728021815483E-15, -6.358310577535969399E-05, 0.9999999979785942905 ) ) ;
#1649 = EDGE_CURVE ( 'NONE', #1910, #2252, #3021, .T. ) ;
#1650 = ORIENTED_EDGE ( 'NONE', *, *, #880, .T. ) ;
#1651 = DIRECTION ( 'NONE',  ( 1.000000000000000000, 1.140928651987716975E-13, -5.765905360978588951E-15 ) ) ;
#1652 = DIRECTION ( 'NONE',  ( 5.773159728048290444E-15, -6.358310602959382773E-05, 0.9999999979785942905 ) ) ;
#1653 = ORIENTED_EDGE ( 'NONE', *, *, #1515, .F. ) ;
#1654 = CARTESIAN_POINT ( 'NONE',  ( -2.500018713020746297, 90.79238565117772453, 19.84338492109155538 ) ) ;
#1655 = ORIENTED_EDGE ( 'NONE', *, *, #672, .T. ) ;
#1656 = VECTOR ( 'NONE', #715, 999.9999999999998863 ) ;
#1657 = FACE_BOUND ( 'NONE', #1736, .T. ) ;
#1658 = VERTEX_POINT ( 'NONE', #2967 ) ;
#1659 = CARTESIAN_POINT ( 'NONE',  ( -10.00001871299999223, -129.1033295066816322, -10.42059679249279824 ) ) ;
#1660 = DIRECTION ( 'NONE',  ( 1.000000000000000000, 0.000000000000000000, -5.898059818321144121E-15 ) ) ;
#1661 = DIRECTION ( 'NONE',  ( 5.773159728048290444E-15, -6.358310602959382773E-05, 0.9999999979785942905 ) ) ;
#1662 = CARTESIAN_POINT ( 'NONE',  ( -1.871301391620505683E-05, 60.79401224397587811, -5.739717604292287945 ) ) ;
#1663 = DIRECTION ( 'NONE',  ( -1.000000000000000000, -1.142700390904803022E-13, 5.660036063279437849E-15 ) ) ;
#1664 = VERTEX_POINT ( 'NONE', #3295 ) ;
#1665 = ORIENTED_EDGE ( 'NONE', *, *, #3582, .F. ) ;
#1666 = CIRCLE ( 'NONE', #2779, 2.500000000000000000 ) ;
#1667 = CARTESIAN_POINT ( 'NONE',  ( 9.999981286999970465, -14.85595412944490334, 14.84351970397185205 ) ) ;
#1668 = EDGE_CURVE ( 'NONE', #1076, #3552, #3433, .T. ) ;
#1669 = LINE ( 'NONE', #2216, #1786 ) ;
#1670 = EDGE_LOOP ( 'NONE', ( #825, #3214, #2417, #3348 ) ) ;
#1671 = CIRCLE ( 'NONE', #2609, 2.500000000000000000 ) ;
#1672 = AXIS2_PLACEMENT_3D ( 'NONE', #1858, #478, #1602 ) ;
#1673 = ADVANCED_FACE ( 'NONE', ( #465 ), #2760, .F. ) ;
#1674 = EDGE_LOOP ( 'NONE', ( #1991, #1789, #3478, #841 ) ) ;
#1675 = CYLINDRICAL_SURFACE ( 'NONE', #3374, 2.500000000000000000 ) ;
#1676 = CIRCLE ( 'NONE', #323, 2.500000000000000000 ) ;
#1677 = AXIS2_PLACEMENT_3D ( 'NONE', #1743, #1992, #2863 ) ;
#1678 = AXIS2_PLACEMENT_3D ( 'NONE', #1396, #2762, #1069 ) ;
#1679 = CIRCLE ( 'NONE', #2141, 2.099999999999999645 ) ;
#1680 = DIRECTION ( 'NONE',  ( 1.000000000000000000, 2.275957200481570908E-13, -5.551115123125782702E-15 ) ) ;
#1681 = ORIENTED_EDGE ( 'NONE', *, *, #1563, .F. ) ;
#1682 = CARTESIAN_POINT ( 'NONE',  ( -2.500018713000040638, -70.80481762946452307, -5.748085066898639184 ) ) ;
#1683 = DIRECTION ( 'NONE',  ( 5.773159728050820321E-15, -6.358310602959382773E-05, 0.9999999979785942905 ) ) ;
#1684 = CIRCLE ( 'NONE', #100, 2.500000000000000000 ) ;
#1685 = CYLINDRICAL_SURFACE ( 'NONE', #625, 2.099999999999997868 ) ;
#1686 = CARTESIAN_POINT ( 'NONE',  ( -10.00001871299986256, -2.088858632424911210, -30.00491452871092335 ) ) ;
#1687 = AXIS2_PLACEMENT_3D ( 'NONE', #1051, #1298, #447 ) ;
#1688 = DIRECTION ( 'NONE',  ( 5.773159728048290444E-15, -6.358310602959382773E-05, 0.9999999979785942905 ) ) ;
#1689 = ORIENTED_EDGE ( 'NONE', *, *, #751, .T. ) ;
#1690 = DIRECTION ( 'NONE',  ( 1.000000000000000000, 0.000000000000000000, -5.898059818321144121E-15 ) ) ;
#1691 = CARTESIAN_POINT ( 'NONE',  ( -2.500018713000040638, -100.8064441003392062, 19.83120247213107490 ) ) ;
#1692 = ORIENTED_EDGE ( 'NONE', *, *, #1130, .T. ) ;
#1693 = ORIENTED_EDGE ( 'NONE', *, *, #1479, .T. ) ;
#1694 = CARTESIAN_POINT ( 'NONE',  ( -1.871300003841724902E-05, -70.80582422599943015, 10.08310998523992374 ) ) ;
#1695 = EDGE_CURVE ( 'NONE', #1086, #925, #1501, .T. ) ;
#1696 = EDGE_LOOP ( 'NONE', ( #1434, #3276 ) ) ;
#1697 = CARTESIAN_POINT ( 'NONE',  ( -2.500018713000040638, -90.80582418572238623, 10.08183832261591562 ) ) ;
#1698 = ORIENTED_EDGE ( 'NONE', *, *, #2226, .T. ) ;
#1699 = DIRECTION ( 'NONE',  ( -1.142524438789659999E-13, 0.9999999979785944015, 6.358310602959384129E-05 ) ) ;
#1700 = DIRECTION ( 'NONE',  ( 1.000000000000000000, 0.000000000000000000, -5.898059818321144121E-15 ) ) ;
#1701 = FACE_BOUND ( 'NONE', #3388, .T. ) ;
#1702 = DIRECTION ( 'NONE',  ( 1.000000000000000000, 2.275957200481570908E-13, -5.551115123125782702E-15 ) ) ;
#1703 = CARTESIAN_POINT ( 'NONE',  ( -2.500018713000040638, -100.8045207108453098, -10.41879746643811799 ) ) ;
#1704 = ORIENTED_EDGE ( 'NONE', *, *, #815, .F. ) ;
#1705 = CARTESIAN_POINT ( 'NONE',  ( 2.499981286999963803, -40.80644422126944448, 19.83501745800558780 ) ) ;
#1706 = CARTESIAN_POINT ( 'NONE',  ( -1.871300936429065587E-05, 40.79238575197010874, 19.84020576506376088 ) ) ;
#1707 = ORIENTED_EDGE ( 'NONE', *, *, #3105, .T. ) ;
#1708 = DIRECTION ( 'NONE',  ( 1.000000000000000000, 2.275957200481570908E-13, -5.551115123125782702E-15 ) ) ;
#1709 = EDGE_LOOP ( 'NONE', ( #2379, #3342, #2318, #378 ) ) ;
#1710 = CARTESIAN_POINT ( 'NONE',  ( 9.999981286999970465, -14.85419933151105276, -12.75496504989354030 ) ) ;
#1711 = ORIENTED_EDGE ( 'NONE', *, *, #3628, .T. ) ;
#1712 = CARTESIAN_POINT ( 'NONE',  ( -1.871300003841724902E-05, -90.80644412047774949, 19.83183830344309584 ) ) ;
#1713 = DIRECTION ( 'NONE',  ( 1.000000000000000000, 0.000000000000000000, -5.898059818321144121E-15 ) ) ;
#1714 = CARTESIAN_POINT ( 'NONE',  ( 2.499981286999963803, -90.80390079622846145, -20.16816161595327728 ) ) ;
#1715 = EDGE_CURVE ( 'NONE', #2349, #2069, #2167, .T. ) ;
#1716 = ORIENTED_EDGE ( 'NONE', *, *, #2917, .T. ) ;
#1717 = DIRECTION ( 'NONE',  ( -1.139961141356187699E-13, 0.9987717903683451803, -0.04954705606199349965 ) ) ;
#1718 = ORIENTED_EDGE ( 'NONE', *, *, #3223, .T. ) ;
#1719 = DIRECTION ( 'NONE',  ( 1.000000000000000000, 1.140928651987677343E-13, -5.765905360900555619E-15 ) ) ;
#1720 = CARTESIAN_POINT ( 'NONE',  ( -1.871300003841724902E-05, 20.99423236432998507, -0.003443264987440519675 ) ) ;
#1721 = ORIENTED_EDGE ( 'NONE', *, *, #3470, .T. ) ;
#1722 = COORDINATED_UNIVERSAL_TIME_OFFSET ( 3, 30, .AHEAD. ) ;
#1723 = AXIS2_PLACEMENT_3D ( 'NONE', #1091, #2262, #2988 ) ;
#1724 = DIRECTION ( 'NONE',  ( -5.773159728019287184E-15, 6.358310577535970754E-05, -0.9999999979785945126 ) ) ;
#1725 = ORIENTED_EDGE ( 'NONE', *, *, #1777, .T. ) ;
#1726 = VECTOR ( 'NONE', #3187, 999.9999999999998863 ) ;
#1727 = AXIS2_PLACEMENT_3D ( 'NONE', #1909, #1421, #3032 ) ;
#1728 = CARTESIAN_POINT ( 'NONE',  ( -10.00001871301797784, 78.84311791709400552, -10.40737491242868451 ) ) ;
#1729 = EDGE_LOOP ( 'NONE', ( #1207, #223, #1755, #3246 ) ) ;
#1730 = AXIS2_PLACEMENT_3D ( 'NONE', #1362, #290, #525 ) ;
#1731 = AXIS2_PLACEMENT_3D ( 'NONE', #1618, #3358, #1690 ) ;
#1732 = CARTESIAN_POINT ( 'NONE',  ( -1.871302074407665827E-05, 90.79401218351077318, -5.737810110875346759 ) ) ;
#1733 = DIRECTION ( 'NONE',  ( 5.773159728050820321E-15, -6.358310602959382773E-05, 0.9999999979785942905 ) ) ;
#1734 = AXIS2_PLACEMENT_3D ( 'NONE', #492, #3571, #2546 ) ;
#1735 = CARTESIAN_POINT ( 'NONE',  ( 9.999981286970493599, 129.0918143616894440, 10.09582009728660168 ) ) ;
#1736 = EDGE_LOOP ( 'NONE', ( #291, #1927 ) ) ;
#1737 = EDGE_CURVE ( 'NONE', #3274, #1595, #611, .T. ) ;
#1738 = CIRCLE ( 'NONE', #976, 2.500000000000000000 ) ;
#1739 = DIRECTION ( 'NONE',  ( 5.773159768385721745E-15, -6.358310602959393616E-05, 0.9999999979785942905 ) ) ;
#1740 = ORIENTED_EDGE ( 'NONE', *, *, #2639, .F. ) ;
#1741 = EDGE_CURVE ( 'NONE', #1211, #2500, #1612, .T. ) ;
#1742 = DIRECTION ( 'NONE',  ( 1.000000000000000000, 2.275957200481570908E-13, -5.551115123125782702E-15 ) ) ;
#1743 = CARTESIAN_POINT ( 'NONE',  ( -1.871301619216225731E-05, 70.79430908091686092, -10.40788668003886386 ) ) ;
#1744 = CARTESIAN_POINT ( 'NONE',  ( -10.00001871299766698, -20.82218835218695574, -21.70791073162109797 ) ) ;
#1745 = EDGE_LOOP ( 'NONE', ( #2326, #895, #3569, #2982 ) ) ;
#1746 = CARTESIAN_POINT ( 'NONE',  ( 9.999981286973801176, 19.52050640532987558, 22.86924672490873078 ) ) ;
#1747 = VERTEX_POINT ( 'NONE', #1016 ) ;
#1748 = DIRECTION ( 'NONE',  ( 1.000000000000000000, 1.135472064529175003E-13, -5.632848122122710662E-15 ) ) ;
#1749 = EDGE_LOOP ( 'NONE', ( #157, #936 ) ) ;
#1750 = FACE_BOUND ( 'NONE', #2877, .T. ) ;
#1751 = DIRECTION ( 'NONE',  ( 1.000000000000000000, 2.275957200481570908E-13, -5.551115123125782702E-15 ) ) ;
#1752 = CARTESIAN_POINT ( 'NONE',  ( -2.500018713018470340, 80.79238567136584948, 19.84274908928676595 ) ) ;
#1753 = VERTEX_POINT ( 'NONE', #3610 ) ;
#1754 = CARTESIAN_POINT ( 'NONE',  ( -1.871302302003385876E-05, 100.7930055658508337, 10.09402077102084050 ) ) ;
#1755 = ORIENTED_EDGE ( 'NONE', *, *, #2155, .T. ) ;
#1756 = CARTESIAN_POINT ( 'NONE',  ( -1.871301164024785635E-05, 50.79238573178193406, 19.84084159686857873 ) ) ;
#1757 = EDGE_CURVE ( 'NONE', #2713, #2402, #1263, .T. ) ;
#1758 = CARTESIAN_POINT ( 'NONE',  ( 2.499981286999963803, -50.80452081263578634, -10.41561831182607989 ) ) ;
#1759 = ORIENTED_EDGE ( 'NONE', *, *, #1060, .F. ) ;
#1760 = EDGE_CURVE ( 'NONE', #3487, #57, #259, .T. ) ;
#1761 = CARTESIAN_POINT ( 'NONE',  ( 0.000000000000000000, 0.000000000000000000, 0.000000000000000000 ) ) ;
#1762 = DIRECTION ( 'NONE',  ( -5.773159728048293600E-15, 6.358310602959384129E-05, -0.9999999979785944015 ) ) ;
#1763 = VERTEX_POINT ( 'NONE', #1929 ) ;
#1764 = EDGE_CURVE ( 'NONE', #647, #2214, #3537, .T. ) ;
#1765 = DIRECTION ( 'NONE',  ( -8.837868141547774319E-14, 0.7406661565851795359, -0.6718732354316091504 ) ) ;
#1766 = EDGE_LOOP ( 'NONE', ( #2996, #2568 ) ) ;
#1767 = DIRECTION ( 'NONE',  ( 1.145559783346728615E-13, -0.9999999979785942905, -6.358310602956220969E-05 ) ) ;
#1768 = DIRECTION ( 'NONE',  ( 1.000000000000000000, 1.140928651987716975E-13, -5.765905360978588951E-15 ) ) ;
#1769 = EDGE_LOOP ( 'NONE', ( #2206, #1559 ) ) ;
#1770 = DIRECTION ( 'NONE',  ( -1.139961141356187699E-13, 0.9987717903683451803, -0.04954705606199349965 ) ) ;
#1771 = ADVANCED_FACE ( 'NONE', ( #3260 ), #1354, .F. ) ;
#1772 = DIRECTION ( 'NONE',  ( 5.773159728048290444E-15, -6.358310602959382773E-05, 0.9999999979785942905 ) ) ;
#1773 = ORIENTED_EDGE ( 'NONE', *, *, #2819, .F. ) ;
#1774 = CARTESIAN_POINT ( 'NONE',  ( -1.871300003841724902E-05, -100.8048175680006722, -5.749992559885452437 ) ) ;
#1775 = ORIENTED_EDGE ( 'NONE', *, *, #1316, .T. ) ;
#1776 = DATE_AND_TIME ( #1514, #75 ) ;
#1777 = EDGE_CURVE ( 'NONE', #2296, #3423, #1838, .T. ) ;
#1778 = DIRECTION ( 'NONE',  ( -1.140924983539790171E-13, 0.9999999979785944015, 6.358310577535970754E-05 ) ) ;
#1779 = ORIENTED_EDGE ( 'NONE', *, *, #2467, .T. ) ;
#1780 = EDGE_CURVE ( 'NONE', #2661, #2029, #3000, .T. ) ;
#1781 = CARTESIAN_POINT ( 'NONE',  ( -1.871300003841724902E-05, -90.80390079622846145, -20.16816161595327728 ) ) ;
#1782 = ORIENTED_EDGE ( 'NONE', *, *, #3577, .F. ) ;
#1783 = DIRECTION ( 'NONE',  ( -5.773159728019287184E-15, 6.358310577535970754E-05, -0.9999999979785944015 ) ) ;
#1784 = CIRCLE ( 'NONE', #844, 2.099999999999999645 ) ;
#1785 = CIRCLE ( 'NONE', #21, 2.500000000000000000 ) ;
#1786 = VECTOR ( 'NONE', #508, 1000.000000000000000 ) ;
#1787 = VECTOR ( 'NONE', #3418, 1000.000000000000000 ) ;
#1788 = CYLINDRICAL_SURFACE ( 'NONE', #1687, 30.00000000000001066 ) ;
#1789 = ORIENTED_EDGE ( 'NONE', *, *, #107, .F. ) ;
#1790 = FACE_OUTER_BOUND ( 'NONE', #280, .T. ) ;
#1791 = CIRCLE ( 'NONE', #2432, 2.099999999999999645 ) ;
#1792 = AXIS2_PLACEMENT_3D ( 'NONE', #2843, #2825, #2270 ) ;
#1793 = LINE ( 'NONE', #2584, #3615 ) ;
#1794 = CIRCLE ( 'NONE', #3444, 2.500000000000000000 ) ;
#1795 = ORIENTED_EDGE ( 'NONE', *, *, #3036, .F. ) ;
#1796 = DIRECTION ( 'NONE',  ( 1.000000000000000000, 2.275957200481570908E-13, -5.898059818321144121E-15 ) ) ;
#1797 = VERTEX_POINT ( 'NONE', #2986 ) ;
#1798 = AXIS2_PLACEMENT_3D ( 'NONE', #2420, #3555, #2687 ) ;
#1799 = CARTESIAN_POINT ( 'NONE',  ( 9.999981286999970465, -21.00576755103866589, -0.006113755499081996447 ) ) ;
#1800 = DIRECTION ( 'NONE',  ( 1.000000000000000000, 0.000000000000000000, -5.551115123125782702E-15 ) ) ;
#1801 = ORIENTED_EDGE ( 'NONE', *, *, #3126, .F. ) ;
#1802 = CARTESIAN_POINT ( 'NONE',  ( -1.871302074407665827E-05, 90.79430904063993069, -10.40661501842679648 ) ) ;
#1803 = ORIENTED_EDGE ( 'NONE', *, *, #2926, .F. ) ;
#1804 = DIRECTION ( 'NONE',  ( 1.000000000000000000, 1.135472064529175003E-13, -5.632848122122710662E-15 ) ) ;
#1805 = EDGE_CURVE ( 'NONE', #238, #306, #226, .T. ) ;
#1806 = CARTESIAN_POINT ( 'NONE',  ( 9.999981286973941508, 15.86965324882125294, -25.54531736263061603 ) ) ;
#1807 = ORIENTED_EDGE ( 'NONE', *, *, #7, .T. ) ;
#1808 = DIRECTION ( 'NONE',  ( 5.773159728048290444E-15, -6.358310602959382773E-05, 0.9999999979785942905 ) ) ;
#1809 = DIRECTION ( 'NONE',  ( 1.000000000000000000, 0.000000000000000000, -5.551115123125782702E-15 ) ) ;
#1810 = ORIENTED_EDGE ( 'NONE', *, *, #2090, .F. ) ;
#1811 = CYLINDRICAL_SURFACE ( 'NONE', #681, 2.099999999629998726 ) ;
#1812 = ORIENTED_EDGE ( 'NONE', *, *, #1015, .T. ) ;
#1813 = B_SPLINE_CURVE_WITH_KNOTS ( 'NONE', 3,
 ( #3104, #935, #1746, #367, #1179, #919, #1463, #1439, #386, #1163 ),
 .UNSPECIFIED., .F., .F.,
 ( 4, 2, 2, 2, 4 ),
 ( 0.000000000000000000, 0.2500000000000001110, 0.5000000000000002220, 0.7500000000000001110, 1.000000000000000000 ),
 .UNSPECIFIED. ) ;
#1814 = DIRECTION ( 'NONE',  ( 1.000000000000000000, 1.140928651987716975E-13, -5.765905360978588951E-15 ) ) ;
#1815 = LINE ( 'NONE', #2942, #616 ) ;
#1816 = ORIENTED_EDGE ( 'NONE', *, *, #3489, .T. ) ;
#1817 = CARTESIAN_POINT ( 'NONE',  ( 2.499981286999963803, -40.80481768992966352, -5.746177573961369411 ) ) ;
#1818 = EDGE_LOOP ( 'NONE', ( #3636, #1550, #589, #200 ) ) ;
#1819 = FACE_OUTER_BOUND ( 'NONE', #3171, .T. ) ;
#1820 = DIRECTION ( 'NONE',  ( 1.000000000000000000, 1.140928651987716975E-13, -5.765905360978588951E-15 ) ) ;
#1821 = ADVANCED_FACE ( 'NONE', ( #1915 ), #3037, .F. ) ;
#1822 = FACE_BOUND ( 'NONE', #1749, .T. ) ;
#1823 = ADVANCED_FACE ( 'NONE', ( #1037 ), #482, .T. ) ;
#1824 = DIRECTION ( 'NONE',  ( 5.773159728021815483E-15, -6.358310577535969399E-05, 0.9999999979785942905 ) ) ;
#1825 = FACE_OUTER_BOUND ( 'NONE', #493, .T. ) ;
#1826 = FACE_BOUND ( 'NONE', #562, .T. ) ;
#1827 = ORIENTED_EDGE ( 'NONE', *, *, #1475, .F. ) ;
#1828 = PERSON_AND_ORGANIZATION_ROLE ( 'creator' ) ;
#1829 = AXIS2_PLACEMENT_3D ( 'NONE', #2071, #2981, #3518 ) ;
#1830 = DIRECTION ( 'NONE',  ( 5.773159728048293600E-15, -6.358310602959384129E-05, 0.9999999979785944015 ) ) ;
#1831 = FACE_OUTER_BOUND ( 'NONE', #606, .T. ) ;
#1832 = VERTEX_POINT ( 'NONE', #2184 ) ;
#1833 = DIRECTION ( 'NONE',  ( -1.000000000000000000, -1.140928651986138244E-13, 5.765905361121718296E-15 ) ) ;
#1834 = ORIENTED_EDGE ( 'NONE', *, *, #2354, .F. ) ;
#1835 = DIRECTION ( 'NONE',  ( 1.000000000000000000, 0.000000000000000000, -5.898059818321144121E-15 ) ) ;
#1836 = FACE_OUTER_BOUND ( 'NONE', #2179, .T. ) ;
#1837 = DIRECTION ( 'NONE',  ( -1.000000000000000000, -1.119590850138980544E-13, 5.766041033329841761E-15 ) ) ;
#1838 = CIRCLE ( 'NONE', #490, 2.099999999630000502 ) ;
#1839 = AXIS2_PLACEMENT_3D ( 'NONE', #2589, #898, #2015 ) ;
#1840 = ADVANCED_FACE ( 'NONE', ( #517 ), #3426, .F. ) ;
#1841 = CARTESIAN_POINT ( 'NONE',  ( 2.499981286983810058, 70.79430908091741514, -10.40788668003886386 ) ) ;
#1842 = CARTESIAN_POINT ( 'NONE',  ( 2.499981286999963803, -50.80481766974156699, -5.746813404274658588 ) ) ;
#1843 = CIRCLE ( 'NONE', #1083, 2.500000000000000000 ) ;
#1844 = AXIS2_PLACEMENT_3D ( 'NONE', #2362, #3216, #1025 ) ;
#1845 = DIRECTION ( 'NONE',  ( 5.773159728048290444E-15, -6.358310602959382773E-05, 0.9999999979785942905 ) ) ;
#1846 = ADVANCED_FACE ( 'NONE', ( #904 ), #2241, .F. ) ;
#1847 = VERTEX_POINT ( 'NONE', #2518 ) ;
#1848 = PERSON_AND_ORGANIZATION ( #1346, #480 ) ;
#1849 = CIRCLE ( 'NONE', #1213, 2.500000000000000000 ) ;
#1850 = AXIS2_PLACEMENT_3D ( 'NONE', #561, #1208, #1717 ) ;
#1851 = DIRECTION ( 'NONE',  ( 5.773159728048290444E-15, -6.358310602959382773E-05, 0.9999999979785942905 ) ) ;
#1852 = AXIS2_PLACEMENT_3D ( 'NONE', #1169, #2635, #924 ) ;
#1853 = CARTESIAN_POINT ( 'NONE',  ( 2.499981286999963803, -90.80452073203213104, -10.41816163607531287 ) ) ;
#1854 = EDGE_LOOP ( 'NONE', ( #1173, #2096 ) ) ;
#1855 = VECTOR ( 'NONE', #1013, 1000.000000000000000 ) ;
#1856 = LINE ( 'NONE', #442, #3538 ) ;
#1857 = ORIENTED_EDGE ( 'NONE', *, *, #1156, .F. ) ;
#1858 = CARTESIAN_POINT ( 'NONE',  ( -1.871300003841724902E-05, -60.80452079244771824, -10.41625414213928558 ) ) ;
#1859 = DIRECTION ( 'NONE',  ( 5.773159728048290444E-15, -6.358310602959382773E-05, 0.9999999979785942905 ) ) ;
#1860 = ORIENTED_EDGE ( 'NONE', *, *, #168, .F. ) ;
#1861 = DIRECTION ( 'NONE',  ( -1.139961141557037492E-13, 0.9987717903683451803, -0.04954705606199423518 ) ) ;
#1862 = CARTESIAN_POINT ( 'NONE',  ( -3.333352046336002239, 22.21426760327468486, -20.16097556990477457 ) ) ;
#1863 = FACE_BOUND ( 'NONE', #393, .T. ) ;
#1864 = PLANE ( 'NONE',  #3377 ) ;
#1865 = ORIENTED_EDGE ( 'NONE', *, *, #1475, .T. ) ;
#1866 = APPROVAL_STATUS ( 'not_yet_approved' ) ;
#1867 = EDGE_CURVE ( 'NONE', #2740, #309, #3135, .T. ) ;
#1868 = DIRECTION ( 'NONE',  ( -1.000000000000000000, -1.162266453836454164E-13, 5.765769688586360338E-15 ) ) ;
#1869 = EDGE_CURVE ( 'NONE', #1753, #3325, #2074, .T. ) ;
#1870 = DIRECTION ( 'NONE',  ( 1.000000000000000000, 0.000000000000000000, -5.551115123125782702E-15 ) ) ;
#1871 = EDGE_LOOP ( 'NONE', ( #3048, #1102, #2940, #3 ) ) ;
#1872 = EDGE_CURVE ( 'NONE', #2172, #729, #2856, .T. ) ;
#1873 = VERTEX_POINT ( 'NONE', #3406 ) ;
#1874 = DIRECTION ( 'NONE',  ( 5.773159728050820321E-15, -6.358310602959382773E-05, 0.9999999979785942905 ) ) ;
#1875 = ADVANCED_FACE ( 'NONE', ( #850 ), #1125, .F. ) ;
#1876 = FACE_OUTER_BOUND ( 'NONE', #1454, .T. ) ;
#1877 = CARTESIAN_POINT ( 'NONE',  ( 3.333314620336036427, -22.50773640480610283, 19.83618094725879644 ) ) ;
#1878 = DIRECTION ( 'NONE',  ( 1.000000000000000000, 1.140928651987716975E-13, -5.765905360958373601E-15 ) ) ;
#1879 = CARTESIAN_POINT ( 'NONE',  ( -1.871300003841724902E-05, -70.80452077230917496, -10.41688997345130474 ) ) ;
#1880 = VERTEX_POINT ( 'NONE', #2820 ) ;
#1881 = EDGE_CURVE ( 'NONE', #1492, #1512, #3150, .T. ) ;
#1882 = DIRECTION ( 'NONE',  ( 1.000000000000000000, 1.140928651987716975E-13, -5.765905360978588951E-15 ) ) ;
#1883 = FACE_OUTER_BOUND ( 'NONE', #2593, .T. ) ;
#1884 = VERTEX_POINT ( 'NONE', #575 ) ;
#1885 = EDGE_CURVE ( 'NONE', #2055, #1063, #2248, .T. ) ;
#1886 = AXIS2_PLACEMENT_3D ( 'NONE', #2365, #1279, #1257 ) ;
#1887 = ADVANCED_FACE ( 'NONE', ( #1427 ), #357, .F. ) ;
#1888 = LOCAL_TIME ( 16, 7, 53.00000000000000000, #2728 ) ;
#1889 = DIRECTION ( 'NONE',  ( 1.000000000000000000, 0.000000000000000000, -5.551115123125782702E-15 ) ) ;
#1890 = ADVANCED_FACE ( 'NONE', ( #2502 ), #1186, .T. ) ;
#1891 = DIRECTION ( 'NONE',  ( 1.000000000000000000, 2.275957200481570908E-13, -5.898059818321144121E-15 ) ) ;
#1892 = ORIENTED_EDGE ( 'NONE', *, *, #55, .T. ) ;
#1893 = DIRECTION ( 'NONE',  ( -5.773159728019287184E-15, 6.358310577535970754E-05, -0.9999999979785945126 ) ) ;
#1894 = VECTOR ( 'NONE', #1985, 999.9999999999998863 ) ;
#1895 = DIRECTION ( 'NONE',  ( -1.139961141356187195E-13, 0.9987717903683451803, -0.04954705606199430457 ) ) ;
#1896 = DIRECTION ( 'NONE',  ( 1.000000000000000000, 0.000000000000000000, -5.551115123125782702E-15 ) ) ;
#1897 = VECTOR ( 'NONE', #2705, 1000.000000000000227 ) ;
#1898 = CIRCLE ( 'NONE', #318, 2.099999999999999645 ) ;
#1899 = ORIENTED_EDGE ( 'NONE', *, *, #3008, .F. ) ;
#1900 = VECTOR ( 'NONE', #3599, 1000.000000000000227 ) ;
#1901 = CIRCLE ( 'NONE', #2847, 17.00000000010000534 ) ;
#1902 = DIRECTION ( 'NONE',  ( 1.142524438789659999E-13, -0.9999999979785944015, -6.358310602959384129E-05 ) ) ;
#1903 = CARTESIAN_POINT ( 'NONE',  ( -1.871300003841724902E-05, -70.80644416080433245, 19.83310996506831714 ) ) ;
#1904 = ORIENTED_EDGE ( 'NONE', *, *, #5, .T. ) ;
#1905 = AXIS2_PLACEMENT_3D ( 'NONE', #377, #2337, #639 ) ;
#1906 = CIRCLE ( 'NONE', #328, 2.500000000000000000 ) ;
#1907 = DIRECTION ( 'NONE',  ( 1.000000000000000000, 2.275957200481570908E-13, -5.898059818321144121E-15 ) ) ;
#1908 = ORIENTED_EDGE ( 'NONE', *, *, #836, .T. ) ;
#1909 = CARTESIAN_POINT ( 'NONE',  ( -1.871300003841724902E-05, -80.80452075217064589, -10.41752580476332213 ) ) ;
#1910 = VERTEX_POINT ( 'NONE', #2002 ) ;
#1911 = AXIS2_PLACEMENT_3D ( 'NONE', #3364, #1926, #1680 ) ;
#1912 = CARTESIAN_POINT ( 'NONE',  ( -3.333352046343939445, 22.49367793550524297, 19.83904227695837008 ) ) ;
#1913 = EDGE_CURVE ( 'NONE', #2438, #288, #1671, .T. ) ;
#1914 = ORIENTED_EDGE ( 'NONE', *, *, #1869, .T. ) ;
#1915 = FACE_OUTER_BOUND ( 'NONE', #1818, .T. ) ;
#1916 = CARTESIAN_POINT ( 'NONE',  ( -1.871301619216225731E-05, 70.79238569150500382, 19.84211325848070473 ) ) ;
#1917 = CARTESIAN_POINT ( 'NONE',  ( 9.999981286999970465, -28.60463316393618882, 10.08579326743805282 ) ) ;
#1918 = DIRECTION ( 'NONE',  ( 5.773159728050820321E-15, -6.358310602959382773E-05, 0.9999999979785942905 ) ) ;
#1919 = VERTEX_POINT ( 'NONE', #1147 ) ;
#1920 = DIRECTION ( 'NONE',  ( -1.141204117589660359E-13, 0.9999999979785944015, 6.358310602959384129E-05 ) ) ;
#1921 = CARTESIAN_POINT ( 'NONE',  ( -1.871301391620505683E-05, 60.79430910105534736, -10.40852251084495350 ) ) ;
#1922 = ORIENTED_EDGE ( 'NONE', *, *, #2977, .F. ) ;
#1923 = ORIENTED_EDGE ( 'NONE', *, *, #878, .T. ) ;
#1924 = FACE_OUTER_BOUND ( 'NONE', #3516, .T. ) ;
#1925 = VERTEX_POINT ( 'NONE', #65 ) ;
#1926 = DIRECTION ( 'NONE',  ( 5.773159728019287184E-15, -6.358310577535970754E-05, 0.9999999979785945126 ) ) ;
#1927 = ORIENTED_EDGE ( 'NONE', *, *, #929, .F. ) ;
#1928 = CYLINDRICAL_SURFACE ( 'NONE', #961, 2.500000000000000000 ) ;
#1929 = CARTESIAN_POINT ( 'NONE',  ( 9.999981286999970465, 23.09423235929694584, -0.003309740472162703284 ) ) ;
#1930 = CARTESIAN_POINT ( 'NONE',  ( 2.499981286988361973, 50.79430912124402653, -10.40915834264974293 ) ) ;
#1931 = CARTESIAN_POINT ( 'NONE',  ( -10.00001871300250400, 20.81341289936127836, -21.70526341283758853 ) ) ;
#1932 = EDGE_CURVE ( 'NONE', #255, #46, #3350, .T. ) ;
#1933 = DIRECTION ( 'NONE',  ( -5.773159728019287184E-15, 6.358310577535970754E-05, -0.9999999979785945126 ) ) ;
#1934 = ORIENTED_EDGE ( 'NONE', *, *, #1241, .F. ) ;
#1935 = ADVANCED_FACE ( 'NONE', ( #1946 ), #3070, .F. ) ;
#1936 = DIRECTION ( 'NONE',  ( 5.773159728048290444E-15, -6.358310602959382773E-05, 0.9999999979785942905 ) ) ;
#1937 = DIRECTION ( 'NONE',  ( 5.773159728048290444E-15, -6.358310602959382773E-05, 0.9999999979785942905 ) ) ;
#1938 = VERTEX_POINT ( 'NONE', #316 ) ;
#1939 = ORIENTED_EDGE ( 'NONE', *, *, #587, .F. ) ;
#1940 = FACE_BOUND ( 'NONE', #2714, .T. ) ;
#1941 = VERTEX_POINT ( 'NONE', #1168 ) ;
#1942 = AXIS2_PLACEMENT_3D ( 'NONE', #79, #1496, #2291 ) ;
#1943 = DIRECTION ( 'NONE',  ( 5.773159728021815483E-15, -6.358310577535969399E-05, 0.9999999979785942905 ) ) ;
#1944 = ORIENTED_EDGE ( 'NONE', *, *, #3058, .F. ) ;
#1945 = FACE_BOUND ( 'NONE', #1962, .T. ) ;
#1946 = FACE_OUTER_BOUND ( 'NONE', #573, .T. ) ;
#1947 = DIRECTION ( 'NONE',  ( 5.773159768385721745E-15, -6.358310602959393616E-05, 0.9999999979785942905 ) ) ;
#1948 = CARTESIAN_POINT ( 'NONE',  ( -1.871302729439250356E-05, 119.3437377702222477, -20.15479977604400830 ) ) ;
#1949 = DIRECTION ( 'NONE',  ( 5.773159728021815483E-15, -6.358310577535969399E-05, 0.9999999979785942905 ) ) ;
#1950 = ORIENTED_EDGE ( 'NONE', *, *, #455, .F. ) ;
#1951 = EDGE_CURVE ( 'NONE', #2214, #1027, #2904, .T. ) ;
#1952 = ADVANCED_FACE ( 'NONE', ( #1026 ), #1276, .T. ) ;
#1953 = AXIS2_PLACEMENT_3D ( 'NONE', #2778, #2424, #1632 ) ;
#1954 = CIRCLE ( 'NONE', #2662, 2.500000000000000000 ) ;
#1955 = CARTESIAN_POINT ( 'NONE',  ( -2.500018713023022254, 100.7949289552621792, -20.15597916749875651 ) ) ;
#1956 = DIRECTION ( 'NONE',  ( 1.000000000000000000, 2.275957200481570908E-13, -5.551115123125782702E-15 ) ) ;
#1957 = ORIENTED_EDGE ( 'NONE', *, *, #1715, .F. ) ;
#1958 = AXIS2_PLACEMENT_3D ( 'NONE', #1574, #2701, #3253 ) ;
#1959 = VERTEX_POINT ( 'NONE', #1853 ) ;
#1960 = FACE_OUTER_BOUND ( 'NONE', #320, .T. ) ;
#1961 = VECTOR ( 'NONE', #2585, 1000.000000000000227 ) ;
#1962 = EDGE_LOOP ( 'NONE', ( #2746, #1641 ) ) ;
#1963 = CIRCLE ( 'NONE', #327, 2.500000000000000000 ) ;
#1964 = AXIS2_PLACEMENT_3D ( 'NONE', #537, #3298, #2482 ) ;
#1965 = CARTESIAN_POINT ( 'NONE',  ( -1.871301164024785635E-05, 50.79401226411437165, -5.740353435098350054 ) ) ;
#1966 = VERTEX_POINT ( 'NONE', #166 ) ;
#1967 = LINE ( 'NONE', #3389, #669 ) ;
#1968 = CARTESIAN_POINT ( 'NONE',  ( -1.871301391620505683E-05, 60.79300564745329893, 10.09147744684751835 ) ) ;
#1969 = AXIS2_PLACEMENT_3D ( 'NONE', #3296, #2742, #1610 ) ;
#1970 = DIRECTION ( 'NONE',  ( -1.139961141356187699E-13, 0.9987717903683451803, -0.04954705606199349965 ) ) ;
#1971 = LINE ( 'NONE', #2822, #3319 ) ;
#1972 = FACE_OUTER_BOUND ( 'NONE', #1188, .T. ) ;
#1973 = EDGE_CURVE ( 'NONE', #2869, #3176, #1676, .T. ) ;
#1974 = ORIENTED_EDGE ( 'NONE', *, *, #3401, .F. ) ;
#1975 = CYLINDRICAL_SURFACE ( 'NONE', #2552, 2.500000000000000000 ) ;
#1976 = DIRECTION ( 'NONE',  ( -6.666234944169016438E-15, 6.358310577535969399E-05, -0.9999999979785942905 ) ) ;
#1977 = VERTEX_POINT ( 'NONE', #2159 ) ;
#1978 = EDGE_CURVE ( 'NONE', #282, #1543, #3553, .T. ) ;
#1979 = EDGE_CURVE ( 'NONE', #2506, #111, #2437, .T. ) ;
#1980 = DIRECTION ( 'NONE',  ( 1.000000000000000000, 2.275957200481570908E-13, -5.551115123125782702E-15 ) ) ;
#1981 = EDGE_LOOP ( 'NONE', ( #868, #3139, #2268, #415 ) ) ;
#1982 = EDGE_CURVE ( 'NONE', #3012, #3108, #1584, .T. ) ;
#1983 = CARTESIAN_POINT ( 'NONE',  ( 3.333314620322714639, 22.49367793550677774, 19.83904227695833100 ) ) ;
#1984 = VERTEX_POINT ( 'NONE', #2104 ) ;
#1985 = DIRECTION ( 'NONE',  ( -6.666234944198022064E-15, 6.358310602959384129E-05, -0.9999999979785944015 ) ) ;
#1986 = CARTESIAN_POINT ( 'NONE',  ( -1.871300003841724902E-05, -70.80481762946452307, -5.748085066898639184 ) ) ;
#1987 = ADVANCED_FACE ( 'NONE', ( #1883 ), #1290, .F. ) ;
#1988 = LINE ( 'NONE', #3153, #2495 ) ;
#1989 = CARTESIAN_POINT ( 'NONE',  ( -10.00001871299999223, -14.85393228257958498, -16.95496504182494846 ) ) ;
#1990 = DIRECTION ( 'NONE',  ( 1.000000000000000000, 1.140928651987716975E-13, -5.765905360958373601E-15 ) ) ;
#1991 = ORIENTED_EDGE ( 'NONE', *, *, #3014, .F. ) ;
#1992 = DIRECTION ( 'NONE',  ( -5.773159728019287184E-15, 6.358310577535970754E-05, -0.9999999979785945126 ) ) ;
#1993 = CARTESIAN_POINT ( 'NONE',  ( 9.999981286999970465, -0.005817967641624788300, -0.004783524003598715879 ) ) ;
#1994 = ORIENTED_EDGE ( 'NONE', *, *, #1885, .F. ) ;
#1995 = DIRECTION ( 'NONE',  ( -5.773159769402895562E-15, 6.358310602959403102E-05, -0.9999999979785942905 ) ) ;
#1996 = ORIENTED_EDGE ( 'NONE', *, *, #3158, .T. ) ;
#1997 = ADVANCED_FACE ( 'NONE', ( #1831 ), #1325, .F. ) ;
#1998 = CARTESIAN_POINT ( 'NONE',  ( 9.999981286999970465, 14.84428541827051440, -12.75307672849265650 ) ) ;
#1999 = ORIENTED_EDGE ( 'NONE', *, *, #764, .T. ) ;
#2000 = DIRECTION ( 'NONE',  ( 5.773159768385721745E-15, -6.358310602977826408E-05, 0.9999999979785942905 ) ) ;
#2001 = EDGE_CURVE ( 'NONE', #247, #111, #2682, .T. ) ;
#2002 = CARTESIAN_POINT ( 'NONE',  ( -10.00001871300276690, -22.50768590552631920, 19.83618095043076934 ) ) ;
#2003 = AXIS2_PLACEMENT_3D ( 'NONE', #1029, #3479, #3251 ) ;
#2004 = CARTESIAN_POINT ( 'NONE',  ( -1.871301846811945779E-05, 80.79401220369894077, -5.738445942680164613 ) ) ;
#2005 = ORIENTED_EDGE ( 'NONE', *, *, #1881, .F. ) ;
#2006 = APPROVAL_PERSON_ORGANIZATION ( #1581, #42, #1615 ) ;
#2007 = CYLINDRICAL_SURFACE ( 'NONE', #2315, 2.500000000000000000 ) ;
#2008 = ORIENTED_EDGE ( 'NONE', *, *, #356, .F. ) ;
#2009 = DIRECTION ( 'NONE',  ( -1.139961141356187699E-13, 0.9987717903683451803, -0.04954705606199367313 ) ) ;
#2010 = VERTEX_POINT ( 'NONE', #3005 ) ;
#2011 = CARTESIAN_POINT ( 'NONE',  ( -1.871300003841724902E-05, -90.80481758913796853, -5.749356728523919102 ) ) ;
#2012 = DIRECTION ( 'NONE',  ( -6.666234944169016438E-15, 6.358310577535969399E-05, -0.9999999979785942905 ) ) ;
#2013 = EDGE_LOOP ( 'NONE', ( #3459, #965, #3227, #2559 ) ) ;
#2014 = CIRCLE ( 'NONE', #2479, 2.099999999630000502 ) ;
#2015 = DIRECTION ( 'NONE',  ( 1.000000000000000000, 0.000000000000000000, -5.551115123125782702E-15 ) ) ;
#2016 = ORIENTED_EDGE ( 'NONE', *, *, #102, .T. ) ;
#2017 = VECTOR ( 'NONE', #633, 999.9999999999998863 ) ;
#2018 = VECTOR ( 'NONE', #237, 999.9999999999998863 ) ;
#2019 = CARTESIAN_POINT ( 'NONE',  ( -1.871302307554500999E-05, 100.7940121623734626, -5.737174280118967573 ) ) ;
#2020 = ORIENTED_EDGE ( 'NONE', *, *, #1130, .F. ) ;
#2021 = AXIS2_PLACEMENT_3D ( 'NONE', #1986, #592, #1713 ) ;
#2022 = AXIS2_PLACEMENT_3D ( 'NONE', #2749, #3340, #2788 ) ;
#2023 = CARTESIAN_POINT ( 'NONE',  ( -1.871300003841724902E-05, -119.3533295268532157, -10.41997685768786219 ) ) ;
#2024 = CARTESIAN_POINT ( 'NONE',  ( -1.871300003841724902E-05, -80.80481760932603663, -5.748720898210657460 ) ) ;
#2025 = AXIS2_PLACEMENT_3D ( 'NONE', #1527, #2640, #414 ) ;
#2026 = CIRCLE ( 'NONE', #389, 2.500000000000000000 ) ;
#2027 = EDGE_CURVE ( 'NONE', #2252, #2390, #3529, .T. ) ;
#2028 = CARTESIAN_POINT ( 'NONE',  ( -1.871301846811945779E-05, 80.79430906077836028, -10.40725084923285770 ) ) ;
#2029 = VERTEX_POINT ( 'NONE', #3568 ) ;
#2030 = EDGE_CURVE ( 'NONE', #3423, #251, #1815, .T. ) ;
#2031 = CARTESIAN_POINT ( 'NONE',  ( -1.871300003841724902E-05, -0.004432348573141231540, -21.00477846740345100 ) ) ;
#2032 = ORIENTED_EDGE ( 'NONE', *, *, #2744, .F. ) ;
#2033 = CIRCLE ( 'NONE', #3507, 2.100000000000000533 ) ;
#2034 = DIRECTION ( 'NONE',  ( 5.773159728048290444E-15, -6.358310602959382773E-05, 0.9999999979785942905 ) ) ;
#2035 = CARTESIAN_POINT ( 'NONE',  ( -2.500018713013918426, 60.79300564745268787, 10.09147744684751835 ) ) ;
#2036 = ORIENTED_EDGE ( 'NONE', *, *, #2698, .T. ) ;
#2037 = CARTESIAN_POINT ( 'NONE',  ( -1.871301846811945779E-05, 80.79238567136646054, 19.84274908928676595 ) ) ;
#2038 = ORIENTED_EDGE ( 'NONE', *, *, #2271, .T. ) ;
#2039 = CYLINDRICAL_SURFACE ( 'NONE', #2652, 30.00000000000001066 ) ;
#2040 = ORIENTED_EDGE ( 'NONE', *, *, #2171, .T. ) ;
#2041 = CARTESIAN_POINT ( 'NONE',  ( 9.999981286999970465, -0.004565873088419047932, -18.90477847243651865 ) ) ;
#2042 = CARTESIAN_POINT ( 'NONE',  ( 9.999981286985260454, 22.21421710399690141, -20.16097557311577404 ) ) ;
#2043 = ORIENTED_EDGE ( 'NONE', *, *, #2607, .F. ) ;
#2044 = CARTESIAN_POINT ( 'NONE',  ( -2.500018713000040638, -40.80390089697063871, -20.16498246039200026 ) ) ;
#2045 = ADVANCED_FACE ( 'NONE', ( #3494 ), #147, .F. ) ;
#2046 = EDGE_LOOP ( 'NONE', ( #1707, #1481 ) ) ;
#2047 = APPLICATION_CONTEXT ( 'configuration controlled 3d designs of mechanical parts and assemblies' ) ;
#2048 = EDGE_CURVE ( 'NONE', #440, #922, #2253, .T. ) ;
#2049 = CARTESIAN_POINT ( 'NONE',  ( -2.500018713020746297, 90.79401218351021896, -5.737810110875374292 ) ) ;
#2050 = ORIENTED_EDGE ( 'NONE', *, *, #878, .F. ) ;
#2051 = LINE ( 'NONE', #2325, #497 ) ;
#2052 = EDGE_CURVE ( 'NONE', #296, #2550, #2979, .T. ) ;
#2053 = EDGE_LOOP ( 'NONE', ( #614, #618, #2895, #3003 ) ) ;
#2054 = DIRECTION ( 'NONE',  ( 1.000000000000000000, 1.140928651987716975E-13, -5.765905360978588951E-15 ) ) ;
#2055 = VERTEX_POINT ( 'NONE', #3218 ) ;
#2056 = CARTESIAN_POINT ( 'NONE',  ( -2.500018713000040638, -50.80390087683209543, -20.16561829170401765 ) ) ;
#2057 = ORIENTED_EDGE ( 'NONE', *, *, #3452, .F. ) ;
#2058 = DIRECTION ( 'NONE',  ( 5.773159728048290444E-15, -6.358310602959382773E-05, 0.9999999979785942905 ) ) ;
#2059 = CARTESIAN_POINT ( 'NONE',  ( 9.999981286999970465, 14.84441894273622076, -14.85307672445837568 ) ) ;
#2060 = ORIENTED_EDGE ( 'NONE', *, *, #2815, .F. ) ;
#2061 = CARTESIAN_POINT ( 'NONE',  ( -2.500018713020746297, 90.79492897540067986, -20.15661499830484615 ) ) ;
#2062 = CIRCLE ( 'NONE', #1886, 2.500000000000000000 ) ;
#2063 = DIRECTION ( 'NONE',  ( 1.000000000000000000, 1.135472064529175003E-13, -5.632848122122710662E-15 ) ) ;
#2064 = CARTESIAN_POINT ( 'NONE',  ( 9.999981286999970465, -78.85463306217876323, 10.08259821631887831 ) ) ;
#2065 = CARTESIAN_POINT ( 'NONE',  ( -1.871301391620505683E-05, 60.79401224397587811, -5.739717604292287945 ) ) ;
#2066 = ORIENTED_EDGE ( 'NONE', *, *, #2793, .T. ) ;
#2067 = ADVANCED_FACE ( 'NONE', ( #1549 ), #2414, .F. ) ;
#2068 = DIRECTION ( 'NONE',  ( -1.139961141557037492E-13, 0.9987717903683451803, -0.04954705606199423518 ) ) ;
#2069 = VERTEX_POINT ( 'NONE', #2695 ) ;
#2070 = AXIS2_PLACEMENT_3D ( 'NONE', #408, #2649, #1835 ) ;
#2071 = CARTESIAN_POINT ( 'NONE',  ( -10.00001871299999223, -0.005717094161389324469, -0.004778506825398043389 ) ) ;
#2072 = EDGE_LOOP ( 'NONE', ( #2089, #1216 ) ) ;
#2073 = DIRECTION ( 'NONE',  ( 1.000000000000000000, 1.140928651987716975E-13, -5.765905360978588951E-15 ) ) ;
#2074 = CIRCLE ( 'NONE', #1381, 2.500000000000000000 ) ;
#2075 = CIRCLE ( 'NONE', #2905, 9.749999999999998224 ) ;
#2076 = CIRCLE ( 'NONE', #2964, 30.00000000000000355 ) ;
#2077 = CARTESIAN_POINT ( 'NONE',  ( 9.999981286999858554, -0.003860082242429507815, -30.00477844935048211 ) ) ;
#2078 = ORIENTED_EDGE ( 'NONE', *, *, #3038, .F. ) ;
#2079 = FACE_BOUND ( 'NONE', #3361, .T. ) ;
#2080 = CIRCLE ( 'NONE', #1734, 2.500000000000000000 ) ;
#2081 = CIRCLE ( 'NONE', #3080, 2.099999999999999645 ) ;
#2082 = CARTESIAN_POINT ( 'NONE',  ( -1.871301164024785635E-05, 50.79492905600482544, -20.15915832252776596 ) ) ;
#2083 = AXIS2_PLACEMENT_3D ( 'NONE', #853, #816, #1970 ) ;
#2084 = EDGE_LOOP ( 'NONE', ( #1466, #2222, #1681, #2845 ) ) ;
#2085 = CYLINDRICAL_SURFACE ( 'NONE', #621, 2.500000000000000000 ) ;
#2086 = EDGE_LOOP ( 'NONE', ( #2858, #2871 ) ) ;
#2087 = CYLINDRICAL_SURFACE ( 'NONE', #1502, 2.500000000000000000 ) ;
#2088 = DIRECTION ( 'NONE',  ( 1.140645849489790231E-13, -0.9999999979785942905, -6.358310577533193841E-05 ) ) ;
#2089 = ORIENTED_EDGE ( 'NONE', *, *, #948, .T. ) ;
#2090 = EDGE_CURVE ( 'NONE', #809, #1512, #2076, .T. ) ;
#2091 = FACE_OUTER_BOUND ( 'NONE', #2439, .T. ) ;
#2092 = ORIENTED_EDGE ( 'NONE', *, *, #3268, .F. ) ;
#2093 = CYLINDRICAL_SURFACE ( 'NONE', #1958, 9.750000000000000000 ) ;
#2094 = ADVANCED_FACE ( 'NONE', ( #3324 ), #2811, .F. ) ;
#2095 = CARTESIAN_POINT ( 'NONE',  ( 2.499981286981534101, 80.79430906077891450, -10.40725084923285770 ) ) ;
#2096 = ORIENTED_EDGE ( 'NONE', *, *, #768, .F. ) ;
#2097 = DIRECTION ( 'NONE',  ( -6.666234944198022064E-15, 6.358310602959384129E-05, -0.9999999979785944015 ) ) ;
#2098 = CYLINDRICAL_SURFACE ( 'NONE', #1568, 2.099999999999997868 ) ;
#2099 = VERTEX_POINT ( 'NONE', #250 ) ;
#2100 = CARTESIAN_POINT ( 'NONE',  ( 2.499981286999963803, -50.80481766974156699, -5.746813404274658588 ) ) ;
#2101 = ORIENTED_EDGE ( 'NONE', *, *, #2747, .T. ) ;
#2102 = CALENDAR_DATE ( 2026, 12, 7 ) ;
#2103 = PLANE ( 'NONE',  #2784 ) ;
#2104 = CARTESIAN_POINT ( 'NONE',  ( 2.499981286999963803, -40.80582428646450666, 10.08501747817719441 ) ) ;
#2105 = VERTEX_POINT ( 'NONE', #3060 ) ;
#2106 = LINE ( 'NONE', #2684, #2888 ) ;
#2107 = ORIENTED_EDGE ( 'NONE', *, *, #813, .F. ) ;
#2108 = MANIFOLD_SOLID_BREP ( 'Body-Move/Copy4', #1072 ) ;
#2109 = CARTESIAN_POINT ( 'NONE',  ( -2.500018713023022254, 100.7930055658502226, 10.09402077102084050 ) ) ;
#2110 = ADVANCED_FACE ( 'NONE', ( #2251 ), #3638, .F. ) ;
#2111 = CARTESIAN_POINT ( 'NONE',  ( -2.500018713011642468, 50.79430912124291098, -10.40915834264974293 ) ) ;
#2112 = EDGE_CURVE ( 'NONE', #1162, #695, #379, .T. ) ;
#2113 = LINE ( 'NONE', #3210, #784 ) ;
#2114 = CARTESIAN_POINT ( 'NONE',  ( -10.00001871301464718, 22.21421710399695826, -20.16097557311569233 ) ) ;
#2115 = CARTESIAN_POINT ( 'NONE',  ( -1.871300003841724902E-05, -50.80452081263578634, -10.41561831182607989 ) ) ;
#2116 = DIRECTION ( 'NONE',  ( -1.000000000000000000, -1.162266453836454164E-13, 5.765769688586360338E-15 ) ) ;
#2117 = EDGE_LOOP ( 'NONE', ( #1488, #431, #2854, #3624 ) ) ;
#2118 = CIRCLE ( 'NONE', #3594, 2.500000000000000000 ) ;
#2119 = CYLINDRICAL_SURFACE ( 'NONE', #491, 2.500000000000000000 ) ;
#2120 = DIRECTION ( 'NONE',  ( -1.143192814709788224E-13, 0.9999999979785942905, 6.358310577533193841E-05 ) ) ;
#2121 = PRODUCT_DEFINITION_FORMATION_WITH_SPECIFIED_SOURCE ( 'ANY', '', #555, .NOT_KNOWN. ) ;
#2122 = EDGE_LOOP ( 'NONE', ( #459, #463 ) ) ;
#2123 = CYLINDRICAL_SURFACE ( 'NONE', #1064, 2.500000000000000000 ) ;
#2124 = ORIENTED_EDGE ( 'NONE', *, *, #1227, .T. ) ;
#2125 = DIRECTION ( 'NONE',  ( 1.000000000000000000, 1.135472064529175003E-13, -5.632848122122710662E-15 ) ) ;
#2126 = ORIENTED_EDGE ( 'NONE', *, *, #2949, .F. ) ;
#2127 = DIRECTION ( 'NONE',  ( -1.000000000000000000, -1.140928651989296717E-13, 5.765905361121694630E-15 ) ) ;
#2128 = CIRCLE ( 'NONE', #2792, 2.500000000000000000 ) ;
#2129 = DIRECTION ( 'NONE',  ( -1.139961141356187699E-13, 0.9987717903683451803, -0.04954705606199349965 ) ) ;
#2130 = EDGE_CURVE ( 'NONE', #121, #2837, #1378, .T. ) ;
#2131 = AXIS2_PLACEMENT_3D ( 'NONE', #609, #3095, #298 ) ;
#2132 = AXIS2_PLACEMENT_3D ( 'NONE', #2606, #335, #3440 ) ;
#2133 = DIRECTION ( 'NONE',  ( 5.773159768385721745E-15, -6.358310602977826408E-05, 0.9999999979785942905 ) ) ;
#2134 = EDGE_CURVE ( 'NONE', #1832, #1164, #1669, .T. ) ;
#2135 = DIRECTION ( 'NONE',  ( 1.000000000000000000, 2.275957200481570908E-13, -5.551115123125782702E-15 ) ) ;
#2136 = AXIS2_PLACEMENT_3D ( 'NONE', #2144, #1532, #2993 ) ;
#2137 = AXIS2_PLACEMENT_3D ( 'NONE', #165, #404, #2068 ) ;
#2138 = CARTESIAN_POINT ( 'NONE',  ( 9.999981287001995511, -16.12301478618025641, 25.38678302835635492 ) ) ;
#2139 = ORIENTED_EDGE ( 'NONE', *, *, #2883, .F. ) ;
#2140 = AXIS2_PLACEMENT_3D ( 'NONE', #236, #1079, #1742 ) ;
#2141 = AXIS2_PLACEMENT_3D ( 'NONE', #1154, #3392, #2267 ) ;
#2142 = LINE ( 'NONE', #2644, #385 ) ;
#2143 = AXIS2_PLACEMENT_3D ( 'NONE', #1242, #120, #1503 ) ;
#2144 = CARTESIAN_POINT ( 'NONE',  ( -1.871300003841724902E-05, -40.80390089697063871, -20.16498246039200026 ) ) ;
#2145 = ORIENTED_EDGE ( 'NONE', *, *, #1540, .T. ) ;
#2146 = EDGE_LOOP ( 'NONE', ( #80, #3302 ) ) ;
#2147 = CARTESIAN_POINT ( 'NONE',  ( -10.00001871302153589, -21.10431484155891368, 21.42770704677802485 ) ) ;
#2148 = CARTESIAN_POINT ( 'NONE',  ( -1.871300336908632289E-05, 28.59303254722775378, -9.066319156689678138 ) ) ;
#2149 = EDGE_CURVE ( 'NONE', #1483, #2390, #821, .T. ) ;
#2150 = DIRECTION ( 'NONE',  ( 1.000000000000000000, 0.000000000000000000, -5.551115123125782702E-15 ) ) ;
#2151 = FACE_OUTER_BOUND ( 'NONE', #629, .T. ) ;
#2152 = ADVANCED_FACE ( 'NONE', ( #782 ), #3029, .F. ) ;
#2153 = CARTESIAN_POINT ( 'NONE',  ( -1.871302302003385876E-05, 100.7923856310397923, 19.84402075189758818 ) ) ;
#2154 = EDGE_LOOP ( 'NONE', ( #772, #342 ) ) ;
#2155 = EDGE_CURVE ( 'NONE', #2814, #947, #3623, .T. ) ;
#2156 = COORDINATED_UNIVERSAL_TIME_OFFSET ( 3, 30, .AHEAD. ) ;
#2157 = EDGE_CURVE ( 'NONE', #2172, #2994, #2425, .T. ) ;
#2158 = LINE ( 'NONE', #765, #3612 ) ;
#2159 = CARTESIAN_POINT ( 'NONE',  ( -2.500018713009366511, 40.79300568772961810, 10.09020578523545097 ) ) ;
#2160 = EDGE_LOOP ( 'NONE', ( #3639, #2925, #1944, #601 ) ) ;
#2161 = CARTESIAN_POINT ( 'NONE',  ( -1.871301619216225731E-05, 70.79401222383744141, -5.739081773486226723 ) ) ;
#2162 = EDGE_LOOP ( 'NONE', ( #2476, #1136 ) ) ;
#2163 = CARTESIAN_POINT ( 'NONE',  ( -10.00001871302228551, -14.28458394034412926, 26.46430422418620410 ) ) ;
#2164 = EDGE_LOOP ( 'NONE', ( #3117, #1114 ) ) ;
#2165 = ADVANCED_BREP_SHAPE_REPRESENTATION ( 'Link3LShapeConnectorSmall_Default_sldprt', ( #2108, #1428 ), #2707 ) ;
#2166 = DIRECTION ( 'NONE',  ( 1.000000000000000000, 0.000000000000000000, -5.551115123125782702E-15 ) ) ;
#2167 = LINE ( 'NONE', #1092, #1204 ) ;
#2168 = DIRECTION ( 'NONE',  ( 1.000000000000000000, 1.140928651987716975E-13, -5.765905360978588951E-15 ) ) ;
#2169 = CYLINDRICAL_SURFACE ( 'NONE', #2850, 2.500000000000000000 ) ;
#2170 = ORIENTED_EDGE ( 'NONE', *, *, #1235, .F. ) ;
#2171 = EDGE_CURVE ( 'NONE', #2625, #435, #2789, .T. ) ;
#2172 = VERTEX_POINT ( 'NONE', #1691 ) ;
#2173 = EDGE_CURVE ( 'NONE', #750, #3269, #2668, .T. ) ;
#2174 = CARTESIAN_POINT ( 'NONE',  ( -1.871300003841724902E-05, -129.1033295066816322, -10.42059679249279824 ) ) ;
#2175 = DIRECTION ( 'NONE',  ( 5.773159728019287184E-15, -6.358310577535970754E-05, 0.9999999979785945126 ) ) ;
#2176 = VERTEX_POINT ( 'NONE', #1116 ) ;
#2177 = CIRCLE ( 'NONE', #2530, 2.500000000000000000 ) ;
#2178 = EDGE_CURVE ( 'NONE', #647, #368, #1144, .T. ) ;
#2179 = EDGE_LOOP ( 'NONE', ( #978, #1046, #423, #3419 ) ) ;
#2180 = LINE ( 'NONE', #2235, #437 ) ;
#2181 = ORIENTED_EDGE ( 'NONE', *, *, #2977, .T. ) ;
#2182 = FACE_BOUND ( 'NONE', #3045, .T. ) ;
#2183 = ORIENTED_EDGE ( 'NONE', *, *, #2157, .F. ) ;
#2184 = CARTESIAN_POINT ( 'NONE',  ( -10.00001871302946910, 129.0931178152869450, -10.40417986040587195 ) ) ;
#2185 = CIRCLE ( 'NONE', #376, 2.500000000000000000 ) ;
#2186 = DIRECTION ( 'NONE',  ( 1.000000000000000000, 1.136293785749319654E-13, -5.660076798476024908E-15 ) ) ;
#2187 = CARTESIAN_POINT ( 'NONE',  ( -1.871302302003385876E-05, 100.7923856310397923, 19.84402075189758818 ) ) ;
#2188 = LINE ( 'NONE', #3635, #153 ) ;
#2189 = CIRCLE ( 'NONE', #552, 2.500000000000000000 ) ;
#2190 = AXIS2_PLACEMENT_3D ( 'NONE', #2868, #2275, #3118 ) ;
#2191 = VERTEX_POINT ( 'NONE', #3359 ) ;
#2192 = AXIS2_PLACEMENT_3D ( 'NONE', #2386, #698, #2956 ) ;
#2193 = AXIS2_PLACEMENT_3D ( 'NONE', #2809, #1936, #2435 ) ;
#2194 = DIRECTION ( 'NONE',  ( 1.000000000000000000, 1.145610207961579435E-13, -5.683141408922954036E-15 ) ) ;
#2195 = CARTESIAN_POINT ( 'NONE',  ( -2.500018713013918426, 60.79401224397532388, -5.739717604292287945 ) ) ;
#2196 = ORIENTED_EDGE ( 'NONE', *, *, #1715, .T. ) ;
#2197 = AXIS2_PLACEMENT_3D ( 'NONE', #1993, #37, #56 ) ;
#2198 = AXIS2_PLACEMENT_3D ( 'NONE', #10, #2320, #2523 ) ;
#2199 = EDGE_LOOP ( 'NONE', ( #1689, #17, #938, #2434 ) ) ;
#2200 = CIRCLE ( 'NONE', #741, 2.500000000000000000 ) ;
#2201 = DIRECTION ( 'NONE',  ( -1.139961141356187699E-13, 0.9987717903683451803, -0.04954705606199349965 ) ) ;
#2202 = EDGE_LOOP ( 'NONE', ( #325, #99, #2602, #3627 ) ) ;
#2203 = VECTOR ( 'NONE', #2670, 1000.000000000000227 ) ;
#2204 = EDGE_CURVE ( 'NONE', #2010, #468, #3198, .T. ) ;
#2205 = PLANE ( 'NONE',  #3151 ) ;
#2206 = ORIENTED_EDGE ( 'NONE', *, *, #3407, .F. ) ;
#2207 = CARTESIAN_POINT ( 'NONE',  ( -1.871301391620505683E-05, 60.79492903586638874, -20.15852249172175803 ) ) ;
#2208 = EDGE_CURVE ( 'NONE', #750, #2278, #1419, .T. ) ;
#2209 = CARTESIAN_POINT ( 'NONE',  ( -10.00001871300276690, -22.50768590552631920, 19.83618095043076934 ) ) ;
#2210 = DIRECTION ( 'NONE',  ( 1.000000000000000000, 2.275957200481570908E-13, -5.551115123125782702E-15 ) ) ;
#2211 = DIRECTION ( 'NONE',  ( 1.139325528289790339E-13, -0.9999999979785942905, -6.358310577533193841E-05 ) ) ;
#2212 = DIRECTION ( 'NONE',  ( 1.000000000000000000, 2.275957200481570908E-13, -5.551115123125782702E-15 ) ) ;
#2213 = EDGE_LOOP ( 'NONE', ( #3333, #2897 ) ) ;
#2214 = VERTEX_POINT ( 'NONE', #14 ) ;
#2215 = CARTESIAN_POINT ( 'NONE',  ( -10.00001871300226775, 21.09122109772520304, 21.42918112920390072 ) ) ;
#2216 = CARTESIAN_POINT ( 'NONE',  ( -1.871302951483855281E-05, 129.0931178152892187, -10.40417986040587195 ) ) ;
#2217 = EDGE_LOOP ( 'NONE', ( #3182, #2903, #3169, #701 ) ) ;
#2218 = EDGE_LOOP ( 'NONE', ( #1693, #194 ) ) ;
#2219 = CARTESIAN_POINT ( 'NONE',  ( 2.499981286976982187, 100.7949289552632877, -20.15597916749875651 ) ) ;
#2220 = ORIENTED_EDGE ( 'NONE', *, *, #2360, .T. ) ;
#2221 = FACE_BOUND ( 'NONE', #2919, .T. ) ;
#2222 = ORIENTED_EDGE ( 'NONE', *, *, #3105, .F. ) ;
#2223 = CARTESIAN_POINT ( 'NONE',  ( 2.499981286990637930, 40.79300568773078339, 10.09020578523545097 ) ) ;
#2224 = EDGE_CURVE ( 'NONE', #2324, #1504, #488, .T. ) ;
#2225 = CARTESIAN_POINT ( 'NONE',  ( -1.871301619216225731E-05, 70.79238569150500382, 19.84211325848070473 ) ) ;
#2226 = EDGE_CURVE ( 'NONE', #1763, #451, #966, .T. ) ;
#2227 = DIRECTION ( 'NONE',  ( -5.773159728019287184E-15, 6.358310577535970754E-05, -0.9999999979785945126 ) ) ;
#2228 = DIRECTION ( 'NONE',  ( -5.773159728019287184E-15, 6.358310577535970754E-05, -0.9999999979785945126 ) ) ;
#2229 = CARTESIAN_POINT ( 'NONE',  ( 2.499981286983810058, 70.79300562726567136, 10.09211327865236463 ) ) ;
#2230 = VERTEX_POINT ( 'NONE', #2452 ) ;
#2231 = DIRECTION ( 'NONE',  ( -5.545699401048351450E-15, 6.358310602959384129E-05, -0.9999999979785944015 ) ) ;
#2232 = CARTESIAN_POINT ( 'NONE',  ( -1.871300936429065587E-05, 40.79401228430254633, -5.740989266903140376 ) ) ;
#2233 = EDGE_LOOP ( 'NONE', ( #2643, #858 ) ) ;
#2234 = ORIENTED_EDGE ( 'NONE', *, *, #3425, .T. ) ;
#2235 = CARTESIAN_POINT ( 'NONE',  ( -2.500018713009366511, 40.79401228430199211, -5.740989266903112842 ) ) ;
#2236 = AXIS2_PLACEMENT_3D ( 'NONE', #2558, #3422, #588 ) ;
#2237 = ORIENTED_EDGE ( 'NONE', *, *, #2657, .T. ) ;
#2238 = DIRECTION ( 'NONE',  ( 1.000000000000000000, 1.140928651987716723E-13, -5.765905360978586584E-15 ) ) ;
#2239 = ORIENTED_EDGE ( 'NONE', *, *, #2427, .F. ) ;
#2240 = CARTESIAN_POINT ( 'NONE',  ( -1.871301846811945779E-05, 80.79492899553972052, -20.15725082911087895 ) ) ;
#2241 = CYLINDRICAL_SURFACE ( 'NONE', #1077, 2.500000000000000000 ) ;
#2242 = CARTESIAN_POINT ( 'NONE',  ( -1.871300003841724902E-05, -40.80644422126944448, 19.83501745800558780 ) ) ;
#2243 = CARTESIAN_POINT ( 'NONE',  ( 9.999981286993421037, 28.59181456520423836, 10.08942999523856976 ) ) ;
#2244 = DIRECTION ( 'NONE',  ( 1.000000000000000000, 1.135472064529175003E-13, -5.632848122122710662E-15 ) ) ;
#2245 = EDGE_CURVE ( 'NONE', #2230, #3108, #2551, .T. ) ;
#2246 = ORIENTED_EDGE ( 'NONE', *, *, #861, .T. ) ;
#2247 = ADVANCED_FACE ( 'NONE', ( #330 ), #3415, .F. ) ;
#2248 = CIRCLE ( 'NONE', #2483, 2.500000000000000000 ) ;
#2249 = CARTESIAN_POINT ( 'NONE',  ( -1.871300236988560073E-05, -0.007675088697228771295, 29.99522142927890656 ) ) ;
#2250 = EDGE_CURVE ( 'NONE', #2402, #2713, #1843, .T. ) ;
#2251 = FACE_OUTER_BOUND ( 'NONE', #2599, .T. ) ;
#2252 = VERTEX_POINT ( 'NONE', #308 ) ;
#2253 = CIRCLE ( 'NONE', #2310, 2.500000000000000000 ) ;
#2254 = CIRCLE ( 'NONE', #2484, 2.500000000000000000 ) ;
#2255 = DIRECTION ( 'NONE',  ( 1.000000000000000000, 0.000000000000000000, -5.898059818321144121E-15 ) ) ;
#2256 = VECTOR ( 'NONE', #670, 1000.000000000000227 ) ;
#2257 = CIRCLE ( 'NONE', #678, 2.500000000000000000 ) ;
#2258 = ORIENTED_EDGE ( 'NONE', *, *, #479, .F. ) ;
#2259 = CIRCLE ( 'NONE', #3086, 2.500000000000000000 ) ;
#2260 = FACE_BOUND ( 'NONE', #2704, .T. ) ;
#2261 = ORIENTED_EDGE ( 'NONE', *, *, #2567, .T. ) ;
#2262 = DIRECTION ( 'NONE',  ( 1.000000000000000000, 1.136293785750326998E-13, -5.660076798476017019E-15 ) ) ;
#2263 = DIRECTION ( 'NONE',  ( -6.666234944198022064E-15, 6.358310602959384129E-05, -0.9999999979785944015 ) ) ;
#2264 = AXIS2_PLACEMENT_3D ( 'NONE', #2004, #3125, #2857 ) ;
#2265 = DIRECTION ( 'NONE',  ( -1.142876642989761396E-13, 0.9987717903683451803, -0.04954705606199365231 ) ) ;
#2266 = CARTESIAN_POINT ( 'NONE',  ( 9.999981286999970465, -14.85608765391063812, 16.94351969993754281 ) ) ;
#2267 = DIRECTION ( 'NONE',  ( -1.139961141356187699E-13, 0.9987717903683451803, -0.04954705606199349965 ) ) ;
#2268 = ORIENTED_EDGE ( 'NONE', *, *, #3128, .F. ) ;
#2269 = DIRECTION ( 'NONE',  ( -6.666234944198022064E-15, 6.358310602959384129E-05, -0.9999999979785944015 ) ) ;
#2270 = DIRECTION ( 'NONE',  ( -1.139961141356187699E-13, 0.9987717903683451803, -0.04954705606199349965 ) ) ;
#2271 = EDGE_CURVE ( 'NONE', #1664, #1310, #348, .T. ) ;
#2272 = CYLINDRICAL_SURFACE ( 'NONE', #2849, 2.500000000000000000 ) ;
#2273 = ORIENTED_EDGE ( 'NONE', *, *, #1978, .T. ) ;
#2274 = EDGE_CURVE ( 'NONE', #2338, #2814, #1385, .T. ) ;
#2275 = DIRECTION ( 'NONE',  ( 1.000000000000000000, 1.140928651987716975E-13, -5.765905360978588951E-15 ) ) ;
#2276 = EDGE_LOOP ( 'NONE', ( #1653, #1578, #531, #2524 ) ) ;
#2277 = CARTESIAN_POINT ( 'NONE',  ( 2.499981286999963803, -80.80481760932603663, -5.748720898210657460 ) ) ;
#2278 = VERTEX_POINT ( 'NONE', #582 ) ;
#2279 = DIRECTION ( 'NONE',  ( 5.773159728021815483E-15, -6.358310577535969399E-05, 0.9999999979785942905 ) ) ;
#2280 = CARTESIAN_POINT ( 'NONE',  ( -10.00001871300659673, 28.59303254719350207, -9.066319156693342762 ) ) ;
#2281 = ORIENTED_EDGE ( 'NONE', *, *, #2616, .T. ) ;
#2282 = CYLINDRICAL_SURFACE ( 'NONE', #2604, 2.500000000000000000 ) ;
#2283 = ORIENTED_EDGE ( 'NONE', *, *, #3475, .F. ) ;
#2284 = DIRECTION ( 'NONE',  ( -1.142658131066535857E-14, 0.04967703253333632940, -0.9987653340192987894 ) ) ;
#2285 = DIRECTION ( 'NONE',  ( 1.140924987961755907E-13, -0.9999999979785936244, -6.358311596693644319E-05 ) ) ;
#2286 = ORIENTED_EDGE ( 'NONE', *, *, #948, .F. ) ;
#2287 = CARTESIAN_POINT ( 'NONE',  ( 9.999981286999970465, -18.90576755507292361, -0.005980231033347882530 ) ) ;
#2288 = CARTESIAN_POINT ( 'NONE',  ( -2.500018713000040638, -90.80390079622846145, -20.16816161595327728 ) ) ;
#2289 = EDGE_CURVE ( 'NONE', #1041, #2397, #3438, .T. ) ;
#2290 = ORIENTED_EDGE ( 'NONE', *, *, #979, .F. ) ;
#2291 = DIRECTION ( 'NONE',  ( 1.000000000000000000, 0.000000000000000000, -5.551115123125782702E-15 ) ) ;
#2292 = EDGE_LOOP ( 'NONE', ( #3525, #220 ) ) ;
#2293 = DIRECTION ( 'NONE',  ( -1.139961141557037492E-13, 0.9987717903683451803, -0.04954705606199423518 ) ) ;
#2294 = CARTESIAN_POINT ( 'NONE',  ( -1.871301846811945779E-05, 80.79401220369894077, -5.738445942680164613 ) ) ;
#2295 = DIRECTION ( 'NONE',  ( 1.000000000000000000, 1.140928651987716975E-13, -5.765905360978588951E-15 ) ) ;
#2296 = VERTEX_POINT ( 'NONE', #876 ) ;
#2297 = CARTESIAN_POINT ( 'NONE',  ( -1.871302074407665827E-05, 90.79430904063993069, -10.40661501842679648 ) ) ;
#2298 = ORIENTED_EDGE ( 'NONE', *, *, #86, .F. ) ;
#2299 = CARTESIAN_POINT ( 'NONE',  ( -1.871300003841724902E-05, -23.10576754600563021, -0.006247280014415323990 ) ) ;
#2300 = DIRECTION ( 'NONE',  ( -6.666234944169016438E-15, 6.358310577535969399E-05, -0.9999999979785942905 ) ) ;
#2301 = VERTEX_POINT ( 'NONE', #2549 ) ;
#2302 = CARTESIAN_POINT ( 'NONE',  ( -10.00001871301614642, 70.91738569149450200, 19.84212120650305522 ) ) ;
#2303 = VECTOR ( 'NONE', #2125, 1000.000000000000000 ) ;
#2304 = LINE ( 'NONE', #1493, #673 ) ;
#2305 = ORIENTED_EDGE ( 'NONE', *, *, #840, .F. ) ;
#2306 = VECTOR ( 'NONE', #2460, 1000.000000000000227 ) ;
#2307 = AXIS2_PLACEMENT_3D ( 'NONE', #74, #1196, #2328 ) ;
#2308 = CYLINDRICAL_SURFACE ( 'NONE', #3241, 30.00000000000001066 ) ;
#2309 = EDGE_LOOP ( 'NONE', ( #170, #63, #474, #1692 ) ) ;
#2310 = AXIS2_PLACEMENT_3D ( 'NONE', #733, #1255, #2363 ) ;
#2311 = VECTOR ( 'NONE', #3395, 999.9999999999998863 ) ;
#2312 = DIRECTION ( 'NONE',  ( 5.773159728050820321E-15, -6.358310602959382773E-05, 0.9999999979785942905 ) ) ;
#2313 = EDGE_CURVE ( 'NONE', #960, #1938, #677, .T. ) ;
#2314 = CIRCLE ( 'NONE', #792, 2.500000000000000000 ) ;
#2315 = AXIS2_PLACEMENT_3D ( 'NONE', #3453, #1949, #2859 ) ;
#2316 = DIRECTION ( 'NONE',  ( -5.545699401048351450E-15, 6.358310602959384129E-05, -0.9999999979785944015 ) ) ;
#2317 = ADVANCED_FACE ( 'NONE', ( #1161 ), #2272, .F. ) ;
#2318 = ORIENTED_EDGE ( 'NONE', *, *, #2765, .F. ) ;
#2319 = AXIS2_PLACEMENT_3D ( 'NONE', #3019, #2987, #2428 ) ;
#2320 = DIRECTION ( 'NONE',  ( -5.773159728019287184E-15, 6.358310577535970754E-05, -0.9999999979785945126 ) ) ;
#2321 = ORIENTED_EDGE ( 'NONE', *, *, #469, .F. ) ;
#2322 = VECTOR ( 'NONE', #2127, 1000.000000000000000 ) ;
#2323 = CYLINDRICAL_SURFACE ( 'NONE', #2025, 2.500000000000000000 ) ;
#2324 = VERTEX_POINT ( 'NONE', #3116 ) ;
#2325 = CARTESIAN_POINT ( 'NONE',  ( -2.500018713016194383, 70.79401222383688719, -5.739081773486226723 ) ) ;
#2326 = ORIENTED_EDGE ( 'NONE', *, *, #2861, .F. ) ;
#2327 = DIRECTION ( 'NONE',  ( 5.773159728050820321E-15, -6.358310602959382773E-05, 0.9999999979785942905 ) ) ;
#2328 = DIRECTION ( 'NONE',  ( 1.000000000000000000, 0.000000000000000000, -5.551115123125782702E-15 ) ) ;
#2329 = ORIENTED_EDGE ( 'NONE', *, *, #2493, .F. ) ;
#2330 = DIRECTION ( 'NONE',  ( -6.666234944198022064E-15, 6.358310602959384129E-05, -0.9999999979785944015 ) ) ;
#2331 = ORIENTED_EDGE ( 'NONE', *, *, #840, .T. ) ;
#2332 = CARTESIAN_POINT ( 'NONE',  ( 9.999981286992088769, 22.49362743622693017, 19.83904227370847195 ) ) ;
#2333 = CARTESIAN_POINT ( 'NONE',  ( 9.999981286999970465, -28.60398143706629881, -0.1642067114082379486 ) ) ;
#2334 = EDGE_LOOP ( 'NONE', ( #163, #2290, #1899, #538 ) ) ;
#2335 = DIRECTION ( 'NONE',  ( 1.000000000000000000, 1.139288414629226892E-13, -5.668074280334262295E-15 ) ) ;
#2336 = EDGE_CURVE ( 'NONE', #2802, #121, #704, .T. ) ;
#2337 = DIRECTION ( 'NONE',  ( 1.000000000000000000, 1.140928651989296717E-13, -5.765905361121694630E-15 ) ) ;
#2338 = VERTEX_POINT ( 'NONE', #800 ) ;
#2339 = DIRECTION ( 'NONE',  ( 1.000000000000000000, 0.000000000000000000, -5.551115123125782702E-15 ) ) ;
#2340 = EDGE_LOOP ( 'NONE', ( #2421, #671, #235, #887 ) ) ;
#2341 = FACE_OUTER_BOUND ( 'NONE', #1562, .T. ) ;
#2342 = DIRECTION ( 'NONE',  ( -1.139961141356187195E-13, 0.9987717903683451803, -0.04954705606199430457 ) ) ;
#2343 = ORIENTED_EDGE ( 'NONE', *, *, #1080, .T. ) ;
#2344 = DIRECTION ( 'NONE',  ( 1.000000000000000000, 1.140928651989296717E-13, -5.765905361121694630E-15 ) ) ;
#2345 = ORIENTED_EDGE ( 'NONE', *, *, #1542, .F. ) ;
#2346 = DIRECTION ( 'NONE',  ( 1.000000000000000000, 1.140928651987716975E-13, -5.765905360958373601E-15 ) ) ;
#2347 = EDGE_CURVE ( 'NONE', #1797, #296, #302, .T. ) ;
#2348 = CARTESIAN_POINT ( 'NONE',  ( -1.871300003841724902E-05, -90.80582418572238623, 10.08183832261591562 ) ) ;
#2349 = VERTEX_POINT ( 'NONE', #1989 ) ;
#2350 = DIRECTION ( 'NONE',  ( 1.000000000000000000, 0.000000000000000000, -5.551115123125782702E-15 ) ) ;
#2351 = AXIS2_PLACEMENT_3D ( 'NONE', #2663, #1572, #150 ) ;
#2352 = DIRECTION ( 'NONE',  ( 1.000000000000000000, 1.135472064529175003E-13, -5.632848122122710662E-15 ) ) ;
#2353 = CC_DESIGN_SECURITY_CLASSIFICATION ( #1432, ( #2121 ) ) ;
#2354 = EDGE_CURVE ( 'NONE', #1497, #1317, #33, .T. ) ;
#2355 = ORIENTED_EDGE ( 'NONE', *, *, #2274, .F. ) ;
#2356 = CARTESIAN_POINT ( 'NONE',  ( 9.999981287001363128, -10.41872119807241326, 28.20987859411166099 ) ) ;
#2357 = ORIENTED_EDGE ( 'NONE', *, *, #362, .T. ) ;
#2358 = EDGE_CURVE ( 'NONE', #1420, #2419, #1087, .T. ) ;
#2359 =( LENGTH_UNIT ( ) NAMED_UNIT ( * ) SI_UNIT ( .MILLI., .METRE. ) );
#2360 = EDGE_CURVE ( 'NONE', #2324, #238, #3144, .T. ) ;
#2361 = PRODUCT_DEFINITION ( 'UNKNOWN', '', #2121, #3421 ) ;
#2362 = CARTESIAN_POINT ( 'NONE',  ( -1.871300003841724902E-05, -80.80644414066578918, 19.83247413375632817 ) ) ;
#2363 = DIRECTION ( 'NONE',  ( 1.000000000000000000, 2.275957200481570908E-13, -5.551115123125782702E-15 ) ) ;
#2364 = VERTEX_POINT ( 'NONE', #2243 ) ;
#2365 = CARTESIAN_POINT ( 'NONE',  ( -1.871301391620505683E-05, 60.79300564745329893, 10.09147744684751835 ) ) ;
#2366 = PRODUCT_DEFINITION_SHAPE ( 'NONE', 'NONE',  #2361 ) ;
#2367 = ORIENTED_EDGE ( 'NONE', *, *, #2515, .F. ) ;
#2368 = DIRECTION ( 'NONE',  ( 1.000000000000000000, 0.000000000000000000, -5.898059818321144121E-15 ) ) ;
#2369 = AXIS2_PLACEMENT_3D ( 'NONE', #284, #22, #3110 ) ;
#2370 = CIRCLE ( 'NONE', #3492, 2.500000000000000000 ) ;
#2371 = AXIS2_PLACEMENT_3D ( 'NONE', #2232, #2468, #234 ) ;
#2372 = AXIS2_PLACEMENT_3D ( 'NONE', #3300, #3637, #1115 ) ;
#2373 = CARTESIAN_POINT ( 'NONE',  ( -1.871300003841724902E-05, -80.80481760932603663, -5.748720898210657460 ) ) ;
#2374 = CARTESIAN_POINT ( 'NONE',  ( 9.999981286999970465, 14.84253062033663539, 14.84540802537270920 ) ) ;
#2375 = AXIS2_PLACEMENT_3D ( 'NONE', #619, #2034, #1489 ) ;
#2376 = AXIS2_PLACEMENT_3D ( 'NONE', #3320, #833, #1097 ) ;
#2377 = DIRECTION ( 'NONE',  ( -6.666234944169016438E-15, 6.358310577535969399E-05, -0.9999999979785942905 ) ) ;
#2378 = AXIS2_PLACEMENT_3D ( 'NONE', #466, #1038, #3243 ) ;
#2379 = ORIENTED_EDGE ( 'NONE', *, *, #568, .T. ) ;
#2380 = DIRECTION ( 'NONE',  ( -1.140924988162776346E-13, 0.9999999979785942905, 6.358310602959403102E-05 ) ) ;
#2381 = VERTEX_POINT ( 'NONE', #1917 ) ;
#2382 = CIRCLE ( 'NONE', #1911, 2.500000000000000000 ) ;
#2383 = PERSON_AND_ORGANIZATION ( #1346, #480 ) ;
#2384 = EDGE_CURVE ( 'NONE', #947, #1417, #97, .T. ) ;
#2385 = CARTESIAN_POINT ( 'NONE',  ( -1.871300003841724902E-05, -40.80582428646450666, 10.08501747817719441 ) ) ;
#2386 = CARTESIAN_POINT ( 'NONE',  ( -1.871300003841724902E-05, -0.005717094161389324469, -0.004778506825398043389 ) ) ;
#2387 = ORIENTED_EDGE ( 'NONE', *, *, #2796, .T. ) ;
#2388 = EDGE_CURVE ( 'NONE', #922, #440, #2672, .T. ) ;
#2389 = DIRECTION ( 'NONE',  ( 5.773159728050820321E-15, -6.358310602959382773E-05, 0.9999999979785942905 ) ) ;
#2390 = VERTEX_POINT ( 'NONE', #266 ) ;
#2391 = CARTESIAN_POINT ( 'NONE',  ( -1.871302074407665827E-05, 90.79401218351077318, -5.737810110875346759 ) ) ;
#2392 = CARTESIAN_POINT ( 'NONE',  ( -10.00001871299999223, -0.004432348573141231540, -21.00477846740345100 ) ) ;
#2393 = CARTESIAN_POINT ( 'NONE',  ( 9.999981286993421037, 28.59246629200526257, -0.1605699836076945886 ) ) ;
#2394 = CARTESIAN_POINT ( 'NONE',  ( -10.00001871299999223, -119.3533295268532157, -10.41997685768786219 ) ) ;
#2395 = ORIENTED_EDGE ( 'NONE', *, *, #28, .F. ) ;
#2396 = CARTESIAN_POINT ( 'NONE',  ( 9.999981286977563499, -15.87798518668032521, -25.54739799262295818 ) ) ;
#2397 = VERTEX_POINT ( 'NONE', #2504 ) ;
#2398 = PLANE ( 'NONE',  #3199 ) ;
#2399 = CARTESIAN_POINT ( 'NONE',  ( 9.999981286999970465, -70.93144416079610437, 19.83310201731416811 ) ) ;
#2400 = ORIENTED_EDGE ( 'NONE', *, *, #2653, .T. ) ;
#2401 = CARTESIAN_POINT ( 'NONE',  ( -1.871300003841724902E-05, -100.8064441003392062, 19.83120247213107490 ) ) ;
#2402 = VERTEX_POINT ( 'NONE', #1372 ) ;
#2403 = LINE ( 'NONE', #1553, #549 ) ;
#2404 = EDGE_CURVE ( 'NONE', #2814, #2338, #2724, .T. ) ;
#2405 = EDGE_LOOP ( 'NONE', ( #232, #3542, #675, #2441 ) ) ;
#2406 = EDGE_CURVE ( 'NONE', #121, #2176, #3162, .T. ) ;
#2407 = DIRECTION ( 'NONE',  ( 1.000000000000000000, 1.140928651987716975E-13, -5.765905360978588951E-15 ) ) ;
#2408 = LINE ( 'NONE', #159, #3501 ) ;
#2409 = CARTESIAN_POINT ( 'NONE',  ( -2.500018713023022254, 100.7943090194523279, -10.40597918667163313 ) ) ;
#2410 = LINE ( 'NONE', #1108, #2900 ) ;
#2411 = FACE_BOUND ( 'NONE', #313, .T. ) ;
#2412 = ORIENTED_EDGE ( 'NONE', *, *, #3293, .T. ) ;
#2413 = DIRECTION ( 'NONE',  ( -6.666234944169016438E-15, 6.358310577535969399E-05, -0.9999999979785942905 ) ) ;
#2414 = CYLINDRICAL_SURFACE ( 'NONE', #2786, 17.00000000010000889 ) ;
#2415 = ORIENTED_EDGE ( 'NONE', *, *, #1515, .T. ) ;
#2416 = DIRECTION ( 'NONE',  ( -5.773159728019287184E-15, 6.358310577535970754E-05, -0.9999999979785945126 ) ) ;
#2417 = ORIENTED_EDGE ( 'NONE', *, *, #410, .F. ) ;
#2418 = CYLINDRICAL_SURFACE ( 'NONE', #2422, 2.500000000000000000 ) ;
#2419 = VERTEX_POINT ( 'NONE', #3593 ) ;
#2420 = CARTESIAN_POINT ( 'NONE',  ( -1.871302074407665827E-05, 90.79401218351077318, -5.737810110875346759 ) ) ;
#2421 = ORIENTED_EDGE ( 'NONE', *, *, #3378, .F. ) ;
#2422 = AXIS2_PLACEMENT_3D ( 'NONE', #2983, #3572, #2946 ) ;
#2423 = EDGE_CURVE ( 'NONE', #2957, #2364, #535, .T. ) ;
#2424 = DIRECTION ( 'NONE',  ( 5.773159728050820321E-15, -6.358310602959382773E-05, 0.9999999979785942905 ) ) ;
#2425 = CIRCLE ( 'NONE', #847, 2.500000000000000000 ) ;
#2426 = CIRCLE ( 'NONE', #1145, 2.099999999999999645 ) ;
#2427 = EDGE_CURVE ( 'NONE', #2449, #293, #1095, .T. ) ;
#2428 = DIRECTION ( 'NONE',  ( 1.000000000000000000, 0.000000000000000000, -5.898059818321144121E-15 ) ) ;
#2429 = VECTOR ( 'NONE', #3543, 1000.000000000000227 ) ;
#2430 = DIRECTION ( 'NONE',  ( -6.666234944198022064E-15, 6.358310602959384129E-05, -0.9999999979785944015 ) ) ;
#2431 = ORIENTED_EDGE ( 'NONE', *, *, #566, .T. ) ;
#2432 = AXIS2_PLACEMENT_3D ( 'NONE', #3412, #3472, #2009 ) ;
#2433 = AXIS2_PLACEMENT_3D ( 'NONE', #2726, #3041, #3354 ) ;
#2434 = ORIENTED_EDGE ( 'NONE', *, *, #2578, .T. ) ;
#2435 = DIRECTION ( 'NONE',  ( 1.000000000000000000, 0.000000000000000000, -5.551115123125782702E-15 ) ) ;
#2436 = VECTOR ( 'NONE', #3053, 1000.000000000000000 ) ;
#2437 = LINE ( 'NONE', #755, #3550 ) ;
#2438 = VERTEX_POINT ( 'NONE', #3371 ) ;
#2439 = EDGE_LOOP ( 'NONE', ( #2516, #2367, #1341, #3409 ) ) ;
#2440 = DIRECTION ( 'NONE',  ( 1.000000000000000000, 0.000000000000000000, -5.551115123125782702E-15 ) ) ;
#2441 = ORIENTED_EDGE ( 'NONE', *, *, #2134, .T. ) ;
#2442 = CARTESIAN_POINT ( 'NONE',  ( -10.00001871302719181, 119.3418143814073744, 10.09520016250536933 ) ) ;
#2443 = ORIENTED_EDGE ( 'NONE', *, *, #2532, .F. ) ;
#2444 = CARTESIAN_POINT ( 'NONE',  ( -1.871300003841724902E-05, -40.80452083277427988, -10.41498248051406250 ) ) ;
#2445 = ADVANCED_FACE ( 'NONE', ( #2540 ), #286, .F. ) ;
#2446 = FACE_OUTER_BOUND ( 'NONE', #1606, .T. ) ;
#2447 = DIRECTION ( 'NONE',  ( 5.773159728019287184E-15, -6.358310577535970754E-05, 0.9999999979785945126 ) ) ;
#2448 = EDGE_CURVE ( 'NONE', #2751, #1211, #1971, .T. ) ;
#2449 = VERTEX_POINT ( 'NONE', #1151 ) ;
#2450 = APPROVAL_STATUS ( 'not_yet_approved' ) ;
#2451 = CARTESIAN_POINT ( 'NONE',  ( -10.00001871300101541, 10.40359797329497304, 28.21120254253149540 ) ) ;
#2452 = CARTESIAN_POINT ( 'NONE',  ( 2.499981286981534101, 80.79300560712718493, 10.09274910945842585 ) ) ;
#2453 = ORIENTED_EDGE ( 'NONE', *, *, #3559, .F. ) ;
#2454 = CARTESIAN_POINT ( 'NONE',  ( -10.00001871302724865, 119.3411944461465737, 19.84520014235852159 ) ) ;
#2455 = ORIENTED_EDGE ( 'NONE', *, *, #2427, .T. ) ;
#2456 = DIRECTION ( 'NONE',  ( 1.000000000000000000, 2.275957200481570908E-13, -5.898059818321144121E-15 ) ) ;
#2457 = ORIENTED_EDGE ( 'NONE', *, *, #2637, .F. ) ;
#2458 = DIRECTION ( 'NONE',  ( 1.000000000000000000, 0.000000000000000000, -5.551115123125782702E-15 ) ) ;
#2459 = ORIENTED_EDGE ( 'NONE', *, *, #926, .T. ) ;
#2460 = DIRECTION ( 'NONE',  ( -6.666234944169016438E-15, 6.358310577535969399E-05, -0.9999999979785942905 ) ) ;
#2461 = DIRECTION ( 'NONE',  ( -5.773159768385721745E-15, 6.358310602977826408E-05, -0.9999999979785942905 ) ) ;
#2462 = CARTESIAN_POINT ( 'NONE',  ( -10.00001871301464718, 22.21421710399695826, -20.16097557311569233 ) ) ;
#2463 = DIRECTION ( 'NONE',  ( 1.000000000000000000, 0.000000000000000000, -5.551115123125782702E-15 ) ) ;
#2464 = ORIENTED_EDGE ( 'NONE', *, *, #1872, .F. ) ;
#2465 = VERTEX_POINT ( 'NONE', #2266 ) ;
#2466 = CARTESIAN_POINT ( 'NONE',  ( -10.00001871299999223, -0.007236363600060524703, 23.09522144293213586 ) ) ;
#2467 = EDGE_CURVE ( 'NONE', #2661, #427, #2080, .T. ) ;
#2468 = DIRECTION ( 'NONE',  ( 5.773159728021815483E-15, -6.358310577535969399E-05, 0.9999999979785942905 ) ) ;
#2469 = ORIENTED_EDGE ( 'NONE', *, *, #3152, .F. ) ;
#2470 = ADVANCED_FACE ( 'NONE', ( #1047 ), #3326, .F. ) ;
#2471 = ORIENTED_EDGE ( 'NONE', *, *, #591, .T. ) ;
#2472 = LOCAL_TIME ( 16, 7, 53.00000000000000000, #2156 ) ;
#2473 = CARTESIAN_POINT ( 'NONE',  ( -2.500018713013918426, 60.79238571164288629, 19.84147742767464351 ) ) ;
#2474 = ORIENTED_EDGE ( 'NONE', *, *, #2226, .F. ) ;
#2475 = FACE_BOUND ( 'NONE', #336, .T. ) ;
#2476 = ORIENTED_EDGE ( 'NONE', *, *, #2313, .F. ) ;
#2477 = DIRECTION ( 'NONE',  ( 1.000000000000000000, 2.275957200481570908E-13, -5.551115123125782702E-15 ) ) ;
#2478 = DIRECTION ( 'NONE',  ( 1.000000000000000000, 2.275957200481570908E-13, -5.551115123125782702E-15 ) ) ;
#2479 = AXIS2_PLACEMENT_3D ( 'NONE', #2633, #2073, #2293 ) ;
#2480 = DIRECTION ( 'NONE',  ( 1.000000000000000000, 1.140928651987716975E-13, -5.765905360958373601E-15 ) ) ;
#2481 = CARTESIAN_POINT ( 'NONE',  ( -10.00001871300110068, 8.245689928862637075, -28.92296484317221328 ) ) ;
#2482 = DIRECTION ( 'NONE',  ( 1.000000000000000000, 2.275957200481570908E-13, -5.551115123125782702E-15 ) ) ;
#2483 = AXIS2_PLACEMENT_3D ( 'NONE', #1968, #2834, #1751 ) ;
#2484 = AXIS2_PLACEMENT_3D ( 'NONE', #1640, #3306, #494 ) ;
#2485 = ORIENTED_EDGE ( 'NONE', *, *, #2130, .F. ) ;
#2486 = VECTOR ( 'NONE', #2992, 999.9999999999998863 ) ;
#2487 = ORIENTED_EDGE ( 'NONE', *, *, #2819, .T. ) ;
#2488 = DIRECTION ( 'NONE',  ( -1.142876642989761396E-13, 0.9987717903683451803, -0.04954705606199365231 ) ) ;
#2489 = DIRECTION ( 'NONE',  ( 1.000000000000000000, 1.142568764924866627E-13, -5.668053422848198518E-15 ) ) ;
#2490 = VERTEX_POINT ( 'NONE', #769 ) ;
#2491 = AXIS2_PLACEMENT_3D ( 'NONE', #2600, #1772, #2894 ) ;
#2492 = VECTOR ( 'NONE', #2430, 999.9999999999998863 ) ;
#2493 = EDGE_CURVE ( 'NONE', #1595, #1543, #3303, .T. ) ;
#2494 = ORIENTED_EDGE ( 'NONE', *, *, #1012, .F. ) ;
#2495 = VECTOR ( 'NONE', #613, 1000.000000000000000 ) ;
#2496 = FACE_BOUND ( 'NONE', #3294, .T. ) ;
#2497 = EDGE_CURVE ( 'NONE', #1041, #77, #2753, .T. ) ;
#2498 = ORIENTED_EDGE ( 'NONE', *, *, #76, .F. ) ;
#2499 = PLANE ( 'NONE',  #158 ) ;
#2500 = VERTEX_POINT ( 'NONE', #3394 ) ;
#2501 = CARTESIAN_POINT ( 'NONE',  ( 9.999981286999970465, -23.10576754700438684, -0.006247279964871621516 ) ) ;
#2502 = FACE_OUTER_BOUND ( 'NONE', #1404, .T. ) ;
#2503 = FACE_OUTER_BOUND ( 'NONE', #2013, .T. ) ;
#2504 = CARTESIAN_POINT ( 'NONE',  ( -2.500018713009366511, 40.79238575196949768, 19.84020576506378930 ) ) ;
#2505 = FACE_BOUND ( 'NONE', #2938, .T. ) ;
#2506 = VERTEX_POINT ( 'NONE', #2454 ) ;
#2507 = ORIENTED_EDGE ( 'NONE', *, *, #1633, .F. ) ;
#2508 = DIRECTION ( 'NONE',  ( -1.142604529510056771E-13, 0.9987717903683450693, -0.04954705606199365231 ) ) ;
#2509 = CARTESIAN_POINT ( 'NONE',  ( -1.871300003841724902E-05, -119.3552529154482329, 19.83002308083672816 ) ) ;
#2510 = EDGE_LOOP ( 'NONE', ( #1071, #116 ) ) ;
#2511 = EDGE_LOOP ( 'NONE', ( #2357, #3363 ) ) ;
#2512 = CARTESIAN_POINT ( 'NONE',  ( -10.00001871299999223, -129.1052528956761591, 19.82940314605163934 ) ) ;
#2513 = EDGE_LOOP ( 'NONE', ( #1288, #1620 ) ) ;
#2514 = CYLINDRICAL_SURFACE ( 'NONE', #2678, 2.500000000000000000 ) ;
#2515 = EDGE_CURVE ( 'NONE', #3269, #750, #496, .T. ) ;
#2516 = ORIENTED_EDGE ( 'NONE', *, *, #2208, .F. ) ;
#2517 = DIRECTION ( 'NONE',  ( 1.000000000000000000, 2.275957200481570908E-13, -5.551115123125782702E-15 ) ) ;
#2518 = CARTESIAN_POINT ( 'NONE',  ( -10.00001871301448020, 22.49362743622165794, 19.83904227374755180 ) ) ;
#2519 = EDGE_CURVE ( 'NONE', #451, #1763, #1791, .T. ) ;
#2520 = LINE ( 'NONE', #1068, #332 ) ;
#2521 = CARTESIAN_POINT ( 'NONE',  ( -10.00001871299891754, -10.24821400259813586, -28.27915816824968331 ) ) ;
#2522 = CC_DESIGN_PERSON_AND_ORGANIZATION_ASSIGNMENT ( #2383, #1828, ( #2121 ) ) ;
#2523 = DIRECTION ( 'NONE',  ( 1.000000000000000000, 2.275957200481570908E-13, -5.551115123125782702E-15 ) ) ;
#2524 = ORIENTED_EDGE ( 'NONE', *, *, #2224, .T. ) ;
#2525 = ADVANCED_FACE ( 'NONE', ( #3159 ), #2323, .F. ) ;
#2526 = CARTESIAN_POINT ( 'NONE',  ( -1.871300003841724902E-05, -0.005817967641624788300, -0.004783524003598715879 ) ) ;
#2527 = DIRECTION ( 'NONE',  ( 1.000000000000000000, 0.000000000000000000, -5.551115123125782702E-15 ) ) ;
#2528 = ORIENTED_EDGE ( 'NONE', *, *, #751, .F. ) ;
#2529 = DIRECTION ( 'NONE',  ( 1.135131874536618538E-13, -0.9987654815812405662, -0.04967406568615692630 ) ) ;
#2530 = AXIS2_PLACEMENT_3D ( 'NONE', #3220, #2416, #686 ) ;
#2531 = ORIENTED_EDGE ( 'NONE', *, *, #36, .F. ) ;
#2532 = EDGE_CURVE ( 'NONE', #368, #1027, #1793, .T. ) ;
#2533 = LOCAL_TIME ( 16, 7, 53.00000000000000000, #1722 ) ;
#2534 = LINE ( 'NONE', #3463, #1455 ) ;
#2535 = ORIENTED_EDGE ( 'NONE', *, *, #2001, .F. ) ;
#2536 = FACE_BOUND ( 'NONE', #1368, .T. ) ;
#2537 = CARTESIAN_POINT ( 'NONE',  ( 9.999981286999970465, -119.3533295268532157, -10.41997685768786219 ) ) ;
#2538 = ADVANCED_FACE ( 'NONE', ( #345 ), #1541, .T. ) ;
#2539 = CYLINDRICAL_SURFACE ( 'NONE', #1393, 9.750000000000007105 ) ;
#2540 = FACE_OUTER_BOUND ( 'NONE', #1871, .T. ) ;
#2541 = EDGE_CURVE ( 'NONE', #2191, #1601, #2654, .T. ) ;
#2542 = DIRECTION ( 'NONE',  ( 1.000000000000000000, 1.140928651987716975E-13, -5.765905360978588951E-15 ) ) ;
#2543 = ORIENTED_EDGE ( 'NONE', *, *, #2810, .F. ) ;
#2544 = ADVANCED_FACE ( 'NONE', ( #3432 ), #1473, .F. ) ;
#2545 = AXIS2_PLACEMENT_3D ( 'NONE', #2391, #2665, #1589 ) ;
#2546 = DIRECTION ( 'NONE',  ( 1.000000000000000000, 2.275957200481570908E-13, -5.551115123125782702E-15 ) ) ;
#2547 = CIRCLE ( 'NONE', #2137, 2.099999999630000502 ) ;
#2548 = DIRECTION ( 'NONE',  ( 5.773159728050820321E-15, -6.358310602959382773E-05, 0.9999999979785942905 ) ) ;
#2549 = CARTESIAN_POINT ( 'NONE',  ( 2.499981286999963803, -60.80452079244771824, -10.41625414213928558 ) ) ;
#2550 = VERTEX_POINT ( 'NONE', #653 ) ;
#2551 = CIRCLE ( 'NONE', #788, 2.500000000000000000 ) ;
#2552 = AXIS2_PLACEMENT_3D ( 'NONE', #1774, #1457, #54 ) ;
#2553 = CARTESIAN_POINT ( 'NONE',  ( -10.00001871300654166, 28.59181456519968734, 10.08942999523856976 ) ) ;
#2554 = AXIS2_PLACEMENT_3D ( 'NONE', #1338, #1824, #2950 ) ;
#2555 = AXIS2_PLACEMENT_3D ( 'NONE', #3410, #2542, #360 ) ;
#2556 = EDGE_LOOP ( 'NONE', ( #2887, #382, #2008, #3545 ) ) ;
#2557 = CIRCLE ( 'NONE', #1152, 2.100000000000000533 ) ;
#2558 = CARTESIAN_POINT ( 'NONE',  ( -1.871300003841724902E-05, -80.80582420586091530, 10.08247415392793300 ) ) ;
#2559 = ORIENTED_EDGE ( 'NONE', *, *, #979, .T. ) ;
#2560 = DIRECTION ( 'NONE',  ( 5.773159728021815483E-15, -6.358310577535969399E-05, 0.9999999979785942905 ) ) ;
#2561 = DIRECTION ( 'NONE',  ( 5.773159728048290444E-15, -6.358310602959382773E-05, 0.9999999979785942905 ) ) ;
#2562 = CIRCLE ( 'NONE', #3028, 2.500000000000000000 ) ;
#2563 = CARTESIAN_POINT ( 'NONE',  ( -2.500018713018470340, 80.79492899553916629, -20.15725082911087895 ) ) ;
#2564 = ORIENTED_EDGE ( 'NONE', *, *, #2718, .T. ) ;
#2565 = CARTESIAN_POINT ( 'NONE',  ( -10.00001871299999223, 20.99423236432998507, -0.003443264987440519675 ) ) ;
#2566 = EDGE_LOOP ( 'NONE', ( #3068, #371 ) ) ;
#2567 = EDGE_CURVE ( 'NONE', #2827, #666, #559, .T. ) ;
#2568 = ORIENTED_EDGE ( 'NONE', *, *, #2048, .F. ) ;
#2569 = LINE ( 'NONE', #599, #1028 ) ;
#2570 = CARTESIAN_POINT ( 'NONE',  ( -1.871300936429065587E-05, 40.79401228430254633, -5.740989266903140376 ) ) ;
#2571 = ORIENTED_EDGE ( 'NONE', *, *, #2423, .F. ) ;
#2572 = CARTESIAN_POINT ( 'NONE',  ( -1.871300003841724902E-05, -60.80481764960305213, -5.747449235586649330 ) ) ;
#2573 = CARTESIAN_POINT ( 'NONE',  ( -2.500018713000040638, -90.80452073203213104, -10.41816163607531287 ) ) ;
#2574 = EDGE_LOOP ( 'NONE', ( #2145, #1239, #1759, #2239 ) ) ;
#2575 = LINE ( 'NONE', #3181, #1127 ) ;
#2576 = ORIENTED_EDGE ( 'NONE', *, *, #3332, .T. ) ;
#2577 = LINE ( 'NONE', #2594, #608 ) ;
#2578 = EDGE_CURVE ( 'NONE', #2296, #1014, #3172, .T. ) ;
#2579 = DIRECTION ( 'NONE',  ( 1.000000000000000000, 2.275957200481570908E-13, -5.551115123125782702E-15 ) ) ;
#2580 = DIRECTION ( 'NONE',  ( 1.000000000000000000, 0.000000000000000000, -5.551115123125782702E-15 ) ) ;
#2581 = EDGE_LOOP ( 'NONE', ( #1243, #683, #2443, #19 ) ) ;
#2582 = CARTESIAN_POINT ( 'NONE',  ( -10.00001871302075251, -28.60456773490746585, 9.056762136714247902 ) ) ;
#2583 = ORIENTED_EDGE ( 'NONE', *, *, #2591, .T. ) ;
#2584 = CARTESIAN_POINT ( 'NONE',  ( 2.499981286999963803, -70.80481762946452307, -5.748085066898639184 ) ) ;
#2585 = DIRECTION ( 'NONE',  ( -6.666234944169016438E-15, 6.358310577535969399E-05, -0.9999999979785942905 ) ) ;
#2586 = EDGE_LOOP ( 'NONE', ( #31, #2632 ) ) ;
#2587 = APPLICATION_PROTOCOL_DEFINITION ( 'international standard', 'config_control_design', 1994, #2047 ) ;
#2588 = ADVANCED_FACE ( 'NONE', ( #1507 ), #3455, .F. ) ;
#2589 = CARTESIAN_POINT ( 'NONE',  ( -1.871300003841724902E-05, -60.80644418094286152, 19.83374579638033808 ) ) ;
#2590 = ORIENTED_EDGE ( 'NONE', *, *, #1881, .T. ) ;
#2591 = EDGE_CURVE ( 'NONE', #3360, #83, #1963, .T. ) ;
#2592 = CARTESIAN_POINT ( 'NONE',  ( 2.499981286999963803, -100.8045207108453098, -10.41879746643811799 ) ) ;
#2593 = EDGE_LOOP ( 'NONE', ( #1294, #1231, #1197, #15 ) ) ;
#2594 = CARTESIAN_POINT ( 'NONE',  ( -1.871300003841724902E-05, 14.84428541827051440, -12.75307672849265650 ) ) ;
#2595 = AXIS2_PLACEMENT_3D ( 'NONE', #2019, #2647, #980 ) ;
#2596 = CARTESIAN_POINT ( 'NONE',  ( 2.499981286999963803, -100.8064441003392062, 19.83120247213107490 ) ) ;
#2597 = ORIENTED_EDGE ( 'NONE', *, *, #3534, .T. ) ;
#2598 = DIRECTION ( 'NONE',  ( 1.000000000000000000, 2.275957200481570908E-13, -5.551115123125782702E-15 ) ) ;
#2599 = EDGE_LOOP ( 'NONE', ( #1834, #843, #2543, #3229 ) ) ;
#2600 = CARTESIAN_POINT ( 'NONE',  ( -1.871300003841724902E-05, -90.80452073203213104, -10.41816163607531287 ) ) ;
#2601 = DIRECTION ( 'NONE',  ( 1.000000000000000000, 1.140928651987716975E-13, -5.765905360978588951E-15 ) ) ;
#2602 = ORIENTED_EDGE ( 'NONE', *, *, #905, .T. ) ;
#2603 = PERSON_AND_ORGANIZATION ( #1346, #480 ) ;
#2604 = AXIS2_PLACEMENT_3D ( 'NONE', #596, #857, #2876 ) ;
#2605 = VECTOR ( 'NONE', #3109, 1000.000000000000227 ) ;
#2606 = CARTESIAN_POINT ( 'NONE',  ( -1.871302074407665827E-05, 90.79300558698818691, 10.09338494026446043 ) ) ;
#2607 = EDGE_CURVE ( 'NONE', #931, #1664, #2314, .T. ) ;
#2608 = EDGE_LOOP ( 'NONE', ( #506, #2036, #3035, #1050 ) ) ;
#2609 = AXIS2_PLACEMENT_3D ( 'NONE', #2225, #2804, #2579 ) ;
#2610 = AXIS2_PLACEMENT_3D ( 'NONE', #2955, #1814, #975 ) ;
#2611 = EDGE_CURVE ( 'NONE', #1959, #652, #1272, .T. ) ;
#2612 = DIRECTION ( 'NONE',  ( 5.773159728048290444E-15, -6.358310602959382773E-05, 0.9999999979785942905 ) ) ;
#2613 = EDGE_LOOP ( 'NONE', ( #3400, #173, #1782, #2590 ) ) ;
#2614 = AXIS2_PLACEMENT_3D ( 'NONE', #3341, #543, #1135 ) ;
#2615 = DIRECTION ( 'NONE',  ( 1.000000000000000000, 0.000000000000000000, -5.898059818321144121E-15 ) ) ;
#2616 = EDGE_CURVE ( 'NONE', #2301, #527, #3441, .T. ) ;
#2617 = AXIS2_PLACEMENT_3D ( 'NONE', #3133, #964, #138 ) ;
#2618 = AXIS2_PLACEMENT_3D ( 'NONE', #1070, #1320, #2463 ) ;
#2619 = B_SPLINE_CURVE_WITH_KNOTS ( 'NONE', 3,
 ( #2077, #3408, #1206, #396, #1450, #1523, #1806, #319, #2874, #2042 ),
 .UNSPECIFIED., .F., .F.,
 ( 4, 2, 2, 2, 4 ),
 ( 0.000000000000000000, 0.2499999999999998890, 0.4999999999999998890, 0.7499999999999998890, 1.000000000000000000 ),
 .UNSPECIFIED. ) ;
#2620 = CARTESIAN_POINT ( 'NONE',  ( 2.499981286999963803, -60.80481764960305213, -5.747449235586649330 ) ) ;
#2621 = ORIENTED_EDGE ( 'NONE', *, *, #571, .F. ) ;
#2622 = CIRCLE ( 'NONE', #3322, 2.099999999999999645 ) ;
#2623 = DIRECTION ( 'NONE',  ( -5.773159728019287184E-15, 6.358310577535970754E-05, -0.9999999979785945126 ) ) ;
#2624 = CARTESIAN_POINT ( 'NONE',  ( -1.871302307554500999E-05, 100.7940121623734626, -5.737174280118967573 ) ) ;
#2625 = VERTEX_POINT ( 'NONE', #110 ) ;
#2626 = FACE_BOUND ( 'NONE', #716, .T. ) ;
#2627 = ORIENTED_EDGE ( 'NONE', *, *, #2519, .F. ) ;
#2628 = LINE ( 'NONE', #2302, #1192 ) ;
#2629 = DIRECTION ( 'NONE',  ( 1.000000000000000000, 1.140928651987716975E-13, -5.765905360958373601E-15 ) ) ;
#2630 = VERTEX_POINT ( 'NONE', #1230 ) ;
#2631 = CYLINDRICAL_SURFACE ( 'NONE', #2595, 2.500000000000000000 ) ;
#2632 = ORIENTED_EDGE ( 'NONE', *, *, #2907, .T. ) ;
#2633 = CARTESIAN_POINT ( 'NONE',  ( -10.00001871299999223, -0.007102839134326410786, 20.99522144696644332 ) ) ;
#2634 = EDGE_CURVE ( 'NONE', #2419, #148, #1212, .T. ) ;
#2635 = DIRECTION ( 'NONE',  ( 1.000000000000000000, 1.140928651987716975E-13, -5.765905360978588951E-15 ) ) ;
#2636 = ORIENTED_EDGE ( 'NONE', *, *, #412, .T. ) ;
#2637 = EDGE_CURVE ( 'NONE', #1977, #77, #1849, .T. ) ;
#2638 = CARTESIAN_POINT ( 'NONE',  ( -1.871300003841724902E-05, -40.80481768992966352, -5.746177573961369411 ) ) ;
#2639 = EDGE_CURVE ( 'NONE', #3283, #1919, #124, .T. ) ;
#2640 = DIRECTION ( 'NONE',  ( 5.773159728021815483E-15, -6.358310577535969399E-05, 0.9999999979785942905 ) ) ;
#2641 = EDGE_LOOP ( 'NONE', ( #151, #711, #176, #3299 ) ) ;
#2642 = CARTESIAN_POINT ( 'NONE',  ( 9.999981287000434094, -2.127917245613613062, 29.99509018544667782 ) ) ;
#2643 = ORIENTED_EDGE ( 'NONE', *, *, #1360, .F. ) ;
#2644 = CARTESIAN_POINT ( 'NONE',  ( 2.499981286990637930, 40.79401228430310056, -5.740989266903112842 ) ) ;
#2645 = CARTESIAN_POINT ( 'NONE',  ( -1.871300003841724902E-05, -14.85595412944490334, 14.84351970397185205 ) ) ;
#2646 = EDGE_LOOP ( 'NONE', ( #2951, #500 ) ) ;
#2647 = DIRECTION ( 'NONE',  ( 5.773159728021815483E-15, -6.358310577535969399E-05, 0.9999999979785942905 ) ) ;
#2648 = ORIENTED_EDGE ( 'NONE', *, *, #3398, .F. ) ;
#2649 = DIRECTION ( 'NONE',  ( 5.773159728050820321E-15, -6.358310602959382773E-05, 0.9999999979785942905 ) ) ;
#2650 = DIRECTION ( 'NONE',  ( 1.000000000000000000, 0.000000000000000000, -5.898059818321144121E-15 ) ) ;
#2651 = FACE_OUTER_BOUND ( 'NONE', #2875, .T. ) ;
#2652 = AXIS2_PLACEMENT_3D ( 'NONE', #1238, #2344, #1765 ) ;
#2653 = EDGE_CURVE ( 'NONE', #2758, #3186, #267, .T. ) ;
#2654 = LINE ( 'NONE', #2049, #2256 ) ;
#2655 = EDGE_LOOP ( 'NONE', ( #2050, #1495, #183, #2400 ) ) ;
#2656 = CARTESIAN_POINT ( 'NONE',  ( -10.00001871299999223, -28.60332971024595494, -10.41420669125320231 ) ) ;
#2657 = EDGE_CURVE ( 'NONE', #1966, #3519, #1621, .T. ) ;
#2658 = ORIENTED_EDGE ( 'NONE', *, *, #1080, .F. ) ;
#2659 = DIRECTION ( 'NONE',  ( 1.000000000000000000, 0.000000000000000000, -5.551115123125782702E-15 ) ) ;
#2660 = DIRECTION ( 'NONE',  ( 1.000000000000000000, 1.140928651987677343E-13, -5.765905360900555619E-15 ) ) ;
#2661 = VERTEX_POINT ( 'NONE', #483 ) ;
#2662 = AXIS2_PLACEMENT_3D ( 'NONE', #2912, #2058, #632 ) ;
#2663 = CARTESIAN_POINT ( 'NONE',  ( -1.871300003841724902E-05, -50.80644420108137638, 19.83438162769235547 ) ) ;
#2664 = ORIENTED_EDGE ( 'NONE', *, *, #768, .T. ) ;
#2665 = DIRECTION ( 'NONE',  ( 5.773159728021815483E-15, -6.358310577535969399E-05, 0.9999999979785942905 ) ) ;
#2666 = AXIS2_PLACEMENT_3D ( 'NONE', #1350, #1626, #1082 ) ;
#2667 = ORIENTED_EDGE ( 'NONE', *, *, #3103, .F. ) ;
#2668 = CIRCLE ( 'NONE', #202, 2.500000000000000000 ) ;
#2669 = VECTOR ( 'NONE', #2194, 1000.000000000000000 ) ;
#2670 = DIRECTION ( 'NONE',  ( -6.666234944169016438E-15, 6.358310577535969399E-05, -0.9999999979785942905 ) ) ;
#2671 = CARTESIAN_POINT ( 'NONE',  ( 9.999981286999970465, -14.85582060497919699, 12.74351970800613465 ) ) ;
#2672 = CIRCLE ( 'NONE', #206, 2.500000000000000000 ) ;
#2673 = DIRECTION ( 'NONE',  ( -6.666234944169016438E-15, 6.358310577535969399E-05, -0.9999999979785942905 ) ) ;
#2674 = CIRCLE ( 'NONE', #39, 2.500000000000000000 ) ;
#2675 = DIRECTION ( 'NONE',  ( 1.000000000000000000, 1.135472064529175003E-13, -5.632848122122710662E-15 ) ) ;
#2676 = CARTESIAN_POINT ( 'NONE',  ( 9.999981286988091966, -0.007675105465759779477, 29.99522142927776969 ) ) ;
#2677 = ORIENTED_EDGE ( 'NONE', *, *, #3188, .T. ) ;
#2678 = AXIS2_PLACEMENT_3D ( 'NONE', #2816, #794, #224 ) ;
#2679 = ADVANCED_FACE ( 'NONE', ( #3279 ), #2723, .F. ) ;
#2680 = DIRECTION ( 'NONE',  ( -5.773159728048290444E-15, 6.358310602959382773E-05, -0.9999999979785942905 ) ) ;
#2681 = EDGE_CURVE ( 'NONE', #1190, #440, #761, .T. ) ;
#2682 = LINE ( 'NONE', #766, #3373 ) ;
#2683 = ORIENTED_EDGE ( 'NONE', *, *, #3082, .F. ) ;
#2684 = CARTESIAN_POINT ( 'NONE',  ( -1.871300003841724902E-05, -28.60463316393618882, 10.08579326743805282 ) ) ;
#2685 = ORIENTED_EDGE ( 'NONE', *, *, #1869, .F. ) ;
#2686 = DIRECTION ( 'NONE',  ( 5.773159728048290444E-15, -6.358310602959382773E-05, 0.9999999979785942905 ) ) ;
#2687 = DIRECTION ( 'NONE',  ( 1.000000000000000000, 2.275957200481570908E-13, -5.898059818321144121E-15 ) ) ;
#2688 = CARTESIAN_POINT ( 'NONE',  ( -2.500018713000040638, -40.80452083277427988, -10.41498248051406250 ) ) ;
#2689 = DIRECTION ( 'NONE',  ( 1.000000000000000000, 1.140928651987716975E-13, -5.765905360958373601E-15 ) ) ;
#2690 = EDGE_LOOP ( 'NONE', ( #604, #2464, #3607, #1349 ) ) ;
#2691 = DIRECTION ( 'NONE',  ( 5.773159728048293600E-15, -6.358310602959384129E-05, 0.9999999979785944015 ) ) ;
#2692 = ORIENTED_EDGE ( 'NONE', *, *, #926, .F. ) ;
#2693 = EDGE_CURVE ( 'NONE', #2767, #1190, #1217, .T. ) ;
#2694 = CARTESIAN_POINT ( 'NONE',  ( -2.500018713000040638, -100.8058241645850899, 10.08120249125435386 ) ) ;
#2695 = CARTESIAN_POINT ( 'NONE',  ( 9.999981286999970465, -14.85393228257958498, -16.95496504182494846 ) ) ;
#2696 = ORIENTED_EDGE ( 'NONE', *, *, #1603, .F. ) ;
#2697 = ADVANCED_FACE ( 'NONE', ( #2151 ), #1319, .F. ) ;
#2698 = EDGE_CURVE ( 'NONE', #809, #255, #724, .T. ) ;
#2699 = DIRECTION ( 'NONE',  ( 1.000000000000000000, 0.000000000000000000, -5.551115123125782702E-15 ) ) ;
#2700 = EDGE_LOOP ( 'NONE', ( #354, #2220 ) ) ;
#2701 = DIRECTION ( 'NONE',  ( 1.000000000000000000, 1.139156778454981373E-13, -5.660058594666666994E-15 ) ) ;
#2702 = EDGE_CURVE ( 'NONE', #1417, #947, #1624, .T. ) ;
#2703 = DIRECTION ( 'NONE',  ( 5.773159728019287184E-15, -6.358310577535970754E-05, 0.9999999979785945126 ) ) ;
#2704 = EDGE_LOOP ( 'NONE', ( #1795, #2528 ) ) ;
#2705 = DIRECTION ( 'NONE',  ( -6.666234944169016438E-15, 6.358310577535969399E-05, -0.9999999979785942905 ) ) ;
#2706 = CARTESIAN_POINT ( 'NONE',  ( -10.00001871299999223, -28.60398143706629881, -0.1642067114082379486 ) ) ;
#2707 =( GEOMETRIC_REPRESENTATION_CONTEXT ( 3 ) GLOBAL_UNCERTAINTY_ASSIGNED_CONTEXT ( ( #1182 ) ) GLOBAL_UNIT_ASSIGNED_CONTEXT ( ( #2359, #3178, #970 ) ) REPRESENTATION_CONTEXT ( 'NONE', 'WORKASPACE' ) );
#2708 = CARTESIAN_POINT ( 'NONE',  ( -2.500018713000040638, -50.80582426632599180, 10.08438164686520366 ) ) ;
#2709 = ORIENTED_EDGE ( 'NONE', *, *, #326, .T. ) ;
#2710 = SECURITY_CLASSIFICATION_LEVEL ( 'unclassified' ) ;
#2711 = CARTESIAN_POINT ( 'NONE',  ( -1.871302074407665827E-05, 90.79401218351077318, -5.737810110875346759 ) ) ;
#2712 = DIRECTION ( 'NONE',  ( 5.773159728021815483E-15, -6.358310577535969399E-05, 0.9999999979785942905 ) ) ;
#2713 = VERTEX_POINT ( 'NONE', #3560 ) ;
#2714 = EDGE_LOOP ( 'NONE', ( #2139, #3506 ) ) ;
#2715 = CARTESIAN_POINT ( 'NONE',  ( 2.499981286999963803, -70.80452077230917496, -10.41688997345130474 ) ) ;
#2716 = ORIENTED_EDGE ( 'NONE', *, *, #2567, .F. ) ;
#2717 = CARTESIAN_POINT ( 'NONE',  ( -1.871299676325932637E-05, -28.60341518190318055, -9.069955884490250142 ) ) ;
#2718 = EDGE_CURVE ( 'NONE', #2176, #2550, #1281, .T. ) ;
#2719 = VECTOR ( 'NONE', #707, 1000.000000000000227 ) ;
#2720 = DIRECTION ( 'NONE',  ( 1.140924983539660166E-13, -0.9999999979785944015, -6.358310602959384129E-05 ) ) ;
#2721 = VECTOR ( 'NONE', #2489, 1000.000000000000000 ) ;
#2722 = AXIS2_PLACEMENT_3D ( 'NONE', #865, #2054, #2342 ) ;
#2723 = CYLINDRICAL_SURFACE ( 'NONE', #2554, 2.500000000000000000 ) ;
#2724 = CIRCLE ( 'NONE', #2791, 2.500000000000000000 ) ;
#2725 = CIRCLE ( 'NONE', #1149, 2.500000000000000000 ) ;
#2726 = CARTESIAN_POINT ( 'NONE',  ( -10.00001871302946910, 129.0918143616848965, 10.09582009728660168 ) ) ;
#2727 = ORIENTED_EDGE ( 'NONE', *, *, #3155, .T. ) ;
#2728 = COORDINATED_UNIVERSAL_TIME_OFFSET ( 3, 30, .AHEAD. ) ;
#2729 = CIRCLE ( 'NONE', #3026, 9.749999999999998224 ) ;
#2730 = AXIS2_PLACEMENT_3D ( 'NONE', #762, #2447, #3578 ) ;
#2731 = EDGE_CURVE ( 'NONE', #3269, #1884, #1301, .T. ) ;
#2732 = DIRECTION ( 'NONE',  ( -1.141204117589660359E-13, 0.9999999979785944015, 6.358310602959384129E-05 ) ) ;
#2733 = AXIS2_PLACEMENT_3D ( 'NONE', #1315, #2703, #208 ) ;
#2734 = CARTESIAN_POINT ( 'NONE',  ( -1.871300658873309430E-05, 28.59311801885369775, -10.41056996345265873 ) ) ;
#2735 = ORIENTED_EDGE ( 'NONE', *, *, #2653, .F. ) ;
#2736 = EDGE_LOOP ( 'NONE', ( #2664, #1704, #583, #2234 ) ) ;
#2737 = DIRECTION ( 'NONE',  ( 1.000000000000000000, 1.135472064529175003E-13, -5.632848122122710662E-15 ) ) ;
#2738 = ORIENTED_EDGE ( 'NONE', *, *, #1314, .F. ) ;
#2739 = FACE_OUTER_BOUND ( 'NONE', #2881, .T. ) ;
#2740 = VERTEX_POINT ( 'NONE', #175 ) ;
#2741 = CARTESIAN_POINT ( 'NONE',  ( 2.499981286979258144, 90.79401218351132741, -5.737810110875346759 ) ) ;
#2742 = DIRECTION ( 'NONE',  ( -5.773159728019287184E-15, 6.358310577535970754E-05, -0.9999999979785945126 ) ) ;
#2743 = DIRECTION ( 'NONE',  ( 1.000000000000000000, 2.275957200481570908E-13, -5.551115123125782702E-15 ) ) ;
#2744 = EDGE_CURVE ( 'NONE', #1919, #3031, #2970, .T. ) ;
#2745 = CARTESIAN_POINT ( 'NONE',  ( -1.871300003841724902E-05, -70.80644416080433245, 19.83310996506831714 ) ) ;
#2746 = ORIENTED_EDGE ( 'NONE', *, *, #591, .F. ) ;
#2747 = EDGE_CURVE ( 'NONE', #3596, #148, #391, .T. ) ;
#2748 = CC_DESIGN_PERSON_AND_ORGANIZATION_ASSIGNMENT ( #1546, #3513, ( #1432 ) ) ;
#2749 = CARTESIAN_POINT ( 'NONE',  ( -1.871300936429065587E-05, 40.79401228430254633, -5.740989266903140376 ) ) ;
#2750 = DIRECTION ( 'NONE',  ( -5.773159728019287184E-15, 6.358310577535970754E-05, -0.9999999979785945126 ) ) ;
#2751 = VERTEX_POINT ( 'NONE', #1841 ) ;
#2752 = ADVANCED_FACE ( 'NONE', ( #503 ), #214, .F. ) ;
#2753 = LINE ( 'NONE', #510, #152 ) ;
#2754 = ORIENTED_EDGE ( 'NONE', *, *, #1314, .T. ) ;
#2755 = CARTESIAN_POINT ( 'NONE',  ( -10.00001871299999223, 14.84239709587090239, 16.94540802133842661 ) ) ;
#2756 = EDGE_LOOP ( 'NONE', ( #2860, #2498, #565, #3244 ) ) ;
#2757 = DIRECTION ( 'NONE',  ( 1.000000000000000000, 0.000000000000000000, -5.551115123125782702E-15 ) ) ;
#2758 = VERTEX_POINT ( 'NONE', #777 ) ;
#2759 = CARTESIAN_POINT ( 'NONE',  ( -10.00001871300504419, 22.21416660471883731, -20.16097557632656745 ) ) ;
#2760 = CYLINDRICAL_SURFACE ( 'NONE', #2841, 2.500000000000000000 ) ;
#2761 = DIRECTION ( 'NONE',  ( -6.666234944169016438E-15, 6.358310577535969399E-05, -0.9999999979785942905 ) ) ;
#2762 = DIRECTION ( 'NONE',  ( 5.773159728019287184E-15, -6.358310577535970754E-05, 0.9999999979785945126 ) ) ;
#2763 = CARTESIAN_POINT ( 'NONE',  ( -2.500018713011642468, 50.79300566759112456, 10.09084161604148555 ) ) ;
#2764 = ORIENTED_EDGE ( 'NONE', *, *, #1780, .F. ) ;
#2765 = EDGE_CURVE ( 'NONE', #899, #994, #2557, .T. ) ;
#2766 = ADVANCED_FACE ( 'NONE', ( #2446 ), #2098, .F. ) ;
#2767 = VERTEX_POINT ( 'NONE', #2409 ) ;
#2768 = DIRECTION ( 'NONE',  ( -1.139961141356187699E-13, 0.9987717903683451803, -0.04954705606199349965 ) ) ;
#2769 = DIRECTION ( 'NONE',  ( 1.000000000000000000, 1.140928651987716975E-13, -5.765905360978588951E-15 ) ) ;
#2770 = VERTEX_POINT ( 'NONE', #430 ) ;
#2771 = APPROVAL_PERSON_ORGANIZATION ( #2603, #576, #934 ) ;
#2772 = EDGE_LOOP ( 'NONE', ( #2415, #3327 ) ) ;
#2773 = CARTESIAN_POINT ( 'NONE',  ( -1.871300003841724902E-05, -0.8502266479567255342, 16.97423217183285971 ) ) ;
#2774 = ORIENTED_EDGE ( 'NONE', *, *, #2933, .T. ) ;
#2775 = FACE_BOUND ( 'NONE', #1573, .T. ) ;
#2776 = VERTEX_POINT ( 'NONE', #708 ) ;
#2777 = DIRECTION ( 'NONE',  ( -1.000000000000000000, -1.119590850138980544E-13, 5.766041033329841761E-15 ) ) ;
#2778 = CARTESIAN_POINT ( 'NONE',  ( -1.871300003841724902E-05, -90.80481758913796853, -5.749356728523919102 ) ) ;
#2779 = AXIS2_PLACEMENT_3D ( 'NONE', #3520, #3502, #2440 ) ;
#2780 = CYLINDRICAL_SURFACE ( 'NONE', #798, 2.099999999999997868 ) ;
#2781 = CARTESIAN_POINT ( 'NONE',  ( -10.00001871300175438, 14.05283233191686776, -26.58869106456955933 ) ) ;
#2782 = DIRECTION ( 'NONE',  ( -1.144027892362139787E-13, 0.9987717903683451803, -0.04954705606199355516 ) ) ;
#2783 = AXIS2_PLACEMENT_3D ( 'NONE', #2638, #398, #1526 ) ;
#2784 = AXIS2_PLACEMENT_3D ( 'NONE', #697, #3493, #179 ) ;
#2785 = ORIENTED_EDGE ( 'NONE', *, *, #3356, .T. ) ;
#2786 = AXIS2_PLACEMENT_3D ( 'NONE', #419, #2660, #458 ) ;
#2787 = AXIS2_PLACEMENT_3D ( 'NONE', #3160, #364, #1491 ) ;
#2788 = DIRECTION ( 'NONE',  ( 1.000000000000000000, 2.275957200481570908E-13, -5.898059818321144121E-15 ) ) ;
#2789 = LINE ( 'NONE', #2734, #3496 ) ;
#2790 = ORIENTED_EDGE ( 'NONE', *, *, #1359, .F. ) ;
#2791 = AXIS2_PLACEMENT_3D ( 'NONE', #817, #3097, #1702 ) ;
#2792 = AXIS2_PLACEMENT_3D ( 'NONE', #2745, #3338, #246 ) ;
#2793 = EDGE_CURVE ( 'NONE', #46, #38, #2795, .T. ) ;
#2794 = ORIENTED_EDGE ( 'NONE', *, *, #299, .F. ) ;
#2795 = CIRCLE ( 'NONE', #859, 9.750000000000005329 ) ;
#2796 = EDGE_CURVE ( 'NONE', #1832, #1797, #2729, .T. ) ;
#2797 = CARTESIAN_POINT ( 'NONE',  ( -2.500018713000040638, -60.80452079244771824, -10.41625414213928558 ) ) ;
#2798 = ORIENTED_EDGE ( 'NONE', *, *, #2949, .T. ) ;
#2799 = CIRCLE ( 'NONE', #801, 2.500000000000000000 ) ;
#2800 = CARTESIAN_POINT ( 'NONE',  ( 9.999981286999970465, -219.0938077546848035, -160.1763189697669247 ) ) ;
#2801 = ADVANCED_FACE ( 'NONE', ( #1150, #3370, #3613, #518, #3039, #1111, #1701, #799 ), #1128, .T. ) ;
#2802 = VERTEX_POINT ( 'NONE', #577 ) ;
#2803 = DIRECTION ( 'NONE',  ( -6.666234944198022064E-15, 6.358310602959384129E-05, -0.9999999979785944015 ) ) ;
#2804 = DIRECTION ( 'NONE',  ( -5.773159728019287184E-15, 6.358310577535970754E-05, -0.9999999979785945126 ) ) ;
#2805 = CARTESIAN_POINT ( 'NONE',  ( -1.871300003841724902E-05, -0.007236363600060524703, 23.09522144293213586 ) ) ;
#2806 = CARTESIAN_POINT ( 'NONE',  ( -10.00001871301797784, 78.84181446344220490, 10.09262504626259904 ) ) ;
#2807 = CARTESIAN_POINT ( 'NONE',  ( 2.499981286999963803, -80.80390081636699051, -20.16752578464125989 ) ) ;
#2808 = VERTEX_POINT ( 'NONE', #265 ) ;
#2809 = CARTESIAN_POINT ( 'NONE',  ( -1.871300003841724902E-05, -50.80390087683209543, -20.16561829170401765 ) ) ;
#2810 = EDGE_CURVE ( 'NONE', #288, #2438, #3561, .T. ) ;
#2811 = CYLINDRICAL_SURFACE ( 'NONE', #2371, 2.500000000000000000 ) ;
#2812 = ORIENTED_EDGE ( 'NONE', *, *, #1978, .F. ) ;
#2813 = FACE_BOUND ( 'NONE', #866, .T. ) ;
#2814 = VERTEX_POINT ( 'NONE', #1395 ) ;
#2815 = EDGE_CURVE ( 'NONE', #899, #3519, #3111, .T. ) ;
#2816 = CARTESIAN_POINT ( 'NONE',  ( -1.871300003841724902E-05, -50.80481766974156699, -5.746813404274658588 ) ) ;
#2817 = ORIENTED_EDGE ( 'NONE', *, *, #1973, .T. ) ;
#2818 = LINE ( 'NONE', #3540, #1894 ) ;
#2819 = EDGE_CURVE ( 'NONE', #349, #997, #3089, .T. ) ;
#2820 = CARTESIAN_POINT ( 'NONE',  ( -2.500018713000040638, -100.8039007760899466, -20.16879744726526980 ) ) ;
#2821 = CARTESIAN_POINT ( 'NONE',  ( -10.00001871299999223, -0.005817967641624788300, -0.004783524003598715879 ) ) ;
#2822 = CARTESIAN_POINT ( 'NONE',  ( 2.499981286983810058, 70.79401222383799563, -5.739081773486226723 ) ) ;
#2823 = CARTESIAN_POINT ( 'NONE',  ( -10.00001871299999223, 18.89423236836426767, -0.003576789453174633593 ) ) ;
#2824 = ORIENTED_EDGE ( 'NONE', *, *, #2224, .F. ) ;
#2825 = DIRECTION ( 'NONE',  ( 1.000000000000000000, 1.140928651987716975E-13, -5.765905360978588951E-15 ) ) ;
#2826 = DIRECTION ( 'NONE',  ( -5.773159728019287184E-15, 6.358310577535970754E-05, -0.9999999979785945126 ) ) ;
#2827 = VERTEX_POINT ( 'NONE', #1714 ) ;
#2828 = DIRECTION ( 'NONE',  ( 2.900483776316616780E-26, 6.358310577535970754E-05, -0.9999999979785944015 ) ) ;
#2829 = CIRCLE ( 'NONE', #1829, 30.00000000000000711 ) ;
#2830 = ORIENTED_EDGE ( 'NONE', *, *, #1757, .T. ) ;
#2831 = LINE ( 'NONE', #1482, #2890 ) ;
#2832 = ORIENTED_EDGE ( 'NONE', *, *, #3010, .T. ) ;
#2833 = CARTESIAN_POINT ( 'NONE',  ( -1.871300003841724902E-05, -100.8048175680006722, -5.749992559885452437 ) ) ;
#2834 = DIRECTION ( 'NONE',  ( 5.773159728019287184E-15, -6.358310577535970754E-05, 0.9999999979785945126 ) ) ;
#2835 = EDGE_CURVE ( 'NONE', #2802, #3640, #595, .T. ) ;
#2836 = CARTESIAN_POINT ( 'NONE',  ( 9.999981286999858554, -0.003860082242429507815, -30.00477844935048211 ) ) ;
#2837 = VERTEX_POINT ( 'NONE', #2836 ) ;
#2838 = FACE_OUTER_BOUND ( 'NONE', #2613, .T. ) ;
#2839 = EDGE_LOOP ( 'NONE', ( #3476, #1665 ) ) ;
#2840 = CIRCLE ( 'NONE', #3309, 2.500000000000000000 ) ;
#2841 = AXIS2_PLACEMENT_3D ( 'NONE', #210, #776, #1660 ) ;
#2842 = VECTOR ( 'NONE', #644, 1000.000000000000227 ) ;
#2843 = CARTESIAN_POINT ( 'NONE',  ( 9.999981286999970465, 14.84441894273622076, -14.85307672445837568 ) ) ;
#2844 = CARTESIAN_POINT ( 'NONE',  ( -2.500018713011642468, 50.79401226411381032, -5.740353435098350054 ) ) ;
#2845 = ORIENTED_EDGE ( 'NONE', *, *, #1456, .T. ) ;
#2846 = CALENDAR_DATE ( 2026, 12, 7 ) ;
#2847 = AXIS2_PLACEMENT_3D ( 'NONE', #507, #1882, #2488 ) ;
#2848 = CARTESIAN_POINT ( 'NONE',  ( -1.871300003841724902E-05, -0.004432348573141231540, -21.00477846740345100 ) ) ;
#2849 = AXIS2_PLACEMENT_3D ( 'NONE', #2570, #1175, #3396 ) ;
#2850 = AXIS2_PLACEMENT_3D ( 'NONE', #3595, #1648, #484 ) ;
#2851 = ORIENTED_EDGE ( 'NONE', *, *, #723, .F. ) ;
#2852 = CIRCLE ( 'NONE', #1852, 2.099999999999999645 ) ;
#2853 = CARTESIAN_POINT ( 'NONE',  ( 2.499981286999963803, -80.80452075217064589, -10.41752580476332213 ) ) ;
#2854 = ORIENTED_EDGE ( 'NONE', *, *, #864, .F. ) ;
#2855 = LINE ( 'NONE', #3482, #1073 ) ;
#2856 = LINE ( 'NONE', #870, #1499 ) ;
#2857 = DIRECTION ( 'NONE',  ( 1.000000000000000000, 2.275957200481570908E-13, -5.898059818321144121E-15 ) ) ;
#2858 = ORIENTED_EDGE ( 'NONE', *, *, #1913, .T. ) ;
#2859 = DIRECTION ( 'NONE',  ( 1.000000000000000000, 2.275957200481570908E-13, -5.898059818321144121E-15 ) ) ;
#2860 = ORIENTED_EDGE ( 'NONE', *, *, #3449, .T. ) ;
#2861 = EDGE_CURVE ( 'NONE', #2770, #2500, #2520, .T. ) ;
#2862 = DIRECTION ( 'NONE',  ( -6.666234944198022064E-15, 6.358310602959384129E-05, -0.9999999979785944015 ) ) ;
#2863 = DIRECTION ( 'NONE',  ( 1.000000000000000000, 2.275957200481570908E-13, -5.551115123125782702E-15 ) ) ;
#2864 = ADVANCED_FACE ( 'NONE', ( #2503 ), #1685, .F. ) ;
#2865 = DIRECTION ( 'NONE',  ( -5.773159728048290444E-15, 6.358310602959382773E-05, -0.9999999979785942905 ) ) ;
#2866 = VERTEX_POINT ( 'NONE', #8 ) ;
#2867 = PERSON_AND_ORGANIZATION ( #1346, #480 ) ;
#2868 = CARTESIAN_POINT ( 'NONE',  ( 9.999981286999970465, -0.005717094161389324469, -0.004778506825398043389 ) ) ;
#2869 = VERTEX_POINT ( 'NONE', #1930 ) ;
#2870 = FACE_OUTER_BOUND ( 'NONE', #3127, .T. ) ;
#2871 = ORIENTED_EDGE ( 'NONE', *, *, #2810, .T. ) ;
#2872 = LINE ( 'NONE', #2889, #1141 ) ;
#2873 = DIRECTION ( 'NONE',  ( 1.000000000000000000, 0.000000000000000000, -5.551115123125782702E-15 ) ) ;
#2874 = CARTESIAN_POINT ( 'NONE',  ( 9.999981286973397943, 20.81180049839617396, -21.70692957290228620 ) ) ;
#2875 = EDGE_LOOP ( 'NONE', ( #2040, #2785, #663, #3454 ) ) ;
#2876 = DIRECTION ( 'NONE',  ( 1.000000000000000000, 2.275957200481570908E-13, -5.898059818321144121E-15 ) ) ;
#2877 = EDGE_LOOP ( 'NONE', ( #1407, #1222 ) ) ;
#2878 = DIRECTION ( 'NONE',  ( -5.773159728019287184E-15, 6.358310577535970754E-05, -0.9999999979785945126 ) ) ;
#2879 = CARTESIAN_POINT ( 'NONE',  ( -1.871300658873309430E-05, 28.59181456520196107, 10.08942999523856976 ) ) ;
#2880 = ADVANCED_FACE ( 'NONE', ( #300 ), #2539, .T. ) ;
#2881 = EDGE_LOOP ( 'NONE', ( #11, #2685, #2531, #1530 ) ) ;
#2882 = DIRECTION ( 'NONE',  ( 1.000000000000000000, 0.000000000000000000, 0.000000000000000000 ) ) ;
#2883 = EDGE_CURVE ( 'NONE', #925, #1086, #2674, .T. ) ;
#2884 = LINE ( 'NONE', #41, #3434 ) ;
#2885 = EDGE_LOOP ( 'NONE', ( #1011, #2764, #331, #240 ) ) ;
#2886 = LINE ( 'NONE', #2277, #2974 ) ;
#2887 = ORIENTED_EDGE ( 'NONE', *, *, #1133, .T. ) ;
#2888 = VECTOR ( 'NONE', #169, 1000.000000000000000 ) ;
#2889 = CARTESIAN_POINT ( 'NONE',  ( 2.499981286981534101, 80.79401220369949499, -5.738445942680164613 ) ) ;
#2890 = VECTOR ( 'NONE', #3165, 1000.000000000000227 ) ;
#2891 = LINE ( 'NONE', #2620, #273 ) ;
#2892 = ORIENTED_EDGE ( 'NONE', *, *, #2289, .F. ) ;
#2893 = CARTESIAN_POINT ( 'NONE',  ( -1.871300003841724902E-05, -60.80390085669357347, -20.16625412301603504 ) ) ;
#2894 = DIRECTION ( 'NONE',  ( 1.000000000000000000, 0.000000000000000000, -5.551115123125782702E-15 ) ) ;
#2895 = ORIENTED_EDGE ( 'NONE', *, *, #1159, .F. ) ;
#2896 = DIRECTION ( 'NONE',  ( -1.139961141356187699E-13, 0.9987717903683451803, -0.04954705606199349965 ) ) ;
#2897 = ORIENTED_EDGE ( 'NONE', *, *, #2607, .T. ) ;
#2898 = CARTESIAN_POINT ( 'NONE',  ( 2.499981286981534101, 80.79238567136701477, 19.84274908928676595 ) ) ;
#2899 = CIRCLE ( 'NONE', #3312, 30.00000000000000355 ) ;
#2900 = VECTOR ( 'NONE', #261, 999.9999999999998863 ) ;
#2901 = CARTESIAN_POINT ( 'NONE',  ( -1.871300003841724902E-05, 0.8386915851549825440, -16.98379420261231232 ) ) ;
#2902 = ADVANCED_FACE ( 'NONE', ( #1371 ), #2780, .F. ) ;
#2903 = ORIENTED_EDGE ( 'NONE', *, *, #2001, .T. ) ;
#2904 = CIRCLE ( 'NONE', #93, 2.500000000000000000 ) ;
#2905 = AXIS2_PLACEMENT_3D ( 'NONE', #3626, #824, #2529 ) ;
#2906 = EDGE_CURVE ( 'NONE', #3186, #2758, #1684, .T. ) ;
#2907 = EDGE_CURVE ( 'NONE', #133, #2998, #3619, .T. ) ;
#2908 = CARTESIAN_POINT ( 'NONE',  ( -1.871300003841724902E-05, -100.8045207108453098, -10.41879746643811799 ) ) ;
#2909 = VERTEX_POINT ( 'NONE', #3096 ) ;
#2910 = AXIS2_PLACEMENT_3D ( 'NONE', #2161, #3289, #1907 ) ;
#2911 = VECTOR ( 'NONE', #2732, 999.9999999999998863 ) ;
#2912 = CARTESIAN_POINT ( 'NONE',  ( -1.871300003841724902E-05, -100.8039007760899466, -20.16879744726526980 ) ) ;
#2913 = EDGE_CURVE ( 'NONE', #2776, #2808, #1329, .T. ) ;
#2914 = APPROVAL ( #2450, 'UNSPECIFIED' ) ;
#2915 = AXIS2_PLACEMENT_3D ( 'NONE', #3592, #3073, #285 ) ;
#2916 = VECTOR ( 'NONE', #2244, 1000.000000000000000 ) ;
#2917 = EDGE_CURVE ( 'NONE', #994, #1966, #1988, .T. ) ;
#2918 = DIRECTION ( 'NONE',  ( 5.773159728019287184E-15, -6.358310577535970754E-05, 0.9999999979785945126 ) ) ;
#2919 = EDGE_LOOP ( 'NONE', ( #721, #2494 ) ) ;
#2920 = VECTOR ( 'NONE', #2377, 1000.000000000000227 ) ;
#2921 = CARTESIAN_POINT ( 'NONE',  ( -2.500018713000040638, -60.80481764960305213, -5.747449235586649330 ) ) ;
#2922 = DIRECTION ( 'NONE',  ( 1.000000000000000000, 2.275957200481570908E-13, -5.898059818321144121E-15 ) ) ;
#2923 = EDGE_LOOP ( 'NONE', ( #197, #1351 ) ) ;
#2924 = CARTESIAN_POINT ( 'NONE',  ( 2.499981286976982187, 100.7943090194534932, -10.40597918667163313 ) ) ;
#2925 = ORIENTED_EDGE ( 'NONE', *, *, #908, .F. ) ;
#2926 = EDGE_CURVE ( 'NONE', #1390, #3219, #1738, .T. ) ;
#2927 = FACE_BOUND ( 'NONE', #2292, .T. ) ;
#2928 = ORIENTED_EDGE ( 'NONE', *, *, #2149, .F. ) ;
#2929 = DIRECTION ( 'NONE',  ( -6.666234944198022064E-15, 6.358310602959384129E-05, -0.9999999979785944015 ) ) ;
#2930 = EDGE_CURVE ( 'NONE', #204, #3404, #2622, .T. ) ;
#2931 = VERTEX_POINT ( 'NONE', #2563 ) ;
#2932 = CARTESIAN_POINT ( 'NONE',  ( -1.871300936429065587E-05, 40.79238575197010874, 19.84020576506376088 ) ) ;
#2933 = EDGE_CURVE ( 'NONE', #1461, #1941, #1794, .T. ) ;
#2934 = LINE ( 'NONE', #759, #2322 ) ;
#2935 = EDGE_CURVE ( 'NONE', #3088, #1517, #211, .T. ) ;
#2936 = CYLINDRICAL_SURFACE ( 'NONE', #2783, 2.500000000000000000 ) ;
#2937 = CARTESIAN_POINT ( 'NONE',  ( 9.999981286999970465, -0.007102839134326410786, 20.99522144696644332 ) ) ;
#2938 = EDGE_LOOP ( 'NONE', ( #2597, #3446 ) ) ;
#2939 = CARTESIAN_POINT ( 'NONE',  ( -1.871300003841724902E-05, -21.00576755103866589, -0.006113755499081996447 ) ) ;
#2940 = ORIENTED_EDGE ( 'NONE', *, *, #2204, .F. ) ;
#2941 = CARTESIAN_POINT ( 'NONE',  ( -2.500018713000040638, -40.80481768992966352, -5.746177573961369411 ) ) ;
#2942 = CARTESIAN_POINT ( 'NONE',  ( -1.871300003841724902E-05, -0.004565873038847589882, -18.90477847143776202 ) ) ;
#2943 = ORIENTED_EDGE ( 'NONE', *, *, #944, .T. ) ;
#2944 = CARTESIAN_POINT ( 'NONE',  ( -1.871300003841724902E-05, -100.8048175680006722, -5.749992559885452437 ) ) ;
#2945 = VERTEX_POINT ( 'NONE', #959 ) ;
#2946 = DIRECTION ( 'NONE',  ( 1.000000000000000000, 0.000000000000000000, -5.898059818321144121E-15 ) ) ;
#2947 = CARTESIAN_POINT ( 'NONE',  ( -1.871300003841724902E-05, -50.80481766974156699, -5.746813404274658588 ) ) ;
#2948 = PLANE ( 'NONE',  #1140 ) ;
#2949 = EDGE_CURVE ( 'NONE', #822, #435, #3483, .T. ) ;
#2950 = DIRECTION ( 'NONE',  ( 1.000000000000000000, 2.275957200481570908E-13, -5.898059818321144121E-15 ) ) ;
#2951 = ORIENTED_EDGE ( 'NONE', *, *, #1760, .T. ) ;
#2952 = FACE_BOUND ( 'NONE', #2923, .T. ) ;
#2953 = ORIENTED_EDGE ( 'NONE', *, *, #2935, .T. ) ;
#2954 = B_SPLINE_CURVE_WITH_KNOTS ( 'NONE', 3,
 ( #982, #2147, #718, #1282, #2163, #425, #1312, #740, #3549, #1010 ),
 .UNSPECIFIED., .F., .F.,
 ( 4, 2, 2, 2, 4 ),
 ( 0.000000000000000000, 0.2500000000000000000, 0.5000000000000000000, 0.7500000000000000000, 1.000000000000000000 ),
 .UNSPECIFIED. ) ;
#2955 = CARTESIAN_POINT ( 'NONE',  ( -10.00001871299999223, -14.85406580704531976, -14.85496504585923105 ) ) ;
#2956 = DIRECTION ( 'NONE',  ( 8.062047471013184651E-14, -0.7405807110224422729, -0.6719674177082501920 ) ) ;
#2957 = VERTEX_POINT ( 'NONE', #1735 ) ;
#2958 = AXIS2_PLACEMENT_3D ( 'NONE', #2759, #241, #2777 ) ;
#2959 = CYLINDRICAL_SURFACE ( 'NONE', #2003, 2.500000000000000000 ) ;
#2960 = VERTEX_POINT ( 'NONE', #2280 ) ;
#2961 = FACE_OUTER_BOUND ( 'NONE', #1981, .T. ) ;
#2962 = AXIS2_PLACEMENT_3D ( 'NONE', #554, #1733, #1700 ) ;
#2963 = CIRCLE ( 'NONE', #1839, 2.500000000000000000 ) ;
#2964 = AXIS2_PLACEMENT_3D ( 'NONE', #180, #1306, #3544 ) ;
#2965 = AXIS2_PLACEMENT_3D ( 'NONE', #1637, #1099, #1074 ) ;
#2966 = DIRECTION ( 'NONE',  ( 1.000000000000000000, 0.000000000000000000, -5.898059818321144121E-15 ) ) ;
#2967 = CARTESIAN_POINT ( 'NONE',  ( -2.500018713000040638, -80.80582420586091530, 10.08247415392793300 ) ) ;
#2968 = CIRCLE ( 'NONE', #3145, 9.750000000000005329 ) ;
#2969 = CARTESIAN_POINT ( 'NONE',  ( -1.871300003841724902E-05, 14.84253062033663539, 14.84540802537270920 ) ) ;
#2970 = CIRCLE ( 'NONE', #3265, 2.099999999999999645 ) ;
#2971 = DIRECTION ( 'NONE',  ( -6.666234944198022064E-15, 6.358310602959384129E-05, -0.9999999979785944015 ) ) ;
#2972 = DIRECTION ( 'NONE',  ( 5.773159728021815483E-15, -6.358310577535969399E-05, 0.9999999979785942905 ) ) ;
#2973 = EDGE_LOOP ( 'NONE', ( #2683, #3042, #1923, #597 ) ) ;
#2974 = VECTOR ( 'NONE', #312, 999.9999999999998863 ) ;
#2975 = EDGE_CURVE ( 'NONE', #3590, #1256, #502, .T. ) ;
#2976 = PERSON_AND_ORGANIZATION ( #1346, #480 ) ;
#2977 = EDGE_CURVE ( 'NONE', #2837, #2550, #2619, .T. ) ;
#2978 = DIRECTION ( 'NONE',  ( 5.773159728050820321E-15, -6.358310602959382773E-05, 0.9999999979785942905 ) ) ;
#2979 = LINE ( 'NONE', #977, #1506 ) ;
#2980 = VERTEX_POINT ( 'NONE', #3207 ) ;
#2981 = DIRECTION ( 'NONE',  ( 1.000000000000000000, 1.140928651987716975E-13, -5.765905360978588951E-15 ) ) ;
#2982 = ORIENTED_EDGE ( 'NONE', *, *, #1741, .T. ) ;
#2983 = CARTESIAN_POINT ( 'NONE',  ( -1.871300003841724902E-05, -70.80481762946452307, -5.748085066898639184 ) ) ;
#2984 = ORIENTED_EDGE ( 'NONE', *, *, #2681, .T. ) ;
#2985 = CARTESIAN_POINT ( 'NONE',  ( 2.499981286999963803, -80.80582420586091530, 10.08247415392793300 ) ) ;
#2986 = CARTESIAN_POINT ( 'NONE',  ( -10.00001871302724865, 119.3437377702200308, -20.15479977604400830 ) ) ;
#2987 = DIRECTION ( 'NONE',  ( 5.773159728050820321E-15, -6.358310602959382773E-05, 0.9999999979785942905 ) ) ;
#2988 = DIRECTION ( 'NONE',  ( 1.131573467406409735E-13, -0.9987654815812405662, -0.04967406568615692630 ) ) ;
#2989 = CYLINDRICAL_SURFACE ( 'NONE', #3558, 2.500000000000000000 ) ;
#2990 = ORIENTED_EDGE ( 'NONE', *, *, #475, .T. ) ;
#2991 = COORDINATED_UNIVERSAL_TIME_OFFSET ( 3, 30, .AHEAD. ) ;
#2992 = DIRECTION ( 'NONE',  ( -6.666234944198022064E-15, 6.358310602959384129E-05, -0.9999999979785944015 ) ) ;
#2993 = DIRECTION ( 'NONE',  ( 1.000000000000000000, 0.000000000000000000, -5.551115123125782702E-15 ) ) ;
#2994 = VERTEX_POINT ( 'NONE', #2596 ) ;
#2995 = EDGE_CURVE ( 'NONE', #1172, #402, #3168, .T. ) ;
#2996 = ORIENTED_EDGE ( 'NONE', *, *, #2388, .F. ) ;
#2997 = CARTESIAN_POINT ( 'NONE',  ( 9.999981286988091966, -0.007675105465759779477, 29.99522142927776969 ) ) ;
#2998 = VERTEX_POINT ( 'NONE', #49 ) ;
#2999 = CARTESIAN_POINT ( 'NONE',  ( -1.871300003841724902E-05, -90.80481758913796853, -5.749356728523919102 ) ) ;
#3000 = LINE ( 'NONE', #2741, #1897 ) ;
#3001 = CARTESIAN_POINT ( 'NONE',  ( 2.499981286976926675, 100.7940121623740168, -5.737174280118967573 ) ) ;
#3002 = FACE_OUTER_BOUND ( 'NONE', #1270, .T. ) ;
#3003 = ORIENTED_EDGE ( 'NONE', *, *, #2835, .F. ) ;
#3004 = CARTESIAN_POINT ( 'NONE',  ( 2.499981286999963803, -90.80481758913796853, -5.749356728523919102 ) ) ;
#3005 = CARTESIAN_POINT ( 'NONE',  ( 2.499981286986086015, 60.79238571164399474, 19.84147742767464351 ) ) ;
#3006 = EDGE_LOOP ( 'NONE', ( #3290, #3397 ) ) ;
#3007 = CARTESIAN_POINT ( 'NONE',  ( 9.999981286999970465, 18.89423236836426767, -0.003576789453174633593 ) ) ;
#3008 = EDGE_CURVE ( 'NONE', #2998, #133, #2852, .T. ) ;
#3009 = AXIS2_PLACEMENT_3D ( 'NONE', #2240, #1411, #2477 ) ;
#3010 = EDGE_CURVE ( 'NONE', #2500, #1211, #271, .T. ) ;
#3011 = DIRECTION ( 'NONE',  ( 5.773159728050820321E-15, -6.358310602959382773E-05, 0.9999999979785942905 ) ) ;
#3012 = VERTEX_POINT ( 'NONE', #1752 ) ;
#3013 = CIRCLE ( 'NONE', #2666, 2.500000000000000000 ) ;
#3014 = EDGE_CURVE ( 'NONE', #2945, #2029, #2200, .T. ) ;
#3015 = CC_DESIGN_PERSON_AND_ORGANIZATION_ASSIGNMENT ( #2867, #350, ( #555 ) ) ;
#3016 = DIRECTION ( 'NONE',  ( 5.773159728048290444E-15, -6.358310602959382773E-05, 0.9999999979785942905 ) ) ;
#3017 = AXIS2_PLACEMENT_3D ( 'NONE', #1903, #1652, #2527 ) ;
#3018 = VECTOR ( 'NONE', #932, 1000.000000000000000 ) ;
#3019 = CARTESIAN_POINT ( 'NONE',  ( -1.871300003841724902E-05, -100.8048175680006722, -5.749992559885452437 ) ) ;
#3020 = ADVANCED_FACE ( 'NONE', ( #358 ), #886, .F. ) ;
#3021 = B_SPLINE_CURVE_WITH_KNOTS ( 'NONE', 3,
 ( #2209, #1645, #1877, #3278 ),
 .UNSPECIFIED., .F., .F.,
 ( 4, 4 ),
 ( 0.000000000000000000, 1.000000000000000000 ),
 .UNSPECIFIED. ) ;
#3022 = VECTOR ( 'NONE', #2352, 1000.000000000000000 ) ;
#3023 = VECTOR ( 'NONE', #3372, 1000.000000000000000 ) ;
#3024 = FACE_OUTER_BOUND ( 'NONE', #2334, .T. ) ;
#3025 = ORIENTED_EDGE ( 'NONE', *, *, #205, .F. ) ;
#3026 = AXIS2_PLACEMENT_3D ( 'NONE', #1018, #3264, #192 ) ;
#3027 = DIRECTION ( 'NONE',  ( -6.666234944169016438E-15, 6.358310577535969399E-05, -0.9999999979785942905 ) ) ;
#3028 = AXIS2_PLACEMENT_3D ( 'NONE', #3092, #1352, #2458 ) ;
#3029 = CYLINDRICAL_SURFACE ( 'NONE', #1209, 2.099999999629998726 ) ;
#3030 = ORIENTED_EDGE ( 'NONE', *, *, #1380, .F. ) ;
#3031 = VERTEX_POINT ( 'NONE', #3467 ) ;
#3032 = DIRECTION ( 'NONE',  ( 1.000000000000000000, 0.000000000000000000, -5.551115123125782702E-15 ) ) ;
#3033 = ORIENTED_EDGE ( 'NONE', *, *, #2637, .T. ) ;
#3034 = DIRECTION ( 'NONE',  ( 5.773159728021815483E-15, -6.358310577535969399E-05, 0.9999999979785942905 ) ) ;
#3035 = ORIENTED_EDGE ( 'NONE', *, *, #321, .T. ) ;
#3036 = EDGE_CURVE ( 'NONE', #251, #1014, #1034, .T. ) ;
#3037 = CYLINDRICAL_SURFACE ( 'NONE', #89, 2.500000000000000000 ) ;
#3038 = EDGE_CURVE ( 'NONE', #50, #2713, #2891, .T. ) ;
#3039 = FACE_BOUND ( 'NONE', #1061, .T. ) ;
#3040 = CARTESIAN_POINT ( 'NONE',  ( -10.00001871299825495, -15.87897348821188892, -25.54670789710170808 ) ) ;
#3041 = DIRECTION ( 'NONE',  ( -5.773159728019287184E-15, 6.358310577535970754E-05, -0.9999999979785944015 ) ) ;
#3042 = ORIENTED_EDGE ( 'NONE', *, *, #1973, .F. ) ;
#3043 = CARTESIAN_POINT ( 'NONE',  ( 2.499981286988361973, 50.79401226411492587, -5.740353435098350054 ) ) ;
#3044 = CARTESIAN_POINT ( 'NONE',  ( -1.871300003841724902E-05, -70.80452077230917496, -10.41688997345130474 ) ) ;
#3045 = EDGE_LOOP ( 'NONE', ( #2627, #2474 ) ) ;
#3046 = ORIENTED_EDGE ( 'NONE', *, *, #2975, .F. ) ;
#3047 = CARTESIAN_POINT ( 'NONE',  ( -1.871301164024785635E-05, 50.79238573178193406, 19.84084159686857873 ) ) ;
#3048 = ORIENTED_EDGE ( 'NONE', *, *, #3534, .F. ) ;
#3049 = CARTESIAN_POINT ( 'NONE',  ( -1.871300003841724902E-05, -119.3527095910495603, -20.16997683756582660 ) ) ;
#3050 = EDGE_LOOP ( 'NONE', ( #3148, #767, #304, #2832 ) ) ;
#3051 = CARTESIAN_POINT ( 'NONE',  ( -10.00001871299999223, -119.3527095910495603, -20.16997683756582660 ) ) ;
#3052 = CARTESIAN_POINT ( 'NONE',  ( -2.500018713000040638, -70.80481762946452307, -5.748085066898639184 ) ) ;
#3053 = DIRECTION ( 'NONE',  ( 1.000000000000000000, 1.135472064529175003E-13, -5.632848122122710662E-15 ) ) ;
#3054 = CARTESIAN_POINT ( 'NONE',  ( -10.00001871300063350, 4.166057884600433248, -29.78637538089969894 ) ) ;
#3055 = DIRECTION ( 'NONE',  ( 1.000000000000000000, 0.000000000000000000, -5.898059818321144121E-15 ) ) ;
#3056 = ADVANCED_FACE ( 'NONE', ( #665 ), #1788, .T. ) ;
#3057 = ORIENTED_EDGE ( 'NONE', *, *, #1867, .F. ) ;
#3058 = EDGE_CURVE ( 'NONE', #2960, #822, #3292, .T. ) ;
#3059 = CARTESIAN_POINT ( 'NONE',  ( -10.00001871300146483, 14.26861928783924860, 26.46669193976531531 ) ) ;
#3060 = CARTESIAN_POINT ( 'NONE',  ( -10.00001871300648659, 28.59187999416187864, 9.060398864413926390 ) ) ;
#3061 = ORIENTED_EDGE ( 'NONE', *, *, #3470, .F. ) ;
#3062 = CIRCLE ( 'NONE', #3481, 2.500000000000000000 ) ;
#3063 = ORIENTED_EDGE ( 'NONE', *, *, #2208, .T. ) ;
#3064 = CC_DESIGN_APPROVAL ( #42, ( #1432 ) ) ;
#3065 = FACE_BOUND ( 'NONE', #2566, .T. ) ;
#3066 = ORIENTED_EDGE ( 'NONE', *, *, #2406, .F. ) ;
#3067 = CARTESIAN_POINT ( 'NONE',  ( -1.871300003841724902E-05, -100.8058241645850899, 10.08120249125435386 ) ) ;
#3068 = ORIENTED_EDGE ( 'NONE', *, *, #2112, .F. ) ;
#3069 = LINE ( 'NONE', #3349, #2605 ) ;
#3070 = CYLINDRICAL_SURFACE ( 'NONE', #2021, 2.500000000000000000 ) ;
#3071 = AXIS2_PLACEMENT_3D ( 'NONE', #1336, #3016, #262 ) ;
#3072 = AXIS2_PLACEMENT_3D ( 'NONE', #3275, #1874, #2368 ) ;
#3073 = DIRECTION ( 'NONE',  ( -5.773159728048293600E-15, 6.358310602959384129E-05, -0.9999999979785944015 ) ) ;
#3074 = CARTESIAN_POINT ( 'NONE',  ( -10.00001871300010237, -0.003860115781822992531, -30.00477844935267768 ) ) ;
#3075 = CARTESIAN_POINT ( 'NONE',  ( 2.499981286999963803, -50.80644420108137638, 19.83438162769235547 ) ) ;
#3076 = AXIS2_PLACEMENT_3D ( 'NONE', #2024, #1683, #340 ) ;
#3077 = CIRCLE ( 'NONE', #380, 2.500000000000000000 ) ;
#3078 = ORIENTED_EDGE ( 'NONE', *, *, #3010, .F. ) ;
#3079 = ADVANCED_FACE ( 'NONE', ( #1575 ), #3237, .F. ) ;
#3080 = AXIS2_PLACEMENT_3D ( 'NONE', #1667, #1651, #2768 ) ;
#3081 = CARTESIAN_POINT ( 'NONE',  ( 9.999981286999970465, 0.8386915851549825440, -16.98379420261231232 ) ) ;
#3082 = EDGE_CURVE ( 'NONE', #3176, #2758, #136, .T. ) ;
#3083 = DIRECTION ( 'NONE',  ( -5.773159769402895562E-15, 6.358310602959403102E-05, -0.9999999979785942905 ) ) ;
#3084 = EDGE_LOOP ( 'NONE', ( #1535, #1827, #1400, #2038 ) ) ;
#3085 = AXIS2_PLACEMENT_3D ( 'NONE', #2937, #1634, #450 ) ;
#3086 = AXIS2_PLACEMENT_3D ( 'NONE', #1754, #1487, #84 ) ;
#3087 = EDGE_CURVE ( 'NONE', #1317, #1497, #3384, .T. ) ;
#3088 = VERTEX_POINT ( 'NONE', #2095 ) ;
#3089 = CIRCLE ( 'NONE', #446, 2.500000000000000000 ) ;
#3090 = DIRECTION ( 'NONE',  ( 1.000000000000000000, 2.275957200481570908E-13, -5.551115123125782702E-15 ) ) ;
#3091 = ORIENTED_EDGE ( 'NONE', *, *, #3452, .T. ) ;
#3092 = CARTESIAN_POINT ( 'NONE',  ( -1.871300003841724902E-05, -60.80644418094286152, 19.83374579638033808 ) ) ;
#3093 = EDGE_LOOP ( 'NONE', ( #803, #2692, #1892, #1132 ) ) ;
#3094 = CARTESIAN_POINT ( 'NONE',  ( -10.00001871299999223, -14.85608765391063812, 16.94351969993754281 ) ) ;
#3095 = DIRECTION ( 'NONE',  ( 1.000000000000000000, 1.142700390904803527E-13, -5.660036063278058920E-15 ) ) ;
#3096 = CARTESIAN_POINT ( 'NONE',  ( 9.999981287000025532, -28.60456773490743743, 9.056762136606000269 ) ) ;
#3097 = DIRECTION ( 'NONE',  ( -5.773159728019287184E-15, 6.358310577535970754E-05, -0.9999999979785945126 ) ) ;
#3098 = CYLINDRICAL_SURFACE ( 'NONE', #1088, 2.099999999999997868 ) ;
#3099 = EDGE_LOOP ( 'NONE', ( #2648, #757, #178, #3564 ) ) ;
#3100 = FACE_OUTER_BOUND ( 'NONE', #3232, .T. ) ;
#3101 = DIRECTION ( 'NONE',  ( 1.000000000000000000, 2.275957200481570908E-13, -5.551115123125782702E-15 ) ) ;
#3102 = ORIENTED_EDGE ( 'NONE', *, *, #753, .T. ) ;
#3103 = EDGE_CURVE ( 'NONE', #1504, #306, #1333, .T. ) ;
#3104 = CARTESIAN_POINT ( 'NONE',  ( 9.999981286992088769, 22.49362743622693017, 19.83904227370847195 ) ) ;
#3105 = EDGE_CURVE ( 'NONE', #1880, #1347, #215, .T. ) ;
#3106 = ORIENTED_EDGE ( 'NONE', *, *, #2030, .T. ) ;
#3107 = DIRECTION ( 'NONE',  ( 1.000000000000000000, 1.140928651986138244E-13, -5.765905361121718296E-15 ) ) ;
#3108 = VERTEX_POINT ( 'NONE', #1554 ) ;
#3109 = DIRECTION ( 'NONE',  ( -6.666234944169016438E-15, 6.358310577535969399E-05, -0.9999999979785942905 ) ) ;
#3110 = DIRECTION ( 'NONE',  ( 1.140924987961755907E-13, -0.9999999979785936244, -6.358311596693644319E-05 ) ) ;
#3111 = LINE ( 'NONE', #2805, #2436 ) ;
#3112 = DIRECTION ( 'NONE',  ( -1.139961141557037492E-13, 0.9987717903683451803, -0.04954705606199364537 ) ) ;
#3113 = CARTESIAN_POINT ( 'NONE',  ( -10.00001871299999223, -18.90576755507292361, -0.005980231033347882530 ) ) ;
#3114 = ORIENTED_EDGE ( 'NONE', *, *, #1292, .T. ) ;
#3115 = FACE_OUTER_BOUND ( 'NONE', #580, .T. ) ;
#3116 = CARTESIAN_POINT ( 'NONE',  ( 2.499981286976982187, 100.7923856310404034, 19.84402075189758818 ) ) ;
#3117 = ORIENTED_EDGE ( 'NONE', *, *, #2765, .T. ) ;
#3118 = DIRECTION ( 'NONE',  ( -1.142876642989761396E-13, 0.9987717903683451803, -0.04954705606199365231 ) ) ;
#3119 = AXIS2_PLACEMENT_3D ( 'NONE', #1802, #3233, #422 ) ;
#3120 = ORIENTED_EDGE ( 'NONE', *, *, #2702, .T. ) ;
#3121 = DIRECTION ( 'NONE',  ( 1.000000000000000000, 0.000000000000000000, -5.898059818321144121E-15 ) ) ;
#3122 = ORIENTED_EDGE ( 'NONE', *, *, #2698, .F. ) ;
#3123 = DIRECTION ( 'NONE',  ( 1.140645849489790231E-13, -0.9999999979785942905, -6.358310577533193841E-05 ) ) ;
#3124 = DIRECTION ( 'NONE',  ( 5.773159728048290444E-15, -6.358310602959382773E-05, 0.9999999979785942905 ) ) ;
#3125 = DIRECTION ( 'NONE',  ( 5.773159728021815483E-15, -6.358310577535969399E-05, 0.9999999979785942905 ) ) ;
#3126 = EDGE_CURVE ( 'NONE', #2010, #2055, #3505, .T. ) ;
#3127 = EDGE_LOOP ( 'NONE', ( #390, #3281, #1139, #1425 ) ) ;
#3128 = EDGE_CURVE ( 'NONE', #2506, #2449, #1096, .T. ) ;
#3129 = VECTOR ( 'NONE', #2675, 1000.000000000000000 ) ;
#3130 = CARTESIAN_POINT ( 'NONE',  ( -10.00001871299999223, -28.60463316393618882, 10.08579326743805282 ) ) ;
#3131 = ORIENTED_EDGE ( 'NONE', *, *, #1566, .T. ) ;
#3132 = AXIS2_PLACEMENT_3D ( 'NONE', #2207, #812, #2517 ) ;
#3133 = CARTESIAN_POINT ( 'NONE',  ( -1.871300003841724902E-05, -90.80390079622846145, -20.16816161595327728 ) ) ;
#3134 = ORIENTED_EDGE ( 'NONE', *, *, #429, .F. ) ;
#3135 = CIRCLE ( 'NONE', #23, 9.750000000000005329 ) ;
#3136 = CIRCLE ( 'NONE', #30, 2.500000000000000000 ) ;
#3137 = LINE ( 'NONE', #307, #2311 ) ;
#3138 = DIRECTION ( 'NONE',  ( 1.000000000000000000, 2.275957200481570908E-13, -5.551115123125782702E-15 ) ) ;
#3139 = ORIENTED_EDGE ( 'NONE', *, *, #1540, .F. ) ;
#3140 = DIRECTION ( 'NONE',  ( 0.000000000000000000, 0.000000000000000000, 1.000000000000000000 ) ) ;
#3141 = AXIS2_PLACEMENT_3D ( 'NONE', #1720, #1476, #2285 ) ;
#3142 = AXIS2_PLACEMENT_3D ( 'NONE', #3247, #1851, #1800 ) ;
#3143 = CARTESIAN_POINT ( 'NONE',  ( -1.871300003841724902E-05, 18.89423236836426767, -0.003576789453174633593 ) ) ;
#3144 = CIRCLE ( 'NONE', #1508, 2.500000000000000000 ) ;
#3145 = AXIS2_PLACEMENT_3D ( 'NONE', #3617, #1663, #2782 ) ;
#3146 = EDGE_LOOP ( 'NONE', ( #1022, #999, #2469, #3106 ) ) ;
#3147 = CARTESIAN_POINT ( 'NONE',  ( 2.499981286981534101, 80.79492899554027474, -20.15725082911087895 ) ) ;
#3148 = ORIENTED_EDGE ( 'NONE', *, *, #2448, .F. ) ;
#3149 = FACE_BOUND ( 'NONE', #2700, .T. ) ;
#3150 = LINE ( 'NONE', #829, #2017 ) ;
#3151 = AXIS2_PLACEMENT_3D ( 'NONE', #2800, #2238, #281 ) ;
#3152 = EDGE_CURVE ( 'NONE', #3423, #2296, #2033, .T. ) ;
#3153 = CARTESIAN_POINT ( 'NONE',  ( -1.871300003841724902E-05, -0.006969314619048594395, 18.89522145199951098 ) ) ;
#3154 = EDGE_LOOP ( 'NONE', ( #839, #883 ) ) ;
#3155 = EDGE_CURVE ( 'NONE', #809, #1172, #1537, .T. ) ;
#3156 = PLANE ( 'NONE',  #3616 ) ;
#3157 = ORIENTED_EDGE ( 'NONE', *, *, #1757, .F. ) ;
#3158 = EDGE_CURVE ( 'NONE', #2909, #1512, #2934, .T. ) ;
#3159 = FACE_OUTER_BOUND ( 'NONE', #3050, .T. ) ;
#3160 = CARTESIAN_POINT ( 'NONE',  ( -1.871300003841724902E-05, -14.85406580704531976, -14.85496504585923105 ) ) ;
#3161 = EDGE_LOOP ( 'NONE', ( #846, #2032 ) ) ;
#3162 = B_SPLINE_CURVE_WITH_KNOTS ( 'NONE', 3,
 ( #3074, #558, #3054, #2481, #578, #2781, #9, #3318, #1931, #2462 ),
 .UNSPECIFIED., .F., .F.,
 ( 4, 2, 2, 2, 4 ),
 ( 0.000000000000000000, 0.2499999999999998890, 0.4999999999999997780, 0.7499999999999998890, 1.000000000000000000 ),
 .UNSPECIFIED. ) ;
#3163 = FACE_OUTER_BOUND ( 'NONE', #551, .T. ) ;
#3164 = ORIENTED_EDGE ( 'NONE', *, *, #1563, .T. ) ;
#3165 = DIRECTION ( 'NONE',  ( -1.139325528289790339E-13, 0.9999999979785942905, 6.358310577533193841E-05 ) ) ;
#3166 = VERTEX_POINT ( 'NONE', #2985 ) ;
#3167 = CARTESIAN_POINT ( 'NONE',  ( -10.00001871299999223, -28.60332971024595494, -10.41420669125320231 ) ) ;
#3168 = LINE ( 'NONE', #2333, #3504 ) ;
#3169 = ORIENTED_EDGE ( 'NONE', *, *, #1979, .F. ) ;
#3170 = LINE ( 'NONE', #2393, #2719 ) ;
#3171 = EDGE_LOOP ( 'NONE', ( #3480, #3484, #786, #2583 ) ) ;
#3172 = LINE ( 'NONE', #363, #384 ) ;
#3173 = ADVANCED_FACE ( 'NONE', ( #464 ), #705, .F. ) ;
#3174 = ORIENTED_EDGE ( 'NONE', *, *, #2149, .T. ) ;
#3175 = FACE_OUTER_BOUND ( 'NONE', #863, .T. ) ;
#3176 = VERTEX_POINT ( 'NONE', #2111 ) ;
#3177 = ADVANCED_FACE ( 'NONE', ( #1836 ), #1591, .F. ) ;
#3178 =( NAMED_UNIT ( * ) PLANE_ANGLE_UNIT ( ) SI_UNIT ( $, .RADIAN. ) );
#3179 = LINE ( 'NONE', #2901, #731 ) ;
#3180 = ORIENTED_EDGE ( 'NONE', *, *, #1250, .T. ) ;
#3181 = CARTESIAN_POINT ( 'NONE',  ( 2.499981286979258144, 90.79401218351132741, -5.737810110875346759 ) ) ;
#3182 = ORIENTED_EDGE ( 'NONE', *, *, #3288, .T. ) ;
#3183 = CIRCLE ( 'NONE', #1600, 2.500000000000000000 ) ;
#3184 = PLANE ( 'NONE',  #1438 ) ;
#3185 = CARTESIAN_POINT ( 'NONE',  ( -1.871302074407665827E-05, 90.79300558698818691, 10.09338494026446043 ) ) ;
#3186 = VERTEX_POINT ( 'NONE', #1334 ) ;
#3187 = DIRECTION ( 'NONE',  ( -6.666234944198022064E-15, 6.358310602959384129E-05, -0.9999999979785944015 ) ) ;
#3188 = EDGE_CURVE ( 'NONE', #3283, #407, #504, .T. ) ;
#3189 = CARTESIAN_POINT ( 'NONE',  ( -1.871300936429065587E-05, 40.79300568773022917, 10.09020578523547940 ) ) ;
#3190 = DIRECTION ( 'NONE',  ( -1.142524438789659999E-13, 0.9999999979785944015, 6.358310602959384129E-05 ) ) ;
#3191 = DIRECTION ( 'NONE',  ( -6.666234944198022064E-15, 6.358310602959384129E-05, -0.9999999979785944015 ) ) ;
#3192 = ORIENTED_EDGE ( 'NONE', *, *, #1337, .T. ) ;
#3193 = DIRECTION ( 'NONE',  ( 1.000000000000000000, 2.275957200481570908E-13, -5.898059818321144121E-15 ) ) ;
#3194 = AXIS2_PLACEMENT_3D ( 'NONE', #2444, #242, #1370 ) ;
#3195 = ADVANCED_FACE ( 'NONE', ( #1876 ), #426, .F. ) ;
#3196 = CARTESIAN_POINT ( 'NONE',  ( -10.00001871299999223, 20.99423236432998507, -0.003443264987440519675 ) ) ;
#3197 = ORIENTED_EDGE ( 'NONE', *, *, #1764, .F. ) ;
#3198 = CIRCLE ( 'NONE', #1730, 2.500000000000000000 ) ;
#3199 = AXIS2_PLACEMENT_3D ( 'NONE', #456, #1830, #1868 ) ;
#3200 = ADVANCED_FACE ( 'NONE', ( #1605 ), #1260, .F. ) ;
#3201 = DIRECTION ( 'NONE',  ( -6.666234944198022064E-15, 6.358310602959384129E-05, -0.9999999979785944015 ) ) ;
#3202 = ORIENTED_EDGE ( 'NONE', *, *, #958, .F. ) ;
#3203 = AXIS2_PLACEMENT_3D ( 'NONE', #88, #890, #3486 ) ;
#3204 = AXIS2_PLACEMENT_3D ( 'NONE', #1418, #2601, #2896 ) ;
#3205 = DIRECTION ( 'NONE',  ( -5.773159728019287184E-15, 6.358310577535970754E-05, -0.9999999979785945126 ) ) ;
#3206 = CIRCLE ( 'NONE', #2198, 2.500000000000000000 ) ;
#3207 = CARTESIAN_POINT ( 'NONE',  ( -10.00001871299999223, -129.1046329604214122, 10.07940316519967361 ) ) ;
#3208 = ORIENTED_EDGE ( 'NONE', *, *, #855, .F. ) ;
#3209 = AXIS2_PLACEMENT_3D ( 'NONE', #3522, #998, #3573 ) ;
#3210 = CARTESIAN_POINT ( 'NONE',  ( 2.499981286999963803, -100.8048175680006722, -5.749992559885452437 ) ) ;
#3211 = DIRECTION ( 'NONE',  ( -5.773159728019287184E-15, 6.358310577535970754E-05, -0.9999999979785945126 ) ) ;
#3212 = ORIENTED_EDGE ( 'NONE', *, *, #1951, .F. ) ;
#3213 = CARTESIAN_POINT ( 'NONE',  ( -1.871301391620505683E-05, 60.79238571164344052, 19.84147742767464351 ) ) ;
#3214 = ORIENTED_EDGE ( 'NONE', *, *, #301, .F. ) ;
#3215 = ADVANCED_FACE ( 'NONE', ( #3347, #294, #514, #1657, #1424, #2182, #2221, #2775, #2260, #1122 ), #2205, .T. ) ;
#3216 = DIRECTION ( 'NONE',  ( 5.773159728048290444E-15, -6.358310602959382773E-05, 0.9999999979785942905 ) ) ;
#3217 = EDGE_CURVE ( 'NONE', #38, #2740, #498, .T. ) ;
#3218 = CARTESIAN_POINT ( 'NONE',  ( 2.499981286986086015, 60.79300564745385316, 10.09147744684751835 ) ) ;
#3219 = VERTEX_POINT ( 'NONE', #1697 ) ;
#3220 = CARTESIAN_POINT ( 'NONE',  ( -1.871302074407665827E-05, 90.79492897540123408, -20.15661499830481773 ) ) ;
#3221 = ORIENTED_EDGE ( 'NONE', *, *, #1273, .F. ) ;
#3222 = LINE ( 'NONE', #3533, #2303 ) ;
#3223 = EDGE_CURVE ( 'NONE', #77, #1977, #2382, .T. ) ;
#3224 = DIRECTION ( 'NONE',  ( 1.000000000000000000, 2.275957200481570908E-13, -5.551115123125782702E-15 ) ) ;
#3225 = FACE_BOUND ( 'NONE', #142, .T. ) ;
#3226 = CARTESIAN_POINT ( 'NONE',  ( -1.871300003841724902E-05, -14.85595412944490334, 14.84351970397185205 ) ) ;
#3227 = ORIENTED_EDGE ( 'NONE', *, *, #2907, .F. ) ;
#3228 = CARTESIAN_POINT ( 'NONE',  ( 9.999981286970493599, 129.0931178152915209, -10.40417986040587195 ) ) ;
#3229 = ORIENTED_EDGE ( 'NONE', *, *, #105, .T. ) ;
#3230 = FACE_BOUND ( 'NONE', #1545, .T. ) ;
#3231 = DIRECTION ( 'NONE',  ( 1.000000000000000000, 2.275957200481570908E-13, -5.898059818321144121E-15 ) ) ;
#3232 = EDGE_LOOP ( 'NONE', ( #2990, #1957, #270, #2412 ) ) ;
#3233 = DIRECTION ( 'NONE',  ( -5.773159728019287184E-15, 6.358310577535970754E-05, -0.9999999979785945126 ) ) ;
#3234 = EDGE_LOOP ( 'NONE', ( #2636, #1226, #1304, #3588 ) ) ;
#3235 = B_SPLINE_CURVE_WITH_KNOTS ( 'NONE', 3,
 ( #1344, #2215, #820, #272, #3059, #2451, #3583, #1401, #781, #837 ),
 .UNSPECIFIED., .F., .F.,
 ( 4, 2, 2, 2, 4 ),
 ( 0.000000000000000000, 0.2500000000000000000, 0.5000000000000000000, 0.7500000000000001110, 1.000000000000000000 ),
 .UNSPECIFIED. ) ;
#3236 = DIRECTION ( 'NONE',  ( 1.000000000000000000, 0.000000000000000000, -5.551115123125782702E-15 ) ) ;
#3237 = CYLINDRICAL_SURFACE ( 'NONE', #3622, 2.500000000000000000 ) ;
#3238 = ORIENTED_EDGE ( 'NONE', *, *, #3407, .T. ) ;
#3239 = ADVANCED_FACE ( 'NONE', ( #3331, #826, #2475, #1065, #257, #1089, #3387, #810, #3589, #1389 ), #2499, .F. ) ;
#3240 = FACE_BOUND ( 'NONE', #3411, .T. ) ;
#3241 = AXIS2_PLACEMENT_3D ( 'NONE', #3445, #3107, #867 ) ;
#3242 = ADVANCED_FACE ( 'NONE', ( #1105 ), #239, .F. ) ;
#3243 = DIRECTION ( 'NONE',  ( -1.139961141557037492E-13, 0.9987717903683451803, -0.04954705606199364537 ) ) ;
#3244 = ORIENTED_EDGE ( 'NONE', *, *, #3517, .T. ) ;
#3245 = CARTESIAN_POINT ( 'NONE',  ( 9.999981286999915397, -28.60341518187117771, -9.069955884486557096 ) ) ;
#3246 = ORIENTED_EDGE ( 'NONE', *, *, #2384, .T. ) ;
#3247 = CARTESIAN_POINT ( 'NONE',  ( -1.871300003841724902E-05, -90.80644412047774949, 19.83183830344309584 ) ) ;
#3248 = DIRECTION ( 'NONE',  ( 1.000000000000000000, 1.140928651987716975E-13, -5.765905360958373601E-15 ) ) ;
#3249 = ORIENTED_EDGE ( 'NONE', *, *, #317, .T. ) ;
#3250 = AXIS2_PLACEMENT_3D ( 'NONE', #355, #2312, #2615 ) ;
#3251 = DIRECTION ( 'NONE',  ( 1.000000000000000000, 2.275957200481570908E-13, -5.898059818321144121E-15 ) ) ;
#3252 = ORIENTED_EDGE ( 'NONE', *, *, #3517, .F. ) ;
#3253 = DIRECTION ( 'NONE',  ( 5.667301641580700659E-15, -6.358310577478020148E-05, 0.9999999979785942905 ) ) ;
#3254 = AXIS2_PLACEMENT_3D ( 'NONE', #1608, #2720, #1067 ) ;
#3255 = CIRCLE ( 'NONE', #3608, 2.500000000000000000 ) ;
#3256 = VECTOR ( 'NONE', #1100, 1000.000000000000227 ) ;
#3257 = VECTOR ( 'NONE', #563, 999.9999999999998863 ) ;
#3258 = CARTESIAN_POINT ( 'NONE',  ( -1.871301619216225731E-05, 70.79300562726511714, 10.09211327865236463 ) ) ;
#3259 = EDGE_LOOP ( 'NONE', ( #3102, #61 ) ) ;
#3260 = FACE_OUTER_BOUND ( 'NONE', #3093, .T. ) ;
#3261 = AXIS2_PLACEMENT_3D ( 'NONE', #2082, #3211, #692 ) ;
#3262 = VECTOR ( 'NONE', #1433, 1000.000000000000227 ) ;
#3263 = ADVANCED_FACE ( 'NONE', ( #3606 ), #1367, .F. ) ;
#3264 = DIRECTION ( 'NONE',  ( -1.000000000000000000, -1.140928651987718238E-13, 5.765905360978586584E-15 ) ) ;
#3265 = AXIS2_PLACEMENT_3D ( 'NONE', #1593, #1285, #746 ) ;
#3266 = CARTESIAN_POINT ( 'NONE',  ( 9.999981286972714045, 119.3411944461511212, 19.84520014235852159 ) ) ;
#3267 = CARTESIAN_POINT ( 'NONE',  ( 9.999981286977352113, -14.06196530091934349, -26.58995485424689420 ) ) ;
#3268 = EDGE_CURVE ( 'NONE', #50, #637, #2562, .T. ) ;
#3269 = VERTEX_POINT ( 'NONE', #1642 ) ;
#3270 = AXIS2_PLACEMENT_3D ( 'NONE', #2999, #481, #2650 ) ;
#3271 = LINE ( 'NONE', #129, #2429 ) ;
#3272 = CARTESIAN_POINT ( 'NONE',  ( -1.871301164024785635E-05, 50.79430912124347230, -10.40915834264974293 ) ) ;
#3273 = EDGE_LOOP ( 'NONE', ( #3078, #1590 ) ) ;
#3274 = VERTEX_POINT ( 'NONE', #3310 ) ;
#3275 = CARTESIAN_POINT ( 'NONE',  ( -1.871300003841724902E-05, -70.80481762946452307, -5.748085066898639184 ) ) ;
#3276 = ORIENTED_EDGE ( 'NONE', *, *, #568, .F. ) ;
#3277 = DIRECTION ( 'NONE',  ( 5.773159728050820321E-15, -6.358310602959382773E-05, 0.9999999979785942905 ) ) ;
#3278 = CARTESIAN_POINT ( 'NONE',  ( 9.999981286990644591, -22.50768590552690185, 19.83618095046965735 ) ) ;
#3279 = FACE_OUTER_BOUND ( 'NONE', #2973, .T. ) ;
#3280 = DIRECTION ( 'NONE',  ( 1.000000000000000000, 1.135472064529175003E-13, -5.632848122122710662E-15 ) ) ;
#3281 = ORIENTED_EDGE ( 'NONE', *, *, #164, .F. ) ;
#3282 = EDGE_CURVE ( 'NONE', #1747, #729, #2799, .T. ) ;
#3283 = VERTEX_POINT ( 'NONE', #572 ) ;
#3284 = CYLINDRICAL_SURFACE ( 'NONE', #2022, 2.500000000000000000 ) ;
#3285 = ADVANCED_FACE ( 'NONE', ( #2739 ), #2514, .F. ) ;
#3286 = DIRECTION ( 'NONE',  ( -5.773159768385721745E-15, 6.358310602977826408E-05, -0.9999999979785942905 ) ) ;
#3287 = ORIENTED_EDGE ( 'NONE', *, *, #2250, .T. ) ;
#3288 = EDGE_CURVE ( 'NONE', #1847, #247, #420, .T. ) ;
#3289 = DIRECTION ( 'NONE',  ( 5.773159728021815483E-15, -6.358310577535969399E-05, 0.9999999979785942905 ) ) ;
#3290 = ORIENTED_EDGE ( 'NONE', *, *, #2515, .T. ) ;
#3291 = CARTESIAN_POINT ( 'NONE',  ( 9.999981286972714045, 119.3437377702245783, -20.15479977604400830 ) ) ;
#3292 = LINE ( 'NONE', #2148, #1855 ) ;
#3293 = EDGE_CURVE ( 'NONE', #108, #3345, #2534, .T. ) ;
#3294 = EDGE_LOOP ( 'NONE', ( #2183, #567 ) ) ;
#3295 = CARTESIAN_POINT ( 'NONE',  ( -2.500018713011642468, 50.79238573178137983, 19.84084159686857873 ) ) ;
#3296 = CARTESIAN_POINT ( 'NONE',  ( -1.871300936429065587E-05, 40.79492907614337582, -20.15979415333385560 ) ) ;
#3297 = AXIS2_PLACEMENT_3D ( 'NONE', #1799, #1234, #1478 ) ;
#3298 = DIRECTION ( 'NONE',  ( -5.773159728019287184E-15, 6.358310577535970754E-05, -0.9999999979785945126 ) ) ;
#3299 = ORIENTED_EDGE ( 'NONE', *, *, #1872, .T. ) ;
#3300 = CARTESIAN_POINT ( 'NONE',  ( -10.00001871299999223, -21.00576755103866589, -0.006113755499081996447 ) ) ;
#3301 = DIRECTION ( 'NONE',  ( 1.000000000000000000, 2.275957200481570908E-13, -5.551115123125782702E-15 ) ) ;
#3302 = ORIENTED_EDGE ( 'NONE', *, *, #2702, .F. ) ;
#3303 = LINE ( 'NONE', #1158, #972 ) ;
#3304 = ADVANCED_FACE ( 'NONE', ( #2870 ), #921, .F. ) ;
#3305 = EDGE_LOOP ( 'NONE', ( #405, #1332, #916, #118 ) ) ;
#3306 = DIRECTION ( 'NONE',  ( 5.773159728048290444E-15, -6.358310602959382773E-05, 0.9999999979785942905 ) ) ;
#3307 = EDGE_CURVE ( 'NONE', #3360, #1461, #2886, .T. ) ;
#3308 = VERTEX_POINT ( 'NONE', #937 ) ;
#3309 = AXIS2_PLACEMENT_3D ( 'NONE', #1712, #849, #1302 ) ;
#3310 = CARTESIAN_POINT ( 'NONE',  ( 2.499981286999963803, -40.80452083277427988, -10.41498248051406250 ) ) ;
#3311 = VERTEX_POINT ( 'NONE', #3147 ) ;
#3312 = AXIS2_PLACEMENT_3D ( 'NONE', #449, #3469, #3523 ) ;
#3313 = VECTOR ( 'NONE', #2737, 1000.000000000000000 ) ;
#3314 = DIRECTION ( 'NONE',  ( 1.000000000000000000, 1.140928651987716975E-13, -5.765905360978588951E-15 ) ) ;
#3315 = AXIS2_PLACEMENT_3D ( 'NONE', #3044, #274, #862 ) ;
#3316 = AXIS2_PLACEMENT_3D ( 'NONE', #2011, #13, #90 ) ;
#3317 = DIRECTION ( 'NONE',  ( 1.000000000000000000, 0.000000000000000000, -5.551115123125782702E-15 ) ) ;
#3318 = CARTESIAN_POINT ( 'NONE',  ( -10.00001871300233169, 19.25102964317153464, -23.10293696020604060 ) ) ;
#3319 = VECTOR ( 'NONE', #26, 1000.000000000000227 ) ;
#3320 = CARTESIAN_POINT ( 'NONE',  ( -1.871301164024785635E-05, 50.79300566759173563, 10.09084161604148555 ) ) ;
#3321 = ORIENTED_EDGE ( 'NONE', *, *, #2497, .T. ) ;
#3322 = AXIS2_PLACEMENT_3D ( 'NONE', #2059, #2295, #66 ) ;
#3323 = CARTESIAN_POINT ( 'NONE',  ( 9.999981286999970465, -0.005717094161389324469, -0.004778506825398043389 ) ) ;
#3324 = FACE_OUTER_BOUND ( 'NONE', #1120, .T. ) ;
#3325 = VERTEX_POINT ( 'NONE', #2056 ) ;
#3326 = CYLINDRICAL_SURFACE ( 'NONE', #2910, 2.500000000000000000 ) ;
#3327 = ORIENTED_EDGE ( 'NONE', *, *, #3103, .T. ) ;
#3328 = CARTESIAN_POINT ( 'NONE',  ( -1.871300003841724902E-05, -60.80481764960305213, -5.747449235586649330 ) ) ;
#3329 = EDGE_LOOP ( 'NONE', ( #2667, #2824, #1934, #526 ) ) ;
#3330 = B_SPLINE_CURVE_WITH_KNOTS ( 'NONE', 3,
 ( #1561, #1020, #401, #2138, #162, #2356, #381, #946, #2642, #2676 ),
 .UNSPECIFIED., .F., .F.,
 ( 4, 2, 2, 2, 4 ),
 ( 0.000000000000000000, 0.2500000000000000000, 0.5000000000000000000, 0.7500000000000000000, 1.000000000000000000 ),
 .UNSPECIFIED. ) ;
#3331 = FACE_OUTER_BOUND ( 'NONE', #819, .T. ) ;
#3332 = EDGE_CURVE ( 'NONE', #2625, #1832, #605, .T. ) ;
#3333 = ORIENTED_EDGE ( 'NONE', *, *, #520, .T. ) ;
#3334 = FACE_BOUND ( 'NONE', #2233, .T. ) ;
#3335 = DIRECTION ( 'NONE',  ( 1.000000000000000000, 0.000000000000000000, -5.551115123125782702E-15 ) ) ;
#3336 = DIRECTION ( 'NONE',  ( -5.773159728019287184E-15, 6.358310577535970754E-05, -0.9999999979785945126 ) ) ;
#3337 = DIRECTION ( 'NONE',  ( 1.000000000000000000, 2.275957200481570908E-13, -5.551115123125782702E-15 ) ) ;
#3338 = DIRECTION ( 'NONE',  ( 5.773159728048290444E-15, -6.358310602959382773E-05, 0.9999999979785942905 ) ) ;
#3339 = ORIENTED_EDGE ( 'NONE', *, *, #1178, .F. ) ;
#3340 = DIRECTION ( 'NONE',  ( 5.773159728021815483E-15, -6.358310577535969399E-05, 0.9999999979785942905 ) ) ;
#3341 = CARTESIAN_POINT ( 'NONE',  ( -1.871301619216225731E-05, 70.79401222383744141, -5.739081773486226723 ) ) ;
#3342 = ORIENTED_EDGE ( 'NONE', *, *, #2917, .F. ) ;
#3343 = ORIENTED_EDGE ( 'NONE', *, *, #2634, .F. ) ;
#3344 = CARTESIAN_POINT ( 'NONE',  ( 9.999981286999970465, -14.85406580704531976, -14.85496504585923105 ) ) ;
#3345 = VERTEX_POINT ( 'NONE', #1710 ) ;
#3346 = EDGE_CURVE ( 'NONE', #407, #3031, #3403, .T. ) ;
#3347 = FACE_OUTER_BOUND ( 'NONE', #1358, .T. ) ;
#3348 = ORIENTED_EDGE ( 'NONE', *, *, #523, .T. ) ;
#3349 = CARTESIAN_POINT ( 'NONE',  ( 2.499981286983810058, 70.79401222383799563, -5.739081773486226723 ) ) ;
#3350 = LINE ( 'NONE', #1448, #1024 ) ;
#3351 = CARTESIAN_POINT ( 'NONE',  ( -3.333352046349621567, -22.22323942410260145, -20.16380104462587042 ) ) ;
#3352 = CARTESIAN_POINT ( 'NONE',  ( -1.871302302003385876E-05, 100.7949289552627334, -20.15597916749875651 ) ) ;
#3353 = ADVANCED_FACE ( 'NONE', ( #882 ), #2039, .T. ) ;
#3354 = DIRECTION ( 'NONE',  ( -1.000000000000000000, -2.284721261230590885E-13, 5.758632772297815888E-15 ) ) ;
#3355 = ORIENTED_EDGE ( 'NONE', *, *, #3562, .F. ) ;
#3356 = EDGE_CURVE ( 'NONE', #435, #1164, #2831, .T. ) ;
#3357 = AXIS2_PLACEMENT_3D ( 'NONE', #1195, #92, #3460 ) ;
#3358 = DIRECTION ( 'NONE',  ( 5.773159728050820321E-15, -6.358310602959382773E-05, 0.9999999979785942905 ) ) ;
#3359 = CARTESIAN_POINT ( 'NONE',  ( -2.500018713020746297, 90.79430904063931962, -10.40661501842679648 ) ) ;
#3360 = VERTEX_POINT ( 'NONE', #2853 ) ;
#3361 = EDGE_LOOP ( 'NONE', ( #1775, #3430 ) ) ;
#3362 = DIRECTION ( 'NONE',  ( -6.666234944169016438E-15, 6.358310577535969399E-05, -0.9999999979785942905 ) ) ;
#3363 = ORIENTED_EDGE ( 'NONE', *, *, #2289, .T. ) ;
#3364 = CARTESIAN_POINT ( 'NONE',  ( -1.871300936429065587E-05, 40.79300568773022917, 10.09020578523547940 ) ) ;
#3365 = ORIENTED_EDGE ( 'NONE', *, *, #362, .F. ) ;
#3366 = CARTESIAN_POINT ( 'NONE',  ( 2.499981286999963803, -60.80644418094286152, 19.83374579638033808 ) ) ;
#3367 = CARTESIAN_POINT ( 'NONE',  ( -1.871300003841724902E-05, -50.80390087683209543, -20.16561829170401765 ) ) ;
#3368 = AXIS2_PLACEMENT_3D ( 'NONE', #533, #1893, #2478 ) ;
#3369 = AXIS2_PLACEMENT_3D ( 'NONE', #1732, #2560, #1223 ) ;
#3370 = FACE_BOUND ( 'NONE', #1510, .T. ) ;
#3371 = CARTESIAN_POINT ( 'NONE',  ( -2.500018713016194383, 70.79238569150444960, 19.84211325848070473 ) ) ;
#3372 = DIRECTION ( 'NONE',  ( 1.000000000000000000, 1.135472064529175003E-13, -5.632848122122710662E-15 ) ) ;
#3373 = VECTOR ( 'NONE', #2120, 1000.000000000000227 ) ;
#3374 = AXIS2_PLACEMENT_3D ( 'NONE', #3603, #222, #2456 ) ;
#3375 = ORIENTED_EDGE ( 'NONE', *, *, #1360, .T. ) ;
#3376 = VECTOR ( 'NONE', #2673, 1000.000000000000227 ) ;
#3377 = AXIS2_PLACEMENT_3D ( 'NONE', #2656, #2691, #2116 ) ;
#3378 = EDGE_CURVE ( 'NONE', #3308, #2866, #2575, .T. ) ;
#3379 = CYLINDRICAL_SURFACE ( 'NONE', #3316, 2.500000000000000000 ) ;
#3380 = DIRECTION ( 'NONE',  ( 1.000000000000000000, 1.140928651989296717E-13, -5.765905361121694630E-15 ) ) ;
#3381 = EDGE_LOOP ( 'NONE', ( #365, #1043, #661, #2487 ) ) ;
#3382 = AXIS2_PLACEMENT_3D ( 'NONE', #2821, #25, #2265 ) ;
#3383 = AXIS2_PLACEMENT_3D ( 'NONE', #1113, #1594, #1054 ) ;
#3384 = CIRCLE ( 'NONE', #744, 2.500000000000000000 ) ;
#3385 = CYLINDRICAL_SURFACE ( 'NONE', #1613, 2.500000000000000000 ) ;
#3386 = ORIENTED_EDGE ( 'NONE', *, *, #971, .F. ) ;
#3387 = FACE_BOUND ( 'NONE', #190, .T. ) ;
#3388 = EDGE_LOOP ( 'NONE', ( #3134, #1335 ) ) ;
#3389 = CARTESIAN_POINT ( 'NONE',  ( -2.500018713000040638, -50.80481766974156699, -5.746813404274658588 ) ) ;
#3390 = CARTESIAN_POINT ( 'NONE',  ( -10.00001871300954015, -22.22318892493343867, -20.16380104129705941 ) ) ;
#3391 = CARTESIAN_POINT ( 'NONE',  ( -10.00001871300010237, -0.003860115781822992531, -30.00477844935267768 ) ) ;
#3392 = DIRECTION ( 'NONE',  ( 1.000000000000000000, 1.140928651987716975E-13, -5.765905360978588951E-15 ) ) ;
#3393 = ORIENTED_EDGE ( 'NONE', *, *, #2171, .F. ) ;
#3394 = CARTESIAN_POINT ( 'NONE',  ( -2.500018713016194383, 70.79492901572734809, -20.15788666091563996 ) ) ;
#3395 = DIRECTION ( 'NONE',  ( 1.138657152369662113E-13, -0.9999999979785944015, -6.358310602959384129E-05 ) ) ;
#3396 = DIRECTION ( 'NONE',  ( 1.000000000000000000, 2.275957200481570908E-13, -5.898059818321144121E-15 ) ) ;
#3397 = ORIENTED_EDGE ( 'NONE', *, *, #2173, .T. ) ;
#3398 = EDGE_CURVE ( 'NONE', #3108, #2230, #2118, .T. ) ;
#3399 = CARTESIAN_POINT ( 'NONE',  ( -2.500018713000040638, -70.80452077230917496, -10.41688997345130474 ) ) ;
#3400 = ORIENTED_EDGE ( 'NONE', *, *, #3158, .F. ) ;
#3401 = EDGE_CURVE ( 'NONE', #1256, #3590, #717, .T. ) ;
#3402 = CC_DESIGN_DATE_AND_TIME_ASSIGNMENT ( #1023, #1596, ( #1432 ) ) ;
#3403 = LINE ( 'NONE', #646, #305 ) ;
#3404 = VERTEX_POINT ( 'NONE', #1998 ) ;
#3405 = CARTESIAN_POINT ( 'NONE',  ( 2.499981286983810058, 70.79238569150555804, 19.84211325848070473 ) ) ;
#3406 = CARTESIAN_POINT ( 'NONE',  ( -10.00001871299999223, 23.09423235929694584, -0.003309740472162703284 ) ) ;
#3407 = EDGE_CURVE ( 'NONE', #3416, #1366, #3062, .T. ) ;
#3408 = CARTESIAN_POINT ( 'NONE',  ( 9.999981286975490491, 2.082652641806173044, -30.00464226883356389 ) ) ;
#3409 = ORIENTED_EDGE ( 'NONE', *, *, #145, .T. ) ;
#3410 = CARTESIAN_POINT ( 'NONE',  ( -10.00001871299999223, -14.85406580704531976, -14.85496504585923105 ) ) ;
#3411 = EDGE_LOOP ( 'NONE', ( #1711, #877 ) ) ;
#3412 = CARTESIAN_POINT ( 'NONE',  ( 9.999981286999970465, 20.99423236432998507, -0.003443264987440519675 ) ) ;
#3413 = ORIENTED_EDGE ( 'NONE', *, *, #2052, .T. ) ;
#3414 = CARTESIAN_POINT ( 'NONE',  ( 9.999981286999970465, -0.004298824107379362047, -23.10477846336916841 ) ) ;
#3415 = CYLINDRICAL_SURFACE ( 'NONE', #3141, 2.099999999999999201 ) ;
#3416 = VERTEX_POINT ( 'NONE', #2592 ) ;
#3417 = CYLINDRICAL_SURFACE ( 'NONE', #424, 2.500000000000000000 ) ;
#3418 = DIRECTION ( 'NONE',  ( 1.000000000000000000, 1.135472064529175003E-13, -5.632848122122710662E-15 ) ) ;
#3419 = ORIENTED_EDGE ( 'NONE', *, *, #3559, .T. ) ;
#3420 = ADVANCED_FACE ( 'NONE', ( #1465 ), #2308, .T. ) ;
#3421 = DESIGN_CONTEXT ( 'detailed design', #2047, 'design' ) ;
#3422 = DIRECTION ( 'NONE',  ( -5.773159728048290444E-15, 6.358310602959382773E-05, -0.9999999979785942905 ) ) ;
#3423 = VERTEX_POINT ( 'NONE', #1443 ) ;
#3424 = CARTESIAN_POINT ( 'NONE',  ( -2.500018713023022254, 100.7923856310392381, 19.84402075189758818 ) ) ;
#3425 = EDGE_CURVE ( 'NONE', #1086, #1984, #662, .T. ) ;
#3426 = CYLINDRICAL_SURFACE ( 'NONE', #2962, 2.500000000000000000 ) ;
#3427 = DIRECTION ( 'NONE',  ( -5.773159728048290444E-15, 6.358310602959382773E-05, -0.9999999979785942905 ) ) ;
#3428 = ORIENTED_EDGE ( 'NONE', *, *, #996, .T. ) ;
#3429 = DIRECTION ( 'NONE',  ( -5.773159728019287184E-15, 6.358310577535970754E-05, -0.9999999979785945126 ) ) ;
#3430 = ORIENTED_EDGE ( 'NONE', *, *, #2693, .T. ) ;
#3431 = AXIS2_PLACEMENT_3D ( 'NONE', #2115, #3510, #1286 ) ;
#3432 = FACE_OUTER_BOUND ( 'NONE', #889, .T. ) ;
#3433 = CIRCLE ( 'NONE', #963, 2.500000000000000000 ) ;
#3434 = VECTOR ( 'NONE', #310, 1000.000000000000227 ) ;
#3435 = CARTESIAN_POINT ( 'NONE',  ( 2.499981286999963803, -90.80481758913796853, -5.749356728523919102 ) ) ;
#3436 = VERTEX_POINT ( 'NONE', #62 ) ;
#3437 = DIRECTION ( 'NONE',  ( 1.000000000000000000, 0.000000000000000000, -5.898059818321144121E-15 ) ) ;
#3438 = CIRCLE ( 'NONE', #441, 2.500000000000000000 ) ;
#3439 = CIRCLE ( 'NONE', #1792, 2.099999999999999645 ) ;
#3440 = DIRECTION ( 'NONE',  ( 1.000000000000000000, 2.275957200481570908E-13, -5.551115123125782702E-15 ) ) ;
#3441 = CIRCLE ( 'NONE', #2375, 2.500000000000000000 ) ;
#3442 = CIRCLE ( 'NONE', #560, 2.500000000000000000 ) ;
#3443 = ORIENTED_EDGE ( 'NONE', *, *, #3217, .F. ) ;
#3444 = AXIS2_PLACEMENT_3D ( 'NONE', #1187, #907, #690 ) ;
#3445 = CARTESIAN_POINT ( 'NONE',  ( -1.871300003841724902E-05, -0.005717094161389324469, -0.004778506825398043389 ) ) ;
#3446 = ORIENTED_EDGE ( 'NONE', *, *, #1885, .T. ) ;
#3447 = CARTESIAN_POINT ( 'NONE',  ( 9.999981286993476104, 28.59187999416648651, 9.060398864406710828 ) ) ;
#3448 = AXIS2_PLACEMENT_3D ( 'NONE', #18, #3034, #1409 ) ;
#3449 = EDGE_CURVE ( 'NONE', #1658, #3166, #536, .T. ) ;
#3450 = DIRECTION ( 'NONE',  ( 1.000000000000000000, 2.275957200481570908E-13, -5.551115123125782702E-15 ) ) ;
#3451 = EDGE_LOOP ( 'NONE', ( #225, #1950 ) ) ;
#3452 = EDGE_CURVE ( 'NONE', #666, #2827, #3183, .T. ) ;
#3453 = CARTESIAN_POINT ( 'NONE',  ( -1.871302307554500999E-05, 100.7940121623734626, -5.737174280118967573 ) ) ;
#3454 = ORIENTED_EDGE ( 'NONE', *, *, #3332, .F. ) ;
#3455 = CYLINDRICAL_SURFACE ( 'NONE', #1031, 2.500000000000000000 ) ;
#3456 = ADVANCED_FACE ( 'NONE', ( #1518 ), #2631, .F. ) ;
#3457 = ORIENTED_EDGE ( 'NONE', *, *, #610, .T. ) ;
#3458 = CYLINDRICAL_SURFACE ( 'NONE', #967, 2.500000000000000000 ) ;
#3459 = ORIENTED_EDGE ( 'NONE', *, *, #2930, .T. ) ;
#3460 = DIRECTION ( 'NONE',  ( 1.000000000000000000, 2.275957200481570908E-13, -5.551115123125782702E-15 ) ) ;
#3461 = DIRECTION ( 'NONE',  ( -6.666234944169016438E-15, 6.358310577535969399E-05, -0.9999999979785942905 ) ) ;
#3462 = EDGE_LOOP ( 'NONE', ( #954, #2790, #85, #981 ) ) ;
#3463 = CARTESIAN_POINT ( 'NONE',  ( -1.871300003841724902E-05, -14.85419933151105276, -12.75496504989354030 ) ) ;
#3464 = ORIENTED_EDGE ( 'NONE', *, *, #1159, .T. ) ;
#3465 = FACE_OUTER_BOUND ( 'NONE', #1674, .T. ) ;
#3466 = ADVANCED_FACE ( 'NONE', ( #1293 ), #2123, .F. ) ;
#3467 = CARTESIAN_POINT ( 'NONE',  ( 9.999981286999970465, 14.84239709587090239, 16.94540802133842661 ) ) ;
#3468 = ORIENTED_EDGE ( 'NONE', *, *, #3401, .T. ) ;
#3469 = DIRECTION ( 'NONE',  ( -1.000000000000000000, -1.140928651987718238E-13, 5.765905360978586584E-15 ) ) ;
#3470 = EDGE_CURVE ( 'NONE', #2980, #1123, #1856, .T. ) ;
#3471 = EDGE_CURVE ( 'NONE', #186, #2105, #955, .T. ) ;
#3472 = DIRECTION ( 'NONE',  ( 1.000000000000000000, 1.140928651987716975E-13, -5.765905360978588951E-15 ) ) ;
#3473 = LINE ( 'NONE', #2064, #253 ) ;
#3474 = FACE_BOUND ( 'NONE', #2510, .T. ) ;
#3475 = EDGE_CURVE ( 'NONE', #2960, #2105, #2829, .T. ) ;
#3476 = ORIENTED_EDGE ( 'NONE', *, *, #2747, .F. ) ;
#3477 = DIRECTION ( 'NONE',  ( 1.000000000000000000, 0.000000000000000000, -5.898059818321144121E-15 ) ) ;
#3478 = ORIENTED_EDGE ( 'NONE', *, *, #2467, .F. ) ;
#3479 = DIRECTION ( 'NONE',  ( 5.773159728021815483E-15, -6.358310577535969399E-05, 0.9999999979785942905 ) ) ;
#3480 = ORIENTED_EDGE ( 'NONE', *, *, #410, .T. ) ;
#3481 = AXIS2_PLACEMENT_3D ( 'NONE', #2908, #2612, #1199 ) ;
#3482 = CARTESIAN_POINT ( 'NONE',  ( -10.00001871301614642, 70.77895218746940031, -20.15788767618528610 ) ) ;
#3483 = LINE ( 'NONE', #1485, #1513 ) ;
#3484 = ORIENTED_EDGE ( 'NONE', *, *, #2933, .F. ) ;
#3485 = CARTESIAN_POINT ( 'NONE',  ( -2.500018713000040638, -100.8048175680006722, -5.749992559885452437 ) ) ;
#3486 = DIRECTION ( 'NONE',  ( 1.000000000000000000, 0.000000000000000000, -5.898059818321144121E-15 ) ) ;
#3487 = VERTEX_POINT ( 'NONE', #460 ) ;
#3488 = CARTESIAN_POINT ( 'NONE',  ( 9.999981286997194019, -22.22318892482413943, -20.16380104129675388 ) ) ;
#3489 = EDGE_CURVE ( 'NONE', #3274, #282, #1587, .T. ) ;
#3490 = ORIENTED_EDGE ( 'NONE', *, *, #429, .T. ) ;
#3491 = EDGE_CURVE ( 'NONE', #2191, #3308, #12, .T. ) ;
#3492 = AXIS2_PLACEMENT_3D ( 'NONE', #3047, #254, #3090 ) ;
#3493 = DIRECTION ( 'NONE',  ( -1.140924983539790171E-13, 0.9999999979785944015, 6.358310577535970754E-05 ) ) ;
#3494 = FACE_OUTER_BOUND ( 'NONE', #1291, .T. ) ;
#3495 = ORIENTED_EDGE ( 'NONE', *, *, #2336, .F. ) ;
#3496 = VECTOR ( 'NONE', #1638, 1000.000000000000000 ) ;
#3497 = CIRCLE ( 'NONE', #789, 30.00000000000000711 ) ;
#3498 = CARTESIAN_POINT ( 'NONE',  ( 9.999981286999970465, -0.007236363600060524703, 23.09522144293213586 ) ) ;
#3499 = ORIENTED_EDGE ( 'NONE', *, *, #2313, .T. ) ;
#3500 = AXIS2_PLACEMENT_3D ( 'NONE', #1431, #244, #594 ) ;
#3501 = VECTOR ( 'NONE', #1228, 1000.000000000000227 ) ;
#3502 = DIRECTION ( 'NONE',  ( 5.773159728048290444E-15, -6.358310602959382773E-05, 0.9999999979785942905 ) ) ;
#3503 = ORIENTED_EDGE ( 'NONE', *, *, #3217, .T. ) ;
#3504 = VECTOR ( 'NONE', #2316, 999.9999999999998863 ) ;
#3505 = LINE ( 'NONE', #3535, #2203 ) ;
#3506 = ORIENTED_EDGE ( 'NONE', *, *, #1695, .F. ) ;
#3507 = AXIS2_PLACEMENT_3D ( 'NONE', #2392, #2407, #409 ) ;
#3508 = DIRECTION ( 'NONE',  ( 1.000000000000000000, 2.275957200481570908E-13, -5.551115123125782702E-15 ) ) ;
#3509 = CARTESIAN_POINT ( 'NONE',  ( 3.333314620330651845, 22.21426760327544869, -20.16097556990481365 ) ) ;
#3510 = DIRECTION ( 'NONE',  ( 5.773159728048290444E-15, -6.358310602959382773E-05, 0.9999999979785942905 ) ) ;
#3511 = CARTESIAN_POINT ( 'NONE',  ( 9.999981286978149697, -20.82106985284671552, -21.70903212012888872 ) ) ;
#3512 = EDGE_LOOP ( 'NONE', ( #1528, #1009, #1101, #3428 ) ) ;
#3513 = PERSON_AND_ORGANIZATION_ROLE ( 'classification_officer' ) ;
#3514 = DIRECTION ( 'NONE',  ( 1.000000000000000000, 0.000000000000000000, -5.551115123125782702E-15 ) ) ;
#3515 = DIRECTION ( 'NONE',  ( -5.773159728019287184E-15, 6.358310577535970754E-05, -0.9999999979785945126 ) ) ;
#3516 = EDGE_LOOP ( 'NONE', ( #3131, #1399, #2738, #2281 ) ) ;
#3517 = EDGE_CURVE ( 'NONE', #103, #1658, #406, .T. ) ;
#3518 = DIRECTION ( 'NONE',  ( -1.142604529510056771E-13, 0.9987717903683450693, -0.04954705606199365231 ) ) ;
#3519 = VERTEX_POINT ( 'NONE', #3498 ) ;
#3520 = CARTESIAN_POINT ( 'NONE',  ( -1.871300003841724902E-05, -80.80390081636699051, -20.16752578464125989 ) ) ;
#3521 = EDGE_CURVE ( 'NONE', #2994, #1747, #1551, .T. ) ;
#3522 = CARTESIAN_POINT ( 'NONE',  ( -1.871300003841724902E-05, -60.80481764960305213, -5.747449235586649330 ) ) ;
#3523 = DIRECTION ( 'NONE',  ( 1.136822117923467498E-13, -0.9987654815812405662, -0.04967406568615688467 ) ) ;
#3524 = DIRECTION ( 'NONE',  ( -5.545699401048351450E-15, 6.358310602959384129E-05, -0.9999999979785944015 ) ) ;
#3525 = ORIENTED_EDGE ( 'NONE', *, *, #1524, .T. ) ;
#3526 = CARTESIAN_POINT ( 'NONE',  ( 9.999981286977961403, -19.26045460384984409, -23.10466592006116215 ) ) ;
#3527 = ORIENTED_EDGE ( 'NONE', *, *, #1121, .F. ) ;
#3528 = FACE_OUTER_BOUND ( 'NONE', #1098, .T. ) ;
#3529 = LINE ( 'NONE', #2399, #263 ) ;
#3530 = ORIENTED_EDGE ( 'NONE', *, *, #2591, .F. ) ;
#3531 = CARTESIAN_POINT ( 'NONE',  ( -2.500018713000040638, -70.80582422599943015, 10.08310998523992374 ) ) ;
#3532 = ORIENTED_EDGE ( 'NONE', *, *, #231, .T. ) ;
#3533 = CARTESIAN_POINT ( 'NONE',  ( -1.871300003841724902E-05, -28.60332971024595494, -10.41420669125320231 ) ) ;
#3534 = EDGE_CURVE ( 'NONE', #1063, #2055, #2062, .T. ) ;
#3535 = CARTESIAN_POINT ( 'NONE',  ( 2.499981286986086015, 60.79401224397643233, -5.739717604292287945 ) ) ;
#3536 = ADVANCED_FACE ( 'NONE', ( #2091 ), #2959, .F. ) ;
#3537 = LINE ( 'NONE', #3052, #1441 ) ;
#3538 = VECTOR ( 'NONE', #3547, 1000.000000000000000 ) ;
#3539 = DIRECTION ( 'NONE',  ( -1.142248688797035512E-13, 0.9987717903683451803, -0.04954705606199355516 ) ) ;
#3540 = CARTESIAN_POINT ( 'NONE',  ( -2.500018713000040638, -90.80481758913796853, -5.749356728523919102 ) ) ;
#3541 = FACE_BOUND ( 'NONE', #443, .T. ) ;
#3542 = ORIENTED_EDGE ( 'NONE', *, *, #2347, .F. ) ;
#3543 = DIRECTION ( 'NONE',  ( -6.666234944169016438E-15, 6.358310577535969399E-05, -0.9999999979785942905 ) ) ;
#3544 = DIRECTION ( 'NONE',  ( 1.136822117923467498E-13, -0.9987654815812405662, -0.04967406568615688467 ) ) ;
#3545 = ORIENTED_EDGE ( 'NONE', *, *, #1649, .T. ) ;
#3546 = AXIS2_PLACEMENT_3D ( 'NONE', #1052, #1392, #2150 ) ;
#3547 = DIRECTION ( 'NONE',  ( 1.000000000000000000, 1.142568764924866627E-13, -5.668053422848198518E-15 ) ) ;
#3548 = ORIENTED_EDGE ( 'NONE', *, *, #1060, .T. ) ;
#3549 = CARTESIAN_POINT ( 'NONE',  ( -10.00001871302364975, -2.130264350858395606, 29.99508289652577631 ) ) ;
#3550 = VECTOR ( 'NONE', #473, 1000.000000000000000 ) ;
#3551 = CIRCLE ( 'NONE', #1672, 2.500000000000000000 ) ;
#3552 = VERTEX_POINT ( 'NONE', #3531 ) ;
#3553 = CIRCLE ( 'NONE', #2136, 2.500000000000000000 ) ;
#3554 = CIRCLE ( 'NONE', #324, 2.099999999630000502 ) ;
#3555 = DIRECTION ( 'NONE',  ( 5.773159728021815483E-15, -6.358310577535969399E-05, 0.9999999979785942905 ) ) ;
#3556 = ORIENTED_EDGE ( 'NONE', *, *, #3058, .T. ) ;
#3557 = CARTESIAN_POINT ( 'NONE',  ( -1.871300003841724902E-05, -70.80582422599943015, 10.08310998523992374 ) ) ;
#3558 = AXIS2_PLACEMENT_3D ( 'NONE', #521, #1918, #3055 ) ;
#3559 = EDGE_CURVE ( 'NONE', #2866, #1601, #2177, .T. ) ;
#3560 = CARTESIAN_POINT ( 'NONE',  ( 2.499981286999963803, -60.80582424618749826, 10.08374581555318628 ) ) ;
#3561 = CIRCLE ( 'NONE', #856, 2.500000000000000000 ) ;
#3562 = EDGE_CURVE ( 'NONE', #652, #666, #182, .T. ) ;
#3563 = CARTESIAN_POINT ( 'NONE',  ( -2.500018713000040638, -60.80481764960305213, -5.747449235586649330 ) ) ;
#3564 = ORIENTED_EDGE ( 'NONE', *, *, #227, .T. ) ;
#3565 = EDGE_CURVE ( 'NONE', #453, #1422, #832, .T. ) ;
#3566 = CC_DESIGN_PERSON_AND_ORGANIZATION_ASSIGNMENT ( #676, #1252, ( #2361 ) ) ;
#3567 = CARTESIAN_POINT ( 'NONE',  ( 9.999981286999970465, -78.85332960848853645, -10.41740174237240701 ) ) ;
#3568 = CARTESIAN_POINT ( 'NONE',  ( 2.499981286979258144, 90.79300558698874113, 10.09338494026446043 ) ) ;
#3569 = ORIENTED_EDGE ( 'NONE', *, *, #2448, .T. ) ;
#3570 = PRODUCT_RELATED_PRODUCT_CATEGORY ( 'detail', '', ( #555 ) ) ;
#3571 = DIRECTION ( 'NONE',  ( -5.773159728019287184E-15, 6.358310577535970754E-05, -0.9999999979785945126 ) ) ;
#3572 = DIRECTION ( 'NONE',  ( 5.773159728050820321E-15, -6.358310602959382773E-05, 0.9999999979785942905 ) ) ;
#3573 = DIRECTION ( 'NONE',  ( 1.000000000000000000, 0.000000000000000000, -5.898059818321144121E-15 ) ) ;
#3574 = ORIENTED_EDGE ( 'NONE', *, *, #3128, .T. ) ;
#3575 = CARTESIAN_POINT ( 'NONE',  ( -10.00001871299999223, -0.004432348573141231540, -21.00477846740345100 ) ) ;
#3576 = CARTESIAN_POINT ( 'NONE',  ( -1.871302302003385876E-05, 100.7943090194528821, -10.40597918667163313 ) ) ;
#3577 = EDGE_CURVE ( 'NONE', #1492, #2381, #2106, .T. ) ;
#3578 = DIRECTION ( 'NONE',  ( 1.000000000000000000, 2.275957200481570908E-13, -5.551115123125782702E-15 ) ) ;
#3579 = ORIENTED_EDGE ( 'NONE', *, *, #3038, .T. ) ;
#3580 = EDGE_CURVE ( 'NONE', #2994, #2172, #1253, .T. ) ;
#3581 = APPROVAL_ROLE ( '' ) ;
#3582 = EDGE_CURVE ( 'NONE', #148, #3596, #598, .T. ) ;
#3583 = CARTESIAN_POINT ( 'NONE',  ( -10.00001871300078449, 8.378337790507792704, 28.87779496650106026 ) ) ;
#3584 = CARTESIAN_POINT ( 'NONE',  ( -1.871300003841724902E-05, -100.8064441003392062, 19.83120247213107490 ) ) ;
#3585 = VERTEX_POINT ( 'NONE', #2898 ) ;
#3586 = EDGE_LOOP ( 'NONE', ( #1525, #359, #2066, #3503 ) ) ;
#3587 = DIRECTION ( 'NONE',  ( -5.773159728048290444E-15, 6.358310602959382773E-05, -0.9999999979785942905 ) ) ;
#3588 = ORIENTED_EDGE ( 'NONE', *, *, #815, .T. ) ;
#3589 = FACE_BOUND ( 'NONE', #2164, .T. ) ;
#3590 = VERTEX_POINT ( 'NONE', #383 ) ;
#3591 = DIRECTION ( 'NONE',  ( 5.773159728021815483E-15, -6.358310577535969399E-05, 0.9999999979785942905 ) ) ;
#3592 = CARTESIAN_POINT ( 'NONE',  ( -10.00001871299999223, -129.1046329604214122, 10.07940316519967361 ) ) ;
#3593 = CARTESIAN_POINT ( 'NONE',  ( -10.00001871299999223, -23.10576754700438684, -0.006247279964871621516 ) ) ;
#3594 = AXIS2_PLACEMENT_3D ( 'NONE', #101, #1183, #630 ) ;
#3595 = CARTESIAN_POINT ( 'NONE',  ( -1.871301391620505683E-05, 60.79401224397587811, -5.739717604292287945 ) ) ;
#3596 = VERTEX_POINT ( 'NONE', #2287 ) ;
#3597 = ADVANCED_FACE ( 'NONE', ( #1218 ), #3417, .F. ) ;
#3598 = LINE ( 'NONE', #2174, #2669 ) ;
#3599 = DIRECTION ( 'NONE',  ( -6.666234944169016438E-15, 6.358310577535969399E-05, -0.9999999979785942905 ) ) ;
#3600 = ORIENTED_EDGE ( 'NONE', *, *, #585, .T. ) ;
#3601 = ADVANCED_FACE ( 'NONE', ( #2341 ), #58, .F. ) ;
#3602 = ORIENTED_EDGE ( 'NONE', *, *, #610, .F. ) ;
#3603 = CARTESIAN_POINT ( 'NONE',  ( -1.871300936429065587E-05, 40.79401228430254633, -5.740989266903140376 ) ) ;
#3604 = ORIENTED_EDGE ( 'NONE', *, *, #3188, .F. ) ;
#3605 = AXIS2_PLACEMENT_3D ( 'NONE', #1185, #2346, #2000 ) ;
#3606 = FACE_OUTER_BOUND ( 'NONE', #2655, .T. ) ;
#3607 = ORIENTED_EDGE ( 'NONE', *, *, #2157, .T. ) ;
#3608 = AXIS2_PLACEMENT_3D ( 'NONE', #603, #351, #1980 ) ;
#3609 = FACE_OUTER_BOUND ( 'NONE', #2641, .T. ) ;
#3610 = CARTESIAN_POINT ( 'NONE',  ( 2.499981286999963803, -50.80390087683209543, -20.16561829170401765 ) ) ;
#3611 = AXIS2_PLACEMENT_3D ( 'NONE', #1460, #2826, #3101 ) ;
#3612 = VECTOR ( 'NONE', #2231, 999.9999999999998863 ) ;
#3613 = FACE_BOUND ( 'NONE', #217, .T. ) ;
#3614 = CARTESIAN_POINT ( 'NONE',  ( 9.999981286981984852, 78.84181446344682342, 10.09262504626257062 ) ) ;
#3615 = VECTOR ( 'NONE', #2862, 999.9999999999998863 ) ;
#3616 = AXIS2_PLACEMENT_3D ( 'NONE', #322, #343, #287 ) ;
#3617 = CARTESIAN_POINT ( 'NONE',  ( 9.999981286999970465, -119.3546329801439612, 10.08002310098357590 ) ) ;
#3618 = ORIENTED_EDGE ( 'NONE', *, *, #86, .T. ) ;
#3619 = CIRCLE ( 'NONE', #2083, 2.099999999999999645 ) ;
#3620 = VERTEX_POINT ( 'NONE', #1177 ) ;
#3621 = CYLINDRICAL_SURFACE ( 'NONE', #1731, 2.500000000000000000 ) ;
#3622 = AXIS2_PLACEMENT_3D ( 'NONE', #2947, #3277, #2966 ) ;
#3623 = LINE ( 'NONE', #1403, #3256 ) ;
#3624 = ORIENTED_EDGE ( 'NONE', *, *, #2634, .T. ) ;
#3625 = VERTEX_POINT ( 'NONE', #403 ) ;
#3626 = CARTESIAN_POINT ( 'NONE',  ( 9.999981286972769112, 119.3418143814119219, 10.09520016250536933 ) ) ;
#3627 = ORIENTED_EDGE ( 'NONE', *, *, #880, .F. ) ;
#3628 = EDGE_CURVE ( 'NONE', #2751, #2770, #134, .T. ) ;
#3629 = CARTESIAN_POINT ( 'NONE',  ( -10.00001871299999223, -219.0938077546848035, -160.1763189697669247 ) ) ;
#3630 = ORIENTED_EDGE ( 'NONE', *, *, #2718, .F. ) ;
#3631 = DIRECTION ( 'NONE',  ( 5.773159728050820321E-15, -6.358310602959382773E-05, 0.9999999979785942905 ) ) ;
#3632 = EDGE_CURVE ( 'NONE', #1847, #2506, #2628, .T. ) ;
#3633 = DIRECTION ( 'NONE',  ( -1.136290185304864835E-13, 0.9999999979785942905, 6.358310577531392711E-05 ) ) ;
#3634 = CARTESIAN_POINT ( 'NONE',  ( -10.00001871299999223, -21.00576755103866589, -0.006113755499081996447 ) ) ;
#3635 = CARTESIAN_POINT ( 'NONE',  ( -1.871300003841724902E-05, -14.85608765391063812, 16.94351969993754281 ) ) ;
#3636 = ORIENTED_EDGE ( 'NONE', *, *, #2681, .F. ) ;
#3637 = DIRECTION ( 'NONE',  ( 1.000000000000000000, 1.140928651987716975E-13, -5.765905360978588951E-15 ) ) ;
#3638 = CYLINDRICAL_SURFACE ( 'NONE', #2614, 2.500000000000000000 ) ;
#3639 = ORIENTED_EDGE ( 'NONE', *, *, #3471, .F. ) ;
#3640 = VERTEX_POINT ( 'NONE', #896 ) ;
#3641 = CARTESIAN_POINT ( 'NONE',  ( -2.500018713000040638, -50.80644420108137638, 19.83438162769235547 ) ) ;
ENDSEC;
END-ISO-10303-21;
