ISO-10303-21;
HEADER;
FILE_DESCRIPTION (( 'STEP AP214' ),
    '1' );
FILE_NAME ('Link3.STEP',
    '2026-07-31T12:05:04',
    ( '' ),
    ( '' ),
    'SwSTEP 2.0',
    'SolidWorks 2025',
    '' );
FILE_SCHEMA (( 'AUTOMOTIVE_DESIGN' ));
ENDSEC;

DATA;
#1 = CARTESIAN_POINT ( 'NONE',  ( -11.31370849898490150, 7.066904755831209251, -12.96370849898462119 ) ) ;
#2 = CARTESIAN_POINT ( 'NONE',  ( 1.675911042644704011E-13, -4.666904755831215112, -14.34999999999999964 ) ) ;
#3 = DIRECTION ( 'NONE',  ( -0.000000000000000000, -1.000000000000000000, -0.000000000000000000 ) ) ;
#4 = ORIENTED_EDGE ( 'NONE', *, *, #1691, .F. ) ;
#5 = PRODUCT_DEFINITION ( 'UNKNOWN', '', #7826, #6120 ) ;
#6 = ORIENTED_EDGE ( 'NONE', *, *, #2034, .F. ) ;
#7 = ADVANCED_FACE ( 'NONE', ( #2097 ), #3419, .T. ) ;
#8 = ORIENTED_EDGE ( 'NONE', *, *, #3423, .T. ) ;
#9 = LINE ( 'NONE', #1317, #519 ) ;
#10 = EDGE_LOOP ( 'NONE', ( #6915, #4487, #1664, #1022, #3660, #3626, #206, #1881, #4573 ) ) ;
#11 = CARTESIAN_POINT ( 'NONE',  ( 0.000000000000000000, 0.000000000000000000, 0.000000000000000000 ) ) ;
#12 = DIRECTION ( 'NONE',  ( -0.000000000000000000, -1.000000000000000000, -0.000000000000000000 ) ) ;
#13 = VERTEX_POINT ( 'NONE', #5252 ) ;
#14 = LINE ( 'NONE', #7560, #7023 ) ;
#15 = VECTOR ( 'NONE', #4203, 1000.000000000000000 ) ;
#16 = EDGE_LOOP ( 'NONE', ( #2407, #3273, #7615, #7477, #835, #4650, #1316, #445 ) ) ;
#17 = DIRECTION ( 'NONE',  ( 0.000000000000000000, 0.000000000000000000, 1.000000000000000000 ) ) ;
#18 = LINE ( 'NONE', #2534, #7725 ) ;
#19 = AXIS2_PLACEMENT_3D ( 'NONE', #1924, #4449, #5074 ) ;
#20 = DIRECTION ( 'NONE',  ( -0.000000000000000000, 1.000000000000000000, -0.000000000000000000 ) ) ;
#21 = CARTESIAN_POINT ( 'NONE',  ( 0.000000000000000000, 2.399999999999999467, 0.000000000000000000 ) ) ;
#22 = VECTOR ( 'NONE', #5562, 1000.000000000000000 ) ;
#23 = EDGE_LOOP ( 'NONE', ( #3405, #3448, #932, #6288 ) ) ;
#24 = VECTOR ( 'NONE', #728, 1000.000000000000000 ) ;
#25 = CARTESIAN_POINT ( 'NONE',  ( 0.000000000000000000, -1.999999999999997335, 7.218039900139097576 ) ) ;
#26 = AXIS2_PLACEMENT_3D ( 'NONE', #6043, #5551, #7267 ) ;
#27 = ORIENTED_EDGE ( 'NONE', *, *, #7888, .F. ) ;
#28 = CARTESIAN_POINT ( 'NONE',  ( 14.00000000000000000, 2.000000000000002665, 4.571662717217883198 ) ) ;
#29 = DIRECTION ( 'NONE',  ( 0.000000000000000000, 0.000000000000000000, 1.000000000000000000 ) ) ;
#30 = CARTESIAN_POINT ( 'NONE',  ( 4.000000000000000000, 6.110987527745294503E-16, -4.990000000000001101 ) ) ;
#31 = AXIS2_PLACEMENT_3D ( 'NONE', #4674, #7799, #2020 ) ;
#32 = AXIS2_PLACEMENT_3D ( 'NONE', #4011, #753, #6535 ) ;
#33 = EDGE_CURVE ( 'NONE', #7215, #4955, #522, .T. ) ;
#34 = VERTEX_POINT ( 'NONE', #373 ) ;
#35 = EDGE_CURVE ( 'NONE', #7674, #5671, #4706, .T. ) ;
#36 = DIRECTION ( 'NONE',  ( 0.000000000000000000, -1.000000000000000000, 0.000000000000000000 ) ) ;
#37 = VECTOR ( 'NONE', #2885, 1000.000000000000000 ) ;
#38 = CIRCLE ( 'NONE', #4258, 81.25000000000008527 ) ;
#39 = ORIENTED_EDGE ( 'NONE', *, *, #296, .T. ) ;
#40 = ADVANCED_FACE ( 'NONE', ( #338 ), #2842, .T. ) ;
#41 = LINE ( 'NONE', #2005, #2643 ) ;
#42 = CARTESIAN_POINT ( 'NONE',  ( -11.31370849898465991, -4.666904755831215112, -12.96370849898485744 ) ) ;
#43 = ADVANCED_FACE ( 'NONE', ( #2217, #4752 ), #7758, .F. ) ;
#44 = PRODUCT_DEFINITION_SHAPE ( 'NONE', 'NONE',  #5 ) ;
#45 = ADVANCED_FACE ( 'NONE', ( #3012 ), #1182, .T. ) ;
#46 = CIRCLE ( 'NONE', #4659, 27.24999999999998224 ) ;
#47 = LINE ( 'NONE', #8039, #3452 ) ;
#48 = CIRCLE ( 'NONE', #4660, 4.990000000000004654 ) ;
#49 = FACE_OUTER_BOUND ( 'NONE', #7866, .T. ) ;
#50 = ORIENTED_EDGE ( 'NONE', *, *, #2669, .T. ) ;
#51 = EDGE_LOOP ( 'NONE', ( #3167, #3331 ) ) ;
#52 = EDGE_LOOP ( 'NONE', ( #5661, #7523 ) ) ;
#53 = CARTESIAN_POINT ( 'NONE',  ( 1.224646799147250347E-18, 0.000000000000000000, 0.000000000000000000 ) ) ;
#54 = CIRCLE ( 'NONE', #2017, 12.49999999999999645 ) ;
#55 = VERTEX_POINT ( 'NONE', #5463 ) ;
#56 = FACE_BOUND ( 'NONE', #6241, .T. ) ;
#57 = CARTESIAN_POINT ( 'NONE',  ( 30.50000000000000000, 5.866058167915829334E-16, -4.790000000000006253 ) ) ;
#58 = EDGE_LOOP ( 'NONE', ( #1879, #1859, #2860, #4738 ) ) ;
#59 = EDGE_CURVE ( 'NONE', #1285, #1827, #4735, .T. ) ;
#60 = CARTESIAN_POINT ( 'NONE',  ( 16.00000000000000000, 0.000000000000000000, -1.649999999999998579 ) ) ;
#61 = ORIENTED_EDGE ( 'NONE', *, *, #3532, .F. ) ;
#62 = ADVANCED_FACE ( 'NONE', ( #1042, #6069 ), #2301, .F. ) ;
#63 = DIRECTION ( 'NONE',  ( -0.000000000000000000, 1.000000000000000000, -0.000000000000000000 ) ) ;
#64 = CARTESIAN_POINT ( 'NONE',  ( 17.29161646579058242, 34.20000000000000284, -4.999999999999994671 ) ) ;
#65 = DIRECTION ( 'NONE',  ( 0.000000000000000000, 0.7071067811865489050, 0.7071067811865462405 ) ) ;
#66 = FACE_OUTER_BOUND ( 'NONE', #1101, .T. ) ;
#67 = EDGE_LOOP ( 'NONE', ( #3300, #6405, #6747, #4602 ) ) ;
#68 = CARTESIAN_POINT ( 'NONE',  ( 0.000000000000000000, 34.20000000000000284, 0.000000000000000000 ) ) ;
#69 = EDGE_LOOP ( 'NONE', ( #4302, #7594 ) ) ;
#70 = DIRECTION ( 'NONE',  ( 0.000000000000000000, 0.000000000000000000, 1.000000000000000000 ) ) ;
#71 = FACE_BOUND ( 'NONE', #2911, .T. ) ;
#72 = DIRECTION ( 'NONE',  ( 0.000000000000000000, 0.000000000000000000, 1.000000000000000000 ) ) ;
#73 = EDGE_CURVE ( 'NONE', #5478, #7539, #943, .T. ) ;
#74 = ORIENTED_EDGE ( 'NONE', *, *, #2345, .T. ) ;
#75 = CARTESIAN_POINT ( 'NONE',  ( -2.000000000000000000, 7.228416147400480440, 245.5241746962600473 ) ) ;
#76 = VERTEX_POINT ( 'NONE', #6772 ) ;
#77 = DIRECTION ( 'NONE',  ( -0.000000000000000000, 1.000000000000000000, -0.000000000000000000 ) ) ;
#78 = DIRECTION ( 'NONE',  ( 0.000000000000000000, 0.000000000000000000, 1.000000000000000000 ) ) ;
#79 =( REPRESENTATION_RELATIONSHIP ('NONE','NONE', #6018, #7959 ) REPRESENTATION_RELATIONSHIP_WITH_TRANSFORMATION ( #1017 )SHAPE_REPRESENTATION_RELATIONSHIP( ) );
#80 = EDGE_CURVE ( 'NONE', #6407, #1285, #536, .T. ) ;
#81 = CARTESIAN_POINT ( 'NONE',  ( 30.50000000000000000, 0.000000000000000000, -4.990000000000004654 ) ) ;
#82 = DIRECTION ( 'NONE',  ( 0.000000000000000000, 1.000000000000000000, 0.000000000000000000 ) ) ;
#83 = EDGE_CURVE ( 'NONE', #3369, #306, #3592, .T. ) ;
#84 = ORIENTED_EDGE ( 'NONE', *, *, #1462, .T. ) ;
#85 = ORIENTED_EDGE ( 'NONE', *, *, #1770, .T. ) ;
#86 = VERTEX_POINT ( 'NONE', #1684 ) ;
#87 = CARTESIAN_POINT ( 'NONE',  ( -5.586370142149013368E-14, 10.00000000000000000, 16.00000000000000000 ) ) ;
#88 = EDGE_CURVE ( 'NONE', #6778, #6205, #7640, .T. ) ;
#89 = VERTEX_POINT ( 'NONE', #8037 ) ;
#90 = FACE_BOUND ( 'NONE', #4416, .T. ) ;
#91 = DIRECTION ( 'NONE',  ( 0.000000000000000000, 0.000000000000000000, 1.000000000000000000 ) ) ;
#92 = EDGE_CURVE ( 'NONE', #1318, #7576, #4356, .T. ) ;
#93 = VERTEX_POINT ( 'NONE', #2260 ) ;
#94 = CARTESIAN_POINT ( 'NONE',  ( 1.677931709863297103E-13, 0.000000000000000000, -17.64999999999999503 ) ) ;
#95 = CIRCLE ( 'NONE', #2058, 2.000000000000000000 ) ;
#96 = ORIENTED_EDGE ( 'NONE', *, *, #750, .F. ) ;
#97 = CYLINDRICAL_SURFACE ( 'NONE', #5251, 4.790000000000000924 ) ;
#98 = ADVANCED_FACE ( 'NONE', ( #2343, #1201 ), #3052, .F. ) ;
#99 = DIRECTION ( 'NONE',  ( 0.000000000000000000, 0.000000000000000000, -1.000000000000000000 ) ) ;
#100 = DIRECTION ( 'NONE',  ( -1.000000000000000000, -0.000000000000000000, -0.000000000000000000 ) ) ;
#101 = DIRECTION ( 'NONE',  ( -0.000000000000000000, -1.000000000000000000, -0.000000000000000000 ) ) ;
#102 = AXIS2_PLACEMENT_3D ( 'NONE', #6388, #3157, #1299 ) ;
#103 = ORIENTED_EDGE ( 'NONE', *, *, #2141, .F. ) ;
#104 = FACE_OUTER_BOUND ( 'NONE', #1393, .T. ) ;
#105 = ORIENTED_EDGE ( 'NONE', *, *, #1161, .F. ) ;
#106 = FACE_OUTER_BOUND ( 'NONE', #7755, .T. ) ;
#107 = EDGE_CURVE ( 'NONE', #1238, #1369, #4210, .T. ) ;
#108 = CIRCLE ( 'NONE', #8139, 4.990000000000004654 ) ;
#109 = DIRECTION ( 'NONE',  ( 0.000000000000000000, 0.000000000000000000, 1.000000000000000000 ) ) ;
#110 = CARTESIAN_POINT ( 'NONE',  ( 0.000000000000000000, 4.600000000000003197, -45.00000000000000711 ) ) ;
#111 = DIRECTION ( 'NONE',  ( -0.000000000000000000, 1.000000000000000000, -0.000000000000000000 ) ) ;
#112 = CIRCLE ( 'NONE', #7355, 18.00000000000000355 ) ;
#113 = AXIS2_PLACEMENT_3D ( 'NONE', #2502, #3750, #3868 ) ;
#114 = ORIENTED_EDGE ( 'NONE', *, *, #3968, .F. ) ;
#115 = AXIS2_PLACEMENT_3D ( 'NONE', #7876, #6032, #5373 ) ;
#116 = CARTESIAN_POINT ( 'NONE',  ( -25.00000000000000000, 29.80000000000000426, 5.000000000000000000 ) ) ;
#117 = ORIENTED_EDGE ( 'NONE', *, *, #5544, .F. ) ;
#118 = AXIS2_PLACEMENT_3D ( 'NONE', #7552, #6326, #3842 ) ;
#119 = LINE ( 'NONE', #1892, #149 ) ;
#120 = DIRECTION ( 'NONE',  ( -0.000000000000000000, 1.000000000000000000, -0.000000000000000000 ) ) ;
#121 = CARTESIAN_POINT ( 'NONE',  ( 1.999999999999998668, -7.228416147400480440, 20.00000000000000000 ) ) ;
#122 = DIRECTION ( 'NONE',  ( -0.000000000000000000, -1.000000000000000000, -0.000000000000000000 ) ) ;
#123 = CARTESIAN_POINT ( 'NONE',  ( 0.000000000000000000, 17.80000000000000426, 44.50000000000000711 ) ) ;
#124 = ORIENTED_EDGE ( 'NONE', *, *, #2912, .F. ) ;
#125 = ORIENTED_EDGE ( 'NONE', *, *, #2161, .T. ) ;
#126 = ORIENTED_EDGE ( 'NONE', *, *, #6569, .T. ) ;
#127 = DIRECTION ( 'NONE',  ( -0.000000000000000000, -0.000000000000000000, 1.000000000000000000 ) ) ;
#128 = ORIENTED_EDGE ( 'NONE', *, *, #341, .T. ) ;
#129 = DIRECTION ( 'NONE',  ( 1.000000000000000000, 0.000000000000000000, 0.000000000000000000 ) ) ;
#130 = LINE ( 'NONE', #7142, #3588 ) ;
#131 = ADVANCED_FACE ( 'NONE', ( #4170 ), #413, .F. ) ;
#132 = ORIENTED_EDGE ( 'NONE', *, *, #6896, .F. ) ;
#133 = FACE_OUTER_BOUND ( 'NONE', #5119, .T. ) ;
#134 = ORIENTED_EDGE ( 'NONE', *, *, #510, .F. ) ;
#135 = DIRECTION ( 'NONE',  ( -1.000000000000000000, -0.000000000000000000, -0.000000000000000000 ) ) ;
#136 = DIRECTION ( 'NONE',  ( 0.000000000000000000, 0.000000000000000000, -1.000000000000000000 ) ) ;
#137 = DIRECTION ( 'NONE',  ( 0.000000000000000000, 1.000000000000000000, 0.000000000000000000 ) ) ;
#138 = EDGE_CURVE ( 'NONE', #5448, #5671, #1130, .T. ) ;
#139 = CARTESIAN_POINT ( 'NONE',  ( 90.00000000000000000, -12.49999999999999822, 20.00000000000000000 ) ) ;
#140 = AXIS2_PLACEMENT_3D ( 'NONE', #7376, #2433, #583 ) ;
#141 = AXIS2_PLACEMENT_3D ( 'NONE', #7173, #908, #2836 ) ;
#142 = EDGE_CURVE ( 'NONE', #5091, #7101, #6349, .T. ) ;
#143 = ORIENTED_EDGE ( 'NONE', *, *, #6739, .T. ) ;
#144 = ORIENTED_EDGE ( 'NONE', *, *, #5084, .T. ) ;
#145 = DIRECTION ( 'NONE',  ( -0.000000000000000000, 1.000000000000000000, -0.000000000000000000 ) ) ;
#146 = ORIENTED_EDGE ( 'NONE', *, *, #3310, .F. ) ;
#147 = FACE_OUTER_BOUND ( 'NONE', #5101, .T. ) ;
#148 = AXIS2_PLACEMENT_3D ( 'NONE', #2417, #2237, #4315 ) ;
#149 = VECTOR ( 'NONE', #77, 1000.000000000000000 ) ;
#150 = DIRECTION ( 'NONE',  ( 1.000000000000000000, 0.000000000000000000, 0.000000000000000000 ) ) ;
#151 = CARTESIAN_POINT ( 'NONE',  ( 4.999999999999998224, 29.80000000000000426, 18.73499399519520026 ) ) ;
#152 = CARTESIAN_POINT ( 'NONE',  ( -18.73499399519520381, 34.20000000000000284, -6.999999999999999112 ) ) ;
#153 = AXIS2_PLACEMENT_3D ( 'NONE', #5058, #6944, #2415 ) ;
#154 =( NAMED_UNIT ( * ) PLANE_ANGLE_UNIT ( ) SI_UNIT ( $, .RADIAN. ) );
#155 = EDGE_CURVE ( 'NONE', #6515, #7829, #6683, .T. ) ;
#156 = CIRCLE ( 'NONE', #8051, 4.790000000000005365 ) ;
#157 = AXIS2_PLACEMENT_3D ( 'NONE', #486, #3495, #6025 ) ;
#158 = EDGE_LOOP ( 'NONE', ( #635, #1047, #1420, #2984, #867, #5488, #2013 ) ) ;
#159 = AXIS2_PLACEMENT_3D ( 'NONE', #4221, #2892, #6737 ) ;
#160 = DIRECTION ( 'NONE',  ( 0.000000000000000000, -1.000000000000000000, 0.000000000000000000 ) ) ;
#161 = ORIENTED_EDGE ( 'NONE', *, *, #1161, .T. ) ;
#162 = AXIS2_PLACEMENT_3D ( 'NONE', #6728, #5999, #1085 ) ;
#163 = AXIS2_PLACEMENT_3D ( 'NONE', #4052, #6578, #927 ) ;
#164 = CARTESIAN_POINT ( 'NONE',  ( -11.31370849898482156, -4.666904755831215112, 11.31370849898470077 ) ) ;
#165 = CARTESIAN_POINT ( 'NONE',  ( 2.199633243471174140E-13, 29.80000000000000426, -18.50000000000000000 ) ) ;
#166 = DIRECTION ( 'NONE',  ( -0.000000000000000000, -0.000000000000000000, 1.000000000000000000 ) ) ;
#167 = DIRECTION ( 'NONE',  ( 0.000000000000000000, 0.000000000000000000, 1.000000000000000000 ) ) ;
#168 = CARTESIAN_POINT ( 'NONE',  ( 2.999999999999998224, 34.20000000000000284, 23.00000000000000000 ) ) ;
#169 = AXIS2_PLACEMENT_3D ( 'NONE', #5209, #2133, #2682 ) ;
#170 = ORIENTED_EDGE ( 'NONE', *, *, #754, .T. ) ;
#171 = CIRCLE ( 'NONE', #1999, 4.790000000000005365 ) ;
#172 = EDGE_LOOP ( 'NONE', ( #2559, #8146, #1810, #7224 ) ) ;
#173 = ORIENTED_EDGE ( 'NONE', *, *, #5545, .F. ) ;
#174 = DIRECTION ( 'NONE',  ( 0.000000000000000000, 0.000000000000000000, -1.000000000000000000 ) ) ;
#175 = ORIENTED_EDGE ( 'NONE', *, *, #6945, .F. ) ;
#176 = CARTESIAN_POINT ( 'NONE',  ( 0.000000000000000000, 13.40000000000000213, 0.000000000000000000 ) ) ;
#177 = VECTOR ( 'NONE', #7310, 1000.000000000000000 ) ;
#178 = AXIS2_PLACEMENT_3D ( 'NONE', #645, #1296, #1838 ) ;
#179 = LINE ( 'NONE', #1447, #4506 ) ;
#180 = PRODUCT_DEFINITION_SHAPE ( 'NONE', 'NONE',  #8152 ) ;
#181 = ORIENTED_EDGE ( 'NONE', *, *, #5757, .F. ) ;
#182 = AXIS2_PLACEMENT_3D ( 'NONE', #6176, #4189, #4153 ) ;
#183 = CIRCLE ( 'NONE', #7813, 45.00000000000000711 ) ;
#184 = EDGE_LOOP ( 'NONE', ( #3321, #1570, #7263, #7374 ) ) ;
#185 = CARTESIAN_POINT ( 'NONE',  ( 50.00000000000000000, -93.75000000000008527, 20.00000000000000000 ) ) ;
#186 = FACE_BOUND ( 'NONE', #6673, .T. ) ;
#187 = CARTESIAN_POINT ( 'NONE',  ( 1.999999999999999112, 4.582575694955839829, 20.00000000000000000 ) ) ;
#188 = PLANE ( 'NONE',  #3184 ) ;
#189 = CIRCLE ( 'NONE', #853, 45.00000000000000711 ) ;
#190 = EDGE_CURVE ( 'NONE', #5412, #3950, #6741, .T. ) ;
#191 = DIRECTION ( 'NONE',  ( 0.000000000000000000, 0.000000000000000000, 1.000000000000000000 ) ) ;
#192 = EDGE_CURVE ( 'NONE', #2381, #8042, #3574, .T. ) ;
#193 = VERTEX_POINT ( 'NONE', #4297 ) ;
#194 = VERTEX_POINT ( 'NONE', #4538 ) ;
#195 = CARTESIAN_POINT ( 'NONE',  ( 2.999999999999998224, 34.20000000000000284, -23.00000000000000000 ) ) ;
#196 = VERTEX_POINT ( 'NONE', #7577 ) ;
#197 = DIRECTION ( 'NONE',  ( 0.000000000000000000, -0.000000000000000000, 1.000000000000000000 ) ) ;
#198 = CARTESIAN_POINT ( 'NONE',  ( 21.00000000000000000, 34.20000000000000284, -2.499999999999998668 ) ) ;
#199 = CARTESIAN_POINT ( 'NONE',  ( -7.332110811570580046E-14, 29.80000000000000426, 21.00000000000000000 ) ) ;
#200 = EDGE_CURVE ( 'NONE', #1236, #986, #6890, .T. ) ;
#201 = DIRECTION ( 'NONE',  ( 1.000000000000000000, 0.000000000000000000, 1.125218710432733156E-16 ) ) ;
#202 = CARTESIAN_POINT ( 'NONE',  ( 70.00000000000000000, 0.000000000000000000, 20.00000000000000000 ) ) ;
#203 = EDGE_LOOP ( 'NONE', ( #847, #3759 ) ) ;
#204 = EDGE_CURVE ( 'NONE', #5688, #7992, #5620, .T. ) ;
#205 = DIRECTION ( 'NONE',  ( 0.000000000000000000, -1.000000000000000000, 0.000000000000000000 ) ) ;
#206 = ORIENTED_EDGE ( 'NONE', *, *, #3412, .T. ) ;
#207 = CARTESIAN_POINT ( 'NONE',  ( 3.000000000000000000, 0.000000000000000000, 0.000000000000000000 ) ) ;
#208 =( NAMED_UNIT ( * ) PLANE_ANGLE_UNIT ( ) SI_UNIT ( $, .RADIAN. ) );
#209 = DIRECTION ( 'NONE',  ( 0.000000000000000000, 0.000000000000000000, -1.000000000000000000 ) ) ;
#210 = CARTESIAN_POINT ( 'NONE',  ( 0.000000000000000000, 9.000000000000001776, 0.000000000000000000 ) ) ;
#211 = ORIENTED_EDGE ( 'NONE', *, *, #4633, .F. ) ;
#212 = ORIENTED_EDGE ( 'NONE', *, *, #5354, .F. ) ;
#213 = ORIENTED_EDGE ( 'NONE', *, *, #2239, .F. ) ;
#214 = CARTESIAN_POINT ( 'NONE',  ( 1.999999999999998668, -7.228416147400480440, -15.52417469626002777 ) ) ;
#215 = EDGE_LOOP ( 'NONE', ( #6879, #2937, #6445, #6011 ) ) ;
#216 = LINE ( 'NONE', #7838, #5042 ) ;
#217 = CARTESIAN_POINT ( 'NONE',  ( 30.50000000000000000, 0.000000000000000000, 0.000000000000000000 ) ) ;
#218 = ORIENTED_EDGE ( 'NONE', *, *, #1437, .T. ) ;
#219 = VERTEX_POINT ( 'NONE', #3251 ) ;
#220 = CARTESIAN_POINT ( 'NONE',  ( 0.000000000000000000, 20.21909088590100367, -6.300000000000000711 ) ) ;
#221 = AXIS2_PLACEMENT_3D ( 'NONE', #5978, #2118, #6517 ) ;
#222 = DIRECTION ( 'NONE',  ( -1.000000000000000000, -0.000000000000000000, -0.000000000000000000 ) ) ;
#223 = FACE_BOUND ( 'NONE', #4048, .T. ) ;
#224 = LINE ( 'NONE', #3356, #5692 ) ;
#225 = PRODUCT_CONTEXT ( 'NONE', #5878, 'mechanical' ) ;
#226 = AXIS2_PLACEMENT_3D ( 'NONE', #3541, #408, #7333 ) ;
#227 = ORIENTED_EDGE ( 'NONE', *, *, #1639, .F. ) ;
#228 = ORIENTED_EDGE ( 'NONE', *, *, #232, .T. ) ;
#229 = DIRECTION ( 'NONE',  ( 0.000000000000000000, 1.000000000000000000, 0.000000000000000000 ) ) ;
#230 = VERTEX_POINT ( 'NONE', #1963 ) ;
#231 = CARTESIAN_POINT ( 'NONE',  ( 14.00000000000000000, 0.000000000000000000, 0.000000000000000000 ) ) ;
#232 = EDGE_CURVE ( 'NONE', #4328, #759, #4361, .T. ) ;
#233 = LINE ( 'NONE', #3987, #7589 ) ;
#234 = LINE ( 'NONE', #817, #706 ) ;
#235 = AXIS2_PLACEMENT_3D ( 'NONE', #7243, #1591, #4118 ) ;
#236 = CARTESIAN_POINT ( 'NONE',  ( 4.999999999999998224, 29.80000000000000426, -25.00000000000000000 ) ) ;
#237 = CARTESIAN_POINT ( 'NONE',  ( -5.586370142149013368E-14, -4.666904755831215112, 16.00000000000000000 ) ) ;
#238 = ORIENTED_EDGE ( 'NONE', *, *, #3503, .T. ) ;
#239 = ADVANCED_FACE ( 'NONE', ( #3874 ), #4412, .F. ) ;
#240 = AXIS2_PLACEMENT_3D ( 'NONE', #2489, #3770, #5132 ) ;
#241 = APPLICATION_CONTEXT ( 'automotive_design' ) ;
#242 = CARTESIAN_POINT ( 'NONE',  ( 0.000000000000000000, 0.000000000000000000, 0.000000000000000000 ) ) ;
#243 = VERTEX_POINT ( 'NONE', #6963 ) ;
#244 = DIRECTION ( 'NONE',  ( 0.000000000000000000, -1.000000000000000000, 0.000000000000000000 ) ) ;
#245 = LINE ( 'NONE', #1556, #3172 ) ;
#246 = AXIS2_PLACEMENT_3D ( 'NONE', #6208, #6858, #3139 ) ;
#247 = EDGE_CURVE ( 'NONE', #2813, #2362, #41, .T. ) ;
#248 = EDGE_CURVE ( 'NONE', #1786, #4014, #815, .T. ) ;
#249 = CYLINDRICAL_SURFACE ( 'NONE', #4256, 1.649999999999998579 ) ;
#250 = DIRECTION ( 'NONE',  ( 0.000000000000000000, 0.000000000000000000, -1.000000000000000000 ) ) ;
#251 = EDGE_LOOP ( 'NONE', ( #2610, #422, #3484, #3241, #4694, #2050 ) ) ;
#252 = EDGE_CURVE ( 'NONE', #2859, #4227, #1330, .T. ) ;
#253 = ORIENTED_EDGE ( 'NONE', *, *, #5241, .F. ) ;
#254 = CIRCLE ( 'NONE', #4737, 45.00000000000000711 ) ;
#255 = ORIENTED_EDGE ( 'NONE', *, *, #6653, .T. ) ;
#256 = CARTESIAN_POINT ( 'NONE',  ( 14.00000000000000000, 2.000000000000002665, -7.218039900139096687 ) ) ;
#257 = EDGE_LOOP ( 'NONE', ( #970, #7936, #5313, #5461 ) ) ;
#258 = FACE_OUTER_BOUND ( 'NONE', #1276, .T. ) ;
#259 = CARTESIAN_POINT ( 'NONE',  ( -2.000000000000000000, 7.228416147400480440, 20.00000000000000000 ) ) ;
#260 = AXIS2_PLACEMENT_3D ( 'NONE', #1919, #5803, #6427 ) ;
#261 = EDGE_CURVE ( 'NONE', #6352, #4270, #5156, .T. ) ;
#262 = EDGE_CURVE ( 'NONE', #7324, #456, #7004, .T. ) ;
#263 = ORIENTED_EDGE ( 'NONE', *, *, #107, .F. ) ;
#264 = ORIENTED_EDGE ( 'NONE', *, *, #675, .T. ) ;
#265 = FACE_OUTER_BOUND ( 'NONE', #7803, .T. ) ;
#266 = CARTESIAN_POINT ( 'NONE',  ( 0.000000000000000000, 35.39999999999999858, 0.000000000000000000 ) ) ;
#267 = DIRECTION ( 'NONE',  ( -1.000000000000000000, -0.000000000000000000, -0.000000000000000000 ) ) ;
#268 = DIRECTION ( 'NONE',  ( 0.000000000000000000, 0.000000000000000000, 1.000000000000000000 ) ) ;
#269 = DIRECTION ( 'NONE',  ( 1.000000000000000222, 1.075528555105620399E-16, 3.295484926614724695E-18 ) ) ;
#270 = EDGE_LOOP ( 'NONE', ( #7433, #6368 ) ) ;
#271 = ORIENTED_EDGE ( 'NONE', *, *, #5337, .F. ) ;
#272 = CARTESIAN_POINT ( 'NONE',  ( 3.000000000000000000, 6.110987527745293517E-16, -4.990000000000000213 ) ) ;
#273 = ORIENTED_EDGE ( 'NONE', *, *, #7557, .F. ) ;
#274 = DIRECTION ( 'NONE',  ( -0.000000000000000000, 1.000000000000000000, -0.000000000000000000 ) ) ;
#275 = DIRECTION ( 'NONE',  ( -0.000000000000000000, 1.000000000000000000, -0.000000000000000000 ) ) ;
#276 = CARTESIAN_POINT ( 'NONE',  ( 90.00000000000000000, -12.49999999999999822, 0.000000000000000000 ) ) ;
#277 = CARTESIAN_POINT ( 'NONE',  ( 5.510910596163090344E-15, 35.39999999999999858, 45.00000000000000711 ) ) ;
#278 = VECTOR ( 'NONE', #6805, 1000.000000000000000 ) ;
#279 = EDGE_CURVE ( 'NONE', #971, #2599, #1270, .T. ) ;
#280 = VERTEX_POINT ( 'NONE', #3830 ) ;
#281 = CARTESIAN_POINT ( 'NONE',  ( -7.301494641591894997E-14, 22.72893218813453231, 18.50000000000000355 ) ) ;
#282 = VECTOR ( 'NONE', #7238, 1000.000000000000000 ) ;
#283 = ORIENTED_EDGE ( 'NONE', *, *, #7634, .T. ) ;
#284 = FACE_OUTER_BOUND ( 'NONE', #4969, .T. ) ;
#285 = VECTOR ( 'NONE', #7354, 1000.000000000000000 ) ;
#286 = LINE ( 'NONE', #3952, #4628 ) ;
#287 = CARTESIAN_POINT ( 'NONE',  ( -17.29161646579058242, 29.80000000000000426, 5.000000000000000000 ) ) ;
#288 = VECTOR ( 'NONE', #7637, 1000.000000000000000 ) ;
#289 = EDGE_CURVE ( 'NONE', #1354, #6286, #119, .T. ) ;
#290 = ORIENTED_EDGE ( 'NONE', *, *, #6690, .F. ) ;
#291 = EDGE_CURVE ( 'NONE', #7723, #2190, #7125, .T. ) ;
#292 = DIRECTION ( 'NONE',  ( -1.000000000000000000, -0.000000000000000000, -0.000000000000000000 ) ) ;
#293 = CIRCLE ( 'NONE', #3320, 4.790000000000006253 ) ;
#294 = CIRCLE ( 'NONE', #5964, 5.000000000000000000 ) ;
#295 = ORIENTED_EDGE ( 'NONE', *, *, #604, .T. ) ;
#296 = EDGE_CURVE ( 'NONE', #7144, #6539, #2589, .T. ) ;
#297 = PLANE ( 'NONE',  #6579 ) ;
#298 = DIRECTION ( 'NONE',  ( -0.000000000000000000, -1.000000000000000000, -0.000000000000000000 ) ) ;
#299 = CIRCLE ( 'NONE', #3445, 1.649999999999998579 ) ;
#300 = CARTESIAN_POINT ( 'NONE',  ( 0.000000000000000000, 0.000000000000000000, 0.000000000000000000 ) ) ;
#301 = EDGE_CURVE ( 'NONE', #1442, #1992, #2243, .T. ) ;
#302 = CIRCLE ( 'NONE', #1344, 2.499999999999996891 ) ;
#303 = CARTESIAN_POINT ( 'NONE',  ( 18.73499399519520381, 34.20000000000000284, -6.999999999999995559 ) ) ;
#304 = AXIS2_PLACEMENT_3D ( 'NONE', #1408, #3303, #1525 ) ;
#305 = FACE_OUTER_BOUND ( 'NONE', #3957, .T. ) ;
#306 = VERTEX_POINT ( 'NONE', #7664 ) ;
#307 = ADVANCED_FACE ( 'NONE', ( #7499 ), #3908, .F. ) ;
#308 = ORIENTED_EDGE ( 'NONE', *, *, #2712, .F. ) ;
#309 = LINE ( 'NONE', #1415, #1683 ) ;
#310 = CIRCLE ( 'NONE', #3333, 4.990000000000002878 ) ;
#311 = FACE_OUTER_BOUND ( 'NONE', #5355, .T. ) ;
#312 = CARTESIAN_POINT ( 'NONE',  ( 11.31370849898474162, 10.00000000000000000, 11.31370849898478248 ) ) ;
#313 = DIRECTION ( 'NONE',  ( 0.000000000000000000, 0.000000000000000000, 1.000000000000000000 ) ) ;
#314 = AXIS2_PLACEMENT_3D ( 'NONE', #4728, #5392, #2321 ) ;
#315 = APPLICATION_PROTOCOL_DEFINITION ( 'draft international standard', 'automotive_design', 1998, #4032 ) ;
#316 = ORIENTED_EDGE ( 'NONE', *, *, #6796, .F. ) ;
#317 = AXIS2_PLACEMENT_3D ( 'NONE', #7605, #4479, #3898 ) ;
#318 = ADVANCED_FACE ( 'NONE', ( #8120 ), #1849, .F. ) ;
#319 = ORIENTED_EDGE ( 'NONE', *, *, #6296, .F. ) ;
#320 = ORIENTED_EDGE ( 'NONE', *, *, #386, .T. ) ;
#321 = FACE_OUTER_BOUND ( 'NONE', #6584, .T. ) ;
#322 = ORIENTED_EDGE ( 'NONE', *, *, #944, .T. ) ;
#323 = CYLINDRICAL_SURFACE ( 'NONE', #4055, 2.499999999999998668 ) ;
#324 = CARTESIAN_POINT ( 'NONE',  ( 5.510910596163090344E-15, 35.39999999999999858, 45.00000000000000711 ) ) ;
#325 = VECTOR ( 'NONE', #1218, 1000.000000000000000 ) ;
#326 = CARTESIAN_POINT ( 'NONE',  ( 0.000000000000000000, -1.999999999999997335, -7.218039900139097576 ) ) ;
#327 = VERTEX_POINT ( 'NONE', #619 ) ;
#328 = AXIS2_PLACEMENT_3D ( 'NONE', #2069, #1505, #808 ) ;
#329 = DIRECTION ( 'NONE',  ( -0.000000000000000000, -1.000000000000000000, -0.000000000000000000 ) ) ;
#330 = VERTEX_POINT ( 'NONE', #3130 ) ;
#331 = FACE_OUTER_BOUND ( 'NONE', #5266, .T. ) ;
#332 = CARTESIAN_POINT ( 'NONE',  ( 14.00000000000000000, 9.172604525613678137E-16, -7.490000000000001990 ) ) ;
#333 = CYLINDRICAL_SURFACE ( 'NONE', #5184, 9.999999999999994671 ) ;
#334 = ORIENTED_EDGE ( 'NONE', *, *, #7800, .F. ) ;
#335 = CARTESIAN_POINT ( 'NONE',  ( -18.73499399519520381, 29.80000000000000426, -4.999999999999999112 ) ) ;
#336 = VERTEX_POINT ( 'NONE', #5656 ) ;
#337 = CARTESIAN_POINT ( 'NONE',  ( 0.000000000000000000, 0.000000000000000000, 0.000000000000000000 ) ) ;
#338 = FACE_OUTER_BOUND ( 'NONE', #3062, .T. ) ;
#339 = FACE_OUTER_BOUND ( 'NONE', #6499, .T. ) ;
#340 = EDGE_CURVE ( 'NONE', #4088, #6010, #5987, .T. ) ;
#341 = EDGE_CURVE ( 'NONE', #4339, #2073, #7785, .T. ) ;
#342 = CARTESIAN_POINT ( 'NONE',  ( 4.000000000000000000, 0.000000000000000000, 0.000000000000000000 ) ) ;
#343 = FACE_OUTER_BOUND ( 'NONE', #6385, .T. ) ;
#344 = ORIENTED_EDGE ( 'NONE', *, *, #192, .F. ) ;
#345 = ADVANCED_FACE ( 'NONE', ( #784 ), #5279, .T. ) ;
#346 = EDGE_LOOP ( 'NONE', ( #7054, #6811 ) ) ;
#347 = FACE_OUTER_BOUND ( 'NONE', #7979, .T. ) ;
#348 = DIRECTION ( 'NONE',  ( 0.000000000000000000, 0.000000000000000000, 1.000000000000000000 ) ) ;
#349 = DIRECTION ( 'NONE',  ( 0.000000000000000000, 0.000000000000000000, -1.000000000000000000 ) ) ;
#350 = DIRECTION ( 'NONE',  ( -0.000000000000000000, -0.000000000000000000, 1.000000000000000000 ) ) ;
#351 = ADVANCED_FACE ( 'NONE', ( #3293 ), #6560, .T. ) ;
#352 = EDGE_LOOP ( 'NONE', ( #4569, #2873, #7874, #6587, #6701, #2497 ) ) ;
#353 = ORIENTED_EDGE ( 'NONE', *, *, #6561, .T. ) ;
#354 = DIRECTION ( 'NONE',  ( 0.000000000000000000, 0.000000000000000000, 1.000000000000000000 ) ) ;
#355 = ADVANCED_FACE ( 'NONE', ( #331 ), #4078, .T. ) ;
#356 = ORIENTED_EDGE ( 'NONE', *, *, #1536, .T. ) ;
#357 = CARTESIAN_POINT ( 'NONE',  ( 0.000000000000000000, 27.60000000000000142, -35.00000000000000000 ) ) ;
#358 = DIRECTION ( 'NONE',  ( -0.000000000000000000, -1.000000000000000000, -0.000000000000000000 ) ) ;
#359 = DIRECTION ( 'NONE',  ( 0.000000000000000000, 0.000000000000000000, 1.000000000000000000 ) ) ;
#360 = FACE_BOUND ( 'NONE', #4224, .T. ) ;
#361 = AXIS2_PLACEMENT_3D ( 'NONE', #7636, #677, #5673 ) ;
#362 = ORIENTED_EDGE ( 'NONE', *, *, #248, .F. ) ;
#363 = ADVANCED_FACE ( 'NONE', ( #284 ), #4615, .T. ) ;
#364 = PLANE ( 'NONE',  #7079 ) ;
#365 = ORIENTED_EDGE ( 'NONE', *, *, #7010, .F. ) ;
#366 = DIRECTION ( 'NONE',  ( 1.000000000000000000, 0.000000000000000000, 0.000000000000000000 ) ) ;
#367 = SURFACE_STYLE_USAGE ( .BOTH. , #6026 ) ;
#368 = AXIS2_PLACEMENT_3D ( 'NONE', #4025, #5314, #197 ) ;
#369 = ORIENTED_EDGE ( 'NONE', *, *, #596, .T. ) ;
#370 = DIRECTION ( 'NONE',  ( -0.000000000000000000, -1.000000000000000000, -0.000000000000000000 ) ) ;
#371 = VERTEX_POINT ( 'NONE', #3336 ) ;
#372 = LINE ( 'NONE', #457, #7227 ) ;
#373 = CARTESIAN_POINT ( 'NONE',  ( 5.449678256205721981E-15, 24.39999999999999858, -44.50000000000000711 ) ) ;
#374 = CARTESIAN_POINT ( 'NONE',  ( 60.00000000000001421, 0.000000000000000000, 210.0000000000000284 ) ) ;
#375 = CARTESIAN_POINT ( 'NONE',  ( 0.000000000000000000, 9.172604525613678137E-16, -7.490000000000001990 ) ) ;
#376 = DIRECTION ( 'NONE',  ( -0.000000000000000000, 1.000000000000000000, -0.000000000000000000 ) ) ;
#377 = CIRCLE ( 'NONE', #4063, 25.00000000000000000 ) ;
#378 = EDGE_LOOP ( 'NONE', ( #982, #6406 ) ) ;
#379 = ORIENTED_EDGE ( 'NONE', *, *, #80, .F. ) ;
#380 = ORIENTED_EDGE ( 'NONE', *, *, #3596, .T. ) ;
#381 = DIRECTION ( 'NONE',  ( 0.000000000000000000, 0.000000000000000000, 1.000000000000000000 ) ) ;
#382 = DIRECTION ( 'NONE',  ( 0.000000000000000000, 1.000000000000000000, 0.000000000000000000 ) ) ;
#383 = DIRECTION ( 'NONE',  ( -1.000000000000000000, 0.000000000000000000, -0.000000000000000000 ) ) ;
#384 = CIRCLE ( 'NONE', #3403, 40.00000000000000000 ) ;
#385 = LINE ( 'NONE', #1697, #7659 ) ;
#386 = EDGE_CURVE ( 'NONE', #2813, #7561, #4903, .T. ) ;
#387 = LINE ( 'NONE', #8052, #5294 ) ;
#388 = ORIENTED_EDGE ( 'NONE', *, *, #543, .F. ) ;
#389 = ADVANCED_FACE ( 'NONE', ( #3373 ), #7747, .F. ) ;
#390 = VERTEX_POINT ( 'NONE', #5206 ) ;
#391 = DIRECTION ( 'NONE',  ( -0.000000000000000000, 1.000000000000000000, -0.000000000000000000 ) ) ;
#392 = ORIENTED_EDGE ( 'NONE', *, *, #5911, .F. ) ;
#393 = CARTESIAN_POINT ( 'NONE',  ( 18.73499399519520381, 34.20000000000000284, -4.999999999999994671 ) ) ;
#394 = ADVANCED_FACE ( 'NONE', ( #1517, #7086 ), #4035, .F. ) ;
#395 = DIRECTION ( 'NONE',  ( 0.000000000000000000, 1.000000000000000000, 0.000000000000000000 ) ) ;
#396 = DIRECTION ( 'NONE',  ( 0.000000000000000000, 0.000000000000000000, 1.000000000000000000 ) ) ;
#397 = ADVANCED_FACE ( 'NONE', ( #4742 ), #907, .F. ) ;
#398 = FACE_BOUND ( 'NONE', #6373, .T. ) ;
#399 = CARTESIAN_POINT ( 'NONE',  ( 2.199633243471174140E-13, 34.20000000000000284, -20.99999999999999645 ) ) ;
#400 = ORIENTED_EDGE ( 'NONE', *, *, #5861, .F. ) ;
#401 = VERTEX_POINT ( 'NONE', #949 ) ;
#402 = FACE_BOUND ( 'NONE', #1829, .T. ) ;
#403 = VERTEX_POINT ( 'NONE', #6526 ) ;
#404 = CARTESIAN_POINT ( 'NONE',  ( 0.000000000000000000, 0.000000000000000000, 20.00000000000000000 ) ) ;
#405 = CARTESIAN_POINT ( 'NONE',  ( -3.000000000000001776, 34.20000000000000284, 25.00000000000000000 ) ) ;
#406 = VERTEX_POINT ( 'NONE', #5364 ) ;
#407 = AXIS2_PLACEMENT_3D ( 'NONE', #4530, #7042, #3751 ) ;
#408 = DIRECTION ( 'NONE',  ( -1.000000000000000000, -0.000000000000000000, -0.000000000000000000 ) ) ;
#409 = ORIENTED_EDGE ( 'NONE', *, *, #604, .F. ) ;
#410 = DIRECTION ( 'NONE',  ( -1.000000000000000000, -0.000000000000000000, -0.000000000000000000 ) ) ;
#411 = STYLED_ITEM ( 'NONE', ( #3991 ), #1846 ) ;
#412 = AXIS2_PLACEMENT_3D ( 'NONE', #2792, #829, #7172 ) ;
#413 = PLANE ( 'NONE',  #5419 ) ;
#414 = SURFACE_STYLE_USAGE ( .BOTH. , #4211 ) ;
#415 = VECTOR ( 'NONE', #2575, 1000.000000000000000 ) ;
#416 = FACE_OUTER_BOUND ( 'NONE', #6717, .T. ) ;
#417 = DIRECTION ( 'NONE',  ( -1.000000000000000000, -0.000000000000000000, -0.000000000000000000 ) ) ;
#418 = AXIS2_PLACEMENT_3D ( 'NONE', #7521, #1876, #5607 ) ;
#419 = AXIS2_PLACEMENT_3D ( 'NONE', #4096, #6619, #975 ) ;
#420 = EDGE_LOOP ( 'NONE', ( #5073, #3046 ) ) ;
#421 = CIRCLE ( 'NONE', #5441, 1.650000000000000355 ) ;
#422 = ORIENTED_EDGE ( 'NONE', *, *, #2168, .F. ) ;
#423 = CARTESIAN_POINT ( 'NONE',  ( 0.000000000000000000, 2.399999999999999467, 0.000000000000000000 ) ) ;
#424 = CARTESIAN_POINT ( 'NONE',  ( 16.00000000000000000, 10.00000000000000000, 0.000000000000000000 ) ) ;
#425 = DIRECTION ( 'NONE',  ( 0.000000000000000000, 0.000000000000000000, -1.000000000000000000 ) ) ;
#426 = CIRCLE ( 'NONE', #2924, 4.990000000000002878 ) ;
#427 = AXIS2_PLACEMENT_3D ( 'NONE', #7677, #6572, #4673 ) ;
#428 = CARTESIAN_POINT ( 'NONE',  ( 0.000000000000000000, 0.000000000000000000, 0.000000000000000000 ) ) ;
#429 = DIRECTION ( 'NONE',  ( -0.000000000000000000, -0.000000000000000000, 1.000000000000000000 ) ) ;
#430 = ORIENTED_EDGE ( 'NONE', *, *, #3823, .F. ) ;
#431 = ORIENTED_EDGE ( 'NONE', *, *, #7345, .T. ) ;
#432 = AXIS2_PLACEMENT_3D ( 'NONE', #4495, #7091, #787 ) ;
#433 = FACE_OUTER_BOUND ( 'NONE', #4810, .T. ) ;
#434 = VECTOR ( 'NONE', #6964, 1000.000000000000000 ) ;
#435 = ORIENTED_EDGE ( 'NONE', *, *, #6931, .F. ) ;
#436 = DIRECTION ( 'NONE',  ( 1.000000000000000000, -0.000000000000000000, -0.000000000000000000 ) ) ;
#437 = CARTESIAN_POINT ( 'NONE',  ( 6.299999999999998934, 34.20000000000000284, 16.86149459567567632 ) ) ;
#438 = CARTESIAN_POINT ( 'NONE',  ( -11.31370849898465991, 0.000000000000000000, -11.31370849898485886 ) ) ;
#439 = EDGE_CURVE ( 'NONE', #6327, #7504, #5429, .T. ) ;
#440 = VECTOR ( 'NONE', #7435, 1000.000000000000000 ) ;
#441 = DIRECTION ( 'NONE',  ( -1.000000000000000000, -0.000000000000000000, 2.250437420865466312E-16 ) ) ;
#442 = AXIS2_PLACEMENT_3D ( 'NONE', #6895, #5039, #1172 ) ;
#443 = EDGE_CURVE ( 'NONE', #1530, #390, #3999, .T. ) ;
#444 = ORIENTED_EDGE ( 'NONE', *, *, #2910, .F. ) ;
#445 = ORIENTED_EDGE ( 'NONE', *, *, #1391, .F. ) ;
#446 = CARTESIAN_POINT ( 'NONE',  ( -16.00000000000000000, 7.066904755831209251, 1.649999999999998579 ) ) ;
#447 = AXIS2_PLACEMENT_3D ( 'NONE', #1704, #1020, #6666 ) ;
#448 = EDGE_CURVE ( 'NONE', #4778, #7731, #6996, .T. ) ;
#449 = VERTEX_POINT ( 'NONE', #7207 ) ;
#450 = DIRECTION ( 'NONE',  ( 0.000000000000000000, 0.000000000000000000, -1.000000000000000000 ) ) ;
#451 = FACE_OUTER_BOUND ( 'NONE', #1269, .T. ) ;
#452 = EDGE_CURVE ( 'NONE', #6099, #2229, #7519, .T. ) ;
#453 = EDGE_LOOP ( 'NONE', ( #7535, #1105 ) ) ;
#454 = CARTESIAN_POINT ( 'NONE',  ( 0.000000000000000000, 31.00000000000000000, 44.50000000000000711 ) ) ;
#455 = EDGE_CURVE ( 'NONE', #5480, #6198, #3441, .T. ) ;
#456 = VERTEX_POINT ( 'NONE', #1035 ) ;
#457 = CARTESIAN_POINT ( 'NONE',  ( -25.00000000000000000, 34.20000000000000284, 5.000000000000000000 ) ) ;
#458 = DIRECTION ( 'NONE',  ( 1.000000000000000000, 0.000000000000000000, 0.000000000000000000 ) ) ;
#459 = FILL_AREA_STYLE_COLOUR ( '', #7679 ) ;
#460 = DIRECTION ( 'NONE',  ( -0.000000000000000000, -0.000000000000000000, 1.000000000000000000 ) ) ;
#461 = DIRECTION ( 'NONE',  ( 0.000000000000000000, 0.000000000000000000, -1.000000000000000000 ) ) ;
#462 = ORIENTED_EDGE ( 'NONE', *, *, #4028, .F. ) ;
#463 = ADVANCED_FACE ( 'NONE', ( #4202 ), #2248, .T. ) ;
#464 = ORIENTED_EDGE ( 'NONE', *, *, #5342, .T. ) ;
#465 = DIRECTION ( 'NONE',  ( 0.000000000000000000, 0.000000000000000000, -1.000000000000000000 ) ) ;
#466 = PLANE ( 'NONE',  #2147 ) ;
#467 = CARTESIAN_POINT ( 'NONE',  ( 1.675911042644704011E-13, 0.000000000000000000, -14.34999999999999964 ) ) ;
#468 = CARTESIAN_POINT ( 'NONE',  ( 14.00000000000000000, 0.000000000000000000, 0.000000000000000000 ) ) ;
#469 = DIRECTION ( 'NONE',  ( 0.000000000000000000, 0.000000000000000000, 1.000000000000000000 ) ) ;
#470 = CONTEXT_DEPENDENT_SHAPE_REPRESENTATION ( #6151, #7087 ) ;
#471 = ORIENTED_EDGE ( 'NONE', *, *, #2429, .T. ) ;
#472 = VERTEX_POINT ( 'NONE', #1157 ) ;
#473 = DIRECTION ( 'NONE',  ( 0.000000000000000000, 0.000000000000000000, 1.000000000000000000 ) ) ;
#474 = ORIENTED_EDGE ( 'NONE', *, *, #3919, .F. ) ;
#475 = CARTESIAN_POINT ( 'NONE',  ( -18.73499399519520026, 34.20000000000000284, 7.000000000000000000 ) ) ;
#476 = CARTESIAN_POINT ( 'NONE',  ( 0.000000000000000000, 0.000000000000000000, 210.0000000000000284 ) ) ;
#477 = DIRECTION ( 'NONE',  ( 0.000000000000000000, 0.000000000000000000, 1.000000000000000000 ) ) ;
#478 = CARTESIAN_POINT ( 'NONE',  ( 0.000000000000000000, -2.500000000000000000, 0.000000000000000000 ) ) ;
#479 = CYLINDRICAL_SURFACE ( 'NONE', #7019, 4.790000000000000924 ) ;
#480 = CARTESIAN_POINT ( 'NONE',  ( 5.586370142149013368E-14, -2.500000000000000000, 16.00000000000000000 ) ) ;
#481 = ORIENTED_EDGE ( 'NONE', *, *, #3061, .F. ) ;
#482 = VERTEX_POINT ( 'NONE', #6720 ) ;
#483 = CARTESIAN_POINT ( 'NONE',  ( -11.31370849898474162, 2.399999999999999467, 11.31370849898478248 ) ) ;
#484 = VERTEX_POINT ( 'NONE', #2428 ) ;
#485 = AXIS2_PLACEMENT_3D ( 'NONE', #7115, #5315, #988 ) ;
#486 = CARTESIAN_POINT ( 'NONE',  ( 0.000000000000000000, 26.59999999999999787, 0.000000000000000000 ) ) ;
#487 = DIRECTION ( 'NONE',  ( 0.000000000000000000, 0.000000000000000000, 1.000000000000000000 ) ) ;
#488 = EDGE_CURVE ( 'NONE', #3271, #2111, #3051, .T. ) ;
#489 = EDGE_LOOP ( 'NONE', ( #212, #1244, #1069, #7082 ) ) ;
#490 = AXIS2_PLACEMENT_3D ( 'NONE', #3787, #1392, #6314 ) ;
#491 = DIRECTION ( 'NONE',  ( 1.000000000000000000, 0.000000000000000000, 0.000000000000000000 ) ) ;
#492 = VERTEX_POINT ( 'NONE', #7291 ) ;
#493 = CARTESIAN_POINT ( 'NONE',  ( -7.332110811570580046E-14, 29.80000000000000426, 23.50000000000000000 ) ) ;
#494 = CIRCLE ( 'NONE', #3261, 1.649999999999998801 ) ;
#495 = DIRECTION ( 'NONE',  ( 0.000000000000000000, 0.000000000000000000, 1.000000000000000000 ) ) ;
#496 = DIRECTION ( 'NONE',  ( -1.000000000000000000, -0.000000000000000000, -0.000000000000000000 ) ) ;
#497 = EDGE_CURVE ( 'NONE', #971, #1125, #4786, .T. ) ;
#498 = EDGE_CURVE ( 'NONE', #3388, #1613, #6676, .T. ) ;
#499 = AXIS2_PLACEMENT_3D ( 'NONE', #5935, #3371, #825 ) ;
#500 = DIRECTION ( 'NONE',  ( -1.000000000000000000, -0.000000000000000000, -0.000000000000000000 ) ) ;
#501 = DIRECTION ( 'NONE',  ( 0.000000000000000000, 0.000000000000000000, -1.000000000000000000 ) ) ;
#502 = EDGE_CURVE ( 'NONE', #2508, #2840, #3058, .T. ) ;
#503 = VERTEX_POINT ( 'NONE', #6804 ) ;
#504 = AXIS2_PLACEMENT_3D ( 'NONE', #4651, #5356, #1425 ) ;
#505 = VERTEX_POINT ( 'NONE', #7329 ) ;
#506 = DIRECTION ( 'NONE',  ( -0.000000000000000000, -1.000000000000000000, -0.000000000000000000 ) ) ;
#507 = CARTESIAN_POINT ( 'NONE',  ( 2.000000000000000000, 7.228416147400480440, 20.00000000000000000 ) ) ;
#508 = DIRECTION ( 'NONE',  ( 0.000000000000000000, 0.000000000000000000, 1.000000000000000000 ) ) ;
#509 = DIRECTION ( 'NONE',  ( 1.000000000000000000, 0.000000000000000000, 0.000000000000000000 ) ) ;
#510 = EDGE_CURVE ( 'NONE', #5810, #505, #2251, .T. ) ;
#511 = CYLINDRICAL_SURFACE ( 'NONE', #5827, 45.00000000000000711 ) ;
#512 = CIRCLE ( 'NONE', #2613, 1.649999999999998579 ) ;
#513 = SHAPE_DEFINITION_REPRESENTATION ( #7681, #7959 ) ;
#514 = ORIENTED_EDGE ( 'NONE', *, *, #2653, .T. ) ;
#515 = ORIENTED_EDGE ( 'NONE', *, *, #3457, .T. ) ;
#516 = LINE ( 'NONE', #8016, #2811 ) ;
#517 = ORIENTED_EDGE ( 'NONE', *, *, #6714, .T. ) ;
#518 = DIRECTION ( 'NONE',  ( -1.000000000000000000, 2.168404344971008868E-16, 0.000000000000000000 ) ) ;
#519 = VECTOR ( 'NONE', #548, 1000.000000000000000 ) ;
#520 = CARTESIAN_POINT ( 'NONE',  ( 0.000000000000000000, 35.39999999999999858, 0.000000000000000000 ) ) ;
#521 = CARTESIAN_POINT ( 'NONE',  ( -1.675911042644704011E-13, -2.500000000000000000, -15.99999999999999645 ) ) ;
#522 = CIRCLE ( 'NONE', #5128, 1.649999999999998579 ) ;
#523 = FACE_OUTER_BOUND ( 'NONE', #4421, .T. ) ;
#524 = DIRECTION ( 'NONE',  ( 0.000000000000000000, 1.000000000000000000, 0.000000000000000000 ) ) ;
#525 = CARTESIAN_POINT ( 'NONE',  ( 0.000000000000000000, 35.39999999999999858, 0.000000000000000000 ) ) ;
#526 = VERTEX_POINT ( 'NONE', #6147 ) ;
#527 = EDGE_LOOP ( 'NONE', ( #7284, #1338 ) ) ;
#528 = DIRECTION ( 'NONE',  ( -1.000000000000000000, -0.000000000000000000, -0.000000000000000000 ) ) ;
#529 = ORIENTED_EDGE ( 'NONE', *, *, #6807, .F. ) ;
#530 = CARTESIAN_POINT ( 'NONE',  ( 11.31370849898465991, -2.500000000000000000, -9.663708498984860285 ) ) ;
#531 = PRESENTATION_STYLE_ASSIGNMENT (( #6721 ) ) ;
#532 = ORIENTED_EDGE ( 'NONE', *, *, #488, .F. ) ;
#533 = DIRECTION ( 'NONE',  ( 1.000000000000000000, 0.000000000000000000, 0.000000000000000000 ) ) ;
#534 = EDGE_LOOP ( 'NONE', ( #7272, #7935 ) ) ;
#535 = EDGE_LOOP ( 'NONE', ( #1048, #2083, #144, #6237 ) ) ;
#536 = LINE ( 'NONE', #7998, #7649 ) ;
#537 = CARTESIAN_POINT ( 'NONE',  ( 2.000000000000000000, -4.582575694955840717, 0.000000000000000000 ) ) ;
#538 = EDGE_CURVE ( 'NONE', #3271, #2515, #6191, .T. ) ;
#539 = CARTESIAN_POINT ( 'NONE',  ( -7.000000000000001776, 34.20000000000000284, -18.73499399519520026 ) ) ;
#540 = VECTOR ( 'NONE', #4037, 1000.000000000000000 ) ;
#541 = LINE ( 'NONE', #1243, #6520 ) ;
#542 = EDGE_CURVE ( 'NONE', #2821, #7515, #3447, .T. ) ;
#543 = EDGE_CURVE ( 'NONE', #7215, #609, #1072, .T. ) ;
#544 = ORIENTED_EDGE ( 'NONE', *, *, #5934, .T. ) ;
#545 = CIRCLE ( 'NONE', #6080, 45.00000000000000711 ) ;
#546 = AXIS2_PLACEMENT_3D ( 'NONE', #2552, #6281, #3168 ) ;
#547 = ORIENTED_EDGE ( 'NONE', *, *, #5786, .T. ) ;
#548 = DIRECTION ( 'NONE',  ( 0.000000000000000000, 0.000000000000000000, -1.000000000000000000 ) ) ;
#549 = CARTESIAN_POINT ( 'NONE',  ( 0.000000000000000000, 5.866058167915829334E-16, -4.790000000000006253 ) ) ;
#550 = AXIS2_PLACEMENT_3D ( 'NONE', #2200, #7982, #477 ) ;
#551 = DIRECTION ( 'NONE',  ( -0.000000000000000000, 1.000000000000000000, -0.000000000000000000 ) ) ;
#552 = FACE_OUTER_BOUND ( 'NONE', #5691, .T. ) ;
#553 = AXIS2_PLACEMENT_3D ( 'NONE', #5347, #7691, #7728 ) ;
#554 = DIRECTION ( 'NONE',  ( 0.000000000000000000, 0.000000000000000000, 1.000000000000000000 ) ) ;
#555 = AXIS2_PLACEMENT_3D ( 'NONE', #2630, #3755, #3789 ) ;
#556 = EDGE_CURVE ( 'NONE', #5601, #5486, #7955, .T. ) ;
#557 = AXIS2_PLACEMENT_3D ( 'NONE', #5774, #5552, #4387 ) ;
#558 = VERTEX_POINT ( 'NONE', #530 ) ;
#559 = DIRECTION ( 'NONE',  ( 1.000000000000000000, 0.000000000000000000, 0.000000000000000000 ) ) ;
#560 = ORIENTED_EDGE ( 'NONE', *, *, #866, .F. ) ;
#561 = PLANE ( 'NONE',  #6307 ) ;
#562 = AXIS2_PLACEMENT_3D ( 'NONE', #6864, #1905, #6329 ) ;
#563 = CIRCLE ( 'NONE', #2124, 2.499999999999998668 ) ;
#564 = CIRCLE ( 'NONE', #6884, 41.00000000000000000 ) ;
#565 = CYLINDRICAL_SURFACE ( 'NONE', #2184, 45.00000000000000711 ) ;
#566 = CARTESIAN_POINT ( 'NONE',  ( 0.000000000000000000, 0.000000000000000000, 4.790000000000006253 ) ) ;
#567 = CARTESIAN_POINT ( 'NONE',  ( 0.000000000000000000, 26.60000000000000142, -45.00000000000000711 ) ) ;
#568 = CIRCLE ( 'NONE', #6105, 4.990000000000004654 ) ;
#569 = ORIENTED_EDGE ( 'NONE', *, *, #2421, .F. ) ;
#570 = CARTESIAN_POINT ( 'NONE',  ( 7.715274834628326364E-16, -2.500000000000000000, 6.300000000000000711 ) ) ;
#571 = ORIENTED_EDGE ( 'NONE', *, *, #7063, .T. ) ;
#572 = DIRECTION ( 'NONE',  ( -0.000000000000000000, -1.000000000000000000, -0.000000000000000000 ) ) ;
#573 = ORIENTED_EDGE ( 'NONE', *, *, #1771, .T. ) ;
#574 = AXIS2_PLACEMENT_3D ( 'NONE', #3255, #5776, #3912 ) ;
#575 = AXIS2_PLACEMENT_3D ( 'NONE', #5737, #4333, #7578 ) ;
#576 = LINE ( 'NONE', #1841, #6319 ) ;
#577 = FILL_AREA_STYLE ('',( #4862 ) ) ;
#578 = AXIS2_PLACEMENT_3D ( 'NONE', #5479, #4104, #354 ) ;
#579 = ORIENTED_EDGE ( 'NONE', *, *, #7888, .T. ) ;
#580 = AXIS2_PLACEMENT_3D ( 'NONE', #3016, #8041, #5660 ) ;
#581 = FACE_OUTER_BOUND ( 'NONE', #5717, .T. ) ;
#582 = VERTEX_POINT ( 'NONE', #4908 ) ;
#583 = DIRECTION ( 'NONE',  ( 0.000000000000000000, 0.000000000000000000, 1.000000000000000000 ) ) ;
#584 = FACE_OUTER_BOUND ( 'NONE', #7693, .T. ) ;
#585 = CIRCLE ( 'NONE', #2688, 2.000000000000001776 ) ;
#586 = DIRECTION ( 'NONE',  ( -0.000000000000000000, -1.000000000000000000, -0.000000000000000000 ) ) ;
#587 = DIRECTION ( 'NONE',  ( -0.000000000000000000, 0.000000000000000000, 1.000000000000000000 ) ) ;
#588 = ORIENTED_EDGE ( 'NONE', *, *, #3719, .T. ) ;
#589 = VERTEX_POINT ( 'NONE', #7905 ) ;
#590 = EDGE_CURVE ( 'NONE', #5642, #1354, #563, .T. ) ;
#591 = CARTESIAN_POINT ( 'NONE',  ( -21.00000000000000000, 29.80000000000000426, 2.499999999999850342 ) ) ;
#592 = DIRECTION ( 'NONE',  ( -1.000000000000000000, -0.000000000000000000, -0.000000000000000000 ) ) ;
#593 = CARTESIAN_POINT ( 'NONE',  ( -7.301494641591894997E-14, 34.20000000000000284, 18.50000000000000355 ) ) ;
#594 = CARTESIAN_POINT ( 'NONE',  ( 21.00000000000000000, 34.20000000000000284, 0.000000000000000000 ) ) ;
#595 = DIRECTION ( 'NONE',  ( 0.000000000000000000, 0.000000000000000000, -1.000000000000000000 ) ) ;
#596 = EDGE_CURVE ( 'NONE', #625, #4085, #1767, .T. ) ;
#597 = ORIENTED_EDGE ( 'NONE', *, *, #6603, .F. ) ;
#598 = DIRECTION ( 'NONE',  ( -0.000000000000000000, 1.000000000000000000, -0.000000000000000000 ) ) ;
#599 = ORIENTED_EDGE ( 'NONE', *, *, #88, .T. ) ;
#600 = CARTESIAN_POINT ( 'NONE',  ( 0.000000000000000000, 11.19999999999999751, 0.000000000000000000 ) ) ;
#601 = LINE ( 'NONE', #5636, #4368 ) ;
#602 = LINE ( 'NONE', #2450, #3578 ) ;
#603 = ADVANCED_FACE ( 'NONE', ( #4163 ), #995, .T. ) ;
#604 = EDGE_CURVE ( 'NONE', #7882, #2823, #2962, .T. ) ;
#605 = LINE ( 'NONE', #4517, #3832 ) ;
#606 = EDGE_CURVE ( 'NONE', #6485, #1274, #6235, .T. ) ;
#607 = VERTEX_POINT ( 'NONE', #8031 ) ;
#608 = DIRECTION ( 'NONE',  ( -0.000000000000000000, -1.000000000000000000, -0.000000000000000000 ) ) ;
#609 = VERTEX_POINT ( 'NONE', #2874 ) ;
#610 = DIRECTION ( 'NONE',  ( -0.000000000000000000, 1.000000000000000000, -0.000000000000000000 ) ) ;
#611 = LINE ( 'NONE', #5649, #3805 ) ;
#612 = DIRECTION ( 'NONE',  ( 0.000000000000000000, 0.000000000000000000, -1.000000000000000000 ) ) ;
#613 = PRODUCT_RELATED_PRODUCT_CATEGORY ( 'part', '', ( #1424 ) ) ;
#614 = EDGE_CURVE ( 'NONE', #4043, #1992, #576, .T. ) ;
#615 = EDGE_LOOP ( 'NONE', ( #5001, #5435, #7131, #7137 ) ) ;
#616 = PLANE ( 'NONE',  #3913 ) ;
#617 = CIRCLE ( 'NONE', #5234, 1.649999999999998579 ) ;
#618 = VERTEX_POINT ( 'NONE', #1196 ) ;
#619 = CARTESIAN_POINT ( 'NONE',  ( 11.31370849898482156, -2.500000000000000000, 12.96370849898469935 ) ) ;
#620 = CARTESIAN_POINT ( 'NONE',  ( 0.000000000000000000, 0.000000000000000000, -14.14213562373095279 ) ) ;
#621 = DIRECTION ( 'NONE',  ( -0.000000000000000000, -1.000000000000000000, -0.000000000000000000 ) ) ;
#622 = CIRCLE ( 'NONE', #2592, 7.490000000000001990 ) ;
#623 = CARTESIAN_POINT ( 'NONE',  ( 49.99999999999999289, -12.50000000000000711, 20.00000000000000000 ) ) ;
#624 = ORIENTED_EDGE ( 'NONE', *, *, #2226, .T. ) ;
#625 = VERTEX_POINT ( 'NONE', #5614 ) ;
#626 = DIRECTION ( 'NONE',  ( -0.000000000000000000, -1.000000000000000000, -0.000000000000000000 ) ) ;
#627 = CIRCLE ( 'NONE', #2728, 45.00000000000000711 ) ;
#628 = ORIENTED_EDGE ( 'NONE', *, *, #2901, .F. ) ;
#629 = DIRECTION ( 'NONE',  ( 0.000000000000000000, 1.000000000000000000, 0.000000000000000000 ) ) ;
#630 = AXIS2_PLACEMENT_3D ( 'NONE', #1512, #7117, #938 ) ;
#631 = PLANE ( 'NONE',  #3192 ) ;
#632 = VECTOR ( 'NONE', #6333, 1000.000000000000000 ) ;
#633 = ORIENTED_EDGE ( 'NONE', *, *, #443, .F. ) ;
#634 = DIRECTION ( 'NONE',  ( 0.000000000000000000, 0.000000000000000000, 1.000000000000000000 ) ) ;
#635 = ORIENTED_EDGE ( 'NONE', *, *, #7010, .T. ) ;
#636 = DIRECTION ( 'NONE',  ( -1.000000000000000000, -0.000000000000000000, -0.000000000000000000 ) ) ;
#637 = CARTESIAN_POINT ( 'NONE',  ( 0.000000000000000000, 0.000000000000000000, 4.990000000000004654 ) ) ;
#638 = ADVANCED_FACE ( 'NONE', ( #4407 ), #3124, .F. ) ;
#639 = AXIS2_PLACEMENT_3D ( 'NONE', #6540, #7764, #3893 ) ;
#640 = LINE ( 'NONE', #6913, #3709 ) ;
#641 = CYLINDRICAL_SURFACE ( 'NONE', #7655, 6.300000000000000711 ) ;
#642 = EDGE_CURVE ( 'NONE', #1115, #7694, #4598, .T. ) ;
#643 = ADVANCED_FACE ( 'NONE', ( #3160 ), #1265, .F. ) ;
#644 = VERTEX_POINT ( 'NONE', #6310 ) ;
#645 = CARTESIAN_POINT ( 'NONE',  ( 0.000000000000000000, 35.39999999999999858, 0.000000000000000000 ) ) ;
#646 = AXIS2_PLACEMENT_3D ( 'NONE', #5413, #2340, #7965 ) ;
#647 = EDGE_CURVE ( 'NONE', #7357, #582, #611, .T. ) ;
#648 = VERTEX_POINT ( 'NONE', #8114 ) ;
#649 = CARTESIAN_POINT ( 'NONE',  ( 14.00000000000000000, -1.999999999999997335, -4.571662717217885863 ) ) ;
#650 = FACE_OUTER_BOUND ( 'NONE', #7962, .T. ) ;
#651 = EDGE_CURVE ( 'NONE', #3006, #7382, #3404, .T. ) ;
#652 = DIRECTION ( 'NONE',  ( -1.000000000000000000, 0.000000000000000000, 0.000000000000000000 ) ) ;
#653 = VECTOR ( 'NONE', #7609, 1000.000000000000000 ) ;
#654 = EDGE_LOOP ( 'NONE', ( #984, #1625, #3397, #3451 ) ) ;
#655 = CYLINDRICAL_SURFACE ( 'NONE', #6034, 6.300000000000000711 ) ;
#656 = ORIENTED_EDGE ( 'NONE', *, *, #5396, .T. ) ;
#657 = CARTESIAN_POINT ( 'NONE',  ( 26.00000000000000355, 0.000000000000000000, 0.000000000000000000 ) ) ;
#658 = DIRECTION ( 'NONE',  ( -0.000000000000000000, 1.000000000000000000, -0.000000000000000000 ) ) ;
#659 = PRODUCT_DEFINITION_CONTEXT ( 'detailed design', #4877, 'design' ) ;
#660 = DIRECTION ( 'NONE',  ( 0.000000000000000000, 0.000000000000000000, 1.000000000000000000 ) ) ;
#661 = EDGE_CURVE ( 'NONE', #1200, #7802, #6709, .T. ) ;
#662 = DIRECTION ( 'NONE',  ( -0.000000000000000000, 1.000000000000000000, -0.000000000000000000 ) ) ;
#663 = ORIENTED_EDGE ( 'NONE', *, *, #2644, .T. ) ;
#664 = VERTEX_POINT ( 'NONE', #7490 ) ;
#665 = EDGE_LOOP ( 'NONE', ( #915, #3611, #7316, #6531 ) ) ;
#666 = DIRECTION ( 'NONE',  ( -0.000000000000000000, -1.000000000000000000, -0.000000000000000000 ) ) ;
#667 = VERTEX_POINT ( 'NONE', #30 ) ;
#668 = LINE ( 'NONE', #5047, #1346 ) ;
#669 = CARTESIAN_POINT ( 'NONE',  ( 14.00000000000000000, 0.000000000000000000, 0.000000000000000000 ) ) ;
#670 = VECTOR ( 'NONE', #6269, 1000.000000000000000 ) ;
#671 = ORIENTED_EDGE ( 'NONE', *, *, #5287, .T. ) ;
#672 = CARTESIAN_POINT ( 'NONE',  ( 50.00000000000000000, -93.75000000000008527, 230.0000000000000000 ) ) ;
#673 = AXIS2_PLACEMENT_3D ( 'NONE', #7831, #7990, #6677 ) ;
#674 = ORIENTED_EDGE ( 'NONE', *, *, #8004, .F. ) ;
#675 = EDGE_CURVE ( 'NONE', #6377, #403, #5068, .T. ) ;
#676 = FACE_OUTER_BOUND ( 'NONE', #1553, .T. ) ;
#677 = DIRECTION ( 'NONE',  ( -1.000000000000000000, -0.000000000000000000, -0.000000000000000000 ) ) ;
#678 = AXIS2_PLACEMENT_3D ( 'NONE', #2027, #1418, #4642 ) ;
#679 = AXIS2_PLACEMENT_3D ( 'NONE', #2131, #4575, #7867 ) ;
#680 = CARTESIAN_POINT ( 'NONE',  ( 29.50000000000000000, 0.000000000000000000, 4.790000000000005365 ) ) ;
#681 = DIRECTION ( 'NONE',  ( -0.000000000000000000, 1.000000000000000000, -0.000000000000000000 ) ) ;
#682 = AXIS2_PLACEMENT_3D ( 'NONE', #7321, #7860, #2235 ) ;
#683 =( NAMED_UNIT ( * ) PLANE_ANGLE_UNIT ( ) SI_UNIT ( $, .RADIAN. ) );
#684 = ORIENTED_EDGE ( 'NONE', *, *, #948, .F. ) ;
#685 = VECTOR ( 'NONE', #5218, 1000.000000000000000 ) ;
#686 = CARTESIAN_POINT ( 'NONE',  ( 0.000000000000000000, 6.110987527745296475E-16, -4.990000000000002878 ) ) ;
#687 = CIRCLE ( 'NONE', #7401, 44.50000000000000711 ) ;
#688 = VERTEX_POINT ( 'NONE', #4357 ) ;
#689 = CARTESIAN_POINT ( 'NONE',  ( 11.31370849898465991, -2.500000000000000000, -12.96370849898485744 ) ) ;
#690 = CIRCLE ( 'NONE', #7529, 6.300000000000000711 ) ;
#691 = DIRECTION ( 'NONE',  ( -0.000000000000000000, -1.000000000000000000, -0.000000000000000000 ) ) ;
#692 = ADVANCED_FACE ( 'NONE', ( #1302, #1343 ), #6881, .F. ) ;
#693 = CYLINDRICAL_SURFACE ( 'NONE', #113, 4.990000000000002878 ) ;
#694 = ADVANCED_FACE ( 'NONE', ( #6232 ), #693, .T. ) ;
#695 = CIRCLE ( 'NONE', #832, 45.00000000000000711 ) ;
#696 = SURFACE_SIDE_STYLE ('',( #3825 ) ) ;
#697 = AXIS2_PLACEMENT_3D ( 'NONE', #2019, #5826, #5216 ) ;
#698 = EDGE_LOOP ( 'NONE', ( #6177, #3826, #143, #6435 ) ) ;
#699 = ADVANCED_FACE ( 'NONE', ( #3206 ), #5020, .F. ) ;
#700 = CARTESIAN_POINT ( 'NONE',  ( -3.000000000000001776, 34.20000000000000284, 25.00000000000000000 ) ) ;
#701 = CIRCLE ( 'NONE', #2537, 1.649999999999998579 ) ;
#702 = AXIS2_PLACEMENT_3D ( 'NONE', #5812, #2006, #3909 ) ;
#703 = ORIENTED_EDGE ( 'NONE', *, *, #3264, .T. ) ;
#704 = CARTESIAN_POINT ( 'NONE',  ( 1.675911042644704011E-13, 10.00000000000000000, -15.99999999999999645 ) ) ;
#705 = ADVANCED_FACE ( 'NONE', ( #6276 ), #3704, .F. ) ;
#706 = VECTOR ( 'NONE', #7700, 1000.000000000000000 ) ;
#707 = FACE_OUTER_BOUND ( 'NONE', #7734, .T. ) ;
#708 = AXIS2_PLACEMENT_3D ( 'NONE', #7879, #376, #6574 ) ;
#709 = CARTESIAN_POINT ( 'NONE',  ( 0.000000000000000000, 29.80000000000000426, 0.000000000000000000 ) ) ;
#710 = ORIENTED_EDGE ( 'NONE', *, *, #2296, .F. ) ;
#711 = ADVANCED_FACE ( 'NONE', ( #1957 ), #4484, .F. ) ;
#712 = ORIENTED_EDGE ( 'NONE', *, *, #2246, .F. ) ;
#713 = ORIENTED_EDGE ( 'NONE', *, *, #6459, .F. ) ;
#714 = CARTESIAN_POINT ( 'NONE',  ( 1.999999999999999112, 4.582575694955839829, 210.0000000000000284 ) ) ;
#715 = VECTOR ( 'NONE', #7440, 1000.000000000000000 ) ;
#716 = AXIS2_PLACEMENT_3D ( 'NONE', #5117, #5864, #6361 ) ;
#717 = ORIENTED_EDGE ( 'NONE', *, *, #4691, .F. ) ;
#718 = CARTESIAN_POINT ( 'NONE',  ( 0.000000000000000000, 24.39999999999999858, 45.00000000000000711 ) ) ;
#719 = DIRECTION ( 'NONE',  ( 0.000000000000000000, 0.000000000000000000, 1.000000000000000000 ) ) ;
#720 = EDGE_CURVE ( 'NONE', #3090, #6856, #5145, .T. ) ;
#721 = AXIS2_PLACEMENT_3D ( 'NONE', #4519, #191, #5922 ) ;
#722 = ORIENTED_EDGE ( 'NONE', *, *, #3275, .T. ) ;
#723 = DIRECTION ( 'NONE',  ( -1.000000000000000000, -0.000000000000000000, -0.000000000000000000 ) ) ;
#724 = VERTEX_POINT ( 'NONE', #4529 ) ;
#725 = DIRECTION ( 'NONE',  ( -0.000000000000000000, -1.000000000000000000, -0.000000000000000000 ) ) ;
#726 = DIRECTION ( 'NONE',  ( 0.000000000000000000, -1.000000000000000000, 0.000000000000000000 ) ) ;
#727 = CARTESIAN_POINT ( 'NONE',  ( 24.00000000000000000, -1.999999999999997335, -7.218039900139097576 ) ) ;
#728 = DIRECTION ( 'NONE',  ( -1.000000000000000000, -0.000000000000000000, -0.000000000000000000 ) ) ;
#729 = ORIENTED_EDGE ( 'NONE', *, *, #5401, .F. ) ;
#730 = CARTESIAN_POINT ( 'NONE',  ( 0.000000000000000000, 0.000000000000000000, 0.000000000000000000 ) ) ;
#731 = ORIENTED_EDGE ( 'NONE', *, *, #4296, .F. ) ;
#732 = DIRECTION ( 'NONE',  ( 0.000000000000000000, 1.000000000000000000, 0.000000000000000000 ) ) ;
#733 = PLANE ( 'NONE',  #5926 ) ;
#734 = CARTESIAN_POINT ( 'NONE',  ( -2.000000000000000000, 7.228416147400480440, 230.0000000000000000 ) ) ;
#735 = DIRECTION ( 'NONE',  ( 0.000000000000000000, 0.000000000000000000, 1.000000000000000000 ) ) ;
#736 =( LENGTH_UNIT ( ) NAMED_UNIT ( * ) SI_UNIT ( .MILLI., .METRE. ) );
#737 = ORIENTED_EDGE ( 'NONE', *, *, #3877, .F. ) ;
#738 = CARTESIAN_POINT ( 'NONE',  ( -16.00000000000000000, -2.500000000000000000, 0.000000000000000000 ) ) ;
#739 = ORIENTED_EDGE ( 'NONE', *, *, #7489, .T. ) ;
#740 = DIRECTION ( 'NONE',  ( -1.000000000000000000, -0.000000000000000000, -0.000000000000000000 ) ) ;
#741 = DIRECTION ( 'NONE',  ( 0.000000000000000000, 0.000000000000000000, -1.000000000000000000 ) ) ;
#742 = EDGE_CURVE ( 'NONE', #2293, #219, #4870, .T. ) ;
#743 = DIRECTION ( 'NONE',  ( 0.000000000000000000, 1.000000000000000000, 0.000000000000000000 ) ) ;
#744 = PLANE ( 'NONE',  #2790 ) ;
#745 = PLANE ( 'NONE',  #7822 ) ;
#746 = ORIENTED_EDGE ( 'NONE', *, *, #3640, .T. ) ;
#747 = VERTEX_POINT ( 'NONE', #3327 ) ;
#748 = ORIENTED_EDGE ( 'NONE', *, *, #2561, .F. ) ;
#749 = EDGE_CURVE ( 'NONE', #607, #3120, #2492, .T. ) ;
#750 = EDGE_CURVE ( 'NONE', #472, #7802, #4692, .T. ) ;
#751 = DIRECTION ( 'NONE',  ( 0.000000000000000000, 1.000000000000000000, 0.000000000000000000 ) ) ;
#752 = ORIENTED_EDGE ( 'NONE', *, *, #2815, .T. ) ;
#753 = DIRECTION ( 'NONE',  ( -0.000000000000000000, -1.000000000000000000, -0.000000000000000000 ) ) ;
#754 = EDGE_CURVE ( 'NONE', #4935, #6198, #7775, .T. ) ;
#755 = CARTESIAN_POINT ( 'NONE',  ( -23.00000000000000000, 34.20000000000000284, -3.000000000000000000 ) ) ;
#756 = ORIENTED_EDGE ( 'NONE', *, *, #1129, .F. ) ;
#757 = CARTESIAN_POINT ( 'NONE',  ( -2.000000000000000000, -7.228416147400480440, 230.0000000000000000 ) ) ;
#758 = VECTOR ( 'NONE', #36, 1000.000000000000000 ) ;
#759 = VERTEX_POINT ( 'NONE', #5233 ) ;
#760 = CARTESIAN_POINT ( 'NONE',  ( 0.000000000000000000, 2.000000000000002665, 7.218039900139096687 ) ) ;
#761 = CARTESIAN_POINT ( 'NONE',  ( 4.898587196589413026E-15, 27.60000000000000142, 40.00000000000000000 ) ) ;
#762 = PRODUCT_DEFINITION ( 'UNKNOWN', '', #3442, #2973 ) ;
#763 = ADVANCED_FACE ( 'NONE', ( #7738 ), #4065, .F. ) ;
#764 = CARTESIAN_POINT ( 'NONE',  ( 4.286263797015735707E-15, 27.60000000000000142, 35.00000000000000000 ) ) ;
#765 = DIRECTION ( 'NONE',  ( -0.000000000000000000, -1.000000000000000000, -0.000000000000000000 ) ) ;
#766 = VECTOR ( 'NONE', #4200, 1000.000000000000000 ) ;
#767 = CARTESIAN_POINT ( 'NONE',  ( 0.000000000000000000, 0.000000000000000000, 0.000000000000000000 ) ) ;
#768 = EDGE_LOOP ( 'NONE', ( #588, #7290, #3980, #400 ) ) ;
#769 = DIRECTION ( 'NONE',  ( 0.000000000000000000, 0.000000000000000000, 1.000000000000000000 ) ) ;
#770 = ORIENTED_EDGE ( 'NONE', *, *, #798, .F. ) ;
#771 = PRODUCT_DEFINITION_SHAPE ( 'NONE', 'NONE',  #2315 ) ;
#772 = DIRECTION ( 'NONE',  ( 0.000000000000000000, 0.000000000000000000, 1.000000000000000000 ) ) ;
#773 = CIRCLE ( 'NONE', #504, 44.50000000000000711 ) ;
#774 = APPLICATION_CONTEXT ( 'automotive_design' ) ;
#775 = CARTESIAN_POINT ( 'NONE',  ( 26.00000000000000000, 0.000000000000000000, 4.990000000000003766 ) ) ;
#776 = CARTESIAN_POINT ( 'NONE',  ( -16.00000000000000000, -4.666904755831215112, -1.117274028429802674E-13 ) ) ;
#777 = CARTESIAN_POINT ( 'NONE',  ( 2.202694860469042645E-13, 22.72893218813453231, -23.49999999999999645 ) ) ;
#778 = DIRECTION ( 'NONE',  ( 0.000000000000000000, 0.000000000000000000, 1.000000000000000000 ) ) ;
#779 = VECTOR ( 'NONE', #1136, 1000.000000000000000 ) ;
#780 = VERTEX_POINT ( 'NONE', #4029 ) ;
#781 = DIRECTION ( 'NONE',  ( 1.000000000000000000, 0.000000000000000000, 0.000000000000000000 ) ) ;
#782 = ORIENTED_EDGE ( 'NONE', *, *, #2198, .F. ) ;
#783 = VECTOR ( 'NONE', #751, 1000.000000000000000 ) ;
#784 = FACE_OUTER_BOUND ( 'NONE', #2888, .T. ) ;
#785 = DIRECTION ( 'NONE',  ( 0.000000000000000000, 0.000000000000000000, 1.000000000000000000 ) ) ;
#786 = CARTESIAN_POINT ( 'NONE',  ( 0.000000000000000000, 35.39999999999999858, 41.00000000000000000 ) ) ;
#787 = DIRECTION ( 'NONE',  ( 0.000000000000000000, 0.000000000000000000, -1.000000000000000000 ) ) ;
#788 = CARTESIAN_POINT ( 'NONE',  ( -11.31370849898490150, -2.500000000000000000, -12.96370849898462119 ) ) ;
#789 = ORIENTED_EDGE ( 'NONE', *, *, #606, .T. ) ;
#790 = VERTEX_POINT ( 'NONE', #6471 ) ;
#791 = ORIENTED_EDGE ( 'NONE', *, *, #252, .F. ) ;
#792 = CARTESIAN_POINT ( 'NONE',  ( 14.00000000000000000, 0.000000000000000000, 0.000000000000000000 ) ) ;
#793 = ORIENTED_EDGE ( 'NONE', *, *, #279, .F. ) ;
#794 = LINE ( 'NONE', #3961, #2668 ) ;
#795 = EDGE_CURVE ( 'NONE', #589, #1173, #864, .T. ) ;
#796 = ADVANCED_FACE ( 'NONE', ( #5805 ), #5199, .F. ) ;
#797 = LINE ( 'NONE', #4590, #7400 ) ;
#798 = EDGE_CURVE ( 'NONE', #3090, #6567, #494, .T. ) ;
#799 = ORIENTED_EDGE ( 'NONE', *, *, #7393, .T. ) ;
#800 = ADVANCED_FACE ( 'NONE', ( #4566 ), #5853, .F. ) ;
#801 = ORIENTED_EDGE ( 'NONE', *, *, #8044, .F. ) ;
#802 = PLANE ( 'NONE',  #3932 ) ;
#803 = DIRECTION ( 'NONE',  ( 0.000000000000000000, 1.000000000000000000, 0.000000000000000000 ) ) ;
#804 = CARTESIAN_POINT ( 'NONE',  ( 0.000000000000000000, 35.39999999999999858, 0.000000000000000000 ) ) ;
#805 = DIRECTION ( 'NONE',  ( -0.000000000000000000, 1.000000000000000000, -0.000000000000000000 ) ) ;
#806 = EDGE_CURVE ( 'NONE', #1200, #5470, #6521, .T. ) ;
#807 = VECTOR ( 'NONE', #6200, 1000.000000000000000 ) ;
#808 = DIRECTION ( 'NONE',  ( 6.435846734369194912E-20, -5.881404864169740848E-29, 1.000000000000000000 ) ) ;
#809 = VERTEX_POINT ( 'NONE', #2707 ) ;
#810 = ORIENTED_EDGE ( 'NONE', *, *, #1946, .F. ) ;
#811 = FACE_OUTER_BOUND ( 'NONE', #4419, .T. ) ;
#812 = ORIENTED_EDGE ( 'NONE', *, *, #3919, .T. ) ;
#813 = CARTESIAN_POINT ( 'NONE',  ( -11.31370849898474162, 7.066904755831209251, 11.31370849898478248 ) ) ;
#814 = AXIS2_PLACEMENT_3D ( 'NONE', #7983, #7446, #7322 ) ;
#815 = CIRCLE ( 'NONE', #6082, 7.490000000000002878 ) ;
#816 = PLANE ( 'NONE',  #3776 ) ;
#817 = CARTESIAN_POINT ( 'NONE',  ( 3.337162527676534759E-15, -2.500000000000000000, -27.24999999999998224 ) ) ;
#818 = DIRECTION ( 'NONE',  ( 0.000000000000000000, 0.000000000000000000, -1.000000000000000000 ) ) ;
#819 = VECTOR ( 'NONE', #6980, 1000.000000000000000 ) ;
#820 = CARTESIAN_POINT ( 'NONE',  ( 0.000000000000000000, 0.000000000000000000, -35.00000000000000000 ) ) ;
#821 = CIRCLE ( 'NONE', #4107, 4.790000000000001812 ) ;
#822 = CIRCLE ( 'NONE', #419, 1.649999999999997025 ) ;
#823 = ORIENTED_EDGE ( 'NONE', *, *, #7340, .F. ) ;
#824 = VECTOR ( 'NONE', #3514, 1000.000000000000000 ) ;
#825 = DIRECTION ( 'NONE',  ( 0.000000000000000000, 0.000000000000000000, 1.000000000000000000 ) ) ;
#826 = ORIENTED_EDGE ( 'NONE', *, *, #3018, .F. ) ;
#827 = AXIS2_PLACEMENT_3D ( 'NONE', #4932, #7473, #6826 ) ;
#828 = VECTOR ( 'NONE', #7884, 1000.000000000000000 ) ;
#829 = DIRECTION ( 'NONE',  ( -1.000000000000000000, -0.000000000000000000, -0.000000000000000000 ) ) ;
#830 = CARTESIAN_POINT ( 'NONE',  ( 39.50000000000000711, 0.000000000000000000, 0.000000000000000000 ) ) ;
#831 = CARTESIAN_POINT ( 'NONE',  ( 1.224646799147250347E-18, 0.000000000000000000, 0.000000000000000000 ) ) ;
#832 = AXIS2_PLACEMENT_3D ( 'NONE', #1608, #1648, #6654 ) ;
#833 = ORIENTED_EDGE ( 'NONE', *, *, #6613, .F. ) ;
#834 = AXIS2_PLACEMENT_3D ( 'NONE', #4133, #5464, #1131 ) ;
#835 = ORIENTED_EDGE ( 'NONE', *, *, #1116, .T. ) ;
#836 = VERTEX_POINT ( 'NONE', #2830 ) ;
#837 = CARTESIAN_POINT ( 'NONE',  ( -2.000000000000000000, 7.228416147400480440, 230.0000000000000000 ) ) ;
#838 = ORIENTED_EDGE ( 'NONE', *, *, #3568, .F. ) ;
#839 = DIRECTION ( 'NONE',  ( -0.000000000000000000, 1.000000000000000000, -0.000000000000000000 ) ) ;
#840 = AXIS2_PLACEMENT_3D ( 'NONE', #776, #3287, #5196 ) ;
#841 = STYLED_ITEM ( 'NONE', ( #2972 ), #7231 ) ;
#842 = CARTESIAN_POINT ( 'NONE',  ( -1.999999999999999112, 10.00000000000000000, -4.582575694955840717 ) ) ;
#843 = EDGE_CURVE ( 'NONE', #759, #2094, #5358, .T. ) ;
#844 = ORIENTED_EDGE ( 'NONE', *, *, #3357, .T. ) ;
#845 = CIRCLE ( 'NONE', #1359, 4.990000000000013536 ) ;
#846 = CIRCLE ( 'NONE', #3081, 29.75000000000000000 ) ;
#847 = ORIENTED_EDGE ( 'NONE', *, *, #948, .T. ) ;
#848 = CARTESIAN_POINT ( 'NONE',  ( 0.000000000000000000, 0.000000000000000000, 230.0000000000000000 ) ) ;
#849 = DIRECTION ( 'NONE',  ( -0.000000000000000000, -0.000000000000000000, 1.000000000000000000 ) ) ;
#850 = FACE_OUTER_BOUND ( 'NONE', #5089, .T. ) ;
#851 = ADVANCED_FACE ( 'NONE', ( #5888 ), #7199, .T. ) ;
#852 = DIRECTION ( 'NONE',  ( 0.000000000000000000, 0.000000000000000000, 1.000000000000000000 ) ) ;
#853 = AXIS2_PLACEMENT_3D ( 'NONE', #6712, #7175, #6798 ) ;
#854 = CARTESIAN_POINT ( 'NONE',  ( 8.437779319634129685E-14, -1.196488260750090759E-14, -179.2000000000000171 ) ) ;
#855 = ORIENTED_EDGE ( 'NONE', *, *, #5966, .T. ) ;
#856 = ORIENTED_EDGE ( 'NONE', *, *, #3349, .F. ) ;
#857 = FACE_BOUND ( 'NONE', #7988, .T. ) ;
#858 = ORIENTED_EDGE ( 'NONE', *, *, #6055, .T. ) ;
#859 = PLANE ( 'NONE',  #368 ) ;
#860 = EDGE_CURVE ( 'NONE', #4241, #7882, #3903, .T. ) ;
#861 = LINE ( 'NONE', #324, #4971 ) ;
#862 = CARTESIAN_POINT ( 'NONE',  ( 0.000000000000000000, 0.000000000000000000, 0.000000000000000000 ) ) ;
#863 = ADVANCED_FACE ( 'NONE', ( #2743 ), #1388, .F. ) ;
#864 = LINE ( 'NONE', #3367, #7344 ) ;
#865 = DIRECTION ( 'NONE',  ( 0.000000000000000000, 0.000000000000000000, 1.000000000000000000 ) ) ;
#866 = EDGE_CURVE ( 'NONE', #3009, #8098, #3946, .T. ) ;
#867 = ORIENTED_EDGE ( 'NONE', *, *, #7593, .T. ) ;
#868 = DIRECTION ( 'NONE',  ( 0.000000000000000000, 0.000000000000000000, -1.000000000000000000 ) ) ;
#869 = ORIENTED_EDGE ( 'NONE', *, *, #6556, .T. ) ;
#870 = DIRECTION ( 'NONE',  ( -1.000000000000000000, -0.000000000000000000, -0.000000000000000000 ) ) ;
#871 = EDGE_CURVE ( 'NONE', #7232, #5228, #6590, .T. ) ;
#872 = CYLINDRICAL_SURFACE ( 'NONE', #7148, 7.490000000000001990 ) ;
#873 = DIRECTION ( 'NONE',  ( 0.000000000000000000, -0.000000000000000000, 1.000000000000000000 ) ) ;
#874 = ORIENTED_EDGE ( 'NONE', *, *, #1158, .T. ) ;
#875 = ORIENTED_EDGE ( 'NONE', *, *, #7912, .F. ) ;
#876 = ORIENTED_EDGE ( 'NONE', *, *, #5616, .F. ) ;
#877 = DIRECTION ( 'NONE',  ( -0.000000000000000000, 1.000000000000000000, -0.000000000000000000 ) ) ;
#878 = ORIENTED_EDGE ( 'NONE', *, *, #5127, .F. ) ;
#879 = FACE_OUTER_BOUND ( 'NONE', #7192, .T. ) ;
#880 = DIRECTION ( 'NONE',  ( -0.000000000000000000, -1.000000000000000000, -0.000000000000000000 ) ) ;
#881 = ORIENTED_EDGE ( 'NONE', *, *, #6756, .F. ) ;
#882 = ORIENTED_EDGE ( 'NONE', *, *, #5893, .T. ) ;
#883 = DIRECTION ( 'NONE',  ( 0.000000000000000000, 0.000000000000000000, -1.000000000000000000 ) ) ;
#884 = VECTOR ( 'NONE', #3944, 1000.000000000000000 ) ;
#885 = FACE_OUTER_BOUND ( 'NONE', #1195, .T. ) ;
#886 = DIRECTION ( 'NONE',  ( -0.000000000000000000, 0.000000000000000000, 1.000000000000000000 ) ) ;
#887 = DIRECTION ( 'NONE',  ( -1.000000000000000000, -0.000000000000000000, -0.000000000000000000 ) ) ;
#888 = VECTOR ( 'NONE', #4991, 1000.000000000000000 ) ;
#889 = VERTEX_POINT ( 'NONE', #6138 ) ;
#890 = VERTEX_POINT ( 'NONE', #2953 ) ;
#891 = DIRECTION ( 'NONE',  ( 0.000000000000000000, 0.000000000000000000, -1.000000000000000000 ) ) ;
#892 = EDGE_LOOP ( 'NONE', ( #3093, #4757 ) ) ;
#893 = FACE_OUTER_BOUND ( 'NONE', #1725, .T. ) ;
#894 = ADVANCED_FACE ( 'NONE', ( #7362, #6754 ), #2903, .F. ) ;
#895 = PLANE ( 'NONE',  #6935 ) ;
#896 = AXIS2_PLACEMENT_3D ( 'NONE', #7170, #5277, #5405 ) ;
#897 = DIRECTION ( 'NONE',  ( 0.000000000000000000, 1.000000000000000000, 0.000000000000000000 ) ) ;
#898 = EDGE_CURVE ( 'NONE', #7357, #5480, #1026, .T. ) ;
#899 = DIRECTION ( 'NONE',  ( 0.000000000000000000, 0.000000000000000000, 1.000000000000000000 ) ) ;
#900 = ADVANCED_FACE ( 'NONE', ( #3490 ), #7898, .T. ) ;
#901 = EDGE_CURVE ( 'NONE', #2073, #4339, #3047, .T. ) ;
#902 = VERTEX_POINT ( 'NONE', #6019 ) ;
#903 = AXIS2_PLACEMENT_3D ( 'NONE', #1289, #6869, #3148 ) ;
#904 = EDGE_CURVE ( 'NONE', #7947, #2823, #1468, .T. ) ;
#905 = DIRECTION ( 'NONE',  ( 0.000000000000000000, 1.000000000000000000, 0.000000000000000000 ) ) ;
#906 = ORIENTED_EDGE ( 'NONE', *, *, #7593, .F. ) ;
#907 = CYLINDRICAL_SURFACE ( 'NONE', #2387, 81.25000000000007105 ) ;
#908 = DIRECTION ( 'NONE',  ( -0.000000000000000000, 1.000000000000000000, 0.000000000000000000 ) ) ;
#909 = AXIS2_PLACEMENT_3D ( 'NONE', #3851, #725, #2183 ) ;
#910 = FACE_OUTER_BOUND ( 'NONE', #4345, .T. ) ;
#911 = ORIENTED_EDGE ( 'NONE', *, *, #5255, .F. ) ;
#912 = CARTESIAN_POINT ( 'NONE',  ( -23.00000000000000000, 29.80000000000000426, 5.000000000000000000 ) ) ;
#913 = ORIENTED_EDGE ( 'NONE', *, *, #1894, .T. ) ;
#914 = AXIS2_PLACEMENT_3D ( 'NONE', #7913, #3500, #6725 ) ;
#915 = ORIENTED_EDGE ( 'NONE', *, *, #614, .F. ) ;
#916 = DIRECTION ( 'NONE',  ( -0.000000000000000000, -0.000000000000000000, 1.000000000000000000 ) ) ;
#917 = VECTOR ( 'NONE', #6842, 1000.000000000000000 ) ;
#918 = VERTEX_POINT ( 'NONE', #4193 ) ;
#919 = FACE_OUTER_BOUND ( 'NONE', #4847, .T. ) ;
#920 = EDGE_CURVE ( 'NONE', #4261, #4085, #6482, .T. ) ;
#921 = CARTESIAN_POINT ( 'NONE',  ( 0.000000000000000000, 0.000000000000000000, -27.00000000000000000 ) ) ;
#922 = AXIS2_PLACEMENT_3D ( 'NONE', #4168, #6953, #1956 ) ;
#923 = DIRECTION ( 'NONE',  ( -1.000000000000000000, -0.000000000000000000, -0.000000000000000000 ) ) ;
#924 = ORIENTED_EDGE ( 'NONE', *, *, #1764, .F. ) ;
#925 = VERTEX_POINT ( 'NONE', #7280 ) ;
#926 = LINE ( 'NONE', #5960, #4994 ) ;
#927 = DIRECTION ( 'NONE',  ( 0.000000000000000000, 0.000000000000000000, -1.000000000000000000 ) ) ;
#928 = CARTESIAN_POINT ( 'NONE',  ( 38.50000000000000000, 0.000000000000000000, 0.000000000000000000 ) ) ;
#929 = CARTESIAN_POINT ( 'NONE',  ( 25.00000000000000000, 34.20000000000000284, -2.999999999999996003 ) ) ;
#930 =( NAMED_UNIT ( * ) PLANE_ANGLE_UNIT ( ) SI_UNIT ( $, .RADIAN. ) );
#931 = EDGE_LOOP ( 'NONE', ( #2699, #8028, #6012, #4190 ) ) ;
#932 = ORIENTED_EDGE ( 'NONE', *, *, #1596, .T. ) ;
#933 = VERTEX_POINT ( 'NONE', #4734 ) ;
#934 = DIRECTION ( 'NONE',  ( 0.000000000000000000, 0.000000000000000000, -1.000000000000000000 ) ) ;
#935 = ORIENTED_EDGE ( 'NONE', *, *, #3774, .T. ) ;
#936 = DIRECTION ( 'NONE',  ( 0.000000000000000000, 0.000000000000000000, -1.000000000000000000 ) ) ;
#937 = CARTESIAN_POINT ( 'NONE',  ( -16.00000000000000000, 7.066904755831209251, 0.000000000000000000 ) ) ;
#938 = DIRECTION ( 'NONE',  ( 0.000000000000000000, 0.000000000000000000, 1.000000000000000000 ) ) ;
#939 = CARTESIAN_POINT ( 'NONE',  ( 0.000000000000000000, 31.00000000000000355, 0.000000000000000000 ) ) ;
#940 = MECHANICAL_DESIGN_GEOMETRIC_PRESENTATION_REPRESENTATION (  '', ( #1320 ), #2110 ) ;
#941 = VERTEX_POINT ( 'NONE', #6094 ) ;
#942 = AXIS2_PLACEMENT_3D ( 'NONE', #3368, #5274, #6633 ) ;
#943 = CIRCLE ( 'NONE', #140, 44.50000000000000711 ) ;
#944 = EDGE_CURVE ( 'NONE', #5448, #1295, #6085, .T. ) ;
#945 = DIRECTION ( 'NONE',  ( -1.000000000000000000, -0.000000000000000000, -0.000000000000000000 ) ) ;
#946 = VECTOR ( 'NONE', #4475, 1000.000000000000000 ) ;
#947 = EDGE_LOOP ( 'NONE', ( #5176, #4907, #2023, #5778, #5420, #1266 ) ) ;
#948 = EDGE_CURVE ( 'NONE', #7105, #3799, #7653, .T. ) ;
#949 = CARTESIAN_POINT ( 'NONE',  ( 5.510910596163090344E-15, 22.20000000000000284, 45.00000000000000711 ) ) ;
#950 = AXIS2_PLACEMENT_3D ( 'NONE', #2893, #4185, #3026 ) ;
#951 = LINE ( 'NONE', #3374, #3449 ) ;
#952 = AXIS2_PLACEMENT_3D ( 'NONE', #4242, #2377, #450 ) ;
#953 = EDGE_CURVE ( 'NONE', #1962, #6788, #3182, .T. ) ;
#954 = DIRECTION ( 'NONE',  ( -0.000000000000000000, 1.000000000000000000, -0.000000000000000000 ) ) ;
#955 = AXIS2_PLACEMENT_3D ( 'NONE', #5223, #267, #5876 ) ;
#956 = VERTEX_POINT ( 'NONE', #1065 ) ;
#957 = DIRECTION ( 'NONE',  ( 0.000000000000000000, 0.000000000000000000, 1.000000000000000000 ) ) ;
#958 = ORIENTED_EDGE ( 'NONE', *, *, #2807, .T. ) ;
#959 = CIRCLE ( 'NONE', #2532, 2.000000000000000000 ) ;
#960 = VERTEX_POINT ( 'NONE', #3616 ) ;
#961 = CARTESIAN_POINT ( 'NONE',  ( 11.76470588235294024, -22.05882352941176450, 20.00000000000000000 ) ) ;
#962 = EDGE_CURVE ( 'NONE', #4955, #7215, #2121, .T. ) ;
#963 = ORIENTED_EDGE ( 'NONE', *, *, #5384, .F. ) ;
#964 = AXIS2_PLACEMENT_3D ( 'NONE', #7124, #3455, #1436 ) ;
#965 = DIRECTION ( 'NONE',  ( -0.000000000000000000, 1.000000000000000000, -0.000000000000000000 ) ) ;
#966 = CYLINDRICAL_SURFACE ( 'NONE', #7537, 25.00000000000000000 ) ;
#967 = CIRCLE ( 'NONE', #6628, 7.490000000000001990 ) ;
#968 = CARTESIAN_POINT ( 'NONE',  ( 0.000000000000000000, 29.80000000000000426, 0.000000000000000000 ) ) ;
#969 = EDGE_CURVE ( 'NONE', #3459, #2684, #2647, .T. ) ;
#970 = ORIENTED_EDGE ( 'NONE', *, *, #291, .F. ) ;
#971 = VERTEX_POINT ( 'NONE', #1109 ) ;
#972 = CARTESIAN_POINT ( 'NONE',  ( 14.00000000000000000, -1.999999999999997335, -7.218039900139096687 ) ) ;
#973 = AXIS2_PLACEMENT_3D ( 'NONE', #1387, #382, #3902 ) ;
#974 = AXIS2_PLACEMENT_3D ( 'NONE', #5761, #6916, #6986 ) ;
#975 = DIRECTION ( 'NONE',  ( 0.000000000000000000, 0.000000000000000000, 1.000000000000000000 ) ) ;
#976 = CARTESIAN_POINT ( 'NONE',  ( 5.510910596163090344E-15, 6.800000000000000711, 45.00000000000000711 ) ) ;
#977 = PRODUCT_RELATED_PRODUCT_CATEGORY ( 'part', '', ( #6244 ) ) ;
#978 = EDGE_CURVE ( 'NONE', #1236, #5688, #5297, .T. ) ;
#979 = FACE_OUTER_BOUND ( 'NONE', #7094, .T. ) ;
#980 = VECTOR ( 'NONE', #7397, 1000.000000000000000 ) ;
#981 = SHAPE_DEFINITION_REPRESENTATION ( #5711, #4541 ) ;
#982 = ORIENTED_EDGE ( 'NONE', *, *, #1947, .F. ) ;
#983 = VECTOR ( 'NONE', #2514, 1000.000000000000000 ) ;
#984 = ORIENTED_EDGE ( 'NONE', *, *, #6083, .F. ) ;
#985 = DIRECTION ( 'NONE',  ( 0.000000000000000000, 1.000000000000000000, 0.000000000000000000 ) ) ;
#986 = VERTEX_POINT ( 'NONE', #2867 ) ;
#987 = DIRECTION ( 'NONE',  ( 0.000000000000000000, 0.000000000000000000, 1.000000000000000000 ) ) ;
#988 = DIRECTION ( 'NONE',  ( 0.000000000000000000, 0.000000000000000000, 1.000000000000000000 ) ) ;
#989 = AXIS2_PLACEMENT_3D ( 'NONE', #7595, #5010, #8099 ) ;
#990 = DIRECTION ( 'NONE',  ( -1.000000000000000000, -0.000000000000000000, -0.000000000000000000 ) ) ;
#991 = DIRECTION ( 'NONE',  ( -0.000000000000000000, -1.000000000000000000, -0.000000000000000000 ) ) ;
#992 = ORIENTED_EDGE ( 'NONE', *, *, #4418, .T. ) ;
#993 = FACE_OUTER_BOUND ( 'NONE', #7892, .T. ) ;
#994 = ORIENTED_EDGE ( 'NONE', *, *, #1160, .T. ) ;
#995 = CYLINDRICAL_SURFACE ( 'NONE', #157, 44.50000000000000711 ) ;
#996 = FACE_BOUND ( 'NONE', #8045, .T. ) ;
#997 = EDGE_LOOP ( 'NONE', ( #674, #5352, #3744, #1614 ) ) ;
#998 = DIRECTION ( 'NONE',  ( 0.000000000000000000, 0.000000000000000000, -1.000000000000000000 ) ) ;
#999 = EDGE_LOOP ( 'NONE', ( #4101, #3179, #5050, #7752 ) ) ;
#1000 = ORIENTED_EDGE ( 'NONE', *, *, #2001, .T. ) ;
#1001 = LINE ( 'NONE', #6682, #2879 ) ;
#1002 = EDGE_CURVE ( 'NONE', #7171, #933, #6056, .T. ) ;
#1003 = DIRECTION ( 'NONE',  ( 0.000000000000000000, 1.000000000000000000, 0.000000000000000000 ) ) ;
#1004 = PLANE ( 'NONE',  #6364 ) ;
#1005 = EDGE_CURVE ( 'NONE', #5688, #1236, #6875, .T. ) ;
#1006 = FACE_OUTER_BOUND ( 'NONE', #5046, .T. ) ;
#1007 = DIRECTION ( 'NONE',  ( 0.000000000000000000, 0.000000000000000000, 1.000000000000000000 ) ) ;
#1008 = EDGE_CURVE ( 'NONE', #1661, #5082, #7919, .T. ) ;
#1009 = ORIENTED_EDGE ( 'NONE', *, *, #7588, .F. ) ;
#1010 = ORIENTED_EDGE ( 'NONE', *, *, #6690, .T. ) ;
#1011 = LINE ( 'NONE', #8006, #2210 ) ;
#1012 = CARTESIAN_POINT ( 'NONE',  ( -11.31370849898465991, 10.00000000000000000, -11.31370849898485886 ) ) ;
#1013 = EDGE_CURVE ( 'NONE', #7273, #2167, #6670, .T. ) ;
#1014 = CARTESIAN_POINT ( 'NONE',  ( 16.00000000000000000, -2.500000000000000000, -1.650000000000110489 ) ) ;
#1015 = DIRECTION ( 'NONE',  ( 1.000000000000000000, 0.000000000000000000, 0.000000000000000000 ) ) ;
#1016 = DIRECTION ( 'NONE',  ( -0.000000000000000000, -1.000000000000000000, -0.000000000000000000 ) ) ;
#1017 = ITEM_DEFINED_TRANSFORMATION ( 'NONE', 'NONE', #6389,  #2426 ) ;
#1018 = ORIENTED_EDGE ( 'NONE', *, *, #4743, .T. ) ;
#1019 = ORIENTED_EDGE ( 'NONE', *, *, #455, .F. ) ;
#1020 = DIRECTION ( 'NONE',  ( -0.000000000000000000, -1.000000000000000000, -0.000000000000000000 ) ) ;
#1021 = AXIS2_PLACEMENT_3D ( 'NONE', #5231, #2705, #1582 ) ;
#1022 = ORIENTED_EDGE ( 'NONE', *, *, #5354, .T. ) ;
#1023 = CARTESIAN_POINT ( 'NONE',  ( 39.50000000000000711, 0.000000000000000000, 0.000000000000000000 ) ) ;
#1024 = EDGE_CURVE ( 'NONE', #4900, #2530, #5606, .T. ) ;
#1025 = CARTESIAN_POINT ( 'NONE',  ( 5.586370142149013368E-14, 7.066904755831209251, 16.00000000000000000 ) ) ;
#1026 = LINE ( 'NONE', #3655, #7386 ) ;
#1027 = DIRECTION ( 'NONE',  ( -0.000000000000000000, -1.000000000000000000, -0.000000000000000000 ) ) ;
#1028 = AXIS2_PLACEMENT_3D ( 'NONE', #1847, #5653, #781 ) ;
#1029 = DIRECTION ( 'NONE',  ( -0.000000000000000000, -0.000000000000000000, 1.000000000000000000 ) ) ;
#1030 = ORIENTED_EDGE ( 'NONE', *, *, #6351, .F. ) ;
#1031 = VERTEX_POINT ( 'NONE', #8066 ) ;
#1032 = LINE ( 'NONE', #7287, #4580 ) ;
#1033 = AXIS2_PLACEMENT_3D ( 'NONE', #6144, #3662, #1799 ) ;
#1034 = ORIENTED_EDGE ( 'NONE', *, *, #8022, .F. ) ;
#1035 = CARTESIAN_POINT ( 'NONE',  ( 2.999999999999998224, 34.20000000000000284, 25.00000000000000000 ) ) ;
#1036 = DIRECTION ( 'NONE',  ( 0.000000000000000000, 0.000000000000000000, 1.000000000000000000 ) ) ;
#1037 = ORIENTED_EDGE ( 'NONE', *, *, #3834, .F. ) ;
#1038 = DIRECTION ( 'NONE',  ( -0.000000000000000000, -1.000000000000000000, -0.000000000000000000 ) ) ;
#1039 = ORIENTED_EDGE ( 'NONE', *, *, #4697, .F. ) ;
#1040 = LINE ( 'NONE', #2928, #4863 ) ;
#1041 = AXIS2_PLACEMENT_3D ( 'NONE', #1376, #4594, #2730 ) ;
#1042 = FACE_BOUND ( 'NONE', #6466, .T. ) ;
#1043 = FACE_OUTER_BOUND ( 'NONE', #1326, .T. ) ;
#1044 = CARTESIAN_POINT ( 'NONE',  ( 39.50000000000000000, 0.000000000000000000, 0.000000000000000000 ) ) ;
#1045 = DIRECTION ( 'NONE',  ( -0.000000000000000000, 1.000000000000000000, 0.000000000000000000 ) ) ;
#1046 = CIRCLE ( 'NONE', #6707, 4.990000000000004654 ) ;
#1047 = ORIENTED_EDGE ( 'NONE', *, *, #3586, .T. ) ;
#1048 = ORIENTED_EDGE ( 'NONE', *, *, #4486, .T. ) ;
#1049 = EDGE_CURVE ( 'NONE', #6567, #3090, #6993, .T. ) ;
#1050 = CYLINDRICAL_SURFACE ( 'NONE', #2484, 1.649999999999998579 ) ;
#1051 = LINE ( 'NONE', #7507, #1110 ) ;
#1052 = CARTESIAN_POINT ( 'NONE',  ( 0.000000000000000000, 0.000000000000000000, 4.990000000000002878 ) ) ;
#1053 = EDGE_CURVE ( 'NONE', #2173, #5471, #4350, .T. ) ;
#1054 = LINE ( 'NONE', #7270, #824 ) ;
#1055 = CYLINDRICAL_SURFACE ( 'NONE', #1865, 1.649999999999998579 ) ;
#1056 = EDGE_CURVE ( 'NONE', #2073, #4409, #640, .T. ) ;
#1057 = PRODUCT_CONTEXT ( 'NONE', #6309, 'mechanical' ) ;
#1058 = ORIENTED_EDGE ( 'NONE', *, *, #3889, .T. ) ;
#1059 = VERTEX_POINT ( 'NONE', #5014 ) ;
#1060 = DIRECTION ( 'NONE',  ( -0.000000000000000000, -1.000000000000000000, -0.000000000000000000 ) ) ;
#1061 = EDGE_LOOP ( 'NONE', ( #7439, #5363, #2170, #3433 ) ) ;
#1062 = CARTESIAN_POINT ( 'NONE',  ( 16.00000000000000000, 2.399999999999999467, 1.649999999999887335 ) ) ;
#1063 = CARTESIAN_POINT ( 'NONE',  ( 0.000000000000000000, 9.000000000000001776, 0.000000000000000000 ) ) ;
#1064 = EDGE_CURVE ( 'NONE', #6868, #3780, #1592, .T. ) ;
#1065 = CARTESIAN_POINT ( 'NONE',  ( 0.000000000000000000, 15.59999999999999964, -45.00000000000000711 ) ) ;
#1066 = FACE_BOUND ( 'NONE', #1930, .T. ) ;
#1067 = DIRECTION ( 'NONE',  ( -0.000000000000000000, 1.000000000000000000, -0.000000000000000000 ) ) ;
#1068 = ORIENTED_EDGE ( 'NONE', *, *, #5247, .F. ) ;
#1069 = ORIENTED_EDGE ( 'NONE', *, *, #2414, .F. ) ;
#1070 = FACE_BOUND ( 'NONE', #2093, .T. ) ;
#1071 = ORIENTED_EDGE ( 'NONE', *, *, #750, .T. ) ;
#1072 = LINE ( 'NONE', #1717, #6487 ) ;
#1073 = PLANE ( 'NONE',  #3828 ) ;
#1074 = ORIENTED_EDGE ( 'NONE', *, *, #4682, .F. ) ;
#1075 = STYLED_ITEM ( 'NONE', ( #6640 ), #1656 ) ;
#1076 = LINE ( 'NONE', #454, #7596 ) ;
#1077 = ORIENTED_EDGE ( 'NONE', *, *, #7349, .F. ) ;
#1078 = DIRECTION ( 'NONE',  ( 0.000000000000000000, -1.000000000000000000, 0.000000000000000000 ) ) ;
#1079 = VECTOR ( 'NONE', #7861, 1000.000000000000000 ) ;
#1080 = AXIS2_PLACEMENT_3D ( 'NONE', #5694, #740, #4491 ) ;
#1081 = CARTESIAN_POINT ( 'NONE',  ( 29.50000000000000000, 0.000000000000000000, 0.000000000000000000 ) ) ;
#1082 = CARTESIAN_POINT ( 'NONE',  ( 0.000000000000000000, 10.00000000000000000, -27.00000000000000000 ) ) ;
#1083 = PRODUCT_DEFINITION_CONTEXT ( 'detailed design', #3617, 'design' ) ;
#1084 = AXIS2_PLACEMENT_3D ( 'NONE', #5758, #3355, #4017 ) ;
#1085 = DIRECTION ( 'NONE',  ( 0.000000000000000000, 0.000000000000000000, 1.000000000000000000 ) ) ;
#1086 = CARTESIAN_POINT ( 'NONE',  ( 90.00000000000000000, 12.49999999999999822, 20.00000000000000000 ) ) ;
#1087 = CIRCLE ( 'NONE', #4236, 1.649999999999998579 ) ;
#1088 = AXIS2_PLACEMENT_3D ( 'NONE', #1094, #425, #7311 ) ;
#1089 = EDGE_LOOP ( 'NONE', ( #810, #6938 ) ) ;
#1090 = AXIS2_PLACEMENT_3D ( 'NONE', #7510, #7050, #6784 ) ;
#1091 = VERTEX_POINT ( 'NONE', #3078 ) ;
#1092 = CARTESIAN_POINT ( 'NONE',  ( -1.675911042644704011E-13, 7.066904755831209251, -17.64999999999999503 ) ) ;
#1093 = DIRECTION ( 'NONE',  ( 0.000000000000000000, 0.000000000000000000, 1.000000000000000000 ) ) ;
#1094 = CARTESIAN_POINT ( 'NONE',  ( 0.000000000000000000, 0.000000000000000000, 245.5241746962600473 ) ) ;
#1095 = AXIS2_PLACEMENT_3D ( 'NONE', #5597, #8096, #5008 ) ;
#1096 = CIRCLE ( 'NONE', #5447, 1.649999999999998579 ) ;
#1097 = CARTESIAN_POINT ( 'NONE',  ( 50.00000000000000000, -93.75000000000008527, 230.0000000000000000 ) ) ;
#1098 = DIRECTION ( 'NONE',  ( 1.000000000000000000, 0.000000000000000000, 0.000000000000000000 ) ) ;
#1099 = CONTEXT_DEPENDENT_SHAPE_REPRESENTATION ( #4149, #180 ) ;
#1100 = ORIENTED_EDGE ( 'NONE', *, *, #1170, .T. ) ;
#1101 = EDGE_LOOP ( 'NONE', ( #1749, #547, #663, #6595 ) ) ;
#1102 = CIRCLE ( 'NONE', #7011, 2.000000000000000000 ) ;
#1103 = LINE ( 'NONE', #4888, #980 ) ;
#1104 = AXIS2_PLACEMENT_3D ( 'NONE', #7710, #5773, #7665 ) ;
#1105 = ORIENTED_EDGE ( 'NONE', *, *, #5187, .T. ) ;
#1106 = CARTESIAN_POINT ( 'NONE',  ( 90.00000000000000000, -12.49999999999999822, 210.0000000000000284 ) ) ;
#1107 = CYLINDRICAL_SURFACE ( 'NONE', #6816, 44.50000000000000711 ) ;
#1108 = EDGE_CURVE ( 'NONE', #5997, #4328, #7565, .T. ) ;
#1109 = CARTESIAN_POINT ( 'NONE',  ( 90.00000000000000000, 12.49999999999999822, 210.0000000000000284 ) ) ;
#1110 = VECTOR ( 'NONE', #2440, 1000.000000000000000 ) ;
#1111 = LINE ( 'NONE', #2992, #4098 ) ;
#1112 = AXIS2_PLACEMENT_3D ( 'NONE', #7112, #3396, #934 ) ;
#1113 = CARTESIAN_POINT ( 'NONE',  ( 0.000000000000000000, 0.000000000000000000, 0.000000000000000000 ) ) ;
#1114 = DIRECTION ( 'NONE',  ( 0.000000000000000000, 0.000000000000000000, -1.000000000000000000 ) ) ;
#1115 = VERTEX_POINT ( 'NONE', #1189 ) ;
#1116 = EDGE_CURVE ( 'NONE', #5677, #1298, #6610, .T. ) ;
#1117 = VERTEX_POINT ( 'NONE', #3696 ) ;
#1118 = ADVANCED_FACE ( 'NONE', ( #3772 ), #5674, .F. ) ;
#1119 = FACE_OUTER_BOUND ( 'NONE', #489, .T. ) ;
#1120 = VECTOR ( 'NONE', #3552, 1000.000000000000000 ) ;
#1121 = ORIENTED_EDGE ( 'NONE', *, *, #7411, .F. ) ;
#1122 = CARTESIAN_POINT ( 'NONE',  ( 21.00000000000000000, 29.80000000000000426, 0.000000000000000000 ) ) ;
#1123 = EDGE_CURVE ( 'NONE', #2223, #1827, #7520, .T. ) ;
#1124 = DIRECTION ( 'NONE',  ( 0.000000000000000000, 0.000000000000000000, 1.000000000000000000 ) ) ;
#1125 = VERTEX_POINT ( 'NONE', #2535 ) ;
#1126 = CARTESIAN_POINT ( 'NONE',  ( 0.000000000000000000, 0.000000000000000000, 230.0000000000000000 ) ) ;
#1127 = ORIENTED_EDGE ( 'NONE', *, *, #1203, .F. ) ;
#1128 = LINE ( 'NONE', #2176, #3810 ) ;
#1129 = EDGE_CURVE ( 'NONE', #5810, #648, #6222, .T. ) ;
#1130 = LINE ( 'NONE', #5583, #7916 ) ;
#1131 = DIRECTION ( 'NONE',  ( -0.000000000000000000, 0.000000000000000000, 1.000000000000000000 ) ) ;
#1132 = DIRECTION ( 'NONE',  ( -1.000000000000000000, -0.000000000000000000, -0.000000000000000000 ) ) ;
#1133 = CARTESIAN_POINT ( 'NONE',  ( 24.00000000000000000, -1.999999999999997335, 7.218039900139097576 ) ) ;
#1134 = ORIENTED_EDGE ( 'NONE', *, *, #7051, .F. ) ;
#1135 = ORIENTED_EDGE ( 'NONE', *, *, #1347, .T. ) ;
#1136 = DIRECTION ( 'NONE',  ( -1.000000000000000000, 2.168404344971008868E-16, 0.000000000000000000 ) ) ;
#1137 = CARTESIAN_POINT ( 'NONE',  ( 0.000000000000000000, 0.000000000000000000, 0.000000000000000000 ) ) ;
#1138 = CARTESIAN_POINT ( 'NONE',  ( 0.000000000000000000, 22.19999999999999929, 0.000000000000000000 ) ) ;
#1139 = CARTESIAN_POINT ( 'NONE',  ( 1.999999999999999112, 10.00000000000000000, 4.582575694955840717 ) ) ;
#1140 = FACE_OUTER_BOUND ( 'NONE', #6702, .T. ) ;
#1141 = SHAPE_DEFINITION_REPRESENTATION ( #5193, #5165 ) ;
#1142 = ORIENTED_EDGE ( 'NONE', *, *, #2198, .T. ) ;
#1143 = ORIENTED_EDGE ( 'NONE', *, *, #5191, .T. ) ;
#1144 = CARTESIAN_POINT ( 'NONE',  ( 1.999999999999999112, 0.000000000000000000, 4.582575694955840717 ) ) ;
#1145 = ORIENTED_EDGE ( 'NONE', *, *, #5934, .F. ) ;
#1146 = CARTESIAN_POINT ( 'NONE',  ( 0.000000000000000000, 10.00000000000000000, 0.000000000000000000 ) ) ;
#1147 = CARTESIAN_POINT ( 'NONE',  ( 0.000000000000000000, 6.110987527745298447E-16, -4.990000000000004654 ) ) ;
#1148 = CARTESIAN_POINT ( 'NONE',  ( 60.00000000000001421, 0.000000000000000000, 115.0000000000000000 ) ) ;
#1149 = CARTESIAN_POINT ( 'NONE',  ( 54.00000000000000000, 6.110987527745300420E-16, -4.990000000000006430 ) ) ;
#1150 = FACE_OUTER_BOUND ( 'NONE', #4704, .T. ) ;
#1151 = DIRECTION ( 'NONE',  ( 0.000000000000000000, -1.000000000000000000, 0.000000000000000000 ) ) ;
#1152 = ORIENTED_EDGE ( 'NONE', *, *, #7914, .T. ) ;
#1153 = ORIENTED_EDGE ( 'NONE', *, *, #4220, .T. ) ;
#1154 = PLANE ( 'NONE',  #7212 ) ;
#1155 = ORIENTED_EDGE ( 'NONE', *, *, #901, .T. ) ;
#1156 = EDGE_CURVE ( 'NONE', #449, #902, #1875, .T. ) ;
#1157 = CARTESIAN_POINT ( 'NONE',  ( 14.00000000000000000, -1.999999999999997335, 7.218039900139097576 ) ) ;
#1158 = EDGE_CURVE ( 'NONE', #3948, #6030, #602, .T. ) ;
#1159 = CARTESIAN_POINT ( 'NONE',  ( 26.00000000000000355, 9.172604525613680109E-16, -7.490000000000003766 ) ) ;
#1160 = EDGE_CURVE ( 'NONE', #55, #1706, #2784, .T. ) ;
#1161 = EDGE_CURVE ( 'NONE', #7382, #1165, #5638, .T. ) ;
#1162 = EDGE_LOOP ( 'NONE', ( #7450, #4948 ) ) ;
#1163 = VECTOR ( 'NONE', #2833, 1000.000000000000000 ) ;
#1164 = CYLINDRICAL_SURFACE ( 'NONE', #4572, 5.000000000000000000 ) ;
#1165 = VERTEX_POINT ( 'NONE', #680 ) ;
#1166 = DIRECTION ( 'NONE',  ( 1.000000000000000000, 2.168404344971008868E-16, 0.000000000000000000 ) ) ;
#1167 = CARTESIAN_POINT ( 'NONE',  ( 0.000000000000000000, 4.600000000000003197, 44.50000000000000711 ) ) ;
#1168 = PRODUCT_DEFINITION_CONTEXT ( 'detailed design', #4032, 'design' ) ;
#1169 = AXIS2_PLACEMENT_3D ( 'NONE', #2913, #8029, #2375 ) ;
#1170 = EDGE_CURVE ( 'NONE', #902, #1423, #3195, .T. ) ;
#1171 = DIRECTION ( 'NONE',  ( -0.000000000000000000, -1.000000000000000000, -0.000000000000000000 ) ) ;
#1172 = DIRECTION ( 'NONE',  ( 0.000000000000000000, 0.000000000000000000, 1.000000000000000000 ) ) ;
#1173 = VERTEX_POINT ( 'NONE', #5095 ) ;
#1174 = AXIS2_PLACEMENT_3D ( 'NONE', #5194, #274, #6549 ) ;
#1175 = ORIENTED_EDGE ( 'NONE', *, *, #7794, .F. ) ;
#1176 = FACE_OUTER_BOUND ( 'NONE', #3993, .T. ) ;
#1177 = CARTESIAN_POINT ( 'NONE',  ( 39.50000000000000000, 0.000000000000000000, 0.000000000000000000 ) ) ;
#1178 = CARTESIAN_POINT ( 'NONE',  ( 0.000000000000000000, 26.60000000000000142, 44.50000000000000711 ) ) ;
#1179 = DIRECTION ( 'NONE',  ( 0.000000000000000000, 0.000000000000000000, 1.000000000000000000 ) ) ;
#1180 = CARTESIAN_POINT ( 'NONE',  ( -11.31370849898474162, 2.399999999999999467, 12.96370849898477928 ) ) ;
#1181 = CIRCLE ( 'NONE', #5120, 4.990000000000004654 ) ;
#1182 = CONICAL_SURFACE ( 'NONE', #5785, 45.00000000000000711, 0.7853981633974514986 ) ;
#1183 = ORIENTED_EDGE ( 'NONE', *, *, #2304, .T. ) ;
#1184 = DIRECTION ( 'NONE',  ( 0.000000000000000000, 0.000000000000000000, -1.000000000000000000 ) ) ;
#1185 = ORIENTED_EDGE ( 'NONE', *, *, #4147, .T. ) ;
#1186 = CYLINDRICAL_SURFACE ( 'NONE', #2477, 44.50000000000000711 ) ;
#1187 = CIRCLE ( 'NONE', #5788, 4.790000000000001812 ) ;
#1188 = CARTESIAN_POINT ( 'NONE',  ( 5.449678256205721981E-15, 26.60000000000000142, -44.50000000000000711 ) ) ;
#1189 = CARTESIAN_POINT ( 'NONE',  ( 90.00000000000000000, -12.49999999999999822, 20.00000000000000000 ) ) ;
#1190 = LINE ( 'NONE', #6382, #6750 ) ;
#1191 = VERTEX_POINT ( 'NONE', #7600 ) ;
#1192 = DIRECTION ( 'NONE',  ( 0.000000000000000000, 0.000000000000000000, 1.000000000000000000 ) ) ;
#1193 = ORIENTED_EDGE ( 'NONE', *, *, #6196, .T. ) ;
#1194 = DIRECTION ( 'NONE',  ( 0.000000000000000000, 0.000000000000000000, -1.000000000000000000 ) ) ;
#1195 = EDGE_LOOP ( 'NONE', ( #7448, #6473, #7964, #4727 ) ) ;
#1196 = CARTESIAN_POINT ( 'NONE',  ( -1.999999999999999112, 10.00000000000000000, 4.582575694955840717 ) ) ;
#1197 = EDGE_CURVE ( 'NONE', #193, #3590, #1945, .T. ) ;
#1198 = ORIENTED_EDGE ( 'NONE', *, *, #2421, .T. ) ;
#1199 = DIRECTION ( 'NONE',  ( -0.000000000000000000, 1.000000000000000000, -0.000000000000000000 ) ) ;
#1200 = VERTEX_POINT ( 'NONE', #727 ) ;
#1201 = FACE_OUTER_BOUND ( 'NONE', #6941, .T. ) ;
#1202 = DIRECTION ( 'NONE',  ( 0.000000000000000000, -1.000000000000000000, 0.000000000000000000 ) ) ;
#1203 = EDGE_CURVE ( 'NONE', #2840, #4657, #1791, .T. ) ;
#1204 = DIRECTION ( 'NONE',  ( -0.000000000000000000, -1.000000000000000000, -0.000000000000000000 ) ) ;
#1205 = CARTESIAN_POINT ( 'NONE',  ( 90.00000000000000000, 0.000000000000000000, 210.0000000000000284 ) ) ;
#1206 = ORIENTED_EDGE ( 'NONE', *, *, #920, .T. ) ;
#1207 = AXIS2_PLACEMENT_3D ( 'NONE', #7048, #6358, #6924 ) ;
#1208 = ORIENTED_EDGE ( 'NONE', *, *, #1170, .F. ) ;
#1209 = PLANE ( 'NONE',  #6962 ) ;
#1210 = DIRECTION ( 'NONE',  ( -1.000000000000000000, -0.000000000000000000, -0.000000000000000000 ) ) ;
#1211 = AXIS2_PLACEMENT_3D ( 'NONE', #7165, #5930, #5316 ) ;
#1212 = CARTESIAN_POINT ( 'NONE',  ( -16.00000000000000000, 10.00000000000000000, -1.650000000000110489 ) ) ;
#1213 = CARTESIAN_POINT ( 'NONE',  ( 0.000000000000000000, 2.000000000000002665, -7.218039900139096687 ) ) ;
#1214 = ADVANCED_FACE ( 'NONE', ( #2732 ), #7766, .F. ) ;
#1215 = CARTESIAN_POINT ( 'NONE',  ( 29.50000000000000000, 0.000000000000000000, 0.000000000000000000 ) ) ;
#1216 = AXIS2_PLACEMENT_3D ( 'NONE', #804, #6506, #5262 ) ;
#1217 = VERTEX_POINT ( 'NONE', #2026 ) ;
#1218 = DIRECTION ( 'NONE',  ( -0.000000000000000000, 1.000000000000000000, 0.000000000000000000 ) ) ;
#1219 = ORIENTED_EDGE ( 'NONE', *, *, #7140, .T. ) ;
#1220 = CARTESIAN_POINT ( 'NONE',  ( 14.00000000000000000, 2.000000000000002665, 7.228416147400479552 ) ) ;
#1221 = AXIS2_PLACEMENT_3D ( 'NONE', #2263, #7341, #6122 ) ;
#1222 = CIRCLE ( 'NONE', #2526, 1.649999999999998801 ) ;
#1223 = LINE ( 'NONE', #4515, #3059 ) ;
#1224 = EDGE_CURVE ( 'NONE', #5873, #7947, #1977, .T. ) ;
#1225 = DIRECTION ( 'NONE',  ( 0.000000000000000000, 0.000000000000000000, 1.000000000000000000 ) ) ;
#1226 = CARTESIAN_POINT ( 'NONE',  ( 11.76470588235293668, 22.05882352941176805, 0.000000000000000000 ) ) ;
#1227 = CIRCLE ( 'NONE', #169, 5.000000000000000000 ) ;
#1228 = AXIS2_PLACEMENT_3D ( 'NONE', #3728, #5628, #3844 ) ;
#1229 = EDGE_LOOP ( 'NONE', ( #128, #7548, #5041, #1540 ) ) ;
#1230 = CYLINDRICAL_SURFACE ( 'NONE', #2136, 18.00000000000000355 ) ;
#1231 = VERTEX_POINT ( 'NONE', #3975 ) ;
#1232 = CYLINDRICAL_SURFACE ( 'NONE', #5902, 4.790000000000006253 ) ;
#1233 = CIRCLE ( 'NONE', #7020, 1.999999999999998224 ) ;
#1234 = DIRECTION ( 'NONE',  ( 0.000000000000000000, 0.000000000000000000, 1.000000000000000000 ) ) ;
#1235 = VECTOR ( 'NONE', #391, 1000.000000000000000 ) ;
#1236 = VERTEX_POINT ( 'NONE', #5836 ) ;
#1237 = FACE_OUTER_BOUND ( 'NONE', #2617, .T. ) ;
#1238 = VERTEX_POINT ( 'NONE', #2153 ) ;
#1239 = DIRECTION ( 'NONE',  ( -0.000000000000000000, -1.000000000000000000, -0.000000000000000000 ) ) ;
#1240 = CARTESIAN_POINT ( 'NONE',  ( 0.000000000000000000, 17.80000000000000071, 0.000000000000000000 ) ) ;
#1241 = CIRCLE ( 'NONE', #716, 18.00000000000000355 ) ;
#1242 = FACE_OUTER_BOUND ( 'NONE', #5192, .T. ) ;
#1243 = CARTESIAN_POINT ( 'NONE',  ( 113.3000000000000114, 2.000000000000000000, -4.582575694955840717 ) ) ;
#1244 = ORIENTED_EDGE ( 'NONE', *, *, #2086, .T. ) ;
#1245 = ADVANCED_FACE ( 'NONE', ( #1981 ), #6461, .T. ) ;
#1246 = ORIENTED_EDGE ( 'NONE', *, *, #2001, .F. ) ;
#1247 = DIRECTION ( 'NONE',  ( -1.000000000000000000, -0.000000000000000000, -0.000000000000000000 ) ) ;
#1248 = EDGE_LOOP ( 'NONE', ( #1524, #4715 ) ) ;
#1249 = CARTESIAN_POINT ( 'NONE',  ( -25.00000000000000000, 0.000000000000000000, 210.0000000000000284 ) ) ;
#1250 = ADVANCED_FACE ( 'NONE', ( #6542 ), #1534, .T. ) ;
#1251 = DIRECTION ( 'NONE',  ( -0.000000000000000000, 1.000000000000000000, -0.000000000000000000 ) ) ;
#1252 = ADVANCED_FACE ( 'NONE', ( #850 ), #1501, .T. ) ;
#1253 = EDGE_CURVE ( 'NONE', #2684, #3459, #6095, .T. ) ;
#1254 = VERTEX_POINT ( 'NONE', #4597 ) ;
#1255 = DIRECTION ( 'NONE',  ( 0.000000000000000000, 0.000000000000000000, 1.000000000000000000 ) ) ;
#1256 = EDGE_LOOP ( 'NONE', ( #3223, #2299, #6164, #1127 ) ) ;
#1257 = CARTESIAN_POINT ( 'NONE',  ( 50.00000000000002842, 12.49999999999999645, 230.0000000000000000 ) ) ;
#1258 = DIRECTION ( 'NONE',  ( -0.000000000000000000, -0.000000000000000000, 1.000000000000000000 ) ) ;
#1259 = CARTESIAN_POINT ( 'NONE',  ( 0.000000000000000000, -10.77032961426900748, 0.000000000000000000 ) ) ;
#1260 = CARTESIAN_POINT ( 'NONE',  ( 11.31370849898474162, 0.000000000000000000, 12.96370849898478284 ) ) ;
#1261 = EDGE_LOOP ( 'NONE', ( #3039, #799, #2411, #5780 ) ) ;
#1262 = CYLINDRICAL_SURFACE ( 'NONE', #178, 45.00000000000000711 ) ;
#1263 = ORIENTED_EDGE ( 'NONE', *, *, #651, .T. ) ;
#1264 = DIRECTION ( 'NONE',  ( 0.000000000000000000, 0.000000000000000000, 1.000000000000000000 ) ) ;
#1265 = CYLINDRICAL_SURFACE ( 'NONE', #4071, 1.649999999999998579 ) ;
#1266 = ORIENTED_EDGE ( 'NONE', *, *, #5685, .F. ) ;
#1267 = DIRECTION ( 'NONE',  ( 0.000000000000000000, 0.000000000000000000, -1.000000000000000000 ) ) ;
#1268 = CIRCLE ( 'NONE', #5503, 35.00000000000000000 ) ;
#1269 = EDGE_LOOP ( 'NONE', ( #1577, #875, #6484, #3881, #4430, #6665 ) ) ;
#1270 = LINE ( 'NONE', #5772, #1590 ) ;
#1271 = CARTESIAN_POINT ( 'NONE',  ( 0.000000000000000000, 13.40000000000000213, -45.00000000000000711 ) ) ;
#1272 = CARTESIAN_POINT ( 'NONE',  ( 14.00000000000000000, 0.000000000000000000, 0.000000000000000000 ) ) ;
#1273 = CARTESIAN_POINT ( 'NONE',  ( 0.000000000000000000, 10.00000000000000000, 0.000000000000000000 ) ) ;
#1274 = VERTEX_POINT ( 'NONE', #187 ) ;
#1275 = EDGE_LOOP ( 'NONE', ( #4803, #5516 ) ) ;
#1276 = EDGE_LOOP ( 'NONE', ( #963, #1315, #8015, #5213 ) ) ;
#1277 = CARTESIAN_POINT ( 'NONE',  ( 24.00000000000000000, 2.000000000000002665, -7.218039900139096687 ) ) ;
#1278 = CIRCLE ( 'NONE', #6563, 44.50000000000000711 ) ;
#1279 = ORIENTED_EDGE ( 'NONE', *, *, #1013, .F. ) ;
#1280 = DIRECTION ( 'NONE',  ( 0.000000000000000000, -1.000000000000000000, 0.000000000000000000 ) ) ;
#1281 = FACE_OUTER_BOUND ( 'NONE', #58, .T. ) ;
#1282 = PRODUCT ( 'MotorShell', 'MotorShell', '', ( #6511 ) ) ;
#1283 = AXIS2_PLACEMENT_3D ( 'NONE', #4607, #7114, #1461 ) ;
#1284 = EDGE_CURVE ( 'NONE', #5671, #2508, #1735, .T. ) ;
#1285 = VERTEX_POINT ( 'NONE', #2614 ) ;
#1286 = FACE_OUTER_BOUND ( 'NONE', #4390, .T. ) ;
#1287 = ORIENTED_EDGE ( 'NONE', *, *, #2616, .T. ) ;
#1288 = ADVANCED_FACE ( 'NONE', ( #7727 ), #1417, .T. ) ;
#1289 = CARTESIAN_POINT ( 'NONE',  ( -21.00000000000000000, 34.20000000000000284, -1.466422162314116009E-13 ) ) ;
#1290 = DIRECTION ( 'NONE',  ( 0.000000000000000000, 0.000000000000000000, 1.000000000000000000 ) ) ;
#1291 = AXIS2_PLACEMENT_3D ( 'NONE', #7598, #63, #1872 ) ;
#1292 = CARTESIAN_POINT ( 'NONE',  ( 24.00000000000000000, 0.000000000000000000, 0.000000000000000000 ) ) ;
#1293 = ADVANCED_FACE ( 'NONE', ( #2067, #223 ), #7109, .F. ) ;
#1294 = DIRECTION ( 'NONE',  ( -1.000000000000000000, -0.000000000000000000, -0.000000000000000000 ) ) ;
#1295 = VERTEX_POINT ( 'NONE', #1378 ) ;
#1296 = DIRECTION ( 'NONE',  ( -0.000000000000000000, -1.000000000000000000, -0.000000000000000000 ) ) ;
#1297 = VECTOR ( 'NONE', #7335, 1000.000000000000000 ) ;
#1298 = VERTEX_POINT ( 'NONE', #5920 ) ;
#1299 = DIRECTION ( 'NONE',  ( 0.000000000000000000, 0.000000000000000000, 1.000000000000000000 ) ) ;
#1300 = ADVANCED_FACE ( 'NONE', ( #5303 ), #7809, .T. ) ;
#1301 = LINE ( 'NONE', #4483, #6554 ) ;
#1302 = FACE_OUTER_BOUND ( 'NONE', #7623, .T. ) ;
#1303 = CARTESIAN_POINT ( 'NONE',  ( -2.000000000000000000, -4.582575694955840717, 0.000000000000000000 ) ) ;
#1304 = CIRCLE ( 'NONE', #2357, 4.790000000000000924 ) ;
#1305 = EDGE_CURVE ( 'NONE', #230, #5735, #4557, .T. ) ;
#1306 = ORIENTED_EDGE ( 'NONE', *, *, #5685, .T. ) ;
#1307 = CARTESIAN_POINT ( 'NONE',  ( 14.00000000000000000, 0.000000000000000000, 0.000000000000000000 ) ) ;
#1308 = ORIENTED_EDGE ( 'NONE', *, *, #4684, .F. ) ;
#1309 = DIRECTION ( 'NONE',  ( -0.000000000000000000, 1.000000000000000000, -0.000000000000000000 ) ) ;
#1310 = PLANE ( 'NONE',  #7149 ) ;
#1311 = EDGE_CURVE ( 'NONE', #7584, #7856, #3187, .T. ) ;
#1312 = DIRECTION ( 'NONE',  ( -1.000000000000000000, -0.000000000000000000, -0.000000000000000000 ) ) ;
#1313 = FACE_BOUND ( 'NONE', #1675, .T. ) ;
#1314 = ORIENTED_EDGE ( 'NONE', *, *, #142, .F. ) ;
#1315 = ORIENTED_EDGE ( 'NONE', *, *, #5541, .T. ) ;
#1316 = ORIENTED_EDGE ( 'NONE', *, *, #452, .F. ) ;
#1317 = CARTESIAN_POINT ( 'NONE',  ( 14.00000000000000000, -1.999999999999997335, 7.228416147400479552 ) ) ;
#1318 = VERTEX_POINT ( 'NONE', #764 ) ;
#1319 = FACE_BOUND ( 'NONE', #3487, .T. ) ;
#1320 = STYLED_ITEM ( 'NONE', ( #531 ), #1723 ) ;
#1321 = CARTESIAN_POINT ( 'NONE',  ( 0.000000000000000000, 31.00000000000000355, -45.00000000000000711 ) ) ;
#1322 = VECTOR ( 'NONE', #3329, 1000.000000000000000 ) ;
#1323 = ORIENTED_EDGE ( 'NONE', *, *, #590, .T. ) ;
#1324 = FACE_OUTER_BOUND ( 'NONE', #2958, .T. ) ;
#1325 = VECTOR ( 'NONE', #6552, 1000.000000000000000 ) ;
#1326 = EDGE_LOOP ( 'NONE', ( #2976, #4470, #4061, #5278, #6898, #7495, #5994 ) ) ;
#1327 = DIRECTION ( 'NONE',  ( 0.000000000000000000, 0.000000000000000000, 1.000000000000000000 ) ) ;
#1328 = FACE_OUTER_BOUND ( 'NONE', #2039, .T. ) ;
#1329 = AXIS2_PLACEMENT_3D ( 'NONE', #4434, #3080, #6947 ) ;
#1330 = CIRCLE ( 'NONE', #1080, 4.790000000000006253 ) ;
#1331 = ADVANCED_FACE ( 'NONE', ( #3571 ), #6184, .T. ) ;
#1332 = DIRECTION ( 'NONE',  ( 1.000000000000000000, 0.000000000000000000, 0.000000000000000000 ) ) ;
#1333 = CARTESIAN_POINT ( 'NONE',  ( 1.675911042644704011E-13, 0.000000000000000000, -15.99999999999999645 ) ) ;
#1334 = AXIS2_PLACEMENT_3D ( 'NONE', #4843, #5426, #7932 ) ;
#1335 = ORIENTED_EDGE ( 'NONE', *, *, #1792, .F. ) ;
#1336 = AXIS2_PLACEMENT_3D ( 'NONE', #2691, #5125, #7061 ) ;
#1337 = LINE ( 'NONE', #3155, #3460 ) ;
#1338 = ORIENTED_EDGE ( 'NONE', *, *, #3924, .T. ) ;
#1339 = PLANE ( 'NONE',  #6433 ) ;
#1340 = ADVANCED_FACE ( 'NONE', ( #5795 ), #5181, .F. ) ;
#1341 = AXIS2_PLACEMENT_3D ( 'NONE', #4306, #4967, #6825 ) ;
#1342 = FACE_OUTER_BOUND ( 'NONE', #7763, .T. ) ;
#1343 = FACE_BOUND ( 'NONE', #69, .T. ) ;
#1344 = AXIS2_PLACEMENT_3D ( 'NONE', #4711, #1171, #660 ) ;
#1345 =( NAMED_UNIT ( * ) SI_UNIT ( $, .STERADIAN. ) SOLID_ANGLE_UNIT ( ) );
#1346 = VECTOR ( 'NONE', #7587, 1000.000000000000000 ) ;
#1347 = EDGE_CURVE ( 'NONE', #7732, #3086, #2655, .T. ) ;
#1348 = EDGE_CURVE ( 'NONE', #6489, #4878, #1054, .T. ) ;
#1349 = EDGE_LOOP ( 'NONE', ( #856, #7673, #2487, #713 ) ) ;
#1350 = DIRECTION ( 'NONE',  ( -0.000000000000000000, -1.000000000000000000, 0.000000000000000000 ) ) ;
#1351 = VECTOR ( 'NONE', #2742, 1000.000000000000000 ) ;
#1352 = AXIS2_PLACEMENT_3D ( 'NONE', #2676, #120, #3294 ) ;
#1353 = EDGE_CURVE ( 'NONE', #6897, #2438, #690, .T. ) ;
#1354 = VERTEX_POINT ( 'NONE', #2358 ) ;
#1355 = CARTESIAN_POINT ( 'NONE',  ( 2.999999999999998224, 34.20000000000000284, 25.00000000000000000 ) ) ;
#1356 = DIRECTION ( 'NONE',  ( 0.000000000000000000, 0.000000000000000000, -1.000000000000000000 ) ) ;
#1357 = PRODUCT_DEFINITION_SHAPE ( 'NONE', 'NONE',  #8156 ) ;
#1358 = CARTESIAN_POINT ( 'NONE',  ( 0.000000000000000000, 2.000000000000000000, -4.571662717217892968 ) ) ;
#1359 = AXIS2_PLACEMENT_3D ( 'NONE', #3768, #723, #1255 ) ;
#1360 = FACE_OUTER_BOUND ( 'NONE', #6023, .T. ) ;
#1361 = CARTESIAN_POINT ( 'NONE',  ( -5.586370142149013368E-14, 0.000000000000000000, 16.00000000000000000 ) ) ;
#1362 = VERTEX_POINT ( 'NONE', #4718 ) ;
#1363 = VERTEX_POINT ( 'NONE', #5383 ) ;
#1364 = EDGE_CURVE ( 'NONE', #3633, #7901, #7353, .T. ) ;
#1365 = ORIENTED_EDGE ( 'NONE', *, *, #4326, .T. ) ;
#1366 = LINE ( 'NONE', #3885, #2349 ) ;
#1367 = AXIS2_PLACEMENT_3D ( 'NONE', #7910, #5369, #2797 ) ;
#1368 = AXIS2_PLACEMENT_3D ( 'NONE', #1795, #1067, #7365 ) ;
#1369 = VERTEX_POINT ( 'NONE', #1574 ) ;
#1370 = CARTESIAN_POINT ( 'NONE',  ( 0.000000000000000000, 0.000000000000000000, 0.000000000000000000 ) ) ;
#1371 = CARTESIAN_POINT ( 'NONE',  ( -7.332110811570580046E-14, 34.20000000000000284, 21.00000000000000000 ) ) ;
#1372 =( GEOMETRIC_REPRESENTATION_CONTEXT ( 3 ) GLOBAL_UNCERTAINTY_ASSIGNED_CONTEXT ( ( #4372 ) ) GLOBAL_UNIT_ASSIGNED_CONTEXT ( ( #6384, #683, #2577 ) ) REPRESENTATION_CONTEXT ( 'NONE', 'WORKASPACE' ) );
#1373 = VERTEX_POINT ( 'NONE', #6130 ) ;
#1374 = CARTESIAN_POINT ( 'NONE',  ( 39.50000000000000000, 0.000000000000000000, 0.000000000000000000 ) ) ;
#1375 = ORIENTED_EDGE ( 'NONE', *, *, #3516, .T. ) ;
#1376 = CARTESIAN_POINT ( 'NONE',  ( 0.000000000000000000, 2.399999999999999467, 0.000000000000000000 ) ) ;
#1377 = CARTESIAN_POINT ( 'NONE',  ( 11.31370849898482156, 7.066904755831209251, 11.31370849898470077 ) ) ;
#1378 = CARTESIAN_POINT ( 'NONE',  ( 103.3000000000000114, -2.000000000000000000, -4.571662717217892968 ) ) ;
#1379 = DIRECTION ( 'NONE',  ( 0.000000000000000000, 0.000000000000000000, 1.000000000000000000 ) ) ;
#1380 =( LENGTH_UNIT ( ) NAMED_UNIT ( * ) SI_UNIT ( .MILLI., .METRE. ) );
#1381 = ORIENTED_EDGE ( 'NONE', *, *, #1462, .F. ) ;
#1382 = ADVANCED_FACE ( 'NONE', ( #3480 ), #2943, .T. ) ;
#1383 = DIRECTION ( 'NONE',  ( 0.000000000000000000, 0.000000000000000000, -1.000000000000000000 ) ) ;
#1384 = EDGE_LOOP ( 'NONE', ( #7633, #6231, #5025, #6645 ) ) ;
#1385 = CARTESIAN_POINT ( 'NONE',  ( 1.999999999999999112, -4.582575694955839829, 210.0000000000000284 ) ) ;
#1386 = CARTESIAN_POINT ( 'NONE',  ( 4.000000000000000000, 0.000000000000000000, -4.990000000000001101 ) ) ;
#1387 = CARTESIAN_POINT ( 'NONE',  ( 21.00000000000000000, 34.20000000000000284, 0.000000000000000000 ) ) ;
#1388 = CYLINDRICAL_SURFACE ( 'NONE', #1211, 1.649999999999998579 ) ;
#1389 = FACE_OUTER_BOUND ( 'NONE', #6571, .T. ) ;
#1390 = ORIENTED_EDGE ( 'NONE', *, *, #6272, .T. ) ;
#1391 = EDGE_CURVE ( 'NONE', #4014, #6099, #385, .T. ) ;
#1392 = DIRECTION ( 'NONE',  ( 0.000000000000000000, 1.000000000000000000, 0.000000000000000000 ) ) ;
#1393 = EDGE_LOOP ( 'NONE', ( #7505, #6601, #7814, #5343 ) ) ;
#1394 = EDGE_CURVE ( 'NONE', #2922, #3473, #3978, .T. ) ;
#1395 = DIRECTION ( 'NONE',  ( -0.000000000000000000, -0.000000000000000000, 1.000000000000000000 ) ) ;
#1396 = CARTESIAN_POINT ( 'NONE',  ( 2.999999999999998224, 29.80000000000000426, -23.00000000000000000 ) ) ;
#1397 = EDGE_CURVE ( 'NONE', #5957, #3126, #8057, .T. ) ;
#1398 = CARTESIAN_POINT ( 'NONE',  ( 11.31370849898482156, -2.500000000000000000, 11.31370849898470077 ) ) ;
#1399 = EDGE_CURVE ( 'NONE', #6539, #6021, #5696, .T. ) ;
#1400 = DIRECTION ( 'NONE',  ( 1.000000000000000000, 0.000000000000000000, 0.000000000000000000 ) ) ;
#1401 = FACE_BOUND ( 'NONE', #1805, .T. ) ;
#1402 = ORIENTED_EDGE ( 'NONE', *, *, #7302, .F. ) ;
#1403 = ORIENTED_EDGE ( 'NONE', *, *, #2382, .T. ) ;
#1404 = VERTEX_POINT ( 'NONE', #4267 ) ;
#1405 = LINE ( 'NONE', #7675, #7493 ) ;
#1406 = ADVANCED_FACE ( 'NONE', ( #7886 ), #1620, .F. ) ;
#1407 = ORIENTED_EDGE ( 'NONE', *, *, #8010, .F. ) ;
#1408 = CARTESIAN_POINT ( 'NONE',  ( 6.999999999999998224, 34.20000000000000284, 18.73499399519520026 ) ) ;
#1409 = VECTOR ( 'NONE', #1350, 1000.000000000000000 ) ;
#1410 = DIRECTION ( 'NONE',  ( 0.000000000000000000, 0.000000000000000000, -1.000000000000000000 ) ) ;
#1411 = ORIENTED_EDGE ( 'NONE', *, *, #8103, .T. ) ;
#1412 = CARTESIAN_POINT ( 'NONE',  ( 0.000000000000000000, 0.000000000000000000, 4.790000000000006253 ) ) ;
#1413 = AXIS2_PLACEMENT_3D ( 'NONE', #6594, #329, #1432 ) ;
#1414 = ORIENTED_EDGE ( 'NONE', *, *, #3475, .F. ) ;
#1415 = CARTESIAN_POINT ( 'NONE',  ( 11.31370849898482156, 7.066904755831209251, 12.96370849898469935 ) ) ;
#1416 = CARTESIAN_POINT ( 'NONE',  ( 0.000000000000000000, 9.000000000000001776, 0.000000000000000000 ) ) ;
#1417 = CYLINDRICAL_SURFACE ( 'NONE', #6755, 1.999999999999999556 ) ;
#1418 = DIRECTION ( 'NONE',  ( -0.000000000000000000, -1.000000000000000000, -0.000000000000000000 ) ) ;
#1419 = VECTOR ( 'NONE', #4161, 1000.000000000000000 ) ;
#1420 = ORIENTED_EDGE ( 'NONE', *, *, #642, .T. ) ;
#1421 = ORIENTED_EDGE ( 'NONE', *, *, #647, .T. ) ;
#1422 = PLANE ( 'NONE',  #7554 ) ;
#1423 = VERTEX_POINT ( 'NONE', #2227 ) ;
#1424 = PRODUCT ( 'Link3UpperShaft', 'Link3UpperShaft', '', ( #5554 ) ) ;
#1425 = DIRECTION ( 'NONE',  ( 0.000000000000000000, 0.000000000000000000, 1.000000000000000000 ) ) ;
#1426 = CARTESIAN_POINT ( 'NONE',  ( 4.000000000000000000, 5.866058167915824404E-16, -4.790000000000001812 ) ) ;
#1427 = DIRECTION ( 'NONE',  ( -0.000000000000000000, -1.000000000000000000, -0.000000000000000000 ) ) ;
#1428 = DIRECTION ( 'NONE',  ( -0.000000000000000000, -1.000000000000000000, -0.000000000000000000 ) ) ;
#1429 = AXIS2_PLACEMENT_3D ( 'NONE', #6417, #5177, #7147 ) ;
#1430 = ORIENTED_EDGE ( 'NONE', *, *, #33, .T. ) ;
#1431 = VECTOR ( 'NONE', #3501, 1000.000000000000000 ) ;
#1432 = DIRECTION ( 'NONE',  ( 0.000000000000000000, 0.000000000000000000, 1.000000000000000000 ) ) ;
#1433 = ORIENTED_EDGE ( 'NONE', *, *, #4026, .T. ) ;
#1434 = AXIS2_PLACEMENT_3D ( 'NONE', #6448, #5946, #5164 ) ;
#1435 = CARTESIAN_POINT ( 'NONE',  ( 0.000000000000000000, 31.00000000000000355, 44.50000000000000711 ) ) ;
#1436 = DIRECTION ( 'NONE',  ( 0.000000000000000000, 0.000000000000000000, 1.000000000000000000 ) ) ;
#1437 = EDGE_CURVE ( 'NONE', #1640, #76, #5958, .T. ) ;
#1438 = DIRECTION ( 'NONE',  ( 0.000000000000000000, 0.000000000000000000, 1.000000000000000000 ) ) ;
#1439 = DIRECTION ( 'NONE',  ( 0.000000000000000000, 1.000000000000000000, 0.000000000000000000 ) ) ;
#1440 = ORIENTED_EDGE ( 'NONE', *, *, #7240, .T. ) ;
#1441 = ORIENTED_EDGE ( 'NONE', *, *, #6400, .T. ) ;
#1442 = VERTEX_POINT ( 'NONE', #2853 ) ;
#1443 = CARTESIAN_POINT ( 'NONE',  ( 24.00000000000000000, 0.000000000000000000, 0.000000000000000000 ) ) ;
#1444 = EDGE_CURVE ( 'NONE', #6565, #5957, #4111, .T. ) ;
#1445 = ORIENTED_EDGE ( 'NONE', *, *, #7198, .T. ) ;
#1446 = CARTESIAN_POINT ( 'NONE',  ( 24.00000000000000000, 0.000000000000000000, 0.000000000000000000 ) ) ;
#1447 = CARTESIAN_POINT ( 'NONE',  ( -5.000000000000001776, 29.80000000000000426, 18.73499399519520026 ) ) ;
#1448 = ADVANCED_FACE ( 'NONE', ( #2982 ), #5965, .F. ) ;
#1449 = EDGE_CURVE ( 'NONE', #5249, #5123, #299, .T. ) ;
#1450 = VERTEX_POINT ( 'NONE', #1741 ) ;
#1451 = EDGE_LOOP ( 'NONE', ( #4105, #6651, #3817, #6476, #7970, #729 ) ) ;
#1452 = CARTESIAN_POINT ( 'NONE',  ( 11.31370849898490150, -4.666904755831215112, -12.96370849898462119 ) ) ;
#1453 = EDGE_CURVE ( 'NONE', #1827, #1285, #421, .T. ) ;
#1454 = CARTESIAN_POINT ( 'NONE',  ( 0.000000000000000000, 26.60000000000000142, 0.000000000000000000 ) ) ;
#1455 = DIRECTION ( 'NONE',  ( -1.000000000000000000, -0.000000000000000000, -0.000000000000000000 ) ) ;
#1456 = CARTESIAN_POINT ( 'NONE',  ( 29.50000000000000000, 0.000000000000000000, 0.000000000000000000 ) ) ;
#1457 = DIRECTION ( 'NONE',  ( 1.000000000000000000, 0.000000000000000000, 0.000000000000000000 ) ) ;
#1458 = VERTEX_POINT ( 'NONE', #976 ) ;
#1459 = CARTESIAN_POINT ( 'NONE',  ( 0.000000000000000000, 2.399999999999999467, 0.000000000000000000 ) ) ;
#1460 = VERTEX_POINT ( 'NONE', #6079 ) ;
#1461 = DIRECTION ( 'NONE',  ( 1.000000000000000000, 0.000000000000000000, 0.000000000000000000 ) ) ;
#1462 = EDGE_CURVE ( 'NONE', #2558, #2515, #5036, .T. ) ;
#1463 = AXIS2_PLACEMENT_3D ( 'NONE', #5359, #5890, #865 ) ;
#1464 = VECTOR ( 'NONE', #1239, 1000.000000000000000 ) ;
#1465 = DIRECTION ( 'NONE',  ( 0.000000000000000000, 0.000000000000000000, -1.000000000000000000 ) ) ;
#1466 = CARTESIAN_POINT ( 'NONE',  ( 5.510910596163090344E-15, 35.39999999999999858, 45.00000000000000711 ) ) ;
#1467 = DIRECTION ( 'NONE',  ( 0.000000000000000000, 0.000000000000000000, 1.000000000000000000 ) ) ;
#1468 = CIRCLE ( 'NONE', #550, 7.490000000000001990 ) ;
#1469 =( NAMED_UNIT ( * ) SI_UNIT ( $, .STERADIAN. ) SOLID_ANGLE_UNIT ( ) );
#1470 = AXIS2_PLACEMENT_3D ( 'NONE', #6462, #805, #7189 ) ;
#1471 = AXIS2_PLACEMENT_3D ( 'NONE', #1619, #383, #6661 ) ;
#1472 = ORIENTED_EDGE ( 'NONE', *, *, #1311, .T. ) ;
#1473 = CIRCLE ( 'NONE', #7796, 1.649999999999998579 ) ;
#1474 = LINE ( 'NONE', #2128, #3921 ) ;
#1475 = ORIENTED_EDGE ( 'NONE', *, *, #7994, .T. ) ;
#1476 = VECTOR ( 'NONE', #1904, 1000.000000000000000 ) ;
#1477 = DIRECTION ( 'NONE',  ( -1.000000000000000000, 0.000000000000000000, 0.000000000000000000 ) ) ;
#1478 = FILL_AREA_STYLE_COLOUR ( '', #4489 ) ;
#1479 = DIRECTION ( 'NONE',  ( 0.000000000000000000, -1.000000000000000000, 0.000000000000000000 ) ) ;
#1480 = DIRECTION ( 'NONE',  ( 0.000000000000000000, -1.000000000000000000, 0.000000000000000000 ) ) ;
#1481 = AXIS2_PLACEMENT_3D ( 'NONE', #1272, #6246, #4374 ) ;
#1482 = ORIENTED_EDGE ( 'NONE', *, *, #543, .T. ) ;
#1483 = AXIS2_PLACEMENT_3D ( 'NONE', #4171, #5540, #7377 ) ;
#1484 = VERTEX_POINT ( 'NONE', #6170 ) ;
#1485 = EDGE_LOOP ( 'NONE', ( #1652, #737 ) ) ;
#1486 = DIRECTION ( 'NONE',  ( -0.000000000000000000, 0.000000000000000000, -1.000000000000000000 ) ) ;
#1487 = DIRECTION ( 'NONE',  ( 0.000000000000000000, 1.000000000000000000, 0.000000000000000000 ) ) ;
#1488 = DIRECTION ( 'NONE',  ( -0.000000000000000000, -0.000000000000000000, 1.000000000000000000 ) ) ;
#1489 = AXIS2_PLACEMENT_3D ( 'NONE', #199, #1427, #4760 ) ;
#1490 = AXIS2_PLACEMENT_3D ( 'NONE', #3281, #5353, #7855 ) ;
#1491 = DIRECTION ( 'NONE',  ( 0.000000000000000000, 0.000000000000000000, 1.000000000000000000 ) ) ;
#1492 = ADVANCED_FACE ( 'NONE', ( #3730 ), #5814, .F. ) ;
#1493 = VERTEX_POINT ( 'NONE', #7472 ) ;
#1494 = VECTOR ( 'NONE', #2445, 1000.000000000000000 ) ;
#1495 = AXIS2_PLACEMENT_3D ( 'NONE', #3257, #4497, #4619 ) ;
#1496 = ORIENTED_EDGE ( 'NONE', *, *, #6807, .T. ) ;
#1497 = EDGE_CURVE ( 'NONE', #327, #2639, #1473, .T. ) ;
#1498 = DIRECTION ( 'NONE',  ( 1.000000000000000000, 0.000000000000000000, -0.000000000000000000 ) ) ;
#1499 = DIRECTION ( 'NONE',  ( 0.000000000000000000, 0.000000000000000000, 1.000000000000000000 ) ) ;
#1500 = ADVANCED_FACE ( 'NONE', ( #3645 ), #8050, .F. ) ;
#1501 = CYLINDRICAL_SURFACE ( 'NONE', #955, 4.990000000000004654 ) ;
#1502 = ADVANCED_FACE ( 'NONE', ( #552 ), #3911, .T. ) ;
#1503 = CARTESIAN_POINT ( 'NONE',  ( 26.00000000000000000, 0.000000000000000000, 0.000000000000000000 ) ) ;
#1504 = EDGE_CURVE ( 'NONE', #4537, #6286, #4247, .T. ) ;
#1505 = DIRECTION ( 'NONE',  ( -6.982912512110139858E-15, 1.000000000000000222, 4.787780336391421863E-26 ) ) ;
#1506 = ORIENTED_EDGE ( 'NONE', *, *, #1156, .T. ) ;
#1507 = ORIENTED_EDGE ( 'NONE', *, *, #1845, .F. ) ;
#1508 = CYLINDRICAL_SURFACE ( 'NONE', #1112, 2.000000000000000000 ) ;
#1509 = ORIENTED_EDGE ( 'NONE', *, *, #8010, .T. ) ;
#1510 = CARTESIAN_POINT ( 'NONE',  ( 2.199633243471174140E-13, 22.72893218813453231, -20.99999999999999645 ) ) ;
#1511 = DIRECTION ( 'NONE',  ( -0.000000000000000000, 1.000000000000000000, -0.000000000000000000 ) ) ;
#1512 = CARTESIAN_POINT ( 'NONE',  ( 4.999999999999998224, 34.20000000000000284, 25.00000000000000000 ) ) ;
#1513 = DIRECTION ( 'NONE',  ( -0.000000000000000000, 1.000000000000000000, -0.000000000000000000 ) ) ;
#1514 = ORIENTED_EDGE ( 'NONE', *, *, #2155, .T. ) ;
#1515 = CARTESIAN_POINT ( 'NONE',  ( -7.332110811570580046E-14, 34.20000000000000284, 23.50000000000000000 ) ) ;
#1516 = VERTEX_POINT ( 'NONE', #1139 ) ;
#1517 = FACE_BOUND ( 'NONE', #5507, .T. ) ;
#1518 = CARTESIAN_POINT ( 'NONE',  ( 0.000000000000000000, 5.866058167915823418E-16, -4.790000000000000924 ) ) ;
#1519 = DIRECTION ( 'NONE',  ( -0.000000000000000000, -1.000000000000000000, -0.000000000000000000 ) ) ;
#1520 = DIRECTION ( 'NONE',  ( 0.000000000000000000, 0.000000000000000000, -1.000000000000000000 ) ) ;
#1521 = ORIENTED_EDGE ( 'NONE', *, *, #7564, .T. ) ;
#1522 = VERTEX_POINT ( 'NONE', #121 ) ;
#1523 = DIRECTION ( 'NONE',  ( -1.000000000000000000, 0.000000000000000000, 0.000000000000000000 ) ) ;
#1524 = ORIENTED_EDGE ( 'NONE', *, *, #7491, .F. ) ;
#1525 = DIRECTION ( 'NONE',  ( 0.000000000000000000, 0.000000000000000000, 1.000000000000000000 ) ) ;
#1526 = ADVANCED_FACE ( 'NONE', ( #5007 ), #3295, .T. ) ;
#1527 = LINE ( 'NONE', #5912, #7798 ) ;
#1528 = CARTESIAN_POINT ( 'NONE',  ( 0.000000000000000000, 2.000000000000002665, 7.218039900139096687 ) ) ;
#1529 = ORIENTED_EDGE ( 'NONE', *, *, #204, .T. ) ;
#1530 = VERTEX_POINT ( 'NONE', #2632 ) ;
#1531 = CYLINDRICAL_SURFACE ( 'NONE', #3539, 1.649999999999998579 ) ;
#1532 = AXIS2_PLACEMENT_3D ( 'NONE', #3822, #3901, #2624 ) ;
#1533 = DIRECTION ( 'NONE',  ( 0.000000000000000000, 0.000000000000000000, 1.000000000000000000 ) ) ;
#1534 = CYLINDRICAL_SURFACE ( 'NONE', #3054, 18.00000000000000355 ) ;
#1535 = CARTESIAN_POINT ( 'NONE',  ( 0.000000000000000000, 33.20000000000000284, 0.000000000000000000 ) ) ;
#1536 = EDGE_CURVE ( 'NONE', #2278, #1238, #6999, .T. ) ;
#1537 = SHAPE_REPRESENTATION_RELATIONSHIP ( 'NONE' , 'NONE' ,  #6806, #3998 ) ;
#1538 = EDGE_LOOP ( 'NONE', ( #1848, #3926 ) ) ;
#1539 = ADVANCED_FACE ( 'NONE', ( #2007 ), #5155, .F. ) ;
#1540 = ORIENTED_EDGE ( 'NONE', *, *, #3802, .F. ) ;
#1541 = DIRECTION ( 'NONE',  ( -1.000000000000000000, 0.000000000000000000, 0.000000000000000000 ) ) ;
#1542 = VERTEX_POINT ( 'NONE', #786 ) ;
#1543 = DIRECTION ( 'NONE',  ( 0.000000000000000000, 1.000000000000000000, 0.000000000000000000 ) ) ;
#1544 = DIRECTION ( 'NONE',  ( 0.000000000000000000, 1.000000000000000000, 0.000000000000000000 ) ) ;
#1545 = EDGE_CURVE ( 'NONE', #7923, #759, #6258, .T. ) ;
#1546 = AXIS2_PLACEMENT_3D ( 'NONE', #4440, #3781, #6306 ) ;
#1547 = DIRECTION ( 'NONE',  ( 0.000000000000000000, 0.000000000000000000, -1.000000000000000000 ) ) ;
#1548 = DIRECTION ( 'NONE',  ( 0.000000000000000000, 0.000000000000000000, 1.000000000000000000 ) ) ;
#1549 = EDGE_LOOP ( 'NONE', ( #320, #2689, #4636, #6546 ) ) ;
#1550 = AXIS2_PLACEMENT_3D ( 'NONE', #6831, #6015, #2233 ) ;
#1551 = EDGE_CURVE ( 'NONE', #5677, #1298, #5208, .T. ) ;
#1552 = CYLINDRICAL_SURFACE ( 'NONE', #499, 44.50000000000000711 ) ;
#1553 = EDGE_LOOP ( 'NONE', ( #5782, #2997, #8073, #6363 ) ) ;
#1554 = DIRECTION ( 'NONE',  ( -1.000000000000000000, -0.000000000000000000, -0.000000000000000000 ) ) ;
#1555 = EDGE_CURVE ( 'NONE', #1871, #4077, #7006, .T. ) ;
#1556 = CARTESIAN_POINT ( 'NONE',  ( -23.00000000000000000, 34.20000000000000284, 5.000000000000000000 ) ) ;
#1557 = VECTOR ( 'NONE', #2103, 1000.000000000000000 ) ;
#1558 = CARTESIAN_POINT ( 'NONE',  ( 0.000000000000000000, 22.20000000000000284, 0.000000000000000000 ) ) ;
#1559 = ORIENTED_EDGE ( 'NONE', *, *, #5325, .F. ) ;
#1560 = DIRECTION ( 'NONE',  ( 0.000000000000000000, 0.000000000000000000, 1.000000000000000000 ) ) ;
#1561 = CIRCLE ( 'NONE', #5533, 4.990000000000001101 ) ;
#1562 = ORIENTED_EDGE ( 'NONE', *, *, #2604, .F. ) ;
#1563 = CYLINDRICAL_SURFACE ( 'NONE', #2751, 5.000000000000000000 ) ;
#1564 = EDGE_CURVE ( 'NONE', #6576, #6173, #1994, .T. ) ;
#1565 = CARTESIAN_POINT ( 'NONE',  ( 113.3000000000000114, -2.000000000000000000, 4.582575694955839829 ) ) ;
#1566 = CARTESIAN_POINT ( 'NONE',  ( 24.00000000000000000, -1.999999999999997335, 7.228416147400479552 ) ) ;
#1567 = UNCERTAINTY_MEASURE_WITH_UNIT (LENGTH_MEASURE( 1.000000000000000082E-05 ), #1380, 'distance_accuracy_value', 'NONE');
#1568 = CARTESIAN_POINT ( 'NONE',  ( -16.86149459567567988, 34.20000000000000284, -6.299999999999997158 ) ) ;
#1569 = FACE_OUTER_BOUND ( 'NONE', #7253, .T. ) ;
#1570 = ORIENTED_EDGE ( 'NONE', *, *, #80, .T. ) ;
#1571 = EDGE_LOOP ( 'NONE', ( #238, #5741 ) ) ;
#1572 = PLANE ( 'NONE',  #6838 ) ;
#1573 = CARTESIAN_POINT ( 'NONE',  ( 0.000000000000000000, 15.59999999999999964, 0.000000000000000000 ) ) ;
#1574 = CARTESIAN_POINT ( 'NONE',  ( 23.00000000000000000, 29.80000000000000426, -4.999999999999995559 ) ) ;
#1575 = CARTESIAN_POINT ( 'NONE',  ( 4.999999999999998224, 34.20000000000000284, -25.00000000000000000 ) ) ;
#1576 = ORIENTED_EDGE ( 'NONE', *, *, #3620, .F. ) ;
#1577 = ORIENTED_EDGE ( 'NONE', *, *, #3871, .F. ) ;
#1578 = EDGE_LOOP ( 'NONE', ( #544, #4291 ) ) ;
#1579 = PLANE ( 'NONE',  #3208 ) ;
#1580 = ORIENTED_EDGE ( 'NONE', *, *, #6704, .F. ) ;
#1581 = DIRECTION ( 'NONE',  ( -1.000000000000000000, -0.000000000000000000, -0.000000000000000000 ) ) ;
#1582 = DIRECTION ( 'NONE',  ( 0.000000000000000000, 0.000000000000000000, 1.000000000000000000 ) ) ;
#1583 = AXIS2_PLACEMENT_3D ( 'NONE', #4332, #1645, #4796 ) ;
#1584 = CARTESIAN_POINT ( 'NONE',  ( 103.3000000000000114, 0.000000000000000000, 0.000000000000000000 ) ) ;
#1585 = FACE_OUTER_BOUND ( 'NONE', #3135, .T. ) ;
#1586 = CIRCLE ( 'NONE', #6983, 45.00000000000000711 ) ;
#1587 = ORIENTED_EDGE ( 'NONE', *, *, #1497, .T. ) ;
#1588 = CIRCLE ( 'NONE', #814, 2.499999999999998668 ) ;
#1589 = EDGE_CURVE ( 'NONE', #5219, #4729, #2442, .T. ) ;
#1590 = VECTOR ( 'NONE', #2470, 1000.000000000000000 ) ;
#1591 = DIRECTION ( 'NONE',  ( -0.000000000000000000, -1.000000000000000000, -0.000000000000000000 ) ) ;
#1592 = CIRCLE ( 'NONE', #153, 18.00000000000000355 ) ;
#1593 = ORIENTED_EDGE ( 'NONE', *, *, #5637, .F. ) ;
#1594 = DIRECTION ( 'NONE',  ( -0.000000000000000000, -1.000000000000000000, -0.000000000000000000 ) ) ;
#1595 = AXIS2_PLACEMENT_3D ( 'NONE', #3316, #6543, #268 ) ;
#1596 = EDGE_CURVE ( 'NONE', #5534, #4729, #5596, .T. ) ;
#1597 = CARTESIAN_POINT ( 'NONE',  ( 5.449678256205721981E-15, 9.000000000000001776, -44.50000000000000711 ) ) ;
#1598 = EDGE_LOOP ( 'NONE', ( #6575, #7597, #1931, #5669 ) ) ;
#1599 = EDGE_CURVE ( 'NONE', #5873, #5677, #6861, .T. ) ;
#1600 = DIRECTION ( 'NONE',  ( 0.000000000000000000, 0.000000000000000000, -1.000000000000000000 ) ) ;
#1601 = CIRCLE ( 'NONE', #7141, 45.00000000000000711 ) ;
#1602 = VECTOR ( 'NONE', #7186, 1000.000000000000000 ) ;
#1603 = ORIENTED_EDGE ( 'NONE', *, *, #7168, .F. ) ;
#1604 = DIRECTION ( 'NONE',  ( 0.000000000000000000, 0.000000000000000000, 1.000000000000000000 ) ) ;
#1605 = ORIENTED_EDGE ( 'NONE', *, *, #1700, .F. ) ;
#1606 = CARTESIAN_POINT ( 'NONE',  ( 0.000000000000000000, 5.866058167915829334E-16, -4.790000000000006253 ) ) ;
#1607 = AXIS2_PLACEMENT_3D ( 'NONE', #5038, #6160, #3133 ) ;
#1608 = CARTESIAN_POINT ( 'NONE',  ( 0.000000000000000000, 2.200000000000021494, 0.000000000000000000 ) ) ;
#1609 = AXIS2_PLACEMENT_3D ( 'NONE', #300, #6411, #2802 ) ;
#1610 = DIRECTION ( 'NONE',  ( 0.000000000000000000, 0.000000000000000000, 1.000000000000000000 ) ) ;
#1611 = EDGE_CURVE ( 'NONE', #3699, #484, #951, .T. ) ;
#1612 = ORIENTED_EDGE ( 'NONE', *, *, #3568, .T. ) ;
#1613 = VERTEX_POINT ( 'NONE', #6597 ) ;
#1614 = ORIENTED_EDGE ( 'NONE', *, *, #795, .F. ) ;
#1615 = DIRECTION ( 'NONE',  ( 1.000000000000000000, 0.000000000000000000, 0.000000000000000000 ) ) ;
#1616 = CIRCLE ( 'NONE', #2270, 5.000000000000000000 ) ;
#1617 = VECTOR ( 'NONE', #2456, 1000.000000000000000 ) ;
#1618 = CARTESIAN_POINT ( 'NONE',  ( 0.000000000000000000, 9.000000000000001776, 0.000000000000000000 ) ) ;
#1619 = CARTESIAN_POINT ( 'NONE',  ( 3.000000000000000000, 0.000000000000000000, -4.790000000000000924 ) ) ;
#1620 = CYLINDRICAL_SURFACE ( 'NONE', #1334, 5.000000000000000000 ) ;
#1621 = CARTESIAN_POINT ( 'NONE',  ( 0.000000000000000000, 0.000000000000000000, 210.0000000000000284 ) ) ;
#1622 = AXIS2_PLACEMENT_3D ( 'NONE', #1177, #592, #6255 ) ;
#1623 = ORIENTED_EDGE ( 'NONE', *, *, #5287, .F. ) ;
#1624 = AXIS2_PLACEMENT_3D ( 'NONE', #7770, #7074, #6514 ) ;
#1625 = ORIENTED_EDGE ( 'NONE', *, *, #443, .T. ) ;
#1626 = DIRECTION ( 'NONE',  ( 0.000000000000000000, 1.000000000000000000, 0.000000000000000000 ) ) ;
#1627 = VERTEX_POINT ( 'NONE', #332 ) ;
#1628 = CARTESIAN_POINT ( 'NONE',  ( 5.586370142149013368E-14, 7.066904755831209251, 14.35000000000000142 ) ) ;
#1629 = DIRECTION ( 'NONE',  ( 0.000000000000000000, 0.000000000000000000, 1.000000000000000000 ) ) ;
#1630 = CIRCLE ( 'NONE', #7293, 27.00000000000000000 ) ;
#1631 = DIRECTION ( 'NONE',  ( 0.000000000000000000, 1.000000000000000000, 0.000000000000000000 ) ) ;
#1632 = FACE_BOUND ( 'NONE', #346, .T. ) ;
#1633 = ORIENTED_EDGE ( 'NONE', *, *, #1937, .T. ) ;
#1634 = EDGE_LOOP ( 'NONE', ( #3806, #1496, #5406, #5894 ) ) ;
#1635 = CARTESIAN_POINT ( 'NONE',  ( 38.50000000000000000, 6.110987527745298447E-16, -4.990000000000004654 ) ) ;
#1636 = ORIENTED_EDGE ( 'NONE', *, *, #4837, .F. ) ;
#1637 = DIRECTION ( 'NONE',  ( 0.000000000000000000, 1.000000000000000000, 0.000000000000000000 ) ) ;
#1638 = CARTESIAN_POINT ( 'NONE',  ( 0.000000000000000000, 17.80000000000000426, 44.50000000000000711 ) ) ;
#1639 = EDGE_CURVE ( 'NONE', #7372, #5534, #6624, .T. ) ;
#1640 = VERTEX_POINT ( 'NONE', #3410 ) ;
#1641 = EDGE_CURVE ( 'NONE', #8125, #2364, #4509, .T. ) ;
#1642 = CARTESIAN_POINT ( 'NONE',  ( 38.50000000000000000, 5.866058167915829334E-16, -4.790000000000006253 ) ) ;
#1643 = ORIENTED_EDGE ( 'NONE', *, *, #7897, .F. ) ;
#1644 = DIRECTION ( 'NONE',  ( 0.000000000000000000, 0.000000000000000000, 1.000000000000000000 ) ) ;
#1645 = DIRECTION ( 'NONE',  ( -0.000000000000000000, 1.000000000000000000, -0.000000000000000000 ) ) ;
#1646 = CARTESIAN_POINT ( 'NONE',  ( 5.449678256205721981E-15, 31.00000000000000355, -44.50000000000000711 ) ) ;
#1647 = EDGE_CURVE ( 'NONE', #2150, #4093, #245, .T. ) ;
#1648 = DIRECTION ( 'NONE',  ( -0.000000000000000000, 1.000000000000000000, -0.000000000000000000 ) ) ;
#1649 = CARTESIAN_POINT ( 'NONE',  ( 14.00000000000000000, -1.999999999999997335, 7.228416147400479552 ) ) ;
#1650 = VERTEX_POINT ( 'NONE', #2716 ) ;
#1651 = EDGE_CURVE ( 'NONE', #8075, #4758, #286, .T. ) ;
#1652 = ORIENTED_EDGE ( 'NONE', *, *, #439, .F. ) ;
#1653 = FACE_OUTER_BOUND ( 'NONE', #4937, .T. ) ;
#1654 = DIRECTION ( 'NONE',  ( -1.000000000000000000, -0.000000000000000000, -0.000000000000000000 ) ) ;
#1655 = FACE_OUTER_BOUND ( 'NONE', #997, .T. ) ;
#1656 = MANIFOLD_SOLID_BREP ( 'Cut-Extrude8', #3020 ) ;
#1657 = CARTESIAN_POINT ( 'NONE',  ( 5.586370142149013368E-14, 2.399999999999999467, 16.00000000000000000 ) ) ;
#1658 = LINE ( 'NONE', #6697, #6615 ) ;
#1659 = APPLICATION_PROTOCOL_DEFINITION ( 'draft international standard', 'automotive_design', 1998, #6309 ) ;
#1660 = ORIENTED_EDGE ( 'NONE', *, *, #3722, .T. ) ;
#1661 = VERTEX_POINT ( 'NONE', #5365 ) ;
#1662 = CYLINDRICAL_SURFACE ( 'NONE', #578, 1.649999999999997025 ) ;
#1663 = AXIS2_PLACEMENT_3D ( 'NONE', #4192, #8020, #6137 ) ;
#1664 = ORIENTED_EDGE ( 'NONE', *, *, #2348, .T. ) ;
#1665 = CARTESIAN_POINT ( 'NONE',  ( 30.50000000000000000, 0.000000000000000000, 0.000000000000000000 ) ) ;
#1666 = DIRECTION ( 'NONE',  ( 0.000000000000000000, 0.000000000000000000, 1.000000000000000000 ) ) ;
#1667 = CARTESIAN_POINT ( 'NONE',  ( 18.73499399519520026, 29.80000000000000426, 7.000000000000000000 ) ) ;
#1668 = DIRECTION ( 'NONE',  ( 0.000000000000000000, 0.000000000000000000, 1.000000000000000000 ) ) ;
#1669 = CIRCLE ( 'NONE', #4840, 1.649999999999998579 ) ;
#1670 = CYLINDRICAL_SURFACE ( 'NONE', #4271, 45.00000000000000711 ) ;
#1671 = VERTEX_POINT ( 'NONE', #7246 ) ;
#1672 = EDGE_LOOP ( 'NONE', ( #876, #5257 ) ) ;
#1673 = FACE_OUTER_BOUND ( 'NONE', #6559, .T. ) ;
#1674 = VECTOR ( 'NONE', #572, 1000.000000000000000 ) ;
#1675 = EDGE_LOOP ( 'NONE', ( #7412, #3017 ) ) ;
#1676 = DIRECTION ( 'NONE',  ( 0.000000000000000000, 0.000000000000000000, -1.000000000000000000 ) ) ;
#1677 = CARTESIAN_POINT ( 'NONE',  ( 0.000000000000000000, 9.000000000000001776, 0.000000000000000000 ) ) ;
#1678 = CIRCLE ( 'NONE', #1283, 5.000000000000000000 ) ;
#1679 = ORIENTED_EDGE ( 'NONE', *, *, #7198, .F. ) ;
#1680 = DIRECTION ( 'NONE',  ( -0.000000000000000000, 1.000000000000000000, -0.000000000000000000 ) ) ;
#1681 = ORIENTED_EDGE ( 'NONE', *, *, #6819, .T. ) ;
#1682 = CARTESIAN_POINT ( 'NONE',  ( 5.449678256205721981E-15, 28.80000000000000071, -44.50000000000000711 ) ) ;
#1683 = VECTOR ( 'NONE', #7844, 1000.000000000000000 ) ;
#1684 = CARTESIAN_POINT ( 'NONE',  ( 0.000000000000000000, 6.800000000000000711, -45.00000000000000711 ) ) ;
#1685 = LINE ( 'NONE', #6158, #7276 ) ;
#1686 = EDGE_CURVE ( 'NONE', #2580, #6770, #7748, .T. ) ;
#1687 = CARTESIAN_POINT ( 'NONE',  ( 2.000000000000000000, -4.582575694955840717, -14.14213562373095279 ) ) ;
#1688 = FACE_OUTER_BOUND ( 'NONE', #1229, .T. ) ;
#1689 = CIRCLE ( 'NONE', #7754, 1.999999999999998224 ) ;
#1690 = EDGE_LOOP ( 'NONE', ( #7863, #5866 ) ) ;
#1691 = EDGE_CURVE ( 'NONE', #505, #6534, #2132, .T. ) ;
#1692 = ORIENTED_EDGE ( 'NONE', *, *, #7958, .F. ) ;
#1693 = LINE ( 'NONE', #6075, #1826 ) ;
#1694 = DIRECTION ( 'NONE',  ( -0.000000000000000000, -0.000000000000000000, -1.000000000000000000 ) ) ;
#1695 = CARTESIAN_POINT ( 'NONE',  ( -25.00000000000000000, 0.000000000000000000, 210.0000000000000284 ) ) ;
#1696 = AXIS2_PLACEMENT_3D ( 'NONE', #337, #410, #1644 ) ;
#1697 = CARTESIAN_POINT ( 'NONE',  ( 0.000000000000000000, 0.000000000000000000, 7.490000000000001990 ) ) ;
#1698 = CARTESIAN_POINT ( 'NONE',  ( -1.999999999999999112, 10.00000000000000000, -4.582575694955840717 ) ) ;
#1699 = ADVANCED_FACE ( 'NONE', ( #7089, #996 ), #5409, .F. ) ;
#1700 = EDGE_CURVE ( 'NONE', #1173, #3377, #2753, .T. ) ;
#1701 = SHAPE_DEFINITION_REPRESENTATION ( #44, #3953 ) ;
#1702 = ORIENTED_EDGE ( 'NONE', *, *, #2708, .T. ) ;
#1703 = ORIENTED_EDGE ( 'NONE', *, *, #7140, .F. ) ;
#1704 = CARTESIAN_POINT ( 'NONE',  ( 0.000000000000000000, 35.39999999999999858, 0.000000000000000000 ) ) ;
#1705 = ADVANCED_FACE ( 'NONE', ( #2875 ), #7907, .T. ) ;
#1706 = VERTEX_POINT ( 'NONE', #5281 ) ;
#1707 = DIRECTION ( 'NONE',  ( -0.000000000000000000, -1.000000000000000000, -0.000000000000000000 ) ) ;
#1708 = FACE_OUTER_BOUND ( 'NONE', #7900, .T. ) ;
#1709 = DIRECTION ( 'NONE',  ( 0.000000000000000000, 0.000000000000000000, 1.000000000000000000 ) ) ;
#1710 = DIRECTION ( 'NONE',  ( 0.000000000000000000, 0.000000000000000000, -1.000000000000000000 ) ) ;
#1711 = EDGE_CURVE ( 'NONE', #6073, #1059, #7784, .T. ) ;
#1712 = ORIENTED_EDGE ( 'NONE', *, *, #4587, .F. ) ;
#1713 = EDGE_CURVE ( 'NONE', #918, #890, #1854, .T. ) ;
#1714 = ORIENTED_EDGE ( 'NONE', *, *, #5285, .T. ) ;
#1715 = CARTESIAN_POINT ( 'NONE',  ( 0.000000000000000000, 0.000000000000000000, 245.5241746962600473 ) ) ;
#1716 = ORIENTED_EDGE ( 'NONE', *, *, #7958, .T. ) ;
#1717 = CARTESIAN_POINT ( 'NONE',  ( -11.31370849898465991, -4.666904755831215112, -9.663708498984860285 ) ) ;
#1718 = STYLED_ITEM ( 'NONE', ( #2464 ), #1807 ) ;
#1719 = CIRCLE ( 'NONE', #5031, 4.990000000000001101 ) ;
#1720 = ORIENTED_EDGE ( 'NONE', *, *, #7702, .F. ) ;
#1721 =( GEOMETRIC_REPRESENTATION_CONTEXT ( 3 ) GLOBAL_UNCERTAINTY_ASSIGNED_CONTEXT ( ( #7181 ) ) GLOBAL_UNIT_ASSIGNED_CONTEXT ( ( #736, #3246, #7532 ) ) REPRESENTATION_CONTEXT ( 'NONE', 'WORKASPACE' ) );
#1722 = ADVANCED_BREP_SHAPE_REPRESENTATION ( '', ( #1656, #2426 ), #5600 ) ;
#1723 = MANIFOLD_SOLID_BREP ( 'Cut-Extrude9', #3144 ) ;
#1724 = DIRECTION ( 'NONE',  ( 0.000000000000000000, 0.000000000000000000, 1.000000000000000000 ) ) ;
#1725 = EDGE_LOOP ( 'NONE', ( #3518, #7046, #1482, #2946 ) ) ;
#1726 = DIRECTION ( 'NONE',  ( 0.000000000000000000, 0.000000000000000000, -1.000000000000000000 ) ) ;
#1727 = DIRECTION ( 'NONE',  ( -0.000000000000000000, 0.000000000000000000, -1.000000000000000000 ) ) ;
#1728 = LINE ( 'NONE', #2931, #1873 ) ;
#1729 = AXIS2_PLACEMENT_3D ( 'NONE', #3151, #4943, #2493 ) ;
#1730 = CYLINDRICAL_SURFACE ( 'NONE', #4784, 4.990000000000001101 ) ;
#1731 = CYLINDRICAL_SURFACE ( 'NONE', #7545, 35.00000000000000000 ) ;
#1732 = CIRCLE ( 'NONE', #1095, 4.990000000000013536 ) ;
#1733 = AXIS2_PLACEMENT_3D ( 'NONE', #6736, #2981, #8008 ) ;
#1734 = ORIENTED_EDGE ( 'NONE', *, *, #2316, .F. ) ;
#1735 = CIRCLE ( 'NONE', #6230, 4.990000000000013536 ) ;
#1736 = ORIENTED_EDGE ( 'NONE', *, *, #2807, .F. ) ;
#1737 = DIRECTION ( 'NONE',  ( 0.000000000000000000, -1.000000000000000000, 0.000000000000000000 ) ) ;
#1738 = DIRECTION ( 'NONE',  ( 0.000000000000000000, 1.000000000000000000, 0.000000000000000000 ) ) ;
#1739 = CARTESIAN_POINT ( 'NONE',  ( 5.606576814334944920E-14, -2.500000000000000000, 17.64999999999999858 ) ) ;
#1740 = VECTOR ( 'NONE', #1132, 1000.000000000000000 ) ;
#1741 = CARTESIAN_POINT ( 'NONE',  ( -2.000000000000000000, -7.228416147400480440, 210.0000000000000284 ) ) ;
#1742 = CARTESIAN_POINT ( 'NONE',  ( 1.999999999999999112, -4.582575694955839829, 20.00000000000000000 ) ) ;
#1743 = VERTEX_POINT ( 'NONE', #405 ) ;
#1744 = ADVANCED_FACE ( 'NONE', ( #3003 ), #8032, .T. ) ;
#1745 = EDGE_LOOP ( 'NONE', ( #4512, #517 ) ) ;
#1746 = CIRCLE ( 'NONE', #2142, 45.00000000000000711 ) ;
#1747 = DIRECTION ( 'NONE',  ( 0.000000000000000000, 1.000000000000000000, 0.000000000000000000 ) ) ;
#1748 = AXIS2_PLACEMENT_3D ( 'NONE', #3636, #965, #7301 ) ;
#1749 = ORIENTED_EDGE ( 'NONE', *, *, #7294, .T. ) ;
#1750 = ADVANCED_FACE ( 'NONE', ( #3538 ), #7330, .T. ) ;
#1751 = CARTESIAN_POINT ( 'NONE',  ( 50.00000000000002842, 12.49999999999999645, 20.00000000000000000 ) ) ;
#1752 = ADVANCED_FACE ( 'NONE', ( #451 ), #1073, .F. ) ;
#1753 = CYLINDRICAL_SURFACE ( 'NONE', #5098, 18.00000000000000355 ) ;
#1754 = DIRECTION ( 'NONE',  ( 0.000000000000000000, 1.000000000000000000, 0.000000000000000000 ) ) ;
#1755 = EDGE_CURVE ( 'NONE', #4383, #582, #4290, .T. ) ;
#1756 = AXIS2_PLACEMENT_3D ( 'NONE', #2077, #7774, #6660 ) ;
#1757 = FACE_OUTER_BOUND ( 'NONE', #4119, .T. ) ;
#1758 = CARTESIAN_POINT ( 'NONE',  ( 4.999999999999998224, 29.80000000000000426, -18.73499399519520026 ) ) ;
#1759 = CYLINDRICAL_SURFACE ( 'NONE', #4666, 44.50000000000000711 ) ;
#1760 = VERTEX_POINT ( 'NONE', #4244 ) ;
#1761 = ORIENTED_EDGE ( 'NONE', *, *, #1651, .F. ) ;
#1762 = DIRECTION ( 'NONE',  ( -0.000000000000000000, 1.000000000000000000, -0.000000000000000000 ) ) ;
#1763 = AXIS2_PLACEMENT_3D ( 'NONE', #2941, #5473, #7972 ) ;
#1764 = EDGE_CURVE ( 'NONE', #3950, #5412, #7780, .T. ) ;
#1765 = CIRCLE ( 'NONE', #6383, 1.649999999999997025 ) ;
#1766 = VERTEX_POINT ( 'NONE', #3706 ) ;
#1767 = LINE ( 'NONE', #3665, #5172 ) ;
#1768 = DIRECTION ( 'NONE',  ( 0.000000000000000000, 0.000000000000000000, 1.000000000000000000 ) ) ;
#1769 = ORIENTED_EDGE ( 'NONE', *, *, #3069, .T. ) ;
#1770 = EDGE_CURVE ( 'NONE', #7206, #336, #7642, .T. ) ;
#1771 = EDGE_CURVE ( 'NONE', #3280, #6705, #6149, .T. ) ;
#1772 = CARTESIAN_POINT ( 'NONE',  ( 26.00000000000000000, 0.000000000000000000, 0.000000000000000000 ) ) ;
#1773 = ORIENTED_EDGE ( 'NONE', *, *, #1700, .T. ) ;
#1774 = CARTESIAN_POINT ( 'NONE',  ( 50.00000000000000000, -93.75000000000008527, 20.00000000000000000 ) ) ;
#1775 = DIRECTION ( 'NONE',  ( 1.734723475976808672E-15, 0.000000000000000000, 1.000000000000000000 ) ) ;
#1776 = DIRECTION ( 'NONE',  ( -0.000000000000000000, 1.000000000000000000, -0.000000000000000000 ) ) ;
#1777 = CARTESIAN_POINT ( 'NONE',  ( -23.00000000000000000, 34.20000000000000284, -3.000000000000000000 ) ) ;
#1778 = LINE ( 'NONE', #4300, #7952 ) ;
#1779 = EDGE_LOOP ( 'NONE', ( #3870, #1263, #161, #8124 ) ) ;
#1780 = ORIENTED_EDGE ( 'NONE', *, *, #7455, .T. ) ;
#1781 = CARTESIAN_POINT ( 'NONE',  ( 14.00000000000000000, 0.000000000000000000, 0.000000000000000000 ) ) ;
#1782 = DIRECTION ( 'NONE',  ( 1.000000000000000000, -0.000000000000000000, 0.000000000000000000 ) ) ;
#1783 = CARTESIAN_POINT ( 'NONE',  ( 5.510910596163090344E-15, 24.39999999999999858, 45.00000000000000711 ) ) ;
#1784 = DIRECTION ( 'NONE',  ( 1.000000000000000000, 0.000000000000000000, 0.000000000000000000 ) ) ;
#1785 = CARTESIAN_POINT ( 'NONE',  ( 0.000000000000000000, 11.19999999999999751, 0.000000000000000000 ) ) ;
#1786 = VERTEX_POINT ( 'NONE', #1159 ) ;
#1787 = DIRECTION ( 'NONE',  ( 0.000000000000000000, 0.000000000000000000, 1.000000000000000000 ) ) ;
#1788 = ORIENTED_EDGE ( 'NONE', *, *, #2800, .T. ) ;
#1789 = CARTESIAN_POINT ( 'NONE',  ( 18.73499399519520381, 29.80000000000000426, -4.999999999999994671 ) ) ;
#1790 = DIRECTION ( 'NONE',  ( -1.000000000000000000, 0.000000000000000000, 0.000000000000000000 ) ) ;
#1791 = LINE ( 'NONE', #4314, #4897 ) ;
#1792 = EDGE_CURVE ( 'NONE', #7694, #4347, #5615, .T. ) ;
#1793 = PLANE ( 'NONE',  #5686 ) ;
#1794 = EDGE_CURVE ( 'NONE', #5819, #6565, #6602, .T. ) ;
#1795 = CARTESIAN_POINT ( 'NONE',  ( 0.000000000000000000, 9.000000000000001776, 0.000000000000000000 ) ) ;
#1796 = VERTEX_POINT ( 'NONE', #1638 ) ;
#1797 = ORIENTED_EDGE ( 'NONE', *, *, #6449, .F. ) ;
#1798 = ORIENTED_EDGE ( 'NONE', *, *, #7202, .T. ) ;
#1799 = DIRECTION ( 'NONE',  ( 0.000000000000000000, 0.000000000000000000, 1.000000000000000000 ) ) ;
#1800 = EDGE_CURVE ( 'NONE', #7334, #1530, #1586, .T. ) ;
#1801 = ORIENTED_EDGE ( 'NONE', *, *, #5966, .F. ) ;
#1802 = AXIS2_PLACEMENT_3D ( 'NONE', #2234, #4732, #7858 ) ;
#1803 = CARTESIAN_POINT ( 'NONE',  ( -2.000000000000000000, 7.228416147400480440, 245.5241746962600473 ) ) ;
#1804 = EDGE_CURVE ( 'NONE', #7576, #1318, #3427, .T. ) ;
#1805 = EDGE_LOOP ( 'NONE', ( #7015, #3230 ) ) ;
#1806 = AXIS2_PLACEMENT_3D ( 'NONE', #6848, #5579, #8083 ) ;
#1807 = MANIFOLD_SOLID_BREP ( 'Chamfer2', #6320 ) ;
#1808 = CARTESIAN_POINT ( 'NONE',  ( 29.50000000000000000, 0.000000000000000000, 0.000000000000000000 ) ) ;
#1809 = ADVANCED_FACE ( 'NONE', ( #1389 ), #6277, .F. ) ;
#1810 = ORIENTED_EDGE ( 'NONE', *, *, #7994, .F. ) ;
#1811 = DIRECTION ( 'NONE',  ( -0.000000000000000000, 1.000000000000000000, -0.000000000000000000 ) ) ;
#1812 = CARTESIAN_POINT ( 'NONE',  ( 0.000000000000000000, 24.39999999999999858, -45.00000000000000711 ) ) ;
#1813 = CIRCLE ( 'NONE', #5640, 1.649999999999997025 ) ;
#1814 = DIRECTION ( 'NONE',  ( 0.000000000000000000, 0.000000000000000000, 1.000000000000000000 ) ) ;
#1815 = FACE_BOUND ( 'NONE', #5378, .T. ) ;
#1816 = EDGE_CURVE ( 'NONE', #1217, #956, #6955, .T. ) ;
#1817 = ORIENTED_EDGE ( 'NONE', *, *, #4832, .T. ) ;
#1818 = ADVANCED_FACE ( 'NONE', ( #2546, #5146 ), #3125, .F. ) ;
#1819 = AXIS2_PLACEMENT_3D ( 'NONE', #1146, #5436, #8062 ) ;
#1820 = ORIENTED_EDGE ( 'NONE', *, *, #6598, .T. ) ;
#1821 = DIRECTION ( 'NONE',  ( -1.000000000000000000, -0.000000000000000000, -0.000000000000000000 ) ) ;
#1822 = DIRECTION ( 'NONE',  ( 0.000000000000000000, 0.000000000000000000, -1.000000000000000000 ) ) ;
#1823 = PLANE ( 'NONE',  #5454 ) ;
#1824 = CARTESIAN_POINT ( 'NONE',  ( 0.000000000000000000, 2.200000000000021494, 45.00000000000000711 ) ) ;
#1825 = LINE ( 'NONE', #7591, #6494 ) ;
#1826 = VECTOR ( 'NONE', #5549, 1000.000000000000000 ) ;
#1827 = VERTEX_POINT ( 'NONE', #7492 ) ;
#1828 = LINE ( 'NONE', #6939, #325 ) ;
#1829 = EDGE_LOOP ( 'NONE', ( #4748, #3841 ) ) ;
#1830 = CARTESIAN_POINT ( 'NONE',  ( 0.000000000000000000, 0.000000000000000000, 0.000000000000000000 ) ) ;
#1831 = AXIS2_PLACEMENT_3D ( 'NONE', #6533, #877, #5907 ) ;
#1832 = CARTESIAN_POINT ( 'NONE',  ( 16.00000000000000000, 2.399999999999999467, -1.117274028429802674E-13 ) ) ;
#1833 = CARTESIAN_POINT ( 'NONE',  ( 14.00000000000000000, 0.000000000000000000, 0.000000000000000000 ) ) ;
#1834 = DIRECTION ( 'NONE',  ( -1.000000000000000000, -0.000000000000000000, -0.000000000000000000 ) ) ;
#1835 = MANIFOLD_SOLID_BREP ( 'Mirror1', #6194 ) ;
#1836 =( LENGTH_UNIT ( ) NAMED_UNIT ( * ) SI_UNIT ( .MILLI., .METRE. ) );
#1837 = ORIENTED_EDGE ( 'NONE', *, *, #1005, .F. ) ;
#1838 = DIRECTION ( 'NONE',  ( 0.000000000000000000, 0.000000000000000000, -1.000000000000000000 ) ) ;
#1839 = ORIENTED_EDGE ( 'NONE', *, *, #2051, .F. ) ;
#1840 = CARTESIAN_POINT ( 'NONE',  ( -11.31370849898482156, 10.00000000000000000, 11.31370849898470077 ) ) ;
#1841 = CARTESIAN_POINT ( 'NONE',  ( 1.677931709863297103E-13, -4.666904755831215112, -17.64999999999999503 ) ) ;
#1842 = SURFACE_STYLE_FILL_AREA ( #5650 ) ;
#1843 = EDGE_CURVE ( 'NONE', #1671, #193, #7778, .T. ) ;
#1844 = VERTEX_POINT ( 'NONE', #1303 ) ;
#1845 = EDGE_CURVE ( 'NONE', #6396, #2362, #8043, .T. ) ;
#1846 = MANIFOLD_SOLID_BREP ( 'Cut-Extrude2', #4467 ) ;
#1847 = CARTESIAN_POINT ( 'NONE',  ( 0.000000000000000000, 0.000000000000000000, 244.1421356237309794 ) ) ;
#1848 = ORIENTED_EDGE ( 'NONE', *, *, #1311, .F. ) ;
#1849 = CYLINDRICAL_SURFACE ( 'NONE', #5687, 5.000000000000000000 ) ;
#1850 = FACE_OUTER_BOUND ( 'NONE', #2629, .T. ) ;
#1851 = EDGE_CURVE ( 'NONE', #6930, #3174, #2380, .T. ) ;
#1852 = ADVANCED_FACE ( 'NONE', ( #1585 ), #2709, .F. ) ;
#1853 = LINE ( 'NONE', #7502, #2932 ) ;
#1854 = CIRCLE ( 'NONE', #673, 45.00000000000000711 ) ;
#1855 = CARTESIAN_POINT ( 'NONE',  ( 0.000000000000000000, 27.60000000000000142, 0.000000000000000000 ) ) ;
#1856 = VERTEX_POINT ( 'NONE', #3947 ) ;
#1857 = CIRCLE ( 'NONE', #2116, 1.650000000000000355 ) ;
#1858 = VECTOR ( 'NONE', #7830, 1000.000000000000000 ) ;
#1859 = ORIENTED_EDGE ( 'NONE', *, *, #614, .T. ) ;
#1860 = CARTESIAN_POINT ( 'NONE',  ( 38.50000000000000000, 0.000000000000000000, 0.000000000000000000 ) ) ;
#1861 = EDGE_LOOP ( 'NONE', ( #2194, #6251, #5578, #1039, #4726, #1934, #2787, #4865, #5904 ) ) ;
#1862 = AXIS2_PLACEMENT_3D ( 'NONE', #1259, #6268, #7481 ) ;
#1863 = FACE_BOUND ( 'NONE', #4620, .T. ) ;
#1864 = CARTESIAN_POINT ( 'NONE',  ( 24.00000000000000000, 2.000000000000002665, 7.228416147400479552 ) ) ;
#1865 = AXIS2_PLACEMENT_3D ( 'NONE', #6046, #3556, #6081 ) ;
#1866 = CYLINDRICAL_SURFACE ( 'NONE', #562, 1.649999999999997025 ) ;
#1867 = AXIS2_PLACEMENT_3D ( 'NONE', #1874, #4396, #348 ) ;
#1868 = AXIS2_PLACEMENT_3D ( 'NONE', #3024, #166, #2404 ) ;
#1869 = ORIENTED_EDGE ( 'NONE', *, *, #1792, .T. ) ;
#1870 = CARTESIAN_POINT ( 'NONE',  ( 11.31370849898482156, 2.399999999999999467, 9.663708498984702189 ) ) ;
#1871 = VERTEX_POINT ( 'NONE', #6472 ) ;
#1872 = DIRECTION ( 'NONE',  ( 0.000000000000000000, 0.000000000000000000, 1.000000000000000000 ) ) ;
#1873 = VECTOR ( 'NONE', #5374, 1000.000000000000000 ) ;
#1874 = CARTESIAN_POINT ( 'NONE',  ( -18.73499399519520026, 29.80000000000000426, 7.000000000000000000 ) ) ;
#1875 = LINE ( 'NONE', #4433, #7522 ) ;
#1876 = DIRECTION ( 'NONE',  ( -0.000000000000000000, -1.000000000000000000, -0.000000000000000000 ) ) ;
#1877 = VECTOR ( 'NONE', #1204, 1000.000000000000000 ) ;
#1878 = AXIS2_PLACEMENT_3D ( 'NONE', #1370, #3887, #2565 ) ;
#1879 = ORIENTED_EDGE ( 'NONE', *, *, #4216, .T. ) ;
#1880 = DIRECTION ( 'NONE',  ( -1.000000000000000000, 0.000000000000000000, 0.000000000000000000 ) ) ;
#1881 = ORIENTED_EDGE ( 'NONE', *, *, #488, .T. ) ;
#1882 = DIRECTION ( 'NONE',  ( 0.000000000000000000, -1.000000000000000000, 0.000000000000000000 ) ) ;
#1883 = CIRCLE ( 'NONE', #2672, 1.649999999999998579 ) ;
#1884 = CIRCLE ( 'NONE', #6512, 44.50000000000000711 ) ;
#1885 = DIRECTION ( 'NONE',  ( 0.000000000000000000, 0.000000000000000000, -1.000000000000000000 ) ) ;
#1886 = DIRECTION ( 'NONE',  ( 0.000000000000000000, 0.000000000000000000, 1.000000000000000000 ) ) ;
#1887 = VECTOR ( 'NONE', #1184, 1000.000000000000000 ) ;
#1888 = EDGE_LOOP ( 'NONE', ( #74, #2203 ) ) ;
#1889 = VECTOR ( 'NONE', #6204, 1000.000000000000000 ) ;
#1890 = DIRECTION ( 'NONE',  ( 0.000000000000000000, 0.000000000000000000, -1.000000000000000000 ) ) ;
#1891 = ORIENTED_EDGE ( 'NONE', *, *, #3158, .F. ) ;
#1892 = CARTESIAN_POINT ( 'NONE',  ( 21.00000000000000000, 22.72893218813453231, -2.499999999999998668 ) ) ;
#1893 = DIRECTION ( 'NONE',  ( 1.000000000000000000, 0.000000000000000000, 0.000000000000000000 ) ) ;
#1894 = EDGE_CURVE ( 'NONE', #4886, #7250, #7915, .T. ) ;
#1895 = DIRECTION ( 'NONE',  ( 0.000000000000000000, 0.000000000000000000, 1.000000000000000000 ) ) ;
#1896 = CARTESIAN_POINT ( 'NONE',  ( -16.00000000000000000, 7.066904755831209251, -1.649999999999998579 ) ) ;
#1897 = EDGE_CURVE ( 'NONE', #5228, #1650, #5681, .T. ) ;
#1898 = EDGE_LOOP ( 'NONE', ( #1068, #5872 ) ) ;
#1899 = EDGE_LOOP ( 'NONE', ( #4186, #7244, #431, #1576 ) ) ;
#1900 = EDGE_LOOP ( 'NONE', ( #624, #1820, #1720, #2528 ) ) ;
#1901 = DIRECTION ( 'NONE',  ( -1.000000000000000000, -0.000000000000000000, -0.000000000000000000 ) ) ;
#1902 = EDGE_CURVE ( 'NONE', #7745, #4139, #5854, .T. ) ;
#1903 = ORIENTED_EDGE ( 'NONE', *, *, #340, .T. ) ;
#1904 = DIRECTION ( 'NONE',  ( 0.000000000000000000, 0.000000000000000000, 1.000000000000000000 ) ) ;
#1905 = DIRECTION ( 'NONE',  ( -0.000000000000000000, 1.000000000000000000, -0.000000000000000000 ) ) ;
#1906 = EDGE_CURVE ( 'NONE', #2570, #724, #545, .T. ) ;
#1907 = ORIENTED_EDGE ( 'NONE', *, *, #5599, .T. ) ;
#1908 = DIRECTION ( 'NONE',  ( -0.000000000000000000, -1.000000000000000000, -0.000000000000000000 ) ) ;
#1909 = ORIENTED_EDGE ( 'NONE', *, *, #3258, .F. ) ;
#1910 = CARTESIAN_POINT ( 'NONE',  ( 2.202694860469042645E-13, 34.20000000000000284, -23.49999999999999645 ) ) ;
#1911 = FACE_OUTER_BOUND ( 'NONE', #4510, .T. ) ;
#1912 = DIRECTION ( 'NONE',  ( -1.000000000000000000, -0.000000000000000000, -0.000000000000000000 ) ) ;
#1913 = DIRECTION ( 'NONE',  ( -1.000000000000000000, 0.000000000000000000, 0.000000000000000000 ) ) ;
#1914 =( NAMED_UNIT ( * ) SI_UNIT ( $, .STERADIAN. ) SOLID_ANGLE_UNIT ( ) );
#1915 = VERTEX_POINT ( 'NONE', #4067 ) ;
#1916 = CARTESIAN_POINT ( 'NONE',  ( -1.999999999999999112, -10.77032961426900748, -4.582575694955840717 ) ) ;
#1917 = ORIENTED_EDGE ( 'NONE', *, *, #3555, .T. ) ;
#1918 = FACE_OUTER_BOUND ( 'NONE', #378, .T. ) ;
#1919 = CARTESIAN_POINT ( 'NONE',  ( 0.000000000000000000, 13.40000000000000213, 0.000000000000000000 ) ) ;
#1920 = CARTESIAN_POINT ( 'NONE',  ( -18.73499399519520381, 34.20000000000000284, -6.999999999999999112 ) ) ;
#1921 = VERTEX_POINT ( 'NONE', #820 ) ;
#1922 = PLANE ( 'NONE',  #2191 ) ;
#1923 = ORIENTED_EDGE ( 'NONE', *, *, #1764, .T. ) ;
#1924 = CARTESIAN_POINT ( 'NONE',  ( 2.199633243471174140E-13, 22.72893218813453231, -20.99999999999999645 ) ) ;
#1925 = CARTESIAN_POINT ( 'NONE',  ( 0.000000000000000000, 9.172604525613678137E-16, -7.490000000000001990 ) ) ;
#1926 = DIRECTION ( 'NONE',  ( -0.000000000000000000, 1.000000000000000000, -0.000000000000000000 ) ) ;
#1927 = AXIS2_PLACEMENT_3D ( 'NONE', #1772, #6769, #5495 ) ;
#1928 = DIRECTION ( 'NONE',  ( 0.000000000000000000, 0.000000000000000000, 1.000000000000000000 ) ) ;
#1929 = ORIENTED_EDGE ( 'NONE', *, *, #3871, .T. ) ;
#1930 = EDGE_LOOP ( 'NONE', ( #5331, #6917 ) ) ;
#1931 = ORIENTED_EDGE ( 'NONE', *, *, #7801, .T. ) ;
#1932 = CARTESIAN_POINT ( 'NONE',  ( 26.00000000000000355, 0.000000000000000000, 0.000000000000000000 ) ) ;
#1933 = AXIS2_PLACEMENT_3D ( 'NONE', #7452, #7987, #8076 ) ;
#1934 = ORIENTED_EDGE ( 'NONE', *, *, #6108, .F. ) ;
#1935 = DIRECTION ( 'NONE',  ( -0.000000000000000000, 1.000000000000000000, 0.000000000000000000 ) ) ;
#1936 = CARTESIAN_POINT ( 'NONE',  ( 2.000000000000000000, 7.228416147400480440, 210.0000000000000284 ) ) ;
#1937 = EDGE_CURVE ( 'NONE', #589, #503, #4112, .T. ) ;
#1938 = VECTOR ( 'NONE', #7236, 1000.000000000000000 ) ;
#1939 = EDGE_LOOP ( 'NONE', ( #7953, #5003, #7457, #271 ) ) ;
#1940 = CARTESIAN_POINT ( 'NONE',  ( -1.999999999999999112, -10.77032961426900748, -4.582575694955840717 ) ) ;
#1941 = ORIENTED_EDGE ( 'NONE', *, *, #742, .F. ) ;
#1942 = CARTESIAN_POINT ( 'NONE',  ( 90.00000000000000000, 0.000000000000000000, 20.00000000000000000 ) ) ;
#1943 = LINE ( 'NONE', #7599, #3721 ) ;
#1944 = AXIS2_PLACEMENT_3D ( 'NONE', #2768, #6577, #883 ) ;
#1945 = LINE ( 'NONE', #3855, #4635 ) ;
#1946 = EDGE_CURVE ( 'NONE', #933, #5634, #6221, .T. ) ;
#1947 = EDGE_CURVE ( 'NONE', #1706, #5819, #3573, .T. ) ;
#1948 = CARTESIAN_POINT ( 'NONE',  ( 14.00000000000000000, 2.000000000000002665, 7.218039900139096687 ) ) ;
#1949 =( LENGTH_UNIT ( ) NAMED_UNIT ( * ) SI_UNIT ( .MILLI., .METRE. ) );
#1950 = EDGE_CURVE ( 'NONE', #960, #3633, #6478, .T. ) ;
#1951 = ORIENTED_EDGE ( 'NONE', *, *, #6613, .T. ) ;
#1952 = PLANE ( 'NONE',  #4922 ) ;
#1953 = AXIS2_PLACEMENT_3D ( 'NONE', #3920, #5823, #174 ) ;
#1954 = ORIENTED_EDGE ( 'NONE', *, *, #5895, .F. ) ;
#1955 = CARTESIAN_POINT ( 'NONE',  ( 3.000000000000000000, 0.000000000000000000, 4.790000000000000924 ) ) ;
#1956 = DIRECTION ( 'NONE',  ( 0.000000000000000000, 0.000000000000000000, -1.000000000000000000 ) ) ;
#1957 = FACE_OUTER_BOUND ( 'NONE', #2950, .T. ) ;
#1958 = AXIS2_PLACEMENT_3D ( 'NONE', #3010, #7425, #29 ) ;
#1959 = ADVANCED_FACE ( 'NONE', ( #4693 ), #2785, .F. ) ;
#1960 = EDGE_LOOP ( 'NONE', ( #3001, #4159, #6, #2422 ) ) ;
#1961 = CARTESIAN_POINT ( 'NONE',  ( 103.3000000000000114, 0.000000000000000000, 0.000000000000000000 ) ) ;
#1962 = VERTEX_POINT ( 'NONE', #7118 ) ;
#1963 = CARTESIAN_POINT ( 'NONE',  ( 1.999999999999999112, 0.000000000000000000, -4.582575694955840717 ) ) ;
#1964 = CARTESIAN_POINT ( 'NONE',  ( 5.376199448256879473E-15, 0.000000000000000000, -42.79999999999996874 ) ) ;
#1965 = DIRECTION ( 'NONE',  ( 0.000000000000000000, 0.000000000000000000, -1.000000000000000000 ) ) ;
#1966 = PLANE ( 'NONE',  #6775 ) ;
#1967 = VERTEX_POINT ( 'NONE', #3402 ) ;
#1968 = ORIENTED_EDGE ( 'NONE', *, *, #5541, .F. ) ;
#1969 = ORIENTED_EDGE ( 'NONE', *, *, #1129, .T. ) ;
#1970 = DIRECTION ( 'NONE',  ( 0.000000000000000000, 0.000000000000000000, 1.000000000000000000 ) ) ;
#1971 = ORIENTED_EDGE ( 'NONE', *, *, #2616, .F. ) ;
#1972 = FACE_BOUND ( 'NONE', #2446, .T. ) ;
#1973 = PRESENTATION_LAYER_ASSIGNMENT (  '', '', ( #1320 ) ) ;
#1974 = CARTESIAN_POINT ( 'NONE',  ( 0.000000000000000000, 28.80000000000000071, 0.000000000000000000 ) ) ;
#1975 = EDGE_LOOP ( 'NONE', ( #4501, #2280 ) ) ;
#1976 = CARTESIAN_POINT ( 'NONE',  ( -11.31370849898482156, 10.00000000000000000, 12.96370849898469935 ) ) ;
#1977 = CIRCLE ( 'NONE', #3434, 7.490000000000001990 ) ;
#1978 = ORIENTED_EDGE ( 'NONE', *, *, #2574, .F. ) ;
#1979 = DIRECTION ( 'NONE',  ( -1.000000000000000000, -0.000000000000000000, -0.000000000000000000 ) ) ;
#1980 = DIRECTION ( 'NONE',  ( -0.000000000000000000, -1.000000000000000000, -0.000000000000000000 ) ) ;
#1981 = FACE_OUTER_BOUND ( 'NONE', #5559, .T. ) ;
#1982 = CARTESIAN_POINT ( 'NONE',  ( -2.000000000000000000, 7.228416147400480440, 20.00000000000000000 ) ) ;
#1983 = VECTOR ( 'NONE', #4540, 1000.000000000000000 ) ;
#1984 = ADVANCED_FACE ( 'NONE', ( #7776 ), #6591, .T. ) ;
#1985 = EDGE_CURVE ( 'NONE', #7723, #6790, #5931, .T. ) ;
#1986 = ORIENTED_EDGE ( 'NONE', *, *, #2800, .F. ) ;
#1987 = AXIS2_PLACEMENT_3D ( 'NONE', #1044, #2220, #7220 ) ;
#1988 = DIRECTION ( 'NONE',  ( 0.000000000000000000, 1.000000000000000000, 0.000000000000000000 ) ) ;
#1989 = AXIS2_PLACEMENT_3D ( 'NONE', #3043, #3537, #7417 ) ;
#1990 = AXIS2_PLACEMENT_3D ( 'NONE', #1377, #1980, #99 ) ;
#1991 = ADVANCED_FACE ( 'NONE', ( #5318 ), #2904, .F. ) ;
#1992 = VERTEX_POINT ( 'NONE', #3619 ) ;
#1993 = CARTESIAN_POINT ( 'NONE',  ( 90.00000000000000000, -12.49999999999999822, 210.0000000000000284 ) ) ;
#1994 = CIRCLE ( 'NONE', #1341, 5.000000000000000000 ) ;
#1995 = FACE_OUTER_BOUND ( 'NONE', #5883, .T. ) ;
#1996 = DIRECTION ( 'NONE',  ( -1.000000000000000000, -0.000000000000000000, -0.000000000000000000 ) ) ;
#1997 = DIRECTION ( 'NONE',  ( 0.000000000000000000, 0.000000000000000000, -1.000000000000000000 ) ) ;
#1998 =( NAMED_UNIT ( * ) PLANE_ANGLE_UNIT ( ) SI_UNIT ( $, .RADIAN. ) );
#1999 = AXIS2_PLACEMENT_3D ( 'NONE', #2344, #7877, #3502 ) ;
#2000 = ORIENTED_EDGE ( 'NONE', *, *, #1686, .T. ) ;
#2001 = EDGE_CURVE ( 'NONE', #3724, #1516, #3528, .T. ) ;
#2002 = DIRECTION ( 'NONE',  ( -1.000000000000000000, 0.000000000000000000, -0.000000000000000000 ) ) ;
#2003 = VECTOR ( 'NONE', #4565, 1000.000000000000000 ) ;
#2004 = ORIENTED_EDGE ( 'NONE', *, *, #4326, .F. ) ;
#2005 = CARTESIAN_POINT ( 'NONE',  ( 0.000000000000000000, 0.000000000000000000, 4.990000000000000213 ) ) ;
#2006 = DIRECTION ( 'NONE',  ( 0.000000000000000000, 0.000000000000000000, 1.000000000000000000 ) ) ;
#2007 = FACE_OUTER_BOUND ( 'NONE', #1261, .T. ) ;
#2008 = AXIS2_PLACEMENT_3D ( 'NONE', #2897, #1747, #5434 ) ;
#2009 = DIRECTION ( 'NONE',  ( -1.000000000000000000, -0.000000000000000000, -0.000000000000000000 ) ) ;
#2010 = AXIS2_PLACEMENT_3D ( 'NONE', #5190, #7695, #1541 ) ;
#2011 = DIRECTION ( 'NONE',  ( 0.000000000000000000, 0.000000000000000000, 1.000000000000000000 ) ) ;
#2012 = VERTEX_POINT ( 'NONE', #6057 ) ;
#2013 = ORIENTED_EDGE ( 'NONE', *, *, #5487, .T. ) ;
#2014 = ORIENTED_EDGE ( 'NONE', *, *, #3812, .T. ) ;
#2015 = DIRECTION ( 'NONE',  ( -0.000000000000000000, 1.000000000000000000, -0.000000000000000000 ) ) ;
#2016 = CIRCLE ( 'NONE', #4532, 2.499999999999998668 ) ;
#2017 = AXIS2_PLACEMENT_3D ( 'NONE', #3376, #2049, #3340 ) ;
#2018 = ORIENTED_EDGE ( 'NONE', *, *, #3025, .T. ) ;
#2019 = CARTESIAN_POINT ( 'NONE',  ( 6.999999999999998224, 34.20000000000000284, -18.73499399519520026 ) ) ;
#2020 = DIRECTION ( 'NONE',  ( 0.000000000000000000, 0.000000000000000000, 1.000000000000000000 ) ) ;
#2021 = ORIENTED_EDGE ( 'NONE', *, *, #3819, .T. ) ;
#2022 = CARTESIAN_POINT ( 'NONE',  ( 0.000000000000000000, 0.000000000000000000, 244.1421356237309794 ) ) ;
#2023 = ORIENTED_EDGE ( 'NONE', *, *, #2398, .F. ) ;
#2024 = LINE ( 'NONE', #1452, #5527 ) ;
#2025 = PLANE ( 'NONE',  #6488 ) ;
#2026 = CARTESIAN_POINT ( 'NONE',  ( 0.000000000000000000, 17.80000000000000426, -45.00000000000000711 ) ) ;
#2027 = CARTESIAN_POINT ( 'NONE',  ( -11.31370849898474162, 7.066904755831209251, 11.31370849898478248 ) ) ;
#2028 = CARTESIAN_POINT ( 'NONE',  ( 8.673617379884035472E-14, -1.387778780781445676E-14, -115.0000000000000000 ) ) ;
#2029 = ORIENTED_EDGE ( 'NONE', *, *, #3508, .F. ) ;
#2030 = ORIENTED_EDGE ( 'NONE', *, *, #8106, .F. ) ;
#2031 = FACE_BOUND ( 'NONE', #1975, .T. ) ;
#2032 = EDGE_LOOP ( 'NONE', ( #1100, #4701 ) ) ;
#2033 = DIRECTION ( 'NONE',  ( 0.000000000000000000, 0.000000000000000000, 1.000000000000000000 ) ) ;
#2034 = EDGE_CURVE ( 'NONE', #1238, #5188, #1111, .T. ) ;
#2035 = DIRECTION ( 'NONE',  ( -1.000000000000000000, 0.000000000000000000, 0.000000000000000000 ) ) ;
#2036 = LINE ( 'NONE', #4805, #177 ) ;
#2037 = DIRECTION ( 'NONE',  ( 1.000000000000000000, 2.168404344971008868E-16, -0.000000000000000000 ) ) ;
#2038 = DIRECTION ( 'NONE',  ( 0.000000000000000000, 0.000000000000000000, -1.000000000000000000 ) ) ;
#2039 = EDGE_LOOP ( 'NONE', ( #6280, #1612, #3928, #2029 ) ) ;
#2040 = EDGE_CURVE ( 'NONE', #3181, #306, #6607, .T. ) ;
#2041 = CARTESIAN_POINT ( 'NONE',  ( 54.00000000000000000, 0.000000000000000000, 4.990000000000006430 ) ) ;
#2042 = ORIENTED_EDGE ( 'NONE', *, *, #1353, .F. ) ;
#2043 = DIRECTION ( 'NONE',  ( 0.000000000000000000, 1.000000000000000000, 0.000000000000000000 ) ) ;
#2044 = FACE_OUTER_BOUND ( 'NONE', #615, .T. ) ;
#2045 = DIRECTION ( 'NONE',  ( 0.000000000000000000, 0.000000000000000000, 1.000000000000000000 ) ) ;
#2046 = ADVANCED_FACE ( 'NONE', ( #3656, #6835, #4195, #398, #6711, #1066, #360, #1632, #4776, #6096 ), #4158, .T. ) ;
#2047 = ADVANCED_FACE ( 'NONE', ( #4945, #1757 ), #6182, .F. ) ;
#2048 = CARTESIAN_POINT ( 'NONE',  ( -11.31370849898474162, 7.066904755831209251, 12.96370849898477928 ) ) ;
#2049 = DIRECTION ( 'NONE',  ( -0.000000000000000000, -0.000000000000000000, 1.000000000000000000 ) ) ;
#2050 = ORIENTED_EDGE ( 'NONE', *, *, #1444, .F. ) ;
#2051 = EDGE_CURVE ( 'NONE', #34, #5490, #4360, .T. ) ;
#2052 = VERTEX_POINT ( 'NONE', #6795 ) ;
#2053 = VERTEX_POINT ( 'NONE', #6757 ) ;
#2054 = FACE_OUTER_BOUND ( 'NONE', #3380, .T. ) ;
#2055 = ORIENTED_EDGE ( 'NONE', *, *, #7449, .F. ) ;
#2056 = CYLINDRICAL_SURFACE ( 'NONE', #1609, 4.790000000000006253 ) ;
#2057 = UNCERTAINTY_MEASURE_WITH_UNIT (LENGTH_MEASURE( 1.000000000000000082E-05 ), #2389, 'distance_accuracy_value', 'NONE');
#2058 = AXIS2_PLACEMENT_3D ( 'NONE', #6197, #2431, #6723 ) ;
#2059 = CARTESIAN_POINT ( 'NONE',  ( -2.000000000000000000, -4.582575694955840717, 244.1421356237309794 ) ) ;
#2060 = EDGE_CURVE ( 'NONE', #7348, #7232, #1588, .T. ) ;
#2061 = ADVANCED_FACE ( 'NONE', ( #2327, #523 ), #1793, .F. ) ;
#2062 = ORIENTED_EDGE ( 'NONE', *, *, #651, .F. ) ;
#2063 = AXIS2_PLACEMENT_3D ( 'NONE', #7903, #5858, #7084 ) ;
#2064 = ORIENTED_EDGE ( 'NONE', *, *, #5895, .T. ) ;
#2065 = DIRECTION ( 'NONE',  ( 0.000000000000000000, 0.000000000000000000, -1.000000000000000000 ) ) ;
#2066 = CARTESIAN_POINT ( 'NONE',  ( 30.50000000000000000, 0.000000000000000000, 0.000000000000000000 ) ) ;
#2067 = FACE_OUTER_BOUND ( 'NONE', #3108, .T. ) ;
#2068 = DIRECTION ( 'NONE',  ( 1.000000000000000000, 0.000000000000000000, 0.000000000000000000 ) ) ;
#2069 = CARTESIAN_POINT ( 'NONE',  ( 8.673462919562420709E-14, -1.387778780781244043E-14, 91.00000000000000000 ) ) ;
#2070 = ORIENTED_EDGE ( 'NONE', *, *, #5937, .T. ) ;
#2071 = EDGE_LOOP ( 'NONE', ( #6648, #7176 ) ) ;
#2072 = FACE_BOUND ( 'NONE', #1745, .T. ) ;
#2073 = VERTEX_POINT ( 'NONE', #1149 ) ;
#2074 = DIRECTION ( 'NONE',  ( 0.000000000000000000, 1.000000000000000000, 0.000000000000000000 ) ) ;
#2075 = AXIS2_PLACEMENT_3D ( 'NONE', #2399, #1737, #7927 ) ;
#2076 = PLANE ( 'NONE',  #3505 ) ;
#2077 = CARTESIAN_POINT ( 'NONE',  ( 0.000000000000000000, 24.39999999999999858, 0.000000000000000000 ) ) ;
#2078 = CARTESIAN_POINT ( 'NONE',  ( 18.73499399519520381, 34.20000000000000284, -6.999999999999995559 ) ) ;
#2079 = CARTESIAN_POINT ( 'NONE',  ( -16.86149459567567632, 34.20000000000000284, 6.299999999999999822 ) ) ;
#2080 = AXIS2_PLACEMENT_3D ( 'NONE', #6650, #3634, #2841 ) ;
#2081 = ORIENTED_EDGE ( 'NONE', *, *, #7551, .T. ) ;
#2082 = LINE ( 'NONE', #281, #2461 ) ;
#2083 = ORIENTED_EDGE ( 'NONE', *, *, #1305, .T. ) ;
#2084 = AXIS2_PLACEMENT_3D ( 'NONE', #1443, #7793, #1486 ) ;
#2085 = DIRECTION ( 'NONE',  ( -1.000000000000000000, -0.000000000000000000, -0.000000000000000000 ) ) ;
#2086 = EDGE_CURVE ( 'NONE', #8017, #6489, #7364, .T. ) ;
#2087 = DIRECTION ( 'NONE',  ( -0.000000000000000000, -1.000000000000000000, -0.000000000000000000 ) ) ;
#2088 = LINE ( 'NONE', #2048, #3594 ) ;
#2089 = FACE_BOUND ( 'NONE', #6885, .T. ) ;
#2090 = EDGE_CURVE ( 'NONE', #2190, #7296, #2287, .T. ) ;
#2091 = ORIENTED_EDGE ( 'NONE', *, *, #3211, .F. ) ;
#2092 = ADVANCED_FACE ( 'NONE', ( #7282 ), #8068, .F. ) ;
#2093 = EDGE_LOOP ( 'NONE', ( #5704, #2721 ) ) ;
#2094 = VERTEX_POINT ( 'NONE', #3491 ) ;
#2095 = EDGE_CURVE ( 'NONE', #6407, #2223, #1857, .T. ) ;
#2096 = DIRECTION ( 'NONE',  ( 0.000000000000000000, 0.000000000000000000, 1.000000000000000000 ) ) ;
#2097 = FACE_OUTER_BOUND ( 'NONE', #6522, .T. ) ;
#2098 = DIRECTION ( 'NONE',  ( -0.000000000000000000, -1.000000000000000000, -0.000000000000000000 ) ) ;
#2099 = EDGE_CURVE ( 'NONE', #4043, #6760, #5427, .T. ) ;
#2100 = CARTESIAN_POINT ( 'NONE',  ( 29.50000000000000000, 0.000000000000000000, 4.790000000000005365 ) ) ;
#2101 = ORIENTED_EDGE ( 'NONE', *, *, #5683, .T. ) ;
#2102 = VERTEX_POINT ( 'NONE', #1226 ) ;
#2103 = DIRECTION ( 'NONE',  ( -0.000000000000000000, -1.000000000000000000, -0.000000000000000000 ) ) ;
#2104 = DIRECTION ( 'NONE',  ( -0.000000000000000000, -0.000000000000000000, 1.000000000000000000 ) ) ;
#2105 = CARTESIAN_POINT ( 'NONE',  ( 26.00000000000000355, 0.000000000000000000, -4.990000000000003766 ) ) ;
#2106 = AXIS2_PLACEMENT_3D ( 'NONE', #3196, #7482, #1913 ) ;
#2107 = FACE_OUTER_BOUND ( 'NONE', #5906, .T. ) ;
#2108 = ADVANCED_FACE ( 'NONE', ( #2615 ), #4351, .T. ) ;
#2109 = APPLICATION_PROTOCOL_DEFINITION ( 'draft international standard', 'automotive_design', 1998, #5878 ) ;
#2110 =( GEOMETRIC_REPRESENTATION_CONTEXT ( 3 ) GLOBAL_UNCERTAINTY_ASSIGNED_CONTEXT ( ( #2219 ) ) GLOBAL_UNIT_ASSIGNED_CONTEXT ( ( #3044, #4325, #4910 ) ) REPRESENTATION_CONTEXT ( 'NONE', 'WORKASPACE' ) );
#2111 = VERTEX_POINT ( 'NONE', #6223 ) ;
#2112 = ORIENTED_EDGE ( 'NONE', *, *, #6257, .F. ) ;
#2113 = DIRECTION ( 'NONE',  ( 0.000000000000000000, 0.000000000000000000, -1.000000000000000000 ) ) ;
#2114 = ORIENTED_EDGE ( 'NONE', *, *, #1713, .T. ) ;
#2115 = DIRECTION ( 'NONE',  ( 0.000000000000000000, 0.000000000000000000, 1.000000000000000000 ) ) ;
#2116 = AXIS2_PLACEMENT_3D ( 'NONE', #5400, #1027, #3238 ) ;
#2117 = VECTOR ( 'NONE', #2043, 1000.000000000000000 ) ;
#2118 = DIRECTION ( 'NONE',  ( 0.000000000000000000, 1.000000000000000000, 0.000000000000000000 ) ) ;
#2119 = DIRECTION ( 'NONE',  ( 0.000000000000000000, 0.000000000000000000, 1.000000000000000000 ) ) ;
#2120 = DIRECTION ( 'NONE',  ( -1.000000000000000000, -0.000000000000000000, -0.000000000000000000 ) ) ;
#2121 = CIRCLE ( 'NONE', #4240, 1.649999999999998579 ) ;
#2122 = CARTESIAN_POINT ( 'NONE',  ( 0.000000000000000000, 0.000000000000000000, 0.000000000000000000 ) ) ;
#2123 = AXIS2_PLACEMENT_3D ( 'NONE', #4883, #5513, #469 ) ;
#2124 = AXIS2_PLACEMENT_3D ( 'NONE', #1122, #3627, #4822 ) ;
#2125 = CIRCLE ( 'NONE', #1733, 44.50000000000000711 ) ;
#2126 = ORIENTED_EDGE ( 'NONE', *, *, #1453, .T. ) ;
#2127 = AXIS2_PLACEMENT_3D ( 'NONE', #3895, #137, #6419 ) ;
#2128 = CARTESIAN_POINT ( 'NONE',  ( 11.31370849898465991, 7.066904755831209251, -9.663708498984860285 ) ) ;
#2129 = EDGE_LOOP ( 'NONE', ( #5865, #4446, #6742, #253 ) ) ;
#2130 = AXIS2_PLACEMENT_3D ( 'NONE', #1974, #3305, #1491 ) ;
#2131 = CARTESIAN_POINT ( 'NONE',  ( 0.000000000000000000, 13.39999999999999858, 0.000000000000000000 ) ) ;
#2132 = LINE ( 'NONE', #5900, #7514 ) ;
#2133 = DIRECTION ( 'NONE',  ( -0.000000000000000000, -0.000000000000000000, 1.000000000000000000 ) ) ;
#2134 = DIRECTION ( 'NONE',  ( 0.000000000000000000, -0.000000000000000000, -1.000000000000000000 ) ) ;
#2135 = ORIENTED_EDGE ( 'NONE', *, *, #5183, .T. ) ;
#2136 = AXIS2_PLACEMENT_3D ( 'NONE', #68, #608, #8109 ) ;
#2137 = ORIENTED_EDGE ( 'NONE', *, *, #138, .F. ) ;
#2138 = DIRECTION ( 'NONE',  ( 0.000000000000000000, 0.000000000000000000, 1.000000000000000000 ) ) ;
#2139 = ORIENTED_EDGE ( 'NONE', *, *, #3629, .T. ) ;
#2140 = DIRECTION ( 'NONE',  ( -0.000000000000000000, 1.000000000000000000, -0.000000000000000000 ) ) ;
#2141 = EDGE_CURVE ( 'NONE', #890, #918, #7381, .T. ) ;
#2142 = AXIS2_PLACEMENT_3D ( 'NONE', #1558, #954, #3456 ) ;
#2143 = AXIS2_PLACEMENT_3D ( 'NONE', #3099, #6777, #587 ) ;
#2144 = EDGE_CURVE ( 'NONE', #1125, #4437, #6871, .T. ) ;
#2145 = CARTESIAN_POINT ( 'NONE',  ( -2.000000000000000000, 7.228416147400480440, -15.52417469626002777 ) ) ;
#2146 = ORIENTED_EDGE ( 'NONE', *, *, #3667, .T. ) ;
#2147 = AXIS2_PLACEMENT_3D ( 'NONE', #7385, #4265, #6782 ) ;
#2148 = EDGE_CURVE ( 'NONE', #3459, #1031, #605, .T. ) ;
#2149 = AXIS2_PLACEMENT_3D ( 'NONE', #210, #6404, #7713 ) ;
#2150 = VERTEX_POINT ( 'NONE', #4977 ) ;
#2151 = FACE_BOUND ( 'NONE', #1861, .T. ) ;
#2152 = DIRECTION ( 'NONE',  ( 0.000000000000000000, 0.000000000000000000, -1.000000000000000000 ) ) ;
#2153 = CARTESIAN_POINT ( 'NONE',  ( 23.00000000000000000, 34.20000000000000284, -4.999999999999995559 ) ) ;
#2154 = CARTESIAN_POINT ( 'NONE',  ( 14.00000000000000000, 0.000000000000000000, -7.490000000000001990 ) ) ;
#2155 = EDGE_CURVE ( 'NONE', #4583, #1362, #6874, .T. ) ;
#2156 = PRODUCT_DEFINITION_FORMATION_WITH_SPECIFIED_SOURCE ( 'ANY', '', #1282, .NOT_KNOWN. ) ;
#2157 = DIRECTION ( 'NONE',  ( -2.134403764841863449E-14, -1.000000000000000222, 2.301860540759332853E-16 ) ) ;
#2158 = ORIENTED_EDGE ( 'NONE', *, *, #6150, .F. ) ;
#2159 = EDGE_LOOP ( 'NONE', ( #6464, #5942, #5725, #6961 ) ) ;
#2160 = CARTESIAN_POINT ( 'NONE',  ( 0.000000000000000000, 27.60000000000000142, -35.00000000000000000 ) ) ;
#2161 = EDGE_CURVE ( 'NONE', #2685, #484, #1719, .T. ) ;
#2162 = EDGE_LOOP ( 'NONE', ( #2333, #6678, #789, #5991 ) ) ;
#2163 = CARTESIAN_POINT ( 'NONE',  ( 2.999999999999998224, 29.80000000000000426, -25.00000000000000000 ) ) ;
#2164 = DIRECTION ( 'NONE',  ( -0.000000000000000000, -1.000000000000000000, -0.000000000000000000 ) ) ;
#2165 = DIRECTION ( 'NONE',  ( 0.000000000000000000, -1.000000000000000000, 0.000000000000000000 ) ) ;
#2166 = DIRECTION ( 'NONE',  ( 0.000000000000000000, 0.000000000000000000, 1.000000000000000000 ) ) ;
#2167 = VERTEX_POINT ( 'NONE', #1982 ) ;
#2168 = EDGE_CURVE ( 'NONE', #5873, #5819, #1190, .T. ) ;
#2169 = CARTESIAN_POINT ( 'NONE',  ( 0.000000000000000000, 0.000000000000000000, 7.490000000000001990 ) ) ;
#2170 = ORIENTED_EDGE ( 'NONE', *, *, #1348, .F. ) ;
#2171 = CARTESIAN_POINT ( 'NONE',  ( 5.510910596163090344E-15, 35.39999999999999858, 45.00000000000000711 ) ) ;
#2172 = CARTESIAN_POINT ( 'NONE',  ( 113.3000000000000114, 6.110987527745310280E-16, -4.990000000000013536 ) ) ;
#2173 = VERTEX_POINT ( 'NONE', #3742 ) ;
#2174 = CARTESIAN_POINT ( 'NONE',  ( 14.00000000000000000, -1.999999999999997335, 7.228416147400479552 ) ) ;
#2175 = ORIENTED_EDGE ( 'NONE', *, *, #3864, .T. ) ;
#2176 = CARTESIAN_POINT ( 'NONE',  ( 14.00000000000000000, 2.000000000000002665, 7.228416147400479552 ) ) ;
#2177 = DIRECTION ( 'NONE',  ( 0.000000000000000000, 0.000000000000000000, 1.000000000000000000 ) ) ;
#2178 = DIRECTION ( 'NONE',  ( 0.000000000000000000, 1.000000000000000000, 0.000000000000000000 ) ) ;
#2179 = DIRECTION ( 'NONE',  ( 0.000000000000000000, 0.000000000000000000, 1.000000000000000000 ) ) ;
#2180 = DIRECTION ( 'NONE',  ( 0.000000000000000000, 0.000000000000000000, 1.000000000000000000 ) ) ;
#2181 = ORIENTED_EDGE ( 'NONE', *, *, #3559, .T. ) ;
#2182 = ORIENTED_EDGE ( 'NONE', *, *, #3005, .F. ) ;
#2183 = DIRECTION ( 'NONE',  ( 1.734723475976806306E-15, 0.000000000000000000, 1.000000000000000000 ) ) ;
#2184 = AXIS2_PLACEMENT_3D ( 'NONE', #2900, #5439, #2284 ) ;
#2185 = CARTESIAN_POINT ( 'NONE',  ( 39.50000000000000711, 6.110987527745302392E-16, -4.990000000000004654 ) ) ;
#2186 = CARTESIAN_POINT ( 'NONE',  ( 14.00000000000000000, 0.000000000000000000, 0.000000000000000000 ) ) ;
#2187 = EDGE_CURVE ( 'NONE', #7101, #6513, #5015, .T. ) ;
#2188 = DIRECTION ( 'NONE',  ( -0.000000000000000000, -0.000000000000000000, -1.000000000000000000 ) ) ;
#2189 = PRODUCT_CONTEXT ( 'NONE', #2871, 'mechanical' ) ;
#2190 = VERTEX_POINT ( 'NONE', #567 ) ;
#2191 = AXIS2_PLACEMENT_3D ( 'NONE', #7660, #1267, #2002 ) ;
#2192 = ORIENTED_EDGE ( 'NONE', *, *, #4397, .F. ) ;
#2193 = CARTESIAN_POINT ( 'NONE',  ( 0.000000000000000000, 22.20000000000000284, -45.00000000000000711 ) ) ;
#2194 = ORIENTED_EDGE ( 'NONE', *, *, #3074, .F. ) ;
#2195 = FACE_OUTER_BOUND ( 'NONE', #1061, .T. ) ;
#2196 = EDGE_CURVE ( 'NONE', #3299, #7235, #6877, .T. ) ;
#2197 = LINE ( 'NONE', #7197, #4436 ) ;
#2198 = EDGE_CURVE ( 'NONE', #5211, #4227, #8107, .T. ) ;
#2199 = CIRCLE ( 'NONE', #7871, 25.00000000000000000 ) ;
#2200 = CARTESIAN_POINT ( 'NONE',  ( 14.00000000000000000, 0.000000000000000000, 0.000000000000000000 ) ) ;
#2201 = DIRECTION ( 'NONE',  ( -0.000000000000000000, -1.000000000000000000, -0.000000000000000000 ) ) ;
#2202 = ADVANCED_FACE ( 'NONE', ( #8142 ), #2494, .F. ) ;
#2203 = ORIENTED_EDGE ( 'NONE', *, *, #542, .T. ) ;
#2204 = AXIS2_PLACEMENT_3D ( 'NONE', #475, #4813, #5481 ) ;
#2205 = DIRECTION ( 'NONE',  ( -0.000000000000000000, 1.000000000000000000, -0.000000000000000000 ) ) ;
#2206 = ORIENTED_EDGE ( 'NONE', *, *, #4176, .T. ) ;
#2207 = DIRECTION ( 'NONE',  ( 0.000000000000000000, -0.000000000000000000, -1.000000000000000000 ) ) ;
#2208 = PRODUCT_RELATED_PRODUCT_CATEGORY ( 'part', '', ( #1282 ) ) ;
#2209 = ADVANCED_FACE ( 'NONE', ( #66 ), #641, .F. ) ;
#2210 = VECTOR ( 'NONE', #7225, 1000.000000000000000 ) ;
#2211 = DIRECTION ( 'NONE',  ( -0.000000000000000000, 1.000000000000000000, -0.000000000000000000 ) ) ;
#2212 = VERTEX_POINT ( 'NONE', #6914 ) ;
#2213 = FACE_OUTER_BOUND ( 'NONE', #4461, .T. ) ;
#2214 = AXIS2_PLACEMENT_3D ( 'NONE', #3762, #626, #5746 ) ;
#2215 = ORIENTED_EDGE ( 'NONE', *, *, #2155, .F. ) ;
#2216 = DIRECTION ( 'NONE',  ( 0.000000000000000000, 0.000000000000000000, -1.000000000000000000 ) ) ;
#2217 = FACE_BOUND ( 'NONE', #4130, .T. ) ;
#2218 = DIRECTION ( 'NONE',  ( -0.000000000000000000, -1.000000000000000000, -0.000000000000000000 ) ) ;
#2219 = UNCERTAINTY_MEASURE_WITH_UNIT (LENGTH_MEASURE( 1.000000000000000082E-05 ), #3044, 'distance_accuracy_value', 'NONE');
#2220 = DIRECTION ( 'NONE',  ( -1.000000000000000000, -0.000000000000000000, -0.000000000000000000 ) ) ;
#2221 = FACE_BOUND ( 'NONE', #5433, .T. ) ;
#2222 = ORIENTED_EDGE ( 'NONE', *, *, #8074, .T. ) ;
#2223 = VERTEX_POINT ( 'NONE', #1260 ) ;
#2224 = CARTESIAN_POINT ( 'NONE',  ( -2.000000000000000000, -7.228416147400480440, 0.000000000000000000 ) ) ;
#2225 = PLANE ( 'NONE',  #7526 ) ;
#2226 = EDGE_CURVE ( 'NONE', #3760, #2801, #821, .T. ) ;
#2227 = CARTESIAN_POINT ( 'NONE',  ( 24.00000000000000000, 2.000000000000002665, 7.218039900139096687 ) ) ;
#2228 = FACE_OUTER_BOUND ( 'NONE', #3292, .T. ) ;
#2229 = VERTEX_POINT ( 'NONE', #1948 ) ;
#2230 = ORIENTED_EDGE ( 'NONE', *, *, #200, .F. ) ;
#2231 = DIRECTION ( 'NONE',  ( -1.000000000000000000, 0.000000000000000000, 0.000000000000000000 ) ) ;
#2232 = ORIENTED_EDGE ( 'NONE', *, *, #5548, .F. ) ;
#2233 = DIRECTION ( 'NONE',  ( 0.000000000000000000, 0.000000000000000000, 1.000000000000000000 ) ) ;
#2234 = CARTESIAN_POINT ( 'NONE',  ( 0.000000000000000000, 0.000000000000000000, 0.000000000000000000 ) ) ;
#2235 = DIRECTION ( 'NONE',  ( 0.000000000000000000, 0.000000000000000000, 1.000000000000000000 ) ) ;
#2236 = ADVANCED_FACE ( 'NONE', ( #3153 ), #5675, .F. ) ;
#2237 = DIRECTION ( 'NONE',  ( 0.000000000000000000, 0.000000000000000000, -1.000000000000000000 ) ) ;
#2238 = VECTOR ( 'NONE', #2584, 1000.000000000000000 ) ;
#2239 = EDGE_CURVE ( 'NONE', #2223, #6407, #7922, .T. ) ;
#2240 = EDGE_CURVE ( 'NONE', #3352, #5412, #4683, .T. ) ;
#2241 = ORIENTED_EDGE ( 'NONE', *, *, #3667, .F. ) ;
#2242 = AXIS2_PLACEMENT_3D ( 'NONE', #5137, #3697, #6981 ) ;
#2243 = CIRCLE ( 'NONE', #4631, 1.649999999999997025 ) ;
#2244 = ORIENTED_EDGE ( 'NONE', *, *, #2966, .F. ) ;
#2245 = CYLINDRICAL_SURFACE ( 'NONE', #896, 2.000000000000000000 ) ;
#2246 = EDGE_CURVE ( 'NONE', #1059, #4758, #7390, .T. ) ;
#2247 = EDGE_LOOP ( 'NONE', ( #7064, #3259 ) ) ;
#2248 = PLANE ( 'NONE',  #952 ) ;
#2249 = AXIS2_PLACEMENT_3D ( 'NONE', #4222, #7887, #4764 ) ;
#2250 = CARTESIAN_POINT ( 'NONE',  ( 113.3000000000000114, 0.000000000000000000, 0.000000000000000000 ) ) ;
#2251 = CIRCLE ( 'NONE', #5963, 40.00000000000000000 ) ;
#2252 = EDGE_CURVE ( 'NONE', #7976, #3120, #2918, .T. ) ;
#2253 = AXIS2_PLACEMENT_3D ( 'NONE', #1097, #349, #1015 ) ;
#2254 = ORIENTED_EDGE ( 'NONE', *, *, #3415, .F. ) ;
#2255 = DIRECTION ( 'NONE',  ( 0.000000000000000000, 0.000000000000000000, 1.000000000000000000 ) ) ;
#2256 = AXIS2_PLACEMENT_3D ( 'NONE', #3607, #2317, #6785 ) ;
#2257 = CIRCLE ( 'NONE', #5032, 4.790000000000006253 ) ;
#2258 = EDGE_LOOP ( 'NONE', ( #7014, #3543, #430, #6050 ) ) ;
#2259 = DIRECTION ( 'NONE',  ( 0.000000000000000000, 0.000000000000000000, 1.000000000000000000 ) ) ;
#2260 = CARTESIAN_POINT ( 'NONE',  ( -23.00000000000000000, 34.20000000000000284, -5.000000000000000000 ) ) ;
#2261 = DIRECTION ( 'NONE',  ( 0.000000000000000000, 0.000000000000000000, 1.000000000000000000 ) ) ;
#2262 = CIRCLE ( 'NONE', #3852, 44.50000000000000711 ) ;
#2263 = CARTESIAN_POINT ( 'NONE',  ( 0.000000000000000000, 0.000000000000000000, 230.0000000000000000 ) ) ;
#2264 = VECTOR ( 'NONE', #5870, 1000.000000000000000 ) ;
#2265 = LINE ( 'NONE', #3548, #3339 ) ;
#2266 = EDGE_LOOP ( 'NONE', ( #2621, #7872 ) ) ;
#2267 = ORIENTED_EDGE ( 'NONE', *, *, #7501, .F. ) ;
#2268 = ORIENTED_EDGE ( 'NONE', *, *, #2414, .T. ) ;
#2269 = DIRECTION ( 'NONE',  ( 0.000000000000000000, 0.000000000000000000, 1.000000000000000000 ) ) ;
#2270 = AXIS2_PLACEMENT_3D ( 'NONE', #1113, #2995, #5990 ) ;
#2271 = CIRCLE ( 'NONE', #5982, 7.490000000000002878 ) ;
#2272 = DIRECTION ( 'NONE',  ( 0.000000000000000000, 0.000000000000000000, 1.000000000000000000 ) ) ;
#2273 = CARTESIAN_POINT ( 'NONE',  ( 0.000000000000000000, 31.00000000000000355, 0.000000000000000000 ) ) ;
#2274 = DIRECTION ( 'NONE',  ( -0.000000000000000000, 1.000000000000000000, -0.000000000000000000 ) ) ;
#2275 = CARTESIAN_POINT ( 'NONE',  ( 21.00000000000000000, 29.80000000000000426, 0.000000000000000000 ) ) ;
#2276 = CIRCLE ( 'NONE', #4400, 44.50000000000000711 ) ;
#2277 = ITEM_DEFINED_TRANSFORMATION ( 'NONE', 'NONE', #328,  #2426 ) ;
#2278 = VERTEX_POINT ( 'NONE', #929 ) ;
#2279 = VECTOR ( 'NONE', #2737, 1000.000000000000000 ) ;
#2280 = ORIENTED_EDGE ( 'NONE', *, *, #978, .T. ) ;
#2281 = DIRECTION ( 'NONE',  ( 0.000000000000000000, 0.000000000000000000, 1.000000000000000000 ) ) ;
#2282 = ORIENTED_EDGE ( 'NONE', *, *, #1937, .F. ) ;
#2283 = LINE ( 'NONE', #2412, #6833 ) ;
#2284 = DIRECTION ( 'NONE',  ( 0.000000000000000000, 0.000000000000000000, -1.000000000000000000 ) ) ;
#2285 = CIRCLE ( 'NONE', #7032, 2.000000000000001776 ) ;
#2286 = DIRECTION ( 'NONE',  ( -1.000000000000000000, -0.000000000000000000, -0.000000000000000000 ) ) ;
#2287 = LINE ( 'NONE', #4233, #3707 ) ;
#2288 = CARTESIAN_POINT ( 'NONE',  ( 4.000000000000000000, 0.000000000000000000, 4.790000000000001812 ) ) ;
#2289 = ORIENTED_EDGE ( 'NONE', *, *, #3968, .T. ) ;
#2290 = ADVANCED_FACE ( 'NONE', ( #5304 ), #4558, .F. ) ;
#2291 = ORIENTED_EDGE ( 'NONE', *, *, #5348, .F. ) ;
#2292 = DIRECTION ( 'NONE',  ( 1.000000000000000000, -0.000000000000000000, -0.000000000000000000 ) ) ;
#2293 = VERTEX_POINT ( 'NONE', #6420 ) ;
#2294 = CARTESIAN_POINT ( 'NONE',  ( 2.000000000000000000, 4.582575694955840717, 244.1421356237309794 ) ) ;
#2295 = DIRECTION ( 'NONE',  ( -0.000000000000000000, -1.000000000000000000, -0.000000000000000000 ) ) ;
#2296 = EDGE_CURVE ( 'NONE', #5123, #5249, #1087, .T. ) ;
#2297 = VERTEX_POINT ( 'NONE', #4019 ) ;
#2298 = CARTESIAN_POINT ( 'NONE',  ( 0.000000000000000000, 26.60000000000000142, 44.50000000000000711 ) ) ;
#2299 = ORIENTED_EDGE ( 'NONE', *, *, #1555, .F. ) ;
#2300 = CARTESIAN_POINT ( 'NONE',  ( 0.000000000000000000, 29.80000000000000426, 0.000000000000000000 ) ) ;
#2301 = PLANE ( 'NONE',  #2902 ) ;
#2302 = FACE_BOUND ( 'NONE', #4887, .T. ) ;
#2303 = EDGE_CURVE ( 'NONE', #1115, #2094, #7810, .T. ) ;
#2304 = EDGE_CURVE ( 'NONE', #5286, #3299, #5162, .T. ) ;
#2305 = PRODUCT_DEFINITION_CONTEXT ( 'detailed design', #4453, 'design' ) ;
#2306 = DIRECTION ( 'NONE',  ( 0.000000000000000000, 0.000000000000000000, 1.000000000000000000 ) ) ;
#2307 = DIRECTION ( 'NONE',  ( -1.000000000000000000, -0.000000000000000000, -0.000000000000000000 ) ) ;
#2308 = ADVANCED_FACE ( 'NONE', ( #5921 ), #6508, .T. ) ;
#2309 = ORIENTED_EDGE ( 'NONE', *, *, #4117, .F. ) ;
#2310 = ORIENTED_EDGE ( 'NONE', *, *, #3815, .T. ) ;
#2311 = CARTESIAN_POINT ( 'NONE',  ( 0.000000000000000000, 0.000000000000000000, 20.00000000000000000 ) ) ;
#2312 = CARTESIAN_POINT ( 'NONE',  ( 0.000000000000000000, 0.000000000000000000, 0.000000000000000000 ) ) ;
#2313 = DIRECTION ( 'NONE',  ( -0.000000000000000000, 0.000000000000000000, 1.000000000000000000 ) ) ;
#2314 = DIRECTION ( 'NONE',  ( -0.000000000000000000, 1.000000000000000000, -0.000000000000000000 ) ) ;
#2315 = PRODUCT_DEFINITION ( 'UNKNOWN', '', #2156, #5466 ) ;
#2316 = EDGE_CURVE ( 'NONE', #6065, #5371, #6226, .T. ) ;
#2317 = DIRECTION ( 'NONE',  ( -0.000000000000000000, -1.000000000000000000, -0.000000000000000000 ) ) ;
#2318 = ITEM_DEFINED_TRANSFORMATION ( 'NONE', 'NONE', #2819,  #2426 ) ;
#2319 = EDGE_LOOP ( 'NONE', ( #7097, #5390, #5108, #3200 ) ) ;
#2320 = ORIENTED_EDGE ( 'NONE', *, *, #497, .F. ) ;
#2321 = DIRECTION ( 'NONE',  ( 0.000000000000000000, 0.000000000000000000, 1.000000000000000000 ) ) ;
#2322 = VECTOR ( 'NONE', #4313, 1000.000000000000000 ) ;
#2323 = ORIENTED_EDGE ( 'NONE', *, *, #3802, .T. ) ;
#2324 = CARTESIAN_POINT ( 'NONE',  ( 11.31370849898465991, 7.066904755831209251, -12.96370849898485744 ) ) ;
#2325 = CYLINDRICAL_SURFACE ( 'NONE', #3249, 25.00000000000000000 ) ;
#2326 = DIRECTION ( 'NONE',  ( 1.000000000000000000, 0.000000000000000000, 0.000000000000000000 ) ) ;
#2327 = FACE_BOUND ( 'NONE', #7996, .T. ) ;
#2328 = AXIS2_PLACEMENT_3D ( 'NONE', #4084, #7684, #7297 ) ;
#2329 = DIRECTION ( 'NONE',  ( 1.000000000000000000, 0.000000000000000000, 0.000000000000000000 ) ) ;
#2330 = ORIENTED_EDGE ( 'NONE', *, *, #5361, .F. ) ;
#2331 = EDGE_LOOP ( 'NONE', ( #4891, #1142, #791, #7986 ) ) ;
#2332 = CARTESIAN_POINT ( 'NONE',  ( -2.000000000000000000, 7.228416147400480440, 245.5241746962600473 ) ) ;
#2333 = ORIENTED_EDGE ( 'NONE', *, *, #7037, .T. ) ;
#2334 = DIRECTION ( 'NONE',  ( -1.000000000000000000, 2.168404344971008868E-16, 0.000000000000000000 ) ) ;
#2335 = ADVANCED_FACE ( 'NONE', ( #2107 ), #2654, .F. ) ;
#2336 = CIRCLE ( 'NONE', #6047, 2.000000000000000000 ) ;
#2337 = ORIENTED_EDGE ( 'NONE', *, *, #6343, .T. ) ;
#2338 = LINE ( 'NONE', #5460, #3256 ) ;
#2339 = ORIENTED_EDGE ( 'NONE', *, *, #2469, .T. ) ;
#2340 = DIRECTION ( 'NONE',  ( -0.000000000000000000, -0.000000000000000000, 1.000000000000000000 ) ) ;
#2341 = ADVANCED_FACE ( 'NONE', ( #5838 ), #188, .F. ) ;
#2342 = CIRCLE ( 'NONE', #1041, 6.300000000000000711 ) ;
#2343 = FACE_BOUND ( 'NONE', #7568, .T. ) ;
#2344 = CARTESIAN_POINT ( 'NONE',  ( 29.50000000000000000, 0.000000000000000000, 0.000000000000000000 ) ) ;
#2345 = EDGE_CURVE ( 'NONE', #7515, #2821, #2651, .T. ) ;
#2346 = FACE_OUTER_BOUND ( 'NONE', #527, .T. ) ;
#2347 = DIRECTION ( 'NONE',  ( 0.000000000000000000, -1.000000000000000000, 0.000000000000000000 ) ) ;
#2348 = EDGE_CURVE ( 'NONE', #5308, #8017, #7152, .T. ) ;
#2349 = VECTOR ( 'NONE', #3344, 1000.000000000000000 ) ;
#2350 = EDGE_CURVE ( 'NONE', #243, #1165, #156, .T. ) ;
#2351 = EDGE_LOOP ( 'NONE', ( #1206, #7753 ) ) ;
#2352 = EDGE_LOOP ( 'NONE', ( #6608, #444 ) ) ;
#2353 = EDGE_CURVE ( 'NONE', #4782, #5470, #224, .T. ) ;
#2354 = CARTESIAN_POINT ( 'NONE',  ( 0.000000000000000000, 0.000000000000000000, 42.79999999999996874 ) ) ;
#2355 = PLANE ( 'NONE',  #4664 ) ;
#2356 = DIRECTION ( 'NONE',  ( -1.000000000000000000, -0.000000000000000000, -0.000000000000000000 ) ) ;
#2357 = AXIS2_PLACEMENT_3D ( 'NONE', #2881, #7254, #2259 ) ;
#2358 = CARTESIAN_POINT ( 'NONE',  ( 21.00000000000000000, 29.80000000000000426, -2.499999999999998668 ) ) ;
#2359 = AXIS2_PLACEMENT_3D ( 'NONE', #6392, #5767, #2626 ) ;
#2360 = DIRECTION ( 'NONE',  ( 0.000000000000000000, 1.000000000000000000, 0.000000000000000000 ) ) ;
#2361 = ORIENTED_EDGE ( 'NONE', *, *, #5500, .T. ) ;
#2362 = VERTEX_POINT ( 'NONE', #4054 ) ;
#2363 = CARTESIAN_POINT ( 'NONE',  ( 6.299999999999998046, 34.20000000000000284, -16.86149459567567632 ) ) ;
#2364 = VERTEX_POINT ( 'NONE', #6581 ) ;
#2365 = DIRECTION ( 'NONE',  ( 0.000000000000000000, 1.000000000000000000, 0.000000000000000000 ) ) ;
#2366 = DIRECTION ( 'NONE',  ( 0.000000000000000000, 0.000000000000000000, -1.000000000000000000 ) ) ;
#2367 = CARTESIAN_POINT ( 'NONE',  ( 38.50000000000000000, 0.000000000000000000, 0.000000000000000000 ) ) ;
#2368 = EDGE_CURVE ( 'NONE', #7624, #8084, #2733, .T. ) ;
#2369 = CARTESIAN_POINT ( 'NONE',  ( 1.999999999999999112, -10.77032961426900748, 4.582575694955840717 ) ) ;
#2370 = DIRECTION ( 'NONE',  ( -1.000000000000000000, -0.000000000000000000, -0.000000000000000000 ) ) ;
#2371 = ADVANCED_FACE ( 'NONE', ( #5967 ), #6131, .F. ) ;
#2372 = CARTESIAN_POINT ( 'NONE',  ( 0.000000000000000000, 0.000000000000000000, 0.000000000000000000 ) ) ;
#2373 = ORIENTED_EDGE ( 'NONE', *, *, #2704, .T. ) ;
#2374 = EDGE_LOOP ( 'NONE', ( #6820, #2960, #3129, #1121 ) ) ;
#2375 = DIRECTION ( 'NONE',  ( 0.000000000000000000, -0.000000000000000000, -1.000000000000000000 ) ) ;
#2376 = ORIENTED_EDGE ( 'NONE', *, *, #5590, .F. ) ;
#2377 = DIRECTION ( 'NONE',  ( 1.000000000000000000, 0.000000000000000000, 0.000000000000000000 ) ) ;
#2378 = AXIS2_PLACEMENT_3D ( 'NONE', #5327, #4577, #4616 ) ;
#2379 = CARTESIAN_POINT ( 'NONE',  ( 0.000000000000000000, 33.20000000000000284, 0.000000000000000000 ) ) ;
#2380 = CIRCLE ( 'NONE', #4230, 1.649999999999998579 ) ;
#2381 = VERTEX_POINT ( 'NONE', #7314 ) ;
#2382 = EDGE_CURVE ( 'NONE', #3967, #7625, #3581, .T. ) ;
#2383 = CARTESIAN_POINT ( 'NONE',  ( 11.76470588235294024, -22.05882352941176450, 0.000000000000000000 ) ) ;
#2384 = ORIENTED_EDGE ( 'NONE', *, *, #4442, .F. ) ;
#2385 = CARTESIAN_POINT ( 'NONE',  ( -11.31370849898465991, 10.00000000000000000, -11.31370849898485886 ) ) ;
#2386 = AXIS2_PLACEMENT_3D ( 'NONE', #3814, #5877, #1379 ) ;
#2387 = AXIS2_PLACEMENT_3D ( 'NONE', #3409, #5938, #1477 ) ;
#2388 = DIRECTION ( 'NONE',  ( 0.000000000000000000, 1.000000000000000000, 0.000000000000000000 ) ) ;
#2389 =( LENGTH_UNIT ( ) NAMED_UNIT ( * ) SI_UNIT ( .MILLI., .METRE. ) );
#2390 = AXIS2_PLACEMENT_3D ( 'NONE', #468, #6662, #4882 ) ;
#2391 = CARTESIAN_POINT ( 'NONE',  ( 5.021051876504148963E-15, 35.39999999999999858, -41.00000000000000000 ) ) ;
#2392 = CYLINDRICAL_SURFACE ( 'NONE', #5852, 27.00000000000000000 ) ;
#2393 = AXIS2_PLACEMENT_3D ( 'NONE', #3690, #6936, #554 ) ;
#2394 = VECTOR ( 'NONE', #2356, 1000.000000000000000 ) ;
#2395 = ORIENTED_EDGE ( 'NONE', *, *, #8004, .T. ) ;
#2396 = VECTOR ( 'NONE', #3067, 1000.000000000000000 ) ;
#2397 = EDGE_LOOP ( 'NONE', ( #3140, #4160, #6037, #1506, #2637, #4116, #2384, #6928 ) ) ;
#2398 = EDGE_CURVE ( 'NONE', #1706, #2229, #7229, .T. ) ;
#2399 = CARTESIAN_POINT ( 'NONE',  ( 0.000000000000000000, 0.000000000000000000, 0.000000000000000000 ) ) ;
#2400 = FACE_OUTER_BOUND ( 'NONE', #6923, .T. ) ;
#2401 = PLANE ( 'NONE',  #1471 ) ;
#2402 = EDGE_CURVE ( 'NONE', #4886, #6485, #387, .T. ) ;
#2403 = CIRCLE ( 'NONE', #6496, 5.000000000000000000 ) ;
#2404 = DIRECTION ( 'NONE',  ( 1.000000000000000000, 0.000000000000000000, 0.000000000000000000 ) ) ;
#2405 = DIRECTION ( 'NONE',  ( -1.000000000000000000, -0.000000000000000000, -0.000000000000000000 ) ) ;
#2406 = EDGE_CURVE ( 'NONE', #1760, #4935, #4844, .T. ) ;
#2407 = ORIENTED_EDGE ( 'NONE', *, *, #5712, .T. ) ;
#2408 = VECTOR ( 'NONE', #1519, 1000.000000000000000 ) ;
#2409 = CARTESIAN_POINT ( 'NONE',  ( 0.000000000000000000, 22.19999999999999929, 44.50000000000000711 ) ) ;
#2410 = AXIS2_PLACEMENT_3D ( 'NONE', #1240, #658, #2510 ) ;
#2411 = ORIENTED_EDGE ( 'NONE', *, *, #5030, .T. ) ;
#2412 = CARTESIAN_POINT ( 'NONE',  ( 25.00000000000000000, 29.80000000000000426, 5.000000000000000000 ) ) ;
#2413 = CARTESIAN_POINT ( 'NONE',  ( 0.000000000000000000, 34.20000000000000284, 0.000000000000000000 ) ) ;
#2414 = EDGE_CURVE ( 'NONE', #1450, #6489, #2524, .T. ) ;
#2415 = DIRECTION ( 'NONE',  ( 0.000000000000000000, 0.000000000000000000, 1.000000000000000000 ) ) ;
#2416 = VECTOR ( 'NONE', #4226, 1000.000000000000000 ) ;
#2417 = CARTESIAN_POINT ( 'NONE',  ( 25.00000000000000000, 34.20000000000000284, 5.000000000000000000 ) ) ;
#2418 = AXIS2_PLACEMENT_3D ( 'NONE', #2845, #923, #3422 ) ;
#2419 = CARTESIAN_POINT ( 'NONE',  ( 50.00000000000001421, 93.75000000000009948, 0.000000000000000000 ) ) ;
#2420 = DIRECTION ( 'NONE',  ( 0.000000000000000000, 0.000000000000000000, 1.000000000000000000 ) ) ;
#2421 = EDGE_CURVE ( 'NONE', #3377, #503, #8011, .T. ) ;
#2422 = ORIENTED_EDGE ( 'NONE', *, *, #107, .T. ) ;
#2423 = ORIENTED_EDGE ( 'NONE', *, *, #1353, .T. ) ;
#2424 = FACE_OUTER_BOUND ( 'NONE', #4468, .T. ) ;
#2425 = AXIS2_PLACEMENT_3D ( 'NONE', #2609, #4129, #5332 ) ;
#2426 = AXIS2_PLACEMENT_3D ( 'NONE', #2372, #7567, #3082 ) ;
#2427 = ORIENTED_EDGE ( 'NONE', *, *, #3555, .F. ) ;
#2428 = CARTESIAN_POINT ( 'NONE',  ( 4.000000000000000000, 6.110987527745294503E-16, -4.990000000000001101 ) ) ;
#2429 = EDGE_CURVE ( 'NONE', #2530, #1760, #6995, .T. ) ;
#2430 = EDGE_LOOP ( 'NONE', ( #7307, #6207 ) ) ;
#2431 = DIRECTION ( 'NONE',  ( 0.000000000000000000, 1.000000000000000000, 0.000000000000000000 ) ) ;
#2432 = ORIENTED_EDGE ( 'NONE', *, *, #4482, .F. ) ;
#2433 = DIRECTION ( 'NONE',  ( -0.000000000000000000, 1.000000000000000000, -0.000000000000000000 ) ) ;
#2434 =( NAMED_UNIT ( * ) SI_UNIT ( $, .STERADIAN. ) SOLID_ANGLE_UNIT ( ) );
#2435 = CARTESIAN_POINT ( 'NONE',  ( 0.000000000000000000, 9.000000000000001776, -45.00000000000000711 ) ) ;
#2436 = CARTESIAN_POINT ( 'NONE',  ( 1.224646799147250347E-18, 0.000000000000000000, 4.990000000000000213 ) ) ;
#2437 = ORIENTED_EDGE ( 'NONE', *, *, #2712, .T. ) ;
#2438 = VERTEX_POINT ( 'NONE', #7933 ) ;
#2439 = CARTESIAN_POINT ( 'NONE',  ( 3.643324227463371446E-15, 0.000000000000000000, -29.74999999999997158 ) ) ;
#2440 = DIRECTION ( 'NONE',  ( -0.000000000000000000, -1.000000000000000000, -0.000000000000000000 ) ) ;
#2441 = PLANE ( 'NONE',  #3729 ) ;
#2442 = LINE ( 'NONE', #3876, #2396 ) ;
#2443 = DIRECTION ( 'NONE',  ( -1.000000000000000000, -0.000000000000000000, -0.000000000000000000 ) ) ;
#2444 = EDGE_LOOP ( 'NONE', ( #2476, #2468, #4165, #2496 ) ) ;
#2445 = DIRECTION ( 'NONE',  ( -0.000000000000000000, 1.000000000000000000, -0.000000000000000000 ) ) ;
#2446 = EDGE_LOOP ( 'NONE', ( #3408, #4073 ) ) ;
#2447 = DIRECTION ( 'NONE',  ( 1.000000000000000000, 0.000000000000000000, -0.000000000000000000 ) ) ;
#2448 = CARTESIAN_POINT ( 'NONE',  ( 2.000000000000000000, 7.228416147400480440, 0.000000000000000000 ) ) ;
#2449 = EDGE_CURVE ( 'NONE', #1354, #5642, #5569, .T. ) ;
#2450 = CARTESIAN_POINT ( 'NONE',  ( 16.00000000000000000, -4.666904755831215112, -1.649999999999998579 ) ) ;
#2451 = APPLICATION_CONTEXT ( 'automotive_design' ) ;
#2452 = DIRECTION ( 'NONE',  ( 0.000000000000000000, 0.000000000000000000, -1.000000000000000000 ) ) ;
#2453 = ADVANCED_FACE ( 'NONE', ( #2228 ), #4808, .T. ) ;
#2454 = AXIS2_PLACEMENT_3D ( 'NONE', #4653, #1544, #6631 ) ;
#2455 = VERTEX_POINT ( 'NONE', #1698 ) ;
#2456 = DIRECTION ( 'NONE',  ( -1.000000000000000000, -0.000000000000000000, -0.000000000000000000 ) ) ;
#2457 = EDGE_CURVE ( 'NONE', #5249, #6836, #1658, .T. ) ;
#2458 = VERTEX_POINT ( 'NONE', #1742 ) ;
#2459 = CARTESIAN_POINT ( 'NONE',  ( 11.31370849898490150, 10.00000000000000000, -11.31370849898462261 ) ) ;
#2460 = ORIENTED_EDGE ( 'NONE', *, *, #3924, .F. ) ;
#2461 = VECTOR ( 'NONE', #2205, 1000.000000000000000 ) ;
#2462 = CARTESIAN_POINT ( 'NONE',  ( 30.50000000000000000, 0.000000000000000000, 0.000000000000000000 ) ) ;
#2463 = ADVANCED_FACE ( 'NONE', ( #3515 ), #4268, .F. ) ;
#2464 = PRESENTATION_STYLE_ASSIGNMENT (( #6920 ) ) ;
#2465 = EDGE_LOOP ( 'NONE', ( #4614, #7582 ) ) ;
#2466 = CIRCLE ( 'NONE', #235, 6.300000000000000711 ) ;
#2467 = CARTESIAN_POINT ( 'NONE',  ( 5.449678256205721981E-15, 15.59999999999999964, -44.50000000000000711 ) ) ;
#2468 = ORIENTED_EDGE ( 'NONE', *, *, #6756, .T. ) ;
#2469 = EDGE_CURVE ( 'NONE', #1760, #5220, #7271, .T. ) ;
#2470 = DIRECTION ( 'NONE',  ( -0.000000000000000000, -0.000000000000000000, 1.000000000000000000 ) ) ;
#2471 = DIRECTION ( 'NONE',  ( 1.000000000000000000, 0.000000000000000000, 0.000000000000000000 ) ) ;
#2472 = PRODUCT_DEFINITION_SHAPE ( 'NONE', 'NONE',  #8153 ) ;
#2473 = AXIS2_PLACEMENT_3D ( 'NONE', #6474, #205, #7120 ) ;
#2474 = FACE_OUTER_BOUND ( 'NONE', #2258, .T. ) ;
#2475 = DIRECTION ( 'NONE',  ( -0.000000000000000000, 1.000000000000000000, -0.000000000000000000 ) ) ;
#2476 = ORIENTED_EDGE ( 'NONE', *, *, #871, .F. ) ;
#2477 = AXIS2_PLACEMENT_3D ( 'NONE', #5394, #7278, #7940 ) ;
#2478 = EDGE_LOOP ( 'NONE', ( #5927, #114, #1019, #3941 ) ) ;
#2479 = DIRECTION ( 'NONE',  ( -1.000000000000000000, 0.000000000000000000, 0.000000000000000000 ) ) ;
#2480 = CARTESIAN_POINT ( 'NONE',  ( 14.00000000000000000, 6.110987527745294503E-16, -4.990000000000001101 ) ) ;
#2481 = CYLINDRICAL_SURFACE ( 'NONE', #1878, 4.990000000000005542 ) ;
#2482 = DIRECTION ( 'NONE',  ( 0.000000000000000000, -1.000000000000000000, 0.000000000000000000 ) ) ;
#2483 = DIRECTION ( 'NONE',  ( 0.000000000000000000, 1.000000000000000000, -0.000000000000000000 ) ) ;
#2484 = AXIS2_PLACEMENT_3D ( 'NONE', #6781, #4262, #3642 ) ;
#2485 = EDGE_LOOP ( 'NONE', ( #211, #2585, #4272, #5131 ) ) ;
#2486 = CARTESIAN_POINT ( 'NONE',  ( 0.000000000000000000, 33.20000000000000284, -45.00000000000000711 ) ) ;
#2487 = ORIENTED_EDGE ( 'NONE', *, *, #2141, .T. ) ;
#2488 = ADVANCED_FACE ( 'NONE', ( #979 ), #1055, .F. ) ;
#2489 = CARTESIAN_POINT ( 'NONE',  ( 0.000000000000000000, 0.000000000000000000, 0.000000000000000000 ) ) ;
#2490 = CIRCLE ( 'NONE', #3143, 1.649999999999998579 ) ;
#2491 = CARTESIAN_POINT ( 'NONE',  ( 14.00000000000000000, 6.110987527745294503E-16, -4.990000000000001101 ) ) ;
#2492 = CIRCLE ( 'NONE', #6969, 18.00000000000000355 ) ;
#2493 = DIRECTION ( 'NONE',  ( 0.000000000000000000, 0.000000000000000000, 1.000000000000000000 ) ) ;
#2494 = CYLINDRICAL_SURFACE ( 'NONE', #418, 2.000000000000000000 ) ;
#2495 = SHAPE_REPRESENTATION_RELATIONSHIP ( 'NONE' , 'NONE' ,  #7959, #7621 ) ;
#2496 = ORIENTED_EDGE ( 'NONE', *, *, #5956, .T. ) ;
#2497 = ORIENTED_EDGE ( 'NONE', *, *, #7542, .F. ) ;
#2498 = DIRECTION ( 'NONE',  ( 0.000000000000000000, 0.000000000000000000, 1.000000000000000000 ) ) ;
#2499 = ORIENTED_EDGE ( 'NONE', *, *, #5933, .T. ) ;
#2500 = DIRECTION ( 'NONE',  ( 0.000000000000000000, 1.000000000000000000, 0.000000000000000000 ) ) ;
#2501 = EDGE_CURVE ( 'NONE', #4437, #6908, #5437, .T. ) ;
#2502 = CARTESIAN_POINT ( 'NONE',  ( 0.000000000000000000, 0.000000000000000000, 0.000000000000000000 ) ) ;
#2503 = ADVANCED_FACE ( 'NONE', ( #5476 ), #7975, .T. ) ;
#2504 = FILL_AREA_STYLE_COLOUR ( '', #6346 ) ;
#2505 = EDGE_LOOP ( 'NONE', ( #3282, #3147 ) ) ;
#2506 = ADVANCED_FACE ( 'NONE', ( #1140 ), #511, .T. ) ;
#2507 = DIRECTION ( 'NONE',  ( -1.000000000000000000, -0.000000000000000000, -0.000000000000000000 ) ) ;
#2508 = VERTEX_POINT ( 'NONE', #2567 ) ;
#2509 = DIRECTION ( 'NONE',  ( 0.000000000000000000, 0.000000000000000000, 1.000000000000000000 ) ) ;
#2510 = DIRECTION ( 'NONE',  ( 0.000000000000000000, 0.000000000000000000, 1.000000000000000000 ) ) ;
#2511 = EDGE_CURVE ( 'NONE', #5308, #4878, #1825, .T. ) ;
#2512 = DIRECTION ( 'NONE',  ( -0.000000000000000000, 1.000000000000000000, -0.000000000000000000 ) ) ;
#2513 = COLOUR_RGB ( '',0.7921568627450980005, 0.8196078431372548767, 0.9333333333333333481 ) ;
#2514 = DIRECTION ( 'NONE',  ( 0.000000000000000000, 0.000000000000000000, 1.000000000000000000 ) ) ;
#2515 = VERTEX_POINT ( 'NONE', #3845 ) ;
#2516 = ORIENTED_EDGE ( 'NONE', *, *, #3025, .F. ) ;
#2517 = VECTOR ( 'NONE', #2201, 1000.000000000000000 ) ;
#2518 = VECTOR ( 'NONE', #1395, 1000.000000000000000 ) ;
#2519 = ORIENTED_EDGE ( 'NONE', *, *, #5756, .F. ) ;
#2520 = CARTESIAN_POINT ( 'NONE',  ( 5.510910596163090344E-15, 17.80000000000000426, 45.00000000000000711 ) ) ;
#2521 = EDGE_LOOP ( 'NONE', ( #7130, #2267, #1306, #2700, #4252, #409 ) ) ;
#2522 = VECTOR ( 'NONE', #1997, 1000.000000000000000 ) ;
#2523 = DIRECTION ( 'NONE',  ( -0.000000000000000000, -1.000000000000000000, -0.000000000000000000 ) ) ;
#2524 = CIRCLE ( 'NONE', #6738, 7.500000000000000888 ) ;
#2525 = DIRECTION ( 'NONE',  ( 1.000000000000000000, 0.000000000000000000, 0.000000000000000000 ) ) ;
#2526 = AXIS2_PLACEMENT_3D ( 'NONE', #1832, #4349, #6870 ) ;
#2527 = AXIS2_PLACEMENT_3D ( 'NONE', #4681, #6580, #3237 ) ;
#2528 = ORIENTED_EDGE ( 'NONE', *, *, #6146, .F. ) ;
#2529 = DIRECTION ( 'NONE',  ( 0.000000000000000000, 1.000000000000000000, 0.000000000000000000 ) ) ;
#2530 = VERTEX_POINT ( 'NONE', #7558 ) ;
#2531 = LINE ( 'NONE', #3191, #632 ) ;
#2532 = AXIS2_PLACEMENT_3D ( 'NONE', #755, #5787, #3964 ) ;
#2533 = AXIS2_PLACEMENT_3D ( 'NONE', #4626, #5910, #7060 ) ;
#2534 = CARTESIAN_POINT ( 'NONE',  ( 2.000000000000000000, 7.228416147400480440, -15.52417469626002777 ) ) ;
#2535 = CARTESIAN_POINT ( 'NONE',  ( 50.00000000000002842, 12.49999999999999645, 210.0000000000000284 ) ) ;
#2536 = DIRECTION ( 'NONE',  ( -0.000000000000000000, 1.000000000000000000, -0.000000000000000000 ) ) ;
#2537 = AXIS2_PLACEMENT_3D ( 'NONE', #5863, #1479, #209 ) ;
#2538 = AXIS2_PLACEMENT_3D ( 'NONE', #7005, #4539, #1356 ) ;
#2539 = ORIENTED_EDGE ( 'NONE', *, *, #1536, .F. ) ;
#2540 = DIRECTION ( 'NONE',  ( -0.000000000000000000, -0.000000000000000000, 1.000000000000000000 ) ) ;
#2541 = VERTEX_POINT ( 'NONE', #3803 ) ;
#2542 = CARTESIAN_POINT ( 'NONE',  ( 0.000000000000000000, 0.000000000000000000, 0.000000000000000000 ) ) ;
#2543 = CYLINDRICAL_SURFACE ( 'NONE', #1532, 4.990000000000004654 ) ;
#2544 = AXIS2_PLACEMENT_3D ( 'NONE', #6729, #417, #1007 ) ;
#2545 = DIRECTION ( 'NONE',  ( -1.000000000000000000, -0.000000000000000000, -0.000000000000000000 ) ) ;
#2546 = FACE_OUTER_BOUND ( 'NONE', #3769, .T. ) ;
#2547 = AXIS2_PLACEMENT_3D ( 'NONE', #6294, #4429, #634 ) ;
#2548 = ORIENTED_EDGE ( 'NONE', *, *, #5444, .T. ) ;
#2549 = AXIS2_PLACEMENT_3D ( 'NONE', #525, #7409, #8071 ) ;
#2550 = DIRECTION ( 'NONE',  ( 0.000000000000000000, 0.000000000000000000, 1.000000000000000000 ) ) ;
#2551 = ORIENTED_EDGE ( 'NONE', *, *, #5136, .T. ) ;
#2552 = CARTESIAN_POINT ( 'NONE',  ( 0.000000000000000000, 26.60000000000000142, 0.000000000000000000 ) ) ;
#2553 = CARTESIAN_POINT ( 'NONE',  ( 2.202694860469042645E-13, 29.80000000000000426, -23.49999999999999645 ) ) ;
#2554 = EDGE_CURVE ( 'NONE', #6352, #5976, #4344, .T. ) ;
#2555 = AXIS2_PLACEMENT_3D ( 'NONE', #854, #7812, #5185 ) ;
#2556 = DIRECTION ( 'NONE',  ( 0.000000000000000000, 1.000000000000000000, 0.000000000000000000 ) ) ;
#2557 = DIRECTION ( 'NONE',  ( -0.000000000000000000, -0.000000000000000000, 1.000000000000000000 ) ) ;
#2558 = VERTEX_POINT ( 'NONE', #1936 ) ;
#2559 = ORIENTED_EDGE ( 'NONE', *, *, #749, .T. ) ;
#2560 = EDGE_LOOP ( 'NONE', ( #7026, #7881, #6410, #7817 ) ) ;
#2561 = EDGE_CURVE ( 'NONE', #7101, #5091, #426, .T. ) ;
#2562 = EDGE_CURVE ( 'NONE', #790, #6903, #6882, .T. ) ;
#2563 = LINE ( 'NONE', #3063, #4069 ) ;
#2564 = ORIENTED_EDGE ( 'NONE', *, *, #8055, .T. ) ;
#2565 = DIRECTION ( 'NONE',  ( 0.000000000000000000, 0.000000000000000000, 1.000000000000000000 ) ) ;
#2566 = EDGE_CURVE ( 'NONE', #6104, #2278, #3068, .T. ) ;
#2567 = CARTESIAN_POINT ( 'NONE',  ( 113.3000000000000114, 0.000000000000000000, 4.990000000000013536 ) ) ;
#2568 = ORIENTED_EDGE ( 'NONE', *, *, #6497, .F. ) ;
#2569 = CARTESIAN_POINT ( 'NONE',  ( 14.00000000000000000, 0.000000000000000000, 0.000000000000000000 ) ) ;
#2570 = VERTEX_POINT ( 'NONE', #1321 ) ;
#2571 = CYLINDRICAL_SURFACE ( 'NONE', #5913, 7.490000000000001990 ) ;
#2572 = DIRECTION ( 'NONE',  ( -1.000000000000000000, -0.000000000000000000, -0.000000000000000000 ) ) ;
#2573 = EDGE_CURVE ( 'NONE', #2102, #8084, #6097, .T. ) ;
#2574 = EDGE_CURVE ( 'NONE', #390, #5080, #1601, .T. ) ;
#2575 = DIRECTION ( 'NONE',  ( -0.000000000000000000, -0.000000000000000000, 1.000000000000000000 ) ) ;
#2576 = DIRECTION ( 'NONE',  ( 0.000000000000000000, 0.000000000000000000, 1.000000000000000000 ) ) ;
#2577 =( NAMED_UNIT ( * ) SI_UNIT ( $, .STERADIAN. ) SOLID_ANGLE_UNIT ( ) );
#2578 = ORIENTED_EDGE ( 'NONE', *, *, #7403, .F. ) ;
#2579 = DIRECTION ( 'NONE',  ( -0.000000000000000000, -1.000000000000000000, -0.000000000000000000 ) ) ;
#2580 = VERTEX_POINT ( 'NONE', #8131 ) ;
#2581 = CARTESIAN_POINT ( 'NONE',  ( 5.000000000000000000, 0.000000000000000000, 0.000000000000000000 ) ) ;
#2582 = DIRECTION ( 'NONE',  ( 1.000000000000000000, 0.000000000000000000, 0.000000000000000000 ) ) ;
#2583 = CARTESIAN_POINT ( 'NONE',  ( 6.999999999999998224, 34.20000000000000284, -18.73499399519520026 ) ) ;
#2584 = DIRECTION ( 'NONE',  ( -0.000000000000000000, -1.000000000000000000, -0.000000000000000000 ) ) ;
#2585 = ORIENTED_EDGE ( 'NONE', *, *, #1851, .T. ) ;
#2586 = LINE ( 'NONE', #700, #758 ) ;
#2587 = CIRCLE ( 'NONE', #1663, 25.00000000000000000 ) ;
#2588 = ORIENTED_EDGE ( 'NONE', *, *, #190, .T. ) ;
#2589 = LINE ( 'NONE', #4995, #2518 ) ;
#2590 = LINE ( 'NONE', #1925, #7283 ) ;
#2591 = CARTESIAN_POINT ( 'NONE',  ( 14.00000000000000000, -1.999999999999997335, 4.571662717217885863 ) ) ;
#2592 = AXIS2_PLACEMENT_3D ( 'NONE', #1307, #7706, #5770 ) ;
#2593 = CARTESIAN_POINT ( 'NONE',  ( -5.000000000000001776, 34.20000000000000284, 18.73499399519520026 ) ) ;
#2594 = ORIENTED_EDGE ( 'NONE', *, *, #301, .F. ) ;
#2595 = ORIENTED_EDGE ( 'NONE', *, *, #6852, .F. ) ;
#2596 = ORIENTED_EDGE ( 'NONE', *, *, #7592, .T. ) ;
#2597 = DIRECTION ( 'NONE',  ( 0.000000000000000000, 0.000000000000000000, 1.000000000000000000 ) ) ;
#2598 = AXIS2_PLACEMENT_3D ( 'NONE', #4481, #5065, #7487 ) ;
#2599 = VERTEX_POINT ( 'NONE', #4307 ) ;
#2600 = FACE_BOUND ( 'NONE', #4352, .T. ) ;
#2601 = ADVANCED_FACE ( 'NONE', ( #1281 ), #1866, .F. ) ;
#2602 = EDGE_CURVE ( 'NONE', #4085, #4261, #293, .T. ) ;
#2603 = DIRECTION ( 'NONE',  ( -0.000000000000000000, 1.000000000000000000, -0.000000000000000000 ) ) ;
#2604 = EDGE_CURVE ( 'NONE', #7731, #3699, #7930, .T. ) ;
#2605 = PRODUCT_DEFINITION_SHAPE ( 'NONE', 'NONE',  #6862 ) ;
#2606 = VECTOR ( 'NONE', #4892, 1000.000000000000000 ) ;
#2607 = EDGE_CURVE ( 'NONE', #4858, #7555, #3229, .T. ) ;
#2608 = ORIENTED_EDGE ( 'NONE', *, *, #5396, .F. ) ;
#2609 = CARTESIAN_POINT ( 'NONE',  ( -11.31370849898474162, -2.500000000000000000, 11.31370849898478248 ) ) ;
#2610 = ORIENTED_EDGE ( 'NONE', *, *, #1794, .F. ) ;
#2611 = CARTESIAN_POINT ( 'NONE',  ( 39.50000000000000000, 5.866058167915828348E-16, -4.790000000000005365 ) ) ;
#2612 = CARTESIAN_POINT ( 'NONE',  ( 11.31370849898465991, -2.500000000000000000, -11.31370849898485886 ) ) ;
#2613 = AXIS2_PLACEMENT_3D ( 'NONE', #4180, #6127, #5472 ) ;
#2614 = CARTESIAN_POINT ( 'NONE',  ( 11.31370849898474162, 10.00000000000000000, 9.663708498984782125 ) ) ;
#2615 = FACE_OUTER_BOUND ( 'NONE', #4282, .T. ) ;
#2616 = EDGE_CURVE ( 'NONE', #6856, #5139, #6620, .T. ) ;
#2617 = EDGE_LOOP ( 'NONE', ( #8136, #514, #5573, #7264, #5973, #6278, #2499, #2460 ) ) ;
#2618 = ORIENTED_EDGE ( 'NONE', *, *, #73, .T. ) ;
#2619 = LINE ( 'NONE', #6227, #7806 ) ;
#2620 = AXIS2_PLACEMENT_3D ( 'NONE', #2722, #2638, #4585 ) ;
#2621 = ORIENTED_EDGE ( 'NONE', *, *, #33, .F. ) ;
#2622 = CARTESIAN_POINT ( 'NONE',  ( 11.31370849898482156, 2.399999999999999467, 12.96370849898469935 ) ) ;
#2623 = AXIS2_PLACEMENT_3D ( 'NONE', #2583, #5106, #7610 ) ;
#2624 = DIRECTION ( 'NONE',  ( 0.000000000000000000, 0.000000000000000000, 1.000000000000000000 ) ) ;
#2625 = LINE ( 'NONE', #6518, #2003 ) ;
#2626 = DIRECTION ( 'NONE',  ( 0.000000000000000000, 0.000000000000000000, -1.000000000000000000 ) ) ;
#2627 = VERTEX_POINT ( 'NONE', #57 ) ;
#2628 = CYLINDRICAL_SURFACE ( 'NONE', #2858, 4.990000000000009095 ) ;
#2629 = EDGE_LOOP ( 'NONE', ( #1018, #5843 ) ) ;
#2630 = CARTESIAN_POINT ( 'NONE',  ( 50.00000000000000000, -93.75000000000008527, 0.000000000000000000 ) ) ;
#2631 = CARTESIAN_POINT ( 'NONE',  ( 0.000000000000000000, 6.110987527745294503E-16, -4.990000000000001101 ) ) ;
#2632 = CARTESIAN_POINT ( 'NONE',  ( 5.510910596163090344E-15, 13.40000000000000213, 45.00000000000000711 ) ) ;
#2633 = DIRECTION ( 'NONE',  ( 0.000000000000000000, 0.000000000000000000, 1.000000000000000000 ) ) ;
#2634 = CARTESIAN_POINT ( 'NONE',  ( 50.00000000000000000, -93.75000000000008527, 210.0000000000000284 ) ) ;
#2635 = VERTEX_POINT ( 'NONE', #1180 ) ;
#2636 = ORIENTED_EDGE ( 'NONE', *, *, #8101, .T. ) ;
#2637 = ORIENTED_EDGE ( 'NONE', *, *, #7041, .T. ) ;
#2638 = DIRECTION ( 'NONE',  ( -0.000000000000000000, -1.000000000000000000, -0.000000000000000000 ) ) ;
#2639 = VERTEX_POINT ( 'NONE', #6905 ) ;
#2640 = CYLINDRICAL_SURFACE ( 'NONE', #7533, 1.649999999999998579 ) ;
#2641 = CARTESIAN_POINT ( 'NONE',  ( 5.449678256205721981E-15, 33.20000000000000284, -44.50000000000000711 ) ) ;
#2642 = AXIS2_PLACEMENT_3D ( 'NONE', #202, #5981, #5806 ) ;
#2643 = VECTOR ( 'NONE', #5113, 1000.000000000000000 ) ;
#2644 = EDGE_CURVE ( 'NONE', #7856, #7584, #8063, .T. ) ;
#2645 = ORIENTED_EDGE ( 'NONE', *, *, #6685, .F. ) ;
#2646 = CYLINDRICAL_SURFACE ( 'NONE', #7030, 4.990000000000000213 ) ;
#2647 = CIRCLE ( 'NONE', #3835, 4.990000000000000213 ) ;
#2648 = ORIENTED_EDGE ( 'NONE', *, *, #3285, .T. ) ;
#2649 = CARTESIAN_POINT ( 'NONE',  ( 26.00000000000000000, 6.110987527745297461E-16, -4.990000000000003766 ) ) ;
#2650 = FACE_OUTER_BOUND ( 'NONE', #6265, .T. ) ;
#2651 = CIRCLE ( 'NONE', #7132, 44.50000000000000711 ) ;
#2652 = CARTESIAN_POINT ( 'NONE',  ( 23.00000000000000000, 34.20000000000000284, -2.999999999999996003 ) ) ;
#2653 = EDGE_CURVE ( 'NONE', #3280, #7674, #1732, .T. ) ;
#2654 = CYLINDRICAL_SURFACE ( 'NONE', #678, 1.649999999999997025 ) ;
#2655 = CIRCLE ( 'NONE', #6492, 4.990000000000004654 ) ;
#2656 = DIRECTION ( 'NONE',  ( 0.000000000000000000, 0.000000000000000000, 1.000000000000000000 ) ) ;
#2657 = VERTEX_POINT ( 'NONE', #7511 ) ;
#2658 = CIRCLE ( 'NONE', #1987, 4.790000000000005365 ) ;
#2659 = ORIENTED_EDGE ( 'NONE', *, *, #498, .F. ) ;
#2660 = CARTESIAN_POINT ( 'NONE',  ( 0.000000000000000000, 35.39999999999999858, 0.000000000000000000 ) ) ;
#2661 = AXIS2_PLACEMENT_3D ( 'NONE', #4016, #7688, #5300 ) ;
#2662 = EDGE_LOOP ( 'NONE', ( #4768, #2137, #1308, #6027 ) ) ;
#2663 = DIRECTION ( 'NONE',  ( 0.000000000000000000, 0.000000000000000000, 1.000000000000000000 ) ) ;
#2664 = DIRECTION ( 'NONE',  ( 0.000000000000000000, 0.000000000000000000, -1.000000000000000000 ) ) ;
#2665 = CARTESIAN_POINT ( 'NONE',  ( -25.00000000000000000, 34.20000000000000284, -5.000000000000000000 ) ) ;
#2666 = DIRECTION ( 'NONE',  ( -0.000000000000000000, -1.000000000000000000, -0.000000000000000000 ) ) ;
#2667 = AXIS2_PLACEMENT_3D ( 'NONE', #4257, #6611, #8000 ) ;
#2668 = VECTOR ( 'NONE', #6493, 1000.000000000000000 ) ;
#2669 = EDGE_CURVE ( 'NONE', #193, #1671, #7790, .T. ) ;
#2670 = VERTEX_POINT ( 'NONE', #3765 ) ;
#2671 = DIRECTION ( 'NONE',  ( 0.000000000000000000, 0.000000000000000000, -1.000000000000000000 ) ) ;
#2672 = AXIS2_PLACEMENT_3D ( 'NONE', #7266, #5272, #2119 ) ;
#2673 =( GEOMETRIC_REPRESENTATION_CONTEXT ( 3 ) GLOBAL_UNCERTAINTY_ASSIGNED_CONTEXT ( ( #2057 ) ) GLOBAL_UNIT_ASSIGNED_CONTEXT ( ( #2389, #4298, #2434 ) ) REPRESENTATION_CONTEXT ( 'NONE', 'WORKASPACE' ) );
#2674 = ORIENTED_EDGE ( 'NONE', *, *, #1437, .F. ) ;
#2675 = DIRECTION ( 'NONE',  ( 0.000000000000000000, 0.000000000000000000, 1.000000000000000000 ) ) ;
#2676 = CARTESIAN_POINT ( 'NONE',  ( 0.000000000000000000, 6.800000000000000711, 0.000000000000000000 ) ) ;
#2677 = PRODUCT ( 'Link3', 'Link3', '', ( #225 ) ) ;
#2678 = ADVANCED_FACE ( 'NONE', ( #6291 ), #631, .F. ) ;
#2679 = ADVANCED_FACE ( 'NONE', ( #6537 ), #5254, .T. ) ;
#2680 = CARTESIAN_POINT ( 'NONE',  ( 49.99999999999999289, -12.50000000000000711, 20.00000000000000000 ) ) ;
#2681 = AXIS2_PLACEMENT_3D ( 'NONE', #2312, #1694, #4218 ) ;
#2682 = DIRECTION ( 'NONE',  ( 1.000000000000000000, 0.000000000000000000, 0.000000000000000000 ) ) ;
#2683 = LINE ( 'NONE', #3297, #5723 ) ;
#2684 = VERTEX_POINT ( 'NONE', #3385 ) ;
#2685 = VERTEX_POINT ( 'NONE', #7182 ) ;
#2686 = VERTEX_POINT ( 'NONE', #3888 ) ;
#2687 = CARTESIAN_POINT ( 'NONE',  ( 6.999999999999998224, 29.80000000000000426, -18.73499399519520026 ) ) ;
#2688 = AXIS2_PLACEMENT_3D ( 'NONE', #7065, #7834, #7873 ) ;
#2689 = ORIENTED_EDGE ( 'NONE', *, *, #6551, .T. ) ;
#2690 = DIRECTION ( 'NONE',  ( -0.000000000000000000, -0.000000000000000000, -1.000000000000000000 ) ) ;
#2691 = CARTESIAN_POINT ( 'NONE',  ( 0.000000000000000000, 28.80000000000000071, 45.00000000000000711 ) ) ;
#2692 = ORIENTED_EDGE ( 'NONE', *, *, #2099, .F. ) ;
#2693 = ORIENTED_EDGE ( 'NONE', *, *, #1691, .T. ) ;
#2694 = DIRECTION ( 'NONE',  ( 1.000000000000000000, -0.000000000000000000, 0.000000000000000000 ) ) ;
#2695 = DIRECTION ( 'NONE',  ( 0.000000000000000000, 0.000000000000000000, 1.000000000000000000 ) ) ;
#2696 = DIRECTION ( 'NONE',  ( 0.000000000000000000, 0.000000000000000000, 1.000000000000000000 ) ) ;
#2697 = DIRECTION ( 'NONE',  ( -0.000000000000000000, -1.000000000000000000, -0.000000000000000000 ) ) ;
#2698 = APPLICATION_PROTOCOL_DEFINITION ( 'draft international standard', 'automotive_design', 1998, #6413 ) ;
#2699 = ORIENTED_EDGE ( 'NONE', *, *, #289, .F. ) ;
#2700 = ORIENTED_EDGE ( 'NONE', *, *, #5544, .T. ) ;
#2701 = LINE ( 'NONE', #4687, #4003 ) ;
#2702 = EDGE_LOOP ( 'NONE', ( #3239, #2004, #1077, #3497 ) ) ;
#2703 = FACE_OUTER_BOUND ( 'NONE', #6808, .T. ) ;
#2704 = EDGE_CURVE ( 'NONE', #7250, #7904, #797, .T. ) ;
#2705 = DIRECTION ( 'NONE',  ( -1.000000000000000000, -0.000000000000000000, -0.000000000000000000 ) ) ;
#2706 = CARTESIAN_POINT ( 'NONE',  ( -2.000000000000000000, 7.228416147400480440, 0.000000000000000000 ) ) ;
#2707 = CARTESIAN_POINT ( 'NONE',  ( -16.00000000000000000, -2.500000000000000000, -1.649999999999998579 ) ) ;
#2708 = EDGE_CURVE ( 'NONE', #2455, #618, #7680, .T. ) ;
#2709 = CYLINDRICAL_SURFACE ( 'NONE', #3045, 1.649999999999998579 ) ;
#2710 = EDGE_CURVE ( 'NONE', #4657, #1871, #1527, .T. ) ;
#2711 = VERTEX_POINT ( 'NONE', #2100 ) ;
#2712 = EDGE_CURVE ( 'NONE', #5703, #2053, #130, .T. ) ;
#2713 = LINE ( 'NONE', #7744, #1163 ) ;
#2714 = ORIENTED_EDGE ( 'NONE', *, *, #1253, .F. ) ;
#2715 = DIRECTION ( 'NONE',  ( 0.000000000000000000, 0.000000000000000000, 1.000000000000000000 ) ) ;
#2716 = CARTESIAN_POINT ( 'NONE',  ( 2.199633243471174140E-13, 34.20000000000000284, -18.50000000000000000 ) ) ;
#2717 = DIRECTION ( 'NONE',  ( -0.000000000000000000, -0.000000000000000000, 1.000000000000000000 ) ) ;
#2718 = LINE ( 'NONE', #5210, #5061 ) ;
#2719 = EDGE_LOOP ( 'NONE', ( #5666, #6416, #5085, #1580 ) ) ;
#2720 = ORIENTED_EDGE ( 'NONE', *, *, #4220, .F. ) ;
#2721 = ORIENTED_EDGE ( 'NONE', *, *, #7848, .T. ) ;
#2722 = CARTESIAN_POINT ( 'NONE',  ( 0.000000000000000000, 35.39999999999999858, 0.000000000000000000 ) ) ;
#2723 = DIRECTION ( 'NONE',  ( 0.000000000000000000, -0.000000000000000000, 1.000000000000000000 ) ) ;
#2724 = CARTESIAN_POINT ( 'NONE',  ( 0.000000000000000000, 9.000000000000001776, 44.50000000000000711 ) ) ;
#2725 = AXIS2_PLACEMENT_3D ( 'NONE', #2022, #7251, #6647 ) ;
#2726 = DIRECTION ( 'NONE',  ( -1.000000000000000000, -0.000000000000000000, -0.000000000000000000 ) ) ;
#2727 = ORIENTED_EDGE ( 'NONE', *, *, #4546, .T. ) ;
#2728 = AXIS2_PLACEMENT_3D ( 'NONE', #4982, #6275, #70 ) ;
#2729 = ORIENTED_EDGE ( 'NONE', *, *, #647, .F. ) ;
#2730 = DIRECTION ( 'NONE',  ( 0.000000000000000000, 0.000000000000000000, 1.000000000000000000 ) ) ;
#2731 = DIRECTION ( 'NONE',  ( 0.000000000000000000, 0.000000000000000000, 1.000000000000000000 ) ) ;
#2732 = FACE_OUTER_BOUND ( 'NONE', #4428, .T. ) ;
#2733 = LINE ( 'NONE', #5263, #4902 ) ;
#2734 = APPLICATION_PROTOCOL_DEFINITION ( 'draft international standard', 'automotive_design', 1998, #3617 ) ;
#2735 = ORIENTED_EDGE ( 'NONE', *, *, #5285, .F. ) ;
#2736 = VERTEX_POINT ( 'NONE', #921 ) ;
#2737 = DIRECTION ( 'NONE',  ( -0.000000000000000000, -1.000000000000000000, -0.000000000000000000 ) ) ;
#2738 = ORIENTED_EDGE ( 'NONE', *, *, #6292, .F. ) ;
#2739 = DIRECTION ( 'NONE',  ( 0.000000000000000000, 0.000000000000000000, 1.000000000000000000 ) ) ;
#2740 = VECTOR ( 'NONE', #3510, 1000.000000000000000 ) ;
#2741 = FACE_BOUND ( 'NONE', #1275, .T. ) ;
#2742 = DIRECTION ( 'NONE',  ( 0.000000000000000000, 1.000000000000000000, 0.000000000000000000 ) ) ;
#2743 = FACE_OUTER_BOUND ( 'NONE', #6315, .T. ) ;
#2744 = CARTESIAN_POINT ( 'NONE',  ( 0.000000000000000000, 0.000000000000000000, 0.000000000000000000 ) ) ;
#2745 = CIRCLE ( 'NONE', #1434, 1.649999999999998801 ) ;
#2746 = ORIENTED_EDGE ( 'NONE', *, *, #3676, .F. ) ;
#2747 = ADVANCED_FACE ( 'NONE', ( #3350, #3421 ), #4629, .F. ) ;
#2748 = CARTESIAN_POINT ( 'NONE',  ( 3.490243377569953695E-15, -2.500000000000000000, -27.24999999999998224 ) ) ;
#2749 = ORIENTED_EDGE ( 'NONE', *, *, #200, .T. ) ;
#2750 = EDGE_CURVE ( 'NONE', #2167, #790, #6452, .T. ) ;
#2751 = AXIS2_PLACEMENT_3D ( 'NONE', #5995, #2216, #4750 ) ;
#2752 = DIRECTION ( 'NONE',  ( -0.000000000000000000, 1.000000000000000000, -0.000000000000000000 ) ) ;
#2753 = LINE ( 'NONE', #4123, #5150 ) ;
#2754 = EDGE_CURVE ( 'NONE', #7017, #6576, #6573, .T. ) ;
#2755 = CARTESIAN_POINT ( 'NONE',  ( 14.00000000000000000, 0.000000000000000000, 0.000000000000000000 ) ) ;
#2756 =( NAMED_UNIT ( * ) PLANE_ANGLE_UNIT ( ) SI_UNIT ( $, .RADIAN. ) );
#2757 = ORIENTED_EDGE ( 'NONE', *, *, #4482, .T. ) ;
#2758 = ORIENTED_EDGE ( 'NONE', *, *, #6148, .T. ) ;
#2759 = ORIENTED_EDGE ( 'NONE', *, *, #2566, .T. ) ;
#2760 = FACE_OUTER_BOUND ( 'NONE', #7835, .T. ) ;
#2761 = EDGE_CURVE ( 'NONE', #1460, #2627, #5962, .T. ) ;
#2762 = EDGE_LOOP ( 'NONE', ( #2838, #6876, #1951, #4749 ) ) ;
#2763 = PLANE ( 'NONE',  #2533 ) ;
#2764 = DIRECTION ( 'NONE',  ( 0.000000000000000000, 0.000000000000000000, 1.000000000000000000 ) ) ;
#2765 = EDGE_CURVE ( 'NONE', #6929, #4592, #6356, .T. ) ;
#2766 = ORIENTED_EDGE ( 'NONE', *, *, #2161, .F. ) ;
#2767 = ORIENTED_EDGE ( 'NONE', *, *, #6593, .F. ) ;
#2768 = CARTESIAN_POINT ( 'NONE',  ( -7.000000000000001776, 34.20000000000000284, 18.73499399519520026 ) ) ;
#2769 = DIRECTION ( 'NONE',  ( 0.000000000000000000, -0.000000000000000000, 1.000000000000000000 ) ) ;
#2770 = DIRECTION ( 'NONE',  ( 0.000000000000000000, -1.000000000000000000, 0.000000000000000000 ) ) ;
#2771 = ADVANCED_FACE ( 'NONE', ( #4551 ), #6495, .F. ) ;
#2772 = AXIS2_PLACEMENT_3D ( 'NONE', #7899, #7406, #1668 ) ;
#2773 = DIRECTION ( 'NONE',  ( 0.000000000000000000, 0.000000000000000000, 1.000000000000000000 ) ) ;
#2774 = DIRECTION ( 'NONE',  ( 1.075528555105620399E-16, -1.000000000000000222, 2.737396768055628259E-17 ) ) ;
#2775 = VECTOR ( 'NONE', #3034, 1000.000000000000000 ) ;
#2776 = ORIENTED_EDGE ( 'NONE', *, *, #448, .T. ) ;
#2777 = EDGE_LOOP ( 'NONE', ( #7789, #869 ) ) ;
#2778 = CARTESIAN_POINT ( 'NONE',  ( -25.00000000000000000, 34.20000000000000284, 3.000000000000000000 ) ) ;
#2779 = ORIENTED_EDGE ( 'NONE', *, *, #661, .F. ) ;
#2780 = CARTESIAN_POINT ( 'NONE',  ( -11.31370849898465991, 0.000000000000000000, -12.96370849898485744 ) ) ;
#2781 = AXIS2_PLACEMENT_3D ( 'NONE', #1435, #244, #2207 ) ;
#2782 = DIRECTION ( 'NONE',  ( -1.000000000000000000, 0.000000000000000000, -0.000000000000000000 ) ) ;
#2783 = CARTESIAN_POINT ( 'NONE',  ( 0.000000000000000000, 0.000000000000000000, 0.000000000000000000 ) ) ;
#2784 = CIRCLE ( 'NONE', #3969, 4.990000000000001101 ) ;
#2785 = CYLINDRICAL_SURFACE ( 'NONE', #4494, 1.649999999999998579 ) ;
#2786 = VECTOR ( 'NONE', #2572, 1000.000000000000000 ) ;
#2787 = ORIENTED_EDGE ( 'NONE', *, *, #2562, .F. ) ;
#2788 = FACE_OUTER_BOUND ( 'NONE', #4696, .T. ) ;
#2789 = ORIENTED_EDGE ( 'NONE', *, *, #5893, .F. ) ;
#2790 = AXIS2_PLACEMENT_3D ( 'NONE', #3375, #3220, #3833 ) ;
#2791 = VECTOR ( 'NONE', #6773, 1000.000000000000000 ) ;
#2792 = CARTESIAN_POINT ( 'NONE',  ( 0.000000000000000000, 0.000000000000000000, 0.000000000000000000 ) ) ;
#2793 = CARTESIAN_POINT ( 'NONE',  ( 0.000000000000000000, -17.81909088590100154, 0.000000000000000000 ) ) ;
#2794 = AXIS2_PLACEMENT_3D ( 'NONE', #4665, #7786, #2633 ) ;
#2795 = EDGE_LOOP ( 'NONE', ( #7547, #6014, #3100, #5915 ) ) ;
#2796 = MECHANICAL_DESIGN_GEOMETRIC_PRESENTATION_REPRESENTATION (  '', ( #841 ), #2673 ) ;
#2797 = DIRECTION ( 'NONE',  ( 0.000000000000000000, 0.000000000000000000, 1.000000000000000000 ) ) ;
#2798 = ORIENTED_EDGE ( 'NONE', *, *, #4739, .F. ) ;
#2799 = DIRECTION ( 'NONE',  ( -0.000000000000000000, -0.000000000000000000, 1.000000000000000000 ) ) ;
#2800 = EDGE_CURVE ( 'NONE', #836, #6021, #4012, .T. ) ;
#2801 = VERTEX_POINT ( 'NONE', #7104 ) ;
#2802 = DIRECTION ( 'NONE',  ( 0.000000000000000000, 0.000000000000000000, 1.000000000000000000 ) ) ;
#2803 = VECTOR ( 'NONE', #4304, 1000.000000000000000 ) ;
#2804 = AXIS2_PLACEMENT_3D ( 'NONE', #7342, #1045, #2806 ) ;
#2805 = DIRECTION ( 'NONE',  ( 0.000000000000000000, 0.000000000000000000, -1.000000000000000000 ) ) ;
#2806 = DIRECTION ( 'NONE',  ( 0.000000000000000000, 0.000000000000000000, 1.000000000000000000 ) ) ;
#2808 = EDGE_LOOP ( 'NONE', ( #2291, #2746 ) ) ;
#2807 = EDGE_CURVE ( 'NONE', #1191, #5822, #5699, .T. ) ;
#2809 = EDGE_CURVE ( 'NONE', #8042, #1404, #179, .T. ) ;
#2810 = ORIENTED_EDGE ( 'NONE', *, *, #6044, .T. ) ;
#2811 = VECTOR ( 'NONE', #7978, 1000.000000000000000 ) ;
#2812 = CIRCLE ( 'NONE', #7164, 5.000000000000000000 ) ;
#2813 = VERTEX_POINT ( 'NONE', #6412 ) ;
#2814 = CARTESIAN_POINT ( 'NONE',  ( 29.50000000000000000, 5.866058167915828348E-16, -4.790000000000005365 ) ) ;
#2815 = EDGE_CURVE ( 'NONE', #93, #747, #959, .T. ) ;
#2816 = LINE ( 'NONE', #5345, #7931 ) ;
#2817 = DIRECTION ( 'NONE',  ( 0.000000000000000000, 1.000000000000000000, 0.000000000000000000 ) ) ;
#2818 = DIRECTION ( 'NONE',  ( 0.000000000000000000, 1.000000000000000000, 0.000000000000000000 ) ) ;
#2819 = AXIS2_PLACEMENT_3D ( 'NONE', #4644, #7072, #5879 ) ;
#2820 = DIRECTION ( 'NONE',  ( 1.000000000000000000, -2.130240428499519112E-14, 2.687608962452738744E-16 ) ) ;
#2821 = VERTEX_POINT ( 'NONE', #2641 ) ;
#2822 = ORIENTED_EDGE ( 'NONE', *, *, #4066, .T. ) ;
#2823 = VERTEX_POINT ( 'NONE', #5171 ) ;
#2824 = PLANE ( 'NONE',  #4264 ) ;
#2825 = EDGE_LOOP ( 'NONE', ( #3890, #1219, #6330, #5617, #1071, #2779, #7380, #3549 ) ) ;
#2826 = PRODUCT_RELATED_PRODUCT_CATEGORY ( 'part', '', ( #8132 ) ) ;
#2827 = DIRECTION ( 'NONE',  ( -0.000000000000000000, 1.000000000000000000, -0.000000000000000000 ) ) ;
#2828 = EDGE_CURVE ( 'NONE', #7250, #2458, #7878, .T. ) ;
#2829 = DIRECTION ( 'NONE',  ( -0.000000000000000000, -1.000000000000000000, -0.000000000000000000 ) ) ;
#2830 = CARTESIAN_POINT ( 'NONE',  ( 49.99999999999999289, -12.50000000000000711, 210.0000000000000284 ) ) ;
#2831 = CARTESIAN_POINT ( 'NONE',  ( 4.999999999999998224, 34.20000000000000284, 25.00000000000000000 ) ) ;
#2832 = ORIENTED_EDGE ( 'NONE', *, *, #4677, .T. ) ;
#2833 = DIRECTION ( 'NONE',  ( -0.000000000000000000, 1.000000000000000000, -0.000000000000000000 ) ) ;
#2834 = ORIENTED_EDGE ( 'NONE', *, *, #1816, .T. ) ;
#2835 = CARTESIAN_POINT ( 'NONE',  ( -3.000000000000001776, 29.80000000000000426, -23.00000000000000000 ) ) ;
#2836 = DIRECTION ( 'NONE',  ( 0.000000000000000000, 0.000000000000000000, 1.000000000000000000 ) ) ;
#2837 = LINE ( 'NONE', #5941, #6374 ) ;
#2838 = ORIENTED_EDGE ( 'NONE', *, *, #4884, .F. ) ;
#2839 = DIRECTION ( 'NONE',  ( 0.000000000000000000, 1.000000000000000000, 0.000000000000000000 ) ) ;
#2840 = VERTEX_POINT ( 'NONE', #7304 ) ;
#2841 = DIRECTION ( 'NONE',  ( 0.000000000000000000, 0.000000000000000000, 1.000000000000000000 ) ) ;
#2842 = CYLINDRICAL_SURFACE ( 'NONE', #115, 25.00000000000000000 ) ;
#2843 = PLANE ( 'NONE',  #834 ) ;
#2844 = DIRECTION ( 'NONE',  ( -0.000000000000000000, -0.000000000000000000, 1.000000000000000000 ) ) ;
#2845 = CARTESIAN_POINT ( 'NONE',  ( 3.000000000000000000, 0.000000000000000000, 0.000000000000000000 ) ) ;
#2846 = ORIENTED_EDGE ( 'NONE', *, *, #5030, .F. ) ;
#2847 = ORIENTED_EDGE ( 'NONE', *, *, #4684, .T. ) ;
#2848 = EDGE_CURVE ( 'NONE', #5211, #2686, #2658, .T. ) ;
#2849 = LINE ( 'NONE', #3601, #779 ) ;
#2850 = VECTOR ( 'NONE', #3615, 1000.000000000000000 ) ;
#2851 = DIRECTION ( 'NONE',  ( 0.000000000000000000, -0.000000000000000000, -1.000000000000000000 ) ) ;
#2852 = ADVANCED_FACE ( 'NONE', ( #6035, #2346 ), #4212, .F. ) ;
#2853 = CARTESIAN_POINT ( 'NONE',  ( 1.675911042644704011E-13, 10.00000000000000000, -14.34999999999999964 ) ) ;
#2854 = EDGE_CURVE ( 'NONE', #3120, #2293, #4833, .T. ) ;
#2855 = DIRECTION ( 'NONE',  ( 0.000000000000000000, 0.000000000000000000, 1.000000000000000000 ) ) ;
#2856 = EDGE_CURVE ( 'NONE', #8075, #6073, #7268, .T. ) ;
#2857 = ORIENTED_EDGE ( 'NONE', *, *, #4398, .T. ) ;
#2858 = AXIS2_PLACEMENT_3D ( 'NONE', #3165, #2507, #7045 ) ;
#2859 = VERTEX_POINT ( 'NONE', #4754 ) ;
#2860 = ORIENTED_EDGE ( 'NONE', *, *, #6402, .T. ) ;
#2861 = DIRECTION ( 'NONE',  ( 0.000000000000000000, 0.000000000000000000, 1.000000000000000000 ) ) ;
#2862 = ORIENTED_EDGE ( 'NONE', *, *, #5342, .F. ) ;
#2863 = DIRECTION ( 'NONE',  ( -1.000000000000000000, -0.000000000000000000, -0.000000000000000000 ) ) ;
#2864 = CARTESIAN_POINT ( 'NONE',  ( 38.50000000000000000, 0.000000000000000000, -4.790000000000006253 ) ) ;
#2865 = AXIS2_PLACEMENT_3D ( 'NONE', #6022, #6636, #868 ) ;
#2866 = EDGE_CURVE ( 'NONE', #7466, #371, #4113, .T. ) ;
#2867 = CARTESIAN_POINT ( 'NONE',  ( -11.31370849898490150, -2.500000000000000000, -9.663708498984624029 ) ) ;
#2868 = CARTESIAN_POINT ( 'NONE',  ( 0.000000000000000000, 24.39999999999999858, 0.000000000000000000 ) ) ;
#2869 = EDGE_LOOP ( 'NONE', ( #5410, #7135 ) ) ;
#2870 = AXIS2_PLACEMENT_3D ( 'NONE', #1665, #4191, #6706 ) ;
#2871 = APPLICATION_CONTEXT ( 'automotive_design' ) ;
#2872 = DIRECTION ( 'NONE',  ( -1.000000000000000000, -0.000000000000000000, -0.000000000000000000 ) ) ;
#2873 = ORIENTED_EDGE ( 'NONE', *, *, #3007, .T. ) ;
#2874 = CARTESIAN_POINT ( 'NONE',  ( -11.31370849898465991, 10.00000000000000000, -9.663708498984860285 ) ) ;
#2875 = FACE_OUTER_BOUND ( 'NONE', #3083, .T. ) ;
#2876 = VECTOR ( 'NONE', #4217, 1000.000000000000000 ) ;
#2877 = ORIENTED_EDGE ( 'NONE', *, *, #6257, .T. ) ;
#2878 = CARTESIAN_POINT ( 'NONE',  ( -16.86149459567567632, 29.80000000000000426, 6.299999999999998934 ) ) ;
#2879 = VECTOR ( 'NONE', #3466, 1000.000000000000000 ) ;
#2880 = ORIENTED_EDGE ( 'NONE', *, *, #3676, .T. ) ;
#2881 = CARTESIAN_POINT ( 'NONE',  ( 3.000000000000000000, 0.000000000000000000, 0.000000000000000000 ) ) ;
#2882 = ORIENTED_EDGE ( 'NONE', *, *, #7139, .T. ) ;
#2883 = LINE ( 'NONE', #1606, #3589 ) ;
#2884 = UNCERTAINTY_MEASURE_WITH_UNIT (LENGTH_MEASURE( 1.000000000000000082E-05 ), #5840, 'distance_accuracy_value', 'NONE');
#2885 = DIRECTION ( 'NONE',  ( -1.000000000000000000, -0.000000000000000000, -0.000000000000000000 ) ) ;
#2886 = CYLINDRICAL_SURFACE ( 'NONE', #2544, 4.990000000000005542 ) ;
#2887 = ORIENTED_EDGE ( 'NONE', *, *, #1049, .F. ) ;
#2888 = EDGE_LOOP ( 'NONE', ( #7708, #4379, #4083, #6830 ) ) ;
#2889 = DIRECTION ( 'NONE',  ( 1.000000000000000000, 0.000000000000000000, 0.000000000000000000 ) ) ;
#2890 = FACE_OUTER_BOUND ( 'NONE', #3711, .T. ) ;
#2891 = DIRECTION ( 'NONE',  ( -0.000000000000000000, 1.000000000000000000, -0.000000000000000000 ) ) ;
#2892 = DIRECTION ( 'NONE',  ( -0.000000000000000000, -1.000000000000000000, -0.000000000000000000 ) ) ;
#2893 = CARTESIAN_POINT ( 'NONE',  ( 2.999999999999998224, 34.20000000000000284, -23.00000000000000000 ) ) ;
#2894 = EDGE_CURVE ( 'NONE', #7235, #6539, #4777, .T. ) ;
#2895 = EDGE_LOOP ( 'NONE', ( #1773, #1198, #2282, #7894 ) ) ;
#2896 = ORIENTED_EDGE ( 'NONE', *, *, #7209, .F. ) ;
#2897 = CARTESIAN_POINT ( 'NONE',  ( -7.000000000000001776, 29.80000000000000426, -18.73499399519520026 ) ) ;
#2898 = ORIENTED_EDGE ( 'NONE', *, *, #4710, .F. ) ;
#2899 = CARTESIAN_POINT ( 'NONE',  ( 0.000000000000000000, 28.80000000000000071, 44.50000000000000711 ) ) ;
#2900 = CARTESIAN_POINT ( 'NONE',  ( 0.000000000000000000, 35.39999999999999858, 0.000000000000000000 ) ) ;
#2901 = EDGE_CURVE ( 'NONE', #4729, #1613, #695, .T. ) ;
#2902 = AXIS2_PLACEMENT_3D ( 'NONE', #1167, #7966, #4254 ) ;
#2903 = PLANE ( 'NONE',  #5026 ) ;
#2904 = CYLINDRICAL_SURFACE ( 'NONE', #2772, 1.650000000000000355 ) ;
#2905 = AXIS2_PLACEMENT_3D ( 'NONE', #1677, #7456, #1768 ) ;
#2906 = CARTESIAN_POINT ( 'NONE',  ( 5.586370142149013368E-14, -2.500000000000000000, 16.00000000000000000 ) ) ;
#2907 = EDGE_LOOP ( 'NONE', ( #3664, #3499 ) ) ;
#2908 = AXIS2_PLACEMENT_3D ( 'NONE', #2122, #6553, #899 ) ;
#2909 = AXIS2_PLACEMENT_3D ( 'NONE', #7245, #1594, #7709 ) ;
#2910 = EDGE_CURVE ( 'NONE', #7731, #4778, #5376, .T. ) ;
#2911 = EDGE_LOOP ( 'NONE', ( #3693, #6086 ) ) ;
#2912 = EDGE_CURVE ( 'NONE', #1091, #7171, #6239, .T. ) ;
#2913 = CARTESIAN_POINT ( 'NONE',  ( 0.000000000000000000, 13.40000000000000213, 44.50000000000000711 ) ) ;
#2914 = VECTOR ( 'NONE', #6873, 1000.000000000000000 ) ;
#2915 = EDGE_LOOP ( 'NONE', ( #4593, #5160, #5824, #1788 ) ) ;
#2916 = DIRECTION ( 'NONE',  ( 0.000000000000000000, 0.000000000000000000, 1.000000000000000000 ) ) ;
#2917 = ADVANCED_FACE ( 'NONE', ( #1006 ), #1730, .T. ) ;
#2918 = CIRCLE ( 'NONE', #3839, 2.000000000000000000 ) ;
#2919 = CARTESIAN_POINT ( 'NONE',  ( 0.000000000000000000, 31.00000000000000355, 0.000000000000000000 ) ) ;
#2920 = AXIS2_PLACEMENT_3D ( 'NONE', #6763, #4953, #7454 ) ;
#2921 = AXIS2_PLACEMENT_3D ( 'NONE', #266, #6006, #2152 ) ;
#2922 = VERTEX_POINT ( 'NONE', #5502 ) ;
#2923 = CARTESIAN_POINT ( 'NONE',  ( -16.00000000000000000, 2.399999999999999467, 1.649999999999998579 ) ) ;
#2924 = AXIS2_PLACEMENT_3D ( 'NONE', #1215, #2405, #6259 ) ;
#2925 = CIRCLE ( 'NONE', #427, 12.49999999999999645 ) ;
#2926 = ORIENTED_EDGE ( 'NONE', *, *, #860, .T. ) ;
#2927 = EDGE_CURVE ( 'NONE', #6143, #1627, #2933, .T. ) ;
#2928 = CARTESIAN_POINT ( 'NONE',  ( 80.00000000000000000, 1.224646799147352665E-15, 115.0000000000000000 ) ) ;
#2929 = EDGE_CURVE ( 'NONE', #7367, #7762, #7261, .T. ) ;
#2930 = DIRECTION ( 'NONE',  ( 0.000000000000000000, 0.000000000000000000, 1.000000000000000000 ) ) ;
#2931 = CARTESIAN_POINT ( 'NONE',  ( -5.586370142149013368E-14, -4.666904755831215112, 17.64999999999999858 ) ) ;
#2932 = VECTOR ( 'NONE', #1965, 1000.000000000000000 ) ;
#2933 = LINE ( 'NONE', #375, #37 ) ;
#2934 = PRESENTATION_LAYER_ASSIGNMENT (  '', '', ( #841 ) ) ;
#2935 = CARTESIAN_POINT ( 'NONE',  ( 0.000000000000000000, 0.000000000000000000, 0.000000000000000000 ) ) ;
#2936 = EDGE_LOOP ( 'NONE', ( #4284, #1514, #656, #1246 ) ) ;
#2937 = ORIENTED_EDGE ( 'NONE', *, *, #5280, .T. ) ;
#2938 = DIRECTION ( 'NONE',  ( -0.000000000000000000, 1.000000000000000000, -0.000000000000000000 ) ) ;
#2939 = VECTOR ( 'NONE', #4700, 1000.000000000000000 ) ;
#2940 = VECTOR ( 'NONE', #5153, 1000.000000000000000 ) ;
#2941 = CARTESIAN_POINT ( 'NONE',  ( 0.000000000000000000, 0.000000000000000000, 230.0000000000000000 ) ) ;
#2942 = DIRECTION ( 'NONE',  ( 0.000000000000000000, -1.000000000000000000, 0.000000000000000000 ) ) ;
#2943 = PLANE ( 'NONE',  #5825 ) ;
#2944 = DIRECTION ( 'NONE',  ( -0.000000000000000000, -0.000000000000000000, 1.000000000000000000 ) ) ;
#2945 = AXIS2_PLACEMENT_3D ( 'NONE', #3807, #6263, #6909 ) ;
#2946 = ORIENTED_EDGE ( 'NONE', *, *, #6150, .T. ) ;
#2947 = CIRCLE ( 'NONE', #7295, 4.990000000000004654 ) ;
#2948 = ORIENTED_EDGE ( 'NONE', *, *, #4423, .F. ) ;
#2949 = CARTESIAN_POINT ( 'NONE',  ( 50.00000000000001421, 93.75000000000009948, 20.00000000000000000 ) ) ;
#2950 = EDGE_LOOP ( 'NONE', ( #1712, #3250, #4521, #5055 ) ) ;
#2951 = LINE ( 'NONE', #6089, #3004 ) ;
#2952 = DIRECTION ( 'NONE',  ( -0.000000000000000000, -1.000000000000000000, -0.000000000000000000 ) ) ;
#2953 = CARTESIAN_POINT ( 'NONE',  ( 5.510910596163090344E-15, 20.00000000000000000, 45.00000000000000711 ) ) ;
#2954 = CARTESIAN_POINT ( 'NONE',  ( 0.000000000000000000, 11.19999999999999751, 0.000000000000000000 ) ) ;
#2955 =( NAMED_UNIT ( * ) SI_UNIT ( $, .STERADIAN. ) SOLID_ANGLE_UNIT ( ) );
#2956 = EDGE_LOOP ( 'NONE', ( #1929, #573, #1891, #4205, #8058, #4503, #7359, #3523 ) ) ;
#2957 = EDGE_CURVE ( 'NONE', #6889, #1231, #5416, .T. ) ;
#2958 = EDGE_LOOP ( 'NONE', ( #579, #1000, #2636, #3622 ) ) ;
#2959 = LINE ( 'NONE', #446, #1674 ) ;
#2960 = ORIENTED_EDGE ( 'NONE', *, *, #1013, .T. ) ;
#2961 = ADVANCED_FACE ( 'NONE', ( #416 ), #5468, .T. ) ;
#2962 = LINE ( 'NONE', #5491, #3712 ) ;
#2963 = ADVANCED_FACE ( 'NONE', ( #4873 ), #966, .T. ) ;
#2964 = CARTESIAN_POINT ( 'NONE',  ( 0.000000000000000000, 27.60000000000000142, 0.000000000000000000 ) ) ;
#2965 = EDGE_CURVE ( 'NONE', #5188, #6868, #5580, .T. ) ;
#2966 = EDGE_CURVE ( 'NONE', #5652, #5703, #302, .T. ) ;
#2967 = ORIENTED_EDGE ( 'NONE', *, *, #5242, .T. ) ;
#2968 = CARTESIAN_POINT ( 'NONE',  ( 38.50000000000000000, 5.866058167915829334E-16, -4.790000000000006253 ) ) ;
#2969 = ORIENTED_EDGE ( 'NONE', *, *, #1794, .T. ) ;
#2970 = DIRECTION ( 'NONE',  ( 1.000000000000000000, 0.000000000000000000, 0.000000000000000000 ) ) ;
#2971 = DIRECTION ( 'NONE',  ( -0.000000000000000000, 1.000000000000000000, -0.000000000000000000 ) ) ;
#2972 = PRESENTATION_STYLE_ASSIGNMENT (( #414 ) ) ;
#2973 = PRODUCT_DEFINITION_CONTEXT ( 'detailed design', #241, 'design' ) ;
#2974 = DIRECTION ( 'NONE',  ( 1.000000000000000000, 0.000000000000000000, 0.000000000000000000 ) ) ;
#2975 = CARTESIAN_POINT ( 'NONE',  ( -11.31370849898482156, 0.000000000000000000, 11.31370849898470077 ) ) ;
#2976 = ORIENTED_EDGE ( 'NONE', *, *, #232, .F. ) ;
#2977 = ORIENTED_EDGE ( 'NONE', *, *, #4223, .F. ) ;
#2978 = CARTESIAN_POINT ( 'NONE',  ( 2.000000000000000000, 4.582575694955840717, 230.0000000000000000 ) ) ;
#2979 = ADVANCED_FACE ( 'NONE', ( #6321 ), #5077, .T. ) ;
#2980 = CARTESIAN_POINT ( 'NONE',  ( 25.00000000000000000, 34.20000000000000284, -4.999999999999996447 ) ) ;
#2981 = DIRECTION ( 'NONE',  ( -0.000000000000000000, 1.000000000000000000, -0.000000000000000000 ) ) ;
#2982 = FACE_OUTER_BOUND ( 'NONE', #3379, .T. ) ;
#2983 = DIRECTION ( 'NONE',  ( 0.000000000000000000, -0.000000000000000000, 1.000000000000000000 ) ) ;
#2984 = ORIENTED_EDGE ( 'NONE', *, *, #5088, .T. ) ;
#2985 = ORIENTED_EDGE ( 'NONE', *, *, #6556, .F. ) ;
#2986 = CYLINDRICAL_SURFACE ( 'NONE', #4798, 1.649999999999998579 ) ;
#2987 = CIRCLE ( 'NONE', #5368, 1.649999999999998579 ) ;
#2988 = ORIENTED_EDGE ( 'NONE', *, *, #7914, .F. ) ;
#2989 = DIRECTION ( 'NONE',  ( -0.000000000000000000, -0.000000000000000000, 1.000000000000000000 ) ) ;
#2990 = DIRECTION ( 'NONE',  ( -0.000000000000000000, -1.000000000000000000, -0.000000000000000000 ) ) ;
#2991 = DIRECTION ( 'NONE',  ( 0.000000000000000000, 0.000000000000000000, -1.000000000000000000 ) ) ;
#2992 = CARTESIAN_POINT ( 'NONE',  ( 17.29161646579058242, 34.20000000000000284, -4.999999999999994671 ) ) ;
#2993 = CIRCLE ( 'NONE', #4045, 5.000000000000000000 ) ;
#2994 = EDGE_CURVE ( 'NONE', #1369, #6104, #1102, .T. ) ;
#2995 = DIRECTION ( 'NONE',  ( -0.000000000000000000, -1.000000000000000000, -0.000000000000000000 ) ) ;
#2996 = DIRECTION ( 'NONE',  ( 0.000000000000000000, -1.000000000000000000, 0.000000000000000000 ) ) ;
#2997 = ORIENTED_EDGE ( 'NONE', *, *, #4075, .T. ) ;
#2998 = ORIENTED_EDGE ( 'NONE', *, *, #2303, .T. ) ;
#2999 = CARTESIAN_POINT ( 'NONE',  ( 0.000000000000000000, 35.39999999999999858, -45.00000000000000711 ) ) ;
#3000 = VECTOR ( 'NONE', #1882, 1000.000000000000000 ) ;
#3001 = ORIENTED_EDGE ( 'NONE', *, *, #7302, .T. ) ;
#3002 = DIRECTION ( 'NONE',  ( -1.000000000000000000, -0.000000000000000000, -0.000000000000000000 ) ) ;
#3003 = FACE_OUTER_BOUND ( 'NONE', #6126, .T. ) ;
#3004 = VECTOR ( 'NONE', #518, 1000.000000000000000 ) ;
#3005 = EDGE_CURVE ( 'NONE', #2801, #3760, #4915, .T. ) ;
#3006 = VERTEX_POINT ( 'NONE', #3098 ) ;
#3007 = EDGE_CURVE ( 'NONE', #3699, #4782, #5309, .T. ) ;
#3008 = CARTESIAN_POINT ( 'NONE',  ( -11.31370849898474162, -2.500000000000000000, 12.96370849898477928 ) ) ;
#3009 = VERTEX_POINT ( 'NONE', #8122 ) ;
#3010 = CARTESIAN_POINT ( 'NONE',  ( 0.000000000000000000, 35.39999999999999858, 0.000000000000000000 ) ) ;
#3011 = AXIS2_PLACEMENT_3D ( 'NONE', #2311, #4094, #3021 ) ;
#3012 = FACE_OUTER_BOUND ( 'NONE', #23, .T. ) ;
#3013 = FACE_OUTER_BOUND ( 'NONE', #257, .T. ) ;
#3014 = EDGE_CURVE ( 'NONE', #6760, #1442, #5659, .T. ) ;
#3015 = LINE ( 'NONE', #5542, #3990 ) ;
#3016 = CARTESIAN_POINT ( 'NONE',  ( 0.000000000000000000, 6.800000000000000711, 0.000000000000000000 ) ) ;
#3017 = ORIENTED_EDGE ( 'NONE', *, *, #5749, .F. ) ;
#3018 = EDGE_CURVE ( 'NONE', #6803, #7324, #3015, .T. ) ;
#3019 = ORIENTED_EDGE ( 'NONE', *, *, #901, .F. ) ;
#3020 = CLOSED_SHELL ( 'NONE', ( #3033, #7303, #2917, #7241, #694, #6264, #6152, #4624, #7704, #5338, #6100, #3219, #6906, #5847, #5236, #7846, #1984, #3254, #851, #7196, #900, #1293, #3214, #2341, #4471, #6166, #5198, #894, #4124, #7460, #7093, #5641, #5855, #6855, #4789 ) ) ;
#3021 = DIRECTION ( 'NONE',  ( 1.000000000000000000, 0.000000000000000000, 0.000000000000000000 ) ) ;
#3022 = CARTESIAN_POINT ( 'NONE',  ( 5.449678256205721981E-15, 6.800000000000000711, -44.50000000000000711 ) ) ;
#3023 = CYLINDRICAL_SURFACE ( 'NONE', #1088, 7.500000000000000888 ) ;
#3024 = CARTESIAN_POINT ( 'NONE',  ( 0.000000000000000000, 0.000000000000000000, 210.0000000000000284 ) ) ;
#3025 = EDGE_CURVE ( 'NONE', #1542, #3101, #6502, .T. ) ;
#3026 = DIRECTION ( 'NONE',  ( 0.000000000000000000, 0.000000000000000000, 1.000000000000000000 ) ) ;
#3027 = APPLICATION_PROTOCOL_DEFINITION ( 'draft international standard', 'automotive_design', 1998, #4877 ) ;
#3028 = ORIENTED_EDGE ( 'NONE', *, *, #3162, .F. ) ;
#3029 = CARTESIAN_POINT ( 'NONE',  ( -11.31370849898482156, 10.00000000000000000, 11.31370849898470077 ) ) ;
#3030 = ORIENTED_EDGE ( 'NONE', *, *, #5937, .F. ) ;
#3031 = CARTESIAN_POINT ( 'NONE',  ( 5.586370142149013368E-14, 2.399999999999999467, 14.35000000000000142 ) ) ;
#3032 = LINE ( 'NONE', #4156, #2850 ) ;
#3033 = ADVANCED_FACE ( 'NONE', ( #1242 ), #3757, .T. ) ;
#3034 = DIRECTION ( 'NONE',  ( -0.000000000000000000, -0.000000000000000000, -1.000000000000000000 ) ) ;
#3035 = CARTESIAN_POINT ( 'NONE',  ( 1.999999999999998668, -7.228416147400480440, 245.5241746962600473 ) ) ;
#3036 = FACE_OUTER_BOUND ( 'NONE', #6114, .T. ) ;
#3037 = CARTESIAN_POINT ( 'NONE',  ( 0.000000000000000000, 22.19999999999999929, 0.000000000000000000 ) ) ;
#3038 = ORIENTED_EDGE ( 'NONE', *, *, #8101, .F. ) ;
#3039 = ORIENTED_EDGE ( 'NONE', *, *, #2562, .T. ) ;
#3040 = PLANE ( 'NONE',  #1933 ) ;
#3041 = VECTOR ( 'NONE', #1811, 1000.000000000000000 ) ;
#3042 = ORIENTED_EDGE ( 'NONE', *, *, #3689, .F. ) ;
#3043 = CARTESIAN_POINT ( 'NONE',  ( 0.000000000000000000, 33.20000000000000284, 0.000000000000000000 ) ) ;
#3044 =( LENGTH_UNIT ( ) NAMED_UNIT ( * ) SI_UNIT ( .MILLI., .METRE. ) );
#3045 = AXIS2_PLACEMENT_3D ( 'NONE', #7081, #991, #2038 ) ;
#3046 = ORIENTED_EDGE ( 'NONE', *, *, #7345, .F. ) ;
#3047 = CIRCLE ( 'NONE', #7395, 4.990000000000006430 ) ;
#3048 = CARTESIAN_POINT ( 'NONE',  ( 0.000000000000000000, -10.77032961426900748, 0.000000000000000000 ) ) ;
#3049 = ORIENTED_EDGE ( 'NONE', *, *, #5138, .F. ) ;
#3050 = AXIS2_PLACEMENT_3D ( 'NONE', #6171, #5385, #6623 ) ;
#3051 = CIRCLE ( 'NONE', #7656, 7.500000000000000888 ) ;
#3052 = PLANE ( 'NONE',  #7249 ) ;
#3053 = CARTESIAN_POINT ( 'NONE',  ( -2.000000000000000000, 7.228416147400480440, 0.000000000000000000 ) ) ;
#3054 = AXIS2_PLACEMENT_3D ( 'NONE', #4053, #4516, #7689 ) ;
#3055 = CARTESIAN_POINT ( 'NONE',  ( 0.000000000000000000, 13.39999999999999858, 44.50000000000000711 ) ) ;
#3056 = CARTESIAN_POINT ( 'NONE',  ( -16.00000000000000000, -4.666904755831215112, 1.649999999999887335 ) ) ;
#3057 = AXIS2_PLACEMENT_3D ( 'NONE', #4136, #4799, #2805 ) ;
#3058 = CIRCLE ( 'NONE', #2920, 4.990000000000013536 ) ;
#3059 = VECTOR ( 'NONE', #6418, 1000.000000000000000 ) ;
#3060 = EDGE_LOOP ( 'NONE', ( #3290, #3985, #6457, #7106 ) ) ;
#3061 = EDGE_CURVE ( 'NONE', #6988, #3181, #6853, .T. ) ;
#3062 = EDGE_LOOP ( 'NONE', ( #5619, #6555, #2822, #5431 ) ) ;
#3063 = CARTESIAN_POINT ( 'NONE',  ( -1.999999999999999112, -10.77032961426900748, 4.582575694955840717 ) ) ;
#3064 = LINE ( 'NONE', #5593, #440 ) ;
#3065 = CARTESIAN_POINT ( 'NONE',  ( 24.00000000000000000, 2.000000000000002665, 7.228416147400479552 ) ) ;
#3066 = AXIS2_PLACEMENT_3D ( 'NONE', #7463, #3171, #3792 ) ;
#3067 = DIRECTION ( 'NONE',  ( -0.000000000000000000, -1.000000000000000000, -0.000000000000000000 ) ) ;
#3068 = LINE ( 'NONE', #4463, #5040 ) ;
#3069 = EDGE_CURVE ( 'NONE', #4270, #6352, #2262, .T. ) ;
#3070 = ORIENTED_EDGE ( 'NONE', *, *, #4885, .T. ) ;
#3071 = VECTOR ( 'NONE', #1654, 1000.000000000000000 ) ;
#3072 = CARTESIAN_POINT ( 'NONE',  ( 0.000000000000000000, -17.81909088590100154, 6.300000000000000711 ) ) ;
#3073 = VECTOR ( 'NONE', #1776, 1000.000000000000000 ) ;
#3074 = EDGE_CURVE ( 'NONE', #1274, #3701, #47, .T. ) ;
#3075 = VERTEX_POINT ( 'NONE', #2435 ) ;
#3076 = DIRECTION ( 'NONE',  ( 0.000000000000000000, 0.000000000000000000, 1.000000000000000000 ) ) ;
#3077 = CARTESIAN_POINT ( 'NONE',  ( -5.000000000000001776, 34.20000000000000284, -25.00000000000000000 ) ) ;
#3078 = CARTESIAN_POINT ( 'NONE',  ( 80.00000000000000000, 1.224646799147352665E-15, 210.0000000000000284 ) ) ;
#3079 = CIRCLE ( 'NONE', #5721, 1.649999999999998801 ) ;
#3080 = DIRECTION ( 'NONE',  ( -0.000000000000000000, -0.000000000000000000, 1.000000000000000000 ) ) ;
#3081 = AXIS2_PLACEMENT_3D ( 'NONE', #2935, #6655, #461 ) ;
#3082 = DIRECTION ( 'NONE',  ( 1.000000000000000000, 0.000000000000000000, 0.000000000000000000 ) ) ;
#3083 = EDGE_LOOP ( 'NONE', ( #2244, #5842 ) ) ;
#3084 = EDGE_CURVE ( 'NONE', #6205, #6778, #4385, .T. ) ;
#3085 = FACE_OUTER_BOUND ( 'NONE', #6664, .T. ) ;
#3086 = VERTEX_POINT ( 'NONE', #4454 ) ;
#3087 = DIRECTION ( 'NONE',  ( -0.000000000000000000, -1.000000000000000000, -0.000000000000000000 ) ) ;
#3088 = VECTOR ( 'NONE', #292, 1000.000000000000000 ) ;
#3089 = CIRCLE ( 'NONE', #4009, 4.990000000000000213 ) ;
#3090 = VERTEX_POINT ( 'NONE', #3637 ) ;
#3091 = CARTESIAN_POINT ( 'NONE',  ( -16.00000000000000000, -4.666904755831215112, -1.650000000000110489 ) ) ;
#3092 = CARTESIAN_POINT ( 'NONE',  ( 14.00000000000000000, 0.000000000000000000, 0.000000000000000000 ) ) ;
#3093 = ORIENTED_EDGE ( 'NONE', *, *, #3069, .F. ) ;
#3094 = DIRECTION ( 'NONE',  ( 0.000000000000000000, 0.000000000000000000, 1.000000000000000000 ) ) ;
#3095 = ORIENTED_EDGE ( 'NONE', *, *, #1002, .F. ) ;
#3096 = DIRECTION ( 'NONE',  ( 0.000000000000000000, 0.000000000000000000, 1.000000000000000000 ) ) ;
#3097 = CYLINDRICAL_SURFACE ( 'NONE', #2410, 44.50000000000000711 ) ;
#3098 = CARTESIAN_POINT ( 'NONE',  ( 30.50000000000000000, 5.866058167915829334E-16, -4.790000000000006253 ) ) ;
#3099 = CARTESIAN_POINT ( 'NONE',  ( 38.50000000000000000, 0.000000000000000000, -4.790000000000006253 ) ) ;
#3100 = ORIENTED_EDGE ( 'NONE', *, *, #1064, .F. ) ;
#3101 = VERTEX_POINT ( 'NONE', #2391 ) ;
#3102 = DIRECTION ( 'NONE',  ( 0.000000000000000000, 0.000000000000000000, 1.000000000000000000 ) ) ;
#3103 = DIRECTION ( 'NONE',  ( -0.000000000000000000, -0.000000000000000000, -1.000000000000000000 ) ) ;
#3104 = FACE_OUTER_BOUND ( 'NONE', #3417, .T. ) ;
#3105 = DIRECTION ( 'NONE',  ( 1.000000000000000000, 0.000000000000000000, 0.000000000000000000 ) ) ;
#3106 = DIRECTION ( 'NONE',  ( 0.000000000000000000, 0.000000000000000000, 1.000000000000000000 ) ) ;
#3107 = ADVANCED_FACE ( 'NONE', ( #6203 ), #4335, .T. ) ;
#3108 = EDGE_LOOP ( 'NONE', ( #4809, #362 ) ) ;
#3109 = DIRECTION ( 'NONE',  ( -8.673617379884043361E-16, 0.000000000000000000, 1.000000000000000000 ) ) ;
#3110 = EDGE_LOOP ( 'NONE', ( #2735, #1978 ) ) ;
#3111 = ADVANCED_FACE ( 'NONE', ( #2474 ), #8088, .F. ) ;
#3112 = CARTESIAN_POINT ( 'NONE',  ( 3.000000000000000000, 0.000000000000000000, 0.000000000000000000 ) ) ;
#3113 = PLANE ( 'NONE',  #3117 ) ;
#3114 = DIRECTION ( 'NONE',  ( -0.000000000000000000, 1.000000000000000000, -0.000000000000000000 ) ) ;
#3115 = EDGE_CURVE ( 'NONE', #1318, #3579, #5622, .T. ) ;
#3116 = CARTESIAN_POINT ( 'NONE',  ( 0.000000000000000000, 5.866058167915829334E-16, -4.790000000000006253 ) ) ;
#3117 = AXIS2_PLACEMENT_3D ( 'NONE', #5094, #3236, #5057 ) ;
#3118 = ORIENTED_EDGE ( 'NONE', *, *, #291, .T. ) ;
#3119 = PLANE ( 'NONE',  #974 ) ;
#3120 = VERTEX_POINT ( 'NONE', #3717 ) ;
#3121 = CARTESIAN_POINT ( 'NONE',  ( 18.73499399519520026, 29.80000000000000426, 5.000000000000000000 ) ) ;
#3122 = EDGE_CURVE ( 'NONE', #4050, #1450, #1853, .T. ) ;
#3123 = AXIS2_PLACEMENT_3D ( 'NONE', #1808, #7373, #6154 ) ;
#3124 = CYLINDRICAL_SURFACE ( 'NONE', #7100, 2.000000000000000000 ) ;
#3125 = PLANE ( 'NONE',  #407 ) ;
#3126 = VERTEX_POINT ( 'NONE', #2591 ) ;
#3127 = AXIS2_PLACEMENT_3D ( 'NONE', #7414, #6801, #5450 ) ;
#3128 = DIRECTION ( 'NONE',  ( 0.000000000000000000, 1.000000000000000000, 0.000000000000000000 ) ) ;
#3129 = ORIENTED_EDGE ( 'NONE', *, *, #2750, .T. ) ;
#3130 = CARTESIAN_POINT ( 'NONE',  ( 5.510910596163090344E-15, 9.000000000000001776, 45.00000000000000711 ) ) ;
#3131 = CARTESIAN_POINT ( 'NONE',  ( 2.999999999999998224, 29.80000000000000426, 25.00000000000000000 ) ) ;
#3132 = AXIS2_PLACEMENT_3D ( 'NONE', #6588, #5229, #936 ) ;
#3133 = DIRECTION ( 'NONE',  ( 0.000000000000000000, 0.000000000000000000, 1.000000000000000000 ) ) ;
#3134 = DIRECTION ( 'NONE',  ( 0.000000000000000000, 0.000000000000000000, 1.000000000000000000 ) ) ;
#3135 = EDGE_LOOP ( 'NONE', ( #2230, #1837, #1529, #7613 ) ) ;
#3136 = ORIENTED_EDGE ( 'NONE', *, *, #7848, .F. ) ;
#3137 = CIRCLE ( 'NONE', #3011, 25.00000000000000000 ) ;
#3138 = EDGE_LOOP ( 'NONE', ( #2539, #5743, #5625, #263 ) ) ;
#3139 = DIRECTION ( 'NONE',  ( 0.000000000000000000, 0.000000000000000000, 1.000000000000000000 ) ) ;
#3140 = ORIENTED_EDGE ( 'NONE', *, *, #7449, .T. ) ;
#3141 = DIRECTION ( 'NONE',  ( 0.000000000000000000, 0.000000000000000000, 1.000000000000000000 ) ) ;
#3142 = DIRECTION ( 'NONE',  ( -0.000000000000000000, 1.000000000000000000, -0.000000000000000000 ) ) ;
#3143 = AXIS2_PLACEMENT_3D ( 'NONE', #87, #4670, #2096 ) ;
#3144 = CLOSED_SHELL ( 'NONE', ( #2679, #4231, #2961, #5291, #1502, #6455, #1252, #4783, #4381, #5493, #7630, #1752, #4388, #2852, #7044, #6202, #6005, #2061, #4824, #7419, #1526, #3370, #7859, #3632, #3962, #2047, #3306, #6748, #355, #1382, #4901, #3761, #131, #6468, #5230, #2371, #4334, #4536, #463 ) ) ;
#3145 = VERTEX_POINT ( 'NONE', #5116 ) ;
#3146 = FACE_BOUND ( 'NONE', #10, .T. ) ;
#3147 = ORIENTED_EDGE ( 'NONE', *, *, #73, .F. ) ;
#3148 = DIRECTION ( 'NONE',  ( 0.000000000000000000, 0.000000000000000000, 1.000000000000000000 ) ) ;
#3149 = CIRCLE ( 'NONE', #4867, 5.000000000000000000 ) ;
#3150 = CYLINDRICAL_SURFACE ( 'NONE', #1990, 1.649999999999998579 ) ;
#3151 = CARTESIAN_POINT ( 'NONE',  ( -16.00000000000000000, 0.000000000000000000, -1.117274028429802674E-13 ) ) ;
#3152 = ADVANCED_FACE ( 'NONE', ( #6528 ), #6481, .T. ) ;
#3153 = FACE_OUTER_BOUND ( 'NONE', #5018, .T. ) ;
#3154 = ORIENTED_EDGE ( 'NONE', *, *, #1713, .F. ) ;
#3155 = CARTESIAN_POINT ( 'NONE',  ( -2.000000000000000000, 4.582575694955840717, -14.14213562373095279 ) ) ;
#3156 = ORIENTED_EDGE ( 'NONE', *, *, #3275, .F. ) ;
#3157 = DIRECTION ( 'NONE',  ( 0.000000000000000000, 1.000000000000000000, 0.000000000000000000 ) ) ;
#3158 = EDGE_CURVE ( 'NONE', #7315, #6705, #568, .T. ) ;
#3159 = FACE_OUTER_BOUND ( 'NONE', #6132, .T. ) ;
#3160 = FACE_OUTER_BOUND ( 'NONE', #4554, .T. ) ;
#3161 = FILL_AREA_STYLE_COLOUR ( '', #6342 ) ;
#3162 = EDGE_CURVE ( 'NONE', #5652, #6667, #6403, .T. ) ;
#3163 = ADVANCED_FACE ( 'NONE', ( #5282 ), #7619, .T. ) ;
#3164 = ORIENTED_EDGE ( 'NONE', *, *, #5076, .T. ) ;
#3165 = CARTESIAN_POINT ( 'NONE',  ( 0.000000000000000000, 0.000000000000000000, 0.000000000000000000 ) ) ;
#3166 = EDGE_CURVE ( 'NONE', #406, #7017, #1227, .T. ) ;
#3167 = ORIENTED_EDGE ( 'NONE', *, *, #2296, .T. ) ;
#3168 = DIRECTION ( 'NONE',  ( 0.000000000000000000, 0.000000000000000000, 1.000000000000000000 ) ) ;
#3169 = CARTESIAN_POINT ( 'NONE',  ( 0.000000000000000000, 0.000000000000000000, 0.000000000000000000 ) ) ;
#3170 = AXIS2_PLACEMENT_3D ( 'NONE', #2744, #4736, #7166 ) ;
#3171 = DIRECTION ( 'NONE',  ( -0.000000000000000000, -0.000000000000000000, -1.000000000000000000 ) ) ;
#3172 = VECTOR ( 'NONE', #4744, 1000.000000000000000 ) ;
#3173 = CARTESIAN_POINT ( 'NONE',  ( 1.999999999999999112, -7.228416147400482217, 0.000000000000000000 ) ) ;
#3174 = VERTEX_POINT ( 'NONE', #5816 ) ;
#3175 = EDGE_LOOP ( 'NONE', ( #3042, #2062 ) ) ;
#3176 = EDGE_CURVE ( 'NONE', #941, #809, #701, .T. ) ;
#3177 = VECTOR ( 'NONE', #2360, 1000.000000000000000 ) ;
#3178 = AXIS2_PLACEMENT_3D ( 'NONE', #5811, #2085, #2675 ) ;
#3179 = ORIENTED_EDGE ( 'NONE', *, *, #2303, .F. ) ;
#3180 = CARTESIAN_POINT ( 'NONE',  ( 1.999999999999999112, 10.00000000000000000, -4.582575694955840717 ) ) ;
#3181 = VERTEX_POINT ( 'NONE', #5243 ) ;
#3182 = CIRCLE ( 'NONE', #6224, 1.649999999999998579 ) ;
#3183 = FACE_OUTER_BOUND ( 'NONE', #1451, .T. ) ;
#3184 = AXIS2_PLACEMENT_3D ( 'NONE', #2154, #2068, #4599 ) ;
#3185 = DIRECTION ( 'NONE',  ( 0.000000000000000000, 0.000000000000000000, 1.000000000000000000 ) ) ;
#3186 = AXIS2_PLACEMENT_3D ( 'NONE', #2612, #726, #5133 ) ;
#3187 = CIRCLE ( 'NONE', #2127, 6.300000000000000711 ) ;
#3188 = ORIENTED_EDGE ( 'NONE', *, *, #3270, .T. ) ;
#3189 = CARTESIAN_POINT ( 'NONE',  ( 0.000000000000000000, 28.80000000000000071, 0.000000000000000000 ) ) ;
#3190 = ORIENTED_EDGE ( 'NONE', *, *, #4216, .F. ) ;
#3191 = CARTESIAN_POINT ( 'NONE',  ( 16.86149459567567632, 34.20000000000000284, 6.299999999999999822 ) ) ;
#3192 = AXIS2_PLACEMENT_3D ( 'NONE', #2145, #5828, #4507 ) ;
#3193 = CIRCLE ( 'NONE', #6098, 1.649999999999998579 ) ;
#3194 = CARTESIAN_POINT ( 'NONE',  ( 1.999999999999998668, -7.228416147400480440, 210.0000000000000284 ) ) ;
#3195 = LINE ( 'NONE', #5720, #415 ) ;
#3196 = CARTESIAN_POINT ( 'NONE',  ( 50.00000000000001421, 93.75000000000009948, 210.0000000000000284 ) ) ;
#3197 = CIRCLE ( 'NONE', #5585, 4.990000000000001101 ) ;
#3198 = ORIENTED_EDGE ( 'NONE', *, *, #5695, .F. ) ;
#3199 = CARTESIAN_POINT ( 'NONE',  ( 26.00000000000000355, 0.000000000000000000, 0.000000000000000000 ) ) ;
#3200 = ORIENTED_EDGE ( 'NONE', *, *, #6350, .T. ) ;
#3201 = PRODUCT_DEFINITION_SHAPE ( 'NONE', 'NONE',  #8155 ) ;
#3202 = CARTESIAN_POINT ( 'NONE',  ( 0.000000000000000000, 0.000000000000000000, 0.000000000000000000 ) ) ;
#3203 = CARTESIAN_POINT ( 'NONE',  ( -2.000000000000000000, 7.228416147400480440, 20.00000000000000000 ) ) ;
#3204 = AXIS2_PLACEMENT_3D ( 'NONE', #1137, #3103, #5550 ) ;
#3205 = CIRCLE ( 'NONE', #3470, 45.00000000000000711 ) ;
#3206 = FACE_OUTER_BOUND ( 'NONE', #3494, .T. ) ;
#3207 = SURFACE_STYLE_USAGE ( .BOTH. , #696 ) ;
#3208 = AXIS2_PLACEMENT_3D ( 'NONE', #6134, #7317, #3486 ) ;
#3209 = ORIENTED_EDGE ( 'NONE', *, *, #2095, .T. ) ;
#3210 = CIRCLE ( 'NONE', #4141, 1.649999999999998579 ) ;
#3211 = EDGE_CURVE ( 'NONE', #2635, #4208, #2088, .T. ) ;
#3212 = FACE_OUTER_BOUND ( 'NONE', #4238, .T. ) ;
#3213 = ORIENTED_EDGE ( 'NONE', *, *, #341, .F. ) ;
#3214 = ADVANCED_FACE ( 'NONE', ( #7668 ), #872, .T. ) ;
#3215 = DIRECTION ( 'NONE',  ( -0.000000000000000000, 1.000000000000000000, -0.000000000000000000 ) ) ;
#3216 = CYLINDRICAL_SURFACE ( 'NONE', #575, 4.790000000000000924 ) ;
#3217 = EDGE_CURVE ( 'NONE', #196, #667, #4655, .T. ) ;
#3218 = UNCERTAINTY_MEASURE_WITH_UNIT (LENGTH_MEASURE( 1.000000000000000082E-05 ), #4020, 'distance_accuracy_value', 'NONE');
#3219 = ADVANCED_FACE ( 'NONE', ( #1360 ), #744, .F. ) ;
#3220 = DIRECTION ( 'NONE',  ( -1.000000000000000000, 0.000000000000000000, -0.000000000000000000 ) ) ;
#3221 = DIRECTION ( 'NONE',  ( 0.000000000000000000, 0.000000000000000000, -1.000000000000000000 ) ) ;
#3222 = ORIENTED_EDGE ( 'NONE', *, *, #5283, .T. ) ;
#3223 = ORIENTED_EDGE ( 'NONE', *, *, #7912, .T. ) ;
#3224 = ORIENTED_EDGE ( 'NONE', *, *, #7139, .F. ) ;
#3225 = DIRECTION ( 'NONE',  ( 0.000000000000000000, 0.000000000000000000, 1.000000000000000000 ) ) ;
#3226 = ADVANCED_FACE ( 'NONE', ( #5901 ), #249, .F. ) ;
#3227 = ORIENTED_EDGE ( 'NONE', *, *, #3217, .F. ) ;
#3228 = FACE_BOUND ( 'NONE', #4308, .T. ) ;
#3229 = LINE ( 'NONE', #5750, #5170 ) ;
#3230 = ORIENTED_EDGE ( 'NONE', *, *, #4788, .F. ) ;
#3231 = EDGE_CURVE ( 'NONE', #7459, #4778, #3197, .T. ) ;
#3232 = DIRECTION ( 'NONE',  ( -1.000000000000000000, -0.000000000000000000, -0.000000000000000000 ) ) ;
#3233 = ORIENTED_EDGE ( 'NONE', *, *, #8055, .F. ) ;
#3234 = EDGE_CURVE ( 'NONE', #1967, #6099, #7943, .T. ) ;
#3235 = CYLINDRICAL_SURFACE ( 'NONE', #240, 4.790000000000006253 ) ;
#3236 = DIRECTION ( 'NONE',  ( 0.000000000000000000, -1.000000000000000000, 0.000000000000000000 ) ) ;
#3237 = DIRECTION ( 'NONE',  ( 0.000000000000000000, 0.000000000000000000, -1.000000000000000000 ) ) ;
#3238 = DIRECTION ( 'NONE',  ( 0.000000000000000000, 0.000000000000000000, 1.000000000000000000 ) ) ;
#3239 = ORIENTED_EDGE ( 'NONE', *, *, #2429, .F. ) ;
#3240 = DIRECTION ( 'NONE',  ( -0.000000000000000000, 0.000000000000000000, 1.000000000000000000 ) ) ;
#3241 = ORIENTED_EDGE ( 'NONE', *, *, #904, .T. ) ;
#3242 = DIRECTION ( 'NONE',  ( -1.000000000000000000, -2.168404344971008868E-16, -0.000000000000000000 ) ) ;
#3243 = CARTESIAN_POINT ( 'NONE',  ( 0.000000000000000000, 0.000000000000000000, 4.790000000000000924 ) ) ;
#3244 = CARTESIAN_POINT ( 'NONE',  ( -16.00000000000000000, 2.399999999999999467, 0.000000000000000000 ) ) ;
#3245 = DIRECTION ( 'NONE',  ( 0.000000000000000000, 0.000000000000000000, 1.000000000000000000 ) ) ;
#3246 =( NAMED_UNIT ( * ) PLANE_ANGLE_UNIT ( ) SI_UNIT ( $, .RADIAN. ) );
#3247 = EDGE_LOOP ( 'NONE', ( #170, #2289, #4456, #5071 ) ) ;
#3248 = CARTESIAN_POINT ( 'NONE',  ( 90.00000000000000000, 12.49999999999999822, 0.000000000000000000 ) ) ;
#3249 = AXIS2_PLACEMENT_3D ( 'NONE', #476, #6669, #1790 ) ;
#3250 = ORIENTED_EDGE ( 'NONE', *, *, #7902, .F. ) ;
#3251 = CARTESIAN_POINT ( 'NONE',  ( -18.73499399519520381, 34.20000000000000284, -4.999999999999999112 ) ) ;
#3252 = LINE ( 'NONE', #2631, #5319 ) ;
#3253 = DIRECTION ( 'NONE',  ( 0.000000000000000000, 0.000000000000000000, 1.000000000000000000 ) ) ;
#3254 = ADVANCED_FACE ( 'NONE', ( #6360, #707 ), #5739, .F. ) ;
#3255 = CARTESIAN_POINT ( 'NONE',  ( 23.00000000000000000, 29.80000000000000426, 3.000000000000000000 ) ) ;
#3256 = VECTOR ( 'NONE', #1680, 1000.000000000000000 ) ;
#3257 = CARTESIAN_POINT ( 'NONE',  ( -3.000000000000001776, 34.20000000000000284, 23.00000000000000000 ) ) ;
#3258 = EDGE_CURVE ( 'NONE', #3534, #482, #4126, .T. ) ;
#3259 = ORIENTED_EDGE ( 'NONE', *, *, #5242, .F. ) ;
#3260 = ORIENTED_EDGE ( 'NONE', *, *, #7239, .F. ) ;
#3261 = AXIS2_PLACEMENT_3D ( 'NONE', #5273, #1428, #1467 ) ;
#3262 = EDGE_LOOP ( 'NONE', ( #633, #5845, #2832, #1714 ) ) ;
#3263 = FACE_OUTER_BOUND ( 'NONE', #5959, .T. ) ;
#3264 = EDGE_CURVE ( 'NONE', #4900, #6889, #7712, .T. ) ;
#3265 = CIRCLE ( 'NONE', #1546, 45.00000000000000711 ) ;
#3266 = ORIENTED_EDGE ( 'NONE', *, *, #6931, .T. ) ;
#3267 = DIRECTION ( 'NONE',  ( -0.000000000000000000, 1.000000000000000000, 0.000000000000000000 ) ) ;
#3268 = DIRECTION ( 'NONE',  ( 0.000000000000000000, 1.000000000000000000, 0.000000000000000000 ) ) ;
#3269 = VECTOR ( 'NONE', #4275, 1000.000000000000000 ) ;
#3270 = EDGE_CURVE ( 'NONE', #836, #2012, #2837, .T. ) ;
#3271 = VERTEX_POINT ( 'NONE', #6600 ) ;
#3272 = LINE ( 'NONE', #2174, #6429 ) ;
#3273 = ORIENTED_EDGE ( 'NONE', *, *, #7306, .T. ) ;
#3274 = DIRECTION ( 'NONE',  ( 0.000000000000000000, 1.000000000000000000, 0.000000000000000000 ) ) ;
#3275 = EDGE_CURVE ( 'NONE', #4093, #4088, #3413, .T. ) ;
#3276 = LINE ( 'NONE', #5794, #5173 ) ;
#3277 = VECTOR ( 'NONE', #6297, 1000.000000000000000 ) ;
#3278 = CARTESIAN_POINT ( 'NONE',  ( 3.000000000000000000, 0.000000000000000000, 0.000000000000000000 ) ) ;
#3279 = DIRECTION ( 'NONE',  ( -1.000000000000000000, -0.000000000000000000, -0.000000000000000000 ) ) ;
#3280 = VERTEX_POINT ( 'NONE', #2172 ) ;
#3281 = CARTESIAN_POINT ( 'NONE',  ( -21.00000000000000000, 29.80000000000000426, -1.466422162314116009E-13 ) ) ;
#3282 = ORIENTED_EDGE ( 'NONE', *, *, #4826, .F. ) ;
#3283 = PRODUCT_RELATED_PRODUCT_CATEGORY ( 'part', '', ( #6438 ) ) ;
#3284 = DIRECTION ( 'NONE',  ( -0.000000000000000000, 1.000000000000000000, -0.000000000000000000 ) ) ;
#3285 = EDGE_CURVE ( 'NONE', #1493, #2102, #4790, .T. ) ;
#3286 = CARTESIAN_POINT ( 'NONE',  ( 0.000000000000000000, 10.00000000000000000, 0.000000000000000000 ) ) ;
#3287 = DIRECTION ( 'NONE',  ( -0.000000000000000000, 1.000000000000000000, -0.000000000000000000 ) ) ;
#3288 = CARTESIAN_POINT ( 'NONE',  ( 0.000000000000000000, 29.80000000000000426, 0.000000000000000000 ) ) ;
#3289 = SURFACE_STYLE_FILL_AREA ( #7611 ) ;
#3290 = ORIENTED_EDGE ( 'NONE', *, *, #4546, .F. ) ;
#3291 = CARTESIAN_POINT ( 'NONE',  ( 0.000000000000000000, 20.21909088590100367, 0.000000000000000000 ) ) ;
#3292 = EDGE_LOOP ( 'NONE', ( #4331, #8002, #5494, #3485 ) ) ;
#3293 = FACE_OUTER_BOUND ( 'NONE', #4417, .T. ) ;
#3294 = DIRECTION ( 'NONE',  ( 0.000000000000000000, 0.000000000000000000, 1.000000000000000000 ) ) ;
#3295 = CYLINDRICAL_SURFACE ( 'NONE', #7405, 4.990000000000002878 ) ;
#3296 = DIRECTION ( 'NONE',  ( 0.000000000000000000, 0.000000000000000000, -1.000000000000000000 ) ) ;
#3297 = CARTESIAN_POINT ( 'NONE',  ( 5.449678256205721981E-15, 26.59999999999999787, -44.50000000000000711 ) ) ;
#3298 = ORIENTED_EDGE ( 'NONE', *, *, #7383, .F. ) ;
#3299 = VERTEX_POINT ( 'NONE', #4081 ) ;
#3300 = ORIENTED_EDGE ( 'NONE', *, *, #6987, .T. ) ;
#3301 = LINE ( 'NONE', #837, #783 ) ;
#3302 = EDGE_LOOP ( 'NONE', ( #213, #4770 ) ) ;
#3303 = DIRECTION ( 'NONE',  ( -0.000000000000000000, -1.000000000000000000, -0.000000000000000000 ) ) ;
#3304 = PRESENTATION_LAYER_ASSIGNMENT (  '', '', ( #6867 ) ) ;
#3305 = DIRECTION ( 'NONE',  ( -0.000000000000000000, 1.000000000000000000, -0.000000000000000000 ) ) ;
#3306 = ADVANCED_FACE ( 'NONE', ( #1150 ), #479, .T. ) ;
#3307 = EDGE_LOOP ( 'NONE', ( #2516, #4812 ) ) ;
#3308 = AXIS2_PLACEMENT_3D ( 'NONE', #7701, #5979, #201 ) ;
#3309 = EDGE_LOOP ( 'NONE', ( #3222, #4559, #6818, #474 ) ) ;
#3310 = EDGE_CURVE ( 'NONE', #7298, #3780, #6183, .T. ) ;
#3311 = CARTESIAN_POINT ( 'NONE',  ( 26.00000000000000000, 6.110987527745297461E-16, -4.990000000000003766 ) ) ;
#3312 = DIRECTION ( 'NONE',  ( -0.000000000000000000, 1.000000000000000000, -0.000000000000000000 ) ) ;
#3313 = VECTOR ( 'NONE', #5574, 1000.000000000000000 ) ;
#3314 = DIRECTION ( 'NONE',  ( 0.000000000000000000, 0.000000000000000000, 1.000000000000000000 ) ) ;
#3315 = EDGE_CURVE ( 'NONE', #4005, #4849, #4263, .T. ) ;
#3316 = CARTESIAN_POINT ( 'NONE',  ( 0.000000000000000000, 26.59999999999999787, 0.000000000000000000 ) ) ;
#3317 = AXIS2_PLACEMENT_3D ( 'NONE', #4807, #3554, #7847 ) ;
#3318 = ADVANCED_FACE ( 'NONE', ( #3036 ), #4125, .F. ) ;
#3319 = EDGE_LOOP ( 'NONE', ( #1559, #5799, #4713, #5477 ) ) ;
#3320 = AXIS2_PLACEMENT_3D ( 'NONE', #5668, #5049, #6974 ) ;
#3321 = ORIENTED_EDGE ( 'NONE', *, *, #2239, .T. ) ;
#3322 = FACE_BOUND ( 'NONE', #8077, .T. ) ;
#3323 = EDGE_LOOP ( 'NONE', ( #4058, #3671 ) ) ;
#3324 = CARTESIAN_POINT ( 'NONE',  ( 11.31370849898474162, -4.666904755831215112, 11.31370849898478248 ) ) ;
#3325 = LINE ( 'NONE', #6469, #4568 ) ;
#3326 = LINE ( 'NONE', #2706, #6893 ) ;
#3327 = CARTESIAN_POINT ( 'NONE',  ( -25.00000000000000000, 34.20000000000000284, -3.000000000000000000 ) ) ;
#3328 = AXIS2_PLACEMENT_3D ( 'NONE', #539, #586, #4959 ) ;
#3329 = DIRECTION ( 'NONE',  ( 0.000000000000000000, 0.000000000000000000, -1.000000000000000000 ) ) ;
#3330 = AXIS2_PLACEMENT_3D ( 'NONE', #6727, #4753, #2261 ) ;
#3331 = ORIENTED_EDGE ( 'NONE', *, *, #1449, .T. ) ;
#3332 = CARTESIAN_POINT ( 'NONE',  ( 2.000000000000000000, -7.228416147400480440, 210.0000000000000284 ) ) ;
#3333 = AXIS2_PLACEMENT_3D ( 'NONE', #7928, #1996, #5849 ) ;
#3334 = AXIS2_PLACEMENT_3D ( 'NONE', #730, #1988, #1192 ) ;
#3335 = ORIENTED_EDGE ( 'NONE', *, *, #1397, .T. ) ;
#3336 = CARTESIAN_POINT ( 'NONE',  ( -5.566163469963082448E-14, 10.00000000000000000, 14.35000000000000320 ) ) ;
#3337 = CIRCLE ( 'NONE', #6519, 27.00000000000000000 ) ;
#3338 = CARTESIAN_POINT ( 'NONE',  ( -21.00000000000000000, 22.72893218813453231, 2.499999999999850342 ) ) ;
#3339 = VECTOR ( 'NONE', #2347, 1000.000000000000000 ) ;
#3340 = DIRECTION ( 'NONE',  ( 1.000000000000000000, 0.000000000000000000, 0.000000000000000000 ) ) ;
#3341 = EDGE_LOOP ( 'NONE', ( #308, #283, #3763, #5713 ) ) ;
#3342 = ORIENTED_EDGE ( 'NONE', *, *, #4082, .F. ) ;
#3343 = ORIENTED_EDGE ( 'NONE', *, *, #6536, .T. ) ;
#3344 = DIRECTION ( 'NONE',  ( -0.000000000000000000, -1.000000000000000000, -0.000000000000000000 ) ) ;
#3345 = CIRCLE ( 'NONE', #5330, 1.649999999999998579 ) ;
#3346 = EDGE_LOOP ( 'NONE', ( #3922, #2021, #2232, #7157 ) ) ;
#3347 = APPLICATION_CONTEXT ( 'automotive_design' ) ;
#3348 = CARTESIAN_POINT ( 'NONE',  ( 11.31370849898482156, 7.066904755831209251, 9.663708498984702189 ) ) ;
#3349 = EDGE_CURVE ( 'NONE', #401, #3838, #1746, .T. ) ;
#3350 = FACE_OUTER_BOUND ( 'NONE', #5062, .T. ) ;
#3351 = ORIENTED_EDGE ( 'NONE', *, *, #2765, .F. ) ;
#3352 = VERTEX_POINT ( 'NONE', #7870 ) ;
#3353 = DIRECTION ( 'NONE',  ( 0.000000000000000000, 0.000000000000000000, -1.000000000000000000 ) ) ;
#3354 = DIRECTION ( 'NONE',  ( -1.000000000000000000, -0.000000000000000000, -0.000000000000000000 ) ) ;
#3355 = DIRECTION ( 'NONE',  ( 1.000000000000000000, -0.000000000000000000, 0.000000000000000000 ) ) ;
#3356 = CARTESIAN_POINT ( 'NONE',  ( 14.00000000000000000, -1.999999999999997335, 7.228416147400479552 ) ) ;
#3357 = EDGE_CURVE ( 'NONE', #4583, #3009, #1616, .T. ) ;
#3358 =( NAMED_UNIT ( * ) SI_UNIT ( $, .STERADIAN. ) SOLID_ANGLE_UNIT ( ) );
#3359 = EDGE_CURVE ( 'NONE', #5403, #607, #4946, .T. ) ;
#3360 = ORIENTED_EDGE ( 'NONE', *, *, #4082, .T. ) ;
#3361 = DIRECTION ( 'NONE',  ( 1.000000000000000000, 0.000000000000000000, 0.000000000000000000 ) ) ;
#3362 = ORIENTED_EDGE ( 'NONE', *, *, #3084, .F. ) ;
#3363 = DIRECTION ( 'NONE',  ( -0.000000000000000000, 1.000000000000000000, -0.000000000000000000 ) ) ;
#3364 = DIRECTION ( 'NONE',  ( 0.000000000000000000, 1.000000000000000000, 0.000000000000000000 ) ) ;
#3365 = DIRECTION ( 'NONE',  ( -0.000000000000000000, 1.000000000000000000, -0.000000000000000000 ) ) ;
#3366 = ADVANCED_FACE ( 'NONE', ( #910 ), #333, .T. ) ;
#3367 = CARTESIAN_POINT ( 'NONE',  ( 4.999999999999998224, 34.20000000000000284, 23.00000000000000000 ) ) ;
#3368 = CARTESIAN_POINT ( 'NONE',  ( -11.31370849898482156, 0.000000000000000000, 11.31370849898470077 ) ) ;
#3369 = VERTEX_POINT ( 'NONE', #1597 ) ;
#3370 = ADVANCED_FACE ( 'NONE', ( #8025, #5366 ), #7247, .F. ) ;
#3371 = DIRECTION ( 'NONE',  ( -0.000000000000000000, 1.000000000000000000, -0.000000000000000000 ) ) ;
#3372 = ORIENTED_EDGE ( 'NONE', *, *, #5052, .F. ) ;
#3373 = FACE_OUTER_BOUND ( 'NONE', #1939, .T. ) ;
#3374 = CARTESIAN_POINT ( 'NONE',  ( 0.000000000000000000, 6.110987527745294503E-16, -4.990000000000001101 ) ) ;
#3375 = CARTESIAN_POINT ( 'NONE',  ( 54.00000000000000000, 0.000000000000000000, 0.000000000000000000 ) ) ;
#3376 = CARTESIAN_POINT ( 'NONE',  ( 90.00000000000000000, 0.000000000000000000, 210.0000000000000284 ) ) ;
#3377 = VERTEX_POINT ( 'NONE', #151 ) ;
#3378 = AXIS2_PLACEMENT_3D ( 'NONE', #3286, #691, #4526 ) ;
#3379 = EDGE_LOOP ( 'NONE', ( #2720, #2548, #1587, #3386 ) ) ;
#3380 = EDGE_LOOP ( 'NONE', ( #7483, #7715, #2588, #3599 ) ) ;
#3381 = CYLINDRICAL_SURFACE ( 'NONE', #2620, 45.00000000000000711 ) ;
#3382 = ORIENTED_EDGE ( 'NONE', *, *, #7801, .F. ) ;
#3383 = DIRECTION ( 'NONE',  ( 0.000000000000000000, 0.000000000000000000, -1.000000000000000000 ) ) ;
#3384 = AXIS2_PLACEMENT_3D ( 'NONE', #738, #160, #2671 ) ;
#3385 = CARTESIAN_POINT ( 'NONE',  ( 3.000000000000000000, 0.000000000000000000, 4.990000000000000213 ) ) ;
#3386 = ORIENTED_EDGE ( 'NONE', *, *, #7055, .F. ) ;
#3387 = VECTOR ( 'NONE', #4740, 1000.000000000000000 ) ;
#3388 = VERTEX_POINT ( 'NONE', #110 ) ;
#3389 = CARTESIAN_POINT ( 'NONE',  ( 103.3000000000000114, -2.000000000000000000, 4.571662717217892968 ) ) ;
#3390 = DIRECTION ( 'NONE',  ( -0.000000000000000000, 1.000000000000000000, -0.000000000000000000 ) ) ;
#3391 = DIRECTION ( 'NONE',  ( 0.000000000000000000, 0.000000000000000000, 1.000000000000000000 ) ) ;
#3392 = DIRECTION ( 'NONE',  ( -0.000000000000000000, 1.000000000000000000, -0.000000000000000000 ) ) ;
#3393 = AXIS2_PLACEMENT_3D ( 'NONE', #6791, #4850, #4228 ) ;
#3394 = EDGE_LOOP ( 'NONE', ( #2578, #6295, #3335, #5742, #5945, #2738 ) ) ;
#3395 = EDGE_LOOP ( 'NONE', ( #5679, #50, #4378, #3136 ) ) ;
#3396 = DIRECTION ( 'NONE',  ( 0.000000000000000000, -1.000000000000000000, 0.000000000000000000 ) ) ;
#3397 = ORIENTED_EDGE ( 'NONE', *, *, #2574, .T. ) ;
#3398 = DIRECTION ( 'NONE',  ( 0.000000000000000000, 0.000000000000000000, 1.000000000000000000 ) ) ;
#3399 = CIRCLE ( 'NONE', #7096, 7.500000000000000888 ) ;
#3400 = CYLINDRICAL_SURFACE ( 'NONE', #4834, 2.499999999999998668 ) ;
#3401 = CARTESIAN_POINT ( 'NONE',  ( 24.00000000000000000, -1.999999999999997335, 7.228416147400479552 ) ) ;
#3402 = CARTESIAN_POINT ( 'NONE',  ( 14.00000000000000000, -1.999999999999997335, 7.218039900139097576 ) ) ;
#3403 = AXIS2_PLACEMENT_3D ( 'NONE', #2300, #4829, #1604 ) ;
#3404 = CIRCLE ( 'NONE', #7488, 4.790000000000006253 ) ;
#3405 = ORIENTED_EDGE ( 'NONE', *, *, #7648, .F. ) ;
#3406 = EDGE_CURVE ( 'NONE', #6249, #5418, #310, .T. ) ;
#3407 = CARTESIAN_POINT ( 'NONE',  ( 3.000000000000000000, 5.866058167915823418E-16, -4.790000000000000924 ) ) ;
#3408 = ORIENTED_EDGE ( 'NONE', *, *, #5000, .T. ) ;
#3409 = CARTESIAN_POINT ( 'NONE',  ( 50.00000000000000000, -93.75000000000008527, 210.0000000000000284 ) ) ;
#3410 = CARTESIAN_POINT ( 'NONE',  ( -1.673890375426111171E-13, 2.399999999999999467, -14.34999999999999787 ) ) ;
#3411 = EDGE_CURVE ( 'NONE', #4437, #3299, #2625, .T. ) ;
#3412 = EDGE_CURVE ( 'NONE', #6173, #3271, #3512, .T. ) ;
#3413 = LINE ( 'NONE', #287, #7811 ) ;
#3414 = EDGE_LOOP ( 'NONE', ( #1407, #7627, #8090, #8082 ) ) ;
#3415 = EDGE_CURVE ( 'NONE', #219, #93, #3945, .T. ) ;
#3416 = CARTESIAN_POINT ( 'NONE',  ( -18.73499399519520026, 29.80000000000000426, 5.000000000000000000 ) ) ;
#3417 = EDGE_LOOP ( 'NONE', ( #3154, #103 ) ) ;
#3418 = CARTESIAN_POINT ( 'NONE',  ( 50.00000000000001421, 93.75000000000009948, 210.0000000000000284 ) ) ;
#3419 = PLANE ( 'NONE',  #4074 ) ;
#3420 = DIRECTION ( 'NONE',  ( 1.000000000000000000, -0.000000000000000000, -0.000000000000000000 ) ) ;
#3421 = FACE_BOUND ( 'NONE', #7183, .T. ) ;
#3422 = DIRECTION ( 'NONE',  ( 0.000000000000000000, 0.000000000000000000, 1.000000000000000000 ) ) ;
#3423 = EDGE_CURVE ( 'NONE', #3075, #330, #6766, .T. ) ;
#3424 = ORIENTED_EDGE ( 'NONE', *, *, #7363, .T. ) ;
#3425 = EDGE_LOOP ( 'NONE', ( #4321, #1155, #2323, #6387 ) ) ;
#3426 = CARTESIAN_POINT ( 'NONE',  ( -25.00000000000000000, 34.20000000000000284, 5.000000000000000000 ) ) ;
#3427 = CIRCLE ( 'NONE', #8040, 35.00000000000000000 ) ;
#3428 = DIRECTION ( 'NONE',  ( 1.000000000000000000, 0.000000000000000000, 0.000000000000000000 ) ) ;
#3429 = CARTESIAN_POINT ( 'NONE',  ( -11.31370849898482156, -4.666904755831215112, 9.663708498984702189 ) ) ;
#3430 = AXIS2_PLACEMENT_3D ( 'NONE', #8150, #4359, #778 ) ;
#3431 = DIRECTION ( 'NONE',  ( -0.000000000000000000, -0.000000000000000000, -1.000000000000000000 ) ) ;
#3432 = APPLICATION_PROTOCOL_DEFINITION ( 'draft international standard', 'automotive_design', 1998, #774 ) ;
#3433 = ORIENTED_EDGE ( 'NONE', *, *, #2086, .F. ) ;
#3434 = AXIS2_PLACEMENT_3D ( 'NONE', #3933, #7151, #3314 ) ;
#3435 = ORIENTED_EDGE ( 'NONE', *, *, #3850, .F. ) ;
#3436 = EDGE_LOOP ( 'NONE', ( #1941, #6997, #5760, #4199 ) ) ;
#3437 = DIRECTION ( 'NONE',  ( 0.000000000000000000, -1.000000000000000000, 0.000000000000000000 ) ) ;
#3438 = ORIENTED_EDGE ( 'NONE', *, *, #6354, .F. ) ;
#3439 = FACE_OUTER_BOUND ( 'NONE', #3483, .T. ) ;
#3440 = VECTOR ( 'NONE', #1294, 1000.000000000000000 ) ;
#3441 = CIRCLE ( 'NONE', #4500, 2.000000000000001776 ) ;
#3442 = PRODUCT_DEFINITION_FORMATION_WITH_SPECIFIED_SOURCE ( 'ANY', '', #1424, .NOT_KNOWN. ) ;
#3443 = FACE_OUTER_BOUND ( 'NONE', #7167, .T. ) ;
#3444 = DIRECTION ( 'NONE',  ( -1.734723475976807094E-15, 0.000000000000000000, 1.000000000000000000 ) ) ;
#3445 = AXIS2_PLACEMENT_3D ( 'NONE', #1657, #4184, #7389 ) ;
#3446 = AXIS2_PLACEMENT_3D ( 'NONE', #1371, #3268, #91 ) ;
#3447 = CIRCLE ( 'NONE', #1989, 44.50000000000000711 ) ;
#3448 = ORIENTED_EDGE ( 'NONE', *, *, #5738, .F. ) ;
#3449 = VECTOR ( 'NONE', #4699, 1000.000000000000000 ) ;
#3450 = CYLINDRICAL_SURFACE ( 'NONE', #4978, 4.990000000000001101 ) ;
#3451 = ORIENTED_EDGE ( 'NONE', *, *, #4677, .F. ) ;
#3452 = VECTOR ( 'NONE', #2556, 1000.000000000000000 ) ;
#3453 = VECTOR ( 'NONE', #1488, 1000.000000000000000 ) ;
#3454 = CARTESIAN_POINT ( 'NONE',  ( -18.73499399519520026, 34.20000000000000284, 5.000000000000000000 ) ) ;
#3455 = DIRECTION ( 'NONE',  ( 0.000000000000000000, 1.000000000000000000, 0.000000000000000000 ) ) ;
#3456 = DIRECTION ( 'NONE',  ( 0.000000000000000000, 0.000000000000000000, 1.000000000000000000 ) ) ;
#3457 = EDGE_CURVE ( 'NONE', #6187, #2657, #5458, .T. ) ;
#3458 = AXIS2_PLACEMENT_3D ( 'NONE', #6140, #5524, #4898 ) ;
#3459 = VERTEX_POINT ( 'NONE', #7116 ) ;
#3460 = VECTOR ( 'NONE', #2540, 1000.000000000000000 ) ;
#3461 = EDGE_CURVE ( 'NONE', #4552, #5700, #234, .T. ) ;
#3462 = DIRECTION ( 'NONE',  ( 1.000000000000000000, 0.000000000000000000, 0.000000000000000000 ) ) ;
#3463 = EDGE_LOOP ( 'NONE', ( #2241, #7033 ) ) ;
#3464 = EDGE_LOOP ( 'NONE', ( #7233, #6303 ) ) ;
#3465 = EDGE_CURVE ( 'NONE', #5528, #1844, #3326, .T. ) ;
#3466 = DIRECTION ( 'NONE',  ( -1.000000000000000000, -0.000000000000000000, -0.000000000000000000 ) ) ;
#3467 = ORIENTED_EDGE ( 'NONE', *, *, #4938, .F. ) ;
#3468 = FILL_AREA_STYLE ('',( #459 ) ) ;
#3469 = AXIS2_PLACEMENT_3D ( 'NONE', #3029, #985, #473 ) ;
#3470 = AXIS2_PLACEMENT_3D ( 'NONE', #4923, #662, #3134 ) ;
#3471 = CARTESIAN_POINT ( 'NONE',  ( 0.000000000000000000, 0.000000000000000000, 20.00000000000000000 ) ) ;
#3472 = DIRECTION ( 'NONE',  ( 0.000000000000000000, 1.000000000000000000, 0.000000000000000000 ) ) ;
#3473 = VERTEX_POINT ( 'NONE', #4609 ) ;
#3474 = AXIS2_PLACEMENT_3D ( 'NONE', #64, #3811, #3771 ) ;
#3475 = EDGE_CURVE ( 'NONE', #5733, #688, #3988, .T. ) ;
#3476 = CIRCLE ( 'NONE', #4534, 1.649999999999998579 ) ;
#3477 = ORIENTED_EDGE ( 'NONE', *, *, #7906, .T. ) ;
#3478 = CARTESIAN_POINT ( 'NONE',  ( -5.000000000000001776, 29.80000000000000426, -23.00000000000000000 ) ) ;
#3479 = FACE_OUTER_BOUND ( 'NONE', #6910, .T. ) ;
#3480 = FACE_OUTER_BOUND ( 'NONE', #2777, .T. ) ;
#3481 = DIRECTION ( 'NONE',  ( -0.000000000000000000, -0.000000000000000000, 1.000000000000000000 ) ) ;
#3482 = APPLICATION_PROTOCOL_DEFINITION ( 'draft international standard', 'automotive_design', 1998, #5730 ) ;
#3483 = EDGE_LOOP ( 'NONE', ( #6722, #2437, #2967, #3028 ) ) ;
#3484 = ORIENTED_EDGE ( 'NONE', *, *, #1224, .T. ) ;
#3485 = ORIENTED_EDGE ( 'NONE', *, *, #3522, .T. ) ;
#3486 = DIRECTION ( 'NONE',  ( 0.000000000000000000, 0.000000000000000000, 1.000000000000000000 ) ) ;
#3487 = EDGE_LOOP ( 'NONE', ( #3190, #2692 ) ) ;
#3488 = DIRECTION ( 'NONE',  ( -0.000000000000000000, -1.000000000000000000, -0.000000000000000000 ) ) ;
#3489 = DIRECTION ( 'NONE',  ( 0.000000000000000000, 0.000000000000000000, -1.000000000000000000 ) ) ;
#3490 = FACE_OUTER_BOUND ( 'NONE', #4962, .T. ) ;
#3491 = CARTESIAN_POINT ( 'NONE',  ( 90.00000000000000000, -12.49999999999999822, 0.000000000000000000 ) ) ;
#3492 = ORIENTED_EDGE ( 'NONE', *, *, #4578, .T. ) ;
#3493 = DIRECTION ( 'NONE',  ( 0.000000000000000000, 0.000000000000000000, 1.000000000000000000 ) ) ;
#3494 = EDGE_LOOP ( 'NONE', ( #8134, #6985, #1287, #4688 ) ) ;
#3495 = DIRECTION ( 'NONE',  ( -0.000000000000000000, 1.000000000000000000, -0.000000000000000000 ) ) ;
#3496 = DIRECTION ( 'NONE',  ( 0.000000000000000000, 0.000000000000000000, -1.000000000000000000 ) ) ;
#3497 = ORIENTED_EDGE ( 'NONE', *, *, #2406, .F. ) ;
#3498 = CARTESIAN_POINT ( 'NONE',  ( 0.000000000000000000, 0.000000000000000000, 0.000000000000000000 ) ) ;
#3499 = ORIENTED_EDGE ( 'NONE', *, *, #3176, .F. ) ;
#3500 = DIRECTION ( 'NONE',  ( -1.000000000000000000, -0.000000000000000000, -0.000000000000000000 ) ) ;
#3501 = DIRECTION ( 'NONE',  ( -0.000000000000000000, -0.000000000000000000, 1.000000000000000000 ) ) ;
#3502 = DIRECTION ( 'NONE',  ( 0.000000000000000000, 0.000000000000000000, 1.000000000000000000 ) ) ;
#3503 = EDGE_CURVE ( 'NONE', #1484, #4260, #5322, .T. ) ;
#3504 = DIRECTION ( 'NONE',  ( -1.000000000000000000, -0.000000000000000000, -0.000000000000000000 ) ) ;
#3505 = AXIS2_PLACEMENT_3D ( 'NONE', #4064, #3364, #6017 ) ;
#3506 = DIRECTION ( 'NONE',  ( 0.000000000000000000, 1.000000000000000000, 0.000000000000000000 ) ) ;
#3507 = ORIENTED_EDGE ( 'NONE', *, *, #7648, .T. ) ;
#3508 = EDGE_CURVE ( 'NONE', #1460, #2711, #5765, .T. ) ;
#3509 = ORIENTED_EDGE ( 'NONE', *, *, #2457, .T. ) ;
#3510 = DIRECTION ( 'NONE',  ( 0.000000000000000000, 0.000000000000000000, -1.000000000000000000 ) ) ;
#3511 = AXIS2_PLACEMENT_3D ( 'NONE', #7963, #3094, #6886 ) ;
#3512 = LINE ( 'NONE', #734, #1351 ) ;
#3513 = CARTESIAN_POINT ( 'NONE',  ( 2.999999999999998224, 34.20000000000000284, 23.00000000000000000 ) ) ;
#3514 = DIRECTION ( 'NONE',  ( 0.000000000000000000, 1.000000000000000000, 0.000000000000000000 ) ) ;
#3515 = FACE_OUTER_BOUND ( 'NONE', #1598, .T. ) ;
#3516 = EDGE_CURVE ( 'NONE', #3579, #1921, #3857, .T. ) ;
#3517 = EDGE_CURVE ( 'NONE', #3799, #280, #2036, .T. ) ;
#3518 = ORIENTED_EDGE ( 'NONE', *, *, #7240, .F. ) ;
#3519 = AXIS2_PLACEMENT_3D ( 'NONE', #3535, #6674, #5529 ) ;
#3520 = ORIENTED_EDGE ( 'NONE', *, *, #3018, .T. ) ;
#3521 = LINE ( 'NONE', #3650, #2416 ) ;
#3522 = EDGE_CURVE ( 'NONE', #7296, #6790, #7281, .T. ) ;
#3523 = ORIENTED_EDGE ( 'NONE', *, *, #1555, .T. ) ;
#3524 = DIRECTION ( 'NONE',  ( -1.000000000000000000, -0.000000000000000000, -0.000000000000000000 ) ) ;
#3525 = DIRECTION ( 'NONE',  ( 1.000000000000000000, 0.000000000000000000, 0.000000000000000000 ) ) ;
#3526 = VECTOR ( 'NONE', #4973, 1000.000000000000000 ) ;
#3527 = CARTESIAN_POINT ( 'NONE',  ( -2.000000000000000000, 7.228416147400480440, -15.52417469626002777 ) ) ;
#3528 = LINE ( 'NONE', #2369, #7123 ) ;
#3529 = FACE_OUTER_BOUND ( 'NONE', #3309, .T. ) ;
#3530 = PRODUCT_RELATED_PRODUCT_CATEGORY ( 'part', '', ( #7474 ) ) ;
#3531 = ORIENTED_EDGE ( 'NONE', *, *, #7444, .F. ) ;
#3532 = EDGE_CURVE ( 'NONE', #7017, #1450, #7039, .T. ) ;
#3533 = VECTOR ( 'NONE', #6668, 1000.000000000000000 ) ;
#3534 = VERTEX_POINT ( 'NONE', #5887 ) ;
#3535 = CARTESIAN_POINT ( 'NONE',  ( 0.000000000000000000, 0.000000000000000000, 0.000000000000000000 ) ) ;
#3536 = EDGE_LOOP ( 'NONE', ( #2714, #3767 ) ) ;
#3537 = DIRECTION ( 'NONE',  ( -0.000000000000000000, 1.000000000000000000, -0.000000000000000000 ) ) ;
#3538 = FACE_OUTER_BOUND ( 'NONE', #3395, .T. ) ;
#3539 = AXIS2_PLACEMENT_3D ( 'NONE', #3929, #7971, #2269 ) ;
#3540 = ORIENTED_EDGE ( 'NONE', *, *, #2708, .F. ) ;
#3541 = CARTESIAN_POINT ( 'NONE',  ( 0.000000000000000000, 0.000000000000000000, 0.000000000000000000 ) ) ;
#3542 = CIRCLE ( 'NONE', #2214, 2.000000000000001776 ) ;
#3543 = ORIENTED_EDGE ( 'NONE', *, *, #1755, .F. ) ;
#3544 = CARTESIAN_POINT ( 'NONE',  ( 14.00000000000000000, -1.999999999999997335, -4.571662717217885863 ) ) ;
#3545 = DIRECTION ( 'NONE',  ( 0.000000000000000000, 0.000000000000000000, 1.000000000000000000 ) ) ;
#3546 = CARTESIAN_POINT ( 'NONE',  ( 29.50000000000000000, 0.000000000000000000, 4.990000000000002878 ) ) ;
#3547 = CARTESIAN_POINT ( 'NONE',  ( 0.000000000000000000, 0.000000000000000000, 4.990000000000004654 ) ) ;
#3548 = CARTESIAN_POINT ( 'NONE',  ( -2.000000000000000000, 7.228416147400480440, 210.0000000000000284 ) ) ;
#3549 = ORIENTED_EDGE ( 'NONE', *, *, #5789, .F. ) ;
#3550 = ORIENTED_EDGE ( 'NONE', *, *, #898, .T. ) ;
#3551 = CARTESIAN_POINT ( 'NONE',  ( 0.000000000000000000, 0.000000000000000000, 29.74999999999997158 ) ) ;
#3552 = DIRECTION ( 'NONE',  ( 0.000000000000000000, 0.000000000000000000, -1.000000000000000000 ) ) ;
#3553 = CYLINDRICAL_SURFACE ( 'NONE', #4377, 44.50000000000000711 ) ;
#3554 = DIRECTION ( 'NONE',  ( -0.000000000000000000, -1.000000000000000000, -0.000000000000000000 ) ) ;
#3555 = EDGE_CURVE ( 'NONE', #1373, #3609, #1883, .T. ) ;
#3556 = DIRECTION ( 'NONE',  ( -0.000000000000000000, 1.000000000000000000, -0.000000000000000000 ) ) ;
#3557 = APPLICATION_PROTOCOL_DEFINITION ( 'draft international standard', 'automotive_design', 1998, #7827 ) ;
#3558 = ORIENTED_EDGE ( 'NONE', *, *, #6048, .F. ) ;
#3559 = EDGE_CURVE ( 'NONE', #1915, #609, #7416, .T. ) ;
#3560 = ORIENTED_EDGE ( 'NONE', *, *, #5501, .T. ) ;
#3561 = FACE_OUTER_BOUND ( 'NONE', #4661, .T. ) ;
#3562 = ORIENTED_EDGE ( 'NONE', *, *, #497, .T. ) ;
#3563 = EDGE_CURVE ( 'NONE', #6286, #4537, #4920, .T. ) ;
#3564 = CARTESIAN_POINT ( 'NONE',  ( 16.86149459567567632, 29.80000000000000426, 6.299999999999998934 ) ) ;
#3565 = ADVANCED_FACE ( 'NONE', ( #2890 ), #5422, .F. ) ;
#3566 = PLANE ( 'NONE',  #7201 ) ;
#3567 = DIRECTION ( 'NONE',  ( -0.000000000000000000, 0.000000000000000000, 1.000000000000000000 ) ) ;
#3568 = EDGE_CURVE ( 'NONE', #2627, #5335, #6209, .T. ) ;
#3569 = DIRECTION ( 'NONE',  ( 0.000000000000000000, -0.000000000000000000, -1.000000000000000000 ) ) ;
#3570 = VECTOR ( 'NONE', #3582, 1000.000000000000000 ) ;
#3571 = FACE_OUTER_BOUND ( 'NONE', #6638, .T. ) ;
#3572 = ORIENTED_EDGE ( 'NONE', *, *, #4442, .T. ) ;
#3573 = CIRCLE ( 'NONE', #1463, 4.990000000000001101 ) ;
#3574 = CIRCLE ( 'NONE', #6480, 1.999999999999998224 ) ;
#3575 = DIRECTION ( 'NONE',  ( 0.000000000000000000, 0.000000000000000000, 1.000000000000000000 ) ) ;
#3576 = ORIENTED_EDGE ( 'NONE', *, *, #2353, .F. ) ;
#3577 = DIRECTION ( 'NONE',  ( 0.000000000000000000, 0.000000000000000000, 1.000000000000000000 ) ) ;
#3578 = VECTOR ( 'NONE', #3114, 1000.000000000000000 ) ;
#3579 = VERTEX_POINT ( 'NONE', #3686 ) ;
#3580 = DIRECTION ( 'NONE',  ( -0.000000000000000000, -0.000000000000000000, 1.000000000000000000 ) ) ;
#3581 = CIRCLE ( 'NONE', #2123, 4.990000000000004654 ) ;
#3582 = DIRECTION ( 'NONE',  ( -1.000000000000000000, -0.000000000000000000, -0.000000000000000000 ) ) ;
#3583 = CIRCLE ( 'NONE', #26, 1.999999999999998224 ) ;
#3584 = AXIS2_PLACEMENT_3D ( 'NONE', #2105, #4641, #886 ) ;
#3585 = ORIENTED_EDGE ( 'NONE', *, *, #1843, .T. ) ;
#3586 = EDGE_CURVE ( 'NONE', #7923, #1115, #3064, .T. ) ;
#3587 = DIRECTION ( 'NONE',  ( -0.000000000000000000, 1.000000000000000000, -0.000000000000000000 ) ) ;
#3588 = VECTOR ( 'NONE', #2603, 1000.000000000000000 ) ;
#3589 = VECTOR ( 'NONE', #496, 1000.000000000000000 ) ;
#3590 = VERTEX_POINT ( 'NONE', #3022 ) ;
#3591 = CARTESIAN_POINT ( 'NONE',  ( 90.00000000000000000, -12.49999999999999822, 20.00000000000000000 ) ) ;
#3592 = LINE ( 'NONE', #6242, #3041 ) ;
#3593 = CARTESIAN_POINT ( 'NONE',  ( 11.76470588235294024, -22.05882352941176450, 210.0000000000000284 ) ) ;
#3594 = VECTOR ( 'NONE', #7750, 1000.000000000000000 ) ;
#3596 = EDGE_CURVE ( 'NONE', #472, #6153, #5051, .T. ) ;
#3595 = CARTESIAN_POINT ( 'NONE',  ( 14.00000000000000000, 2.000000000000002665, 7.228416147400479552 ) ) ;
#3597 = CIRCLE ( 'NONE', #3859, 4.790000000000005365 ) ;
#3598 = DIRECTION ( 'NONE',  ( -0.000000000000000000, -1.000000000000000000, -0.000000000000000000 ) ) ;
#3599 = ORIENTED_EDGE ( 'NONE', *, *, #6196, .F. ) ;
#3600 = EDGE_LOOP ( 'NONE', ( #515, #4913, #3661, #2432 ) ) ;
#3601 = CARTESIAN_POINT ( 'NONE',  ( 90.00000000000000000, 12.49999999999999822, 230.0000000000000000 ) ) ;
#3602 = AXIS2_PLACEMENT_3D ( 'NONE', #8093, #1210, #1093 ) ;
#3603 = AXIS2_PLACEMENT_3D ( 'NONE', #2975, #3598, #2180 ) ;
#3604 = CARTESIAN_POINT ( 'NONE',  ( 11.31370849898465991, 2.399999999999999467, -12.96370849898485744 ) ) ;
#3605 = DIRECTION ( 'NONE',  ( 0.000000000000000000, 0.000000000000000000, 1.000000000000000000 ) ) ;
#3606 = DIRECTION ( 'NONE',  ( -1.000000000000000000, 0.000000000000000000, 0.000000000000000000 ) ) ;
#3607 = CARTESIAN_POINT ( 'NONE',  ( 0.000000000000000000, 35.39999999999999858, 0.000000000000000000 ) ) ;
#3608 = CIRCLE ( 'NONE', #6637, 1.649999999999998579 ) ;
#3609 = VERTEX_POINT ( 'NONE', #3604 ) ;
#3610 = CIRCLE ( 'NONE', #7960, 1.649999999999998579 ) ;
#3611 = ORIENTED_EDGE ( 'NONE', *, *, #2099, .T. ) ;
#3612 = CARTESIAN_POINT ( 'NONE',  ( -16.00000000000000000, 10.00000000000000000, -1.117274028429802674E-13 ) ) ;
#3613 = ORIENTED_EDGE ( 'NONE', *, *, #1611, .T. ) ;
#3614 = DIRECTION ( 'NONE',  ( 0.000000000000000000, 1.000000000000000000, 0.000000000000000000 ) ) ;
#3615 = DIRECTION ( 'NONE',  ( 0.000000000000000000, 1.000000000000000000, 0.000000000000000000 ) ) ;
#3616 = CARTESIAN_POINT ( 'NONE',  ( -11.31370849898482156, 0.000000000000000000, 12.96370849898469935 ) ) ;
#3617 = APPLICATION_CONTEXT ( 'automotive_design' ) ;
#3618 = EDGE_CURVE ( 'NONE', #2173, #4552, #46, .T. ) ;
#3619 = CARTESIAN_POINT ( 'NONE',  ( 1.677931709863297103E-13, 10.00000000000000000, -17.64999999999999503 ) ) ;
#3620 = EDGE_CURVE ( 'NONE', #3075, #86, #1051, .T. ) ;
#3621 = DIRECTION ( 'NONE',  ( -1.000000000000000000, 0.000000000000000000, 0.000000000000000000 ) ) ;
#3622 = ORIENTED_EDGE ( 'NONE', *, *, #1305, .F. ) ;
#3623 = ORIENTED_EDGE ( 'NONE', *, *, #3115, .T. ) ;
#3624 = DIRECTION ( 'NONE',  ( 0.000000000000000000, 0.000000000000000000, -1.000000000000000000 ) ) ;
#3625 = EDGE_CURVE ( 'NONE', #7273, #6377, #5714, .T. ) ;
#3626 = ORIENTED_EDGE ( 'NONE', *, *, #1564, .T. ) ;
#3627 = DIRECTION ( 'NONE',  ( -0.000000000000000000, -1.000000000000000000, -0.000000000000000000 ) ) ;
#3628 = DIRECTION ( 'NONE',  ( -0.000000000000000000, 0.000000000000000000, 1.000000000000000000 ) ) ;
#3629 = EDGE_CURVE ( 'NONE', #5449, #3101, #6128, .T. ) ;
#3630 = ORIENTED_EDGE ( 'NONE', *, *, #5084, .F. ) ;
#3631 = DIRECTION ( 'NONE',  ( 0.000000000000000000, 0.000000000000000000, -1.000000000000000000 ) ) ;
#3632 = ADVANCED_FACE ( 'NONE', ( #4880 ), #4964, .F. ) ;
#3633 = VERTEX_POINT ( 'NONE', #6859 ) ;
#3634 = DIRECTION ( 'NONE',  ( -0.000000000000000000, 1.000000000000000000, -0.000000000000000000 ) ) ;
#3635 = DIRECTION ( 'NONE',  ( -1.000000000000000000, -0.000000000000000000, -0.000000000000000000 ) ) ;
#3636 = CARTESIAN_POINT ( 'NONE',  ( 0.000000000000000000, 13.40000000000000213, 0.000000000000000000 ) ) ;
#3637 = CARTESIAN_POINT ( 'NONE',  ( -16.00000000000000000, 0.000000000000000000, -1.650000000000110489 ) ) ;
#3638 = FACE_OUTER_BOUND ( 'NONE', #2825, .T. ) ;
#3639 = ORIENTED_EDGE ( 'NONE', *, *, #2965, .T. ) ;
#3640 = EDGE_CURVE ( 'NONE', #2297, #2278, #3727, .T. ) ;
#3641 = ORIENTED_EDGE ( 'NONE', *, *, #1123, .T. ) ;
#3642 = DIRECTION ( 'NONE',  ( 0.000000000000000000, 0.000000000000000000, -1.000000000000000000 ) ) ;
#3643 = CARTESIAN_POINT ( 'NONE',  ( 2.000000000000000000, -7.228416147400480440, -15.52417469626002777 ) ) ;
#3644 = DIRECTION ( 'NONE',  ( 0.000000000000000000, 0.000000000000000000, 1.000000000000000000 ) ) ;
#3645 = FACE_OUTER_BOUND ( 'NONE', #7318, .T. ) ;
#3646 = DIRECTION ( 'NONE',  ( -1.000000000000000000, 0.000000000000000000, 0.000000000000000000 ) ) ;
#3647 = PRODUCT_CONTEXT ( 'NONE', #7827, 'mechanical' ) ;
#3648 = EDGE_LOOP ( 'NONE', ( #7837, #8061 ) ) ;
#3649 = VERTEX_POINT ( 'NONE', #6076 ) ;
#3650 = CARTESIAN_POINT ( 'NONE',  ( 25.00000000000000000, 29.80000000000000426, -4.999999999999996447 ) ) ;
#3651 = CIRCLE ( 'NONE', #4966, 41.00000000000000000 ) ;
#3652 = ORIENTED_EDGE ( 'NONE', *, *, #2929, .T. ) ;
#3653 = FACE_OUTER_BOUND ( 'NONE', #7852, .T. ) ;
#3654 = FACE_OUTER_BOUND ( 'NONE', #2795, .T. ) ;
#3655 = CARTESIAN_POINT ( 'NONE',  ( -5.000000000000001776, 34.20000000000000284, -23.00000000000000000 ) ) ;
#3656 = FACE_BOUND ( 'NONE', #2907, .T. ) ;
#3657 = CIRCLE ( 'NONE', #3511, 7.500000000000000888 ) ;
#3658 = DIRECTION ( 'NONE',  ( 0.000000000000000000, 0.000000000000000000, 1.000000000000000000 ) ) ;
#3659 = DIRECTION ( 'NONE',  ( 0.000000000000000000, -1.000000000000000000, 0.000000000000000000 ) ) ;
#3660 = ORIENTED_EDGE ( 'NONE', *, *, #5756, .T. ) ;
#3661 = ORIENTED_EDGE ( 'NONE', *, *, #2765, .T. ) ;
#3662 = DIRECTION ( 'NONE',  ( -0.000000000000000000, 1.000000000000000000, -0.000000000000000000 ) ) ;
#3663 = CIRCLE ( 'NONE', #4187, 18.00000000000000355 ) ;
#3664 = ORIENTED_EDGE ( 'NONE', *, *, #4380, .F. ) ;
#3665 = CARTESIAN_POINT ( 'NONE',  ( 0.000000000000000000, 5.866058167915829334E-16, -4.790000000000006253 ) ) ;
#3666 = DIRECTION ( 'NONE',  ( -1.000000000000000000, -0.000000000000000000, -0.000000000000000000 ) ) ;
#3667 = EDGE_CURVE ( 'NONE', #13, #625, #5197, .T. ) ;
#3668 = CIRCLE ( 'NONE', #3393, 44.50000000000000711 ) ;
#3669 = ORIENTED_EDGE ( 'NONE', *, *, #8097, .T. ) ;
#3670 = DIRECTION ( 'NONE',  ( 0.000000000000000000, 0.000000000000000000, 1.000000000000000000 ) ) ;
#3671 = ORIENTED_EDGE ( 'NONE', *, *, #2449, .F. ) ;
#3672 = CARTESIAN_POINT ( 'NONE',  ( 5.000000000000000000, 0.000000000000000000, 230.0000000000000000 ) ) ;
#3673 = VECTOR ( 'NONE', #465, 1000.000000000000000 ) ;
#3674 = CARTESIAN_POINT ( 'NONE',  ( 0.000000000000000000, 2.200000000000021494, 0.000000000000000000 ) ) ;
#3675 = CARTESIAN_POINT ( 'NONE',  ( 0.000000000000000000, 0.000000000000000000, 0.000000000000000000 ) ) ;
#3676 = EDGE_CURVE ( 'NONE', #6030, #7829, #3741, .T. ) ;
#3677 = ADVANCED_FACE ( 'NONE', ( #2400 ), #2355, .F. ) ;
#3678 = DIRECTION ( 'NONE',  ( -0.000000000000000000, 1.000000000000000000, -0.000000000000000000 ) ) ;
#3679 = DIRECTION ( 'NONE',  ( -1.000000000000000000, -0.000000000000000000, -0.000000000000000000 ) ) ;
#3680 = ADVANCED_FACE ( 'NONE', ( #8128 ), #466, .F. ) ;
#3681 = VECTOR ( 'NONE', #5591, 1000.000000000000000 ) ;
#3682 = ORIENTED_EDGE ( 'NONE', *, *, #4285, .F. ) ;
#3683 = ORIENTED_EDGE ( 'NONE', *, *, #6599, .F. ) ;
#3684 = AXIS2_PLACEMENT_3D ( 'NONE', #4132, #1003, #6157 ) ;
#3685 = DIRECTION ( 'NONE',  ( 1.000000000000000000, 0.000000000000000000, -0.000000000000000000 ) ) ;
#3686 = CARTESIAN_POINT ( 'NONE',  ( 4.286263797015735707E-15, 0.000000000000000000, 35.00000000000000000 ) ) ;
#3687 = DIRECTION ( 'NONE',  ( 0.000000000000000000, -1.000000000000000000, 0.000000000000000000 ) ) ;
#3688 = DIRECTION ( 'NONE',  ( -1.000000000000000000, -0.000000000000000000, -0.000000000000000000 ) ) ;
#3689 = EDGE_CURVE ( 'NONE', #7382, #3006, #7951, .T. ) ;
#3690 = CARTESIAN_POINT ( 'NONE',  ( 0.000000000000000000, 34.20000000000000284, 0.000000000000000000 ) ) ;
#3691 = ORIENTED_EDGE ( 'NONE', *, *, #4680, .T. ) ;
#3692 = DIRECTION ( 'NONE',  ( 0.000000000000000000, 0.000000000000000000, 1.000000000000000000 ) ) ;
#3693 = ORIENTED_EDGE ( 'NONE', *, *, #2856, .F. ) ;
#3694 = LINE ( 'NONE', #1220, #3277 ) ;
#3695 = CARTESIAN_POINT ( 'NONE',  ( 1.675911042644704011E-13, 10.00000000000000000, -15.99999999999999645 ) ) ;
#3696 = CARTESIAN_POINT ( 'NONE',  ( 18.73499399519520026, 34.20000000000000284, 5.000000000000000000 ) ) ;
#3697 = DIRECTION ( 'NONE',  ( -0.000000000000000000, 1.000000000000000000, -0.000000000000000000 ) ) ;
#3698 =( LENGTH_UNIT ( ) NAMED_UNIT ( * ) SI_UNIT ( .MILLI., .METRE. ) );
#3699 = VERTEX_POINT ( 'NONE', #2480 ) ;
#3700 = PLANE ( 'NONE',  #6106 ) ;
#3701 = VERTEX_POINT ( 'NONE', #507 ) ;
#3702 = FACE_OUTER_BOUND ( 'NONE', #5112, .T. ) ;
#3703 = EDGE_LOOP ( 'NONE', ( #319, #5324, #1780, #958 ) ) ;
#3704 = CYLINDRICAL_SURFACE ( 'NONE', #2623, 1.999999999999998224 ) ;
#3705 = EDGE_CURVE ( 'NONE', #2111, #2558, #4182, .T. ) ;
#3706 = CARTESIAN_POINT ( 'NONE',  ( -11.31370849898474162, -2.500000000000000000, 9.663708498984785678 ) ) ;
#3707 = VECTOR ( 'NONE', #5563, 1000.000000000000000 ) ;
#3708 = ORIENTED_EDGE ( 'NONE', *, *, #6193, .F. ) ;
#3709 = VECTOR ( 'NONE', #1912, 1000.000000000000000 ) ;
#3710 = CARTESIAN_POINT ( 'NONE',  ( 11.31370849898482156, 2.399999999999999467, 11.31370849898470077 ) ) ;
#3711 = EDGE_LOOP ( 'NONE', ( #4675, #4197, #3477, #1660 ) ) ;
#3712 = VECTOR ( 'NONE', #3002, 1000.000000000000000 ) ;
#3713 = DIRECTION ( 'NONE',  ( 0.000000000000000000, 0.000000000000000000, 1.000000000000000000 ) ) ;
#3714 = LINE ( 'NONE', #42, #3073 ) ;
#3715 = VECTOR ( 'NONE', #2314, 1000.000000000000000 ) ;
#3716 = EDGE_CURVE ( 'NONE', #5486, #6155, #7428, .T. ) ;
#3717 = CARTESIAN_POINT ( 'NONE',  ( -16.86149459567567632, 29.80000000000000426, -6.299999999999996270 ) ) ;
#3718 = LINE ( 'NONE', #3793, #983 ) ;
#3719 = EDGE_CURVE ( 'NONE', #7904, #5528, #5328, .T. ) ;
#3720 = AXIS2_PLACEMENT_3D ( 'NONE', #342, #7967, #5339 ) ;
#3721 = VECTOR ( 'NONE', #4432, 1000.000000000000000 ) ;
#3722 = EDGE_CURVE ( 'NONE', #5139, #6856, #3079, .T. ) ;
#3723 = ORIENTED_EDGE ( 'NONE', *, *, #6308, .F. ) ;
#3724 = VERTEX_POINT ( 'NONE', #1144 ) ;
#3725 = DIRECTION ( 'NONE',  ( 0.000000000000000000, 0.000000000000000000, 1.000000000000000000 ) ) ;
#3726 = EDGE_CURVE ( 'NONE', #3534, #6104, #3521, .T. ) ;
#3727 = LINE ( 'NONE', #2980, #7420 ) ;
#3728 = CARTESIAN_POINT ( 'NONE',  ( 23.00000000000000000, 34.20000000000000284, 3.000000000000000000 ) ) ;
#3729 = AXIS2_PLACEMENT_3D ( 'NONE', #11, #7628, #6256 ) ;
#3730 = FACE_OUTER_BOUND ( 'NONE', #768, .T. ) ;
#3731 = DIRECTION ( 'NONE',  ( -0.000000000000000000, 1.000000000000000000, -0.000000000000000000 ) ) ;
#3732 = ADVANCED_FACE ( 'NONE', ( #3561 ), #4811, .F. ) ;
#3733 = ORIENTED_EDGE ( 'NONE', *, *, #1711, .T. ) ;
#3734 = AXIS2_PLACEMENT_3D ( 'NONE', #2419, #4280, #7407 ) ;
#3735 = PLANE ( 'NONE',  #6641 ) ;
#3736 = AXIS2_PLACEMENT_3D ( 'NONE', #4980, #4353, #7484 ) ;
#3737 = ORIENTED_EDGE ( 'NONE', *, *, #5850, .F. ) ;
#3738 = CYLINDRICAL_SURFACE ( 'NONE', #4596, 12.49999999999999645 ) ;
#3739 = CARTESIAN_POINT ( 'NONE',  ( 16.00000000000000000, 0.000000000000000000, 1.649999999999998579 ) ) ;
#3740 = CARTESIAN_POINT ( 'NONE',  ( 0.000000000000000000, -2.500000000000000000, 27.24999999999998224 ) ) ;
#3741 = CIRCLE ( 'NONE', #7683, 1.649999999999998579 ) ;
#3742 = CARTESIAN_POINT ( 'NONE',  ( 0.000000000000000000, -2.500000000000000000, 27.24999999999998224 ) ) ;
#3743 = AXIS2_PLACEMENT_3D ( 'NONE', #1205, #2557, #7503 ) ;
#3744 = ORIENTED_EDGE ( 'NONE', *, *, #5683, .F. ) ;
#3745 = PLANE ( 'NONE',  #317 ) ;
#3746 = ORIENTED_EDGE ( 'NONE', *, *, #2828, .F. ) ;
#3747 = DIRECTION ( 'NONE',  ( -1.000000000000000000, -0.000000000000000000, -0.000000000000000000 ) ) ;
#3748 = VECTOR ( 'NONE', #5411, 1000.000000000000000 ) ;
#3749 = CIRCLE ( 'NONE', #2149, 44.50000000000000711 ) ;
#3750 = DIRECTION ( 'NONE',  ( -1.000000000000000000, -0.000000000000000000, -0.000000000000000000 ) ) ;
#3751 = DIRECTION ( 'NONE',  ( 0.000000000000000000, 0.000000000000000000, 1.000000000000000000 ) ) ;
#3752 = ORIENTED_EDGE ( 'NONE', *, *, #5361, .T. ) ;
#3753 = FACE_OUTER_BOUND ( 'NONE', #4801, .T. ) ;
#3754 = ORIENTED_EDGE ( 'NONE', *, *, #7349, .T. ) ;
#3755 = DIRECTION ( 'NONE',  ( -0.000000000000000000, -0.000000000000000000, -1.000000000000000000 ) ) ;
#3756 = CARTESIAN_POINT ( 'NONE',  ( 39.50000000000000711, 0.000000000000000000, 4.990000000000004654 ) ) ;
#3757 = CYLINDRICAL_SURFACE ( 'NONE', #5453, 4.990000000000000213 ) ;
#3758 = LINE ( 'NONE', #3056, #1889 ) ;
#3759 = ORIENTED_EDGE ( 'NONE', *, *, #4117, .T. ) ;
#3760 = VERTEX_POINT ( 'NONE', #7893 ) ;
#3761 = ADVANCED_FACE ( 'NONE', ( #7275 ), #1579, .F. ) ;
#3762 = CARTESIAN_POINT ( 'NONE',  ( 2.999999999999998224, 29.80000000000000426, 23.00000000000000000 ) ) ;
#3763 = ORIENTED_EDGE ( 'NONE', *, *, #3162, .T. ) ;
#3764 = DIRECTION ( 'NONE',  ( 0.000000000000000000, -0.000000000000000000, -1.000000000000000000 ) ) ;
#3765 = CARTESIAN_POINT ( 'NONE',  ( 0.000000000000000000, 2.399999999999999467, -6.300000000000000711 ) ) ;
#3766 = ADVANCED_FACE ( 'NONE', ( #6087 ), #1662, .F. ) ;
#3767 = ORIENTED_EDGE ( 'NONE', *, *, #969, .F. ) ;
#3768 = CARTESIAN_POINT ( 'NONE',  ( 113.3000000000000114, 0.000000000000000000, 0.000000000000000000 ) ) ;
#3769 = EDGE_LOOP ( 'NONE', ( #924, #6865 ) ) ;
#3770 = DIRECTION ( 'NONE',  ( -1.000000000000000000, -0.000000000000000000, -0.000000000000000000 ) ) ;
#3771 = DIRECTION ( 'NONE',  ( 1.000000000000000000, 0.000000000000000000, -2.250437420865466312E-16 ) ) ;
#3772 = FACE_OUTER_BOUND ( 'NONE', #2936, .T. ) ;
#3773 = EDGE_CURVE ( 'NONE', #4127, #7901, #6774, .T. ) ;
#3774 = EDGE_CURVE ( 'NONE', #5220, #7357, #7288, .T. ) ;
#3775 = DIRECTION ( 'NONE',  ( -1.000000000000000000, -0.000000000000000000, -0.000000000000000000 ) ) ;
#3776 = AXIS2_PLACEMENT_3D ( 'NONE', #4109, #7279, #1465 ) ;
#3777 = EDGE_CURVE ( 'NONE', #280, #2736, #3337, .T. ) ;
#3778 = ORIENTED_EDGE ( 'NONE', *, *, #675, .F. ) ;
#3779 = CARTESIAN_POINT ( 'NONE',  ( 39.50000000000000000, 0.000000000000000000, 0.000000000000000000 ) ) ;
#3780 = VERTEX_POINT ( 'NONE', #2363 ) ;
#3781 = DIRECTION ( 'NONE',  ( -0.000000000000000000, 1.000000000000000000, -0.000000000000000000 ) ) ;
#3782 = AXIS2_PLACEMENT_3D ( 'NONE', #1126, #3631, #491 ) ;
#3783 = DIRECTION ( 'NONE',  ( 0.000000000000000000, 0.000000000000000000, 1.000000000000000000 ) ) ;
#3784 = FILL_AREA_STYLE ('',( #3161 ) ) ;
#3785 = ADVANCED_FACE ( 'NONE', ( #433 ), #2986, .F. ) ;
#3786 = ORIENTED_EDGE ( 'NONE', *, *, #1399, .T. ) ;
#3787 = CARTESIAN_POINT ( 'NONE',  ( -21.00000000000000000, 34.20000000000000284, -1.466422162314116009E-13 ) ) ;
#3788 = ORIENTED_EDGE ( 'NONE', *, *, #2144, .T. ) ;
#3789 = DIRECTION ( 'NONE',  ( 1.000000000000000000, 0.000000000000000000, 0.000000000000000000 ) ) ;
#3790 = PRODUCT_DEFINITION_SHAPE ( 'NONE', 'NONE',  #7208 ) ;
#3791 = CIRCLE ( 'NONE', #2870, 4.990000000000004654 ) ;
#3792 = DIRECTION ( 'NONE',  ( -1.000000000000000000, 0.000000000000000000, 0.000000000000000000 ) ) ;
#3793 = CARTESIAN_POINT ( 'NONE',  ( 1.999999999999999112, 0.000000000000000000, 4.582575694955840717 ) ) ;
#3794 = ORIENTED_EDGE ( 'NONE', *, *, #5135, .T. ) ;
#3795 = ORIENTED_EDGE ( 'NONE', *, *, #4322, .F. ) ;
#3796 = CIRCLE ( 'NONE', #246, 45.00000000000000711 ) ;
#3797 = ORIENTED_EDGE ( 'NONE', *, *, #1902, .F. ) ;
#3798 = CARTESIAN_POINT ( 'NONE',  ( 14.00000000000000000, -1.999999999999997335, 7.228416147400479552 ) ) ;
#3799 = VERTEX_POINT ( 'NONE', #6789 ) ;
#3800 = FACE_BOUND ( 'NONE', #3302, .T. ) ;
#3801 = UNCERTAINTY_MEASURE_WITH_UNIT (LENGTH_MEASURE( 1.000000000000000082E-05 ), #6527, 'distance_accuracy_value', 'NONE');
#3802 = EDGE_CURVE ( 'NONE', #4339, #1856, #516, .T. ) ;
#3803 = CARTESIAN_POINT ( 'NONE',  ( 5.449678256205721981E-15, 13.40000000000000213, -44.50000000000000711 ) ) ;
#3804 = AXIS2_PLACEMENT_3D ( 'NONE', #53, #1901, #3102 ) ;
#3805 = VECTOR ( 'NONE', #3783, 1000.000000000000000 ) ;
#3806 = ORIENTED_EDGE ( 'NONE', *, *, #2501, .T. ) ;
#3807 = CARTESIAN_POINT ( 'NONE',  ( 0.000000000000000000, -2.500000000000000000, 0.000000000000000000 ) ) ;
#3808 = ORIENTED_EDGE ( 'NONE', *, *, #4884, .T. ) ;
#3809 = FACE_OUTER_BOUND ( 'NONE', #6839, .T. ) ;
#3810 = VECTOR ( 'NONE', #2799, 1000.000000000000000 ) ;
#3811 = DIRECTION ( 'NONE',  ( 2.250437420865466312E-16, -0.000000000000000000, 1.000000000000000000 ) ) ;
#3812 = EDGE_CURVE ( 'NONE', #1363, #1254, #3866, .T. ) ;
#3813 = CARTESIAN_POINT ( 'NONE',  ( 0.000000000000000000, 29.80000000000000426, -40.00000000000000000 ) ) ;
#3814 = CARTESIAN_POINT ( 'NONE',  ( 11.31370849898474162, 0.000000000000000000, 11.31370849898478248 ) ) ;
#3815 = EDGE_CURVE ( 'NONE', #7882, #4241, #4269, .T. ) ;
#3816 = ADVANCED_FACE ( 'NONE', ( #4848 ), #4769, .T. ) ;
#3817 = ORIENTED_EDGE ( 'NONE', *, *, #2168, .T. ) ;
#3818 = CARTESIAN_POINT ( 'NONE',  ( 0.000000000000000000, 33.20000000000000284, 44.50000000000000711 ) ) ;
#3819 = EDGE_CURVE ( 'NONE', #482, #6063, #6746, .T. ) ;
#3820 = ORIENTED_EDGE ( 'NONE', *, *, #5280, .F. ) ;
#3821 = DIRECTION ( 'NONE',  ( 0.000000000000000000, 0.000000000000000000, 1.000000000000000000 ) ) ;
#3822 = CARTESIAN_POINT ( 'NONE',  ( 0.000000000000000000, 0.000000000000000000, 0.000000000000000000 ) ) ;
#3823 = EDGE_CURVE ( 'NONE', #607, #4383, #5465, .T. ) ;
#3824 = DIRECTION ( 'NONE',  ( 0.000000000000000000, 1.000000000000000000, 0.000000000000000000 ) ) ;
#3825 = SURFACE_STYLE_FILL_AREA ( #3784 ) ;
#3826 = ORIENTED_EDGE ( 'NONE', *, *, #3406, .T. ) ;
#3827 = CARTESIAN_POINT ( 'NONE',  ( 39.50000000000000711, 6.110987527745299433E-16, -4.990000000000004654 ) ) ;
#3828 = AXIS2_PLACEMENT_3D ( 'NONE', #2250, #6109, #3628 ) ;
#3829 = ORIENTED_EDGE ( 'NONE', *, *, #5076, .F. ) ;
#3830 = CARTESIAN_POINT ( 'NONE',  ( 3.306546357697853733E-15, 0.000000000000000000, 27.00000000000000000 ) ) ;
#3831 = CARTESIAN_POINT ( 'NONE',  ( 6.999999999999998224, 29.80000000000000426, 18.73499399519520026 ) ) ;
#3832 = VECTOR ( 'NONE', #4477, 1000.000000000000000 ) ;
#3833 = DIRECTION ( 'NONE',  ( -0.000000000000000000, 0.000000000000000000, 1.000000000000000000 ) ) ;
#3834 = EDGE_CURVE ( 'NONE', #1671, #6949, #1103, .T. ) ;
#3835 = AXIS2_PLACEMENT_3D ( 'NONE', #8023, #4815, #6710 ) ;
#3836 = FACE_BOUND ( 'NONE', #7368, .T. ) ;
#3837 = VERTEX_POINT ( 'NONE', #5557 ) ;
#3838 = VERTEX_POINT ( 'NONE', #2193 ) ;
#3839 = AXIS2_PLACEMENT_3D ( 'NONE', #7071, #2818, #3896 ) ;
#3840 = VECTOR ( 'NONE', #7617, 1000.000000000000000 ) ;
#3841 = ORIENTED_EDGE ( 'NONE', *, *, #7202, .F. ) ;
#3842 = DIRECTION ( 'NONE',  ( 0.000000000000000000, 0.000000000000000000, 1.000000000000000000 ) ) ;
#3843 = ORIENTED_EDGE ( 'NONE', *, *, #4876, .T. ) ;
#3844 = DIRECTION ( 'NONE',  ( 0.000000000000000000, 0.000000000000000000, 1.000000000000000000 ) ) ;
#3845 = CARTESIAN_POINT ( 'NONE',  ( -2.000000000000000000, 7.228416147400480440, 210.0000000000000284 ) ) ;
#3846 = VECTOR ( 'NONE', #7387, 1000.000000000000000 ) ;
#3847 = EDGE_LOOP ( 'NONE', ( #1562, #1623, #5099, #5452, #3576, #8108 ) ) ;
#3848 = PLANE ( 'NONE',  #4140 ) ;
#3849 = ORIENTED_EDGE ( 'NONE', *, *, #5555, .T. ) ;
#3850 = EDGE_CURVE ( 'NONE', #55, #196, #4309, .T. ) ;
#3851 = CARTESIAN_POINT ( 'NONE',  ( 18.73499399519520026, 34.20000000000000284, 7.000000000000000000 ) ) ;
#3852 = AXIS2_PLACEMENT_3D ( 'NONE', #7544, #3678, #1895 ) ;
#3853 = AXIS2_PLACEMENT_3D ( 'NONE', #4089, #6652, #5499 ) ;
#3854 = CARTESIAN_POINT ( 'NONE',  ( 5.000000000000000000, 0.000000000000000000, 20.00000000000000000 ) ) ;
#3855 = CARTESIAN_POINT ( 'NONE',  ( 5.449678256205721981E-15, 9.000000000000001776, -44.50000000000000711 ) ) ;
#3856 = DIRECTION ( 'NONE',  ( 0.000000000000000000, 0.000000000000000000, 1.000000000000000000 ) ) ;
#3857 = CIRCLE ( 'NONE', #7678, 35.00000000000000000 ) ;
#3858 =( NAMED_UNIT ( * ) SI_UNIT ( $, .STERADIAN. ) SOLID_ANGLE_UNIT ( ) );
#3859 = AXIS2_PLACEMENT_3D ( 'NONE', #3779, #5610, #5017 ) ;
#3860 = ORIENTED_EDGE ( 'NONE', *, *, #5183, .F. ) ;
#3861 = DIRECTION ( 'NONE',  ( -1.000000000000000000, -0.000000000000000000, -0.000000000000000000 ) ) ;
#3862 = ORIENTED_EDGE ( 'NONE', *, *, #2957, .F. ) ;
#3863 = DIRECTION ( 'NONE',  ( -0.000000000000000000, -1.000000000000000000, -0.000000000000000000 ) ) ;
#3864 = EDGE_CURVE ( 'NONE', #5976, #5189, #2276, .T. ) ;
#3865 = DIRECTION ( 'NONE',  ( 0.000000000000000000, -1.000000000000000000, 0.000000000000000000 ) ) ;
#3866 = CIRCLE ( 'NONE', #314, 18.00000000000000355 ) ;
#3867 = VECTOR ( 'NONE', #2307, 1000.000000000000000 ) ;
#3868 = DIRECTION ( 'NONE',  ( 0.000000000000000000, 0.000000000000000000, 1.000000000000000000 ) ) ;
#3869 = EDGE_CURVE ( 'NONE', #2438, #7584, #5053, .T. ) ;
#3870 = ORIENTED_EDGE ( 'NONE', *, *, #7145, .F. ) ;
#3871 = EDGE_CURVE ( 'NONE', #4077, #3280, #845, .T. ) ;
#3872 = FACE_OUTER_BOUND ( 'NONE', #2956, .T. ) ;
#3873 = ORIENTED_EDGE ( 'NONE', *, *, #6093, .F. ) ;
#3874 = FACE_OUTER_BOUND ( 'NONE', #2444, .T. ) ;
#3875 = CARTESIAN_POINT ( 'NONE',  ( -2.000000000000000000, -4.582575694955840717, -14.14213562373095279 ) ) ;
#3876 = CARTESIAN_POINT ( 'NONE',  ( 5.510910596163090344E-15, 35.39999999999999858, 45.00000000000000711 ) ) ;
#3877 = EDGE_CURVE ( 'NONE', #7504, #6327, #5985, .T. ) ;
#3878 =( GEOMETRIC_REPRESENTATION_CONTEXT ( 3 ) GLOBAL_UNCERTAINTY_ASSIGNED_CONTEXT ( ( #2884 ) ) GLOBAL_UNIT_ASSIGNED_CONTEXT ( ( #5840, #930, #3979 ) ) REPRESENTATION_CONTEXT ( 'NONE', 'WORKASPACE' ) );
#3879 = CARTESIAN_POINT ( 'NONE',  ( 0.000000000000000000, 0.000000000000000000, 210.0000000000000284 ) ) ;
#3880 = FACE_BOUND ( 'NONE', #2808, .T. ) ;
#3881 = ORIENTED_EDGE ( 'NONE', *, *, #1284, .F. ) ;
#3882 = EDGE_CURVE ( 'NONE', #1274, #403, #6331, .T. ) ;
#3883 = ORIENTED_EDGE ( 'NONE', *, *, #1651, .T. ) ;
#3884 = ORIENTED_EDGE ( 'NONE', *, *, #5325, .T. ) ;
#3885 = CARTESIAN_POINT ( 'NONE',  ( 5.510910596163090344E-15, 35.39999999999999858, 45.00000000000000711 ) ) ;
#3886 = VERTEX_POINT ( 'NONE', #4392 ) ;
#3887 = DIRECTION ( 'NONE',  ( -1.000000000000000000, -0.000000000000000000, -0.000000000000000000 ) ) ;
#3888 = CARTESIAN_POINT ( 'NONE',  ( 39.50000000000000000, 0.000000000000000000, 4.790000000000005365 ) ) ;
#3889 = EDGE_CURVE ( 'NONE', #582, #5403, #5059, .T. ) ;
#3890 = ORIENTED_EDGE ( 'NONE', *, *, #2927, .F. ) ;
#3891 = DIRECTION ( 'NONE',  ( -1.000000000000000000, -0.000000000000000000, -0.000000000000000000 ) ) ;
#3892 = ORIENTED_EDGE ( 'NONE', *, *, #1897, .F. ) ;
#3893 = DIRECTION ( 'NONE',  ( 0.000000000000000000, 0.000000000000000000, 1.000000000000000000 ) ) ;
#3894 = CARTESIAN_POINT ( 'NONE',  ( 11.76470588235294024, -22.05882352941176450, 230.0000000000000000 ) ) ;
#3895 = CARTESIAN_POINT ( 'NONE',  ( 0.000000000000000000, 34.20000000000000284, 0.000000000000000000 ) ) ;
#3896 = DIRECTION ( 'NONE',  ( 0.000000000000000000, 0.000000000000000000, 1.000000000000000000 ) ) ;
#3897 = EDGE_LOOP ( 'NONE', ( #782, #4013, #7722, #3682 ) ) ;
#3898 = DIRECTION ( 'NONE',  ( 1.000000000000000000, 0.000000000000000000, -0.000000000000000000 ) ) ;
#3899 = EDGE_LOOP ( 'NONE', ( #4, #134, #1969, #3752 ) ) ;
#3900 = FACE_OUTER_BOUND ( 'NONE', #2331, .T. ) ;
#3901 = DIRECTION ( 'NONE',  ( -1.000000000000000000, -0.000000000000000000, -0.000000000000000000 ) ) ;
#3902 = DIRECTION ( 'NONE',  ( 0.000000000000000000, 0.000000000000000000, 1.000000000000000000 ) ) ;
#3903 = LINE ( 'NONE', #3401, #2522 ) ;
#3904 = ORIENTED_EDGE ( 'NONE', *, *, #2809, .F. ) ;
#3905 = LINE ( 'NONE', #5072, #1409 ) ;
#3906 = AXIS2_PLACEMENT_3D ( 'NONE', #6092, #5561, #8065 ) ;
#3907 = ORIENTED_EDGE ( 'NONE', *, *, #920, .F. ) ;
#3908 = CYLINDRICAL_SURFACE ( 'NONE', #7256, 2.499999999999996891 ) ;
#3909 = DIRECTION ( 'NONE',  ( 1.000000000000000000, 0.000000000000000000, 0.000000000000000000 ) ) ;
#3910 = EDGE_CURVE ( 'NONE', #449, #1627, #7553, .T. ) ;
#3911 = CYLINDRICAL_SURFACE ( 'NONE', #4643, 4.990000000000002878 ) ;
#3912 = DIRECTION ( 'NONE',  ( 0.000000000000000000, 0.000000000000000000, 1.000000000000000000 ) ) ;
#3913 = AXIS2_PLACEMENT_3D ( 'NONE', #7536, #6922, #2550 ) ;
#3914 = DIRECTION ( 'NONE',  ( 0.000000000000000000, -0.000000000000000000, 1.000000000000000000 ) ) ;
#3915 = EDGE_CURVE ( 'NONE', #76, #1640, #3608, .T. ) ;
#3916 = ORIENTED_EDGE ( 'NONE', *, *, #4682, .T. ) ;
#3917 = ORIENTED_EDGE ( 'NONE', *, *, #1504, .F. ) ;
#3918 = ORIENTED_EDGE ( 'NONE', *, *, #3516, .F. ) ;
#3919 = EDGE_CURVE ( 'NONE', #1796, #6778, #5602, .T. ) ;
#3920 = CARTESIAN_POINT ( 'NONE',  ( 39.50000000000000711, 0.000000000000000000, -4.990000000000004654 ) ) ;
#3921 = VECTOR ( 'NONE', #3994, 1000.000000000000000 ) ;
#3922 = ORIENTED_EDGE ( 'NONE', *, *, #5127, .T. ) ;
#3923 = DIRECTION ( 'NONE',  ( -0.000000000000000000, -0.000000000000000000, -1.000000000000000000 ) ) ;
#3924 = EDGE_CURVE ( 'NONE', #6705, #7315, #6119, .T. ) ;
#3925 = DIRECTION ( 'NONE',  ( -0.000000000000000000, -0.000000000000000000, 1.000000000000000000 ) ) ;
#3926 = ORIENTED_EDGE ( 'NONE', *, *, #2644, .F. ) ;
#3927 = LINE ( 'NONE', #6029, #3748 ) ;
#3928 = ORIENTED_EDGE ( 'NONE', *, *, #5079, .F. ) ;
#3929 = CARTESIAN_POINT ( 'NONE',  ( -11.31370849898465991, -4.666904755831215112, -11.31370849898485886 ) ) ;
#3930 = CARTESIAN_POINT ( 'NONE',  ( 0.000000000000000000, 0.000000000000000000, 210.0000000000000284 ) ) ;
#3931 = ADVANCED_FACE ( 'NONE', ( #3146, #7476 ), #6216, .F. ) ;
#3932 = AXIS2_PLACEMENT_3D ( 'NONE', #5221, #7724, #2065 ) ;
#3933 = CARTESIAN_POINT ( 'NONE',  ( 14.00000000000000000, 0.000000000000000000, 0.000000000000000000 ) ) ;
#3934 = AXIS2_PLACEMENT_3D ( 'NONE', #4323, #5732, #72 ) ;
#3935 = CARTESIAN_POINT ( 'NONE',  ( 5.510910596163090344E-15, 35.39999999999999858, 45.00000000000000711 ) ) ;
#3936 =( NAMED_UNIT ( * ) PLANE_ANGLE_UNIT ( ) SI_UNIT ( $, .RADIAN. ) );
#3937 = ORIENTED_EDGE ( 'NONE', *, *, #3074, .T. ) ;
#3938 = ORIENTED_EDGE ( 'NONE', *, *, #1156, .F. ) ;
#3939 = LINE ( 'NONE', #6424, #2279 ) ;
#3940 = CIRCLE ( 'NONE', #5126, 7.490000000000001990 ) ;
#3941 = ORIENTED_EDGE ( 'NONE', *, *, #898, .F. ) ;
#3942 = DIRECTION ( 'NONE',  ( -0.000000000000000000, 1.000000000000000000, -0.000000000000000000 ) ) ;
#3943 = AXIS2_PLACEMENT_3D ( 'NONE', #152, #2666, #3444 ) ;
#3944 = DIRECTION ( 'NONE',  ( -1.000000000000000000, -0.000000000000000000, -0.000000000000000000 ) ) ;
#3945 = LINE ( 'NONE', #2665, #7543 ) ;
#3946 = LINE ( 'NONE', #7040, #5951 ) ;
#3947 = CARTESIAN_POINT ( 'NONE',  ( 39.50000000000000711, 0.000000000000000000, 4.990000000000004654 ) ) ;
#3948 = VERTEX_POINT ( 'NONE', #60 ) ;
#3949 = CARTESIAN_POINT ( 'NONE',  ( 103.3000000000000114, 2.000000000000000000, -4.582575694955840717 ) ) ;
#3950 = VERTEX_POINT ( 'NONE', #2486 ) ;
#3951 = CARTESIAN_POINT ( 'NONE',  ( 0.000000000000000000, -2.500000000000000000, 0.000000000000000000 ) ) ;
#3952 = CARTESIAN_POINT ( 'NONE',  ( 0.000000000000000000, 0.000000000000000000, 4.790000000000000924 ) ) ;
#3953 = SHAPE_REPRESENTATION ( 'Link3LowerShaft', ( #2426 ), #6523 ) ;
#3954 = CARTESIAN_POINT ( 'NONE',  ( 11.31370849898465991, 7.066904755831209251, -11.31370849898485886 ) ) ;
#3955 = DIRECTION ( 'NONE',  ( 0.000000000000000000, 1.000000000000000000, 0.000000000000000000 ) ) ;
#3956 = ORIENTED_EDGE ( 'NONE', *, *, #155, .T. ) ;
#3957 = EDGE_LOOP ( 'NONE', ( #1323, #4031, #5215, #717 ) ) ;
#3958 = ORIENTED_EDGE ( 'NONE', *, *, #5035, .F. ) ;
#3959 = DIRECTION ( 'NONE',  ( -0.000000000000000000, -0.000000000000000000, 1.000000000000000000 ) ) ;
#3960 = ORIENTED_EDGE ( 'NONE', *, *, #142, .T. ) ;
#3961 = CARTESIAN_POINT ( 'NONE',  ( -25.00000000000000000, 29.80000000000000426, -5.000000000000000000 ) ) ;
#3962 = ADVANCED_FACE ( 'NONE', ( #5090 ), #5670, .T. ) ;
#3963 = EDGE_CURVE ( 'NONE', #3649, #2381, #14, .T. ) ;
#3964 = DIRECTION ( 'NONE',  ( 0.000000000000000000, 0.000000000000000000, 1.000000000000000000 ) ) ;
#3965 = MECHANICAL_DESIGN_GEOMETRIC_PRESENTATION_REPRESENTATION (  '', ( #411 ), #4630 ) ;
#3966 = AXIS2_PLACEMENT_3D ( 'NONE', #4122, #1554, #6596 ) ;
#3967 = VERTEX_POINT ( 'NONE', #4970 ) ;
#3968 = EDGE_CURVE ( 'NONE', #6198, #5220, #1828, .T. ) ;
#3969 = AXIS2_PLACEMENT_3D ( 'NONE', #1833, #6335, #1225 ) ;
#3970 = ORIENTED_EDGE ( 'NONE', *, *, #1108, .T. ) ;
#3971 = FACE_OUTER_BOUND ( 'NONE', #7085, .T. ) ;
#3972 = FACE_BOUND ( 'NONE', #2247, .T. ) ;
#3973 = AXIS2_PLACEMENT_3D ( 'NONE', #2275, #6740, #2855 ) ;
#3974 = CIRCLE ( 'NONE', #4245, 45.00000000000000711 ) ;
#3975 = CARTESIAN_POINT ( 'NONE',  ( 4.999999999999998224, 29.80000000000000426, -23.00000000000000000 ) ) ;
#3976 = DIRECTION ( 'NONE',  ( -1.000000000000000000, -0.000000000000000000, -0.000000000000000000 ) ) ;
#3977 = ADVANCED_FACE ( 'NONE', ( #1286 ), #3735, .F. ) ;
#3978 = CIRCLE ( 'NONE', #159, 2.000000000000000000 ) ;
#3979 =( NAMED_UNIT ( * ) SI_UNIT ( $, .STERADIAN. ) SOLID_ANGLE_UNIT ( ) );
#3980 = ORIENTED_EDGE ( 'NONE', *, *, #4179, .T. ) ;
#3981 = AXIS2_PLACEMENT_3D ( 'NONE', #217, #2726, #2764 ) ;
#3982 = ORIENTED_EDGE ( 'NONE', *, *, #1589, .F. ) ;
#3983 = FACE_OUTER_BOUND ( 'NONE', #1349, .T. ) ;
#3984 = AXIS2_PLACEMENT_3D ( 'NONE', #5168, #3923, #6451 ) ;
#3985 = ORIENTED_EDGE ( 'NONE', *, *, #556, .T. ) ;
#3986 = DIRECTION ( 'NONE',  ( 0.000000000000000000, 0.000000000000000000, 1.000000000000000000 ) ) ;
#3987 = CARTESIAN_POINT ( 'NONE',  ( 0.000000000000000000, 35.39999999999999858, -45.00000000000000711 ) ) ;
#3988 = LINE ( 'NONE', #1466, #4518 ) ;
#3989 = DIRECTION ( 'NONE',  ( -1.000000000000000000, 0.000000000000000000, 0.000000000000000000 ) ) ;
#3990 = VECTOR ( 'NONE', #7430, 1000.000000000000000 ) ;
#3991 = PRESENTATION_STYLE_ASSIGNMENT (( #3207 ) ) ;
#3992 = AXIS2_PLACEMENT_3D ( 'NONE', #1396, #6399, #785 ) ;
#3993 = EDGE_LOOP ( 'NONE', ( #117, #4972 ) ) ;
#3994 = DIRECTION ( 'NONE',  ( -0.000000000000000000, -1.000000000000000000, -0.000000000000000000 ) ) ;
#3995 = AXIS2_PLACEMENT_3D ( 'NONE', #81, #1400, #3296 ) ;
#3996 = CIRCLE ( 'NONE', #442, 1.649999999999998579 ) ;
#3997 = ORIENTED_EDGE ( 'NONE', *, *, #7340, .T. ) ;
#3998 = ADVANCED_BREP_SHAPE_REPRESENTATION ( '', ( #1807, #2426 ), #4671 ) ;
#3999 = LINE ( 'NONE', #2171, #1858 ) ;
#4000 = DIRECTION ( 'NONE',  ( -1.000000000000000000, -0.000000000000000000, -0.000000000000000000 ) ) ;
#4001 = AXIS2_PLACEMENT_3D ( 'NONE', #2569, #5632, #3692 ) ;
#4002 = DIRECTION ( 'NONE',  ( -1.000000000000000000, 0.000000000000000000, 0.000000000000000000 ) ) ;
#4003 = VECTOR ( 'NONE', #4060, 1000.000000000000000 ) ;
#4004 = CARTESIAN_POINT ( 'NONE',  ( -18.73499399519520381, 29.80000000000000426, -4.999999999999999112 ) ) ;
#4005 = VERTEX_POINT ( 'NONE', #1870 ) ;
#4006 = ORIENTED_EDGE ( 'NONE', *, *, #4397, .T. ) ;
#4007 = ORIENTED_EDGE ( 'NONE', *, *, #2457, .F. ) ;
#4008 = CYLINDRICAL_SURFACE ( 'NONE', #1831, 1.649999999999998579 ) ;
#4009 = AXIS2_PLACEMENT_3D ( 'NONE', #831, #7053, #1928 ) ;
#4010 = CARTESIAN_POINT ( 'NONE',  ( -11.31370849898465991, 0.000000000000000000, -11.31370849898485886 ) ) ;
#4011 = CARTESIAN_POINT ( 'NONE',  ( 16.00000000000000000, 0.000000000000000000, 0.000000000000000000 ) ) ;
#4012 = LINE ( 'NONE', #5293, #6233 ) ;
#4013 = ORIENTED_EDGE ( 'NONE', *, *, #2848, .T. ) ;
#4014 = VERTEX_POINT ( 'NONE', #6976 ) ;
#4015 = PLANE ( 'NONE',  #4591 ) ;
#4016 = CARTESIAN_POINT ( 'NONE',  ( 0.000000000000000000, 4.600000000000003197, 0.000000000000000000 ) ) ;
#4017 = DIRECTION ( 'NONE',  ( 0.000000000000000000, 0.000000000000000000, -1.000000000000000000 ) ) ;
#4018 = ADVANCED_FACE ( 'NONE', ( #1324 ), #3848, .F. ) ;
#4019 = CARTESIAN_POINT ( 'NONE',  ( 25.00000000000000000, 34.20000000000000284, 3.000000000000000000 ) ) ;
#4020 =( LENGTH_UNIT ( ) NAMED_UNIT ( * ) SI_UNIT ( .MILLI., .METRE. ) );
#4021 = ORIENTED_EDGE ( 'NONE', *, *, #6657, .T. ) ;
#4022 = EDGE_LOOP ( 'NONE', ( #6447, #2759, #7415, #1817 ) ) ;
#4023 = FACE_BOUND ( 'NONE', #1571, .T. ) ;
#4024 = EDGE_LOOP ( 'NONE', ( #8100, #882 ) ) ;
#4025 = CARTESIAN_POINT ( 'NONE',  ( 24.00000000000000000, -1.999999999999997335, 7.228416147400479552 ) ) ;
#4026 = EDGE_CURVE ( 'NONE', #1743, #456, #5752, .T. ) ;
#4027 = FACE_OUTER_BOUND ( 'NONE', #4625, .T. ) ;
#4028 = EDGE_CURVE ( 'NONE', #4311, #194, #5598, .T. ) ;
#4029 = CARTESIAN_POINT ( 'NONE',  ( -2.000000000000000000, 4.582575694955840717, 0.000000000000000000 ) ) ;
#4030 = EDGE_CURVE ( 'NONE', #219, #7976, #6604, .T. ) ;
#4031 = ORIENTED_EDGE ( 'NONE', *, *, #289, .T. ) ;
#4032 = APPLICATION_CONTEXT ( 'automotive_design' ) ;
#4033 = CARTESIAN_POINT ( 'NONE',  ( 0.000000000000000000, 29.80000000000000426, 0.000000000000000000 ) ) ;
#4034 = ORIENTED_EDGE ( 'NONE', *, *, #5103, .F. ) ;
#4035 = PLANE ( 'NONE',  #2781 ) ;
#4036 = EDGE_CURVE ( 'NONE', #4208, #1766, #4933, .T. ) ;
#4037 = DIRECTION ( 'NONE',  ( -1.000000000000000000, -0.000000000000000000, -0.000000000000000000 ) ) ;
#4038 = CARTESIAN_POINT ( 'NONE',  ( 6.299999999999998934, 34.20000000000000284, -16.86149459567567632 ) ) ;
#4039 = CARTESIAN_POINT ( 'NONE',  ( 1.999999999999999112, 10.00000000000000000, 4.582575694955840717 ) ) ;
#4040 = EDGE_LOOP ( 'NONE', ( #1134, #6967, #4364, #6060, #132, #4981, #4547, #3754, #3862, #5129, #3467, #6672, #1402, #7939, #7842, #6762, #878, #7441, #7527, #3997, #1605, #2101, #826, #3360, #6582, #5624, #173, #6039, #3156, #3916, #2192, #7795 ) ) ;
#4041 = ORIENTED_EDGE ( 'NONE', *, *, #3461, .T. ) ;
#4042 = CARTESIAN_POINT ( 'NONE',  ( 0.000000000000000000, 0.000000000000000000, -15.52417469626002777 ) ) ;
#4043 = VERTEX_POINT ( 'NONE', #94 ) ;
#4044 = DIRECTION ( 'NONE',  ( 0.000000000000000000, 0.000000000000000000, -1.000000000000000000 ) ) ;
#4045 = AXIS2_PLACEMENT_3D ( 'NONE', #5690, #3128, #6960 ) ;
#4046 = DIRECTION ( 'NONE',  ( 0.000000000000000000, -1.000000000000000000, 0.000000000000000000 ) ) ;
#4047 = LINE ( 'NONE', #1528, #3867 ) ;
#4048 = EDGE_LOOP ( 'NONE', ( #8144, #7825 ) ) ;
#4049 = CIRCLE ( 'NONE', #102, 2.499999999999998668 ) ;
#4050 = VERTEX_POINT ( 'NONE', #757 ) ;
#4051 = FACE_OUTER_BOUND ( 'NONE', #947, .T. ) ;
#4052 = CARTESIAN_POINT ( 'NONE',  ( 6.999999999999998224, 34.20000000000000284, 18.73499399519520026 ) ) ;
#4053 = CARTESIAN_POINT ( 'NONE',  ( 0.000000000000000000, 34.20000000000000284, 0.000000000000000000 ) ) ;
#4054 = CARTESIAN_POINT ( 'NONE',  ( 1.224646799147250347E-18, 0.000000000000000000, 4.990000000000000213 ) ) ;
#4055 = AXIS2_PLACEMENT_3D ( 'NONE', #1510, #6516, #7735 ) ;
#4056 = SHAPE_DEFINITION_REPRESENTATION ( #771, #6806 ) ;
#4057 = VERTEX_POINT ( 'NONE', #4553 ) ;
#4058 = ORIENTED_EDGE ( 'NONE', *, *, #590, .F. ) ;
#4059 = ORIENTED_EDGE ( 'NONE', *, *, #2226, .F. ) ;
#4060 = DIRECTION ( 'NONE',  ( -0.000000000000000000, 1.000000000000000000, -0.000000000000000000 ) ) ;
#4061 = ORIENTED_EDGE ( 'NONE', *, *, #2573, .F. ) ;
#4062 = CARTESIAN_POINT ( 'NONE',  ( -11.31370849898465991, -4.666904755831215112, -11.31370849898485886 ) ) ;
#4063 = AXIS2_PLACEMENT_3D ( 'NONE', #6733, #381, #1615 ) ;
#4064 = CARTESIAN_POINT ( 'NONE',  ( 0.000000000000000000, 35.39999999999999858, 0.000000000000000000 ) ) ;
#4065 = PLANE ( 'NONE',  #630 ) ;
#4066 = EDGE_CURVE ( 'NONE', #6799, #2102, #3927, .T. ) ;
#4067 = CARTESIAN_POINT ( 'NONE',  ( -11.31370849898465991, 10.00000000000000000, -12.96370849898485744 ) ) ;
#4068 = EDGE_CURVE ( 'NONE', #2657, #6187, #2016, .T. ) ;
#4069 = VECTOR ( 'NONE', #6252, 1000.000000000000000 ) ;
#4070 = EDGE_CURVE ( 'NONE', #2686, #2859, #6566, .T. ) ;
#4071 = AXIS2_PLACEMENT_3D ( 'NONE', #6954, #6345, #3245 ) ;
#4072 = ORIENTED_EDGE ( 'NONE', *, *, #5135, .F. ) ;
#4073 = ORIENTED_EDGE ( 'NONE', *, *, #2051, .T. ) ;
#4074 = AXIS2_PLACEMENT_3D ( 'NONE', #5949, #1487, #2723 ) ;
#4075 = EDGE_CURVE ( 'NONE', #625, #13, #8087, .T. ) ;
#4076 = DIRECTION ( 'NONE',  ( -1.000000000000000000, -0.000000000000000000, -0.000000000000000000 ) ) ;
#4077 = VERTEX_POINT ( 'NONE', #7632 ) ;
#4078 = CYLINDRICAL_SURFACE ( 'NONE', #412, 4.990000000000000213 ) ;
#4079 = VECTOR ( 'NONE', #7080, 1000.000000000000000 ) ;
#4080 =( NAMED_UNIT ( * ) SI_UNIT ( $, .STERADIAN. ) SOLID_ANGLE_UNIT ( ) );
#4081 = CARTESIAN_POINT ( 'NONE',  ( 11.76470588235293668, 22.05882352941176805, 230.0000000000000000 ) ) ;
#4082 = EDGE_CURVE ( 'NONE', #6803, #2052, #585, .T. ) ;
#4083 = ORIENTED_EDGE ( 'NONE', *, *, #4322, .T. ) ;
#4084 = CARTESIAN_POINT ( 'NONE',  ( 0.000000000000000000, 29.80000000000000426, 0.000000000000000000 ) ) ;
#4085 = VERTEX_POINT ( 'NONE', #1642 ) ;
#4086 = EDGE_LOOP ( 'NONE', ( #2810, #5404 ) ) ;
#4087 = LINE ( 'NONE', #6606, #8019 ) ;
#4088 = VERTEX_POINT ( 'NONE', #3416 ) ;
#4089 = CARTESIAN_POINT ( 'NONE',  ( 0.000000000000000000, 35.39999999999999858, 0.000000000000000000 ) ) ;
#4090 = CARTESIAN_POINT ( 'NONE',  ( 0.000000000000000000, 0.000000000000000000, 0.000000000000000000 ) ) ;
#4091 = PLANE ( 'NONE',  #4135 ) ;
#4092 = ORIENTED_EDGE ( 'NONE', *, *, #5138, .T. ) ;
#4093 = VERTEX_POINT ( 'NONE', #912 ) ;
#4094 = DIRECTION ( 'NONE',  ( 0.000000000000000000, 0.000000000000000000, 1.000000000000000000 ) ) ;
#4095 = PRESENTATION_LAYER_ASSIGNMENT (  '', '', ( #1075 ) ) ;
#4096 = CARTESIAN_POINT ( 'NONE',  ( -11.31370849898474162, 2.399999999999999467, 11.31370849898478248 ) ) ;
#4097 = CARTESIAN_POINT ( 'NONE',  ( 11.31370849898482156, 7.066904755831209251, 11.31370849898470077 ) ) ;
#4098 = VECTOR ( 'NONE', #441, 1000.000000000000000 ) ;
#4099 = CARTESIAN_POINT ( 'NONE',  ( 0.000000000000000000, 0.000000000000000000, 210.0000000000000284 ) ) ;
#4100 = AXIS2_PLACEMENT_3D ( 'NONE', #4698, #5240, #5899 ) ;
#4101 = ORIENTED_EDGE ( 'NONE', *, *, #843, .T. ) ;
#4102 = ORIENTED_EDGE ( 'NONE', *, *, #4486, .F. ) ;
#4103 = ORIENTED_EDGE ( 'NONE', *, *, #5147, .F. ) ;
#4104 = DIRECTION ( 'NONE',  ( -0.000000000000000000, 1.000000000000000000, -0.000000000000000000 ) ) ;
#4105 = ORIENTED_EDGE ( 'NONE', *, *, #1551, .F. ) ;
#4106 = CARTESIAN_POINT ( 'NONE',  ( 2.000000000000000000, -7.228416147400480440, 245.5241746962600473 ) ) ;
#4107 = AXIS2_PLACEMENT_3D ( 'NONE', #5096, #3775, #7601 ) ;
#4108 = VECTOR ( 'NONE', #2334, 1000.000000000000000 ) ;
#4109 = CARTESIAN_POINT ( 'NONE',  ( -5.000000000000001776, 34.20000000000000284, 17.29161646579058598 ) ) ;
#4110 = CARTESIAN_POINT ( 'NONE',  ( -11.31370849898490150, 2.399999999999999467, -11.31370849898462261 ) ) ;
#4111 = CIRCLE ( 'NONE', #2390, 4.990000000000001101 ) ;
#4112 = LINE ( 'NONE', #2831, #1322 ) ;
#4113 = CIRCLE ( 'NONE', #162, 1.649999999999998579 ) ;
#4114 = VECTOR ( 'NONE', #3580, 1000.000000000000000 ) ;
#4115 = AXIS2_PLACEMENT_3D ( 'NONE', #4556, #2104, #7808 ) ;
#4116 = ORIENTED_EDGE ( 'NONE', *, *, #7707, .T. ) ;
#4117 = EDGE_CURVE ( 'NONE', #3799, #7105, #1630, .T. ) ;
#4118 = DIRECTION ( 'NONE',  ( 0.000000000000000000, 0.000000000000000000, 1.000000000000000000 ) ) ;
#4119 = EDGE_LOOP ( 'NONE', ( #125, #6548 ) ) ;
#4120 = VECTOR ( 'NONE', #2512, 1000.000000000000000 ) ;
#4121 = AXIS2_PLACEMENT_3D ( 'NONE', #7508, #551, #4384 ) ;
#4122 = CARTESIAN_POINT ( 'NONE',  ( 14.00000000000000000, 0.000000000000000000, 0.000000000000000000 ) ) ;
#4123 = CARTESIAN_POINT ( 'NONE',  ( 4.999999999999998224, 29.80000000000000426, 25.00000000000000000 ) ) ;
#4124 = ADVANCED_FACE ( 'NONE', ( #2213 ), #2646, .T. ) ;
#4125 = CYLINDRICAL_SURFACE ( 'NONE', #5839, 6.300000000000000711 ) ;
#4126 = CIRCLE ( 'NONE', #574, 2.000000000000000000 ) ;
#4127 = VERTEX_POINT ( 'NONE', #1976 ) ;
#4128 = AXIS2_PLACEMENT_3D ( 'NONE', #3675, #6891, #4413 ) ;
#4129 = DIRECTION ( 'NONE',  ( 0.000000000000000000, -1.000000000000000000, 0.000000000000000000 ) ) ;
#4130 = EDGE_LOOP ( 'NONE', ( #7574, #2042 ) ) ;
#4131 = LINE ( 'NONE', #7375, #1297 ) ;
#4132 = CARTESIAN_POINT ( 'NONE',  ( 0.000000000000000000, 0.000000000000000000, 0.000000000000000000 ) ) ;
#4133 = CARTESIAN_POINT ( 'NONE',  ( 29.50000000000000000, 0.000000000000000000, -4.790000000000005365 ) ) ;
#4134 = AXIS2_PLACEMENT_3D ( 'NONE', #2949, #7234, #6013 ) ;
#4135 = AXIS2_PLACEMENT_3D ( 'NONE', #968, #3472, #6036 ) ;
#4136 = CARTESIAN_POINT ( 'NONE',  ( 39.50000000000000711, 0.000000000000000000, -4.990000000000004654 ) ) ;
#4137 = FACE_BOUND ( 'NONE', #3464, .T. ) ;
#4138 = ADVANCED_FACE ( 'NONE', ( #4511 ), #4793, .F. ) ;
#4139 = VERTEX_POINT ( 'NONE', #2878 ) ;
#4140 = AXIS2_PLACEMENT_3D ( 'NONE', #6375, #3462, #1600 ) ;
#4141 = AXIS2_PLACEMENT_3D ( 'NONE', #8026, #3659, #5525 ) ;
#4142 = ORIENTED_EDGE ( 'NONE', *, *, #2144, .F. ) ;
#4143 = CARTESIAN_POINT ( 'NONE',  ( -2.000000000000000000, 4.582575694955840717, 244.1421356237309794 ) ) ;
#4144 = DIRECTION ( 'NONE',  ( -0.000000000000000000, -1.000000000000000000, -0.000000000000000000 ) ) ;
#4145 = LINE ( 'NONE', #6695, #828 ) ;
#4146 = DIRECTION ( 'NONE',  ( -1.000000000000000000, -0.000000000000000000, -0.000000000000000000 ) ) ;
#4147 = EDGE_CURVE ( 'NONE', #472, #3145, #3272, .T. ) ;
#4148 = CARTESIAN_POINT ( 'NONE',  ( 2.999999999999998224, 34.20000000000000284, -25.00000000000000000 ) ) ;
#4149 =( REPRESENTATION_RELATIONSHIP ('NONE','NONE', #6018, #4541 ) REPRESENTATION_RELATIONSHIP_WITH_TRANSFORMATION ( #2277 )SHAPE_REPRESENTATION_RELATIONSHIP( ) );
#4150 = CONTEXT_DEPENDENT_SHAPE_REPRESENTATION ( #79, #2472 ) ;
#4151 = ORIENTED_EDGE ( 'NONE', *, *, #6016, .T. ) ;
#4152 = ORIENTED_EDGE ( 'NONE', *, *, #4578, .F. ) ;
#4153 = DIRECTION ( 'NONE',  ( 0.000000000000000000, 0.000000000000000000, 1.000000000000000000 ) ) ;
#4154 = ORIENTED_EDGE ( 'NONE', *, *, #2382, .F. ) ;
#4155 = PLANE ( 'NONE',  #1550 ) ;
#4156 = CARTESIAN_POINT ( 'NONE',  ( -2.000000000000000000, 7.228416147400480440, 0.000000000000000000 ) ) ;
#4157 = DIRECTION ( 'NONE',  ( 0.000000000000000000, 0.000000000000000000, 1.000000000000000000 ) ) ;
#4158 = PLANE ( 'NONE',  #4894 ) ;
#4159 = ORIENTED_EDGE ( 'NONE', *, *, #7088, .T. ) ;
#4160 = ORIENTED_EDGE ( 'NONE', *, *, #2927, .T. ) ;
#4161 = DIRECTION ( 'NONE',  ( -0.000000000000000000, -0.000000000000000000, 1.000000000000000000 ) ) ;
#4162 = EDGE_LOOP ( 'NONE', ( #4059, #2182 ) ) ;
#4163 = FACE_OUTER_BOUND ( 'NONE', #7661, .T. ) ;
#4164 = CARTESIAN_POINT ( 'NONE',  ( -5.000000000000001776, 34.20000000000000284, -18.73499399519520026 ) ) ;
#4165 = ORIENTED_EDGE ( 'NONE', *, *, #6704, .T. ) ;
#4166 = LINE ( 'NONE', #6680, #6558 ) ;
#4167 = ORIENTED_EDGE ( 'NONE', *, *, #7654, .T. ) ;
#4168 = CARTESIAN_POINT ( 'NONE',  ( 16.00000000000000000, -2.500000000000000000, -1.117274028429802674E-13 ) ) ;
#4169 = EDGE_CURVE ( 'NONE', #1404, #2052, #5791, .T. ) ;
#4170 = FACE_OUTER_BOUND ( 'NONE', #2032, .T. ) ;
#4171 = CARTESIAN_POINT ( 'NONE',  ( 26.00000000000000000, 0.000000000000000000, 0.000000000000000000 ) ) ;
#4172 = ADVANCED_FACE ( 'NONE', ( #133 ), #5175, .T. ) ;
#4173 = DIRECTION ( 'NONE',  ( 0.000000000000000000, 1.000000000000000000, 0.000000000000000000 ) ) ;
#4174 = CIRCLE ( 'NONE', #4702, 1.649999999999997025 ) ;
#4175 = DIRECTION ( 'NONE',  ( 0.000000000000000000, 0.000000000000000000, 1.000000000000000000 ) ) ;
#4176 = EDGE_CURVE ( 'NONE', #4791, #1766, #4166, .T. ) ;
#4177 = VERTEX_POINT ( 'NONE', #4292 ) ;
#4178 = ORIENTED_EDGE ( 'NONE', *, *, #5103, .T. ) ;
#4179 = EDGE_CURVE ( 'NONE', #5613, #1522, #3657, .T. ) ;
#4180 = CARTESIAN_POINT ( 'NONE',  ( 11.31370849898490150, 0.000000000000000000, -11.31370849898462261 ) ) ;
#4181 = VECTOR ( 'NONE', #7000, 1000.000000000000000 ) ;
#4182 = LINE ( 'NONE', #6694, #1120 ) ;
#4183 = CARTESIAN_POINT ( 'NONE',  ( 0.000000000000000000, 17.80000000000000071, 44.50000000000000711 ) ) ;
#4184 = DIRECTION ( 'NONE',  ( -0.000000000000000000, -1.000000000000000000, -0.000000000000000000 ) ) ;
#4185 = DIRECTION ( 'NONE',  ( 0.000000000000000000, 1.000000000000000000, 0.000000000000000000 ) ) ;
#4186 = ORIENTED_EDGE ( 'NONE', *, *, #6657, .F. ) ;
#4187 = AXIS2_PLACEMENT_3D ( 'NONE', #4033, #905, #3577 ) ;
#4188 = EDGE_LOOP ( 'NONE', ( #7218, #4041, #3849, #6732 ) ) ;
#4189 = DIRECTION ( 'NONE',  ( 0.000000000000000000, 1.000000000000000000, 0.000000000000000000 ) ) ;
#4190 = ORIENTED_EDGE ( 'NONE', *, *, #1504, .T. ) ;
#4191 = DIRECTION ( 'NONE',  ( -1.000000000000000000, -0.000000000000000000, -0.000000000000000000 ) ) ;
#4192 = CARTESIAN_POINT ( 'NONE',  ( 0.000000000000000000, 0.000000000000000000, 210.0000000000000284 ) ) ;
#4193 = CARTESIAN_POINT ( 'NONE',  ( 0.000000000000000000, 20.00000000000000000, -45.00000000000000711 ) ) ;
#4194 =( REPRESENTATION_RELATIONSHIP ('NONE','NONE', #6018, #3953 ) REPRESENTATION_RELATIONSHIP_WITH_TRANSFORMATION ( #2318 )SHAPE_REPRESENTATION_RELATIONSHIP( ) );
#4195 = FACE_BOUND ( 'NONE', #6767, .T. ) ;
#4196 = CARTESIAN_POINT ( 'NONE',  ( 0.000000000000000000, 35.39999999999999858, 0.000000000000000000 ) ) ;
#4197 = ORIENTED_EDGE ( 'NONE', *, *, #798, .T. ) ;
#4198 = CIRCLE ( 'NONE', #4731, 45.00000000000000711 ) ;
#4199 = ORIENTED_EDGE ( 'NONE', *, *, #4030, .F. ) ;
#4200 = DIRECTION ( 'NONE',  ( -0.000000000000000000, 1.000000000000000000, -0.000000000000000000 ) ) ;
#4201 = ORIENTED_EDGE ( 'NONE', *, *, #4779, .T. ) ;
#4202 = FACE_OUTER_BOUND ( 'NONE', #8014, .T. ) ;
#4203 = DIRECTION ( 'NONE',  ( -0.000000000000000000, -0.000000000000000000, -1.000000000000000000 ) ) ;
#4204 = AXIS2_PLACEMENT_3D ( 'NONE', #4963, #666, #6899 ) ;
#4205 = ORIENTED_EDGE ( 'NONE', *, *, #5933, .F. ) ;
#4206 = DIRECTION ( 'NONE',  ( 0.000000000000000000, 0.000000000000000000, 1.000000000000000000 ) ) ;
#4207 = AXIS2_PLACEMENT_3D ( 'NONE', #6344, #7699, #4441 ) ;
#4208 = VERTEX_POINT ( 'NONE', #3008 ) ;
#4209 = DIRECTION ( 'NONE',  ( -0.000000000000000000, 1.000000000000000000, -0.000000000000000000 ) ) ;
#4210 = LINE ( 'NONE', #7300, #807 ) ;
#4211 = SURFACE_SIDE_STYLE ('',( #6070 ) ) ;
#4212 = PLANE ( 'NONE',  #3057 ) ;
#4213 = CARTESIAN_POINT ( 'NONE',  ( 14.00000000000000000, 2.000000000000003109, -4.571662717217884087 ) ) ;
#4214 = EDGE_LOOP ( 'NONE', ( #6049, #6800 ) ) ;
#4215 = ORIENTED_EDGE ( 'NONE', *, *, #6685, .T. ) ;
#4216 = EDGE_CURVE ( 'NONE', #6760, #4043, #4443, .T. ) ;
#4217 = DIRECTION ( 'NONE',  ( -1.000000000000000000, -0.000000000000000000, -0.000000000000000000 ) ) ;
#4218 = DIRECTION ( 'NONE',  ( 1.000000000000000000, 0.000000000000000000, 0.000000000000000000 ) ) ;
#4219 = CARTESIAN_POINT ( 'NONE',  ( 0.000000000000000000, 20.00000000000000000, 44.50000000000000711 ) ) ;
#4220 = EDGE_CURVE ( 'NONE', #4849, #4005, #1669, .T. ) ;
#4221 = CARTESIAN_POINT ( 'NONE',  ( -23.00000000000000000, 29.80000000000000426, -3.000000000000000000 ) ) ;
#4222 = CARTESIAN_POINT ( 'NONE',  ( -16.00000000000000000, 7.066904755831209251, 0.000000000000000000 ) ) ;
#4223 = EDGE_CURVE ( 'NONE', #526, #1542, #2338, .T. ) ;
#4224 = EDGE_LOOP ( 'NONE', ( #4152, #6414 ) ) ;
#4225 = ORIENTED_EDGE ( 'NONE', *, *, #2148, .F. ) ;
#4226 = DIRECTION ( 'NONE',  ( -0.000000000000000000, -0.000000000000000000, -1.000000000000000000 ) ) ;
#4227 = VERTEX_POINT ( 'NONE', #2968 ) ;
#4228 = DIRECTION ( 'NONE',  ( 0.000000000000000000, 0.000000000000000000, 1.000000000000000000 ) ) ;
#4229 = CYLINDRICAL_SURFACE ( 'NONE', #4310, 1.649999999999998579 ) ;
#4230 = AXIS2_PLACEMENT_3D ( 'NONE', #4408, #7200, #7703 ) ;
#4231 = ADVANCED_FACE ( 'NONE', ( #5618 ), #4827, .T. ) ;
#4232 = DIRECTION ( 'NONE',  ( 0.000000000000000000, 0.000000000000000000, 1.000000000000000000 ) ) ;
#4233 = CARTESIAN_POINT ( 'NONE',  ( 0.000000000000000000, 35.39999999999999858, -45.00000000000000711 ) ) ;
#4234 = ADVANCED_FACE ( 'NONE', ( #7423 ), #6066, .F. ) ;
#4235 = ORIENTED_EDGE ( 'NONE', *, *, #92, .T. ) ;
#4236 = AXIS2_PLACEMENT_3D ( 'NONE', #5796, #765, #7767 ) ;
#4237 = VECTOR ( 'NONE', #1309, 1000.000000000000000 ) ;
#4238 = EDGE_LOOP ( 'NONE', ( #61, #8091, #2519, #8151 ) ) ;
#4239 = DIRECTION ( 'NONE',  ( 0.000000000000000000, 1.000000000000000000, 0.000000000000000000 ) ) ;
#4240 = AXIS2_PLACEMENT_3D ( 'NONE', #438, #4895, #4232 ) ;
#4241 = VERTEX_POINT ( 'NONE', #4366 ) ;
#4242 = CARTESIAN_POINT ( 'NONE',  ( 103.3000000000000114, 0.000000000000000000, 0.000000000000000000 ) ) ;
#4243 = AXIS2_PLACEMENT_3D ( 'NONE', #4425, #3106, #6372 ) ;
#4244 = CARTESIAN_POINT ( 'NONE',  ( 2.999999999999998224, 34.20000000000000284, -25.00000000000000000 ) ) ;
#4245 = AXIS2_PLACEMENT_3D ( 'NONE', #1416, #3312, #2695 ) ;
#4246 = EDGE_CURVE ( 'NONE', #5371, #6065, #4316, .T. ) ;
#4247 = CIRCLE ( 'NONE', #5306, 2.499999999999998668 ) ;
#4248 = ORIENTED_EDGE ( 'NONE', *, *, #3231, .F. ) ;
#4249 = DIRECTION ( 'NONE',  ( 0.000000000000000000, 0.000000000000000000, -1.000000000000000000 ) ) ;
#4250 = VECTOR ( 'NONE', #4046, 1000.000000000000000 ) ;
#4251 = CIRCLE ( 'NONE', #304, 1.999999999999998224 ) ;
#4252 = ORIENTED_EDGE ( 'NONE', *, *, #5689, .T. ) ;
#4253 = CYLINDRICAL_SURFACE ( 'NONE', #1696, 4.990000000000004654 ) ;
#4254 = DIRECTION ( 'NONE',  ( 0.000000000000000000, -0.000000000000000000, -1.000000000000000000 ) ) ;
#4255 = CARTESIAN_POINT ( 'NONE',  ( -11.31370849898490150, -2.500000000000000000, -11.31370849898462261 ) ) ;
#4256 = AXIS2_PLACEMENT_3D ( 'NONE', #3954, #122, #6442 ) ;
#4257 = CARTESIAN_POINT ( 'NONE',  ( 0.000000000000000000, 0.000000000000000000, 0.000000000000000000 ) ) ;
#4258 = AXIS2_PLACEMENT_3D ( 'NONE', #6684, #5075, #2471 ) ;
#4259 = DIRECTION ( 'NONE',  ( 0.000000000000000000, 0.000000000000000000, -1.000000000000000000 ) ) ;
#4260 = VERTEX_POINT ( 'NONE', #2923 ) ;
#4261 = VERTEX_POINT ( 'NONE', #4866 ) ;
#4262 = DIRECTION ( 'NONE',  ( -0.000000000000000000, -1.000000000000000000, -0.000000000000000000 ) ) ;
#4263 = CIRCLE ( 'NONE', #7154, 1.649999999999998579 ) ;
#4264 = AXIS2_PLACEMENT_3D ( 'NONE', #7733, #3361, #1383 ) ;
#4265 = DIRECTION ( 'NONE',  ( -2.168404344971008868E-16, -1.000000000000000000, 0.000000000000000000 ) ) ;
#4266 = FACE_BOUND ( 'NONE', #892, .T. ) ;
#4267 = CARTESIAN_POINT ( 'NONE',  ( -5.000000000000001776, 29.80000000000000426, 18.73499399519520026 ) ) ;
#4268 = CYLINDRICAL_SURFACE ( 'NONE', #2249, 1.649999999999998579 ) ;
#4269 = CIRCLE ( 'NONE', #5851, 7.490000000000001990 ) ;
#4270 = VERTEX_POINT ( 'NONE', #2298 ) ;
#4271 = AXIS2_PLACEMENT_3D ( 'NONE', #4196, #7946, #1114 ) ;
#4272 = ORIENTED_EDGE ( 'NONE', *, *, #7153, .T. ) ;
#4273 = CARTESIAN_POINT ( 'NONE',  ( 23.00000000000000000, 34.20000000000000284, 5.000000000000000000 ) ) ;
#4274 = ORIENTED_EDGE ( 'NONE', *, *, #5027, .T. ) ;
#4275 = DIRECTION ( 'NONE',  ( -0.000000000000000000, -0.000000000000000000, -1.000000000000000000 ) ) ;
#4276 = FACE_OUTER_BOUND ( 'NONE', #654, .T. ) ;
#4277 = EDGE_CURVE ( 'NONE', #3701, #2167, #7205, .T. ) ;
#4278 = DIRECTION ( 'NONE',  ( -0.000000000000000000, -1.000000000000000000, -0.000000000000000000 ) ) ;
#4279 = DIRECTION ( 'NONE',  ( 0.000000000000000000, 0.000000000000000000, 1.000000000000000000 ) ) ;
#4280 = DIRECTION ( 'NONE',  ( -0.000000000000000000, -0.000000000000000000, -1.000000000000000000 ) ) ;
#4281 = DIRECTION ( 'NONE',  ( -0.000000000000000000, 1.000000000000000000, -0.000000000000000000 ) ) ;
#4282 = EDGE_LOOP ( 'NONE', ( #5009, #6370, #1193, #1923 ) ) ;
#4283 = ADVANCED_FACE ( 'NONE', ( #6809 ), #1164, .F. ) ;
#4284 = ORIENTED_EDGE ( 'NONE', *, *, #6093, .T. ) ;
#4285 = EDGE_CURVE ( 'NONE', #4227, #2859, #5766, .T. ) ;
#4286 = DIRECTION ( 'NONE',  ( 1.000000000000000000, 0.000000000000000000, 0.000000000000000000 ) ) ;
#4287 = ORIENTED_EDGE ( 'NONE', *, *, #1596, .F. ) ;
#4288 = DIRECTION ( 'NONE',  ( 0.000000000000000000, 0.000000000000000000, -1.000000000000000000 ) ) ;
#4289 = EDGE_CURVE ( 'NONE', #89, #5163, #95, .T. ) ;
#4290 = LINE ( 'NONE', #4164, #278 ) ;
#4291 = ORIENTED_EDGE ( 'NONE', *, *, #2912, .T. ) ;
#4292 = CARTESIAN_POINT ( 'NONE',  ( 6.299999999999998046, 29.80000000000000426, 16.86149459567567632 ) ) ;
#4293 = ORIENTED_EDGE ( 'NONE', *, *, #4427, .T. ) ;
#4294 = PRODUCT_DEFINITION ( 'UNKNOWN', '', #5729, #2305 ) ;
#4295 = CARTESIAN_POINT ( 'NONE',  ( 0.000000000000000000, 0.000000000000000000, 0.000000000000000000 ) ) ;
#4296 = EDGE_CURVE ( 'NONE', #5335, #2711, #4709, .T. ) ;
#4297 = CARTESIAN_POINT ( 'NONE',  ( 5.449678256205721981E-15, 4.600000000000003197, -44.50000000000000711 ) ) ;
#4298 =( NAMED_UNIT ( * ) PLANE_ANGLE_UNIT ( ) SI_UNIT ( $, .RADIAN. ) );
#4299 = DIRECTION ( 'NONE',  ( 0.000000000000000000, -1.000000000000000000, 0.000000000000000000 ) ) ;
#4300 = CARTESIAN_POINT ( 'NONE',  ( 5.449678256205721981E-15, 22.19999999999999929, -44.50000000000000711 ) ) ;
#4301 = ORIENTED_EDGE ( 'NONE', *, *, #7716, .T. ) ;
#4302 = ORIENTED_EDGE ( 'NONE', *, *, #7716, .F. ) ;
#4303 = CYLINDRICAL_SURFACE ( 'NONE', #4204, 45.00000000000000711 ) ;
#4304 = DIRECTION ( 'NONE',  ( -0.000000000000000000, 1.000000000000000000, -0.000000000000000000 ) ) ;
#4305 = PLANE ( 'NONE',  #4649 ) ;
#4306 = CARTESIAN_POINT ( 'NONE',  ( 0.000000000000000000, 0.000000000000000000, 230.0000000000000000 ) ) ;
#4307 = CARTESIAN_POINT ( 'NONE',  ( 90.00000000000000000, 12.49999999999999822, 230.0000000000000000 ) ) ;
#4308 = EDGE_LOOP ( 'NONE', ( #7815, #1968 ) ) ;
#4309 = LINE ( 'NONE', #4936, #7163 ) ;
#4310 = AXIS2_PLACEMENT_3D ( 'NONE', #1025, #2952, #6832 ) ;
#4311 = VERTEX_POINT ( 'NONE', #2467 ) ;
#4312 = FACE_OUTER_BOUND ( 'NONE', #5727, .T. ) ;
#4313 = DIRECTION ( 'NONE',  ( -1.000000000000000000, -0.000000000000000000, -0.000000000000000000 ) ) ;
#4314 = CARTESIAN_POINT ( 'NONE',  ( 0.000000000000000000, 2.000000000000000000, 4.571662717217892968 ) ) ;
#4315 = DIRECTION ( 'NONE',  ( -1.000000000000000000, 0.000000000000000000, -0.000000000000000000 ) ) ;
#4316 = CIRCLE ( 'NONE', #1927, 4.990000000000003766 ) ;
#4317 = DIRECTION ( 'NONE',  ( 0.000000000000000000, 0.000000000000000000, 1.000000000000000000 ) ) ;
#4318 = EDGE_LOOP ( 'NONE', ( #6857, #1335, #6656, #2998 ) ) ;
#4319 = ORIENTED_EDGE ( 'NONE', *, *, #7159, .F. ) ;
#4320 = CARTESIAN_POINT ( 'NONE',  ( 21.00000000000000000, 22.72893218813453231, 2.499999999999998668 ) ) ;
#4321 = ORIENTED_EDGE ( 'NONE', *, *, #1056, .F. ) ;
#4322 = EDGE_CURVE ( 'NONE', #4270, #5189, #1076, .T. ) ;
#4323 = CARTESIAN_POINT ( 'NONE',  ( -16.00000000000000000, -4.666904755831215112, -1.117274028429802674E-13 ) ) ;
#4324 = EDGE_CURVE ( 'NONE', #6155, #5308, #7332, .T. ) ;
#4325 =( NAMED_UNIT ( * ) PLANE_ANGLE_UNIT ( ) SI_UNIT ( $, .RADIAN. ) );
#4326 = EDGE_CURVE ( 'NONE', #1231, #2530, #6238, .T. ) ;
#4327 = CIRCLE ( 'NONE', #1819, 5.000000000000000000 ) ;
#4328 = VERTEX_POINT ( 'NONE', #2383 ) ;
#4329 = ADVANCED_FACE ( 'NONE', ( #581 ), #7497, .F. ) ;
#4330 = CARTESIAN_POINT ( 'NONE',  ( 38.50000000000000000, 0.000000000000000000, 0.000000000000000000 ) ) ;
#4331 = ORIENTED_EDGE ( 'NONE', *, *, #1985, .F. ) ;
#4332 = CARTESIAN_POINT ( 'NONE',  ( 0.000000000000000000, 20.00000000000000000, 0.000000000000000000 ) ) ;
#4333 = DIRECTION ( 'NONE',  ( -1.000000000000000000, -0.000000000000000000, -0.000000000000000000 ) ) ;
#4334 = ADVANCED_FACE ( 'NONE', ( #3753 ), #7614, .T. ) ;
#4335 = CYLINDRICAL_SURFACE ( 'NONE', #5317, 2.000000000000000000 ) ;
#4336 = CARTESIAN_POINT ( 'NONE',  ( 0.000000000000000000, 0.000000000000000000, 0.000000000000000000 ) ) ;
#4337 = CIRCLE ( 'NONE', #4999, 7.490000000000002878 ) ;
#4338 = ORIENTED_EDGE ( 'NONE', *, *, #8044, .T. ) ;
#4339 = VERTEX_POINT ( 'NONE', #2041 ) ;
#4340 = FACE_OUTER_BOUND ( 'NONE', #3060, .T. ) ;
#4341 = CARTESIAN_POINT ( 'NONE',  ( 5.021051876504148963E-15, 2.399999999999999467, -41.00000000000000000 ) ) ;
#4342 = DIRECTION ( 'NONE',  ( 0.000000000000000000, 0.000000000000000000, 1.000000000000000000 ) ) ;
#4343 = DIRECTION ( 'NONE',  ( 0.000000000000000000, 0.7071067811865453523, 0.7071067811865497932 ) ) ;
#4344 = LINE ( 'NONE', #5710, #4909 ) ;
#4345 = EDGE_LOOP ( 'NONE', ( #1954, #1145, #5298, #4917 ) ) ;
#4346 = DIRECTION ( 'NONE',  ( -0.000000000000000000, -1.000000000000000000, -0.000000000000000000 ) ) ;
#4347 = VERTEX_POINT ( 'NONE', #3248 ) ;
#4348 = DIRECTION ( 'NONE',  ( -0.000000000000000000, -1.000000000000000000, -0.000000000000000000 ) ) ;
#4349 = DIRECTION ( 'NONE',  ( -0.000000000000000000, -1.000000000000000000, -0.000000000000000000 ) ) ;
#4350 = LINE ( 'NONE', #3740, #4365 ) ;
#4351 = CYLINDRICAL_SURFACE ( 'NONE', #6731, 45.00000000000000711 ) ;
#4352 = EDGE_LOOP ( 'NONE', ( #27, #4102, #560, #4478, #3873 ) ) ;
#4353 = DIRECTION ( 'NONE',  ( -1.000000000000000000, -0.000000000000000000, -0.000000000000000000 ) ) ;
#4354 = ORIENTED_EDGE ( 'NONE', *, *, #3411, .T. ) ;
#4355 = DIRECTION ( 'NONE',  ( 0.000000000000000000, 0.000000000000000000, 1.000000000000000000 ) ) ;
#4356 = CIRCLE ( 'NONE', #6214, 35.00000000000000000 ) ;
#4357 = CARTESIAN_POINT ( 'NONE',  ( 5.510910596163090344E-15, 15.59999999999999964, 45.00000000000000711 ) ) ;
#4358 = MECHANICAL_DESIGN_GEOMETRIC_PRESENTATION_REPRESENTATION (  '', ( #6867 ), #1721 ) ;
#4359 = DIRECTION ( 'NONE',  ( -0.000000000000000000, 1.000000000000000000, -0.000000000000000000 ) ) ;
#4360 = CIRCLE ( 'NONE', #5154, 44.50000000000000711 ) ;
#4361 = CIRCLE ( 'NONE', #555, 81.25000000000008527 ) ;
#4362 = PRODUCT_DEFINITION_FORMATION_WITH_SPECIFIED_SOURCE ( 'ANY', '', #8132, .NOT_KNOWN. ) ;
#4363 = ADVANCED_FACE ( 'NONE', ( #5808 ), #655, .F. ) ;
#4364 = ORIENTED_EDGE ( 'NONE', *, *, #749, .F. ) ;
#4365 = VECTOR ( 'NONE', #65, 1000.000000000000000 ) ;
#4366 = CARTESIAN_POINT ( 'NONE',  ( 24.00000000000000000, -1.999999999999997335, 7.218039900139097576 ) ) ;
#4367 = EDGE_LOOP ( 'NONE', ( #3531, #5118 ) ) ;
#4368 = VECTOR ( 'NONE', #8138, 1000.000000000000000 ) ;
#4369 = CARTESIAN_POINT ( 'NONE',  ( -11.31370849898490150, 7.066904755831209251, -9.663708498984624029 ) ) ;
#4370 = DIRECTION ( 'NONE',  ( 0.000000000000000000, -0.000000000000000000, -1.000000000000000000 ) ) ;
#4371 = ADVANCED_FACE ( 'NONE', ( #5149 ), #1922, .F. ) ;
#4372 = UNCERTAINTY_MEASURE_WITH_UNIT (LENGTH_MEASURE( 1.000000000000000082E-05 ), #6384, 'distance_accuracy_value', 'NONE');
#4373 = AXIS2_PLACEMENT_3D ( 'NONE', #4097, #5511, #7312 ) ;
#4374 = DIRECTION ( 'NONE',  ( 0.000000000000000000, 0.000000000000000000, 1.000000000000000000 ) ) ;
#4375 = FACE_BOUND ( 'NONE', #2351, .T. ) ;
#4376 = AXIS2_PLACEMENT_3D ( 'NONE', #669, #2443, #719 ) ;
#4377 = AXIS2_PLACEMENT_3D ( 'NONE', #1138, #2891, #3644 ) ;
#4378 = ORIENTED_EDGE ( 'NONE', *, *, #3834, .T. ) ;
#4379 = ORIENTED_EDGE ( 'NONE', *, *, #261, .T. ) ;
#4380 = EDGE_CURVE ( 'NONE', #809, #941, #5897, .T. ) ;
#4381 = ADVANCED_FACE ( 'NONE', ( #3872 ), #4488, .T. ) ;
#4382 = CARTESIAN_POINT ( 'NONE',  ( 21.00000000000000000, 29.80000000000000426, 2.499999999999998668 ) ) ;
#4383 = VERTEX_POINT ( 'NONE', #5110 ) ;
#4384 = DIRECTION ( 'NONE',  ( 0.000000000000000000, 0.000000000000000000, 1.000000000000000000 ) ) ;
#4385 = CIRCLE ( 'NONE', #8070, 44.50000000000000711 ) ;
#4386 = AXIS2_PLACEMENT_3D ( 'NONE', #5006, #629, #3141 ) ;
#4387 = DIRECTION ( 'NONE',  ( 0.000000000000000000, 0.000000000000000000, -1.000000000000000000 ) ) ;
#4388 = ADVANCED_FACE ( 'NONE', ( #1237 ), #2628, .T. ) ;
#4389 = CARTESIAN_POINT ( 'NONE',  ( 0.000000000000000000, 4.600000000000003197, 0.000000000000000000 ) ) ;
#4390 = EDGE_LOOP ( 'NONE', ( #8005, #739, #1702, #7486 ) ) ;
#4391 = VECTOR ( 'NONE', #4929, 1000.000000000000000 ) ;
#4392 = CARTESIAN_POINT ( 'NONE',  ( 3.000000000000000000, 0.000000000000000000, 4.790000000000000924 ) ) ;
#4393 = AXIS2_PLACEMENT_3D ( 'NONE', #3169, #8086, #7462 ) ;
#4394 = ORIENTED_EDGE ( 'NONE', *, *, #3625, .F. ) ;
#4395 = LINE ( 'NONE', #4472, #4857 ) ;
#4396 = DIRECTION ( 'NONE',  ( 0.000000000000000000, 1.000000000000000000, 0.000000000000000000 ) ) ;
#4397 = EDGE_CURVE ( 'NONE', #2922, #4858, #6279, .T. ) ;
#4398 = EDGE_CURVE ( 'NONE', #618, #1362, #2993, .T. ) ;
#4399 = DIRECTION ( 'NONE',  ( 0.000000000000000000, 0.000000000000000000, -1.000000000000000000 ) ) ;
#4400 = AXIS2_PLACEMENT_3D ( 'NONE', #3189, #598, #6829 ) ;
#4401 = CARTESIAN_POINT ( 'NONE',  ( 0.000000000000000000, -17.81909088590100154, 0.000000000000000000 ) ) ;
#4402 = AXIS2_PLACEMENT_3D ( 'NONE', #195, #3437, #2113 ) ;
#4403 = ORIENTED_EDGE ( 'NONE', *, *, #4574, .T. ) ;
#4404 = DIRECTION ( 'NONE',  ( -0.000000000000000000, 1.000000000000000000, -0.000000000000000000 ) ) ;
#4405 = ORIENTED_EDGE ( 'NONE', *, *, #2034, .T. ) ;
#4406 = PLANE ( 'NONE',  #6827 ) ;
#4407 = FACE_OUTER_BOUND ( 'NONE', #3436, .T. ) ;
#4408 = CARTESIAN_POINT ( 'NONE',  ( -5.586370142149013368E-14, 0.000000000000000000, 16.00000000000000000 ) ) ;
#4409 = VERTEX_POINT ( 'NONE', #3827 ) ;
#4410 = CARTESIAN_POINT ( 'NONE',  ( 0.000000000000000000, 0.000000000000000000, 0.000000000000000000 ) ) ;
#4411 = ORIENTED_EDGE ( 'NONE', *, *, #5501, .F. ) ;
#4412 = CYLINDRICAL_SURFACE ( 'NONE', #19, 2.499999999999998668 ) ;
#4413 = DIRECTION ( 'NONE',  ( 0.000000000000000000, 0.000000000000000000, 1.000000000000000000 ) ) ;
#4414 = DIRECTION ( 'NONE',  ( 0.000000000000000000, 0.000000000000000000, 1.000000000000000000 ) ) ;
#4415 = FACE_OUTER_BOUND ( 'NONE', #1672, .T. ) ;
#4416 = EDGE_LOOP ( 'NONE', ( #2887, #770 ) ) ;
#4417 = EDGE_LOOP ( 'NONE', ( #3982, #7346, #5832, #4403 ) ) ;
#4418 = EDGE_CURVE ( 'NONE', #1743, #6803, #2586, .T. ) ;
#4419 = EDGE_LOOP ( 'NONE', ( #2595, #4490, #1909, #4582 ) ) ;
#4420 = DIRECTION ( 'NONE',  ( 0.000000000000000000, 0.000000000000000000, 1.000000000000000000 ) ) ;
#4421 = EDGE_LOOP ( 'NONE', ( #6313, #1403 ) ) ;
#4422 = LINE ( 'NONE', #4505, #1476 ) ;
#4423 = EDGE_CURVE ( 'NONE', #747, #2922, #3905, .T. ) ;
#4424 = ADVANCED_FACE ( 'NONE', ( #5028 ), #616, .F. ) ;
#4425 = CARTESIAN_POINT ( 'NONE',  ( 0.000000000000000000, 0.000000000000000000, 0.000000000000000000 ) ) ;
#4426 = EDGE_CURVE ( 'NONE', #6667, #2053, #5375, .T. ) ;
#4427 = EDGE_CURVE ( 'NONE', #4645, #4741, #6434, .T. ) ;
#4428 = EDGE_LOOP ( 'NONE', ( #2373, #4498, #5916, #3746 ) ) ;
#4429 = DIRECTION ( 'NONE',  ( -1.000000000000000000, -0.000000000000000000, -0.000000000000000000 ) ) ;
#4430 = ORIENTED_EDGE ( 'NONE', *, *, #35, .F. ) ;
#4431 = LINE ( 'NONE', #6942, #7347 ) ;
#4432 = DIRECTION ( 'NONE',  ( -1.000000000000000000, 2.168404344971008868E-16, 0.000000000000000000 ) ) ;
#4433 = CARTESIAN_POINT ( 'NONE',  ( 0.000000000000000000, 2.000000000000002665, -7.218039900139096687 ) ) ;
#4434 = CARTESIAN_POINT ( 'NONE',  ( 0.000000000000000000, 0.000000000000000000, 230.0000000000000000 ) ) ;
#4435 = SHAPE_REPRESENTATION_RELATIONSHIP ( 'NONE' , 'NONE' ,  #5165, #6764 ) ;
#4436 = VECTOR ( 'NONE', #1511, 1000.000000000000000 ) ;
#4437 = VERTEX_POINT ( 'NONE', #5204 ) ;
#4438 = LINE ( 'NONE', #1916, #8079 ) ;
#4439 = ORIENTED_EDGE ( 'NONE', *, *, #5444, .F. ) ;
#4440 = CARTESIAN_POINT ( 'NONE',  ( 0.000000000000000000, 31.00000000000000355, 0.000000000000000000 ) ) ;
#4441 = DIRECTION ( 'NONE',  ( 0.000000000000000000, 0.000000000000000000, 1.000000000000000000 ) ) ;
#4442 = EDGE_CURVE ( 'NONE', #6153, #664, #622, .T. ) ;
#4443 = CIRCLE ( 'NONE', #1806, 1.649999999999997025 ) ;
#4444 = CARTESIAN_POINT ( 'NONE',  ( 2.000000000000000000, -7.228416147400480440, 0.000000000000000000 ) ) ;
#4445 = CARTESIAN_POINT ( 'NONE',  ( 1.224646799147250347E-18, 0.000000000000000000, 0.000000000000000000 ) ) ;
#4446 = ORIENTED_EDGE ( 'NONE', *, *, #7088, .F. ) ;
#4447 = DIRECTION ( 'NONE',  ( -1.000000000000000000, -0.000000000000000000, -0.000000000000000000 ) ) ;
#4448 = ORIENTED_EDGE ( 'NONE', *, *, #3315, .F. ) ;
#4449 = DIRECTION ( 'NONE',  ( -0.000000000000000000, 1.000000000000000000, -0.000000000000000000 ) ) ;
#4450 = DIRECTION ( 'NONE',  ( 0.000000000000000000, 0.000000000000000000, 1.000000000000000000 ) ) ;
#4451 = PRODUCT_DEFINITION_SHAPE ( 'NONE', 'NONE',  #8154 ) ;
#4452 = CIRCLE ( 'NONE', #903, 2.499999999999996891 ) ;
#4453 = APPLICATION_CONTEXT ( 'automotive_design' ) ;
#4454 = CARTESIAN_POINT ( 'NONE',  ( 38.50000000000000000, 0.000000000000000000, 4.990000000000004654 ) ) ;
#4455 = FACE_OUTER_BOUND ( 'NONE', #5932, .T. ) ;
#4456 = ORIENTED_EDGE ( 'NONE', *, *, #2469, .F. ) ;
#4457 = ORIENTED_EDGE ( 'NONE', *, *, #1449, .F. ) ;
#4458 = CIRCLE ( 'NONE', #909, 2.000000000000000888 ) ;
#4459 = ORIENTED_EDGE ( 'NONE', *, *, #155, .F. ) ;
#4460 = DIRECTION ( 'NONE',  ( 0.000000000000000000, 0.000000000000000000, 1.000000000000000000 ) ) ;
#4461 = EDGE_LOOP ( 'NONE', ( #4225, #4668, #1390, #1034 ) ) ;
#4462 = CARTESIAN_POINT ( 'NONE',  ( 0.000000000000000000, 20.00000000000000000, 45.00000000000000711 ) ) ;
#4463 = CARTESIAN_POINT ( 'NONE',  ( 25.00000000000000000, 34.20000000000000284, -2.999999999999996003 ) ) ;
#4464 = CIRCLE ( 'NONE', #914, 4.990000000000003766 ) ;
#4465 = ADVANCED_FACE ( 'NONE', ( #3212 ), #5734, .F. ) ;
#4466 = EDGE_CURVE ( 'NONE', #3837, #6153, #7828, .T. ) ;
#4467 = CLOSED_SHELL ( 'NONE', ( #7698, #1340, #4944, #4976, #2209, #4172, #1744, #7843, #43, #1300, #7494, #98, #5408, #4371, #7451, #6206, #4234, #763, #4531, #2092, #4424, #6505, #6367, #5169, #7550, #6397, #1250, #800, #6646, #3107, #638, #3111, #6454, #7622, #705, #796, #1288, #7583, #2202, #6700, #6802, #7956, #5442, #4570, #5996, #3318, #239, #7, #307, #1705, #2290, #7999, #6300, #7757 ) ) ;
#4468 = EDGE_LOOP ( 'NONE', ( #7213, #1907, #4780, #5360 ) ) ;
#4469 = DIRECTION ( 'NONE',  ( 0.000000000000000000, 0.000000000000000000, 1.000000000000000000 ) ) ;
#4470 = ORIENTED_EDGE ( 'NONE', *, *, #4885, .F. ) ;
#4471 = ADVANCED_FACE ( 'NONE', ( #6557 ), #3450, .T. ) ;
#4472 = CARTESIAN_POINT ( 'NONE',  ( 16.00000000000000000, 7.066904755831209251, 1.649999999999887335 ) ) ;
#4473 = AXIS2_PLACEMENT_3D ( 'NONE', #7299, #7836, #1726 ) ;
#4474 = CARTESIAN_POINT ( 'NONE',  ( 11.31370849898465991, -2.500000000000000000, -11.31370849898485886 ) ) ;
#4475 = DIRECTION ( 'NONE',  ( 0.000000000000000000, 0.000000000000000000, -1.000000000000000000 ) ) ;
#4476 = EDGE_CURVE ( 'NONE', #7674, #1295, #5237, .T. ) ;
#4477 = DIRECTION ( 'NONE',  ( -1.000000000000000000, -0.000000000000000000, -0.000000000000000000 ) ) ;
#4478 = ORIENTED_EDGE ( 'NONE', *, *, #3357, .F. ) ;
#4479 = DIRECTION ( 'NONE',  ( 0.000000000000000000, -0.000000000000000000, 1.000000000000000000 ) ) ;
#4480 = ORIENTED_EDGE ( 'NONE', *, *, #4710, .T. ) ;
#4481 = CARTESIAN_POINT ( 'NONE',  ( 0.000000000000000000, 0.000000000000000000, 0.000000000000000000 ) ) ;
#4482 = EDGE_CURVE ( 'NONE', #6187, #4592, #2713, .T. ) ;
#4483 = CARTESIAN_POINT ( 'NONE',  ( 90.00000000000000000, -12.49999999999999822, 230.0000000000000000 ) ) ;
#4484 = CYLINDRICAL_SURFACE ( 'NONE', #2359, 1.649999999999998579 ) ;
#4485 = SURFACE_SIDE_STYLE ('',( #3289 ) ) ;
#4486 = EDGE_CURVE ( 'NONE', #8098, #230, #7469, .T. ) ;
#4487 = ORIENTED_EDGE ( 'NONE', *, *, #4324, .T. ) ;
#4488 = CYLINDRICAL_SURFACE ( 'NONE', #6822, 4.990000000000009095 ) ;
#4489 = COLOUR_RGB ( '',0.7921568627450980005, 0.8196078431372548767, 0.9333333333333333481 ) ;
#4490 = ORIENTED_EDGE ( 'NONE', *, *, #3819, .F. ) ;
#4491 = DIRECTION ( 'NONE',  ( 0.000000000000000000, 0.000000000000000000, 1.000000000000000000 ) ) ;
#4492 = CARTESIAN_POINT ( 'NONE',  ( 38.50000000000000000, 0.000000000000000000, 4.990000000000004654 ) ) ;
#4493 = EDGE_CURVE ( 'NONE', #2657, #6929, #2082, .T. ) ;
#4494 = AXIS2_PLACEMENT_3D ( 'NONE', #237, #1513, #4611 ) ;
#4495 = CARTESIAN_POINT ( 'NONE',  ( 0.000000000000000000, 35.39999999999999858, 0.000000000000000000 ) ) ;
#4496 = VECTOR ( 'NONE', #8140, 1000.000000000000000 ) ;
#4497 = DIRECTION ( 'NONE',  ( 0.000000000000000000, -1.000000000000000000, 0.000000000000000000 ) ) ;
#4498 = ORIENTED_EDGE ( 'NONE', *, *, #5861, .T. ) ;
#4499 = VERTEX_POINT ( 'NONE', #3407 ) ;
#4500 = AXIS2_PLACEMENT_3D ( 'NONE', #2835, #5455, #2916 ) ;
#4501 = ORIENTED_EDGE ( 'NONE', *, *, #1005, .T. ) ;
#4502 = FACE_BOUND ( 'NONE', #3463, .T. ) ;
#4503 = ORIENTED_EDGE ( 'NONE', *, *, #1203, .T. ) ;
#4504 = AXIS2_PLACEMENT_3D ( 'NONE', #8130, #4931, #7437 ) ;
#4505 = CARTESIAN_POINT ( 'NONE',  ( -5.000000000000001776, 29.80000000000000426, -25.00000000000000000 ) ) ;
#4506 = VECTOR ( 'NONE', #7021, 1000.000000000000000 ) ;
#4507 = DIRECTION ( 'NONE',  ( -0.000000000000000000, 0.000000000000000000, 1.000000000000000000 ) ) ;
#4508 = CIRCLE ( 'NONE', #3186, 1.649999999999998579 ) ;
#4509 = CIRCLE ( 'NONE', #964, 1.649999999999998579 ) ;
#4510 = EDGE_LOOP ( 'NONE', ( #4439, #4448, #5859, #6968 ) ) ;
#4511 = FACE_OUTER_BOUND ( 'NONE', #2560, .T. ) ;
#4512 = ORIENTED_EDGE ( 'NONE', *, *, #4739, .T. ) ;
#4513 = DIRECTION ( 'NONE',  ( -1.000000000000000000, -0.000000000000000000, -0.000000000000000000 ) ) ;
#4514 = AXIS2_PLACEMENT_3D ( 'NONE', #5253, #2690, #129 ) ;
#4515 = CARTESIAN_POINT ( 'NONE',  ( 0.000000000000000000, 6.110987527745293517E-16, -4.990000000000000213 ) ) ;
#4516 = DIRECTION ( 'NONE',  ( -0.000000000000000000, -1.000000000000000000, -0.000000000000000000 ) ) ;
#4517 = CARTESIAN_POINT ( 'NONE',  ( 0.000000000000000000, 6.110987527745293517E-16, -4.990000000000000213 ) ) ;
#4518 = VECTOR ( 'NONE', #6428, 1000.000000000000000 ) ;
#4519 = CARTESIAN_POINT ( 'NONE',  ( 0.000000000000000000, 0.000000000000000000, 0.000000000000000000 ) ) ;
#4520 = CIRCLE ( 'NONE', #3334, 27.00000000000000000 ) ;
#4521 = ORIENTED_EDGE ( 'NONE', *, *, #5037, .T. ) ;
#4522 = FACE_BOUND ( 'NONE', #51, .T. ) ;
#4523 = ORIENTED_EDGE ( 'NONE', *, *, #7592, .F. ) ;
#4524 = FACE_OUTER_BOUND ( 'NONE', #5753, .T. ) ;
#4525 = ADVANCED_FACE ( 'NONE', ( #2788 ), #1552, .T. ) ;
#4526 = DIRECTION ( 'NONE',  ( 0.000000000000000000, 0.000000000000000000, -1.000000000000000000 ) ) ;
#4527 = DIRECTION ( 'NONE',  ( 0.000000000000000000, 1.000000000000000000, 0.000000000000000000 ) ) ;
#4528 = AXIS2_PLACEMENT_3D ( 'NONE', #4336, #6162, #5587 ) ;
#4529 = CARTESIAN_POINT ( 'NONE',  ( 5.510910596163090344E-15, 31.00000000000000355, 45.00000000000000711 ) ) ;
#4530 = CARTESIAN_POINT ( 'NONE',  ( 0.000000000000000000, 33.20000000000000284, 45.00000000000000711 ) ) ;
#4531 = ADVANCED_FACE ( 'NONE', ( #5362 ), #5984, .T. ) ;
#4532 = AXIS2_PLACEMENT_3D ( 'NONE', #7024, #1038, #5130 ) ;
#4533 = ORIENTED_EDGE ( 'NONE', *, *, #3176, .T. ) ;
#4534 = AXIS2_PLACEMENT_3D ( 'NONE', #480, #6058, #5567 ) ;
#4535 = DIRECTION ( 'NONE',  ( -0.000000000000000000, -1.000000000000000000, -0.000000000000000000 ) ) ;
#4536 = ADVANCED_FACE ( 'NONE', ( #4613 ), #364, .F. ) ;
#4537 = VERTEX_POINT ( 'NONE', #4658 ) ;
#4538 = CARTESIAN_POINT ( 'NONE',  ( 0.000000000000000000, 15.59999999999999964, 44.50000000000000711 ) ) ;
#4539 = DIRECTION ( 'NONE',  ( -0.000000000000000000, -1.000000000000000000, -0.000000000000000000 ) ) ;
#4540 = DIRECTION ( 'NONE',  ( -0.000000000000000000, -0.000000000000000000, -1.000000000000000000 ) ) ;
#4541 = SHAPE_REPRESENTATION ( 'Link3UpperShaft', ( #2426 ), #5600 ) ;
#4542 = DIRECTION ( 'NONE',  ( 0.000000000000000000, 0.000000000000000000, 1.000000000000000000 ) ) ;
#4543 = FACE_OUTER_BOUND ( 'NONE', #2430, .T. ) ;
#4544 = ORIENTED_EDGE ( 'NONE', *, *, #6852, .T. ) ;
#4545 = ORIENTED_EDGE ( 'NONE', *, *, #5830, .T. ) ;
#4546 = EDGE_CURVE ( 'NONE', #5601, #2558, #5896, .T. ) ;
#4547 = ORIENTED_EDGE ( 'NONE', *, *, #754, .F. ) ;
#4548 = DIRECTION ( 'NONE',  ( -1.000000000000000000, -0.000000000000000000, -0.000000000000000000 ) ) ;
#4549 = ORIENTED_EDGE ( 'NONE', *, *, #4066, .F. ) ;
#4550 = LINE ( 'NONE', #5290, #3453 ) ;
#4551 = FACE_OUTER_BOUND ( 'NONE', #215, .T. ) ;
#4552 = VERTEX_POINT ( 'NONE', #2748 ) ;
#4553 = CARTESIAN_POINT ( 'NONE',  ( 11.31370849898490150, 0.000000000000000000, -12.96370849898462119 ) ) ;
#4554 = EDGE_LOOP ( 'NONE', ( #2564, #7740, #5936, #7559 ) ) ;
#4555 = CARTESIAN_POINT ( 'NONE',  ( 29.50000000000000000, 0.000000000000000000, 4.990000000000002878 ) ) ;
#4556 = CARTESIAN_POINT ( 'NONE',  ( 90.00000000000000000, 0.000000000000000000, 230.0000000000000000 ) ) ;
#4557 = LINE ( 'NONE', #5134, #288 ) ;
#4558 = CYLINDRICAL_SURFACE ( 'NONE', #1470, 2.499999999999998668 ) ;
#4559 = ORIENTED_EDGE ( 'NONE', *, *, #7897, .T. ) ;
#4560 = EDGE_CURVE ( 'NONE', #2670, #6692, #2466, .T. ) ;
#4561 = CARTESIAN_POINT ( 'NONE',  ( 0.000000000000000000, 17.80000000000000426, 0.000000000000000000 ) ) ;
#4562 = ORIENTED_EDGE ( 'NONE', *, *, #3465, .F. ) ;
#4563 = DIRECTION ( 'NONE',  ( 0.000000000000000000, 0.000000000000000000, 1.000000000000000000 ) ) ;
#4564 = CARTESIAN_POINT ( 'NONE',  ( -2.000000000000000000, 4.582575694955840717, 230.0000000000000000 ) ) ;
#4565 = DIRECTION ( 'NONE',  ( -0.000000000000000000, -0.000000000000000000, 1.000000000000000000 ) ) ;
#4566 = FACE_OUTER_BOUND ( 'NONE', #4647, .T. ) ;
#4567 = DIRECTION ( 'NONE',  ( 0.000000000000000000, 1.000000000000000000, 0.000000000000000000 ) ) ;
#4568 = VECTOR ( 'NONE', #7736, 1000.000000000000000 ) ;
#4569 = ORIENTED_EDGE ( 'NONE', *, *, #1611, .F. ) ;
#4570 = ADVANCED_FACE ( 'NONE', ( #993 ), #2245, .F. ) ;
#4571 = DIRECTION ( 'NONE',  ( 1.000000000000000000, 0.000000000000000000, 0.000000000000000000 ) ) ;
#4572 = AXIS2_PLACEMENT_3D ( 'NONE', #3048, #3587, #3670 ) ;
#4573 = ORIENTED_EDGE ( 'NONE', *, *, #6744, .T. ) ;
#4574 = EDGE_CURVE ( 'NONE', #1613, #4729, #5515, .T. ) ;
#4575 = DIRECTION ( 'NONE',  ( -0.000000000000000000, 1.000000000000000000, -0.000000000000000000 ) ) ;
#4576 = CYLINDRICAL_SURFACE ( 'NONE', #2538, 6.300000000000000711 ) ;
#4577 = DIRECTION ( 'NONE',  ( 0.000000000000000000, 1.000000000000000000, 0.000000000000000000 ) ) ;
#4578 = EDGE_CURVE ( 'NONE', #6788, #1962, #5244, .T. ) ;
#4579 = DIRECTION ( 'NONE',  ( -1.000000000000000000, -0.000000000000000000, -0.000000000000000000 ) ) ;
#4580 = VECTOR ( 'NONE', #4239, 1000.000000000000000 ) ;
#4581 = FACE_OUTER_BOUND ( 'NONE', #5284, .T. ) ;
#4582 = ORIENTED_EDGE ( 'NONE', *, *, #4832, .F. ) ;
#4583 = VERTEX_POINT ( 'NONE', #7779 ) ;
#4584 = ORIENTED_EDGE ( 'NONE', *, *, #7393, .F. ) ;
#4585 = DIRECTION ( 'NONE',  ( 0.000000000000000000, 0.000000000000000000, -1.000000000000000000 ) ) ;
#4586 = AXIS2_PLACEMENT_3D ( 'NONE', #7857, #3488, #2739 ) ;
#4587 = EDGE_CURVE ( 'NONE', #1373, #558, #1474, .T. ) ;
#4588 = ORIENTED_EDGE ( 'NONE', *, *, #262, .T. ) ;
#4589 = CARTESIAN_POINT ( 'NONE',  ( 11.31370849898490150, -4.666904755831215112, -11.31370849898462261 ) ) ;
#4590 = CARTESIAN_POINT ( 'NONE',  ( 2.000000000000000000, -7.228416147400480440, 0.000000000000000000 ) ) ;
#4591 = AXIS2_PLACEMENT_3D ( 'NONE', #185, #6501, #1498 ) ;
#4592 = VERTEX_POINT ( 'NONE', #1515 ) ;
#4593 = ORIENTED_EDGE ( 'NONE', *, *, #1399, .F. ) ;
#4594 = DIRECTION ( 'NONE',  ( -0.000000000000000000, -1.000000000000000000, -0.000000000000000000 ) ) ;
#4595 = LINE ( 'NONE', #5222, #1602 ) ;
#4596 = AXIS2_PLACEMENT_3D ( 'NONE', #1942, #5604, #6218 ) ;
#4597 = CARTESIAN_POINT ( 'NONE',  ( 16.86149459567567632, 34.20000000000000284, 6.299999999999998934 ) ) ;
#4598 = CIRCLE ( 'NONE', #8021, 12.49999999999999645 ) ;
#4599 = DIRECTION ( 'NONE',  ( 0.000000000000000000, 0.000000000000000000, -1.000000000000000000 ) ) ;
#4600 = CLOSED_SHELL ( 'NONE', ( #863, #1991, #643, #389, #699, #5451, #2601, #5889, #1118, #7807, #6159, #7991, #6892, #318, #4018, #4283, #3977, #6998, #3766, #4989, #3565, #4733, #1959, #4988, #2488 ) ) ;
#4601 = CARTESIAN_POINT ( 'NONE',  ( -2.425678503957204648E-14, -1.651343567110690947E-14, -204.3000000000000398 ) ) ;
#4602 = ORIENTED_EDGE ( 'NONE', *, *, #6819, .F. ) ;
#4603 = ORIENTED_EDGE ( 'NONE', *, *, #6250, .T. ) ;
#4604 = FACE_BOUND ( 'NONE', #5867, .T. ) ;
#4605 = AXIS2_PLACEMENT_3D ( 'NONE', #1781, #7434, #8092 ) ;
#4606 = EDGE_LOOP ( 'NONE', ( #2158, #4860 ) ) ;
#4607 = CARTESIAN_POINT ( 'NONE',  ( 0.000000000000000000, 0.000000000000000000, 0.000000000000000000 ) ) ;
#4608 = LINE ( 'NONE', #4773, #884 ) ;
#4609 = CARTESIAN_POINT ( 'NONE',  ( -23.00000000000000000, 29.80000000000000426, -5.000000000000000000 ) ) ;
#4610 = DIRECTION ( 'NONE',  ( -0.000000000000000000, -1.000000000000000000, -0.000000000000000000 ) ) ;
#4611 = DIRECTION ( 'NONE',  ( 0.000000000000000000, 0.000000000000000000, 1.000000000000000000 ) ) ;
#4612 = EDGE_LOOP ( 'NONE', ( #6195, #1143, #5986, #5320 ) ) ;
#4613 = FACE_OUTER_BOUND ( 'NONE', #1256, .T. ) ;
#4614 = ORIENTED_EDGE ( 'NONE', *, *, #5079, .T. ) ;
#4615 = CYLINDRICAL_SURFACE ( 'NONE', #679, 44.50000000000000711 ) ;
#4616 = DIRECTION ( 'NONE',  ( 0.000000000000000000, -0.000000000000000000, 1.000000000000000000 ) ) ;
#4617 = EDGE_CURVE ( 'NONE', #4177, #5082, #3663, .T. ) ;
#4618 = DIRECTION ( 'NONE',  ( 0.000000000000000000, 0.000000000000000000, 1.000000000000000000 ) ) ;
#4619 = DIRECTION ( 'NONE',  ( 0.000000000000000000, 0.000000000000000000, -1.000000000000000000 ) ) ;
#4620 = EDGE_LOOP ( 'NONE', ( #599, #6625 ) ) ;
#4621 = ORIENTED_EDGE ( 'NONE', *, *, #6551, .F. ) ;
#4622 = ORIENTED_EDGE ( 'NONE', *, *, #4826, .T. ) ;
#4623 = PLANE ( 'NONE',  #1953 ) ;
#4624 = ADVANCED_FACE ( 'NONE', ( #1673 ), #6229, .T. ) ;
#4625 = EDGE_LOOP ( 'NONE', ( #3669, #858 ) ) ;
#4626 = CARTESIAN_POINT ( 'NONE',  ( 90.00000000000000000, 12.49999999999999822, 20.00000000000000000 ) ) ;
#4627 = UNCERTAINTY_MEASURE_WITH_UNIT (LENGTH_MEASURE( 1.000000000000000082E-05 ), #4986, 'distance_accuracy_value', 'NONE');
#4628 = VECTOR ( 'NONE', #4000, 1000.000000000000000 ) ;
#4629 = PLANE ( 'NONE',  #1336 ) ;
#4630 =( GEOMETRIC_REPRESENTATION_CONTEXT ( 3 ) GLOBAL_UNCERTAINTY_ASSIGNED_CONTEXT ( ( #5217 ) ) GLOBAL_UNIT_ASSIGNED_CONTEXT ( ( #4656, #154, #1469 ) ) REPRESENTATION_CONTEXT ( 'NONE', 'WORKASPACE' ) );
#4631 = AXIS2_PLACEMENT_3D ( 'NONE', #704, #5152, #2509 ) ;
#4632 = ADVANCED_FACE ( 'NONE', ( #1119 ), #6840, .F. ) ;
#4633 = EDGE_CURVE ( 'NONE', #6930, #371, #6188, .T. ) ;
#4634 = ORIENTED_EDGE ( 'NONE', *, *, #1902, .T. ) ;
#4635 = VECTOR ( 'NONE', #6380, 1000.000000000000000 ) ;
#4636 = ORIENTED_EDGE ( 'NONE', *, *, #6653, .F. ) ;
#4637 = CYLINDRICAL_SURFACE ( 'NONE', #1944, 1.999999999999998224 ) ;
#4638 = ADVANCED_FACE ( 'NONE', ( #402, #3702 ), #6062, .F. ) ;
#4639 = DIRECTION ( 'NONE',  ( 0.000000000000000000, 0.000000000000000000, 1.000000000000000000 ) ) ;
#4640 = AXIS2_PLACEMENT_3D ( 'NONE', #1503, #3279, #313 ) ;
#4641 = DIRECTION ( 'NONE',  ( -1.000000000000000000, 0.000000000000000000, -0.000000000000000000 ) ) ;
#4642 = DIRECTION ( 'NONE',  ( 0.000000000000000000, 0.000000000000000000, -1.000000000000000000 ) ) ;
#4643 = AXIS2_PLACEMENT_3D ( 'NONE', #6401, #8095, #1179 ) ;
#4644 = CARTESIAN_POINT ( 'NONE',  ( 8.673617379884035472E-14, -1.387778780781445676E-14, -91.00000000000001421 ) ) ;
#4645 = VERTEX_POINT ( 'NONE', #1635 ) ;
#4646 = AXIS2_PLACEMENT_3D ( 'NONE', #7438, #6213, #2525 ) ;
#4647 = EDGE_LOOP ( 'NONE', ( #4669, #6190, #2254, #6491 ) ) ;
#4648 = DIRECTION ( 'NONE',  ( 0.000000000000000000, -0.000000000000000000, 1.000000000000000000 ) ) ;
#4649 = AXIS2_PLACEMENT_3D ( 'NONE', #1178, #3687, #2851 ) ;
#4650 = ORIENTED_EDGE ( 'NONE', *, *, #5401, .T. ) ;
#4651 = CARTESIAN_POINT ( 'NONE',  ( 0.000000000000000000, 24.39999999999999858, 0.000000000000000000 ) ) ;
#4652 = EDGE_CURVE ( 'NONE', #4260, #941, #2959, .T. ) ;
#4653 = CARTESIAN_POINT ( 'NONE',  ( -3.000000000000001776, 34.20000000000000284, 23.00000000000000000 ) ) ;
#4654 = DIRECTION ( 'NONE',  ( 0.000000000000000000, 0.000000000000000000, 1.000000000000000000 ) ) ;
#4655 = CIRCLE ( 'NONE', #5708, 4.990000000000001101 ) ;
#4656 =( LENGTH_UNIT ( ) NAMED_UNIT ( * ) SI_UNIT ( .MILLI., .METRE. ) );
#4657 = VERTEX_POINT ( 'NONE', #8111 ) ;
#4658 = CARTESIAN_POINT ( 'NONE',  ( 21.00000000000000000, 34.20000000000000284, 2.499999999999998668 ) ) ;
#4659 = AXIS2_PLACEMENT_3D ( 'NONE', #7470, #4841, #5627 ) ;
#4660 = AXIS2_PLACEMENT_3D ( 'NONE', #7305, #7262, #1610 ) ;
#4661 = EDGE_LOOP ( 'NONE', ( #2648, #4549, #906, #4979 ) ) ;
#4662 = DIRECTION ( 'NONE',  ( 0.000000000000000000, 0.000000000000000000, 1.000000000000000000 ) ) ;
#4663 = DIRECTION ( 'NONE',  ( -0.000000000000000000, -1.000000000000000000, -0.000000000000000000 ) ) ;
#4664 = AXIS2_PLACEMENT_3D ( 'NONE', #3643, #1782, #7351 ) ;
#4665 = CARTESIAN_POINT ( 'NONE',  ( 14.00000000000000000, 0.000000000000000000, 0.000000000000000000 ) ) ;
#4666 = AXIS2_PLACEMENT_3D ( 'NONE', #3037, #4281, #2420 ) ;
#4667 = DIRECTION ( 'NONE',  ( 0.000000000000000000, 0.000000000000000000, -1.000000000000000000 ) ) ;
#4668 = ORIENTED_EDGE ( 'NONE', *, *, #969, .T. ) ;
#4669 = ORIENTED_EDGE ( 'NONE', *, *, #7051, .T. ) ;
#4670 = DIRECTION ( 'NONE',  ( 0.000000000000000000, 1.000000000000000000, 0.000000000000000000 ) ) ;
#4671 =( GEOMETRIC_REPRESENTATION_CONTEXT ( 3 ) GLOBAL_UNCERTAINTY_ASSIGNED_CONTEXT ( ( #3218 ) ) GLOBAL_UNIT_ASSIGNED_CONTEXT ( ( #4020, #3936, #3358 ) ) REPRESENTATION_CONTEXT ( 'NONE', 'WORKASPACE' ) );
#4672 = ORIENTED_EDGE ( 'NONE', *, *, #7188, .T. ) ;
#4673 = DIRECTION ( 'NONE',  ( 1.000000000000000000, 0.000000000000000000, 0.000000000000000000 ) ) ;
#4674 = CARTESIAN_POINT ( 'NONE',  ( 0.000000000000000000, 0.000000000000000000, 0.000000000000000000 ) ) ;
#4675 = ORIENTED_EDGE ( 'NONE', *, *, #720, .F. ) ;
#4676 = ORIENTED_EDGE ( 'NONE', *, *, #279, .T. ) ;
#4677 = EDGE_CURVE ( 'NONE', #7334, #5080, #4905, .T. ) ;
#4678 = DIRECTION ( 'NONE',  ( 0.000000000000000000, 0.000000000000000000, -1.000000000000000000 ) ) ;
#4679 = CYLINDRICAL_SURFACE ( 'NONE', #163, 1.999999999999998224 ) ;
#4680 = EDGE_CURVE ( 'NONE', #5418, #6249, #6302, .T. ) ;
#4681 = CARTESIAN_POINT ( 'NONE',  ( 0.000000000000000000, 29.80000000000000426, 0.000000000000000000 ) ) ;
#4682 = EDGE_CURVE ( 'NONE', #4093, #4858, #5769, .T. ) ;
#4683 = LINE ( 'NONE', #3935, #6348 ) ;
#4684 = EDGE_CURVE ( 'NONE', #1295, #5448, #7326, .T. ) ;
#4685 = ORIENTED_EDGE ( 'NONE', *, *, #4940, .T. ) ;
#4686 = ORIENTED_EDGE ( 'NONE', *, *, #6946, .T. ) ;
#4687 = CARTESIAN_POINT ( 'NONE',  ( 5.449678256205721981E-15, 17.80000000000000071, -44.50000000000000711 ) ) ;
#4688 = ORIENTED_EDGE ( 'NONE', *, *, #7906, .F. ) ;
#4689 = LINE ( 'NONE', #7697, #1938 ) ;
#4690 = CARTESIAN_POINT ( 'NONE',  ( -3.000000000000001776, 29.80000000000000426, -25.00000000000000000 ) ) ;
#4691 = EDGE_CURVE ( 'NONE', #5642, #4537, #4781, .T. ) ;
#4692 = LINE ( 'NONE', #7823, #4079 ) ;
#4693 = FACE_OUTER_BOUND ( 'NONE', #2485, .T. ) ;
#4694 = ORIENTED_EDGE ( 'NONE', *, *, #5689, .F. ) ;
#4695 = CARTESIAN_POINT ( 'NONE',  ( 0.000000000000000000, -2.000000000000000000, -4.571662717217892968 ) ) ;
#4696 = EDGE_LOOP ( 'NONE', ( #1769, #5546, #3372, #3795 ) ) ;
#4697 = EDGE_CURVE ( 'NONE', #1522, #2458, #1032, .T. ) ;
#4698 = CARTESIAN_POINT ( 'NONE',  ( 14.00000000000000000, 0.000000000000000000, 0.000000000000000000 ) ) ;
#4699 = DIRECTION ( 'NONE',  ( -1.000000000000000000, -0.000000000000000000, -0.000000000000000000 ) ) ;
#4700 = DIRECTION ( 'NONE',  ( -0.000000000000000000, -1.000000000000000000, -0.000000000000000000 ) ) ;
#4701 = ORIENTED_EDGE ( 'NONE', *, *, #7041, .F. ) ;
#4702 = AXIS2_PLACEMENT_3D ( 'NONE', #3695, #7361, #6054 ) ;
#4703 = CARTESIAN_POINT ( 'NONE',  ( -5.000000000000001776, 29.80000000000000426, 17.29161646579058598 ) ) ;
#4704 = EDGE_LOOP ( 'NONE', ( #5310, #7190, #5161, #1603 ) ) ;
#4705 = CARTESIAN_POINT ( 'NONE',  ( 49.99999999999999289, -12.50000000000000711, 230.0000000000000000 ) ) ;
#4706 = LINE ( 'NONE', #1565, #1431 ) ;
#4707 = FACE_OUTER_BOUND ( 'NONE', #2521, .T. ) ;
#4708 = UNCERTAINTY_MEASURE_WITH_UNIT (LENGTH_MEASURE( 1.000000000000000082E-05 ), #1836, 'distance_accuracy_value', 'NONE');
#4709 = CIRCLE ( 'NONE', #3123, 4.790000000000005365 ) ;
#4710 = EDGE_CURVE ( 'NONE', #2150, #6010, #4820, .T. ) ;
#4711 = CARTESIAN_POINT ( 'NONE',  ( -21.00000000000000000, 29.80000000000000426, -1.466422162314116009E-13 ) ) ;
#4712 = CARTESIAN_POINT ( 'NONE',  ( 0.000000000000000000, 9.000000000000001776, 44.50000000000000711 ) ) ;
#4713 = ORIENTED_EDGE ( 'NONE', *, *, #1008, .F. ) ;
#4714 = VECTOR ( 'NONE', #2292, 1000.000000000000000 ) ;
#4715 = ORIENTED_EDGE ( 'NONE', *, *, #3777, .F. ) ;
#4716 = FACE_BOUND ( 'NONE', #1089, .T. ) ;
#4717 = DIRECTION ( 'NONE',  ( -0.000000000000000000, 1.000000000000000000, -0.000000000000000000 ) ) ;
#4718 = CARTESIAN_POINT ( 'NONE',  ( 0.000000000000000000, 10.00000000000000000, 5.000000000000000000 ) ) ;
#4719 = DIRECTION ( 'NONE',  ( 1.000000000000000000, 0.000000000000000000, 0.000000000000000000 ) ) ;
#4720 = AXIS2_PLACEMENT_3D ( 'NONE', #3324, #2827, #2033 ) ;
#4721 =( REPRESENTATION_RELATIONSHIP ('NONE','NONE', #6018, #5070 ) REPRESENTATION_RELATIONSHIP_WITH_TRANSFORMATION ( #6172 )SHAPE_REPRESENTATION_RELATIONSHIP( ) );
#4722 = ADVANCED_FACE ( 'NONE', ( #6718, #1070 ), #3040, .F. ) ;
#4723 = APPLICATION_PROTOCOL_DEFINITION ( 'draft international standard', 'automotive_design', 1998, #4453 ) ;
#4724 = EDGE_LOOP ( 'NONE', ( #5289, #3892 ) ) ;
#4725 = ADVANCED_FACE ( 'NONE', ( #2424 ), #1154, .F. ) ;
#4726 = ORIENTED_EDGE ( 'NONE', *, *, #4179, .F. ) ;
#4727 = ORIENTED_EDGE ( 'NONE', *, *, #1816, .F. ) ;
#4728 = CARTESIAN_POINT ( 'NONE',  ( 0.000000000000000000, 34.20000000000000284, 0.000000000000000000 ) ) ;
#4729 = VERTEX_POINT ( 'NONE', #4859 ) ;
#4730 = PLANE ( 'NONE',  #4987 ) ;
#4731 = AXIS2_PLACEMENT_3D ( 'NONE', #600, #7027, #3076 ) ;
#4732 = DIRECTION ( 'NONE',  ( -1.000000000000000000, -0.000000000000000000, -0.000000000000000000 ) ) ;
#4733 = ADVANCED_FACE ( 'NONE', ( #7369 ), #6761, .F. ) ;
#4734 = CARTESIAN_POINT ( 'NONE',  ( 60.00000000000001421, 0.000000000000000000, 20.00000000000000000 ) ) ;
#4735 = CIRCLE ( 'NONE', #5111, 1.650000000000000355 ) ;
#4736 = DIRECTION ( 'NONE',  ( -0.000000000000000000, -0.000000000000000000, -1.000000000000000000 ) ) ;
#4737 = AXIS2_PLACEMENT_3D ( 'NONE', #6369, #7468, #5705 ) ;
#4738 = ORIENTED_EDGE ( 'NONE', *, *, #3014, .F. ) ;
#4739 = EDGE_CURVE ( 'NONE', #4791, #2635, #1813, .T. ) ;
#4740 = DIRECTION ( 'NONE',  ( 0.000000000000000000, 1.000000000000000000, 0.000000000000000000 ) ) ;
#4741 = VERTEX_POINT ( 'NONE', #5802 ) ;
#4742 = FACE_OUTER_BOUND ( 'NONE', #2915, .T. ) ;
#4743 = EDGE_CURVE ( 'NONE', #3838, #401, #627, .T. ) ;
#4744 = DIRECTION ( 'NONE',  ( 0.000000000000000000, -1.000000000000000000, 0.000000000000000000 ) ) ;
#4745 = DIRECTION ( 'NONE',  ( -0.000000000000000000, -0.000000000000000000, -1.000000000000000000 ) ) ;
#4746 = ORIENTED_EDGE ( 'NONE', *, *, #6544, .F. ) ;
#4747 = DIRECTION ( 'NONE',  ( -1.000000000000000000, -0.000000000000000000, -0.000000000000000000 ) ) ;
#4748 = ORIENTED_EDGE ( 'NONE', *, *, #6987, .F. ) ;
#4749 = ORIENTED_EDGE ( 'NONE', *, *, #7455, .F. ) ;
#4750 = DIRECTION ( 'NONE',  ( 1.000000000000000000, 0.000000000000000000, 0.000000000000000000 ) ) ;
#4751 = EDGE_CURVE ( 'NONE', #1117, #1661, #7607, .T. ) ;
#4752 = FACE_OUTER_BOUND ( 'NONE', #5924, .T. ) ;
#4753 = DIRECTION ( 'NONE',  ( -1.000000000000000000, -0.000000000000000000, -0.000000000000000000 ) ) ;
#4754 = CARTESIAN_POINT ( 'NONE',  ( 38.50000000000000000, 0.000000000000000000, 4.790000000000006253 ) ) ;
#4755 = CARTESIAN_POINT ( 'NONE',  ( -5.000000000000001776, 34.20000000000000284, 23.00000000000000000 ) ) ;
#4756 = ORIENTED_EDGE ( 'NONE', *, *, #6148, .F. ) ;
#4757 = ORIENTED_EDGE ( 'NONE', *, *, #261, .F. ) ;
#4758 = VERTEX_POINT ( 'NONE', #1955 ) ;
#4759 = FACE_OUTER_BOUND ( 'NONE', #6635, .T. ) ;
#4760 = DIRECTION ( 'NONE',  ( 0.000000000000000000, 0.000000000000000000, 1.000000000000000000 ) ) ;
#4761 = CARTESIAN_POINT ( 'NONE',  ( -2.000000000000000000, 7.228416147400480440, -15.52417469626002777 ) ) ;
#4762 = DIRECTION ( 'NONE',  ( 0.000000000000000000, 0.000000000000000000, 1.000000000000000000 ) ) ;
#4763 = AXIS2_PLACEMENT_3D ( 'NONE', #1333, #5722, #7566 ) ;
#4764 = DIRECTION ( 'NONE',  ( 0.000000000000000000, 0.000000000000000000, -1.000000000000000000 ) ) ;
#4765 = ITEM_DEFINED_TRANSFORMATION ( 'NONE', 'NONE', #4942,  #2426 ) ;
#4766 = ORIENTED_EDGE ( 'NONE', *, *, #7501, .T. ) ;
#4767 = AXIS2_PLACEMENT_3D ( 'NONE', #6793, #5483, #6181 ) ;
#4768 = ORIENTED_EDGE ( 'NONE', *, *, #35, .T. ) ;
#4769 = CYLINDRICAL_SURFACE ( 'NONE', #447, 45.00000000000000711 ) ;
#4770 = ORIENTED_EDGE ( 'NONE', *, *, #2095, .F. ) ;
#4771 = LINE ( 'NONE', #1628, #3533 ) ;
#4772 = AXIS2_PLACEMENT_3D ( 'NONE', #7391, #5428, #2983 ) ;
#4773 = CARTESIAN_POINT ( 'NONE',  ( 0.000000000000000000, 0.000000000000000000, 4.990000000000000213 ) ) ;
#4774 = DIRECTION ( 'NONE',  ( 0.000000000000000000, 0.000000000000000000, 1.000000000000000000 ) ) ;
#4775 = AXIS2_PLACEMENT_3D ( 'NONE', #3278, #1455, #3391 ) ;
#4776 = FACE_BOUND ( 'NONE', #1485, .T. ) ;
#4777 = CIRCLE ( 'NONE', #1221, 25.00000000000000000 ) ;
#4778 = VERTEX_POINT ( 'NONE', #28 ) ;
#4779 = EDGE_CURVE ( 'NONE', #2364, #8125, #5109, .T. ) ;
#4780 = ORIENTED_EDGE ( 'NONE', *, *, #7654, .F. ) ;
#4781 = LINE ( 'NONE', #4320, #766 ) ;
#4782 = VERTEX_POINT ( 'NONE', #649 ) ;
#4783 = ADVANCED_FACE ( 'NONE', ( #3900 ), #6952, .T. ) ;
#4784 = AXIS2_PLACEMENT_3D ( 'NONE', #4090, #3504, #2306 ) ;
#4785 = CIRCLE ( 'NONE', #1228, 2.000000000000000000 ) ;
#4786 = LINE ( 'NONE', #5407, #4108 ) ;
#4787 = DIRECTION ( 'NONE',  ( 0.000000000000000000, 0.000000000000000000, 1.000000000000000000 ) ) ;
#4788 = EDGE_CURVE ( 'NONE', #7901, #4127, #5379, .T. ) ;
#4789 = ADVANCED_FACE ( 'NONE', ( #1918 ), #4406, .T. ) ;
#4790 = CIRCLE ( 'NONE', #3734, 81.25000000000009948 ) ;
#4791 = VERTEX_POINT ( 'NONE', #7571 ) ;
#4792 = AXIS2_PLACEMENT_3D ( 'NONE', #620, #6201, #1893 ) ;
#4793 = CYLINDRICAL_SURFACE ( 'NONE', #2725, 5.000000000000000000 ) ;
#4794 = ORIENTED_EDGE ( 'NONE', *, *, #1545, .F. ) ;
#4795 = DIRECTION ( 'NONE',  ( -2.168404344971008868E-16, 1.000000000000000000, 0.000000000000000000 ) ) ;
#4796 = DIRECTION ( 'NONE',  ( 0.000000000000000000, 0.000000000000000000, 1.000000000000000000 ) ) ;
#4797 = LINE ( 'NONE', #6118, #2791 ) ;
#4798 = AXIS2_PLACEMENT_3D ( 'NONE', #6051, #1060, #5517 ) ;
#4799 = DIRECTION ( 'NONE',  ( 1.000000000000000000, 0.000000000000000000, 0.000000000000000000 ) ) ;
#4800 = LINE ( 'NONE', #1649, #5716 ) ;
#4801 = EDGE_LOOP ( 'NONE', ( #322, #2847 ) ) ;
#4802 = AXIS2_PLACEMENT_3D ( 'NONE', #7580, #3955, #873 ) ;
#4803 = ORIENTED_EDGE ( 'NONE', *, *, #252, .T. ) ;
#4804 = LINE ( 'NONE', #6659, #3673 ) ;
#4805 = CARTESIAN_POINT ( 'NONE',  ( 3.306546357697853733E-15, 10.00000000000000000, 27.00000000000000000 ) ) ;
#4806 = DIRECTION ( 'NONE',  ( -0.000000000000000000, -0.000000000000000000, 1.000000000000000000 ) ) ;
#4807 = CARTESIAN_POINT ( 'NONE',  ( -1.675911042644704011E-13, 2.399999999999999467, -15.99999999999999645 ) ) ;
#4808 = CYLINDRICAL_SURFACE ( 'NONE', #3050, 45.00000000000000711 ) ;
#4809 = ORIENTED_EDGE ( 'NONE', *, *, #5712, .F. ) ;
#4810 = EDGE_LOOP ( 'NONE', ( #4818, #2749, #4672, #6629 ) ) ;
#4811 = CYLINDRICAL_SURFACE ( 'NONE', #4134, 81.25000000000009948 ) ;
#4812 = ORIENTED_EDGE ( 'NONE', *, *, #6400, .F. ) ;
#4813 = DIRECTION ( 'NONE',  ( -0.000000000000000000, -1.000000000000000000, -0.000000000000000000 ) ) ;
#4814 = CYLINDRICAL_SURFACE ( 'NONE', #3906, 2.000000000000001776 ) ;
#4815 = DIRECTION ( 'NONE',  ( -1.000000000000000000, -0.000000000000000000, -0.000000000000000000 ) ) ;
#4816 = DIRECTION ( 'NONE',  ( 1.000000000000000000, 0.000000000000000000, 0.000000000000000000 ) ) ;
#4817 = CARTESIAN_POINT ( 'NONE',  ( -25.00000000000000000, 0.000000000000000000, 0.000000000000000000 ) ) ;
#4818 = ORIENTED_EDGE ( 'NONE', *, *, #978, .F. ) ;
#4819 = ORIENTED_EDGE ( 'NONE', *, *, #2828, .T. ) ;
#4820 = LINE ( 'NONE', #7950, #4714 ) ;
#4821 = ORIENTED_EDGE ( 'NONE', *, *, #2040, .T. ) ;
#4822 = DIRECTION ( 'NONE',  ( 0.000000000000000000, 0.000000000000000000, 1.000000000000000000 ) ) ;
#4823 = DIRECTION ( 'NONE',  ( -0.000000000000000000, 1.000000000000000000, -0.000000000000000000 ) ) ;
#4824 = ADVANCED_FACE ( 'NONE', ( #106 ), #1232, .T. ) ;
#4825 = ORIENTED_EDGE ( 'NONE', *, *, #2894, .F. ) ;
#4826 = EDGE_CURVE ( 'NONE', #7539, #5478, #1278, .T. ) ;
#4827 = CYLINDRICAL_SURFACE ( 'NONE', #226, 4.790000000000000924 ) ;
#4828 = ORIENTED_EDGE ( 'NONE', *, *, #4493, .F. ) ;
#4829 = DIRECTION ( 'NONE',  ( 0.000000000000000000, 1.000000000000000000, 0.000000000000000000 ) ) ;
#4830 = DIRECTION ( 'NONE',  ( 0.000000000000000000, 1.000000000000000000, 0.000000000000000000 ) ) ;
#4831 = CARTESIAN_POINT ( 'NONE',  ( 50.00000000000000000, -93.75000000000008527, 0.000000000000000000 ) ) ;
#4832 = EDGE_CURVE ( 'NONE', #2297, #3534, #5646, .T. ) ;
#4833 = LINE ( 'NONE', #1568, #7662 ) ;
#4834 = AXIS2_PLACEMENT_3D ( 'NONE', #5929, #275, #5357 ) ;
#4835 = CARTESIAN_POINT ( 'NONE',  ( 5.510910596163090344E-15, 26.60000000000000142, 45.00000000000000711 ) ) ;
#4836 = ORIENTED_EDGE ( 'NONE', *, *, #1906, .T. ) ;
#4837 = EDGE_CURVE ( 'NONE', #3473, #93, #6918, .T. ) ;
#4838 = ORIENTED_EDGE ( 'NONE', *, *, #3415, .T. ) ;
#4839 = DIRECTION ( 'NONE',  ( 0.000000000000000000, 1.000000000000000000, 0.000000000000000000 ) ) ;
#4840 = AXIS2_PLACEMENT_3D ( 'NONE', #3710, #4914, #1724 ) ;
#4841 = DIRECTION ( 'NONE',  ( 0.000000000000000000, -1.000000000000000000, 0.000000000000000000 ) ) ;
#4842 = CARTESIAN_POINT ( 'NONE',  ( 2.199633243471174140E-13, 29.80000000000000426, -20.99999999999999645 ) ) ;
#4843 = CARTESIAN_POINT ( 'NONE',  ( 0.000000000000000000, 0.000000000000000000, -14.14213562373095279 ) ) ;
#4844 = LINE ( 'NONE', #4148, #285 ) ;
#4845 = ORIENTED_EDGE ( 'NONE', *, *, #3166, .T. ) ;
#4846 = AXIS2_PLACEMENT_3D ( 'NONE', #1840, #2500, #7528 ) ;
#4847 = EDGE_LOOP ( 'NONE', ( #3820, #4523, #2000, #8113 ) ) ;
#4848 = FACE_OUTER_BOUND ( 'NONE', #5831, .T. ) ;
#4849 = VERTEX_POINT ( 'NONE', #2622 ) ;
#4850 = DIRECTION ( 'NONE',  ( -0.000000000000000000, 1.000000000000000000, -0.000000000000000000 ) ) ;
#4851 = CARTESIAN_POINT ( 'NONE',  ( 1.224646799147250347E-18, 6.110987527745293517E-16, -4.990000000000000213 ) ) ;
#4852 = CIRCLE ( 'NONE', #5647, 18.00000000000000355 ) ;
#4853 = DIRECTION ( 'NONE',  ( 0.000000000000000000, 0.000000000000000000, -1.000000000000000000 ) ) ;
#4854 = CARTESIAN_POINT ( 'NONE',  ( 30.50000000000000000, 0.000000000000000000, -4.990000000000004654 ) ) ;
#4855 = DIRECTION ( 'NONE',  ( 0.000000000000000000, 0.000000000000000000, -1.000000000000000000 ) ) ;
#4856 = ORIENTED_EDGE ( 'NONE', *, *, #3217, .T. ) ;
#4857 = VECTOR ( 'NONE', #6266, 1000.000000000000000 ) ;
#4858 = VERTEX_POINT ( 'NONE', #5680 ) ;
#4859 = CARTESIAN_POINT ( 'NONE',  ( 5.510910596163090344E-15, 2.200000000000021494, 45.00000000000000711 ) ) ;
#4860 = ORIENTED_EDGE ( 'NONE', *, *, #3559, .F. ) ;
#4861 = CARTESIAN_POINT ( 'NONE',  ( 0.000000000000000000, 29.80000000000000426, 0.000000000000000000 ) ) ;
#4862 = FILL_AREA_STYLE_COLOUR ( '', #2513 ) ;
#4863 = VECTOR ( 'NONE', #5497, 1000.000000000000000 ) ;
#4864 = AXIS2_PLACEMENT_3D ( 'NONE', #5684, #652, #1234 ) ;
#4865 = ORIENTED_EDGE ( 'NONE', *, *, #2750, .F. ) ;
#4866 = CARTESIAN_POINT ( 'NONE',  ( 38.50000000000000000, 0.000000000000000000, 4.790000000000006253 ) ) ;
#4867 = AXIS2_PLACEMENT_3D ( 'NONE', #4295, #6390, #5682 ) ;
#4868 = VERTEX_POINT ( 'NONE', #689 ) ;
#4869 = CARTESIAN_POINT ( 'NONE',  ( -23.00000000000000000, 34.20000000000000284, 3.000000000000000000 ) ) ;
#4870 = CIRCLE ( 'NONE', #3943, 2.000000000000000000 ) ;
#4871 = CARTESIAN_POINT ( 'NONE',  ( 0.000000000000000000, 27.60000000000000142, 0.000000000000000000 ) ) ;
#4872 = DIRECTION ( 'NONE',  ( 0.000000000000000000, -1.000000000000000000, 0.000000000000000000 ) ) ;
#4873 = FACE_OUTER_BOUND ( 'NONE', #5235, .T. ) ;
#4874 = CARTESIAN_POINT ( 'NONE',  ( 38.50000000000000000, 6.110987527745298447E-16, -4.990000000000004654 ) ) ;
#4875 = ORIENTED_EDGE ( 'NONE', *, *, #1947, .T. ) ;
#4876 = EDGE_CURVE ( 'NONE', #4592, #6929, #4049, .T. ) ;
#4877 = APPLICATION_CONTEXT ( 'automotive_design' ) ;
#4878 = VERTEX_POINT ( 'NONE', #1385 ) ;
#4879 = CARTESIAN_POINT ( 'NONE',  ( 0.000000000000000000, 29.80000000000000426, 0.000000000000000000 ) ) ;
#4880 = FACE_OUTER_BOUND ( 'NONE', #3847, .T. ) ;
#4881 = LINE ( 'NONE', #1695, #5302 ) ;
#4882 = DIRECTION ( 'NONE',  ( 0.000000000000000000, 0.000000000000000000, 1.000000000000000000 ) ) ;
#4883 = CARTESIAN_POINT ( 'NONE',  ( 30.50000000000000000, 0.000000000000000000, 0.000000000000000000 ) ) ;
#4884 = EDGE_CURVE ( 'NONE', #724, #2570, #3265, .T. ) ;
#4885 = EDGE_CURVE ( 'NONE', #8084, #4328, #2199, .T. ) ;
#4886 = VERTEX_POINT ( 'NONE', #2581 ) ;
#4887 = EDGE_LOOP ( 'NONE', ( #5654, #3778, #4394, #1797, #2846, #4562, #5044, #6675, #7242 ) ) ;
#4888 = CARTESIAN_POINT ( 'NONE',  ( 0.000000000000000000, 9.000000000000001776, 44.50000000000000711 ) ) ;
#4889 = AXIS2_PLACEMENT_3D ( 'NONE', #2919, #5456, #7418 ) ;
#4890 = ADVANCED_FACE ( 'NONE', ( #5102 ), #1339, .F. ) ;
#4891 = ORIENTED_EDGE ( 'NONE', *, *, #7444, .T. ) ;
#4892 = DIRECTION ( 'NONE',  ( -0.000000000000000000, -1.000000000000000000, -0.000000000000000000 ) ) ;
#4893 = FACE_OUTER_BOUND ( 'NONE', #2478, .T. ) ;
#4894 = AXIS2_PLACEMENT_3D ( 'NONE', #478, #5484, #3569 ) ;
#4895 = DIRECTION ( 'NONE',  ( -0.000000000000000000, -1.000000000000000000, -0.000000000000000000 ) ) ;
#4896 = DIRECTION ( 'NONE',  ( 0.000000000000000000, 0.000000000000000000, -1.000000000000000000 ) ) ;
#4897 = VECTOR ( 'NONE', #6834, 1000.000000000000000 ) ;
#4898 = DIRECTION ( 'NONE',  ( -0.000000000000000000, 0.000000000000000000, 1.000000000000000000 ) ) ;
#4899 = CYLINDRICAL_SURFACE ( 'NONE', #2549, 44.50000000000000711 ) ;
#4900 = VERTEX_POINT ( 'NONE', #7646 ) ;
#4901 = ADVANCED_FACE ( 'NONE', ( #4524 ), #859, .F. ) ;
#4902 = VECTOR ( 'NONE', #3431, 1000.000000000000000 ) ;
#4903 = CIRCLE ( 'NONE', #5570, 4.990000000000000213 ) ;
#4904 = ORIENTED_EDGE ( 'NONE', *, *, #3061, .T. ) ;
#4905 = LINE ( 'NONE', #2999, #7083 ) ;
#4906 = AXIS2_PLACEMENT_3D ( 'NONE', #7070, #2274, #7228 ) ;
#4907 = ORIENTED_EDGE ( 'NONE', *, *, #452, .T. ) ;
#4908 = CARTESIAN_POINT ( 'NONE',  ( -5.000000000000001776, 34.20000000000000284, -18.73499399519520026 ) ) ;
#4909 = VECTOR ( 'NONE', #4968, 1000.000000000000000 ) ;
#4910 =( NAMED_UNIT ( * ) SI_UNIT ( $, .STERADIAN. ) SOLID_ANGLE_UNIT ( ) );
#4911 = AXIS2_PLACEMENT_3D ( 'NONE', #6541, #3354, #5875 ) ;
#4912 = VECTOR ( 'NONE', #1784, 1000.000000000000000 ) ;
#4913 = ORIENTED_EDGE ( 'NONE', *, *, #4493, .T. ) ;
#4914 = DIRECTION ( 'NONE',  ( -0.000000000000000000, -1.000000000000000000, -0.000000000000000000 ) ) ;
#4915 = CIRCLE ( 'NONE', #7670, 4.790000000000001812 ) ;
#4916 = AXIS2_PLACEMENT_3D ( 'NONE', #176, #839, #7138 ) ;
#4917 = ORIENTED_EDGE ( 'NONE', *, *, #1946, .T. ) ;
#4918 = PLANE ( 'NONE',  #6290 ) ;
#4919 = DIRECTION ( 'NONE',  ( -0.000000000000000000, 1.000000000000000000, -0.000000000000000000 ) ) ;
#4920 = CIRCLE ( 'NONE', #973, 2.499999999999998668 ) ;
#4921 = DIRECTION ( 'NONE',  ( 0.000000000000000000, 0.000000000000000000, 1.000000000000000000 ) ) ;
#4922 = AXIS2_PLACEMENT_3D ( 'NONE', #7644, #1880, #6304 ) ;
#4923 = CARTESIAN_POINT ( 'NONE',  ( 0.000000000000000000, 4.600000000000003197, 0.000000000000000000 ) ) ;
#4924 = ORIENTED_EDGE ( 'NONE', *, *, #4223, .T. ) ;
#4925 = ORIENTED_EDGE ( 'NONE', *, *, #2196, .T. ) ;
#4926 = CARTESIAN_POINT ( 'NONE',  ( -11.31370849898490150, 2.399999999999999467, -12.96370849898462119 ) ) ;
#4927 = AXIS2_PLACEMENT_3D ( 'NONE', #5715, #1908, #3109 ) ;
#4928 = CIRCLE ( 'NONE', #2418, 4.790000000000000924 ) ;
#4929 = DIRECTION ( 'NONE',  ( -1.000000000000000000, -0.000000000000000000, -0.000000000000000000 ) ) ;
#4930 = CARTESIAN_POINT ( 'NONE',  ( -3.000000000000001776, 29.80000000000000426, 25.00000000000000000 ) ) ;
#4931 = DIRECTION ( 'NONE',  ( 0.000000000000000000, 1.000000000000000000, 0.000000000000000000 ) ) ;
#4932 = CARTESIAN_POINT ( 'NONE',  ( -16.00000000000000000, 10.00000000000000000, -1.117274028429802674E-13 ) ) ;
#4933 = CIRCLE ( 'NONE', #2425, 1.649999999999997025 ) ;
#4934 = EDGE_CURVE ( 'NONE', #4782, #3145, #6038, .T. ) ;
#4935 = VERTEX_POINT ( 'NONE', #2163 ) ;
#4936 = CARTESIAN_POINT ( 'NONE',  ( 0.000000000000000000, 0.000000000000000000, 4.990000000000001101 ) ) ;
#4937 = EDGE_LOOP ( 'NONE', ( #2674, #3266, #5296, #7432 ) ) ;
#4938 = EDGE_CURVE ( 'NONE', #89, #7298, #4852, .T. ) ;
#4939 = CARTESIAN_POINT ( 'NONE',  ( -16.00000000000000000, 10.00000000000000000, 1.649999999999887335 ) ) ;
#4940 = EDGE_CURVE ( 'NONE', #1125, #5286, #4689, .T. ) ;
#4941 = DIRECTION ( 'NONE',  ( -0.000000000000000000, -1.000000000000000000, -0.000000000000000000 ) ) ;
#4942 = AXIS2_PLACEMENT_3D ( 'NONE', #6421, #2157, #2820 ) ;
#4943 = DIRECTION ( 'NONE',  ( -0.000000000000000000, -1.000000000000000000, -0.000000000000000000 ) ) ;
#4944 = ADVANCED_FACE ( 'NONE', ( #3439 ), #7161, .F. ) ;
#4945 = FACE_BOUND ( 'NONE', #4162, .T. ) ;
#4946 = LINE ( 'NONE', #6562, #2408 ) ;
#4947 = FACE_OUTER_BOUND ( 'NONE', #3703, .T. ) ;
#4948 = ORIENTED_EDGE ( 'NONE', *, *, #4779, .F. ) ;
#4949 = ORIENTED_EDGE ( 'NONE', *, *, #1800, .T. ) ;
#4950 = DIRECTION ( 'NONE',  ( -1.000000000000000000, -0.000000000000000000, -0.000000000000000000 ) ) ;
#4951 = ADVANCED_FACE ( 'NONE', ( #5884 ), #6570, .T. ) ;
#4952 = ORIENTED_EDGE ( 'NONE', *, *, #4940, .F. ) ;
#4953 = DIRECTION ( 'NONE',  ( -1.000000000000000000, -0.000000000000000000, -0.000000000000000000 ) ) ;
#4954 = CARTESIAN_POINT ( 'NONE',  ( 0.000000000000000000, 27.60000000000000142, 0.000000000000000000 ) ) ;
#4955 = VERTEX_POINT ( 'NONE', #2780 ) ;
#4956 = CARTESIAN_POINT ( 'NONE',  ( 0.000000000000000000, 0.000000000000000000, 20.00000000000000000 ) ) ;
#4957 = EDGE_LOOP ( 'NONE', ( #3786, #2758, #6532, #6530, #1183, #4925, #7475 ) ) ;
#4958 = CARTESIAN_POINT ( 'NONE',  ( 16.00000000000000000, -4.666904755831215112, 1.649999999999998579 ) ) ;
#4959 = DIRECTION ( 'NONE',  ( 0.000000000000000000, 0.000000000000000000, -1.000000000000000000 ) ) ;
#4960 = CARTESIAN_POINT ( 'NONE',  ( 14.00000000000000000, 9.172604525613678137E-16, -7.490000000000001990 ) ) ;
#4961 = ORIENTED_EDGE ( 'NONE', *, *, #5512, .F. ) ;
#4962 = EDGE_LOOP ( 'NONE', ( #5174, #3960, #7396, #2896 ) ) ;
#4963 = CARTESIAN_POINT ( 'NONE',  ( 0.000000000000000000, 35.39999999999999858, 0.000000000000000000 ) ) ;
#4964 = PLANE ( 'NONE',  #6253 ) ;
#4965 = FACE_BOUND ( 'NONE', #52, .T. ) ;
#4966 = AXIS2_PLACEMENT_3D ( 'NONE', #5605, #395, #4974 ) ;
#4967 = DIRECTION ( 'NONE',  ( 0.000000000000000000, 0.000000000000000000, -1.000000000000000000 ) ) ;
#4968 = DIRECTION ( 'NONE',  ( -0.000000000000000000, 1.000000000000000000, -0.000000000000000000 ) ) ;
#4969 = EDGE_LOOP ( 'NONE', ( #7676, #5588, #6324, #481 ) ) ;
#4970 = CARTESIAN_POINT ( 'NONE',  ( 30.50000000000000000, 6.110987527745298447E-16, -4.990000000000004654 ) ) ;
#4971 = VECTOR ( 'NONE', #2829, 1000.000000000000000 ) ;
#4972 = ORIENTED_EDGE ( 'NONE', *, *, #1397, .F. ) ;
#4973 = DIRECTION ( 'NONE',  ( -1.000000000000000000, -0.000000000000000000, -0.000000000000000000 ) ) ;
#4974 = DIRECTION ( 'NONE',  ( 0.000000000000000000, 0.000000000000000000, 1.000000000000000000 ) ) ;
#4975 = CARTESIAN_POINT ( 'NONE',  ( 4.999999999999998224, 34.20000000000000284, -17.29161646579058598 ) ) ;
#4976 = ADVANCED_FACE ( 'NONE', ( #7195 ), #323, .F. ) ;
#4977 = CARTESIAN_POINT ( 'NONE',  ( -23.00000000000000000, 34.20000000000000284, 5.000000000000000000 ) ) ;
#4978 = AXIS2_PLACEMENT_3D ( 'NONE', #242, #4076, #3493 ) ;
#4979 = ORIENTED_EDGE ( 'NONE', *, *, #5147, .T. ) ;
#4980 = CARTESIAN_POINT ( 'NONE',  ( 4.000000000000000000, 0.000000000000000000, 0.000000000000000000 ) ) ;
#4981 = ORIENTED_EDGE ( 'NONE', *, *, #455, .T. ) ;
#4982 = CARTESIAN_POINT ( 'NONE',  ( 0.000000000000000000, 22.20000000000000284, 0.000000000000000000 ) ) ;
#4983 = EDGE_CURVE ( 'NONE', #925, #4057, #6691, .T. ) ;
#4984 = AXIS2_PLACEMENT_3D ( 'NONE', #5489, #528, #5572 ) ;
#4985 = DIRECTION ( 'NONE',  ( 0.000000000000000000, 0.000000000000000000, 1.000000000000000000 ) ) ;
#4986 =( LENGTH_UNIT ( ) NAMED_UNIT ( * ) SI_UNIT ( .MILLI., .METRE. ) );
#4987 = AXIS2_PLACEMENT_3D ( 'NONE', #4106, #6630, #987 ) ;
#4988 = ADVANCED_FACE ( 'NONE', ( #2703 ), #5928, .F. ) ;
#4989 = ADVANCED_FACE ( 'NONE', ( #893 ), #7076, .F. ) ;
#4990 = ORIENTED_EDGE ( 'NONE', *, *, #2910, .T. ) ;
#4991 = DIRECTION ( 'NONE',  ( -0.000000000000000000, 1.000000000000000000, -0.000000000000000000 ) ) ;
#4992 = EDGE_CURVE ( 'NONE', #1871, #4657, #5115, .T. ) ;
#4993 = ORIENTED_EDGE ( 'NONE', *, *, #1647, .F. ) ;
#4994 = VECTOR ( 'NONE', #7804, 1000.000000000000000 ) ;
#4995 = CARTESIAN_POINT ( 'NONE',  ( 11.76470588235294024, -22.05882352941176450, 210.0000000000000284 ) ) ;
#4996 = LINE ( 'NONE', #6243, #434 ) ;
#4997 = CARTESIAN_POINT ( 'NONE',  ( 4.286263797015735707E-15, 27.60000000000000142, 35.00000000000000000 ) ) ;
#4998 = DIRECTION ( 'NONE',  ( -0.000000000000000000, -1.000000000000000000, -0.000000000000000000 ) ) ;
#4999 = AXIS2_PLACEMENT_3D ( 'NONE', #1932, #1247, #6287 ) ;
#5000 = EDGE_CURVE ( 'NONE', #5490, #34, #773, .T. ) ;
#5001 = ORIENTED_EDGE ( 'NONE', *, *, #6569, .F. ) ;
#5002 = ADVANCED_FACE ( 'NONE', ( #2195 ), #4730, .F. ) ;
#5003 = ORIENTED_EDGE ( 'NONE', *, *, #1364, .T. ) ;
#5004 = FACE_OUTER_BOUND ( 'NONE', #1899, .T. ) ;
#5005 = DIRECTION ( 'NONE',  ( 0.000000000000000000, 0.000000000000000000, 1.000000000000000000 ) ) ;
#5006 = CARTESIAN_POINT ( 'NONE',  ( 0.000000000000000000, 2.399999999999999467, 0.000000000000000000 ) ) ;
#5007 = FACE_OUTER_BOUND ( 'NONE', #698, .T. ) ;
#5008 = DIRECTION ( 'NONE',  ( 0.000000000000000000, 0.000000000000000000, 1.000000000000000000 ) ) ;
#5009 = ORIENTED_EDGE ( 'NONE', *, *, #2240, .F. ) ;
#5010 = DIRECTION ( 'NONE',  ( -1.000000000000000000, -0.000000000000000000, -0.000000000000000000 ) ) ;
#5011 = EDGE_LOOP ( 'NONE', ( #5801, #7911 ) ) ;
#5012 = CARTESIAN_POINT ( 'NONE',  ( 0.000000000000000000, 6.110987527745296475E-16, -4.990000000000002878 ) ) ;
#5013 = CARTESIAN_POINT ( 'NONE',  ( -2.000000000000000000, -4.582575694955840717, 230.0000000000000000 ) ) ;
#5014 = CARTESIAN_POINT ( 'NONE',  ( 3.000000000000000000, 5.866058167915823418E-16, -4.790000000000000924 ) ) ;
#5015 = LINE ( 'NONE', #6336, #24 ) ;
#5016 = ORIENTED_EDGE ( 'NONE', *, *, #3517, .T. ) ;
#5017 = DIRECTION ( 'NONE',  ( 0.000000000000000000, 0.000000000000000000, 1.000000000000000000 ) ) ;
#5018 = EDGE_LOOP ( 'NONE', ( #5258, #175, #4924, #2018 ) ) ;
#5019 = CARTESIAN_POINT ( 'NONE',  ( 25.00000000000000000, 34.20000000000000284, 3.000000000000000000 ) ) ;
#5020 = CYLINDRICAL_SURFACE ( 'NONE', #3934, 1.649999999999998801 ) ;
#5021 = COLOUR_RGB ( '',0.7921568627450980005, 0.8196078431372548767, 0.9333333333333333481 ) ;
#5022 = AXIS2_PLACEMENT_3D ( 'NONE', #2954, #6139, #6671 ) ;
#5023 = ADVANCED_FACE ( 'NONE', ( #147 ), #6467, .F. ) ;
#5024 = AXIS2_PLACEMENT_3D ( 'NONE', #1081, #3635, #8085 ) ;
#5025 = ORIENTED_EDGE ( 'NONE', *, *, #2345, .F. ) ;
#5026 = AXIS2_PLACEMENT_3D ( 'NONE', #5440, #7942, #3567 ) ;
#5027 = EDGE_CURVE ( 'NONE', #7555, #2150, #2336, .T. ) ;
#5028 = FACE_OUTER_BOUND ( 'NONE', #4022, .T. ) ;
#5029 = ORIENTED_EDGE ( 'NONE', *, *, #1843, .F. ) ;
#5030 = EDGE_CURVE ( 'NONE', #1844, #780, #1678, .T. ) ;
#5031 = AXIS2_PLACEMENT_3D ( 'NONE', #5639, #1834, #3856 ) ;
#5032 = AXIS2_PLACEMENT_3D ( 'NONE', #2066, #222, #2731 ) ;
#5033 = DIRECTION ( 'NONE',  ( -1.000000000000000000, -0.000000000000000000, -0.000000000000000000 ) ) ;
#5034 = DIRECTION ( 'NONE',  ( -0.000000000000000000, 1.000000000000000000, -0.000000000000000000 ) ) ;
#5035 = EDGE_CURVE ( 'NONE', #4741, #7762, #3791, .T. ) ;
#5036 = CIRCLE ( 'NONE', #1868, 7.500000000000000888 ) ;
#5037 = EDGE_CURVE ( 'NONE', #3609, #4868, #7360, .T. ) ;
#5038 = CARTESIAN_POINT ( 'NONE',  ( 0.000000000000000000, 35.39999999999999858, 0.000000000000000000 ) ) ;
#5039 = DIRECTION ( 'NONE',  ( -0.000000000000000000, -1.000000000000000000, -0.000000000000000000 ) ) ;
#5040 = VECTOR ( 'NONE', #3142, 1000.000000000000000 ) ;
#5041 = ORIENTED_EDGE ( 'NONE', *, *, #6260, .F. ) ;
#5042 = VECTOR ( 'NONE', #2178, 1000.000000000000000 ) ;
#5043 = ORIENTED_EDGE ( 'NONE', *, *, #5247, .T. ) ;
#5044 = ORIENTED_EDGE ( 'NONE', *, *, #3719, .F. ) ;
#5045 = CARTESIAN_POINT ( 'NONE',  ( -21.00000000000000000, 29.80000000000000426, -2.500000000000143441 ) ) ;
#5046 = EDGE_LOOP ( 'NONE', ( #2969, #5341, #3227, #3435, #994, #4875 ) ) ;
#5047 = CARTESIAN_POINT ( 'NONE',  ( -1.673890375426111171E-13, 7.066904755831209251, -14.34999999999999787 ) ) ;
#5048 = VECTOR ( 'NONE', #741, 1000.000000000000000 ) ;
#5049 = DIRECTION ( 'NONE',  ( -1.000000000000000000, -0.000000000000000000, -0.000000000000000000 ) ) ;
#5050 = ORIENTED_EDGE ( 'NONE', *, *, #3586, .F. ) ;
#5051 = CIRCLE ( 'NONE', #3602, 7.490000000000001990 ) ;
#5052 = EDGE_CURVE ( 'NONE', #5189, #5976, #3668, .T. ) ;
#5053 = LINE ( 'NONE', #3072, #715 ) ;
#5054 = AXIS2_PLACEMENT_3D ( 'NONE', #2660, #7193, #891 ) ;
#5055 = ORIENTED_EDGE ( 'NONE', *, *, #6500, .T. ) ;
#5056 = CARTESIAN_POINT ( 'NONE',  ( 14.00000000000000000, 0.000000000000000000, 0.000000000000000000 ) ) ;
#5057 = DIRECTION ( 'NONE',  ( 0.000000000000000000, -0.000000000000000000, -1.000000000000000000 ) ) ;
#5058 = CARTESIAN_POINT ( 'NONE',  ( 0.000000000000000000, 34.20000000000000284, 0.000000000000000000 ) ) ;
#5059 = CIRCLE ( 'NONE', #4927, 1.999999999999998224 ) ;
#5060 = DIRECTION ( 'NONE',  ( 0.000000000000000000, 0.000000000000000000, 1.000000000000000000 ) ) ;
#5061 = VECTOR ( 'NONE', #3221, 1000.000000000000000 ) ;
#5062 = EDGE_LOOP ( 'NONE', ( #1736, #833 ) ) ;
#5063 = FACE_OUTER_BOUND ( 'NONE', #7022, .T. ) ;
#5064 = VERTEX_POINT ( 'NONE', #1062 ) ;
#5065 = DIRECTION ( 'NONE',  ( -1.000000000000000000, -0.000000000000000000, -0.000000000000000000 ) ) ;
#5066 =( GEOMETRIC_REPRESENTATION_CONTEXT ( 3 ) GLOBAL_UNCERTAINTY_ASSIGNED_CONTEXT ( ( #7259 ) ) GLOBAL_UNIT_ASSIGNED_CONTEXT ( ( #1949, #5676, #6270 ) ) REPRESENTATION_CONTEXT ( 'NONE', 'WORKASPACE' ) );
#5067 = CYLINDRICAL_SURFACE ( 'NONE', #4207, 44.50000000000000711 ) ;
#5068 = LINE ( 'NONE', #4444, #917 ) ;
#5069 = CARTESIAN_POINT ( 'NONE',  ( 5.586370142149013368E-14, 7.066904755831209251, 16.00000000000000000 ) ) ;
#5070 = SHAPE_REPRESENTATION ( 'MotorCore', ( #2426 ), #1372 ) ;
#5071 = ORIENTED_EDGE ( 'NONE', *, *, #2406, .T. ) ;
#5072 = CARTESIAN_POINT ( 'NONE',  ( -25.00000000000000000, 34.20000000000000284, -3.000000000000000000 ) ) ;
#5073 = ORIENTED_EDGE ( 'NONE', *, *, #6863, .F. ) ;
#5074 = DIRECTION ( 'NONE',  ( 0.000000000000000000, 0.000000000000000000, 1.000000000000000000 ) ) ;
#5075 = DIRECTION ( 'NONE',  ( 0.000000000000000000, 0.000000000000000000, -1.000000000000000000 ) ) ;
#5076 = EDGE_CURVE ( 'NONE', #7745, #2381, #5386, .T. ) ;
#5077 = CYLINDRICAL_SURFACE ( 'NONE', #3066, 9.999999999999994671 ) ;
#5078 = FACE_BOUND ( 'NONE', #4606, .T. ) ;
#5079 = EDGE_CURVE ( 'NONE', #2711, #5335, #8003, .T. ) ;
#5080 = VERTEX_POINT ( 'NONE', #5519 ) ;
#5081 = ORIENTED_EDGE ( 'NONE', *, *, #6497, .T. ) ;
#5082 = VERTEX_POINT ( 'NONE', #3564 ) ;
#5083 = CARTESIAN_POINT ( 'NONE',  ( 14.00000000000000000, 0.000000000000000000, 0.000000000000000000 ) ) ;
#5084 = EDGE_CURVE ( 'NONE', #5735, #2455, #4327, .T. ) ;
#5085 = ORIENTED_EDGE ( 'NONE', *, *, #1897, .T. ) ;
#5086 = FACE_BOUND ( 'NONE', #7549, .T. ) ;
#5087 = DIRECTION ( 'NONE',  ( 0.000000000000000000, 0.000000000000000000, -1.000000000000000000 ) ) ;
#5088 = EDGE_CURVE ( 'NONE', #7694, #7686, #2951, .T. ) ;
#5089 = EDGE_LOOP ( 'NONE', ( #5043, #2337, #1175, #7184 ) ) ;
#5090 = FACE_OUTER_BOUND ( 'NONE', #352, .T. ) ;
#5091 = VERTEX_POINT ( 'NONE', #5560 ) ;
#5092 = DIRECTION ( 'NONE',  ( -1.000000000000000000, -0.000000000000000000, -0.000000000000000000 ) ) ;
#5093 = ADVANCED_FACE ( 'NONE', ( #3653 ), #1186, .T. ) ;
#5094 = CARTESIAN_POINT ( 'NONE',  ( 24.00000000000000000, 2.000000000000002665, 7.228416147400479552 ) ) ;
#5095 = CARTESIAN_POINT ( 'NONE',  ( 4.999999999999998224, 29.80000000000000426, 23.00000000000000000 ) ) ;
#5096 = CARTESIAN_POINT ( 'NONE',  ( 4.000000000000000000, 0.000000000000000000, 0.000000000000000000 ) ) ;
#5097 =( NAMED_UNIT ( * ) PLANE_ANGLE_UNIT ( ) SI_UNIT ( $, .RADIAN. ) );
#5098 = AXIS2_PLACEMENT_3D ( 'NONE', #2413, #2990, #2366 ) ;
#5099 = ORIENTED_EDGE ( 'NONE', *, *, #3910, .T. ) ;
#5100 = FACE_BOUND ( 'NONE', #4040, .T. ) ;
#5101 = EDGE_LOOP ( 'NONE', ( #2091, #2798, #2206, #6605 ) ) ;
#5102 = FACE_OUTER_BOUND ( 'NONE', #5506, .T. ) ;
#5103 = EDGE_CURVE ( 'NONE', #6010, #7745, #7480, .T. ) ;
#5104 = DIRECTION ( 'NONE',  ( 0.000000000000000000, 0.000000000000000000, -1.000000000000000000 ) ) ;
#5105 = AXIS2_PLACEMENT_3D ( 'NONE', #75, #945, #5321 ) ;
#5106 = DIRECTION ( 'NONE',  ( -0.000000000000000000, -1.000000000000000000, -0.000000000000000000 ) ) ;
#5107 = DIRECTION ( 'NONE',  ( -1.000000000000000000, -0.000000000000000000, -0.000000000000000000 ) ) ;
#5108 = ORIENTED_EDGE ( 'NONE', *, *, #3812, .F. ) ;
#5109 = CIRCLE ( 'NONE', #7339, 1.649999999999998579 ) ;
#5110 = CARTESIAN_POINT ( 'NONE',  ( -5.000000000000001776, 29.80000000000000426, -18.73499399519520026 ) ) ;
#5111 = AXIS2_PLACEMENT_3D ( 'NONE', #6813, #4830, #2930 ) ;
#5112 = EDGE_LOOP ( 'NONE', ( #4949, #6135 ) ) ;
#5113 = DIRECTION ( 'NONE',  ( -1.000000000000000000, -0.000000000000000000, -0.000000000000000000 ) ) ;
#5114 = LINE ( 'NONE', #5207, #2940 ) ;
#5115 = CIRCLE ( 'NONE', #3132, 4.990000000000009095 ) ;
#5116 = CARTESIAN_POINT ( 'NONE',  ( 14.00000000000000000, -1.999999999999997335, 4.571662717217885863 ) ) ;
#5117 = CARTESIAN_POINT ( 'NONE',  ( 0.000000000000000000, 34.20000000000000284, 0.000000000000000000 ) ) ;
#5118 = ORIENTED_EDGE ( 'NONE', *, *, #2848, .F. ) ;
#5119 = EDGE_LOOP ( 'NONE', ( #2789, #2693, #2551, #756 ) ) ;
#5120 = AXIS2_PLACEMENT_3D ( 'NONE', #8102, #1979, #7478 ) ;
#5121 = ORIENTED_EDGE ( 'NONE', *, *, #1845, .T. ) ;
#5122 = FACE_OUTER_BOUND ( 'NONE', #534, .T. ) ;
#5123 = VERTEX_POINT ( 'NONE', #3031 ) ;
#5124 = FACE_OUTER_BOUND ( 'NONE', #1248, .T. ) ;
#5125 = DIRECTION ( 'NONE',  ( -0.000000000000000000, 1.000000000000000000, 0.000000000000000000 ) ) ;
#5126 = AXIS2_PLACEMENT_3D ( 'NONE', #792, #4548, #2138 ) ;
#5127 = EDGE_CURVE ( 'NONE', #1661, #482, #2283, .T. ) ;
#5128 = AXIS2_PLACEMENT_3D ( 'NONE', #4010, #298, #2177 ) ;
#5129 = ORIENTED_EDGE ( 'NONE', *, *, #5850, .T. ) ;
#5130 = DIRECTION ( 'NONE',  ( 0.000000000000000000, 0.000000000000000000, 1.000000000000000000 ) ) ;
#5131 = ORIENTED_EDGE ( 'NONE', *, *, #2866, .T. ) ;
#5132 = DIRECTION ( 'NONE',  ( 0.000000000000000000, 0.000000000000000000, 1.000000000000000000 ) ) ;
#5133 = DIRECTION ( 'NONE',  ( 0.000000000000000000, 0.000000000000000000, -1.000000000000000000 ) ) ;
#5134 = CARTESIAN_POINT ( 'NONE',  ( 1.999999999999999112, -10.77032961426900748, -4.582575694955840717 ) ) ;
#5135 = EDGE_CURVE ( 'NONE', #2012, #7769, #7980, .T. ) ;
#5136 = EDGE_CURVE ( 'NONE', #6534, #648, #6180, .T. ) ;
#5137 = CARTESIAN_POINT ( 'NONE',  ( 0.000000000000000000, 20.00000000000000000, 0.000000000000000000 ) ) ;
#5138 = EDGE_CURVE ( 'NONE', #7576, #1921, #7442, .T. ) ;
#5139 = VERTEX_POINT ( 'NONE', #4939 ) ;
#5140 = DIRECTION ( 'NONE',  ( 1.000000000000000000, 0.000000000000000000, 0.000000000000000000 ) ) ;
#5141 = ORIENTED_EDGE ( 'NONE', *, *, #4147, .F. ) ;
#5142 = DIRECTION ( 'NONE',  ( -2.168404344971008868E-16, 1.000000000000000000, 0.000000000000000000 ) ) ;
#5143 = CARTESIAN_POINT ( 'NONE',  ( 14.00000000000000000, 0.000000000000000000, 7.490000000000001990 ) ) ;
#5144 = DIRECTION ( 'NONE',  ( 0.000000000000000000, 1.000000000000000000, 0.000000000000000000 ) ) ;
#5145 = LINE ( 'NONE', #3091, #6189 ) ;
#5146 = FACE_BOUND ( 'NONE', #1888, .T. ) ;
#5147 = EDGE_CURVE ( 'NONE', #7686, #1493, #7399, .T. ) ;
#5148 = ORIENTED_EDGE ( 'NONE', *, *, #1053, .T. ) ;
#5149 = FACE_OUTER_BOUND ( 'NONE', #7891, .T. ) ;
#5150 = VECTOR ( 'NONE', #3496, 1000.000000000000000 ) ;
#5151 = ORIENTED_EDGE ( 'NONE', *, *, #5283, .F. ) ;
#5152 = DIRECTION ( 'NONE',  ( 0.000000000000000000, 1.000000000000000000, 0.000000000000000000 ) ) ;
#5153 = DIRECTION ( 'NONE',  ( -0.000000000000000000, 1.000000000000000000, -0.000000000000000000 ) ) ;
#5154 = AXIS2_PLACEMENT_3D ( 'NONE', #2868, #8024, #4279 ) ;
#5155 = CYLINDRICAL_SURFACE ( 'NONE', #5167, 5.000000000000000000 ) ;
#5156 = CIRCLE ( 'NONE', #546, 44.50000000000000711 ) ;
#5157 = CARTESIAN_POINT ( 'NONE',  ( 4.000000000000000000, 0.000000000000000000, 0.000000000000000000 ) ) ;
#5158 = AXIS2_PLACEMENT_3D ( 'NONE', #1584, #2326, #2991 ) ;
#5159 = DIRECTION ( 'NONE',  ( -0.000000000000000000, 1.000000000000000000, -0.000000000000000000 ) ) ;
#5160 = ORIENTED_EDGE ( 'NONE', *, *, #296, .F. ) ;
#5161 = ORIENTED_EDGE ( 'NONE', *, *, #6146, .T. ) ;
#5162 = CIRCLE ( 'NONE', #553, 81.25000000000009948 ) ;
#5163 = VERTEX_POINT ( 'NONE', #1789 ) ;
#5164 = DIRECTION ( 'NONE',  ( 0.000000000000000000, 0.000000000000000000, -1.000000000000000000 ) ) ;
#5165 = SHAPE_REPRESENTATION ( 'MotorBackCap', ( #2426 ), #5066 ) ;
#5166 = EDGE_LOOP ( 'NONE', ( #7977, #7113, #7854, #6498, #4766, #6616, #295, #5226 ) ) ;
#5167 = AXIS2_PLACEMENT_3D ( 'NONE', #6211, #5629, #509 ) ;
#5168 = CARTESIAN_POINT ( 'NONE',  ( 0.000000000000000000, 0.000000000000000000, 0.000000000000000000 ) ) ;
#5169 = ADVANCED_FACE ( 'NONE', ( #4312 ), #4155, .F. ) ;
#5170 = VECTOR ( 'NONE', #2483, 1000.000000000000000 ) ;
#5171 = CARTESIAN_POINT ( 'NONE',  ( 14.00000000000000000, -1.999999999999997335, -7.218039900139096687 ) ) ;
#5172 = VECTOR ( 'NONE', #6107, 1000.000000000000000 ) ;
#5173 = VECTOR ( 'NONE', #136, 1000.000000000000000 ) ;
#5174 = ORIENTED_EDGE ( 'NONE', *, *, #5191, .F. ) ;
#5175 = CYLINDRICAL_SURFACE ( 'NONE', #2328, 40.00000000000000000 ) ;
#5176 = ORIENTED_EDGE ( 'NONE', *, *, #3234, .T. ) ;
#5177 = DIRECTION ( 'NONE',  ( 0.000000000000000000, 1.000000000000000000, 0.000000000000000000 ) ) ;
#5178 = AXIS2_PLACEMENT_3D ( 'NONE', #3879, #2717, #4002 ) ;
#5179 = CIRCLE ( 'NONE', #7143, 7.490000000000002878 ) ;
#5180 = FACE_BOUND ( 'NONE', #6338, .T. ) ;
#5181 = CYLINDRICAL_SURFACE ( 'NONE', #4906, 2.499999999999998668 ) ;
#5182 = DIRECTION ( 'NONE',  ( 0.000000000000000000, 0.000000000000000000, 1.000000000000000000 ) ) ;
#5183 = EDGE_CURVE ( 'NONE', #5123, #5790, #4771, .T. ) ;
#5184 = AXIS2_PLACEMENT_3D ( 'NONE', #5329, #4745, #3621 ) ;
#5185 = DIRECTION ( 'NONE',  ( 0.5498736435474173012, -0.8352478531142049079, 1.853220086678322531E-16 ) ) ;
#5186 = CIRCLE ( 'NONE', #1104, 1.649999999999998579 ) ;
#5187 = EDGE_CURVE ( 'NONE', #4409, #1856, #108, .T. ) ;
#5188 = VERTEX_POINT ( 'NONE', #393 ) ;
#5189 = VERTEX_POINT ( 'NONE', #2899 ) ;
#5190 = CARTESIAN_POINT ( 'NONE',  ( 50.00000000000001421, 93.75000000000009948, 20.00000000000000000 ) ) ;
#5191 = EDGE_CURVE ( 'NONE', #5091, #5388, #5754, .T. ) ;
#5192 = EDGE_LOOP ( 'NONE', ( #8033, #6975, #1593, #6228 ) ) ;
#5193 = PRODUCT_DEFINITION_SHAPE ( 'NONE', 'NONE',  #4294 ) ;
#5194 = CARTESIAN_POINT ( 'NONE',  ( -21.00000000000000000, 22.72893218813453231, -1.466422162314116009E-13 ) ) ;
#5195 = CARTESIAN_POINT ( 'NONE',  ( 26.00000000000000355, 9.172604525613680109E-16, -7.490000000000003766 ) ) ;
#5196 = DIRECTION ( 'NONE',  ( 0.000000000000000000, 0.000000000000000000, 1.000000000000000000 ) ) ;
#5197 = CIRCLE ( 'NONE', #1622, 4.790000000000005365 ) ;
#5198 = ADVANCED_FACE ( 'NONE', ( #3809 ), #97, .T. ) ;
#5199 = CYLINDRICAL_SURFACE ( 'NONE', #7868, 2.000000000000000000 ) ;
#5200 = VECTOR ( 'NONE', #7214, 1000.000000000000000 ) ;
#5201 = ORIENTED_EDGE ( 'NONE', *, *, #2710, .T. ) ;
#5202 = EDGE_CURVE ( 'NONE', #5082, #1254, #2531, .T. ) ;
#5203 = AXIS2_PLACEMENT_3D ( 'NONE', #399, #5446, #4317 ) ;
#5204 = CARTESIAN_POINT ( 'NONE',  ( 11.76470588235293668, 22.05882352941176805, 210.0000000000000284 ) ) ;
#5205 = ORIENTED_EDGE ( 'NONE', *, *, #3915, .T. ) ;
#5206 = CARTESIAN_POINT ( 'NONE',  ( 5.510910596163090344E-15, 11.19999999999999751, 45.00000000000000711 ) ) ;
#5207 = CARTESIAN_POINT ( 'NONE',  ( 5.449678256205721981E-15, 35.39999999999999858, -44.50000000000000711 ) ) ;
#5208 = LINE ( 'NONE', #1864, #5577 ) ;
#5209 = CARTESIAN_POINT ( 'NONE',  ( 0.000000000000000000, 0.000000000000000000, 210.0000000000000284 ) ) ;
#5210 = CARTESIAN_POINT ( 'NONE',  ( 5.000000000000000000, 0.000000000000000000, 244.1421356237309794 ) ) ;
#5211 = VERTEX_POINT ( 'NONE', #2611 ) ;
#5212 = ORIENTED_EDGE ( 'NONE', *, *, #542, .F. ) ;
#5213 = ORIENTED_EDGE ( 'NONE', *, *, #1641, .T. ) ;
#5214 = DIRECTION ( 'NONE',  ( -1.000000000000000000, -0.000000000000000000, -0.000000000000000000 ) ) ;
#5215 = ORIENTED_EDGE ( 'NONE', *, *, #3563, .T. ) ;
#5216 = DIRECTION ( 'NONE',  ( 8.673617379884043361E-16, 0.000000000000000000, 1.000000000000000000 ) ) ;
#5217 = UNCERTAINTY_MEASURE_WITH_UNIT (LENGTH_MEASURE( 1.000000000000000082E-05 ), #4656, 'distance_accuracy_value', 'NONE');
#5218 = DIRECTION ( 'NONE',  ( 0.000000000000000000, 0.000000000000000000, 1.000000000000000000 ) ) ;
#5219 = VERTEX_POINT ( 'NONE', #7635 ) ;
#5220 = VERTEX_POINT ( 'NONE', #7516 ) ;
#5221 = CARTESIAN_POINT ( 'NONE',  ( 14.00000000000000000, 0.000000000000000000, -7.490000000000001990 ) ) ;
#5222 = CARTESIAN_POINT ( 'NONE',  ( 0.000000000000000000, 5.866058167915823418E-16, -4.790000000000000924 ) ) ;
#5223 = CARTESIAN_POINT ( 'NONE',  ( 0.000000000000000000, 0.000000000000000000, 0.000000000000000000 ) ) ;
#5224 = CARTESIAN_POINT ( 'NONE',  ( 3.000000000000000000, 0.000000000000000000, 0.000000000000000000 ) ) ;
#5225 = EDGE_LOOP ( 'NONE', ( #532, #5265, #1381, #5370 ) ) ;
#5226 = ORIENTED_EDGE ( 'NONE', *, *, #904, .F. ) ;
#5227 = CARTESIAN_POINT ( 'NONE',  ( 30.50000000000000000, 0.000000000000000000, 4.990000000000004654 ) ) ;
#5228 = VERTEX_POINT ( 'NONE', #1910 ) ;
#5229 = DIRECTION ( 'NONE',  ( 1.000000000000000000, 0.000000000000000000, 0.000000000000000000 ) ) ;
#5230 = ADVANCED_FACE ( 'NONE', ( #6911 ), #561, .T. ) ;
#5231 = CARTESIAN_POINT ( 'NONE',  ( 4.000000000000000000, 0.000000000000000000, 0.000000000000000000 ) ) ;
#5232 = DIRECTION ( 'NONE',  ( 0.000000000000000000, 0.000000000000000000, 1.000000000000000000 ) ) ;
#5233 = CARTESIAN_POINT ( 'NONE',  ( 49.99999999999999289, -12.50000000000000711, 0.000000000000000000 ) ) ;
#5234 = AXIS2_PLACEMENT_3D ( 'NONE', #4474, #7563, #6334 ) ;
#5235 = EDGE_LOOP ( 'NONE', ( #5923, #6592, #3070, #7498 ) ) ;
#5236 = ADVANCED_FACE ( 'NONE', ( #676 ), #3235, .T. ) ;
#5237 = LINE ( 'NONE', #4695, #6167 ) ;
#5238 = VECTOR ( 'NONE', #4447, 1000.000000000000000 ) ;
#5239 = ORIENTED_EDGE ( 'NONE', *, *, #386, .F. ) ;
#5240 = DIRECTION ( 'NONE',  ( -1.000000000000000000, -0.000000000000000000, -0.000000000000000000 ) ) ;
#5241 = EDGE_CURVE ( 'NONE', #6868, #89, #4431, .T. ) ;
#5242 = EDGE_CURVE ( 'NONE', #2053, #6667, #4452, .T. ) ;
#5243 = CARTESIAN_POINT ( 'NONE',  ( 0.000000000000000000, 11.19999999999999751, 44.50000000000000711 ) ) ;
#5244 = CIRCLE ( 'NONE', #2473, 1.649999999999998579 ) ;
#5245 = FACE_BOUND ( 'NONE', #6163, .T. ) ;
#5246 = ORIENTED_EDGE ( 'NONE', *, *, #742, .T. ) ;
#5247 = EDGE_CURVE ( 'NONE', #3086, #7732, #1181, .T. ) ;
#5248 = EDGE_LOOP ( 'NONE', ( #4838, #752, #855, #4274, #4480, #4178, #3164, #6175, #1445, #2877, #1433, #2395, #1633, #5662, #2014, #3884, #6583, #4544, #746, #356, #4405, #3639, #6658, #6745, #5393, #471, #2339, #935, #1421, #1058, #1475, #5246 ) ) ;
#5249 = VERTEX_POINT ( 'NONE', #5672 ) ;
#5250 = FACE_OUTER_BOUND ( 'NONE', #7327, .T. ) ;
#5251 = AXIS2_PLACEMENT_3D ( 'NONE', #1830, #636, #17 ) ;
#5252 = CARTESIAN_POINT ( 'NONE',  ( 39.50000000000000000, 0.000000000000000000, 4.790000000000005365 ) ) ;
#5253 = CARTESIAN_POINT ( 'NONE',  ( 50.00000000000000000, -93.75000000000008527, 20.00000000000000000 ) ) ;
#5254 = CYLINDRICAL_SURFACE ( 'NONE', #31, 4.990000000000000213 ) ;
#5255 = EDGE_CURVE ( 'NONE', #7561, #2813, #8012, .T. ) ;
#5256 = VECTOR ( 'NONE', #135, 1000.000000000000000 ) ;
#5257 = ORIENTED_EDGE ( 'NONE', *, *, #5830, .F. ) ;
#5258 = ORIENTED_EDGE ( 'NONE', *, *, #3629, .F. ) ;
#5259 = PLANE ( 'NONE',  #7612 ) ;
#5260 = CARTESIAN_POINT ( 'NONE',  ( 0.000000000000000000, 2.399999999999999467, 0.000000000000000000 ) ) ;
#5261 = AXIS2_PLACEMENT_3D ( 'NONE', #6932, #3685, #4460 ) ;
#5262 = DIRECTION ( 'NONE',  ( 0.000000000000000000, 0.000000000000000000, -1.000000000000000000 ) ) ;
#5263 = CARTESIAN_POINT ( 'NONE',  ( -25.00000000000000000, 0.000000000000000000, 20.00000000000000000 ) ) ;
#5264 = SHAPE_DEFINITION_REPRESENTATION ( #3790, #6018 ) ;
#5265 = ORIENTED_EDGE ( 'NONE', *, *, #538, .T. ) ;
#5266 = EDGE_LOOP ( 'NONE', ( #4621, #6101, #7741, #1507 ) ) ;
#5267 = FACE_OUTER_BOUND ( 'NONE', #2702, .T. ) ;
#5268 = AXIS2_PLACEMENT_3D ( 'NONE', #1774, #6199, #2035 ) ;
#5269 = ORIENTED_EDGE ( 'NONE', *, *, #2901, .T. ) ;
#5270 = DIRECTION ( 'NONE',  ( 0.000000000000000000, 0.000000000000000000, -1.000000000000000000 ) ) ;
#5271 = CYLINDRICAL_SURFACE ( 'NONE', #7328, 1.649999999999998579 ) ;
#5272 = DIRECTION ( 'NONE',  ( -0.000000000000000000, -1.000000000000000000, -0.000000000000000000 ) ) ;
#5273 = CARTESIAN_POINT ( 'NONE',  ( -16.00000000000000000, 0.000000000000000000, -1.117274028429802674E-13 ) ) ;
#5274 = DIRECTION ( 'NONE',  ( -0.000000000000000000, -1.000000000000000000, -0.000000000000000000 ) ) ;
#5275 = ADVANCED_FACE ( 'NONE', ( #5718 ), #3738, .T. ) ;
#5276 = EDGE_LOOP ( 'NONE', ( #2310, #2926 ) ) ;
#5277 = DIRECTION ( 'NONE',  ( -0.000000000000000000, -1.000000000000000000, -0.000000000000000000 ) ) ;
#5278 = ORIENTED_EDGE ( 'NONE', *, *, #3285, .F. ) ;
#5279 = CYLINDRICAL_SURFACE ( 'NONE', #5295, 44.50000000000000711 ) ;
#5280 = EDGE_CURVE ( 'NONE', #5064, #492, #4395, .T. ) ;
#5281 = CARTESIAN_POINT ( 'NONE',  ( 14.00000000000000000, 2.000000000000002665, 4.571662717217883198 ) ) ;
#5282 = FACE_OUTER_BOUND ( 'NONE', #2762, .T. ) ;
#5283 = EDGE_CURVE ( 'NONE', #1796, #2212, #5395, .T. ) ;
#5284 = EDGE_LOOP ( 'NONE', ( #2112, #8110, #3342, #5380 ) ) ;
#5285 = EDGE_CURVE ( 'NONE', #5080, #390, #4198, .T. ) ;
#5286 = VERTEX_POINT ( 'NONE', #1257 ) ;
#5287 = EDGE_CURVE ( 'NONE', #449, #7731, #3694, .T. ) ;
#5288 = CYLINDRICAL_SURFACE ( 'NONE', #6453, 7.500000000000000888 ) ;
#5289 = ORIENTED_EDGE ( 'NONE', *, *, #5956, .F. ) ;
#5290 = CARTESIAN_POINT ( 'NONE',  ( -2.000000000000000000, -7.228416147400480440, -15.52417469626002777 ) ) ;
#5291 = ADVANCED_FACE ( 'NONE', ( #7562 ), #2571, .T. ) ;
#5292 =( GEOMETRIC_REPRESENTATION_CONTEXT ( 3 ) GLOBAL_UNCERTAINTY_ASSIGNED_CONTEXT ( ( #4627 ) ) GLOBAL_UNIT_ASSIGNED_CONTEXT ( ( #4986, #1998, #1345 ) ) REPRESENTATION_CONTEXT ( 'NONE', 'WORKASPACE' ) );
#5293 = CARTESIAN_POINT ( 'NONE',  ( 49.99999999999999289, -12.50000000000000711, 210.0000000000000284 ) ) ;
#5294 = VECTOR ( 'NONE', #3481, 1000.000000000000000 ) ;
#5295 = AXIS2_PLACEMENT_3D ( 'NONE', #7782, #2752, #5860 ) ;
#5296 = ORIENTED_EDGE ( 'NONE', *, *, #953, .T. ) ;
#5297 = CIRCLE ( 'NONE', #7260, 1.649999999999998579 ) ;
#5298 = ORIENTED_EDGE ( 'NONE', *, *, #1002, .T. ) ;
#5299 = FACE_OUTER_BOUND ( 'NONE', #8119, .T. ) ;
#5300 = DIRECTION ( 'NONE',  ( 0.000000000000000000, 0.000000000000000000, 1.000000000000000000 ) ) ;
#5301 = VECTOR ( 'NONE', #5871, 1000.000000000000000 ) ;
#5302 = VECTOR ( 'NONE', #4806, 1000.000000000000000 ) ;
#5303 = FACE_OUTER_BOUND ( 'NONE', #3899, .T. ) ;
#5304 = FACE_OUTER_BOUND ( 'NONE', #5664, .T. ) ;
#5305 =( REPRESENTATION_RELATIONSHIP ('NONE','NONE', #6018, #5165 ) REPRESENTATION_RELATIONSHIP_WITH_TRANSFORMATION ( #7934 )SHAPE_REPRESENTATION_RELATIONSHIP( ) );
#5306 = AXIS2_PLACEMENT_3D ( 'NONE', #594, #743, #3253 ) ;
#5307 = DIRECTION ( 'NONE',  ( 1.000000000000000000, 0.000000000000000000, 0.000000000000000000 ) ) ;
#5308 = VERTEX_POINT ( 'NONE', #5635 ) ;
#5309 = CIRCLE ( 'NONE', #1481, 4.990000000000001101 ) ;
#5310 = ORIENTED_EDGE ( 'NONE', *, *, #6598, .F. ) ;
#5311 = CARTESIAN_POINT ( 'NONE',  ( 0.000000000000000000, 17.80000000000000426, 0.000000000000000000 ) ) ;
#5312 = CIRCLE ( 'NONE', #4916, 44.50000000000000711 ) ;
#5313 = ORIENTED_EDGE ( 'NONE', *, *, #5608, .T. ) ;
#5314 = DIRECTION ( 'NONE',  ( -0.000000000000000000, 1.000000000000000000, 0.000000000000000000 ) ) ;
#5315 = DIRECTION ( 'NONE',  ( -1.000000000000000000, -0.000000000000000000, -0.000000000000000000 ) ) ;
#5316 = DIRECTION ( 'NONE',  ( 0.000000000000000000, 0.000000000000000000, 1.000000000000000000 ) ) ;
#5317 = AXIS2_PLACEMENT_3D ( 'NONE', #1777, #4299, #6815 ) ;
#5318 = FACE_OUTER_BOUND ( 'NONE', #184, .T. ) ;
#5319 = VECTOR ( 'NONE', #5726, 1000.000000000000000 ) ;
#5320 = ORIENTED_EDGE ( 'NONE', *, *, #2187, .F. ) ;
#5321 = DIRECTION ( 'NONE',  ( 0.000000000000000000, 0.000000000000000000, -1.000000000000000000 ) ) ;
#5322 = CIRCLE ( 'NONE', #6245, 1.649999999999998579 ) ;
#5323 = AXIS2_PLACEMENT_3D ( 'NONE', #4712, #5504, #8001 ) ;
#5324 = ORIENTED_EDGE ( 'NONE', *, *, #1906, .F. ) ;
#5325 = EDGE_CURVE ( 'NONE', #1254, #1117, #4458, .T. ) ;
#5326 = DIRECTION ( 'NONE',  ( 0.000000000000000000, -1.000000000000000000, 0.000000000000000000 ) ) ;
#5327 = CARTESIAN_POINT ( 'NONE',  ( 0.000000000000000000, 29.80000000000000426, 0.000000000000000000 ) ) ;
#5328 = CIRCLE ( 'NONE', #2681, 7.500000000000000888 ) ;
#5329 = CARTESIAN_POINT ( 'NONE',  ( 70.00000000000000000, 0.000000000000000000, 115.0000000000000000 ) ) ;
#5330 = AXIS2_PLACEMENT_3D ( 'NONE', #2906, #1151, #4667 ) ;
#5331 = ORIENTED_EDGE ( 'NONE', *, *, #6500, .F. ) ;
#5332 = DIRECTION ( 'NONE',  ( 0.000000000000000000, 0.000000000000000000, -1.000000000000000000 ) ) ;
#5333 = ORIENTED_EDGE ( 'NONE', *, *, #2353, .T. ) ;
#5334 = DIRECTION ( 'NONE',  ( -0.000000000000000000, -0.000000000000000000, 1.000000000000000000 ) ) ;
#5335 = VERTEX_POINT ( 'NONE', #2814 ) ;
#5336 = LINE ( 'NONE', #3348, #2264 ) ;
#5337 = EDGE_CURVE ( 'NONE', #960, #4127, #926, .T. ) ;
#5338 = ADVANCED_FACE ( 'NONE', ( #4051 ), #802, .F. ) ;
#5339 = DIRECTION ( 'NONE',  ( 0.000000000000000000, 0.000000000000000000, 1.000000000000000000 ) ) ;
#5340 = CARTESIAN_POINT ( 'NONE',  ( 0.000000000000000000, -2.500000000000000000, 0.000000000000000000 ) ) ;
#5341 = ORIENTED_EDGE ( 'NONE', *, *, #7403, .T. ) ;
#5342 = EDGE_CURVE ( 'NONE', #6692, #2670, #2342, .T. ) ;
#5343 = ORIENTED_EDGE ( 'NONE', *, *, #6863, .T. ) ;
#5344 = LINE ( 'NONE', #760, #5256 ) ;
#5345 = CARTESIAN_POINT ( 'NONE',  ( 2.199633243471174140E-13, 22.72893218813453231, -18.50000000000000000 ) ) ;
#5346 = DIRECTION ( 'NONE',  ( 0.000000000000000000, 0.000000000000000000, 1.000000000000000000 ) ) ;
#5347 = CARTESIAN_POINT ( 'NONE',  ( 50.00000000000001421, 93.75000000000009948, 230.0000000000000000 ) ) ;
#5348 = EDGE_CURVE ( 'NONE', #7829, #6030, #7222, .T. ) ;
#5349 = SHAPE_DEFINITION_REPRESENTATION ( #2605, #5070 ) ;
#5350 = ORIENTED_EDGE ( 'NONE', *, *, #7954, .F. ) ;
#5351 = ORIENTED_EDGE ( 'NONE', *, *, #4423, .T. ) ;
#5352 = ORIENTED_EDGE ( 'NONE', *, *, #262, .F. ) ;
#5353 = DIRECTION ( 'NONE',  ( -0.000000000000000000, -1.000000000000000000, -0.000000000000000000 ) ) ;
#5354 = EDGE_CURVE ( 'NONE', #8017, #4050, #3399, .T. ) ;
#5355 = EDGE_LOOP ( 'NONE', ( #6730, #569, #823, #6617 ) ) ;
#5356 = DIRECTION ( 'NONE',  ( -0.000000000000000000, 1.000000000000000000, -0.000000000000000000 ) ) ;
#5357 = DIRECTION ( 'NONE',  ( 0.000000000000000000, 0.000000000000000000, 1.000000000000000000 ) ) ;
#5358 = LINE ( 'NONE', #276, #5564 ) ;
#5359 = CARTESIAN_POINT ( 'NONE',  ( 14.00000000000000000, 0.000000000000000000, 0.000000000000000000 ) ) ;
#5360 = ORIENTED_EDGE ( 'NONE', *, *, #538, .F. ) ;
#5361 = EDGE_CURVE ( 'NONE', #648, #6534, #6698, .T. ) ;
#5362 = FACE_OUTER_BOUND ( 'NONE', #2319, .T. ) ;
#5363 = ORIENTED_EDGE ( 'NONE', *, *, #2511, .T. ) ;
#5364 = CARTESIAN_POINT ( 'NONE',  ( -1.999999999999999556, 4.582575694955840717, 210.0000000000000284 ) ) ;
#5365 = CARTESIAN_POINT ( 'NONE',  ( 18.73499399519520026, 29.80000000000000426, 5.000000000000000000 ) ) ;
#5366 = FACE_BOUND ( 'NONE', #2071, .T. ) ;
#5367 = ORIENTED_EDGE ( 'NONE', *, *, #6649, .T. ) ;
#5368 = AXIS2_PLACEMENT_3D ( 'NONE', #2385, #6812, #109 ) ;
#5369 = DIRECTION ( 'NONE',  ( -0.000000000000000000, 1.000000000000000000, -0.000000000000000000 ) ) ;
#5370 = ORIENTED_EDGE ( 'NONE', *, *, #3705, .F. ) ;
#5371 = VERTEX_POINT ( 'NONE', #2649 ) ;
#5372 = FACE_OUTER_BOUND ( 'NONE', #7581, .T. ) ;
#5373 = DIRECTION ( 'NONE',  ( -1.000000000000000000, 0.000000000000000000, 0.000000000000000000 ) ) ;
#5374 = DIRECTION ( 'NONE',  ( -0.000000000000000000, 1.000000000000000000, -0.000000000000000000 ) ) ;
#5375 = CIRCLE ( 'NONE', #490, 2.499999999999996891 ) ;
#5376 = LINE ( 'NONE', #3595, #5972 ) ;
#5377 = CARTESIAN_POINT ( 'NONE',  ( 30.50000000000000000, 0.000000000000000000, 4.990000000000004654 ) ) ;
#5378 = EDGE_LOOP ( 'NONE', ( #2727, #84, #4167, #4845, #6423, #2268, #6959, #5367, #5762 ) ) ;
#5379 = CIRCLE ( 'NONE', #4846, 1.649999999999998579 ) ;
#5380 = ORIENTED_EDGE ( 'NONE', *, *, #4418, .F. ) ;
#5381 = CARTESIAN_POINT ( 'NONE',  ( 0.000000000000000000, 0.000000000000000000, 4.990000000000001101 ) ) ;
#5382 = FACE_OUTER_BOUND ( 'NONE', #4214, .T. ) ;
#5383 = CARTESIAN_POINT ( 'NONE',  ( 6.299999999999998046, 34.20000000000000284, 16.86149459567567632 ) ) ;
#5384 = EDGE_CURVE ( 'NONE', #4057, #2364, #2024, .T. ) ;
#5385 = DIRECTION ( 'NONE',  ( -0.000000000000000000, -1.000000000000000000, -0.000000000000000000 ) ) ;
#5386 = CIRCLE ( 'NONE', #5908, 18.00000000000000355 ) ;
#5387 = APPLICATION_PROTOCOL_DEFINITION ( 'draft international standard', 'automotive_design', 1998, #3347 ) ;
#5388 = VERTEX_POINT ( 'NONE', #3311 ) ;
#5389 = ADVANCED_FACE ( 'NONE', ( #4716, #2151, #6458 ), #4015, .T. ) ;
#5390 = ORIENTED_EDGE ( 'NONE', *, *, #5202, .T. ) ;
#5391 = ORIENTED_EDGE ( 'NONE', *, *, #3517, .F. ) ;
#5392 = DIRECTION ( 'NONE',  ( 0.000000000000000000, 1.000000000000000000, 0.000000000000000000 ) ) ;
#5393 = ORIENTED_EDGE ( 'NONE', *, *, #1024, .T. ) ;
#5394 = CARTESIAN_POINT ( 'NONE',  ( 0.000000000000000000, 17.80000000000000071, 0.000000000000000000 ) ) ;
#5395 = CIRCLE ( 'NONE', #1291, 44.50000000000000711 ) ;
#5396 = EDGE_CURVE ( 'NONE', #1362, #1516, #5651, .T. ) ;
#5397 = FACE_OUTER_BOUND ( 'NONE', #4188, .T. ) ;
#5398 = AXIS2_PLACEMENT_3D ( 'NONE', #404, #5531, #366 ) ;
#5399 = DIRECTION ( 'NONE',  ( 0.000000000000000000, -1.000000000000000000, 0.000000000000000000 ) ) ;
#5400 = CARTESIAN_POINT ( 'NONE',  ( 11.31370849898474162, 0.000000000000000000, 11.31370849898478248 ) ) ;
#5401 = EDGE_CURVE ( 'NONE', #1298, #2229, #5344, .T. ) ;
#5402 = VECTOR ( 'NONE', #127, 1000.000000000000000 ) ;
#5403 = VERTEX_POINT ( 'NONE', #7687 ) ;
#5404 = ORIENTED_EDGE ( 'NONE', *, *, #2246, .T. ) ;
#5405 = DIRECTION ( 'NONE',  ( 0.000000000000000000, 0.000000000000000000, -1.000000000000000000 ) ) ;
#5406 = ORIENTED_EDGE ( 'NONE', *, *, #2196, .F. ) ;
#5407 = CARTESIAN_POINT ( 'NONE',  ( 90.00000000000000000, 12.49999999999999822, 210.0000000000000284 ) ) ;
#5408 = ADVANCED_FACE ( 'NONE', ( #3971 ), #5259, .F. ) ;
#5409 = PLANE ( 'NONE',  #141 ) ;
#5410 = ORIENTED_EDGE ( 'NONE', *, *, #3618, .T. ) ;
#5411 = DIRECTION ( 'NONE',  ( -0.000000000000000000, -0.000000000000000000, -1.000000000000000000 ) ) ;
#5412 = VERTEX_POINT ( 'NONE', #5874 ) ;
#5413 = CARTESIAN_POINT ( 'NONE',  ( 70.00000000000000000, 0.000000000000000000, 210.0000000000000284 ) ) ;
#5414 = DIRECTION ( 'NONE',  ( 0.000000000000000000, 1.000000000000000000, 0.000000000000000000 ) ) ;
#5415 = FACE_BOUND ( 'NONE', #7771, .T. ) ;
#5416 = LINE ( 'NONE', #6071, #6362 ) ;
#5417 = FACE_OUTER_BOUND ( 'NONE', #7056, .T. ) ;
#5418 = VERTEX_POINT ( 'NONE', #4555 ) ;
#5419 = AXIS2_PLACEMENT_3D ( 'NONE', #6726, #6117, #1727 ) ;
#5420 = ORIENTED_EDGE ( 'NONE', *, *, #5745, .F. ) ;
#5421 = LINE ( 'NONE', #7384, #6186 ) ;
#5422 = CYLINDRICAL_SURFACE ( 'NONE', #840, 1.649999999999998801 ) ;
#5423 = MECHANICAL_DESIGN_GEOMETRIC_PRESENTATION_REPRESENTATION (  '', ( #1718 ), #5292 ) ;
#5424 = FACE_OUTER_BOUND ( 'NONE', #8116, .T. ) ;
#5425 = EDGE_CURVE ( 'NONE', #2670, #6327, #5833, .T. ) ;
#5426 = DIRECTION ( 'NONE',  ( -0.000000000000000000, -0.000000000000000000, 1.000000000000000000 ) ) ;
#5427 = CIRCLE ( 'NONE', #4763, 1.649999999999997025 ) ;
#5428 = DIRECTION ( 'NONE',  ( 0.000000000000000000, 1.000000000000000000, 0.000000000000000000 ) ) ;
#5429 = CIRCLE ( 'NONE', #7392, 6.300000000000000711 ) ;
#5430 = ORIENTED_EDGE ( 'NONE', *, *, #5136, .F. ) ;
#5431 = ORIENTED_EDGE ( 'NONE', *, *, #2573, .T. ) ;
#5432 = AXIS2_PLACEMENT_3D ( 'NONE', #1292, #8105, #4399 ) ;
#5433 = EDGE_LOOP ( 'NONE', ( #1030, #801 ) ) ;
#5434 = DIRECTION ( 'NONE',  ( 0.000000000000000000, 0.000000000000000000, 1.000000000000000000 ) ) ;
#5435 = ORIENTED_EDGE ( 'NONE', *, *, #4560, .F. ) ;
#5436 = DIRECTION ( 'NONE',  ( 0.000000000000000000, 1.000000000000000000, 0.000000000000000000 ) ) ;
#5437 = CIRCLE ( 'NONE', #5445, 25.00000000000000000 ) ;
#5438 = CIRCLE ( 'NONE', #7003, 45.00000000000000711 ) ;
#5439 = DIRECTION ( 'NONE',  ( -0.000000000000000000, -1.000000000000000000, -0.000000000000000000 ) ) ;
#5440 = CARTESIAN_POINT ( 'NONE',  ( 3.000000000000000000, 0.000000000000000000, -4.790000000000000924 ) ) ;
#5441 = AXIS2_PLACEMENT_3D ( 'NONE', #312, #2817, #6622 ) ;
#5442 = ADVANCED_FACE ( 'NONE', ( #265 ), #4637, .F. ) ;
#5443 = DIRECTION ( 'NONE',  ( 0.000000000000000000, 0.000000000000000000, -1.000000000000000000 ) ) ;
#5444 = EDGE_CURVE ( 'NONE', #4849, #327, #309, .T. ) ;
#5445 = AXIS2_PLACEMENT_3D ( 'NONE', #4099, #429, #1098 ) ;
#5446 = DIRECTION ( 'NONE',  ( 0.000000000000000000, 1.000000000000000000, 0.000000000000000000 ) ) ;
#5447 = AXIS2_PLACEMENT_3D ( 'NONE', #4255, #4872, #7258 ) ;
#5448 = VERTEX_POINT ( 'NONE', #3389 ) ;
#5449 = VERTEX_POINT ( 'NONE', #5917 ) ;
#5450 = DIRECTION ( 'NONE',  ( 0.000000000000000000, 0.000000000000000000, 1.000000000000000000 ) ) ;
#5451 = ADVANCED_FACE ( 'NONE', ( #5299 ), #1531, .F. ) ;
#5452 = ORIENTED_EDGE ( 'NONE', *, *, #5789, .T. ) ;
#5453 = AXIS2_PLACEMENT_3D ( 'NONE', #6283, #5697, #4414 ) ;
#5454 = AXIS2_PLACEMENT_3D ( 'NONE', #718, #6973, #4342 ) ;
#5455 = DIRECTION ( 'NONE',  ( -0.000000000000000000, -1.000000000000000000, -0.000000000000000000 ) ) ;
#5456 = DIRECTION ( 'NONE',  ( -0.000000000000000000, 1.000000000000000000, -0.000000000000000000 ) ) ;
#5457 = EDGE_CURVE ( 'NONE', #6799, #7624, #3137, .T. ) ;
#5458 = CIRCLE ( 'NONE', #1489, 2.499999999999998668 ) ;
#5459 = ORIENTED_EDGE ( 'NONE', *, *, #6991, .F. ) ;
#5460 = CARTESIAN_POINT ( 'NONE',  ( 0.000000000000000000, 2.399999999999999467, 41.00000000000000000 ) ) ;
#5461 = ORIENTED_EDGE ( 'NONE', *, *, #2090, .F. ) ;
#5462 = DIRECTION ( 'NONE',  ( -1.000000000000000000, -2.168404344971008868E-16, 0.000000000000000000 ) ) ;
#5463 = CARTESIAN_POINT ( 'NONE',  ( 14.00000000000000000, 0.000000000000000000, 4.990000000000001101 ) ) ;
#5464 = DIRECTION ( 'NONE',  ( -1.000000000000000000, 0.000000000000000000, -0.000000000000000000 ) ) ;
#5465 = CIRCLE ( 'NONE', #2008, 1.999999999999998224 ) ;
#5466 = PRODUCT_DEFINITION_CONTEXT ( 'detailed design', #2451, 'design' ) ;
#5467 = VECTOR ( 'NONE', #4998, 1000.000000000000000 ) ;
#5468 = CYLINDRICAL_SURFACE ( 'NONE', #2667, 4.990000000000001101 ) ;
#5469 = CYLINDRICAL_SURFACE ( 'NONE', #708, 2.499999999999998668 ) ;
#5470 = VERTEX_POINT ( 'NONE', #972 ) ;
#5471 = VERTEX_POINT ( 'NONE', #3551 ) ;
#5472 = DIRECTION ( 'NONE',  ( 0.000000000000000000, 0.000000000000000000, 1.000000000000000000 ) ) ;
#5473 = DIRECTION ( 'NONE',  ( 0.000000000000000000, 0.000000000000000000, -1.000000000000000000 ) ) ;
#5474 = DIRECTION ( 'NONE',  ( -0.000000000000000000, 1.000000000000000000, -0.000000000000000000 ) ) ;
#5475 = CARTESIAN_POINT ( 'NONE',  ( 24.00000000000000000, 0.000000000000000000, 0.000000000000000000 ) ) ;
#5476 = FACE_OUTER_BOUND ( 'NONE', #3262, .T. ) ;
#5477 = ORIENTED_EDGE ( 'NONE', *, *, #4751, .F. ) ;
#5478 = VERTEX_POINT ( 'NONE', #7883 ) ;
#5479 = CARTESIAN_POINT ( 'NONE',  ( 1.675911042644704011E-13, -4.666904755831215112, -15.99999999999999645 ) ) ;
#5480 = VERTEX_POINT ( 'NONE', #3478 ) ;
#5481 = DIRECTION ( 'NONE',  ( -1.734723475976806306E-15, 0.000000000000000000, 1.000000000000000000 ) ) ;
#5482 = DIRECTION ( 'NONE',  ( -0.000000000000000000, 1.000000000000000000, -0.000000000000000000 ) ) ;
#5483 = DIRECTION ( 'NONE',  ( -1.000000000000000000, -0.000000000000000000, -0.000000000000000000 ) ) ;
#5484 = DIRECTION ( 'NONE',  ( 0.000000000000000000, -1.000000000000000000, 0.000000000000000000 ) ) ;
#5485 = LINE ( 'NONE', #4039, #6121 ) ;
#5486 = VERTEX_POINT ( 'NONE', #2978 ) ;
#5487 = EDGE_CURVE ( 'NONE', #7624, #5997, #377, .T. ) ;
#5488 = ORIENTED_EDGE ( 'NONE', *, *, #5457, .T. ) ;
#5489 = CARTESIAN_POINT ( 'NONE',  ( 29.50000000000000000, 0.000000000000000000, 0.000000000000000000 ) ) ;
#5490 = VERTEX_POINT ( 'NONE', #6618 ) ;
#5491 = CARTESIAN_POINT ( 'NONE',  ( 0.000000000000000000, -1.999999999999997335, -7.218039900139097576 ) ) ;
#5492 = DIRECTION ( 'NONE',  ( 0.000000000000000000, 1.000000000000000000, 0.000000000000000000 ) ) ;
#5493 = ADVANCED_FACE ( 'NONE', ( #347 ), #1572, .F. ) ;
#5494 = ORIENTED_EDGE ( 'NONE', *, *, #2090, .T. ) ;
#5495 = DIRECTION ( 'NONE',  ( 0.000000000000000000, 0.000000000000000000, 1.000000000000000000 ) ) ;
#5496 = EDGE_LOOP ( 'NONE', ( #5914, #5856 ) ) ;
#5497 = DIRECTION ( 'NONE',  ( -0.000000000000000000, -0.000000000000000000, -1.000000000000000000 ) ) ;
#5498 = CARTESIAN_POINT ( 'NONE',  ( -7.000000000000001776, 34.20000000000000284, 18.73499399519520026 ) ) ;
#5499 = DIRECTION ( 'NONE',  ( 0.000000000000000000, 0.000000000000000000, -1.000000000000000000 ) ) ;
#5500 = EDGE_CURVE ( 'NONE', #76, #6788, #6041, .T. ) ;
#5501 = EDGE_CURVE ( 'NONE', #7539, #5490, #1011, .T. ) ;
#5502 = CARTESIAN_POINT ( 'NONE',  ( -25.00000000000000000, 29.80000000000000426, -3.000000000000000000 ) ) ;
#5503 = AXIS2_PLACEMENT_3D ( 'NONE', #5520, #6792, #1666 ) ;
#5504 = DIRECTION ( 'NONE',  ( 0.000000000000000000, -1.000000000000000000, 0.000000000000000000 ) ) ;
#5505 = EDGE_CURVE ( 'NONE', #5819, #1706, #5421, .T. ) ;
#5506 = EDGE_LOOP ( 'NONE', ( #4756, #1986, #3188, #3794 ) ) ;
#5507 = EDGE_LOOP ( 'NONE', ( #316, #6432 ) ) ;
#5508 = CARTESIAN_POINT ( 'NONE',  ( 14.00000000000000000, 0.000000000000000000, -7.490000000000001990 ) ) ;
#5509 = CARTESIAN_POINT ( 'NONE',  ( 14.00000000000000000, 0.000000000000000000, -7.490000000000001990 ) ) ;
#5510 = LINE ( 'NONE', #4183, #3846 ) ;
#5511 = DIRECTION ( 'NONE',  ( -0.000000000000000000, -1.000000000000000000, -0.000000000000000000 ) ) ;
#5512 = EDGE_CURVE ( 'NONE', #2599, #5286, #2849, .T. ) ;
#5513 = DIRECTION ( 'NONE',  ( -1.000000000000000000, -0.000000000000000000, -0.000000000000000000 ) ) ;
#5514 = ORIENTED_EDGE ( 'NONE', *, *, #6644, .T. ) ;
#5515 = CIRCLE ( 'NONE', #2063, 45.00000000000000711 ) ;
#5516 = ORIENTED_EDGE ( 'NONE', *, *, #4285, .T. ) ;
#5517 = DIRECTION ( 'NONE',  ( 0.000000000000000000, 0.000000000000000000, -1.000000000000000000 ) ) ;
#5518 = ORIENTED_EDGE ( 'NONE', *, *, #5545, .T. ) ;
#5519 = CARTESIAN_POINT ( 'NONE',  ( 0.000000000000000000, 11.19999999999999751, -45.00000000000000711 ) ) ;
#5520 = CARTESIAN_POINT ( 'NONE',  ( 0.000000000000000000, 0.000000000000000000, 0.000000000000000000 ) ) ;
#5521 = AXIS2_PLACEMENT_3D ( 'NONE', #5977, #3363, #4563 ) ;
#5522 = DIRECTION ( 'NONE',  ( 0.000000000000000000, -1.000000000000000000, -0.000000000000000000 ) ) ;
#5523 = CARTESIAN_POINT ( 'NONE',  ( 4.000000000000000000, 0.000000000000000000, -4.990000000000001101 ) ) ;
#5524 = DIRECTION ( 'NONE',  ( -1.000000000000000000, 0.000000000000000000, -0.000000000000000000 ) ) ;
#5525 = DIRECTION ( 'NONE',  ( 0.000000000000000000, 0.000000000000000000, -1.000000000000000000 ) ) ;
#5526 = ORIENTED_EDGE ( 'NONE', *, *, #5940, .T. ) ;
#5527 = VECTOR ( 'NONE', #5793, 1000.000000000000000 ) ;
#5528 = VERTEX_POINT ( 'NONE', #2224 ) ;
#5529 = DIRECTION ( 'NONE',  ( 0.000000000000000000, 0.000000000000000000, 1.000000000000000000 ) ) ;
#5530 = ORIENTED_EDGE ( 'NONE', *, *, #6896, .T. ) ;
#5531 = DIRECTION ( 'NONE',  ( 0.000000000000000000, 0.000000000000000000, 1.000000000000000000 ) ) ;
#5532 = SURFACE_STYLE_FILL_AREA ( #577 ) ;
#5533 = AXIS2_PLACEMENT_3D ( 'NONE', #5083, #1821, #3225 ) ;
#5534 = VERTEX_POINT ( 'NONE', #2354 ) ;
#5535 = CARTESIAN_POINT ( 'NONE',  ( 4.999999999999998224, 34.20000000000000284, -23.00000000000000000 ) ) ;
#5536 = AXIS2_PLACEMENT_3D ( 'NONE', #4869, #1078, #6115 ) ;
#5537 = ORIENTED_EDGE ( 'NONE', *, *, #2929, .F. ) ;
#5538 = CARTESIAN_POINT ( 'NONE',  ( 25.00000000000000000, 29.80000000000000426, -2.999999999999996003 ) ) ;
#5539 = DIRECTION ( 'NONE',  ( -0.000000000000000000, 1.000000000000000000, -0.000000000000000000 ) ) ;
#5540 = DIRECTION ( 'NONE',  ( -1.000000000000000000, -0.000000000000000000, -0.000000000000000000 ) ) ;
#5541 = EDGE_CURVE ( 'NONE', #4057, #925, #512, .T. ) ;
#5542 = CARTESIAN_POINT ( 'NONE',  ( -5.000000000000001776, 29.80000000000000426, 25.00000000000000000 ) ) ;
#5543 = CARTESIAN_POINT ( 'NONE',  ( 16.00000000000000000, 10.00000000000000000, 1.649999999999998579 ) ) ;
#5544 = EDGE_CURVE ( 'NONE', #3126, #5957, #4804, .T. ) ;
#5545 = EDGE_CURVE ( 'NONE', #4139, #3649, #112, .T. ) ;
#5546 = ORIENTED_EDGE ( 'NONE', *, *, #2554, .T. ) ;
#5547 = ORIENTED_EDGE ( 'NONE', *, *, #5797, .T. ) ;
#5548 = EDGE_CURVE ( 'NONE', #1117, #6063, #1693, .T. ) ;
#5549 = DIRECTION ( 'NONE',  ( 1.000000000000000000, -0.000000000000000000, -0.000000000000000000 ) ) ;
#5550 = DIRECTION ( 'NONE',  ( 1.000000000000000000, 0.000000000000000000, 0.000000000000000000 ) ) ;
#5551 = DIRECTION ( 'NONE',  ( 0.000000000000000000, 1.000000000000000000, 0.000000000000000000 ) ) ;
#5552 = DIRECTION ( 'NONE',  ( -0.000000000000000000, -1.000000000000000000, -0.000000000000000000 ) ) ;
#5553 = CARTESIAN_POINT ( 'NONE',  ( 0.000000000000000000, 35.39999999999999858, 0.000000000000000000 ) ) ;
#5554 = PRODUCT_CONTEXT ( 'NONE', #3347, 'mechanical' ) ;
#5555 = EDGE_CURVE ( 'NONE', #5700, #5471, #6446, .T. ) ;
#5556 = ORIENTED_EDGE ( 'NONE', *, *, #6108, .T. ) ;
#5557 = CARTESIAN_POINT ( 'NONE',  ( 26.00000000000000355, 0.000000000000000000, 7.490000000000002878 ) ) ;
#5558 = AXIS2_PLACEMENT_3D ( 'NONE', #3092, #3666, #4787 ) ;
#5559 = EDGE_LOOP ( 'NONE', ( #597, #5603, #5269, #2659 ) ) ;
#5560 = CARTESIAN_POINT ( 'NONE',  ( 29.50000000000000000, 6.110987527745296475E-16, -4.990000000000002878 ) ) ;
#5561 = DIRECTION ( 'NONE',  ( 0.000000000000000000, -1.000000000000000000, -0.000000000000000000 ) ) ;
#5562 = DIRECTION ( 'NONE',  ( -0.000000000000000000, -0.000000000000000000, 1.000000000000000000 ) ) ;
#5563 = DIRECTION ( 'NONE',  ( -0.000000000000000000, -1.000000000000000000, -0.000000000000000000 ) ) ;
#5564 = VECTOR ( 'NONE', #2037, 1000.000000000000000 ) ;
#5565 = DIRECTION ( 'NONE',  ( 1.000000000000000000, 2.168404344971008868E-16, 0.000000000000000000 ) ) ;
#5566 = ADVANCED_FACE ( 'NONE', ( #1653 ), #1050, .F. ) ;
#5567 = DIRECTION ( 'NONE',  ( 0.000000000000000000, 0.000000000000000000, -1.000000000000000000 ) ) ;
#5568 = ORIENTED_EDGE ( 'NONE', *, *, #1197, .T. ) ;
#5569 = CIRCLE ( 'NONE', #3973, 2.499999999999998668 ) ;
#5570 = AXIS2_PLACEMENT_3D ( 'NONE', #207, #870, #2715 ) ;
#5571 = ORIENTED_EDGE ( 'NONE', *, *, #5000, .F. ) ;
#5572 = DIRECTION ( 'NONE',  ( 0.000000000000000000, 0.000000000000000000, 1.000000000000000000 ) ) ;
#5573 = ORIENTED_EDGE ( 'NONE', *, *, #4476, .T. ) ;
#5574 = DIRECTION ( 'NONE',  ( -0.000000000000000000, -1.000000000000000000, -0.000000000000000000 ) ) ;
#5575 = VECTOR ( 'NONE', #5952, 1000.000000000000000 ) ;
#5576 = CIRCLE ( 'NONE', #5829, 45.00000000000000711 ) ;
#5577 = VECTOR ( 'NONE', #7711, 1000.000000000000000 ) ;
#5578 = ORIENTED_EDGE ( 'NONE', *, *, #6901, .F. ) ;
#5579 = DIRECTION ( 'NONE',  ( -0.000000000000000000, -1.000000000000000000, -0.000000000000000000 ) ) ;
#5580 = CIRCLE ( 'NONE', #7408, 2.000000000000000000 ) ;
#5581 = CIRCLE ( 'NONE', #32, 1.649999999999998579 ) ;
#5582 = ORIENTED_EDGE ( 'NONE', *, *, #3625, .T. ) ;
#5583 = CARTESIAN_POINT ( 'NONE',  ( 0.000000000000000000, -2.000000000000000000, 4.571662717217892968 ) ) ;
#5584 = FACE_OUTER_BOUND ( 'NONE', #67, .T. ) ;
#5585 = AXIS2_PLACEMENT_3D ( 'NONE', #2755, #7052, #167 ) ;
#5586 = DIRECTION ( 'NONE',  ( 0.000000000000000000, 0.000000000000000000, 1.000000000000000000 ) ) ;
#5587 = DIRECTION ( 'NONE',  ( 0.000000000000000000, 0.000000000000000000, 1.000000000000000000 ) ) ;
#5588 = ORIENTED_EDGE ( 'NONE', *, *, #83, .T. ) ;
#5589 = ORIENTED_EDGE ( 'NONE', *, *, #3882, .F. ) ;
#5590 = EDGE_CURVE ( 'NONE', #7459, #2685, #8046, .T. ) ;
#5591 = DIRECTION ( 'NONE',  ( 0.000000000000000000, 0.000000000000000000, -1.000000000000000000 ) ) ;
#5592 = AXIS2_PLACEMENT_3D ( 'NONE', #5311, #145, #6465 ) ;
#5593 = CARTESIAN_POINT ( 'NONE',  ( 90.00000000000000000, -12.49999999999999822, 20.00000000000000000 ) ) ;
#5594 = CARTESIAN_POINT ( 'NONE',  ( -5.566163469963082448E-14, 0.000000000000000000, 14.35000000000000320 ) ) ;
#5595 = ADVANCED_FACE ( 'NONE', ( #4759 ), #6165, .F. ) ;
#5596 = LINE ( 'NONE', #1824, #5968 ) ;
#5597 = CARTESIAN_POINT ( 'NONE',  ( 113.3000000000000114, 0.000000000000000000, 0.000000000000000000 ) ) ;
#5598 = CIRCLE ( 'NONE', #1367, 44.50000000000000711 ) ;
#5599 = EDGE_CURVE ( 'NONE', #6173, #406, #7265, .T. ) ;
#5600 =( GEOMETRIC_REPRESENTATION_CONTEXT ( 3 ) GLOBAL_UNCERTAINTY_ASSIGNED_CONTEXT ( ( #7509 ) ) GLOBAL_UNIT_ASSIGNED_CONTEXT ( ( #3698, #2756, #2955 ) ) REPRESENTATION_CONTEXT ( 'NONE', 'WORKASPACE' ) );
#5601 = VERTEX_POINT ( 'NONE', #714 ) ;
#5602 = LINE ( 'NONE', #2409, #1494 ) ;
#5603 = ORIENTED_EDGE ( 'NONE', *, *, #1589, .T. ) ;
#5604 = DIRECTION ( 'NONE',  ( -0.000000000000000000, -0.000000000000000000, -1.000000000000000000 ) ) ;
#5605 = CARTESIAN_POINT ( 'NONE',  ( 0.000000000000000000, 35.39999999999999858, 0.000000000000000000 ) ) ;
#5606 = LINE ( 'NONE', #4975, #946 ) ;
#5607 = DIRECTION ( 'NONE',  ( 0.000000000000000000, 0.000000000000000000, -1.000000000000000000 ) ) ;
#5608 = EDGE_CURVE ( 'NONE', #6790, #7296, #3796, .T. ) ;
#5609 = EDGE_LOOP ( 'NONE', ( #4622, #1716, #5571, #4411 ) ) ;
#5610 = DIRECTION ( 'NONE',  ( -1.000000000000000000, -0.000000000000000000, -0.000000000000000000 ) ) ;
#5611 = ORIENTED_EDGE ( 'NONE', *, *, #4587, .T. ) ;
#5612 = CARTESIAN_POINT ( 'NONE',  ( 103.3000000000000114, -2.000000000000000000, 4.582575694955839829 ) ) ;
#5613 = VERTEX_POINT ( 'NONE', #5626 ) ;
#5614 = CARTESIAN_POINT ( 'NONE',  ( 39.50000000000000000, 5.866058167915828348E-16, -4.790000000000005365 ) ) ;
#5615 = LINE ( 'NONE', #6843, #15 ) ;
#5616 = EDGE_CURVE ( 'NONE', #7367, #4645, #1046, .T. ) ;
#5617 = ORIENTED_EDGE ( 'NONE', *, *, #3596, .F. ) ;
#5618 = FACE_OUTER_BOUND ( 'NONE', #1900, .T. ) ;
#5619 = ORIENTED_EDGE ( 'NONE', *, *, #2368, .F. ) ;
#5620 = LINE ( 'NONE', #1, #3840 ) ;
#5621 = CARTESIAN_POINT ( 'NONE',  ( 6.299999999999998046, 29.80000000000000426, -16.86149459567567632 ) ) ;
#5622 = LINE ( 'NONE', #4997, #1877 ) ;
#5623 = CARTESIAN_POINT ( 'NONE',  ( 24.00000000000000000, -1.999999999999997335, -7.218039900139097576 ) ) ;
#5624 = ORIENTED_EDGE ( 'NONE', *, *, #6768, .T. ) ;
#5625 = ORIENTED_EDGE ( 'NONE', *, *, #2994, .F. ) ;
#5626 = CARTESIAN_POINT ( 'NONE',  ( -2.000000000000000000, -7.228416147400480440, 20.00000000000000000 ) ) ;
#5627 = DIRECTION ( 'NONE',  ( 0.000000000000000000, 0.000000000000000000, -1.000000000000000000 ) ) ;
#5628 = DIRECTION ( 'NONE',  ( 0.000000000000000000, 1.000000000000000000, 0.000000000000000000 ) ) ;
#5629 = DIRECTION ( 'NONE',  ( -0.000000000000000000, -0.000000000000000000, 1.000000000000000000 ) ) ;
#5630 = DIRECTION ( 'NONE',  ( 0.000000000000000000, 0.000000000000000000, 1.000000000000000000 ) ) ;
#5631 = EDGE_LOOP ( 'NONE', ( #2215, #844, #6393, #2857 ) ) ;
#5632 = DIRECTION ( 'NONE',  ( -1.000000000000000000, -0.000000000000000000, -0.000000000000000000 ) ) ;
#5633 = AXIS2_PLACEMENT_3D ( 'NONE', #1961, #4571, #1890 ) ;
#5634 = VERTEX_POINT ( 'NONE', #5665 ) ;
#5635 = CARTESIAN_POINT ( 'NONE',  ( 2.000000000000000000, -4.582575694955840717, 230.0000000000000000 ) ) ;
#5636 = CARTESIAN_POINT ( 'NONE',  ( 7.715274834628326364E-16, 20.21909088590100367, 6.300000000000000711 ) ) ;
#5637 = EDGE_CURVE ( 'NONE', #7924, #1031, #6059, .T. ) ;
#5638 = LINE ( 'NONE', #566, #4496 ) ;
#5639 = CARTESIAN_POINT ( 'NONE',  ( 4.000000000000000000, 0.000000000000000000, 0.000000000000000000 ) ) ;
#5640 = AXIS2_PLACEMENT_3D ( 'NONE', #483, #8147, #4355 ) ;
#5641 = ADVANCED_FACE ( 'NONE', ( #1176 ), #1209, .F. ) ;
#5642 = VERTEX_POINT ( 'NONE', #4382 ) ;
#5643 = CARTESIAN_POINT ( 'NONE',  ( 29.50000000000000000, 0.000000000000000000, -4.790000000000005365 ) ) ;
#5644 = EDGE_CURVE ( 'NONE', #3009, #618, #2563, .T. ) ;
#5645 = ORIENTED_EDGE ( 'NONE', *, *, #1024, .F. ) ;
#5646 = LINE ( 'NONE', #5019, #3000 ) ;
#5647 = AXIS2_PLACEMENT_3D ( 'NONE', #7819, #1543, #2663 ) ;
#5648 = ADVANCED_FACE ( 'NONE', ( #4340 ), #7506, .F. ) ;
#5649 = CARTESIAN_POINT ( 'NONE',  ( -5.000000000000001776, 34.20000000000000284, -25.00000000000000000 ) ) ;
#5650 = FILL_AREA_STYLE ('',( #6883 ) ) ;
#5651 = CIRCLE ( 'NONE', #639, 5.000000000000000000 ) ;
#5652 = VERTEX_POINT ( 'NONE', #591 ) ;
#5653 = DIRECTION ( 'NONE',  ( 0.000000000000000000, 0.000000000000000000, -1.000000000000000000 ) ) ;
#5654 = ORIENTED_EDGE ( 'NONE', *, *, #7037, .F. ) ;
#5655 = CIRCLE ( 'NONE', #646, 9.999999999999994671 ) ;
#5656 = CARTESIAN_POINT ( 'NONE',  ( 0.000000000000000000, 31.00000000000000355, 44.50000000000000711 ) ) ;
#5657 = CARTESIAN_POINT ( 'NONE',  ( 0.000000000000000000, 6.800000000000000711, 0.000000000000000000 ) ) ;
#5658 = AXIS2_PLACEMENT_3D ( 'NONE', #7573, #3824, #8149 ) ;
#5659 = LINE ( 'NONE', #2, #6887 ) ;
#5660 = DIRECTION ( 'NONE',  ( 0.000000000000000000, 0.000000000000000000, 1.000000000000000000 ) ) ;
#5661 = ORIENTED_EDGE ( 'NONE', *, *, #1950, .F. ) ;
#5662 = ORIENTED_EDGE ( 'NONE', *, *, #6956, .T. ) ;
#5663 = VECTOR ( 'NONE', #3989, 1000.000000000000000 ) ;
#5664 = EDGE_LOOP ( 'NONE', ( #4828, #7286, #2757, #3843 ) ) ;
#5665 = CARTESIAN_POINT ( 'NONE',  ( 80.00000000000000000, 1.224646799147352665E-15, 20.00000000000000000 ) ) ;
#5666 = ORIENTED_EDGE ( 'NONE', *, *, #2060, .T. ) ;
#5667 = CARTESIAN_POINT ( 'NONE',  ( 16.00000000000000000, 0.000000000000000000, 0.000000000000000000 ) ) ;
#5668 = CARTESIAN_POINT ( 'NONE',  ( 38.50000000000000000, 0.000000000000000000, 0.000000000000000000 ) ) ;
#5669 = ORIENTED_EDGE ( 'NONE', *, *, #4380, .T. ) ;
#5670 = CYLINDRICAL_SURFACE ( 'NONE', #989, 4.990000000000001101 ) ;
#5671 = VERTEX_POINT ( 'NONE', #8126 ) ;
#5672 = CARTESIAN_POINT ( 'NONE',  ( 5.606576814334944920E-14, 2.399999999999999467, 17.64999999999999858 ) ) ;
#5673 = DIRECTION ( 'NONE',  ( 0.000000000000000000, 0.000000000000000000, 1.000000000000000000 ) ) ;
#5674 = CYLINDRICAL_SURFACE ( 'NONE', #1862, 5.000000000000000000 ) ;
#5675 = CYLINDRICAL_SURFACE ( 'NONE', #7783, 41.00000000000000000 ) ;
#5676 =( NAMED_UNIT ( * ) PLANE_ANGLE_UNIT ( ) SI_UNIT ( $, .RADIAN. ) );
#5677 = VERTEX_POINT ( 'NONE', #1277 ) ;
#5678 = LINE ( 'NONE', #25, #6634 ) ;
#5679 = ORIENTED_EDGE ( 'NONE', *, *, #1197, .F. ) ;
#5680 = CARTESIAN_POINT ( 'NONE',  ( -25.00000000000000000, 29.80000000000000426, 3.000000000000000000 ) ) ;
#5681 = CIRCLE ( 'NONE', #5813, 2.499999999999998668 ) ;
#5682 = DIRECTION ( 'NONE',  ( 0.000000000000000000, 0.000000000000000000, 1.000000000000000000 ) ) ;
#5683 = EDGE_CURVE ( 'NONE', #1173, #7324, #3542, .T. ) ;
#5684 = CARTESIAN_POINT ( 'NONE',  ( 24.00000000000000000, 0.000000000000000000, 0.000000000000000000 ) ) ;
#5685 = EDGE_CURVE ( 'NONE', #1967, #3126, #9, .T. ) ;
#5686 = AXIS2_PLACEMENT_3D ( 'NONE', #4854, #7944, #4896 ) ;
#5687 = AXIS2_PLACEMENT_3D ( 'NONE', #7540, #3215, #5736 ) ;
#5688 = VERTEX_POINT ( 'NONE', #4926 ) ;
#5689 = EDGE_CURVE ( 'NONE', #5957, #2823, #7585, .T. ) ;
#5690 = CARTESIAN_POINT ( 'NONE',  ( 0.000000000000000000, 10.00000000000000000, 0.000000000000000000 ) ) ;
#5691 = EDGE_LOOP ( 'NONE', ( #3691, #7424, #1734, #6846 ) ) ;
#5692 = VECTOR ( 'NONE', #7849, 1000.000000000000000 ) ;
#5693 = AXIS2_PLACEMENT_3D ( 'NONE', #7726, #3390, #1499 ) ;
#5694 = CARTESIAN_POINT ( 'NONE',  ( 38.50000000000000000, 0.000000000000000000, 0.000000000000000000 ) ) ;
#5695 = EDGE_CURVE ( 'NONE', #3145, #7459, #7885, .T. ) ;
#5696 = CIRCLE ( 'NONE', #2253, 81.25000000000008527 ) ;
#5697 = DIRECTION ( 'NONE',  ( -1.000000000000000000, -0.000000000000000000, -0.000000000000000000 ) ) ;
#5698 = CARTESIAN_POINT ( 'NONE',  ( 30.50000000000000000, 0.000000000000000000, 0.000000000000000000 ) ) ;
#5699 = CIRCLE ( 'NONE', #2130, 45.00000000000000711 ) ;
#5700 = VERTEX_POINT ( 'NONE', #2439 ) ;
#5701 = CIRCLE ( 'NONE', #4121, 45.00000000000000711 ) ;
#5702 = ADVANCED_FACE ( 'NONE', ( #5004 ), #4303, .T. ) ;
#5703 = VERTEX_POINT ( 'NONE', #5045 ) ;
#5704 = ORIENTED_EDGE ( 'NONE', *, *, #7336, .T. ) ;
#5705 = DIRECTION ( 'NONE',  ( 0.000000000000000000, 0.000000000000000000, 1.000000000000000000 ) ) ;
#5706 = ORIENTED_EDGE ( 'NONE', *, *, #4324, .F. ) ;
#5707 = FACE_BOUND ( 'NONE', #2266, .T. ) ;
#5708 = AXIS2_PLACEMENT_3D ( 'NONE', #5157, #2009, #4542 ) ;
#5709 = CIRCLE ( 'NONE', #4393, 6.300000000000000711 ) ;
#5710 = CARTESIAN_POINT ( 'NONE',  ( 5.449678256205721981E-15, 31.00000000000000000, -44.50000000000000711 ) ) ;
#5711 = PRODUCT_DEFINITION_SHAPE ( 'NONE', 'NONE',  #762 ) ;
#5712 = EDGE_CURVE ( 'NONE', #4014, #1786, #4337, .T. ) ;
#5713 = ORIENTED_EDGE ( 'NONE', *, *, #4426, .T. ) ;
#5714 = CIRCLE ( 'NONE', #3204, 7.500000000000000888 ) ;
#5715 = CARTESIAN_POINT ( 'NONE',  ( -7.000000000000001776, 34.20000000000000284, -18.73499399519520026 ) ) ;
#5716 = VECTOR ( 'NONE', #6688, 1000.000000000000000 ) ;
#5717 = EDGE_LOOP ( 'NONE', ( #5706, #1509, #6970, #5993 ) ) ;
#5718 = FACE_OUTER_BOUND ( 'NONE', #4318, .T. ) ;
#5719 = FACE_OUTER_BOUND ( 'NONE', #1960, .T. ) ;
#5720 = CARTESIAN_POINT ( 'NONE',  ( 24.00000000000000000, 2.000000000000002665, 7.228416147400479552 ) ) ;
#5721 = AXIS2_PLACEMENT_3D ( 'NONE', #3612, #1626, #6627 ) ;
#5722 = DIRECTION ( 'NONE',  ( -0.000000000000000000, -1.000000000000000000, -0.000000000000000000 ) ) ;
#5723 = VECTOR ( 'NONE', #5159, 1000.000000000000000 ) ;
#5724 =( NAMED_UNIT ( * ) PLANE_ANGLE_UNIT ( ) SI_UNIT ( $, .RADIAN. ) );
#5725 = ORIENTED_EDGE ( 'NONE', *, *, #5337, .T. ) ;
#5726 = DIRECTION ( 'NONE',  ( -1.000000000000000000, -0.000000000000000000, -0.000000000000000000 ) ) ;
#5727 = EDGE_LOOP ( 'NONE', ( #6145, #1365, #5645, #703 ) ) ;
#5728 = CARTESIAN_POINT ( 'NONE',  ( 0.000000000000000000, 22.20000000000000284, 0.000000000000000000 ) ) ;
#5729 = PRODUCT_DEFINITION_FORMATION_WITH_SPECIFIED_SOURCE ( 'ANY', '', #6438, .NOT_KNOWN. ) ;
#5730 = APPLICATION_CONTEXT ( 'automotive_design' ) ;
#5731 = FACE_OUTER_BOUND ( 'NONE', #7512, .T. ) ;
#5732 = DIRECTION ( 'NONE',  ( -0.000000000000000000, 1.000000000000000000, -0.000000000000000000 ) ) ;
#5733 = VERTEX_POINT ( 'NONE', #2520 ) ;
#5734 = PLANE ( 'NONE',  #5105 ) ;
#5735 = VERTEX_POINT ( 'NONE', #3180 ) ;
#5736 = DIRECTION ( 'NONE',  ( 0.000000000000000000, 0.000000000000000000, 1.000000000000000000 ) ) ;
#5737 = CARTESIAN_POINT ( 'NONE',  ( 0.000000000000000000, 0.000000000000000000, 0.000000000000000000 ) ) ;
#5738 = EDGE_CURVE ( 'NONE', #5534, #7372, #6316, .T. ) ;
#5739 = PLANE ( 'NONE',  #3995 ) ;
#5740 = CARTESIAN_POINT ( 'NONE',  ( 1.999999999999999112, -7.228416147400482217, 230.0000000000000000 ) ) ;
#5741 = ORIENTED_EDGE ( 'NONE', *, *, #7383, .T. ) ;
#5742 = ORIENTED_EDGE ( 'NONE', *, *, #5745, .T. ) ;
#5743 = ORIENTED_EDGE ( 'NONE', *, *, #2566, .F. ) ;
#5744 = EDGE_CURVE ( 'NONE', #5733, #1217, #254, .T. ) ;
#5745 = EDGE_CURVE ( 'NONE', #3126, #55, #1561, .T. ) ;
#5746 = DIRECTION ( 'NONE',  ( 0.000000000000000000, 0.000000000000000000, 1.000000000000000000 ) ) ;
#5747 = EDGE_LOOP ( 'NONE', ( #6305, #7671, #3224, #105 ) ) ;
#5748 = CARTESIAN_POINT ( 'NONE',  ( 4.999999999999998224, 29.80000000000000426, -18.73499399519520026 ) ) ;
#5749 = EDGE_CURVE ( 'NONE', #371, #7466, #2490, .T. ) ;
#5750 = CARTESIAN_POINT ( 'NONE',  ( -25.00000000000000000, 34.20000000000000284, 3.000000000000000000 ) ) ;
#5751 = ORIENTED_EDGE ( 'NONE', *, *, #5425, .F. ) ;
#5752 = LINE ( 'NONE', #5992, #5200 ) ;
#5753 = EDGE_LOOP ( 'NONE', ( #2985, #96, #1185, #7252, #5333, #7043 ) ) ;
#5754 = LINE ( 'NONE', #5012, #3526 ) ;
#5755 = CARTESIAN_POINT ( 'NONE',  ( 0.000000000000000000, 35.39999999999999858, -45.00000000000000711 ) ) ;
#5756 = EDGE_CURVE ( 'NONE', #4050, #6576, #3301, .T. ) ;
#5757 = EDGE_CURVE ( 'NONE', #492, #6770, #2745, .T. ) ;
#5758 = CARTESIAN_POINT ( 'NONE',  ( 2.000000000000000000, -7.228416147400480440, -15.52417469626002777 ) ) ;
#5759 = CARTESIAN_POINT ( 'NONE',  ( 0.000000000000000000, 35.39999999999999858, 0.000000000000000000 ) ) ;
#5760 = ORIENTED_EDGE ( 'NONE', *, *, #2252, .F. ) ;
#5761 = CARTESIAN_POINT ( 'NONE',  ( 0.000000000000000000, 29.80000000000000426, 0.000000000000000000 ) ) ;
#5762 = ORIENTED_EDGE ( 'NONE', *, *, #8141, .T. ) ;
#5763 = DIRECTION ( 'NONE',  ( -0.000000000000000000, 0.000000000000000000, -1.000000000000000000 ) ) ;
#5764 = CYLINDRICAL_SURFACE ( 'NONE', #5268, 81.25000000000007105 ) ;
#5765 = LINE ( 'NONE', #7737, #3071 ) ;
#5766 = CIRCLE ( 'NONE', #7865, 4.790000000000006253 ) ;
#5767 = DIRECTION ( 'NONE',  ( -0.000000000000000000, -1.000000000000000000, -0.000000000000000000 ) ) ;
#5768 = EDGE_LOOP ( 'NONE', ( #2055, #1703 ) ) ;
#5769 = CIRCLE ( 'NONE', #3127, 2.000000000000000000 ) ;
#5770 = DIRECTION ( 'NONE',  ( 0.000000000000000000, 0.000000000000000000, 1.000000000000000000 ) ) ;
#5771 = EDGE_LOOP ( 'NONE', ( #2427, #5611, #6787, #7682 ) ) ;
#5772 = CARTESIAN_POINT ( 'NONE',  ( 90.00000000000000000, 12.49999999999999822, 210.0000000000000284 ) ) ;
#5773 = DIRECTION ( 'NONE',  ( -0.000000000000000000, -1.000000000000000000, -0.000000000000000000 ) ) ;
#5774 = CARTESIAN_POINT ( 'NONE',  ( -1.675911042644704011E-13, 7.066904755831209251, -15.99999999999999645 ) ) ;
#5775 = AXIS2_PLACEMENT_3D ( 'NONE', #231, #1581, #3986 ) ;
#5776 = DIRECTION ( 'NONE',  ( -0.000000000000000000, -1.000000000000000000, -0.000000000000000000 ) ) ;
#5777 = PLANE ( 'NONE',  #6643 ) ;
#5778 = ORIENTED_EDGE ( 'NONE', *, *, #1160, .F. ) ;
#5779 = ORIENTED_EDGE ( 'NONE', *, *, #1851, .F. ) ;
#5780 = ORIENTED_EDGE ( 'NONE', *, *, #7411, .T. ) ;
#5781 = PLANE ( 'NONE',  #2084 ) ;
#5782 = ORIENTED_EDGE ( 'NONE', *, *, #596, .F. ) ;
#5783 = DIRECTION ( 'NONE',  ( 0.000000000000000000, -0.000000000000000000, 1.000000000000000000 ) ) ;
#5784 = EDGE_CURVE ( 'NONE', #330, #1458, #1366, .T. ) ;
#5785 = AXIS2_PLACEMENT_3D ( 'NONE', #3674, #5539, #495 ) ;
#5786 = EDGE_CURVE ( 'NONE', #6897, #7856, #1405, .T. ) ;
#5787 = DIRECTION ( 'NONE',  ( 0.000000000000000000, 1.000000000000000000, 0.000000000000000000 ) ) ;
#5788 = AXIS2_PLACEMENT_3D ( 'NONE', #7626, #6568, #7136 ) ;
#5789 = EDGE_CURVE ( 'NONE', #1627, #5470, #3940, .T. ) ;
#5790 = VERTEX_POINT ( 'NONE', #6408 ) ;
#5791 = LINE ( 'NONE', #4703, #7993 ) ;
#5792 = ORIENTED_EDGE ( 'NONE', *, *, #340, .F. ) ;
#5793 = DIRECTION ( 'NONE',  ( -0.000000000000000000, 1.000000000000000000, -0.000000000000000000 ) ) ;
#5794 = CARTESIAN_POINT ( 'NONE',  ( 24.00000000000000000, -1.999999999999997335, 7.228416147400479552 ) ) ;
#5795 = FACE_OUTER_BOUND ( 'NONE', #3600, .T. ) ;
#5796 = CARTESIAN_POINT ( 'NONE',  ( 5.586370142149013368E-14, 2.399999999999999467, 16.00000000000000000 ) ) ;
#5797 = EDGE_CURVE ( 'NONE', #6073, #8075, #1187, .T. ) ;
#5798 = ORIENTED_EDGE ( 'NONE', *, *, #7954, .T. ) ;
#5799 = ORIENTED_EDGE ( 'NONE', *, *, #5202, .F. ) ;
#5800 = CYLINDRICAL_SURFACE ( 'NONE', #5054, 45.00000000000000711 ) ;
#5801 = ORIENTED_EDGE ( 'NONE', *, *, #7702, .T. ) ;
#5802 = CARTESIAN_POINT ( 'NONE',  ( 30.50000000000000000, 6.110987527745298447E-16, -4.990000000000004654 ) ) ;
#5803 = DIRECTION ( 'NONE',  ( -0.000000000000000000, 1.000000000000000000, -0.000000000000000000 ) ) ;
#5804 = DIRECTION ( 'NONE',  ( 0.000000000000000000, -1.000000000000000000, 0.000000000000000000 ) ) ;
#5805 = FACE_OUTER_BOUND ( 'NONE', #2129, .T. ) ;
#5806 = DIRECTION ( 'NONE',  ( 1.000000000000000000, 0.000000000000000000, 0.000000000000000000 ) ) ;
#5807 = ORIENTED_EDGE ( 'NONE', *, *, #2304, .F. ) ;
#5808 = FACE_OUTER_BOUND ( 'NONE', #6003, .T. ) ;
#5809 = AXIS2_PLACEMENT_3D ( 'NONE', #5069, #6431, #612 ) ;
#5810 = VERTEX_POINT ( 'NONE', #7016 ) ;
#5811 = CARTESIAN_POINT ( 'NONE',  ( 54.00000000000000000, 0.000000000000000000, 0.000000000000000000 ) ) ;
#5812 = CARTESIAN_POINT ( 'NONE',  ( 70.00000000000000000, 0.000000000000000000, 20.00000000000000000 ) ) ;
#5813 = AXIS2_PLACEMENT_3D ( 'NONE', #7739, #4567, #1548 ) ;
#5814 = CYLINDRICAL_SURFACE ( 'NONE', #1090, 7.500000000000000888 ) ;
#5815 = AXIS2_PLACEMENT_3D ( 'NONE', #164, #7122, #4662 ) ;
#5816 = CARTESIAN_POINT ( 'NONE',  ( -5.586370142149013368E-14, 0.000000000000000000, 17.64999999999999858 ) ) ;
#5817 = AXIS2_PLACEMENT_3D ( 'NONE', #2367, #2286, #4774 ) ;
#5818 = DIRECTION ( 'NONE',  ( 0.000000000000000000, 0.000000000000000000, -1.000000000000000000 ) ) ;
#5819 = VERTEX_POINT ( 'NONE', #7058 ) ;
#5820 = ORIENTED_EDGE ( 'NONE', *, *, #7902, .T. ) ;
#5821 = VECTOR ( 'NONE', #3646, 1000.000000000000000 ) ;
#5822 = VERTEX_POINT ( 'NONE', #7178 ) ;
#5823 = DIRECTION ( 'NONE',  ( 1.000000000000000000, 0.000000000000000000, 0.000000000000000000 ) ) ;
#5824 = ORIENTED_EDGE ( 'NONE', *, *, #7239, .T. ) ;
#5825 = AXIS2_PLACEMENT_3D ( 'NONE', #5475, #3606, #6007 ) ;
#5826 = DIRECTION ( 'NONE',  ( -0.000000000000000000, -1.000000000000000000, -0.000000000000000000 ) ) ;
#5827 = AXIS2_PLACEMENT_3D ( 'NONE', #5553, #12, #5087 ) ;
#5828 = DIRECTION ( 'NONE',  ( -1.000000000000000000, 0.000000000000000000, -0.000000000000000000 ) ) ;
#5829 = AXIS2_PLACEMENT_3D ( 'NONE', #1573, #4717, #7108 ) ;
#5830 = EDGE_CURVE ( 'NONE', #4645, #7367, #6192, .T. ) ;
#5831 = EDGE_LOOP ( 'NONE', ( #4319, #6933, #7705, #2114 ) ) ;
#5832 = ORIENTED_EDGE ( 'NONE', *, *, #498, .T. ) ;
#5833 = LINE ( 'NONE', #220, #1557 ) ;
#5834 = CIRCLE ( 'NONE', #3984, 5.000000000000000000 ) ;
#5835 = FACE_OUTER_BOUND ( 'NONE', #5248, .T. ) ;
#5836 = CARTESIAN_POINT ( 'NONE',  ( -11.31370849898490150, 2.399999999999999467, -9.663708498984624029 ) ) ;
#5837 = ADVANCED_FACE ( 'NONE', ( #3263 ), #6490, .F. ) ;
#5838 = FACE_OUTER_BOUND ( 'NONE', #251, .T. ) ;
#5839 = AXIS2_PLACEMENT_3D ( 'NONE', #2793, #2211, #8069 ) ;
#5840 =( LENGTH_UNIT ( ) NAMED_UNIT ( * ) SI_UNIT ( .MILLI., .METRE. ) );
#5841 = CIRCLE ( 'NONE', #3992, 2.000000000000001776 ) ;
#5842 = ORIENTED_EDGE ( 'NONE', *, *, #7634, .F. ) ;
#5843 = ORIENTED_EDGE ( 'NONE', *, *, #3349, .T. ) ;
#5844 = FACE_BOUND ( 'NONE', #6951, .T. ) ;
#5845 = ORIENTED_EDGE ( 'NONE', *, *, #1800, .F. ) ;
#5846 = DIRECTION ( 'NONE',  ( -0.000000000000000000, -1.000000000000000000, -0.000000000000000000 ) ) ;
#5847 = ADVANCED_FACE ( 'NONE', ( #4502, #7099 ), #4623, .F. ) ;
#5848 = CARTESIAN_POINT ( 'NONE',  ( 29.50000000000000000, 6.110987527745296475E-16, -4.990000000000002878 ) ) ;
#5849 = DIRECTION ( 'NONE',  ( 0.000000000000000000, 0.000000000000000000, 1.000000000000000000 ) ) ;
#5850 = EDGE_CURVE ( 'NONE', #6889, #7298, #1689, .T. ) ;
#5851 = AXIS2_PLACEMENT_3D ( 'NONE', #7937, #2231, #2281 ) ;
#5852 = AXIS2_PLACEMENT_3D ( 'NONE', #1273, #6322, #501 ) ;
#5853 = PLANE ( 'NONE',  #3308 ) ;
#5854 = LINE ( 'NONE', #2079, #1079 ) ;
#5855 = ADVANCED_FACE ( 'NONE', ( #5122 ), #5781, .F. ) ;
#5856 = ORIENTED_EDGE ( 'NONE', *, *, #6603, .T. ) ;
#5857 = CIRCLE ( 'NONE', #6907, 1.649999999999998579 ) ;
#5858 = DIRECTION ( 'NONE',  ( -0.000000000000000000, 1.000000000000000000, -0.000000000000000000 ) ) ;
#5859 = ORIENTED_EDGE ( 'NONE', *, *, #7055, .T. ) ;
#5860 = DIRECTION ( 'NONE',  ( 0.000000000000000000, 0.000000000000000000, 1.000000000000000000 ) ) ;
#5861 = EDGE_CURVE ( 'NONE', #7904, #1522, #7718, .T. ) ;
#5862 = FILL_AREA_STYLE ('',( #1478 ) ) ;
#5863 = CARTESIAN_POINT ( 'NONE',  ( -16.00000000000000000, -2.500000000000000000, 0.000000000000000000 ) ) ;
#5864 = DIRECTION ( 'NONE',  ( 0.000000000000000000, 1.000000000000000000, 0.000000000000000000 ) ) ;
#5865 = ORIENTED_EDGE ( 'NONE', *, *, #2965, .F. ) ;
#5866 = ORIENTED_EDGE ( 'NONE', *, *, #5744, .T. ) ;
#5867 = EDGE_LOOP ( 'NONE', ( #6444, #464 ) ) ;
#5868 = DIRECTION ( 'NONE',  ( 0.000000000000000000, 1.000000000000000000, 0.000000000000000000 ) ) ;
#5869 = ORIENTED_EDGE ( 'NONE', *, *, #8074, .F. ) ;
#5870 = DIRECTION ( 'NONE',  ( -0.000000000000000000, -1.000000000000000000, -0.000000000000000000 ) ) ;
#5871 = DIRECTION ( 'NONE',  ( -0.000000000000000000, -0.000000000000000000, 1.000000000000000000 ) ) ;
#5872 = ORIENTED_EDGE ( 'NONE', *, *, #1347, .F. ) ;
#5873 = VERTEX_POINT ( 'NONE', #256 ) ;
#5874 = CARTESIAN_POINT ( 'NONE',  ( 5.510910596163090344E-15, 33.20000000000000284, 45.00000000000000711 ) ) ;
#5875 = DIRECTION ( 'NONE',  ( 0.000000000000000000, 0.000000000000000000, 1.000000000000000000 ) ) ;
#5876 = DIRECTION ( 'NONE',  ( 0.000000000000000000, 0.000000000000000000, 1.000000000000000000 ) ) ;
#5877 = DIRECTION ( 'NONE',  ( -0.000000000000000000, -1.000000000000000000, -0.000000000000000000 ) ) ;
#5878 = APPLICATION_CONTEXT ( 'automotive_design' ) ;
#5879 = DIRECTION ( 'NONE',  ( 0.000000000000000000, 0.000000000000000000, -1.000000000000000000 ) ) ;
#5880 = ORIENTED_EDGE ( 'NONE', *, *, #7336, .F. ) ;
#5881 = ORIENTED_EDGE ( 'NONE', *, *, #7343, .F. ) ;
#5882 = CARTESIAN_POINT ( 'NONE',  ( 0.000000000000000000, 34.20000000000000284, 6.300000000000000711 ) ) ;
#5883 = EDGE_LOOP ( 'NONE', ( #6088, #4293, #2988, #5537 ) ) ;
#5884 = FACE_OUTER_BOUND ( 'NONE', #6626, .T. ) ;
#5885 = ADVANCED_FACE ( 'NONE', ( #2054 ), #3381, .T. ) ;
#5886 = CARTESIAN_POINT ( 'NONE',  ( 5.449678256205721981E-15, 20.00000000000000000, -44.50000000000000711 ) ) ;
#5887 = CARTESIAN_POINT ( 'NONE',  ( 25.00000000000000000, 29.80000000000000426, 3.000000000000000000 ) ) ;
#5888 = FACE_OUTER_BOUND ( 'NONE', #1779, .T. ) ;
#5889 = ADVANCED_FACE ( 'NONE', ( #5250 ), #4008, .F. ) ;
#5890 = DIRECTION ( 'NONE',  ( -1.000000000000000000, -0.000000000000000000, -0.000000000000000000 ) ) ;
#5891 = AXIS2_PLACEMENT_3D ( 'NONE', #1063, #5482, #7981 ) ;
#5892 = ADVANCED_FACE ( 'NONE', ( #2760 ), #5288, .F. ) ;
#5893 = EDGE_CURVE ( 'NONE', #505, #5810, #384, .T. ) ;
#5894 = ORIENTED_EDGE ( 'NONE', *, *, #3411, .F. ) ;
#5895 = EDGE_CURVE ( 'NONE', #1091, #5634, #1040, .T. ) ;
#5896 = LINE ( 'NONE', #3332, #3387 ) ;
#5897 = CIRCLE ( 'NONE', #3384, 1.649999999999998579 ) ;
#5898 = ORIENTED_EDGE ( 'NONE', *, *, #4026, .F. ) ;
#5899 = DIRECTION ( 'NONE',  ( 0.000000000000000000, 0.000000000000000000, 1.000000000000000000 ) ) ;
#5900 = CARTESIAN_POINT ( 'NONE',  ( 4.898587196589413026E-15, 29.80000000000000426, 40.00000000000000000 ) ) ;
#5901 = FACE_OUTER_BOUND ( 'NONE', #5771, .T. ) ;
#5902 = AXIS2_PLACEMENT_3D ( 'NONE', #3202, #3747, #6426 ) ;
#5903 = DIRECTION ( 'NONE',  ( -0.000000000000000000, -1.000000000000000000, -0.000000000000000000 ) ) ;
#5904 = ORIENTED_EDGE ( 'NONE', *, *, #4277, .F. ) ;
#5905 = EDGE_LOOP ( 'NONE', ( #3520, #4588, #5898, #992 ) ) ;
#5906 = EDGE_LOOP ( 'NONE', ( #6185, #7356, #6724, #6538 ) ) ;
#5907 = DIRECTION ( 'NONE',  ( 0.000000000000000000, 0.000000000000000000, 1.000000000000000000 ) ) ;
#5908 = AXIS2_PLACEMENT_3D ( 'NONE', #8018, #2365, #7319 ) ;
#5909 = ORIENTED_EDGE ( 'NONE', *, *, #3618, .F. ) ;
#5910 = DIRECTION ( 'NONE',  ( -2.168404344971008868E-16, -1.000000000000000000, 0.000000000000000000 ) ) ;
#5911 = EDGE_CURVE ( 'NONE', #925, #8125, #4131, .T. ) ;
#5912 = CARTESIAN_POINT ( 'NONE',  ( 103.3000000000000114, 2.000000000000000000, -4.582575694955840717 ) ) ;
#5913 = AXIS2_PLACEMENT_3D ( 'NONE', #6378, #5092, #1327 ) ;
#5914 = ORIENTED_EDGE ( 'NONE', *, *, #7850, .T. ) ;
#5915 = ORIENTED_EDGE ( 'NONE', *, *, #5241, .T. ) ;
#5916 = ORIENTED_EDGE ( 'NONE', *, *, #4697, .T. ) ;
#5917 = CARTESIAN_POINT ( 'NONE',  ( 5.021051876504148963E-15, 2.399999999999999467, -41.00000000000000000 ) ) ;
#5918 = CYLINDRICAL_SURFACE ( 'NONE', #2921, 45.00000000000000711 ) ;
#5919 = CIRCLE ( 'NONE', #2080, 44.50000000000000711 ) ;
#5920 = CARTESIAN_POINT ( 'NONE',  ( 24.00000000000000000, 2.000000000000002665, 7.218039900139096687 ) ) ;
#5921 = FACE_OUTER_BOUND ( 'NONE', #5609, .T. ) ;
#5922 = DIRECTION ( 'NONE',  ( 1.000000000000000000, 0.000000000000000000, 0.000000000000000000 ) ) ;
#5923 = ORIENTED_EDGE ( 'NONE', *, *, #5487, .F. ) ;
#5924 = EDGE_LOOP ( 'NONE', ( #3723, #3918 ) ) ;
#5925 = FACE_BOUND ( 'NONE', #7012, .T. ) ;
#5926 = AXIS2_PLACEMENT_3D ( 'NONE', #7038, #2582, #5104 ) ;
#5927 = ORIENTED_EDGE ( 'NONE', *, *, #3774, .F. ) ;
#5928 = CYLINDRICAL_SURFACE ( 'NONE', #4720, 1.650000000000000355 ) ;
#5929 = CARTESIAN_POINT ( 'NONE',  ( 21.00000000000000000, 22.72893218813453231, 0.000000000000000000 ) ) ;
#5930 = DIRECTION ( 'NONE',  ( -0.000000000000000000, 1.000000000000000000, -0.000000000000000000 ) ) ;
#5931 = LINE ( 'NONE', #277, #2517 ) ;
#5932 = EDGE_LOOP ( 'NONE', ( #3260, #3438, #6977, #4142, #2320, #5350, #5970 ) ) ;
#5933 = EDGE_CURVE ( 'NONE', #2508, #7315, #1001, .T. ) ;
#5934 = EDGE_CURVE ( 'NONE', #7171, #1091, #5655, .T. ) ;
#5935 = CARTESIAN_POINT ( 'NONE',  ( 0.000000000000000000, 31.00000000000000000, 0.000000000000000000 ) ) ;
#5936 = ORIENTED_EDGE ( 'NONE', *, *, #5749, .T. ) ;
#5937 = EDGE_CURVE ( 'NONE', #306, #3181, #5919, .T. ) ;
#5938 = DIRECTION ( 'NONE',  ( -0.000000000000000000, -0.000000000000000000, 1.000000000000000000 ) ) ;
#5939 = CARTESIAN_POINT ( 'NONE',  ( 0.000000000000000000, 0.000000000000000000, 0.000000000000000000 ) ) ;
#5940 = EDGE_CURVE ( 'NONE', #2052, #7781, #4087, .T. ) ;
#5941 = CARTESIAN_POINT ( 'NONE',  ( 90.00000000000000000, -12.49999999999999822, 210.0000000000000284 ) ) ;
#5942 = ORIENTED_EDGE ( 'NONE', *, *, #7746, .T. ) ;
#5943 = AXIS2_PLACEMENT_3D ( 'NONE', #2379, #7957, #1036 ) ;
#5944 = CARTESIAN_POINT ( 'NONE',  ( 0.000000000000000000, 10.00000000000000000, 0.000000000000000000 ) ) ;
#5945 = ORIENTED_EDGE ( 'NONE', *, *, #3850, .T. ) ;
#5946 = DIRECTION ( 'NONE',  ( 0.000000000000000000, -1.000000000000000000, 0.000000000000000000 ) ) ;
#5947 = PRESENTATION_LAYER_ASSIGNMENT (  '', '', ( #411 ) ) ;
#5948 = EDGE_CURVE ( 'NONE', #6513, #5388, #4464, .T. ) ;
#5949 = CARTESIAN_POINT ( 'NONE',  ( 0.000000000000000000, 29.80000000000000426, 0.000000000000000000 ) ) ;
#5950 = FACE_OUTER_BOUND ( 'NONE', #3897, .T. ) ;
#5951 = VECTOR ( 'NONE', #1547, 1000.000000000000000 ) ;
#5952 = DIRECTION ( 'NONE',  ( -0.000000000000000000, -0.000000000000000000, 1.000000000000000000 ) ) ;
#5953 = CARTESIAN_POINT ( 'NONE',  ( 50.00000000000002842, 12.49999999999999645, 20.00000000000000000 ) ) ;
#5954 = ADVANCED_FACE ( 'NONE', ( #6031 ), #297, .F. ) ;
#5955 = VECTOR ( 'NONE', #2944, 1000.000000000000000 ) ;
#5956 = EDGE_CURVE ( 'NONE', #1650, #5228, #7429, .T. ) ;
#5957 = VERTEX_POINT ( 'NONE', #3544 ) ;
#5958 = CIRCLE ( 'NONE', #3317, 1.649999999999998579 ) ;
#5959 = EDGE_LOOP ( 'NONE', ( #5807, #4952, #3788, #4354 ) ) ;
#5960 = CARTESIAN_POINT ( 'NONE',  ( -11.31370849898482156, -4.666904755831215112, 12.96370849898469935 ) ) ;
#5961 = CARTESIAN_POINT ( 'NONE',  ( -21.00000000000000000, 34.20000000000000284, 2.499999999999850342 ) ) ;
#5962 = CIRCLE ( 'NONE', #3981, 4.790000000000006253 ) ;
#5963 = AXIS2_PLACEMENT_3D ( 'NONE', #4861, #1637, #7371 ) ;
#5964 = AXIS2_PLACEMENT_3D ( 'NONE', #3930, #849, #3428 ) ;
#5965 = CYLINDRICAL_SURFACE ( 'NONE', #4373, 1.649999999999998579 ) ;
#5966 = EDGE_CURVE ( 'NONE', #747, #7555, #372, .T. ) ;
#5967 = FACE_OUTER_BOUND ( 'NONE', #2662, .T. ) ;
#5968 = VECTOR ( 'NONE', #4343, 1000.000000000000114 ) ;
#5969 = PRODUCT_CONTEXT ( 'NONE', #774, 'mechanical' ) ;
#5970 = ORIENTED_EDGE ( 'NONE', *, *, #3270, .F. ) ;
#5971 = ORIENTED_EDGE ( 'NONE', *, *, #4427, .F. ) ;
#5972 = VECTOR ( 'NONE', #2844, 1000.000000000000000 ) ;
#5973 = ORIENTED_EDGE ( 'NONE', *, *, #138, .T. ) ;
#5974 = CARTESIAN_POINT ( 'NONE',  ( -25.00000000000000000, 0.000000000000000000, 20.00000000000000000 ) ) ;
#5975 = AXIS2_PLACEMENT_3D ( 'NONE', #7102, #2098, #3383 ) ;
#5976 = VERTEX_POINT ( 'NONE', #1682 ) ;
#5977 = CARTESIAN_POINT ( 'NONE',  ( 0.000000000000000000, 2.200000000000021494, 0.000000000000000000 ) ) ;
#5978 = CARTESIAN_POINT ( 'NONE',  ( 0.000000000000000000, -2.500000000000000000, 0.000000000000000000 ) ) ;
#5979 = DIRECTION ( 'NONE',  ( -1.125218710432733156E-16, 0.000000000000000000, 1.000000000000000000 ) ) ;
#5980 = VECTOR ( 'NONE', #524, 1000.000000000000000 ) ;
#5981 = DIRECTION ( 'NONE',  ( 0.000000000000000000, 0.000000000000000000, 1.000000000000000000 ) ) ;
#5982 = AXIS2_PLACEMENT_3D ( 'NONE', #3199, #3861, #2498 ) ;
#5983 = EDGE_LOOP ( 'NONE', ( #6689, #913, #4819, #7075 ) ) ;
#5984 = CYLINDRICAL_SURFACE ( 'NONE', #2865, 18.00000000000000355 ) ;
#5985 = CIRCLE ( 'NONE', #2945, 6.300000000000000711 ) ;
#5986 = ORIENTED_EDGE ( 'NONE', *, *, #5948, .F. ) ;
#5987 = LINE ( 'NONE', #3454, #2117 ) ;
#5988 = DIRECTION ( 'NONE',  ( 0.000000000000000000, 0.000000000000000000, 1.000000000000000000 ) ) ;
#5989 = VECTOR ( 'NONE', #370, 1000.000000000000000 ) ;
#5990 = DIRECTION ( 'NONE',  ( 0.000000000000000000, 0.000000000000000000, 1.000000000000000000 ) ) ;
#5991 = ORIENTED_EDGE ( 'NONE', *, *, #3882, .T. ) ;
#5992 = CARTESIAN_POINT ( 'NONE',  ( -5.000000000000001776, 34.20000000000000284, 25.00000000000000000 ) ) ;
#5993 = ORIENTED_EDGE ( 'NONE', *, *, #2511, .F. ) ;
#5994 = ORIENTED_EDGE ( 'NONE', *, *, #843, .F. ) ;
#5995 = CARTESIAN_POINT ( 'NONE',  ( 0.000000000000000000, 0.000000000000000000, 244.1421356237309794 ) ) ;
#5996 = ADVANCED_FACE ( 'NONE', ( #6068 ), #7997, .T. ) ;
#5997 = VERTEX_POINT ( 'NONE', #961 ) ;
#5998 = DIRECTION ( 'NONE',  ( -1.000000000000000000, -0.000000000000000000, -0.000000000000000000 ) ) ;
#5999 = DIRECTION ( 'NONE',  ( 0.000000000000000000, 1.000000000000000000, 0.000000000000000000 ) ) ;
#6000 = CARTESIAN_POINT ( 'NONE',  ( 113.3000000000000114, -2.000000000000000000, -4.571662717217892968 ) ) ;
#6001 = EDGE_CURVE ( 'NONE', #4552, #2173, #7616, .T. ) ;
#6002 = EDGE_LOOP ( 'NONE', ( #6325, #1636, #6293, #2948 ) ) ;
#6003 = EDGE_LOOP ( 'NONE', ( #2862, #126, #7095, #5751 ) ) ;
#6004 = DIRECTION ( 'NONE',  ( -0.000000000000000000, -0.000000000000000000, 1.000000000000000000 ) ) ;
#6005 = ADVANCED_FACE ( 'NONE', ( #5372 ), #4253, .T. ) ;
#6006 = DIRECTION ( 'NONE',  ( -0.000000000000000000, -1.000000000000000000, -0.000000000000000000 ) ) ;
#6007 = DIRECTION ( 'NONE',  ( 0.000000000000000000, 0.000000000000000000, 1.000000000000000000 ) ) ;
#6008 = CARTESIAN_POINT ( 'NONE',  ( 14.00000000000000000, 2.000000000000002665, 7.228416147400479552 ) ) ;
#6009 = APPLICATION_PROTOCOL_DEFINITION ( 'draft international standard', 'automotive_design', 1998, #241 ) ;
#6010 = VERTEX_POINT ( 'NONE', #6771 ) ;
#6011 = ORIENTED_EDGE ( 'NONE', *, *, #1686, .F. ) ;
#6012 = ORIENTED_EDGE ( 'NONE', *, *, #4691, .T. ) ;
#6013 = DIRECTION ( 'NONE',  ( -1.000000000000000000, 0.000000000000000000, 0.000000000000000000 ) ) ;
#6014 = ORIENTED_EDGE ( 'NONE', *, *, #3310, .T. ) ;
#6015 = DIRECTION ( 'NONE',  ( -1.000000000000000000, 0.000000000000000000, 0.000000000000000000 ) ) ;
#6016 = EDGE_CURVE ( 'NONE', #4778, #664, #1128, .T. ) ;
#6017 = DIRECTION ( 'NONE',  ( 0.000000000000000000, -0.000000000000000000, 1.000000000000000000 ) ) ;
#6018 = SHAPE_REPRESENTATION ( 'Link3', ( #721, #328, #6389, #2819, #7169, #2555, #4942 ), #3878 ) ;
#6019 = CARTESIAN_POINT ( 'NONE',  ( 24.00000000000000000, 2.000000000000002665, -7.218039900139096687 ) ) ;
#6020 = DIRECTION ( 'NONE',  ( -0.000000000000000000, 1.000000000000000000, -0.000000000000000000 ) ) ;
#6021 = VERTEX_POINT ( 'NONE', #4705 ) ;
#6022 = CARTESIAN_POINT ( 'NONE',  ( 0.000000000000000000, 34.20000000000000284, 0.000000000000000000 ) ) ;
#6023 = EDGE_LOOP ( 'NONE', ( #3213, #3019 ) ) ;
#6024 = CIRCLE ( 'NONE', #1021, 4.990000000000001101 ) ;
#6025 = DIRECTION ( 'NONE',  ( 0.000000000000000000, 0.000000000000000000, 1.000000000000000000 ) ) ;
#6026 = SURFACE_SIDE_STYLE ('',( #6479 ) ) ;
#6027 = ORIENTED_EDGE ( 'NONE', *, *, #4476, .F. ) ;
#6028 = VECTOR ( 'NONE', #2872, 1000.000000000000000 ) ;
#6029 = CARTESIAN_POINT ( 'NONE',  ( 11.76470588235293668, 22.05882352941176805, 20.00000000000000000 ) ) ;
#6030 = VERTEX_POINT ( 'NONE', #7216 ) ;
#6031 = FACE_OUTER_BOUND ( 'NONE', #999, .T. ) ;
#6032 = DIRECTION ( 'NONE',  ( -0.000000000000000000, -0.000000000000000000, -1.000000000000000000 ) ) ;
#6033 = DIRECTION ( 'NONE',  ( 0.000000000000000000, 0.000000000000000000, 1.000000000000000000 ) ) ;
#6034 = AXIS2_PLACEMENT_3D ( 'NONE', #3291, #4535, #6395 ) ;
#6035 = FACE_BOUND ( 'NONE', #4367, .T. ) ;
#6036 = DIRECTION ( 'NONE',  ( 0.000000000000000000, -0.000000000000000000, 1.000000000000000000 ) ) ;
#6037 = ORIENTED_EDGE ( 'NONE', *, *, #3910, .F. ) ;
#6038 = CIRCLE ( 'NONE', #5775, 4.990000000000001101 ) ;
#6039 = ORIENTED_EDGE ( 'NONE', *, *, #6593, .T. ) ;
#6040 = ADVANCED_FACE ( 'NONE', ( #7875 ), #1563, .F. ) ;
#6041 = LINE ( 'NONE', #1092, #7880 ) ;
#6042 = DIRECTION ( 'NONE',  ( 0.000000000000000000, 1.000000000000000000, 0.000000000000000000 ) ) ;
#6043 = CARTESIAN_POINT ( 'NONE',  ( -7.000000000000001776, 29.80000000000000426, 18.73499399519520026 ) ) ;
#6044 = EDGE_CURVE ( 'NONE', #4758, #1059, #1304, .T. ) ;
#6045 = DIRECTION ( 'NONE',  ( -0.000000000000000000, -1.000000000000000000, -0.000000000000000000 ) ) ;
#6046 = CARTESIAN_POINT ( 'NONE',  ( 16.00000000000000000, -4.666904755831215112, 0.000000000000000000 ) ) ;
#6047 = AXIS2_PLACEMENT_3D ( 'NONE', #7772, #2074, #2115 ) ;
#6048 = EDGE_CURVE ( 'NONE', #6770, #492, #7366, .T. ) ;
#6049 = ORIENTED_EDGE ( 'NONE', *, *, #3522, .F. ) ;
#6050 = ORIENTED_EDGE ( 'NONE', *, *, #3359, .F. ) ;
#6051 = CARTESIAN_POINT ( 'NONE',  ( -11.31370849898490150, 7.066904755831209251, -11.31370849898462261 ) ) ;
#6052 = ORIENTED_EDGE ( 'NONE', *, *, #4277, .T. ) ;
#6053 = DIRECTION ( 'NONE',  ( 0.000000000000000000, 0.000000000000000000, 1.000000000000000000 ) ) ;
#6054 = DIRECTION ( 'NONE',  ( 0.000000000000000000, 0.000000000000000000, 1.000000000000000000 ) ) ;
#6055 = EDGE_CURVE ( 'NONE', #3352, #889, #6586, .T. ) ;
#6056 = LINE ( 'NONE', #1148, #2775 ) ;
#6057 = CARTESIAN_POINT ( 'NONE',  ( 90.00000000000000000, -12.49999999999999822, 210.0000000000000284 ) ) ;
#6058 = DIRECTION ( 'NONE',  ( 0.000000000000000000, -1.000000000000000000, 0.000000000000000000 ) ) ;
#6059 = CIRCLE ( 'NONE', #3804, 4.990000000000000213 ) ;
#6060 = ORIENTED_EDGE ( 'NONE', *, *, #3823, .T. ) ;
#6061 = EDGE_LOOP ( 'NONE', ( #334, #7841 ) ) ;
#6062 = PLANE ( 'NONE',  #1169 ) ;
#6063 = VERTEX_POINT ( 'NONE', #7077 ) ;
#6064 = CARTESIAN_POINT ( 'NONE',  ( 0.000000000000000000, 35.39999999999999858, -45.00000000000000711 ) ) ;
#6065 = VERTEX_POINT ( 'NONE', #775 ) ;
#6066 = PLANE ( 'NONE',  #6679 ) ;
#6067 = ORIENTED_EDGE ( 'NONE', *, *, #6544, .T. ) ;
#6068 = FACE_OUTER_BOUND ( 'NONE', #7696, .T. ) ;
#6069 = FACE_OUTER_BOUND ( 'NONE', #5496, .T. ) ;
#6070 = SURFACE_STYLE_FILL_AREA ( #3468 ) ;
#6071 = CARTESIAN_POINT ( 'NONE',  ( 4.999999999999998224, 29.80000000000000426, -17.29161646579058598 ) ) ;
#6072 = CARTESIAN_POINT ( 'NONE',  ( 5.510910596163090344E-15, 2.200000000000021494, -45.00000000000000711 ) ) ;
#6073 = VERTEX_POINT ( 'NONE', #1426 ) ;
#6074 = ORIENTED_EDGE ( 'NONE', *, *, #3722, .F. ) ;
#6075 = CARTESIAN_POINT ( 'NONE',  ( 25.00000000000000000, 34.20000000000000284, 5.000000000000000000 ) ) ;
#6076 = CARTESIAN_POINT ( 'NONE',  ( -6.300000000000000711, 29.80000000000000426, 16.86149459567567632 ) ) ;
#6077 = VECTOR ( 'NONE', #2087, 1000.000000000000000 ) ;
#6078 = DIRECTION ( 'NONE',  ( -0.000000000000000000, -1.000000000000000000, -0.000000000000000000 ) ) ;
#6079 = CARTESIAN_POINT ( 'NONE',  ( 30.50000000000000000, 0.000000000000000000, 4.790000000000006253 ) ) ;
#6080 = AXIS2_PLACEMENT_3D ( 'NONE', #939, #7824, #2166 ) ;
#6081 = DIRECTION ( 'NONE',  ( 0.000000000000000000, 0.000000000000000000, 1.000000000000000000 ) ) ;
#6082 = AXIS2_PLACEMENT_3D ( 'NONE', #657, #5033, #6398 ) ;
#6083 = EDGE_CURVE ( 'NONE', #1530, #7334, #6713, .T. ) ;
#6084 = ORIENTED_EDGE ( 'NONE', *, *, #2856, .T. ) ;
#6085 = CIRCLE ( 'NONE', #5158, 4.990000000000009095 ) ;
#6086 = ORIENTED_EDGE ( 'NONE', *, *, #5797, .F. ) ;
#6087 = FACE_OUTER_BOUND ( 'NONE', #665, .T. ) ;
#6088 = ORIENTED_EDGE ( 'NONE', *, *, #5616, .T. ) ;
#6089 = CARTESIAN_POINT ( 'NONE',  ( 90.00000000000000000, 12.49999999999999822, 20.00000000000000000 ) ) ;
#6090 = VECTOR ( 'NONE', #2188, 1000.000000000000000 ) ;
#6091 = CIRCLE ( 'NONE', #7134, 2.499999999999998668 ) ;
#6092 = CARTESIAN_POINT ( 'NONE',  ( -3.000000000000001776, 34.20000000000000284, -23.00000000000000000 ) ) ;
#6093 = EDGE_CURVE ( 'NONE', #3724, #4583, #3149, .T. ) ;
#6094 = CARTESIAN_POINT ( 'NONE',  ( -16.00000000000000000, -2.500000000000000000, 1.649999999999998579 ) ) ;
#6095 = CIRCLE ( 'NONE', #4775, 4.990000000000000213 ) ;
#6096 = FACE_OUTER_BOUND ( 'NONE', #2869, .T. ) ;
#6097 = CIRCLE ( 'NONE', #4243, 25.00000000000000000 ) ;
#6098 = AXIS2_PLACEMENT_3D ( 'NONE', #5667, #2523, #7556 ) ;
#6099 = VERTEX_POINT ( 'NONE', #7572 ) ;
#6100 = ADVANCED_FACE ( 'NONE', ( #650 ), #733, .F. ) ;
#6101 = ORIENTED_EDGE ( 'NONE', *, *, #5255, .T. ) ;
#6102 = ADVANCED_FACE ( 'NONE', ( #3159 ), #5067, .T. ) ;
#6103 = CARTESIAN_POINT ( 'NONE',  ( -5.566163469963082448E-14, -4.666904755831215112, 14.35000000000000320 ) ) ;
#6104 = VERTEX_POINT ( 'NONE', #5538 ) ;
#6105 = AXIS2_PLACEMENT_3D ( 'NONE', #830, #1312, #4618 ) ;
#6106 = AXIS2_PLACEMENT_3D ( 'NONE', #5643, #8145, #3240 ) ;
#6107 = DIRECTION ( 'NONE',  ( -1.000000000000000000, -0.000000000000000000, -0.000000000000000000 ) ) ;
#6108 = EDGE_CURVE ( 'NONE', #6903, #5613, #8036, .T. ) ;
#6109 = DIRECTION ( 'NONE',  ( -1.000000000000000000, 0.000000000000000000, -0.000000000000000000 ) ) ;
#6110 = VECTOR ( 'NONE', #5804, 1000.000000000000000 ) ;
#6111 = ORIENTED_EDGE ( 'NONE', *, *, #1639, .T. ) ;
#6112 = VECTOR ( 'NONE', #7968, 1000.000000000000114 ) ;
#6113 = CARTESIAN_POINT ( 'NONE',  ( -5.000000000000001776, 34.20000000000000284, 25.00000000000000000 ) ) ;
#6114 = EDGE_LOOP ( 'NONE', ( #7467, #2423, #6323, #1472 ) ) ;
#6115 = DIRECTION ( 'NONE',  ( 0.000000000000000000, 0.000000000000000000, -1.000000000000000000 ) ) ;
#6116 = ADVANCED_FACE ( 'NONE', ( #5731 ), #5764, .F. ) ;
#6117 = DIRECTION ( 'NONE',  ( 1.000000000000000000, 0.000000000000000000, -0.000000000000000000 ) ) ;
#6118 = CARTESIAN_POINT ( 'NONE',  ( -5.000000000000001776, 34.20000000000000284, 17.29161646579058598 ) ) ;
#6119 = CIRCLE ( 'NONE', #2547, 4.990000000000004654 ) ;
#6120 = PRODUCT_DEFINITION_CONTEXT ( 'detailed design', #5730, 'design' ) ;
#6121 = VECTOR ( 'NONE', #1520, 1000.000000000000000 ) ;
#6122 = DIRECTION ( 'NONE',  ( 1.000000000000000000, 0.000000000000000000, 0.000000000000000000 ) ) ;
#6123 = PLANE ( 'NONE',  #5323 ) ;
#6124 = EDGE_LOOP ( 'NONE', ( #4961, #793, #3562, #4685 ) ) ;
#6125 = AXIS2_PLACEMENT_3D ( 'NONE', #767, #7155, #1457 ) ;
#6126 = EDGE_LOOP ( 'NONE', ( #7277, #3623, #1375, #3049 ) ) ;
#6127 = DIRECTION ( 'NONE',  ( -0.000000000000000000, -1.000000000000000000, -0.000000000000000000 ) ) ;
#6128 = LINE ( 'NONE', #4341, #2803 ) ;
#6129 = CYLINDRICAL_SURFACE ( 'NONE', #6751, 2.000000000000001776 ) ;
#6130 = CARTESIAN_POINT ( 'NONE',  ( 11.31370849898465991, 2.399999999999999467, -9.663708498984860285 ) ) ;
#6131 = PLANE ( 'NONE',  #4772 ) ;
#6132 = EDGE_LOOP ( 'NONE', ( #7453, #4338, #4904, #3030 ) ) ;
#6133 = ORIENTED_EDGE ( 'NONE', *, *, #5052, .T. ) ;
#6134 = CARTESIAN_POINT ( 'NONE',  ( 14.00000000000000000, 0.000000000000000000, 0.000000000000000000 ) ) ;
#6135 = ORIENTED_EDGE ( 'NONE', *, *, #6083, .T. ) ;
#6136 = DIRECTION ( 'NONE',  ( 0.000000000000000000, 0.000000000000000000, 1.000000000000000000 ) ) ;
#6137 = DIRECTION ( 'NONE',  ( 1.000000000000000000, 0.000000000000000000, 0.000000000000000000 ) ) ;
#6138 = CARTESIAN_POINT ( 'NONE',  ( 0.000000000000000000, 35.39999999999999858, -45.00000000000000711 ) ) ;
#6139 = DIRECTION ( 'NONE',  ( -0.000000000000000000, 1.000000000000000000, -0.000000000000000000 ) ) ;
#6140 = CARTESIAN_POINT ( 'NONE',  ( 26.00000000000000355, 0.000000000000000000, -4.990000000000003766 ) ) ;
#6141 = CARTESIAN_POINT ( 'NONE',  ( -1.999999999999999112, 0.000000000000000000, -4.582575694955840717 ) ) ;
#6142 = ORIENTED_EDGE ( 'NONE', *, *, #6614, .F. ) ;
#6143 = VERTEX_POINT ( 'NONE', #5195 ) ;
#6144 = CARTESIAN_POINT ( 'NONE',  ( -11.31370849898482156, -4.666904755831215112, 11.31370849898470077 ) ) ;
#6145 = ORIENTED_EDGE ( 'NONE', *, *, #2957, .T. ) ;
#6146 = EDGE_CURVE ( 'NONE', #3760, #3886, #6156, .T. ) ;
#6147 = CARTESIAN_POINT ( 'NONE',  ( 0.000000000000000000, 2.399999999999999467, 41.00000000000000000 ) ) ;
#6148 = EDGE_CURVE ( 'NONE', #6021, #7769, #1301, .T. ) ;
#6149 = LINE ( 'NONE', #6765, #3570 ) ;
#6150 = EDGE_CURVE ( 'NONE', #609, #1915, #2987, .T. ) ;
#6151 =( REPRESENTATION_RELATIONSHIP ('NONE','NONE', #6018, #6806 ) REPRESENTATION_RELATIONSHIP_WITH_TRANSFORMATION ( #4765 )SHAPE_REPRESENTATION_RELATIONSHIP( ) );
#6152 = ADVANCED_FACE ( 'NONE', ( #1995 ), #2543, .T. ) ;
#6153 = VERTEX_POINT ( 'NONE', #5143 ) ;
#6154 = DIRECTION ( 'NONE',  ( 0.000000000000000000, 0.000000000000000000, 1.000000000000000000 ) ) ;
#6155 = VERTEX_POINT ( 'NONE', #3672 ) ;
#6156 = LINE ( 'NONE', #3243, #653 ) ;
#6157 = DIRECTION ( 'NONE',  ( 0.000000000000000000, -0.000000000000000000, 1.000000000000000000 ) ) ;
#6158 = CARTESIAN_POINT ( 'NONE',  ( 5.510910596163090344E-15, 35.39999999999999858, 45.00000000000000711 ) ) ;
#6159 = ADVANCED_FACE ( 'NONE', ( #6990 ), #7650, .T. ) ;
#6160 = DIRECTION ( 'NONE',  ( 0.000000000000000000, 1.000000000000000000, 0.000000000000000000 ) ) ;
#6161 = CIRCLE ( 'NONE', #5891, 44.50000000000000711 ) ;
#6162 = DIRECTION ( 'NONE',  ( -1.000000000000000000, -0.000000000000000000, -0.000000000000000000 ) ) ;
#6163 = EDGE_LOOP ( 'NONE', ( #3630, #3038, #2608, #6340, #3540 ) ) ;
#6164 = ORIENTED_EDGE ( 'NONE', *, *, #2710, .F. ) ;
#6165 = CYLINDRICAL_SURFACE ( 'NONE', #6312, 41.00000000000000000 ) ;
#6166 = ADVANCED_FACE ( 'NONE', ( #71, #1342 ), #4918, .F. ) ;
#6167 = VECTOR ( 'NONE', #7204, 1000.000000000000000 ) ;
#6168 = CARTESIAN_POINT ( 'NONE',  ( 30.50000000000000000, 0.000000000000000000, 0.000000000000000000 ) ) ;
#6169 = FACE_BOUND ( 'NONE', #5011, .T. ) ;
#6170 = CARTESIAN_POINT ( 'NONE',  ( -16.00000000000000000, 2.399999999999999467, -1.649999999999998579 ) ) ;
#6171 = CARTESIAN_POINT ( 'NONE',  ( 0.000000000000000000, 35.39999999999999858, 0.000000000000000000 ) ) ;
#6172 = ITEM_DEFINED_TRANSFORMATION ( 'NONE', 'NONE', #2555,  #2426 ) ;
#6173 = VERTEX_POINT ( 'NONE', #4564 ) ;
#6174 = VECTOR ( 'NONE', #3863, 1000.000000000000000 ) ;
#6175 = ORIENTED_EDGE ( 'NONE', *, *, #192, .T. ) ;
#6176 = CARTESIAN_POINT ( 'NONE',  ( -3.000000000000001776, 34.20000000000000284, -23.00000000000000000 ) ) ;
#6177 = ORIENTED_EDGE ( 'NONE', *, *, #7534, .F. ) ;
#6178 = DIRECTION ( 'NONE',  ( 0.000000000000000000, 0.000000000000000000, 1.000000000000000000 ) ) ;
#6179 = DIRECTION ( 'NONE',  ( 0.000000000000000000, 0.000000000000000000, -1.000000000000000000 ) ) ;
#6180 = CIRCLE ( 'NONE', #7090, 40.00000000000000000 ) ;
#6181 = DIRECTION ( 'NONE',  ( 0.000000000000000000, 0.000000000000000000, 1.000000000000000000 ) ) ;
#6182 = PLANE ( 'NONE',  #7647 ) ;
#6183 = LINE ( 'NONE', #4038, #5980 ) ;
#6184 = CYLINDRICAL_SURFACE ( 'NONE', #1368, 44.50000000000000711 ) ;
#6185 = ORIENTED_EDGE ( 'NONE', *, *, #6714, .F. ) ;
#6186 = VECTOR ( 'NONE', #6004, 1000.000000000000000 ) ;
#6187 = VERTEX_POINT ( 'NONE', #493 ) ;
#6188 = LINE ( 'NONE', #6103, #6686 ) ;
#6189 = VECTOR ( 'NONE', #7652, 1000.000000000000000 ) ;
#6190 = ORIENTED_EDGE ( 'NONE', *, *, #4837, .T. ) ;
#6191 = LINE ( 'NONE', #1803, #7133 ) ;
#6192 = CIRCLE ( 'NONE', #6844, 4.990000000000004654 ) ;
#6193 = EDGE_CURVE ( 'NONE', #13, #4261, #3325, .T. ) ;
#6194 = CLOSED_SHELL ( 'NONE', ( #3152, #4329, #2979, #2963, #7248, #1406, #6116, #5954, #5275, #6957, #3732, #40, #5389, #7098, #1539, #3677, #2678, #5892, #1214, #6752, #1492, #3366, #6040, #397, #4890, #7820, #3680, #5837, #6365, #7948, #3931, #4138, #5648, #4725, #6794, #5002, #4465, #4632 ) ) ;
#6195 = ORIENTED_EDGE ( 'NONE', *, *, #2561, .T. ) ;
#6196 = EDGE_CURVE ( 'NONE', #889, #3950, #233, .T. ) ;
#6197 = CARTESIAN_POINT ( 'NONE',  ( 18.73499399519520381, 29.80000000000000426, -6.999999999999995559 ) ) ;
#6198 = VERTEX_POINT ( 'NONE', #4690 ) ;
#6199 = DIRECTION ( 'NONE',  ( -0.000000000000000000, -0.000000000000000000, -1.000000000000000000 ) ) ;
#6200 = DIRECTION ( 'NONE',  ( 0.000000000000000000, -1.000000000000000000, 0.000000000000000000 ) ) ;
#6201 = DIRECTION ( 'NONE',  ( -0.000000000000000000, -0.000000000000000000, 1.000000000000000000 ) ) ;
#6202 = ADVANCED_FACE ( 'NONE', ( #7162, #2741 ), #895, .F. ) ;
#6203 = FACE_OUTER_BOUND ( 'NONE', #6002, .T. ) ;
#6204 = DIRECTION ( 'NONE',  ( -0.000000000000000000, 1.000000000000000000, -0.000000000000000000 ) ) ;
#6205 = VERTEX_POINT ( 'NONE', #5886 ) ;
#6206 = ADVANCED_FACE ( 'NONE', ( #3443 ), #816, .F. ) ;
#6207 = ORIENTED_EDGE ( 'NONE', *, *, #4068, .F. ) ;
#6208 = CARTESIAN_POINT ( 'NONE',  ( 0.000000000000000000, 24.39999999999999858, 0.000000000000000000 ) ) ;
#6209 = LINE ( 'NONE', #549, #4391 ) ;
#6210 = DIRECTION ( 'NONE',  ( 0.000000000000000000, 0.000000000000000000, -1.000000000000000000 ) ) ;
#6211 = CARTESIAN_POINT ( 'NONE',  ( 0.000000000000000000, 0.000000000000000000, -14.14213562373095279 ) ) ;
#6212 = ADVANCED_FACE ( 'NONE', ( #7773 ), #5271, .F. ) ;
#6213 = DIRECTION ( 'NONE',  ( 0.000000000000000000, 0.000000000000000000, 1.000000000000000000 ) ) ;
#6214 = AXIS2_PLACEMENT_3D ( 'NONE', #6850, #2388, #3713 ) ;
#6215 = ORIENTED_EDGE ( 'NONE', *, *, #3315, .T. ) ;
#6216 = PLANE ( 'NONE',  #6381 ) ;
#6217 = EDGE_LOOP ( 'NONE', ( #124, #2064, #3424, #3095 ) ) ;
#6218 = DIRECTION ( 'NONE',  ( -1.000000000000000000, 0.000000000000000000, 0.000000000000000000 ) ) ;
#6219 = FACE_OUTER_BOUND ( 'NONE', #6355, .T. ) ;
#6220 = ADVANCED_FACE ( 'NONE', ( #5397 ), #7862, .T. ) ;
#6221 = CIRCLE ( 'NONE', #2642, 9.999999999999994671 ) ;
#6222 = LINE ( 'NONE', #3813, #2914 ) ;
#6223 = CARTESIAN_POINT ( 'NONE',  ( 2.000000000000000000, 7.228416147400480440, 230.0000000000000000 ) ) ;
#6224 = AXIS2_PLACEMENT_3D ( 'NONE', #521, #5399, #4853 ) ;
#6225 = ORIENTED_EDGE ( 'NONE', *, *, #7707, .F. ) ;
#6226 = CIRCLE ( 'NONE', #4640, 4.990000000000003766 ) ;
#6227 = CARTESIAN_POINT ( 'NONE',  ( 0.000000000000000000, 35.39999999999999858, -45.00000000000000711 ) ) ;
#6228 = ORIENTED_EDGE ( 'NONE', *, *, #6272, .F. ) ;
#6229 = CYLINDRICAL_SURFACE ( 'NONE', #3519, 4.790000000000006253 ) ;
#6230 = AXIS2_PLACEMENT_3D ( 'NONE', #7187, #100, #2696 ) ;
#6231 = ORIENTED_EDGE ( 'NONE', *, *, #7343, .T. ) ;
#6232 = FACE_OUTER_BOUND ( 'NONE', #4612, .T. ) ;
#6233 = VECTOR ( 'NONE', #3925, 1000.000000000000000 ) ;
#6234 = DIRECTION ( 'NONE',  ( 0.000000000000000000, 0.000000000000000000, -1.000000000000000000 ) ) ;
#6235 = CIRCLE ( 'NONE', #5398, 5.000000000000000000 ) ;
#6236 = CIRCLE ( 'NONE', #6357, 45.00000000000000711 ) ;
#6237 = ORIENTED_EDGE ( 'NONE', *, *, #7489, .F. ) ;
#6238 = LINE ( 'NONE', #5535, #888 ) ;
#6239 = CIRCLE ( 'NONE', #7805, 9.999999999999994671 ) ;
#6240 = CIRCLE ( 'NONE', #697, 1.999999999999998224 ) ;
#6241 = EDGE_LOOP ( 'NONE', ( #3233, #5779 ) ) ;
#6242 = CARTESIAN_POINT ( 'NONE',  ( 5.449678256205721981E-15, 13.39999999999999858, -44.50000000000000711 ) ) ;
#6243 = CARTESIAN_POINT ( 'NONE',  ( 17.29161646579058242, 29.80000000000000426, -4.999999999999994671 ) ) ;
#6244 = PRODUCT ( 'Link3LowerShaft', 'Link3LowerShaft', '', ( #3647 ) ) ;
#6245 = AXIS2_PLACEMENT_3D ( 'NONE', #3244, #4144, #5232 ) ;
#6246 = DIRECTION ( 'NONE',  ( -1.000000000000000000, -0.000000000000000000, -0.000000000000000000 ) ) ;
#6247 = CIRCLE ( 'NONE', #1352, 45.00000000000000711 ) ;
#6248 = PLANE ( 'NONE',  #2143 ) ;
#6249 = VERTEX_POINT ( 'NONE', #5848 ) ;
#6250 = EDGE_CURVE ( 'NONE', #336, #7515, #2197, .T. ) ;
#6251 = ORIENTED_EDGE ( 'NONE', *, *, #606, .F. ) ;
#6252 = DIRECTION ( 'NONE',  ( -0.000000000000000000, 1.000000000000000000, -0.000000000000000000 ) ) ;
#6253 = AXIS2_PLACEMENT_3D ( 'NONE', #5509, #6734, #1822 ) ;
#6254 = CIRCLE ( 'NONE', #1490, 2.499999999999996891 ) ;
#6255 = DIRECTION ( 'NONE',  ( 0.000000000000000000, 0.000000000000000000, 1.000000000000000000 ) ) ;
#6256 = DIRECTION ( 'NONE',  ( 0.000000000000000000, -0.000000000000000000, 1.000000000000000000 ) ) ;
#6257 = EDGE_CURVE ( 'NONE', #7781, #1743, #8118, .T. ) ;
#6258 = LINE ( 'NONE', #2680, #1983 ) ;
#6259 = DIRECTION ( 'NONE',  ( 0.000000000000000000, 0.000000000000000000, 1.000000000000000000 ) ) ;
#6260 = EDGE_CURVE ( 'NONE', #1856, #4409, #7068, .T. ) ;
#6261 = ADVANCED_FACE ( 'NONE', ( #7237, #4027 ), #2076, .T. ) ;
#6262 = ORIENTED_EDGE ( 'NONE', *, *, #3963, .F. ) ;
#6263 = DIRECTION ( 'NONE',  ( 0.000000000000000000, -1.000000000000000000, 0.000000000000000000 ) ) ;
#6264 = ADVANCED_FACE ( 'NONE', ( #6589 ), #7896, .T. ) ;
#6265 = EDGE_LOOP ( 'NONE', ( #1208, #3938, #671, #4990, #4151, #6225 ) ) ;
#6266 = DIRECTION ( 'NONE',  ( -0.000000000000000000, -1.000000000000000000, -0.000000000000000000 ) ) ;
#6267 = CARTESIAN_POINT ( 'NONE',  ( -16.00000000000000000, 0.000000000000000000, 1.649999999999887335 ) ) ;
#6268 = DIRECTION ( 'NONE',  ( -0.000000000000000000, 1.000000000000000000, -0.000000000000000000 ) ) ;
#6269 = DIRECTION ( 'NONE',  ( -0.000000000000000000, 1.000000000000000000, -0.000000000000000000 ) ) ;
#6270 =( NAMED_UNIT ( * ) SI_UNIT ( $, .STERADIAN. ) SOLID_ANGLE_UNIT ( ) );
#6271 = EDGE_LOOP ( 'NONE', ( #3298, #7792, #4533, #3382 ) ) ;
#6272 = EDGE_CURVE ( 'NONE', #2684, #7924, #4608, .T. ) ;
#6273 = FACE_BOUND ( 'NONE', #2465, .T. ) ;
#6274 = EDGE_LOOP ( 'NONE', ( #3558, #181 ) ) ;
#6275 = DIRECTION ( 'NONE',  ( -0.000000000000000000, 1.000000000000000000, -0.000000000000000000 ) ) ;
#6276 = FACE_OUTER_BOUND ( 'NONE', #7586, .T. ) ;
#6277 = CYLINDRICAL_SURFACE ( 'NONE', #5809, 1.649999999999998579 ) ;
#6278 = ORIENTED_EDGE ( 'NONE', *, *, #1284, .T. ) ;
#6279 = LINE ( 'NONE', #116, #4181 ) ;
#6280 = ORIENTED_EDGE ( 'NONE', *, *, #2761, .T. ) ;
#6281 = DIRECTION ( 'NONE',  ( -0.000000000000000000, 1.000000000000000000, -0.000000000000000000 ) ) ;
#6282 = CARTESIAN_POINT ( 'NONE',  ( -25.00000000000000000, 0.000000000000000000, 230.0000000000000000 ) ) ;
#6283 = CARTESIAN_POINT ( 'NONE',  ( 0.000000000000000000, 0.000000000000000000, 0.000000000000000000 ) ) ;
#6284 = DIRECTION ( 'NONE',  ( -0.000000000000000000, -0.000000000000000000, -1.000000000000000000 ) ) ;
#6285 = ORIENTED_EDGE ( 'NONE', *, *, #3231, .T. ) ;
#6286 = VERTEX_POINT ( 'NONE', #198 ) ;
#6287 = DIRECTION ( 'NONE',  ( 0.000000000000000000, 0.000000000000000000, 1.000000000000000000 ) ) ;
#6288 = ORIENTED_EDGE ( 'NONE', *, *, #4574, .F. ) ;
#6289 = DIRECTION ( 'NONE',  ( 0.000000000000000000, 0.000000000000000000, 1.000000000000000000 ) ) ;
#6290 = AXIS2_PLACEMENT_3D ( 'NONE', #1386, #150, #2664 ) ;
#6291 = FACE_OUTER_BOUND ( 'NONE', #2374, .T. ) ;
#6292 = EDGE_CURVE ( 'NONE', #667, #196, #6024, .T. ) ;
#6293 = ORIENTED_EDGE ( 'NONE', *, *, #1394, .F. ) ;
#6294 = CARTESIAN_POINT ( 'NONE',  ( 39.50000000000000711, 0.000000000000000000, 0.000000000000000000 ) ) ;
#6295 = ORIENTED_EDGE ( 'NONE', *, *, #1444, .T. ) ;
#6296 = EDGE_CURVE ( 'NONE', #724, #5822, #861, .T. ) ;
#6297 = DIRECTION ( 'NONE',  ( -0.000000000000000000, -0.000000000000000000, 1.000000000000000000 ) ) ;
#6298 = CARTESIAN_POINT ( 'NONE',  ( 26.00000000000000000, 0.000000000000000000, 4.990000000000003766 ) ) ;
#6299 = CARTESIAN_POINT ( 'NONE',  ( 11.31370849898474162, -4.666904755831215112, 12.96370849898478284 ) ) ;
#6300 = ADVANCED_FACE ( 'NONE', ( #6550 ), #3400, .F. ) ;
#6301 = DIRECTION ( 'NONE',  ( -0.000000000000000000, -0.000000000000000000, 1.000000000000000000 ) ) ;
#6302 = CIRCLE ( 'NONE', #4984, 4.990000000000002878 ) ;
#6303 = ORIENTED_EDGE ( 'NONE', *, *, #4028, .T. ) ;
#6304 = DIRECTION ( 'NONE',  ( 0.000000000000000000, 0.000000000000000000, 1.000000000000000000 ) ) ;
#6305 = ORIENTED_EDGE ( 'NONE', *, *, #3689, .T. ) ;
#6306 = DIRECTION ( 'NONE',  ( 0.000000000000000000, 0.000000000000000000, 1.000000000000000000 ) ) ;
#6307 = AXIS2_PLACEMENT_3D ( 'NONE', #5056, #2447, #8137 ) ;
#6308 = EDGE_CURVE ( 'NONE', #1921, #3579, #1268, .T. ) ;
#6309 = APPLICATION_CONTEXT ( 'automotive_design' ) ;
#6310 = CARTESIAN_POINT ( 'NONE',  ( 0.000000000000000000, 13.40000000000000213, 44.50000000000000711 ) ) ;
#6311 = SURFACE_SIDE_STYLE ('',( #1842 ) ) ;
#6312 = AXIS2_PLACEMENT_3D ( 'NONE', #423, #2938, #7350 ) ;
#6313 = ORIENTED_EDGE ( 'NONE', *, *, #7794, .T. ) ;
#6314 = DIRECTION ( 'NONE',  ( 0.000000000000000000, 0.000000000000000000, 1.000000000000000000 ) ) ;
#6315 = EDGE_LOOP ( 'NONE', ( #571, #874, #2880, #4459 ) ) ;
#6316 = CIRCLE ( 'NONE', #118, 42.79999999999996874 ) ;
#6317 = DIRECTION ( 'NONE',  ( -0.000000000000000000, 1.000000000000000000, -0.000000000000000000 ) ) ;
#6318 = FACE_OUTER_BOUND ( 'NONE', #16, .T. ) ;
#6319 = VECTOR ( 'NONE', #111, 1000.000000000000000 ) ;
#6320 = CLOSED_SHELL ( 'NONE', ( #4951, #1331, #363, #7285, #7126, #2308, #4525, #8112, #6212, #2335, #6394, #1448, #2771, #3226, #5566, #3785, #4363, #6220, #5595, #1245, #5885, #3163, #7103, #7590, #6699, #6409, #5702, #7496, #2503, #2506, #3816, #2453, #8060, #2108, #351, #6261, #692, #2236, #7638, #2046, #7743, #7388, #1852, #1500, #711, #6948, #6507, #1809, #5023, #2463, #1818, #6441, #394, #2747, #345, #6845, #6847, #603, #7313, #6937, #6716, #8056, #7666, #5093, #4638, #1699, #6102, #7749, #4722, #1750, #62, #45 ) ) ;
#6321 = FACE_OUTER_BOUND ( 'NONE', #6217, .T. ) ;
#6322 = DIRECTION ( 'NONE',  ( -0.000000000000000000, -1.000000000000000000, -0.000000000000000000 ) ) ;
#6323 = ORIENTED_EDGE ( 'NONE', *, *, #3869, .T. ) ;
#6324 = ORIENTED_EDGE ( 'NONE', *, *, #2040, .F. ) ;
#6325 = ORIENTED_EDGE ( 'NONE', *, *, #2815, .F. ) ;
#6326 = DIRECTION ( 'NONE',  ( -0.000000000000000000, -1.000000000000000000, -0.000000000000000000 ) ) ;
#6327 = VERTEX_POINT ( 'NONE', #6753 ) ;
#6328 = FACE_OUTER_BOUND ( 'NONE', #3425, .T. ) ;
#6329 = DIRECTION ( 'NONE',  ( 0.000000000000000000, 0.000000000000000000, 1.000000000000000000 ) ) ;
#6330 = ORIENTED_EDGE ( 'NONE', *, *, #4466, .T. ) ;
#6331 = LINE ( 'NONE', #8059, #1887 ) ;
#6332 = ORIENTED_EDGE ( 'NONE', *, *, #5348, .T. ) ;
#6333 = DIRECTION ( 'NONE',  ( 0.000000000000000000, 1.000000000000000000, 0.000000000000000000 ) ) ;
#6334 = DIRECTION ( 'NONE',  ( 0.000000000000000000, 0.000000000000000000, -1.000000000000000000 ) ) ;
#6335 = DIRECTION ( 'NONE',  ( -1.000000000000000000, -0.000000000000000000, -0.000000000000000000 ) ) ;
#6336 = CARTESIAN_POINT ( 'NONE',  ( 0.000000000000000000, 0.000000000000000000, 4.990000000000002878 ) ) ;
#6337 = MECHANICAL_DESIGN_GEOMETRIC_PRESENTATION_REPRESENTATION (  '', ( #1075 ), #6735 ) ;
#6338 = EDGE_LOOP ( 'NONE', ( #3917, #7331 ) ) ;
#6339 = LINE ( 'NONE', #686, #1617 ) ;
#6340 = ORIENTED_EDGE ( 'NONE', *, *, #4398, .F. ) ;
#6341 = DIRECTION ( 'NONE',  ( 1.000000000000000000, 0.000000000000000000, 0.000000000000000000 ) ) ;
#6342 = COLOUR_RGB ( '',0.7921568627450980005, 0.8196078431372548767, 0.9333333333333333481 ) ;
#6343 = EDGE_CURVE ( 'NONE', #7732, #3967, #7402, .T. ) ;
#6344 = CARTESIAN_POINT ( 'NONE',  ( 0.000000000000000000, 13.39999999999999858, 0.000000000000000000 ) ) ;
#6345 = DIRECTION ( 'NONE',  ( -0.000000000000000000, 1.000000000000000000, -0.000000000000000000 ) ) ;
#6346 = COLOUR_RGB ( '',0.7921568627450980005, 0.8196078431372548767, 0.9333333333333333481 ) ;
#6347 = PRESENTATION_STYLE_ASSIGNMENT (( #8115 ) ) ;
#6348 = VECTOR ( 'NONE', #2697, 1000.000000000000000 ) ;
#6349 = CIRCLE ( 'NONE', #5024, 4.990000000000002878 ) ;
#6350 = EDGE_CURVE ( 'NONE', #1363, #4177, #7320, .T. ) ;
#6351 = EDGE_CURVE ( 'NONE', #6988, #3369, #6161, .T. ) ;
#6352 = VERTEX_POINT ( 'NONE', #1188 ) ;
#6353 = DIRECTION ( 'NONE',  ( -1.000000000000000000, -0.000000000000000000, -0.000000000000000000 ) ) ;
#6354 = EDGE_CURVE ( 'NONE', #6908, #7144, #2587, .T. ) ;
#6355 = EDGE_LOOP ( 'NONE', ( #5530, #8027, #2729, #3550 ) ) ;
#6356 = CIRCLE ( 'NONE', #3446, 2.499999999999998668 ) ;
#6357 = AXIS2_PLACEMENT_3D ( 'NONE', #1454, #7226, #4639 ) ;
#6358 = DIRECTION ( 'NONE',  ( -0.000000000000000000, 1.000000000000000000, -0.000000000000000000 ) ) ;
#6359 = DIRECTION ( 'NONE',  ( 0.000000000000000000, 1.000000000000000000, 0.000000000000000000 ) ) ;
#6360 = FACE_BOUND ( 'NONE', #3175, .T. ) ;
#6361 = DIRECTION ( 'NONE',  ( 0.000000000000000000, 0.000000000000000000, 1.000000000000000000 ) ) ;
#6362 = VECTOR ( 'NONE', #7920, 1000.000000000000000 ) ;
#6363 = ORIENTED_EDGE ( 'NONE', *, *, #2602, .F. ) ;
#6364 = AXIS2_PLACEMENT_3D ( 'NONE', #4831, #7338, #7427 ) ;
#6365 = ADVANCED_FACE ( 'NONE', ( #7443 ), #2325, .T. ) ;
#6366 = ORIENTED_EDGE ( 'NONE', *, *, #6308, .T. ) ;
#6367 = ADVANCED_FACE ( 'NONE', ( #3654 ), #1753, .T. ) ;
#6368 = ORIENTED_EDGE ( 'NONE', *, *, #59, .F. ) ;
#6369 = CARTESIAN_POINT ( 'NONE',  ( 0.000000000000000000, 17.80000000000000426, 0.000000000000000000 ) ) ;
#6370 = ORIENTED_EDGE ( 'NONE', *, *, #8097, .F. ) ;
#6371 = CARTESIAN_POINT ( 'NONE',  ( 16.86149459567567988, 34.20000000000000284, -6.299999999999994493 ) ) ;
#6372 = DIRECTION ( 'NONE',  ( 1.000000000000000000, 0.000000000000000000, 0.000000000000000000 ) ) ;
#6373 = EDGE_LOOP ( 'NONE', ( #2030, #7985 ) ) ;
#6374 = VECTOR ( 'NONE', #5565, 1000.000000000000000 ) ;
#6375 = CARTESIAN_POINT ( 'NONE',  ( 1.999999999999999112, -10.77032961426900748, 4.582575694955840717 ) ) ;
#6376 = CIRCLE ( 'NONE', #1624, 1.649999999999998801 ) ;
#6377 = VERTEX_POINT ( 'NONE', #2448 ) ;
#6378 = CARTESIAN_POINT ( 'NONE',  ( 0.000000000000000000, 0.000000000000000000, 0.000000000000000000 ) ) ;
#6379 = CARTESIAN_POINT ( 'NONE',  ( 0.000000000000000000, 15.59999999999999964, 0.000000000000000000 ) ) ;
#6380 = DIRECTION ( 'NONE',  ( -0.000000000000000000, 1.000000000000000000, -0.000000000000000000 ) ) ;
#6381 = AXIS2_PLACEMENT_3D ( 'NONE', #672, #6866, #559 ) ;
#6382 = CARTESIAN_POINT ( 'NONE',  ( 14.00000000000000000, 2.000000000000002665, 7.228416147400479552 ) ) ;
#6383 = AXIS2_PLACEMENT_3D ( 'NONE', #6966, #1480, #250 ) ;
#6384 =( LENGTH_UNIT ( ) NAMED_UNIT ( * ) SI_UNIT ( .MILLI., .METRE. ) );
#6385 = EDGE_LOOP ( 'NONE', ( #4746, #3683 ) ) ;
#6386 = CARTESIAN_POINT ( 'NONE',  ( -5.586370142149013368E-14, 10.00000000000000000, 17.64999999999999858 ) ) ;
#6387 = ORIENTED_EDGE ( 'NONE', *, *, #5187, .F. ) ;
#6388 = CARTESIAN_POINT ( 'NONE',  ( -7.332110811570580046E-14, 34.20000000000000284, 21.00000000000000000 ) ) ;
#6389 = AXIS2_PLACEMENT_3D ( 'NONE', #2028, #2656, #5307 ) ;
#6390 = DIRECTION ( 'NONE',  ( -0.000000000000000000, -1.000000000000000000, -0.000000000000000000 ) ) ;
#6391 = DIRECTION ( 'NONE',  ( 0.000000000000000000, 0.000000000000000000, 1.000000000000000000 ) ) ;
#6392 = CARTESIAN_POINT ( 'NONE',  ( 11.31370849898465991, 7.066904755831209251, -11.31370849898485886 ) ) ;
#6393 = ORIENTED_EDGE ( 'NONE', *, *, #5644, .T. ) ;
#6394 = ADVANCED_FACE ( 'NONE', ( #6708 ), #4229, .F. ) ;
#6395 = DIRECTION ( 'NONE',  ( 0.000000000000000000, 0.000000000000000000, -1.000000000000000000 ) ) ;
#6396 = VERTEX_POINT ( 'NONE', #4851 ) ;
#6397 = ADVANCED_FACE ( 'NONE', ( #6219 ), #3566, .F. ) ;
#6398 = DIRECTION ( 'NONE',  ( 0.000000000000000000, 0.000000000000000000, 1.000000000000000000 ) ) ;
#6399 = DIRECTION ( 'NONE',  ( -0.000000000000000000, -1.000000000000000000, -0.000000000000000000 ) ) ;
#6400 = EDGE_CURVE ( 'NONE', #3101, #1542, #3651, .T. ) ;
#6401 = CARTESIAN_POINT ( 'NONE',  ( 0.000000000000000000, 0.000000000000000000, 0.000000000000000000 ) ) ;
#6402 = EDGE_CURVE ( 'NONE', #1992, #1442, #4174, .T. ) ;
#6403 = LINE ( 'NONE', #3338, #7274 ) ;
#6404 = DIRECTION ( 'NONE',  ( -0.000000000000000000, 1.000000000000000000, -0.000000000000000000 ) ) ;
#6405 = ORIENTED_EDGE ( 'NONE', *, *, #7557, .T. ) ;
#6406 = ORIENTED_EDGE ( 'NONE', *, *, #5505, .F. ) ;
#6407 = VERTEX_POINT ( 'NONE', #7941 ) ;
#6408 = CARTESIAN_POINT ( 'NONE',  ( 5.586370142149013368E-14, -2.500000000000000000, 14.35000000000000142 ) ) ;
#6409 = ADVANCED_FACE ( 'NONE', ( #4276 ), #565, .T. ) ;
#6410 = ORIENTED_EDGE ( 'NONE', *, *, #1564, .F. ) ;
#6411 = DIRECTION ( 'NONE',  ( -1.000000000000000000, -0.000000000000000000, -0.000000000000000000 ) ) ;
#6412 = CARTESIAN_POINT ( 'NONE',  ( 3.000000000000000000, 0.000000000000000000, 4.990000000000000213 ) ) ;
#6413 = APPLICATION_CONTEXT ( 'automotive_design' ) ;
#6414 = ORIENTED_EDGE ( 'NONE', *, *, #953, .F. ) ;
#6415 = DIRECTION ( 'NONE',  ( 0.000000000000000000, 0.000000000000000000, 1.000000000000000000 ) ) ;
#6416 = ORIENTED_EDGE ( 'NONE', *, *, #871, .T. ) ;
#6417 = CARTESIAN_POINT ( 'NONE',  ( 16.00000000000000000, 10.00000000000000000, 0.000000000000000000 ) ) ;
#6418 = DIRECTION ( 'NONE',  ( -1.000000000000000000, -0.000000000000000000, -0.000000000000000000 ) ) ;
#6419 = DIRECTION ( 'NONE',  ( 0.000000000000000000, 0.000000000000000000, 1.000000000000000000 ) ) ;
#6420 = CARTESIAN_POINT ( 'NONE',  ( -16.86149459567567632, 34.20000000000000284, -6.299999999999996270 ) ) ;
#6421 = CARTESIAN_POINT ( 'NONE',  ( 8.678294344679048687E-14, -1.402990361231192372E-14, -191.8000000000000398 ) ) ;
#6422 = VECTOR ( 'NONE', #4941, 1000.000000000000000 ) ;
#6423 = ORIENTED_EDGE ( 'NONE', *, *, #3532, .T. ) ;
#6424 = CARTESIAN_POINT ( 'NONE',  ( 0.000000000000000000, 10.00000000000000000, -27.00000000000000000 ) ) ;
#6425 = ORIENTED_EDGE ( 'NONE', *, *, #2604, .T. ) ;
#6426 = DIRECTION ( 'NONE',  ( 0.000000000000000000, 0.000000000000000000, 1.000000000000000000 ) ) ;
#6427 = DIRECTION ( 'NONE',  ( 0.000000000000000000, 0.000000000000000000, 1.000000000000000000 ) ) ;
#6428 = DIRECTION ( 'NONE',  ( -0.000000000000000000, -1.000000000000000000, -0.000000000000000000 ) ) ;
#6429 = VECTOR ( 'NONE', #998, 1000.000000000000000 ) ;
#6430 = DIRECTION ( 'NONE',  ( 0.000000000000000000, 0.000000000000000000, 1.000000000000000000 ) ) ;
#6431 = DIRECTION ( 'NONE',  ( -0.000000000000000000, -1.000000000000000000, -0.000000000000000000 ) ) ;
#6432 = ORIENTED_EDGE ( 'NONE', *, *, #1770, .F. ) ;
#6433 = AXIS2_PLACEMENT_3D ( 'NONE', #1993, #5142, #3242 ) ;
#6434 = LINE ( 'NONE', #7575, #5238 ) ;
#6435 = ORIENTED_EDGE ( 'NONE', *, *, #4246, .F. ) ;
#6436 = CARTESIAN_POINT ( 'NONE',  ( -21.00000000000000000, 22.72893218813453231, -1.466422162314116009E-13 ) ) ;
#6437 = CARTESIAN_POINT ( 'NONE',  ( -5.000000000000001776, 34.20000000000000284, -23.00000000000000000 ) ) ;
#6438 = PRODUCT ( 'MotorBackCap', 'MotorBackCap', '', ( #2189 ) ) ;
#6439 = CARTESIAN_POINT ( 'NONE',  ( 0.000000000000000000, 0.000000000000000000, 0.000000000000000000 ) ) ;
#6440 = AXIS2_PLACEMENT_3D ( 'NONE', #6749, #2863, #6178 ) ;
#6441 = ADVANCED_FACE ( 'NONE', ( #1708 ), #1107, .T. ) ;
#6442 = DIRECTION ( 'NONE',  ( 0.000000000000000000, 0.000000000000000000, -1.000000000000000000 ) ) ;
#6443 = CYLINDRICAL_SURFACE ( 'NONE', #1495, 2.000000000000001776 ) ;
#6444 = ORIENTED_EDGE ( 'NONE', *, *, #4560, .T. ) ;
#6445 = ORIENTED_EDGE ( 'NONE', *, *, #5757, .T. ) ;
#6446 = CIRCLE ( 'NONE', #2075, 29.75000000000000000 ) ;
#6447 = ORIENTED_EDGE ( 'NONE', *, *, #3726, .T. ) ;
#6448 = CARTESIAN_POINT ( 'NONE',  ( 16.00000000000000000, -2.500000000000000000, -1.117274028429802674E-13 ) ) ;
#6449 = EDGE_CURVE ( 'NONE', #780, #7273, #3032, .T. ) ;
#6450 = ORIENTED_EDGE ( 'NONE', *, *, #3777, .T. ) ;
#6451 = DIRECTION ( 'NONE',  ( 1.000000000000000000, 0.000000000000000000, 0.000000000000000000 ) ) ;
#6452 = LINE ( 'NONE', #259, #4250 ) ;
#6453 = AXIS2_PLACEMENT_3D ( 'NONE', #4042, #916, #2970 ) ;
#6454 = ADVANCED_FACE ( 'NONE', ( #4893 ), #4814, .T. ) ;
#6455 = ADVANCED_FACE ( 'NONE', ( #1328 ), #6912, .T. ) ;
#6456 = ORIENTED_EDGE ( 'NONE', *, *, #2350, .T. ) ;
#6457 = ORIENTED_EDGE ( 'NONE', *, *, #6744, .F. ) ;
#6458 = FACE_OUTER_BOUND ( 'NONE', #158, .T. ) ;
#6459 = EDGE_CURVE ( 'NONE', #3838, #918, #7028, .T. ) ;
#6460 = FACE_BOUND ( 'NONE', #1538, .T. ) ;
#6461 = CYLINDRICAL_SURFACE ( 'NONE', #1216, 45.00000000000000711 ) ;
#6462 = CARTESIAN_POINT ( 'NONE',  ( -7.332110811570580046E-14, 22.72893218813453231, 21.00000000000000000 ) ) ;
#6463 = ORIENTED_EDGE ( 'NONE', *, *, #2607, .F. ) ;
#6464 = ORIENTED_EDGE ( 'NONE', *, *, #1364, .F. ) ;
#6465 = DIRECTION ( 'NONE',  ( 0.000000000000000000, 0.000000000000000000, 1.000000000000000000 ) ) ;
#6466 = EDGE_LOOP ( 'NONE', ( #5029, #7370 ) ) ;
#6467 = CYLINDRICAL_SURFACE ( 'NONE', #7217, 1.649999999999997025 ) ;
#6468 = ADVANCED_FACE ( 'NONE', ( #2650 ), #3113, .F. ) ;
#6469 = CARTESIAN_POINT ( 'NONE',  ( 0.000000000000000000, 0.000000000000000000, 4.790000000000006253 ) ) ;
#6470 = DIRECTION ( 'NONE',  ( -1.000000000000000000, -0.000000000000000000, -1.125218710432733156E-16 ) ) ;
#6471 = CARTESIAN_POINT ( 'NONE',  ( -1.999999999999999556, 4.582575694955840717, 20.00000000000000000 ) ) ;
#6472 = CARTESIAN_POINT ( 'NONE',  ( 103.3000000000000114, 2.000000000000000000, -4.571662717217892968 ) ) ;
#6473 = ORIENTED_EDGE ( 'NONE', *, *, #3475, .T. ) ;
#6474 = CARTESIAN_POINT ( 'NONE',  ( -1.675911042644704011E-13, -2.500000000000000000, -15.99999999999999645 ) ) ;
#6475 = PRESENTATION_LAYER_ASSIGNMENT (  '', '', ( #1718 ) ) ;
#6476 = ORIENTED_EDGE ( 'NONE', *, *, #5505, .T. ) ;
#6477 = DIRECTION ( 'NONE',  ( 0.000000000000000000, 0.000000000000000000, -1.000000000000000000 ) ) ;
#6478 = CIRCLE ( 'NONE', #942, 1.649999999999998579 ) ;
#6479 = SURFACE_STYLE_FILL_AREA ( #5862 ) ;
#6480 = AXIS2_PLACEMENT_3D ( 'NONE', #5498, #7426, #1775 ) ;
#6481 = CYLINDRICAL_SURFACE ( 'NONE', #5178, 25.00000000000000000 ) ;
#6482 = CIRCLE ( 'NONE', #5817, 4.790000000000006253 ) ;
#6483 = FACE_BOUND ( 'NONE', #7146, .T. ) ;
#6484 = ORIENTED_EDGE ( 'NONE', *, *, #502, .F. ) ;
#6485 = VERTEX_POINT ( 'NONE', #3854 ) ;
#6486 = AXIS2_PLACEMENT_3D ( 'NONE', #5224, #887, #5182 ) ;
#6487 = VECTOR ( 'NONE', #6639, 1000.000000000000000 ) ;
#6488 = AXIS2_PLACEMENT_3D ( 'NONE', #7069, #803, #2769 ) ;
#6489 = VERTEX_POINT ( 'NONE', #3194 ) ;
#6490 = CYLINDRICAL_SURFACE ( 'NONE', #8054, 81.25000000000009948 ) ;
#6491 = ORIENTED_EDGE ( 'NONE', *, *, #4030, .T. ) ;
#6492 = AXIS2_PLACEMENT_3D ( 'NONE', #928, #6696, #4762 ) ;
#6493 = DIRECTION ( 'NONE',  ( -1.000000000000000000, -0.000000000000000000, -1.125218710432733156E-16 ) ) ;
#6494 = VECTOR ( 'NONE', #595, 1000.000000000000000 ) ;
#6495 = CYLINDRICAL_SURFACE ( 'NONE', #7002, 1.649999999999998801 ) ;
#6496 = AXIS2_PLACEMENT_3D ( 'NONE', #6904, #8129, #7018 ) ;
#6497 = EDGE_CURVE ( 'NONE', #6377, #3701, #18, .T. ) ;
#6498 = ORIENTED_EDGE ( 'NONE', *, *, #3234, .F. ) ;
#6499 = EDGE_LOOP ( 'NONE', ( #748, #1314 ) ) ;
#6500 = EDGE_CURVE ( 'NONE', #4868, #558, #617, .T. ) ;
#6501 = DIRECTION ( 'NONE',  ( 0.000000000000000000, 0.000000000000000000, 1.000000000000000000 ) ) ;
#6502 = CIRCLE ( 'NONE', #1607, 41.00000000000000000 ) ;
#6503 = CIRCLE ( 'NONE', #702, 9.999999999999994671 ) ;
#6504 = FACE_BOUND ( 'NONE', #4724, .T. ) ;
#6505 = ADVANCED_FACE ( 'NONE', ( #5719 ), #7517, .F. ) ;
#6506 = DIRECTION ( 'NONE',  ( -0.000000000000000000, -1.000000000000000000, -0.000000000000000000 ) ) ;
#6507 = ADVANCED_FACE ( 'NONE', ( #1911 ), #3150, .F. ) ;
#6508 = CYLINDRICAL_SURFACE ( 'NONE', #1595, 44.50000000000000711 ) ;
#6509 = EDGE_CURVE ( 'NONE', #4347, #1493, #1943, .T. ) ;
#6510 = AXIS2_PLACEMENT_3D ( 'NONE', #1012, #6042, #6391 ) ;
#6511 = PRODUCT_CONTEXT ( 'NONE', #6413, 'mechanical' ) ;
#6512 = AXIS2_PLACEMENT_3D ( 'NONE', #5657, #5034, #4450 ) ;
#6513 = VERTEX_POINT ( 'NONE', #6298 ) ;
#6514 = DIRECTION ( 'NONE',  ( 0.000000000000000000, 0.000000000000000000, 1.000000000000000000 ) ) ;
#6515 = VERTEX_POINT ( 'NONE', #3739 ) ;
#6516 = DIRECTION ( 'NONE',  ( -0.000000000000000000, 1.000000000000000000, -0.000000000000000000 ) ) ;
#6517 = DIRECTION ( 'NONE',  ( 0.000000000000000000, 0.000000000000000000, 1.000000000000000000 ) ) ;
#6518 = CARTESIAN_POINT ( 'NONE',  ( 11.76470588235293668, 22.05882352941176805, 210.0000000000000284 ) ) ;
#6519 = AXIS2_PLACEMENT_3D ( 'NONE', #7358, #6703, #2861 ) ;
#6520 = VECTOR ( 'NONE', #6284, 1000.000000000000000 ) ;
#6521 = LINE ( 'NONE', #326, #1325 ) ;
#6522 = EDGE_LOOP ( 'NONE', ( #7059, #881 ) ) ;
#6523 =( GEOMETRIC_REPRESENTATION_CONTEXT ( 3 ) GLOBAL_UNCERTAINTY_ASSIGNED_CONTEXT ( ( #1567 ) ) GLOBAL_UNIT_ASSIGNED_CONTEXT ( ( #1380, #5097, #1914 ) ) REPRESENTATION_CONTEXT ( 'NONE', 'WORKASPACE' ) );
#6524 = DIRECTION ( 'NONE',  ( 0.000000000000000000, -0.000000000000000000, -1.000000000000000000 ) ) ;
#6525 = ORIENTED_EDGE ( 'NONE', *, *, #7564, .F. ) ;
#6526 = CARTESIAN_POINT ( 'NONE',  ( 2.000000000000000000, 4.582575694955840717, 0.000000000000000000 ) ) ;
#6527 =( LENGTH_UNIT ( ) NAMED_UNIT ( * ) SI_UNIT ( .MILLI., .METRE. ) );
#6528 = FACE_OUTER_BOUND ( 'NONE', #1634, .T. ) ;
#6529 = PLANE ( 'NONE',  #4802 ) ;
#6530 = ORIENTED_EDGE ( 'NONE', *, *, #5512, .T. ) ;
#6531 = ORIENTED_EDGE ( 'NONE', *, *, #301, .T. ) ;
#6532 = ORIENTED_EDGE ( 'NONE', *, *, #6614, .T. ) ;
#6533 = CARTESIAN_POINT ( 'NONE',  ( 11.31370849898490150, -4.666904755831215112, -11.31370849898462261 ) ) ;
#6534 = VERTEX_POINT ( 'NONE', #761 ) ;
#6535 = DIRECTION ( 'NONE',  ( 0.000000000000000000, 0.000000000000000000, 1.000000000000000000 ) ) ;
#6536 = EDGE_CURVE ( 'NONE', #3086, #7625, #7479, .T. ) ;
#6537 = FACE_OUTER_BOUND ( 'NONE', #1549, .T. ) ;
#6538 = ORIENTED_EDGE ( 'NONE', *, *, #4176, .F. ) ;
#6539 = VERTEX_POINT ( 'NONE', #3894 ) ;
#6540 = CARTESIAN_POINT ( 'NONE',  ( 0.000000000000000000, 10.00000000000000000, 0.000000000000000000 ) ) ;
#6541 = CARTESIAN_POINT ( 'NONE',  ( 1.224646799147250347E-18, 0.000000000000000000, 0.000000000000000000 ) ) ;
#6542 = FACE_OUTER_BOUND ( 'NONE', #172, .T. ) ;
#6543 = DIRECTION ( 'NONE',  ( -0.000000000000000000, 1.000000000000000000, -0.000000000000000000 ) ) ;
#6544 = EDGE_CURVE ( 'NONE', #956, #688, #5438, .T. ) ;
#6545 = EDGE_CURVE ( 'NONE', #558, #4868, #4508, .T. ) ;
#6546 = ORIENTED_EDGE ( 'NONE', *, *, #247, .F. ) ;
#6547 = FACE_OUTER_BOUND ( 'NONE', #7308, .T. ) ;
#6548 = ORIENTED_EDGE ( 'NONE', *, *, #7542, .T. ) ;
#6549 = DIRECTION ( 'NONE',  ( 0.000000000000000000, 0.000000000000000000, 1.000000000000000000 ) ) ;
#6550 = FACE_OUTER_BOUND ( 'NONE', #931, .T. ) ;
#6551 = EDGE_CURVE ( 'NONE', #7561, #6396, #1223, .T. ) ;
#6552 = DIRECTION ( 'NONE',  ( -1.000000000000000000, -0.000000000000000000, -0.000000000000000000 ) ) ;
#6553 = DIRECTION ( 'NONE',  ( -1.000000000000000000, -0.000000000000000000, -0.000000000000000000 ) ) ;
#6554 = VECTOR ( 'NONE', #1166, 1000.000000000000000 ) ;
#6555 = ORIENTED_EDGE ( 'NONE', *, *, #5457, .F. ) ;
#6556 = EDGE_CURVE ( 'NONE', #7802, #1200, #3276, .T. ) ;
#6557 = FACE_OUTER_BOUND ( 'NONE', #3394, .T. ) ;
#6558 = VECTOR ( 'NONE', #8034, 1000.000000000000000 ) ;
#6559 = EDGE_LOOP ( 'NONE', ( #2146, #369, #3907, #3708 ) ) ;
#6560 = CYLINDRICAL_SURFACE ( 'NONE', #2909, 45.00000000000000711 ) ;
#6561 = EDGE_CURVE ( 'NONE', #5064, #2580, #1222, .T. ) ;
#6562 = CARTESIAN_POINT ( 'NONE',  ( -6.300000000000000711, 34.20000000000000284, -16.86149459567567632 ) ) ;
#6563 = AXIS2_PLACEMENT_3D ( 'NONE', #5728, #610, #772 ) ;
#6564 = CARTESIAN_POINT ( 'NONE',  ( -11.31370849898490150, -2.500000000000000000, -11.31370849898462261 ) ) ;
#6565 = VERTEX_POINT ( 'NONE', #2491 ) ;
#6566 = LINE ( 'NONE', #1412, #3088 ) ;
#6567 = VERTEX_POINT ( 'NONE', #6267 ) ;
#6568 = DIRECTION ( 'NONE',  ( -1.000000000000000000, -0.000000000000000000, -0.000000000000000000 ) ) ;
#6569 = EDGE_CURVE ( 'NONE', #6692, #7504, #601, .T. ) ;
#6570 = CONICAL_SURFACE ( 'NONE', #5521, 45.00000000000000711, 0.7853981633974514986 ) ;
#6571 = EDGE_LOOP ( 'NONE', ( #4007, #710, #2135, #1411 ) ) ;
#6572 = DIRECTION ( 'NONE',  ( 0.000000000000000000, 0.000000000000000000, 1.000000000000000000 ) ) ;
#6573 = LINE ( 'NONE', #2059, #5301 ) ;
#6574 = DIRECTION ( 'NONE',  ( 0.000000000000000000, 0.000000000000000000, 1.000000000000000000 ) ) ;
#6575 = ORIENTED_EDGE ( 'NONE', *, *, #4652, .F. ) ;
#6576 = VERTEX_POINT ( 'NONE', #5013 ) ;
#6577 = DIRECTION ( 'NONE',  ( -0.000000000000000000, -1.000000000000000000, -0.000000000000000000 ) ) ;
#6578 = DIRECTION ( 'NONE',  ( -0.000000000000000000, -1.000000000000000000, -0.000000000000000000 ) ) ;
#6579 = AXIS2_PLACEMENT_3D ( 'NONE', #3591, #4795, #5462 ) ;
#6580 = DIRECTION ( 'NONE',  ( -0.000000000000000000, -1.000000000000000000, -0.000000000000000000 ) ) ;
#6581 = CARTESIAN_POINT ( 'NONE',  ( 11.31370849898490150, 10.00000000000000000, -12.96370849898462119 ) ) ;
#6582 = ORIENTED_EDGE ( 'NONE', *, *, #4169, .F. ) ;
#6583 = ORIENTED_EDGE ( 'NONE', *, *, #5548, .T. ) ;
#6584 = EDGE_LOOP ( 'NONE', ( #255, #5121 ) ) ;
#6585 = CYLINDRICAL_SURFACE ( 'NONE', #4402, 2.000000000000001776 ) ;
#6586 = CIRCLE ( 'NONE', #1958, 45.00000000000000711 ) ;
#6587 = ORIENTED_EDGE ( 'NONE', *, *, #5695, .T. ) ;
#6588 = CARTESIAN_POINT ( 'NONE',  ( 103.3000000000000114, 0.000000000000000000, 0.000000000000000000 ) ) ;
#6589 = FACE_OUTER_BOUND ( 'NONE', #5747, .T. ) ;
#6590 = LINE ( 'NONE', #777, #282 ) ;
#6591 = CYLINDRICAL_SURFACE ( 'NONE', #2908, 4.990000000000004654 ) ;
#6592 = ORIENTED_EDGE ( 'NONE', *, *, #2368, .T. ) ;
#6593 = EDGE_CURVE ( 'NONE', #4139, #4088, #6621, .T. ) ;
#6594 = CARTESIAN_POINT ( 'NONE',  ( 0.000000000000000000, 0.000000000000000000, 0.000000000000000000 ) ) ;
#6595 = ORIENTED_EDGE ( 'NONE', *, *, #3869, .F. ) ;
#6596 = DIRECTION ( 'NONE',  ( 0.000000000000000000, 0.000000000000000000, 1.000000000000000000 ) ) ;
#6597 = CARTESIAN_POINT ( 'NONE',  ( 0.000000000000000000, 2.200000000000021494, -45.00000000000000711 ) ) ;
#6598 = EDGE_CURVE ( 'NONE', #2801, #4499, #4595, .T. ) ;
#6599 = EDGE_CURVE ( 'NONE', #688, #956, #5576, .T. ) ;
#6600 = CARTESIAN_POINT ( 'NONE',  ( -2.000000000000000000, 7.228416147400480440, 230.0000000000000000 ) ) ;
#6601 = ORIENTED_EDGE ( 'NONE', *, *, #3423, .F. ) ;
#6602 = CIRCLE ( 'NONE', #5558, 4.990000000000001101 ) ;
#6603 = EDGE_CURVE ( 'NONE', #5219, #3388, #7791, .T. ) ;
#6604 = LINE ( 'NONE', #335, #5989 ) ;
#6605 = ORIENTED_EDGE ( 'NONE', *, *, #7961, .T. ) ;
#6606 = CARTESIAN_POINT ( 'NONE',  ( -5.000000000000001776, 34.20000000000000284, 23.00000000000000000 ) ) ;
#6607 = CIRCLE ( 'NONE', #5022, 44.50000000000000711 ) ;
#6608 = ORIENTED_EDGE ( 'NONE', *, *, #448, .F. ) ;
#6609 = CARTESIAN_POINT ( 'NONE',  ( 26.00000000000000355, 0.000000000000000000, 0.000000000000000000 ) ) ;
#6610 = CIRCLE ( 'NONE', #5432, 7.490000000000001990 ) ;
#6611 = DIRECTION ( 'NONE',  ( -1.000000000000000000, -0.000000000000000000, -0.000000000000000000 ) ) ;
#6612 = PLANE ( 'NONE',  #2804 ) ;
#6613 = EDGE_CURVE ( 'NONE', #5822, #1191, #7663, .T. ) ;
#6614 = EDGE_CURVE ( 'NONE', #7769, #2599, #8064, .T. ) ;
#6615 = VECTOR ( 'NONE', #1016, 1000.000000000000000 ) ;
#6616 = ORIENTED_EDGE ( 'NONE', *, *, #3815, .F. ) ;
#6617 = ORIENTED_EDGE ( 'NONE', *, *, #6350, .F. ) ;
#6618 = CARTESIAN_POINT ( 'NONE',  ( 0.000000000000000000, 24.39999999999999858, 44.50000000000000711 ) ) ;
#6619 = DIRECTION ( 'NONE',  ( -0.000000000000000000, -1.000000000000000000, -0.000000000000000000 ) ) ;
#6620 = CIRCLE ( 'NONE', #827, 1.649999999999998801 ) ;
#6621 = CIRCLE ( 'NONE', #1867, 2.000000000000000888 ) ;
#6622 = DIRECTION ( 'NONE',  ( 0.000000000000000000, 0.000000000000000000, 1.000000000000000000 ) ) ;
#6623 = DIRECTION ( 'NONE',  ( 0.000000000000000000, 0.000000000000000000, -1.000000000000000000 ) ) ;
#6624 = CIRCLE ( 'NONE', #8067, 42.79999999999996874 ) ;
#6625 = ORIENTED_EDGE ( 'NONE', *, *, #3084, .T. ) ;
#6626 = EDGE_LOOP ( 'NONE', ( #227, #3507, #628, #4287 ) ) ;
#6627 = DIRECTION ( 'NONE',  ( 0.000000000000000000, 0.000000000000000000, 1.000000000000000000 ) ) ;
#6628 = AXIS2_PLACEMENT_3D ( 'NONE', #1446, #3420, #4044 ) ;
#6629 = ORIENTED_EDGE ( 'NONE', *, *, #204, .F. ) ;
#6630 = DIRECTION ( 'NONE',  ( 1.000000000000000000, 0.000000000000000000, -0.000000000000000000 ) ) ;
#6631 = DIRECTION ( 'NONE',  ( 0.000000000000000000, 0.000000000000000000, 1.000000000000000000 ) ) ;
#6632 = CARTESIAN_POINT ( 'NONE',  ( 0.000000000000000000, 10.00000000000000000, 0.000000000000000000 ) ) ;
#6633 = DIRECTION ( 'NONE',  ( 0.000000000000000000, 0.000000000000000000, 1.000000000000000000 ) ) ;
#6634 = VECTOR ( 'NONE', #5140, 1000.000000000000000 ) ;
#6635 = EDGE_LOOP ( 'NONE', ( #290, #2139, #1441, #2977 ) ) ;
#6636 = DIRECTION ( 'NONE',  ( -0.000000000000000000, -1.000000000000000000, -0.000000000000000000 ) ) ;
#6637 = AXIS2_PLACEMENT_3D ( 'NONE', #8135, #4346, #1787 ) ;
#6638 = EDGE_LOOP ( 'NONE', ( #3585, #5568, #5880, #1037 ) ) ;
#6639 = DIRECTION ( 'NONE',  ( -0.000000000000000000, 1.000000000000000000, -0.000000000000000000 ) ) ;
#6640 = PRESENTATION_STYLE_ASSIGNMENT (( #367 ) ) ;
#6641 = AXIS2_PLACEMENT_3D ( 'NONE', #1940, #7513, #4469 ) ;
#6642 = CARTESIAN_POINT ( 'NONE',  ( 11.31370849898482156, 2.399999999999999467, 11.31370849898470077 ) ) ;
#6643 = AXIS2_PLACEMENT_3D ( 'NONE', #709, #82, #3914 ) ;
#6644 = EDGE_CURVE ( 'NONE', #2190, #7723, #6236, .T. ) ;
#6645 = ORIENTED_EDGE ( 'NONE', *, *, #6250, .F. ) ;
#6646 = ADVANCED_FACE ( 'NONE', ( #5180, #186, #3972, #6504, #6460, #5835 ), #2025, .T. ) ;
#6647 = DIRECTION ( 'NONE',  ( 1.000000000000000000, 0.000000000000000000, 0.000000000000000000 ) ) ;
#6648 = ORIENTED_EDGE ( 'NONE', *, *, #2316, .T. ) ;
#6649 = EDGE_CURVE ( 'NONE', #4878, #7631, #294, .T. ) ;
#6650 = CARTESIAN_POINT ( 'NONE',  ( 0.000000000000000000, 11.19999999999999751, 0.000000000000000000 ) ) ;
#6651 = ORIENTED_EDGE ( 'NONE', *, *, #1599, .F. ) ;
#6652 = DIRECTION ( 'NONE',  ( -0.000000000000000000, -1.000000000000000000, -0.000000000000000000 ) ) ;
#6653 = EDGE_CURVE ( 'NONE', #2362, #6396, #7269, .T. ) ;
#6654 = DIRECTION ( 'NONE',  ( 0.000000000000000000, 0.000000000000000000, 1.000000000000000000 ) ) ;
#6655 = DIRECTION ( 'NONE',  ( 0.000000000000000000, -1.000000000000000000, 0.000000000000000000 ) ) ;
#6656 = ORIENTED_EDGE ( 'NONE', *, *, #642, .F. ) ;
#6657 = EDGE_CURVE ( 'NONE', #330, #3075, #3974, .T. ) ;
#6658 = ORIENTED_EDGE ( 'NONE', *, *, #1064, .T. ) ;
#6659 = CARTESIAN_POINT ( 'NONE',  ( 14.00000000000000000, -1.999999999999997335, 7.228416147400479552 ) ) ;
#6660 = DIRECTION ( 'NONE',  ( 0.000000000000000000, 0.000000000000000000, 1.000000000000000000 ) ) ;
#6661 = DIRECTION ( 'NONE',  ( -0.000000000000000000, 0.000000000000000000, 1.000000000000000000 ) ) ;
#6662 = DIRECTION ( 'NONE',  ( -1.000000000000000000, -0.000000000000000000, -0.000000000000000000 ) ) ;
#6663 = CARTESIAN_POINT ( 'NONE',  ( 4.999999999999998224, 34.20000000000000284, 18.73499399519520026 ) ) ;
#6664 = EDGE_LOOP ( 'NONE', ( #7035, #7719 ) ) ;
#6665 = ORIENTED_EDGE ( 'NONE', *, *, #2653, .F. ) ;
#6666 = DIRECTION ( 'NONE',  ( 0.000000000000000000, 0.000000000000000000, -1.000000000000000000 ) ) ;
#6667 = VERTEX_POINT ( 'NONE', #5961 ) ;
#6668 = DIRECTION ( 'NONE',  ( -0.000000000000000000, -1.000000000000000000, -0.000000000000000000 ) ) ;
#6669 = DIRECTION ( 'NONE',  ( -0.000000000000000000, -0.000000000000000000, 1.000000000000000000 ) ) ;
#6670 = LINE ( 'NONE', #3527, #22 ) ;
#6671 = DIRECTION ( 'NONE',  ( 0.000000000000000000, 0.000000000000000000, 1.000000000000000000 ) ) ;
#6672 = ORIENTED_EDGE ( 'NONE', *, *, #4289, .T. ) ;
#6673 = EDGE_LOOP ( 'NONE', ( #7606, #3351 ) ) ;
#6674 = DIRECTION ( 'NONE',  ( -1.000000000000000000, -0.000000000000000000, -0.000000000000000000 ) ) ;
#6675 = ORIENTED_EDGE ( 'NONE', *, *, #2704, .F. ) ;
#6676 = LINE ( 'NONE', #6064, #3313 ) ;
#6677 = DIRECTION ( 'NONE',  ( 0.000000000000000000, 0.000000000000000000, 1.000000000000000000 ) ) ;
#6678 = ORIENTED_EDGE ( 'NONE', *, *, #2402, .T. ) ;
#6679 = AXIS2_PLACEMENT_3D ( 'NONE', #6113, #4249, #7458 ) ;
#6680 = CARTESIAN_POINT ( 'NONE',  ( -11.31370849898474162, 7.066904755831209251, 9.663708498984785678 ) ) ;
#6681 = ORIENTED_EDGE ( 'NONE', *, *, #3264, .F. ) ;
#6682 = CARTESIAN_POINT ( 'NONE',  ( 0.000000000000000000, 0.000000000000000000, 4.990000000000009095 ) ) ;
#6683 = LINE ( 'NONE', #4958, #6872 ) ;
#6684 = CARTESIAN_POINT ( 'NONE',  ( 50.00000000000000000, -93.75000000000008527, 210.0000000000000284 ) ) ;
#6685 = EDGE_CURVE ( 'NONE', #2627, #1460, #2257, .T. ) ;
#6686 = VECTOR ( 'NONE', #1762, 1000.000000000000000 ) ;
#6687 = CARTESIAN_POINT ( 'NONE',  ( 70.00000000000000000, 0.000000000000000000, 210.0000000000000284 ) ) ;
#6688 = DIRECTION ( 'NONE',  ( 0.000000000000000000, 0.000000000000000000, -1.000000000000000000 ) ) ;
#6689 = ORIENTED_EDGE ( 'NONE', *, *, #2402, .F. ) ;
#6690 = EDGE_CURVE ( 'NONE', #5449, #526, #564, .T. ) ;
#6691 = CIRCLE ( 'NONE', #4586, 1.649999999999998579 ) ;
#6692 = VERTEX_POINT ( 'NONE', #7150 ) ;
#6693 = DIRECTION ( 'NONE',  ( 0.000000000000000000, 0.000000000000000000, -1.000000000000000000 ) ) ;
#6694 = CARTESIAN_POINT ( 'NONE',  ( 2.000000000000000000, 7.228416147400480440, 245.5241746962600473 ) ) ;
#6695 = CARTESIAN_POINT ( 'NONE',  ( 2.000000000000000000, -7.228416147400480440, 230.0000000000000000 ) ) ;
#6696 = DIRECTION ( 'NONE',  ( -1.000000000000000000, -0.000000000000000000, -0.000000000000000000 ) ) ;
#6697 = CARTESIAN_POINT ( 'NONE',  ( 5.606576814334944920E-14, 7.066904755831209251, 17.64999999999999858 ) ) ;
#6698 = CIRCLE ( 'NONE', #6958, 40.00000000000000000 ) ;
#6699 = ADVANCED_FACE ( 'NONE', ( #885 ), #5918, .T. ) ;
#6700 = ADVANCED_FACE ( 'NONE', ( #311 ), #4679, .F. ) ;
#6701 = ORIENTED_EDGE ( 'NONE', *, *, #5590, .T. ) ;
#6702 = EDGE_LOOP ( 'NONE', ( #1414, #1009, #2834, #6067 ) ) ;
#6703 = DIRECTION ( 'NONE',  ( 0.000000000000000000, 1.000000000000000000, 0.000000000000000000 ) ) ;
#6704 = EDGE_CURVE ( 'NONE', #7348, #1650, #2816, .T. ) ;
#6705 = VERTEX_POINT ( 'NONE', #2185 ) ;
#6706 = DIRECTION ( 'NONE',  ( 0.000000000000000000, 0.000000000000000000, 1.000000000000000000 ) ) ;
#6707 = AXIS2_PLACEMENT_3D ( 'NONE', #1860, #6971, #4420 ) ;
#6708 = FACE_OUTER_BOUND ( 'NONE', #7714, .T. ) ;
#6709 = CIRCLE ( 'NONE', #4864, 7.490000000000001990 ) ;
#6710 = DIRECTION ( 'NONE',  ( 0.000000000000000000, 0.000000000000000000, 1.000000000000000000 ) ) ;
#6711 = FACE_BOUND ( 'NONE', #6274, .T. ) ;
#6712 = CARTESIAN_POINT ( 'NONE',  ( 0.000000000000000000, 35.39999999999999858, 0.000000000000000000 ) ) ;
#6713 = CIRCLE ( 'NONE', #260, 45.00000000000000711 ) ;
#6714 = EDGE_CURVE ( 'NONE', #2635, #4791, #822, .T. ) ;
#6715 = ORIENTED_EDGE ( 'NONE', *, *, #6402, .F. ) ;
#6716 = ADVANCED_FACE ( 'NONE', ( #3479 ), #3553, .T. ) ;
#6717 = EDGE_LOOP ( 'NONE', ( #6425, #3613, #2766, #2376, #6285, #2776 ) ) ;
#6718 = FACE_OUTER_BOUND ( 'NONE', #420, .T. ) ;
#6719 = ORIENTED_EDGE ( 'NONE', *, *, #7491, .T. ) ;
#6720 = CARTESIAN_POINT ( 'NONE',  ( 23.00000000000000000, 29.80000000000000426, 5.000000000000000000 ) ) ;
#6721 = SURFACE_STYLE_USAGE ( .BOTH. , #8081 ) ;
#6722 = ORIENTED_EDGE ( 'NONE', *, *, #2966, .T. ) ;
#6723 = DIRECTION ( 'NONE',  ( 0.000000000000000000, 0.000000000000000000, 1.000000000000000000 ) ) ;
#6724 = ORIENTED_EDGE ( 'NONE', *, *, #4036, .T. ) ;
#6725 = DIRECTION ( 'NONE',  ( 0.000000000000000000, 0.000000000000000000, 1.000000000000000000 ) ) ;
#6726 = CARTESIAN_POINT ( 'NONE',  ( 24.00000000000000000, 0.000000000000000000, 0.000000000000000000 ) ) ;
#6727 = CARTESIAN_POINT ( 'NONE',  ( 3.000000000000000000, 0.000000000000000000, 0.000000000000000000 ) ) ;
#6728 = CARTESIAN_POINT ( 'NONE',  ( -5.586370142149013368E-14, 10.00000000000000000, 16.00000000000000000 ) ) ;
#6729 = CARTESIAN_POINT ( 'NONE',  ( 0.000000000000000000, 0.000000000000000000, 0.000000000000000000 ) ) ;
#6730 = ORIENTED_EDGE ( 'NONE', *, *, #6956, .F. ) ;
#6731 = AXIS2_PLACEMENT_3D ( 'NONE', #5759, #101, #2452 ) ;
#6732 = ORIENTED_EDGE ( 'NONE', *, *, #1053, .F. ) ;
#6733 = CARTESIAN_POINT ( 'NONE',  ( 0.000000000000000000, 0.000000000000000000, 20.00000000000000000 ) ) ;
#6734 = DIRECTION ( 'NONE',  ( 1.000000000000000000, 0.000000000000000000, 0.000000000000000000 ) ) ;
#6735 =( GEOMETRIC_REPRESENTATION_CONTEXT ( 3 ) GLOBAL_UNCERTAINTY_ASSIGNED_CONTEXT ( ( #3801 ) ) GLOBAL_UNIT_ASSIGNED_CONTEXT ( ( #6527, #208, #4080 ) ) REPRESENTATION_CONTEXT ( 'NONE', 'WORKASPACE' ) );
#6736 = CARTESIAN_POINT ( 'NONE',  ( 0.000000000000000000, 15.59999999999999964, 0.000000000000000000 ) ) ;
#6737 = DIRECTION ( 'NONE',  ( 0.000000000000000000, 0.000000000000000000, 1.000000000000000000 ) ) ;
#6738 = AXIS2_PLACEMENT_3D ( 'NONE', #1621, #350, #4719 ) ;
#6739 = EDGE_CURVE ( 'NONE', #5418, #6065, #7929, .T. ) ;
#6740 = DIRECTION ( 'NONE',  ( -0.000000000000000000, -1.000000000000000000, -0.000000000000000000 ) ) ;
#6741 = CIRCLE ( 'NONE', #8053, 45.00000000000000711 ) ;
#6742 = ORIENTED_EDGE ( 'NONE', *, *, #4289, .F. ) ;
#6743 = VECTOR ( 'NONE', #20, 1000.000000000000000 ) ;
#6744 = EDGE_CURVE ( 'NONE', #2111, #5486, #4145, .T. ) ;
#6745 = ORIENTED_EDGE ( 'NONE', *, *, #6984, .T. ) ;
#6746 = LINE ( 'NONE', #4273, #1235 ) ;
#6747 = ORIENTED_EDGE ( 'NONE', *, *, #6810, .F. ) ;
#6748 = ADVANCED_FACE ( 'NONE', ( #5424, #6169 ), #2401, .F. ) ;
#6749 = CARTESIAN_POINT ( 'NONE',  ( 29.50000000000000000, 0.000000000000000000, 0.000000000000000000 ) ) ;
#6750 = VECTOR ( 'NONE', #6301, 1000.000000000000000 ) ;
#6751 = AXIS2_PLACEMENT_3D ( 'NONE', #3513, #2942, #6210 ) ;
#6752 = ADVANCED_FACE ( 'NONE', ( #7973 ), #2225, .F. ) ;
#6753 = CARTESIAN_POINT ( 'NONE',  ( 0.000000000000000000, -2.500000000000000000, -6.300000000000000711 ) ) ;
#6754 = FACE_BOUND ( 'NONE', #4086, .T. ) ;
#6755 = AXIS2_PLACEMENT_3D ( 'NONE', #2652, #2770, #7029 ) ;
#6756 = EDGE_CURVE ( 'NONE', #7232, #7348, #6091, .T. ) ;
#6757 = CARTESIAN_POINT ( 'NONE',  ( -21.00000000000000000, 34.20000000000000284, -2.500000000000143441 ) ) ;
#6758 = AXIS2_PLACEMENT_3D ( 'NONE', #4462, #1935, #6289 ) ;
#6759 = ORIENTED_EDGE ( 'NONE', *, *, #6945, .T. ) ;
#6760 = VERTEX_POINT ( 'NONE', #467 ) ;
#6761 = CYLINDRICAL_SURFACE ( 'NONE', #1033, 1.649999999999998579 ) ;
#6762 = ORIENTED_EDGE ( 'NONE', *, *, #3258, .T. ) ;
#6763 = CARTESIAN_POINT ( 'NONE',  ( 113.3000000000000114, 0.000000000000000000, 0.000000000000000000 ) ) ;
#6764 = ADVANCED_BREP_SHAPE_REPRESENTATION ( '', ( #7231, #2426 ), #5066 ) ;
#6765 = CARTESIAN_POINT ( 'NONE',  ( 0.000000000000000000, 6.110987527745304364E-16, -4.990000000000009095 ) ) ;
#6766 = CIRCLE ( 'NONE', #8078, 45.00000000000000711 ) ;
#6767 = EDGE_LOOP ( 'NONE', ( #6841, #5869 ) ) ;
#6768 = EDGE_CURVE ( 'NONE', #1404, #3649, #3583, .T. ) ;
#6769 = DIRECTION ( 'NONE',  ( -1.000000000000000000, -0.000000000000000000, -0.000000000000000000 ) ) ;
#6770 = VERTEX_POINT ( 'NONE', #1014 ) ;
#6771 = CARTESIAN_POINT ( 'NONE',  ( -18.73499399519520026, 34.20000000000000284, 5.000000000000000000 ) ) ;
#6772 = CARTESIAN_POINT ( 'NONE',  ( -1.675911042644704011E-13, 2.399999999999999467, -17.64999999999999503 ) ) ;
#6773 = DIRECTION ( 'NONE',  ( 0.000000000000000000, 0.000000000000000000, 1.000000000000000000 ) ) ;
#6774 = CIRCLE ( 'NONE', #3469, 1.649999999999998579 ) ;
#6775 = AXIS2_PLACEMENT_3D ( 'NONE', #123, #7323, #2134 ) ;
#6776 = DIRECTION ( 'NONE',  ( -1.000000000000000000, 0.000000000000000000, 0.000000000000000000 ) ) ;
#6777 = DIRECTION ( 'NONE',  ( -1.000000000000000000, 0.000000000000000000, -0.000000000000000000 ) ) ;
#6778 = VERTEX_POINT ( 'NONE', #4219 ) ;
#6779 = PRODUCT_DEFINITION_FORMATION_WITH_SPECIFIED_SOURCE ( 'ANY', '', #7474, .NOT_KNOWN. ) ;
#6780 = ORIENTED_EDGE ( 'NONE', *, *, #2809, .T. ) ;
#6781 = CARTESIAN_POINT ( 'NONE',  ( -1.675911042644704011E-13, 7.066904755831209251, -15.99999999999999645 ) ) ;
#6782 = DIRECTION ( 'NONE',  ( 1.000000000000000000, -2.168404344971008868E-16, 0.000000000000000000 ) ) ;
#6783 = DIRECTION ( 'NONE',  ( -1.000000000000000000, 0.000000000000000000, -0.000000000000000000 ) ) ;
#6784 = DIRECTION ( 'NONE',  ( 1.000000000000000000, 0.000000000000000000, 0.000000000000000000 ) ) ;
#6785 = DIRECTION ( 'NONE',  ( 0.000000000000000000, 0.000000000000000000, -1.000000000000000000 ) ) ;
#6786 = CONTEXT_DEPENDENT_SHAPE_REPRESENTATION ( #4194, #4451 ) ;
#6787 = ORIENTED_EDGE ( 'NONE', *, *, #6545, .T. ) ;
#6788 = VERTEX_POINT ( 'NONE', #8049 ) ;
#6789 = CARTESIAN_POINT ( 'NONE',  ( 3.306546357697853733E-15, 10.00000000000000000, 27.00000000000000000 ) ) ;
#6790 = VERTEX_POINT ( 'NONE', #1783 ) ;
#6791 = CARTESIAN_POINT ( 'NONE',  ( 0.000000000000000000, 28.80000000000000071, 0.000000000000000000 ) ) ;
#6792 = DIRECTION ( 'NONE',  ( 0.000000000000000000, 1.000000000000000000, 0.000000000000000000 ) ) ;
#6793 = CARTESIAN_POINT ( 'NONE',  ( 0.000000000000000000, 0.000000000000000000, 0.000000000000000000 ) ) ;
#6794 = ADVANCED_FACE ( 'NONE', ( #6824 ), #3023, .F. ) ;
#6795 = CARTESIAN_POINT ( 'NONE',  ( -5.000000000000001776, 29.80000000000000426, 23.00000000000000000 ) ) ;
#6796 = EDGE_CURVE ( 'NONE', #336, #7206, #687, .T. ) ;
#6797 = DIRECTION ( 'NONE',  ( -0.000000000000000000, -1.000000000000000000, -0.000000000000000000 ) ) ;
#6798 = DIRECTION ( 'NONE',  ( 0.000000000000000000, 0.000000000000000000, 1.000000000000000000 ) ) ;
#6799 = VERTEX_POINT ( 'NONE', #7352 ) ;
#6800 = ORIENTED_EDGE ( 'NONE', *, *, #5608, .F. ) ;
#6801 = DIRECTION ( 'NONE',  ( -0.000000000000000000, -1.000000000000000000, -0.000000000000000000 ) ) ;
#6802 = ADVANCED_FACE ( 'NONE', ( #1655 ), #6129, .T. ) ;
#6803 = VERTEX_POINT ( 'NONE', #4930 ) ;
#6804 = CARTESIAN_POINT ( 'NONE',  ( 4.999999999999998224, 34.20000000000000284, 18.73499399519520026 ) ) ;
#6805 = DIRECTION ( 'NONE',  ( 0.000000000000000000, 1.000000000000000000, 0.000000000000000000 ) ) ;
#6806 = SHAPE_REPRESENTATION ( 'MotorShell', ( #2426 ), #4671 ) ;
#6807 = EDGE_CURVE ( 'NONE', #6908, #7235, #4881, .T. ) ;
#6808 = EDGE_LOOP ( 'NONE', ( #379, #3209, #3641, #2126 ) ) ;
#6809 = FACE_OUTER_BOUND ( 'NONE', #5631, .T. ) ;
#6810 = EDGE_CURVE ( 'NONE', #194, #4311, #2125, .T. ) ;
#6811 = ORIENTED_EDGE ( 'NONE', *, *, #7188, .F. ) ;
#6812 = DIRECTION ( 'NONE',  ( 0.000000000000000000, 1.000000000000000000, 0.000000000000000000 ) ) ;
#6813 = CARTESIAN_POINT ( 'NONE',  ( 11.31370849898474162, 10.00000000000000000, 11.31370849898478248 ) ) ;
#6814 = FACE_OUTER_BOUND ( 'NONE', #2162, .T. ) ;
#6815 = DIRECTION ( 'NONE',  ( 0.000000000000000000, 0.000000000000000000, -1.000000000000000000 ) ) ;
#6816 = AXIS2_PLACEMENT_3D ( 'NONE', #520, #8104, #1629 ) ;
#6817 = CARTESIAN_POINT ( 'NONE',  ( -11.31370849898482156, 10.00000000000000000, 9.663708498984702189 ) ) ;
#6818 = ORIENTED_EDGE ( 'NONE', *, *, #88, .F. ) ;
#6819 = EDGE_CURVE ( 'NONE', #644, #194, #5510, .T. ) ;
#6820 = ORIENTED_EDGE ( 'NONE', *, *, #6449, .T. ) ;
#6821 = CARTESIAN_POINT ( 'NONE',  ( 14.00000000000000000, 0.000000000000000000, 0.000000000000000000 ) ) ;
#6822 = AXIS2_PLACEMENT_3D ( 'NONE', #4410, #6353, #3575 ) ;
#6823 = DIRECTION ( 'NONE',  ( -0.000000000000000000, -0.000000000000000000, -1.000000000000000000 ) ) ;
#6824 = FACE_OUTER_BOUND ( 'NONE', #5225, .T. ) ;
#6825 = DIRECTION ( 'NONE',  ( 1.000000000000000000, 0.000000000000000000, 0.000000000000000000 ) ) ;
#6826 = DIRECTION ( 'NONE',  ( 0.000000000000000000, 0.000000000000000000, 1.000000000000000000 ) ) ;
#6827 = AXIS2_PLACEMENT_3D ( 'NONE', #6989, #6880, #5763 ) ;
#6828 = EDGE_LOOP ( 'NONE', ( #5391, #684, #2081, #6719 ) ) ;
#6829 = DIRECTION ( 'NONE',  ( 0.000000000000000000, 0.000000000000000000, 1.000000000000000000 ) ) ;
#6830 = ORIENTED_EDGE ( 'NONE', *, *, #3864, .F. ) ;
#6831 = CARTESIAN_POINT ( 'NONE',  ( 4.999999999999998224, 34.20000000000000284, -17.29161646579058598 ) ) ;
#6832 = DIRECTION ( 'NONE',  ( 0.000000000000000000, 0.000000000000000000, -1.000000000000000000 ) ) ;
#6833 = VECTOR ( 'NONE', #436, 1000.000000000000000 ) ;
#6834 = DIRECTION ( 'NONE',  ( -1.000000000000000000, -0.000000000000000000, -0.000000000000000000 ) ) ;
#6835 = FACE_BOUND ( 'NONE', #3648, .T. ) ;
#6836 = VERTEX_POINT ( 'NONE', #1739 ) ;
#6837 = CARTESIAN_POINT ( 'NONE',  ( 0.000000000000000000, 22.20000000000000284, 44.50000000000000711 ) ) ;
#6838 = AXIS2_PLACEMENT_3D ( 'NONE', #5508, #2889, #6693 ) ;
#6839 = EDGE_LOOP ( 'NONE', ( #7833, #5547, #3883, #712 ) ) ;
#6840 = CYLINDRICAL_SURFACE ( 'NONE', #8127, 7.500000000000000888 ) ;
#6841 = ORIENTED_EDGE ( 'NONE', *, *, #8103, .F. ) ;
#6842 = DIRECTION ( 'NONE',  ( -0.000000000000000000, -1.000000000000000000, 0.000000000000000000 ) ) ;
#6843 = CARTESIAN_POINT ( 'NONE',  ( 90.00000000000000000, 12.49999999999999822, 20.00000000000000000 ) ) ;
#6844 = AXIS2_PLACEMENT_3D ( 'NONE', #7756, #5214, #1970 ) ;
#6845 = ADVANCED_FACE ( 'NONE', ( #4266, #7436 ), #4305, .F. ) ;
#6846 = ORIENTED_EDGE ( 'NONE', *, *, #6739, .F. ) ;
#6847 = ADVANCED_FACE ( 'NONE', ( #5382, #1972 ), #1823, .F. ) ;
#6848 = CARTESIAN_POINT ( 'NONE',  ( 1.675911042644704011E-13, 0.000000000000000000, -15.99999999999999645 ) ) ;
#6849 = ORIENTED_EDGE ( 'NONE', *, *, #4983, .T. ) ;
#6850 = CARTESIAN_POINT ( 'NONE',  ( 0.000000000000000000, 27.60000000000000142, 0.000000000000000000 ) ) ;
#6851 = CARTESIAN_POINT ( 'NONE',  ( 0.000000000000000000, 22.20000000000000284, 44.50000000000000711 ) ) ;
#6852 = EDGE_CURVE ( 'NONE', #6063, #2297, #4785, .T. ) ;
#6853 = LINE ( 'NONE', #3055, #4120 ) ;
#6854 = LINE ( 'NONE', #1896, #5467 ) ;
#6855 = ADVANCED_FACE ( 'NONE', ( #3183 ), #6934, .F. ) ;
#6856 = VERTEX_POINT ( 'NONE', #1212 ) ;
#6857 = ORIENTED_EDGE ( 'NONE', *, *, #6982, .T. ) ;
#6858 = DIRECTION ( 'NONE',  ( -0.000000000000000000, 1.000000000000000000, -0.000000000000000000 ) ) ;
#6859 = CARTESIAN_POINT ( 'NONE',  ( -11.31370849898482156, 0.000000000000000000, 9.663708498984702189 ) ) ;
#6860 = CARTESIAN_POINT ( 'NONE',  ( -1.999999999999999112, -4.582575694955839829, 20.00000000000000000 ) ) ;
#6861 = LINE ( 'NONE', #1213, #7007 ) ;
#6862 = PRODUCT_DEFINITION ( 'UNKNOWN', '', #6779, #1168 ) ;
#6863 = EDGE_CURVE ( 'NONE', #86, #1458, #5701, .T. ) ;
#6864 = CARTESIAN_POINT ( 'NONE',  ( 1.675911042644704011E-13, -4.666904755831215112, -15.99999999999999645 ) ) ;
#6865 = ORIENTED_EDGE ( 'NONE', *, *, #190, .F. ) ;
#6866 = DIRECTION ( 'NONE',  ( 0.000000000000000000, 0.000000000000000000, -1.000000000000000000 ) ) ;
#6867 = STYLED_ITEM ( 'NONE', ( #6347 ), #1835 ) ;
#6868 = VERTEX_POINT ( 'NONE', #6371 ) ;
#6869 = DIRECTION ( 'NONE',  ( 0.000000000000000000, 1.000000000000000000, 0.000000000000000000 ) ) ;
#6870 = DIRECTION ( 'NONE',  ( 0.000000000000000000, 0.000000000000000000, 1.000000000000000000 ) ) ;
#6871 = CIRCLE ( 'NONE', #2106, 81.25000000000009948 ) ;
#6872 = VECTOR ( 'NONE', #2971, 1000.000000000000000 ) ;
#6873 = DIRECTION ( 'NONE',  ( -0.000000000000000000, -1.000000000000000000, -0.000000000000000000 ) ) ;
#6874 = LINE ( 'NONE', #7639, #670 ) ;
#6875 = CIRCLE ( 'NONE', #682, 1.649999999999998579 ) ;
#6876 = ORIENTED_EDGE ( 'NONE', *, *, #6296, .T. ) ;
#6877 = CIRCLE ( 'NONE', #1329, 25.00000000000000000 ) ;
#6878 = FACE_OUTER_BOUND ( 'NONE', #3247, .T. ) ;
#6879 = ORIENTED_EDGE ( 'NONE', *, *, #6561, .F. ) ;
#6880 = DIRECTION ( 'NONE',  ( 1.000000000000000000, 0.000000000000000000, -0.000000000000000000 ) ) ;
#6881 = PLANE ( 'NONE',  #5658 ) ;
#6882 = CIRCLE ( 'NONE', #4646, 5.000000000000000000 ) ;
#6883 = FILL_AREA_STYLE_COLOUR ( '', #5021 ) ;
#6884 = AXIS2_PLACEMENT_3D ( 'NONE', #5260, #7765, #1533 ) ;
#6885 = EDGE_LOOP ( 'NONE', ( #5151, #6525 ) ) ;
#6886 = DIRECTION ( 'NONE',  ( 1.000000000000000000, 0.000000000000000000, 0.000000000000000000 ) ) ;
#6887 = VECTOR ( 'NONE', #6894, 1000.000000000000000 ) ;
#6888 = CIRCLE ( 'NONE', #3330, 4.790000000000000924 ) ;
#6889 = VERTEX_POINT ( 'NONE', #5748 ) ;
#6890 = LINE ( 'NONE', #4369, #1464 ) ;
#6891 = DIRECTION ( 'NONE',  ( -1.000000000000000000, -0.000000000000000000, -0.000000000000000000 ) ) ;
#6892 = ADVANCED_FACE ( 'NONE', ( #5086, #3800, #56, #4965, #90, #5707, #1319, #3228, #2600, #5124 ), #2441, .F. ) ;
#6893 = VECTOR ( 'NONE', #4527, 1000.000000000000000 ) ;
#6894 = DIRECTION ( 'NONE',  ( -0.000000000000000000, 1.000000000000000000, -0.000000000000000000 ) ) ;
#6895 = CARTESIAN_POINT ( 'NONE',  ( 11.31370849898465991, 2.399999999999999467, -11.31370849898485886 ) ) ;
#6896 = EDGE_CURVE ( 'NONE', #5480, #4383, #4422, .T. ) ;
#6897 = VERTEX_POINT ( 'NONE', #7471 ) ;
#6898 = ORIENTED_EDGE ( 'NONE', *, *, #6509, .F. ) ;
#6899 = DIRECTION ( 'NONE',  ( 0.000000000000000000, 0.000000000000000000, -1.000000000000000000 ) ) ;
#6900 = AXIS2_PLACEMENT_3D ( 'NONE', #6168, #8047, #5005 ) ;
#6901 = EDGE_CURVE ( 'NONE', #2458, #6485, #2403, .T. ) ;
#6902 = CIRCLE ( 'NONE', #5592, 44.50000000000000711 ) ;
#6903 = VERTEX_POINT ( 'NONE', #6860 ) ;
#6904 = CARTESIAN_POINT ( 'NONE',  ( 0.000000000000000000, 0.000000000000000000, 20.00000000000000000 ) ) ;
#6905 = CARTESIAN_POINT ( 'NONE',  ( 11.31370849898482156, -2.500000000000000000, 9.663708498984702189 ) ) ;
#6906 = ADVANCED_FACE ( 'NONE', ( #6328 ), #2481, .T. ) ;
#6907 = AXIS2_PLACEMENT_3D ( 'NONE', #1361, #5903, #7751 ) ;
#6908 = VERTEX_POINT ( 'NONE', #1249 ) ;
#6909 = DIRECTION ( 'NONE',  ( 0.000000000000000000, 0.000000000000000000, -1.000000000000000000 ) ) ;
#6910 = EDGE_LOOP ( 'NONE', ( #1643, #1521, #812, #3362 ) ) ;
#6911 = FACE_OUTER_BOUND ( 'NONE', #2352, .T. ) ;
#6912 = CYLINDRICAL_SURFACE ( 'NONE', #361, 4.790000000000006253 ) ;
#6913 = CARTESIAN_POINT ( 'NONE',  ( 0.000000000000000000, 6.110987527745299433E-16, -4.990000000000005542 ) ) ;
#6914 = CARTESIAN_POINT ( 'NONE',  ( 5.449678256205721981E-15, 17.80000000000000426, -44.50000000000000711 ) ) ;
#6915 = ORIENTED_EDGE ( 'NONE', *, *, #3716, .T. ) ;
#6916 = DIRECTION ( 'NONE',  ( 0.000000000000000000, 1.000000000000000000, 0.000000000000000000 ) ) ;
#6917 = ORIENTED_EDGE ( 'NONE', *, *, #6545, .F. ) ;
#6918 = LINE ( 'NONE', #7036, #7602 ) ;
#6919 = CARTESIAN_POINT ( 'NONE',  ( 90.00000000000000000, 0.000000000000000000, 20.00000000000000000 ) ) ;
#6920 = SURFACE_STYLE_USAGE ( .BOTH. , #4485 ) ;
#6921 = ORIENTED_EDGE ( 'NONE', *, *, #6016, .F. ) ;
#6922 = DIRECTION ( 'NONE',  ( -1.000000000000000000, 0.000000000000000000, 0.000000000000000000 ) ) ;
#6923 = EDGE_LOOP ( 'NONE', ( #3937, #2568, #264, #5589 ) ) ;
#6924 = DIRECTION ( 'NONE',  ( 0.000000000000000000, 0.000000000000000000, 1.000000000000000000 ) ) ;
#6925 = FACE_BOUND ( 'NONE', #2505, .T. ) ;
#6926 = CARTESIAN_POINT ( 'NONE',  ( 23.00000000000000000, 29.80000000000000426, -2.999999999999996003 ) ) ;
#6927 = FACE_OUTER_BOUND ( 'NONE', #7203, .T. ) ;
#6928 = ORIENTED_EDGE ( 'NONE', *, *, #4466, .F. ) ;
#6929 = VERTEX_POINT ( 'NONE', #593 ) ;
#6930 = VERTEX_POINT ( 'NONE', #5594 ) ;
#6931 = EDGE_CURVE ( 'NONE', #1640, #1962, #668, .T. ) ;
#6932 = CARTESIAN_POINT ( 'NONE',  ( 2.000000000000000000, -7.228416147400480440, 245.5241746962600473 ) ) ;
#6933 = ORIENTED_EDGE ( 'NONE', *, *, #4743, .F. ) ;
#6934 = PLANE ( 'NONE',  #7938 ) ;
#6935 = AXIS2_PLACEMENT_3D ( 'NONE', #2864, #2782, #7821 ) ;
#6936 = DIRECTION ( 'NONE',  ( 0.000000000000000000, 1.000000000000000000, 0.000000000000000000 ) ) ;
#6937 = ADVANCED_FACE ( 'NONE', ( #3104, #1863 ), #8094, .F. ) ;
#6938 = ORIENTED_EDGE ( 'NONE', *, *, #7363, .F. ) ;
#6939 = CARTESIAN_POINT ( 'NONE',  ( -3.000000000000001776, 34.20000000000000284, -25.00000000000000000 ) ) ;
#6940 = AXIS2_PLACEMENT_3D ( 'NONE', #4956, #4206, #533 ) ;
#6941 = EDGE_LOOP ( 'NONE', ( #2330, #5430 ) ) ;
#6942 = CARTESIAN_POINT ( 'NONE',  ( 16.86149459567567988, 34.20000000000000284, -6.299999999999994493 ) ) ;
#6943 = DIRECTION ( 'NONE',  ( -0.000000000000000000, 1.000000000000000000, -0.000000000000000000 ) ) ;
#6944 = DIRECTION ( 'NONE',  ( 0.000000000000000000, 1.000000000000000000, 0.000000000000000000 ) ) ;
#6945 = EDGE_CURVE ( 'NONE', #526, #5449, #7013, .T. ) ;
#6946 = EDGE_CURVE ( 'NONE', #3948, #6515, #3193, .T. ) ;
#6947 = DIRECTION ( 'NONE',  ( 1.000000000000000000, 0.000000000000000000, 0.000000000000000000 ) ) ;
#6948 = ADVANCED_FACE ( 'NONE', ( #919 ), #7759, .F. ) ;
#6949 = VERTEX_POINT ( 'NONE', #7797 ) ;
#6950 = FACE_OUTER_BOUND ( 'NONE', #4024, .T. ) ;
#6951 = EDGE_LOOP ( 'NONE', ( #5205, #218 ) ) ;
#6952 = CYLINDRICAL_SURFACE ( 'NONE', #2598, 4.790000000000006253 ) ;
#6953 = DIRECTION ( 'NONE',  ( 0.000000000000000000, -1.000000000000000000, 0.000000000000000000 ) ) ;
#6954 = CARTESIAN_POINT ( 'NONE',  ( -5.586370142149013368E-14, -4.666904755831215112, 16.00000000000000000 ) ) ;
#6955 = LINE ( 'NONE', #6994, #2238 ) ;
#6956 = EDGE_CURVE ( 'NONE', #503, #1363, #4251, .T. ) ;
#6957 = ADVANCED_FACE ( 'NONE', ( #879 ), #2763, .F. ) ;
#6958 = AXIS2_PLACEMENT_3D ( 'NONE', #7067, #3274, #7185 ) ;
#6959 = ORIENTED_EDGE ( 'NONE', *, *, #1348, .T. ) ;
#6960 = DIRECTION ( 'NONE',  ( 0.000000000000000000, 0.000000000000000000, 1.000000000000000000 ) ) ;
#6961 = ORIENTED_EDGE ( 'NONE', *, *, #3773, .T. ) ;
#6962 = AXIS2_PLACEMENT_3D ( 'NONE', #6821, #2479, #3725 ) ;
#6963 = CARTESIAN_POINT ( 'NONE',  ( 29.50000000000000000, 5.866058167915828348E-16, -4.790000000000005365 ) ) ;
#6964 = DIRECTION ( 'NONE',  ( -1.000000000000000000, -0.000000000000000000, 2.250437420865466312E-16 ) ) ;
#6965 = CARTESIAN_POINT ( 'NONE',  ( 4.000000000000000000, 0.000000000000000000, 0.000000000000000000 ) ) ;
#6966 = CARTESIAN_POINT ( 'NONE',  ( -11.31370849898474162, -2.500000000000000000, 11.31370849898478248 ) ) ;
#6967 = ORIENTED_EDGE ( 'NONE', *, *, #2252, .T. ) ;
#6968 = ORIENTED_EDGE ( 'NONE', *, *, #8106, .T. ) ;
#6969 = AXIS2_PLACEMENT_3D ( 'NONE', #3288, #897, #6430 ) ;
#6970 = ORIENTED_EDGE ( 'NONE', *, *, #6649, .F. ) ;
#6971 = DIRECTION ( 'NONE',  ( -1.000000000000000000, -0.000000000000000000, -0.000000000000000000 ) ) ;
#6972 = ORIENTED_EDGE ( 'NONE', *, *, #5738, .T. ) ;
#6973 = DIRECTION ( 'NONE',  ( -0.000000000000000000, 1.000000000000000000, 0.000000000000000000 ) ) ;
#6974 = DIRECTION ( 'NONE',  ( 0.000000000000000000, 0.000000000000000000, 1.000000000000000000 ) ) ;
#6975 = ORIENTED_EDGE ( 'NONE', *, *, #2148, .T. ) ;
#6976 = CARTESIAN_POINT ( 'NONE',  ( 26.00000000000000355, 0.000000000000000000, 7.490000000000002878 ) ) ;
#6977 = ORIENTED_EDGE ( 'NONE', *, *, #2501, .F. ) ;
#6978 = DIRECTION ( 'NONE',  ( 0.000000000000000000, 0.000000000000000000, 1.000000000000000000 ) ) ;
#6979 = DIRECTION ( 'NONE',  ( -0.000000000000000000, -1.000000000000000000, -0.000000000000000000 ) ) ;
#6980 = DIRECTION ( 'NONE',  ( -0.000000000000000000, -0.000000000000000000, -1.000000000000000000 ) ) ;
#6981 = DIRECTION ( 'NONE',  ( 0.000000000000000000, 0.000000000000000000, 1.000000000000000000 ) ) ;
#6982 = EDGE_CURVE ( 'NONE', #2094, #4347, #2925, .T. ) ;
#6983 = AXIS2_PLACEMENT_3D ( 'NONE', #7292, #4823, #1124 ) ;
#6984 = EDGE_CURVE ( 'NONE', #3780, #4900, #6240, .T. ) ;
#6985 = ORIENTED_EDGE ( 'NONE', *, *, #720, .T. ) ;
#6986 = DIRECTION ( 'NONE',  ( 0.000000000000000000, -0.000000000000000000, 1.000000000000000000 ) ) ;
#6987 = EDGE_CURVE ( 'NONE', #644, #2541, #5312, .T. ) ;
#6988 = VERTEX_POINT ( 'NONE', #2724 ) ;
#6989 = CARTESIAN_POINT ( 'NONE',  ( 14.00000000000000000, 0.000000000000000000, 0.000000000000000000 ) ) ;
#6990 = FACE_OUTER_BOUND ( 'NONE', #6828, .T. ) ;
#6991 = EDGE_CURVE ( 'NONE', #5528, #5613, #4550, .T. ) ;
#6992 = DIRECTION ( 'NONE',  ( -0.000000000000000000, -1.000000000000000000, -0.000000000000000000 ) ) ;
#6993 = CIRCLE ( 'NONE', #1729, 1.649999999999998801 ) ;
#6994 = CARTESIAN_POINT ( 'NONE',  ( 0.000000000000000000, 35.39999999999999858, -45.00000000000000711 ) ) ;
#6995 = CIRCLE ( 'NONE', #950, 2.000000000000001776 ) ;
#6996 = CIRCLE ( 'NONE', #4100, 4.990000000000001101 ) ;
#6997 = ORIENTED_EDGE ( 'NONE', *, *, #2854, .F. ) ;
#6998 = ADVANCED_FACE ( 'NONE', ( #258 ), #2640, .F. ) ;
#6999 = CIRCLE ( 'NONE', #4504, 2.000000000000000000 ) ;
#7000 = DIRECTION ( 'NONE',  ( -0.000000000000000000, -0.000000000000000000, 1.000000000000000000 ) ) ;
#7001 = EDGE_LOOP ( 'NONE', ( #5514, #3118 ) ) ;
#7002 = AXIS2_PLACEMENT_3D ( 'NONE', #7629, #880, #1410 ) ;
#7003 = AXIS2_PLACEMENT_3D ( 'NONE', #6379, #6943, #1290 ) ;
#7004 = LINE ( 'NONE', #1355, #4237 ) ;
#7005 = CARTESIAN_POINT ( 'NONE',  ( 0.000000000000000000, 20.21909088590100367, 0.000000000000000000 ) ) ;
#7006 = LINE ( 'NONE', #1358, #4912 ) ;
#7007 = VECTOR ( 'NONE', #3105, 1000.000000000000000 ) ;
#7008 = CARTESIAN_POINT ( 'NONE',  ( 0.000000000000000000, 0.000000000000000000, 0.000000000000000000 ) ) ;
#7009 = FACE_BOUND ( 'NONE', #1162, .T. ) ;
#7010 = EDGE_CURVE ( 'NONE', #5997, #7923, #8072, .T. ) ;
#7011 = AXIS2_PLACEMENT_3D ( 'NONE', #6926, #621, #1814 ) ;
#7012 = EDGE_LOOP ( 'NONE', ( #6215, #1153 ) ) ;
#7013 = CIRCLE ( 'NONE', #4386, 41.00000000000000000 ) ;
#7014 = ORIENTED_EDGE ( 'NONE', *, *, #3889, .F. ) ;
#7015 = ORIENTED_EDGE ( 'NONE', *, *, #3773, .F. ) ;
#7016 = CARTESIAN_POINT ( 'NONE',  ( 0.000000000000000000, 29.80000000000000426, -40.00000000000000000 ) ) ;
#7017 = VERTEX_POINT ( 'NONE', #7720 ) ;
#7018 = DIRECTION ( 'NONE',  ( 1.000000000000000000, 0.000000000000000000, 0.000000000000000000 ) ) ;
#7019 = AXIS2_PLACEMENT_3D ( 'NONE', #7211, #2370, #3658 ) ;
#7020 = AXIS2_PLACEMENT_3D ( 'NONE', #3831, #6359, #78 ) ;
#7021 = DIRECTION ( 'NONE',  ( -0.000000000000000000, -1.000000000000000000, -0.000000000000000000 ) ) ;
#7022 = EDGE_LOOP ( 'NONE', ( #5518, #7645, #3829, #4634 ) ) ;
#7023 = VECTOR ( 'NONE', #2529, 1000.000000000000000 ) ;
#7024 = CARTESIAN_POINT ( 'NONE',  ( -7.332110811570580046E-14, 29.80000000000000426, 21.00000000000000000 ) ) ;
#7025 = CIRCLE ( 'NONE', #580, 44.50000000000000711 ) ;
#7026 = ORIENTED_EDGE ( 'NONE', *, *, #3166, .F. ) ;
#7027 = DIRECTION ( 'NONE',  ( -0.000000000000000000, 1.000000000000000000, -0.000000000000000000 ) ) ;
#7028 = LINE ( 'NONE', #5755, #7464 ) ;
#7029 = DIRECTION ( 'NONE',  ( 0.000000000000000000, 0.000000000000000000, -1.000000000000000000 ) ) ;
#7030 = AXIS2_PLACEMENT_3D ( 'NONE', #3498, #4747, #6415 ) ;
#7031 = DIRECTION ( 'NONE',  ( 0.000000000000000000, -1.000000000000000000, -0.000000000000000000 ) ) ;
#7032 = AXIS2_PLACEMENT_3D ( 'NONE', #168, #1439, #2011 ) ;
#7033 = ORIENTED_EDGE ( 'NONE', *, *, #4075, .F. ) ;
#7034 = CARTESIAN_POINT ( 'NONE',  ( 5.000000000000000000, 0.000000000000000000, 210.0000000000000284 ) ) ;
#7035 = ORIENTED_EDGE ( 'NONE', *, *, #4680, .F. ) ;
#7036 = CARTESIAN_POINT ( 'NONE',  ( -23.00000000000000000, 34.20000000000000284, -5.000000000000000000 ) ) ;
#7037 = EDGE_CURVE ( 'NONE', #403, #4886, #5834, .T. ) ;
#7038 = CARTESIAN_POINT ( 'NONE',  ( 6.123233995736251736E-19, 0.000000000000000000, -4.990000000000000213 ) ) ;
#7039 = LINE ( 'NONE', #7651, #6110 ) ;
#7040 = CARTESIAN_POINT ( 'NONE',  ( -1.999999999999999112, 0.000000000000000000, -4.582575694955840717 ) ) ;
#7041 = EDGE_CURVE ( 'NONE', #902, #1423, #967, .T. ) ;
#7042 = DIRECTION ( 'NONE',  ( -0.000000000000000000, 1.000000000000000000, 0.000000000000000000 ) ) ;
#7043 = ORIENTED_EDGE ( 'NONE', *, *, #806, .F. ) ;
#7044 = ADVANCED_FACE ( 'NONE', ( #5950 ), #2056, .T. ) ;
#7045 = DIRECTION ( 'NONE',  ( 0.000000000000000000, 0.000000000000000000, 1.000000000000000000 ) ) ;
#7046 = ORIENTED_EDGE ( 'NONE', *, *, #962, .T. ) ;
#7047 = ADVANCED_BREP_SHAPE_REPRESENTATION ( '', ( #1723, #2426 ), #6523 ) ;
#7048 = CARTESIAN_POINT ( 'NONE',  ( 0.000000000000000000, 26.60000000000000142, 0.000000000000000000 ) ) ;
#7049 = CARTESIAN_POINT ( 'NONE',  ( 30.50000000000000000, 0.000000000000000000, 4.790000000000006253 ) ) ;
#7050 = DIRECTION ( 'NONE',  ( -0.000000000000000000, -0.000000000000000000, 1.000000000000000000 ) ) ;
#7051 = EDGE_CURVE ( 'NONE', #7976, #3473, #794, .T. ) ;
#7052 = DIRECTION ( 'NONE',  ( -1.000000000000000000, -0.000000000000000000, -0.000000000000000000 ) ) ;
#7053 = DIRECTION ( 'NONE',  ( -1.000000000000000000, -0.000000000000000000, -0.000000000000000000 ) ) ;
#7054 = ORIENTED_EDGE ( 'NONE', *, *, #8148, .F. ) ;
#7055 = EDGE_CURVE ( 'NONE', #4005, #2639, #5336, .T. ) ;
#7056 = EDGE_LOOP ( 'NONE', ( #7926, #5909, #5148, #4301 ) ) ;
#7057 = ORIENTED_EDGE ( 'NONE', *, *, #7063, .F. ) ;
#7058 = CARTESIAN_POINT ( 'NONE',  ( 14.00000000000000000, 2.000000000000003109, -4.571662717217884087 ) ) ;
#7059 = ORIENTED_EDGE ( 'NONE', *, *, #2060, .F. ) ;
#7060 = DIRECTION ( 'NONE',  ( 1.000000000000000000, -2.168404344971008868E-16, 0.000000000000000000 ) ) ;
#7061 = DIRECTION ( 'NONE',  ( 0.000000000000000000, 0.000000000000000000, 1.000000000000000000 ) ) ;
#7062 = PRODUCT_DEFINITION ( 'UNKNOWN', '', #4362, #659 ) ;
#7063 = EDGE_CURVE ( 'NONE', #6515, #3948, #5581, .T. ) ;
#7064 = ORIENTED_EDGE ( 'NONE', *, *, #4426, .F. ) ;
#7065 = CARTESIAN_POINT ( 'NONE',  ( -3.000000000000001776, 29.80000000000000426, 23.00000000000000000 ) ) ;
#7066 = ORIENTED_EDGE ( 'NONE', *, *, #3915, .F. ) ;
#7067 = CARTESIAN_POINT ( 'NONE',  ( 0.000000000000000000, 27.60000000000000142, 0.000000000000000000 ) ) ;
#7068 = CIRCLE ( 'NONE', #485, 4.990000000000004654 ) ;
#7069 = CARTESIAN_POINT ( 'NONE',  ( 0.000000000000000000, 34.20000000000000284, 0.000000000000000000 ) ) ;
#7070 = CARTESIAN_POINT ( 'NONE',  ( -7.332110811570580046E-14, 22.72893218813453231, 21.00000000000000000 ) ) ;
#7071 = CARTESIAN_POINT ( 'NONE',  ( -18.73499399519520381, 29.80000000000000426, -6.999999999999999112 ) ) ;
#7072 = DIRECTION ( 'NONE',  ( -1.110223024625156540E-16, 1.000000000000000222, 0.000000000000000000 ) ) ;
#7073 = ORIENTED_EDGE ( 'NONE', *, *, #5384, .T. ) ;
#7074 = DIRECTION ( 'NONE',  ( -0.000000000000000000, -1.000000000000000000, -0.000000000000000000 ) ) ;
#7075 = ORIENTED_EDGE ( 'NONE', *, *, #6901, .T. ) ;
#7076 = CYLINDRICAL_SURFACE ( 'NONE', #8133, 1.649999999999998579 ) ;
#7077 = CARTESIAN_POINT ( 'NONE',  ( 23.00000000000000000, 34.20000000000000284, 5.000000000000000000 ) ) ;
#7078 = DIRECTION ( 'NONE',  ( 0.000000000000000000, 0.000000000000000000, 1.000000000000000000 ) ) ;
#7079 = AXIS2_PLACEMENT_3D ( 'NONE', #3949, #7864, #6524 ) ;
#7080 = DIRECTION ( 'NONE',  ( 1.000000000000000000, 0.000000000000000000, 0.000000000000000000 ) ) ;
#7081 = CARTESIAN_POINT ( 'NONE',  ( -11.31370849898490150, 7.066904755831209251, -11.31370849898462261 ) ) ;
#7082 = ORIENTED_EDGE ( 'NONE', *, *, #3122, .F. ) ;
#7083 = VECTOR ( 'NONE', #3087, 1000.000000000000000 ) ;
#7084 = DIRECTION ( 'NONE',  ( 0.000000000000000000, 0.000000000000000000, 1.000000000000000000 ) ) ;
#7085 = EDGE_LOOP ( 'NONE', ( #1801, #5351, #4006, #7394 ) ) ;
#7086 = FACE_OUTER_BOUND ( 'NONE', #7177, .T. ) ;
#7087 = PRODUCT_DEFINITION_SHAPE ( 'NONE', 'NONE',  #8157 ) ;
#7088 = EDGE_CURVE ( 'NONE', #5163, #5188, #216, .T. ) ;
#7089 = FACE_OUTER_BOUND ( 'NONE', #3110, .T. ) ;
#7090 = AXIS2_PLACEMENT_3D ( 'NONE', #7895, #3614, #6136 ) ;
#7091 = DIRECTION ( 'NONE',  ( -0.000000000000000000, -1.000000000000000000, -0.000000000000000000 ) ) ;
#7092 = FACE_OUTER_BOUND ( 'NONE', #203, .T. ) ;
#7093 = ADVANCED_FACE ( 'NONE', ( #4707 ), #7219, .F. ) ;
#7094 = EDGE_LOOP ( 'NONE', ( #7777, #4686, #3956, #6332 ) ) ;
#7095 = ORIENTED_EDGE ( 'NONE', *, *, #3877, .T. ) ;
#7096 = AXIS2_PLACEMENT_3D ( 'NONE', #848, #4678, #7107 ) ;
#7097 = ORIENTED_EDGE ( 'NONE', *, *, #4617, .T. ) ;
#7098 = ADVANCED_FACE ( 'NONE', ( #2302, #1043 ), #1004, .F. ) ;
#7099 = FACE_OUTER_BOUND ( 'NONE', #453, .T. ) ;
#7100 = AXIS2_PLACEMENT_3D ( 'NONE', #1920, #6992, #1885 ) ;
#7101 = VERTEX_POINT ( 'NONE', #3546 ) ;
#7102 = CARTESIAN_POINT ( 'NONE',  ( 16.00000000000000000, 7.066904755831209251, -1.117274028429802674E-13 ) ) ;
#7103 = ADVANCED_FACE ( 'NONE', ( #3013 ), #7918, .T. ) ;
#7104 = CARTESIAN_POINT ( 'NONE',  ( 4.000000000000000000, 5.866058167915824404E-16, -4.790000000000001812 ) ) ;
#7105 = VERTEX_POINT ( 'NONE', #1082 ) ;
#7106 = ORIENTED_EDGE ( 'NONE', *, *, #3705, .T. ) ;
#7107 = DIRECTION ( 'NONE',  ( 1.000000000000000000, 0.000000000000000000, 0.000000000000000000 ) ) ;
#7108 = DIRECTION ( 'NONE',  ( 0.000000000000000000, 0.000000000000000000, 1.000000000000000000 ) ) ;
#7109 = PLANE ( 'NONE',  #3584 ) ;
#7110 = CARTESIAN_POINT ( 'NONE',  ( 2.000000000000000000, -7.228416147400480440, 230.0000000000000000 ) ) ;
#7111 = ORIENTED_EDGE ( 'NONE', *, *, #5027, .F. ) ;
#7112 = CARTESIAN_POINT ( 'NONE',  ( 23.00000000000000000, 34.20000000000000284, 3.000000000000000000 ) ) ;
#7113 = ORIENTED_EDGE ( 'NONE', *, *, #248, .T. ) ;
#7114 = DIRECTION ( 'NONE',  ( -0.000000000000000000, -0.000000000000000000, -1.000000000000000000 ) ) ;
#7115 = CARTESIAN_POINT ( 'NONE',  ( 39.50000000000000711, 0.000000000000000000, 0.000000000000000000 ) ) ;
#7116 = CARTESIAN_POINT ( 'NONE',  ( 3.000000000000000000, 6.110987527745293517E-16, -4.990000000000000213 ) ) ;
#7117 = DIRECTION ( 'NONE',  ( -1.000000000000000000, 0.000000000000000000, 0.000000000000000000 ) ) ;
#7118 = CARTESIAN_POINT ( 'NONE',  ( -1.673890375426111171E-13, -2.500000000000000000, -14.34999999999999787 ) ) ;
#7119 = ORIENTED_EDGE ( 'NONE', *, *, #6044, .F. ) ;
#7120 = DIRECTION ( 'NONE',  ( 0.000000000000000000, 0.000000000000000000, -1.000000000000000000 ) ) ;
#7121 = ORIENTED_EDGE ( 'NONE', *, *, #2761, .F. ) ;
#7122 = DIRECTION ( 'NONE',  ( -0.000000000000000000, 1.000000000000000000, -0.000000000000000000 ) ) ;
#7123 = VECTOR ( 'NONE', #6020, 1000.000000000000000 ) ;
#7124 = CARTESIAN_POINT ( 'NONE',  ( 11.31370849898490150, 10.00000000000000000, -11.31370849898462261 ) ) ;
#7125 = CIRCLE ( 'NONE', #1207, 45.00000000000000711 ) ;
#7126 = ADVANCED_FACE ( 'NONE', ( #3529 ), #1759, .T. ) ;
#7127 = DIRECTION ( 'NONE',  ( -0.000000000000000000, 1.000000000000000000, -0.000000000000000000 ) ) ;
#7128 = AXIS2_PLACEMENT_3D ( 'NONE', #6632, #1754, #1709 ) ;
#7129 = DIRECTION ( 'NONE',  ( 1.000000000000000000, 0.000000000000000000, 0.000000000000000000 ) ) ;
#7130 = ORIENTED_EDGE ( 'NONE', *, *, #860, .F. ) ;
#7131 = ORIENTED_EDGE ( 'NONE', *, *, #5425, .T. ) ;
#7132 = AXIS2_PLACEMENT_3D ( 'NONE', #1535, #3392, #2773 ) ;
#7133 = VECTOR ( 'NONE', #1676, 1000.000000000000000 ) ;
#7134 = AXIS2_PLACEMENT_3D ( 'NONE', #4842, #6078, #508 ) ;
#7135 = ORIENTED_EDGE ( 'NONE', *, *, #6001, .T. ) ;
#7136 = DIRECTION ( 'NONE',  ( 0.000000000000000000, 0.000000000000000000, 1.000000000000000000 ) ) ;
#7137 = ORIENTED_EDGE ( 'NONE', *, *, #439, .T. ) ;
#7138 = DIRECTION ( 'NONE',  ( 0.000000000000000000, 0.000000000000000000, 1.000000000000000000 ) ) ;
#7139 = EDGE_CURVE ( 'NONE', #1165, #243, #171, .T. ) ;
#7140 = EDGE_CURVE ( 'NONE', #6143, #3837, #5179, .T. ) ;
#7141 = AXIS2_PLACEMENT_3D ( 'NONE', #1785, #3731, #5630 ) ;
#7142 = CARTESIAN_POINT ( 'NONE',  ( -21.00000000000000000, 22.72893218813453231, -2.500000000000143441 ) ) ;
#7143 = AXIS2_PLACEMENT_3D ( 'NONE', #6609, #5998, #6033 ) ;
#7144 = VERTEX_POINT ( 'NONE', #3593 ) ;
#7145 = EDGE_CURVE ( 'NONE', #3006, #243, #2883, .T. ) ;
#7146 = EDGE_LOOP ( 'NONE', ( #2594, #6715 ) ) ;
#7147 = DIRECTION ( 'NONE',  ( 0.000000000000000000, 0.000000000000000000, 1.000000000000000000 ) ) ;
#7148 = AXIS2_PLACEMENT_3D ( 'NONE', #7008, #4579, #1438 ) ;
#7149 = AXIS2_PLACEMENT_3D ( 'NONE', #6851, #1202, #4370 ) ;
#7150 = CARTESIAN_POINT ( 'NONE',  ( 7.715274834628326364E-16, 2.399999999999999467, 6.300000000000000711 ) ) ;
#7151 = DIRECTION ( 'NONE',  ( -1.000000000000000000, -0.000000000000000000, -0.000000000000000000 ) ) ;
#7152 = LINE ( 'NONE', #7110, #7524 ) ;
#7153 = EDGE_CURVE ( 'NONE', #3174, #7466, #1728, .T. ) ;
#7154 = AXIS2_PLACEMENT_3D ( 'NONE', #6642, #6797, #7174 ) ;
#7155 = DIRECTION ( 'NONE',  ( 0.000000000000000000, 0.000000000000000000, 1.000000000000000000 ) ) ;
#7156 = CIRCLE ( 'NONE', #3603, 1.649999999999998579 ) ;
#7157 = ORIENTED_EDGE ( 'NONE', *, *, #4751, .T. ) ;
#7158 = LINE ( 'NONE', #6072, #6112 ) ;
#7159 = EDGE_CURVE ( 'NONE', #401, #890, #1685, .T. ) ;
#7160 = ORIENTED_EDGE ( 'NONE', *, *, #6768, .F. ) ;
#7161 = CYLINDRICAL_SURFACE ( 'NONE', #1174, 2.499999999999996891 ) ;
#7162 = FACE_OUTER_BOUND ( 'NONE', #1898, .T. ) ;
#7163 = VECTOR ( 'NONE', #3232, 1000.000000000000000 ) ;
#7164 = AXIS2_PLACEMENT_3D ( 'NONE', #7447, #1029, #2329 ) ;
#7165 = CARTESIAN_POINT ( 'NONE',  ( 16.00000000000000000, -4.666904755831215112, 0.000000000000000000 ) ) ;
#7166 = DIRECTION ( 'NONE',  ( 1.000000000000000000, 0.000000000000000000, 0.000000000000000000 ) ) ;
#7167 = EDGE_LOOP ( 'NONE', ( #8030, #5526, #1679, #6780 ) ) ;
#7168 = EDGE_CURVE ( 'NONE', #4499, #3886, #6888, .T. ) ;
#7169 = AXIS2_PLACEMENT_3D ( 'NONE', #4601, #2774, #269 ) ;
#7170 = CARTESIAN_POINT ( 'NONE',  ( -18.73499399519520026, 34.20000000000000284, 7.000000000000000000 ) ) ;
#7171 = VERTEX_POINT ( 'NONE', #374 ) ;
#7172 = DIRECTION ( 'NONE',  ( 0.000000000000000000, 0.000000000000000000, 1.000000000000000000 ) ) ;
#7173 = CARTESIAN_POINT ( 'NONE',  ( 0.000000000000000000, 11.19999999999999751, 45.00000000000000711 ) ) ;
#7174 = DIRECTION ( 'NONE',  ( 0.000000000000000000, 0.000000000000000000, 1.000000000000000000 ) ) ;
#7175 = DIRECTION ( 'NONE',  ( 0.000000000000000000, 1.000000000000000000, 0.000000000000000000 ) ) ;
#7176 = ORIENTED_EDGE ( 'NONE', *, *, #4246, .T. ) ;
#7177 = EDGE_LOOP ( 'NONE', ( #4836, #3808 ) ) ;
#7178 = CARTESIAN_POINT ( 'NONE',  ( 5.510910596163090344E-15, 28.80000000000000071, 45.00000000000000711 ) ) ;
#7179 = ORIENTED_EDGE ( 'NONE', *, *, #5637, .T. ) ;
#7180 = DIRECTION ( 'NONE',  ( 0.000000000000000000, 0.000000000000000000, 1.000000000000000000 ) ) ;
#7181 = UNCERTAINTY_MEASURE_WITH_UNIT (LENGTH_MEASURE( 1.000000000000000082E-05 ), #736, 'distance_accuracy_value', 'NONE');
#7182 = CARTESIAN_POINT ( 'NONE',  ( 4.000000000000000000, 0.000000000000000000, 4.990000000000001101 ) ) ;
#7183 = EDGE_LOOP ( 'NONE', ( #6133, #2175 ) ) ;
#7184 = ORIENTED_EDGE ( 'NONE', *, *, #6536, .F. ) ;
#7185 = DIRECTION ( 'NONE',  ( 0.000000000000000000, 0.000000000000000000, 1.000000000000000000 ) ) ;
#7186 = DIRECTION ( 'NONE',  ( -1.000000000000000000, -0.000000000000000000, -0.000000000000000000 ) ) ;
#7187 = CARTESIAN_POINT ( 'NONE',  ( 113.3000000000000114, 0.000000000000000000, 0.000000000000000000 ) ) ;
#7188 = EDGE_CURVE ( 'NONE', #986, #7992, #1096, .T. ) ;
#7189 = DIRECTION ( 'NONE',  ( 0.000000000000000000, 0.000000000000000000, 1.000000000000000000 ) ) ;
#7190 = ORIENTED_EDGE ( 'NONE', *, *, #3005, .T. ) ;
#7191 = ORIENTED_EDGE ( 'NONE', *, *, #1647, .T. ) ;
#7192 = EDGE_LOOP ( 'NONE', ( #7949, #4103, #7194, #1869 ) ) ;
#7193 = DIRECTION ( 'NONE',  ( -0.000000000000000000, -1.000000000000000000, -0.000000000000000000 ) ) ;
#7194 = ORIENTED_EDGE ( 'NONE', *, *, #5088, .F. ) ;
#7195 = FACE_OUTER_BOUND ( 'NONE', #2719, .T. ) ;
#7196 = ADVANCED_FACE ( 'NONE', ( #339, #5415 ), #2843, .F. ) ;
#7197 = CARTESIAN_POINT ( 'NONE',  ( 0.000000000000000000, 35.39999999999999858, 44.50000000000000711 ) ) ;
#7198 = EDGE_CURVE ( 'NONE', #8042, #7781, #4797, .T. ) ;
#7199 = CYLINDRICAL_SURFACE ( 'NONE', #8048, 4.790000000000006253 ) ;
#7200 = DIRECTION ( 'NONE',  ( -0.000000000000000000, -1.000000000000000000, -0.000000000000000000 ) ) ;
#7201 = AXIS2_PLACEMENT_3D ( 'NONE', #3077, #3525, #6179 ) ;
#7202 = EDGE_CURVE ( 'NONE', #2541, #644, #7410, .T. ) ;
#7203 = EDGE_LOOP ( 'NONE', ( #2309, #5016, #6450, #7604 ) ) ;
#7204 = DIRECTION ( 'NONE',  ( -1.000000000000000000, -0.000000000000000000, -0.000000000000000000 ) ) ;
#7205 = CIRCLE ( 'NONE', #6940, 7.500000000000000888 ) ;
#7206 = VERTEX_POINT ( 'NONE', #1646 ) ;
#7207 = CARTESIAN_POINT ( 'NONE',  ( 14.00000000000000000, 2.000000000000002665, -7.218039900139096687 ) ) ;
#7208 = PRODUCT_DEFINITION ( 'UNKNOWN', '', #7657, #1083 ) ;
#7209 = EDGE_CURVE ( 'NONE', #5388, #6513, #7538, .T. ) ;
#7210 = CARTESIAN_POINT ( 'NONE',  ( 16.00000000000000000, 7.066904755831209251, -1.650000000000110489 ) ) ;
#7211 = CARTESIAN_POINT ( 'NONE',  ( 0.000000000000000000, 0.000000000000000000, 0.000000000000000000 ) ) ;
#7212 = AXIS2_PLACEMENT_3D ( 'NONE', #2332, #4950, #3624 ) ;
#7213 = ORIENTED_EDGE ( 'NONE', *, *, #3412, .F. ) ;
#7214 = DIRECTION ( 'NONE',  ( 1.000000000000000000, 0.000000000000000000, 0.000000000000000000 ) ) ;
#7215 = VERTEX_POINT ( 'NONE', #8038 ) ;
#7216 = CARTESIAN_POINT ( 'NONE',  ( 16.00000000000000000, 10.00000000000000000, -1.649999999999998579 ) ) ;
#7217 = AXIS2_PLACEMENT_3D ( 'NONE', #813, #5846, #5270 ) ;
#7218 = ORIENTED_EDGE ( 'NONE', *, *, #6001, .F. ) ;
#7219 = PLANE ( 'NONE',  #7672 ) ;
#7220 = DIRECTION ( 'NONE',  ( 0.000000000000000000, 0.000000000000000000, 1.000000000000000000 ) ) ;
#7221 = FACE_OUTER_BOUND ( 'NONE', #3323, .T. ) ;
#7222 = CIRCLE ( 'NONE', #1429, 1.649999999999998579 ) ;
#7223 = EDGE_LOOP ( 'NONE', ( #5971, #4545, #3652, #3958 ) ) ;
#7224 = ORIENTED_EDGE ( 'NONE', *, *, #3359, .T. ) ;
#7225 = DIRECTION ( 'NONE',  ( -0.000000000000000000, 1.000000000000000000, -0.000000000000000000 ) ) ;
#7226 = DIRECTION ( 'NONE',  ( -0.000000000000000000, 1.000000000000000000, -0.000000000000000000 ) ) ;
#7227 = VECTOR ( 'NONE', #5334, 1000.000000000000000 ) ;
#7228 = DIRECTION ( 'NONE',  ( 0.000000000000000000, 0.000000000000000000, 1.000000000000000000 ) ) ;
#7229 = LINE ( 'NONE', #6008, #5955 ) ;
#7230 = ORIENTED_EDGE ( 'NONE', *, *, #3508, .T. ) ;
#7231 = MANIFOLD_SOLID_BREP ( 'Cut-Extrude2', #4600 ) ;
#7232 = VERTEX_POINT ( 'NONE', #2553 ) ;
#7233 = ORIENTED_EDGE ( 'NONE', *, *, #6810, .T. ) ;
#7234 = DIRECTION ( 'NONE',  ( -0.000000000000000000, -0.000000000000000000, -1.000000000000000000 ) ) ;
#7235 = VERTEX_POINT ( 'NONE', #6282 ) ;
#7236 = DIRECTION ( 'NONE',  ( -0.000000000000000000, -0.000000000000000000, 1.000000000000000000 ) ) ;
#7237 = FACE_BOUND ( 'NONE', #3307, .T. ) ;
#7238 = DIRECTION ( 'NONE',  ( -0.000000000000000000, 1.000000000000000000, -0.000000000000000000 ) ) ;
#7239 = EDGE_CURVE ( 'NONE', #7144, #836, #38, .T. ) ;
#7240 = EDGE_CURVE ( 'NONE', #4955, #1915, #3714, .T. ) ;
#7241 = ADVANCED_FACE ( 'NONE', ( #6318 ), #7541, .T. ) ;
#7242 = ORIENTED_EDGE ( 'NONE', *, *, #1894, .F. ) ;
#7243 = CARTESIAN_POINT ( 'NONE',  ( 0.000000000000000000, 2.399999999999999467, 0.000000000000000000 ) ) ;
#7244 = ORIENTED_EDGE ( 'NONE', *, *, #5784, .T. ) ;
#7245 = CARTESIAN_POINT ( 'NONE',  ( 0.000000000000000000, 35.39999999999999858, 0.000000000000000000 ) ) ;
#7246 = CARTESIAN_POINT ( 'NONE',  ( 0.000000000000000000, 4.600000000000003197, 44.50000000000000711 ) ) ;
#7247 = PLANE ( 'NONE',  #3458 ) ;
#7248 = ADVANCED_FACE ( 'NONE', ( #6814 ), #8121, .F. ) ;
#7249 = AXIS2_PLACEMENT_3D ( 'NONE', #4871, #5414, #7917 ) ;
#7250 = VERTEX_POINT ( 'NONE', #537 ) ;
#7251 = DIRECTION ( 'NONE',  ( 0.000000000000000000, 0.000000000000000000, -1.000000000000000000 ) ) ;
#7252 = ORIENTED_EDGE ( 'NONE', *, *, #7800, .T. ) ;
#7253 = EDGE_LOOP ( 'NONE', ( #8, #4021 ) ) ;
#7254 = DIRECTION ( 'NONE',  ( -1.000000000000000000, -0.000000000000000000, -0.000000000000000000 ) ) ;
#7255 = VECTOR ( 'NONE', #1710, 1000.000000000000000 ) ;
#7256 = AXIS2_PLACEMENT_3D ( 'NONE', #6436, #6317, #3096 ) ;
#7257 = ORIENTED_EDGE ( 'NONE', *, *, #6343, .F. ) ;
#7258 = DIRECTION ( 'NONE',  ( 0.000000000000000000, 0.000000000000000000, -1.000000000000000000 ) ) ;
#7259 = UNCERTAINTY_MEASURE_WITH_UNIT (LENGTH_MEASURE( 1.000000000000000082E-05 ), #1949, 'distance_accuracy_value', 'NONE');
#7260 = AXIS2_PLACEMENT_3D ( 'NONE', #4110, #4278, #359 ) ;
#7261 = LINE ( 'NONE', #3547, #1740 ) ;
#7262 = DIRECTION ( 'NONE',  ( -1.000000000000000000, -0.000000000000000000, -0.000000000000000000 ) ) ;
#7263 = ORIENTED_EDGE ( 'NONE', *, *, #59, .T. ) ;
#7264 = ORIENTED_EDGE ( 'NONE', *, *, #944, .F. ) ;
#7265 = LINE ( 'NONE', #4143, #2740 ) ;
#7266 = CARTESIAN_POINT ( 'NONE',  ( 11.31370849898465991, 2.399999999999999467, -11.31370849898485886 ) ) ;
#7267 = DIRECTION ( 'NONE',  ( 0.000000000000000000, 0.000000000000000000, 1.000000000000000000 ) ) ;
#7268 = CIRCLE ( 'NONE', #3720, 4.790000000000001812 ) ;
#7269 = CIRCLE ( 'NONE', #4911, 4.990000000000000213 ) ;
#7270 = CARTESIAN_POINT ( 'NONE',  ( 2.000000000000000000, -7.228416147400480440, 210.0000000000000284 ) ) ;
#7271 = LINE ( 'NONE', #1575, #5821 ) ;
#7272 = ORIENTED_EDGE ( 'NONE', *, *, #1551, .T. ) ;
#7273 = VERTEX_POINT ( 'NONE', #3053 ) ;
#7274 = VECTOR ( 'NONE', #7127, 1000.000000000000000 ) ;
#7275 = FACE_OUTER_BOUND ( 'NONE', #6061, .T. ) ;
#7276 = VECTOR ( 'NONE', #2218, 1000.000000000000000 ) ;
#7277 = ORIENTED_EDGE ( 'NONE', *, *, #92, .F. ) ;
#7278 = DIRECTION ( 'NONE',  ( -0.000000000000000000, 1.000000000000000000, -0.000000000000000000 ) ) ;
#7279 = DIRECTION ( 'NONE',  ( 1.000000000000000000, 0.000000000000000000, 0.000000000000000000 ) ) ;
#7280 = CARTESIAN_POINT ( 'NONE',  ( 11.31370849898490150, 0.000000000000000000, -9.663708498984624029 ) ) ;
#7281 = CIRCLE ( 'NONE', #1756, 45.00000000000000711 ) ;
#7282 = FACE_OUTER_BOUND ( 'NONE', #3346, .T. ) ;
#7283 = VECTOR ( 'NONE', #7500, 1000.000000000000000 ) ;
#7284 = ORIENTED_EDGE ( 'NONE', *, *, #3158, .T. ) ;
#7285 = ADVANCED_FACE ( 'NONE', ( #5584 ), #3097, .T. ) ;
#7286 = ORIENTED_EDGE ( 'NONE', *, *, #4068, .T. ) ;
#7287 = CARTESIAN_POINT ( 'NONE',  ( 2.000000000000000000, -7.228416147400480440, 20.00000000000000000 ) ) ;
#7288 = CIRCLE ( 'NONE', #182, 2.000000000000001776 ) ;
#7289 = AXIS2_PLACEMENT_3D ( 'NONE', #5340, #3506, #4175 ) ;
#7290 = ORIENTED_EDGE ( 'NONE', *, *, #6991, .T. ) ;
#7291 = CARTESIAN_POINT ( 'NONE',  ( 16.00000000000000000, -2.500000000000000000, 1.649999999999887335 ) ) ;
#7292 = CARTESIAN_POINT ( 'NONE',  ( 0.000000000000000000, 13.40000000000000213, 0.000000000000000000 ) ) ;
#7293 = AXIS2_PLACEMENT_3D ( 'NONE', #5944, #2839, #2255 ) ;
#7294 = EDGE_CURVE ( 'NONE', #2438, #6897, #5709, .T. ) ;
#7295 = AXIS2_PLACEMENT_3D ( 'NONE', #5698, #3679, #8089 ) ;
#7296 = VERTEX_POINT ( 'NONE', #1812 ) ;
#7297 = DIRECTION ( 'NONE',  ( 0.000000000000000000, 0.000000000000000000, -1.000000000000000000 ) ) ;
#7298 = VERTEX_POINT ( 'NONE', #5621 ) ;
#7299 = CARTESIAN_POINT ( 'NONE',  ( 0.000000000000000000, -2.500000000000000000, 0.000000000000000000 ) ) ;
#7300 = CARTESIAN_POINT ( 'NONE',  ( 23.00000000000000000, 34.20000000000000284, -4.999999999999995559 ) ) ;
#7301 = DIRECTION ( 'NONE',  ( 0.000000000000000000, 0.000000000000000000, 1.000000000000000000 ) ) ;
#7302 = EDGE_CURVE ( 'NONE', #1369, #5163, #4996, .T. ) ;
#7303 = ADVANCED_FACE ( 'NONE', ( #584 ), #3216, .T. ) ;
#7304 = CARTESIAN_POINT ( 'NONE',  ( 113.3000000000000114, 2.000000000000000000, 4.571662717217892968 ) ) ;
#7305 = CARTESIAN_POINT ( 'NONE',  ( 30.50000000000000000, 0.000000000000000000, 0.000000000000000000 ) ) ;
#7306 = EDGE_CURVE ( 'NONE', #1786, #7947, #2590, .T. ) ;
#7307 = ORIENTED_EDGE ( 'NONE', *, *, #3457, .F. ) ;
#7308 = EDGE_LOOP ( 'NONE', ( #6759, #1010 ) ) ;
#7309 = DIRECTION ( 'NONE',  ( 0.000000000000000000, 0.000000000000000000, 1.000000000000000000 ) ) ;
#7310 = DIRECTION ( 'NONE',  ( -0.000000000000000000, -1.000000000000000000, -0.000000000000000000 ) ) ;
#7311 = DIRECTION ( 'NONE',  ( 1.000000000000000000, 0.000000000000000000, 0.000000000000000000 ) ) ;
#7312 = DIRECTION ( 'NONE',  ( 0.000000000000000000, 0.000000000000000000, -1.000000000000000000 ) ) ;
#7313 = ADVANCED_FACE ( 'NONE', ( #6925, #1850 ), #1310, .F. ) ;
#7314 = CARTESIAN_POINT ( 'NONE',  ( -6.300000000000000711, 34.20000000000000284, 16.86149459567567632 ) ) ;
#7315 = VERTEX_POINT ( 'NONE', #3756 ) ;
#7316 = ORIENTED_EDGE ( 'NONE', *, *, #3014, .T. ) ;
#7317 = DIRECTION ( 'NONE',  ( -1.000000000000000000, 0.000000000000000000, 0.000000000000000000 ) ) ;
#7318 = EDGE_LOOP ( 'NONE', ( #435, #7066, #2361, #3492 ) ) ;
#7319 = DIRECTION ( 'NONE',  ( 0.000000000000000000, 0.000000000000000000, 1.000000000000000000 ) ) ;
#7320 = LINE ( 'NONE', #437, #6422 ) ;
#7321 = CARTESIAN_POINT ( 'NONE',  ( -11.31370849898490150, 2.399999999999999467, -11.31370849898462261 ) ) ;
#7322 = DIRECTION ( 'NONE',  ( 0.000000000000000000, 0.000000000000000000, 1.000000000000000000 ) ) ;
#7323 = DIRECTION ( 'NONE',  ( 0.000000000000000000, -1.000000000000000000, 0.000000000000000000 ) ) ;
#7324 = VERTEX_POINT ( 'NONE', #3131 ) ;
#7325 = EDGE_LOOP ( 'NONE', ( #5556, #5459, #7908, #4584 ) ) ;
#7326 = LINE ( 'NONE', #5612, #1419 ) ;
#7327 = EDGE_LOOP ( 'NONE', ( #6849, #7073, #4201, #392 ) ) ;
#7328 = AXIS2_PLACEMENT_3D ( 'NONE', #937, #358, #3489 ) ;
#7329 = CARTESIAN_POINT ( 'NONE',  ( 4.898587196589413026E-15, 29.80000000000000426, 40.00000000000000000 ) ) ;
#7330 = CYLINDRICAL_SURFACE ( 'NONE', #2905, 44.50000000000000711 ) ;
#7331 = ORIENTED_EDGE ( 'NONE', *, *, #3563, .F. ) ;
#7332 = CIRCLE ( 'NONE', #3782, 5.000000000000000000 ) ;
#7333 = DIRECTION ( 'NONE',  ( 0.000000000000000000, 0.000000000000000000, 1.000000000000000000 ) ) ;
#7334 = VERTEX_POINT ( 'NONE', #1271 ) ;
#7335 = DIRECTION ( 'NONE',  ( -0.000000000000000000, 1.000000000000000000, -0.000000000000000000 ) ) ;
#7336 = EDGE_CURVE ( 'NONE', #6949, #3590, #1884, .T. ) ;
#7337 = DIRECTION ( 'NONE',  ( -0.000000000000000000, 1.000000000000000000, -0.000000000000000000 ) ) ;
#7338 = DIRECTION ( 'NONE',  ( 0.000000000000000000, 0.000000000000000000, 1.000000000000000000 ) ) ;
#7339 = AXIS2_PLACEMENT_3D ( 'NONE', #2459, #732, #1264 ) ;
#7340 = EDGE_CURVE ( 'NONE', #4177, #3377, #1233, .T. ) ;
#7341 = DIRECTION ( 'NONE',  ( -0.000000000000000000, -0.000000000000000000, 1.000000000000000000 ) ) ;
#7342 = CARTESIAN_POINT ( 'NONE',  ( 0.000000000000000000, 15.59999999999999964, 45.00000000000000711 ) ) ;
#7343 = EDGE_CURVE ( 'NONE', #7206, #2821, #5114, .T. ) ;
#7344 = VECTOR ( 'NONE', #2165, 1000.000000000000000 ) ;
#7345 = EDGE_CURVE ( 'NONE', #1458, #86, #6247, .T. ) ;
#7346 = ORIENTED_EDGE ( 'NONE', *, *, #7850, .F. ) ;
#7347 = VECTOR ( 'NONE', #4348, 1000.000000000000000 ) ;
#7348 = VERTEX_POINT ( 'NONE', #165 ) ;
#7349 = EDGE_CURVE ( 'NONE', #4935, #1231, #5841, .T. ) ;
#7350 = DIRECTION ( 'NONE',  ( 0.000000000000000000, 0.000000000000000000, 1.000000000000000000 ) ) ;
#7351 = DIRECTION ( 'NONE',  ( 0.000000000000000000, 0.000000000000000000, -1.000000000000000000 ) ) ;
#7352 = CARTESIAN_POINT ( 'NONE',  ( 11.76470588235293668, 22.05882352941176805, 20.00000000000000000 ) ) ;
#7353 = LINE ( 'NONE', #3429, #3715 ) ;
#7354 = DIRECTION ( 'NONE',  ( 0.000000000000000000, -1.000000000000000000, 0.000000000000000000 ) ) ;
#7355 = AXIS2_PLACEMENT_3D ( 'NONE', #4879, #4839, #7309 ) ;
#7356 = ORIENTED_EDGE ( 'NONE', *, *, #3211, .T. ) ;
#7357 = VERTEX_POINT ( 'NONE', #6437 ) ;
#7358 = CARTESIAN_POINT ( 'NONE',  ( 0.000000000000000000, 0.000000000000000000, 0.000000000000000000 ) ) ;
#7359 = ORIENTED_EDGE ( 'NONE', *, *, #4992, .F. ) ;
#7360 = LINE ( 'NONE', #2324, #7608 ) ;
#7361 = DIRECTION ( 'NONE',  ( 0.000000000000000000, 1.000000000000000000, 0.000000000000000000 ) ) ;
#7362 = FACE_OUTER_BOUND ( 'NONE', #3536, .T. ) ;
#7363 = EDGE_CURVE ( 'NONE', #5634, #933, #6503, .T. ) ;
#7364 = LINE ( 'NONE', #3035, #7255 ) ;
#7365 = DIRECTION ( 'NONE',  ( 0.000000000000000000, 0.000000000000000000, 1.000000000000000000 ) ) ;
#7366 = CIRCLE ( 'NONE', #922, 1.649999999999998801 ) ;
#7367 = VERTEX_POINT ( 'NONE', #4492 ) ;
#7368 = EDGE_LOOP ( 'NONE', ( #6074, #1971 ) ) ;
#7369 = FACE_OUTER_BOUND ( 'NONE', #2159, .T. ) ;
#7370 = ORIENTED_EDGE ( 'NONE', *, *, #2669, .F. ) ;
#7371 = DIRECTION ( 'NONE',  ( 0.000000000000000000, 0.000000000000000000, 1.000000000000000000 ) ) ;
#7372 = VERTEX_POINT ( 'NONE', #1964 ) ;
#7373 = DIRECTION ( 'NONE',  ( -1.000000000000000000, -0.000000000000000000, -0.000000000000000000 ) ) ;
#7374 = ORIENTED_EDGE ( 'NONE', *, *, #1123, .F. ) ;
#7375 = CARTESIAN_POINT ( 'NONE',  ( 11.31370849898490150, -4.666904755831215112, -9.663708498984624029 ) ) ;
#7376 = CARTESIAN_POINT ( 'NONE',  ( 0.000000000000000000, 22.20000000000000284, 0.000000000000000000 ) ) ;
#7377 = DIRECTION ( 'NONE',  ( 0.000000000000000000, 0.000000000000000000, 1.000000000000000000 ) ) ;
#7378 = DIRECTION ( 'NONE',  ( -0.000000000000000000, -0.000000000000000000, -1.000000000000000000 ) ) ;
#7379 = FACE_OUTER_BOUND ( 'NONE', #7853, .T. ) ;
#7380 = ORIENTED_EDGE ( 'NONE', *, *, #806, .T. ) ;
#7381 = CIRCLE ( 'NONE', #2242, 45.00000000000000711 ) ;
#7382 = VERTEX_POINT ( 'NONE', #7049 ) ;
#7383 = EDGE_CURVE ( 'NONE', #4260, #1484, #5186, .T. ) ;
#7384 = CARTESIAN_POINT ( 'NONE',  ( 14.00000000000000000, 2.000000000000002665, 7.228416147400479552 ) ) ;
#7385 = CARTESIAN_POINT ( 'NONE',  ( 90.00000000000000000, 12.49999999999999822, 210.0000000000000284 ) ) ;
#7386 = VECTOR ( 'NONE', #5522, 1000.000000000000000 ) ;
#7387 = DIRECTION ( 'NONE',  ( -0.000000000000000000, 1.000000000000000000, -0.000000000000000000 ) ) ;
#7388 = ADVANCED_FACE ( 'NONE', ( #2044 ), #4576, .F. ) ;
#7389 = DIRECTION ( 'NONE',  ( 0.000000000000000000, 0.000000000000000000, 1.000000000000000000 ) ) ;
#7390 = CIRCLE ( 'NONE', #6486, 4.790000000000000924 ) ;
#7391 = CARTESIAN_POINT ( 'NONE',  ( 103.3000000000000114, -2.000000000000000000, 4.582575694955839829 ) ) ;
#7392 = AXIS2_PLACEMENT_3D ( 'NONE', #3951, #5326, #6477 ) ;
#7393 = EDGE_CURVE ( 'NONE', #6903, #1844, #7618, .T. ) ;
#7394 = ORIENTED_EDGE ( 'NONE', *, *, #2607, .T. ) ;
#7395 = AXIS2_PLACEMENT_3D ( 'NONE', #7404, #990, #396 ) ;
#7396 = ORIENTED_EDGE ( 'NONE', *, *, #2187, .T. ) ;
#7397 = DIRECTION ( 'NONE',  ( -0.000000000000000000, 1.000000000000000000, -0.000000000000000000 ) ) ;
#7398 = EDGE_LOOP ( 'NONE', ( #529, #7413, #39, #4825 ) ) ;
#7399 = LINE ( 'NONE', #1751, #3269 ) ;
#7400 = VECTOR ( 'NONE', #7760, 1000.000000000000000 ) ;
#7401 = AXIS2_PLACEMENT_3D ( 'NONE', #2273, #5474, #3605 ) ;
#7402 = LINE ( 'NONE', #1147, #2322 ) ;
#7403 = EDGE_CURVE ( 'NONE', #6565, #667, #3252, .T. ) ;
#7404 = CARTESIAN_POINT ( 'NONE',  ( 54.00000000000000000, 0.000000000000000000, 0.000000000000000000 ) ) ;
#7405 = AXIS2_PLACEMENT_3D ( 'NONE', #6439, #3688, #2045 ) ;
#7406 = DIRECTION ( 'NONE',  ( -0.000000000000000000, 1.000000000000000000, -0.000000000000000000 ) ) ;
#7407 = DIRECTION ( 'NONE',  ( -1.000000000000000000, 0.000000000000000000, 0.000000000000000000 ) ) ;
#7408 = AXIS2_PLACEMENT_3D ( 'NONE', #303, #7839, #2179 ) ;
#7409 = DIRECTION ( 'NONE',  ( -0.000000000000000000, 1.000000000000000000, -0.000000000000000000 ) ) ;
#7410 = CIRCLE ( 'NONE', #1748, 44.50000000000000711 ) ;
#7411 = EDGE_CURVE ( 'NONE', #780, #790, #1337, .T. ) ;
#7412 = ORIENTED_EDGE ( 'NONE', *, *, #2866, .F. ) ;
#7413 = ORIENTED_EDGE ( 'NONE', *, *, #6354, .T. ) ;
#7414 = CARTESIAN_POINT ( 'NONE',  ( -23.00000000000000000, 29.80000000000000426, 3.000000000000000000 ) ) ;
#7415 = ORIENTED_EDGE ( 'NONE', *, *, #3640, .F. ) ;
#7416 = CIRCLE ( 'NONE', #6510, 1.649999999999998579 ) ;
#7417 = DIRECTION ( 'NONE',  ( 0.000000000000000000, 0.000000000000000000, 1.000000000000000000 ) ) ;
#7418 = DIRECTION ( 'NONE',  ( 0.000000000000000000, 0.000000000000000000, 1.000000000000000000 ) ) ;
#7419 = ADVANCED_FACE ( 'NONE', ( #3085, #6273 ), #3700, .F. ) ;
#7420 = VECTOR ( 'NONE', #6823, 1000.000000000000000 ) ;
#7421 = ORIENTED_EDGE ( 'NONE', *, *, #1804, .F. ) ;
#7422 = CIRCLE ( 'NONE', #2010, 81.25000000000009948 ) ;
#7423 = FACE_OUTER_BOUND ( 'NONE', #5905, .T. ) ;
#7424 = ORIENTED_EDGE ( 'NONE', *, *, #7534, .T. ) ;
#7425 = DIRECTION ( 'NONE',  ( 0.000000000000000000, 1.000000000000000000, 0.000000000000000000 ) ) ;
#7426 = DIRECTION ( 'NONE',  ( -0.000000000000000000, -1.000000000000000000, -0.000000000000000000 ) ) ;
#7427 = DIRECTION ( 'NONE',  ( 1.000000000000000000, 0.000000000000000000, -0.000000000000000000 ) ) ;
#7428 = CIRCLE ( 'NONE', #1763, 5.000000000000000000 ) ;
#7429 = CIRCLE ( 'NONE', #5203, 2.499999999999998668 ) ;
#7430 = DIRECTION ( 'NONE',  ( 1.000000000000000000, 0.000000000000000000, 0.000000000000000000 ) ) ;
#7431 = CYLINDRICAL_SURFACE ( 'NONE', #4528, 7.490000000000001990 ) ;
#7432 = ORIENTED_EDGE ( 'NONE', *, *, #5500, .F. ) ;
#7433 = ORIENTED_EDGE ( 'NONE', *, *, #1453, .F. ) ;
#7434 = DIRECTION ( 'NONE',  ( -1.000000000000000000, -0.000000000000000000, -0.000000000000000000 ) ) ;
#7435 = DIRECTION ( 'NONE',  ( 1.000000000000000000, 2.168404344971008868E-16, -0.000000000000000000 ) ) ;
#7436 = FACE_OUTER_BOUND ( 'NONE', #7001, .T. ) ;
#7437 = DIRECTION ( 'NONE',  ( 0.000000000000000000, 0.000000000000000000, 1.000000000000000000 ) ) ;
#7438 = CARTESIAN_POINT ( 'NONE',  ( 0.000000000000000000, 0.000000000000000000, 20.00000000000000000 ) ) ;
#7439 = ORIENTED_EDGE ( 'NONE', *, *, #2348, .F. ) ;
#7440 = DIRECTION ( 'NONE',  ( -0.000000000000000000, 1.000000000000000000, -0.000000000000000000 ) ) ;
#7441 = ORIENTED_EDGE ( 'NONE', *, *, #1008, .T. ) ;
#7442 = LINE ( 'NONE', #357, #2606 ) ;
#7443 = FACE_OUTER_BOUND ( 'NONE', #7398, .T. ) ;
#7444 = EDGE_CURVE ( 'NONE', #2686, #5211, #3597, .T. ) ;
#7445 = CARTESIAN_POINT ( 'NONE',  ( 11.76470588235294024, -22.05882352941176450, 20.00000000000000000 ) ) ;
#7446 = DIRECTION ( 'NONE',  ( -0.000000000000000000, -1.000000000000000000, -0.000000000000000000 ) ) ;
#7447 = CARTESIAN_POINT ( 'NONE',  ( 0.000000000000000000, 0.000000000000000000, 210.0000000000000284 ) ) ;
#7448 = ORIENTED_EDGE ( 'NONE', *, *, #5744, .F. ) ;
#7449 = EDGE_CURVE ( 'NONE', #3837, #6143, #2271, .T. ) ;
#7450 = ORIENTED_EDGE ( 'NONE', *, *, #1641, .F. ) ;
#7451 = ADVANCED_FACE ( 'NONE', ( #5063 ), #1230, .T. ) ;
#7452 = CARTESIAN_POINT ( 'NONE',  ( 0.000000000000000000, 6.800000000000000711, 45.00000000000000711 ) ) ;
#7453 = ORIENTED_EDGE ( 'NONE', *, *, #83, .F. ) ;
#7454 = DIRECTION ( 'NONE',  ( 0.000000000000000000, 0.000000000000000000, 1.000000000000000000 ) ) ;
#7455 = EDGE_CURVE ( 'NONE', #2570, #1191, #2619, .T. ) ;
#7456 = DIRECTION ( 'NONE',  ( -0.000000000000000000, 1.000000000000000000, -0.000000000000000000 ) ) ;
#7457 = ORIENTED_EDGE ( 'NONE', *, *, #4788, .T. ) ;
#7458 = DIRECTION ( 'NONE',  ( -1.000000000000000000, 0.000000000000000000, -0.000000000000000000 ) ) ;
#7459 = VERTEX_POINT ( 'NONE', #7569 ) ;
#7460 = ADVANCED_FACE ( 'NONE', ( #7525 ), #1952, .T. ) ;
#7461 = CARTESIAN_POINT ( 'NONE',  ( 0.000000000000000000, 33.20000000000000284, 0.000000000000000000 ) ) ;
#7462 = DIRECTION ( 'NONE',  ( 0.000000000000000000, 0.000000000000000000, 1.000000000000000000 ) ) ;
#7463 = CARTESIAN_POINT ( 'NONE',  ( 70.00000000000000000, 0.000000000000000000, 115.0000000000000000 ) ) ;
#7464 = VECTOR ( 'NONE', #6979, 1000.000000000000000 ) ;
#7465 = FACE_BOUND ( 'NONE', #1578, .T. ) ;
#7466 = VERTEX_POINT ( 'NONE', #6386 ) ;
#7467 = ORIENTED_EDGE ( 'NONE', *, *, #5786, .F. ) ;
#7468 = DIRECTION ( 'NONE',  ( -0.000000000000000000, 1.000000000000000000, -0.000000000000000000 ) ) ;
#7469 = CIRCLE ( 'NONE', #1413, 5.000000000000000000 ) ;
#7470 = CARTESIAN_POINT ( 'NONE',  ( 0.000000000000000000, -2.500000000000000000, 0.000000000000000000 ) ) ;
#7471 = CARTESIAN_POINT ( 'NONE',  ( 7.715274834628326364E-16, 0.000000000000000000, -6.300000000000000711 ) ) ;
#7472 = CARTESIAN_POINT ( 'NONE',  ( 50.00000000000002842, 12.49999999999999645, 0.000000000000000000 ) ) ;
#7473 = DIRECTION ( 'NONE',  ( 0.000000000000000000, 1.000000000000000000, 0.000000000000000000 ) ) ;
#7474 = PRODUCT ( 'MotorCore', 'MotorCore', '', ( #5969 ) ) ;
#7475 = ORIENTED_EDGE ( 'NONE', *, *, #2894, .T. ) ;
#7476 = FACE_OUTER_BOUND ( 'NONE', #4957, .T. ) ;
#7477 = ORIENTED_EDGE ( 'NONE', *, *, #1599, .T. ) ;
#7478 = DIRECTION ( 'NONE',  ( 0.000000000000000000, 0.000000000000000000, 1.000000000000000000 ) ) ;
#7479 = LINE ( 'NONE', #637, #2786 ) ;
#7480 = CIRCLE ( 'NONE', #2204, 2.000000000000000888 ) ;
#7481 = DIRECTION ( 'NONE',  ( 0.000000000000000000, 0.000000000000000000, 1.000000000000000000 ) ) ;
#7482 = DIRECTION ( 'NONE',  ( 0.000000000000000000, 0.000000000000000000, -1.000000000000000000 ) ) ;
#7483 = ORIENTED_EDGE ( 'NONE', *, *, #6055, .F. ) ;
#7484 = DIRECTION ( 'NONE',  ( 0.000000000000000000, 0.000000000000000000, 1.000000000000000000 ) ) ;
#7485 = AXIS2_PLACEMENT_3D ( 'NONE', #3112, #4513, #6978 ) ;
#7486 = ORIENTED_EDGE ( 'NONE', *, *, #5644, .F. ) ;
#7487 = DIRECTION ( 'NONE',  ( 0.000000000000000000, 0.000000000000000000, 1.000000000000000000 ) ) ;
#7488 = AXIS2_PLACEMENT_3D ( 'NONE', #2462, #2545, #4985 ) ;
#7489 = EDGE_CURVE ( 'NONE', #8098, #2455, #4438, .T. ) ;
#7490 = CARTESIAN_POINT ( 'NONE',  ( 14.00000000000000000, 2.000000000000002665, 7.218039900139096687 ) ) ;
#7491 = EDGE_CURVE ( 'NONE', #2736, #280, #4520, .T. ) ;
#7492 = CARTESIAN_POINT ( 'NONE',  ( 11.31370849898474162, 10.00000000000000000, 12.96370849898478284 ) ) ;
#7493 = VECTOR ( 'NONE', #2015, 1000.000000000000000 ) ;
#7494 = ADVANCED_FACE ( 'NONE', ( #5100, #6950 ), #3119, .T. ) ;
#7495 = ORIENTED_EDGE ( 'NONE', *, *, #6982, .F. ) ;
#7496 = ADVANCED_FACE ( 'NONE', ( #104 ), #1262, .T. ) ;
#7497 = CYLINDRICAL_SURFACE ( 'NONE', #1028, 5.000000000000000000 ) ;
#7498 = ORIENTED_EDGE ( 'NONE', *, *, #1108, .F. ) ;
#7499 = FACE_OUTER_BOUND ( 'NONE', #3341, .T. ) ;
#7500 = DIRECTION ( 'NONE',  ( -1.000000000000000000, -0.000000000000000000, -0.000000000000000000 ) ) ;
#7501 = EDGE_CURVE ( 'NONE', #1967, #4241, #5678, .T. ) ;
#7502 = CARTESIAN_POINT ( 'NONE',  ( -2.000000000000000000, -7.228416147400480440, 245.5241746962600473 ) ) ;
#7503 = DIRECTION ( 'NONE',  ( -1.000000000000000000, 0.000000000000000000, 0.000000000000000000 ) ) ;
#7504 = VERTEX_POINT ( 'NONE', #570 ) ;
#7505 = ORIENTED_EDGE ( 'NONE', *, *, #5784, .F. ) ;
#7506 = PLANE ( 'NONE',  #5261 ) ;
#7507 = CARTESIAN_POINT ( 'NONE',  ( 0.000000000000000000, 35.39999999999999858, -45.00000000000000711 ) ) ;
#7508 = CARTESIAN_POINT ( 'NONE',  ( 0.000000000000000000, 6.800000000000000711, 0.000000000000000000 ) ) ;
#7509 = UNCERTAINTY_MEASURE_WITH_UNIT (LENGTH_MEASURE( 1.000000000000000082E-05 ), #3698, 'distance_accuracy_value', 'NONE');
#7510 = CARTESIAN_POINT ( 'NONE',  ( 0.000000000000000000, 0.000000000000000000, -15.52417469626002777 ) ) ;
#7511 = CARTESIAN_POINT ( 'NONE',  ( -7.301494641591894997E-14, 29.80000000000000426, 18.50000000000000355 ) ) ;
#7512 = EDGE_LOOP ( 'NONE', ( #228, #4794, #365, #3970 ) ) ;
#7513 = DIRECTION ( 'NONE',  ( -1.000000000000000000, 0.000000000000000000, 0.000000000000000000 ) ) ;
#7514 = VECTOR ( 'NONE', #4663, 1000.000000000000000 ) ;
#7515 = VERTEX_POINT ( 'NONE', #3818 ) ;
#7516 = CARTESIAN_POINT ( 'NONE',  ( -3.000000000000001776, 34.20000000000000284, -25.00000000000000000 ) ) ;
#7517 = PLANE ( 'NONE',  #3474 ) ;
#7518 = AXIS2_PLACEMENT_3D ( 'NONE', #4445, #5107, #1886 ) ;
#7519 = CIRCLE ( 'NONE', #3966, 7.490000000000001990 ) ;
#7520 = LINE ( 'NONE', #6299, #6743 ) ;
#7521 = CARTESIAN_POINT ( 'NONE',  ( 18.73499399519520026, 34.20000000000000284, 7.000000000000000000 ) ) ;
#7522 = VECTOR ( 'NONE', #1332, 1000.000000000000000 ) ;
#7523 = ORIENTED_EDGE ( 'NONE', *, *, #7746, .F. ) ;
#7524 = VECTOR ( 'NONE', #7031, 1000.000000000000000 ) ;
#7525 = FACE_OUTER_BOUND ( 'NONE', #5276, .T. ) ;
#7526 = AXIS2_PLACEMENT_3D ( 'NONE', #4761, #6783, #2313 ) ;
#7527 = ORIENTED_EDGE ( 'NONE', *, *, #4617, .F. ) ;
#7528 = DIRECTION ( 'NONE',  ( 0.000000000000000000, 0.000000000000000000, 1.000000000000000000 ) ) ;
#7529 = AXIS2_PLACEMENT_3D ( 'NONE', #428, #6045, #8009 ) ;
#7530 = DIRECTION ( 'NONE',  ( 1.000000000000000000, 0.000000000000000000, 0.000000000000000000 ) ) ;
#7531 = AXIS2_PLACEMENT_3D ( 'NONE', #4389, #1251, #3185 ) ;
#7532 =( NAMED_UNIT ( * ) SI_UNIT ( $, .STERADIAN. ) SOLID_ANGLE_UNIT ( ) );
#7533 = AXIS2_PLACEMENT_3D ( 'NONE', #4589, #2140, #7180 ) ;
#7534 = EDGE_CURVE ( 'NONE', #6249, #5371, #6339, .T. ) ;
#7535 = ORIENTED_EDGE ( 'NONE', *, *, #6260, .T. ) ;
#7536 = CARTESIAN_POINT ( 'NONE',  ( 25.00000000000000000, 34.20000000000000284, -4.999999999999996447 ) ) ;
#7537 = AXIS2_PLACEMENT_3D ( 'NONE', #3471, #7378, #6776 ) ;
#7538 = CIRCLE ( 'NONE', #1483, 4.990000000000003766 ) ;
#7539 = VERTEX_POINT ( 'NONE', #6837 ) ;
#7540 = CARTESIAN_POINT ( 'NONE',  ( 0.000000000000000000, -10.77032961426900748, 0.000000000000000000 ) ) ;
#7541 = CYLINDRICAL_SURFACE ( 'NONE', #4128, 7.490000000000001990 ) ;
#7542 = EDGE_CURVE ( 'NONE', #484, #2685, #7945, .T. ) ;
#7543 = VECTOR ( 'NONE', #6470, 1000.000000000000000 ) ;
#7544 = CARTESIAN_POINT ( 'NONE',  ( 0.000000000000000000, 26.60000000000000142, 0.000000000000000000 ) ) ;
#7545 = AXIS2_PLACEMENT_3D ( 'NONE', #1855, #3, #4259 ) ;
#7546 = CARTESIAN_POINT ( 'NONE',  ( 7.715274834628326364E-16, 34.20000000000000284, -6.300000000000000711 ) ) ;
#7547 = ORIENTED_EDGE ( 'NONE', *, *, #4938, .T. ) ;
#7548 = ORIENTED_EDGE ( 'NONE', *, *, #1056, .T. ) ;
#7549 = EDGE_LOOP ( 'NONE', ( #7057, #8035 ) ) ;
#7550 = ADVANCED_FACE ( 'NONE', ( #6878 ), #3745, .F. ) ;
#7551 = EDGE_CURVE ( 'NONE', #7105, #2736, #3939, .T. ) ;
#7552 = CARTESIAN_POINT ( 'NONE',  ( 0.000000000000000000, 0.000000000000000000, 0.000000000000000000 ) ) ;
#7553 = CIRCLE ( 'NONE', #4001, 7.490000000000001990 ) ;
#7554 = AXIS2_PLACEMENT_3D ( 'NONE', #1459, #229, #4648 ) ;
#7555 = VERTEX_POINT ( 'NONE', #2778 ) ;
#7556 = DIRECTION ( 'NONE',  ( 0.000000000000000000, 0.000000000000000000, 1.000000000000000000 ) ) ;
#7557 = EDGE_CURVE ( 'NONE', #2541, #4311, #2701, .T. ) ;
#7558 = CARTESIAN_POINT ( 'NONE',  ( 4.999999999999998224, 34.20000000000000284, -23.00000000000000000 ) ) ;
#7559 = ORIENTED_EDGE ( 'NONE', *, *, #7153, .F. ) ;
#7560 = CARTESIAN_POINT ( 'NONE',  ( -6.300000000000000711, 34.20000000000000284, 16.86149459567567632 ) ) ;
#7561 = VERTEX_POINT ( 'NONE', #272 ) ;
#7562 = FACE_OUTER_BOUND ( 'NONE', #2397, .T. ) ;
#7563 = DIRECTION ( 'NONE',  ( 0.000000000000000000, -1.000000000000000000, 0.000000000000000000 ) ) ;
#7564 = EDGE_CURVE ( 'NONE', #2212, #1796, #6902, .T. ) ;
#7565 = LINE ( 'NONE', #7445, #819 ) ;
#7566 = DIRECTION ( 'NONE',  ( 0.000000000000000000, 0.000000000000000000, 1.000000000000000000 ) ) ;
#7567 = DIRECTION ( 'NONE',  ( 0.000000000000000000, 0.000000000000000000, 1.000000000000000000 ) ) ;
#7568 = EDGE_LOOP ( 'NONE', ( #7890, #4235 ) ) ;
#7569 = CARTESIAN_POINT ( 'NONE',  ( 14.00000000000000000, 0.000000000000000000, 4.990000000000001101 ) ) ;
#7570 = ORIENTED_EDGE ( 'NONE', *, *, #5035, .T. ) ;
#7571 = CARTESIAN_POINT ( 'NONE',  ( -11.31370849898474162, 2.399999999999999467, 9.663708498984785678 ) ) ;
#7572 = CARTESIAN_POINT ( 'NONE',  ( 14.00000000000000000, 0.000000000000000000, 7.490000000000001990 ) ) ;
#7573 = CARTESIAN_POINT ( 'NONE',  ( 0.000000000000000000, 0.000000000000000000, 0.000000000000000000 ) ) ;
#7574 = ORIENTED_EDGE ( 'NONE', *, *, #7294, .F. ) ;
#7575 = CARTESIAN_POINT ( 'NONE',  ( 0.000000000000000000, 6.110987527745298447E-16, -4.990000000000004654 ) ) ;
#7576 = VERTEX_POINT ( 'NONE', #2160 ) ;
#7577 = CARTESIAN_POINT ( 'NONE',  ( 4.000000000000000000, 0.000000000000000000, 4.990000000000001101 ) ) ;
#7578 = DIRECTION ( 'NONE',  ( 0.000000000000000000, 0.000000000000000000, 1.000000000000000000 ) ) ;
#7579 = CARTESIAN_POINT ( 'NONE',  ( 0.000000000000000000, 20.00000000000000000, 0.000000000000000000 ) ) ;
#7580 = CARTESIAN_POINT ( 'NONE',  ( 0.000000000000000000, 10.00000000000000000, 0.000000000000000000 ) ) ;
#7581 = EDGE_LOOP ( 'NONE', ( #7257, #1135, #3343, #4154 ) ) ;
#7582 = ORIENTED_EDGE ( 'NONE', *, *, #4296, .T. ) ;
#7583 = ADVANCED_FACE ( 'NONE', ( #811 ), #1508, .T. ) ;
#7584 = VERTEX_POINT ( 'NONE', #5882 ) ;
#7585 = LINE ( 'NONE', #3798, #3681 ) ;
#7586 = EDGE_LOOP ( 'NONE', ( #7969, #146, #3737, #6681 ) ) ;
#7587 = DIRECTION ( 'NONE',  ( -0.000000000000000000, -1.000000000000000000, -0.000000000000000000 ) ) ;
#7588 = EDGE_CURVE ( 'NONE', #1217, #5733, #183, .T. ) ;
#7589 = VECTOR ( 'NONE', #2164, 1000.000000000000000 ) ;
#7590 = ADVANCED_FACE ( 'NONE', ( #3983 ), #5800, .T. ) ;
#7591 = CARTESIAN_POINT ( 'NONE',  ( 2.000000000000000000, -4.582575694955840717, 244.1421356237309794 ) ) ;
#7592 = EDGE_CURVE ( 'NONE', #2580, #5064, #6376, .T. ) ;
#7593 = EDGE_CURVE ( 'NONE', #7686, #6799, #7422, .T. ) ;
#7594 = ORIENTED_EDGE ( 'NONE', *, *, #5555, .F. ) ;
#7595 = CARTESIAN_POINT ( 'NONE',  ( 0.000000000000000000, 0.000000000000000000, 0.000000000000000000 ) ) ;
#7596 = VECTOR ( 'NONE', #1199, 1000.000000000000000 ) ;
#7597 = ORIENTED_EDGE ( 'NONE', *, *, #3503, .F. ) ;
#7598 = CARTESIAN_POINT ( 'NONE',  ( 0.000000000000000000, 17.80000000000000426, 0.000000000000000000 ) ) ;
#7599 = CARTESIAN_POINT ( 'NONE',  ( 90.00000000000000000, 12.49999999999999822, 0.000000000000000000 ) ) ;
#7600 = CARTESIAN_POINT ( 'NONE',  ( 0.000000000000000000, 28.80000000000000071, -45.00000000000000711 ) ) ;
#7601 = DIRECTION ( 'NONE',  ( 0.000000000000000000, 0.000000000000000000, 1.000000000000000000 ) ) ;
#7602 = VECTOR ( 'NONE', #3284, 1000.000000000000000 ) ;
#7603 = SHAPE_REPRESENTATION_RELATIONSHIP ( 'NONE' , 'NONE' ,  #3953, #7047 ) ;
#7604 = ORIENTED_EDGE ( 'NONE', *, *, #7551, .F. ) ;
#7605 = CARTESIAN_POINT ( 'NONE',  ( 4.999999999999998224, 34.20000000000000284, -25.00000000000000000 ) ) ;
#7606 = ORIENTED_EDGE ( 'NONE', *, *, #4876, .F. ) ;
#7607 = LINE ( 'NONE', #3121, #6174 ) ;
#7608 = VECTOR ( 'NONE', #1707, 1000.000000000000000 ) ;
#7609 = DIRECTION ( 'NONE',  ( -1.000000000000000000, -0.000000000000000000, -0.000000000000000000 ) ) ;
#7610 = DIRECTION ( 'NONE',  ( 0.000000000000000000, 0.000000000000000000, -1.000000000000000000 ) ) ;
#7611 = FILL_AREA_STYLE ('',( #2504 ) ) ;
#7612 = AXIS2_PLACEMENT_3D ( 'NONE', #3426, #2694, #3353 ) ;
#7613 = ORIENTED_EDGE ( 'NONE', *, *, #8148, .T. ) ;
#7614 = PLANE ( 'NONE',  #5633 ) ;
#7615 = ORIENTED_EDGE ( 'NONE', *, *, #1224, .F. ) ;
#7616 = CIRCLE ( 'NONE', #4473, 27.24999999999998224 ) ;
#7617 = DIRECTION ( 'NONE',  ( -0.000000000000000000, -1.000000000000000000, -0.000000000000000000 ) ) ;
#7618 = LINE ( 'NONE', #3875, #5048 ) ;
#7619 = CYLINDRICAL_SURFACE ( 'NONE', #432, 45.00000000000000711 ) ;
#7620 = FACE_OUTER_BOUND ( 'NONE', #1690, .T. ) ;
#7621 = ADVANCED_BREP_SHAPE_REPRESENTATION ( '', ( #1835, #2426 ), #7692 ) ;
#7622 = ADVANCED_FACE ( 'NONE', ( #5267 ), #6585, .T. ) ;
#7623 = EDGE_LOOP ( 'NONE', ( #6972, #6111 ) ) ;
#7624 = VERTEX_POINT ( 'NONE', #5974 ) ;
#7625 = VERTEX_POINT ( 'NONE', #5227 ) ;
#7626 = CARTESIAN_POINT ( 'NONE',  ( 4.000000000000000000, 0.000000000000000000, 0.000000000000000000 ) ) ;
#7627 = ORIENTED_EDGE ( 'NONE', *, *, #3716, .F. ) ;
#7628 = DIRECTION ( 'NONE',  ( 0.000000000000000000, 1.000000000000000000, 0.000000000000000000 ) ) ;
#7629 = CARTESIAN_POINT ( 'NONE',  ( 16.00000000000000000, 7.066904755831209251, -1.117274028429802674E-13 ) ) ;
#7630 = ADVANCED_FACE ( 'NONE', ( #321 ), #2824, .F. ) ;
#7631 = VERTEX_POINT ( 'NONE', #7034 ) ;
#7632 = CARTESIAN_POINT ( 'NONE',  ( 113.3000000000000114, 2.000000000000000000, -4.571662717217892968 ) ) ;
#7633 = ORIENTED_EDGE ( 'NONE', *, *, #6796, .T. ) ;
#7634 = EDGE_CURVE ( 'NONE', #5703, #5652, #6254, .T. ) ;
#7635 = CARTESIAN_POINT ( 'NONE',  ( 5.510910596163090344E-15, 4.600000000000003197, 45.00000000000000711 ) ) ;
#7636 = CARTESIAN_POINT ( 'NONE',  ( 0.000000000000000000, 0.000000000000000000, 0.000000000000000000 ) ) ;
#7637 = DIRECTION ( 'NONE',  ( -0.000000000000000000, 1.000000000000000000, -0.000000000000000000 ) ) ;
#7638 = ADVANCED_FACE ( 'NONE', ( #4023, #2072, #4522, #5925, #3322, #857, #5844, #2031, #4604, #6547 ), #1422, .T. ) ;
#7639 = CARTESIAN_POINT ( 'NONE',  ( 0.000000000000000000, -10.77032961426900748, 5.000000000000000000 ) ) ;
#7640 = CIRCLE ( 'NONE', #1583, 44.50000000000000711 ) ;
#7641 = SHAPE_REPRESENTATION_RELATIONSHIP ( 'NONE' , 'NONE' ,  #5070, #7730 ) ;
#7642 = CIRCLE ( 'NONE', #4889, 44.50000000000000711 ) ;
#7643 = ORIENTED_EDGE ( 'NONE', *, *, #3115, .F. ) ;
#7644 = CARTESIAN_POINT ( 'NONE',  ( 24.00000000000000000, 0.000000000000000000, 0.000000000000000000 ) ) ;
#7645 = ORIENTED_EDGE ( 'NONE', *, *, #3963, .T. ) ;
#7646 = CARTESIAN_POINT ( 'NONE',  ( 4.999999999999998224, 34.20000000000000284, -18.73499399519520026 ) ) ;
#7647 = AXIS2_PLACEMENT_3D ( 'NONE', #5523, #4816, #5443 ) ;
#7648 = EDGE_CURVE ( 'NONE', #7372, #1613, #7158, .T. ) ;
#7649 = VECTOR ( 'NONE', #7337, 1000.000000000000000 ) ;
#7650 = CYLINDRICAL_SURFACE ( 'NONE', #3378, 27.00000000000000000 ) ;
#7651 = CARTESIAN_POINT ( 'NONE',  ( -2.000000000000000000, 7.228416147400480440, 210.0000000000000284 ) ) ;
#7652 = DIRECTION ( 'NONE',  ( -0.000000000000000000, 1.000000000000000000, -0.000000000000000000 ) ) ;
#7653 = CIRCLE ( 'NONE', #7128, 27.00000000000000000 ) ;
#7654 = EDGE_CURVE ( 'NONE', #2515, #406, #2265, .T. ) ;
#7655 = AXIS2_PLACEMENT_3D ( 'NONE', #4401, #681, #2576 ) ;
#7656 = AXIS2_PLACEMENT_3D ( 'NONE', #8080, #4288, #7989 ) ;
#7657 = PRODUCT_DEFINITION_FORMATION_WITH_SPECIFIED_SOURCE ( 'ANY', '', #2677, .NOT_KNOWN. ) ;
#7658 = ORIENTED_EDGE ( 'NONE', *, *, #6292, .T. ) ;
#7659 = VECTOR ( 'NONE', #4146, 1000.000000000000000 ) ;
#7660 = CARTESIAN_POINT ( 'NONE',  ( -17.29161646579058242, 34.20000000000000284, 5.000000000000000000 ) ) ;
#7661 = EDGE_LOOP ( 'NONE', ( #1692, #2618, #3560, #1839 ) ) ;
#7662 = VECTOR ( 'NONE', #4173, 1000.000000000000000 ) ;
#7663 = CIRCLE ( 'NONE', #5693, 45.00000000000000711 ) ;
#7664 = CARTESIAN_POINT ( 'NONE',  ( 5.449678256205721981E-15, 11.19999999999999751, -44.50000000000000711 ) ) ;
#7665 = DIRECTION ( 'NONE',  ( 0.000000000000000000, 0.000000000000000000, 1.000000000000000000 ) ) ;
#7666 = ADVANCED_FACE ( 'NONE', ( #343, #4137 ), #6612, .F. ) ;
#7667 = DIRECTION ( 'NONE',  ( 0.000000000000000000, 0.000000000000000000, -1.000000000000000000 ) ) ;
#7668 = FACE_OUTER_BOUND ( 'NONE', #5166, .T. ) ;
#7669 = FACE_BOUND ( 'NONE', #270, .T. ) ;
#7670 = AXIS2_PLACEMENT_3D ( 'NONE', #6965, #500, #4921 ) ;
#7671 = ORIENTED_EDGE ( 'NONE', *, *, #7145, .T. ) ;
#7672 = AXIS2_PLACEMENT_3D ( 'NONE', #1566, #3267, #5783 ) ;
#7673 = ORIENTED_EDGE ( 'NONE', *, *, #7159, .T. ) ;
#7674 = VERTEX_POINT ( 'NONE', #6000 ) ;
#7675 = CARTESIAN_POINT ( 'NONE',  ( 7.715274834628326364E-16, -17.81909088590100154, -6.300000000000000711 ) ) ;
#7676 = ORIENTED_EDGE ( 'NONE', *, *, #6351, .T. ) ;
#7677 = CARTESIAN_POINT ( 'NONE',  ( 90.00000000000000000, 0.000000000000000000, 0.000000000000000000 ) ) ;
#7678 = AXIS2_PLACEMENT_3D ( 'NONE', #862, #5144, #2272 ) ;
#7679 = COLOUR_RGB ( '',0.7921568627450980005, 0.8196078431372548767, 0.9333333333333333481 ) ;
#7680 = LINE ( 'NONE', #842, #685 ) ;
#7681 = PRODUCT_DEFINITION_SHAPE ( 'NONE', 'NONE',  #7062 ) ;
#7682 = ORIENTED_EDGE ( 'NONE', *, *, #5037, .F. ) ;
#7683 = AXIS2_PLACEMENT_3D ( 'NONE', #424, #1738, #8007 ) ;
#7684 = DIRECTION ( 'NONE',  ( -0.000000000000000000, -1.000000000000000000, -0.000000000000000000 ) ) ;
#7685 = CONICAL_SURFACE ( 'NONE', #7289, 27.24999999999998224, 0.7853981633974463916 ) ;
#7686 = VERTEX_POINT ( 'NONE', #5953 ) ;
#7687 = CARTESIAN_POINT ( 'NONE',  ( -6.300000000000000711, 34.20000000000000284, -16.86149459567567632 ) ) ;
#7688 = DIRECTION ( 'NONE',  ( -0.000000000000000000, 1.000000000000000000, -0.000000000000000000 ) ) ;
#7689 = DIRECTION ( 'NONE',  ( 0.000000000000000000, 0.000000000000000000, -1.000000000000000000 ) ) ;
#7690 = AXIS2_PLACEMENT_3D ( 'NONE', #1374, #3891, #957 ) ;
#7691 = DIRECTION ( 'NONE',  ( 0.000000000000000000, 0.000000000000000000, -1.000000000000000000 ) ) ;
#7692 =( GEOMETRIC_REPRESENTATION_CONTEXT ( 3 ) GLOBAL_UNCERTAINTY_ASSIGNED_CONTEXT ( ( #4708 ) ) GLOBAL_UNIT_ASSIGNED_CONTEXT ( ( #1836, #5724, #3858 ) ) REPRESENTATION_CONTEXT ( 'NONE', 'WORKASPACE' ) );
#7693 = EDGE_LOOP ( 'NONE', ( #6084, #3733, #7119, #1761 ) ) ;
#7694 = VERTEX_POINT ( 'NONE', #1086 ) ;
#7695 = DIRECTION ( 'NONE',  ( -0.000000000000000000, -0.000000000000000000, -1.000000000000000000 ) ) ;
#7696 = EDGE_LOOP ( 'NONE', ( #7111, #6463, #1074, #4993 ) ) ;
#7697 = CARTESIAN_POINT ( 'NONE',  ( 50.00000000000002842, 12.49999999999999645, 210.0000000000000284 ) ) ;
#7698 = ADVANCED_FACE ( 'NONE', ( #305 ), #5469, .F. ) ;
#7699 = DIRECTION ( 'NONE',  ( -0.000000000000000000, 1.000000000000000000, -0.000000000000000000 ) ) ;
#7700 = DIRECTION ( 'NONE',  ( 8.659560562354914369E-17, 0.7071067811865489050, -0.7071067811865462405 ) ) ;
#7701 = CARTESIAN_POINT ( 'NONE',  ( -25.00000000000000000, 34.20000000000000284, -5.000000000000000000 ) ) ;
#7702 = EDGE_CURVE ( 'NONE', #3886, #4499, #4928, .T. ) ;
#7703 = DIRECTION ( 'NONE',  ( 0.000000000000000000, 0.000000000000000000, 1.000000000000000000 ) ) ;
#7704 = ADVANCED_FACE ( 'NONE', ( #1688 ), #2886, .T. ) ;
#7705 = ORIENTED_EDGE ( 'NONE', *, *, #6459, .T. ) ;
#7706 = DIRECTION ( 'NONE',  ( -1.000000000000000000, -0.000000000000000000, -0.000000000000000000 ) ) ;
#7707 = EDGE_CURVE ( 'NONE', #1423, #664, #4047, .T. ) ;
#7708 = ORIENTED_EDGE ( 'NONE', *, *, #2554, .F. ) ;
#7709 = DIRECTION ( 'NONE',  ( 0.000000000000000000, 0.000000000000000000, -1.000000000000000000 ) ) ;
#7710 = CARTESIAN_POINT ( 'NONE',  ( -16.00000000000000000, 2.399999999999999467, 0.000000000000000000 ) ) ;
#7711 = DIRECTION ( 'NONE',  ( -0.000000000000000000, -0.000000000000000000, 1.000000000000000000 ) ) ;
#7712 = LINE ( 'NONE', #1758, #2939 ) ;
#7713 = DIRECTION ( 'NONE',  ( 0.000000000000000000, 0.000000000000000000, 1.000000000000000000 ) ) ;
#7714 = EDGE_LOOP ( 'NONE', ( #4457, #3509, #2222, #3860 ) ) ;
#7715 = ORIENTED_EDGE ( 'NONE', *, *, #2240, .T. ) ;
#7716 = EDGE_CURVE ( 'NONE', #5471, #5700, #846, .T. ) ;
#7717 = ORIENTED_EDGE ( 'NONE', *, *, #8022, .T. ) ;
#7718 = LINE ( 'NONE', #214, #5402 ) ;
#7719 = ORIENTED_EDGE ( 'NONE', *, *, #3406, .F. ) ;
#7720 = CARTESIAN_POINT ( 'NONE',  ( -1.999999999999999112, -4.582575694955839829, 210.0000000000000284 ) ) ;
#7721 = DIRECTION ( 'NONE',  ( -0.000000000000000000, -0.000000000000000000, -1.000000000000000000 ) ) ;
#7722 = ORIENTED_EDGE ( 'NONE', *, *, #4070, .T. ) ;
#7723 = VERTEX_POINT ( 'NONE', #4835 ) ;
#7724 = DIRECTION ( 'NONE',  ( 1.000000000000000000, 0.000000000000000000, 0.000000000000000000 ) ) ;
#7725 = VECTOR ( 'NONE', #1258, 1000.000000000000000 ) ;
#7726 = CARTESIAN_POINT ( 'NONE',  ( 0.000000000000000000, 28.80000000000000071, 0.000000000000000000 ) ) ;
#7727 = FACE_OUTER_BOUND ( 'NONE', #3138, .T. ) ;
#7728 = DIRECTION ( 'NONE',  ( -1.000000000000000000, 0.000000000000000000, 0.000000000000000000 ) ) ;
#7729 = APPLICATION_PROTOCOL_DEFINITION ( 'draft international standard', 'automotive_design', 1998, #2451 ) ;
#7730 = ADVANCED_BREP_SHAPE_REPRESENTATION ( '', ( #1846, #2426 ), #1372 ) ;
#7731 = VERTEX_POINT ( 'NONE', #4213 ) ;
#7732 = VERTEX_POINT ( 'NONE', #4874 ) ;
#7733 = CARTESIAN_POINT ( 'NONE',  ( 6.123233995736251736E-19, 0.000000000000000000, -4.990000000000000213 ) ) ;
#7734 = EDGE_LOOP ( 'NONE', ( #1152, #7570 ) ) ;
#7735 = DIRECTION ( 'NONE',  ( 0.000000000000000000, 0.000000000000000000, 1.000000000000000000 ) ) ;
#7736 = DIRECTION ( 'NONE',  ( -1.000000000000000000, -0.000000000000000000, -0.000000000000000000 ) ) ;
#7737 = CARTESIAN_POINT ( 'NONE',  ( 0.000000000000000000, 0.000000000000000000, 4.790000000000006253 ) ) ;
#7738 = FACE_OUTER_BOUND ( 'NONE', #2895, .T. ) ;
#7739 = CARTESIAN_POINT ( 'NONE',  ( 2.199633243471174140E-13, 34.20000000000000284, -20.99999999999999645 ) ) ;
#7740 = ORIENTED_EDGE ( 'NONE', *, *, #4633, .T. ) ;
#7741 = ORIENTED_EDGE ( 'NONE', *, *, #247, .T. ) ;
#7742 = VECTOR ( 'NONE', #2989, 1000.000000000000000 ) ;
#7743 = ADVANCED_FACE ( 'NONE', ( #5417 ), #7685, .T. ) ;
#7744 = CARTESIAN_POINT ( 'NONE',  ( -7.332110811570580046E-14, 22.72893218813453231, 23.50000000000000000 ) ) ;
#7745 = VERTEX_POINT ( 'NONE', #7840 ) ;
#7746 = EDGE_CURVE ( 'NONE', #3633, #960, #7156, .T. ) ;
#7747 = CYLINDRICAL_SURFACE ( 'NONE', #5815, 1.649999999999998579 ) ;
#7748 = LINE ( 'NONE', #7210, #6077 ) ;
#7749 = ADVANCED_FACE ( 'NONE', ( #2221, #1569 ), #6123, .F. ) ;
#7750 = DIRECTION ( 'NONE',  ( -0.000000000000000000, -1.000000000000000000, -0.000000000000000000 ) ) ;
#7751 = DIRECTION ( 'NONE',  ( 0.000000000000000000, 0.000000000000000000, 1.000000000000000000 ) ) ;
#7752 = ORIENTED_EDGE ( 'NONE', *, *, #1545, .T. ) ;
#7753 = ORIENTED_EDGE ( 'NONE', *, *, #2602, .T. ) ;
#7754 = AXIS2_PLACEMENT_3D ( 'NONE', #2687, #5868, #2597 ) ;
#7755 = EDGE_LOOP ( 'NONE', ( #838, #4215, #7230, #731 ) ) ;
#7756 = CARTESIAN_POINT ( 'NONE',  ( 38.50000000000000000, 0.000000000000000000, 0.000000000000000000 ) ) ;
#7757 = ADVANCED_FACE ( 'NONE', ( #7221 ), #4091, .T. ) ;
#7758 = PLANE ( 'NONE',  #3684 ) ;
#7759 = CYLINDRICAL_SURFACE ( 'NONE', #5975, 1.649999999999998801 ) ;
#7760 = DIRECTION ( 'NONE',  ( -0.000000000000000000, -1.000000000000000000, 0.000000000000000000 ) ) ;
#7761 = VECTOR ( 'NONE', #3865, 1000.000000000000000 ) ;
#7762 = VERTEX_POINT ( 'NONE', #5377 ) ;
#7763 = EDGE_LOOP ( 'NONE', ( #4856, #7658 ) ) ;
#7764 = DIRECTION ( 'NONE',  ( 0.000000000000000000, 1.000000000000000000, 0.000000000000000000 ) ) ;
#7765 = DIRECTION ( 'NONE',  ( 0.000000000000000000, 1.000000000000000000, 0.000000000000000000 ) ) ;
#7766 = PLANE ( 'NONE',  #1084 ) ;
#7767 = DIRECTION ( 'NONE',  ( 0.000000000000000000, 0.000000000000000000, 1.000000000000000000 ) ) ;
#7768 = ORIENTED_EDGE ( 'NONE', *, *, #4992, .T. ) ;
#7769 = VERTEX_POINT ( 'NONE', #7921 ) ;
#7770 = CARTESIAN_POINT ( 'NONE',  ( 16.00000000000000000, 2.399999999999999467, -1.117274028429802674E-13 ) ) ;
#7771 = EDGE_LOOP ( 'NONE', ( #2882, #6456 ) ) ;
#7772 = CARTESIAN_POINT ( 'NONE',  ( -23.00000000000000000, 34.20000000000000284, 3.000000000000000000 ) ) ;
#7773 = FACE_OUTER_BOUND ( 'NONE', #6271, .T. ) ;
#7774 = DIRECTION ( 'NONE',  ( -0.000000000000000000, 1.000000000000000000, -0.000000000000000000 ) ) ;
#7775 = LINE ( 'NONE', #236, #5663 ) ;
#7776 = FACE_OUTER_BOUND ( 'NONE', #7223, .T. ) ;
#7777 = ORIENTED_EDGE ( 'NONE', *, *, #1158, .F. ) ;
#7778 = CIRCLE ( 'NONE', #3430, 44.50000000000000711 ) ;
#7779 = CARTESIAN_POINT ( 'NONE',  ( 0.000000000000000000, 0.000000000000000000, 5.000000000000000000 ) ) ;
#7780 = CIRCLE ( 'NONE', #5943, 45.00000000000000711 ) ;
#7781 = VERTEX_POINT ( 'NONE', #4755 ) ;
#7782 = CARTESIAN_POINT ( 'NONE',  ( 0.000000000000000000, 31.00000000000000000, 0.000000000000000000 ) ) ;
#7783 = AXIS2_PLACEMENT_3D ( 'NONE', #21, #2536, #5060 ) ;
#7784 = LINE ( 'NONE', #1518, #540 ) ;
#7785 = CIRCLE ( 'NONE', #3178, 4.990000000000006430 ) ;
#7786 = DIRECTION ( 'NONE',  ( -1.000000000000000000, -0.000000000000000000, -0.000000000000000000 ) ) ;
#7787 = AXIS2_PLACEMENT_3D ( 'NONE', #1667, #1631, #4157 ) ;
#7788 = FACE_OUTER_BOUND ( 'NONE', #1384, .T. ) ;
#7789 = ORIENTED_EDGE ( 'NONE', *, *, #661, .T. ) ;
#7790 = CIRCLE ( 'NONE', #7531, 44.50000000000000711 ) ;
#7791 = CIRCLE ( 'NONE', #2661, 45.00000000000000711 ) ;
#7792 = ORIENTED_EDGE ( 'NONE', *, *, #4652, .T. ) ;
#7793 = DIRECTION ( 'NONE',  ( 1.000000000000000000, 0.000000000000000000, -0.000000000000000000 ) ) ;
#7794 = EDGE_CURVE ( 'NONE', #7625, #3967, #48, .T. ) ;
#7795 = ORIENTED_EDGE ( 'NONE', *, *, #1394, .T. ) ;
#7796 = AXIS2_PLACEMENT_3D ( 'NONE', #1398, #2482, #7667 ) ;
#7797 = CARTESIAN_POINT ( 'NONE',  ( 0.000000000000000000, 6.800000000000000711, 44.50000000000000711 ) ) ;
#7798 = VECTOR ( 'NONE', #7721, 1000.000000000000000 ) ;
#7799 = DIRECTION ( 'NONE',  ( -1.000000000000000000, -0.000000000000000000, -0.000000000000000000 ) ) ;
#7800 = EDGE_CURVE ( 'NONE', #3145, #4782, #4800, .T. ) ;
#7801 = EDGE_CURVE ( 'NONE', #1484, #809, #6854, .T. ) ;
#7802 = VERTEX_POINT ( 'NONE', #1133 ) ;
#7803 = EDGE_LOOP ( 'NONE', ( #344, #6262, #7160, #3904 ) ) ;
#7804 = DIRECTION ( 'NONE',  ( -0.000000000000000000, 1.000000000000000000, -0.000000000000000000 ) ) ;
#7805 = AXIS2_PLACEMENT_3D ( 'NONE', #6687, #460, #2974 ) ;
#7806 = VECTOR ( 'NONE', #2579, 1000.000000000000000 ) ;
#7807 = ADVANCED_FACE ( 'NONE', ( #6927 ), #2392, .T. ) ;
#7808 = DIRECTION ( 'NONE',  ( 1.000000000000000000, 0.000000000000000000, 0.000000000000000000 ) ) ;
#7809 = CYLINDRICAL_SURFACE ( 'NONE', #2527, 40.00000000000000000 ) ;
#7810 = LINE ( 'NONE', #139, #6090 ) ;
#7811 = VECTOR ( 'NONE', #7832, 1000.000000000000000 ) ;
#7812 = DIRECTION ( 'NONE',  ( -0.8352478531142049079, -0.5498736435474173012, -5.877270255434333159E-17 ) ) ;
#7813 = AXIS2_PLACEMENT_3D ( 'NONE', #4561, #7816, #769 ) ;
#7814 = ORIENTED_EDGE ( 'NONE', *, *, #3620, .T. ) ;
#7815 = ORIENTED_EDGE ( 'NONE', *, *, #4983, .F. ) ;
#7816 = DIRECTION ( 'NONE',  ( -0.000000000000000000, 1.000000000000000000, -0.000000000000000000 ) ) ;
#7817 = ORIENTED_EDGE ( 'NONE', *, *, #2754, .F. ) ;
#7818 = PRODUCT_RELATED_PRODUCT_CATEGORY ( 'part', '', ( #2677 ) ) ;
#7819 = CARTESIAN_POINT ( 'NONE',  ( 0.000000000000000000, 29.80000000000000426, 0.000000000000000000 ) ) ;
#7820 = ADVANCED_FACE ( 'NONE', ( #49 ), #8123, .T. ) ;
#7821 = DIRECTION ( 'NONE',  ( -0.000000000000000000, 0.000000000000000000, 1.000000000000000000 ) ) ;
#7822 = AXIS2_PLACEMENT_3D ( 'NONE', #2634, #5818, #7129 ) ;
#7823 = CARTESIAN_POINT ( 'NONE',  ( 0.000000000000000000, -1.999999999999997335, 7.218039900139097576 ) ) ;
#7824 = DIRECTION ( 'NONE',  ( -0.000000000000000000, 1.000000000000000000, -0.000000000000000000 ) ) ;
#7825 = ORIENTED_EDGE ( 'NONE', *, *, #7209, .T. ) ;
#7826 = PRODUCT_DEFINITION_FORMATION_WITH_SPECIFIED_SOURCE ( 'ANY', '', #6244, .NOT_KNOWN. ) ;
#7827 = APPLICATION_CONTEXT ( 'automotive_design' ) ;
#7828 = LINE ( 'NONE', #2169, #6028 ) ;
#7829 = VERTEX_POINT ( 'NONE', #5543 ) ;
#7830 = DIRECTION ( 'NONE',  ( -0.000000000000000000, -1.000000000000000000, -0.000000000000000000 ) ) ;
#7831 = CARTESIAN_POINT ( 'NONE',  ( 0.000000000000000000, 20.00000000000000000, 0.000000000000000000 ) ) ;
#7832 = DIRECTION ( 'NONE',  ( 1.000000000000000000, -0.000000000000000000, -0.000000000000000000 ) ) ;
#7833 = ORIENTED_EDGE ( 'NONE', *, *, #1711, .F. ) ;
#7834 = DIRECTION ( 'NONE',  ( -0.000000000000000000, -1.000000000000000000, -0.000000000000000000 ) ) ;
#7835 = EDGE_LOOP ( 'NONE', ( #5582, #5081, #6052, #1279 ) ) ;
#7836 = DIRECTION ( 'NONE',  ( 0.000000000000000000, -1.000000000000000000, 0.000000000000000000 ) ) ;
#7837 = ORIENTED_EDGE ( 'NONE', *, *, #7961, .F. ) ;
#7838 = CARTESIAN_POINT ( 'NONE',  ( 18.73499399519520381, 34.20000000000000284, -4.999999999999994671 ) ) ;
#7839 = DIRECTION ( 'NONE',  ( -0.000000000000000000, -1.000000000000000000, -0.000000000000000000 ) ) ;
#7840 = CARTESIAN_POINT ( 'NONE',  ( -16.86149459567567632, 34.20000000000000284, 6.299999999999998934 ) ) ;
#7841 = ORIENTED_EDGE ( 'NONE', *, *, #4934, .F. ) ;
#7842 = ORIENTED_EDGE ( 'NONE', *, *, #3726, .F. ) ;
#7843 = ADVANCED_FACE ( 'NONE', ( #7379 ), #1731, .T. ) ;
#7844 = DIRECTION ( 'NONE',  ( -0.000000000000000000, -1.000000000000000000, -0.000000000000000000 ) ) ;
#7845 = DIRECTION ( 'NONE',  ( -0.000000000000000000, 1.000000000000000000, -0.000000000000000000 ) ) ;
#7846 = ADVANCED_FACE ( 'NONE', ( #4415, #4375 ), #6248, .F. ) ;
#7847 = DIRECTION ( 'NONE',  ( 0.000000000000000000, 0.000000000000000000, 1.000000000000000000 ) ) ;
#7848 = EDGE_CURVE ( 'NONE', #3590, #6949, #7025, .T. ) ;
#7849 = DIRECTION ( 'NONE',  ( 0.000000000000000000, 0.000000000000000000, -1.000000000000000000 ) ) ;
#7850 = EDGE_CURVE ( 'NONE', #3388, #5219, #3205, .T. ) ;
#7851 = APPLICATION_PROTOCOL_DEFINITION ( 'draft international standard', 'automotive_design', 1998, #2871 ) ;
#7852 = EDGE_LOOP ( 'NONE', ( #273, #1798, #1681, #462 ) ) ;
#7853 = EDGE_LOOP ( 'NONE', ( #7643, #7421, #4092, #6366 ) ) ;
#7854 = ORIENTED_EDGE ( 'NONE', *, *, #1391, .T. ) ;
#7855 = DIRECTION ( 'NONE',  ( 0.000000000000000000, 0.000000000000000000, 1.000000000000000000 ) ) ;
#7856 = VERTEX_POINT ( 'NONE', #7546 ) ;
#7857 = CARTESIAN_POINT ( 'NONE',  ( 11.31370849898490150, 0.000000000000000000, -11.31370849898462261 ) ) ;
#7858 = DIRECTION ( 'NONE',  ( 0.000000000000000000, 0.000000000000000000, 1.000000000000000000 ) ) ;
#7859 = ADVANCED_FACE ( 'NONE', ( #3638 ), #7431, .T. ) ;
#7860 = DIRECTION ( 'NONE',  ( -0.000000000000000000, -1.000000000000000000, -0.000000000000000000 ) ) ;
#7861 = DIRECTION ( 'NONE',  ( -0.000000000000000000, -1.000000000000000000, -0.000000000000000000 ) ) ;
#7862 = CONICAL_SURFACE ( 'NONE', #221, 27.24999999999998224, 0.7853981633974463916 ) ;
#7863 = ORIENTED_EDGE ( 'NONE', *, *, #7588, .T. ) ;
#7864 = DIRECTION ( 'NONE',  ( 0.000000000000000000, -1.000000000000000000, 0.000000000000000000 ) ) ;
#7865 = AXIS2_PLACEMENT_3D ( 'NONE', #4330, #7995, #8117 ) ;
#7866 = EDGE_LOOP ( 'NONE', ( #6142, #4072, #5798, #4676 ) ) ;
#7867 = DIRECTION ( 'NONE',  ( 0.000000000000000000, 0.000000000000000000, 1.000000000000000000 ) ) ;
#7868 = AXIS2_PLACEMENT_3D ( 'NONE', #2078, #4610, #818 ) ;
#7869 = DIRECTION ( 'NONE',  ( -0.000000000000000000, -1.000000000000000000, -0.000000000000000000 ) ) ;
#7870 = CARTESIAN_POINT ( 'NONE',  ( 5.510910596163090344E-15, 35.39999999999999858, 45.00000000000000711 ) ) ;
#7871 = AXIS2_PLACEMENT_3D ( 'NONE', #2542, #3821, #6341 ) ;
#7872 = ORIENTED_EDGE ( 'NONE', *, *, #962, .F. ) ;
#7873 = DIRECTION ( 'NONE',  ( 0.000000000000000000, 0.000000000000000000, 1.000000000000000000 ) ) ;
#7874 = ORIENTED_EDGE ( 'NONE', *, *, #4934, .T. ) ;
#7875 = FACE_OUTER_BOUND ( 'NONE', #3414, .T. ) ;
#7876 = CARTESIAN_POINT ( 'NONE',  ( 0.000000000000000000, 0.000000000000000000, 20.00000000000000000 ) ) ;
#7877 = DIRECTION ( 'NONE',  ( -1.000000000000000000, -0.000000000000000000, -0.000000000000000000 ) ) ;
#7878 = LINE ( 'NONE', #1687, #5575 ) ;
#7879 = CARTESIAN_POINT ( 'NONE',  ( 21.00000000000000000, 22.72893218813453231, 0.000000000000000000 ) ) ;
#7880 = VECTOR ( 'NONE', #506, 1000.000000000000000 ) ;
#7881 = ORIENTED_EDGE ( 'NONE', *, *, #5599, .F. ) ;
#7882 = VERTEX_POINT ( 'NONE', #5623 ) ;
#7883 = CARTESIAN_POINT ( 'NONE',  ( 5.449678256205721981E-15, 22.20000000000000284, -44.50000000000000711 ) ) ;
#7884 = DIRECTION ( 'NONE',  ( 0.000000000000000000, -1.000000000000000000, -0.000000000000000000 ) ) ;
#7885 = CIRCLE ( 'NONE', #4605, 4.990000000000001101 ) ;
#7886 = FACE_OUTER_BOUND ( 'NONE', #5983, .T. ) ;
#7887 = DIRECTION ( 'NONE',  ( -0.000000000000000000, -1.000000000000000000, -0.000000000000000000 ) ) ;
#7888 = EDGE_CURVE ( 'NONE', #230, #3724, #3718, .T. ) ;
#7889 = CONTEXT_DEPENDENT_SHAPE_REPRESENTATION ( #5305, #3201 ) ;
#7890 = ORIENTED_EDGE ( 'NONE', *, *, #1804, .T. ) ;
#7891 = EDGE_LOOP ( 'NONE', ( #722, #1903, #2898, #7191 ) ) ;
#7892 = EDGE_LOOP ( 'NONE', ( #4034, #5792, #2767, #3797 ) ) ;
#7893 = CARTESIAN_POINT ( 'NONE',  ( 4.000000000000000000, 0.000000000000000000, 4.790000000000001812 ) ) ;
#7894 = ORIENTED_EDGE ( 'NONE', *, *, #795, .T. ) ;
#7895 = CARTESIAN_POINT ( 'NONE',  ( 0.000000000000000000, 27.60000000000000142, 0.000000000000000000 ) ) ;
#7896 = CYLINDRICAL_SURFACE ( 'NONE', #1802, 4.790000000000006253 ) ;
#7897 = EDGE_CURVE ( 'NONE', #2212, #6205, #1778, .T. ) ;
#7898 = CYLINDRICAL_SURFACE ( 'NONE', #4767, 4.990000000000002878 ) ;
#7899 = CARTESIAN_POINT ( 'NONE',  ( 11.31370849898474162, -4.666904755831215112, 11.31370849898478248 ) ) ;
#7900 = EDGE_LOOP ( 'NONE', ( #5881, #85, #4603, #5212 ) ) ;
#7901 = VERTEX_POINT ( 'NONE', #6817 ) ;
#7902 = EDGE_CURVE ( 'NONE', #3609, #1373, #3996, .T. ) ;
#7903 = CARTESIAN_POINT ( 'NONE',  ( 0.000000000000000000, 2.200000000000021494, 0.000000000000000000 ) ) ;
#7904 = VERTEX_POINT ( 'NONE', #3173 ) ;
#7905 = CARTESIAN_POINT ( 'NONE',  ( 4.999999999999998224, 34.20000000000000284, 23.00000000000000000 ) ) ;
#7906 = EDGE_CURVE ( 'NONE', #6567, #5139, #3758, .T. ) ;
#7907 = PLANE ( 'NONE',  #2378 ) ;
#7908 = ORIENTED_EDGE ( 'NONE', *, *, #3465, .T. ) ;
#7909 = AXIS2_PLACEMENT_3D ( 'NONE', #4954, #2295, #6234 ) ;
#7910 = CARTESIAN_POINT ( 'NONE',  ( 0.000000000000000000, 15.59999999999999964, 0.000000000000000000 ) ) ;
#7911 = ORIENTED_EDGE ( 'NONE', *, *, #7168, .T. ) ;
#7912 = EDGE_CURVE ( 'NONE', #2840, #4077, #541, .T. ) ;
#7913 = CARTESIAN_POINT ( 'NONE',  ( 26.00000000000000000, 0.000000000000000000, 0.000000000000000000 ) ) ;
#7914 = EDGE_CURVE ( 'NONE', #7762, #4741, #2947, .T. ) ;
#7915 = CIRCLE ( 'NONE', #3170, 5.000000000000000000 ) ;
#7916 = VECTOR ( 'NONE', #458, 1000.000000000000000 ) ;
#7917 = DIRECTION ( 'NONE',  ( 0.000000000000000000, -0.000000000000000000, 1.000000000000000000 ) ) ;
#7918 = CYLINDRICAL_SURFACE ( 'NONE', #3853, 45.00000000000000711 ) ;
#7919 = CIRCLE ( 'NONE', #7787, 2.000000000000000888 ) ;
#7920 = DIRECTION ( 'NONE',  ( 0.000000000000000000, 0.000000000000000000, -1.000000000000000000 ) ) ;
#7921 = CARTESIAN_POINT ( 'NONE',  ( 90.00000000000000000, -12.49999999999999822, 230.0000000000000000 ) ) ;
#7922 = CIRCLE ( 'NONE', #2386, 1.650000000000000355 ) ;
#7923 = VERTEX_POINT ( 'NONE', #623 ) ;
#7924 = VERTEX_POINT ( 'NONE', #2436 ) ;
#7925 = AXIS2_PLACEMENT_3D ( 'NONE', #2186, #7974, #5346 ) ;
#7926 = ORIENTED_EDGE ( 'NONE', *, *, #3461, .F. ) ;
#7927 = DIRECTION ( 'NONE',  ( 0.000000000000000000, 0.000000000000000000, -1.000000000000000000 ) ) ;
#7928 = CARTESIAN_POINT ( 'NONE',  ( 29.50000000000000000, 0.000000000000000000, 0.000000000000000000 ) ) ;
#7929 = LINE ( 'NONE', #1052, #2394 ) ;
#7930 = CIRCLE ( 'NONE', #4376, 4.990000000000001101 ) ;
#7931 = VECTOR ( 'NONE', #7845, 1000.000000000000000 ) ;
#7932 = DIRECTION ( 'NONE',  ( 1.000000000000000000, 0.000000000000000000, 0.000000000000000000 ) ) ;
#7933 = CARTESIAN_POINT ( 'NONE',  ( 0.000000000000000000, 0.000000000000000000, 6.300000000000000711 ) ) ;
#7934 = ITEM_DEFINED_TRANSFORMATION ( 'NONE', 'NONE', #7169,  #2426 ) ;
#7935 = ORIENTED_EDGE ( 'NONE', *, *, #1116, .F. ) ;
#7936 = ORIENTED_EDGE ( 'NONE', *, *, #1985, .T. ) ;
#7937 = CARTESIAN_POINT ( 'NONE',  ( 24.00000000000000000, 0.000000000000000000, 0.000000000000000000 ) ) ;
#7938 = AXIS2_PLACEMENT_3D ( 'NONE', #3065, #1280, #3764 ) ;
#7939 = ORIENTED_EDGE ( 'NONE', *, *, #2994, .T. ) ;
#7940 = DIRECTION ( 'NONE',  ( 0.000000000000000000, 0.000000000000000000, 1.000000000000000000 ) ) ;
#7941 = CARTESIAN_POINT ( 'NONE',  ( 11.31370849898474162, 0.000000000000000000, 9.663708498984782125 ) ) ;
#7942 = DIRECTION ( 'NONE',  ( -1.000000000000000000, 0.000000000000000000, -0.000000000000000000 ) ) ;
#7943 = CIRCLE ( 'NONE', #2794, 7.490000000000001990 ) ;
#7944 = DIRECTION ( 'NONE',  ( 1.000000000000000000, 0.000000000000000000, 0.000000000000000000 ) ) ;
#7945 = CIRCLE ( 'NONE', #3736, 4.990000000000001101 ) ;
#7946 = DIRECTION ( 'NONE',  ( -0.000000000000000000, -1.000000000000000000, -0.000000000000000000 ) ) ;
#7947 = VERTEX_POINT ( 'NONE', #4960 ) ;
#7948 = ADVANCED_FACE ( 'NONE', ( #7465, #1815, #4455 ), #745, .T. ) ;
#7949 = ORIENTED_EDGE ( 'NONE', *, *, #6509, .T. ) ;
#7950 = CARTESIAN_POINT ( 'NONE',  ( -17.29161646579058242, 34.20000000000000284, 5.000000000000000000 ) ) ;
#7951 = CIRCLE ( 'NONE', #6900, 4.790000000000006253 ) ;
#7952 = VECTOR ( 'NONE', #2475, 1000.000000000000000 ) ;
#7953 = ORIENTED_EDGE ( 'NONE', *, *, #1950, .T. ) ;
#7954 = EDGE_CURVE ( 'NONE', #2012, #971, #54, .T. ) ;
#7955 = LINE ( 'NONE', #2294, #4114 ) ;
#7956 = ADVANCED_FACE ( 'NONE', ( #4581 ), #6443, .T. ) ;
#7957 = DIRECTION ( 'NONE',  ( -0.000000000000000000, 1.000000000000000000, -0.000000000000000000 ) ) ;
#7958 = EDGE_CURVE ( 'NONE', #5478, #34, #2683, .T. ) ;
#7959 = SHAPE_REPRESENTATION ( 'Link3Body', ( #2426 ), #7692 ) ;
#7960 = AXIS2_PLACEMENT_3D ( 'NONE', #6564, #2996, #4855 ) ;
#7961 = EDGE_CURVE ( 'NONE', #1766, #4208, #1765, .T. ) ;
#7962 = EDGE_LOOP ( 'NONE', ( #7179, #7717 ) ) ;
#7963 = CARTESIAN_POINT ( 'NONE',  ( 0.000000000000000000, 0.000000000000000000, 20.00000000000000000 ) ) ;
#7964 = ORIENTED_EDGE ( 'NONE', *, *, #6599, .T. ) ;
#7965 = DIRECTION ( 'NONE',  ( 1.000000000000000000, 0.000000000000000000, 0.000000000000000000 ) ) ;
#7966 = DIRECTION ( 'NONE',  ( 0.000000000000000000, -1.000000000000000000, 0.000000000000000000 ) ) ;
#7967 = DIRECTION ( 'NONE',  ( -1.000000000000000000, -0.000000000000000000, -0.000000000000000000 ) ) ;
#7968 = DIRECTION ( 'NONE',  ( 8.659560562354961208E-17, 0.7071067811865453523, -0.7071067811865497932 ) ) ;
#7969 = ORIENTED_EDGE ( 'NONE', *, *, #6984, .F. ) ;
#7970 = ORIENTED_EDGE ( 'NONE', *, *, #2398, .T. ) ;
#7971 = DIRECTION ( 'NONE',  ( -0.000000000000000000, 1.000000000000000000, -0.000000000000000000 ) ) ;
#7972 = DIRECTION ( 'NONE',  ( 1.000000000000000000, 0.000000000000000000, 0.000000000000000000 ) ) ;
#7973 = FACE_OUTER_BOUND ( 'NONE', #7325, .T. ) ;
#7974 = DIRECTION ( 'NONE',  ( -1.000000000000000000, -0.000000000000000000, -0.000000000000000000 ) ) ;
#7975 = CYLINDRICAL_SURFACE ( 'NONE', #2256, 45.00000000000000711 ) ;
#7976 = VERTEX_POINT ( 'NONE', #4004 ) ;
#7977 = ORIENTED_EDGE ( 'NONE', *, *, #7306, .F. ) ;
#7978 = DIRECTION ( 'NONE',  ( -1.000000000000000000, -0.000000000000000000, -0.000000000000000000 ) ) ;
#7979 = EDGE_LOOP ( 'NONE', ( #380, #3572, #6921, #4248, #3198, #5141 ) ) ;
#7980 = LINE ( 'NONE', #1106, #7742 ) ;
#7981 = DIRECTION ( 'NONE',  ( 0.000000000000000000, 0.000000000000000000, 1.000000000000000000 ) ) ;
#7982 = DIRECTION ( 'NONE',  ( -1.000000000000000000, -0.000000000000000000, -0.000000000000000000 ) ) ;
#7983 = CARTESIAN_POINT ( 'NONE',  ( 2.199633243471174140E-13, 29.80000000000000426, -20.99999999999999645 ) ) ;
#7984 = CARTESIAN_POINT ( 'NONE',  ( 11.31370849898490150, 10.00000000000000000, -9.663708498984624029 ) ) ;
#7985 = ORIENTED_EDGE ( 'NONE', *, *, #1497, .F. ) ;
#7986 = ORIENTED_EDGE ( 'NONE', *, *, #4070, .F. ) ;
#7987 = DIRECTION ( 'NONE',  ( -0.000000000000000000, 1.000000000000000000, 0.000000000000000000 ) ) ;
#7988 = EDGE_LOOP ( 'NONE', ( #5820, #1917 ) ) ;
#7989 = DIRECTION ( 'NONE',  ( 1.000000000000000000, 0.000000000000000000, 0.000000000000000000 ) ) ;
#7990 = DIRECTION ( 'NONE',  ( -0.000000000000000000, 1.000000000000000000, -0.000000000000000000 ) ) ;
#7991 = ADVANCED_FACE ( 'NONE', ( #3880, #7669, #1313, #1401, #3836, #5078, #6483, #7009, #5245, #7092 ), #6529, .T. ) ;
#7992 = VERTEX_POINT ( 'NONE', #788 ) ;
#7993 = VECTOR ( 'NONE', #1560, 1000.000000000000000 ) ;
#7994 = EDGE_CURVE ( 'NONE', #5403, #2293, #1241, .T. ) ;
#7995 = DIRECTION ( 'NONE',  ( -1.000000000000000000, -0.000000000000000000, -0.000000000000000000 ) ) ;
#7996 = EDGE_LOOP ( 'NONE', ( #7121, #2645 ) ) ;
#7997 = CYLINDRICAL_SURFACE ( 'NONE', #5536, 2.000000000000000000 ) ;
#7998 = CARTESIAN_POINT ( 'NONE',  ( 11.31370849898474162, -4.666904755831215112, 9.663708498984782125 ) ) ;
#7999 = ADVANCED_FACE ( 'NONE', ( #4543 ), #5777, .T. ) ;
#8000 = DIRECTION ( 'NONE',  ( 0.000000000000000000, 0.000000000000000000, 1.000000000000000000 ) ) ;
#8001 = DIRECTION ( 'NONE',  ( 0.000000000000000000, -0.000000000000000000, -1.000000000000000000 ) ) ;
#8002 = ORIENTED_EDGE ( 'NONE', *, *, #6644, .F. ) ;
#8003 = CIRCLE ( 'NONE', #6440, 4.790000000000005365 ) ;
#8004 = EDGE_CURVE ( 'NONE', #456, #589, #2285, .T. ) ;
#8005 = ORIENTED_EDGE ( 'NONE', *, *, #866, .T. ) ;
#8006 = CARTESIAN_POINT ( 'NONE',  ( 0.000000000000000000, 26.59999999999999787, 44.50000000000000711 ) ) ;
#8007 = DIRECTION ( 'NONE',  ( 0.000000000000000000, 0.000000000000000000, 1.000000000000000000 ) ) ;
#8008 = DIRECTION ( 'NONE',  ( 0.000000000000000000, 0.000000000000000000, 1.000000000000000000 ) ) ;
#8009 = DIRECTION ( 'NONE',  ( 0.000000000000000000, 0.000000000000000000, 1.000000000000000000 ) ) ;
#8010 = EDGE_CURVE ( 'NONE', #6155, #7631, #2718, .T. ) ;
#8011 = LINE ( 'NONE', #6663, #3177 ) ;
#8012 = CIRCLE ( 'NONE', #7485, 4.990000000000000213 ) ;
#8013 = CONTEXT_DEPENDENT_SHAPE_REPRESENTATION ( #4721, #1357 ) ;
#8014 = EDGE_LOOP ( 'NONE', ( #7768, #5201 ) ) ;
#8015 = ORIENTED_EDGE ( 'NONE', *, *, #5911, .T. ) ;
#8016 = CARTESIAN_POINT ( 'NONE',  ( 0.000000000000000000, 0.000000000000000000, 4.990000000000005542 ) ) ;
#8017 = VERTEX_POINT ( 'NONE', #5740 ) ;
#8018 = CARTESIAN_POINT ( 'NONE',  ( 0.000000000000000000, 34.20000000000000284, 0.000000000000000000 ) ) ;
#8019 = VECTOR ( 'NONE', #4209, 1000.000000000000000 ) ;
#8020 = DIRECTION ( 'NONE',  ( -0.000000000000000000, -0.000000000000000000, 1.000000000000000000 ) ) ;
#8021 = AXIS2_PLACEMENT_3D ( 'NONE', #6919, #735, #7530 ) ;
#8022 = EDGE_CURVE ( 'NONE', #1031, #7924, #3089, .T. ) ;
#8023 = CARTESIAN_POINT ( 'NONE',  ( 3.000000000000000000, 0.000000000000000000, 0.000000000000000000 ) ) ;
#8024 = DIRECTION ( 'NONE',  ( -0.000000000000000000, 1.000000000000000000, -0.000000000000000000 ) ) ;
#8025 = FACE_OUTER_BOUND ( 'NONE', #5768, .T. ) ;
#8026 = CARTESIAN_POINT ( 'NONE',  ( 11.31370849898482156, -2.500000000000000000, 11.31370849898470077 ) ) ;
#8027 = ORIENTED_EDGE ( 'NONE', *, *, #1755, .T. ) ;
#8028 = ORIENTED_EDGE ( 'NONE', *, *, #2449, .T. ) ;
#8029 = DIRECTION ( 'NONE',  ( 0.000000000000000000, -1.000000000000000000, 0.000000000000000000 ) ) ;
#8030 = ORIENTED_EDGE ( 'NONE', *, *, #4169, .T. ) ;
#8031 = CARTESIAN_POINT ( 'NONE',  ( -6.300000000000000711, 29.80000000000000426, -16.86149459567567632 ) ) ;
#8032 = CYLINDRICAL_SURFACE ( 'NONE', #7909, 35.00000000000000000 ) ;
#8033 = ORIENTED_EDGE ( 'NONE', *, *, #1253, .T. ) ;
#8034 = DIRECTION ( 'NONE',  ( -0.000000000000000000, -1.000000000000000000, -0.000000000000000000 ) ) ;
#8035 = ORIENTED_EDGE ( 'NONE', *, *, #6946, .F. ) ;
#8036 = LINE ( 'NONE', #3203, #7761 ) ;
#8037 = CARTESIAN_POINT ( 'NONE',  ( 16.86149459567567988, 29.80000000000000426, -6.299999999999994493 ) ) ;
#8038 = CARTESIAN_POINT ( 'NONE',  ( -11.31370849898465991, 0.000000000000000000, -9.663708498984860285 ) ) ;
#8039 = CARTESIAN_POINT ( 'NONE',  ( 2.000000000000000000, -7.228416147400480440, 20.00000000000000000 ) ) ;
#8040 = AXIS2_PLACEMENT_3D ( 'NONE', #2964, #5492, #487 ) ;
#8041 = DIRECTION ( 'NONE',  ( -0.000000000000000000, 1.000000000000000000, -0.000000000000000000 ) ) ;
#8042 = VERTEX_POINT ( 'NONE', #2593 ) ;
#8043 = CIRCLE ( 'NONE', #7518, 4.990000000000000213 ) ;
#8044 = EDGE_CURVE ( 'NONE', #3369, #6988, #3749, .T. ) ;
#8045 = EDGE_LOOP ( 'NONE', ( #4821, #2070 ) ) ;
#8046 = LINE ( 'NONE', #5381, #2876 ) ;
#8047 = DIRECTION ( 'NONE',  ( -1.000000000000000000, -0.000000000000000000, -0.000000000000000000 ) ) ;
#8048 = AXIS2_PLACEMENT_3D ( 'NONE', #2783, #2120, #4654 ) ;
#8049 = CARTESIAN_POINT ( 'NONE',  ( -1.675911042644704011E-13, -2.500000000000000000, -17.64999999999999503 ) ) ;
#8050 = CYLINDRICAL_SURFACE ( 'NONE', #557, 1.649999999999998579 ) ;
#8051 = AXIS2_PLACEMENT_3D ( 'NONE', #1456, #3976, #852 ) ;
#8052 = CARTESIAN_POINT ( 'NONE',  ( 5.000000000000000000, 0.000000000000000000, -14.14213562373095279 ) ) ;
#8053 = AXIS2_PLACEMENT_3D ( 'NONE', #7461, #4919, #3545 ) ;
#8054 = AXIS2_PLACEMENT_3D ( 'NONE', #3418, #3959, #1523 ) ;
#8055 = EDGE_CURVE ( 'NONE', #3174, #6930, #5857, .T. ) ;
#8056 = ADVANCED_FACE ( 'NONE', ( #2089, #7620 ), #1966, .F. ) ;
#8057 = CIRCLE ( 'NONE', #7925, 4.990000000000001101 ) ;
#8058 = ORIENTED_EDGE ( 'NONE', *, *, #502, .T. ) ;
#8059 = CARTESIAN_POINT ( 'NONE',  ( 2.000000000000000000, 4.582575694955840717, -14.14213562373095279 ) ) ;
#8060 = ADVANCED_FACE ( 'NONE', ( #4947 ), #1670, .T. ) ;
#8061 = ORIENTED_EDGE ( 'NONE', *, *, #4036, .F. ) ;
#8062 = DIRECTION ( 'NONE',  ( 0.000000000000000000, 0.000000000000000000, 1.000000000000000000 ) ) ;
#8063 = CIRCLE ( 'NONE', #2393, 6.300000000000000711 ) ;
#8064 = CIRCLE ( 'NONE', #4115, 12.49999999999999645 ) ;
#8065 = DIRECTION ( 'NONE',  ( 0.000000000000000000, 0.000000000000000000, -1.000000000000000000 ) ) ;
#8066 = CARTESIAN_POINT ( 'NONE',  ( 1.224646799147250347E-18, 6.110987527745293517E-16, -4.990000000000000213 ) ) ;
#8067 = AXIS2_PLACEMENT_3D ( 'NONE', #5939, #7869, #5988 ) ;
#8068 = PLANE ( 'NONE',  #148 ) ;
#8069 = DIRECTION ( 'NONE',  ( 0.000000000000000000, 0.000000000000000000, 1.000000000000000000 ) ) ;
#8070 = AXIS2_PLACEMENT_3D ( 'NONE', #7579, #1926, #5586 ) ;
#8071 = DIRECTION ( 'NONE',  ( 0.000000000000000000, 0.000000000000000000, 1.000000000000000000 ) ) ;
#8072 = CIRCLE ( 'NONE', #4514, 81.25000000000008527 ) ;
#8073 = ORIENTED_EDGE ( 'NONE', *, *, #6193, .T. ) ;
#8074 = EDGE_CURVE ( 'NONE', #6836, #5790, #3476, .T. ) ;
#8075 = VERTEX_POINT ( 'NONE', #2288 ) ;
#8076 = DIRECTION ( 'NONE',  ( 0.000000000000000000, 0.000000000000000000, 1.000000000000000000 ) ) ;
#8077 = EDGE_LOOP ( 'NONE', ( #2596, #353 ) ) ;
#8078 = AXIS2_PLACEMENT_3D ( 'NONE', #1618, #3365, #7078 ) ;
#8079 = VECTOR ( 'NONE', #4404, 1000.000000000000000 ) ;
#8080 = CARTESIAN_POINT ( 'NONE',  ( 0.000000000000000000, 0.000000000000000000, 230.0000000000000000 ) ) ;
#8081 = SURFACE_SIDE_STYLE ('',( #5532 ) ) ;
#8082 = ORIENTED_EDGE ( 'NONE', *, *, #8141, .F. ) ;
#8083 = DIRECTION ( 'NONE',  ( 0.000000000000000000, 0.000000000000000000, 1.000000000000000000 ) ) ;
#8084 = VERTEX_POINT ( 'NONE', #4817 ) ;
#8085 = DIRECTION ( 'NONE',  ( 0.000000000000000000, 0.000000000000000000, 1.000000000000000000 ) ) ;
#8086 = DIRECTION ( 'NONE',  ( -0.000000000000000000, -1.000000000000000000, -0.000000000000000000 ) ) ;
#8087 = CIRCLE ( 'NONE', #7690, 4.790000000000005365 ) ;
#8088 = CYLINDRICAL_SURFACE ( 'NONE', #3328, 1.999999999999998224 ) ;
#8089 = DIRECTION ( 'NONE',  ( 0.000000000000000000, 0.000000000000000000, 1.000000000000000000 ) ) ;
#8090 = ORIENTED_EDGE ( 'NONE', *, *, #556, .F. ) ;
#8091 = ORIENTED_EDGE ( 'NONE', *, *, #2754, .T. ) ;
#8092 = DIRECTION ( 'NONE',  ( 0.000000000000000000, 0.000000000000000000, 1.000000000000000000 ) ) ;
#8093 = CARTESIAN_POINT ( 'NONE',  ( 14.00000000000000000, 0.000000000000000000, 0.000000000000000000 ) ) ;
#8094 = PLANE ( 'NONE',  #6758 ) ;
#8095 = DIRECTION ( 'NONE',  ( -1.000000000000000000, -0.000000000000000000, -0.000000000000000000 ) ) ;
#8096 = DIRECTION ( 'NONE',  ( -1.000000000000000000, -0.000000000000000000, -0.000000000000000000 ) ) ;
#8097 = EDGE_CURVE ( 'NONE', #889, #3352, #189, .T. ) ;
#8098 = VERTEX_POINT ( 'NONE', #6141 ) ;
#8099 = DIRECTION ( 'NONE',  ( 0.000000000000000000, 0.000000000000000000, 1.000000000000000000 ) ) ;
#8100 = ORIENTED_EDGE ( 'NONE', *, *, #510, .T. ) ;
#8101 = EDGE_CURVE ( 'NONE', #1516, #5735, #5485, .T. ) ;
#8102 = CARTESIAN_POINT ( 'NONE',  ( 38.50000000000000000, 0.000000000000000000, 0.000000000000000000 ) ) ;
#8103 = EDGE_CURVE ( 'NONE', #5790, #6836, #3345, .T. ) ;
#8104 = DIRECTION ( 'NONE',  ( -0.000000000000000000, 1.000000000000000000, -0.000000000000000000 ) ) ;
#8105 = DIRECTION ( 'NONE',  ( 1.000000000000000000, -0.000000000000000000, -0.000000000000000000 ) ) ;
#8106 = EDGE_CURVE ( 'NONE', #2639, #327, #3210, .T. ) ;
#8107 = LINE ( 'NONE', #3116, #3440 ) ;
#8108 = ORIENTED_EDGE ( 'NONE', *, *, #3007, .F. ) ;
#8109 = DIRECTION ( 'NONE',  ( 0.000000000000000000, 0.000000000000000000, -1.000000000000000000 ) ) ;
#8110 = ORIENTED_EDGE ( 'NONE', *, *, #5940, .F. ) ;
#8111 = CARTESIAN_POINT ( 'NONE',  ( 103.3000000000000114, 2.000000000000000000, 4.571662717217892968 ) ) ;
#8112 = ADVANCED_FACE ( 'NONE', ( #7788 ), #4899, .T. ) ;
#8113 = ORIENTED_EDGE ( 'NONE', *, *, #6048, .T. ) ;
#8114 = CARTESIAN_POINT ( 'NONE',  ( 0.000000000000000000, 27.60000000000000142, -40.00000000000000000 ) ) ;
#8115 = SURFACE_STYLE_USAGE ( .BOTH. , #6311 ) ;
#8116 = EDGE_LOOP ( 'NONE', ( #5239, #911 ) ) ;
#8117 = DIRECTION ( 'NONE',  ( 0.000000000000000000, 0.000000000000000000, 1.000000000000000000 ) ) ;
#8118 = CIRCLE ( 'NONE', #2454, 2.000000000000001776 ) ;
#8119 = EDGE_LOOP ( 'NONE', ( #1430, #1440, #2181, #388 ) ) ;
#8120 = FACE_OUTER_BOUND ( 'NONE', #535, .T. ) ;
#8121 = CYLINDRICAL_SURFACE ( 'NONE', #4792, 5.000000000000000000 ) ;
#8122 = CARTESIAN_POINT ( 'NONE',  ( -1.999999999999999112, 0.000000000000000000, 4.582575694955840717 ) ) ;
#8123 = CYLINDRICAL_SURFACE ( 'NONE', #3743, 12.49999999999999645 ) ;
#8124 = ORIENTED_EDGE ( 'NONE', *, *, #2350, .F. ) ;
#8125 = VERTEX_POINT ( 'NONE', #7984 ) ;
#8126 = CARTESIAN_POINT ( 'NONE',  ( 113.3000000000000114, -2.000000000000000000, 4.571662717217892968 ) ) ;
#8127 = AXIS2_PLACEMENT_3D ( 'NONE', #1715, #1194, #4286 ) ;
#8128 = FACE_OUTER_BOUND ( 'NONE', #6124, .T. ) ;
#8129 = DIRECTION ( 'NONE',  ( 0.000000000000000000, 0.000000000000000000, 1.000000000000000000 ) ) ;
#8130 = CARTESIAN_POINT ( 'NONE',  ( 23.00000000000000000, 34.20000000000000284, -2.999999999999996003 ) ) ;
#8131 = CARTESIAN_POINT ( 'NONE',  ( 16.00000000000000000, 2.399999999999999467, -1.650000000000110489 ) ) ;
#8132 = PRODUCT ( 'Link3Body', 'Link3Body', '', ( #1057 ) ) ;
#8133 = AXIS2_PLACEMENT_3D ( 'NONE', #4062, #3942, #3398 ) ;
#8134 = ORIENTED_EDGE ( 'NONE', *, *, #1049, .T. ) ;
#8135 = CARTESIAN_POINT ( 'NONE',  ( -1.675911042644704011E-13, 2.399999999999999467, -15.99999999999999645 ) ) ;
#8136 = ORIENTED_EDGE ( 'NONE', *, *, #1771, .F. ) ;
#8137 = DIRECTION ( 'NONE',  ( -0.000000000000000000, 0.000000000000000000, -1.000000000000000000 ) ) ;
#8138 = DIRECTION ( 'NONE',  ( -0.000000000000000000, -1.000000000000000000, -0.000000000000000000 ) ) ;
#8139 = AXIS2_PLACEMENT_3D ( 'NONE', #1023, #3524, #6053 ) ;
#8140 = DIRECTION ( 'NONE',  ( -1.000000000000000000, -0.000000000000000000, -0.000000000000000000 ) ) ;
#8141 = EDGE_CURVE ( 'NONE', #7631, #5601, #2812, .T. ) ;
#8142 = FACE_OUTER_BOUND ( 'NONE', #3319, .T. ) ;
#8143 = SHAPE_REPRESENTATION_RELATIONSHIP ( 'NONE' , 'NONE' ,  #4541, #1722 ) ;
#8144 = ORIENTED_EDGE ( 'NONE', *, *, #5948, .T. ) ;
#8145 = DIRECTION ( 'NONE',  ( -1.000000000000000000, 0.000000000000000000, -0.000000000000000000 ) ) ;
#8146 = ORIENTED_EDGE ( 'NONE', *, *, #2854, .T. ) ;
#8147 = DIRECTION ( 'NONE',  ( -0.000000000000000000, -1.000000000000000000, -0.000000000000000000 ) ) ;
#8148 = EDGE_CURVE ( 'NONE', #7992, #986, #3610, .T. ) ;
#8149 = DIRECTION ( 'NONE',  ( 0.000000000000000000, -0.000000000000000000, 1.000000000000000000 ) ) ;
#8150 = CARTESIAN_POINT ( 'NONE',  ( 0.000000000000000000, 4.600000000000003197, 0.000000000000000000 ) ) ;
#8151 = ORIENTED_EDGE ( 'NONE', *, *, #3122, .T. ) ;
#8152 = NEXT_ASSEMBLY_USAGE_OCCURRENCE ( 'NAUO1', ' ', ' ', #7208, #762, $ ) ;
#8153 = NEXT_ASSEMBLY_USAGE_OCCURRENCE ( 'NAUO2', ' ', ' ', #7208, #7062, $ ) ;
#8154 = NEXT_ASSEMBLY_USAGE_OCCURRENCE ( 'NAUO3', ' ', ' ', #7208, #5, $ ) ;
#8155 = NEXT_ASSEMBLY_USAGE_OCCURRENCE ( 'NAUO4', ' ', ' ', #7208, #4294, $ ) ;
#8156 = NEXT_ASSEMBLY_USAGE_OCCURRENCE ( 'NAUO5', ' ', ' ', #7208, #6862, $ ) ;
#8157 = NEXT_ASSEMBLY_USAGE_OCCURRENCE ( 'NAUO6', ' ', ' ', #7208, #2315, $ ) ;
ENDSEC;
END-ISO-10303-21;
