ISO-10303-21;
HEADER;
FILE_DESCRIPTION (( 'STEP AP203' ),
    '1' );
FILE_NAME ('Link2LShapeConnectorUpper_Default_sldprt.STEP',
    '2026-07-23T12:34:57',
    ( '' ),
    ( '' ),
    'SwSTEP 2.0',
    'SolidWorks 2025',
    '' );
FILE_SCHEMA (( 'CONFIG_CONTROL_DESIGN' ));
ENDSEC;

DATA;
#1 = ORIENTED_EDGE ( 'NONE', *, *, #674, .F. ) ;
#2 = CARTESIAN_POINT ( 'NONE',  ( 0.000000000000000000, 20.00000000000000000, 0.000000000000000000 ) ) ;
#3 = PERSON_AND_ORGANIZATION_ROLE ( 'design_supplier' ) ;
#4 = LINE ( 'NONE', #1510, #457 ) ;
#5 = AXIS2_PLACEMENT_3D ( 'NONE', #1495, #915, #1399 ) ;
#6 = CARTESIAN_POINT ( 'NONE',  ( -90.00000000000000000, 20.00000000000000000, -9.999999999999998224 ) ) ;
#7 = EDGE_CURVE ( 'NONE', #441, #1561, #891, .T. ) ;
#8 = FACE_OUTER_BOUND ( 'NONE', #1481, .T. ) ;
#9 = EDGE_LOOP ( 'NONE', ( #62, #1543, #522, #119 ) ) ;
#10 = ORIENTED_EDGE ( 'NONE', *, *, #309, .F. ) ;
#11 = CARTESIAN_POINT ( 'NONE',  ( 90.00000000000000000, 20.00000000000000000, 20.00000000000001066 ) ) ;
#12 = DATE_AND_TIME ( #1244, #780 ) ;
#13 = CYLINDRICAL_SURFACE ( 'NONE', #782, 2.100000000000000089 ) ;
#14 = CARTESIAN_POINT ( 'NONE',  ( 14.84924240491747582, 20.00000000000000000, 14.84924240491752556 ) ) ;
#15 = DIRECTION ( 'NONE',  ( 0.000000000000000000, 0.000000000000000000, -1.000000000000000000 ) ) ;
#16 = ORIENTED_EDGE ( 'NONE', *, *, #579, .T. ) ;
#17 = ADVANCED_FACE ( 'NONE', ( #1605 ), #733, .T. ) ;
#18 = ADVANCED_FACE ( 'NONE', ( #67 ), #1473, .F. ) ;
#19 = ORIENTED_EDGE ( 'NONE', *, *, #1039, .T. ) ;
#20 = FACE_BOUND ( 'NONE', #216, .T. ) ;
#21 = PERSON_AND_ORGANIZATION_ROLE ( 'design_owner' ) ;
#22 = CARTESIAN_POINT ( 'NONE',  ( 34.64101615137755630, 20.00000000000000000, -19.99999999999999289 ) ) ;
#23 = DIRECTION ( 'NONE',  ( -0.000000000000000000, 1.000000000000000000, -0.000000000000000000 ) ) ;
#24 = DIRECTION ( 'NONE',  ( -0.000000000000000000, -1.000000000000000000, -0.000000000000000000 ) ) ;
#25 = ORIENTED_EDGE ( 'NONE', *, *, #539, .T. ) ;
#26 = AXIS2_PLACEMENT_3D ( 'NONE', #1114, #450, #328 ) ;
#27 = AXIS2_PLACEMENT_3D ( 'NONE', #1551, #1527, #1413 ) ;
#28 = VERTEX_POINT ( 'NONE', #470 ) ;
#29 = CIRCLE ( 'NONE', #107, 2.100000000000000089 ) ;
#30 = DIRECTION ( 'NONE',  ( -0.000000000000000000, 1.000000000000000000, -0.000000000000000000 ) ) ;
#31 = EDGE_CURVE ( 'NONE', #1029, #287, #1505, .T. ) ;
#32 = CALENDAR_DATE ( 2026, 23, 7 ) ;
#33 = DIRECTION ( 'NONE',  ( 0.000000000000000000, 1.000000000000000000, 0.000000000000000000 ) ) ;
#34 = DIRECTION ( 'NONE',  ( -0.000000000000000000, -1.000000000000000000, -0.000000000000000000 ) ) ;
#35 = DIRECTION ( 'NONE',  ( -0.000000000000000000, 1.000000000000000000, -0.000000000000000000 ) ) ;
#36 = ORIENTED_EDGE ( 'NONE', *, *, #757, .T. ) ;
#37 = VERTEX_POINT ( 'NONE', #478 ) ;
#38 = EDGE_CURVE ( 'NONE', #92, #85, #197, .T. ) ;
#39 = CARTESIAN_POINT ( 'NONE',  ( -90.00000000000000000, 0.000000000000000000, 20.00000000000001066 ) ) ;
#40 = CARTESIAN_POINT ( 'NONE',  ( 90.00000000000000000, -56.64803615307418028, -9.999999999999998224 ) ) ;
#41 = EDGE_LOOP ( 'NONE', ( #954, #1225 ) ) ;
#42 = ORIENTED_EDGE ( 'NONE', *, *, #797, .T. ) ;
#43 = DIRECTION ( 'NONE',  ( 0.000000000000000000, 1.000000000000000000, 0.000000000000000000 ) ) ;
#44 = LINE ( 'NONE', #1558, #567 ) ;
#45 = ADVANCED_FACE ( 'NONE', ( #875 ), #244, .F. ) ;
#46 = FACE_OUTER_BOUND ( 'NONE', #746, .T. ) ;
#47 = ORIENTED_EDGE ( 'NONE', *, *, #589, .T. ) ;
#48 = ORIENTED_EDGE ( 'NONE', *, *, #611, .T. ) ;
#49 = AXIS2_PLACEMENT_3D ( 'NONE', #1520, #498, #379 ) ;
#50 = CIRCLE ( 'NONE', #1348, 2.100000000000002753 ) ;
#51 = VECTOR ( 'NONE', #242, 1000.000000000000000 ) ;
#52 = DIRECTION ( 'NONE',  ( 0.000000000000000000, 0.000000000000000000, -1.000000000000000000 ) ) ;
#53 = DIRECTION ( 'NONE',  ( -0.000000000000000000, 1.000000000000000000, -0.000000000000000000 ) ) ;
#54 = CARTESIAN_POINT ( 'NONE',  ( 14.84924240491768188, 0.000000000000000000, -14.84924240491732128 ) ) ;
#55 = ORIENTED_EDGE ( 'NONE', *, *, #274, .T. ) ;
#56 = ADVANCED_FACE ( 'NONE', ( #981 ), #1342, .F. ) ;
#57 = EDGE_LOOP ( 'NONE', ( #1328, #576, #583, #375 ) ) ;
#58 = CARTESIAN_POINT ( 'NONE',  ( 21.00000000000000000, 20.00000000000000000, -2.100000000000000533 ) ) ;
#59 = CARTESIAN_POINT ( 'NONE',  ( -7.332110811570580046E-14, -5.939696961967007027, 21.00000000000000000 ) ) ;
#60 = DIRECTION ( 'NONE',  ( -0.000000000000000000, -1.000000000000000000, -0.000000000000000000 ) ) ;
#61 = EDGE_LOOP ( 'NONE', ( #1488, #111 ) ) ;
#62 = ORIENTED_EDGE ( 'NONE', *, *, #1391, .F. ) ;
#63 = CC_DESIGN_PERSON_AND_ORGANIZATION_ASSIGNMENT ( #741, #21, ( #787 ) ) ;
#64 = DIRECTION ( 'NONE',  ( 3.273063162220390942E-17, 0.000000000000000000, 1.000000000000000000 ) ) ;
#65 = CYLINDRICAL_SURFACE ( 'NONE', #410, 2.100000000000002753 ) ;
#66 = CARTESIAN_POINT ( 'NONE',  ( 37.00000000000000000, 20.00000000000000000, 10.00000000000000000 ) ) ;
#67 = FACE_OUTER_BOUND ( 'NONE', #1498, .T. ) ;
#68 = EDGE_LOOP ( 'NONE', ( #1249, #1109, #535, #170 ) ) ;
#69 = VECTOR ( 'NONE', #1526, 1000.000000000000000 ) ;
#70 = DIRECTION ( 'NONE',  ( -0.000000000000000000, 1.000000000000000000, -0.000000000000000000 ) ) ;
#71 = EDGE_CURVE ( 'NONE', #1437, #916, #237, .T. ) ;
#72 = AXIS2_PLACEMENT_3D ( 'NONE', #586, #348, #1343 ) ;
#73 = AXIS2_PLACEMENT_3D ( 'NONE', #1086, #983, #493 ) ;
#74 = FACE_OUTER_BOUND ( 'NONE', #482, .T. ) ;
#75 = AXIS2_PLACEMENT_3D ( 'NONE', #469, #105, #602 ) ;
#76 = DIRECTION ( 'NONE',  ( -0.000000000000000000, -0.000000000000000000, -1.000000000000000000 ) ) ;
#77 = EDGE_LOOP ( 'NONE', ( #1017, #1 ) ) ;
#78 = ORIENTED_EDGE ( 'NONE', *, *, #822, .F. ) ;
#79 = EDGE_LOOP ( 'NONE', ( #801, #1275, #742, #1339 ) ) ;
#80 = CARTESIAN_POINT ( 'NONE',  ( -80.25000000000000000, 0.000000000000000000, 20.00000000000001066 ) ) ;
#81 = CARTESIAN_POINT ( 'NONE',  ( 90.00000000000000000, 0.000000000000000000, 10.25000000000000888 ) ) ;
#82 = EDGE_CURVE ( 'NONE', #1562, #663, #1033, .T. ) ;
#83 = DIRECTION ( 'NONE',  ( 0.000000000000000000, 0.000000000000000000, 1.000000000000000000 ) ) ;
#84 = DIRECTION ( 'NONE',  ( 0.000000000000000000, 0.000000000000000000, 1.000000000000000000 ) ) ;
#85 = VERTEX_POINT ( 'NONE', #1404 ) ;
#86 = ORIENTED_EDGE ( 'NONE', *, *, #1345, .F. ) ;
#87 = DIRECTION ( 'NONE',  ( 0.000000000000000000, 1.000000000000000000, 0.000000000000000000 ) ) ;
#88 = CARTESIAN_POINT ( 'NONE',  ( -34.64101615137754209, 20.00000000000000000, 20.00000000000001421 ) ) ;
#89 = CARTESIAN_POINT ( 'NONE',  ( -14.84924240491757885, -5.939696961967007027, 12.74924240491742289 ) ) ;
#90 = EDGE_CURVE ( 'NONE', #815, #1490, #942, .T. ) ;
#91 = CARTESIAN_POINT ( 'NONE',  ( 34.64101615137754209, 20.00000000000000000, 20.00000000000001421 ) ) ;
#92 = VERTEX_POINT ( 'NONE', #883 ) ;
#93 = ORIENTED_EDGE ( 'NONE', *, *, #38, .T. ) ;
#94 = CARTESIAN_POINT ( 'NONE',  ( 34.64101615137755630, 20.00000000000000000, -19.99999999999999289 ) ) ;
#95 = DIRECTION ( 'NONE',  ( 0.000000000000000000, 1.000000000000000000, 0.000000000000000000 ) ) ;
#96 = CIRCLE ( 'NONE', #1424, 2.099999999999997868 ) ;
#97 = FACE_OUTER_BOUND ( 'NONE', #932, .T. ) ;
#98 = CIRCLE ( 'NONE', #1071, 2.100000000000002753 ) ;
#99 = AXIS2_PLACEMENT_3D ( 'NONE', #2, #496, #617 ) ;
#100 = DIRECTION ( 'NONE',  ( 0.000000000000000000, 1.000000000000000000, 0.000000000000000000 ) ) ;
#101 = EDGE_CURVE ( 'NONE', #1009, #302, #1370, .T. ) ;
#102 = ORIENTED_EDGE ( 'NONE', *, *, #715, .F. ) ;
#103 = ORIENTED_EDGE ( 'NONE', *, *, #1205, .T. ) ;
#104 = DIRECTION ( 'NONE',  ( 0.000000000000000000, 0.000000000000000000, 1.000000000000000000 ) ) ;
#105 = DIRECTION ( 'NONE',  ( 0.000000000000000000, 1.000000000000000000, 0.000000000000000000 ) ) ;
#106 = AXIS2_PLACEMENT_3D ( 'NONE', #613, #846, #1101 ) ;
#107 = AXIS2_PLACEMENT_3D ( 'NONE', #1529, #373, #280 ) ;
#108 = CARTESIAN_POINT ( 'NONE',  ( 14.84924240491747582, 20.00000000000000000, 14.84924240491752556 ) ) ;
#109 = CARTESIAN_POINT ( 'NONE',  ( 90.00000000000000000, 20.00000000000000000, 10.25000000000000888 ) ) ;
#110 = LINE ( 'NONE', #239, #1155 ) ;
#111 = ORIENTED_EDGE ( 'NONE', *, *, #1263, .F. ) ;
#112 = ORIENTED_EDGE ( 'NONE', *, *, #447, .F. ) ;
#113 = LINE ( 'NONE', #713, #1221 ) ;
#114 = EDGE_CURVE ( 'NONE', #1208, #1137, #252, .T. ) ;
#115 = CARTESIAN_POINT ( 'NONE',  ( -90.00000000000000000, 0.000000000000000000, -19.99999999999998224 ) ) ;
#116 = CARTESIAN_POINT ( 'NONE',  ( -14.84924240491737102, 0.000000000000000000, -16.94924240491763712 ) ) ;
#117 = LINE ( 'NONE', #1575, #204 ) ;
#118 = ORIENTED_EDGE ( 'NONE', *, *, #1256, .T. ) ;
#119 = ORIENTED_EDGE ( 'NONE', *, *, #1129, .F. ) ;
#120 = CARTESIAN_POINT ( 'NONE',  ( 0.000000000000000000, 0.000000000000000000, 0.000000000000000000 ) ) ;
#121 = APPROVAL_ROLE ( '' ) ;
#122 = EDGE_CURVE ( 'NONE', #1009, #1530, #758, .T. ) ;
#123 = ORIENTED_EDGE ( 'NONE', *, *, #1542, .T. ) ;
#124 = DIRECTION ( 'NONE',  ( -1.000000000000000000, 0.000000000000000000, 0.000000000000000000 ) ) ;
#125 = VECTOR ( 'NONE', #307, 1000.000000000000000 ) ;
#126 = AXIS2_PLACEMENT_3D ( 'NONE', #308, #813, #1174 ) ;
#127 = PLANE ( 'NONE',  #1224 ) ;
#128 = AXIS2_PLACEMENT_3D ( 'NONE', #1356, #847, #453 ) ;
#129 = ORIENTED_EDGE ( 'NONE', *, *, #914, .T. ) ;
#130 = ORIENTED_EDGE ( 'NONE', *, *, #894, .T. ) ;
#131 = CARTESIAN_POINT ( 'NONE',  ( -14.84924240491757885, 20.00000000000000000, 14.84924240491742076 ) ) ;
#132 = FACE_OUTER_BOUND ( 'NONE', #1547, .T. ) ;
#133 = EDGE_CURVE ( 'NONE', #1490, #815, #920, .T. ) ;
#134 = AXIS2_PLACEMENT_3D ( 'NONE', #54, #446, #182 ) ;
#135 = DIRECTION ( 'NONE',  ( -0.000000000000000000, 1.000000000000000000, -0.000000000000000000 ) ) ;
#136 = ADVANCED_FACE ( 'NONE', ( #648 ), #1038, .T. ) ;
#137 = CARTESIAN_POINT ( 'NONE',  ( -14.84924240491737102, -5.939696961967007027, -14.84924240491763392 ) ) ;
#138 = VERTEX_POINT ( 'NONE', #791 ) ;
#139 = ORIENTED_EDGE ( 'NONE', *, *, #665, .T. ) ;
#140 = CARTESIAN_POINT ( 'NONE',  ( 14.84924240491768188, -5.939696961967007027, -14.84924240491732128 ) ) ;
#141 = APPLICATION_PROTOCOL_DEFINITION ( 'international standard', 'config_control_design', 1994, #637 ) ;
#142 = CARTESIAN_POINT ( 'NONE',  ( 0.000000000000000000, -56.64803615307418028, 0.000000000000000000 ) ) ;
#143 = DIRECTION ( 'NONE',  ( 0.000000000000000000, 0.000000000000000000, 1.000000000000000000 ) ) ;
#144 = CARTESIAN_POINT ( 'NONE',  ( 14.84924240491768188, -5.939696961967007027, -16.94924240491731737 ) ) ;
#145 = VERTEX_POINT ( 'NONE', #1285 ) ;
#146 = EDGE_CURVE ( 'NONE', #1113, #37, #1149, .T. ) ;
#147 = ORIENTED_EDGE ( 'NONE', *, *, #71, .F. ) ;
#148 = DIRECTION ( 'NONE',  ( -1.000000000000000000, 0.000000000000000000, -6.267179617026058410E-17 ) ) ;
#149 =( NAMED_UNIT ( * ) SI_UNIT ( $, .STERADIAN. ) SOLID_ANGLE_UNIT ( ) );
#150 = DIRECTION ( 'NONE',  ( 0.000000000000000000, 0.000000000000000000, 1.000000000000000000 ) ) ;
#151 = CARTESIAN_POINT ( 'NONE',  ( 21.00000000000000000, -5.939696961967007027, 0.000000000000000000 ) ) ;
#152 = LOCAL_TIME ( 16, 4, 57.00000000000000000, #1151 ) ;
#153 = CARTESIAN_POINT ( 'NONE',  ( 0.000000000000000000, 20.00000000000000000, 0.000000000000000000 ) ) ;
#154 = AXIS2_PLACEMENT_3D ( 'NONE', #1199, #574, #988 ) ;
#155 = VERTEX_POINT ( 'NONE', #621 ) ;
#156 = VECTOR ( 'NONE', #148, 1000.000000000000000 ) ;
#157 = EDGE_CURVE ( 'NONE', #85, #200, #432, .T. ) ;
#158 = VECTOR ( 'NONE', #479, 1000.000000000000000 ) ;
#159 = ORIENTED_EDGE ( 'NONE', *, *, #409, .T. ) ;
#160 = CARTESIAN_POINT ( 'NONE',  ( -90.00000000000000000, 20.00000000000000000, 10.25000000000000888 ) ) ;
#161 = FACE_OUTER_BOUND ( 'NONE', #521, .T. ) ;
#162 = LINE ( 'NONE', #1523, #465 ) ;
#163 = AXIS2_PLACEMENT_3D ( 'NONE', #952, #669, #1059 ) ;
#164 = ORIENTED_EDGE ( 'NONE', *, *, #7, .T. ) ;
#165 = VERTEX_POINT ( 'NONE', #1161 ) ;
#166 = CARTESIAN_POINT ( 'NONE',  ( -34.64101615137755630, 0.000000000000000000, -19.99999999999999289 ) ) ;
#167 = EDGE_CURVE ( 'NONE', #607, #474, #1126, .T. ) ;
#168 = DIRECTION ( 'NONE',  ( 0.000000000000000000, 0.000000000000000000, 1.000000000000000000 ) ) ;
#169 = DIRECTION ( 'NONE',  ( 0.000000000000000000, 0.000000000000000000, 1.000000000000000000 ) ) ;
#170 = ORIENTED_EDGE ( 'NONE', *, *, #1359, .F. ) ;
#171 = ORIENTED_EDGE ( 'NONE', *, *, #439, .T. ) ;
#172 = DIRECTION ( 'NONE',  ( -0.000000000000000000, -0.000000000000000000, -1.000000000000000000 ) ) ;
#173 = DIRECTION ( 'NONE',  ( 0.000000000000000000, 0.000000000000000000, 1.000000000000000000 ) ) ;
#174 = EDGE_CURVE ( 'NONE', #663, #1422, #4, .T. ) ;
#175 = PLANE ( 'NONE',  #335 ) ;
#176 = ORIENTED_EDGE ( 'NONE', *, *, #1456, .F. ) ;
#177 = ORIENTED_EDGE ( 'NONE', *, *, #979, .F. ) ;
#178 = AXIS2_PLACEMENT_3D ( 'NONE', #1043, #802, #413 ) ;
#179 = AXIS2_PLACEMENT_3D ( 'NONE', #734, #1467, #238 ) ;
#180 = CARTESIAN_POINT ( 'NONE',  ( 0.000000000000000000, 20.00000000000000000, 0.000000000000000000 ) ) ;
#181 = LINE ( 'NONE', #406, #203 ) ;
#182 = DIRECTION ( 'NONE',  ( 0.000000000000000000, 0.000000000000000000, 1.000000000000000000 ) ) ;
#183 = ORIENTED_EDGE ( 'NONE', *, *, #979, .T. ) ;
#184 = CC_DESIGN_PERSON_AND_ORGANIZATION_ASSIGNMENT ( #1379, #1125, ( #1555 ) ) ;
#185 = EDGE_CURVE ( 'NONE', #92, #1408, #515, .T. ) ;
#186 = EDGE_LOOP ( 'NONE', ( #1222, #1570, #1367, #566 ) ) ;
#187 = DIRECTION ( 'NONE',  ( 1.000000000000000000, 0.000000000000000000, -3.273063162220390942E-17 ) ) ;
#188 = DIRECTION ( 'NONE',  ( -0.000000000000000000, 1.000000000000000000, -0.000000000000000000 ) ) ;
#189 = CARTESIAN_POINT ( 'NONE',  ( 80.25000000000000000, 20.00000000000000000, -19.99999999999998579 ) ) ;
#190 = ORIENTED_EDGE ( 'NONE', *, *, #962, .T. ) ;
#191 = EDGE_CURVE ( 'NONE', #1466, #860, #805, .T. ) ;
#192 = ORIENTED_EDGE ( 'NONE', *, *, #716, .T. ) ;
#193 = CARTESIAN_POINT ( 'NONE',  ( 14.84924240491747582, -5.939696961967007027, 12.74924240491752592 ) ) ;
#194 = CARTESIAN_POINT ( 'NONE',  ( -80.25000000000000000, 20.00000000000000000, 10.25000000000001066 ) ) ;
#195 = AXIS2_PLACEMENT_3D ( 'NONE', #206, #1581, #83 ) ;
#196 = DIRECTION ( 'NONE',  ( -0.000000000000000000, 1.000000000000000000, -0.000000000000000000 ) ) ;
#197 = LINE ( 'NONE', #1435, #541 ) ;
#198 = VERTEX_POINT ( 'NONE', #371 ) ;
#199 = ADVANCED_FACE ( 'NONE', ( #132 ), #13, .F. ) ;
#200 = VERTEX_POINT ( 'NONE', #264 ) ;
#201 = CIRCLE ( 'NONE', #1121, 2.100000000000000089 ) ;
#202 = CARTESIAN_POINT ( 'NONE',  ( -34.64101615137754209, 0.000000000000000000, 40.00000000000002842 ) ) ;
#203 = VECTOR ( 'NONE', #289, 1000.000000000000000 ) ;
#204 = VECTOR ( 'NONE', #614, 1000.000000000000000 ) ;
#205 = DIRECTION ( 'NONE',  ( -1.000000000000000000, -0.000000000000000000, -3.273063162220390942E-17 ) ) ;
#206 = CARTESIAN_POINT ( 'NONE',  ( 2.199633243471174140E-13, 0.000000000000000000, -20.99999999999999645 ) ) ;
#207 = ORIENTED_EDGE ( 'NONE', *, *, #1056, .T. ) ;
#208 = VECTOR ( 'NONE', #540, 1000.000000000000000 ) ;
#209 = EDGE_LOOP ( 'NONE', ( #1306, #1366, #367, #177 ) ) ;
#210 = LINE ( 'NONE', #1579, #305 ) ;
#211 = CARTESIAN_POINT ( 'NONE',  ( -37.00000000000000000, 20.00000000000000000, -10.00000000000000000 ) ) ;
#212 = ADVANCED_FACE ( 'NONE', ( #1270 ), #1261, .F. ) ;
#213 = FACE_OUTER_BOUND ( 'NONE', #1191, .T. ) ;
#214 = FACE_OUTER_BOUND ( 'NONE', #403, .T. ) ;
#215 = VERTEX_POINT ( 'NONE', #399 ) ;
#216 = EDGE_LOOP ( 'NONE', ( #86, #811 ) ) ;
#217 = DIRECTION ( 'NONE',  ( 1.000000000000000000, 0.000000000000000000, 1.880153885107817893E-16 ) ) ;
#218 = CARTESIAN_POINT ( 'NONE',  ( 34.64101615137754209, 20.00000000000000000, 20.00000000000001421 ) ) ;
#219 = EDGE_CURVE ( 'NONE', #291, #473, #912, .T. ) ;
#220 = CARTESIAN_POINT ( 'NONE',  ( -7.306393228788485917E-14, 0.000000000000000000, 18.89999999999999858 ) ) ;
#221 = CARTESIAN_POINT ( 'NONE',  ( 14.84924240491747582, -5.939696961967007027, 16.94924240491752343 ) ) ;
#222 = ORIENTED_EDGE ( 'NONE', *, *, #1032, .F. ) ;
#223 = ORIENTED_EDGE ( 'NONE', *, *, #925, .F. ) ;
#224 = FACE_BOUND ( 'NONE', #692, .T. ) ;
#225 = AXIS2_PLACEMENT_3D ( 'NONE', #1142, #781, #1493 ) ;
#226 = ORIENTED_EDGE ( 'NONE', *, *, #1599, .T. ) ;
#227 = VECTOR ( 'NONE', #344, 1000.000000000000000 ) ;
#228 = CARTESIAN_POINT ( 'NONE',  ( -14.64101615137753498, 0.000000000000000000, 60.00000000000003553 ) ) ;
#229 = AXIS2_PLACEMENT_3D ( 'NONE', #1015, #23, #279 ) ;
#230 = AXIS2_PLACEMENT_3D ( 'NONE', #1487, #100, #597 ) ;
#231 = PLANE ( 'NONE',  #568 ) ;
#232 = ORIENTED_EDGE ( 'NONE', *, *, #757, .F. ) ;
#233 = EDGE_CURVE ( 'NONE', #1443, #1415, #1066, .T. ) ;
#234 = ORIENTED_EDGE ( 'NONE', *, *, #1256, .F. ) ;
#235 = DIRECTION ( 'NONE',  ( -0.000000000000000000, 1.000000000000000000, -0.000000000000000000 ) ) ;
#236 = DIRECTION ( 'NONE',  ( 0.000000000000000000, 0.000000000000000000, 1.000000000000000000 ) ) ;
#237 = LINE ( 'NONE', #115, #303 ) ;
#238 = DIRECTION ( 'NONE',  ( 1.000000000000000000, 0.000000000000000000, -3.273063162220390942E-17 ) ) ;
#239 = CARTESIAN_POINT ( 'NONE',  ( -90.00000000000000000, -56.64803615307418028, -9.999999999999998224 ) ) ;
#240 = ORIENTED_EDGE ( 'NONE', *, *, #122, .T. ) ;
#241 = VERTEX_POINT ( 'NONE', #58 ) ;
#242 = DIRECTION ( 'NONE',  ( 1.000000000000000000, -0.000000000000000000, -6.267179617026058410E-17 ) ) ;
#243 = APPROVAL_ROLE ( '' ) ;
#244 = CYLINDRICAL_SURFACE ( 'NONE', #154, 2.100000000000000977 ) ;
#245 = DIRECTION ( 'NONE',  ( 0.000000000000000000, -1.000000000000000000, 0.000000000000000000 ) ) ;
#246 = LINE ( 'NONE', #1157, #654 ) ;
#247 = ORIENTED_EDGE ( 'NONE', *, *, #31, .T. ) ;
#248 = ORIENTED_EDGE ( 'NONE', *, *, #1039, .F. ) ;
#249 = FACE_BOUND ( 'NONE', #77, .T. ) ;
#250 = EDGE_CURVE ( 'NONE', #698, #200, #321, .T. ) ;
#251 = COORDINATED_UNIVERSAL_TIME_OFFSET ( 3, 30, .AHEAD. ) ;
#252 = LINE ( 'NONE', #766, #327 ) ;
#253 = EDGE_CURVE ( 'NONE', #165, #909, #1556, .T. ) ;
#254 = CC_DESIGN_APPROVAL ( #1290, ( #1555 ) ) ;
#255 = CARTESIAN_POINT ( 'NONE',  ( 80.25000000000000000, 0.000000000000000000, 20.00000000000001066 ) ) ;
#256 = AXIS2_PLACEMENT_3D ( 'NONE', #1228, #354, #865 ) ;
#257 = AXIS2_PLACEMENT_3D ( 'NONE', #423, #299, #429 ) ;
#258 = DIRECTION ( 'NONE',  ( -0.000000000000000000, 1.000000000000000000, -0.000000000000000000 ) ) ;
#259 = VECTOR ( 'NONE', #608, 1000.000000000000000 ) ;
#260 = VERTEX_POINT ( 'NONE', #1565 ) ;
#261 = ORIENTED_EDGE ( 'NONE', *, *, #724, .F. ) ;
#262 = DIRECTION ( 'NONE',  ( 0.000000000000000000, 1.000000000000000000, 0.000000000000000000 ) ) ;
#263 = COORDINATED_UNIVERSAL_TIME_OFFSET ( 3, 30, .AHEAD. ) ;
#264 = CARTESIAN_POINT ( 'NONE',  ( -34.64101615137755630, 0.000000000000000000, -19.99999999999999289 ) ) ;
#265 = LINE ( 'NONE', #1034, #384 ) ;
#266 = EDGE_CURVE ( 'NONE', #1422, #1180, #1537, .T. ) ;
#267 = CARTESIAN_POINT ( 'NONE',  ( -90.00000000000000000, 20.00000000000000000, -19.99999999999998224 ) ) ;
#268 = ORIENTED_EDGE ( 'NONE', *, *, #347, .F. ) ;
#269 = ORIENTED_EDGE ( 'NONE', *, *, #338, .T. ) ;
#270 = CARTESIAN_POINT ( 'NONE',  ( 14.84924240491768188, -5.939696961967007027, -14.84924240491732128 ) ) ;
#271 =( LENGTH_UNIT ( ) NAMED_UNIT ( * ) SI_UNIT ( .MILLI., .METRE. ) );
#272 = DIRECTION ( 'NONE',  ( -0.000000000000000000, 1.000000000000000000, -0.000000000000000000 ) ) ;
#273 = CARTESIAN_POINT ( 'NONE',  ( 34.64101615137754209, 20.00000000000000000, 40.00000000000001421 ) ) ;
#274 = EDGE_CURVE ( 'NONE', #655, #1029, #681, .T. ) ;
#275 = CARTESIAN_POINT ( 'NONE',  ( -21.00000000000000000, -5.939696961967007027, 2.099999999999853095 ) ) ;
#276 = ORIENTED_EDGE ( 'NONE', *, *, #1000, .F. ) ;
#277 = ORIENTED_EDGE ( 'NONE', *, *, #1127, .T. ) ;
#278 = DIRECTION ( 'NONE',  ( 0.000000000000000000, 0.000000000000000000, 1.000000000000000000 ) ) ;
#279 = DIRECTION ( 'NONE',  ( 0.000000000000000000, 0.000000000000000000, 1.000000000000000000 ) ) ;
#280 = DIRECTION ( 'NONE',  ( 0.000000000000000000, 0.000000000000000000, 1.000000000000000000 ) ) ;
#281 = VECTOR ( 'NONE', #1298, 1000.000000000000000 ) ;
#282 = EDGE_LOOP ( 'NONE', ( #739, #1327, #433, #448, #1338, #501, #955, #1517, #1576, #503, #171, #304, #1165, #1088, #261, #642, #1201, #417, #1578, #1123, #1594, #1042, #1185, #1050, #1095 ) ) ;
#283 = CIRCLE ( 'NONE', #126, 19.99999999999999645 ) ;
#284 = CIRCLE ( 'NONE', #831, 2.100000000000002753 ) ;
#285 = EDGE_CURVE ( 'NONE', #937, #1208, #1299, .T. ) ;
#286 = VECTOR ( 'NONE', #205, 1000.000000000000000 ) ;
#287 = VERTEX_POINT ( 'NONE', #939 ) ;
#288 = CARTESIAN_POINT ( 'NONE',  ( 80.25000000000000000, 20.00000000000000000, -19.99999999999998579 ) ) ;
#289 = DIRECTION ( 'NONE',  ( -0.000000000000000000, 1.000000000000000000, -0.000000000000000000 ) ) ;
#290 = DIRECTION ( 'NONE',  ( -4.006172263299092887E-16, 0.000000000000000000, -1.000000000000000000 ) ) ;
#291 = VERTEX_POINT ( 'NONE', #1188 ) ;
#292 = ORIENTED_EDGE ( 'NONE', *, *, #1528, .T. ) ;
#293 = DIRECTION ( 'NONE',  ( 0.000000000000000000, 0.000000000000000000, 1.000000000000000000 ) ) ;
#294 = CARTESIAN_POINT ( 'NONE',  ( 14.64101615137754919, 20.00000000000000000, 60.00000000000002132 ) ) ;
#295 = DIRECTION ( 'NONE',  ( -0.000000000000000000, -1.000000000000000000, -0.000000000000000000 ) ) ;
#296 = ORIENTED_EDGE ( 'NONE', *, *, #7, .F. ) ;
#297 = EDGE_LOOP ( 'NONE', ( #1394, #93, #1116, #1036 ) ) ;
#298 = DIRECTION ( 'NONE',  ( 0.000000000000000000, 0.000000000000000000, 1.000000000000000000 ) ) ;
#299 = DIRECTION ( 'NONE',  ( 3.273063162220390942E-17, 0.000000000000000000, -1.000000000000000000 ) ) ;
#300 = CC_DESIGN_DATE_AND_TIME_ASSIGNMENT ( #12, #1269, ( #1176 ) ) ;
#301 = DIRECTION ( 'NONE',  ( 0.000000000000000000, 0.000000000000000000, 1.000000000000000000 ) ) ;
#302 = VERTEX_POINT ( 'NONE', #1423 ) ;
#303 = VECTOR ( 'NONE', #531, 1000.000000000000000 ) ;
#304 = ORIENTED_EDGE ( 'NONE', *, *, #250, .T. ) ;
#305 = VECTOR ( 'NONE', #504, 1000.000000000000000 ) ;
#306 = VECTOR ( 'NONE', #490, 1000.000000000000000 ) ;
#307 = DIRECTION ( 'NONE',  ( -1.000000000000000000, 0.000000000000000000, -3.273063162220390942E-17 ) ) ;
#308 = CARTESIAN_POINT ( 'NONE',  ( -14.64101615137754209, 0.000000000000000000, 40.00000000000002842 ) ) ;
#309 = EDGE_CURVE ( 'NONE', #28, #1360, #201, .T. ) ;
#310 = CARTESIAN_POINT ( 'NONE',  ( 90.00000000000000000, 20.00000000000000000, 9.999999999999998224 ) ) ;
#311 = VERTEX_POINT ( 'NONE', #1062 ) ;
#312 = CIRCLE ( 'NONE', #1307, 9.750000000000000000 ) ;
#313 = EDGE_LOOP ( 'NONE', ( #1470, #1297 ) ) ;
#314 = FACE_OUTER_BOUND ( 'NONE', #419, .T. ) ;
#315 = CYLINDRICAL_SURFACE ( 'NONE', #1197, 2.100000000000000977 ) ;
#316 = DIRECTION ( 'NONE',  ( 0.000000000000000000, 0.000000000000000000, -1.000000000000000000 ) ) ;
#317 = DIRECTION ( 'NONE',  ( -0.000000000000000000, 1.000000000000000000, -0.000000000000000000 ) ) ;
#318 = ADVANCED_FACE ( 'NONE', ( #1074 ), #666, .F. ) ;
#319 = ORIENTED_EDGE ( 'NONE', *, *, #468, .T. ) ;
#320 = ADVANCED_FACE ( 'NONE', ( #570 ), #553, .T. ) ;
#321 = LINE ( 'NONE', #166, #383 ) ;
#322 = FACE_BOUND ( 'NONE', #1055, .T. ) ;
#323 = DIRECTION ( 'NONE',  ( -0.000000000000000000, 1.000000000000000000, -0.000000000000000000 ) ) ;
#324 = ORIENTED_EDGE ( 'NONE', *, *, #409, .F. ) ;
#325 = ADVANCED_FACE ( 'NONE', ( #547 ), #1057, .F. ) ;
#326 = ORIENTED_EDGE ( 'NONE', *, *, #421, .F. ) ;
#327 = VECTOR ( 'NONE', #774, 1000.000000000000000 ) ;
#328 = DIRECTION ( 'NONE',  ( 0.000000000000000000, 0.000000000000000000, 1.000000000000000000 ) ) ;
#329 = VECTOR ( 'NONE', #1566, 1000.000000000000000 ) ;
#330 = CIRCLE ( 'NONE', #230, 2.100000000000000089 ) ;
#331 = LINE ( 'NONE', #837, #286 ) ;
#332 = CARTESIAN_POINT ( 'NONE',  ( 0.000000000000000000, 20.00000000000000000, 16.00000000000000000 ) ) ;
#333 = DIRECTION ( 'NONE',  ( -0.000000000000000000, -0.000000000000000000, -1.000000000000000000 ) ) ;
#334 = ORIENTED_EDGE ( 'NONE', *, *, #832, .F. ) ;
#335 = AXIS2_PLACEMENT_3D ( 'NONE', #1311, #290, #549 ) ;
#336 = EDGE_LOOP ( 'NONE', ( #931, #1321, #159, #770 ) ) ;
#337 = DIRECTION ( 'NONE',  ( -0.000000000000000000, 1.000000000000000000, -0.000000000000000000 ) ) ;
#338 = EDGE_CURVE ( 'NONE', #387, #343, #1291, .T. ) ;
#339 = CARTESIAN_POINT ( 'NONE',  ( 14.84924240491768188, 20.00000000000000000, -14.84924240491732128 ) ) ;
#340 = FACE_OUTER_BOUND ( 'NONE', #1540, .T. ) ;
#341 = CARTESIAN_POINT ( 'NONE',  ( 14.84924240491768188, 20.00000000000000000, -12.74924240491732164 ) ) ;
#342 = ORIENTED_EDGE ( 'NONE', *, *, #832, .T. ) ;
#343 = VERTEX_POINT ( 'NONE', #672 ) ;
#344 = DIRECTION ( 'NONE',  ( -0.000000000000000000, -1.000000000000000000, -0.000000000000000000 ) ) ;
#345 = DIRECTION ( 'NONE',  ( -0.000000000000000000, -1.000000000000000000, -0.000000000000000000 ) ) ;
#346 = DIRECTION ( 'NONE',  ( 0.000000000000000000, 0.000000000000000000, 1.000000000000000000 ) ) ;
#347 = EDGE_CURVE ( 'NONE', #590, #1569, #949, .T. ) ;
#348 = DIRECTION ( 'NONE',  ( 0.000000000000000000, 1.000000000000000000, 0.000000000000000000 ) ) ;
#349 = CARTESIAN_POINT ( 'NONE',  ( 90.00000000000000000, 20.00000000000000000, 10.25000000000000888 ) ) ;
#350 = VERTEX_POINT ( 'NONE', #1308 ) ;
#351 = ORIENTED_EDGE ( 'NONE', *, *, #1129, .T. ) ;
#352 = CARTESIAN_POINT ( 'NONE',  ( 0.000000000000000000, -56.64803615307418028, 16.00000000000000000 ) ) ;
#353 = CARTESIAN_POINT ( 'NONE',  ( -90.00000000000000000, 20.00000000000000000, 20.00000000000001066 ) ) ;
#354 = DIRECTION ( 'NONE',  ( -0.000000000000000000, 1.000000000000000000, -0.000000000000000000 ) ) ;
#355 = CIRCLE ( 'NONE', #1276, 9.750000000000000000 ) ;
#356 = CIRCLE ( 'NONE', #1277, 40.00000000000000000 ) ;
#357 = CARTESIAN_POINT ( 'NONE',  ( 90.00000000000000000, 0.000000000000000000, -19.99999999999998224 ) ) ;
#358 = VECTOR ( 'NONE', #1210, 1000.000000000000000 ) ;
#359 = DIRECTION ( 'NONE',  ( -0.000000000000000000, 1.000000000000000000, -0.000000000000000000 ) ) ;
#360 = EDGE_LOOP ( 'NONE', ( #1245, #388, #36, #443 ) ) ;
#361 = EDGE_LOOP ( 'NONE', ( #495, #334, #858, #670 ) ) ;
#362 = DIRECTION ( 'NONE',  ( 0.000000000000000000, 0.000000000000000000, 1.000000000000000000 ) ) ;
#363 = DIRECTION ( 'NONE',  ( 0.000000000000000000, -1.000000000000000000, 0.000000000000000000 ) ) ;
#364 = CYLINDRICAL_SURFACE ( 'NONE', #229, 2.099999999999997868 ) ;
#365 = EDGE_CURVE ( 'NONE', #412, #937, #1432, .T. ) ;
#366 = ORIENTED_EDGE ( 'NONE', *, *, #667, .T. ) ;
#367 = ORIENTED_EDGE ( 'NONE', *, *, #715, .T. ) ;
#368 = CARTESIAN_POINT ( 'NONE',  ( 90.00000000000000000, 0.000000000000000000, 20.00000000000001066 ) ) ;
#369 = VECTOR ( 'NONE', #323, 1000.000000000000000 ) ;
#370 = PERSON_AND_ORGANIZATION_ROLE ( 'classification_officer' ) ;
#371 = CARTESIAN_POINT ( 'NONE',  ( 37.00000000000000000, 20.00000000000000000, 10.00000000000000000 ) ) ;
#372 = DIRECTION ( 'NONE',  ( 0.000000000000000000, -0.000000000000000000, -1.000000000000000000 ) ) ;
#373 = DIRECTION ( 'NONE',  ( -0.000000000000000000, -1.000000000000000000, -0.000000000000000000 ) ) ;
#374 = ORIENTED_EDGE ( 'NONE', *, *, #1335, .F. ) ;
#375 = ORIENTED_EDGE ( 'NONE', *, *, #1596, .T. ) ;
#376 = CYLINDRICAL_SURFACE ( 'NONE', #517, 2.099999999999999645 ) ;
#377 = EDGE_CURVE ( 'NONE', #1098, #1202, #545, .T. ) ;
#378 = CALENDAR_DATE ( 2026, 23, 7 ) ;
#379 = DIRECTION ( 'NONE',  ( 0.000000000000000000, 0.000000000000000000, 1.000000000000000000 ) ) ;
#380 = DESIGN_CONTEXT ( 'detailed design', #381, 'design' ) ;
#381 = APPLICATION_CONTEXT ( 'configuration controlled 3d designs of mechanical parts and assemblies' ) ;
#382 = DIRECTION ( 'NONE',  ( 1.000000000000000000, -0.000000000000000000, -4.006172263299092887E-16 ) ) ;
#383 = VECTOR ( 'NONE', #688, 1000.000000000000000 ) ;
#384 = VECTOR ( 'NONE', #876, 1000.000000000000000 ) ;
#385 = DIRECTION ( 'NONE',  ( -0.000000000000000000, 1.000000000000000000, -0.000000000000000000 ) ) ;
#386 = CIRCLE ( 'NONE', #1302, 2.099999999999997868 ) ;
#387 = VERTEX_POINT ( 'NONE', #1051 ) ;
#388 = ORIENTED_EDGE ( 'NONE', *, *, #1010, .T. ) ;
#389 = FACE_OUTER_BOUND ( 'NONE', #57, .T. ) ;
#390 = PERSON_AND_ORGANIZATION ( #398, #618 ) ;
#391 = ADVANCED_FACE ( 'NONE', ( #314 ), #1544, .F. ) ;
#392 = DIRECTION ( 'NONE',  ( -0.000000000000000000, -1.000000000000000000, -0.000000000000000000 ) ) ;
#393 = LINE ( 'NONE', #767, #593 ) ;
#394 = CARTESIAN_POINT ( 'NONE',  ( -37.00000000000000000, 0.000000000000000000, 10.00000000000000000 ) ) ;
#395 = ORIENTED_EDGE ( 'NONE', *, *, #1063, .F. ) ;
#396 = VERTEX_POINT ( 'NONE', #1550 ) ;
#397 = DIRECTION ( 'NONE',  ( 1.000000000000000000, -0.000000000000000000, -3.273063162220390942E-17 ) ) ;
#398 = PERSON ( 'UNSPECIFIED', 'UNSPECIFIED', 'UNSPECIFIED', ('UNSPECIFIED'), ('UNSPECIFIED'), ('UNSPECIFIED') ) ;
#399 = CARTESIAN_POINT ( 'NONE',  ( 2.202205001749383553E-13, 20.00000000000000000, -23.09999999999999787 ) ) ;
#400 = DIRECTION ( 'NONE',  ( -1.000000000000000000, 0.000000000000000000, -0.000000000000000000 ) ) ;
#401 = EDGE_CURVE ( 'NONE', #138, #1237, #427, .T. ) ;
#402 = DIRECTION ( 'NONE',  ( 1.000000000000000000, -0.000000000000000000, -3.273063162220390942E-17 ) ) ;
#403 = EDGE_LOOP ( 'NONE', ( #326, #737, #1612, #910 ) ) ;
#404 = EDGE_LOOP ( 'NONE', ( #1041, #1384, #25, #644 ) ) ;
#405 = DIRECTION ( 'NONE',  ( 0.000000000000000000, 1.000000000000000000, 0.000000000000000000 ) ) ;
#406 = CARTESIAN_POINT ( 'NONE',  ( -14.84924240491737102, -5.939696961967007027, -12.74924240491763072 ) ) ;
#407 = CARTESIAN_POINT ( 'NONE',  ( 37.00000000000000000, -56.64803615307418028, -10.00000000000000000 ) ) ;
#408 = ORIENTED_EDGE ( 'NONE', *, *, #253, .F. ) ;
#409 = EDGE_CURVE ( 'NONE', #1158, #1507, #113, .T. ) ;
#410 = AXIS2_PLACEMENT_3D ( 'NONE', #561, #935, #1433 ) ;
#411 = CIRCLE ( 'NONE', #128, 2.100000000000000977 ) ;
#412 = VERTEX_POINT ( 'NONE', #202 ) ;
#413 = DIRECTION ( 'NONE',  ( 0.000000000000000000, 0.000000000000000000, 1.000000000000000000 ) ) ;
#414 = UNCERTAINTY_MEASURE_WITH_UNIT (LENGTH_MEASURE( 1.000000000000000082E-05 ), #271, 'distance_accuracy_value', 'NONE');
#415 = DIRECTION ( 'NONE',  ( 1.000000000000000000, -0.000000000000000000, 3.273063162220390942E-17 ) ) ;
#416 = LINE ( 'NONE', #697, #738 ) ;
#417 = ORIENTED_EDGE ( 'NONE', *, *, #1474, .F. ) ;
#418 = CC_DESIGN_PERSON_AND_ORGANIZATION_ASSIGNMENT ( #497, #370, ( #1446 ) ) ;
#419 = EDGE_LOOP ( 'NONE', ( #872, #42, #664, #1461 ) ) ;
#420 = ADVANCED_FACE ( 'NONE', ( #834 ), #458, .F. ) ;
#421 = EDGE_CURVE ( 'NONE', #1159, #860, #1203, .T. ) ;
#422 = CARTESIAN_POINT ( 'NONE',  ( 90.00000000000000000, 20.00000000000000000, -19.99999999999998224 ) ) ;
#423 = CARTESIAN_POINT ( 'NONE',  ( 37.00000000000000000, -56.64803615307418028, -10.00000000000000000 ) ) ;
#424 = CARTESIAN_POINT ( 'NONE',  ( 0.000000000000000000, 0.000000000000000000, 0.000000000000000000 ) ) ;
#425 = ORIENTED_EDGE ( 'NONE', *, *, #1357, .F. ) ;
#426 = ORIENTED_EDGE ( 'NONE', *, *, #454, .T. ) ;
#427 = LINE ( 'NONE', #1105, #594 ) ;
#428 = EDGE_CURVE ( 'NONE', #994, #1146, #1022, .T. ) ;
#429 = DIRECTION ( 'NONE',  ( -1.000000000000000000, 0.000000000000000000, -3.273063162220390942E-17 ) ) ;
#430 = CARTESIAN_POINT ( 'NONE',  ( 14.84924240491747582, 20.00000000000000000, 12.74924240491752592 ) ) ;
#431 = ORIENTED_EDGE ( 'NONE', *, *, #748, .F. ) ;
#432 = CIRCLE ( 'NONE', #992, 40.00000000000000000 ) ;
#433 = ORIENTED_EDGE ( 'NONE', *, *, #1380, .T. ) ;
#434 = AXIS2_PLACEMENT_3D ( 'NONE', #1406, #940, #792 ) ;
#435 = VECTOR ( 'NONE', #24, 1000.000000000000000 ) ;
#436 = DIRECTION ( 'NONE',  ( 0.000000000000000000, 0.000000000000000000, -1.000000000000000000 ) ) ;
#437 = MANIFOLD_SOLID_BREP ( 'Fillet2', #828 ) ;
#438 = LINE ( 'NONE', #1538, #488 ) ;
#439 = EDGE_CURVE ( 'NONE', #916, #698, #1508, .T. ) ;
#440 = DIRECTION ( 'NONE',  ( -1.000000000000000000, 0.000000000000000000, 0.000000000000000000 ) ) ;
#441 = VERTEX_POINT ( 'NONE', #592 ) ;
#442 = AXIS2_PLACEMENT_3D ( 'NONE', #1354, #838, #989 ) ;
#443 = ORIENTED_EDGE ( 'NONE', *, *, #1274, .T. ) ;
#444 = CARTESIAN_POINT ( 'NONE',  ( 0.000000000000000000, 20.00000000000000000, 0.000000000000000000 ) ) ;
#445 = LINE ( 'NONE', #88, #830 ) ;
#446 = DIRECTION ( 'NONE',  ( -0.000000000000000000, -1.000000000000000000, -0.000000000000000000 ) ) ;
#447 = EDGE_CURVE ( 'NONE', #1490, #241, #1216, .T. ) ;
#448 = ORIENTED_EDGE ( 'NONE', *, *, #167, .T. ) ;
#449 = ORIENTED_EDGE ( 'NONE', *, *, #1477, .F. ) ;
#450 = DIRECTION ( 'NONE',  ( -0.000000000000000000, -1.000000000000000000, -0.000000000000000000 ) ) ;
#451 = FACE_OUTER_BOUND ( 'NONE', #1003, .T. ) ;
#452 = DIRECTION ( 'NONE',  ( -0.000000000000000000, 1.000000000000000000, -0.000000000000000000 ) ) ;
#453 = DIRECTION ( 'NONE',  ( 0.000000000000000000, 0.000000000000000000, 1.000000000000000000 ) ) ;
#454 = EDGE_CURVE ( 'NONE', #945, #28, #577, .T. ) ;
#455 = ORIENTED_EDGE ( 'NONE', *, *, #1380, .F. ) ;
#456 = ORIENTED_EDGE ( 'NONE', *, *, #854, .T. ) ;
#457 = VECTOR ( 'NONE', #1005, 1000.000000000000000 ) ;
#458 = CYLINDRICAL_SURFACE ( 'NONE', #785, 2.100000000000000977 ) ;
#459 = VECTOR ( 'NONE', #135, 1000.000000000000000 ) ;
#460 = AXIS2_PLACEMENT_3D ( 'NONE', #1571, #986, #1445 ) ;
#461 = LINE ( 'NONE', #1323, #491 ) ;
#462 = CYLINDRICAL_SURFACE ( 'NONE', #544, 2.100000000000000533 ) ;
#463 = CARTESIAN_POINT ( 'NONE',  ( -90.00000000000000000, -56.64803615307418028, 9.999999999999998224 ) ) ;
#464 = ORIENTED_EDGE ( 'NONE', *, *, #1411, .F. ) ;
#465 = VECTOR ( 'NONE', #402, 1000.000000000000000 ) ;
#466 = ORIENTED_EDGE ( 'NONE', *, *, #632, .T. ) ;
#467 = CARTESIAN_POINT ( 'NONE',  ( -14.84924240491737102, 20.00000000000000000, -14.84924240491763392 ) ) ;
#468 = EDGE_CURVE ( 'NONE', #145, #552, #284, .T. ) ;
#469 = CARTESIAN_POINT ( 'NONE',  ( 80.25000000000000000, 20.00000000000000000, 10.25000000000000888 ) ) ;
#470 = CARTESIAN_POINT ( 'NONE',  ( -21.00000000000000000, 20.00000000000000000, -2.100000000000146638 ) ) ;
#471 = DIRECTION ( 'NONE',  ( -0.000000000000000000, -0.000000000000000000, -1.000000000000000000 ) ) ;
#472 = LINE ( 'NONE', #349, #520 ) ;
#473 = VERTEX_POINT ( 'NONE', #1463 ) ;
#474 = VERTEX_POINT ( 'NONE', #80 ) ;
#475 = FACE_OUTER_BOUND ( 'NONE', #1469, .T. ) ;
#476 = FACE_BOUND ( 'NONE', #1400, .T. ) ;
#477 = EDGE_CURVE ( 'NONE', #860, #1466, #1480, .T. ) ;
#478 = CARTESIAN_POINT ( 'NONE',  ( -14.84924240491757885, 0.000000000000000000, 12.74924240491742289 ) ) ;
#479 = DIRECTION ( 'NONE',  ( -1.000000000000000000, 0.000000000000000000, 3.273063162220390942E-17 ) ) ;
#480 = CYLINDRICAL_SURFACE ( 'NONE', #489, 2.100000000000000977 ) ;
#481 = EDGE_LOOP ( 'NONE', ( #762, #431 ) ) ;
#482 = EDGE_LOOP ( 'NONE', ( #222, #1187, #269, #1438 ) ) ;
#483 = DIRECTION ( 'NONE',  ( -0.000000000000000000, -1.000000000000000000, -0.000000000000000000 ) ) ;
#484 =( GEOMETRIC_REPRESENTATION_CONTEXT ( 3 ) GLOBAL_UNCERTAINTY_ASSIGNED_CONTEXT ( ( #414 ) ) GLOBAL_UNIT_ASSIGNED_CONTEXT ( ( #271, #911, #149 ) ) REPRESENTATION_CONTEXT ( 'NONE', 'WORKASPACE' ) );
#485 = APPROVAL_STATUS ( 'not_yet_approved' ) ;
#486 = AXIS2_PLACEMENT_3D ( 'NONE', #563, #317, #998 ) ;
#487 = ORIENTED_EDGE ( 'NONE', *, *, #167, .F. ) ;
#488 = VECTOR ( 'NONE', #415, 1000.000000000000000 ) ;
#489 = AXIS2_PLACEMENT_3D ( 'NONE', #1207, #1213, #1468 ) ;
#490 = DIRECTION ( 'NONE',  ( -0.000000000000000000, 1.000000000000000000, -0.000000000000000000 ) ) ;
#491 = VECTOR ( 'NONE', #1464, 1000.000000000000000 ) ;
#492 = PRODUCT_RELATED_PRODUCT_CATEGORY ( 'detail', '', ( #787 ) ) ;
#493 = DIRECTION ( 'NONE',  ( 0.000000000000000000, 0.000000000000000000, 1.000000000000000000 ) ) ;
#494 = EDGE_LOOP ( 'NONE', ( #1259, #794, #48, #1554 ) ) ;
#495 = ORIENTED_EDGE ( 'NONE', *, *, #1542, .F. ) ;
#496 = DIRECTION ( 'NONE',  ( 0.000000000000000000, 1.000000000000000000, 0.000000000000000000 ) ) ;
#497 = PERSON_AND_ORGANIZATION ( #398, #618 ) ;
#498 = DIRECTION ( 'NONE',  ( -0.000000000000000000, -1.000000000000000000, -0.000000000000000000 ) ) ;
#499 = CARTESIAN_POINT ( 'NONE',  ( -14.84924240491737102, 0.000000000000000000, -14.84924240491763392 ) ) ;
#500 = LINE ( 'NONE', #1502, #435 ) ;
#501 = ORIENTED_EDGE ( 'NONE', *, *, #1243, .T. ) ;
#502 = ADVANCED_FACE ( 'NONE', ( #475 ), #843, .F. ) ;
#503 = ORIENTED_EDGE ( 'NONE', *, *, #71, .T. ) ;
#504 = DIRECTION ( 'NONE',  ( 1.000000000000000000, -0.000000000000000000, -1.880153885107817893E-16 ) ) ;
#505 = CARTESIAN_POINT ( 'NONE',  ( 80.25000000000000000, 20.00000000000000000, 10.25000000000000888 ) ) ;
#506 = DIRECTION ( 'NONE',  ( 0.000000000000000000, 0.000000000000000000, 1.000000000000000000 ) ) ;
#507 = LINE ( 'NONE', #144, #947 ) ;
#508 = ORIENTED_EDGE ( 'NONE', *, *, #579, .F. ) ;
#509 = EDGE_CURVE ( 'NONE', #1530, #311, #1089, .T. ) ;
#510 = ORIENTED_EDGE ( 'NONE', *, *, #836, .T. ) ;
#511 = LINE ( 'NONE', #1509, #728 ) ;
#512 = DATE_AND_TIME ( #765, #647 ) ;
#513 = CARTESIAN_POINT ( 'NONE',  ( 90.00000000000000000, 0.000000000000000000, -19.99999999999998224 ) ) ;
#514 = AXIS2_PLACEMENT_3D ( 'NONE', #638, #1519, #1396 ) ;
#515 = CIRCLE ( 'NONE', #676, 40.00000000000000000 ) ;
#516 = DIRECTION ( 'NONE',  ( -1.734723475976807489E-15, 0.000000000000000000, 1.000000000000000000 ) ) ;
#517 = AXIS2_PLACEMENT_3D ( 'NONE', #270, #1260, #1004 ) ;
#518 = CIRCLE ( 'NONE', #1559, 2.099999999999999645 ) ;
#519 = DIRECTION ( 'NONE',  ( -1.000000000000000000, 0.000000000000000000, -3.273063162220390942E-17 ) ) ;
#520 = VECTOR ( 'NONE', #856, 1000.000000000000000 ) ;
#521 = EDGE_LOOP ( 'NONE', ( #277, #207, #841, #1054 ) ) ;
#522 = ORIENTED_EDGE ( 'NONE', *, *, #1049, .F. ) ;
#523 = CARTESIAN_POINT ( 'NONE',  ( 14.84924240491747582, 0.000000000000000000, 12.74924240491752592 ) ) ;
#524 = DATE_AND_TIME ( #32, #152 ) ;
#525 = DIRECTION ( 'NONE',  ( 0.000000000000000000, 0.000000000000000000, 1.000000000000000000 ) ) ;
#526 = EDGE_CURVE ( 'NONE', #1408, #200, #706, .T. ) ;
#527 = PLANE ( 'NONE',  #784 ) ;
#528 = LINE ( 'NONE', #1035, #659 ) ;
#529 = ORIENTED_EDGE ( 'NONE', *, *, #185, .T. ) ;
#530 = EDGE_LOOP ( 'NONE', ( #556, #918, #1402, #1131 ) ) ;
#531 = DIRECTION ( 'NONE',  ( 0.000000000000000000, -0.000000000000000000, -1.000000000000000000 ) ) ;
#532 = CARTESIAN_POINT ( 'NONE',  ( 37.00000000000000000, 0.000000000000000000, 10.00000000000000000 ) ) ;
#533 = EDGE_CURVE ( 'NONE', #1507, #215, #1377, .T. ) ;
#534 = CYLINDRICAL_SURFACE ( 'NONE', #928, 2.099999999999997868 ) ;
#535 = ORIENTED_EDGE ( 'NONE', *, *, #1284, .F. ) ;
#536 = ORIENTED_EDGE ( 'NONE', *, *, #1063, .T. ) ;
#537 = CARTESIAN_POINT ( 'NONE',  ( -14.84924240491757885, -5.939696961967007027, 14.84924240491742076 ) ) ;
#538 = CARTESIAN_POINT ( 'NONE',  ( -7.332110811570580046E-14, 20.00000000000000000, 23.10000000000000142 ) ) ;
#539 = EDGE_CURVE ( 'NONE', #795, #1202, #1471, .T. ) ;
#540 = DIRECTION ( 'NONE',  ( 0.000000000000000000, -0.000000000000000000, -1.000000000000000000 ) ) ;
#541 = VECTOR ( 'NONE', #853, 1000.000000000000000 ) ;
#542 = ORIENTED_EDGE ( 'NONE', *, *, #439, .F. ) ;
#543 = EDGE_CURVE ( 'NONE', #302, #1564, #896, .T. ) ;
#544 = AXIS2_PLACEMENT_3D ( 'NONE', #1475, #1606, #958 ) ;
#545 = CIRCLE ( 'NONE', #971, 16.00000000000000000 ) ;
#546 = ORIENTED_EDGE ( 'NONE', *, *, #401, .T. ) ;
#547 = FACE_OUTER_BOUND ( 'NONE', #978, .T. ) ;
#548 = CARTESIAN_POINT ( 'NONE',  ( 21.00000000000000000, 0.000000000000000000, -2.100000000000000533 ) ) ;
#549 = DIRECTION ( 'NONE',  ( -1.000000000000000000, 0.000000000000000000, 4.006172263299092887E-16 ) ) ;
#550 = EDGE_LOOP ( 'NONE', ( #190, #366, #147, #1350 ) ) ;
#551 = EDGE_CURVE ( 'NONE', #1061, #655, #1152, .T. ) ;
#552 = VERTEX_POINT ( 'NONE', #1329 ) ;
#553 = CYLINDRICAL_SURFACE ( 'NONE', #591, 40.00000000000000000 ) ;
#554 = DIRECTION ( 'NONE',  ( 0.000000000000000000, 0.000000000000000000, 1.000000000000000000 ) ) ;
#555 = DIRECTION ( 'NONE',  ( -0.000000000000000000, -1.000000000000000000, -0.000000000000000000 ) ) ;
#556 = ORIENTED_EDGE ( 'NONE', *, *, #1411, .T. ) ;
#557 = ORIENTED_EDGE ( 'NONE', *, *, #377, .F. ) ;
#558 = EDGE_CURVE ( 'NONE', #994, #1408, #210, .T. ) ;
#559 = DIRECTION ( 'NONE',  ( 0.000000000000000000, 0.000000000000000000, 1.000000000000000000 ) ) ;
#560 = CIRCLE ( 'NONE', #195, 2.100000000000000977 ) ;
#561 = CARTESIAN_POINT ( 'NONE',  ( -14.84924240491737102, -5.939696961967007027, -14.84924240491763392 ) ) ;
#562 = DIRECTION ( 'NONE',  ( -0.000000000000000000, 1.000000000000000000, -0.000000000000000000 ) ) ;
#563 = CARTESIAN_POINT ( 'NONE',  ( 14.84924240491747582, -5.939696961967007027, 14.84924240491752556 ) ) ;
#564 = APPROVAL_PERSON_ORGANIZATION ( #390, #1511, #1388 ) ;
#565 = VECTOR ( 'NONE', #1500, 1000.000000000000000 ) ;
#566 = ORIENTED_EDGE ( 'NONE', *, *, #1085, .T. ) ;
#567 = VECTOR ( 'NONE', #53, 1000.000000000000000 ) ;
#568 = AXIS2_PLACEMENT_3D ( 'NONE', #990, #581, #1584 ) ;
#569 = EDGE_LOOP ( 'NONE', ( #1081, #139, #319, #1353 ) ) ;
#570 = FACE_OUTER_BOUND ( 'NONE', #297, .T. ) ;
#571 = PLANE ( 'NONE',  #1279 ) ;
#572 = ADVANCED_FACE ( 'NONE', ( #888, #1133, #1361, #249, #20, #1019, #1518, #1242, #772, #1012 ), #1268, .F. ) ;
#573 = CARTESIAN_POINT ( 'NONE',  ( 0.000000000000000000, 0.000000000000000000, 0.000000000000000000 ) ) ;
#574 = DIRECTION ( 'NONE',  ( -0.000000000000000000, 1.000000000000000000, -0.000000000000000000 ) ) ;
#575 = ORIENTED_EDGE ( 'NONE', *, *, #845, .T. ) ;
#576 = ORIENTED_EDGE ( 'NONE', *, *, #1000, .T. ) ;
#577 = LINE ( 'NONE', #740, #1097 ) ;
#578 = CARTESIAN_POINT ( 'NONE',  ( 90.00000000000000000, 0.000000000000000000, -10.24999999999998401 ) ) ;
#579 = EDGE_CURVE ( 'NONE', #886, #671, #1491, .T. ) ;
#580 = CYLINDRICAL_SURFACE ( 'NONE', #1077, 9.749999999999998224 ) ;
#581 = DIRECTION ( 'NONE',  ( -1.000000000000000000, 0.000000000000000000, -0.000000000000000000 ) ) ;
#582 = EDGE_LOOP ( 'NONE', ( #1002, #677 ) ) ;
#583 = ORIENTED_EDGE ( 'NONE', *, *, #1335, .T. ) ;
#584 = DIRECTION ( 'NONE',  ( 0.000000000000000000, 0.000000000000000000, 1.000000000000000000 ) ) ;
#585 = CARTESIAN_POINT ( 'NONE',  ( 34.64101615137754209, 20.00000000000000000, 20.00000000000001421 ) ) ;
#586 = CARTESIAN_POINT ( 'NONE',  ( 14.84924240491768188, 20.00000000000000000, -14.84924240491732128 ) ) ;
#587 = CARTESIAN_POINT ( 'NONE',  ( -80.25000000000000000, 20.00000000000000000, 20.00000000000001066 ) ) ;
#588 = ORIENTED_EDGE ( 'NONE', *, *, #509, .F. ) ;
#589 = EDGE_CURVE ( 'NONE', #1363, #1525, #645, .T. ) ;
#590 = VERTEX_POINT ( 'NONE', #1147 ) ;
#591 = AXIS2_PLACEMENT_3D ( 'NONE', #180, #1167, #52 ) ;
#592 = CARTESIAN_POINT ( 'NONE',  ( -14.84924240491757885, 20.00000000000000000, 16.94924240491742040 ) ) ;
#593 = VECTOR ( 'NONE', #382, 1000.000000000000000 ) ;
#594 = VECTOR ( 'NONE', #1351, 1000.000000000000000 ) ;
#595 = FACE_BOUND ( 'NONE', #1485, .T. ) ;
#596 = LINE ( 'NONE', #723, #852 ) ;
#597 = DIRECTION ( 'NONE',  ( 0.000000000000000000, 0.000000000000000000, 1.000000000000000000 ) ) ;
#598 = ORIENTED_EDGE ( 'NONE', *, *, #233, .T. ) ;
#599 = VECTOR ( 'NONE', #1053, 1000.000000000000000 ) ;
#600 = EDGE_CURVE ( 'NONE', #1202, #1098, #1198, .T. ) ;
#601 = DIRECTION ( 'NONE',  ( 0.000000000000000000, 0.000000000000000000, 1.000000000000000000 ) ) ;
#602 = DIRECTION ( 'NONE',  ( 0.000000000000000000, 0.000000000000000000, 1.000000000000000000 ) ) ;
#603 = ORIENTED_EDGE ( 'NONE', *, *, #941, .T. ) ;
#604 = LINE ( 'NONE', #1206, #660 ) ;
#605 = CARTESIAN_POINT ( 'NONE',  ( 14.64101615137754919, 0.000000000000000000, 60.00000000000002132 ) ) ;
#606 = ORIENTED_EDGE ( 'NONE', *, *, #533, .F. ) ;
#607 = VERTEX_POINT ( 'NONE', #1140 ) ;
#608 = DIRECTION ( 'NONE',  ( -0.000000000000000000, 1.000000000000000000, -0.000000000000000000 ) ) ;
#609 = ADVANCED_FACE ( 'NONE', ( #1378 ), #376, .F. ) ;
#610 = ORIENTED_EDGE ( 'NONE', *, *, #612, .T. ) ;
#611 = EDGE_CURVE ( 'NONE', #1561, #441, #96, .T. ) ;
#612 = EDGE_CURVE ( 'NONE', #343, #1386, #873, .T. ) ;
#613 = CARTESIAN_POINT ( 'NONE',  ( -14.64101615137754209, 20.00000000000000000, 40.00000000000002842 ) ) ;
#614 = DIRECTION ( 'NONE',  ( -1.000000000000000000, -0.000000000000000000, -1.880153885107817893E-16 ) ) ;
#615 = ORIENTED_EDGE ( 'NONE', *, *, #285, .T. ) ;
#616 = EDGE_LOOP ( 'NONE', ( #118, #880, #817, #1516 ) ) ;
#617 = DIRECTION ( 'NONE',  ( 0.000000000000000000, 0.000000000000000000, 1.000000000000000000 ) ) ;
#618 = ORGANIZATION ( 'UNSPECIFIED', 'UNSPECIFIED', '' ) ;
#619 = APPROVAL_DATE_TIME ( #890, #1290 ) ;
#620 = VECTOR ( 'NONE', #172, 1000.000000000000000 ) ;
#621 = CARTESIAN_POINT ( 'NONE',  ( 14.84924240491768188, 0.000000000000000000, -16.94924240491731737 ) ) ;
#622 = AXIS2_PLACEMENT_3D ( 'NONE', #722, #1099, #236 ) ;
#623 = AXIS2_PLACEMENT_3D ( 'NONE', #964, #1595, #217 ) ;
#624 = FACE_OUTER_BOUND ( 'NONE', #1305, .T. ) ;
#625 = DIRECTION ( 'NONE',  ( 1.000000000000000000, -0.000000000000000000, -4.006172263299092887E-16 ) ) ;
#626 = EDGE_LOOP ( 'NONE', ( #1018, #1454, #1318, #635 ) ) ;
#627 = ORIENTED_EDGE ( 'NONE', *, *, #1345, .T. ) ;
#628 = CARTESIAN_POINT ( 'NONE',  ( 90.00000000000000000, 0.000000000000000000, 9.999999999999998224 ) ) ;
#629 = APPLICATION_PROTOCOL_DEFINITION ( 'international standard', 'config_control_design', 1994, #381 ) ;
#630 = DIRECTION ( 'NONE',  ( -1.000000000000000000, 0.000000000000000000, -6.267179617026058410E-17 ) ) ;
#631 = DIRECTION ( 'NONE',  ( -0.000000000000000000, -1.000000000000000000, -0.000000000000000000 ) ) ;
#632 = EDGE_CURVE ( 'NONE', #1319, #215, #511, .T. ) ;
#633 = CARTESIAN_POINT ( 'NONE',  ( -34.64101615137754209, 20.00000000000000000, 40.00000000000002842 ) ) ;
#634 = EDGE_LOOP ( 'NONE', ( #901, #557 ) ) ;
#635 = ORIENTED_EDGE ( 'NONE', *, *, #101, .F. ) ;
#636 = FACE_OUTER_BOUND ( 'NONE', #1011, .T. ) ;
#637 = APPLICATION_CONTEXT ( 'configuration controlled 3d designs of mechanical parts and assemblies' ) ;
#638 = CARTESIAN_POINT ( 'NONE',  ( 0.000000000000000000, 0.000000000000000000, 0.000000000000000000 ) ) ;
#639 = DIRECTION ( 'NONE',  ( -0.000000000000000000, 1.000000000000000000, -0.000000000000000000 ) ) ;
#640 = DIRECTION ( 'NONE',  ( -0.000000000000000000, 0.000000000000000000, 1.000000000000000000 ) ) ;
#641 = DIRECTION ( 'NONE',  ( 3.273063162220390942E-17, 0.000000000000000000, -1.000000000000000000 ) ) ;
#642 = ORIENTED_EDGE ( 'NONE', *, *, #543, .T. ) ;
#643 = ADVANCED_FACE ( 'NONE', ( #389 ), #1387, .F. ) ;
#644 = ORIENTED_EDGE ( 'NONE', *, *, #600, .T. ) ;
#645 = LINE ( 'NONE', #902, #1025 ) ;
#646 = APPROVAL_STATUS ( 'not_yet_approved' ) ;
#647 = LOCAL_TIME ( 16, 4, 57.00000000000000000, #263 ) ;
#648 = FACE_OUTER_BOUND ( 'NONE', #361, .T. ) ;
#649 = CC_DESIGN_APPROVAL ( #1511, ( #1446 ) ) ;
#650 = DIRECTION ( 'NONE',  ( -0.000000000000000000, 1.000000000000000000, -0.000000000000000000 ) ) ;
#651 = VECTOR ( 'NONE', #1601, 1000.000000000000000 ) ;
#652 = CIRCLE ( 'NONE', #1096, 2.100000000000000089 ) ;
#653 = DIRECTION ( 'NONE',  ( -0.000000000000000000, 1.000000000000000000, -0.000000000000000000 ) ) ;
#654 = VECTOR ( 'NONE', #1248, 1000.000000000000000 ) ;
#655 = VERTEX_POINT ( 'NONE', #523 ) ;
#656 = ORIENTED_EDGE ( 'NONE', *, *, #477, .T. ) ;
#657 = ADVANCED_FACE ( 'NONE', ( #636 ), #1368, .F. ) ;
#658 = DIRECTION ( 'NONE',  ( 0.000000000000000000, -1.000000000000000000, 0.000000000000000000 ) ) ;
#659 = VECTOR ( 'NONE', #625, 1000.000000000000000 ) ;
#660 = VECTOR ( 'NONE', #1324, 1000.000000000000000 ) ;
#661 = CARTESIAN_POINT ( 'NONE',  ( -21.00000000000000000, 0.000000000000000000, -1.466422162314116009E-13 ) ) ;
#662 = CARTESIAN_POINT ( 'NONE',  ( 1.959434878635765131E-15, 0.000000000000000000, -16.00000000000000000 ) ) ;
#663 = VERTEX_POINT ( 'NONE', #628 ) ;
#664 = ORIENTED_EDGE ( 'NONE', *, *, #82, .T. ) ;
#665 = EDGE_CURVE ( 'NONE', #1104, #145, #867, .T. ) ;
#666 = PLANE ( 'NONE',  #1503 ) ;
#667 = EDGE_CURVE ( 'NONE', #1146, #916, #1452, .T. ) ;
#668 = EDGE_CURVE ( 'NONE', #1139, #977, #840, .T. ) ;
#669 = DIRECTION ( 'NONE',  ( -1.000000000000000000, 0.000000000000000000, -0.000000000000000000 ) ) ;
#670 = ORIENTED_EDGE ( 'NONE', *, *, #797, .F. ) ;
#671 = VERTEX_POINT ( 'NONE', #587 ) ;
#672 = CARTESIAN_POINT ( 'NONE',  ( 34.64101615137754209, 0.000000000000000000, 20.00000000000001421 ) ) ;
#673 = CARTESIAN_POINT ( 'NONE',  ( -14.84924240491737102, 20.00000000000000000, -14.84924240491763392 ) ) ;
#674 = EDGE_CURVE ( 'NONE', #37, #1113, #386, .T. ) ;
#675 = FACE_OUTER_BOUND ( 'NONE', #68, .T. ) ;
#676 = AXIS2_PLACEMENT_3D ( 'NONE', #1134, #905, #150 ) ;
#677 = ORIENTED_EDGE ( 'NONE', *, *, #1138, .F. ) ;
#678 = CIRCLE ( 'NONE', #75, 9.750000000000001776 ) ;
#679 = VECTOR ( 'NONE', #337, 1000.000000000000000 ) ;
#680 = VERTEX_POINT ( 'NONE', #605 ) ;
#681 = LINE ( 'NONE', #193, #1608 ) ;
#682 = DIRECTION ( 'NONE',  ( 0.000000000000000000, 1.000000000000000000, 0.000000000000000000 ) ) ;
#683 = CIRCLE ( 'NONE', #5, 2.100000000000000533 ) ;
#684 = CARTESIAN_POINT ( 'NONE',  ( -37.00000000000000000, -56.64803615307418028, 10.00000000000000000 ) ) ;
#685 = ORIENTED_EDGE ( 'NONE', *, *, #1596, .F. ) ;
#686 = ADVANCED_FACE ( 'NONE', ( #214 ), #480, .F. ) ;
#687 = VERTEX_POINT ( 'NONE', #91 ) ;
#688 = DIRECTION ( 'NONE',  ( 1.000000000000000000, -0.000000000000000000, -1.880153885107817893E-16 ) ) ;
#689 = CARTESIAN_POINT ( 'NONE',  ( 0.000000000000000000, 0.000000000000000000, 0.000000000000000000 ) ) ;
#690 = CARTESIAN_POINT ( 'NONE',  ( -80.25000000000000000, 0.000000000000000000, 10.25000000000001066 ) ) ;
#691 = CARTESIAN_POINT ( 'NONE',  ( -14.84924240491757885, 20.00000000000000000, 14.84924240491742076 ) ) ;
#692 = EDGE_LOOP ( 'NONE', ( #296, #823 ) ) ;
#693 = EDGE_CURVE ( 'NONE', #1530, #92, #356, .T. ) ;
#694 = DIRECTION ( 'NONE',  ( -0.000000000000000000, 1.000000000000000000, -0.000000000000000000 ) ) ;
#695 = DIRECTION ( 'NONE',  ( -0.000000000000000000, -1.000000000000000000, -0.000000000000000000 ) ) ;
#696 = VECTOR ( 'NONE', #471, 1000.000000000000000 ) ;
#697 = CARTESIAN_POINT ( 'NONE',  ( 90.00000000000000000, 20.00000000000000000, -10.24999999999998401 ) ) ;
#698 = VERTEX_POINT ( 'NONE', #1111 ) ;
#699 = APPROVAL_PERSON_ORGANIZATION ( #1236, #1293, #243 ) ;
#700 = VECTOR ( 'NONE', #436, 1000.000000000000000 ) ;
#701 = ORIENTED_EDGE ( 'NONE', *, *, #941, .F. ) ;
#702 = CIRCLE ( 'NONE', #72, 2.099999999999999645 ) ;
#703 = VECTOR ( 'NONE', #1220, 1000.000000000000000 ) ;
#704 = AXIS2_PLACEMENT_3D ( 'NONE', #353, #1352, #1330 ) ;
#705 = VERTEX_POINT ( 'NONE', #341 ) ;
#706 = LINE ( 'NONE', #850, #1069 ) ;
#707 = ADVANCED_FACE ( 'NONE', ( #1092 ), #231, .T. ) ;
#708 = DIRECTION ( 'NONE',  ( 0.000000000000000000, -0.000000000000000000, -1.000000000000000000 ) ) ;
#709 = CARTESIAN_POINT ( 'NONE',  ( -90.00000000000000000, 20.00000000000000000, -10.24999999999998401 ) ) ;
#710 = DIRECTION ( 'NONE',  ( -0.000000000000000000, -1.000000000000000000, -0.000000000000000000 ) ) ;
#711 = ORIENTED_EDGE ( 'NONE', *, *, #778, .F. ) ;
#712 = VERTEX_POINT ( 'NONE', #967 ) ;
#713 = CARTESIAN_POINT ( 'NONE',  ( 2.199633243471174140E-13, -5.939696961967007027, -18.89999999999999503 ) ) ;
#714 = LINE ( 'NONE', #218, #1405 ) ;
#715 = EDGE_CURVE ( 'NONE', #241, #808, #1252, .T. ) ;
#716 = EDGE_CURVE ( 'NONE', #165, #1569, #1001, .T. ) ;
#717 = CARTESIAN_POINT ( 'NONE',  ( -80.25000000000000000, 20.00000000000000000, -10.24999999999998401 ) ) ;
#718 = DIRECTION ( 'NONE',  ( 0.000000000000000000, 1.000000000000000000, 0.000000000000000000 ) ) ;
#719 = ORIENTED_EDGE ( 'NONE', *, *, #716, .F. ) ;
#720 = ORIENTED_EDGE ( 'NONE', *, *, #668, .T. ) ;
#721 = DIRECTION ( 'NONE',  ( -0.000000000000000000, -1.000000000000000000, -0.000000000000000000 ) ) ;
#722 = CARTESIAN_POINT ( 'NONE',  ( -21.00000000000000000, -5.939696961967007027, -1.466422162314116009E-13 ) ) ;
#723 = CARTESIAN_POINT ( 'NONE',  ( -80.25000000000000000, 20.00000000000000000, 20.00000000000001066 ) ) ;
#724 = EDGE_CURVE ( 'NONE', #302, #311, #117, .T. ) ;
#725 = ORIENTED_EDGE ( 'NONE', *, *, #133, .T. ) ;
#726 = AXIS2_PLACEMENT_3D ( 'NONE', #108, #953, #1070 ) ;
#727 = EDGE_LOOP ( 'NONE', ( #1524, #575, #129, #1073 ) ) ;
#728 = VECTOR ( 'NONE', #30, 1000.000000000000000 ) ;
#729 = CARTESIAN_POINT ( 'NONE',  ( -7.306393228788485917E-14, -5.939696961967007027, 18.89999999999999858 ) ) ;
#730 = AXIS2_PLACEMENT_3D ( 'NONE', #689, #695, #168 ) ;
#731 = VECTOR ( 'NONE', #35, 1000.000000000000000 ) ;
#732 = CARTESIAN_POINT ( 'NONE',  ( 1.959434878635765131E-15, -56.64803615307418028, -16.00000000000000000 ) ) ;
#733 = CYLINDRICAL_SURFACE ( 'NONE', #1195, 9.749999999999998224 ) ;
#734 = CARTESIAN_POINT ( 'NONE',  ( -37.00000000000000000, -56.64803615307418028, -10.00000000000000000 ) ) ;
#735 = CARTESIAN_POINT ( 'NONE',  ( 0.000000000000000000, 20.00000000000000000, 0.000000000000000000 ) ) ;
#736 = ADVANCED_FACE ( 'NONE', ( #1610 ), #1231, .T. ) ;
#737 = ORIENTED_EDGE ( 'NONE', *, *, #748, .T. ) ;
#738 = VECTOR ( 'NONE', #196, 1000.000000000000000 ) ;
#739 = ORIENTED_EDGE ( 'NONE', *, *, #894, .F. ) ;
#740 = CARTESIAN_POINT ( 'NONE',  ( -21.00000000000000000, -5.939696961967007027, -2.100000000000146638 ) ) ;
#741 = PERSON_AND_ORGANIZATION ( #398, #618 ) ;
#742 = ORIENTED_EDGE ( 'NONE', *, *, #1574, .T. ) ;
#743 = CARTESIAN_POINT ( 'NONE',  ( 90.00000000000000000, 20.00000000000000000, -10.24999999999998401 ) ) ;
#744 = CARTESIAN_POINT ( 'NONE',  ( -80.25000000000000000, 20.00000000000000000, 10.25000000000001066 ) ) ;
#745 = EDGE_LOOP ( 'NONE', ( #1587, #790, #777, #1430 ) ) ;
#746 = EDGE_LOOP ( 'NONE', ( #1410, #1192, #130, #1482 ) ) ;
#747 = DIRECTION ( 'NONE',  ( -0.000000000000000000, 1.000000000000000000, -0.000000000000000000 ) ) ;
#748 = EDGE_CURVE ( 'NONE', #1159, #829, #411, .T. ) ;
#749 = COORDINATED_UNIVERSAL_TIME_OFFSET ( 3, 30, .AHEAD. ) ;
#750 = ORIENTED_EDGE ( 'NONE', *, *, #1274, .F. ) ;
#751 = CARTESIAN_POINT ( 'NONE',  ( -90.00000000000000000, 20.00000000000000000, -19.99999999999998224 ) ) ;
#752 = CARTESIAN_POINT ( 'NONE',  ( 37.00000000000000000, -56.64803615307418028, 10.00000000000000000 ) ) ;
#753 = EDGE_LOOP ( 'NONE', ( #938, #900, #656, #1234 ) ) ;
#754 = EDGE_LOOP ( 'NONE', ( #176, #1267 ) ) ;
#755 = DIRECTION ( 'NONE',  ( -6.267179617026058410E-17, 0.000000000000000000, -1.000000000000000000 ) ) ;
#756 = SECURITY_CLASSIFICATION_LEVEL ( 'unclassified' ) ;
#757 = EDGE_CURVE ( 'NONE', #1061, #287, #1337, .T. ) ;
#758 = LINE ( 'NONE', #22, #968 ) ;
#759 = AXIS2_PLACEMENT_3D ( 'NONE', #422, #1417, #298 ) ;
#760 = DIRECTION ( 'NONE',  ( 0.000000000000000000, 0.000000000000000000, 1.000000000000000000 ) ) ;
#761 = CARTESIAN_POINT ( 'NONE',  ( 14.84924240491747582, -5.939696961967007027, 14.84924240491752556 ) ) ;
#762 = ORIENTED_EDGE ( 'NONE', *, *, #1246, .F. ) ;
#763 = ORIENTED_EDGE ( 'NONE', *, *, #347, .T. ) ;
#764 = DIRECTION ( 'NONE',  ( 0.000000000000000000, 0.000000000000000000, 1.000000000000000000 ) ) ;
#765 = CALENDAR_DATE ( 2026, 23, 7 ) ;
#766 = CARTESIAN_POINT ( 'NONE',  ( -14.64101615137753321, 0.000000000000000000, 60.00000000000003553 ) ) ;
#767 = CARTESIAN_POINT ( 'NONE',  ( 34.64101615137754209, 20.00000000000000000, 60.00000000000001421 ) ) ;
#768 = CC_DESIGN_PERSON_AND_ORGANIZATION_ASSIGNMENT ( #1141, #874, ( #1176 ) ) ;
#769 = LINE ( 'NONE', #752, #731 ) ;
#770 = ORIENTED_EDGE ( 'NONE', *, *, #533, .T. ) ;
#771 = ORIENTED_EDGE ( 'NONE', *, *, #962, .F. ) ;
#772 = FACE_OUTER_BOUND ( 'NONE', #282, .T. ) ;
#773 = MECHANICAL_CONTEXT ( 'NONE', #637, 'mechanical' ) ;
#774 = DIRECTION ( 'NONE',  ( 0.000000000000000000, -1.000000000000000000, 0.000000000000000000 ) ) ;
#775 = CYLINDRICAL_SURFACE ( 'NONE', #1301, 2.100000000000000533 ) ;
#776 = CARTESIAN_POINT ( 'NONE',  ( -7.332110811570580046E-14, 0.000000000000000000, 23.10000000000000142 ) ) ;
#777 = ORIENTED_EDGE ( 'NONE', *, *, #1436, .T. ) ;
#778 = EDGE_CURVE ( 'NONE', #1360, #28, #330, .T. ) ;
#779 = ORIENTED_EDGE ( 'NONE', *, *, #428, .F. ) ;
#780 = LOCAL_TIME ( 16, 4, 57.00000000000000000, #749 ) ;
#781 = DIRECTION ( 'NONE',  ( -0.000000000000000000, -1.000000000000000000, -0.000000000000000000 ) ) ;
#782 = AXIS2_PLACEMENT_3D ( 'NONE', #1381, #272, #1397 ) ;
#783 = LINE ( 'NONE', #1371, #1154 ) ;
#784 = AXIS2_PLACEMENT_3D ( 'NONE', #1143, #124, #760 ) ;
#785 = AXIS2_PLACEMENT_3D ( 'NONE', #1322, #1082, #584 ) ;
#786 = AXIS2_PLACEMENT_3D ( 'NONE', #339, #957, #1341 ) ;
#787 = PRODUCT ( 'Link2LShapeConnectorUpper_Default_sldprt', 'Link2LShapeConnectorUpper_Default_sldprt', '', ( #773 ) ) ;
#788 = CYLINDRICAL_SURFACE ( 'NONE', #1102, 2.100000000000002753 ) ;
#789 = ORIENTED_EDGE ( 'NONE', *, *, #1477, .T. ) ;
#790 = ORIENTED_EDGE ( 'NONE', *, *, #1263, .T. ) ;
#791 = CARTESIAN_POINT ( 'NONE',  ( 90.00000000000000000, 20.00000000000000000, -9.999999999999998224 ) ) ;
#792 = DIRECTION ( 'NONE',  ( -0.000000000000000000, 0.000000000000000000, 1.000000000000000000 ) ) ;
#793 = CARTESIAN_POINT ( 'NONE',  ( 14.84924240491747582, 0.000000000000000000, 14.84924240491752556 ) ) ;
#794 = ORIENTED_EDGE ( 'NONE', *, *, #1179, .T. ) ;
#795 = VERTEX_POINT ( 'NONE', #1593 ) ;
#796 = DIRECTION ( 'NONE',  ( 0.000000000000000000, 0.000000000000000000, 1.000000000000000000 ) ) ;
#797 = EDGE_CURVE ( 'NONE', #1139, #1562, #472, .T. ) ;
#798 = PLANE ( 'NONE',  #257 ) ;
#799 = LINE ( 'NONE', #684, #1078 ) ;
#800 = ORIENTED_EDGE ( 'NONE', *, *, #1522, .T. ) ;
#801 = ORIENTED_EDGE ( 'NONE', *, *, #1474, .T. ) ;
#802 = DIRECTION ( 'NONE',  ( 0.000000000000000000, 1.000000000000000000, 0.000000000000000000 ) ) ;
#803 = FACE_OUTER_BOUND ( 'NONE', #753, .T. ) ;
#804 = EDGE_CURVE ( 'NONE', #1437, #1363, #110, .T. ) ;
#805 = CIRCLE ( 'NONE', #1344, 2.100000000000000977 ) ;
#806 = FACE_OUTER_BOUND ( 'NONE', #1585, .T. ) ;
#807 = AXIS2_PLACEMENT_3D ( 'NONE', #691, #821, #346 ) ;
#808 = VERTEX_POINT ( 'NONE', #1264 ) ;
#809 = VECTOR ( 'NONE', #1026, 1000.000000000000000 ) ;
#810 = AXIS2_PLACEMENT_3D ( 'NONE', #1455, #721, #1588 ) ;
#811 = ORIENTED_EDGE ( 'NONE', *, *, #870, .F. ) ;
#812 = DIRECTION ( 'NONE',  ( 0.000000000000000000, 1.000000000000000000, 0.000000000000000000 ) ) ;
#813 = DIRECTION ( 'NONE',  ( -0.000000000000000000, -1.000000000000000000, -0.000000000000000000 ) ) ;
#814 = CARTESIAN_POINT ( 'NONE',  ( -14.84924240491757885, -5.939696961967007027, 16.94924240491742040 ) ) ;
#815 = VERTEX_POINT ( 'NONE', #1136 ) ;
#816 = ADVANCED_FACE ( 'NONE', ( #1281 ), #1393, .T. ) ;
#817 = ORIENTED_EDGE ( 'NONE', *, *, #804, .F. ) ;
#818 = CARTESIAN_POINT ( 'NONE',  ( 34.64101615137754209, 0.000000000000000000, 20.00000000000001421 ) ) ;
#819 = CARTESIAN_POINT ( 'NONE',  ( 14.84924240491768188, 0.000000000000000000, -14.84924240491732128 ) ) ;
#820 = PLANE ( 'NONE',  #1160 ) ;
#821 = DIRECTION ( 'NONE',  ( 0.000000000000000000, 1.000000000000000000, 0.000000000000000000 ) ) ;
#822 = EDGE_CURVE ( 'NONE', #886, #607, #500, .T. ) ;
#823 = ORIENTED_EDGE ( 'NONE', *, *, #611, .F. ) ;
#824 = EDGE_LOOP ( 'NONE', ( #878, #615, #1533, #598, #1265, #1166, #123, #720, #1132, #395, #991, #546, #1048, #240, #1241, #529, #963, #1395, #771, #47, #226, #763, #701, #1283, #508 ) ) ;
#825 = CARTESIAN_POINT ( 'NONE',  ( 37.00000000000000000, 0.000000000000000000, 10.00000000000000000 ) ) ;
#826 = FACE_BOUND ( 'NONE', #1603, .T. ) ;
#827 = CYLINDRICAL_SURFACE ( 'NONE', #106, 19.99999999999999645 ) ;
#828 = CLOSED_SHELL ( 'NONE', ( #1369, #18, #1401, #1320, #199, #879, #45, #609, #56, #320, #707, #1266, #1313, #816, #959, #1607, #657, #391, #502, #1532, #572, #212, #1442, #1418, #318, #136, #17, #1106, #1586, #1020, #1186, #835, #1094, #736, #1150, #643, #420, #1497, #1512, #325, #686, #933, #1233, #1107, #1076 ) ) ;
#829 = VERTEX_POINT ( 'NONE', #776 ) ;
#830 = VECTOR ( 'NONE', #708, 1000.000000000000000 ) ;
#831 = AXIS2_PLACEMENT_3D ( 'NONE', #467, #1235, #973 ) ;
#832 = EDGE_CURVE ( 'NONE', #1386, #1240, #246, .T. ) ;
#833 = EDGE_LOOP ( 'NONE', ( #464, #1080 ) ) ;
#834 = FACE_OUTER_BOUND ( 'NONE', #336, .T. ) ;
#835 = ADVANCED_FACE ( 'NONE', ( #8 ), #127, .T. ) ;
#836 = EDGE_CURVE ( 'NONE', #1180, #1453, #1144, .T. ) ;
#837 = CARTESIAN_POINT ( 'NONE',  ( 37.00000000000000000, 20.00000000000000000, -10.00000000000000000 ) ) ;
#838 = DIRECTION ( 'NONE',  ( -1.880153885107817893E-16, 0.000000000000000000, -1.000000000000000000 ) ) ;
#839 = CIRCLE ( 'NONE', #134, 2.099999999999999645 ) ;
#840 = LINE ( 'NONE', #1365, #861 ) ;
#841 = ORIENTED_EDGE ( 'NONE', *, *, #401, .F. ) ;
#842 = ORIENTED_EDGE ( 'NONE', *, *, #1409, .F. ) ;
#843 = PLANE ( 'NONE',  #623 ) ;
#844 = DIRECTION ( 'NONE',  ( -1.000000000000000000, 0.000000000000000000, 0.000000000000000000 ) ) ;
#845 = EDGE_CURVE ( 'NONE', #1422, #198, #769, .T. ) ;
#846 = DIRECTION ( 'NONE',  ( 0.000000000000000000, 1.000000000000000000, 0.000000000000000000 ) ) ;
#847 = DIRECTION ( 'NONE',  ( -0.000000000000000000, -1.000000000000000000, -0.000000000000000000 ) ) ;
#848 = EDGE_LOOP ( 'NONE', ( #750, #1421 ) ) ;
#849 = ORIENTED_EDGE ( 'NONE', *, *, #454, .F. ) ;
#850 = CARTESIAN_POINT ( 'NONE',  ( -34.64101615137755630, 20.00000000000000000, -19.99999999999999289 ) ) ;
#851 = PLANE ( 'NONE',  #704 ) ;
#852 = VECTOR ( 'NONE', #1336, 1000.000000000000000 ) ;
#853 = DIRECTION ( 'NONE',  ( -0.000000000000000000, -1.000000000000000000, -0.000000000000000000 ) ) ;
#854 = EDGE_CURVE ( 'NONE', #155, #350, #507, .T. ) ;
#855 = DIRECTION ( 'NONE',  ( 1.000000000000000000, -0.000000000000000000, -6.267179617026058410E-17 ) ) ;
#856 = DIRECTION ( 'NONE',  ( 0.000000000000000000, -1.000000000000000000, 0.000000000000000000 ) ) ;
#857 = APPROVAL_PERSON_ORGANIZATION ( #1492, #1290, #121 ) ;
#858 = ORIENTED_EDGE ( 'NONE', *, *, #1392, .F. ) ;
#859 = AXIS2_PLACEMENT_3D ( 'NONE', #1439, #43, #559 ) ;
#860 = VERTEX_POINT ( 'NONE', #1027 ) ;
#861 = VECTOR ( 'NONE', #333, 1000.000000000000000 ) ;
#862 = DIRECTION ( 'NONE',  ( -0.000000000000000000, 1.000000000000000000, -0.000000000000000000 ) ) ;
#863 = CIRCLE ( 'NONE', #730, 16.00000000000000000 ) ;
#864 = DIRECTION ( 'NONE',  ( 0.000000000000000000, 0.000000000000000000, 1.000000000000000000 ) ) ;
#865 = DIRECTION ( 'NONE',  ( 0.000000000000000000, 0.000000000000000000, 1.000000000000000000 ) ) ;
#866 = DIRECTION ( 'NONE',  ( 0.000000000000000000, -1.000000000000000000, 0.000000000000000000 ) ) ;
#867 = LINE ( 'NONE', #976, #651 ) ;
#868 = EDGE_LOOP ( 'NONE', ( #842, #276 ) ) ;
#869 = VECTOR ( 'NONE', #855, 1000.000000000000000 ) ;
#870 = EDGE_CURVE ( 'NONE', #945, #260, #29, .T. ) ;
#871 = AXIS2_PLACEMENT_3D ( 'NONE', #793, #60, #1196 ) ;
#872 = ORIENTED_EDGE ( 'NONE', *, *, #668, .F. ) ;
#873 = LINE ( 'NONE', #368, #51 ) ;
#874 = PERSON_AND_ORGANIZATION_ROLE ( 'creator' ) ;
#875 = FACE_OUTER_BOUND ( 'NONE', #1376, .T. ) ;
#876 = DIRECTION ( 'NONE',  ( -0.000000000000000000, 1.000000000000000000, -0.000000000000000000 ) ) ;
#877 = DIRECTION ( 'NONE',  ( 0.000000000000000000, 0.000000000000000000, -1.000000000000000000 ) ) ;
#878 = ORIENTED_EDGE ( 'NONE', *, *, #1528, .F. ) ;
#879 = ADVANCED_FACE ( 'NONE', ( #1130 ), #788, .F. ) ;
#880 = ORIENTED_EDGE ( 'NONE', *, *, #589, .F. ) ;
#881 = DIRECTION ( 'NONE',  ( 0.000000000000000000, 0.000000000000000000, 1.000000000000000000 ) ) ;
#882 = PERSON_AND_ORGANIZATION ( #398, #618 ) ;
#883 = CARTESIAN_POINT ( 'NONE',  ( 0.000000000000000000, 20.00000000000000000, -40.00000000000000000 ) ) ;
#884 = CARTESIAN_POINT ( 'NONE',  ( -90.00000000000000000, 0.000000000000000000, -19.99999999999998224 ) ) ;
#885 = DIRECTION ( 'NONE',  ( -0.000000000000000000, 1.000000000000000000, -0.000000000000000000 ) ) ;
#886 = VERTEX_POINT ( 'NONE', #1514 ) ;
#887 = ORIENTED_EDGE ( 'NONE', *, *, #724, .T. ) ;
#888 = FACE_BOUND ( 'NONE', #313, .T. ) ;
#889 = LOCAL_TIME ( 16, 4, 57.00000000000000000, #1362 ) ;
#890 = DATE_AND_TIME ( #378, #1148 ) ;
#891 = CIRCLE ( 'NONE', #807, 2.099999999999997868 ) ;
#892 = DIRECTION ( 'NONE',  ( -1.000000000000000000, -0.000000000000000000, -1.880153885107817893E-16 ) ) ;
#893 = CC_DESIGN_DATE_AND_TIME_ASSIGNMENT ( #512, #1021, ( #1446 ) ) ;
#894 = EDGE_CURVE ( 'NONE', #1137, #680, #528, .T. ) ;
#895 = CIRCLE ( 'NONE', #27, 2.100000000000002753 ) ;
#896 = CIRCLE ( 'NONE', #26, 9.750000000000000000 ) ;
#897 = DIRECTION ( 'NONE',  ( 0.000000000000000000, 1.000000000000000000, 0.000000000000000000 ) ) ;
#898 = DIRECTION ( 'NONE',  ( -0.000000000000000000, 1.000000000000000000, -0.000000000000000000 ) ) ;
#899 = ADVANCED_BREP_SHAPE_REPRESENTATION ( 'Link2LShapeConnectorUpper_Default_sldprt', ( #437, #514 ), #484 ) ;
#900 = ORIENTED_EDGE ( 'NONE', *, *, #421, .T. ) ;
#901 = ORIENTED_EDGE ( 'NONE', *, *, #600, .F. ) ;
#902 = CARTESIAN_POINT ( 'NONE',  ( -37.00000000000000000, 20.00000000000000000, -10.00000000000000000 ) ) ;
#903 = VECTOR ( 'NONE', #930, 1000.000000000000000 ) ;
#904 = APPROVAL_STATUS ( 'not_yet_approved' ) ;
#905 = DIRECTION ( 'NONE',  ( 0.000000000000000000, 1.000000000000000000, 0.000000000000000000 ) ) ;
#906 = DIRECTION ( 'NONE',  ( -0.000000000000000000, -1.000000000000000000, -0.000000000000000000 ) ) ;
#907 = EDGE_CURVE ( 'NONE', #712, #138, #1007, .T. ) ;
#908 = CARTESIAN_POINT ( 'NONE',  ( -90.00000000000000000, 0.000000000000000000, -10.24999999999998401 ) ) ;
#909 = VERTEX_POINT ( 'NONE', #394 ) ;
#910 = ORIENTED_EDGE ( 'NONE', *, *, #191, .T. ) ;
#911 =( NAMED_UNIT ( * ) PLANE_ANGLE_UNIT ( ) SI_UNIT ( $, .RADIAN. ) );
#912 = LINE ( 'NONE', #160, #69 ) ;
#913 = DIRECTION ( 'NONE',  ( 0.000000000000000000, 0.000000000000000000, 1.000000000000000000 ) ) ;
#914 = EDGE_CURVE ( 'NONE', #198, #977, #162, .T. ) ;
#915 = DIRECTION ( 'NONE',  ( 0.000000000000000000, 1.000000000000000000, 0.000000000000000000 ) ) ;
#916 = VERTEX_POINT ( 'NONE', #908 ) ;
#917 = EDGE_CURVE ( 'NONE', #808, #241, #683, .T. ) ;
#918 = ORIENTED_EDGE ( 'NONE', *, *, #1531, .T. ) ;
#919 = CARTESIAN_POINT ( 'NONE',  ( 0.000000000000000000, 0.000000000000000000, 0.000000000000000000 ) ) ;
#920 = CIRCLE ( 'NONE', #49, 2.100000000000000533 ) ;
#921 = PLANE ( 'NONE',  #434 ) ;
#922 = AXIS2_PLACEMENT_3D ( 'NONE', #751, #400, #640 ) ;
#923 = DIRECTION ( 'NONE',  ( -0.000000000000000000, -1.000000000000000000, -0.000000000000000000 ) ) ;
#924 = VERTEX_POINT ( 'NONE', #662 ) ;
#925 = EDGE_CURVE ( 'NONE', #260, #1360, #1372, .T. ) ;
#926 = ORIENTED_EDGE ( 'NONE', *, *, #114, .F. ) ;
#927 = CARTESIAN_POINT ( 'NONE',  ( -90.00000000000000000, 0.000000000000000000, 9.999999999999998224 ) ) ;
#928 = AXIS2_PLACEMENT_3D ( 'NONE', #761, #1257, #1040 ) ;
#929 = FACE_OUTER_BOUND ( 'NONE', #79, .T. ) ;
#930 = DIRECTION ( 'NONE',  ( 0.000000000000000000, -0.000000000000000000, -1.000000000000000000 ) ) ;
#931 = ORIENTED_EDGE ( 'NONE', *, *, #632, .F. ) ;
#932 = EDGE_LOOP ( 'NONE', ( #969, #1288, #1548, #1429 ) ) ;
#933 = ADVANCED_FACE ( 'NONE', ( #1272 ), #534, .F. ) ;
#934 = DIRECTION ( 'NONE',  ( 0.000000000000000000, 0.000000000000000000, 1.000000000000000000 ) ) ;
#935 = DIRECTION ( 'NONE',  ( -0.000000000000000000, 1.000000000000000000, -0.000000000000000000 ) ) ;
#936 = LINE ( 'NONE', #1287, #1031 ) ;
#937 = VERTEX_POINT ( 'NONE', #633 ) ;
#938 = ORIENTED_EDGE ( 'NONE', *, *, #1246, .T. ) ;
#939 = CARTESIAN_POINT ( 'NONE',  ( 14.84924240491747582, 20.00000000000000000, 16.94924240491752343 ) ) ;
#940 = DIRECTION ( 'NONE',  ( -1.000000000000000000, 0.000000000000000000, -0.000000000000000000 ) ) ;
#941 = EDGE_CURVE ( 'NONE', #473, #1569, #1383, .T. ) ;
#942 = CIRCLE ( 'NONE', #225, 2.100000000000000533 ) ;
#943 = LINE ( 'NONE', #1184, #208 ) ;
#944 = AXIS2_PLACEMENT_3D ( 'NONE', #11, #755, #1253 ) ;
#945 = VERTEX_POINT ( 'NONE', #1434 ) ;
#946 = VECTOR ( 'NONE', #245, 1000.000000000000000 ) ;
#947 = VECTOR ( 'NONE', #385, 1000.000000000000000 ) ;
#948 = ORIENTED_EDGE ( 'NONE', *, *, #1205, .F. ) ;
#949 = LINE ( 'NONE', #956, #125 ) ;
#950 = CARTESIAN_POINT ( 'NONE',  ( -34.64101615137755630, 20.00000000000000000, -19.99999999999999289 ) ) ;
#951 = EDGE_CURVE ( 'NONE', #924, #795, #1309, .T. ) ;
#952 = CARTESIAN_POINT ( 'NONE',  ( -34.64101615137754209, 20.00000000000000000, 20.00000000000001421 ) ) ;
#953 = DIRECTION ( 'NONE',  ( 0.000000000000000000, 1.000000000000000000, 0.000000000000000000 ) ) ;
#954 = ORIENTED_EDGE ( 'NONE', *, *, #551, .F. ) ;
#955 = ORIENTED_EDGE ( 'NONE', *, *, #253, .T. ) ;
#956 = CARTESIAN_POINT ( 'NONE',  ( -90.00000000000000000, 20.00000000000000000, 9.999999999999998224 ) ) ;
#957 = DIRECTION ( 'NONE',  ( 0.000000000000000000, 1.000000000000000000, 0.000000000000000000 ) ) ;
#958 = DIRECTION ( 'NONE',  ( 0.000000000000000000, 0.000000000000000000, 1.000000000000000000 ) ) ;
#959 = ADVANCED_FACE ( 'NONE', ( #46 ), #175, .F. ) ;
#960 = ORIENTED_EDGE ( 'NONE', *, *, #1577, .T. ) ;
#961 = CC_DESIGN_PERSON_AND_ORGANIZATION_ASSIGNMENT ( #882, #3, ( #1555 ) ) ;
#962 = EDGE_CURVE ( 'NONE', #1363, #1146, #943, .T. ) ;
#963 = ORIENTED_EDGE ( 'NONE', *, *, #558, .F. ) ;
#964 = CARTESIAN_POINT ( 'NONE',  ( 34.64101615137755630, 20.00000000000000000, -19.99999999999999289 ) ) ;
#965 = FACE_OUTER_BOUND ( 'NONE', #824, .T. ) ;
#966 = LINE ( 'NONE', #357, #696 ) ;
#967 = CARTESIAN_POINT ( 'NONE',  ( 90.00000000000000000, 0.000000000000000000, -9.999999999999998224 ) ) ;
#968 = VECTOR ( 'NONE', #892, 1000.000000000000000 ) ;
#969 = ORIENTED_EDGE ( 'NONE', *, *, #250, .F. ) ;
#970 = CIRCLE ( 'NONE', #993, 2.100000000000000977 ) ;
#971 = AXIS2_PLACEMENT_3D ( 'NONE', #444, #1173, #934 ) ;
#972 = ORIENTED_EDGE ( 'NONE', *, *, #122, .F. ) ;
#973 = DIRECTION ( 'NONE',  ( 0.000000000000000000, 0.000000000000000000, 1.000000000000000000 ) ) ;
#974 = CARTESIAN_POINT ( 'NONE',  ( 34.64101615137755630, 20.00000000000000000, -19.99999999999999289 ) ) ;
#975 = CARTESIAN_POINT ( 'NONE',  ( 37.00000000000000000, 0.000000000000000000, -10.00000000000000000 ) ) ;
#976 = CARTESIAN_POINT ( 'NONE',  ( -14.84924240491737102, -5.939696961967007027, -16.94924240491763712 ) ) ;
#977 = VERTEX_POINT ( 'NONE', #310 ) ;
#978 = EDGE_LOOP ( 'NONE', ( #1332, #1314, #1214, #164 ) ) ;
#979 = EDGE_CURVE ( 'NONE', #815, #808, #1552, .T. ) ;
#980 = CARTESIAN_POINT ( 'NONE',  ( -14.84924240491757885, 20.00000000000000000, 12.74924240491742289 ) ) ;
#981 = FACE_OUTER_BOUND ( 'NONE', #530, .T. ) ;
#982 = CARTESIAN_POINT ( 'NONE',  ( 90.00000000000000000, 20.00000000000000000, 20.00000000000001066 ) ) ;
#983 = DIRECTION ( 'NONE',  ( 0.000000000000000000, 1.000000000000000000, 0.000000000000000000 ) ) ;
#984 = VERTEX_POINT ( 'NONE', #1568 ) ;
#985 = EDGE_LOOP ( 'NONE', ( #16, #351, #487, #78 ) ) ;
#986 = DIRECTION ( 'NONE',  ( 0.000000000000000000, 1.000000000000000000, 0.000000000000000000 ) ) ;
#987 = FACE_BOUND ( 'NONE', #634, .T. ) ;
#988 = DIRECTION ( 'NONE',  ( 0.000000000000000000, 0.000000000000000000, 1.000000000000000000 ) ) ;
#989 = DIRECTION ( 'NONE',  ( -1.000000000000000000, 0.000000000000000000, 1.880153885107817893E-16 ) ) ;
#990 = CARTESIAN_POINT ( 'NONE',  ( -90.00000000000000000, 20.00000000000000000, -19.99999999999998224 ) ) ;
#991 = ORIENTED_EDGE ( 'NONE', *, *, #1574, .F. ) ;
#992 = AXIS2_PLACEMENT_3D ( 'NONE', #919, #33, #278 ) ;
#993 = AXIS2_PLACEMENT_3D ( 'NONE', #1292, #1189, #173 ) ;
#994 = VERTEX_POINT ( 'NONE', #1295 ) ;
#995 = AXIS2_PLACEMENT_3D ( 'NONE', #1209, #1226, #601 ) ;
#996 = CARTESIAN_POINT ( 'NONE',  ( -7.332110811570580046E-14, 20.00000000000000000, 21.00000000000000000 ) ) ;
#997 = DATE_AND_TIME ( #1484, #889 ) ;
#998 = DIRECTION ( 'NONE',  ( 0.000000000000000000, 0.000000000000000000, 1.000000000000000000 ) ) ;
#999 = CARTESIAN_POINT ( 'NONE',  ( 2.202205001749383553E-13, 0.000000000000000000, -23.09999999999999787 ) ) ;
#1000 = EDGE_CURVE ( 'NONE', #155, #984, #839, .T. ) ;
#1001 = LINE ( 'NONE', #463, #1403 ) ;
#1002 = ORIENTED_EDGE ( 'NONE', *, *, #1522, .F. ) ;
#1003 = EDGE_LOOP ( 'NONE', ( #849, #1258, #1172, #1553 ) ) ;
#1004 = DIRECTION ( 'NONE',  ( 0.000000000000000000, 0.000000000000000000, 1.000000000000000000 ) ) ;
#1005 = DIRECTION ( 'NONE',  ( -1.000000000000000000, 0.000000000000000000, 3.273063162220390942E-17 ) ) ;
#1006 = CARTESIAN_POINT ( 'NONE',  ( -37.00000000000000000, -56.64803615307418028, -10.00000000000000000 ) ) ;
#1007 = LINE ( 'NONE', #40, #1590 ) ;
#1008 = EDGE_CURVE ( 'NONE', #1113, #441, #1539, .T. ) ;
#1009 = VERTEX_POINT ( 'NONE', #189 ) ;
#1010 = EDGE_CURVE ( 'NONE', #655, #1061, #1355, .T. ) ;
#1011 = EDGE_LOOP ( 'NONE', ( #610, #342, #1178, #960 ) ) ;
#1012 = FACE_BOUND ( 'NONE', #833, .T. ) ;
#1013 = APPROVAL_DATE_TIME ( #997, #1293 ) ;
#1014 = DIRECTION ( 'NONE',  ( 0.000000000000000000, 0.000000000000000000, 1.000000000000000000 ) ) ;
#1015 = CARTESIAN_POINT ( 'NONE',  ( -14.84924240491757885, -5.939696961967007027, 14.84924240491742076 ) ) ;
#1016 = CARTESIAN_POINT ( 'NONE',  ( -90.00000000000000000, -56.64803615307418028, 9.999999999999998224 ) ) ;
#1017 = ORIENTED_EDGE ( 'NONE', *, *, #146, .F. ) ;
#1018 = ORIENTED_EDGE ( 'NONE', *, *, #1294, .F. ) ;
#1019 = FACE_BOUND ( 'NONE', #61, .T. ) ;
#1020 = ADVANCED_FACE ( 'NONE', ( #1079 ), #1407, .T. ) ;
#1021 = DATE_TIME_ROLE ( 'classification_date' ) ;
#1022 = CIRCLE ( 'NONE', #995, 9.750000000000000000 ) ;
#1023 = DIRECTION ( 'NONE',  ( 0.000000000000000000, 0.000000000000000000, -1.000000000000000000 ) ) ;
#1024 = AXIS2_PLACEMENT_3D ( 'NONE', #1501, #897, #506 ) ;
#1025 = VECTOR ( 'NONE', #397, 1000.000000000000000 ) ;
#1026 = DIRECTION ( 'NONE',  ( 0.000000000000000000, -0.000000000000000000, -1.000000000000000000 ) ) ;
#1027 = CARTESIAN_POINT ( 'NONE',  ( -7.306393228788485917E-14, 20.00000000000000000, 18.89999999999999858 ) ) ;
#1028 = EDGE_LOOP ( 'NONE', ( #455, #1504, #292, #1112 ) ) ;
#1029 = VERTEX_POINT ( 'NONE', #430 ) ;
#1030 = CARTESIAN_POINT ( 'NONE',  ( -90.00000000000000000, 20.00000000000000000, 20.00000000000001066 ) ) ;
#1031 = VECTOR ( 'NONE', #76, 1000.000000000000000 ) ;
#1032 = EDGE_CURVE ( 'NONE', #1415, #687, #936, .T. ) ;
#1033 = LINE ( 'NONE', #513, #565 ) ;
#1034 = CARTESIAN_POINT ( 'NONE',  ( -80.25000000000000000, 20.00000000000000000, -19.99999999999998579 ) ) ;
#1035 = CARTESIAN_POINT ( 'NONE',  ( 34.64101615137754209, 0.000000000000000000, 60.00000000000001421 ) ) ;
#1036 = ORIENTED_EDGE ( 'NONE', *, *, #526, .F. ) ;
#1037 = ORIENTED_EDGE ( 'NONE', *, *, #285, .F. ) ;
#1038 = CYLINDRICAL_SURFACE ( 'NONE', #1476, 9.750000000000000000 ) ;
#1039 = EDGE_CURVE ( 'NONE', #909, #590, #799, .T. ) ;
#1040 = DIRECTION ( 'NONE',  ( 0.000000000000000000, 0.000000000000000000, 1.000000000000000000 ) ) ;
#1041 = ORIENTED_EDGE ( 'NONE', *, *, #1531, .F. ) ;
#1042 = ORIENTED_EDGE ( 'NONE', *, *, #1392, .T. ) ;
#1043 = CARTESIAN_POINT ( 'NONE',  ( 14.64101615137753853, 20.00000000000000000, 40.00000000000001421 ) ) ;
#1044 = DIRECTION ( 'NONE',  ( 0.000000000000000000, 0.000000000000000000, 1.000000000000000000 ) ) ;
#1045 = VECTOR ( 'NONE', #1479, 1000.000000000000000 ) ;
#1046 = PRODUCT_DEFINITION_SHAPE ( 'NONE', 'NONE',  #1176 ) ;
#1047 = DIRECTION ( 'NONE',  ( -0.000000000000000000, 1.000000000000000000, -0.000000000000000000 ) ) ;
#1048 = ORIENTED_EDGE ( 'NONE', *, *, #1294, .T. ) ;
#1049 = EDGE_CURVE ( 'NONE', #474, #291, #312, .T. ) ;
#1050 = ORIENTED_EDGE ( 'NONE', *, *, #338, .F. ) ;
#1051 = CARTESIAN_POINT ( 'NONE',  ( 34.64101615137754209, 0.000000000000000000, 40.00000000000001421 ) ) ;
#1052 = DIRECTION ( 'NONE',  ( 0.000000000000000000, 0.000000000000000000, 1.000000000000000000 ) ) ;
#1053 = DIRECTION ( 'NONE',  ( -0.000000000000000000, -0.000000000000000000, 1.000000000000000000 ) ) ;
#1054 = ORIENTED_EDGE ( 'NONE', *, *, #907, .F. ) ;
#1055 = EDGE_LOOP ( 'NONE', ( #1120, #1087 ) ) ;
#1056 = EDGE_CURVE ( 'NONE', #1564, #1237, #416, .T. ) ;
#1057 = CYLINDRICAL_SURFACE ( 'NONE', #1534, 2.099999999999997868 ) ;
#1058 = CARTESIAN_POINT ( 'NONE',  ( -90.00000000000000000, 0.000000000000000000, -9.999999999999998224 ) ) ;
#1059 = DIRECTION ( 'NONE',  ( -0.000000000000000000, 0.000000000000000000, 1.000000000000000000 ) ) ;
#1060 = CARTESIAN_POINT ( 'NONE',  ( 80.25000000000000000, 20.00000000000000000, -10.24999999999998401 ) ) ;
#1061 = VERTEX_POINT ( 'NONE', #1414 ) ;
#1062 = CARTESIAN_POINT ( 'NONE',  ( 34.64101615137755630, 0.000000000000000000, -19.99999999999999289 ) ) ;
#1063 = EDGE_CURVE ( 'NONE', #1453, #198, #1190, .T. ) ;
#1064 = CC_DESIGN_SECURITY_CLASSIFICATION ( #1446, ( #1555 ) ) ;
#1065 = CARTESIAN_POINT ( 'NONE',  ( 34.64101615137754209, 20.00000000000000000, 40.00000000000001421 ) ) ;
#1066 = CIRCLE ( 'NONE', #178, 19.99999999999999645 ) ;
#1067 = DIRECTION ( 'NONE',  ( 0.000000000000000000, -1.000000000000000000, 0.000000000000000000 ) ) ;
#1068 = AXIS2_PLACEMENT_3D ( 'NONE', #14, #1247, #913 ) ;
#1069 = VECTOR ( 'NONE', #1340, 1000.000000000000000 ) ;
#1070 = DIRECTION ( 'NONE',  ( 0.000000000000000000, 0.000000000000000000, 1.000000000000000000 ) ) ;
#1071 = AXIS2_PLACEMENT_3D ( 'NONE', #499, #631, #143 ) ;
#1072 = ORIENTED_EDGE ( 'NONE', *, *, #667, .F. ) ;
#1073 = ORIENTED_EDGE ( 'NONE', *, *, #1465, .F. ) ;
#1074 = FACE_OUTER_BOUND ( 'NONE', #727, .T. ) ;
#1075 = CARTESIAN_POINT ( 'NONE',  ( 2.199633243471174140E-13, 20.00000000000000000, -18.89999999999999503 ) ) ;
#1076 = ADVANCED_FACE ( 'NONE', ( #675 ), #1546, .T. ) ;
#1077 = AXIS2_PLACEMENT_3D ( 'NONE', #717, #866, #1084 ) ;
#1078 = VECTOR ( 'NONE', #1170, 1000.000000000000000 ) ;
#1079 = FACE_OUTER_BOUND ( 'NONE', #1028, .T. ) ;
#1080 = ORIENTED_EDGE ( 'NONE', *, *, #951, .F. ) ;
#1081 = ORIENTED_EDGE ( 'NONE', *, *, #1426, .T. ) ;
#1082 = DIRECTION ( 'NONE',  ( -0.000000000000000000, 1.000000000000000000, -0.000000000000000000 ) ) ;
#1083 = CARTESIAN_POINT ( 'NONE',  ( -90.00000000000000000, 20.00000000000000000, 9.999999999999998224 ) ) ;
#1084 = DIRECTION ( 'NONE',  ( 0.000000000000000000, 0.000000000000000000, -1.000000000000000000 ) ) ;
#1085 = EDGE_CURVE ( 'NONE', #311, #85, #1431, .T. ) ;
#1086 = CARTESIAN_POINT ( 'NONE',  ( 21.00000000000000000, 20.00000000000000000, 0.000000000000000000 ) ) ;
#1087 = ORIENTED_EDGE ( 'NONE', *, *, #477, .F. ) ;
#1088 = ORIENTED_EDGE ( 'NONE', *, *, #1085, .F. ) ;
#1089 = LINE ( 'NONE', #94, #227 ) ;
#1090 = CYLINDRICAL_SURFACE ( 'NONE', #622, 2.100000000000000089 ) ;
#1091 = FACE_OUTER_BOUND ( 'NONE', #1373, .T. ) ;
#1092 = FACE_OUTER_BOUND ( 'NONE', #550, .T. ) ;
#1093 = AXIS2_PLACEMENT_3D ( 'NONE', #142, #639, #525 ) ;
#1094 = ADVANCED_FACE ( 'NONE', ( #806 ), #820, .T. ) ;
#1095 = ORIENTED_EDGE ( 'NONE', *, *, #1284, .T. ) ;
#1096 = AXIS2_PLACEMENT_3D ( 'NONE', #661, #906, #1280 ) ;
#1097 = VECTOR ( 'NONE', #1333, 1000.000000000000000 ) ;
#1098 = VERTEX_POINT ( 'NONE', #1459 ) ;
#1099 = DIRECTION ( 'NONE',  ( -0.000000000000000000, 1.000000000000000000, -0.000000000000000000 ) ) ;
#1100 = ORIENTED_EDGE ( 'NONE', *, *, #1489, .F. ) ;
#1101 = DIRECTION ( 'NONE',  ( 0.000000000000000000, 0.000000000000000000, 1.000000000000000000 ) ) ;
#1102 = AXIS2_PLACEMENT_3D ( 'NONE', #137, #885, #1164 ) ;
#1103 = DIRECTION ( 'NONE',  ( 0.000000000000000000, 0.000000000000000000, 1.000000000000000000 ) ) ;
#1104 = VERTEX_POINT ( 'NONE', #116 ) ;
#1105 = CARTESIAN_POINT ( 'NONE',  ( 90.00000000000000000, 20.00000000000000000, -19.99999999999998224 ) ) ;
#1106 = ADVANCED_FACE ( 'NONE', ( #97 ), #1212, .T. ) ;
#1107 = ADVANCED_FACE ( 'NONE', ( #340 ), #827, .T. ) ;
#1108 = FACE_BOUND ( 'NONE', #848, .T. ) ;
#1109 = ORIENTED_EDGE ( 'NONE', *, *, #1567, .F. ) ;
#1110 = CARTESIAN_POINT ( 'NONE',  ( -37.00000000000000000, 0.000000000000000000, -10.00000000000000000 ) ) ;
#1111 = CARTESIAN_POINT ( 'NONE',  ( -80.25000000000000000, 0.000000000000000000, -19.99999999999998579 ) ) ;
#1112 = ORIENTED_EDGE ( 'NONE', *, *, #822, .T. ) ;
#1113 = VERTEX_POINT ( 'NONE', #1229 ) ;
#1114 = CARTESIAN_POINT ( 'NONE',  ( 80.25000000000000000, 0.000000000000000000, -10.24999999999998401 ) ) ;
#1115 = EDGE_CURVE ( 'NONE', #909, #396, #604, .T. ) ;
#1116 = ORIENTED_EDGE ( 'NONE', *, *, #157, .T. ) ;
#1117 = LINE ( 'NONE', #1110, #158 ) ;
#1118 = DIRECTION ( 'NONE',  ( 0.000000000000000000, -1.000000000000000000, 0.000000000000000000 ) ) ;
#1119 = CC_DESIGN_APPROVAL ( #1293, ( #1176 ) ) ;
#1120 = ORIENTED_EDGE ( 'NONE', *, *, #191, .F. ) ;
#1121 = AXIS2_PLACEMENT_3D ( 'NONE', #1315, #812, #293 ) ;
#1122 = AXIS2_PLACEMENT_3D ( 'NONE', #1310, #1419, #1052 ) ;
#1123 = ORIENTED_EDGE ( 'NONE', *, *, #174, .F. ) ;
#1124 = DIRECTION ( 'NONE',  ( 0.000000000000000000, -0.000000000000000000, 1.000000000000000000 ) ) ;
#1125 = PERSON_AND_ORGANIZATION_ROLE ( 'creator' ) ;
#1126 = LINE ( 'NONE', #39, #1374 ) ;
#1127 = EDGE_CURVE ( 'NONE', #712, #1564, #966, .T. ) ;
#1128 = CARTESIAN_POINT ( 'NONE',  ( -21.00000000000000000, 20.00000000000000000, 2.099999999999853095 ) ) ;
#1129 = EDGE_CURVE ( 'NONE', #671, #474, #596, .T. ) ;
#1130 = FACE_OUTER_BOUND ( 'NONE', #569, .T. ) ;
#1131 = ORIENTED_EDGE ( 'NONE', *, *, #539, .F. ) ;
#1132 = ORIENTED_EDGE ( 'NONE', *, *, #914, .F. ) ;
#1133 = FACE_BOUND ( 'NONE', #41, .T. ) ;
#1134 = CARTESIAN_POINT ( 'NONE',  ( 0.000000000000000000, 20.00000000000000000, 0.000000000000000000 ) ) ;
#1135 = PLANE ( 'NONE',  #922 ) ;
#1136 = CARTESIAN_POINT ( 'NONE',  ( 21.00000000000000000, 0.000000000000000000, 2.100000000000000533 ) ) ;
#1137 = VERTEX_POINT ( 'NONE', #228 ) ;
#1138 = EDGE_CURVE ( 'NONE', #1319, #1158, #560, .T. ) ;
#1139 = VERTEX_POINT ( 'NONE', #109 ) ;
#1140 = CARTESIAN_POINT ( 'NONE',  ( -34.64101615137754209, 0.000000000000000000, 20.00000000000001421 ) ) ;
#1141 = PERSON_AND_ORGANIZATION ( #398, #618 ) ;
#1142 = CARTESIAN_POINT ( 'NONE',  ( 21.00000000000000000, 0.000000000000000000, 0.000000000000000000 ) ) ;
#1143 = CARTESIAN_POINT ( 'NONE',  ( 90.00000000000000000, 20.00000000000000000, -19.99999999999998224 ) ) ;
#1144 = LINE ( 'NONE', #407, #1427 ) ;
#1145 = ORIENTED_EDGE ( 'NONE', *, *, #917, .F. ) ;
#1146 = VERTEX_POINT ( 'NONE', #709 ) ;
#1147 = CARTESIAN_POINT ( 'NONE',  ( -37.00000000000000000, 20.00000000000000000, 10.00000000000000000 ) ) ;
#1148 = LOCAL_TIME ( 16, 4, 57.00000000000000000, #251 ) ;
#1149 = CIRCLE ( 'NONE', #1448, 2.099999999999997868 ) ;
#1150 = ADVANCED_FACE ( 'NONE', ( #213 ), #580, .T. ) ;
#1151 = COORDINATED_UNIVERSAL_TIME_OFFSET ( 3, 30, .AHEAD. ) ;
#1152 = CIRCLE ( 'NONE', #1536, 2.099999999999997868 ) ;
#1153 = DIRECTION ( 'NONE',  ( 0.000000000000000000, -1.000000000000000000, 0.000000000000000000 ) ) ;
#1154 = VECTOR ( 'NONE', #372, 1000.000000000000000 ) ;
#1155 = VECTOR ( 'NONE', #1239, 1000.000000000000000 ) ;
#1156 = DIRECTION ( 'NONE',  ( 0.000000000000000000, 0.000000000000000000, 1.000000000000000000 ) ) ;
#1157 = CARTESIAN_POINT ( 'NONE',  ( 80.25000000000000000, 20.00000000000000000, 20.00000000000001066 ) ) ;
#1158 = VERTEX_POINT ( 'NONE', #1331 ) ;
#1159 = VERTEX_POINT ( 'NONE', #220 ) ;
#1160 = AXIS2_PLACEMENT_3D ( 'NONE', #1560, #440, #1317 ) ;
#1161 = CARTESIAN_POINT ( 'NONE',  ( -90.00000000000000000, 0.000000000000000000, 9.999999999999998224 ) ) ;
#1162 = EDGE_CURVE ( 'NONE', #687, #1240, #1218, .T. ) ;
#1163 = CARTESIAN_POINT ( 'NONE',  ( -7.332110811570580046E-14, 0.000000000000000000, 21.00000000000000000 ) ) ;
#1164 = DIRECTION ( 'NONE',  ( 0.000000000000000000, 0.000000000000000000, 1.000000000000000000 ) ) ;
#1165 = ORIENTED_EDGE ( 'NONE', *, *, #157, .F. ) ;
#1166 = ORIENTED_EDGE ( 'NONE', *, *, #1162, .T. ) ;
#1167 = DIRECTION ( 'NONE',  ( -0.000000000000000000, -1.000000000000000000, -0.000000000000000000 ) ) ;
#1168 = DIRECTION ( 'NONE',  ( 0.000000000000000000, 1.000000000000000000, 0.000000000000000000 ) ) ;
#1169 = EDGE_CURVE ( 'NONE', #829, #1466, #1600, .T. ) ;
#1170 = DIRECTION ( 'NONE',  ( -0.000000000000000000, 1.000000000000000000, -0.000000000000000000 ) ) ;
#1171 = EDGE_LOOP ( 'NONE', ( #1444, #510, #536, #1496 ) ) ;
#1172 = ORIENTED_EDGE ( 'NONE', *, *, #925, .T. ) ;
#1173 = DIRECTION ( 'NONE',  ( 0.000000000000000000, 1.000000000000000000, 0.000000000000000000 ) ) ;
#1174 = DIRECTION ( 'NONE',  ( 0.000000000000000000, 0.000000000000000000, 1.000000000000000000 ) ) ;
#1175 = VECTOR ( 'NONE', #235, 1000.000000000000000 ) ;
#1176 = PRODUCT_DEFINITION ( 'UNKNOWN', '', #1555, #380 ) ;
#1177 = CARTESIAN_POINT ( 'NONE',  ( 14.64101615137753853, 20.00000000000000000, 40.00000000000001421 ) ) ;
#1178 = ORIENTED_EDGE ( 'NONE', *, *, #1162, .F. ) ;
#1179 = EDGE_CURVE ( 'NONE', #37, #1561, #1573, .T. ) ;
#1180 = VERTEX_POINT ( 'NONE', #975 ) ;
#1181 = APPROVAL_DATE_TIME ( #524, #1511 ) ;
#1182 = CARTESIAN_POINT ( 'NONE',  ( -34.64101615137754209, 20.00000000000000000, 40.00000000000002842 ) ) ;
#1183 = FACE_OUTER_BOUND ( 'NONE', #1171, .T. ) ;
#1184 = CARTESIAN_POINT ( 'NONE',  ( -90.00000000000000000, 20.00000000000000000, -19.99999999999998224 ) ) ;
#1185 = ORIENTED_EDGE ( 'NONE', *, *, #612, .F. ) ;
#1186 = ADVANCED_FACE ( 'NONE', ( #1592 ), #1449, .T. ) ;
#1187 = ORIENTED_EDGE ( 'NONE', *, *, #1359, .T. ) ;
#1188 = CARTESIAN_POINT ( 'NONE',  ( -90.00000000000000000, 0.000000000000000000, 10.25000000000000888 ) ) ;
#1189 = DIRECTION ( 'NONE',  ( 0.000000000000000000, 1.000000000000000000, 0.000000000000000000 ) ) ;
#1190 = LINE ( 'NONE', #66, #599 ) ;
#1191 = EDGE_LOOP ( 'NONE', ( #779, #425, #542, #1072 ) ) ;
#1192 = ORIENTED_EDGE ( 'NONE', *, *, #114, .T. ) ;
#1193 = CARTESIAN_POINT ( 'NONE',  ( 90.00000000000000000, -56.64803615307418028, 9.999999999999998224 ) ) ;
#1194 = CARTESIAN_POINT ( 'NONE',  ( -14.84924240491737102, 0.000000000000000000, -12.74924240491763072 ) ) ;
#1195 = AXIS2_PLACEMENT_3D ( 'NONE', #1060, #363, #1598 ) ;
#1196 = DIRECTION ( 'NONE',  ( 0.000000000000000000, 0.000000000000000000, 1.000000000000000000 ) ) ;
#1197 = AXIS2_PLACEMENT_3D ( 'NONE', #59, #188, #1316 ) ;
#1198 = CIRCLE ( 'NONE', #99, 16.00000000000000000 ) ;
#1199 = CARTESIAN_POINT ( 'NONE',  ( 2.199633243471174140E-13, -5.939696961967007027, -20.99999999999999645 ) ) ;
#1200 = CIRCLE ( 'NONE', #786, 2.099999999999999645 ) ;
#1201 = ORIENTED_EDGE ( 'NONE', *, *, #1127, .F. ) ;
#1202 = VERTEX_POINT ( 'NONE', #332 ) ;
#1203 = LINE ( 'NONE', #729, #259 ) ;
#1204 = PLANE ( 'NONE',  #1250 ) ;
#1205 = EDGE_CURVE ( 'NONE', #350, #705, #702, .T. ) ;
#1206 = CARTESIAN_POINT ( 'NONE',  ( -37.00000000000000000, 0.000000000000000000, 10.00000000000000000 ) ) ;
#1207 = CARTESIAN_POINT ( 'NONE',  ( -7.332110811570580046E-14, -5.939696961967007027, 21.00000000000000000 ) ) ;
#1208 = VERTEX_POINT ( 'NONE', #1238 ) ;
#1209 = CARTESIAN_POINT ( 'NONE',  ( -80.25000000000000000, 20.00000000000000000, -10.24999999999998401 ) ) ;
#1210 = DIRECTION ( 'NONE',  ( 0.000000000000000000, 0.000000000000000000, 1.000000000000000000 ) ) ;
#1211 = EDGE_CURVE ( 'NONE', #396, #1437, #1117, .T. ) ;
#1212 = PLANE ( 'NONE',  #442 ) ;
#1213 = DIRECTION ( 'NONE',  ( -0.000000000000000000, 1.000000000000000000, -0.000000000000000000 ) ) ;
#1214 = ORIENTED_EDGE ( 'NONE', *, *, #1008, .T. ) ;
#1215 = ORIENTED_EDGE ( 'NONE', *, *, #917, .T. ) ;
#1216 = LINE ( 'NONE', #1483, #679 ) ;
#1217 = DIRECTION ( 'NONE',  ( -0.000000000000000000, -1.000000000000000000, -0.000000000000000000 ) ) ;
#1218 = LINE ( 'NONE', #982, #869 ) ;
#1219 = VECTOR ( 'NONE', #1153, 1000.000000000000000 ) ;
#1220 = DIRECTION ( 'NONE',  ( 0.000000000000000000, -1.000000000000000000, 0.000000000000000000 ) ) ;
#1221 = VECTOR ( 'NONE', #862, 1000.000000000000000 ) ;
#1222 = ORIENTED_EDGE ( 'NONE', *, *, #38, .F. ) ;
#1223 = CIRCLE ( 'NONE', #1122, 9.750000000000001776 ) ;
#1224 = AXIS2_PLACEMENT_3D ( 'NONE', #1016, #641, #519 ) ;
#1225 = ORIENTED_EDGE ( 'NONE', *, *, #1010, .F. ) ;
#1226 = DIRECTION ( 'NONE',  ( 0.000000000000000000, 1.000000000000000000, 0.000000000000000000 ) ) ;
#1227 = FACE_BOUND ( 'NONE', #1273, .T. ) ;
#1228 = CARTESIAN_POINT ( 'NONE',  ( 0.000000000000000000, -56.64803615307418028, 0.000000000000000000 ) ) ;
#1229 = CARTESIAN_POINT ( 'NONE',  ( -14.84924240491757885, 0.000000000000000000, 16.94924240491742040 ) ) ;
#1230 = AXIS2_PLACEMENT_3D ( 'NONE', #424, #1420, #301 ) ;
#1231 = CYLINDRICAL_SURFACE ( 'NONE', #1326, 9.750000000000000000 ) ;
#1232 = EDGE_LOOP ( 'NONE', ( #1251, #456, #103, #374 ) ) ;
#1233 = ADVANCED_FACE ( 'NONE', ( #1091 ), #462, .F. ) ;
#1234 = ORIENTED_EDGE ( 'NONE', *, *, #1169, .F. ) ;
#1235 = DIRECTION ( 'NONE',  ( 0.000000000000000000, 1.000000000000000000, 0.000000000000000000 ) ) ;
#1236 = PERSON_AND_ORGANIZATION ( #398, #618 ) ;
#1237 = VERTEX_POINT ( 'NONE', #743 ) ;
#1238 = CARTESIAN_POINT ( 'NONE',  ( -14.64101615137753498, 20.00000000000000000, 60.00000000000003553 ) ) ;
#1239 = DIRECTION ( 'NONE',  ( -0.000000000000000000, 1.000000000000000000, -0.000000000000000000 ) ) ;
#1240 = VERTEX_POINT ( 'NONE', #1271 ) ;
#1241 = ORIENTED_EDGE ( 'NONE', *, *, #693, .T. ) ;
#1242 = FACE_BOUND ( 'NONE', #868, .T. ) ;
#1243 = EDGE_CURVE ( 'NONE', #291, #165, #1255, .T. ) ;
#1244 = CALENDAR_DATE ( 2026, 23, 7 ) ;
#1245 = ORIENTED_EDGE ( 'NONE', *, *, #274, .F. ) ;
#1246 = EDGE_CURVE ( 'NONE', #829, #1159, #1450, .T. ) ;
#1247 = DIRECTION ( 'NONE',  ( 0.000000000000000000, 1.000000000000000000, 0.000000000000000000 ) ) ;
#1248 = DIRECTION ( 'NONE',  ( -0.000000000000000000, 1.000000000000000000, -0.000000000000000000 ) ) ;
#1249 = ORIENTED_EDGE ( 'NONE', *, *, #233, .F. ) ;
#1250 = AXIS2_PLACEMENT_3D ( 'NONE', #1580, #95, #1589 ) ;
#1251 = ORIENTED_EDGE ( 'NONE', *, *, #1409, .T. ) ;
#1252 = CIRCLE ( 'NONE', #73, 2.100000000000000533 ) ;
#1253 = DIRECTION ( 'NONE',  ( -1.000000000000000000, 0.000000000000000000, 6.267179617026058410E-17 ) ) ;
#1254 = CARTESIAN_POINT ( 'NONE',  ( -14.84924240491757885, 0.000000000000000000, 14.84924240491742076 ) ) ;
#1255 = LINE ( 'NONE', #884, #809 ) ;
#1256 = EDGE_CURVE ( 'NONE', #396, #1525, #1398, .T. ) ;
#1257 = DIRECTION ( 'NONE',  ( -0.000000000000000000, 1.000000000000000000, -0.000000000000000000 ) ) ;
#1258 = ORIENTED_EDGE ( 'NONE', *, *, #870, .T. ) ;
#1259 = ORIENTED_EDGE ( 'NONE', *, *, #146, .T. ) ;
#1260 = DIRECTION ( 'NONE',  ( -0.000000000000000000, 1.000000000000000000, -0.000000000000000000 ) ) ;
#1261 = CYLINDRICAL_SURFACE ( 'NONE', #1093, 16.00000000000000000 ) ;
#1262 = FACE_OUTER_BOUND ( 'NONE', #494, .T. ) ;
#1263 = EDGE_CURVE ( 'NONE', #1104, #1591, #98, .T. ) ;
#1264 = CARTESIAN_POINT ( 'NONE',  ( 21.00000000000000000, 20.00000000000000000, 2.100000000000000533 ) ) ;
#1265 = ORIENTED_EDGE ( 'NONE', *, *, #1032, .T. ) ;
#1266 = ADVANCED_FACE ( 'NONE', ( #624 ), #1135, .T. ) ;
#1267 = ORIENTED_EDGE ( 'NONE', *, *, #468, .F. ) ;
#1268 = PLANE ( 'NONE',  #1583 ) ;
#1269 = DATE_TIME_ROLE ( 'creation_date' ) ;
#1270 = FACE_OUTER_BOUND ( 'NONE', #404, .T. ) ;
#1271 = CARTESIAN_POINT ( 'NONE',  ( 80.25000000000000000, 20.00000000000000000, 20.00000000000001066 ) ) ;
#1272 = FACE_OUTER_BOUND ( 'NONE', #360, .T. ) ;
#1273 = EDGE_LOOP ( 'NONE', ( #1145, #102 ) ) ;
#1274 = EDGE_CURVE ( 'NONE', #287, #1029, #1478, .T. ) ;
#1275 = ORIENTED_EDGE ( 'NONE', *, *, #907, .T. ) ;
#1276 = AXIS2_PLACEMENT_3D ( 'NONE', #194, #682, #1044 ) ;
#1277 = AXIS2_PLACEMENT_3D ( 'NONE', #735, #718, #84 ) ;
#1278 = DIRECTION ( 'NONE',  ( 0.000000000000000000, 0.000000000000000000, 1.000000000000000000 ) ) ;
#1279 = AXIS2_PLACEMENT_3D ( 'NONE', #585, #844, #1334 ) ;
#1280 = DIRECTION ( 'NONE',  ( 0.000000000000000000, 0.000000000000000000, 1.000000000000000000 ) ) ;
#1281 = FACE_OUTER_BOUND ( 'NONE', #186, .T. ) ;
#1282 = ORIENTED_EDGE ( 'NONE', *, *, #1599, .F. ) ;
#1283 = ORIENTED_EDGE ( 'NONE', *, *, #1391, .T. ) ;
#1284 = EDGE_CURVE ( 'NONE', #387, #680, #1582, .T. ) ;
#1285 = CARTESIAN_POINT ( 'NONE',  ( -14.84924240491737102, 20.00000000000000000, -16.94924240491763712 ) ) ;
#1286 = CARTESIAN_POINT ( 'NONE',  ( 37.00000000000000000, 20.00000000000000000, -10.00000000000000000 ) ) ;
#1287 = CARTESIAN_POINT ( 'NONE',  ( 34.64101615137754209, 20.00000000000000000, 20.00000000000001421 ) ) ;
#1288 = ORIENTED_EDGE ( 'NONE', *, *, #1357, .T. ) ;
#1289 = ORIENTED_EDGE ( 'NONE', *, *, #1115, .F. ) ;
#1290 = APPROVAL ( #646, 'UNSPECIFIED' ) ;
#1291 = LINE ( 'NONE', #818, #620 ) ;
#1292 = CARTESIAN_POINT ( 'NONE',  ( 2.199633243471174140E-13, 20.00000000000000000, -20.99999999999999645 ) ) ;
#1293 = APPROVAL ( #485, 'UNSPECIFIED' ) ;
#1294 = EDGE_CURVE ( 'NONE', #1237, #1009, #1375, .T. ) ;
#1295 = CARTESIAN_POINT ( 'NONE',  ( -80.25000000000000000, 20.00000000000000000, -19.99999999999998579 ) ) ;
#1296 = ORIENTED_EDGE ( 'NONE', *, *, #551, .T. ) ;
#1297 = ORIENTED_EDGE ( 'NONE', *, *, #133, .F. ) ;
#1298 = DIRECTION ( 'NONE',  ( 1.000000000000000000, -0.000000000000000000, 3.273063162220390942E-17 ) ) ;
#1299 = CIRCLE ( 'NONE', #859, 19.99999999999999645 ) ;
#1300 = DIRECTION ( 'NONE',  ( -0.000000000000000000, -1.000000000000000000, -0.000000000000000000 ) ) ;
#1301 = AXIS2_PLACEMENT_3D ( 'NONE', #151, #650, #1156 ) ;
#1302 = AXIS2_PLACEMENT_3D ( 'NONE', #1460, #710, #1103 ) ;
#1303 = EDGE_CURVE ( 'NONE', #1208, #1443, #393, .T. ) ;
#1304 = CARTESIAN_POINT ( 'NONE',  ( 21.00000000000000000, -5.939696961967007027, 2.100000000000000533 ) ) ;
#1305 = EDGE_LOOP ( 'NONE', ( #1312, #1358, #603, #719 ) ) ;
#1306 = ORIENTED_EDGE ( 'NONE', *, *, #90, .T. ) ;
#1307 = AXIS2_PLACEMENT_3D ( 'NONE', #690, #295, #169 ) ;
#1308 = CARTESIAN_POINT ( 'NONE',  ( 14.84924240491768188, 20.00000000000000000, -16.94924240491731737 ) ) ;
#1309 = CIRCLE ( 'NONE', #1563, 16.00000000000000000 ) ;
#1310 = CARTESIAN_POINT ( 'NONE',  ( 80.25000000000000000, 0.000000000000000000, 10.25000000000000888 ) ) ;
#1311 = CARTESIAN_POINT ( 'NONE',  ( 34.64101615137754209, 20.00000000000000000, 60.00000000000001421 ) ) ;
#1312 = ORIENTED_EDGE ( 'NONE', *, *, #1243, .F. ) ;
#1313 = ADVANCED_FACE ( 'NONE', ( #161 ), #527, .F. ) ;
#1314 = ORIENTED_EDGE ( 'NONE', *, *, #674, .T. ) ;
#1315 = CARTESIAN_POINT ( 'NONE',  ( -21.00000000000000000, 20.00000000000000000, -1.466422162314116009E-13 ) ) ;
#1316 = DIRECTION ( 'NONE',  ( 0.000000000000000000, 0.000000000000000000, 1.000000000000000000 ) ) ;
#1317 = DIRECTION ( 'NONE',  ( 0.000000000000000000, 0.000000000000000000, 1.000000000000000000 ) ) ;
#1318 = ORIENTED_EDGE ( 'NONE', *, *, #543, .F. ) ;
#1319 = VERTEX_POINT ( 'NONE', #999 ) ;
#1320 = ADVANCED_FACE ( 'NONE', ( #1262 ), #364, .F. ) ;
#1321 = ORIENTED_EDGE ( 'NONE', *, *, #1138, .T. ) ;
#1322 = CARTESIAN_POINT ( 'NONE',  ( 2.199633243471174140E-13, -5.939696961967007027, -20.99999999999999645 ) ) ;
#1323 = CARTESIAN_POINT ( 'NONE',  ( 14.64101615137754919, 20.00000000000000000, 60.00000000000002132 ) ) ;
#1324 = DIRECTION ( 'NONE',  ( 0.000000000000000000, 0.000000000000000000, -1.000000000000000000 ) ) ;
#1325 = CIRCLE ( 'NONE', #1535, 2.100000000000000977 ) ;
#1326 = AXIS2_PLACEMENT_3D ( 'NONE', #744, #1118, #877 ) ;
#1327 = ORIENTED_EDGE ( 'NONE', *, *, #1489, .T. ) ;
#1328 = ORIENTED_EDGE ( 'NONE', *, *, #854, .F. ) ;
#1329 = CARTESIAN_POINT ( 'NONE',  ( -14.84924240491737102, 20.00000000000000000, -12.74924240491763072 ) ) ;
#1330 = DIRECTION ( 'NONE',  ( 1.000000000000000000, 0.000000000000000000, 6.267179617026058410E-17 ) ) ;
#1331 = CARTESIAN_POINT ( 'NONE',  ( 2.199633243471174140E-13, 0.000000000000000000, -18.89999999999999503 ) ) ;
#1332 = ORIENTED_EDGE ( 'NONE', *, *, #1179, .F. ) ;
#1333 = DIRECTION ( 'NONE',  ( -0.000000000000000000, 1.000000000000000000, -0.000000000000000000 ) ) ;
#1334 = DIRECTION ( 'NONE',  ( 0.000000000000000000, 0.000000000000000000, 1.000000000000000000 ) ) ;
#1335 = EDGE_CURVE ( 'NONE', #984, #705, #1486, .T. ) ;
#1336 = DIRECTION ( 'NONE',  ( 0.000000000000000000, -1.000000000000000000, 0.000000000000000000 ) ) ;
#1337 = LINE ( 'NONE', #221, #1045 ) ;
#1338 = ORIENTED_EDGE ( 'NONE', *, *, #1049, .T. ) ;
#1339 = ORIENTED_EDGE ( 'NONE', *, *, #836, .F. ) ;
#1340 = DIRECTION ( 'NONE',  ( -0.000000000000000000, -1.000000000000000000, -0.000000000000000000 ) ) ;
#1341 = DIRECTION ( 'NONE',  ( 0.000000000000000000, 0.000000000000000000, 1.000000000000000000 ) ) ;
#1342 = CYLINDRICAL_SURFACE ( 'NONE', #256, 16.00000000000000000 ) ;
#1343 = DIRECTION ( 'NONE',  ( 0.000000000000000000, 0.000000000000000000, 1.000000000000000000 ) ) ;
#1344 = AXIS2_PLACEMENT_3D ( 'NONE', #1389, #405, #1278 ) ;
#1345 = EDGE_CURVE ( 'NONE', #260, #945, #652, .T. ) ;
#1346 = CARTESIAN_POINT ( 'NONE',  ( -90.00000000000000000, 20.00000000000000000, -10.24999999999998401 ) ) ;
#1347 = ORIENTED_EDGE ( 'NONE', *, *, #365, .F. ) ;
#1348 = AXIS2_PLACEMENT_3D ( 'NONE', #673, #1168, #1425 ) ;
#1349 = AXIS2_PLACEMENT_3D ( 'NONE', #153, #923, #15 ) ;
#1350 = ORIENTED_EDGE ( 'NONE', *, *, #804, .T. ) ;
#1351 = DIRECTION ( 'NONE',  ( -0.000000000000000000, -0.000000000000000000, -1.000000000000000000 ) ) ;
#1352 = DIRECTION ( 'NONE',  ( -6.267179617026058410E-17, 0.000000000000000000, 1.000000000000000000 ) ) ;
#1353 = ORIENTED_EDGE ( 'NONE', *, *, #1436, .F. ) ;
#1354 = CARTESIAN_POINT ( 'NONE',  ( -34.64101615137755630, 20.00000000000000000, -19.99999999999999289 ) ) ;
#1355 = CIRCLE ( 'NONE', #871, 2.099999999999997868 ) ;
#1356 = CARTESIAN_POINT ( 'NONE',  ( -7.332110811570580046E-14, 0.000000000000000000, 21.00000000000000000 ) ) ;
#1357 = EDGE_CURVE ( 'NONE', #698, #994, #265, .T. ) ;
#1358 = ORIENTED_EDGE ( 'NONE', *, *, #219, .T. ) ;
#1359 = EDGE_CURVE ( 'NONE', #1415, #387, #1390, .T. ) ;
#1360 = VERTEX_POINT ( 'NONE', #1128 ) ;
#1361 = FACE_BOUND ( 'NONE', #481, .T. ) ;
#1362 = COORDINATED_UNIVERSAL_TIME_OFFSET ( 3, 30, .AHEAD. ) ;
#1363 = VERTEX_POINT ( 'NONE', #6 ) ;
#1364 = DIRECTION ( 'NONE',  ( 0.000000000000000000, 0.000000000000000000, 1.000000000000000000 ) ) ;
#1365 = CARTESIAN_POINT ( 'NONE',  ( 90.00000000000000000, 20.00000000000000000, -19.99999999999998224 ) ) ;
#1366 = ORIENTED_EDGE ( 'NONE', *, *, #447, .T. ) ;
#1367 = ORIENTED_EDGE ( 'NONE', *, *, #509, .T. ) ;
#1368 = PLANE ( 'NONE',  #944 ) ;
#1369 = ADVANCED_FACE ( 'NONE', ( #1494 ), #775, .F. ) ;
#1370 = LINE ( 'NONE', #288, #1219 ) ;
#1371 = CARTESIAN_POINT ( 'NONE',  ( -34.64101615137754209, 0.000000000000000000, 20.00000000000001421 ) ) ;
#1372 = LINE ( 'NONE', #275, #1385 ) ;
#1373 = EDGE_LOOP ( 'NONE', ( #112, #725, #183, #1215 ) ) ;
#1374 = VECTOR ( 'NONE', #630, 1000.000000000000000 ) ;
#1375 = CIRCLE ( 'NONE', #1024, 9.750000000000000000 ) ;
#1376 = EDGE_LOOP ( 'NONE', ( #800, #466, #789, #324 ) ) ;
#1377 = CIRCLE ( 'NONE', #460, 2.100000000000000977 ) ;
#1378 = FACE_OUTER_BOUND ( 'NONE', #1232, .T. ) ;
#1379 = PERSON_AND_ORGANIZATION ( #398, #618 ) ;
#1380 = EDGE_CURVE ( 'NONE', #412, #607, #783, .T. ) ;
#1381 = CARTESIAN_POINT ( 'NONE',  ( -21.00000000000000000, -5.939696961967007027, -1.466422162314116009E-13 ) ) ;
#1382 = CARTESIAN_POINT ( 'NONE',  ( 14.84924240491768188, -5.939696961967007027, -12.74924240491732164 ) ) ;
#1383 = LINE ( 'NONE', #267, #903 ) ;
#1384 = ORIENTED_EDGE ( 'NONE', *, *, #951, .T. ) ;
#1385 = VECTOR ( 'NONE', #258, 1000.000000000000000 ) ;
#1386 = VERTEX_POINT ( 'NONE', #255 ) ;
#1387 = CYLINDRICAL_SURFACE ( 'NONE', #1451, 2.099999999999999645 ) ;
#1388 = APPROVAL_ROLE ( '' ) ;
#1389 = CARTESIAN_POINT ( 'NONE',  ( -7.332110811570580046E-14, 20.00000000000000000, 21.00000000000000000 ) ) ;
#1390 = LINE ( 'NONE', #273, #946 ) ;
#1391 = EDGE_CURVE ( 'NONE', #473, #671, #355, .T. ) ;
#1392 = EDGE_CURVE ( 'NONE', #1562, #1386, #1223, .T. ) ;
#1393 = CYLINDRICAL_SURFACE ( 'NONE', #1349, 40.00000000000000000 ) ;
#1394 = ORIENTED_EDGE ( 'NONE', *, *, #185, .F. ) ;
#1395 = ORIENTED_EDGE ( 'NONE', *, *, #428, .T. ) ;
#1396 = DIRECTION ( 'NONE',  ( 1.000000000000000000, 0.000000000000000000, 0.000000000000000000 ) ) ;
#1397 = DIRECTION ( 'NONE',  ( 0.000000000000000000, 0.000000000000000000, 1.000000000000000000 ) ) ;
#1398 = LINE ( 'NONE', #1006, #459 ) ;
#1399 = DIRECTION ( 'NONE',  ( 0.000000000000000000, 0.000000000000000000, 1.000000000000000000 ) ) ;
#1400 = EDGE_LOOP ( 'NONE', ( #606, #449 ) ) ;
#1401 = ADVANCED_FACE ( 'NONE', ( #803 ), #315, .F. ) ;
#1402 = ORIENTED_EDGE ( 'NONE', *, *, #377, .T. ) ;
#1403 = VECTOR ( 'NONE', #359, 1000.000000000000000 ) ;
#1404 = CARTESIAN_POINT ( 'NONE',  ( 0.000000000000000000, 0.000000000000000000, -40.00000000000000000 ) ) ;
#1405 = VECTOR ( 'NONE', #345, 1000.000000000000000 ) ;
#1406 = CARTESIAN_POINT ( 'NONE',  ( 37.00000000000000000, -56.64803615307418028, 10.00000000000000000 ) ) ;
#1407 = PLANE ( 'NONE',  #163 ) ;
#1408 = VERTEX_POINT ( 'NONE', #950 ) ;
#1409 = EDGE_CURVE ( 'NONE', #984, #155, #518, .T. ) ;
#1410 = ORIENTED_EDGE ( 'NONE', *, *, #1303, .F. ) ;
#1411 = EDGE_CURVE ( 'NONE', #795, #924, #863, .T. ) ;
#1412 = DIRECTION ( 'NONE',  ( -0.000000000000000000, 1.000000000000000000, -0.000000000000000000 ) ) ;
#1413 = DIRECTION ( 'NONE',  ( 0.000000000000000000, 0.000000000000000000, 1.000000000000000000 ) ) ;
#1414 = CARTESIAN_POINT ( 'NONE',  ( 14.84924240491747582, 0.000000000000000000, 16.94924240491752343 ) ) ;
#1415 = VERTEX_POINT ( 'NONE', #1065 ) ;
#1416 = ORIENTED_EDGE ( 'NONE', *, *, #101, .T. ) ;
#1417 = DIRECTION ( 'NONE',  ( -1.000000000000000000, 0.000000000000000000, 0.000000000000000000 ) ) ;
#1418 = ADVANCED_FACE ( 'NONE', ( #929 ), #798, .F. ) ;
#1419 = DIRECTION ( 'NONE',  ( -0.000000000000000000, -1.000000000000000000, -0.000000000000000000 ) ) ;
#1420 = DIRECTION ( 'NONE',  ( 0.000000000000000000, 1.000000000000000000, 0.000000000000000000 ) ) ;
#1421 = ORIENTED_EDGE ( 'NONE', *, *, #31, .F. ) ;
#1422 = VERTEX_POINT ( 'NONE', #532 ) ;
#1423 = CARTESIAN_POINT ( 'NONE',  ( 80.25000000000000000, 0.000000000000000000, -19.99999999999998579 ) ) ;
#1424 = AXIS2_PLACEMENT_3D ( 'NONE', #131, #1499, #764 ) ;
#1425 = DIRECTION ( 'NONE',  ( 0.000000000000000000, 0.000000000000000000, 1.000000000000000000 ) ) ;
#1426 = EDGE_CURVE ( 'NONE', #1591, #1104, #895, .T. ) ;
#1427 = VECTOR ( 'NONE', #653, 1000.000000000000000 ) ;
#1428 = DIRECTION ( 'NONE',  ( 0.000000000000000000, 0.000000000000000000, 1.000000000000000000 ) ) ;
#1429 = ORIENTED_EDGE ( 'NONE', *, *, #526, .T. ) ;
#1430 = ORIENTED_EDGE ( 'NONE', *, *, #1456, .T. ) ;
#1431 = CIRCLE ( 'NONE', #1230, 40.00000000000000000 ) ;
#1432 = LINE ( 'NONE', #1182, #1611 ) ;
#1433 = DIRECTION ( 'NONE',  ( 0.000000000000000000, 0.000000000000000000, 1.000000000000000000 ) ) ;
#1434 = CARTESIAN_POINT ( 'NONE',  ( -21.00000000000000000, 0.000000000000000000, -2.100000000000146638 ) ) ;
#1435 = CARTESIAN_POINT ( 'NONE',  ( 0.000000000000000000, 20.00000000000000000, -40.00000000000000000 ) ) ;
#1436 = EDGE_CURVE ( 'NONE', #1591, #552, #181, .T. ) ;
#1437 = VERTEX_POINT ( 'NONE', #1058 ) ;
#1438 = ORIENTED_EDGE ( 'NONE', *, *, #1577, .F. ) ;
#1439 = CARTESIAN_POINT ( 'NONE',  ( -14.64101615137754209, 20.00000000000000000, 40.00000000000002842 ) ) ;
#1440 = FACE_BOUND ( 'NONE', #754, .T. ) ;
#1441 = CARTESIAN_POINT ( 'NONE',  ( -7.332110811570580046E-14, -5.939696961967007027, 23.10000000000000142 ) ) ;
#1442 = ADVANCED_FACE ( 'NONE', ( #1183 ), #921, .F. ) ;
#1443 = VERTEX_POINT ( 'NONE', #294 ) ;
#1444 = ORIENTED_EDGE ( 'NONE', *, *, #266, .T. ) ;
#1445 = DIRECTION ( 'NONE',  ( 0.000000000000000000, 0.000000000000000000, 1.000000000000000000 ) ) ;
#1446 = SECURITY_CLASSIFICATION ( '', '', #756 ) ;
#1447 = LINE ( 'NONE', #732, #329 ) ;
#1448 = AXIS2_PLACEMENT_3D ( 'NONE', #1254, #392, #1014 ) ;
#1449 = PLANE ( 'NONE',  #179 ) ;
#1450 = CIRCLE ( 'NONE', #1506, 2.100000000000000977 ) ;
#1451 = AXIS2_PLACEMENT_3D ( 'NONE', #140, #747, #881 ) ;
#1452 = LINE ( 'NONE', #1346, #703 ) ;
#1453 = VERTEX_POINT ( 'NONE', #1286 ) ;
#1454 = ORIENTED_EDGE ( 'NONE', *, *, #1056, .F. ) ;
#1455 = CARTESIAN_POINT ( 'NONE',  ( -80.25000000000000000, 0.000000000000000000, -10.24999999999998401 ) ) ;
#1456 = EDGE_CURVE ( 'NONE', #552, #145, #50, .T. ) ;
#1457 = FACE_OUTER_BOUND ( 'NONE', #985, .T. ) ;
#1458 = VECTOR ( 'NONE', #1047, 1000.000000000000000 ) ;
#1459 = CARTESIAN_POINT ( 'NONE',  ( 1.959434878635765131E-15, 20.00000000000000000, -16.00000000000000000 ) ) ;
#1460 = CARTESIAN_POINT ( 'NONE',  ( -14.84924240491757885, 0.000000000000000000, 14.84924240491742076 ) ) ;
#1461 = ORIENTED_EDGE ( 'NONE', *, *, #1465, .T. ) ;
#1462 = VECTOR ( 'NONE', #452, 1000.000000000000000 ) ;
#1463 = CARTESIAN_POINT ( 'NONE',  ( -90.00000000000000000, 20.00000000000000000, 10.25000000000000888 ) ) ;
#1464 = DIRECTION ( 'NONE',  ( -0.000000000000000000, 1.000000000000000000, -0.000000000000000000 ) ) ;
#1465 = EDGE_CURVE ( 'NONE', #663, #977, #44, .T. ) ;
#1466 = VERTEX_POINT ( 'NONE', #538 ) ;
#1467 = DIRECTION ( 'NONE',  ( 3.273063162220390942E-17, 0.000000000000000000, 1.000000000000000000 ) ) ;
#1468 = DIRECTION ( 'NONE',  ( 0.000000000000000000, 0.000000000000000000, 1.000000000000000000 ) ) ;
#1469 = EDGE_LOOP ( 'NONE', ( #972, #1416, #887, #588 ) ) ;
#1470 = ORIENTED_EDGE ( 'NONE', *, *, #90, .F. ) ;
#1471 = LINE ( 'NONE', #352, #1175 ) ;
#1472 = CARTESIAN_POINT ( 'NONE',  ( -37.00000000000000000, 20.00000000000000000, 10.00000000000000000 ) ) ;
#1473 = CYLINDRICAL_SURFACE ( 'NONE', #486, 2.099999999999997868 ) ;
#1474 = EDGE_CURVE ( 'NONE', #1180, #712, #438, .T. ) ;
#1475 = CARTESIAN_POINT ( 'NONE',  ( 21.00000000000000000, -5.939696961967007027, 0.000000000000000000 ) ) ;
#1476 = AXIS2_PLACEMENT_3D ( 'NONE', #505, #658, #1023 ) ;
#1477 = EDGE_CURVE ( 'NONE', #215, #1507, #970, .T. ) ;
#1478 = CIRCLE ( 'NONE', #1068, 2.099999999999997868 ) ;
#1479 = DIRECTION ( 'NONE',  ( -0.000000000000000000, 1.000000000000000000, -0.000000000000000000 ) ) ;
#1480 = CIRCLE ( 'NONE', #1557, 2.100000000000000977 ) ;
#1481 = EDGE_LOOP ( 'NONE', ( #192, #268, #248, #408 ) ) ;
#1482 = ORIENTED_EDGE ( 'NONE', *, *, #1567, .T. ) ;
#1483 = CARTESIAN_POINT ( 'NONE',  ( 21.00000000000000000, -5.939696961967007027, -2.100000000000000533 ) ) ;
#1484 = CALENDAR_DATE ( 2026, 23, 7 ) ;
#1485 = EDGE_LOOP ( 'NONE', ( #685, #948 ) ) ;
#1486 = LINE ( 'NONE', #1382, #306 ) ;
#1487 = CARTESIAN_POINT ( 'NONE',  ( -21.00000000000000000, 20.00000000000000000, -1.466422162314116009E-13 ) ) ;
#1488 = ORIENTED_EDGE ( 'NONE', *, *, #1426, .F. ) ;
#1489 = EDGE_CURVE ( 'NONE', #1137, #412, #283, .T. ) ;
#1490 = VERTEX_POINT ( 'NONE', #548 ) ;
#1491 = LINE ( 'NONE', #1030, #156 ) ;
#1492 = PERSON_AND_ORGANIZATION ( #398, #618 ) ;
#1493 = DIRECTION ( 'NONE',  ( 0.000000000000000000, 0.000000000000000000, 1.000000000000000000 ) ) ;
#1494 = FACE_OUTER_BOUND ( 'NONE', #209, .T. ) ;
#1495 = CARTESIAN_POINT ( 'NONE',  ( 21.00000000000000000, 20.00000000000000000, 0.000000000000000000 ) ) ;
#1496 = ORIENTED_EDGE ( 'NONE', *, *, #845, .F. ) ;
#1497 = ADVANCED_FACE ( 'NONE', ( #1545 ), #65, .F. ) ;
#1498 = EDGE_LOOP ( 'NONE', ( #1296, #55, #247, #232 ) ) ;
#1499 = DIRECTION ( 'NONE',  ( 0.000000000000000000, 1.000000000000000000, 0.000000000000000000 ) ) ;
#1500 = DIRECTION ( 'NONE',  ( -0.000000000000000000, -0.000000000000000000, -1.000000000000000000 ) ) ;
#1501 = CARTESIAN_POINT ( 'NONE',  ( 80.25000000000000000, 20.00000000000000000, -10.24999999999998401 ) ) ;
#1502 = CARTESIAN_POINT ( 'NONE',  ( -34.64101615137754209, 20.00000000000000000, 20.00000000000001421 ) ) ;
#1503 = AXIS2_PLACEMENT_3D ( 'NONE', #1193, #64, #187 ) ;
#1504 = ORIENTED_EDGE ( 'NONE', *, *, #365, .T. ) ;
#1505 = CIRCLE ( 'NONE', #726, 2.099999999999997868 ) ;
#1506 = AXIS2_PLACEMENT_3D ( 'NONE', #1163, #34, #1364 ) ;
#1507 = VERTEX_POINT ( 'NONE', #1075 ) ;
#1508 = CIRCLE ( 'NONE', #810, 9.750000000000000000 ) ;
#1509 = CARTESIAN_POINT ( 'NONE',  ( 2.202205001749383553E-13, -5.939696961967007027, -23.09999999999999787 ) ) ;
#1510 = CARTESIAN_POINT ( 'NONE',  ( 90.00000000000000000, 0.000000000000000000, 9.999999999999998224 ) ) ;
#1511 = APPROVAL ( #904, 'UNSPECIFIED' ) ;
#1512 = ADVANCED_FACE ( 'NONE', ( #451 ), #1090, .F. ) ;
#1513 = DIRECTION ( 'NONE',  ( -0.000000000000000000, -1.000000000000000000, -0.000000000000000000 ) ) ;
#1514 = CARTESIAN_POINT ( 'NONE',  ( -34.64101615137754209, 20.00000000000000000, 20.00000000000001421 ) ) ;
#1515 = AXIS2_PLACEMENT_3D ( 'NONE', #1177, #1067, #316 ) ;
#1516 = ORIENTED_EDGE ( 'NONE', *, *, #1211, .F. ) ;
#1517 = ORIENTED_EDGE ( 'NONE', *, *, #1115, .T. ) ;
#1518 = FACE_BOUND ( 'NONE', #582, .T. ) ;
#1519 = DIRECTION ( 'NONE',  ( 0.000000000000000000, 0.000000000000000000, 1.000000000000000000 ) ) ;
#1520 = CARTESIAN_POINT ( 'NONE',  ( 21.00000000000000000, 0.000000000000000000, 0.000000000000000000 ) ) ;
#1521 = CARTESIAN_POINT ( 'NONE',  ( 14.64101615137753853, 0.000000000000000000, 40.00000000000001421 ) ) ;
#1522 = EDGE_CURVE ( 'NONE', #1158, #1319, #1325, .T. ) ;
#1523 = CARTESIAN_POINT ( 'NONE',  ( 90.00000000000000000, 20.00000000000000000, 9.999999999999998224 ) ) ;
#1524 = ORIENTED_EDGE ( 'NONE', *, *, #174, .T. ) ;
#1525 = VERTEX_POINT ( 'NONE', #211 ) ;
#1526 = DIRECTION ( 'NONE',  ( -0.000000000000000000, 1.000000000000000000, -0.000000000000000000 ) ) ;
#1527 = DIRECTION ( 'NONE',  ( -0.000000000000000000, -1.000000000000000000, -0.000000000000000000 ) ) ;
#1528 = EDGE_CURVE ( 'NONE', #937, #886, #445, .T. ) ;
#1529 = CARTESIAN_POINT ( 'NONE',  ( -21.00000000000000000, 0.000000000000000000, -1.466422162314116009E-13 ) ) ;
#1530 = VERTEX_POINT ( 'NONE', #974 ) ;
#1531 = EDGE_CURVE ( 'NONE', #924, #1098, #1447, .T. ) ;
#1532 = ADVANCED_FACE ( 'NONE', ( #1227, #1108, #322, #224, #826, #1440, #476, #595, #965, #987 ), #1204, .T. ) ;
#1533 = ORIENTED_EDGE ( 'NONE', *, *, #1303, .T. ) ;
#1534 = AXIS2_PLACEMENT_3D ( 'NONE', #537, #694, #796 ) ;
#1535 = AXIS2_PLACEMENT_3D ( 'NONE', #1572, #1217, #864 ) ;
#1536 = AXIS2_PLACEMENT_3D ( 'NONE', #1604, #483, #362 ) ;
#1537 = LINE ( 'NONE', #825, #700 ) ;
#1538 = CARTESIAN_POINT ( 'NONE',  ( 37.00000000000000000, 0.000000000000000000, -10.00000000000000000 ) ) ;
#1539 = LINE ( 'NONE', #814, #1458 ) ;
#1540 = EDGE_LOOP ( 'NONE', ( #1037, #1347, #1100, #926 ) ) ;
#1541 = VECTOR ( 'NONE', #562, 1000.000000000000000 ) ;
#1542 = EDGE_CURVE ( 'NONE', #1240, #1139, #678, .T. ) ;
#1543 = ORIENTED_EDGE ( 'NONE', *, *, #219, .F. ) ;
#1544 = PLANE ( 'NONE',  #759 ) ;
#1545 = FACE_OUTER_BOUND ( 'NONE', #745, .T. ) ;
#1546 = CYLINDRICAL_SURFACE ( 'NONE', #1515, 20.00000000000000000 ) ;
#1547 = EDGE_LOOP ( 'NONE', ( #627, #426, #1602, #223 ) ) ;
#1548 = ORIENTED_EDGE ( 'NONE', *, *, #558, .T. ) ;
#1549 = SHAPE_DEFINITION_REPRESENTATION ( #1046, #899 ) ;
#1550 = CARTESIAN_POINT ( 'NONE',  ( -37.00000000000000000, 0.000000000000000000, -10.00000000000000000 ) ) ;
#1551 = CARTESIAN_POINT ( 'NONE',  ( -14.84924240491737102, 0.000000000000000000, -14.84924240491763392 ) ) ;
#1552 = LINE ( 'NONE', #1304, #1541 ) ;
#1553 = ORIENTED_EDGE ( 'NONE', *, *, #778, .T. ) ;
#1554 = ORIENTED_EDGE ( 'NONE', *, *, #1008, .F. ) ;
#1555 = PRODUCT_DEFINITION_FORMATION_WITH_SPECIFIED_SOURCE ( 'ANY', '', #787, .NOT_KNOWN. ) ;
#1556 = LINE ( 'NONE', #927, #281 ) ;
#1557 = AXIS2_PLACEMENT_3D ( 'NONE', #996, #87, #104 ) ;
#1558 = CARTESIAN_POINT ( 'NONE',  ( 90.00000000000000000, -56.64803615307418028, 9.999999999999998224 ) ) ;
#1559 = AXIS2_PLACEMENT_3D ( 'NONE', #819, #1300, #554 ) ;
#1560 = CARTESIAN_POINT ( 'NONE',  ( -37.00000000000000000, -56.64803615307418028, 10.00000000000000000 ) ) ;
#1561 = VERTEX_POINT ( 'NONE', #980 ) ;
#1562 = VERTEX_POINT ( 'NONE', #81 ) ;
#1563 = AXIS2_PLACEMENT_3D ( 'NONE', #573, #555, #1428 ) ;
#1564 = VERTEX_POINT ( 'NONE', #578 ) ;
#1565 = CARTESIAN_POINT ( 'NONE',  ( -21.00000000000000000, 0.000000000000000000, 2.099999999999853095 ) ) ;
#1566 = DIRECTION ( 'NONE',  ( -0.000000000000000000, 1.000000000000000000, -0.000000000000000000 ) ) ;
#1567 = EDGE_CURVE ( 'NONE', #680, #1443, #461, .T. ) ;
#1568 = CARTESIAN_POINT ( 'NONE',  ( 14.84924240491768188, 0.000000000000000000, -12.74924240491732164 ) ) ;
#1569 = VERTEX_POINT ( 'NONE', #1083 ) ;
#1570 = ORIENTED_EDGE ( 'NONE', *, *, #693, .F. ) ;
#1571 = CARTESIAN_POINT ( 'NONE',  ( 2.199633243471174140E-13, 20.00000000000000000, -20.99999999999999645 ) ) ;
#1572 = CARTESIAN_POINT ( 'NONE',  ( 2.199633243471174140E-13, 0.000000000000000000, -20.99999999999999645 ) ) ;
#1573 = LINE ( 'NONE', #89, #1462 ) ;
#1574 = EDGE_CURVE ( 'NONE', #138, #1453, #331, .T. ) ;
#1575 = CARTESIAN_POINT ( 'NONE',  ( 34.64101615137755630, 0.000000000000000000, -19.99999999999999289 ) ) ;
#1576 = ORIENTED_EDGE ( 'NONE', *, *, #1211, .T. ) ;
#1577 = EDGE_CURVE ( 'NONE', #687, #343, #714, .T. ) ;
#1578 = ORIENTED_EDGE ( 'NONE', *, *, #266, .F. ) ;
#1579 = CARTESIAN_POINT ( 'NONE',  ( -34.64101615137755630, 20.00000000000000000, -19.99999999999999289 ) ) ;
#1580 = CARTESIAN_POINT ( 'NONE',  ( 0.000000000000000000, 20.00000000000000000, 0.000000000000000000 ) ) ;
#1581 = DIRECTION ( 'NONE',  ( -0.000000000000000000, -1.000000000000000000, -0.000000000000000000 ) ) ;
#1582 = CIRCLE ( 'NONE', #1609, 19.99999999999999645 ) ;
#1583 = AXIS2_PLACEMENT_3D ( 'NONE', #120, #262, #1124 ) ;
#1584 = DIRECTION ( 'NONE',  ( -0.000000000000000000, 0.000000000000000000, 1.000000000000000000 ) ) ;
#1585 = EDGE_LOOP ( 'NONE', ( #19, #1282, #234, #1289 ) ) ;
#1586 = ADVANCED_FACE ( 'NONE', ( #1457 ), #851, .T. ) ;
#1587 = ORIENTED_EDGE ( 'NONE', *, *, #665, .F. ) ;
#1588 = DIRECTION ( 'NONE',  ( 0.000000000000000000, 0.000000000000000000, 1.000000000000000000 ) ) ;
#1589 = DIRECTION ( 'NONE',  ( 0.000000000000000000, -0.000000000000000000, 1.000000000000000000 ) ) ;
#1590 = VECTOR ( 'NONE', #898, 1000.000000000000000 ) ;
#1591 = VERTEX_POINT ( 'NONE', #1194 ) ;
#1592 = FACE_OUTER_BOUND ( 'NONE', #616, .T. ) ;
#1593 = CARTESIAN_POINT ( 'NONE',  ( 0.000000000000000000, 0.000000000000000000, 16.00000000000000000 ) ) ;
#1594 = ORIENTED_EDGE ( 'NONE', *, *, #82, .F. ) ;
#1595 = DIRECTION ( 'NONE',  ( -1.880153885107817893E-16, 0.000000000000000000, 1.000000000000000000 ) ) ;
#1596 = EDGE_CURVE ( 'NONE', #705, #350, #1200, .T. ) ;
#1597 = LINE ( 'NONE', #1472, #358 ) ;
#1598 = DIRECTION ( 'NONE',  ( 0.000000000000000000, 0.000000000000000000, -1.000000000000000000 ) ) ;
#1599 = EDGE_CURVE ( 'NONE', #1525, #590, #1597, .T. ) ;
#1600 = LINE ( 'NONE', #1441, #369 ) ;
#1601 = DIRECTION ( 'NONE',  ( -0.000000000000000000, 1.000000000000000000, -0.000000000000000000 ) ) ;
#1602 = ORIENTED_EDGE ( 'NONE', *, *, #309, .T. ) ;
#1603 = EDGE_LOOP ( 'NONE', ( #711, #10 ) ) ;
#1604 = CARTESIAN_POINT ( 'NONE',  ( 14.84924240491747582, 0.000000000000000000, 14.84924240491752556 ) ) ;
#1605 = FACE_OUTER_BOUND ( 'NONE', #626, .T. ) ;
#1606 = DIRECTION ( 'NONE',  ( -0.000000000000000000, 1.000000000000000000, -0.000000000000000000 ) ) ;
#1607 = ADVANCED_FACE ( 'NONE', ( #74 ), #571, .F. ) ;
#1608 = VECTOR ( 'NONE', #1412, 1000.000000000000000 ) ;
#1609 = AXIS2_PLACEMENT_3D ( 'NONE', #1521, #1513, #516 ) ;
#1610 = FACE_OUTER_BOUND ( 'NONE', #9, .T. ) ;
#1611 = VECTOR ( 'NONE', #70, 1000.000000000000000 ) ;
#1612 = ORIENTED_EDGE ( 'NONE', *, *, #1169, .T. ) ;
ENDSEC;
END-ISO-10303-21;
