ISO-10303-21;
HEADER;
FILE_DESCRIPTION (( 'STEP AP203' ),
    '1' );
FILE_NAME ('Link3LShapeConnectorSide_Default_sldprt.STEP',
    '2026-07-23T12:35:03',
    ( '' ),
    ( '' ),
    'SwSTEP 2.0',
    'SolidWorks 2025',
    '' );
FILE_SCHEMA (( 'CONFIG_CONTROL_DESIGN' ));
ENDSEC;

DATA;
#1 = VECTOR ( 'NONE', #915, 1000.000000000000000 ) ;
#2 = DIRECTION ( 'NONE',  ( -0.000000000000000000, -1.000000000000000000, -0.000000000000000000 ) ) ;
#3 = ORIENTED_EDGE ( 'NONE', *, *, #285, .F. ) ;
#4 = EDGE_CURVE ( 'NONE', #534, #1028, #279, .T. ) ;
#5 = CYLINDRICAL_SURFACE ( 'NONE', #1188, 9.750000000000000000 ) ;
#6 = ORIENTED_EDGE ( 'NONE', *, *, #570, .F. ) ;
#7 = CARTESIAN_POINT ( 'NONE',  ( -90.00000000000000000, 0.000000000000000000, 10.25000000000000888 ) ) ;
#8 = CC_DESIGN_APPROVAL ( #362, ( #194 ) ) ;
#9 = DIRECTION ( 'NONE',  ( 0.000000000000000000, 0.000000000000000000, 1.000000000000000000 ) ) ;
#10 = VERTEX_POINT ( 'NONE', #731 ) ;
#11 = EDGE_CURVE ( 'NONE', #109, #1219, #596, .T. ) ;
#12 = CARTESIAN_POINT ( 'NONE',  ( -21.00000000000000000, 0.000000000000000000, -1.466422162314116009E-13 ) ) ;
#13 = EDGE_LOOP ( 'NONE', ( #1274, #225, #715, #880 ) ) ;
#14 = DIRECTION ( 'NONE',  ( -1.000000000000000000, 0.000000000000000000, -5.129334446905298846E-17 ) ) ;
#15 = DIRECTION ( 'NONE',  ( 0.000000000000000000, 0.000000000000000000, 1.000000000000000000 ) ) ;
#16 = AXIS2_PLACEMENT_3D ( 'NONE', #1307, #408, #520 ) ;
#17 = ORIENTED_EDGE ( 'NONE', *, *, #507, .T. ) ;
#18 = ORIENTED_EDGE ( 'NONE', *, *, #1442, .F. ) ;
#19 = LINE ( 'NONE', #1146, #1428 ) ;
#20 = ORIENTED_EDGE ( 'NONE', *, *, #1331, .F. ) ;
#21 = CARTESIAN_POINT ( 'NONE',  ( -14.84924240491757885, -5.939696961967007027, 14.84924240491742076 ) ) ;
#22 = EDGE_CURVE ( 'NONE', #55, #86, #849, .T. ) ;
#23 = LINE ( 'NONE', #490, #280 ) ;
#24 = ORIENTED_EDGE ( 'NONE', *, *, #325, .F. ) ;
#25 = VECTOR ( 'NONE', #274, 1000.000000000000000 ) ;
#26 = CIRCLE ( 'NONE', #1121, 2.100000000000000533 ) ;
#27 = FACE_OUTER_BOUND ( 'NONE', #300, .T. ) ;
#28 = VECTOR ( 'NONE', #209, 1000.000000000000000 ) ;
#29 = ORIENTED_EDGE ( 'NONE', *, *, #922, .F. ) ;
#30 = DIRECTION ( 'NONE',  ( -0.000000000000000000, -1.000000000000000000, -0.000000000000000000 ) ) ;
#31 = VECTOR ( 'NONE', #481, 1000.000000000000000 ) ;
#32 = CARTESIAN_POINT ( 'NONE',  ( 90.00000000000000000, 0.000000000000000000, -9.999999999999996447 ) ) ;
#33 = EDGE_CURVE ( 'NONE', #36, #900, #962, .T. ) ;
#34 = DIRECTION ( 'NONE',  ( -0.000000000000000000, -1.000000000000000000, -0.000000000000000000 ) ) ;
#35 = DIRECTION ( 'NONE',  ( 0.000000000000000000, 1.000000000000000000, 0.000000000000000000 ) ) ;
#36 = VERTEX_POINT ( 'NONE', #168 ) ;
#37 = DIRECTION ( 'NONE',  ( -0.000000000000000000, -1.000000000000000000, -0.000000000000000000 ) ) ;
#38 = CARTESIAN_POINT ( 'NONE',  ( -80.25000000000000000, 0.000000000000000000, -10.24999999999998224 ) ) ;
#39 = EDGE_CURVE ( 'NONE', #709, #1120, #743, .T. ) ;
#40 = CIRCLE ( 'NONE', #1003, 30.00000000000000000 ) ;
#41 = CARTESIAN_POINT ( 'NONE',  ( -7.332110811570580046E-14, 0.000000000000000000, 21.00000000000000000 ) ) ;
#42 = DIRECTION ( 'NONE',  ( -0.000000000000000000, 1.000000000000000000, -0.000000000000000000 ) ) ;
#43 = ORIENTED_EDGE ( 'NONE', *, *, #862, .T. ) ;
#44 = CARTESIAN_POINT ( 'NONE',  ( 90.00000000000000000, 20.00000000000000000, -10.24999999999998224 ) ) ;
#45 = DIRECTION ( 'NONE',  ( -0.000000000000000000, -1.000000000000000000, -0.000000000000000000 ) ) ;
#46 = CARTESIAN_POINT ( 'NONE',  ( -14.84924240491737102, 20.00000000000000000, -16.94924240491763712 ) ) ;
#47 = AXIS2_PLACEMENT_3D ( 'NONE', #796, #337, #1237 ) ;
#48 = ORIENTED_EDGE ( 'NONE', *, *, #1352, .T. ) ;
#49 = FACE_OUTER_BOUND ( 'NONE', #579, .T. ) ;
#50 = CARTESIAN_POINT ( 'NONE',  ( 14.84924240491747582, 20.00000000000000000, 16.94924240491752343 ) ) ;
#51 = FACE_OUTER_BOUND ( 'NONE', #899, .T. ) ;
#52 = PRODUCT ( 'Link3LShapeConnectorSide_Default_sldprt', 'Link3LShapeConnectorSide_Default_sldprt', '', ( #1069 ) ) ;
#53 = APPROVAL_DATE_TIME ( #417, #362 ) ;
#54 = EDGE_CURVE ( 'NONE', #789, #534, #176, .T. ) ;
#55 = VERTEX_POINT ( 'NONE', #1174 ) ;
#56 = CARTESIAN_POINT ( 'NONE',  ( -14.84924240491757885, 0.000000000000000000, 14.84924240491742076 ) ) ;
#57 = CARTESIAN_POINT ( 'NONE',  ( 30.00000000000000000, 20.00000000000000000, 10.00000000000000000 ) ) ;
#58 = CARTESIAN_POINT ( 'NONE',  ( 90.00000000000000000, 20.00000000000000000, -10.00000000000000000 ) ) ;
#59 = EDGE_LOOP ( 'NONE', ( #845, #267 ) ) ;
#60 = PERSON_AND_ORGANIZATION ( #62, #1221 ) ;
#61 = VECTOR ( 'NONE', #1119, 1000.000000000000000 ) ;
#62 = PERSON ( 'UNSPECIFIED', 'UNSPECIFIED', 'UNSPECIFIED', ('UNSPECIFIED'), ('UNSPECIFIED'), ('UNSPECIFIED') ) ;
#63 = VERTEX_POINT ( 'NONE', #755 ) ;
#64 = CARTESIAN_POINT ( 'NONE',  ( 2.199633243471174140E-13, 0.000000000000000000, -20.99999999999999645 ) ) ;
#65 = CARTESIAN_POINT ( 'NONE',  ( -90.00000000000000000, 0.000000000000000000, 20.00000000000001066 ) ) ;
#66 = ADVANCED_FACE ( 'NONE', ( #51 ), #1286, .T. ) ;
#67 = FACE_BOUND ( 'NONE', #924, .T. ) ;
#68 = DIRECTION ( 'NONE',  ( -0.000000000000000000, 0.000000000000000000, 1.000000000000000000 ) ) ;
#69 = ORIENTED_EDGE ( 'NONE', *, *, #1171, .T. ) ;
#70 = FACE_OUTER_BOUND ( 'NONE', #1218, .T. ) ;
#71 = CIRCLE ( 'NONE', #916, 2.100000000000002753 ) ;
#72 = CARTESIAN_POINT ( 'NONE',  ( -7.332110811570580046E-14, 20.00000000000000000, 21.00000000000000000 ) ) ;
#73 = AXIS2_PLACEMENT_3D ( 'NONE', #200, #781, #987 ) ;
#74 = EDGE_CURVE ( 'NONE', #165, #191, #407, .T. ) ;
#75 = CARTESIAN_POINT ( 'NONE',  ( -80.25000000000000000, 0.000000000000000000, 20.00000000000000711 ) ) ;
#76 = CC_DESIGN_APPROVAL ( #1213, ( #986 ) ) ;
#77 = ORIENTED_EDGE ( 'NONE', *, *, #479, .F. ) ;
#78 = LINE ( 'NONE', #1326, #1402 ) ;
#79 = DIRECTION ( 'NONE',  ( -0.000000000000000000, 1.000000000000000000, -0.000000000000000000 ) ) ;
#80 = DIRECTION ( 'NONE',  ( 0.000000000000000000, 0.000000000000000000, 1.000000000000000000 ) ) ;
#81 = VERTEX_POINT ( 'NONE', #641 ) ;
#82 = COORDINATED_UNIVERSAL_TIME_OFFSET ( 3, 30, .AHEAD. ) ;
#83 = ADVANCED_FACE ( 'NONE', ( #968, #863, #1081, #1390, #149, #1180, #724, #1395, #381, #1056 ), #376, .F. ) ;
#84 = ORIENTED_EDGE ( 'NONE', *, *, #1179, .F. ) ;
#85 = DIRECTION ( 'NONE',  ( 0.000000000000000000, -1.000000000000000000, 0.000000000000000000 ) ) ;
#86 = VERTEX_POINT ( 'NONE', #1401 ) ;
#87 = CARTESIAN_POINT ( 'NONE',  ( -21.00000000000000000, -5.939696961967007027, -1.466422162314116009E-13 ) ) ;
#88 = FACE_BOUND ( 'NONE', #1011, .T. ) ;
#89 = VERTEX_POINT ( 'NONE', #1062 ) ;
#90 = ORIENTED_EDGE ( 'NONE', *, *, #1233, .F. ) ;
#91 = EDGE_CURVE ( 'NONE', #1031, #687, #163, .T. ) ;
#92 = CARTESIAN_POINT ( 'NONE',  ( -22.36067977499791581, 0.000000000000000000, -19.99999999999997868 ) ) ;
#93 = AXIS2_PLACEMENT_3D ( 'NONE', #1220, #523, #1423 ) ;
#94 = ORIENTED_EDGE ( 'NONE', *, *, #1124, .F. ) ;
#95 = CARTESIAN_POINT ( 'NONE',  ( 22.36067977499790871, 0.000000000000000000, 19.99999999999998579 ) ) ;
#96 = CIRCLE ( 'NONE', #170, 9.749999999999998224 ) ;
#97 = CARTESIAN_POINT ( 'NONE',  ( -14.84924240491737102, 0.000000000000000000, -14.84924240491763392 ) ) ;
#98 = AXIS2_PLACEMENT_3D ( 'NONE', #1110, #436, #414 ) ;
#99 = ORIENTED_EDGE ( 'NONE', *, *, #691, .T. ) ;
#100 = CIRCLE ( 'NONE', #493, 2.099999999999999645 ) ;
#101 = AXIS2_PLACEMENT_3D ( 'NONE', #1029, #674, #348 ) ;
#102 = ORIENTED_EDGE ( 'NONE', *, *, #452, .F. ) ;
#103 = DIRECTION ( 'NONE',  ( -0.000000000000000000, 1.000000000000000000, -0.000000000000000000 ) ) ;
#104 = APPROVAL_PERSON_ORGANIZATION ( #878, #1213, #1308 ) ;
#105 = EDGE_CURVE ( 'NONE', #455, #673, #719, .T. ) ;
#106 = VERTEX_POINT ( 'NONE', #46 ) ;
#107 = DIRECTION ( 'NONE',  ( 0.000000000000000000, 1.000000000000000000, 0.000000000000000000 ) ) ;
#108 = CARTESIAN_POINT ( 'NONE',  ( -22.36067977499791581, 0.000000000000000000, -19.99999999999997868 ) ) ;
#109 = VERTEX_POINT ( 'NONE', #501 ) ;
#110 = VERTEX_POINT ( 'NONE', #949 ) ;
#111 = DIRECTION ( 'NONE',  ( 0.000000000000000000, 0.000000000000000000, 1.000000000000000000 ) ) ;
#112 = VECTOR ( 'NONE', #1184, 1000.000000000000000 ) ;
#113 = ORIENTED_EDGE ( 'NONE', *, *, #794, .T. ) ;
#114 = FACE_OUTER_BOUND ( 'NONE', #391, .T. ) ;
#115 = LINE ( 'NONE', #1010, #1087 ) ;
#116 = EDGE_CURVE ( 'NONE', #63, #1114, #842, .T. ) ;
#117 = ORIENTED_EDGE ( 'NONE', *, *, #558, .F. ) ;
#118 = DATE_TIME_ROLE ( 'classification_date' ) ;
#119 = FACE_OUTER_BOUND ( 'NONE', #370, .T. ) ;
#120 = ORIENTED_EDGE ( 'NONE', *, *, #837, .F. ) ;
#121 = FACE_OUTER_BOUND ( 'NONE', #522, .T. ) ;
#122 = VECTOR ( 'NONE', #814, 1000.000000000000000 ) ;
#123 = VECTOR ( 'NONE', #1059, 1000.000000000000000 ) ;
#124 = DIRECTION ( 'NONE',  ( 0.000000000000000000, 0.000000000000000000, 1.000000000000000000 ) ) ;
#125 = ORIENTED_EDGE ( 'NONE', *, *, #1124, .T. ) ;
#126 = ADVANCED_FACE ( 'NONE', ( #955 ), #388, .F. ) ;
#127 = AXIS2_PLACEMENT_3D ( 'NONE', #1149, #1365, #124 ) ;
#128 = AXIS2_PLACEMENT_3D ( 'NONE', #1193, #1222, #889 ) ;
#129 = CARTESIAN_POINT ( 'NONE',  ( 2.199633243471174140E-13, 0.000000000000000000, -20.99999999999999645 ) ) ;
#130 = ORIENTED_EDGE ( 'NONE', *, *, #718, .F. ) ;
#131 = CARTESIAN_POINT ( 'NONE',  ( -22.36067977499790871, 20.00000000000000000, 19.99999999999998579 ) ) ;
#132 = DIRECTION ( 'NONE',  ( 0.000000000000000000, 0.000000000000000000, -1.000000000000000000 ) ) ;
#133 = ORIENTED_EDGE ( 'NONE', *, *, #1352, .F. ) ;
#134 = AXIS2_PLACEMENT_3D ( 'NONE', #1060, #762, #896 ) ;
#135 = ADVANCED_FACE ( 'NONE', ( #791 ), #1321, .F. ) ;
#136 = CARTESIAN_POINT ( 'NONE',  ( 0.000000000000000000, 20.00000000000000000, 0.000000000000000000 ) ) ;
#137 = EDGE_CURVE ( 'NONE', #695, #486, #201, .T. ) ;
#138 = EDGE_LOOP ( 'NONE', ( #1021, #556 ) ) ;
#139 = LINE ( 'NONE', #1065, #633 ) ;
#140 = DIRECTION ( 'NONE',  ( 0.000000000000000000, 0.000000000000000000, 1.000000000000000000 ) ) ;
#141 = ORIENTED_EDGE ( 'NONE', *, *, #1246, .F. ) ;
#142 = VECTOR ( 'NONE', #331, 1000.000000000000000 ) ;
#143 = CYLINDRICAL_SURFACE ( 'NONE', #262, 30.00000000000000000 ) ;
#144 = EDGE_CURVE ( 'NONE', #1459, #1310, #940, .T. ) ;
#145 = ORIENTED_EDGE ( 'NONE', *, *, #74, .F. ) ;
#146 = CARTESIAN_POINT ( 'NONE',  ( -14.84924240491757885, -5.939696961967007027, 16.94924240491742040 ) ) ;
#147 = LINE ( 'NONE', #1299, #399 ) ;
#148 = CIRCLE ( 'NONE', #215, 9.750000000000000000 ) ;
#149 = FACE_BOUND ( 'NONE', #138, .T. ) ;
#150 = DIRECTION ( 'NONE',  ( 0.000000000000000000, -1.000000000000000000, 0.000000000000000000 ) ) ;
#151 = VECTOR ( 'NONE', #1103, 1000.000000000000000 ) ;
#152 = ORIENTED_EDGE ( 'NONE', *, *, #33, .F. ) ;
#153 = LINE ( 'NONE', #246, #609 ) ;
#154 = ADVANCED_FACE ( 'NONE', ( #763, #88, #446, #67, #552, #1342, #303, #988, #544, #1231 ), #769, .T. ) ;
#155 = CYLINDRICAL_SURFACE ( 'NONE', #134, 2.100000000000000533 ) ;
#156 = LOCAL_TIME ( 16, 5, 3.000000000000000000, #521 ) ;
#157 = DIRECTION ( 'NONE',  ( -0.000000000000000000, 1.000000000000000000, -0.000000000000000000 ) ) ;
#158 = FACE_OUTER_BOUND ( 'NONE', #1142, .T. ) ;
#159 = ORIENTED_EDGE ( 'NONE', *, *, #809, .T. ) ;
#160 = CARTESIAN_POINT ( 'NONE',  ( 0.000000000000000000, 20.00000000000000000, 0.000000000000000000 ) ) ;
#161 = DIRECTION ( 'NONE',  ( -0.000000000000000000, 1.000000000000000000, -0.000000000000000000 ) ) ;
#162 = EDGE_CURVE ( 'NONE', #1236, #304, #1334, .T. ) ;
#163 = LINE ( 'NONE', #612, #1160 ) ;
#164 = APPLICATION_PROTOCOL_DEFINITION ( 'international standard', 'config_control_design', 1994, #445 ) ;
#165 = VERTEX_POINT ( 'NONE', #675 ) ;
#166 = CARTESIAN_POINT ( 'NONE',  ( 21.00000000000000000, 0.000000000000000000, 0.000000000000000000 ) ) ;
#167 = PLANE ( 'NONE',  #1412 ) ;
#168 = CARTESIAN_POINT ( 'NONE',  ( 90.00000000000000000, 20.00000000000000000, -10.00000000000000000 ) ) ;
#169 = EDGE_CURVE ( 'NONE', #527, #664, #1172, .T. ) ;
#170 = AXIS2_PLACEMENT_3D ( 'NONE', #186, #536, #1444 ) ;
#171 = CARTESIAN_POINT ( 'NONE',  ( 2.199633243471174140E-13, 0.000000000000000000, -18.89999999999999503 ) ) ;
#172 = ORIENTED_EDGE ( 'NONE', *, *, #1325, .F. ) ;
#173 = AXIS2_PLACEMENT_3D ( 'NONE', #184, #1089, #422 ) ;
#174 = CARTESIAN_POINT ( 'NONE',  ( -90.00000000000000000, 20.00000000000000000, -10.00000000000000000 ) ) ;
#175 = FACE_OUTER_BOUND ( 'NONE', #1380, .T. ) ;
#176 = LINE ( 'NONE', #1417, #1205 ) ;
#177 = ORIENTED_EDGE ( 'NONE', *, *, #356, .F. ) ;
#178 = EDGE_CURVE ( 'NONE', #576, #480, #1434, .T. ) ;
#179 = APPROVAL_DATE_TIME ( #758, #1213 ) ;
#180 = ORIENTED_EDGE ( 'NONE', *, *, #315, .F. ) ;
#181 = EDGE_CURVE ( 'NONE', #36, #1456, #526, .T. ) ;
#182 = DIRECTION ( 'NONE',  ( 0.000000000000000000, 1.000000000000000000, 0.000000000000000000 ) ) ;
#183 = FACE_OUTER_BOUND ( 'NONE', #473, .T. ) ;
#184 = CARTESIAN_POINT ( 'NONE',  ( 2.199633243471174140E-13, -5.939696961967007027, -20.99999999999999645 ) ) ;
#185 = ORIENTED_EDGE ( 'NONE', *, *, #1140, .F. ) ;
#186 = CARTESIAN_POINT ( 'NONE',  ( 80.25000000000000000, 0.000000000000000000, 10.25000000000000533 ) ) ;
#187 = EDGE_CURVE ( 'NONE', #1052, #779, #891, .T. ) ;
#188 = CYLINDRICAL_SURFACE ( 'NONE', #1152, 2.100000000000000089 ) ;
#189 = DIRECTION ( 'NONE',  ( 0.000000000000000000, 1.000000000000000000, 0.000000000000000000 ) ) ;
#190 = VECTOR ( 'NONE', #1414, 1000.000000000000000 ) ;
#191 = VERTEX_POINT ( 'NONE', #653 ) ;
#192 = DIRECTION ( 'NONE',  ( -0.000000000000000000, -0.000000000000000000, -1.000000000000000000 ) ) ;
#193 = CYLINDRICAL_SURFACE ( 'NONE', #128, 2.099999999999997868 ) ;
#194 = PRODUCT_DEFINITION ( 'UNKNOWN', '', #986, #586 ) ;
#195 = CARTESIAN_POINT ( 'NONE',  ( -14.84924240491757885, 0.000000000000000000, 14.84924240491742076 ) ) ;
#196 = ORIENTED_EDGE ( 'NONE', *, *, #181, .F. ) ;
#197 = ORIENTED_EDGE ( 'NONE', *, *, #1007, .T. ) ;
#198 = CARTESIAN_POINT ( 'NONE',  ( -7.332110811570580046E-14, 20.00000000000000000, 23.10000000000000142 ) ) ;
#199 = CIRCLE ( 'NONE', #1202, 2.100000000000000089 ) ;
#200 = CARTESIAN_POINT ( 'NONE',  ( 2.199633243471174140E-13, 20.00000000000000000, -20.99999999999999645 ) ) ;
#201 = LINE ( 'NONE', #660, #611 ) ;
#202 = ORIENTED_EDGE ( 'NONE', *, *, #897, .T. ) ;
#203 = EDGE_CURVE ( 'NONE', #789, #1405, #993, .T. ) ;
#204 = PERSON_AND_ORGANIZATION ( #62, #1221 ) ;
#205 = VERTEX_POINT ( 'NONE', #75 ) ;
#206 = LINE ( 'NONE', #449, #1450 ) ;
#207 = VERTEX_POINT ( 'NONE', #1314 ) ;
#208 = LINE ( 'NONE', #1478, #416 ) ;
#209 = DIRECTION ( 'NONE',  ( -0.000000000000000000, 1.000000000000000000, -0.000000000000000000 ) ) ;
#210 = EDGE_LOOP ( 'NONE', ( #1257, #1036, #995, #1339 ) ) ;
#211 = APPROVAL_DATE_TIME ( #319, #266 ) ;
#212 = ADVANCED_FACE ( 'NONE', ( #538 ), #1441, .F. ) ;
#213 = EDGE_LOOP ( 'NONE', ( #483, #1372, #1116, #994 ) ) ;
#214 = CARTESIAN_POINT ( 'NONE',  ( 0.000000000000000000, 0.000000000000000000, 0.000000000000000000 ) ) ;
#215 = AXIS2_PLACEMENT_3D ( 'NONE', #244, #502, #832 ) ;
#216 = VERTEX_POINT ( 'NONE', #777 ) ;
#217 = DIRECTION ( 'NONE',  ( 0.000000000000000000, 0.000000000000000000, 1.000000000000000000 ) ) ;
#218 = VECTOR ( 'NONE', #498, 1000.000000000000000 ) ;
#219 = DIRECTION ( 'NONE',  ( 1.000000000000000000, 0.000000000000000000, 0.000000000000000000 ) ) ;
#220 = VECTOR ( 'NONE', #1217, 1000.000000000000000 ) ;
#221 = ORIENTED_EDGE ( 'NONE', *, *, #1068, .T. ) ;
#222 = ORIENTED_EDGE ( 'NONE', *, *, #1442, .T. ) ;
#223 = LINE ( 'NONE', #580, #1266 ) ;
#224 = EDGE_CURVE ( 'NONE', #282, #480, #871, .T. ) ;
#225 = ORIENTED_EDGE ( 'NONE', *, *, #116, .T. ) ;
#226 = CARTESIAN_POINT ( 'NONE',  ( 90.00000000000000000, 20.00000000000000000, 20.00000000000001066 ) ) ;
#227 = DIRECTION ( 'NONE',  ( -0.000000000000000000, 0.000000000000000000, 1.000000000000000000 ) ) ;
#228 = ORIENTED_EDGE ( 'NONE', *, *, #670, .F. ) ;
#229 = CARTESIAN_POINT ( 'NONE',  ( -22.36067977499790871, 20.00000000000000000, 19.99999999999998579 ) ) ;
#230 = VERTEX_POINT ( 'NONE', #884 ) ;
#231 = CARTESIAN_POINT ( 'NONE',  ( 90.00000000000000000, -63.24555320336758513, -10.00000000000000000 ) ) ;
#232 = EDGE_CURVE ( 'NONE', #929, #895, #309, .T. ) ;
#233 = DIRECTION ( 'NONE',  ( 1.000000000000000000, 0.000000000000000000, 5.129334446905298846E-17 ) ) ;
#234 = ORIENTED_EDGE ( 'NONE', *, *, #54, .T. ) ;
#235 = DIRECTION ( 'NONE',  ( -0.000000000000000000, 1.000000000000000000, -0.000000000000000000 ) ) ;
#236 = ORIENTED_EDGE ( 'NONE', *, *, #162, .F. ) ;
#237 = CARTESIAN_POINT ( 'NONE',  ( -22.36067977499791581, 20.00000000000000000, -19.99999999999997868 ) ) ;
#238 = VECTOR ( 'NONE', #1319, 1000.000000000000000 ) ;
#239 = EDGE_CURVE ( 'NONE', #929, #1015, #1004, .T. ) ;
#240 = DIRECTION ( 'NONE',  ( 0.000000000000000000, 0.000000000000000000, 1.000000000000000000 ) ) ;
#241 = VERTEX_POINT ( 'NONE', #460 ) ;
#242 = EDGE_CURVE ( 'NONE', #1071, #1318, #694, .T. ) ;
#243 = AXIS2_PLACEMENT_3D ( 'NONE', #1431, #525, #435 ) ;
#244 = CARTESIAN_POINT ( 'NONE',  ( 80.25000000000000000, 20.00000000000000000, -10.24999999999998224 ) ) ;
#245 = EDGE_LOOP ( 'NONE', ( #1225, #1438, #1002, #905 ) ) ;
#246 = CARTESIAN_POINT ( 'NONE',  ( 2.199633243471174140E-13, -5.939696961967007027, -18.89999999999999503 ) ) ;
#247 = CARTESIAN_POINT ( 'NONE',  ( -90.00000000000000000, 20.00000000000000000, -10.24999999999998224 ) ) ;
#248 = ORIENTED_EDGE ( 'NONE', *, *, #1035, .T. ) ;
#249 = AXIS2_PLACEMENT_3D ( 'NONE', #903, #699, #1470 ) ;
#250 = ORIENTED_EDGE ( 'NONE', *, *, #587, .T. ) ;
#251 = EDGE_CURVE ( 'NONE', #952, #1158, #1361, .T. ) ;
#252 = DIRECTION ( 'NONE',  ( 0.000000000000000000, 0.000000000000000000, 1.000000000000000000 ) ) ;
#253 = ORIENTED_EDGE ( 'NONE', *, *, #843, .T. ) ;
#254 = CARTESIAN_POINT ( 'NONE',  ( -14.84924240491757885, 20.00000000000000000, 12.74924240491742289 ) ) ;
#255 = FACE_OUTER_BOUND ( 'NONE', #418, .T. ) ;
#256 = VECTOR ( 'NONE', #295, 1000.000000000000000 ) ;
#257 = DIRECTION ( 'NONE',  ( 0.000000000000000000, -0.000000000000000000, 1.000000000000000000 ) ) ;
#258 = DIRECTION ( 'NONE',  ( 0.000000000000000000, 0.000000000000000000, 1.000000000000000000 ) ) ;
#259 = ORIENTED_EDGE ( 'NONE', *, *, #670, .T. ) ;
#260 = CARTESIAN_POINT ( 'NONE',  ( 0.000000000000000000, 0.000000000000000000, 0.000000000000000000 ) ) ;
#261 = DIRECTION ( 'NONE',  ( -0.000000000000000000, -1.000000000000000000, -0.000000000000000000 ) ) ;
#262 = AXIS2_PLACEMENT_3D ( 'NONE', #136, #1282, #603 ) ;
#263 = ORIENTED_EDGE ( 'NONE', *, *, #242, .T. ) ;
#264 = DIRECTION ( 'NONE',  ( 5.129334446905298846E-17, -0.000000000000000000, 1.000000000000000000 ) ) ;
#265 = AXIS2_PLACEMENT_3D ( 'NONE', #1455, #1328, #297 ) ;
#266 = APPROVAL ( #912, 'UNSPECIFIED' ) ;
#267 = ORIENTED_EDGE ( 'NONE', *, *, #239, .F. ) ;
#268 = PLANE ( 'NONE',  #439 ) ;
#269 = ADVANCED_FACE ( 'NONE', ( #1023 ), #482, .F. ) ;
#270 = PRODUCT_DEFINITION_SHAPE ( 'NONE', 'NONE',  #194 ) ;
#271 = FACE_OUTER_BOUND ( 'NONE', #1047, .T. ) ;
#272 = CARTESIAN_POINT ( 'NONE',  ( 0.000000000000000000, 0.000000000000000000, 0.000000000000000000 ) ) ;
#273 = AXIS2_PLACEMENT_3D ( 'NONE', #941, #948, #1387 ) ;
#274 = DIRECTION ( 'NONE',  ( 0.000000000000000000, 0.000000000000000000, -1.000000000000000000 ) ) ;
#275 = ORIENTED_EDGE ( 'NONE', *, *, #570, .T. ) ;
#276 = LINE ( 'NONE', #146, #1191 ) ;
#277 = DIRECTION ( 'NONE',  ( -0.000000000000000000, 1.000000000000000000, -0.000000000000000000 ) ) ;
#278 = EDGE_CURVE ( 'NONE', #81, #576, #803, .T. ) ;
#279 = LINE ( 'NONE', #634, #1085 ) ;
#280 = VECTOR ( 'NONE', #277, 1000.000000000000000 ) ;
#281 = COORDINATED_UNIVERSAL_TIME_OFFSET ( 3, 30, .AHEAD. ) ;
#282 = VERTEX_POINT ( 'NONE', #1264 ) ;
#283 = DIRECTION ( 'NONE',  ( -0.000000000000000000, 1.000000000000000000, -0.000000000000000000 ) ) ;
#284 = PLANE ( 'NONE',  #322 ) ;
#285 = EDGE_CURVE ( 'NONE', #706, #10, #917, .T. ) ;
#286 = CARTESIAN_POINT ( 'NONE',  ( -21.00000000000000000, -5.939696961967007027, -2.100000000000146638 ) ) ;
#287 = ORIENTED_EDGE ( 'NONE', *, *, #1216, .T. ) ;
#288 = CIRCLE ( 'NONE', #1026, 2.099999999999997868 ) ;
#289 = EDGE_CURVE ( 'NONE', #687, #374, #1097, .T. ) ;
#290 = AXIS2_PLACEMENT_3D ( 'NONE', #1348, #1284, #960 ) ;
#291 = COORDINATED_UNIVERSAL_TIME_OFFSET ( 3, 30, .AHEAD. ) ;
#292 = CIRCLE ( 'NONE', #1280, 2.100000000000000533 ) ;
#293 = ORIENTED_EDGE ( 'NONE', *, *, #794, .F. ) ;
#294 = VECTOR ( 'NONE', #219, 1000.000000000000000 ) ;
#295 = DIRECTION ( 'NONE',  ( -1.000000000000000000, 0.000000000000000000, -0.000000000000000000 ) ) ;
#296 = VECTOR ( 'NONE', #1453, 1000.000000000000000 ) ;
#297 = DIRECTION ( 'NONE',  ( 0.000000000000000000, 0.000000000000000000, 1.000000000000000000 ) ) ;
#298 = CARTESIAN_POINT ( 'NONE',  ( 0.000000000000000000, 0.000000000000000000, 0.000000000000000000 ) ) ;
#299 = EDGE_CURVE ( 'NONE', #977, #779, #468, .T. ) ;
#300 = EDGE_LOOP ( 'NONE', ( #976, #823, #582, #236 ) ) ;
#301 = DIRECTION ( 'NONE',  ( 0.000000000000000000, 0.000000000000000000, 1.000000000000000000 ) ) ;
#302 = CARTESIAN_POINT ( 'NONE',  ( -14.84924240491737102, -5.939696961967007027, -14.84924240491763392 ) ) ;
#303 = FACE_BOUND ( 'NONE', #1271, .T. ) ;
#304 = VERTEX_POINT ( 'NONE', #332 ) ;
#305 = PERSON_AND_ORGANIZATION ( #62, #1221 ) ;
#306 = EDGE_LOOP ( 'NONE', ( #1104, #858, #398, #830 ) ) ;
#307 = DIRECTION ( 'NONE',  ( 0.000000000000000000, 0.000000000000000000, 1.000000000000000000 ) ) ;
#308 = LINE ( 'NONE', #1313, #256 ) ;
#309 = LINE ( 'NONE', #783, #220 ) ;
#310 = VECTOR ( 'NONE', #85, 1000.000000000000000 ) ;
#311 = AXIS2_PLACEMENT_3D ( 'NONE', #260, #623, #510 ) ;
#312 = ORIENTED_EDGE ( 'NONE', *, *, #1133, .F. ) ;
#313 = CARTESIAN_POINT ( 'NONE',  ( 0.000000000000000000, 20.00000000000000000, 0.000000000000000000 ) ) ;
#314 = CARTESIAN_POINT ( 'NONE',  ( -90.00000000000000000, 0.000000000000000000, -19.99999999999998224 ) ) ;
#315 = EDGE_CURVE ( 'NONE', #1335, #491, #71, .T. ) ;
#316 = CARTESIAN_POINT ( 'NONE',  ( 30.00000000000000000, 0.000000000000000000, -10.00000000000000000 ) ) ;
#317 = ORIENTED_EDGE ( 'NONE', *, *, #644, .T. ) ;
#318 =( GEOMETRIC_REPRESENTATION_CONTEXT ( 3 ) GLOBAL_UNCERTAINTY_ASSIGNED_CONTEXT ( ( #1281 ) ) GLOBAL_UNIT_ASSIGNED_CONTEXT ( ( #886, #872, #989 ) ) REPRESENTATION_CONTEXT ( 'NONE', 'WORKASPACE' ) );
#319 = DATE_AND_TIME ( #669, #1101 ) ;
#320 = ORIENTED_EDGE ( 'NONE', *, *, #11, .F. ) ;
#321 = CARTESIAN_POINT ( 'NONE',  ( -14.84924240491737102, -5.939696961967007027, -16.94924240491763712 ) ) ;
#322 = AXIS2_PLACEMENT_3D ( 'NONE', #537, #1333, #1208 ) ;
#323 = ORIENTED_EDGE ( 'NONE', *, *, #974, .F. ) ;
#324 = DIRECTION ( 'NONE',  ( 0.000000000000000000, 0.000000000000000000, 1.000000000000000000 ) ) ;
#325 = EDGE_CURVE ( 'NONE', #1031, #1242, #365, .T. ) ;
#326 = DIRECTION ( 'NONE',  ( 0.000000000000000000, 1.000000000000000000, 0.000000000000000000 ) ) ;
#327 = ORIENTED_EDGE ( 'NONE', *, *, #837, .T. ) ;
#328 = ORIENTED_EDGE ( 'NONE', *, *, #1025, .T. ) ;
#329 = DIRECTION ( 'NONE',  ( 0.000000000000000000, 0.000000000000000000, 1.000000000000000000 ) ) ;
#330 = ORIENTED_EDGE ( 'NONE', *, *, #488, .T. ) ;
#331 = DIRECTION ( 'NONE',  ( -1.000000000000000000, 0.000000000000000000, 3.590534112833708514E-16 ) ) ;
#332 = CARTESIAN_POINT ( 'NONE',  ( 22.36067977499791581, 0.000000000000000000, -19.99999999999997868 ) ) ;
#333 = VERTEX_POINT ( 'NONE', #1030 ) ;
#334 = ADVANCED_BREP_SHAPE_REPRESENTATION ( 'Link3LShapeConnectorSide_Default_sldprt', ( #400, #395 ), #318 ) ;
#335 = EDGE_CURVE ( 'NONE', #1052, #680, #292, .T. ) ;
#336 = ORIENTED_EDGE ( 'NONE', *, *, #144, .T. ) ;
#337 = DIRECTION ( 'NONE',  ( -0.000000000000000000, 0.000000000000000000, -1.000000000000000000 ) ) ;
#338 = CIRCLE ( 'NONE', #1167, 2.100000000000000977 ) ;
#339 = ORIENTED_EDGE ( 'NONE', *, *, #756, .F. ) ;
#340 = DIRECTION ( 'NONE',  ( 0.000000000000000000, 1.000000000000000000, 0.000000000000000000 ) ) ;
#341 = CARTESIAN_POINT ( 'NONE',  ( 21.00000000000000000, -5.939696961967007027, -2.100000000000000533 ) ) ;
#342 = VECTOR ( 'NONE', #870, 1000.000000000000000 ) ;
#343 = EDGE_LOOP ( 'NONE', ( #1155, #1091, #1329, #1229 ) ) ;
#344 = VECTOR ( 'NONE', #543, 1000.000000000000000 ) ;
#345 = ADVANCED_FACE ( 'NONE', ( #562 ), #467, .T. ) ;
#346 = CARTESIAN_POINT ( 'NONE',  ( 2.202205001749383553E-13, 0.000000000000000000, -23.09999999999999787 ) ) ;
#347 = ORIENTED_EDGE ( 'NONE', *, *, #423, .T. ) ;
#348 = DIRECTION ( 'NONE',  ( 0.000000000000000000, 0.000000000000000000, 1.000000000000000000 ) ) ;
#349 = CARTESIAN_POINT ( 'NONE',  ( 14.84924240491747582, -5.939696961967007027, 14.84924240491752556 ) ) ;
#350 = ORIENTED_EDGE ( 'NONE', *, *, #433, .T. ) ;
#351 = AXIS2_PLACEMENT_3D ( 'NONE', #72, #640, #882 ) ;
#352 = DIRECTION ( 'NONE',  ( 0.000000000000000000, 0.000000000000000000, 1.000000000000000000 ) ) ;
#353 = EDGE_CURVE ( 'NONE', #1369, #1363, #827, .T. ) ;
#354 = EDGE_LOOP ( 'NONE', ( #484, #250, #1111, #120 ) ) ;
#355 = DIRECTION ( 'NONE',  ( -0.000000000000000000, 1.000000000000000000, -0.000000000000000000 ) ) ;
#356 = EDGE_CURVE ( 'NONE', #86, #770, #598, .T. ) ;
#357 = DIRECTION ( 'NONE',  ( -0.000000000000000000, 1.000000000000000000, -0.000000000000000000 ) ) ;
#358 = VERTEX_POINT ( 'NONE', #1358 ) ;
#359 = LINE ( 'NONE', #588, #25 ) ;
#360 = ORIENTED_EDGE ( 'NONE', *, *, #335, .T. ) ;
#361 = LINE ( 'NONE', #722, #123 ) ;
#362 = APPROVAL ( #1437, 'UNSPECIFIED' ) ;
#363 = VECTOR ( 'NONE', #235, 1000.000000000000000 ) ;
#364 = VECTOR ( 'NONE', #1258, 1000.000000000000000 ) ;
#365 = LINE ( 'NONE', #108, #1192 ) ;
#366 = ADVANCED_FACE ( 'NONE', ( #475 ), #818, .T. ) ;
#367 = ORIENTED_EDGE ( 'NONE', *, *, #242, .F. ) ;
#368 = ORIENTED_EDGE ( 'NONE', *, *, #289, .F. ) ;
#369 = CARTESIAN_POINT ( 'NONE',  ( -30.00000000000000000, 20.00000000000000000, 10.00000000000000000 ) ) ;
#370 = EDGE_LOOP ( 'NONE', ( #764, #1196, #1176, #1013 ) ) ;
#371 = AXIS2_PLACEMENT_3D ( 'NONE', #1139, #107, #811 ) ;
#372 = CARTESIAN_POINT ( 'NONE',  ( 90.00000000000000000, 20.00000000000000000, 10.25000000000000533 ) ) ;
#373 = LINE ( 'NONE', #835, #787 ) ;
#374 = VERTEX_POINT ( 'NONE', #247 ) ;
#375 = EDGE_CURVE ( 'NONE', #205, #695, #721, .T. ) ;
#376 = PLANE ( 'NONE',  #573 ) ;
#377 = CARTESIAN_POINT ( 'NONE',  ( -30.00000000000000000, 20.00000000000000000, -10.00000000000000000 ) ) ;
#378 = EDGE_LOOP ( 'NONE', ( #368, #465, #1429, #1189 ) ) ;
#379 = CYLINDRICAL_SURFACE ( 'NONE', #869, 2.099999999999997868 ) ;
#380 = CARTESIAN_POINT ( 'NONE',  ( 14.84924240491747582, 0.000000000000000000, 14.84924240491752556 ) ) ;
#381 = FACE_OUTER_BOUND ( 'NONE', #1024, .T. ) ;
#382 = CARTESIAN_POINT ( 'NONE',  ( -30.00000000000000000, 20.00000000000000000, 10.00000000000000000 ) ) ;
#383 = EDGE_CURVE ( 'NONE', #680, #977, #1474, .T. ) ;
#384 = ORIENTED_EDGE ( 'NONE', *, *, #1216, .F. ) ;
#385 = CARTESIAN_POINT ( 'NONE',  ( -90.00000000000000000, 20.00000000000000000, 10.25000000000000888 ) ) ;
#386 = DIRECTION ( 'NONE',  ( 0.000000000000000000, 1.000000000000000000, 0.000000000000000000 ) ) ;
#387 = CIRCLE ( 'NONE', #703, 6.299999999999999822 ) ;
#388 = CYLINDRICAL_SURFACE ( 'NONE', #757, 2.100000000000002753 ) ;
#389 = DIRECTION ( 'NONE',  ( 0.000000000000000000, 0.000000000000000000, 1.000000000000000000 ) ) ;
#390 = EDGE_CURVE ( 'NONE', #695, #952, #115, .T. ) ;
#391 = EDGE_LOOP ( 'NONE', ( #839, #1265, #568, #461 ) ) ;
#392 = DIRECTION ( 'NONE',  ( 0.000000000000000000, 0.000000000000000000, 1.000000000000000000 ) ) ;
#393 = CC_DESIGN_APPROVAL ( #266, ( #875 ) ) ;
#394 = DIRECTION ( 'NONE',  ( 0.000000000000000000, 0.000000000000000000, 1.000000000000000000 ) ) ;
#395 = AXIS2_PLACEMENT_3D ( 'NONE', #298, #1427, #540 ) ;
#396 = DIRECTION ( 'NONE',  ( -0.000000000000000000, 1.000000000000000000, -0.000000000000000000 ) ) ;
#397 = AXIS2_PLACEMENT_3D ( 'NONE', #1165, #1055, #1285 ) ;
#398 = ORIENTED_EDGE ( 'NONE', *, *, #162, .T. ) ;
#399 = VECTOR ( 'NONE', #954, 1000.000000000000000 ) ;
#400 = MANIFOLD_SOLID_BREP ( 'Cut-Extrude3', #1471 ) ;
#401 = PERSON_AND_ORGANIZATION_ROLE ( 'design_owner' ) ;
#402 = ORIENTED_EDGE ( 'NONE', *, *, #232, .T. ) ;
#403 = PLANE ( 'NONE',  #93 ) ;
#404 = ADVANCED_FACE ( 'NONE', ( #1241 ), #1394, .F. ) ;
#405 = CARTESIAN_POINT ( 'NONE',  ( -80.25000000000000000, 20.00000000000000000, -10.24999999999998224 ) ) ;
#406 = EDGE_CURVE ( 'NONE', #528, #55, #199, .T. ) ;
#407 = CIRCLE ( 'NONE', #860, 6.299999999999999822 ) ;
#408 = DIRECTION ( 'NONE',  ( 0.000000000000000000, -1.000000000000000000, 0.000000000000000000 ) ) ;
#409 = DATE_TIME_ROLE ( 'creation_date' ) ;
#410 = ORIENTED_EDGE ( 'NONE', *, *, #187, .T. ) ;
#411 = FACE_OUTER_BOUND ( 'NONE', #676, .T. ) ;
#412 = CYLINDRICAL_SURFACE ( 'NONE', #1420, 2.100000000000002753 ) ;
#413 = EDGE_CURVE ( 'NONE', #706, #1158, #499, .T. ) ;
#414 = DIRECTION ( 'NONE',  ( 0.000000000000000000, 0.000000000000000000, 1.000000000000000000 ) ) ;
#415 = CIRCLE ( 'NONE', #1240, 2.099999999999997868 ) ;
#416 = VECTOR ( 'NONE', #466, 1000.000000000000000 ) ;
#417 = DATE_AND_TIME ( #749, #1317 ) ;
#418 = EDGE_LOOP ( 'NONE', ( #1374, #828, #228, #804 ) ) ;
#419 = AXIS2_PLACEMENT_3D ( 'NONE', #349, #1141, #240 ) ;
#420 = CARTESIAN_POINT ( 'NONE',  ( 0.000000000000000000, 0.000000000000000000, -30.00000000000000000 ) ) ;
#421 = CARTESIAN_POINT ( 'NONE',  ( -22.36067977499790871, 0.000000000000000000, 19.99999999999998579 ) ) ;
#422 = DIRECTION ( 'NONE',  ( 0.000000000000000000, 0.000000000000000000, 1.000000000000000000 ) ) ;
#423 = EDGE_CURVE ( 'NONE', #528, #770, #147, .T. ) ;
#424 = PERSON_AND_ORGANIZATION ( #62, #1221 ) ;
#425 = EDGE_LOOP ( 'NONE', ( #102, #177 ) ) ;
#426 = DIRECTION ( 'NONE',  ( -0.000000000000000000, -1.000000000000000000, -0.000000000000000000 ) ) ;
#427 = CARTESIAN_POINT ( 'NONE',  ( 90.00000000000000000, 20.00000000000000000, -19.99999999999998224 ) ) ;
#428 = DIRECTION ( 'NONE',  ( 0.000000000000000000, 1.000000000000000000, 0.000000000000000000 ) ) ;
#429 = AXIS2_PLACEMENT_3D ( 'NONE', #739, #944, #1166 ) ;
#430 = CC_DESIGN_DATE_AND_TIME_ASSIGNMENT ( #564, #118, ( #875 ) ) ;
#431 = PLANE ( 'NONE',  #1032 ) ;
#432 = ORIENTED_EDGE ( 'NONE', *, *, #826, .F. ) ;
#433 = EDGE_CURVE ( 'NONE', #734, #1031, #567, .T. ) ;
#434 = CARTESIAN_POINT ( 'NONE',  ( 0.000000000000000000, 20.00000000000000000, 0.000000000000000000 ) ) ;
#435 = DIRECTION ( 'NONE',  ( 0.000000000000000000, 0.000000000000000000, 1.000000000000000000 ) ) ;
#436 = DIRECTION ( 'NONE',  ( -0.000000000000000000, -1.000000000000000000, -0.000000000000000000 ) ) ;
#437 = ORIENTED_EDGE ( 'NONE', *, *, #888, .F. ) ;
#438 = VECTOR ( 'NONE', #1476, 1000.000000000000000 ) ;
#439 = AXIS2_PLACEMENT_3D ( 'NONE', #606, #1045, #735 ) ;
#440 = ORIENTED_EDGE ( 'NONE', *, *, #11, .T. ) ;
#441 = CARTESIAN_POINT ( 'NONE',  ( 90.00000000000000000, 0.000000000000000000, -10.00000000000000000 ) ) ;
#442 = ADVANCED_FACE ( 'NONE', ( #271 ), #167, .T. ) ;
#443 = ORIENTED_EDGE ( 'NONE', *, *, #853, .F. ) ;
#444 = FACE_OUTER_BOUND ( 'NONE', #1413, .T. ) ;
#445 = APPLICATION_CONTEXT ( 'configuration controlled 3d designs of mechanical parts and assemblies' ) ;
#446 = FACE_BOUND ( 'NONE', #741, .T. ) ;
#447 = ORIENTED_EDGE ( 'NONE', *, *, #701, .F. ) ;
#448 = ORIENTED_EDGE ( 'NONE', *, *, #782, .F. ) ;
#449 = CARTESIAN_POINT ( 'NONE',  ( 22.36067977499791581, 20.00000000000000000, -19.99999999999997868 ) ) ;
#450 = ORIENTED_EDGE ( 'NONE', *, *, #383, .T. ) ;
#451 = DIRECTION ( 'NONE',  ( -0.000000000000000000, 1.000000000000000000, -0.000000000000000000 ) ) ;
#452 = EDGE_CURVE ( 'NONE', #770, #86, #967, .T. ) ;
#453 = DIRECTION ( 'NONE',  ( -0.000000000000000000, 1.000000000000000000, -0.000000000000000000 ) ) ;
#454 = ADVANCED_FACE ( 'NONE', ( #1157 ), #1416, .T. ) ;
#455 = VERTEX_POINT ( 'NONE', #1408 ) ;
#456 = EDGE_LOOP ( 'NONE', ( #1345, #1426, #327, #815 ) ) ;
#457 = CARTESIAN_POINT ( 'NONE',  ( 2.199633243471174140E-13, 20.00000000000000000, -18.89999999999999503 ) ) ;
#458 = ORIENTED_EDGE ( 'NONE', *, *, #862, .F. ) ;
#459 = DIRECTION ( 'NONE',  ( -0.000000000000000000, 0.000000000000000000, -1.000000000000000000 ) ) ;
#460 = CARTESIAN_POINT ( 'NONE',  ( 2.202205001749383553E-13, 20.00000000000000000, -23.09999999999999787 ) ) ;
#461 = ORIENTED_EDGE ( 'NONE', *, *, #1061, .F. ) ;
#462 = EDGE_CURVE ( 'NONE', #106, #1249, #624, .T. ) ;
#463 = CARTESIAN_POINT ( 'NONE',  ( 80.25000000000000000, 20.00000000000000000, -19.99999999999998224 ) ) ;
#464 = CIRCLE ( 'NONE', #532, 2.099999999999997868 ) ;
#465 = ORIENTED_EDGE ( 'NONE', *, *, #91, .F. ) ;
#466 = DIRECTION ( 'NONE',  ( 0.000000000000000000, -0.000000000000000000, -1.000000000000000000 ) ) ;
#467 = CYLINDRICAL_SURFACE ( 'NONE', #1349, 9.750000000000000000 ) ;
#468 = CIRCLE ( 'NONE', #127, 2.100000000000000533 ) ;
#469 = ORIENTED_EDGE ( 'NONE', *, *, #74, .T. ) ;
#470 = SECURITY_CLASSIFICATION_LEVEL ( 'unclassified' ) ;
#471 = ADVANCED_FACE ( 'NONE', ( #631 ), #600, .F. ) ;
#472 = CARTESIAN_POINT ( 'NONE',  ( 90.00000000000000000, 20.00000000000000000, -19.99999999999998224 ) ) ;
#473 = EDGE_LOOP ( 'NONE', ( #1272, #1232, #572, #1099 ) ) ;
#474 = CARTESIAN_POINT ( 'NONE',  ( -14.84924240491757885, 20.00000000000000000, 14.84924240491742076 ) ) ;
#475 = FACE_OUTER_BOUND ( 'NONE', #589, .T. ) ;
#476 = VERTEX_POINT ( 'NONE', #32 ) ;
#477 = CC_DESIGN_PERSON_AND_ORGANIZATION_ASSIGNMENT ( #1226, #1012, ( #875 ) ) ;
#478 = CARTESIAN_POINT ( 'NONE',  ( -14.84924240491757885, 20.00000000000000000, 14.84924240491742076 ) ) ;
#479 = EDGE_CURVE ( 'NONE', #576, #81, #768, .T. ) ;
#480 = VERTEX_POINT ( 'NONE', #50 ) ;
#481 = DIRECTION ( 'NONE',  ( -0.000000000000000000, 1.000000000000000000, -0.000000000000000000 ) ) ;
#482 = CYLINDRICAL_SURFACE ( 'NONE', #419, 2.099999999999997868 ) ;
#483 = ORIENTED_EDGE ( 'NONE', *, *, #817, .F. ) ;
#484 = ORIENTED_EDGE ( 'NONE', *, *, #1105, .T. ) ;
#485 = DIRECTION ( 'NONE',  ( -0.000000000000000000, 1.000000000000000000, -0.000000000000000000 ) ) ;
#486 = VERTEX_POINT ( 'NONE', #519 ) ;
#487 = DIRECTION ( 'NONE',  ( 0.000000000000000000, 0.000000000000000000, 1.000000000000000000 ) ) ;
#488 = EDGE_CURVE ( 'NONE', #165, #1219, #23, .T. ) ;
#489 = VECTOR ( 'NONE', #1407, 1000.000000000000000 ) ;
#490 = CARTESIAN_POINT ( 'NONE',  ( 0.000000000000000000, -63.24555320336758513, 6.299999999999999822 ) ) ;
#491 = VERTEX_POINT ( 'NONE', #745 ) ;
#492 = DIRECTION ( 'NONE',  ( -0.000000000000000000, -0.000000000000000000, -1.000000000000000000 ) ) ;
#493 = AXIS2_PLACEMENT_3D ( 'NONE', #992, #980, #1214 ) ;
#494 = APPLICATION_CONTEXT ( 'configuration controlled 3d designs of mechanical parts and assemblies' ) ;
#495 = DIRECTION ( 'NONE',  ( 1.000000000000000000, 0.000000000000000000, -5.129334446905298846E-17 ) ) ;
#496 = ORIENTED_EDGE ( 'NONE', *, *, #39, .T. ) ;
#497 = APPROVAL_PERSON_ORGANIZATION ( #204, #266, #677 ) ;
#498 = DIRECTION ( 'NONE',  ( -0.000000000000000000, 1.000000000000000000, -0.000000000000000000 ) ) ;
#499 = LINE ( 'NONE', #1074, #1033 ) ;
#500 = ADVANCED_FACE ( 'NONE', ( #841 ), #1183, .F. ) ;
#501 = CARTESIAN_POINT ( 'NONE',  ( 7.715274834628325378E-16, 20.00000000000000000, -6.299999999999999822 ) ) ;
#502 = DIRECTION ( 'NONE',  ( 0.000000000000000000, 1.000000000000000000, 0.000000000000000000 ) ) ;
#503 = ORIENTED_EDGE ( 'NONE', *, *, #144, .F. ) ;
#504 = CARTESIAN_POINT ( 'NONE',  ( 90.00000000000000000, -63.24555320336758513, -10.00000000000000000 ) ) ;
#505 = DIRECTION ( 'NONE',  ( -1.000000000000000000, 0.000000000000000000, 3.590534112833708514E-16 ) ) ;
#506 = DIRECTION ( 'NONE',  ( -0.000000000000000000, -1.000000000000000000, -0.000000000000000000 ) ) ;
#507 = EDGE_CURVE ( 'NONE', #110, #1242, #373, .T. ) ;
#508 = DIRECTION ( 'NONE',  ( 1.000000000000000000, -0.000000000000000000, 3.590534112833708514E-16 ) ) ;
#509 = ORIENTED_EDGE ( 'NONE', *, *, #1343, .F. ) ;
#510 = DIRECTION ( 'NONE',  ( 0.000000000000000000, 0.000000000000000000, 1.000000000000000000 ) ) ;
#511 = CARTESIAN_POINT ( 'NONE',  ( 2.199633243471174140E-13, -5.939696961967007027, -20.99999999999999645 ) ) ;
#512 = VECTOR ( 'NONE', #704, 1000.000000000000000 ) ;
#513 = VECTOR ( 'NONE', #1170, 1000.000000000000000 ) ;
#514 = CARTESIAN_POINT ( 'NONE',  ( 0.000000000000000000, 20.00000000000000000, -30.00000000000000000 ) ) ;
#515 = ADVANCED_FACE ( 'NONE', ( #255 ), #723, .T. ) ;
#516 = ORIENTED_EDGE ( 'NONE', *, *, #1223, .F. ) ;
#517 = ADVANCED_FACE ( 'NONE', ( #730 ), #155, .F. ) ;
#518 = LINE ( 'NONE', #1079, #893 ) ;
#519 = CARTESIAN_POINT ( 'NONE',  ( -90.00000000000000000, 0.000000000000000000, 10.00000000000000000 ) ) ;
#520 = DIRECTION ( 'NONE',  ( 0.000000000000000000, 0.000000000000000000, -1.000000000000000000 ) ) ;
#521 = COORDINATED_UNIVERSAL_TIME_OFFSET ( 3, 30, .AHEAD. ) ;
#522 = EDGE_LOOP ( 'NONE', ( #24, #938, #287, #17 ) ) ;
#523 = DIRECTION ( 'NONE',  ( -1.000000000000000000, 0.000000000000000000, 0.000000000000000000 ) ) ;
#524 = ADVANCED_FACE ( 'NONE', ( #973 ), #188, .F. ) ;
#525 = DIRECTION ( 'NONE',  ( -0.000000000000000000, 1.000000000000000000, -0.000000000000000000 ) ) ;
#526 = LINE ( 'NONE', #58, #151 ) ;
#527 = VERTEX_POINT ( 'NONE', #1109 ) ;
#528 = VERTEX_POINT ( 'NONE', #1102 ) ;
#529 = DIRECTION ( 'NONE',  ( -0.000000000000000000, -1.000000000000000000, -0.000000000000000000 ) ) ;
#530 = CARTESIAN_POINT ( 'NONE',  ( 30.00000000000000000, 20.00000000000000000, -10.00000000000000000 ) ) ;
#531 = DIRECTION ( 'NONE',  ( 0.000000000000000000, -0.000000000000000000, 1.000000000000000000 ) ) ;
#532 = AXIS2_PLACEMENT_3D ( 'NONE', #56, #426, #307 ) ;
#533 = DIRECTION ( 'NONE',  ( 0.000000000000000000, 0.000000000000000000, 1.000000000000000000 ) ) ;
#534 = VERTEX_POINT ( 'NONE', #57 ) ;
#535 = AXIS2_PLACEMENT_3D ( 'NONE', #195, #1446, #1224 ) ;
#536 = DIRECTION ( 'NONE',  ( -0.000000000000000000, -1.000000000000000000, -0.000000000000000000 ) ) ;
#537 = CARTESIAN_POINT ( 'NONE',  ( -90.00000000000000000, 20.00000000000000000, -19.99999999999998224 ) ) ;
#538 = FACE_OUTER_BOUND ( 'NONE', #354, .T. ) ;
#539 = ADVANCED_FACE ( 'NONE', ( #183 ), #284, .T. ) ;
#540 = DIRECTION ( 'NONE',  ( 1.000000000000000000, 0.000000000000000000, 0.000000000000000000 ) ) ;
#541 = ORIENTED_EDGE ( 'NONE', *, *, #547, .F. ) ;
#542 = CARTESIAN_POINT ( 'NONE',  ( 90.00000000000000000, 20.00000000000000000, 10.25000000000000533 ) ) ;
#543 = DIRECTION ( 'NONE',  ( 0.000000000000000000, 0.000000000000000000, 1.000000000000000000 ) ) ;
#544 = FACE_OUTER_BOUND ( 'NONE', #671, .T. ) ;
#545 = ORIENTED_EDGE ( 'NONE', *, *, #1343, .T. ) ;
#546 = CALENDAR_DATE ( 2026, 23, 7 ) ;
#547 = EDGE_CURVE ( 'NONE', #1456, #534, #1440, .T. ) ;
#548 = EDGE_LOOP ( 'NONE', ( #1283, #202, #1227, #1452 ) ) ;
#549 = LINE ( 'NONE', #1130, #632 ) ;
#550 = ORIENTED_EDGE ( 'NONE', *, *, #33, .T. ) ;
#551 = CARTESIAN_POINT ( 'NONE',  ( 14.84924240491747582, 0.000000000000000000, 16.94924240491752343 ) ) ;
#552 = FACE_BOUND ( 'NONE', #425, .T. ) ;
#553 = ORIENTED_EDGE ( 'NONE', *, *, #413, .F. ) ;
#554 = VECTOR ( 'NONE', #485, 1000.000000000000000 ) ;
#555 = AXIS2_PLACEMENT_3D ( 'NONE', #728, #30, #1385 ) ;
#556 = ORIENTED_EDGE ( 'NONE', *, *, #1435, .F. ) ;
#557 = CARTESIAN_POINT ( 'NONE',  ( -30.00000000000000000, 20.00000000000000000, -10.00000000000000000 ) ) ;
#558 = EDGE_CURVE ( 'NONE', #333, #1318, #651, .T. ) ;
#559 = VECTOR ( 'NONE', #666, 1000.000000000000000 ) ;
#560 = ORIENTED_EDGE ( 'NONE', *, *, #558, .T. ) ;
#561 = LINE ( 'NONE', #790, #31 ) ;
#562 = FACE_OUTER_BOUND ( 'NONE', #772, .T. ) ;
#563 = ORIENTED_EDGE ( 'NONE', *, *, #1376, .T. ) ;
#564 = DATE_AND_TIME ( #546, #831 ) ;
#565 = ORIENTED_EDGE ( 'NONE', *, *, #375, .T. ) ;
#566 = DIRECTION ( 'NONE',  ( 0.000000000000000000, 0.000000000000000000, 1.000000000000000000 ) ) ;
#567 = CIRCLE ( 'NONE', #591, 9.750000000000000000 ) ;
#568 = ORIENTED_EDGE ( 'NONE', *, *, #181, .T. ) ;
#569 = CARTESIAN_POINT ( 'NONE',  ( 21.00000000000000000, 0.000000000000000000, -2.100000000000000533 ) ) ;
#570 = EDGE_CURVE ( 'NONE', #1310, #1459, #100, .T. ) ;
#571 = CARTESIAN_POINT ( 'NONE',  ( 21.00000000000000000, 0.000000000000000000, 0.000000000000000000 ) ) ;
#572 = ORIENTED_EDGE ( 'NONE', *, *, #1368, .T. ) ;
#573 = AXIS2_PLACEMENT_3D ( 'NONE', #836, #1277, #257 ) ;
#574 = AXIS2_PLACEMENT_3D ( 'NONE', #1066, #737, #140 ) ;
#575 = LINE ( 'NONE', #463, #310 ) ;
#576 = VERTEX_POINT ( 'NONE', #551 ) ;
#577 = CARTESIAN_POINT ( 'NONE',  ( -21.00000000000000000, 20.00000000000000000, 2.099999999999853095 ) ) ;
#578 = DIRECTION ( 'NONE',  ( -0.000000000000000000, -1.000000000000000000, -0.000000000000000000 ) ) ;
#579 = EDGE_LOOP ( 'NONE', ( #865, #1378, #336, #29 ) ) ;
#580 = CARTESIAN_POINT ( 'NONE',  ( -14.84924240491737102, -5.939696961967007027, -12.74924240491763072 ) ) ;
#581 = VECTOR ( 'NONE', #672, 1000.000000000000000 ) ;
#582 = ORIENTED_EDGE ( 'NONE', *, *, #1406, .T. ) ;
#583 = DIRECTION ( 'NONE',  ( 1.000000000000000000, -0.000000000000000000, 3.590534112833708514E-16 ) ) ;
#584 = DIRECTION ( 'NONE',  ( 0.000000000000000000, 0.000000000000000000, 1.000000000000000000 ) ) ;
#585 = ORIENTED_EDGE ( 'NONE', *, *, #1113, .T. ) ;
#586 = DESIGN_CONTEXT ( 'detailed design', #494, 'design' ) ;
#587 = EDGE_CURVE ( 'NONE', #1290, #241, #1327, .T. ) ;
#588 = CARTESIAN_POINT ( 'NONE',  ( -30.00000000000000000, 0.000000000000000000, -10.00000000000000000 ) ) ;
#589 = EDGE_LOOP ( 'NONE', ( #113, #970, #1206, #1262 ) ) ;
#590 = CARTESIAN_POINT ( 'NONE',  ( 21.00000000000000000, -5.939696961967007027, 0.000000000000000000 ) ) ;
#591 = AXIS2_PLACEMENT_3D ( 'NONE', #38, #610, #961 ) ;
#592 = CARTESIAN_POINT ( 'NONE',  ( -30.00000000000000000, -63.24555320336758513, 10.00000000000000000 ) ) ;
#593 = ORIENTED_EDGE ( 'NONE', *, *, #278, .F. ) ;
#594 = EDGE_CURVE ( 'NONE', #358, #734, #999, .T. ) ;
#595 = CARTESIAN_POINT ( 'NONE',  ( 90.00000000000000000, 0.000000000000000000, 10.25000000000000533 ) ) ;
#596 = CIRCLE ( 'NONE', #793, 6.299999999999999822 ) ;
#597 = ORIENTED_EDGE ( 'NONE', *, *, #982, .T. ) ;
#598 = CIRCLE ( 'NONE', #1161, 2.100000000000000089 ) ;
#599 = CARTESIAN_POINT ( 'NONE',  ( 14.84924240491768188, -5.939696961967007027, -16.94924240491731737 ) ) ;
#600 = CYLINDRICAL_SURFACE ( 'NONE', #951, 2.100000000000000977 ) ;
#601 = ORIENTED_EDGE ( 'NONE', *, *, #1198, .T. ) ;
#602 = EDGE_LOOP ( 'NONE', ( #159, #1448, #152, #964 ) ) ;
#603 = DIRECTION ( 'NONE',  ( 0.000000000000000000, 0.000000000000000000, -1.000000000000000000 ) ) ;
#604 = CC_DESIGN_PERSON_AND_ORGANIZATION_ASSIGNMENT ( #424, #643, ( #194 ) ) ;
#605 = ORIENTED_EDGE ( 'NONE', *, *, #105, .T. ) ;
#606 = CARTESIAN_POINT ( 'NONE',  ( 90.00000000000000000, 20.00000000000000000, 20.00000000000001066 ) ) ;
#607 = VECTOR ( 'NONE', #850, 1000.000000000000000 ) ;
#608 = EDGE_CURVE ( 'NONE', #241, #1199, #613, .T. ) ;
#609 = VECTOR ( 'NONE', #1182, 1000.000000000000000 ) ;
#610 = DIRECTION ( 'NONE',  ( -0.000000000000000000, -1.000000000000000000, -0.000000000000000000 ) ) ;
#611 = VECTOR ( 'NONE', #1096, 1000.000000000000000 ) ;
#612 = CARTESIAN_POINT ( 'NONE',  ( -80.25000000000000000, 20.00000000000000000, -19.99999999999998224 ) ) ;
#613 = CIRCLE ( 'NONE', #73, 2.100000000000000977 ) ;
#614 = PLANE ( 'NONE',  #981 ) ;
#615 = ORIENTED_EDGE ( 'NONE', *, *, #1406, .F. ) ;
#616 = LOCAL_TIME ( 16, 5, 3.000000000000000000, #291 ) ;
#617 = DIRECTION ( 'NONE',  ( 1.000000000000000000, 0.000000000000000000, 0.000000000000000000 ) ) ;
#618 = CARTESIAN_POINT ( 'NONE',  ( 14.84924240491747582, -5.939696961967007027, 14.84924240491752556 ) ) ;
#619 = ADVANCED_FACE ( 'NONE', ( #1320 ), #1445, .F. ) ;
#620 = DIRECTION ( 'NONE',  ( -0.000000000000000000, -1.000000000000000000, -0.000000000000000000 ) ) ;
#621 = CARTESIAN_POINT ( 'NONE',  ( 90.00000000000000000, 0.000000000000000000, 20.00000000000001066 ) ) ;
#622 = VERTEX_POINT ( 'NONE', #421 ) ;
#623 = DIRECTION ( 'NONE',  ( 0.000000000000000000, 1.000000000000000000, 0.000000000000000000 ) ) ;
#624 = CIRCLE ( 'NONE', #574, 2.100000000000002753 ) ;
#625 = DIRECTION ( 'NONE',  ( 0.000000000000000000, 0.000000000000000000, 1.000000000000000000 ) ) ;
#626 = DIRECTION ( 'NONE',  ( 1.000000000000000000, 0.000000000000000000, 0.000000000000000000 ) ) ;
#627 = ADVANCED_FACE ( 'NONE', ( #444 ), #193, .F. ) ;
#628 = DIRECTION ( 'NONE',  ( 1.000000000000000000, 0.000000000000000000, 0.000000000000000000 ) ) ;
#629 = ORIENTED_EDGE ( 'NONE', *, *, #353, .T. ) ;
#630 = CARTESIAN_POINT ( 'NONE',  ( 14.84924240491768188, -5.939696961967007027, -14.84924240491732128 ) ) ;
#631 = FACE_OUTER_BOUND ( 'NONE', #456, .T. ) ;
#632 = VECTOR ( 'NONE', #1137, 1000.000000000000000 ) ;
#633 = VECTOR ( 'NONE', #617, 1000.000000000000000 ) ;
#634 = CARTESIAN_POINT ( 'NONE',  ( 30.00000000000000000, 20.00000000000000000, 10.00000000000000000 ) ) ;
#635 = DIRECTION ( 'NONE',  ( -0.000000000000000000, 0.000000000000000000, 1.000000000000000000 ) ) ;
#636 = ADVANCED_FACE ( 'NONE', ( #175 ), #665, .F. ) ;
#637 = EDGE_LOOP ( 'NONE', ( #959, #906, #347, #748 ) ) ;
#638 = CARTESIAN_POINT ( 'NONE',  ( -7.332110811570580046E-14, -5.939696961967007027, 21.00000000000000000 ) ) ;
#639 = AXIS2_PLACEMENT_3D ( 'NONE', #231, #459, #1263 ) ;
#640 = DIRECTION ( 'NONE',  ( 0.000000000000000000, 1.000000000000000000, 0.000000000000000000 ) ) ;
#641 = CARTESIAN_POINT ( 'NONE',  ( 14.84924240491747582, 0.000000000000000000, 12.74924240491752592 ) ) ;
#642 = EDGE_LOOP ( 'NONE', ( #885, #813 ) ) ;
#643 = PERSON_AND_ORGANIZATION_ROLE ( 'creator' ) ;
#644 = EDGE_CURVE ( 'NONE', #1064, #207, #825, .T. ) ;
#645 = ORIENTED_EDGE ( 'NONE', *, *, #547, .T. ) ;
#646 = DIRECTION ( 'NONE',  ( 0.000000000000000000, 0.000000000000000000, 1.000000000000000000 ) ) ;
#647 = DIRECTION ( 'NONE',  ( 0.000000000000000000, 0.000000000000000000, 1.000000000000000000 ) ) ;
#648 = CARTESIAN_POINT ( 'NONE',  ( 14.84924240491768188, 20.00000000000000000, -14.84924240491732128 ) ) ;
#649 = ORIENTED_EDGE ( 'NONE', *, *, #1360, .T. ) ;
#650 = FACE_OUTER_BOUND ( 'NONE', #306, .T. ) ;
#651 = LINE ( 'NONE', #752, #732 ) ;
#652 = ADVANCED_FACE ( 'NONE', ( #1080 ), #412, .F. ) ;
#653 = CARTESIAN_POINT ( 'NONE',  ( 7.715274834628325378E-16, 0.000000000000000000, -6.299999999999999822 ) ) ;
#654 = AXIS2_PLACEMENT_3D ( 'NONE', #1042, #68, #740 ) ;
#655 = PERSON_AND_ORGANIZATION_ROLE ( 'creator' ) ;
#656 = ORIENTED_EDGE ( 'NONE', *, *, #1144, .F. ) ;
#657 = VECTOR ( 'NONE', #1425, 1000.000000000000000 ) ;
#658 = DIRECTION ( 'NONE',  ( -0.000000000000000000, 1.000000000000000000, -0.000000000000000000 ) ) ;
#659 = EDGE_CURVE ( 'NONE', #216, #789, #308, .T. ) ;
#660 = CARTESIAN_POINT ( 'NONE',  ( -90.00000000000000000, 0.000000000000000000, -19.99999999999998224 ) ) ;
#661 = ORIENTED_EDGE ( 'NONE', *, *, #187, .F. ) ;
#662 = ORIENTED_EDGE ( 'NONE', *, *, #299, .T. ) ;
#663 = CYLINDRICAL_SURFACE ( 'NONE', #1379, 6.299999999999999822 ) ;
#664 = VERTEX_POINT ( 'NONE', #1201 ) ;
#665 = PLANE ( 'NONE',  #1457 ) ;
#666 = DIRECTION ( 'NONE',  ( -0.000000000000000000, -1.000000000000000000, -0.000000000000000000 ) ) ;
#667 = ORIENTED_EDGE ( 'NONE', *, *, #325, .T. ) ;
#668 = AXIS2_PLACEMENT_3D ( 'NONE', #1017, #1134, #15 ) ;
#669 = CALENDAR_DATE ( 2026, 23, 7 ) ;
#670 = EDGE_CURVE ( 'NONE', #622, #205, #1088, .T. ) ;
#671 = EDGE_LOOP ( 'NONE', ( #720, #1336, #553, #1398, #1077, #496, #851, #1344, #541, #196, #550, #48, #1392, #248, #1019, #384, #810, #293, #263, #125, #563 ) ) ;
#672 = DIRECTION ( 'NONE',  ( 0.000000000000000000, 0.000000000000000000, 1.000000000000000000 ) ) ;
#673 = VERTEX_POINT ( 'NONE', #798 ) ;
#674 = DIRECTION ( 'NONE',  ( 0.000000000000000000, 1.000000000000000000, 0.000000000000000000 ) ) ;
#675 = CARTESIAN_POINT ( 'NONE',  ( 0.000000000000000000, 0.000000000000000000, 6.299999999999999822 ) ) ;
#676 = EDGE_LOOP ( 'NONE', ( #1462, #689, #330, #1159 ) ) ;
#677 = APPROVAL_ROLE ( '' ) ;
#678 = CIRCLE ( 'NONE', #1000, 2.100000000000002753 ) ;
#679 = CIRCLE ( 'NONE', #290, 2.100000000000002753 ) ;
#680 = VERTEX_POINT ( 'NONE', #569 ) ;
#681 = ADVANCED_FACE ( 'NONE', ( #114 ), #1148, .F. ) ;
#682 = DIRECTION ( 'NONE',  ( 0.000000000000000000, 1.000000000000000000, 0.000000000000000000 ) ) ;
#683 = AXIS2_PLACEMENT_3D ( 'NONE', #1209, #326, #531 ) ;
#684 = VERTEX_POINT ( 'NONE', #95 ) ;
#685 = DIRECTION ( 'NONE',  ( -0.000000000000000000, 1.000000000000000000, -0.000000000000000000 ) ) ;
#686 = CARTESIAN_POINT ( 'NONE',  ( -90.00000000000000000, 20.00000000000000000, -19.99999999999998224 ) ) ;
#687 = VERTEX_POINT ( 'NONE', #1239 ) ;
#688 = VECTOR ( 'NONE', #451, 1000.000000000000000 ) ;
#689 = ORIENTED_EDGE ( 'NONE', *, *, #756, .T. ) ;
#690 = DIRECTION ( 'NONE',  ( 0.000000000000000000, 1.000000000000000000, 0.000000000000000000 ) ) ;
#691 = EDGE_CURVE ( 'NONE', #191, #109, #1370, .T. ) ;
#692 = EDGE_LOOP ( 'NONE', ( #750, #990 ) ) ;
#693 = LINE ( 'NONE', #1230, #1051 ) ;
#694 = LINE ( 'NONE', #700, #294 ) ;
#695 = VERTEX_POINT ( 'NONE', #7 ) ;
#696 = VECTOR ( 'NONE', #492, 1000.000000000000000 ) ;
#697 = CARTESIAN_POINT ( 'NONE',  ( -14.84924240491737102, 20.00000000000000000, -12.74924240491763072 ) ) ;
#698 = ORIENTED_EDGE ( 'NONE', *, *, #809, .F. ) ;
#699 = DIRECTION ( 'NONE',  ( -0.000000000000000000, -1.000000000000000000, -0.000000000000000000 ) ) ;
#700 = CARTESIAN_POINT ( 'NONE',  ( -90.00000000000000000, 20.00000000000000000, -10.00000000000000000 ) ) ;
#701 = EDGE_CURVE ( 'NONE', #207, #1064, #1461, .T. ) ;
#702 = ORIENTED_EDGE ( 'NONE', *, *, #1389, .T. ) ;
#703 = AXIS2_PLACEMENT_3D ( 'NONE', #1200, #182, #646 ) ;
#704 = DIRECTION ( 'NONE',  ( 1.000000000000000000, 0.000000000000000000, 0.000000000000000000 ) ) ;
#705 = AXIS2_PLACEMENT_3D ( 'NONE', #630, #1156, #1072 ) ;
#706 = VERTEX_POINT ( 'NONE', #131 ) ;
#707 = DIRECTION ( 'NONE',  ( 0.000000000000000000, 0.000000000000000000, 1.000000000000000000 ) ) ;
#708 = CARTESIAN_POINT ( 'NONE',  ( 14.84924240491747582, 0.000000000000000000, 14.84924240491752556 ) ) ;
#709 = VERTEX_POINT ( 'NONE', #1016 ) ;
#710 = ADVANCED_FACE ( 'NONE', ( #1022 ), #1340, .F. ) ;
#711 = CARTESIAN_POINT ( 'NONE',  ( -90.00000000000000000, 20.00000000000000000, -19.99999999999998224 ) ) ;
#712 = ORIENTED_EDGE ( 'NONE', *, *, #137, .T. ) ;
#713 = CARTESIAN_POINT ( 'NONE',  ( 80.25000000000000000, 0.000000000000000000, -19.99999999999998224 ) ) ;
#714 = DIRECTION ( 'NONE',  ( 0.000000000000000000, 0.000000000000000000, 1.000000000000000000 ) ) ;
#715 = ORIENTED_EDGE ( 'NONE', *, *, #1246, .T. ) ;
#716 = ORIENTED_EDGE ( 'NONE', *, *, #853, .T. ) ;
#717 = LINE ( 'NONE', #1391, #554 ) ;
#718 = EDGE_CURVE ( 'NONE', #1199, #241, #1458, .T. ) ;
#719 = CIRCLE ( 'NONE', #883, 2.100000000000000977 ) ;
#720 = ORIENTED_EDGE ( 'NONE', *, *, #1368, .F. ) ;
#721 = CIRCLE ( 'NONE', #668, 9.750000000000000000 ) ;
#722 = CARTESIAN_POINT ( 'NONE',  ( -7.306393228788485917E-14, -5.939696961967007027, 18.89999999999999858 ) ) ;
#723 = PLANE ( 'NONE',  #397 ) ;
#724 = FACE_BOUND ( 'NONE', #642, .T. ) ;
#725 = DIRECTION ( 'NONE',  ( -0.000000000000000000, -1.000000000000000000, -0.000000000000000000 ) ) ;
#726 = EDGE_CURVE ( 'NONE', #358, #1071, #561, .T. ) ;
#727 = ORIENTED_EDGE ( 'NONE', *, *, #224, .F. ) ;
#728 = CARTESIAN_POINT ( 'NONE',  ( 80.25000000000000000, 0.000000000000000000, -10.24999999999998224 ) ) ;
#729 = VECTOR ( 'NONE', #838, 1000.000000000000000 ) ;
#730 = FACE_OUTER_BOUND ( 'NONE', #1211, .T. ) ;
#731 = CARTESIAN_POINT ( 'NONE',  ( 22.36067977499790871, 20.00000000000000000, 19.99999999999998579 ) ) ;
#732 = VECTOR ( 'NONE', #79, 1000.000000000000000 ) ;
#733 = CARTESIAN_POINT ( 'NONE',  ( 30.00000000000000000, 0.000000000000000000, -10.00000000000000000 ) ) ;
#734 = VERTEX_POINT ( 'NONE', #1117 ) ;
#735 = DIRECTION ( 'NONE',  ( -1.000000000000000000, 0.000000000000000000, -3.590534112833708514E-16 ) ) ;
#736 = CC_DESIGN_PERSON_AND_ORGANIZATION_ASSIGNMENT ( #1410, #401, ( #52 ) ) ;
#737 = DIRECTION ( 'NONE',  ( 0.000000000000000000, 1.000000000000000000, 0.000000000000000000 ) ) ;
#738 = AXIS2_PLACEMENT_3D ( 'NONE', #474, #1126, #324 ) ;
#739 = CARTESIAN_POINT ( 'NONE',  ( 80.25000000000000000, 20.00000000000000000, 10.25000000000000533 ) ) ;
#740 = DIRECTION ( 'NONE',  ( 1.000000000000000000, 0.000000000000000000, 0.000000000000000000 ) ) ;
#741 = EDGE_LOOP ( 'NONE', ( #1106, #447 ) ) ;
#742 = DIRECTION ( 'NONE',  ( -0.000000000000000000, 1.000000000000000000, -0.000000000000000000 ) ) ;
#743 = CIRCLE ( 'NONE', #429, 9.749999999999998224 ) ;
#744 = AXIS2_PLACEMENT_3D ( 'NONE', #380, #261, #394 ) ;
#745 = CARTESIAN_POINT ( 'NONE',  ( -14.84924240491737102, 0.000000000000000000, -16.94924240491763712 ) ) ;
#746 = EDGE_CURVE ( 'NONE', #89, #895, #1315, .T. ) ;
#747 = CARTESIAN_POINT ( 'NONE',  ( 0.000000000000000000, 20.00000000000000000, 0.000000000000000000 ) ) ;
#748 = ORIENTED_EDGE ( 'NONE', *, *, #452, .T. ) ;
#749 = CALENDAR_DATE ( 2026, 23, 7 ) ;
#750 = ORIENTED_EDGE ( 'NONE', *, *, #957, .F. ) ;
#751 = DIRECTION ( 'NONE',  ( -0.000000000000000000, 1.000000000000000000, -0.000000000000000000 ) ) ;
#752 = CARTESIAN_POINT ( 'NONE',  ( -30.00000000000000000, -63.24555320336758513, -10.00000000000000000 ) ) ;
#753 = CIRCLE ( 'NONE', #1403, 30.00000000000000000 ) ;
#754 = VECTOR ( 'NONE', #1053, 1000.000000000000000 ) ;
#755 = CARTESIAN_POINT ( 'NONE',  ( 0.000000000000000000, 20.00000000000000000, -30.00000000000000000 ) ) ;
#756 = EDGE_CURVE ( 'NONE', #191, #165, #785, .T. ) ;
#757 = AXIS2_PLACEMENT_3D ( 'NONE', #1409, #396, #898 ) ;
#758 = DATE_AND_TIME ( #1082, #616 ) ;
#759 = ORIENTED_EDGE ( 'NONE', *, *, #232, .F. ) ;
#760 = CYLINDRICAL_SURFACE ( 'NONE', #958, 2.100000000000000977 ) ;
#761 = APPROVAL_PERSON_ORGANIZATION ( #1197, #362, #1090 ) ;
#762 = DIRECTION ( 'NONE',  ( -0.000000000000000000, 1.000000000000000000, -0.000000000000000000 ) ) ;
#763 = FACE_BOUND ( 'NONE', #1044, .T. ) ;
#764 = ORIENTED_EDGE ( 'NONE', *, *, #1078, .T. ) ;
#765 = ADVANCED_FACE ( 'NONE', ( #121 ), #1356, .T. ) ;
#766 = LINE ( 'NONE', #866, #190 ) ;
#767 = DIRECTION ( 'NONE',  ( -0.000000000000000000, 1.000000000000000000, -0.000000000000000000 ) ) ;
#768 = CIRCLE ( 'NONE', #744, 2.099999999999997868 ) ;
#769 = PLANE ( 'NONE',  #683 ) ;
#770 = VERTEX_POINT ( 'NONE', #577 ) ;
#771 = CARTESIAN_POINT ( 'NONE',  ( 30.00000000000000000, 20.00000000000000000, -10.00000000000000000 ) ) ;
#772 = EDGE_LOOP ( 'NONE', ( #133, #20, #443, #312 ) ) ;
#773 = LINE ( 'NONE', #1430, #935 ) ;
#774 = EDGE_CURVE ( 'NONE', #63, #110, #40, .T. ) ;
#775 = CARTESIAN_POINT ( 'NONE',  ( 2.202205001749383553E-13, -5.939696961967007027, -23.09999999999999787 ) ) ;
#776 = CIRCLE ( 'NONE', #1070, 2.100000000000000977 ) ;
#777 = CARTESIAN_POINT ( 'NONE',  ( 90.00000000000000000, 0.000000000000000000, 10.00000000000000000 ) ) ;
#778 = AXIS2_PLACEMENT_3D ( 'NONE', #1337, #1247, #1020 ) ;
#779 = VERTEX_POINT ( 'NONE', #805 ) ;
#780 = DIRECTION ( 'NONE',  ( 0.000000000000000000, 0.000000000000000000, 1.000000000000000000 ) ) ;
#781 = DIRECTION ( 'NONE',  ( 0.000000000000000000, 1.000000000000000000, 0.000000000000000000 ) ) ;
#782 = EDGE_CURVE ( 'NONE', #10, #709, #1250, .T. ) ;
#783 = CARTESIAN_POINT ( 'NONE',  ( -14.84924240491757885, -5.939696961967007027, 12.74924240491742289 ) ) ;
#784 = EDGE_CURVE ( 'NONE', #1351, #709, #693, .T. ) ;
#785 = CIRCLE ( 'NONE', #249, 6.299999999999999822 ) ;
#786 = ORIENTED_EDGE ( 'NONE', *, *, #203, .T. ) ;
#787 = VECTOR ( 'NONE', #1276, 1000.000000000000000 ) ;
#788 = LINE ( 'NONE', #441, #512 ) ;
#789 = VERTEX_POINT ( 'NONE', #1009 ) ;
#790 = CARTESIAN_POINT ( 'NONE',  ( -90.00000000000000000, -63.24555320336758513, -10.00000000000000000 ) ) ;
#791 = FACE_OUTER_BOUND ( 'NONE', #637, .T. ) ;
#792 = ORIENTED_EDGE ( 'NONE', *, *, #1289, .F. ) ;
#793 = AXIS2_PLACEMENT_3D ( 'NONE', #747, #855, #1294 ) ;
#794 = EDGE_CURVE ( 'NONE', #1071, #374, #208, .T. ) ;
#795 = EDGE_LOOP ( 'NONE', ( #180, #432 ) ) ;
#796 = CARTESIAN_POINT ( 'NONE',  ( -30.00000000000000000, -63.24555320336758513, 10.00000000000000000 ) ) ;
#797 = ORIENTED_EDGE ( 'NONE', *, *, #488, .F. ) ;
#798 = CARTESIAN_POINT ( 'NONE',  ( -7.332110811570580046E-14, 0.000000000000000000, 23.10000000000000142 ) ) ;
#799 = DIRECTION ( 'NONE',  ( 0.000000000000000000, 1.000000000000000000, 0.000000000000000000 ) ) ;
#800 = EDGE_LOOP ( 'NONE', ( #437, #1083, #1366, #275 ) ) ;
#801 = EDGE_LOOP ( 'NONE', ( #172, #908 ) ) ;
#802 = CARTESIAN_POINT ( 'NONE',  ( 14.84924240491747582, 20.00000000000000000, 14.84924240491752556 ) ) ;
#803 = CIRCLE ( 'NONE', #1244, 2.099999999999997868 ) ;
#804 = ORIENTED_EDGE ( 'NONE', *, *, #1171, .F. ) ;
#805 = CARTESIAN_POINT ( 'NONE',  ( 21.00000000000000000, 20.00000000000000000, 2.100000000000000533 ) ) ;
#806 = CARTESIAN_POINT ( 'NONE',  ( -80.25000000000000000, 20.00000000000000000, 10.25000000000000711 ) ) ;
#807 = EDGE_LOOP ( 'NONE', ( #1268, #43, #410, #328 ) ) ;
#808 = CARTESIAN_POINT ( 'NONE',  ( -7.332110811570580046E-14, -5.939696961967007027, 21.00000000000000000 ) ) ;
#809 = EDGE_CURVE ( 'NONE', #476, #1008, #919, .T. ) ;
#810 = ORIENTED_EDGE ( 'NONE', *, *, #289, .T. ) ;
#811 = DIRECTION ( 'NONE',  ( 0.000000000000000000, 0.000000000000000000, 1.000000000000000000 ) ) ;
#812 = DIRECTION ( 'NONE',  ( -0.000000000000000000, -1.000000000000000000, -0.000000000000000000 ) ) ;
#813 = ORIENTED_EDGE ( 'NONE', *, *, #1396, .F. ) ;
#814 = DIRECTION ( 'NONE',  ( -0.000000000000000000, -0.000000000000000000, -1.000000000000000000 ) ) ;
#815 = ORIENTED_EDGE ( 'NONE', *, *, #718, .T. ) ;
#816 = LINE ( 'NONE', #1463, #364 ) ;
#817 = EDGE_CURVE ( 'NONE', #81, #282, #816, .T. ) ;
#818 = PLANE ( 'NONE',  #1419 ) ;
#819 = ORIENTED_EDGE ( 'NONE', *, *, #1113, .F. ) ;
#820 = AXIS2_PLACEMENT_3D ( 'NONE', #808, #103, #566 ) ;
#821 = FACE_OUTER_BOUND ( 'NONE', #918, .T. ) ;
#822 = AXIS2_PLACEMENT_3D ( 'NONE', #160, #1399, #953 ) ;
#823 = ORIENTED_EDGE ( 'NONE', *, *, #1133, .T. ) ;
#824 = CARTESIAN_POINT ( 'NONE',  ( 14.84924240491768188, -5.939696961967007027, -12.74924240491732164 ) ) ;
#825 = CIRCLE ( 'NONE', #351, 2.100000000000000977 ) ;
#826 = EDGE_CURVE ( 'NONE', #491, #1335, #679, .T. ) ;
#827 = LINE ( 'NONE', #592, #1472 ) ;
#828 = ORIENTED_EDGE ( 'NONE', *, *, #1151, .T. ) ;
#829 = EDGE_CURVE ( 'NONE', #486, #1369, #139, .T. ) ;
#830 = ORIENTED_EDGE ( 'NONE', *, *, #974, .T. ) ;
#831 = LOCAL_TIME ( 16, 5, 3.000000000000000000, #1136 ) ;
#832 = DIRECTION ( 'NONE',  ( 0.000000000000000000, 0.000000000000000000, 1.000000000000000000 ) ) ;
#833 = EDGE_LOOP ( 'NONE', ( #77, #593 ) ) ;
#834 = DIRECTION ( 'NONE',  ( -0.000000000000000000, -1.000000000000000000, -0.000000000000000000 ) ) ;
#835 = CARTESIAN_POINT ( 'NONE',  ( -22.36067977499791581, 20.00000000000000000, -19.99999999999997868 ) ) ;
#836 = CARTESIAN_POINT ( 'NONE',  ( 0.000000000000000000, 0.000000000000000000, 0.000000000000000000 ) ) ;
#837 = EDGE_CURVE ( 'NONE', #1467, #1199, #153, .T. ) ;
#838 = DIRECTION ( 'NONE',  ( -1.000000000000000000, -0.000000000000000000, 5.129334446905298846E-17 ) ) ;
#839 = ORIENTED_EDGE ( 'NONE', *, *, #1233, .T. ) ;
#840 = FACE_OUTER_BOUND ( 'NONE', #13, .T. ) ;
#841 = FACE_OUTER_BOUND ( 'NONE', #1122, .T. ) ;
#842 = LINE ( 'NONE', #514, #1279 ) ;
#843 = EDGE_CURVE ( 'NONE', #1015, #89, #276, .T. ) ;
#844 = CARTESIAN_POINT ( 'NONE',  ( 22.36067977499791581, 20.00000000000000000, -19.99999999999997868 ) ) ;
#845 = ORIENTED_EDGE ( 'NONE', *, *, #1076, .F. ) ;
#846 = CARTESIAN_POINT ( 'NONE',  ( -7.332110811570580046E-14, 0.000000000000000000, 21.00000000000000000 ) ) ;
#847 = AXIS2_PLACEMENT_3D ( 'NONE', #971, #965, #1084 ) ;
#848 = DIRECTION ( 'NONE',  ( 0.000000000000000000, -1.000000000000000000, 0.000000000000000000 ) ) ;
#849 = LINE ( 'NONE', #286, #112 ) ;
#850 = DIRECTION ( 'NONE',  ( -1.000000000000000000, 0.000000000000000000, 0.000000000000000000 ) ) ;
#851 = ORIENTED_EDGE ( 'NONE', *, *, #1144, .T. ) ;
#852 = CARTESIAN_POINT ( 'NONE',  ( -14.84924240491757885, 0.000000000000000000, 12.74924240491742289 ) ) ;
#853 = EDGE_CURVE ( 'NONE', #873, #1008, #1243, .T. ) ;
#854 = DIRECTION ( 'NONE',  ( 0.000000000000000000, 0.000000000000000000, 1.000000000000000000 ) ) ;
#855 = DIRECTION ( 'NONE',  ( 0.000000000000000000, 1.000000000000000000, 0.000000000000000000 ) ) ;
#856 = ORIENTED_EDGE ( 'NONE', *, *, #659, .T. ) ;
#857 = APPLICATION_PROTOCOL_DEFINITION ( 'international standard', 'config_control_design', 1994, #494 ) ;
#858 = ORIENTED_EDGE ( 'NONE', *, *, #1035, .F. ) ;
#859 = CARTESIAN_POINT ( 'NONE',  ( 21.00000000000000000, 0.000000000000000000, 2.100000000000000533 ) ) ;
#860 = AXIS2_PLACEMENT_3D ( 'NONE', #272, #620, #1195 ) ;
#861 = DIRECTION ( 'NONE',  ( 0.000000000000000000, 0.000000000000000000, 1.000000000000000000 ) ) ;
#862 = EDGE_CURVE ( 'NONE', #680, #1052, #26, .T. ) ;
#863 = FACE_BOUND ( 'NONE', #833, .T. ) ;
#864 = CARTESIAN_POINT ( 'NONE',  ( 30.00000000000000000, -63.24555320336758513, 10.00000000000000000 ) ) ;
#865 = ORIENTED_EDGE ( 'NONE', *, *, #169, .T. ) ;
#866 = CARTESIAN_POINT ( 'NONE',  ( -90.00000000000000000, -63.24555320336758513, 10.00000000000000000 ) ) ;
#867 = DIRECTION ( 'NONE',  ( 0.000000000000000000, 0.000000000000000000, 1.000000000000000000 ) ) ;
#868 = AXIS2_PLACEMENT_3D ( 'NONE', #214, #682, #111 ) ;
#869 = AXIS2_PLACEMENT_3D ( 'NONE', #21, #1177, #487 ) ;
#870 = DIRECTION ( 'NONE',  ( 0.000000000000000000, 0.000000000000000000, -1.000000000000000000 ) ) ;
#871 = CIRCLE ( 'NONE', #1383, 2.099999999999997868 ) ;
#872 =( NAMED_UNIT ( * ) PLANE_ANGLE_UNIT ( ) SI_UNIT ( $, .RADIAN. ) );
#873 = VERTEX_POINT ( 'NONE', #713 ) ;
#874 = DIRECTION ( 'NONE',  ( -1.000000000000000000, 0.000000000000000000, -0.000000000000000000 ) ) ;
#875 = SECURITY_CLASSIFICATION ( '', '', #470 ) ;
#876 = DIRECTION ( 'NONE',  ( 0.000000000000000000, 0.000000000000000000, 1.000000000000000000 ) ) ;
#877 = CARTESIAN_POINT ( 'NONE',  ( 14.84924240491747582, 20.00000000000000000, 14.84924240491752556 ) ) ;
#878 = PERSON_AND_ORGANIZATION ( #62, #1221 ) ;
#879 = ADVANCED_FACE ( 'NONE', ( #49 ), #930, .F. ) ;
#880 = ORIENTED_EDGE ( 'NONE', *, *, #507, .F. ) ;
#881 = DIRECTION ( 'NONE',  ( 0.000000000000000000, 0.000000000000000000, 1.000000000000000000 ) ) ;
#882 = DIRECTION ( 'NONE',  ( 0.000000000000000000, 0.000000000000000000, 1.000000000000000000 ) ) ;
#883 = AXIS2_PLACEMENT_3D ( 'NONE', #41, #34, #1067 ) ;
#884 = CARTESIAN_POINT ( 'NONE',  ( -90.00000000000000000, 20.00000000000000000, 10.00000000000000000 ) ) ;
#885 = ORIENTED_EDGE ( 'NONE', *, *, #1105, .F. ) ;
#886 =( LENGTH_UNIT ( ) NAMED_UNIT ( * ) SI_UNIT ( .MILLI., .METRE. ) );
#887 = DIRECTION ( 'NONE',  ( 0.000000000000000000, 1.000000000000000000, 0.000000000000000000 ) ) ;
#888 = EDGE_CURVE ( 'NONE', #664, #1459, #1375, .T. ) ;
#889 = DIRECTION ( 'NONE',  ( 0.000000000000000000, 0.000000000000000000, 1.000000000000000000 ) ) ;
#890 = AXIS2_PLACEMENT_3D ( 'NONE', #1006, #690, #329 ) ;
#891 = LINE ( 'NONE', #975, #657 ) ;
#892 = ORIENTED_EDGE ( 'NONE', *, *, #1198, .F. ) ;
#893 = VECTOR ( 'NONE', #751, 1000.000000000000000 ) ;
#894 = CARTESIAN_POINT ( 'NONE',  ( 22.36067977499791581, 20.00000000000000000, -19.99999999999997868 ) ) ;
#895 = VERTEX_POINT ( 'NONE', #254 ) ;
#896 = DIRECTION ( 'NONE',  ( 0.000000000000000000, 0.000000000000000000, 1.000000000000000000 ) ) ;
#897 = EDGE_CURVE ( 'NONE', #455, #207, #361, .T. ) ;
#898 = DIRECTION ( 'NONE',  ( 0.000000000000000000, 0.000000000000000000, 1.000000000000000000 ) ) ;
#899 = EDGE_LOOP ( 'NONE', ( #1260, #998, #1296, #1039 ) ) ;
#900 = VERTEX_POINT ( 'NONE', #44 ) ;
#901 = CARTESIAN_POINT ( 'NONE',  ( -80.25000000000000000, 20.00000000000000000, 20.00000000000000711 ) ) ;
#902 = ORIENTED_EDGE ( 'NONE', *, *, #1061, .T. ) ;
#903 = CARTESIAN_POINT ( 'NONE',  ( 0.000000000000000000, 0.000000000000000000, 0.000000000000000000 ) ) ;
#904 = DIRECTION ( 'NONE',  ( 0.000000000000000000, 1.000000000000000000, 0.000000000000000000 ) ) ;
#905 = ORIENTED_EDGE ( 'NONE', *, *, #1186, .F. ) ;
#906 = ORIENTED_EDGE ( 'NONE', *, *, #1435, .T. ) ;
#907 = CARTESIAN_POINT ( 'NONE',  ( 0.000000000000000000, 20.00000000000000000, 6.299999999999999822 ) ) ;
#908 = ORIENTED_EDGE ( 'NONE', *, *, #462, .F. ) ;
#909 = CARTESIAN_POINT ( 'NONE',  ( 7.715274834628325378E-16, -63.24555320336758513, -6.299999999999999822 ) ) ;
#910 = DIRECTION ( 'NONE',  ( 0.000000000000000000, 0.000000000000000000, 1.000000000000000000 ) ) ;
#911 = EDGE_LOOP ( 'NONE', ( #516, #1147, #1135, #1301 ) ) ;
#912 = APPROVAL_STATUS ( 'not_yet_approved' ) ;
#913 = CIRCLE ( 'NONE', #1095, 2.100000000000000089 ) ;
#914 = ADVANCED_FACE ( 'NONE', ( #1164 ), #268, .F. ) ;
#915 = DIRECTION ( 'NONE',  ( -0.000000000000000000, -1.000000000000000000, -0.000000000000000000 ) ) ;
#916 = AXIS2_PLACEMENT_3D ( 'NONE', #97, #812, #584 ) ;
#917 = CIRCLE ( 'NONE', #1432, 30.00000000000000000 ) ;
#918 = EDGE_LOOP ( 'NONE', ( #560, #367, #927, #1128 ) ) ;
#919 = LINE ( 'NONE', #1364, #1073 ) ;
#920 = CARTESIAN_POINT ( 'NONE',  ( 0.000000000000000000, 20.00000000000000000, 0.000000000000000000 ) ) ;
#921 = ORIENTED_EDGE ( 'NONE', *, *, #942, .T. ) ;
#922 = EDGE_CURVE ( 'NONE', #527, #1310, #1393, .T. ) ;
#923 = DIRECTION ( 'NONE',  ( -0.000000000000000000, 1.000000000000000000, -0.000000000000000000 ) ) ;
#924 = EDGE_LOOP ( 'NONE', ( #1355, #1469 ) ) ;
#925 = DIRECTION ( 'NONE',  ( -0.000000000000000000, -0.000000000000000000, -1.000000000000000000 ) ) ;
#926 = DIRECTION ( 'NONE',  ( 0.000000000000000000, 0.000000000000000000, 1.000000000000000000 ) ) ;
#927 = ORIENTED_EDGE ( 'NONE', *, *, #726, .F. ) ;
#928 = CARTESIAN_POINT ( 'NONE',  ( -90.00000000000000000, 20.00000000000000000, -10.24999999999998224 ) ) ;
#929 = VERTEX_POINT ( 'NONE', #852 ) ;
#930 = CYLINDRICAL_SURFACE ( 'NONE', #705, 2.099999999999999645 ) ;
#931 = ADVANCED_FACE ( 'NONE', ( #1269 ), #379, .F. ) ;
#932 = DIRECTION ( 'NONE',  ( 0.000000000000000000, 0.000000000000000000, 1.000000000000000000 ) ) ;
#933 = ORIENTED_EDGE ( 'NONE', *, *, #239, .T. ) ;
#934 = ORIENTED_EDGE ( 'NONE', *, *, #659, .F. ) ;
#935 = VECTOR ( 'NONE', #192, 1000.000000000000000 ) ;
#936 = DIRECTION ( 'NONE',  ( 0.000000000000000000, 0.000000000000000000, -1.000000000000000000 ) ) ;
#937 = AXIS2_PLACEMENT_3D ( 'NONE', #313, #1304, #1107 ) ;
#938 = ORIENTED_EDGE ( 'NONE', *, *, #91, .T. ) ;
#939 = LINE ( 'NONE', #372, #754 ) ;
#940 = CIRCLE ( 'NONE', #1292, 2.099999999999999645 ) ;
#941 = CARTESIAN_POINT ( 'NONE',  ( 0.000000000000000000, -63.24555320336758513, 0.000000000000000000 ) ) ;
#942 = EDGE_CURVE ( 'NONE', #1120, #1447, #939, .T. ) ;
#943 = ORIENTED_EDGE ( 'NONE', *, *, #1094, .F. ) ;
#944 = DIRECTION ( 'NONE',  ( 0.000000000000000000, 1.000000000000000000, 0.000000000000000000 ) ) ;
#945 = CARTESIAN_POINT ( 'NONE',  ( -14.84924240491737102, 0.000000000000000000, -12.74924240491763072 ) ) ;
#946 = ORIENTED_EDGE ( 'NONE', *, *, #784, .T. ) ;
#947 = CYLINDRICAL_SURFACE ( 'NONE', #822, 30.00000000000000000 ) ;
#948 = DIRECTION ( 'NONE',  ( -0.000000000000000000, 1.000000000000000000, -0.000000000000000000 ) ) ;
#949 = CARTESIAN_POINT ( 'NONE',  ( -22.36067977499791581, 20.00000000000000000, -19.99999999999997868 ) ) ;
#950 = CARTESIAN_POINT ( 'NONE',  ( 14.84924240491768188, 20.00000000000000000, -12.74924240491732164 ) ) ;
#951 = AXIS2_PLACEMENT_3D ( 'NONE', #511, #1046, #854 ) ;
#952 = VERTEX_POINT ( 'NONE', #385 ) ;
#953 = DIRECTION ( 'NONE',  ( 0.000000000000000000, 0.000000000000000000, -1.000000000000000000 ) ) ;
#954 = DIRECTION ( 'NONE',  ( -0.000000000000000000, 1.000000000000000000, -0.000000000000000000 ) ) ;
#955 = FACE_OUTER_BOUND ( 'NONE', #245, .T. ) ;
#956 = CARTESIAN_POINT ( 'NONE',  ( -14.84924240491737102, 20.00000000000000000, -14.84924240491763392 ) ) ;
#957 = EDGE_CURVE ( 'NONE', #673, #455, #1381, .T. ) ;
#958 = AXIS2_PLACEMENT_3D ( 'NONE', #638, #283, #881 ) ;
#959 = ORIENTED_EDGE ( 'NONE', *, *, #22, .F. ) ;
#960 = DIRECTION ( 'NONE',  ( 0.000000000000000000, 0.000000000000000000, 1.000000000000000000 ) ) ;
#961 = DIRECTION ( 'NONE',  ( 0.000000000000000000, 0.000000000000000000, 1.000000000000000000 ) ) ;
#962 = LINE ( 'NONE', #1300, #696 ) ;
#963 = EDGE_CURVE ( 'NONE', #476, #36, #1275, .T. ) ;
#964 = ORIENTED_EDGE ( 'NONE', *, *, #963, .F. ) ;
#965 = DIRECTION ( 'NONE',  ( 0.000000000000000000, 1.000000000000000000, 0.000000000000000000 ) ) ;
#966 = DIRECTION ( 'NONE',  ( 0.000000000000000000, 0.000000000000000000, 1.000000000000000000 ) ) ;
#967 = CIRCLE ( 'NONE', #1153, 2.100000000000000089 ) ;
#968 = FACE_BOUND ( 'NONE', #1058, .T. ) ;
#969 = CALENDAR_DATE ( 2026, 23, 7 ) ;
#970 = ORIENTED_EDGE ( 'NONE', *, *, #1341, .T. ) ;
#971 = CARTESIAN_POINT ( 'NONE',  ( 21.00000000000000000, 20.00000000000000000, 0.000000000000000000 ) ) ;
#972 = ADVANCED_FACE ( 'NONE', ( #840 ), #947, .T. ) ;
#973 = FACE_OUTER_BOUND ( 'NONE', #1125, .T. ) ;
#974 = EDGE_CURVE ( 'NONE', #304, #1114, #1454, .T. ) ;
#975 = CARTESIAN_POINT ( 'NONE',  ( 21.00000000000000000, -5.939696961967007027, 2.100000000000000533 ) ) ;
#976 = ORIENTED_EDGE ( 'NONE', *, *, #1256, .F. ) ;
#977 = VERTEX_POINT ( 'NONE', #1291 ) ;
#978 = DIRECTION ( 'NONE',  ( 0.000000000000000000, 0.000000000000000000, 1.000000000000000000 ) ) ;
#979 = CC_DESIGN_DATE_AND_TIME_ASSIGNMENT ( #1418, #409, ( #194 ) ) ;
#980 = DIRECTION ( 'NONE',  ( 0.000000000000000000, 1.000000000000000000, 0.000000000000000000 ) ) ;
#981 = AXIS2_PLACEMENT_3D ( 'NONE', #844, #264, #495 ) ;
#982 = EDGE_CURVE ( 'NONE', #1447, #1351, #96, .T. ) ;
#983 = CARTESIAN_POINT ( 'NONE',  ( 22.36067977499791581, 20.00000000000000000, -19.99999999999997868 ) ) ;
#984 = ORIENTED_EDGE ( 'NONE', *, *, #746, .T. ) ;
#985 = LINE ( 'NONE', #1439, #238 ) ;
#986 = PRODUCT_DEFINITION_FORMATION_WITH_SPECIFIED_SOURCE ( 'ANY', '', #52, .NOT_KNOWN. ) ;
#987 = DIRECTION ( 'NONE',  ( 0.000000000000000000, 0.000000000000000000, 1.000000000000000000 ) ) ;
#988 = FACE_BOUND ( 'NONE', #1163, .T. ) ;
#989 =( NAMED_UNIT ( * ) SI_UNIT ( $, .STERADIAN. ) SOLID_ANGLE_UNIT ( ) );
#990 = ORIENTED_EDGE ( 'NONE', *, *, #105, .F. ) ;
#991 = CARTESIAN_POINT ( 'NONE',  ( 90.00000000000000000, 0.000000000000000000, -10.24999999999998224 ) ) ;
#992 = CARTESIAN_POINT ( 'NONE',  ( 14.84924240491768188, 20.00000000000000000, -14.84924240491732128 ) ) ;
#993 = LINE ( 'NONE', #316, #342 ) ;
#994 = ORIENTED_EDGE ( 'NONE', *, *, #1179, .T. ) ;
#995 = ORIENTED_EDGE ( 'NONE', *, *, #375, .F. ) ;
#996 = ADVANCED_FACE ( 'NONE', ( #650 ), #1092, .T. ) ;
#997 = LINE ( 'NONE', #472, #122 ) ;
#998 = ORIENTED_EDGE ( 'NONE', *, *, #784, .F. ) ;
#999 = LINE ( 'NONE', #314, #296 ) ;
#1000 = AXIS2_PLACEMENT_3D ( 'NONE', #956, #35, #252 ) ;
#1001 = DIRECTION ( 'NONE',  ( 0.000000000000000000, 0.000000000000000000, 1.000000000000000000 ) ) ;
#1002 = ORIENTED_EDGE ( 'NONE', *, *, #462, .T. ) ;
#1003 = AXIS2_PLACEMENT_3D ( 'NONE', #1132, #340, #217 ) ;
#1004 = CIRCLE ( 'NONE', #535, 2.099999999999997868 ) ;
#1005 = ORIENTED_EDGE ( 'NONE', *, *, #4, .T. ) ;
#1006 = CARTESIAN_POINT ( 'NONE',  ( 0.000000000000000000, 0.000000000000000000, 0.000000000000000000 ) ) ;
#1007 = EDGE_CURVE ( 'NONE', #216, #1028, #518, .T. ) ;
#1008 = VERTEX_POINT ( 'NONE', #991 ) ;
#1009 = CARTESIAN_POINT ( 'NONE',  ( 30.00000000000000000, 0.000000000000000000, 10.00000000000000000 ) ) ;
#1010 = CARTESIAN_POINT ( 'NONE',  ( -90.00000000000000000, 20.00000000000000000, 10.25000000000000888 ) ) ;
#1011 = EDGE_LOOP ( 'NONE', ( #84, #727 ) ) ;
#1012 = PERSON_AND_ORGANIZATION_ROLE ( 'classification_officer' ) ;
#1013 = ORIENTED_EDGE ( 'NONE', *, *, #829, .F. ) ;
#1014 = LINE ( 'NONE', #1228, #438 ) ;
#1015 = VERTEX_POINT ( 'NONE', #1190 ) ;
#1016 = CARTESIAN_POINT ( 'NONE',  ( 80.25000000000000000, 20.00000000000000000, 20.00000000000000711 ) ) ;
#1017 = CARTESIAN_POINT ( 'NONE',  ( -80.25000000000000000, 0.000000000000000000, 10.25000000000000711 ) ) ;
#1018 = ADVANCED_FACE ( 'NONE', ( #411 ), #663, .F. ) ;
#1019 = ORIENTED_EDGE ( 'NONE', *, *, #774, .T. ) ;
#1020 = DIRECTION ( 'NONE',  ( 0.000000000000000000, 0.000000000000000000, 1.000000000000000000 ) ) ;
#1021 = ORIENTED_EDGE ( 'NONE', *, *, #406, .F. ) ;
#1022 = FACE_OUTER_BOUND ( 'NONE', #807, .T. ) ;
#1023 = FACE_OUTER_BOUND ( 'NONE', #343, .T. ) ;
#1024 = EDGE_LOOP ( 'NONE', ( #259, #565, #712, #1353, #545, #221, #1443, #350, #667, #141, #323, #615, #716, #698, #90, #1359, #934, #819, #597, #18, #792 ) ) ;
#1025 = EDGE_CURVE ( 'NONE', #779, #977, #1215, .T. ) ;
#1026 = AXIS2_PLACEMENT_3D ( 'NONE', #802, #1354, #352 ) ;
#1027 = FACE_OUTER_BOUND ( 'NONE', #1181, .T. ) ;
#1028 = VERTEX_POINT ( 'NONE', #1207 ) ;
#1029 = CARTESIAN_POINT ( 'NONE',  ( 2.199633243471174140E-13, 20.00000000000000000, -20.99999999999999645 ) ) ;
#1030 = CARTESIAN_POINT ( 'NONE',  ( -30.00000000000000000, 0.000000000000000000, -10.00000000000000000 ) ) ;
#1031 = VERTEX_POINT ( 'NONE', #1100 ) ;
#1032 = AXIS2_PLACEMENT_3D ( 'NONE', #864, #635, #628 ) ;
#1033 = VECTOR ( 'NONE', #505, 1000.000000000000000 ) ;
#1034 = CARTESIAN_POINT ( 'NONE',  ( 22.36067977499791581, 0.000000000000000000, -19.99999999999997868 ) ) ;
#1035 = EDGE_CURVE ( 'NONE', #1236, #63, #753, .T. ) ;
#1036 = ORIENTED_EDGE ( 'NONE', *, *, #390, .F. ) ;
#1037 = DIRECTION ( 'NONE',  ( 5.129334446905298846E-17, 0.000000000000000000, -1.000000000000000000 ) ) ;
#1038 = DIRECTION ( 'NONE',  ( -1.000000000000000000, 0.000000000000000000, -0.000000000000000000 ) ) ;
#1039 = ORIENTED_EDGE ( 'NONE', *, *, #942, .F. ) ;
#1040 = ORIENTED_EDGE ( 'NONE', *, *, #1025, .F. ) ;
#1041 = AXIS2_PLACEMENT_3D ( 'NONE', #237, #1037, #14 ) ;
#1042 = CARTESIAN_POINT ( 'NONE',  ( -90.00000000000000000, -63.24555320336758513, -10.00000000000000000 ) ) ;
#1043 = ADVANCED_FACE ( 'NONE', ( #70 ), #403, .F. ) ;
#1044 = EDGE_LOOP ( 'NONE', ( #1040, #1150 ) ) ;
#1045 = DIRECTION ( 'NONE',  ( 3.590534112833708514E-16, 0.000000000000000000, -1.000000000000000000 ) ) ;
#1046 = DIRECTION ( 'NONE',  ( -0.000000000000000000, 1.000000000000000000, -0.000000000000000000 ) ) ;
#1047 = EDGE_LOOP ( 'NONE', ( #629, #94, #117, #509 ) ) ;
#1048 = ORIENTED_EDGE ( 'NONE', *, *, #897, .F. ) ;
#1049 = VECTOR ( 'NONE', #1382, 1000.000000000000000 ) ;
#1050 = DIRECTION ( 'NONE',  ( 0.000000000000000000, 1.000000000000000000, 0.000000000000000000 ) ) ;
#1051 = VECTOR ( 'NONE', #355, 1000.000000000000000 ) ;
#1052 = VERTEX_POINT ( 'NONE', #859 ) ;
#1053 = DIRECTION ( 'NONE',  ( 0.000000000000000000, -1.000000000000000000, 0.000000000000000000 ) ) ;
#1054 = AXIS2_PLACEMENT_3D ( 'NONE', #806, #904, #926 ) ;
#1055 = DIRECTION ( 'NONE',  ( 3.590534112833708514E-16, -0.000000000000000000, 1.000000000000000000 ) ) ;
#1056 = FACE_BOUND ( 'NONE', #1185, .T. ) ;
#1057 = DIRECTION ( 'NONE',  ( -0.000000000000000000, -1.000000000000000000, -0.000000000000000000 ) ) ;
#1058 = EDGE_LOOP ( 'NONE', ( #1388, #458 ) ) ;
#1059 = DIRECTION ( 'NONE',  ( -0.000000000000000000, 1.000000000000000000, -0.000000000000000000 ) ) ;
#1060 = CARTESIAN_POINT ( 'NONE',  ( 21.00000000000000000, -5.939696961967007027, 0.000000000000000000 ) ) ;
#1061 = EDGE_CURVE ( 'NONE', #1405, #1456, #985, .T. ) ;
#1062 = CARTESIAN_POINT ( 'NONE',  ( -14.84924240491757885, 20.00000000000000000, 16.94924240491742040 ) ) ;
#1063 = CARTESIAN_POINT ( 'NONE',  ( 80.25000000000000000, 20.00000000000000000, -19.99999999999998224 ) ) ;
#1064 = VERTEX_POINT ( 'NONE', #198 ) ;
#1065 = CARTESIAN_POINT ( 'NONE',  ( -30.00000000000000000, 0.000000000000000000, 10.00000000000000000 ) ) ;
#1066 = CARTESIAN_POINT ( 'NONE',  ( -14.84924240491737102, 20.00000000000000000, -14.84924240491763392 ) ) ;
#1067 = DIRECTION ( 'NONE',  ( 0.000000000000000000, 0.000000000000000000, 1.000000000000000000 ) ) ;
#1068 = EDGE_CURVE ( 'NONE', #333, #358, #78, .T. ) ;
#1069 = MECHANICAL_CONTEXT ( 'NONE', #445, 'mechanical' ) ;
#1070 = AXIS2_PLACEMENT_3D ( 'NONE', #64, #529, #978 ) ;
#1071 = VERTEX_POINT ( 'NONE', #174 ) ;
#1072 = DIRECTION ( 'NONE',  ( 0.000000000000000000, 0.000000000000000000, 1.000000000000000000 ) ) ;
#1073 = VECTOR ( 'NONE', #925, 1000.000000000000000 ) ;
#1074 = CARTESIAN_POINT ( 'NONE',  ( -90.00000000000000000, 20.00000000000000000, 20.00000000000001066 ) ) ;
#1075 = DIRECTION ( 'NONE',  ( -0.000000000000000000, 1.000000000000000000, -0.000000000000000000 ) ) ;
#1076 = EDGE_CURVE ( 'NONE', #1015, #929, #464, .T. ) ;
#1077 = ORIENTED_EDGE ( 'NONE', *, *, #782, .T. ) ;
#1078 = EDGE_CURVE ( 'NONE', #486, #230, #766, .T. ) ;
#1079 = CARTESIAN_POINT ( 'NONE',  ( 90.00000000000000000, -63.24555320336758513, 10.00000000000000000 ) ) ;
#1080 = FACE_OUTER_BOUND ( 'NONE', #911, .T. ) ;
#1081 = FACE_BOUND ( 'NONE', #692, .T. ) ;
#1082 = CALENDAR_DATE ( 2026, 23, 7 ) ;
#1083 = ORIENTED_EDGE ( 'NONE', *, *, #1140, .T. ) ;
#1084 = DIRECTION ( 'NONE',  ( 0.000000000000000000, 0.000000000000000000, 1.000000000000000000 ) ) ;
#1085 = VECTOR ( 'NONE', #626, 1000.000000000000000 ) ;
#1086 = ADVANCED_FACE ( 'NONE', ( #1212 ), #760, .F. ) ;
#1087 = VECTOR ( 'NONE', #453, 1000.000000000000000 ) ;
#1088 = LINE ( 'NONE', #65, #142 ) ;
#1089 = DIRECTION ( 'NONE',  ( -0.000000000000000000, 1.000000000000000000, -0.000000000000000000 ) ) ;
#1090 = APPROVAL_ROLE ( '' ) ;
#1091 = ORIENTED_EDGE ( 'NONE', *, *, #817, .T. ) ;
#1092 = CYLINDRICAL_SURFACE ( 'NONE', #937, 30.00000000000000000 ) ;
#1093 = DIRECTION ( 'NONE',  ( -0.000000000000000000, 1.000000000000000000, -0.000000000000000000 ) ) ;
#1094 = EDGE_CURVE ( 'NONE', #1219, #109, #387, .T. ) ;
#1095 = AXIS2_PLACEMENT_3D ( 'NONE', #12, #725, #1154 ) ;
#1096 = DIRECTION ( 'NONE',  ( 0.000000000000000000, -0.000000000000000000, -1.000000000000000000 ) ) ;
#1097 = CIRCLE ( 'NONE', #1194, 9.750000000000000000 ) ;
#1098 = CARTESIAN_POINT ( 'NONE',  ( 14.84924240491768188, 20.00000000000000000, -16.94924240491731737 ) ) ;
#1099 = ORIENTED_EDGE ( 'NONE', *, *, #1078, .F. ) ;
#1100 = CARTESIAN_POINT ( 'NONE',  ( -80.25000000000000000, 0.000000000000000000, -19.99999999999998224 ) ) ;
#1101 = LOCAL_TIME ( 16, 5, 3.000000000000000000, #82 ) ;
#1102 = CARTESIAN_POINT ( 'NONE',  ( -21.00000000000000000, 0.000000000000000000, 2.099999999999853095 ) ) ;
#1103 = DIRECTION ( 'NONE',  ( -1.000000000000000000, 0.000000000000000000, 0.000000000000000000 ) ) ;
#1104 = ORIENTED_EDGE ( 'NONE', *, *, #116, .F. ) ;
#1105 = EDGE_CURVE ( 'NONE', #1467, #1290, #776, .T. ) ;
#1106 = ORIENTED_EDGE ( 'NONE', *, *, #644, .F. ) ;
#1107 = DIRECTION ( 'NONE',  ( 0.000000000000000000, 0.000000000000000000, -1.000000000000000000 ) ) ;
#1108 = EDGE_LOOP ( 'NONE', ( #943, #320 ) ) ;
#1109 = CARTESIAN_POINT ( 'NONE',  ( 14.84924240491768188, 0.000000000000000000, -12.74924240491732164 ) ) ;
#1110 = CARTESIAN_POINT ( 'NONE',  ( 14.84924240491768188, 0.000000000000000000, -14.84924240491732128 ) ) ;
#1111 = ORIENTED_EDGE ( 'NONE', *, *, #608, .T. ) ;
#1112 = SHAPE_DEFINITION_REPRESENTATION ( #270, #334 ) ;
#1113 = EDGE_CURVE ( 'NONE', #1447, #216, #773, .T. ) ;
#1114 = VERTEX_POINT ( 'NONE', #420 ) ;
#1115 = PLANE ( 'NONE',  #47 ) ;
#1116 = ORIENTED_EDGE ( 'NONE', *, *, #178, .T. ) ;
#1117 = CARTESIAN_POINT ( 'NONE',  ( -90.00000000000000000, 0.000000000000000000, -10.24999999999998224 ) ) ;
#1118 = CIRCLE ( 'NONE', #890, 30.00000000000000000 ) ;
#1119 = DIRECTION ( 'NONE',  ( -0.000000000000000000, 1.000000000000000000, -0.000000000000000000 ) ) ;
#1120 = VERTEX_POINT ( 'NONE', #542 ) ;
#1121 = AXIS2_PLACEMENT_3D ( 'NONE', #166, #37, #1297 ) ;
#1122 = EDGE_LOOP ( 'NONE', ( #469, #99, #440, #797 ) ) ;
#1123 = CYLINDRICAL_SURFACE ( 'NONE', #820, 2.100000000000000977 ) ;
#1124 = EDGE_CURVE ( 'NONE', #1318, #1363, #1367, .T. ) ;
#1125 = EDGE_LOOP ( 'NONE', ( #1169, #1129, #1245, #1138 ) ) ;
#1126 = DIRECTION ( 'NONE',  ( 0.000000000000000000, 1.000000000000000000, 0.000000000000000000 ) ) ;
#1127 = DIRECTION ( 'NONE',  ( 0.000000000000000000, 0.000000000000000000, 1.000000000000000000 ) ) ;
#1128 = ORIENTED_EDGE ( 'NONE', *, *, #1068, .F. ) ;
#1129 = ORIENTED_EDGE ( 'NONE', *, *, #22, .T. ) ;
#1130 = CARTESIAN_POINT ( 'NONE',  ( 22.36067977499790871, 20.00000000000000000, 19.99999999999998579 ) ) ;
#1131 = EDGE_LOOP ( 'NONE', ( #222, #946, #448, #601 ) ) ;
#1132 = CARTESIAN_POINT ( 'NONE',  ( 0.000000000000000000, 20.00000000000000000, 0.000000000000000000 ) ) ;
#1133 = EDGE_CURVE ( 'NONE', #1384, #873, #575, .T. ) ;
#1134 = DIRECTION ( 'NONE',  ( -0.000000000000000000, -1.000000000000000000, -0.000000000000000000 ) ) ;
#1135 = ORIENTED_EDGE ( 'NONE', *, *, #1186, .T. ) ;
#1136 = COORDINATED_UNIVERSAL_TIME_OFFSET ( 3, 30, .AHEAD. ) ;
#1137 = DIRECTION ( 'NONE',  ( -0.000000000000000000, -1.000000000000000000, -0.000000000000000000 ) ) ;
#1138 = ORIENTED_EDGE ( 'NONE', *, *, #423, .F. ) ;
#1139 = CARTESIAN_POINT ( 'NONE',  ( -7.332110811570580046E-14, 20.00000000000000000, 21.00000000000000000 ) ) ;
#1140 = EDGE_CURVE ( 'NONE', #664, #527, #1332, .T. ) ;
#1141 = DIRECTION ( 'NONE',  ( -0.000000000000000000, 1.000000000000000000, -0.000000000000000000 ) ) ;
#1142 = EDGE_LOOP ( 'NONE', ( #1324, #892, #3, #69 ) ) ;
#1143 = VECTOR ( 'NONE', #1346, 1000.000000000000000 ) ;
#1144 = EDGE_CURVE ( 'NONE', #1120, #1028, #997, .T. ) ;
#1145 = AXIS2_PLACEMENT_3D ( 'NONE', #846, #834, #392 ) ;
#1146 = CARTESIAN_POINT ( 'NONE',  ( -7.332110811570580046E-14, -5.939696961967007027, 23.10000000000000142 ) ) ;
#1147 = ORIENTED_EDGE ( 'NONE', *, *, #826, .T. ) ;
#1148 = PLANE ( 'NONE',  #639 ) ;
#1149 = CARTESIAN_POINT ( 'NONE',  ( 21.00000000000000000, 20.00000000000000000, 0.000000000000000000 ) ) ;
#1150 = ORIENTED_EDGE ( 'NONE', *, *, #299, .F. ) ;
#1151 = EDGE_CURVE ( 'NONE', #1158, #205, #1014, .T. ) ;
#1152 = AXIS2_PLACEMENT_3D ( 'NONE', #87, #658, #876 ) ;
#1153 = AXIS2_PLACEMENT_3D ( 'NONE', #1400, #386, #966 ) ;
#1154 = DIRECTION ( 'NONE',  ( 0.000000000000000000, 0.000000000000000000, 1.000000000000000000 ) ) ;
#1155 = ORIENTED_EDGE ( 'NONE', *, *, #479, .T. ) ;
#1156 = DIRECTION ( 'NONE',  ( -0.000000000000000000, 1.000000000000000000, -0.000000000000000000 ) ) ;
#1157 = FACE_OUTER_BOUND ( 'NONE', #378, .T. ) ;
#1158 = VERTEX_POINT ( 'NONE', #901 ) ;
#1159 = ORIENTED_EDGE ( 'NONE', *, *, #1094, .T. ) ;
#1160 = VECTOR ( 'NONE', #157, 1000.000000000000000 ) ;
#1161 = AXIS2_PLACEMENT_3D ( 'NONE', #1270, #1259, #9 ) ;
#1162 = CARTESIAN_POINT ( 'NONE',  ( -30.00000000000000000, 0.000000000000000000, 10.00000000000000000 ) ) ;
#1163 = EDGE_LOOP ( 'NONE', ( #6, #503 ) ) ;
#1164 = FACE_OUTER_BOUND ( 'NONE', #1131, .T. ) ;
#1165 = CARTESIAN_POINT ( 'NONE',  ( -90.00000000000000000, 20.00000000000000000, 20.00000000000001066 ) ) ;
#1166 = DIRECTION ( 'NONE',  ( 0.000000000000000000, 0.000000000000000000, 1.000000000000000000 ) ) ;
#1167 = AXIS2_PLACEMENT_3D ( 'NONE', #129, #1057, #258 ) ;
#1168 = LINE ( 'NONE', #621, #1287 ) ;
#1169 = ORIENTED_EDGE ( 'NONE', *, *, #406, .T. ) ;
#1170 = DIRECTION ( 'NONE',  ( -0.000000000000000000, 1.000000000000000000, -0.000000000000000000 ) ) ;
#1171 = EDGE_CURVE ( 'NONE', #706, #622, #1468, .T. ) ;
#1172 = CIRCLE ( 'NONE', #98, 2.099999999999999645 ) ;
#1173 = DIRECTION ( 'NONE',  ( -1.000000000000000000, 0.000000000000000000, 0.000000000000000000 ) ) ;
#1174 = CARTESIAN_POINT ( 'NONE',  ( -21.00000000000000000, 0.000000000000000000, -2.100000000000146638 ) ) ;
#1175 = LINE ( 'NONE', #1034, #729 ) ;
#1176 = ORIENTED_EDGE ( 'NONE', *, *, #353, .F. ) ;
#1177 = DIRECTION ( 'NONE',  ( -0.000000000000000000, 1.000000000000000000, -0.000000000000000000 ) ) ;
#1178 = CARTESIAN_POINT ( 'NONE',  ( -21.00000000000000000, 0.000000000000000000, -1.466422162314116009E-13 ) ) ;
#1179 = EDGE_CURVE ( 'NONE', #480, #282, #288, .T. ) ;
#1180 = FACE_BOUND ( 'NONE', #795, .T. ) ;
#1181 = EDGE_LOOP ( 'NONE', ( #1048, #605, #702, #317 ) ) ;
#1182 = DIRECTION ( 'NONE',  ( -0.000000000000000000, 1.000000000000000000, -0.000000000000000000 ) ) ;
#1183 = CYLINDRICAL_SURFACE ( 'NONE', #273, 6.299999999999999822 ) ;
#1184 = DIRECTION ( 'NONE',  ( -0.000000000000000000, 1.000000000000000000, -0.000000000000000000 ) ) ;
#1185 = EDGE_LOOP ( 'NONE', ( #145, #339 ) ) ;
#1186 = EDGE_CURVE ( 'NONE', #1335, #1249, #223, .T. ) ;
#1187 = FACE_OUTER_BOUND ( 'NONE', #1466, .T. ) ;
#1188 = AXIS2_PLACEMENT_3D ( 'NONE', #1404, #150, #936 ) ;
#1189 = ORIENTED_EDGE ( 'NONE', *, *, #1341, .F. ) ;
#1190 = CARTESIAN_POINT ( 'NONE',  ( -14.84924240491757885, 0.000000000000000000, 16.94924240491742040 ) ) ;
#1191 = VECTOR ( 'NONE', #742, 1000.000000000000000 ) ;
#1192 = VECTOR ( 'NONE', #233, 1000.000000000000000 ) ;
#1193 = CARTESIAN_POINT ( 'NONE',  ( -14.84924240491757885, -5.939696961967007027, 14.84924240491742076 ) ) ;
#1194 = AXIS2_PLACEMENT_3D ( 'NONE', #1350, #799, #1127 ) ;
#1195 = DIRECTION ( 'NONE',  ( 0.000000000000000000, 0.000000000000000000, 1.000000000000000000 ) ) ;
#1196 = ORIENTED_EDGE ( 'NONE', *, *, #1376, .F. ) ;
#1197 = PERSON_AND_ORGANIZATION ( #62, #1221 ) ;
#1198 = EDGE_CURVE ( 'NONE', #10, #684, #549, .T. ) ;
#1199 = VERTEX_POINT ( 'NONE', #457 ) ;
#1200 = CARTESIAN_POINT ( 'NONE',  ( 0.000000000000000000, 20.00000000000000000, 0.000000000000000000 ) ) ;
#1201 = CARTESIAN_POINT ( 'NONE',  ( 14.84924240491768188, 0.000000000000000000, -16.94924240491731737 ) ) ;
#1202 = AXIS2_PLACEMENT_3D ( 'NONE', #1178, #45, #714 ) ;
#1203 = CARTESIAN_POINT ( 'NONE',  ( 14.84924240491747582, -5.939696961967007027, 16.94924240491752343 ) ) ;
#1204 = FACE_OUTER_BOUND ( 'NONE', #602, .T. ) ;
#1205 = VECTOR ( 'NONE', #1075, 1000.000000000000000 ) ;
#1206 = ORIENTED_EDGE ( 'NONE', *, *, #594, .F. ) ;
#1207 = CARTESIAN_POINT ( 'NONE',  ( 90.00000000000000000, 20.00000000000000000, 10.00000000000000000 ) ) ;
#1208 = DIRECTION ( 'NONE',  ( -0.000000000000000000, 0.000000000000000000, 1.000000000000000000 ) ) ;
#1209 = CARTESIAN_POINT ( 'NONE',  ( 0.000000000000000000, 20.00000000000000000, 0.000000000000000000 ) ) ;
#1210 = PLANE ( 'NONE',  #1251 ) ;
#1211 = EDGE_LOOP ( 'NONE', ( #360, #450, #662, #661 ) ) ;
#1212 = FACE_OUTER_BOUND ( 'NONE', #548, .T. ) ;
#1213 = APPROVAL ( #1323, 'UNSPECIFIED' ) ;
#1214 = DIRECTION ( 'NONE',  ( 0.000000000000000000, 0.000000000000000000, 1.000000000000000000 ) ) ;
#1215 = CIRCLE ( 'NONE', #847, 2.100000000000000533 ) ;
#1216 = EDGE_CURVE ( 'NONE', #687, #110, #1449, .T. ) ;
#1217 = DIRECTION ( 'NONE',  ( -0.000000000000000000, 1.000000000000000000, -0.000000000000000000 ) ) ;
#1218 = EDGE_LOOP ( 'NONE', ( #786, #902, #645, #1475 ) ) ;
#1219 = VERTEX_POINT ( 'NONE', #907 ) ;
#1220 = CARTESIAN_POINT ( 'NONE',  ( 30.00000000000000000, -63.24555320336758513, -10.00000000000000000 ) ) ;
#1221 = ORGANIZATION ( 'UNSPECIFIED', 'UNSPECIFIED', '' ) ;
#1222 = DIRECTION ( 'NONE',  ( -0.000000000000000000, 1.000000000000000000, -0.000000000000000000 ) ) ;
#1223 = EDGE_CURVE ( 'NONE', #491, #106, #1460, .T. ) ;
#1224 = DIRECTION ( 'NONE',  ( 0.000000000000000000, 0.000000000000000000, 1.000000000000000000 ) ) ;
#1225 = ORIENTED_EDGE ( 'NONE', *, *, #315, .T. ) ;
#1226 = PERSON_AND_ORGANIZATION ( #62, #1221 ) ;
#1227 = ORIENTED_EDGE ( 'NONE', *, *, #701, .T. ) ;
#1228 = CARTESIAN_POINT ( 'NONE',  ( -80.25000000000000000, 20.00000000000000000, 20.00000000000000711 ) ) ;
#1229 = ORIENTED_EDGE ( 'NONE', *, *, #178, .F. ) ;
#1230 = CARTESIAN_POINT ( 'NONE',  ( 80.25000000000000000, 20.00000000000000000, 20.00000000000000711 ) ) ;
#1231 = FACE_BOUND ( 'NONE', #1108, .T. ) ;
#1232 = ORIENTED_EDGE ( 'NONE', *, *, #390, .T. ) ;
#1233 = EDGE_CURVE ( 'NONE', #1405, #476, #788, .T. ) ;
#1234 = PERSON_AND_ORGANIZATION_ROLE ( 'design_supplier' ) ;
#1235 = ADVANCED_FACE ( 'NONE', ( #119 ), #1115, .T. ) ;
#1236 = VERTEX_POINT ( 'NONE', #894 ) ;
#1237 = DIRECTION ( 'NONE',  ( -1.000000000000000000, 0.000000000000000000, 0.000000000000000000 ) ) ;
#1238 = ORIENTED_EDGE ( 'NONE', *, *, #169, .F. ) ;
#1239 = CARTESIAN_POINT ( 'NONE',  ( -80.25000000000000000, 20.00000000000000000, -19.99999999999998224 ) ) ;
#1240 = AXIS2_PLACEMENT_3D ( 'NONE', #478, #1050, #389 ) ;
#1241 = FACE_OUTER_BOUND ( 'NONE', #213, .T. ) ;
#1242 = VERTEX_POINT ( 'NONE', #92 ) ;
#1243 = CIRCLE ( 'NONE', #555, 9.750000000000000000 ) ;
#1244 = AXIS2_PLACEMENT_3D ( 'NONE', #708, #578, #932 ) ;
#1245 = ORIENTED_EDGE ( 'NONE', *, *, #356, .T. ) ;
#1246 = EDGE_CURVE ( 'NONE', #1114, #1242, #1118, .T. ) ;
#1247 = DIRECTION ( 'NONE',  ( -0.000000000000000000, -1.000000000000000000, -0.000000000000000000 ) ) ;
#1248 = VECTOR ( 'NONE', #1093, 1000.000000000000000 ) ;
#1249 = VERTEX_POINT ( 'NONE', #697 ) ;
#1250 = LINE ( 'NONE', #226, #1312 ) ;
#1251 = AXIS2_PLACEMENT_3D ( 'NONE', #1316, #1302, #533 ) ;
#1252 = DIRECTION ( 'NONE',  ( 0.000000000000000000, 1.000000000000000000, 0.000000000000000000 ) ) ;
#1253 = ORIENTED_EDGE ( 'NONE', *, *, #1007, .F. ) ;
#1254 = AXIS2_PLACEMENT_3D ( 'NONE', #618, #161, #861 ) ;
#1255 = FACE_OUTER_BOUND ( 'NONE', #210, .T. ) ;
#1256 = EDGE_CURVE ( 'NONE', #1384, #1236, #206, .T. ) ;
#1257 = ORIENTED_EDGE ( 'NONE', *, *, #251, .F. ) ;
#1258 = DIRECTION ( 'NONE',  ( -0.000000000000000000, 1.000000000000000000, -0.000000000000000000 ) ) ;
#1259 = DIRECTION ( 'NONE',  ( 0.000000000000000000, 1.000000000000000000, 0.000000000000000000 ) ) ;
#1260 = ORIENTED_EDGE ( 'NONE', *, *, #39, .F. ) ;
#1261 = CARTESIAN_POINT ( 'NONE',  ( -22.36067977499791581, 20.00000000000000000, -19.99999999999997868 ) ) ;
#1262 = ORIENTED_EDGE ( 'NONE', *, *, #726, .T. ) ;
#1263 = DIRECTION ( 'NONE',  ( -1.000000000000000000, 0.000000000000000000, 0.000000000000000000 ) ) ;
#1264 = CARTESIAN_POINT ( 'NONE',  ( 14.84924240491747582, 20.00000000000000000, 12.74924240491752592 ) ) ;
#1265 = ORIENTED_EDGE ( 'NONE', *, *, #963, .T. ) ;
#1266 = VECTOR ( 'NONE', #923, 1000.000000000000000 ) ;
#1267 = PLANE ( 'NONE',  #654 ) ;
#1268 = ORIENTED_EDGE ( 'NONE', *, *, #383, .F. ) ;
#1269 = FACE_OUTER_BOUND ( 'NONE', #1347, .T. ) ;
#1270 = CARTESIAN_POINT ( 'NONE',  ( -21.00000000000000000, 20.00000000000000000, -1.466422162314116009E-13 ) ) ;
#1271 = EDGE_LOOP ( 'NONE', ( #130, #1422 ) ) ;
#1272 = ORIENTED_EDGE ( 'NONE', *, *, #137, .F. ) ;
#1273 = LINE ( 'NONE', #711, #1357 ) ;
#1274 = ORIENTED_EDGE ( 'NONE', *, *, #774, .F. ) ;
#1275 = LINE ( 'NONE', #504, #218 ) ;
#1276 = DIRECTION ( 'NONE',  ( -0.000000000000000000, -1.000000000000000000, -0.000000000000000000 ) ) ;
#1277 = DIRECTION ( 'NONE',  ( 0.000000000000000000, 1.000000000000000000, 0.000000000000000000 ) ) ;
#1278 = PRODUCT_RELATED_PRODUCT_CATEGORY ( 'detail', '', ( #52 ) ) ;
#1279 = VECTOR ( 'NONE', #506, 1000.000000000000000 ) ;
#1280 = AXIS2_PLACEMENT_3D ( 'NONE', #571, #2, #910 ) ;
#1281 = UNCERTAINTY_MEASURE_WITH_UNIT (LENGTH_MEASURE( 1.000000000000000082E-05 ), #886, 'distance_accuracy_value', 'NONE');
#1282 = DIRECTION ( 'NONE',  ( -0.000000000000000000, -1.000000000000000000, -0.000000000000000000 ) ) ;
#1283 = ORIENTED_EDGE ( 'NONE', *, *, #957, .T. ) ;
#1284 = DIRECTION ( 'NONE',  ( -0.000000000000000000, -1.000000000000000000, -0.000000000000000000 ) ) ;
#1285 = DIRECTION ( 'NONE',  ( 1.000000000000000000, 0.000000000000000000, -3.590534112833708514E-16 ) ) ;
#1286 = CYLINDRICAL_SURFACE ( 'NONE', #16, 9.750000000000000000 ) ;
#1287 = VECTOR ( 'NONE', #508, 1000.000000000000000 ) ;
#1288 = DIRECTION ( 'NONE',  ( 0.000000000000000000, -0.000000000000000000, -1.000000000000000000 ) ) ;
#1289 = EDGE_CURVE ( 'NONE', #622, #684, #1309, .T. ) ;
#1290 = VERTEX_POINT ( 'NONE', #346 ) ;
#1291 = CARTESIAN_POINT ( 'NONE',  ( 21.00000000000000000, 20.00000000000000000, -2.100000000000000533 ) ) ;
#1292 = AXIS2_PLACEMENT_3D ( 'NONE', #648, #189, #1001 ) ;
#1293 = DIRECTION ( 'NONE',  ( 0.000000000000000000, 0.000000000000000000, -1.000000000000000000 ) ) ;
#1294 = DIRECTION ( 'NONE',  ( 0.000000000000000000, 0.000000000000000000, 1.000000000000000000 ) ) ;
#1295 = LINE ( 'NONE', #928, #1049 ) ;
#1296 = ORIENTED_EDGE ( 'NONE', *, *, #982, .F. ) ;
#1297 = DIRECTION ( 'NONE',  ( 0.000000000000000000, 0.000000000000000000, 1.000000000000000000 ) ) ;
#1298 = ADVANCED_FACE ( 'NONE', ( #1027 ), #1123, .F. ) ;
#1299 = CARTESIAN_POINT ( 'NONE',  ( -21.00000000000000000, -5.939696961967007027, 2.099999999999853095 ) ) ;
#1300 = CARTESIAN_POINT ( 'NONE',  ( 90.00000000000000000, 20.00000000000000000, -19.99999999999998224 ) ) ;
#1301 = ORIENTED_EDGE ( 'NONE', *, *, #1325, .T. ) ;
#1302 = DIRECTION ( 'NONE',  ( -1.000000000000000000, 0.000000000000000000, 0.000000000000000000 ) ) ;
#1303 = EDGE_LOOP ( 'NONE', ( #1238, #185 ) ) ;
#1304 = DIRECTION ( 'NONE',  ( -0.000000000000000000, -1.000000000000000000, -0.000000000000000000 ) ) ;
#1305 = CARTESIAN_POINT ( 'NONE',  ( -30.00000000000000000, -63.24555320336758513, -10.00000000000000000 ) ) ;
#1306 = ADVANCED_FACE ( 'NONE', ( #1255 ), #5, .T. ) ;
#1307 = CARTESIAN_POINT ( 'NONE',  ( 80.25000000000000000, 20.00000000000000000, 10.25000000000000533 ) ) ;
#1308 = APPROVAL_ROLE ( '' ) ;
#1309 = CIRCLE ( 'NONE', #868, 30.00000000000000000 ) ;
#1310 = VERTEX_POINT ( 'NONE', #950 ) ;
#1311 = DIRECTION ( 'NONE',  ( -0.000000000000000000, 1.000000000000000000, -0.000000000000000000 ) ) ;
#1312 = VECTOR ( 'NONE', #583, 1000.000000000000000 ) ;
#1313 = CARTESIAN_POINT ( 'NONE',  ( 30.00000000000000000, 0.000000000000000000, 10.00000000000000000 ) ) ;
#1314 = CARTESIAN_POINT ( 'NONE',  ( -7.306393228788485917E-14, 20.00000000000000000, 18.89999999999999858 ) ) ;
#1315 = CIRCLE ( 'NONE', #738, 2.099999999999997868 ) ;
#1316 = CARTESIAN_POINT ( 'NONE',  ( 90.00000000000000000, 20.00000000000000000, -19.99999999999998224 ) ) ;
#1317 = LOCAL_TIME ( 16, 5, 3.000000000000000000, #281 ) ;
#1318 = VERTEX_POINT ( 'NONE', #377 ) ;
#1319 = DIRECTION ( 'NONE',  ( -0.000000000000000000, 1.000000000000000000, -0.000000000000000000 ) ) ;
#1320 = FACE_OUTER_BOUND ( 'NONE', #800, .T. ) ;
#1321 = CYLINDRICAL_SURFACE ( 'NONE', #265, 2.100000000000000089 ) ;
#1322 = ORIENTED_EDGE ( 'NONE', *, *, #843, .F. ) ;
#1323 = APPROVAL_STATUS ( 'not_yet_approved' ) ;
#1324 = ORIENTED_EDGE ( 'NONE', *, *, #1289, .T. ) ;
#1325 = EDGE_CURVE ( 'NONE', #1249, #106, #678, .T. ) ;
#1326 = CARTESIAN_POINT ( 'NONE',  ( -90.00000000000000000, 0.000000000000000000, -10.00000000000000000 ) ) ;
#1327 = LINE ( 'NONE', #775, #1248 ) ;
#1328 = DIRECTION ( 'NONE',  ( -0.000000000000000000, 1.000000000000000000, -0.000000000000000000 ) ) ;
#1329 = ORIENTED_EDGE ( 'NONE', *, *, #224, .T. ) ;
#1330 = CARTESIAN_POINT ( 'NONE',  ( 0.000000000000000000, -63.24555320336758513, 0.000000000000000000 ) ) ;
#1331 = EDGE_CURVE ( 'NONE', #1008, #900, #717, .T. ) ;
#1332 = CIRCLE ( 'NONE', #778, 2.099999999999999645 ) ;
#1333 = DIRECTION ( 'NONE',  ( -1.000000000000000000, 0.000000000000000000, -0.000000000000000000 ) ) ;
#1334 = LINE ( 'NONE', #983, #559 ) ;
#1335 = VERTEX_POINT ( 'NONE', #945 ) ;
#1336 = ORIENTED_EDGE ( 'NONE', *, *, #251, .T. ) ;
#1337 = CARTESIAN_POINT ( 'NONE',  ( 14.84924240491768188, 0.000000000000000000, -14.84924240491732128 ) ) ;
#1338 = CC_DESIGN_SECURITY_CLASSIFICATION ( #875, ( #986 ) ) ;
#1339 = ORIENTED_EDGE ( 'NONE', *, *, #1151, .F. ) ;
#1340 = CYLINDRICAL_SURFACE ( 'NONE', #1436, 2.100000000000000533 ) ;
#1341 = EDGE_CURVE ( 'NONE', #374, #734, #1295, .T. ) ;
#1342 = FACE_BOUND ( 'NONE', #801, .T. ) ;
#1343 = EDGE_CURVE ( 'NONE', #1369, #333, #359, .T. ) ;
#1344 = ORIENTED_EDGE ( 'NONE', *, *, #4, .F. ) ;
#1345 = ORIENTED_EDGE ( 'NONE', *, *, #587, .F. ) ;
#1346 = DIRECTION ( 'NONE',  ( 1.000000000000000000, 0.000000000000000000, 5.129334446905298846E-17 ) ) ;
#1347 = EDGE_LOOP ( 'NONE', ( #1477, #402, #649, #1322 ) ) ;
#1348 = CARTESIAN_POINT ( 'NONE',  ( -14.84924240491737102, 0.000000000000000000, -14.84924240491763392 ) ) ;
#1349 = AXIS2_PLACEMENT_3D ( 'NONE', #1371, #1465, #132 ) ;
#1350 = CARTESIAN_POINT ( 'NONE',  ( -80.25000000000000000, 20.00000000000000000, -10.24999999999998224 ) ) ;
#1351 = VERTEX_POINT ( 'NONE', #1373 ) ;
#1352 = EDGE_CURVE ( 'NONE', #900, #1384, #148, .T. ) ;
#1353 = ORIENTED_EDGE ( 'NONE', *, *, #829, .T. ) ;
#1354 = DIRECTION ( 'NONE',  ( 0.000000000000000000, 1.000000000000000000, 0.000000000000000000 ) ) ;
#1355 = ORIENTED_EDGE ( 'NONE', *, *, #746, .F. ) ;
#1356 = PLANE ( 'NONE',  #1041 ) ;
#1357 = VECTOR ( 'NONE', #1288, 1000.000000000000000 ) ;
#1358 = CARTESIAN_POINT ( 'NONE',  ( -90.00000000000000000, 0.000000000000000000, -9.999999999999996447 ) ) ;
#1359 = ORIENTED_EDGE ( 'NONE', *, *, #203, .F. ) ;
#1360 = EDGE_CURVE ( 'NONE', #895, #89, #415, .T. ) ;
#1361 = CIRCLE ( 'NONE', #1054, 9.750000000000000000 ) ;
#1362 = DIRECTION ( 'NONE',  ( -1.000000000000000000, -0.000000000000000000, 5.129334446905298846E-17 ) ) ;
#1363 = VERTEX_POINT ( 'NONE', #369 ) ;
#1364 = CARTESIAN_POINT ( 'NONE',  ( 90.00000000000000000, 0.000000000000000000, -19.99999999999998224 ) ) ;
#1365 = DIRECTION ( 'NONE',  ( 0.000000000000000000, 1.000000000000000000, 0.000000000000000000 ) ) ;
#1366 = ORIENTED_EDGE ( 'NONE', *, *, #922, .T. ) ;
#1367 = LINE ( 'NONE', #557, #581 ) ;
#1368 = EDGE_CURVE ( 'NONE', #952, #230, #1273, .T. ) ;
#1369 = VERTEX_POINT ( 'NONE', #1162 ) ;
#1370 = LINE ( 'NONE', #909, #688 ) ;
#1371 = CARTESIAN_POINT ( 'NONE',  ( 80.25000000000000000, 20.00000000000000000, -10.24999999999998224 ) ) ;
#1372 = ORIENTED_EDGE ( 'NONE', *, *, #278, .T. ) ;
#1373 = CARTESIAN_POINT ( 'NONE',  ( 80.25000000000000000, 0.000000000000000000, 20.00000000000000711 ) ) ;
#1374 = ORIENTED_EDGE ( 'NONE', *, *, #413, .T. ) ;
#1375 = LINE ( 'NONE', #599, #489 ) ;
#1376 = EDGE_CURVE ( 'NONE', #1363, #230, #1397, .T. ) ;
#1377 = DIRECTION ( 'NONE',  ( 0.000000000000000000, 0.000000000000000000, 1.000000000000000000 ) ) ;
#1378 = ORIENTED_EDGE ( 'NONE', *, *, #888, .T. ) ;
#1379 = AXIS2_PLACEMENT_3D ( 'NONE', #1330, #1311, #301 ) ;
#1380 = EDGE_LOOP ( 'NONE', ( #656, #921, #585, #197 ) ) ;
#1381 = CIRCLE ( 'NONE', #1145, 2.100000000000000977 ) ;
#1382 = DIRECTION ( 'NONE',  ( 0.000000000000000000, -1.000000000000000000, 0.000000000000000000 ) ) ;
#1383 = AXIS2_PLACEMENT_3D ( 'NONE', #877, #428, #80 ) ;
#1384 = VERTEX_POINT ( 'NONE', #1063 ) ;
#1385 = DIRECTION ( 'NONE',  ( 0.000000000000000000, 0.000000000000000000, 1.000000000000000000 ) ) ;
#1386 = ADVANCED_FACE ( 'NONE', ( #27 ), #614, .F. ) ;
#1387 = DIRECTION ( 'NONE',  ( 0.000000000000000000, 0.000000000000000000, 1.000000000000000000 ) ) ;
#1388 = ORIENTED_EDGE ( 'NONE', *, *, #335, .F. ) ;
#1389 = EDGE_CURVE ( 'NONE', #673, #1064, #19, .T. ) ;
#1390 = FACE_BOUND ( 'NONE', #59, .T. ) ;
#1391 = CARTESIAN_POINT ( 'NONE',  ( 90.00000000000000000, 20.00000000000000000, -10.24999999999998224 ) ) ;
#1392 = ORIENTED_EDGE ( 'NONE', *, *, #1256, .T. ) ;
#1393 = LINE ( 'NONE', #824, #513 ) ;
#1394 = CYLINDRICAL_SURFACE ( 'NONE', #1254, 2.099999999999997868 ) ;
#1395 = FACE_BOUND ( 'NONE', #1303, .T. ) ;
#1396 = EDGE_CURVE ( 'NONE', #1290, #1467, #338, .T. ) ;
#1397 = LINE ( 'NONE', #382, #607 ) ;
#1398 = ORIENTED_EDGE ( 'NONE', *, *, #285, .T. ) ;
#1399 = DIRECTION ( 'NONE',  ( -0.000000000000000000, -1.000000000000000000, -0.000000000000000000 ) ) ;
#1400 = CARTESIAN_POINT ( 'NONE',  ( -21.00000000000000000, 20.00000000000000000, -1.466422162314116009E-13 ) ) ;
#1401 = CARTESIAN_POINT ( 'NONE',  ( -21.00000000000000000, 20.00000000000000000, -2.100000000000146638 ) ) ;
#1402 = VECTOR ( 'NONE', #874, 1000.000000000000000 ) ;
#1403 = AXIS2_PLACEMENT_3D ( 'NONE', #434, #887, #780 ) ;
#1404 = CARTESIAN_POINT ( 'NONE',  ( -80.25000000000000000, 20.00000000000000000, 10.25000000000000711 ) ) ;
#1405 = VERTEX_POINT ( 'NONE', #733 ) ;
#1406 = EDGE_CURVE ( 'NONE', #873, #304, #1175, .T. ) ;
#1407 = DIRECTION ( 'NONE',  ( -0.000000000000000000, 1.000000000000000000, -0.000000000000000000 ) ) ;
#1408 = CARTESIAN_POINT ( 'NONE',  ( -7.306393228788485917E-14, 0.000000000000000000, 18.89999999999999858 ) ) ;
#1409 = CARTESIAN_POINT ( 'NONE',  ( -14.84924240491737102, -5.939696961967007027, -14.84924240491763392 ) ) ;
#1410 = PERSON_AND_ORGANIZATION ( #62, #1221 ) ;
#1411 = CC_DESIGN_PERSON_AND_ORGANIZATION_ASSIGNMENT ( #60, #655, ( #986 ) ) ;
#1412 = AXIS2_PLACEMENT_3D ( 'NONE', #1305, #1173, #625 ) ;
#1413 = EDGE_LOOP ( 'NONE', ( #759, #933, #253, #984 ) ) ;
#1414 = DIRECTION ( 'NONE',  ( -0.000000000000000000, 1.000000000000000000, -0.000000000000000000 ) ) ;
#1415 = ADVANCED_FACE ( 'NONE', ( #158 ), #143, .T. ) ;
#1416 = CYLINDRICAL_SURFACE ( 'NONE', #1421, 9.750000000000000000 ) ;
#1417 = CARTESIAN_POINT ( 'NONE',  ( 30.00000000000000000, -63.24555320336758513, 10.00000000000000000 ) ) ;
#1418 = DATE_AND_TIME ( #969, #156 ) ;
#1419 = AXIS2_PLACEMENT_3D ( 'NONE', #686, #1038, #227 ) ;
#1420 = AXIS2_PLACEMENT_3D ( 'NONE', #302, #767, #867 ) ;
#1421 = AXIS2_PLACEMENT_3D ( 'NONE', #405, #848, #1293 ) ;
#1422 = ORIENTED_EDGE ( 'NONE', *, *, #608, .F. ) ;
#1423 = DIRECTION ( 'NONE',  ( 0.000000000000000000, 0.000000000000000000, 1.000000000000000000 ) ) ;
#1424 = DIRECTION ( 'NONE',  ( -1.000000000000000000, 0.000000000000000000, 0.000000000000000000 ) ) ;
#1425 = DIRECTION ( 'NONE',  ( -0.000000000000000000, 1.000000000000000000, -0.000000000000000000 ) ) ;
#1426 = ORIENTED_EDGE ( 'NONE', *, *, #1396, .T. ) ;
#1427 = DIRECTION ( 'NONE',  ( 0.000000000000000000, 0.000000000000000000, 1.000000000000000000 ) ) ;
#1428 = VECTOR ( 'NONE', #42, 1000.000000000000000 ) ;
#1429 = ORIENTED_EDGE ( 'NONE', *, *, #433, .F. ) ;
#1430 = CARTESIAN_POINT ( 'NONE',  ( 90.00000000000000000, 0.000000000000000000, -19.99999999999998224 ) ) ;
#1431 = CARTESIAN_POINT ( 'NONE',  ( 14.84924240491768188, -5.939696961967007027, -14.84924240491732128 ) ) ;
#1432 = AXIS2_PLACEMENT_3D ( 'NONE', #920, #1252, #1377 ) ;
#1433 = CC_DESIGN_PERSON_AND_ORGANIZATION_ASSIGNMENT ( #305, #1234, ( #986 ) ) ;
#1434 = LINE ( 'NONE', #1203, #28 ) ;
#1435 = EDGE_CURVE ( 'NONE', #55, #528, #913, .T. ) ;
#1436 = AXIS2_PLACEMENT_3D ( 'NONE', #590, #685, #707 ) ;
#1437 = APPROVAL_STATUS ( 'not_yet_approved' ) ;
#1438 = ORIENTED_EDGE ( 'NONE', *, *, #1223, .T. ) ;
#1439 = CARTESIAN_POINT ( 'NONE',  ( 30.00000000000000000, -63.24555320336758513, -10.00000000000000000 ) ) ;
#1440 = LINE ( 'NONE', #530, #344 ) ;
#1441 = CYLINDRICAL_SURFACE ( 'NONE', #173, 2.100000000000000977 ) ;
#1442 = EDGE_CURVE ( 'NONE', #684, #1351, #1168, .T. ) ;
#1443 = ORIENTED_EDGE ( 'NONE', *, *, #594, .T. ) ;
#1444 = DIRECTION ( 'NONE',  ( 0.000000000000000000, 0.000000000000000000, 1.000000000000000000 ) ) ;
#1445 = CYLINDRICAL_SURFACE ( 'NONE', #243, 2.099999999999999645 ) ;
#1446 = DIRECTION ( 'NONE',  ( -0.000000000000000000, -1.000000000000000000, -0.000000000000000000 ) ) ;
#1447 = VERTEX_POINT ( 'NONE', #595 ) ;
#1448 = ORIENTED_EDGE ( 'NONE', *, *, #1331, .T. ) ;
#1449 = LINE ( 'NONE', #1261, #1143 ) ;
#1450 = VECTOR ( 'NONE', #1362, 1000.000000000000000 ) ;
#1451 = ADVANCED_FACE ( 'NONE', ( #821 ), #1267, .T. ) ;
#1452 = ORIENTED_EDGE ( 'NONE', *, *, #1389, .F. ) ;
#1453 = DIRECTION ( 'NONE',  ( 0.000000000000000000, -0.000000000000000000, -1.000000000000000000 ) ) ;
#1454 = CIRCLE ( 'NONE', #311, 30.00000000000000000 ) ;
#1455 = CARTESIAN_POINT ( 'NONE',  ( -21.00000000000000000, -5.939696961967007027, -1.466422162314116009E-13 ) ) ;
#1456 = VERTEX_POINT ( 'NONE', #771 ) ;
#1457 = AXIS2_PLACEMENT_3D ( 'NONE', #427, #1424, #647 ) ;
#1458 = CIRCLE ( 'NONE', #101, 2.100000000000000977 ) ;
#1459 = VERTEX_POINT ( 'NONE', #1098 ) ;
#1460 = LINE ( 'NONE', #321, #363 ) ;
#1461 = CIRCLE ( 'NONE', #371, 2.100000000000000977 ) ;
#1462 = ORIENTED_EDGE ( 'NONE', *, *, #691, .F. ) ;
#1463 = CARTESIAN_POINT ( 'NONE',  ( 14.84924240491747582, -5.939696961967007027, 12.74924240491752592 ) ) ;
#1464 = ADVANCED_FACE ( 'NONE', ( #1204 ), #1210, .F. ) ;
#1465 = DIRECTION ( 'NONE',  ( 0.000000000000000000, -1.000000000000000000, 0.000000000000000000 ) ) ;
#1466 = EDGE_LOOP ( 'NONE', ( #856, #234, #1005, #1253 ) ) ;
#1467 = VERTEX_POINT ( 'NONE', #171 ) ;
#1468 = LINE ( 'NONE', #229, #1 ) ;
#1469 = ORIENTED_EDGE ( 'NONE', *, *, #1360, .F. ) ;
#1470 = DIRECTION ( 'NONE',  ( 0.000000000000000000, 0.000000000000000000, 1.000000000000000000 ) ) ;
#1471 = CLOSED_SHELL ( 'NONE', ( #517, #269, #1086, #931, #524, #126, #212, #879, #500, #972, #154, #83, #539, #366, #1464, #996, #1415, #914, #636, #1386, #681, #1473, #1043, #1018, #66, #345, #765, #515, #1235, #442, #1451, #1306, #454, #619, #471, #652, #135, #627, #1298, #404, #710 ) ) ;
#1472 = VECTOR ( 'NONE', #357, 1000.000000000000000 ) ;
#1473 = ADVANCED_FACE ( 'NONE', ( #1187 ), #431, .F. ) ;
#1474 = LINE ( 'NONE', #341, #61 ) ;
#1475 = ORIENTED_EDGE ( 'NONE', *, *, #54, .F. ) ;
#1476 = DIRECTION ( 'NONE',  ( 0.000000000000000000, -1.000000000000000000, 0.000000000000000000 ) ) ;
#1477 = ORIENTED_EDGE ( 'NONE', *, *, #1076, .T. ) ;
#1478 = CARTESIAN_POINT ( 'NONE',  ( -90.00000000000000000, 20.00000000000000000, -19.99999999999998224 ) ) ;
ENDSEC;
END-ISO-10303-21;
