ISO-10303-21;
HEADER;
FILE_DESCRIPTION (( 'STEP AP203' ),
    '1' );
FILE_NAME ('MotorShell_Default_sldprt.STEP',
    '2026-07-23T12:35:13',
    ( '' ),
    ( '' ),
    'SwSTEP 2.0',
    'SolidWorks 2025',
    '' );
FILE_SCHEMA (( 'CONFIG_CONTROL_DESIGN' ));
ENDSEC;

DATA;
#1 = PERSON_AND_ORGANIZATION ( #1834, #212 ) ;
#2 = AXIS2_PLACEMENT_3D ( 'NONE', #638, #1762, #1603 ) ;
#3 = EDGE_LOOP ( 'NONE', ( #2048, #680 ) ) ;
#4 = EDGE_CURVE ( 'NONE', #78, #519, #149, .T. ) ;
#5 = DIRECTION ( 'NONE',  ( -0.000000000000000000, -1.000000000000000000, -0.000000000000000000 ) ) ;
#6 = EDGE_CURVE ( 'NONE', #293, #238, #955, .T. ) ;
#7 = DIRECTION ( 'NONE',  ( -0.000000000000000000, -1.000000000000000000, -0.000000000000000000 ) ) ;
#8 = DIRECTION ( 'NONE',  ( 0.000000000000000000, 0.000000000000000000, -1.000000000000000000 ) ) ;
#9 = EDGE_LOOP ( 'NONE', ( #1259, #1009 ) ) ;
#10 = DIRECTION ( 'NONE',  ( -0.000000000000000000, 1.000000000000000000, -0.000000000000000000 ) ) ;
#11 = FACE_OUTER_BOUND ( 'NONE', #1397, .T. ) ;
#12 = ORIENTED_EDGE ( 'NONE', *, *, #269, .T. ) ;
#13 = CIRCLE ( 'NONE', #1830, 1.649999999999998579 ) ;
#14 = DIRECTION ( 'NONE',  ( 0.000000000000000000, 0.000000000000000000, -1.000000000000000000 ) ) ;
#15 = CYLINDRICAL_SURFACE ( 'NONE', #1781, 45.00000000000000711 ) ;
#16 = EDGE_CURVE ( 'NONE', #1664, #609, #1518, .T. ) ;
#17 = CARTESIAN_POINT ( 'NONE',  ( 11.31370849898482156, -2.500000000000000000, 12.96370849898469935 ) ) ;
#18 = ORIENTED_EDGE ( 'NONE', *, *, #755, .F. ) ;
#19 = CARTESIAN_POINT ( 'NONE',  ( 0.000000000000000000, 17.80000000000000071, 0.000000000000000000 ) ) ;
#20 = DIRECTION ( 'NONE',  ( 8.659560562354914369E-17, 0.7071067811865489050, -0.7071067811865462405 ) ) ;
#21 = CALENDAR_DATE ( 2026, 23, 7 ) ;
#22 = EDGE_LOOP ( 'NONE', ( #138, #1504 ) ) ;
#23 = VERTEX_POINT ( 'NONE', #1299 ) ;
#24 = CYLINDRICAL_SURFACE ( 'NONE', #798, 41.00000000000000000 ) ;
#25 = DIRECTION ( 'NONE',  ( 0.000000000000000000, 0.000000000000000000, 1.000000000000000000 ) ) ;
#26 = DIRECTION ( 'NONE',  ( 0.000000000000000000, 0.000000000000000000, 1.000000000000000000 ) ) ;
#27 = CARTESIAN_POINT ( 'NONE',  ( -11.31370849898474162, 7.066904755831209251, 12.96370849898477928 ) ) ;
#28 = EDGE_CURVE ( 'NONE', #714, #115, #1792, .T. ) ;
#29 = ORIENTED_EDGE ( 'NONE', *, *, #530, .T. ) ;
#30 = DIRECTION ( 'NONE',  ( 0.000000000000000000, 0.000000000000000000, 1.000000000000000000 ) ) ;
#31 = AXIS2_PLACEMENT_3D ( 'NONE', #881, #1551, #223 ) ;
#32 = DIRECTION ( 'NONE',  ( 0.000000000000000000, 0.000000000000000000, -1.000000000000000000 ) ) ;
#33 = ADVANCED_FACE ( 'NONE', ( #260, #1957 ), #1467, .F. ) ;
#34 = AXIS2_PLACEMENT_3D ( 'NONE', #1410, #877, #2037 ) ;
#35 = EDGE_LOOP ( 'NONE', ( #1000, #746 ) ) ;
#36 = AXIS2_PLACEMENT_3D ( 'NONE', #1307, #504, #1139 ) ;
#37 = DIRECTION ( 'NONE',  ( 0.000000000000000000, 1.000000000000000000, 0.000000000000000000 ) ) ;
#38 = CYLINDRICAL_SURFACE ( 'NONE', #803, 45.00000000000000711 ) ;
#39 = CARTESIAN_POINT ( 'NONE',  ( 5.510910596163090344E-15, 17.80000000000000426, 45.00000000000000711 ) ) ;
#40 = ORIENTED_EDGE ( 'NONE', *, *, #743, .F. ) ;
#41 = DIRECTION ( 'NONE',  ( -0.000000000000000000, 1.000000000000000000, -0.000000000000000000 ) ) ;
#42 = ADVANCED_FACE ( 'NONE', ( #1934, #438 ), #841, .F. ) ;
#43 = CYLINDRICAL_SURFACE ( 'NONE', #2125, 45.00000000000000711 ) ;
#44 = CIRCLE ( 'NONE', #2140, 44.50000000000000711 ) ;
#45 = VERTEX_POINT ( 'NONE', #346 ) ;
#46 = EDGE_CURVE ( 'NONE', #1893, #596, #512, .T. ) ;
#47 = EDGE_CURVE ( 'NONE', #1607, #1923, #1483, .T. ) ;
#48 = ORIENTED_EDGE ( 'NONE', *, *, #725, .T. ) ;
#49 = CARTESIAN_POINT ( 'NONE',  ( 3.643324227463371446E-15, 0.000000000000000000, -29.74999999999997158 ) ) ;
#50 = CARTESIAN_POINT ( 'NONE',  ( 11.31370849898482156, 2.399999999999999467, 12.96370849898469935 ) ) ;
#51 = CARTESIAN_POINT ( 'NONE',  ( 5.376199448256879473E-15, 0.000000000000000000, -42.79999999999996874 ) ) ;
#52 = ORIENTED_EDGE ( 'NONE', *, *, #1670, .F. ) ;
#53 = DIRECTION ( 'NONE',  ( 0.000000000000000000, 0.000000000000000000, 1.000000000000000000 ) ) ;
#54 = CARTESIAN_POINT ( 'NONE',  ( 0.000000000000000000, 24.39999999999999858, 0.000000000000000000 ) ) ;
#55 = ORIENTED_EDGE ( 'NONE', *, *, #231, .T. ) ;
#56 = ORIENTED_EDGE ( 'NONE', *, *, #1892, .T. ) ;
#57 = CARTESIAN_POINT ( 'NONE',  ( 5.586370142149013368E-14, 2.399999999999999467, 14.35000000000000142 ) ) ;
#58 = CARTESIAN_POINT ( 'NONE',  ( 5.510910596163090344E-15, 6.800000000000000711, 45.00000000000000711 ) ) ;
#59 = DIRECTION ( 'NONE',  ( 0.000000000000000000, 0.000000000000000000, -1.000000000000000000 ) ) ;
#60 = DIRECTION ( 'NONE',  ( -0.000000000000000000, 1.000000000000000000, -0.000000000000000000 ) ) ;
#61 = ORIENTED_EDGE ( 'NONE', *, *, #980, .T. ) ;
#62 = CARTESIAN_POINT ( 'NONE',  ( 0.000000000000000000, 0.000000000000000000, 0.000000000000000000 ) ) ;
#63 = CARTESIAN_POINT ( 'NONE',  ( -11.31370849898474162, 7.066904755831209251, 9.663708498984785678 ) ) ;
#64 = CIRCLE ( 'NONE', #304, 45.00000000000000711 ) ;
#65 = ORIENTED_EDGE ( 'NONE', *, *, #336, .F. ) ;
#66 = CIRCLE ( 'NONE', #34, 45.00000000000000711 ) ;
#67 = CIRCLE ( 'NONE', #1541, 45.00000000000000711 ) ;
#68 = ORIENTED_EDGE ( 'NONE', *, *, #1718, .F. ) ;
#69 = CARTESIAN_POINT ( 'NONE',  ( 5.510910596163090344E-15, 35.39999999999999858, 45.00000000000000711 ) ) ;
#70 = EDGE_CURVE ( 'NONE', #238, #293, #1695, .T. ) ;
#71 = APPROVAL_PERSON_ORGANIZATION ( #477, #1186, #302 ) ;
#72 = DIRECTION ( 'NONE',  ( -0.000000000000000000, 1.000000000000000000, -0.000000000000000000 ) ) ;
#73 = EDGE_CURVE ( 'NONE', #88, #747, #2006, .T. ) ;
#74 = ORIENTED_EDGE ( 'NONE', *, *, #2039, .F. ) ;
#75 = DIRECTION ( 'NONE',  ( 0.000000000000000000, 0.000000000000000000, 1.000000000000000000 ) ) ;
#76 = DIRECTION ( 'NONE',  ( -0.000000000000000000, -1.000000000000000000, -0.000000000000000000 ) ) ;
#77 = ORIENTED_EDGE ( 'NONE', *, *, #90, .F. ) ;
#78 = VERTEX_POINT ( 'NONE', #1966 ) ;
#79 = CARTESIAN_POINT ( 'NONE',  ( 0.000000000000000000, 31.00000000000000355, 0.000000000000000000 ) ) ;
#80 = EDGE_CURVE ( 'NONE', #186, #1729, #114, .T. ) ;
#81 = ORIENTED_EDGE ( 'NONE', *, *, #1985, .T. ) ;
#82 = DIRECTION ( 'NONE',  ( 0.000000000000000000, 0.000000000000000000, 1.000000000000000000 ) ) ;
#83 = LINE ( 'NONE', #469, #1436 ) ;
#84 = ORIENTED_EDGE ( 'NONE', *, *, #264, .F. ) ;
#85 = EDGE_LOOP ( 'NONE', ( #579, #1486, #1536, #408 ) ) ;
#86 = DIRECTION ( 'NONE',  ( -0.000000000000000000, 1.000000000000000000, -0.000000000000000000 ) ) ;
#87 = CIRCLE ( 'NONE', #1874, 45.00000000000000711 ) ;
#88 = VERTEX_POINT ( 'NONE', #2157 ) ;
#89 = FACE_BOUND ( 'NONE', #739, .T. ) ;
#90 = EDGE_CURVE ( 'NONE', #2038, #652, #1835, .T. ) ;
#91 = VERTEX_POINT ( 'NONE', #314 ) ;
#92 = EDGE_CURVE ( 'NONE', #265, #127, #334, .T. ) ;
#93 = FACE_OUTER_BOUND ( 'NONE', #473, .T. ) ;
#94 = ORIENTED_EDGE ( 'NONE', *, *, #200, .T. ) ;
#95 = AXIS2_PLACEMENT_3D ( 'NONE', #1380, #1035, #1703 ) ;
#96 = VECTOR ( 'NONE', #578, 1000.000000000000000 ) ;
#97 = CARTESIAN_POINT ( 'NONE',  ( 0.000000000000000000, 35.39999999999999858, -45.00000000000000711 ) ) ;
#98 = AXIS2_PLACEMENT_3D ( 'NONE', #1495, #330, #111 ) ;
#99 = AXIS2_PLACEMENT_3D ( 'NONE', #272, #1063, #1959 ) ;
#100 = ORIENTED_EDGE ( 'NONE', *, *, #1765, .T. ) ;
#101 = FACE_BOUND ( 'NONE', #1215, .T. ) ;
#102 = DIRECTION ( 'NONE',  ( -0.000000000000000000, 1.000000000000000000, -0.000000000000000000 ) ) ;
#103 = CC_DESIGN_PERSON_AND_ORGANIZATION_ASSIGNMENT ( #1, #672, ( #1016 ) ) ;
#104 = ORIENTED_EDGE ( 'NONE', *, *, #1271, .T. ) ;
#105 = AXIS2_PLACEMENT_3D ( 'NONE', #896, #2020, #59 ) ;
#106 = CC_DESIGN_PERSON_AND_ORGANIZATION_ASSIGNMENT ( #1157, #1008, ( #1577 ) ) ;
#107 = EDGE_CURVE ( 'NONE', #1238, #1394, #1213, .T. ) ;
#108 = CARTESIAN_POINT ( 'NONE',  ( 0.000000000000000000, 33.20000000000000284, 0.000000000000000000 ) ) ;
#109 = ORIENTED_EDGE ( 'NONE', *, *, #409, .F. ) ;
#110 = DIRECTION ( 'NONE',  ( 0.000000000000000000, 0.000000000000000000, -1.000000000000000000 ) ) ;
#111 = DIRECTION ( 'NONE',  ( 0.000000000000000000, 0.000000000000000000, 1.000000000000000000 ) ) ;
#112 = ORIENTED_EDGE ( 'NONE', *, *, #1205, .T. ) ;
#113 = CARTESIAN_POINT ( 'NONE',  ( 0.000000000000000000, 15.59999999999999964, 0.000000000000000000 ) ) ;
#114 = CIRCLE ( 'NONE', #1968, 27.24999999999998224 ) ;
#115 = VERTEX_POINT ( 'NONE', #1005 ) ;
#116 = FACE_BOUND ( 'NONE', #222, .T. ) ;
#117 = VERTEX_POINT ( 'NONE', #520 ) ;
#118 = EDGE_CURVE ( 'NONE', #1910, #1809, #1032, .T. ) ;
#119 = CARTESIAN_POINT ( 'NONE',  ( 0.000000000000000000, 6.800000000000000711, 44.50000000000000711 ) ) ;
#120 = EDGE_CURVE ( 'NONE', #835, #1449, #974, .T. ) ;
#121 = CARTESIAN_POINT ( 'NONE',  ( 0.000000000000000000, -2.500000000000000000, 0.000000000000000000 ) ) ;
#122 = ORIENTED_EDGE ( 'NONE', *, *, #487, .F. ) ;
#123 = CARTESIAN_POINT ( 'NONE',  ( -1.675911042644704011E-13, 7.066904755831209251, -15.99999999999999645 ) ) ;
#124 = ORIENTED_EDGE ( 'NONE', *, *, #120, .F. ) ;
#125 = DIRECTION ( 'NONE',  ( 0.000000000000000000, 0.000000000000000000, 1.000000000000000000 ) ) ;
#126 = DIRECTION ( 'NONE',  ( 0.000000000000000000, 0.000000000000000000, 1.000000000000000000 ) ) ;
#127 = VERTEX_POINT ( 'NONE', #1344 ) ;
#128 = CIRCLE ( 'NONE', #1641, 1.649999999999998579 ) ;
#129 = ADVANCED_FACE ( 'NONE', ( #161 ), #2169, .T. ) ;
#130 = DIRECTION ( 'NONE',  ( -0.000000000000000000, -1.000000000000000000, -0.000000000000000000 ) ) ;
#131 = AXIS2_PLACEMENT_3D ( 'NONE', #1030, #1847, #1332 ) ;
#132 = CARTESIAN_POINT ( 'NONE',  ( 11.31370849898465991, 7.066904755831209251, -11.31370849898485886 ) ) ;
#133 = VERTEX_POINT ( 'NONE', #172 ) ;
#134 = EDGE_CURVE ( 'NONE', #879, #1630, #1331, .T. ) ;
#135 = LINE ( 'NONE', #323, #1003 ) ;
#136 = CIRCLE ( 'NONE', #1469, 1.649999999999998579 ) ;
#137 = CIRCLE ( 'NONE', #569, 44.50000000000000711 ) ;
#138 = ORIENTED_EDGE ( 'NONE', *, *, #715, .F. ) ;
#139 = CARTESIAN_POINT ( 'NONE',  ( -1.675911042644704011E-13, -2.500000000000000000, -15.99999999999999645 ) ) ;
#140 = LINE ( 'NONE', #401, #1881 ) ;
#141 = CC_DESIGN_SECURITY_CLASSIFICATION ( #1577, ( #1016 ) ) ;
#142 = APPROVAL_DATE_TIME ( #154, #1186 ) ;
#143 = ORIENTED_EDGE ( 'NONE', *, *, #1359, .T. ) ;
#144 = CYLINDRICAL_SURFACE ( 'NONE', #1228, 44.50000000000000711 ) ;
#145 = AXIS2_PLACEMENT_3D ( 'NONE', #254, #423, #263 ) ;
#146 = FACE_OUTER_BOUND ( 'NONE', #996, .T. ) ;
#147 = ORIENTED_EDGE ( 'NONE', *, *, #70, .T. ) ;
#148 = CARTESIAN_POINT ( 'NONE',  ( 5.510910596163090344E-15, 35.39999999999999858, 45.00000000000000711 ) ) ;
#149 = CIRCLE ( 'NONE', #1173, 1.649999999999998579 ) ;
#150 = EDGE_CURVE ( 'NONE', #1449, #710, #189, .T. ) ;
#151 = ORIENTED_EDGE ( 'NONE', *, *, #1877, .F. ) ;
#152 = DIRECTION ( 'NONE',  ( 0.000000000000000000, 0.000000000000000000, 1.000000000000000000 ) ) ;
#153 = DIRECTION ( 'NONE',  ( -0.000000000000000000, 1.000000000000000000, -0.000000000000000000 ) ) ;
#154 = DATE_AND_TIME ( #21, #1509 ) ;
#155 = VERTEX_POINT ( 'NONE', #1354 ) ;
#156 = DIRECTION ( 'NONE',  ( 0.000000000000000000, 0.000000000000000000, 1.000000000000000000 ) ) ;
#157 = DIRECTION ( 'NONE',  ( -0.000000000000000000, 1.000000000000000000, -0.000000000000000000 ) ) ;
#158 = ORIENTED_EDGE ( 'NONE', *, *, #269, .F. ) ;
#159 = CARTESIAN_POINT ( 'NONE',  ( 16.00000000000000000, 2.399999999999999467, 1.649999999999887335 ) ) ;
#160 = ORIENTED_EDGE ( 'NONE', *, *, #1613, .F. ) ;
#161 = FACE_OUTER_BOUND ( 'NONE', #1581, .T. ) ;
#162 = EDGE_CURVE ( 'NONE', #1545, #351, #2014, .T. ) ;
#163 = CYLINDRICAL_SURFACE ( 'NONE', #664, 45.00000000000000711 ) ;
#164 = DATE_AND_TIME ( #1691, #770 ) ;
#165 = ORIENTED_EDGE ( 'NONE', *, *, #533, .T. ) ;
#166 = DIRECTION ( 'NONE',  ( 0.000000000000000000, -1.000000000000000000, 0.000000000000000000 ) ) ;
#167 = CIRCLE ( 'NONE', #31, 44.50000000000000711 ) ;
#168 = DIRECTION ( 'NONE',  ( -0.000000000000000000, 1.000000000000000000, -0.000000000000000000 ) ) ;
#169 = CARTESIAN_POINT ( 'NONE',  ( 0.000000000000000000, 35.39999999999999858, 0.000000000000000000 ) ) ;
#170 = AXIS2_PLACEMENT_3D ( 'NONE', #173, #1836, #2024 ) ;
#171 = ORIENTED_EDGE ( 'NONE', *, *, #1888, .F. ) ;
#172 = CARTESIAN_POINT ( 'NONE',  ( 5.449678256205721981E-15, 33.20000000000000284, -44.50000000000000711 ) ) ;
#173 = CARTESIAN_POINT ( 'NONE',  ( 0.000000000000000000, 0.000000000000000000, 0.000000000000000000 ) ) ;
#174 = AXIS2_PLACEMENT_3D ( 'NONE', #2111, #1122, #1132 ) ;
#175 = EDGE_CURVE ( 'NONE', #1077, #1800, #13, .T. ) ;
#176 = APPLICATION_PROTOCOL_DEFINITION ( 'international standard', 'config_control_design', 1994, #1240 ) ;
#177 = ORIENTED_EDGE ( 'NONE', *, *, #398, .F. ) ;
#178 = EDGE_CURVE ( 'NONE', #2074, #333, #1980, .T. ) ;
#179 = VECTOR ( 'NONE', #927, 1000.000000000000000 ) ;
#180 = CARTESIAN_POINT ( 'NONE',  ( 0.000000000000000000, 20.00000000000000000, 45.00000000000000711 ) ) ;
#181 = CARTESIAN_POINT ( 'NONE',  ( 5.510910596163090344E-15, 2.200000000000021494, -45.00000000000000711 ) ) ;
#182 = CARTESIAN_POINT ( 'NONE',  ( 0.000000000000000000, 9.000000000000001776, 0.000000000000000000 ) ) ;
#183 = ORIENTED_EDGE ( 'NONE', *, *, #901, .F. ) ;
#184 = DIRECTION ( 'NONE',  ( 0.000000000000000000, 0.000000000000000000, 1.000000000000000000 ) ) ;
#185 = CARTESIAN_POINT ( 'NONE',  ( 0.000000000000000000, 26.60000000000000142, -45.00000000000000711 ) ) ;
#186 = VERTEX_POINT ( 'NONE', #1154 ) ;
#187 = CIRCLE ( 'NONE', #470, 44.50000000000000711 ) ;
#188 = VECTOR ( 'NONE', #1868, 1000.000000000000000 ) ;
#189 = CIRCLE ( 'NONE', #367, 45.00000000000000711 ) ;
#190 = PLANE ( 'NONE',  #1086 ) ;
#191 = LINE ( 'NONE', #181, #421 ) ;
#192 = CARTESIAN_POINT ( 'NONE',  ( 0.000000000000000000, 13.39999999999999858, 0.000000000000000000 ) ) ;
#193 = EDGE_CURVE ( 'NONE', #1787, #1893, #1066, .T. ) ;
#194 = AXIS2_PLACEMENT_3D ( 'NONE', #1653, #2165, #2129 ) ;
#195 = EDGE_LOOP ( 'NONE', ( #248, #599, #1770, #270 ) ) ;
#196 = DIRECTION ( 'NONE',  ( 0.000000000000000000, -0.000000000000000000, -1.000000000000000000 ) ) ;
#197 = DIRECTION ( 'NONE',  ( -0.000000000000000000, -1.000000000000000000, -0.000000000000000000 ) ) ;
#198 = ORIENTED_EDGE ( 'NONE', *, *, #702, .T. ) ;
#199 = CARTESIAN_POINT ( 'NONE',  ( 0.000000000000000000, 31.00000000000000000, 0.000000000000000000 ) ) ;
#200 = EDGE_CURVE ( 'NONE', #117, #1565, #1028, .T. ) ;
#201 = CARTESIAN_POINT ( 'NONE',  ( 5.449678256205721981E-15, 26.59999999999999787, -44.50000000000000711 ) ) ;
#202 = DIRECTION ( 'NONE',  ( 0.000000000000000000, 0.000000000000000000, 1.000000000000000000 ) ) ;
#203 = CARTESIAN_POINT ( 'NONE',  ( 0.000000000000000000, 2.200000000000021494, 45.00000000000000711 ) ) ;
#204 = EDGE_CURVE ( 'NONE', #705, #642, #925, .T. ) ;
#205 = ORIENTED_EDGE ( 'NONE', *, *, #336, .T. ) ;
#206 = CARTESIAN_POINT ( 'NONE',  ( 5.449678256205721981E-15, 13.40000000000000213, -44.50000000000000711 ) ) ;
#207 = CIRCLE ( 'NONE', #1432, 41.00000000000000000 ) ;
#208 = DIRECTION ( 'NONE',  ( 0.000000000000000000, 0.000000000000000000, 1.000000000000000000 ) ) ;
#209 = CIRCLE ( 'NONE', #170, 42.79999999999996874 ) ;
#210 = VERTEX_POINT ( 'NONE', #206 ) ;
#211 = CIRCLE ( 'NONE', #495, 6.300000000000000711 ) ;
#212 = ORGANIZATION ( 'UNSPECIFIED', 'UNSPECIFIED', '' ) ;
#213 = ORIENTED_EDGE ( 'NONE', *, *, #2083, .T. ) ;
#214 = DIRECTION ( 'NONE',  ( -0.000000000000000000, 1.000000000000000000, -0.000000000000000000 ) ) ;
#215 = CARTESIAN_POINT ( 'NONE',  ( 0.000000000000000000, 22.19999999999999929, 44.50000000000000711 ) ) ;
#216 = CARTESIAN_POINT ( 'NONE',  ( 0.000000000000000000, 35.39999999999999858, 0.000000000000000000 ) ) ;
#217 = LINE ( 'NONE', #884, #1368 ) ;
#218 = ORIENTED_EDGE ( 'NONE', *, *, #4, .F. ) ;
#219 = CARTESIAN_POINT ( 'NONE',  ( -1.673890375426111171E-13, 7.066904755831209251, -14.34999999999999787 ) ) ;
#220 = FACE_OUTER_BOUND ( 'NONE', #1330, .T. ) ;
#221 = ORIENTED_EDGE ( 'NONE', *, *, #713, .F. ) ;
#222 = EDGE_LOOP ( 'NONE', ( #1532, #2075 ) ) ;
#223 = DIRECTION ( 'NONE',  ( 0.000000000000000000, 0.000000000000000000, 1.000000000000000000 ) ) ;
#224 = CIRCLE ( 'NONE', #2008, 6.300000000000000711 ) ;
#225 = CIRCLE ( 'NONE', #1175, 44.50000000000000711 ) ;
#226 = DIRECTION ( 'NONE',  ( 0.000000000000000000, 0.000000000000000000, 1.000000000000000000 ) ) ;
#227 = CARTESIAN_POINT ( 'NONE',  ( 16.00000000000000000, -2.500000000000000000, -1.650000000000110489 ) ) ;
#228 = ORIENTED_EDGE ( 'NONE', *, *, #490, .T. ) ;
#229 = CARTESIAN_POINT ( 'NONE',  ( -16.00000000000000000, 7.066904755831209251, 0.000000000000000000 ) ) ;
#230 = FACE_OUTER_BOUND ( 'NONE', #673, .T. ) ;
#231 = EDGE_CURVE ( 'NONE', #1017, #1151, #1969, .T. ) ;
#232 = ORIENTED_EDGE ( 'NONE', *, *, #134, .T. ) ;
#233 = ADVANCED_FACE ( 'NONE', ( #406, #1858 ), #1879, .F. ) ;
#234 = ORIENTED_EDGE ( 'NONE', *, *, #2053, .T. ) ;
#235 = CARTESIAN_POINT ( 'NONE',  ( 0.000000000000000000, 15.59999999999999964, 0.000000000000000000 ) ) ;
#236 = CARTESIAN_POINT ( 'NONE',  ( 0.000000000000000000, 9.000000000000001776, -45.00000000000000711 ) ) ;
#237 = DIRECTION ( 'NONE',  ( 0.000000000000000000, 0.000000000000000000, -1.000000000000000000 ) ) ;
#238 = VERTEX_POINT ( 'NONE', #1395 ) ;
#239 = DIRECTION ( 'NONE',  ( -0.000000000000000000, -1.000000000000000000, -0.000000000000000000 ) ) ;
#240 = CARTESIAN_POINT ( 'NONE',  ( 5.021051876504148963E-15, 35.39999999999999858, -41.00000000000000000 ) ) ;
#241 = AXIS2_PLACEMENT_3D ( 'NONE', #1806, #1796, #1316 ) ;
#242 = ORIENTED_EDGE ( 'NONE', *, *, #1557, .T. ) ;
#243 = AXIS2_PLACEMENT_3D ( 'NONE', #1076, #1026, #237 ) ;
#244 = ORIENTED_EDGE ( 'NONE', *, *, #398, .T. ) ;
#245 = DIRECTION ( 'NONE',  ( 0.000000000000000000, 0.000000000000000000, 1.000000000000000000 ) ) ;
#246 = EDGE_CURVE ( 'NONE', #1060, #761, #546, .T. ) ;
#247 = DIRECTION ( 'NONE',  ( 0.000000000000000000, -1.000000000000000000, 0.000000000000000000 ) ) ;
#248 = ORIENTED_EDGE ( 'NONE', *, *, #2053, .F. ) ;
#249 = DIRECTION ( 'NONE',  ( 0.000000000000000000, 0.000000000000000000, 1.000000000000000000 ) ) ;
#250 = DIRECTION ( 'NONE',  ( -0.000000000000000000, -1.000000000000000000, -0.000000000000000000 ) ) ;
#251 = ORIENTED_EDGE ( 'NONE', *, *, #1205, .F. ) ;
#252 = ORIENTED_EDGE ( 'NONE', *, *, #1656, .F. ) ;
#253 = CARTESIAN_POINT ( 'NONE',  ( 0.000000000000000000, 35.39999999999999858, 0.000000000000000000 ) ) ;
#254 = CARTESIAN_POINT ( 'NONE',  ( 11.31370849898482156, -2.500000000000000000, 11.31370849898470077 ) ) ;
#255 = AXIS2_PLACEMENT_3D ( 'NONE', #1826, #10, #1322 ) ;
#256 = ORIENTED_EDGE ( 'NONE', *, *, #817, .F. ) ;
#257 = EDGE_CURVE ( 'NONE', #614, #210, #225, .T. ) ;
#258 = FACE_BOUND ( 'NONE', #1784, .T. ) ;
#259 = DIRECTION ( 'NONE',  ( 0.000000000000000000, 0.000000000000000000, -1.000000000000000000 ) ) ;
#260 = FACE_OUTER_BOUND ( 'NONE', #419, .T. ) ;
#261 = PLANE ( 'NONE',  #99 ) ;
#262 = ORIENTED_EDGE ( 'NONE', *, *, #1722, .F. ) ;
#263 = DIRECTION ( 'NONE',  ( 0.000000000000000000, 0.000000000000000000, -1.000000000000000000 ) ) ;
#264 = EDGE_CURVE ( 'NONE', #1944, #879, #224, .T. ) ;
#265 = VERTEX_POINT ( 'NONE', #359 ) ;
#266 = CARTESIAN_POINT ( 'NONE',  ( 0.000000000000000000, 11.19999999999999751, 0.000000000000000000 ) ) ;
#267 = CARTESIAN_POINT ( 'NONE',  ( 0.000000000000000000, 2.200000000000021494, 0.000000000000000000 ) ) ;
#268 = ADVANCED_FACE ( 'NONE', ( #1374, #1579 ), #1056, .F. ) ;
#269 = EDGE_CURVE ( 'NONE', #1257, #460, #1072, .T. ) ;
#270 = ORIENTED_EDGE ( 'NONE', *, *, #661, .F. ) ;
#271 = AXIS2_PLACEMENT_3D ( 'NONE', #1961, #1338, #1997 ) ;
#272 = CARTESIAN_POINT ( 'NONE',  ( 0.000000000000000000, 35.39999999999999858, 0.000000000000000000 ) ) ;
#273 = VERTEX_POINT ( 'NONE', #1720 ) ;
#274 = CIRCLE ( 'NONE', #1948, 45.00000000000000711 ) ;
#275 = CIRCLE ( 'NONE', #1921, 6.300000000000000711 ) ;
#276 = DIRECTION ( 'NONE',  ( 0.000000000000000000, 0.000000000000000000, 1.000000000000000000 ) ) ;
#277 = AXIS2_PLACEMENT_3D ( 'NONE', #1357, #1391, #1184 ) ;
#278 = EDGE_LOOP ( 'NONE', ( #1263, #1977, #493, #1127 ) ) ;
#279 = CARTESIAN_POINT ( 'NONE',  ( 0.000000000000000000, 15.59999999999999964, 0.000000000000000000 ) ) ;
#280 = LINE ( 'NONE', #784, #1013 ) ;
#281 = EDGE_LOOP ( 'NONE', ( #1828, #345, #1621, #778 ) ) ;
#282 = ORIENTED_EDGE ( 'NONE', *, *, #1464, .F. ) ;
#283 = CARTESIAN_POINT ( 'NONE',  ( 0.000000000000000000, 2.399999999999999467, 41.00000000000000000 ) ) ;
#284 = CARTESIAN_POINT ( 'NONE',  ( 11.31370849898482156, 2.399999999999999467, 11.31370849898470077 ) ) ;
#285 = VERTEX_POINT ( 'NONE', #1235 ) ;
#286 = FACE_OUTER_BOUND ( 'NONE', #405, .T. ) ;
#287 = DIRECTION ( 'NONE',  ( -0.000000000000000000, 1.000000000000000000, -0.000000000000000000 ) ) ;
#288 = VECTOR ( 'NONE', #1004, 1000.000000000000000 ) ;
#289 = CIRCLE ( 'NONE', #853, 45.00000000000000711 ) ;
#290 = VECTOR ( 'NONE', #988, 1000.000000000000000 ) ;
#291 = ORIENTED_EDGE ( 'NONE', *, *, #394, .F. ) ;
#292 = DIRECTION ( 'NONE',  ( -0.000000000000000000, 1.000000000000000000, -0.000000000000000000 ) ) ;
#293 = VERTEX_POINT ( 'NONE', #553 ) ;
#294 = ADVANCED_FACE ( 'NONE', ( #722 ), #1409, .F. ) ;
#295 = DIRECTION ( 'NONE',  ( -0.000000000000000000, 1.000000000000000000, -0.000000000000000000 ) ) ;
#296 = DIRECTION ( 'NONE',  ( 0.000000000000000000, 0.000000000000000000, 1.000000000000000000 ) ) ;
#297 = ORIENTED_EDGE ( 'NONE', *, *, #1973, .T. ) ;
#298 = CARTESIAN_POINT ( 'NONE',  ( -11.31370849898490150, 7.066904755831209251, -11.31370849898462261 ) ) ;
#299 = EDGE_LOOP ( 'NONE', ( #1604, #795, #358, #1284 ) ) ;
#300 = CARTESIAN_POINT ( 'NONE',  ( 11.31370849898482156, 7.066904755831209251, 9.663708498984702189 ) ) ;
#301 = CARTESIAN_POINT ( 'NONE',  ( 0.000000000000000000, 2.399999999999999467, 0.000000000000000000 ) ) ;
#302 = APPROVAL_ROLE ( '' ) ;
#303 = ORIENTED_EDGE ( 'NONE', *, *, #1915, .F. ) ;
#304 = AXIS2_PLACEMENT_3D ( 'NONE', #789, #1172, #502 ) ;
#305 = FACE_OUTER_BOUND ( 'NONE', #2151, .T. ) ;
#306 = EDGE_CURVE ( 'NONE', #1800, #1077, #1970, .T. ) ;
#307 = AXIS2_PLACEMENT_3D ( 'NONE', #1480, #647, #1323 ) ;
#308 = DIRECTION ( 'NONE',  ( -0.000000000000000000, 1.000000000000000000, 0.000000000000000000 ) ) ;
#309 = EDGE_LOOP ( 'NONE', ( #2017, #807 ) ) ;
#310 = CARTESIAN_POINT ( 'NONE',  ( 0.000000000000000000, 17.80000000000000426, 0.000000000000000000 ) ) ;
#311 = AXIS2_PLACEMENT_3D ( 'NONE', #1632, #287, #1620 ) ;
#312 = AXIS2_PLACEMENT_3D ( 'NONE', #1899, #2121, #1101 ) ;
#313 = ORIENTED_EDGE ( 'NONE', *, *, #501, .F. ) ;
#314 = CARTESIAN_POINT ( 'NONE',  ( 0.000000000000000000, 35.39999999999999858, -45.00000000000000711 ) ) ;
#315 = FACE_OUTER_BOUND ( 'NONE', #1905, .T. ) ;
#316 = APPROVAL_ROLE ( '' ) ;
#317 = EDGE_LOOP ( 'NONE', ( #1979, #1992, #948, #2162 ) ) ;
#318 = DIRECTION ( 'NONE',  ( 0.000000000000000000, 0.000000000000000000, -1.000000000000000000 ) ) ;
#319 = AXIS2_PLACEMENT_3D ( 'NONE', #860, #684, #872 ) ;
#320 = EDGE_CURVE ( 'NONE', #115, #1800, #898, .T. ) ;
#321 = CARTESIAN_POINT ( 'NONE',  ( 0.000000000000000000, 13.40000000000000213, 0.000000000000000000 ) ) ;
#322 = ORIENTED_EDGE ( 'NONE', *, *, #1734, .F. ) ;
#323 = CARTESIAN_POINT ( 'NONE',  ( 5.449678256205721981E-15, 35.39999999999999858, -44.50000000000000711 ) ) ;
#324 = VERTEX_POINT ( 'NONE', #1699 ) ;
#325 = CARTESIAN_POINT ( 'NONE',  ( 0.000000000000000000, 4.600000000000003197, 0.000000000000000000 ) ) ;
#326 = FACE_OUTER_BOUND ( 'NONE', #639, .T. ) ;
#327 = DIRECTION ( 'NONE',  ( 0.000000000000000000, 0.000000000000000000, 1.000000000000000000 ) ) ;
#328 = ORIENTED_EDGE ( 'NONE', *, *, #1846, .F. ) ;
#329 = CARTESIAN_POINT ( 'NONE',  ( -11.31370849898474162, 7.066904755831209251, 11.31370849898478248 ) ) ;
#330 = DIRECTION ( 'NONE',  ( -0.000000000000000000, 1.000000000000000000, -0.000000000000000000 ) ) ;
#331 = CYLINDRICAL_SURFACE ( 'NONE', #1420, 45.00000000000000711 ) ;
#332 = EDGE_CURVE ( 'NONE', #293, #609, #886, .T. ) ;
#333 = VERTEX_POINT ( 'NONE', #734 ) ;
#334 = LINE ( 'NONE', #1169, #644 ) ;
#335 = CARTESIAN_POINT ( 'NONE',  ( 0.000000000000000000, 22.20000000000000284, 44.50000000000000711 ) ) ;
#336 = EDGE_CURVE ( 'NONE', #710, #1449, #1931, .T. ) ;
#337 = PERSON_AND_ORGANIZATION ( #1834, #212 ) ;
#338 = VERTEX_POINT ( 'NONE', #2072 ) ;
#339 = DIRECTION ( 'NONE',  ( 0.000000000000000000, 0.000000000000000000, 1.000000000000000000 ) ) ;
#340 = CIRCLE ( 'NONE', #1946, 41.00000000000000000 ) ;
#341 = CARTESIAN_POINT ( 'NONE',  ( 11.31370849898465991, 7.066904755831209251, -12.96370849898485744 ) ) ;
#342 = CARTESIAN_POINT ( 'NONE',  ( 0.000000000000000000, 24.39999999999999858, 44.50000000000000711 ) ) ;
#343 = AXIS2_PLACEMENT_3D ( 'NONE', #866, #197, #208 ) ;
#344 = AXIS2_PLACEMENT_3D ( 'NONE', #621, #2100, #603 ) ;
#345 = ORIENTED_EDGE ( 'NONE', *, *, #1573, .F. ) ;
#346 = CARTESIAN_POINT ( 'NONE',  ( 0.000000000000000000, 6.800000000000000711, -45.00000000000000711 ) ) ;
#347 = DIRECTION ( 'NONE',  ( -0.000000000000000000, 1.000000000000000000, -0.000000000000000000 ) ) ;
#348 = AXIS2_PLACEMENT_3D ( 'NONE', #882, #839, #1875 ) ;
#349 = EDGE_CURVE ( 'NONE', #1398, #1073, #543, .T. ) ;
#350 = COORDINATED_UNIVERSAL_TIME_OFFSET ( 3, 30, .AHEAD. ) ;
#351 = VERTEX_POINT ( 'NONE', #1417 ) ;
#352 = EDGE_CURVE ( 'NONE', #835, #1353, #1933, .T. ) ;
#353 = AXIS2_PLACEMENT_3D ( 'NONE', #1037, #1543, #202 ) ;
#354 = DIRECTION ( 'NONE',  ( 0.000000000000000000, 0.000000000000000000, 1.000000000000000000 ) ) ;
#355 = DIRECTION ( 'NONE',  ( 0.000000000000000000, 0.000000000000000000, 1.000000000000000000 ) ) ;
#356 = CYLINDRICAL_SURFACE ( 'NONE', #1164, 44.50000000000000711 ) ;
#357 = DIRECTION ( 'NONE',  ( -0.000000000000000000, -1.000000000000000000, -0.000000000000000000 ) ) ;
#358 = ORIENTED_EDGE ( 'NONE', *, *, #1613, .T. ) ;
#359 = CARTESIAN_POINT ( 'NONE',  ( 5.606576814334944920E-14, 2.399999999999999467, 17.64999999999999858 ) ) ;
#360 = DIRECTION ( 'NONE',  ( 0.000000000000000000, -1.000000000000000000, 0.000000000000000000 ) ) ;
#361 = CLOSED_SHELL ( 'NONE', ( #2067, #942, #685, #129, #846, #728, #1438, #1114, #294, #928, #1258, #940, #2071, #1823, #2160, #572, #917, #2133, #1347, #1600, #1559, #1363, #656, #1506, #1913, #369, #776, #1548, #1666, #969, #1493, #1940, #1190, #575, #2012, #2115, #1460, #1068, #1783, #422, #1144, #1671, #615, #476, #431, #1147, #1401, #1378, #1754, #1531, #1807, #891, #1731, #2102, #1103, #268, #1477, #619, #1415, #1052, #952, #505, #42, #1998, #233, #2126, #1428, #682, #33, #904, #1022, #1743 ) ) ;
#362 = ORIENTED_EDGE ( 'NONE', *, *, #713, .T. ) ;
#363 = VECTOR ( 'NONE', #1668, 1000.000000000000000 ) ;
#364 = EDGE_CURVE ( 'NONE', #1394, #1744, #1264, .T. ) ;
#365 = CIRCLE ( 'NONE', #967, 27.24999999999998224 ) ;
#366 = VERTEX_POINT ( 'NONE', #611 ) ;
#367 = AXIS2_PLACEMENT_3D ( 'NONE', #678, #1801, #2002 ) ;
#368 = CARTESIAN_POINT ( 'NONE',  ( -11.31370849898490150, 7.066904755831209251, -9.663708498984624029 ) ) ;
#369 = ADVANCED_FACE ( 'NONE', ( #585 ), #1608, .T. ) ;
#370 = CARTESIAN_POINT ( 'NONE',  ( 0.000000000000000000, 4.600000000000003197, 0.000000000000000000 ) ) ;
#371 = DIRECTION ( 'NONE',  ( 0.000000000000000000, 0.000000000000000000, 1.000000000000000000 ) ) ;
#372 = ORIENTED_EDGE ( 'NONE', *, *, #162, .T. ) ;
#373 = CARTESIAN_POINT ( 'NONE',  ( 0.000000000000000000, 33.20000000000000284, 0.000000000000000000 ) ) ;
#374 = CARTESIAN_POINT ( 'NONE',  ( 0.000000000000000000, 24.39999999999999858, 45.00000000000000711 ) ) ;
#375 = ORIENTED_EDGE ( 'NONE', *, *, #1587, .T. ) ;
#376 = CIRCLE ( 'NONE', #1255, 1.649999999999998801 ) ;
#377 = ORIENTED_EDGE ( 'NONE', *, *, #1359, .F. ) ;
#378 = CARTESIAN_POINT ( 'NONE',  ( 5.586370142149013368E-14, -2.500000000000000000, 16.00000000000000000 ) ) ;
#379 = DIRECTION ( 'NONE',  ( 0.000000000000000000, -1.000000000000000000, 0.000000000000000000 ) ) ;
#380 = EDGE_CURVE ( 'NONE', #609, #1664, #402, .T. ) ;
#381 = DIRECTION ( 'NONE',  ( -0.000000000000000000, 1.000000000000000000, -0.000000000000000000 ) ) ;
#382 = ORIENTED_EDGE ( 'NONE', *, *, #364, .F. ) ;
#383 = DIRECTION ( 'NONE',  ( -0.000000000000000000, -1.000000000000000000, -0.000000000000000000 ) ) ;
#384 = AXIS2_PLACEMENT_3D ( 'NONE', #924, #903, #1311 ) ;
#385 = CYLINDRICAL_SURFACE ( 'NONE', #1884, 45.00000000000000711 ) ;
#386 = ORIENTED_EDGE ( 'NONE', *, *, #2078, .F. ) ;
#387 = VECTOR ( 'NONE', #970, 1000.000000000000000 ) ;
#388 = AXIS2_PLACEMENT_3D ( 'NONE', #1704, #379, #1369 ) ;
#389 = VERTEX_POINT ( 'NONE', #1911 ) ;
#390 = CARTESIAN_POINT ( 'NONE',  ( 5.510910596163090344E-15, 35.39999999999999858, 45.00000000000000711 ) ) ;
#391 = CARTESIAN_POINT ( 'NONE',  ( -16.00000000000000000, 7.066904755831209251, 1.649999999999998579 ) ) ;
#392 = DIRECTION ( 'NONE',  ( 0.000000000000000000, 0.000000000000000000, 1.000000000000000000 ) ) ;
#393 = CARTESIAN_POINT ( 'NONE',  ( 0.000000000000000000, 15.59999999999999964, 44.50000000000000711 ) ) ;
#394 = EDGE_CURVE ( 'NONE', #1360, #1252, #1294, .T. ) ;
#395 = ORIENTED_EDGE ( 'NONE', *, *, #380, .T. ) ;
#396 = CARTESIAN_POINT ( 'NONE',  ( 5.021051876504148963E-15, 2.399999999999999467, -41.00000000000000000 ) ) ;
#397 = CYLINDRICAL_SURFACE ( 'NONE', #597, 45.00000000000000711 ) ;
#398 = EDGE_CURVE ( 'NONE', #1309, #1081, #289, .T. ) ;
#399 = ORIENTED_EDGE ( 'NONE', *, *, #915, .T. ) ;
#400 = ORIENTED_EDGE ( 'NONE', *, *, #2049, .F. ) ;
#401 = CARTESIAN_POINT ( 'NONE',  ( 5.510910596163090344E-15, 35.39999999999999858, 45.00000000000000711 ) ) ;
#402 = CIRCLE ( 'NONE', #2005, 44.50000000000000711 ) ;
#403 = AXIS2_PLACEMENT_3D ( 'NONE', #832, #997, #687 ) ;
#404 = CARTESIAN_POINT ( 'NONE',  ( 0.000000000000000000, 26.59999999999999787, 0.000000000000000000 ) ) ;
#405 = EDGE_LOOP ( 'NONE', ( #1707, #1065, #1652, #1897 ) ) ;
#406 = FACE_BOUND ( 'NONE', #1882, .T. ) ;
#407 = DIRECTION ( 'NONE',  ( 0.000000000000000000, 0.000000000000000000, -1.000000000000000000 ) ) ;
#408 = ORIENTED_EDGE ( 'NONE', *, *, #755, .T. ) ;
#409 = EDGE_CURVE ( 'NONE', #589, #889, #757, .T. ) ;
#410 = ORIENTED_EDGE ( 'NONE', *, *, #1793, .F. ) ;
#411 = CARTESIAN_POINT ( 'NONE',  ( 5.510910596163090344E-15, 24.39999999999999858, 45.00000000000000711 ) ) ;
#412 = CARTESIAN_POINT ( 'NONE',  ( 11.31370849898465991, -2.500000000000000000, -9.663708498984860285 ) ) ;
#413 = ORIENTED_EDGE ( 'NONE', *, *, #561, .T. ) ;
#414 = DIRECTION ( 'NONE',  ( -0.000000000000000000, 1.000000000000000000, -0.000000000000000000 ) ) ;
#415 = DIRECTION ( 'NONE',  ( 0.000000000000000000, -1.000000000000000000, 0.000000000000000000 ) ) ;
#416 = ORIENTED_EDGE ( 'NONE', *, *, #715, .T. ) ;
#417 = AXIS2_PLACEMENT_3D ( 'NONE', #2147, #347, #1019 ) ;
#418 = AXIS2_PLACEMENT_3D ( 'NONE', #267, #102, #458 ) ;
#419 = EDGE_LOOP ( 'NONE', ( #552, #1343 ) ) ;
#420 = DIRECTION ( 'NONE',  ( -0.000000000000000000, -1.000000000000000000, -0.000000000000000000 ) ) ;
#421 = VECTOR ( 'NONE', #1519, 1000.000000000000114 ) ;
#422 = ADVANCED_FACE ( 'NONE', ( #1589, #101, #1426, #1088, #593, #1924, #258, #1597, #89, #762 ), #1434, .T. ) ;
#423 = DIRECTION ( 'NONE',  ( 0.000000000000000000, -1.000000000000000000, 0.000000000000000000 ) ) ;
#424 = CIRCLE ( 'NONE', #2105, 1.649999999999998801 ) ;
#425 = ORIENTED_EDGE ( 'NONE', *, *, #2025, .F. ) ;
#426 = DIRECTION ( 'NONE',  ( 0.000000000000000000, 0.000000000000000000, 1.000000000000000000 ) ) ;
#427 = ORIENTED_EDGE ( 'NONE', *, *, #790, .T. ) ;
#428 = AXIS2_PLACEMENT_3D ( 'NONE', #1210, #1716, #392 ) ;
#429 = CARTESIAN_POINT ( 'NONE',  ( 7.715274834628326364E-16, 20.21909088590100367, 6.300000000000000711 ) ) ;
#430 = EDGE_LOOP ( 'NONE', ( #2108, #183, #900, #1412 ) ) ;
#431 = ADVANCED_FACE ( 'NONE', ( #436 ), #1631, .F. ) ;
#432 = CARTESIAN_POINT ( 'NONE',  ( 0.000000000000000000, 35.39999999999999858, 0.000000000000000000 ) ) ;
#433 = EDGE_CURVE ( 'NONE', #1482, #613, #1447, .T. ) ;
#434 = EDGE_CURVE ( 'NONE', #990, #576, #376, .T. ) ;
#435 = ORIENTED_EDGE ( 'NONE', *, *, #1805, .T. ) ;
#436 = FACE_OUTER_BOUND ( 'NONE', #85, .T. ) ;
#437 = CARTESIAN_POINT ( 'NONE',  ( 0.000000000000000000, -2.500000000000000000, -6.300000000000000711 ) ) ;
#438 = FACE_BOUND ( 'NONE', #959, .T. ) ;
#439 = DIRECTION ( 'NONE',  ( -0.000000000000000000, 1.000000000000000000, -0.000000000000000000 ) ) ;
#440 = VERTEX_POINT ( 'NONE', #1777 ) ;
#441 = DIRECTION ( 'NONE',  ( -0.000000000000000000, 1.000000000000000000, -0.000000000000000000 ) ) ;
#442 = AXIS2_PLACEMENT_3D ( 'NONE', #310, #793, #1185 ) ;
#443 = EDGE_CURVE ( 'NONE', #1742, #1379, #1599, .T. ) ;
#444 = ORIENTED_EDGE ( 'NONE', *, *, #1292, .T. ) ;
#445 = CARTESIAN_POINT ( 'NONE',  ( 0.000000000000000000, 35.39999999999999858, 0.000000000000000000 ) ) ;
#446 = FACE_OUTER_BOUND ( 'NONE', #547, .T. ) ;
#447 = DIRECTION ( 'NONE',  ( 0.000000000000000000, -1.000000000000000000, 0.000000000000000000 ) ) ;
#448 =( NAMED_UNIT ( * ) PLANE_ANGLE_UNIT ( ) SI_UNIT ( $, .RADIAN. ) );
#449 = EDGE_LOOP ( 'NONE', ( #12, #1927 ) ) ;
#450 = AXIS2_PLACEMENT_3D ( 'NONE', #335, #1007, #1170 ) ;
#451 = PRODUCT_DEFINITION_SHAPE ( 'NONE', 'NONE',  #1820 ) ;
#452 = CIRCLE ( 'NONE', #910, 45.00000000000000711 ) ;
#453 = DIRECTION ( 'NONE',  ( -0.000000000000000000, -1.000000000000000000, -0.000000000000000000 ) ) ;
#454 = AXIS2_PLACEMENT_3D ( 'NONE', #1443, #1241, #1625 ) ;
#455 = LINE ( 'NONE', #828, #387 ) ;
#456 = ORIENTED_EDGE ( 'NONE', *, *, #1038, .F. ) ;
#457 = CARTESIAN_POINT ( 'NONE',  ( 5.449678256205721981E-15, 9.000000000000001776, -44.50000000000000711 ) ) ;
#458 = DIRECTION ( 'NONE',  ( 0.000000000000000000, 0.000000000000000000, 1.000000000000000000 ) ) ;
#459 = EDGE_CURVE ( 'NONE', #1408, #366, #2118, .T. ) ;
#460 = VERTEX_POINT ( 'NONE', #1788 ) ;
#461 = DIRECTION ( 'NONE',  ( -0.000000000000000000, -1.000000000000000000, -0.000000000000000000 ) ) ;
#462 = CARTESIAN_POINT ( 'NONE',  ( 5.449678256205721981E-15, 31.00000000000000000, -44.50000000000000711 ) ) ;
#463 = EDGE_LOOP ( 'NONE', ( #1427, #1683, #2050, #252 ) ) ;
#464 = FACE_OUTER_BOUND ( 'NONE', #1497, .T. ) ;
#465 = AXIS2_PLACEMENT_3D ( 'NONE', #2101, #796, #1100 ) ;
#466 = DIRECTION ( 'NONE',  ( 0.000000000000000000, 0.000000000000000000, 1.000000000000000000 ) ) ;
#467 = ORIENTED_EDGE ( 'NONE', *, *, #1627, .T. ) ;
#468 = FACE_OUTER_BOUND ( 'NONE', #1930, .T. ) ;
#469 = CARTESIAN_POINT ( 'NONE',  ( 5.510910596163090344E-15, 35.39999999999999858, 45.00000000000000711 ) ) ;
#470 = AXIS2_PLACEMENT_3D ( 'NONE', #1414, #591, #1104 ) ;
#471 = AXIS2_PLACEMENT_3D ( 'NONE', #932, #1602, #636 ) ;
#472 = AXIS2_PLACEMENT_3D ( 'NONE', #1546, #1078, #1533 ) ;
#473 = EDGE_LOOP ( 'NONE', ( #918, #831, #856, #987 ) ) ;
#474 = CARTESIAN_POINT ( 'NONE',  ( 11.31370849898482156, 7.066904755831209251, 12.96370849898469935 ) ) ;
#475 = LINE ( 'NONE', #1423, #943 ) ;
#476 = ADVANCED_FACE ( 'NONE', ( #286 ), #960, .F. ) ;
#477 = PERSON_AND_ORGANIZATION ( #1834, #212 ) ;
#478 = ORIENTED_EDGE ( 'NONE', *, *, #518, .F. ) ;
#479 = DIRECTION ( 'NONE',  ( 0.000000000000000000, 1.000000000000000000, 0.000000000000000000 ) ) ;
#480 = FACE_BOUND ( 'NONE', #1776, .T. ) ;
#481 = ORIENTED_EDGE ( 'NONE', *, *, #1340, .T. ) ;
#482 = DIRECTION ( 'NONE',  ( -0.000000000000000000, -1.000000000000000000, -0.000000000000000000 ) ) ;
#483 = DIRECTION ( 'NONE',  ( -0.000000000000000000, 1.000000000000000000, -0.000000000000000000 ) ) ;
#484 = DIRECTION ( 'NONE',  ( 0.000000000000000000, 0.000000000000000000, 1.000000000000000000 ) ) ;
#485 = APPROVAL_STATUS ( 'not_yet_approved' ) ;
#486 = ORIENTED_EDGE ( 'NONE', *, *, #806, .T. ) ;
#487 = EDGE_CURVE ( 'NONE', #868, #761, #1496, .T. ) ;
#488 = AXIS2_PLACEMENT_3D ( 'NONE', #1367, #2007, #894 ) ;
#489 = CARTESIAN_POINT ( 'NONE',  ( 0.000000000000000000, 35.39999999999999858, 0.000000000000000000 ) ) ;
#490 = EDGE_CURVE ( 'NONE', #2074, #23, #829, .T. ) ;
#491 = CIRCLE ( 'NONE', #1538, 1.649999999999998579 ) ;
#492 = CARTESIAN_POINT ( 'NONE',  ( -1.673890375426111171E-13, -2.500000000000000000, -14.34999999999999787 ) ) ;
#493 = ORIENTED_EDGE ( 'NONE', *, *, #1490, .T. ) ;
#494 = DIRECTION ( 'NONE',  ( -0.000000000000000000, 1.000000000000000000, -0.000000000000000000 ) ) ;
#495 = AXIS2_PLACEMENT_3D ( 'NONE', #1832, #1663, #296 ) ;
#496 = AXIS2_PLACEMENT_3D ( 'NONE', #1050, #560, #26 ) ;
#497 = LOCAL_TIME ( 16, 5, 13.00000000000000000, #350 ) ;
#498 = DIRECTION ( 'NONE',  ( 0.000000000000000000, 0.000000000000000000, 1.000000000000000000 ) ) ;
#499 = CYLINDRICAL_SURFACE ( 'NONE', #1466, 44.50000000000000711 ) ;
#500 = EDGE_LOOP ( 'NONE', ( #112, #686 ) ) ;
#501 = EDGE_CURVE ( 'NONE', #1238, #133, #135, .T. ) ;
#502 = DIRECTION ( 'NONE',  ( 0.000000000000000000, 0.000000000000000000, 1.000000000000000000 ) ) ;
#503 = CC_DESIGN_PERSON_AND_ORGANIZATION_ASSIGNMENT ( #1481, #1324, ( #1016 ) ) ;
#504 = DIRECTION ( 'NONE',  ( -0.000000000000000000, 1.000000000000000000, -0.000000000000000000 ) ) ;
#505 = ADVANCED_FACE ( 'NONE', ( #1342, #468 ), #1152, .F. ) ;
#506 = DIRECTION ( 'NONE',  ( 0.000000000000000000, -1.000000000000000000, 0.000000000000000000 ) ) ;
#507 = EDGE_LOOP ( 'NONE', ( #1328, #775 ) ) ;
#508 = CARTESIAN_POINT ( 'NONE',  ( 5.449678256205721981E-15, 22.19999999999999929, -44.50000000000000711 ) ) ;
#509 = DIRECTION ( 'NONE',  ( 0.000000000000000000, 0.000000000000000000, 1.000000000000000000 ) ) ;
#510 = AXIS2_PLACEMENT_3D ( 'NONE', #373, #1740, #876 ) ;
#511 = AXIS2_PLACEMENT_3D ( 'NONE', #1749, #783, #1253 ) ;
#512 = CIRCLE ( 'NONE', #403, 45.00000000000000711 ) ;
#513 = SHAPE_DEFINITION_REPRESENTATION ( #451, #717 ) ;
#514 = EDGE_LOOP ( 'NONE', ( #923, #1804, #1849, #1596 ) ) ;
#515 = CARTESIAN_POINT ( 'NONE',  ( 0.000000000000000000, 35.39999999999999858, -45.00000000000000711 ) ) ;
#516 = FACE_OUTER_BOUND ( 'NONE', #1798, .T. ) ;
#517 = CARTESIAN_POINT ( 'NONE',  ( -11.31370849898490150, 7.066904755831209251, -11.31370849898462261 ) ) ;
#518 = EDGE_CURVE ( 'NONE', #614, #1742, #995, .T. ) ;
#519 = VERTEX_POINT ( 'NONE', #1665 ) ;
#520 = CARTESIAN_POINT ( 'NONE',  ( 5.021051876504148963E-15, 2.399999999999999467, -41.00000000000000000 ) ) ;
#521 = AXIS2_PLACEMENT_3D ( 'NONE', #123, #1487, #1140 ) ;
#522 = ORIENTED_EDGE ( 'NONE', *, *, #1375, .T. ) ;
#523 = DIRECTION ( 'NONE',  ( 0.000000000000000000, 1.000000000000000000, 0.000000000000000000 ) ) ;
#524 = CIRCLE ( 'NONE', #271, 1.649999999999998579 ) ;
#525 = FACE_OUTER_BOUND ( 'NONE', #514, .T. ) ;
#526 = CARTESIAN_POINT ( 'NONE',  ( 0.000000000000000000, 20.00000000000000000, 44.50000000000000711 ) ) ;
#527 = AXIS2_PLACEMENT_3D ( 'NONE', #1590, #1286, #259 ) ;
#528 = ORIENTED_EDGE ( 'NONE', *, *, #349, .F. ) ;
#529 = DIRECTION ( 'NONE',  ( 0.000000000000000000, -1.000000000000000000, 0.000000000000000000 ) ) ;
#530 = EDGE_CURVE ( 'NONE', #756, #127, #1138, .T. ) ;
#531 = CARTESIAN_POINT ( 'NONE',  ( 0.000000000000000000, 20.00000000000000000, -45.00000000000000711 ) ) ;
#532 = CIRCLE ( 'NONE', #668, 44.50000000000000711 ) ;
#533 = EDGE_CURVE ( 'NONE', #563, #844, #1833, .T. ) ;
#534 = EDGE_LOOP ( 'NONE', ( #1649, #913, #375, #1141 ) ) ;
#535 = LINE ( 'NONE', #390, #1845 ) ;
#536 = DESIGN_CONTEXT ( 'detailed design', #854, 'design' ) ;
#537 = CARTESIAN_POINT ( 'NONE',  ( 0.000000000000000000, 35.39999999999999858, 0.000000000000000000 ) ) ;
#538 = CYLINDRICAL_SURFACE ( 'NONE', #605, 45.00000000000000711 ) ;
#539 = ORIENTED_EDGE ( 'NONE', *, *, #1573, .T. ) ;
#540 = AXIS2_PLACEMENT_3D ( 'NONE', #1261, #935, #1575 ) ;
#541 = CARTESIAN_POINT ( 'NONE',  ( -1.675911042644704011E-13, -2.500000000000000000, -15.99999999999999645 ) ) ;
#542 = FACE_BOUND ( 'NONE', #1719, .T. ) ;
#543 = CIRCLE ( 'NONE', #1383, 44.50000000000000711 ) ;
#544 = MANIFOLD_SOLID_BREP ( 'Chamfer2', #361 ) ;
#545 = EDGE_LOOP ( 'NONE', ( #1146, #994 ) ) ;
#546 = CIRCLE ( 'NONE', #510, 45.00000000000000711 ) ;
#547 = EDGE_LOOP ( 'NONE', ( #386, #556, #232, #444 ) ) ;
#548 = CARTESIAN_POINT ( 'NONE',  ( 0.000000000000000000, 2.399999999999999467, 0.000000000000000000 ) ) ;
#549 = FACE_OUTER_BOUND ( 'NONE', #1521, .T. ) ;
#550 = DIRECTION ( 'NONE',  ( -0.000000000000000000, -1.000000000000000000, -0.000000000000000000 ) ) ;
#551 = AXIS2_PLACEMENT_3D ( 'NONE', #113, #414, #2090 ) ;
#552 = ORIENTED_EDGE ( 'NONE', *, *, #702, .F. ) ;
#553 = CARTESIAN_POINT ( 'NONE',  ( 5.449678256205721981E-15, 9.000000000000001776, -44.50000000000000711 ) ) ;
#554 = CARTESIAN_POINT ( 'NONE',  ( 0.000000000000000000, 35.39999999999999858, 0.000000000000000000 ) ) ;
#555 = ORIENTED_EDGE ( 'NONE', *, *, #1982, .T. ) ;
#556 = ORIENTED_EDGE ( 'NONE', *, *, #1861, .F. ) ;
#557 = DIRECTION ( 'NONE',  ( -0.000000000000000000, -1.000000000000000000, -0.000000000000000000 ) ) ;
#558 = EDGE_CURVE ( 'NONE', #1094, #902, #1810, .T. ) ;
#559 = CARTESIAN_POINT ( 'NONE',  ( 0.000000000000000000, 13.40000000000000213, 0.000000000000000000 ) ) ;
#560 = DIRECTION ( 'NONE',  ( -0.000000000000000000, 1.000000000000000000, -0.000000000000000000 ) ) ;
#561 = EDGE_CURVE ( 'NONE', #1923, #1607, #1829, .T. ) ;
#562 = VECTOR ( 'NONE', #1636, 1000.000000000000000 ) ;
#563 = VERTEX_POINT ( 'NONE', #1015 ) ;
#564 = CARTESIAN_POINT ( 'NONE',  ( 0.000000000000000000, 20.00000000000000000, 0.000000000000000000 ) ) ;
#565 = CARTESIAN_POINT ( 'NONE',  ( 0.000000000000000000, 35.39999999999999858, 0.000000000000000000 ) ) ;
#566 = VECTOR ( 'NONE', #794, 1000.000000000000000 ) ;
#567 = ORIENTED_EDGE ( 'NONE', *, *, #80, .T. ) ;
#568 = AXIS2_PLACEMENT_3D ( 'NONE', #2066, #1458, #1794 ) ;
#569 = AXIS2_PLACEMENT_3D ( 'NONE', #108, #439, #1278 ) ;
#570 = EDGE_LOOP ( 'NONE', ( #1673, #787 ) ) ;
#571 = CARTESIAN_POINT ( 'NONE',  ( 11.31370849898465991, 2.399999999999999467, -12.96370849898485744 ) ) ;
#572 = ADVANCED_FACE ( 'NONE', ( #1465 ), #816, .F. ) ;
#573 = FACE_OUTER_BOUND ( 'NONE', #309, .T. ) ;
#574 = DIRECTION ( 'NONE',  ( -0.000000000000000000, 1.000000000000000000, -0.000000000000000000 ) ) ;
#575 = ADVANCED_FACE ( 'NONE', ( #972 ), #331, .T. ) ;
#576 = VERTEX_POINT ( 'NONE', #159 ) ;
#577 = DIRECTION ( 'NONE',  ( -0.000000000000000000, -1.000000000000000000, -0.000000000000000000 ) ) ;
#578 = DIRECTION ( 'NONE',  ( -0.000000000000000000, -1.000000000000000000, -0.000000000000000000 ) ) ;
#579 = ORIENTED_EDGE ( 'NONE', *, *, #533, .F. ) ;
#580 = ORIENTED_EDGE ( 'NONE', *, *, #790, .F. ) ;
#581 = LINE ( 'NONE', #1413, #939 ) ;
#582 = AXIS2_PLACEMENT_3D ( 'NONE', #517, #1640, #805 ) ;
#583 = CARTESIAN_POINT ( 'NONE',  ( 11.31370849898465991, 2.399999999999999467, -11.31370849898485886 ) ) ;
#584 = ORIENTED_EDGE ( 'NONE', *, *, #1756, .F. ) ;
#585 = FACE_OUTER_BOUND ( 'NONE', #299, .T. ) ;
#586 = CARTESIAN_POINT ( 'NONE',  ( 16.00000000000000000, 2.399999999999999467, -1.117274028429802674E-13 ) ) ;
#587 = ORIENTED_EDGE ( 'NONE', *, *, #595, .F. ) ;
#588 = EDGE_CURVE ( 'NONE', #576, #1512, #666, .T. ) ;
#589 = VERTEX_POINT ( 'NONE', #2143 ) ;
#590 = DIRECTION ( 'NONE',  ( 0.000000000000000000, 0.7071067811865489050, 0.7071067811865462405 ) ) ;
#591 = DIRECTION ( 'NONE',  ( -0.000000000000000000, 1.000000000000000000, -0.000000000000000000 ) ) ;
#592 = ORIENTED_EDGE ( 'NONE', *, *, #364, .T. ) ;
#593 = FACE_BOUND ( 'NONE', #785, .T. ) ;
#594 = FACE_OUTER_BOUND ( 'NONE', #2080, .T. ) ;
#595 = EDGE_CURVE ( 'NONE', #265, #1102, #818, .T. ) ;
#596 = VERTEX_POINT ( 'NONE', #1842 ) ;
#597 = AXIS2_PLACEMENT_3D ( 'NONE', #1556, #1058, #1090 ) ;
#598 = EDGE_CURVE ( 'NONE', #1729, #186, #365, .T. ) ;
#599 = ORIENTED_EDGE ( 'NONE', *, *, #1718, .T. ) ;
#600 = DIRECTION ( 'NONE',  ( -0.000000000000000000, -1.000000000000000000, -0.000000000000000000 ) ) ;
#601 = EDGE_LOOP ( 'NONE', ( #1702, #1733 ) ) ;
#602 = DIRECTION ( 'NONE',  ( 0.000000000000000000, -1.000000000000000000, 0.000000000000000000 ) ) ;
#603 = DIRECTION ( 'NONE',  ( 0.000000000000000000, 0.000000000000000000, -1.000000000000000000 ) ) ;
#604 = ORIENTED_EDGE ( 'NONE', *, *, #874, .F. ) ;
#605 = AXIS2_PLACEMENT_3D ( 'NONE', #216, #550, #848 ) ;
#606 = LINE ( 'NONE', #462, #982 ) ;
#607 = VERTEX_POINT ( 'NONE', #2000 ) ;
#608 = CARTESIAN_POINT ( 'NONE',  ( 5.510910596163090344E-15, 35.39999999999999858, 45.00000000000000711 ) ) ;
#609 = VERTEX_POINT ( 'NONE', #1177 ) ;
#610 = PRODUCT ( 'MotorShell_Default_sldprt', 'MotorShell_Default_sldprt', '', ( #1837 ) ) ;
#611 = CARTESIAN_POINT ( 'NONE',  ( 5.449678256205721981E-15, 6.800000000000000711, -44.50000000000000711 ) ) ;
#612 = DIRECTION ( 'NONE',  ( -0.000000000000000000, -1.000000000000000000, -0.000000000000000000 ) ) ;
#613 = VERTEX_POINT ( 'NONE', #342 ) ;
#614 = VERTEX_POINT ( 'NONE', #1676 ) ;
#615 = ADVANCED_FACE ( 'NONE', ( #676 ), #1351, .F. ) ;
#616 = DIRECTION ( 'NONE',  ( -0.000000000000000000, 1.000000000000000000, -0.000000000000000000 ) ) ;
#617 = FACE_BOUND ( 'NONE', #1945, .T. ) ;
#618 = ORIENTED_EDGE ( 'NONE', *, *, #561, .F. ) ;
#619 = ADVANCED_FACE ( 'NONE', ( #1382 ), #1242, .T. ) ;
#620 = DIRECTION ( 'NONE',  ( 0.000000000000000000, 0.000000000000000000, 1.000000000000000000 ) ) ;
#621 = CARTESIAN_POINT ( 'NONE',  ( 0.000000000000000000, 0.000000000000000000, 0.000000000000000000 ) ) ;
#622 = VERTEX_POINT ( 'NONE', #39 ) ;
#623 = DIRECTION ( 'NONE',  ( -0.000000000000000000, -1.000000000000000000, -0.000000000000000000 ) ) ;
#624 = LINE ( 'NONE', #429, #1371 ) ;
#625 = VERTEX_POINT ( 'NONE', #2033 ) ;
#626 = AXIS2_PLACEMENT_3D ( 'NONE', #1967, #86, #125 ) ;
#627 = CIRCLE ( 'NONE', #1851, 44.50000000000000711 ) ;
#628 = CARTESIAN_POINT ( 'NONE',  ( 0.000000000000000000, 9.000000000000001776, 0.000000000000000000 ) ) ;
#629 = VECTOR ( 'NONE', #168, 1000.000000000000000 ) ;
#630 = LOCAL_TIME ( 16, 5, 13.00000000000000000, #689 ) ;
#631 = DIRECTION ( 'NONE',  ( 0.000000000000000000, 0.000000000000000000, 1.000000000000000000 ) ) ;
#632 = ORIENTED_EDGE ( 'NONE', *, *, #257, .T. ) ;
#633 = DIRECTION ( 'NONE',  ( 0.000000000000000000, 0.000000000000000000, -1.000000000000000000 ) ) ;
#634 = EDGE_CURVE ( 'NONE', #1677, #804, #87, .T. ) ;
#635 = ORIENTED_EDGE ( 'NONE', *, *, #1134, .F. ) ;
#636 = DIRECTION ( 'NONE',  ( 0.000000000000000000, 0.000000000000000000, 1.000000000000000000 ) ) ;
#637 = CARTESIAN_POINT ( 'NONE',  ( 5.586370142149013368E-14, 7.066904755831209251, 16.00000000000000000 ) ) ;
#638 = CARTESIAN_POINT ( 'NONE',  ( 0.000000000000000000, 33.20000000000000284, 0.000000000000000000 ) ) ;
#639 = EDGE_LOOP ( 'NONE', ( #77, #410, #372, #820 ) ) ;
#640 = DIRECTION ( 'NONE',  ( 0.000000000000000000, 0.000000000000000000, 1.000000000000000000 ) ) ;
#641 = DIRECTION ( 'NONE',  ( 0.000000000000000000, 0.000000000000000000, -1.000000000000000000 ) ) ;
#642 = VERTEX_POINT ( 'NONE', #1520 ) ;
#643 = DIRECTION ( 'NONE',  ( -0.000000000000000000, -1.000000000000000000, -0.000000000000000000 ) ) ;
#644 = VECTOR ( 'NONE', #2146, 1000.000000000000000 ) ;
#645 = DIRECTION ( 'NONE',  ( 0.000000000000000000, 0.000000000000000000, -1.000000000000000000 ) ) ;
#646 = EDGE_CURVE ( 'NONE', #990, #724, #883, .T. ) ;
#647 = DIRECTION ( 'NONE',  ( -0.000000000000000000, 1.000000000000000000, -0.000000000000000000 ) ) ;
#648 = VERTEX_POINT ( 'NONE', #526 ) ;
#649 = EDGE_CURVE ( 'NONE', #91, #868, #2088, .T. ) ;
#650 = FACE_OUTER_BOUND ( 'NONE', #534, .T. ) ;
#651 = CARTESIAN_POINT ( 'NONE',  ( 5.449678256205721981E-15, 28.80000000000000071, -44.50000000000000711 ) ) ;
#652 = VERTEX_POINT ( 'NONE', #17 ) ;
#653 = DIRECTION ( 'NONE',  ( -0.000000000000000000, -1.000000000000000000, -0.000000000000000000 ) ) ;
#654 = CARTESIAN_POINT ( 'NONE',  ( 0.000000000000000000, 35.39999999999999858, -45.00000000000000711 ) ) ;
#655 = DIRECTION ( 'NONE',  ( -0.000000000000000000, -1.000000000000000000, -0.000000000000000000 ) ) ;
#656 = ADVANCED_FACE ( 'NONE', ( #1876 ), #538, .T. ) ;
#657 = SECURITY_CLASSIFICATION_LEVEL ( 'unclassified' ) ;
#658 = EDGE_LOOP ( 'NONE', ( #18, #303 ) ) ;
#659 = AXIS2_PLACEMENT_3D ( 'NONE', #2163, #1674, #1306 ) ;
#660 = CC_DESIGN_PERSON_AND_ORGANIZATION_ASSIGNMENT ( #337, #1020, ( #1820 ) ) ;
#661 = EDGE_CURVE ( 'NONE', #440, #613, #1655, .T. ) ;
#662 = AXIS2_PLACEMENT_3D ( 'NONE', #748, #623, #1898 ) ;
#663 = CARTESIAN_POINT ( 'NONE',  ( 0.000000000000000000, 0.000000000000000000, 0.000000000000000000 ) ) ;
#664 = AXIS2_PLACEMENT_3D ( 'NONE', #2015, #833, #1189 ) ;
#665 = FACE_BOUND ( 'NONE', #507, .T. ) ;
#666 = LINE ( 'NONE', #1799, #2079 ) ;
#667 = AXIS2_PLACEMENT_3D ( 'NONE', #1453, #2116, #2032 ) ;
#668 = AXIS2_PLACEMENT_3D ( 'NONE', #1381, #1889, #694 ) ;
#669 = ORIENTED_EDGE ( 'NONE', *, *, #634, .T. ) ;
#670 = CARTESIAN_POINT ( 'NONE',  ( 0.000000000000000000, 20.21909088590100367, -6.300000000000000711 ) ) ;
#671 = CARTESIAN_POINT ( 'NONE',  ( 0.000000000000000000, 31.00000000000000000, 0.000000000000000000 ) ) ;
#672 = PERSON_AND_ORGANIZATION_ROLE ( 'design_supplier' ) ;
#673 = EDGE_LOOP ( 'NONE', ( #1661, #282, #427, #198 ) ) ;
#674 = CARTESIAN_POINT ( 'NONE',  ( 16.00000000000000000, 2.399999999999999467, -1.650000000000110489 ) ) ;
#675 = DIRECTION ( 'NONE',  ( 0.000000000000000000, 0.000000000000000000, -1.000000000000000000 ) ) ;
#676 = FACE_OUTER_BOUND ( 'NONE', #281, .T. ) ;
#677 = PLANE ( 'NONE',  #1684 ) ;
#678 = CARTESIAN_POINT ( 'NONE',  ( 0.000000000000000000, 20.00000000000000000, 0.000000000000000000 ) ) ;
#679 = CARTESIAN_POINT ( 'NONE',  ( 5.586370142149013368E-14, 7.066904755831209251, 16.00000000000000000 ) ) ;
#680 = ORIENTED_EDGE ( 'NONE', *, *, #1982, .F. ) ;
#681 = LINE ( 'NONE', #515, #732 ) ;
#682 = ADVANCED_FACE ( 'NONE', ( #1687, #1697 ), #1529, .F. ) ;
#683 = DIRECTION ( 'NONE',  ( -0.000000000000000000, -1.000000000000000000, -0.000000000000000000 ) ) ;
#684 = DIRECTION ( 'NONE',  ( 0.000000000000000000, -1.000000000000000000, 0.000000000000000000 ) ) ;
#685 = ADVANCED_FACE ( 'NONE', ( #1064 ), #356, .T. ) ;
#686 = ORIENTED_EDGE ( 'NONE', *, *, #595, .T. ) ;
#687 = DIRECTION ( 'NONE',  ( 0.000000000000000000, 0.000000000000000000, 1.000000000000000000 ) ) ;
#688 = DIRECTION ( 'NONE',  ( -0.000000000000000000, 1.000000000000000000, -0.000000000000000000 ) ) ;
#689 = COORDINATED_UNIVERSAL_TIME_OFFSET ( 3, 30, .AHEAD. ) ;
#690 = ORIENTED_EDGE ( 'NONE', *, *, #16, .F. ) ;
#691 = ORIENTED_EDGE ( 'NONE', *, *, #765, .T. ) ;
#692 = CARTESIAN_POINT ( 'NONE',  ( 0.000000000000000000, 2.399999999999999467, 0.000000000000000000 ) ) ;
#693 = AXIS2_PLACEMENT_3D ( 'NONE', #378, #1062, #14 ) ;
#694 = DIRECTION ( 'NONE',  ( 0.000000000000000000, 0.000000000000000000, 1.000000000000000000 ) ) ;
#695 = CYLINDRICAL_SURFACE ( 'NONE', #353, 44.50000000000000711 ) ;
#696 = DIRECTION ( 'NONE',  ( -0.000000000000000000, -1.000000000000000000, -0.000000000000000000 ) ) ;
#697 = CIRCLE ( 'NONE', #1574, 44.50000000000000711 ) ;
#698 = AXIS2_PLACEMENT_3D ( 'NONE', #284, #1999, #1987 ) ;
#699 = ORIENTED_EDGE ( 'NONE', *, *, #501, .T. ) ;
#700 = CARTESIAN_POINT ( 'NONE',  ( 5.449678256205721981E-15, 13.39999999999999858, -44.50000000000000711 ) ) ;
#701 = DIRECTION ( 'NONE',  ( 0.000000000000000000, 0.000000000000000000, 1.000000000000000000 ) ) ;
#702 = EDGE_CURVE ( 'NONE', #45, #2089, #703, .T. ) ;
#703 = CIRCLE ( 'NONE', #1270, 45.00000000000000711 ) ;
#704 = ORIENTED_EDGE ( 'NONE', *, *, #1846, .T. ) ;
#705 = VERTEX_POINT ( 'NONE', #51 ) ;
#706 = FACE_OUTER_BOUND ( 'NONE', #317, .T. ) ;
#707 = AXIS2_PLACEMENT_3D ( 'NONE', #1370, #1865, #371 ) ;
#708 = CARTESIAN_POINT ( 'NONE',  ( -11.31370849898490150, 2.399999999999999467, -9.663708498984624029 ) ) ;
#709 = DIRECTION ( 'NONE',  ( -0.000000000000000000, -1.000000000000000000, -0.000000000000000000 ) ) ;
#710 = VERTEX_POINT ( 'NONE', #2044 ) ;
#711 = DIRECTION ( 'NONE',  ( 0.000000000000000000, 0.000000000000000000, -1.000000000000000000 ) ) ;
#712 = CARTESIAN_POINT ( 'NONE',  ( 0.000000000000000000, 15.59999999999999964, 0.000000000000000000 ) ) ;
#713 = EDGE_CURVE ( 'NONE', #333, #648, #1437, .T. ) ;
#714 = VERTEX_POINT ( 'NONE', #1358 ) ;
#715 = EDGE_CURVE ( 'NONE', #23, #2074, #1305, .T. ) ;
#716 = ORIENTED_EDGE ( 'NONE', *, *, #1985, .F. ) ;
#717 = ADVANCED_BREP_SHAPE_REPRESENTATION ( 'MotorShell_Default_sldprt', ( #544, #1407 ), #1163 ) ;
#718 = DIRECTION ( 'NONE',  ( -0.000000000000000000, 1.000000000000000000, -0.000000000000000000 ) ) ;
#719 = CYLINDRICAL_SURFACE ( 'NONE', #348, 44.50000000000000711 ) ;
#720 = CARTESIAN_POINT ( 'NONE',  ( 0.000000000000000000, 6.800000000000000711, 0.000000000000000000 ) ) ;
#721 = EDGE_LOOP ( 'NONE', ( #2070, #158, #1290, #825 ) ) ;
#722 = FACE_OUTER_BOUND ( 'NONE', #463, .T. ) ;
#723 = FACE_OUTER_BOUND ( 'NONE', #1112, .T. ) ;
#724 = VERTEX_POINT ( 'NONE', #227 ) ;
#725 = EDGE_CURVE ( 'NONE', #519, #78, #1057, .T. ) ;
#726 = EDGE_LOOP ( 'NONE', ( #929, #234, #1033, #1192 ) ) ;
#727 = CARTESIAN_POINT ( 'NONE',  ( 5.449678256205721981E-15, 26.60000000000000142, -44.50000000000000711 ) ) ;
#728 = ADVANCED_FACE ( 'NONE', ( #1404 ), #695, .T. ) ;
#729 = CARTESIAN_POINT ( 'NONE',  ( -16.00000000000000000, -2.500000000000000000, 0.000000000000000000 ) ) ;
#730 = DIRECTION ( 'NONE',  ( -0.000000000000000000, -1.000000000000000000, -0.000000000000000000 ) ) ;
#731 = DIRECTION ( 'NONE',  ( 0.000000000000000000, 0.000000000000000000, 1.000000000000000000 ) ) ;
#732 = VECTOR ( 'NONE', #2051, 1000.000000000000000 ) ;
#733 = ORIENTED_EDGE ( 'NONE', *, *, #634, .F. ) ;
#734 = CARTESIAN_POINT ( 'NONE',  ( 5.449678256205721981E-15, 20.00000000000000000, -44.50000000000000711 ) ) ;
#735 = AXIS2_PLACEMENT_3D ( 'NONE', #374, #1547, #701 ) ;
#736 = CARTESIAN_POINT ( 'NONE',  ( 16.00000000000000000, -2.500000000000000000, 1.649999999999887335 ) ) ;
#737 = AXIS2_PLACEMENT_3D ( 'NONE', #1925, #612, #1099 ) ;
#738 = ORIENTED_EDGE ( 'NONE', *, *, #1442, .T. ) ;
#739 = EDGE_LOOP ( 'NONE', ( #1463, #1817 ) ) ;
#740 = DIRECTION ( 'NONE',  ( 0.000000000000000000, 1.000000000000000000, 0.000000000000000000 ) ) ;
#741 = LINE ( 'NONE', #97, #921 ) ;
#742 = ORIENTED_EDGE ( 'NONE', *, *, #887, .F. ) ;
#743 = EDGE_CURVE ( 'NONE', #1102, #756, #1705, .T. ) ;
#744 = DIRECTION ( 'NONE',  ( -0.000000000000000000, 1.000000000000000000, -0.000000000000000000 ) ) ;
#745 = DIRECTION ( 'NONE',  ( -0.000000000000000000, -1.000000000000000000, -0.000000000000000000 ) ) ;
#746 = ORIENTED_EDGE ( 'NONE', *, *, #107, .F. ) ;
#747 = VERTEX_POINT ( 'NONE', #2114 ) ;
#748 = CARTESIAN_POINT ( 'NONE',  ( 5.586370142149013368E-14, 2.399999999999999467, 16.00000000000000000 ) ) ;
#749 = AXIS2_PLACEMENT_3D ( 'NONE', #1658, #821, #152 ) ;
#750 = DIRECTION ( 'NONE',  ( 0.000000000000000000, 1.000000000000000000, 0.000000000000000000 ) ) ;
#751 = EDGE_CURVE ( 'NONE', #897, #1565, #2138, .T. ) ;
#752 = EDGE_LOOP ( 'NONE', ( #291, #52, #399, #56 ) ) ;
#753 = DIRECTION ( 'NONE',  ( -0.000000000000000000, -1.000000000000000000, -0.000000000000000000 ) ) ;
#754 = CARTESIAN_POINT ( 'NONE',  ( 0.000000000000000000, 26.60000000000000142, 0.000000000000000000 ) ) ;
#755 = EDGE_CURVE ( 'NONE', #285, #844, #1622, .T. ) ;
#756 = VERTEX_POINT ( 'NONE', #2077 ) ;
#757 = CIRCLE ( 'NONE', #551, 45.00000000000000711 ) ;
#758 = ORIENTED_EDGE ( 'NONE', *, *, #352, .F. ) ;
#759 = DIRECTION ( 'NONE',  ( 0.000000000000000000, 0.000000000000000000, -1.000000000000000000 ) ) ;
#760 = DIRECTION ( 'NONE',  ( 0.000000000000000000, 0.000000000000000000, 1.000000000000000000 ) ) ;
#761 = VERTEX_POINT ( 'NONE', #1251 ) ;
#762 = FACE_OUTER_BOUND ( 'NONE', #1524, .T. ) ;
#763 = DIRECTION ( 'NONE',  ( 0.000000000000000000, -1.000000000000000000, 0.000000000000000000 ) ) ;
#764 = EDGE_LOOP ( 'NONE', ( #1087, #1635 ) ) ;
#765 = EDGE_CURVE ( 'NONE', #648, #333, #187, .T. ) ;
#766 = AXIS2_PLACEMENT_3D ( 'NONE', #1523, #688, #1362 ) ;
#767 = DIRECTION ( 'NONE',  ( 0.000000000000000000, 0.000000000000000000, -1.000000000000000000 ) ) ;
#768 = AXIS2_PLACEMENT_3D ( 'NONE', #958, #157, #631 ) ;
#769 = ORIENTED_EDGE ( 'NONE', *, *, #434, .T. ) ;
#770 = LOCAL_TIME ( 16, 5, 13.00000000000000000, #977 ) ;
#771 = CARTESIAN_POINT ( 'NONE',  ( 0.000000000000000000, 6.800000000000000711, 0.000000000000000000 ) ) ;
#772 = ORIENTED_EDGE ( 'NONE', *, *, #6, .T. ) ;
#773 = DIRECTION ( 'NONE',  ( 0.000000000000000000, 0.000000000000000000, -1.000000000000000000 ) ) ;
#774 = CYLINDRICAL_SURFACE ( 'NONE', #1815, 6.300000000000000711 ) ;
#775 = ORIENTED_EDGE ( 'NONE', *, *, #1297, .T. ) ;
#776 = ADVANCED_FACE ( 'NONE', ( #1452 ), #1764, .T. ) ;
#777 = CYLINDRICAL_SURFACE ( 'NONE', #174, 1.649999999999998579 ) ;
#778 = ORIENTED_EDGE ( 'NONE', *, *, #4, .T. ) ;
#779 = EDGE_CURVE ( 'NONE', #351, #652, #1928, .T. ) ;
#780 = AXIS2_PLACEMENT_3D ( 'NONE', #325, #1678, #1993 ) ;
#781 = CARTESIAN_POINT ( 'NONE',  ( 0.000000000000000000, 11.19999999999999751, -45.00000000000000711 ) ) ;
#782 = ORIENTED_EDGE ( 'NONE', *, *, #788, .T. ) ;
#783 = DIRECTION ( 'NONE',  ( -0.000000000000000000, 1.000000000000000000, -0.000000000000000000 ) ) ;
#784 = CARTESIAN_POINT ( 'NONE',  ( 0.000000000000000000, 35.39999999999999858, -45.00000000000000711 ) ) ;
#785 = EDGE_LOOP ( 'NONE', ( #604, #1034 ) ) ;
#786 = FACE_BOUND ( 'NONE', #2027, .T. ) ;
#787 = ORIENTED_EDGE ( 'NONE', *, *, #6, .F. ) ;
#788 = EDGE_CURVE ( 'NONE', #1394, #1238, #44, .T. ) ;
#789 = CARTESIAN_POINT ( 'NONE',  ( 0.000000000000000000, 13.40000000000000213, 0.000000000000000000 ) ) ;
#790 = EDGE_CURVE ( 'NONE', #804, #45, #741, .T. ) ;
#791 = FACE_OUTER_BOUND ( 'NONE', #875, .T. ) ;
#792 = EDGE_LOOP ( 'NONE', ( #213, #922 ) ) ;
#793 = DIRECTION ( 'NONE',  ( -0.000000000000000000, 1.000000000000000000, -0.000000000000000000 ) ) ;
#794 = DIRECTION ( 'NONE',  ( -0.000000000000000000, -1.000000000000000000, -0.000000000000000000 ) ) ;
#795 = ORIENTED_EDGE ( 'NONE', *, *, #859, .T. ) ;
#796 = DIRECTION ( 'NONE',  ( -0.000000000000000000, 1.000000000000000000, -0.000000000000000000 ) ) ;
#797 = DIRECTION ( 'NONE',  ( 0.000000000000000000, 0.000000000000000000, 1.000000000000000000 ) ) ;
#798 = AXIS2_PLACEMENT_3D ( 'NONE', #692, #214, #1012 ) ;
#799 = FACE_BOUND ( 'NONE', #1133, .T. ) ;
#800 = ORIENTED_EDGE ( 'NONE', *, *, #1670, .T. ) ;
#801 = AXIS2_PLACEMENT_3D ( 'NONE', #1779, #763, #1295 ) ;
#802 = FACE_OUTER_BOUND ( 'NONE', #1115, .T. ) ;
#803 = AXIS2_PLACEMENT_3D ( 'NONE', #2054, #683, #1854 ) ;
#804 = VERTEX_POINT ( 'NONE', #236 ) ;
#805 = DIRECTION ( 'NONE',  ( 0.000000000000000000, 0.000000000000000000, -1.000000000000000000 ) ) ;
#806 = EDGE_CURVE ( 'NONE', #613, #440, #2144, .T. ) ;
#807 = ORIENTED_EDGE ( 'NONE', *, *, #1038, .T. ) ;
#808 = DIRECTION ( 'NONE',  ( 0.000000000000000000, -1.000000000000000000, 0.000000000000000000 ) ) ;
#809 = FACE_BOUND ( 'NONE', #1492, .T. ) ;
#810 = DATE_TIME_ROLE ( 'classification_date' ) ;
#811 = EDGE_LOOP ( 'NONE', ( #769, #1130 ) ) ;
#812 = CIRCLE ( 'NONE', #991, 44.50000000000000711 ) ;
#813 = DIRECTION ( 'NONE',  ( -0.000000000000000000, -1.000000000000000000, -0.000000000000000000 ) ) ;
#814 = CARTESIAN_POINT ( 'NONE',  ( 0.000000000000000000, 13.40000000000000213, -45.00000000000000711 ) ) ;
#815 = ORIENTED_EDGE ( 'NONE', *, *, #2113, .T. ) ;
#816 = CYLINDRICAL_SURFACE ( 'NONE', #582, 1.649999999999998579 ) ;
#817 = EDGE_CURVE ( 'NONE', #366, #902, #812, .T. ) ;
#818 = CIRCLE ( 'NONE', #1317, 1.649999999999998579 ) ;
#819 = AXIS2_PLACEMENT_3D ( 'NONE', #229, #2022, #711 ) ;
#820 = ORIENTED_EDGE ( 'NONE', *, *, #779, .T. ) ;
#821 = DIRECTION ( 'NONE',  ( -0.000000000000000000, 1.000000000000000000, -0.000000000000000000 ) ) ;
#822 = CARTESIAN_POINT ( 'NONE',  ( -16.00000000000000000, -2.500000000000000000, 0.000000000000000000 ) ) ;
#823 = EDGE_CURVE ( 'NONE', #1216, #563, #1256, .T. ) ;
#824 = DATE_AND_TIME ( #1515, #630 ) ;
#825 = ORIENTED_EDGE ( 'NONE', *, *, #2093, .T. ) ;
#826 = CARTESIAN_POINT ( 'NONE',  ( -16.00000000000000000, 2.399999999999999467, 0.000000000000000000 ) ) ;
#827 = AXIS2_PLACEMENT_3D ( 'NONE', #583, #600, #1938 ) ;
#828 = CARTESIAN_POINT ( 'NONE',  ( 0.000000000000000000, 35.39999999999999858, -45.00000000000000711 ) ) ;
#829 = CIRCLE ( 'NONE', #442, 44.50000000000000711 ) ;
#830 = DIRECTION ( 'NONE',  ( 0.000000000000000000, -1.000000000000000000, 0.000000000000000000 ) ) ;
#831 = ORIENTED_EDGE ( 'NONE', *, *, #320, .T. ) ;
#832 = CARTESIAN_POINT ( 'NONE',  ( 0.000000000000000000, 11.19999999999999751, 0.000000000000000000 ) ) ;
#833 = DIRECTION ( 'NONE',  ( -0.000000000000000000, -1.000000000000000000, -0.000000000000000000 ) ) ;
#834 = COORDINATED_UNIVERSAL_TIME_OFFSET ( 3, 30, .AHEAD. ) ;
#835 = VERTEX_POINT ( 'NONE', #1291 ) ;
#836 = CIRCLE ( 'NONE', #1435, 45.00000000000000711 ) ;
#837 = CYLINDRICAL_SURFACE ( 'NONE', #1883, 44.50000000000000711 ) ;
#838 = AXIS2_PLACEMENT_3D ( 'NONE', #586, #1535, #1254 ) ;
#839 = DIRECTION ( 'NONE',  ( -0.000000000000000000, 1.000000000000000000, -0.000000000000000000 ) ) ;
#840 = CARTESIAN_POINT ( 'NONE',  ( 0.000000000000000000, -2.500000000000000000, 0.000000000000000000 ) ) ;
#841 = PLANE ( 'NONE',  #1352 ) ;
#842 = CARTESIAN_POINT ( 'NONE',  ( 5.449678256205721981E-15, 4.600000000000003197, -44.50000000000000711 ) ) ;
#843 = CALENDAR_DATE ( 2026, 23, 7 ) ;
#844 = VERTEX_POINT ( 'NONE', #412 ) ;
#845 = FACE_BOUND ( 'NONE', #2128, .T. ) ;
#846 = ADVANCED_FACE ( 'NONE', ( #1755 ), #1273, .T. ) ;
#847 = FACE_OUTER_BOUND ( 'NONE', #752, .T. ) ;
#848 = DIRECTION ( 'NONE',  ( 0.000000000000000000, 0.000000000000000000, -1.000000000000000000 ) ) ;
#849 = ORIENTED_EDGE ( 'NONE', *, *, #743, .T. ) ;
#850 = DIRECTION ( 'NONE',  ( -0.000000000000000000, -1.000000000000000000, -0.000000000000000000 ) ) ;
#851 = DIRECTION ( 'NONE',  ( 0.000000000000000000, -1.000000000000000000, 0.000000000000000000 ) ) ;
#852 = VECTOR ( 'NONE', #483, 1000.000000000000000 ) ;
#853 = AXIS2_PLACEMENT_3D ( 'NONE', #937, #919, #620 ) ;
#854 = APPLICATION_CONTEXT ( 'configuration controlled 3d designs of mechanical parts and assemblies' ) ;
#855 = DATE_TIME_ROLE ( 'creation_date' ) ;
#856 = ORIENTED_EDGE ( 'NONE', *, *, #306, .T. ) ;
#857 = DIRECTION ( 'NONE',  ( 0.000000000000000000, 0.000000000000000000, 1.000000000000000000 ) ) ;
#858 = DIRECTION ( 'NONE',  ( -0.000000000000000000, 1.000000000000000000, -0.000000000000000000 ) ) ;
#859 = EDGE_CURVE ( 'NONE', #2110, #596, #1085, .T. ) ;
#860 = CARTESIAN_POINT ( 'NONE',  ( 0.000000000000000000, 9.000000000000001776, 44.50000000000000711 ) ) ;
#861 = LINE ( 'NONE', #27, #2028 ) ;
#862 = AXIS2_PLACEMENT_3D ( 'NONE', #1107, #1767, #773 ) ;
#863 = EDGE_LOOP ( 'NONE', ( #2112, #1279 ) ) ;
#864 = VECTOR ( 'NONE', #1855, 1000.000000000000000 ) ;
#865 = CARTESIAN_POINT ( 'NONE',  ( 0.000000000000000000, 2.399999999999999467, 0.000000000000000000 ) ) ;
#866 = CARTESIAN_POINT ( 'NONE',  ( 11.31370849898465991, 2.399999999999999467, -11.31370849898485886 ) ) ;
#867 = ORIENTED_EDGE ( 'NONE', *, *, #1218, .T. ) ;
#868 = VERTEX_POINT ( 'NONE', #1929 ) ;
#869 = DIRECTION ( 'NONE',  ( -0.000000000000000000, 1.000000000000000000, -0.000000000000000000 ) ) ;
#870 = CIRCLE ( 'NONE', #976, 45.00000000000000711 ) ;
#871 = DIRECTION ( 'NONE',  ( -0.000000000000000000, 1.000000000000000000, -0.000000000000000000 ) ) ;
#872 = DIRECTION ( 'NONE',  ( 0.000000000000000000, -0.000000000000000000, -1.000000000000000000 ) ) ;
#873 = CIRCLE ( 'NONE', #626, 45.00000000000000711 ) ;
#874 = EDGE_CURVE ( 'NONE', #724, #1512, #424, .T. ) ;
#875 = EDGE_LOOP ( 'NONE', ( #893, #165, #1902, #1867 ) ) ;
#876 = DIRECTION ( 'NONE',  ( 0.000000000000000000, 0.000000000000000000, 1.000000000000000000 ) ) ;
#877 = DIRECTION ( 'NONE',  ( -0.000000000000000000, 1.000000000000000000, -0.000000000000000000 ) ) ;
#878 = AXIS2_PLACEMENT_3D ( 'NONE', #729, #1302, #767 ) ;
#879 = VERTEX_POINT ( 'NONE', #1445 ) ;
#880 = ORIENTED_EDGE ( 'NONE', *, *, #1162, .T. ) ;
#881 = CARTESIAN_POINT ( 'NONE',  ( 0.000000000000000000, 26.60000000000000142, 0.000000000000000000 ) ) ;
#882 = CARTESIAN_POINT ( 'NONE',  ( 0.000000000000000000, 17.80000000000000071, 0.000000000000000000 ) ) ;
#883 = LINE ( 'NONE', #1563, #864 ) ;
#884 = CARTESIAN_POINT ( 'NONE',  ( -11.31370849898490150, 7.066904755831209251, -12.96370849898462119 ) ) ;
#885 = EDGE_LOOP ( 'NONE', ( #1237, #1384, #1916, #1027 ) ) ;
#886 = LINE ( 'NONE', #700, #1588 ) ;
#887 = EDGE_CURVE ( 'NONE', #1482, #338, #2158, .T. ) ;
#888 = DIRECTION ( 'NONE',  ( -0.000000000000000000, 1.000000000000000000, -0.000000000000000000 ) ) ;
#889 = VERTEX_POINT ( 'NONE', #1096 ) ;
#890 = CC_DESIGN_DATE_AND_TIME_ASSIGNMENT ( #164, #855, ( #1820 ) ) ;
#891 = ADVANCED_FACE ( 'NONE', ( #1594 ), #1605, .T. ) ;
#892 = VECTOR ( 'NONE', #1566, 1000.000000000000000 ) ;
#893 = ORIENTED_EDGE ( 'NONE', *, *, #1502, .F. ) ;
#894 = DIRECTION ( 'NONE',  ( 0.000000000000000000, 0.000000000000000000, -1.000000000000000000 ) ) ;
#895 = DIRECTION ( 'NONE',  ( -0.000000000000000000, -1.000000000000000000, -0.000000000000000000 ) ) ;
#896 = CARTESIAN_POINT ( 'NONE',  ( -11.31370849898490150, -2.500000000000000000, -11.31370849898462261 ) ) ;
#897 = VERTEX_POINT ( 'NONE', #1774 ) ;
#898 = LINE ( 'NONE', #219, #1315 ) ;
#899 = DIRECTION ( 'NONE',  ( 0.000000000000000000, 0.000000000000000000, -1.000000000000000000 ) ) ;
#900 = ORIENTED_EDGE ( 'NONE', *, *, #193, .T. ) ;
#901 = EDGE_CURVE ( 'NONE', #1787, #2110, #64, .T. ) ;
#902 = VERTEX_POINT ( 'NONE', #119 ) ;
#903 = DIRECTION ( 'NONE',  ( -0.000000000000000000, -1.000000000000000000, -0.000000000000000000 ) ) ;
#904 = ADVANCED_FACE ( 'NONE', ( #802 ), #837, .T. ) ;
#905 = DIRECTION ( 'NONE',  ( 0.000000000000000000, 0.000000000000000000, 1.000000000000000000 ) ) ;
#906 = EDGE_LOOP ( 'NONE', ( #467, #1618 ) ) ;
#907 = CARTESIAN_POINT ( 'NONE',  ( 0.000000000000000000, 35.39999999999999858, -45.00000000000000711 ) ) ;
#908 = VECTOR ( 'NONE', #20, 1000.000000000000000 ) ;
#909 = CARTESIAN_POINT ( 'NONE',  ( 0.000000000000000000, 31.00000000000000355, -45.00000000000000711 ) ) ;
#910 = AXIS2_PLACEMENT_3D ( 'NONE', #754, #920, #2091 ) ;
#911 = ORIENTED_EDGE ( 'NONE', *, *, #1048, .T. ) ;
#912 = APPROVAL_PERSON_ORGANIZATION ( #1816, #2016, #316 ) ;
#913 = ORIENTED_EDGE ( 'NONE', *, *, #90, .T. ) ;
#914 = CARTESIAN_POINT ( 'NONE',  ( 0.000000000000000000, 2.200000000000021494, -45.00000000000000711 ) ) ;
#915 = EDGE_CURVE ( 'NONE', #1429, #1389, #1348, .T. ) ;
#916 = DIRECTION ( 'NONE',  ( -0.000000000000000000, 1.000000000000000000, -0.000000000000000000 ) ) ;
#917 = ADVANCED_FACE ( 'NONE', ( #1831 ), #1001, .F. ) ;
#918 = ORIENTED_EDGE ( 'NONE', *, *, #985, .F. ) ;
#919 = DIRECTION ( 'NONE',  ( -0.000000000000000000, 1.000000000000000000, -0.000000000000000000 ) ) ;
#920 = DIRECTION ( 'NONE',  ( -0.000000000000000000, 1.000000000000000000, -0.000000000000000000 ) ) ;
#921 = VECTOR ( 'NONE', #1281, 1000.000000000000000 ) ;
#922 = ORIENTED_EDGE ( 'NONE', *, *, #2049, .T. ) ;
#923 = ORIENTED_EDGE ( 'NONE', *, *, #1048, .F. ) ;
#924 = CARTESIAN_POINT ( 'NONE',  ( 0.000000000000000000, 35.39999999999999858, 0.000000000000000000 ) ) ;
#925 = CIRCLE ( 'NONE', #1623, 42.79999999999996874 ) ;
#926 = AXIS2_PLACEMENT_3D ( 'NONE', #1042, #1730, #1245 ) ;
#927 = DIRECTION ( 'NONE',  ( -0.000000000000000000, -1.000000000000000000, -0.000000000000000000 ) ) ;
#928 = ADVANCED_FACE ( 'NONE', ( #1484 ), #968, .F. ) ;
#929 = ORIENTED_EDGE ( 'NONE', *, *, #887, .T. ) ;
#930 = DIRECTION ( 'NONE',  ( -0.000000000000000000, -1.000000000000000000, -0.000000000000000000 ) ) ;
#931 = CARTESIAN_POINT ( 'NONE',  ( 0.000000000000000000, 20.21909088590100367, 0.000000000000000000 ) ) ;
#932 = CARTESIAN_POINT ( 'NONE',  ( 0.000000000000000000, 6.800000000000000711, 45.00000000000000711 ) ) ;
#933 = FACE_OUTER_BOUND ( 'NONE', #1782, .T. ) ;
#934 = EDGE_LOOP ( 'NONE', ( #1105, #65 ) ) ;
#935 = DIRECTION ( 'NONE',  ( -0.000000000000000000, 1.000000000000000000, -0.000000000000000000 ) ) ;
#936 = ORIENTED_EDGE ( 'NONE', *, *, #1405, .F. ) ;
#937 = CARTESIAN_POINT ( 'NONE',  ( 0.000000000000000000, 2.200000000000021494, 0.000000000000000000 ) ) ;
#938 = DIRECTION ( 'NONE',  ( -0.000000000000000000, 1.000000000000000000, -0.000000000000000000 ) ) ;
#939 = VECTOR ( 'NONE', #1593, 1000.000000000000000 ) ;
#940 = ADVANCED_FACE ( 'NONE', ( #650 ), #1149, .F. ) ;
#941 = EDGE_LOOP ( 'NONE', ( #1153, #1310 ) ) ;
#942 = ADVANCED_FACE ( 'NONE', ( #305 ), #144, .T. ) ;
#943 = VECTOR ( 'NONE', #590, 1000.000000000000000 ) ;
#944 = DIRECTION ( 'NONE',  ( -0.000000000000000000, -1.000000000000000000, -0.000000000000000000 ) ) ;
#945 = ORIENTED_EDGE ( 'NONE', *, *, #150, .T. ) ;
#946 = AXIS2_PLACEMENT_3D ( 'NONE', #1111, #1971, #226 ) ;
#947 = DIRECTION ( 'NONE',  ( 0.000000000000000000, -1.000000000000000000, 0.000000000000000000 ) ) ;
#948 = ORIENTED_EDGE ( 'NONE', *, *, #646, .T. ) ;
#949 = CYLINDRICAL_SURFACE ( 'NONE', #527, 45.00000000000000711 ) ;
#950 = EDGE_CURVE ( 'NONE', #460, #1257, #128, .T. ) ;
#951 = DIRECTION ( 'NONE',  ( 0.000000000000000000, 0.000000000000000000, -1.000000000000000000 ) ) ;
#952 = ADVANCED_FACE ( 'NONE', ( #1326 ), #1494, .T. ) ;
#953 = CYLINDRICAL_SURFACE ( 'NONE', #1123, 1.649999999999998801 ) ;
#954 = ORIENTED_EDGE ( 'NONE', *, *, #1949, .F. ) ;
#955 = CIRCLE ( 'NONE', #465, 44.50000000000000711 ) ;
#956 = AXIS2_PLACEMENT_3D ( 'NONE', #1894, #529, #196 ) ;
#957 = CARTESIAN_POINT ( 'NONE',  ( -11.31370849898474162, 2.399999999999999467, 12.96370849898477928 ) ) ;
#958 = CARTESIAN_POINT ( 'NONE',  ( 0.000000000000000000, 28.80000000000000071, 0.000000000000000000 ) ) ;
#959 = EDGE_LOOP ( 'NONE', ( #2035, #1885 ) ) ;
#960 = CYLINDRICAL_SURFACE ( 'NONE', #521, 1.649999999999998579 ) ;
#961 = FACE_OUTER_BOUND ( 'NONE', #863, .T. ) ;
#962 = ORIENTED_EDGE ( 'NONE', *, *, #264, .T. ) ;
#963 = ORIENTED_EDGE ( 'NONE', *, *, #1627, .F. ) ;
#964 = CARTESIAN_POINT ( 'NONE',  ( -1.675911042644704011E-13, 7.066904755831209251, -17.64999999999999503 ) ) ;
#965 =( NAMED_UNIT ( * ) SI_UNIT ( $, .STERADIAN. ) SOLID_ANGLE_UNIT ( ) );
#966 = ORIENTED_EDGE ( 'NONE', *, *, #2148, .T. ) ;
#967 = AXIS2_PLACEMENT_3D ( 'NONE', #840, #506, #633 ) ;
#968 = CYLINDRICAL_SURFACE ( 'NONE', #1811, 1.649999999999997025 ) ;
#969 = ADVANCED_FACE ( 'NONE', ( #1986 ), #1126, .T. ) ;
#970 = DIRECTION ( 'NONE',  ( -0.000000000000000000, -1.000000000000000000, -0.000000000000000000 ) ) ;
#971 = EDGE_LOOP ( 'NONE', ( #584, #1951, #242, #1578 ) ) ;
#972 = FACE_OUTER_BOUND ( 'NONE', #1387, .T. ) ;
#973 = EDGE_LOOP ( 'NONE', ( #1612, #1626 ) ) ;
#974 = LINE ( 'NONE', #654, #290 ) ;
#975 = DIRECTION ( 'NONE',  ( -0.000000000000000000, -1.000000000000000000, -0.000000000000000000 ) ) ;
#976 = AXIS2_PLACEMENT_3D ( 'NONE', #1975, #479, #857 ) ;
#977 = COORDINATED_UNIVERSAL_TIME_OFFSET ( 3, 30, .AHEAD. ) ;
#978 = EDGE_LOOP ( 'NONE', ( #984, #669 ) ) ;
#979 = CIRCLE ( 'NONE', #36, 45.00000000000000711 ) ;
#980 = EDGE_CURVE ( 'NONE', #389, #1168, #1010, .T. ) ;
#981 = DIRECTION ( 'NONE',  ( 0.000000000000000000, 0.000000000000000000, 1.000000000000000000 ) ) ;
#982 = VECTOR ( 'NONE', #1615, 1000.000000000000000 ) ;
#983 = DIRECTION ( 'NONE',  ( -0.000000000000000000, 1.000000000000000000, -0.000000000000000000 ) ) ;
#984 = ORIENTED_EDGE ( 'NONE', *, *, #1464, .T. ) ;
#985 = EDGE_CURVE ( 'NONE', #115, #714, #524, .T. ) ;
#986 = DIRECTION ( 'NONE',  ( -0.000000000000000000, 1.000000000000000000, -0.000000000000000000 ) ) ;
#987 = ORIENTED_EDGE ( 'NONE', *, *, #1336, .F. ) ;
#988 = DIRECTION ( 'NONE',  ( -0.000000000000000000, -1.000000000000000000, -0.000000000000000000 ) ) ;
#989 = CARTESIAN_POINT ( 'NONE',  ( 0.000000000000000000, 24.39999999999999858, -45.00000000000000711 ) ) ;
#990 = VERTEX_POINT ( 'NONE', #674 ) ;
#991 = AXIS2_PLACEMENT_3D ( 'NONE', #771, #1617, #1909 ) ;
#992 = DIRECTION ( 'NONE',  ( -0.000000000000000000, 1.000000000000000000, -0.000000000000000000 ) ) ;
#993 = DIRECTION ( 'NONE',  ( -0.000000000000000000, 1.000000000000000000, -0.000000000000000000 ) ) ;
#994 = ORIENTED_EDGE ( 'NONE', *, *, #1441, .F. ) ;
#995 = LINE ( 'NONE', #1476, #1839 ) ;
#996 = EDGE_LOOP ( 'NONE', ( #1907, #1965 ) ) ;
#997 = DIRECTION ( 'NONE',  ( -0.000000000000000000, 1.000000000000000000, -0.000000000000000000 ) ) ;
#998 = CARTESIAN_POINT ( 'NONE',  ( 5.510910596163090344E-15, 22.20000000000000284, 45.00000000000000711 ) ) ;
#999 = DIRECTION ( 'NONE',  ( 1.000000000000000000, 0.000000000000000000, 0.000000000000000000 ) ) ;
#1000 = ORIENTED_EDGE ( 'NONE', *, *, #788, .F. ) ;
#1001 = CYLINDRICAL_SURFACE ( 'NONE', #1400, 6.300000000000000711 ) ;
#1002 = FACE_OUTER_BOUND ( 'NONE', #9, .T. ) ;
#1003 = VECTOR ( 'NONE', #1964, 1000.000000000000000 ) ;
#1004 = DIRECTION ( 'NONE',  ( -0.000000000000000000, 1.000000000000000000, -0.000000000000000000 ) ) ;
#1005 = CARTESIAN_POINT ( 'NONE',  ( -1.673890375426111171E-13, 2.399999999999999467, -14.34999999999999787 ) ) ;
#1006 = EDGE_CURVE ( 'NONE', #2094, #897, #1508, .T. ) ;
#1007 = DIRECTION ( 'NONE',  ( 0.000000000000000000, -1.000000000000000000, 0.000000000000000000 ) ) ;
#1008 = PERSON_AND_ORGANIZATION_ROLE ( 'classification_officer' ) ;
#1009 = ORIENTED_EDGE ( 'NONE', *, *, #2145, .F. ) ;
#1010 = CIRCLE ( 'NONE', #1193, 29.75000000000000000 ) ;
#1011 = AXIS2_PLACEMENT_3D ( 'NONE', #1260, #1908, #759 ) ;
#1012 = DIRECTION ( 'NONE',  ( 0.000000000000000000, 0.000000000000000000, 1.000000000000000000 ) ) ;
#1013 = VECTOR ( 'NONE', #250, 1000.000000000000000 ) ;
#1014 = LINE ( 'NONE', #2010, #2097 ) ;
#1015 = CARTESIAN_POINT ( 'NONE',  ( 11.31370849898465991, 2.399999999999999467, -9.663708498984860285 ) ) ;
#1016 = PRODUCT_DEFINITION_FORMATION_WITH_SPECIFIED_SOURCE ( 'ANY', '', #610, .NOT_KNOWN. ) ;
#1017 = VERTEX_POINT ( 'NONE', #957 ) ;
#1018 = DIRECTION ( 'NONE',  ( -0.000000000000000000, -1.000000000000000000, -0.000000000000000000 ) ) ;
#1019 = DIRECTION ( 'NONE',  ( 0.000000000000000000, 0.000000000000000000, 1.000000000000000000 ) ) ;
#1020 = PERSON_AND_ORGANIZATION_ROLE ( 'creator' ) ;
#1021 = EDGE_LOOP ( 'NONE', ( #1860, #1643 ) ) ;
#1022 = ADVANCED_FACE ( 'NONE', ( #1628, #464 ), #1136, .F. ) ;
#1023 = CARTESIAN_POINT ( 'NONE',  ( 5.510910596163090344E-15, 31.00000000000000355, 45.00000000000000711 ) ) ;
#1024 = CARTESIAN_POINT ( 'NONE',  ( 0.000000000000000000, 31.00000000000000000, 44.50000000000000711 ) ) ;
#1025 = DIRECTION ( 'NONE',  ( 0.000000000000000000, 0.000000000000000000, 1.000000000000000000 ) ) ;
#1026 = DIRECTION ( 'NONE',  ( -0.000000000000000000, -1.000000000000000000, -0.000000000000000000 ) ) ;
#1027 = ORIENTED_EDGE ( 'NONE', *, *, #1557, .F. ) ;
#1028 = LINE ( 'NONE', #396, #892 ) ;
#1029 = AXIS2_PLACEMENT_3D ( 'NONE', #1760, #2134, #1277 ) ;
#1030 = CARTESIAN_POINT ( 'NONE',  ( 11.31370849898482156, 7.066904755831209251, 11.31370849898470077 ) ) ;
#1031 = AXIS2_PLACEMENT_3D ( 'NONE', #1361, #239, #1201 ) ;
#1032 = CIRCLE ( 'NONE', #1974, 1.649999999999998579 ) ;
#1033 = ORIENTED_EDGE ( 'NONE', *, *, #806, .F. ) ;
#1034 = ORIENTED_EDGE ( 'NONE', *, *, #1375, .F. ) ;
#1035 = DIRECTION ( 'NONE',  ( -0.000000000000000000, -1.000000000000000000, -0.000000000000000000 ) ) ;
#1036 = LINE ( 'NONE', #201, #1996 ) ;
#1037 = CARTESIAN_POINT ( 'NONE',  ( 0.000000000000000000, 26.59999999999999787, 0.000000000000000000 ) ) ;
#1038 = EDGE_CURVE ( 'NONE', #868, #91, #870, .T. ) ;
#1039 = CARTESIAN_POINT ( 'NONE',  ( 0.000000000000000000, 28.80000000000000071, 44.50000000000000711 ) ) ;
#1040 = EDGE_LOOP ( 'NONE', ( #377, #2104, #1862, #61 ) ) ;
#1041 = AXIS2_PLACEMENT_3D ( 'NONE', #404, #2068, #1025 ) ;
#1042 = CARTESIAN_POINT ( 'NONE',  ( 0.000000000000000000, 26.60000000000000142, 44.50000000000000711 ) ) ;
#1043 = CARTESIAN_POINT ( 'NONE',  ( 0.000000000000000000, 22.20000000000000284, 44.50000000000000711 ) ) ;
#1044 = ORIENTED_EDGE ( 'NONE', *, *, #1271, .F. ) ;
#1045 = ORIENTED_EDGE ( 'NONE', *, *, #332, .F. ) ;
#1046 = CARTESIAN_POINT ( 'NONE',  ( 0.000000000000000000, -2.500000000000000000, 0.000000000000000000 ) ) ;
#1047 = CIRCLE ( 'NONE', #693, 1.649999999999998579 ) ;
#1048 = EDGE_CURVE ( 'NONE', #210, #1379, #1693, .T. ) ;
#1049 = CARTESIAN_POINT ( 'NONE',  ( 7.715274834628326364E-16, 2.399999999999999467, 6.300000000000000711 ) ) ;
#1050 = CARTESIAN_POINT ( 'NONE',  ( 0.000000000000000000, 20.00000000000000000, 0.000000000000000000 ) ) ;
#1051 = DIRECTION ( 'NONE',  ( 0.000000000000000000, -1.000000000000000000, 0.000000000000000000 ) ) ;
#1052 = ADVANCED_FACE ( 'NONE', ( #1561, #845 ), #190, .F. ) ;
#1053 = EDGE_CURVE ( 'NONE', #1570, #747, #681, .T. ) ;
#1054 = CIRCLE ( 'NONE', #98, 45.00000000000000711 ) ;
#1055 = ORIENTED_EDGE ( 'NONE', *, *, #332, .T. ) ;
#1056 = PLANE ( 'NONE',  #926 ) ;
#1057 = CIRCLE ( 'NONE', #105, 1.649999999999998579 ) ;
#1058 = DIRECTION ( 'NONE',  ( -0.000000000000000000, -1.000000000000000000, -0.000000000000000000 ) ) ;
#1059 = CIRCLE ( 'NONE', #1339, 44.50000000000000711 ) ;
#1060 = VERTEX_POINT ( 'NONE', #1872 ) ;
#1061 = EDGE_LOOP ( 'NONE', ( #1795, #1822, #1272, #1896 ) ) ;
#1062 = DIRECTION ( 'NONE',  ( 0.000000000000000000, -1.000000000000000000, 0.000000000000000000 ) ) ;
#1063 = DIRECTION ( 'NONE',  ( 0.000000000000000000, 1.000000000000000000, 0.000000000000000000 ) ) ;
#1064 = FACE_OUTER_BOUND ( 'NONE', #1319, .T. ) ;
#1065 = ORIENTED_EDGE ( 'NONE', *, *, #28, .F. ) ;
#1066 = LINE ( 'NONE', #907, #188 ) ;
#1067 = CARTESIAN_POINT ( 'NONE',  ( -16.00000000000000000, 7.066904755831209251, 0.000000000000000000 ) ) ;
#1068 = ADVANCED_FACE ( 'NONE', ( #1517 ), #24, .F. ) ;
#1069 = ORIENTED_EDGE ( 'NONE', *, *, #178, .T. ) ;
#1070 = AXIS2_PLACEMENT_3D ( 'NONE', #445, #753, #1275 ) ;
#1071 = AXIS2_PLACEMENT_3D ( 'NONE', #1479, #1522, #1179 ) ;
#1072 = CIRCLE ( 'NONE', #472, 1.649999999999998579 ) ;
#1073 = VERTEX_POINT ( 'NONE', #727 ) ;
#1074 = DIRECTION ( 'NONE',  ( 0.000000000000000000, 0.000000000000000000, -1.000000000000000000 ) ) ;
#1075 = CARTESIAN_POINT ( 'NONE',  ( 0.000000000000000000, 31.00000000000000355, 0.000000000000000000 ) ) ;
#1076 = CARTESIAN_POINT ( 'NONE',  ( -11.31370849898474162, 7.066904755831209251, 11.31370849898478248 ) ) ;
#1077 = VERTEX_POINT ( 'NONE', #1713 ) ;
#1078 = DIRECTION ( 'NONE',  ( -0.000000000000000000, -1.000000000000000000, -0.000000000000000000 ) ) ;
#1079 = DIRECTION ( 'NONE',  ( 0.000000000000000000, 0.000000000000000000, 1.000000000000000000 ) ) ;
#1080 = EDGE_CURVE ( 'NONE', #1910, #519, #1356, .T. ) ;
#1081 = VERTEX_POINT ( 'NONE', #1853 ) ;
#1082 = EDGE_CURVE ( 'NONE', #625, #324, #1606, .T. ) ;
#1083 = EDGE_LOOP ( 'NONE', ( #782, #699, #1411, #382 ) ) ;
#1084 = CARTESIAN_POINT ( 'NONE',  ( -16.00000000000000000, 2.399999999999999467, -1.649999999999998579 ) ) ;
#1085 = LINE ( 'NONE', #608, #179 ) ;
#1086 = AXIS2_PLACEMENT_3D ( 'NONE', #180, #1526, #2041 ) ;
#1087 = ORIENTED_EDGE ( 'NONE', *, *, #980, .F. ) ;
#1088 = FACE_BOUND ( 'NONE', #1021, .T. ) ;
#1089 = CIRCLE ( 'NONE', #1711, 45.00000000000000711 ) ;
#1090 = DIRECTION ( 'NONE',  ( 0.000000000000000000, 0.000000000000000000, -1.000000000000000000 ) ) ;
#1091 = CIRCLE ( 'NONE', #838, 1.649999999999998801 ) ;
#1092 = ORIENTED_EDGE ( 'NONE', *, *, #306, .F. ) ;
#1093 = AXIS2_PLACEMENT_3D ( 'NONE', #1349, #1208, #1675 ) ;
#1094 = VERTEX_POINT ( 'NONE', #2031 ) ;
#1095 = CARTESIAN_POINT ( 'NONE',  ( 11.31370849898482156, 2.399999999999999467, 11.31370849898470077 ) ) ;
#1096 = CARTESIAN_POINT ( 'NONE',  ( 0.000000000000000000, 15.59999999999999964, -45.00000000000000711 ) ) ;
#1097 = ORIENTED_EDGE ( 'NONE', *, *, #1906, .F. ) ;
#1098 = DIRECTION ( 'NONE',  ( -0.000000000000000000, 1.000000000000000000, -0.000000000000000000 ) ) ;
#1099 = DIRECTION ( 'NONE',  ( 0.000000000000000000, 0.000000000000000000, -1.000000000000000000 ) ) ;
#1100 = DIRECTION ( 'NONE',  ( 0.000000000000000000, 0.000000000000000000, 1.000000000000000000 ) ) ;
#1101 = DIRECTION ( 'NONE',  ( 0.000000000000000000, 0.000000000000000000, 1.000000000000000000 ) ) ;
#1102 = VERTEX_POINT ( 'NONE', #57 ) ;
#1103 = ADVANCED_FACE ( 'NONE', ( #1685 ), #1227, .T. ) ;
#1104 = DIRECTION ( 'NONE',  ( 0.000000000000000000, 0.000000000000000000, 1.000000000000000000 ) ) ;
#1105 = ORIENTED_EDGE ( 'NONE', *, *, #150, .F. ) ;
#1106 = EDGE_CURVE ( 'NONE', #127, #756, #1047, .T. ) ;
#1107 = CARTESIAN_POINT ( 'NONE',  ( 11.31370849898465991, 7.066904755831209251, -11.31370849898485886 ) ) ;
#1108 = VECTOR ( 'NONE', #643, 1000.000000000000000 ) ;
#1109 = DIRECTION ( 'NONE',  ( -0.000000000000000000, 1.000000000000000000, -0.000000000000000000 ) ) ;
#1110 = ORIENTED_EDGE ( 'NONE', *, *, #598, .F. ) ;
#1111 = CARTESIAN_POINT ( 'NONE',  ( -11.31370849898474162, 2.399999999999999467, 11.31370849898478248 ) ) ;
#1112 = EDGE_LOOP ( 'NONE', ( #1433, #1692, #205, #124 ) ) ;
#1113 = DIRECTION ( 'NONE',  ( 0.000000000000000000, 0.000000000000000000, 1.000000000000000000 ) ) ;
#1114 = ADVANCED_FACE ( 'NONE', ( #1540 ), #1182, .T. ) ;
#1115 = EDGE_LOOP ( 'NONE', ( #1752, #555, #2085, #256 ) ) ;
#1116 = DIRECTION ( 'NONE',  ( 0.000000000000000000, 0.000000000000000000, 1.000000000000000000 ) ) ;
#1117 = AXIS2_PLACEMENT_3D ( 'NONE', #1046, #523, #354 ) ;
#1118 = EDGE_CURVE ( 'NONE', #2094, #117, #340, .T. ) ;
#1119 = AXIS2_PLACEMENT_3D ( 'NONE', #679, #655, #1345 ) ;
#1120 = ORIENTED_EDGE ( 'NONE', *, *, #1106, .T. ) ;
#1121 = CIRCLE ( 'NONE', #344, 29.75000000000000000 ) ;
#1122 = DIRECTION ( 'NONE',  ( -0.000000000000000000, -1.000000000000000000, -0.000000000000000000 ) ) ;
#1123 = AXIS2_PLACEMENT_3D ( 'NONE', #1726, #944, #1771 ) ;
#1124 = ORIENTED_EDGE ( 'NONE', *, *, #1340, .F. ) ;
#1125 = AXIS2_PLACEMENT_3D ( 'NONE', #1890, #574, #1727 ) ;
#1126 = CYLINDRICAL_SURFACE ( 'NONE', #1499, 45.00000000000000711 ) ;
#1127 = ORIENTED_EDGE ( 'NONE', *, *, #915, .F. ) ;
#1128 = DIRECTION ( 'NONE',  ( 0.000000000000000000, 0.000000000000000000, 1.000000000000000000 ) ) ;
#1129 = CARTESIAN_POINT ( 'NONE',  ( 3.490243377569953695E-15, -2.500000000000000000, -27.24999999999998224 ) ) ;
#1130 = ORIENTED_EDGE ( 'NONE', *, *, #1584, .T. ) ;
#1131 = FACE_OUTER_BOUND ( 'NONE', #1554, .T. ) ;
#1132 = DIRECTION ( 'NONE',  ( 0.000000000000000000, 0.000000000000000000, -1.000000000000000000 ) ) ;
#1133 = EDGE_LOOP ( 'NONE', ( #1582, #395 ) ) ;
#1134 = EDGE_CURVE ( 'NONE', #1923, #1081, #535, .T. ) ;
#1135 = AXIS2_PLACEMENT_3D ( 'NONE', #1585, #947, #1424 ) ;
#1136 = PLANE ( 'NONE',  #241 ) ;
#1137 = AXIS2_PLACEMENT_3D ( 'NONE', #19, #1142, #184 ) ;
#1138 = CIRCLE ( 'NONE', #194, 1.649999999999998579 ) ;
#1139 = DIRECTION ( 'NONE',  ( 0.000000000000000000, 0.000000000000000000, 1.000000000000000000 ) ) ;
#1140 = DIRECTION ( 'NONE',  ( 0.000000000000000000, 0.000000000000000000, -1.000000000000000000 ) ) ;
#1141 = ORIENTED_EDGE ( 'NONE', *, *, #162, .F. ) ;
#1142 = DIRECTION ( 'NONE',  ( -0.000000000000000000, 1.000000000000000000, -0.000000000000000000 ) ) ;
#1143 = DIRECTION ( 'NONE',  ( 0.000000000000000000, 0.000000000000000000, 1.000000000000000000 ) ) ;
#1144 = ADVANCED_FACE ( 'NONE', ( #1207 ), #1918, .T. ) ;
#1145 = CARTESIAN_POINT ( 'NONE',  ( 0.000000000000000000, 0.000000000000000000, 0.000000000000000000 ) ) ;
#1146 = ORIENTED_EDGE ( 'NONE', *, *, #2093, .F. ) ;
#1147 = ADVANCED_FACE ( 'NONE', ( #706 ), #1863, .F. ) ;
#1148 = PRODUCT_RELATED_PRODUCT_CATEGORY ( 'detail', '', ( #610 ) ) ;
#1149 = CYLINDRICAL_SURFACE ( 'NONE', #1537, 1.649999999999998579 ) ;
#1150 = FACE_BOUND ( 'NONE', #449, .T. ) ;
#1151 = VERTEX_POINT ( 'NONE', #1217 ) ;
#1152 = PLANE ( 'NONE',  #1288 ) ;
#1153 = ORIENTED_EDGE ( 'NONE', *, *, #901, .T. ) ;
#1154 = CARTESIAN_POINT ( 'NONE',  ( 0.000000000000000000, -2.500000000000000000, 27.24999999999998224 ) ) ;
#1155 = CYLINDRICAL_SURFACE ( 'NONE', #131, 1.649999999999998579 ) ;
#1156 = AXIS2_PLACEMENT_3D ( 'NONE', #1736, #2135, #1468 ) ;
#1157 = PERSON_AND_ORGANIZATION ( #1834, #212 ) ;
#1158 = VERTEX_POINT ( 'NONE', #1023 ) ;
#1159 = CIRCLE ( 'NONE', #417, 44.50000000000000711 ) ;
#1160 = CIRCLE ( 'NONE', #1267, 45.00000000000000711 ) ;
#1161 = DIRECTION ( 'NONE',  ( 0.000000000000000000, 0.000000000000000000, -1.000000000000000000 ) ) ;
#1162 = EDGE_CURVE ( 'NONE', #1073, #1398, #167, .T. ) ;
#1163 =( GEOMETRIC_REPRESENTATION_CONTEXT ( 3 ) GLOBAL_UNCERTAINTY_ASSIGNED_CONTEXT ( ( #2042 ) ) GLOBAL_UNIT_ASSIGNED_CONTEXT ( ( #1289, #448, #965 ) ) REPRESENTATION_CONTEXT ( 'NONE', 'WORKASPACE' ) );
#1164 = AXIS2_PLACEMENT_3D ( 'NONE', #192, #381, #2055 ) ;
#1165 = DIRECTION ( 'NONE',  ( 0.000000000000000000, 1.000000000000000000, 0.000000000000000000 ) ) ;
#1166 = EDGE_LOOP ( 'NONE', ( #1710, #2154 ) ) ;
#1167 = DIRECTION ( 'NONE',  ( 0.000000000000000000, -0.000000000000000000, -1.000000000000000000 ) ) ;
#1168 = VERTEX_POINT ( 'NONE', #49 ) ;
#1169 = CARTESIAN_POINT ( 'NONE',  ( 5.606576814334944920E-14, 7.066904755831209251, 17.64999999999999858 ) ) ;
#1170 = DIRECTION ( 'NONE',  ( 0.000000000000000000, -0.000000000000000000, -1.000000000000000000 ) ) ;
#1171 = ORIENTED_EDGE ( 'NONE', *, *, #1162, .F. ) ;
#1172 = DIRECTION ( 'NONE',  ( -0.000000000000000000, 1.000000000000000000, -0.000000000000000000 ) ) ;
#1173 = AXIS2_PLACEMENT_3D ( 'NONE', #1926, #447, #951 ) ;
#1174 = EDGE_CURVE ( 'NONE', #1360, #1429, #1262, .T. ) ;
#1175 = AXIS2_PLACEMENT_3D ( 'NONE', #1385, #41, #75 ) ;
#1176 = CARTESIAN_POINT ( 'NONE',  ( 0.000000000000000000, 22.20000000000000284, 0.000000000000000000 ) ) ;
#1177 = CARTESIAN_POINT ( 'NONE',  ( 5.449678256205721981E-15, 11.19999999999999751, -44.50000000000000711 ) ) ;
#1178 = EDGE_CURVE ( 'NONE', #1565, #897, #207, .T. ) ;
#1179 = DIRECTION ( 'NONE',  ( 0.000000000000000000, 0.000000000000000000, 1.000000000000000000 ) ) ;
#1180 = CARTESIAN_POINT ( 'NONE',  ( 16.00000000000000000, -2.500000000000000000, -1.117274028429802674E-13 ) ) ;
#1181 = APPLICATION_PROTOCOL_DEFINITION ( 'international standard', 'config_control_design', 1994, #854 ) ;
#1182 = CYLINDRICAL_SURFACE ( 'NONE', #1773, 44.50000000000000711 ) ;
#1183 = AXIS2_PLACEMENT_3D ( 'NONE', #2099, #602, #1932 ) ;
#1184 = DIRECTION ( 'NONE',  ( 0.000000000000000000, 0.000000000000000000, -1.000000000000000000 ) ) ;
#1185 = DIRECTION ( 'NONE',  ( 0.000000000000000000, 0.000000000000000000, 1.000000000000000000 ) ) ;
#1186 = APPROVAL ( #1647, 'UNSPECIFIED' ) ;
#1187 = ORIENTED_EDGE ( 'NONE', *, *, #1681, .T. ) ;
#1188 = DIRECTION ( 'NONE',  ( 0.000000000000000000, 0.000000000000000000, 1.000000000000000000 ) ) ;
#1189 = DIRECTION ( 'NONE',  ( 0.000000000000000000, 0.000000000000000000, -1.000000000000000000 ) ) ;
#1190 = ADVANCED_FACE ( 'NONE', ( #2086 ), #1239, .T. ) ;
#1191 = PERSON_AND_ORGANIZATION ( #1834, #212 ) ;
#1192 = ORIENTED_EDGE ( 'NONE', *, *, #433, .F. ) ;
#1193 = AXIS2_PLACEMENT_3D ( 'NONE', #663, #166, #1161 ) ;
#1194 = AXIS2_PLACEMENT_3D ( 'NONE', #301, #1634, #1143 ) ;
#1195 = CARTESIAN_POINT ( 'NONE',  ( 5.449678256205721981E-15, 17.80000000000000071, -44.50000000000000711 ) ) ;
#1196 = CIRCLE ( 'NONE', #801, 1.649999999999997025 ) ;
#1197 = FACE_OUTER_BOUND ( 'NONE', #1525, .T. ) ;
#1198 = DIRECTION ( 'NONE',  ( -0.000000000000000000, 1.000000000000000000, -0.000000000000000000 ) ) ;
#1199 = VECTOR ( 'NONE', #7, 1000.000000000000000 ) ;
#1200 = ORIENTED_EDGE ( 'NONE', *, *, #92, .F. ) ;
#1201 = DIRECTION ( 'NONE',  ( 0.000000000000000000, 0.000000000000000000, 1.000000000000000000 ) ) ;
#1202 = CARTESIAN_POINT ( 'NONE',  ( 5.510910596163090344E-15, 26.60000000000000142, 45.00000000000000711 ) ) ;
#1203 = AXIS2_PLACEMENT_3D ( 'NONE', #2107, #750, #2087 ) ;
#1204 = EDGE_LOOP ( 'NONE', ( #456, #1914, #1444, #171 ) ) ;
#1205 = EDGE_CURVE ( 'NONE', #1102, #265, #1333, .T. ) ;
#1206 = EDGE_LOOP ( 'NONE', ( #2061, #1304, #522, #1724 ) ) ;
#1207 = FACE_OUTER_BOUND ( 'NONE', #1040, .T. ) ;
#1208 = DIRECTION ( 'NONE',  ( -0.000000000000000000, 1.000000000000000000, -0.000000000000000000 ) ) ;
#1209 = AXIS2_PLACEMENT_3D ( 'NONE', #1457, #2120, #1633 ) ;
#1210 = CARTESIAN_POINT ( 'NONE',  ( 0.000000000000000000, 35.39999999999999858, 0.000000000000000000 ) ) ;
#1211 = ORIENTED_EDGE ( 'NONE', *, *, #459, .T. ) ;
#1212 = DIRECTION ( 'NONE',  ( -0.000000000000000000, 1.000000000000000000, -0.000000000000000000 ) ) ;
#1213 = CIRCLE ( 'NONE', #255, 44.50000000000000711 ) ;
#1214 = CARTESIAN_POINT ( 'NONE',  ( 0.000000000000000000, 0.000000000000000000, 0.000000000000000000 ) ) ;
#1215 = EDGE_LOOP ( 'NONE', ( #1549, #1244 ) ) ;
#1216 = VERTEX_POINT ( 'NONE', #571 ) ;
#1217 = CARTESIAN_POINT ( 'NONE',  ( -11.31370849898474162, 2.399999999999999467, 9.663708498984785678 ) ) ;
#1218 = EDGE_CURVE ( 'NONE', #1677, #2089, #140, .T. ) ;
#1219 = CARTESIAN_POINT ( 'NONE',  ( 0.000000000000000000, 2.200000000000021494, 0.000000000000000000 ) ) ;
#1220 = DIRECTION ( 'NONE',  ( -0.000000000000000000, 1.000000000000000000, -0.000000000000000000 ) ) ;
#1221 = VECTOR ( 'NONE', #744, 1000.000000000000000 ) ;
#1222 = EDGE_LOOP ( 'NONE', ( #1698, #966, #936, #425 ) ) ;
#1223 = DIRECTION ( 'NONE',  ( 0.000000000000000000, 0.000000000000000000, -1.000000000000000000 ) ) ;
#1224 = DIRECTION ( 'NONE',  ( -0.000000000000000000, -1.000000000000000000, -0.000000000000000000 ) ) ;
#1225 = ORIENTED_EDGE ( 'NONE', *, *, #1053, .T. ) ;
#1226 = ORIENTED_EDGE ( 'NONE', *, *, #1243, .F. ) ;
#1227 = CYLINDRICAL_SURFACE ( 'NONE', #1572, 44.50000000000000711 ) ;
#1228 = AXIS2_PLACEMENT_3D ( 'NONE', #628, #992, #156 ) ;
#1229 = VECTOR ( 'NONE', #2095, 1000.000000000000000 ) ;
#1230 = LINE ( 'NONE', #215, #629 ) ;
#1231 = DIRECTION ( 'NONE',  ( 0.000000000000000000, 0.000000000000000000, 1.000000000000000000 ) ) ;
#1232 = CIRCLE ( 'NONE', #1646, 45.00000000000000711 ) ;
#1233 = CIRCLE ( 'NONE', #388, 1.649999999999998579 ) ;
#1234 = ORIENTED_EDGE ( 'NONE', *, *, #1877, .T. ) ;
#1235 = CARTESIAN_POINT ( 'NONE',  ( 11.31370849898465991, -2.500000000000000000, -12.96370849898485744 ) ) ;
#1236 = DIRECTION ( 'NONE',  ( 0.000000000000000000, -0.000000000000000000, 1.000000000000000000 ) ) ;
#1237 = ORIENTED_EDGE ( 'NONE', *, *, #231, .F. ) ;
#1238 = VERTEX_POINT ( 'NONE', #1583 ) ;
#1239 = CYLINDRICAL_SURFACE ( 'NONE', #384, 45.00000000000000711 ) ;
#1240 = APPLICATION_CONTEXT ( 'configuration controlled 3d designs of mechanical parts and assemblies' ) ;
#1241 = DIRECTION ( 'NONE',  ( -0.000000000000000000, 1.000000000000000000, 0.000000000000000000 ) ) ;
#1242 = CYLINDRICAL_SURFACE ( 'NONE', #1041, 44.50000000000000711 ) ;
#1243 = EDGE_CURVE ( 'NONE', #1607, #1309, #581, .T. ) ;
#1244 = ORIENTED_EDGE ( 'NONE', *, *, #1082, .F. ) ;
#1245 = DIRECTION ( 'NONE',  ( 0.000000000000000000, -0.000000000000000000, -1.000000000000000000 ) ) ;
#1246 = CARTESIAN_POINT ( 'NONE',  ( 0.000000000000000000, 35.39999999999999858, 0.000000000000000000 ) ) ;
#1247 = AXIS2_PLACEMENT_3D ( 'NONE', #564, #2036, #53 ) ;
#1248 = ORIENTED_EDGE ( 'NONE', *, *, #1178, .T. ) ;
#1249 = ORIENTED_EDGE ( 'NONE', *, *, #175, .F. ) ;
#1250 = DIRECTION ( 'NONE',  ( -0.000000000000000000, -1.000000000000000000, -0.000000000000000000 ) ) ;
#1251 = CARTESIAN_POINT ( 'NONE',  ( 5.510910596163090344E-15, 33.20000000000000284, 45.00000000000000711 ) ) ;
#1252 = VERTEX_POINT ( 'NONE', #411 ) ;
#1253 = DIRECTION ( 'NONE',  ( 0.000000000000000000, 0.000000000000000000, 1.000000000000000000 ) ) ;
#1254 = DIRECTION ( 'NONE',  ( 0.000000000000000000, 0.000000000000000000, 1.000000000000000000 ) ) ;
#1255 = AXIS2_PLACEMENT_3D ( 'NONE', #2109, #1952, #1116 ) ;
#1256 = CIRCLE ( 'NONE', #827, 1.649999999999998579 ) ;
#1257 = VERTEX_POINT ( 'NONE', #1084 ) ;
#1258 = ADVANCED_FACE ( 'NONE', ( #2064 ), #1571, .F. ) ;
#1259 = ORIENTED_EDGE ( 'NONE', *, *, #246, .F. ) ;
#1260 = CARTESIAN_POINT ( 'NONE',  ( 0.000000000000000000, -2.500000000000000000, 0.000000000000000000 ) ) ;
#1261 = CARTESIAN_POINT ( 'NONE',  ( 0.000000000000000000, 24.39999999999999858, 0.000000000000000000 ) ) ;
#1262 = CIRCLE ( 'NONE', #1156, 45.00000000000000711 ) ;
#1263 = ORIENTED_EDGE ( 'NONE', *, *, #1174, .F. ) ;
#1264 = LINE ( 'NONE', #2081, #1728 ) ;
#1265 = CIRCLE ( 'NONE', #1406, 1.649999999999998579 ) ;
#1266 = CYLINDRICAL_SURFACE ( 'NONE', #737, 45.00000000000000711 ) ;
#1267 = AXIS2_PLACEMENT_3D ( 'NONE', #321, #993, #1638 ) ;
#1268 = ORIENTED_EDGE ( 'NONE', *, *, #1282, .F. ) ;
#1269 = CONICAL_SURFACE ( 'NONE', #1891, 45.00000000000000711, 0.7853981633974514986 ) ;
#1270 = AXIS2_PLACEMENT_3D ( 'NONE', #720, #1198, #1553 ) ;
#1271 = EDGE_CURVE ( 'NONE', #889, #589, #1089, .T. ) ;
#1272 = ORIENTED_EDGE ( 'NONE', *, *, #1006, .T. ) ;
#1273 = CYLINDRICAL_SURFACE ( 'NONE', #2034, 44.50000000000000711 ) ;
#1274 = ORIENTED_EDGE ( 'NONE', *, *, #1973, .F. ) ;
#1275 = DIRECTION ( 'NONE',  ( 0.000000000000000000, 0.000000000000000000, -1.000000000000000000 ) ) ;
#1276 = CARTESIAN_POINT ( 'NONE',  ( 0.000000000000000000, 22.20000000000000284, 0.000000000000000000 ) ) ;
#1277 = DIRECTION ( 'NONE',  ( 0.000000000000000000, 0.000000000000000000, 1.000000000000000000 ) ) ;
#1278 = DIRECTION ( 'NONE',  ( 0.000000000000000000, 0.000000000000000000, 1.000000000000000000 ) ) ;
#1279 = ORIENTED_EDGE ( 'NONE', *, *, #1312, .T. ) ;
#1280 = EDGE_CURVE ( 'NONE', #1570, #1158, #873, .T. ) ;
#1281 = DIRECTION ( 'NONE',  ( -0.000000000000000000, -1.000000000000000000, -0.000000000000000000 ) ) ;
#1282 = EDGE_CURVE ( 'NONE', #186, #389, #475, .T. ) ;
#1283 = EDGE_CURVE ( 'NONE', #622, #589, #2076, .T. ) ;
#1284 = ORIENTED_EDGE ( 'NONE', *, *, #193, .F. ) ;
#1285 = CARTESIAN_POINT ( 'NONE',  ( 0.000000000000000000, 26.59999999999999787, 44.50000000000000711 ) ) ;
#1286 = DIRECTION ( 'NONE',  ( -0.000000000000000000, -1.000000000000000000, -0.000000000000000000 ) ) ;
#1287 = ORIENTED_EDGE ( 'NONE', *, *, #257, .F. ) ;
#1288 = AXIS2_PLACEMENT_3D ( 'NONE', #1978, #830, #1167 ) ;
#1289 =( LENGTH_UNIT ( ) NAMED_UNIT ( * ) SI_UNIT ( .MILLI., .METRE. ) );
#1290 = ORIENTED_EDGE ( 'NONE', *, *, #1656, .T. ) ;
#1291 = CARTESIAN_POINT ( 'NONE',  ( 0.000000000000000000, 22.20000000000000284, -45.00000000000000711 ) ) ;
#1292 = EDGE_CURVE ( 'NONE', #1630, #607, #2062, .T. ) ;
#1293 = CARTESIAN_POINT ( 'NONE',  ( 0.000000000000000000, 33.20000000000000284, 45.00000000000000711 ) ) ;
#1294 = LINE ( 'NONE', #1758, #1624 ) ;
#1295 = DIRECTION ( 'NONE',  ( 0.000000000000000000, 0.000000000000000000, -1.000000000000000000 ) ) ;
#1296 = AXIS2_PLACEMENT_3D ( 'NONE', #1431, #916, #276 ) ;
#1297 = EDGE_CURVE ( 'NONE', #2038, #1545, #1848, .T. ) ;
#1298 = CIRCLE ( 'NONE', #1991, 45.00000000000000711 ) ;
#1299 = CARTESIAN_POINT ( 'NONE',  ( 0.000000000000000000, 17.80000000000000426, 44.50000000000000711 ) ) ;
#1300 = LINE ( 'NONE', #1958, #1402 ) ;
#1301 = AXIS2_PLACEMENT_3D ( 'NONE', #132, #1821, #641 ) ;
#1302 = DIRECTION ( 'NONE',  ( 0.000000000000000000, -1.000000000000000000, 0.000000000000000000 ) ) ;
#1303 = CC_DESIGN_APPROVAL ( #1186, ( #1016 ) ) ;
#1304 = ORIENTED_EDGE ( 'NONE', *, *, #588, .T. ) ;
#1305 = CIRCLE ( 'NONE', #1125, 44.50000000000000711 ) ;
#1306 = DIRECTION ( 'NONE',  ( 0.000000000000000000, 0.000000000000000000, 1.000000000000000000 ) ) ;
#1307 = CARTESIAN_POINT ( 'NONE',  ( 0.000000000000000000, 17.80000000000000426, 0.000000000000000000 ) ) ;
#1308 = DIRECTION ( 'NONE',  ( -0.000000000000000000, -1.000000000000000000, -0.000000000000000000 ) ) ;
#1309 = VERTEX_POINT ( 'NONE', #914 ) ;
#1310 = ORIENTED_EDGE ( 'NONE', *, *, #1850, .T. ) ;
#1311 = DIRECTION ( 'NONE',  ( 0.000000000000000000, 0.000000000000000000, -1.000000000000000000 ) ) ;
#1312 = EDGE_CURVE ( 'NONE', #1158, #1570, #836, .T. ) ;
#1313 = CARTESIAN_POINT ( 'NONE',  ( 5.510910596163090344E-15, 13.40000000000000213, 45.00000000000000711 ) ) ;
#1314 = ORIENTED_EDGE ( 'NONE', *, *, #1888, .T. ) ;
#1315 = VECTOR ( 'NONE', #383, 1000.000000000000000 ) ;
#1316 = DIRECTION ( 'NONE',  ( 0.000000000000000000, -0.000000000000000000, -1.000000000000000000 ) ) ;
#1317 = AXIS2_PLACEMENT_3D ( 'NONE', #2155, #653, #1329 ) ;
#1318 = FACE_BOUND ( 'NONE', #1870, .T. ) ;
#1319 = EDGE_LOOP ( 'NONE', ( #147, #1055, #690, #1274 ) ) ;
#1320 = CARTESIAN_POINT ( 'NONE',  ( 0.000000000000000000, 4.600000000000003197, 0.000000000000000000 ) ) ;
#1321 = ORIENTED_EDGE ( 'NONE', *, *, #985, .T. ) ;
#1322 = DIRECTION ( 'NONE',  ( 0.000000000000000000, 0.000000000000000000, 1.000000000000000000 ) ) ;
#1323 = DIRECTION ( 'NONE',  ( 0.000000000000000000, 0.000000000000000000, 1.000000000000000000 ) ) ;
#1324 = PERSON_AND_ORGANIZATION_ROLE ( 'creator' ) ;
#1325 = ORIENTED_EDGE ( 'NONE', *, *, #2148, .F. ) ;
#1326 = FACE_OUTER_BOUND ( 'NONE', #2168, .T. ) ;
#1327 = CYLINDRICAL_SURFACE ( 'NONE', #1301, 1.649999999999998579 ) ;
#1328 = ORIENTED_EDGE ( 'NONE', *, *, #1793, .T. ) ;
#1329 = DIRECTION ( 'NONE',  ( 0.000000000000000000, 0.000000000000000000, 1.000000000000000000 ) ) ;
#1330 = EDGE_LOOP ( 'NONE', ( #1960, #758, #1939, #945 ) ) ;
#1331 = LINE ( 'NONE', #670, #1866 ) ;
#1332 = DIRECTION ( 'NONE',  ( 0.000000000000000000, 0.000000000000000000, -1.000000000000000000 ) ) ;
#1333 = CIRCLE ( 'NONE', #662, 1.649999999999998579 ) ;
#1334 = APPROVAL_DATE_TIME ( #824, #2016 ) ;
#1335 = ORIENTED_EDGE ( 'NONE', *, *, #409, .T. ) ;
#1336 = EDGE_CURVE ( 'NONE', #714, #1077, #1917, .T. ) ;
#1337 = CIRCLE ( 'NONE', #311, 44.50000000000000711 ) ;
#1338 = DIRECTION ( 'NONE',  ( -0.000000000000000000, -1.000000000000000000, -0.000000000000000000 ) ) ;
#1339 = AXIS2_PLACEMENT_3D ( 'NONE', #559, #1528, #25 ) ;
#1340 = EDGE_CURVE ( 'NONE', #1158, #88, #1300, .T. ) ;
#1341 = FACE_BOUND ( 'NONE', #500, .T. ) ;
#1342 = FACE_BOUND ( 'NONE', #22, .T. ) ;
#1343 = ORIENTED_EDGE ( 'NONE', *, *, #1805, .F. ) ;
#1344 = CARTESIAN_POINT ( 'NONE',  ( 5.606576814334944920E-14, -2.500000000000000000, 17.64999999999999858 ) ) ;
#1345 = DIRECTION ( 'NONE',  ( 0.000000000000000000, 0.000000000000000000, -1.000000000000000000 ) ) ;
#1346 = ORIENTED_EDGE ( 'NONE', *, *, #1780, .T. ) ;
#1347 = ADVANCED_FACE ( 'NONE', ( #1131 ), #1399, .F. ) ;
#1348 = LINE ( 'NONE', #1662, #1990 ) ;
#1349 = CARTESIAN_POINT ( 'NONE',  ( 0.000000000000000000, 17.80000000000000426, 0.000000000000000000 ) ) ;
#1350 = EDGE_CURVE ( 'NONE', #747, #88, #274, .T. ) ;
#1351 = CYLINDRICAL_SURFACE ( 'NONE', #1601, 1.649999999999998579 ) ;
#1352 = AXIS2_PLACEMENT_3D ( 'NONE', #1844, #1813, #498 ) ;
#1353 = VERTEX_POINT ( 'NONE', #998 ) ;
#1354 = CARTESIAN_POINT ( 'NONE',  ( -16.00000000000000000, -2.500000000000000000, 1.649999999999998579 ) ) ;
#1355 = ORIENTED_EDGE ( 'NONE', *, *, #1861, .T. ) ;
#1356 = LINE ( 'NONE', #368, #2060 ) ;
#1357 = CARTESIAN_POINT ( 'NONE',  ( 0.000000000000000000, 35.39999999999999858, 0.000000000000000000 ) ) ;
#1358 = CARTESIAN_POINT ( 'NONE',  ( -1.675911042644704011E-13, 2.399999999999999467, -17.64999999999999503 ) ) ;
#1359 = EDGE_CURVE ( 'NONE', #1729, #1168, #1994, .T. ) ;
#1360 = VERTEX_POINT ( 'NONE', #1202 ) ;
#1361 = CARTESIAN_POINT ( 'NONE',  ( -11.31370849898474162, 2.399999999999999467, 11.31370849898478248 ) ) ;
#1362 = DIRECTION ( 'NONE',  ( 0.000000000000000000, 0.000000000000000000, 1.000000000000000000 ) ) ;
#1363 = ADVANCED_FACE ( 'NONE', ( #11 ), #163, .T. ) ;
#1364 = ORIENTED_EDGE ( 'NONE', *, *, #46, .F. ) ;
#1365 = VECTOR ( 'NONE', #1250, 1000.000000000000000 ) ;
#1366 = ORIENTED_EDGE ( 'NONE', *, *, #134, .F. ) ;
#1367 = CARTESIAN_POINT ( 'NONE',  ( -11.31370849898474162, -2.500000000000000000, 11.31370849898478248 ) ) ;
#1368 = VECTOR ( 'NONE', #357, 1000.000000000000000 ) ;
#1369 = DIRECTION ( 'NONE',  ( 0.000000000000000000, 0.000000000000000000, -1.000000000000000000 ) ) ;
#1370 = CARTESIAN_POINT ( 'NONE',  ( 0.000000000000000000, 24.39999999999999858, 0.000000000000000000 ) ) ;
#1371 = VECTOR ( 'NONE', #895, 1000.000000000000000 ) ;
#1372 = CC_DESIGN_APPROVAL ( #2016, ( #1577 ) ) ;
#1373 = ORIENTED_EDGE ( 'NONE', *, *, #1243, .T. ) ;
#1374 = FACE_BOUND ( 'NONE', #1475, .T. ) ;
#1375 = EDGE_CURVE ( 'NONE', #1512, #724, #2166, .T. ) ;
#1376 = DIRECTION ( 'NONE',  ( 0.000000000000000000, 0.000000000000000000, 1.000000000000000000 ) ) ;
#1377 = ORIENTED_EDGE ( 'NONE', *, *, #246, .T. ) ;
#1378 = ADVANCED_FACE ( 'NONE', ( #315 ), #1859, .F. ) ;
#1379 = VERTEX_POINT ( 'NONE', #1679 ) ;
#1380 = CARTESIAN_POINT ( 'NONE',  ( 16.00000000000000000, 7.066904755831209251, -1.117274028429802674E-13 ) ) ;
#1381 = CARTESIAN_POINT ( 'NONE',  ( 0.000000000000000000, 33.20000000000000284, 0.000000000000000000 ) ) ;
#1382 = FACE_OUTER_BOUND ( 'NONE', #195, .T. ) ;
#1383 = AXIS2_PLACEMENT_3D ( 'NONE', #1903, #1212, #82 ) ;
#1384 = ORIENTED_EDGE ( 'NONE', *, *, #1756, .T. ) ;
#1385 = CARTESIAN_POINT ( 'NONE',  ( 0.000000000000000000, 13.40000000000000213, 0.000000000000000000 ) ) ;
#1386 = CYLINDRICAL_SURFACE ( 'NONE', #2026, 1.649999999999998579 ) ;
#1387 = EDGE_LOOP ( 'NONE', ( #122, #1516, #1314, #1377 ) ) ;
#1388 = EDGE_CURVE ( 'NONE', #642, #705, #209, .T. ) ;
#1389 = VERTEX_POINT ( 'NONE', #989 ) ;
#1390 = DIRECTION ( 'NONE',  ( -0.000000000000000000, -1.000000000000000000, -0.000000000000000000 ) ) ;
#1391 = DIRECTION ( 'NONE',  ( -0.000000000000000000, -1.000000000000000000, -0.000000000000000000 ) ) ;
#1392 = DIRECTION ( 'NONE',  ( 0.000000000000000000, 0.000000000000000000, -1.000000000000000000 ) ) ;
#1393 = DIRECTION ( 'NONE',  ( 0.000000000000000000, -0.000000000000000000, -1.000000000000000000 ) ) ;
#1394 = VERTEX_POINT ( 'NONE', #1981 ) ;
#1395 = CARTESIAN_POINT ( 'NONE',  ( 0.000000000000000000, 9.000000000000001776, 44.50000000000000711 ) ) ;
#1396 = DIRECTION ( 'NONE',  ( 0.000000000000000000, 0.000000000000000000, -1.000000000000000000 ) ) ;
#1397 = EDGE_LOOP ( 'NONE', ( #1539, #481, #1843, #1454 ) ) ;
#1398 = VERTEX_POINT ( 'NONE', #1814 ) ;
#1399 = CYLINDRICAL_SURFACE ( 'NONE', #1194, 41.00000000000000000 ) ;
#1400 = AXIS2_PLACEMENT_3D ( 'NONE', #2152, #453, #1650 ) ;
#1401 = ADVANCED_FACE ( 'NONE', ( #326 ), #1155, .F. ) ;
#1402 = VECTOR ( 'NONE', #461, 1000.000000000000000 ) ;
#1403 = PLANE ( 'NONE',  #568 ) ;
#1404 = FACE_OUTER_BOUND ( 'NONE', #726, .T. ) ;
#1405 = EDGE_CURVE ( 'NONE', #1763, #1838, #1159, .T. ) ;
#1406 = AXIS2_PLACEMENT_3D ( 'NONE', #1580, #76, #1418 ) ;
#1407 = AXIS2_PLACEMENT_3D ( 'NONE', #1145, #327, #999 ) ;
#1408 = VERTEX_POINT ( 'NONE', #842 ) ;
#1409 = CYLINDRICAL_SURFACE ( 'NONE', #819, 1.649999999999998579 ) ;
#1410 = CARTESIAN_POINT ( 'NONE',  ( 0.000000000000000000, 9.000000000000001776, 0.000000000000000000 ) ) ;
#1411 = ORIENTED_EDGE ( 'NONE', *, *, #2083, .F. ) ;
#1412 = ORIENTED_EDGE ( 'NONE', *, *, #46, .T. ) ;
#1413 = CARTESIAN_POINT ( 'NONE',  ( 0.000000000000000000, 35.39999999999999858, -45.00000000000000711 ) ) ;
#1414 = CARTESIAN_POINT ( 'NONE',  ( 0.000000000000000000, 20.00000000000000000, 0.000000000000000000 ) ) ;
#1415 = ADVANCED_FACE ( 'NONE', ( #809, #1690 ), #1827, .F. ) ;
#1416 = EDGE_LOOP ( 'NONE', ( #800, #1988 ) ) ;
#1417 = CARTESIAN_POINT ( 'NONE',  ( 11.31370849898482156, -2.500000000000000000, 9.663708498984702189 ) ) ;
#1418 = DIRECTION ( 'NONE',  ( 0.000000000000000000, 0.000000000000000000, 1.000000000000000000 ) ) ;
#1419 = ORIENTED_EDGE ( 'NONE', *, *, #1405, .T. ) ;
#1420 = AXIS2_PLACEMENT_3D ( 'NONE', #169, #482, #8 ) ;
#1421 = VECTOR ( 'NONE', #850, 1000.000000000000000 ) ;
#1422 = EDGE_LOOP ( 'NONE', ( #1124, #1688, #1225, #2030 ) ) ;
#1423 = CARTESIAN_POINT ( 'NONE',  ( 0.000000000000000000, -2.500000000000000000, 27.24999999999998224 ) ) ;
#1424 = DIRECTION ( 'NONE',  ( 0.000000000000000000, 0.000000000000000000, -1.000000000000000000 ) ) ;
#1425 = ORIENTED_EDGE ( 'NONE', *, *, #2009, .T. ) ;
#1426 = FACE_BOUND ( 'NONE', #1166, .T. ) ;
#1427 = ORIENTED_EDGE ( 'NONE', *, *, #950, .F. ) ;
#1428 = ADVANCED_FACE ( 'NONE', ( #2170 ), #1514, .T. ) ;
#1429 = VERTEX_POINT ( 'NONE', #185 ) ;
#1430 = DIRECTION ( 'NONE',  ( -0.000000000000000000, 1.000000000000000000, -0.000000000000000000 ) ) ;
#1431 = CARTESIAN_POINT ( 'NONE',  ( 0.000000000000000000, 22.20000000000000284, 0.000000000000000000 ) ) ;
#1432 = AXIS2_PLACEMENT_3D ( 'NONE', #253, #740, #1753 ) ;
#1433 = ORIENTED_EDGE ( 'NONE', *, *, #1780, .F. ) ;
#1434 = PLANE ( 'NONE',  #1183 ) ;
#1435 = AXIS2_PLACEMENT_3D ( 'NONE', #79, #1430, #797 ) ;
#1436 = VECTOR ( 'NONE', #1448, 1000.000000000000000 ) ;
#1437 = CIRCLE ( 'NONE', #496, 44.50000000000000711 ) ;
#1438 = ADVANCED_FACE ( 'NONE', ( #1659 ), #499, .T. ) ;
#1439 = ORIENTED_EDGE ( 'NONE', *, *, #661, .T. ) ;
#1440 = CIRCLE ( 'NONE', #878, 1.649999999999998579 ) ;
#1441 = EDGE_CURVE ( 'NONE', #155, #1739, #491, .T. ) ;
#1442 = EDGE_CURVE ( 'NONE', #1094, #1408, #1680, .T. ) ;
#1443 = CARTESIAN_POINT ( 'NONE',  ( 0.000000000000000000, 11.19999999999999751, 45.00000000000000711 ) ) ;
#1444 = ORIENTED_EDGE ( 'NONE', *, *, #2145, .T. ) ;
#1445 = CARTESIAN_POINT ( 'NONE',  ( 0.000000000000000000, 2.399999999999999467, -6.300000000000000711 ) ) ;
#1446 = ORIENTED_EDGE ( 'NONE', *, *, #1502, .T. ) ;
#1447 = LINE ( 'NONE', #1285, #1769 ) ;
#1448 = DIRECTION ( 'NONE',  ( -0.000000000000000000, -1.000000000000000000, -0.000000000000000000 ) ) ;
#1449 = VERTEX_POINT ( 'NONE', #531 ) ;
#1450 = PLANE ( 'NONE',  #454 ) ;
#1451 = EDGE_LOOP ( 'NONE', ( #1110, #143, #1187, #1268 ) ) ;
#1452 = FACE_OUTER_BOUND ( 'NONE', #1712, .T. ) ;
#1453 = CARTESIAN_POINT ( 'NONE',  ( 0.000000000000000000, 2.399999999999999467, 0.000000000000000000 ) ) ;
#1454 = ORIENTED_EDGE ( 'NONE', *, *, #1053, .F. ) ;
#1455 = DIRECTION ( 'NONE',  ( -0.000000000000000000, 1.000000000000000000, -0.000000000000000000 ) ) ;
#1456 = LINE ( 'NONE', #1768, #566 ) ;
#1457 = CARTESIAN_POINT ( 'NONE',  ( 0.000000000000000000, 11.19999999999999751, 0.000000000000000000 ) ) ;
#1458 = DIRECTION ( 'NONE',  ( -0.000000000000000000, 1.000000000000000000, 0.000000000000000000 ) ) ;
#1459 = EDGE_LOOP ( 'NONE', ( #1044, #109 ) ) ;
#1460 = ADVANCED_FACE ( 'NONE', ( #1491, #2159 ), #2082, .F. ) ;
#1461 = DIRECTION ( 'NONE',  ( 0.000000000000000000, 0.000000000000000000, -1.000000000000000000 ) ) ;
#1462 = FACE_BOUND ( 'NONE', #2045, .T. ) ;
#1463 = ORIENTED_EDGE ( 'NONE', *, *, #1292, .F. ) ;
#1464 = EDGE_CURVE ( 'NONE', #804, #1677, #66, .T. ) ;
#1465 = FACE_OUTER_BOUND ( 'NONE', #1478, .T. ) ;
#1466 = AXIS2_PLACEMENT_3D ( 'NONE', #671, #153, #484 ) ;
#1467 = PLANE ( 'NONE',  #471 ) ;
#1468 = DIRECTION ( 'NONE',  ( 0.000000000000000000, 0.000000000000000000, 1.000000000000000000 ) ) ;
#1469 = AXIS2_PLACEMENT_3D ( 'NONE', #1912, #415, #32 ) ;
#1470 = CARTESIAN_POINT ( 'NONE',  ( 5.449678256205721981E-15, 17.80000000000000426, -44.50000000000000711 ) ) ;
#1471 = VECTOR ( 'NONE', #2043, 1000.000000000000000 ) ;
#1472 = ORIENTED_EDGE ( 'NONE', *, *, #1006, .F. ) ;
#1473 = DIRECTION ( 'NONE',  ( -0.000000000000000000, -1.000000000000000000, -0.000000000000000000 ) ) ;
#1474 = DIRECTION ( 'NONE',  ( 0.000000000000000000, 0.000000000000000000, -1.000000000000000000 ) ) ;
#1475 = EDGE_LOOP ( 'NONE', ( #528, #1171 ) ) ;
#1476 = CARTESIAN_POINT ( 'NONE',  ( 0.000000000000000000, 17.80000000000000071, 44.50000000000000711 ) ) ;
#1477 = ADVANCED_FACE ( 'NONE', ( #1721, #542 ), #1709, .F. ) ;
#1478 = EDGE_LOOP ( 'NONE', ( #1657, #1616, #48, #322 ) ) ;
#1479 = CARTESIAN_POINT ( 'NONE',  ( 0.000000000000000000, 28.80000000000000071, 0.000000000000000000 ) ) ;
#1480 = CARTESIAN_POINT ( 'NONE',  ( 0.000000000000000000, 13.39999999999999858, 0.000000000000000000 ) ) ;
#1481 = PERSON_AND_ORGANIZATION ( #1834, #212 ) ;
#1482 = VERTEX_POINT ( 'NONE', #1043 ) ;
#1483 = CIRCLE ( 'NONE', #780, 45.00000000000000711 ) ;
#1484 = FACE_OUTER_BOUND ( 'NONE', #885, .T. ) ;
#1485 = FACE_BOUND ( 'NONE', #792, .T. ) ;
#1486 = ORIENTED_EDGE ( 'NONE', *, *, #823, .F. ) ;
#1487 = DIRECTION ( 'NONE',  ( -0.000000000000000000, -1.000000000000000000, -0.000000000000000000 ) ) ;
#1488 = ORIENTED_EDGE ( 'NONE', *, *, #1818, .T. ) ;
#1489 = DIRECTION ( 'NONE',  ( 0.000000000000000000, 0.000000000000000000, -1.000000000000000000 ) ) ;
#1490 = EDGE_CURVE ( 'NONE', #1252, #1389, #1298, .T. ) ;
#1491 = FACE_OUTER_BOUND ( 'NONE', #973, .T. ) ;
#1492 = EDGE_LOOP ( 'NONE', ( #742, #68 ) ) ;
#1493 = ADVANCED_FACE ( 'NONE', ( #220 ), #397, .T. ) ;
#1494 = CYLINDRICAL_SURFACE ( 'NONE', #659, 44.50000000000000711 ) ;
#1495 = CARTESIAN_POINT ( 'NONE',  ( 0.000000000000000000, 24.39999999999999858, 0.000000000000000000 ) ) ;
#1496 = LINE ( 'NONE', #148, #1943 ) ;
#1497 = EDGE_LOOP ( 'NONE', ( #2098, #413 ) ) ;
#1498 = CARTESIAN_POINT ( 'NONE',  ( -11.31370849898490150, 2.399999999999999467, -11.31370849898462261 ) ) ;
#1499 = AXIS2_PLACEMENT_3D ( 'NONE', #489, #5, #1785 ) ;
#1500 = CARTESIAN_POINT ( 'NONE',  ( 3.337162527676534759E-15, -2.500000000000000000, -27.24999999999998224 ) ) ;
#1501 = AXIS2_PLACEMENT_3D ( 'NONE', #1095, #420, #245 ) ;
#1502 = EDGE_CURVE ( 'NONE', #563, #1216, #1642, .T. ) ;
#1503 = DATE_AND_TIME ( #843, #497 ) ;
#1504 = ORIENTED_EDGE ( 'NONE', *, *, #490, .F. ) ;
#1505 = CIRCLE ( 'NONE', #418, 45.00000000000000711 ) ;
#1506 = ADVANCED_FACE ( 'NONE', ( #723 ), #43, .T. ) ;
#1507 = VECTOR ( 'NONE', #858, 1000.000000000000000 ) ;
#1508 = LINE ( 'NONE', #283, #562 ) ;
#1509 = LOCAL_TIME ( 16, 5, 13.00000000000000000, #834 ) ;
#1510 = CARTESIAN_POINT ( 'NONE',  ( 5.510910596163090344E-15, 4.600000000000003197, 45.00000000000000711 ) ) ;
#1511 = CARTESIAN_POINT ( 'NONE',  ( 0.000000000000000000, 9.000000000000001776, 44.50000000000000711 ) ) ;
#1512 = VERTEX_POINT ( 'NONE', #736 ) ;
#1513 = DIRECTION ( 'NONE',  ( 0.000000000000000000, -1.000000000000000000, 0.000000000000000000 ) ) ;
#1514 = CYLINDRICAL_SURFACE ( 'NONE', #307, 44.50000000000000711 ) ;
#1515 = CALENDAR_DATE ( 2026, 23, 7 ) ;
#1516 = ORIENTED_EDGE ( 'NONE', *, *, #649, .F. ) ;
#1517 = FACE_OUTER_BOUND ( 'NONE', #1061, .T. ) ;
#1518 = CIRCLE ( 'NONE', #1209, 44.50000000000000711 ) ;
#1519 = DIRECTION ( 'NONE',  ( 8.659560562354961208E-17, 0.7071067811865453523, -0.7071067811865497932 ) ) ;
#1520 = CARTESIAN_POINT ( 'NONE',  ( 0.000000000000000000, 0.000000000000000000, 42.79999999999996874 ) ) ;
#1521 = EDGE_LOOP ( 'NONE', ( #1963, #1425, #262, #1751 ) ) ;
#1522 = DIRECTION ( 'NONE',  ( -0.000000000000000000, 1.000000000000000000, -0.000000000000000000 ) ) ;
#1523 = CARTESIAN_POINT ( 'NONE',  ( 0.000000000000000000, 4.600000000000003197, 0.000000000000000000 ) ) ;
#1524 = EDGE_LOOP ( 'NONE', ( #567, #1748 ) ) ;
#1525 = EDGE_LOOP ( 'NONE', ( #635, #1558, #1373, #244 ) ) ;
#1526 = DIRECTION ( 'NONE',  ( -0.000000000000000000, 1.000000000000000000, 0.000000000000000000 ) ) ;
#1527 = EDGE_CURVE ( 'NONE', #1379, #1742, #697, .T. ) ;
#1528 = DIRECTION ( 'NONE',  ( -0.000000000000000000, 1.000000000000000000, -0.000000000000000000 ) ) ;
#1529 = PLANE ( 'NONE',  #319 ) ;
#1530 = FACE_OUTER_BOUND ( 'NONE', #971, .T. ) ;
#1531 = ADVANCED_FACE ( 'NONE', ( #1895 ), #1386, .F. ) ;
#1532 = ORIENTED_EDGE ( 'NONE', *, *, #751, .F. ) ;
#1533 = DIRECTION ( 'NONE',  ( 0.000000000000000000, 0.000000000000000000, 1.000000000000000000 ) ) ;
#1534 = CC_DESIGN_DATE_AND_TIME_ASSIGNMENT ( #1660, #810, ( #1577 ) ) ;
#1535 = DIRECTION ( 'NONE',  ( -0.000000000000000000, -1.000000000000000000, -0.000000000000000000 ) ) ;
#1536 = ORIENTED_EDGE ( 'NONE', *, *, #1955, .T. ) ;
#1537 = AXIS2_PLACEMENT_3D ( 'NONE', #2139, #130, #1461 ) ;
#1538 = AXIS2_PLACEMENT_3D ( 'NONE', #822, #851, #1669 ) ;
#1539 = ORIENTED_EDGE ( 'NONE', *, *, #1312, .F. ) ;
#1540 = FACE_OUTER_BOUND ( 'NONE', #1083, .T. ) ;
#1541 = AXIS2_PLACEMENT_3D ( 'NONE', #1750, #938, #426 ) ;
#1542 = CYLINDRICAL_SURFACE ( 'NONE', #277, 45.00000000000000711 ) ;
#1543 = DIRECTION ( 'NONE',  ( -0.000000000000000000, 1.000000000000000000, -0.000000000000000000 ) ) ;
#1544 = DIRECTION ( 'NONE',  ( 0.000000000000000000, 0.7071067811865453523, 0.7071067811865497932 ) ) ;
#1545 = VERTEX_POINT ( 'NONE', #2047 ) ;
#1546 = CARTESIAN_POINT ( 'NONE',  ( -16.00000000000000000, 2.399999999999999467, 0.000000000000000000 ) ) ;
#1547 = DIRECTION ( 'NONE',  ( -0.000000000000000000, 1.000000000000000000, 0.000000000000000000 ) ) ;
#1548 = ADVANCED_FACE ( 'NONE', ( #230 ), #1741, .T. ) ;
#1549 = ORIENTED_EDGE ( 'NONE', *, *, #1694, .F. ) ;
#1550 = ORIENTED_EDGE ( 'NONE', *, *, #2009, .F. ) ;
#1551 = DIRECTION ( 'NONE',  ( -0.000000000000000000, 1.000000000000000000, -0.000000000000000000 ) ) ;
#1552 = LINE ( 'NONE', #1024, #1507 ) ;
#1553 = DIRECTION ( 'NONE',  ( 0.000000000000000000, 0.000000000000000000, 1.000000000000000000 ) ) ;
#1554 = EDGE_LOOP ( 'NONE', ( #1097, #94, #1248, #1472 ) ) ;
#1555 = DIRECTION ( 'NONE',  ( -0.000000000000000000, 1.000000000000000000, -0.000000000000000000 ) ) ;
#1556 = CARTESIAN_POINT ( 'NONE',  ( 0.000000000000000000, 35.39999999999999858, 0.000000000000000000 ) ) ;
#1557 = EDGE_CURVE ( 'NONE', #1151, #324, #1567, .T. ) ;
#1558 = ORIENTED_EDGE ( 'NONE', *, *, #47, .F. ) ;
#1559 = ADVANCED_FACE ( 'NONE', ( #1880 ), #385, .T. ) ;
#1560 = ORIENTED_EDGE ( 'NONE', *, *, #92, .T. ) ;
#1561 = FACE_OUTER_BOUND ( 'NONE', #934, .T. ) ;
#1562 = FACE_OUTER_BOUND ( 'NONE', #1206, .T. ) ;
#1563 = CARTESIAN_POINT ( 'NONE',  ( 16.00000000000000000, 7.066904755831209251, -1.650000000000110489 ) ) ;
#1564 = CARTESIAN_POINT ( 'NONE',  ( 0.000000000000000000, 2.200000000000021494, 0.000000000000000000 ) ) ;
#1565 = VERTEX_POINT ( 'NONE', #240 ) ;
#1566 = DIRECTION ( 'NONE',  ( -0.000000000000000000, 1.000000000000000000, -0.000000000000000000 ) ) ;
#1567 = LINE ( 'NONE', #63, #96 ) ;
#1568 = ORIENTED_EDGE ( 'NONE', *, *, #823, .T. ) ;
#1569 = CC_DESIGN_PERSON_AND_ORGANIZATION_ASSIGNMENT ( #1983, #1672, ( #610 ) ) ;
#1570 = VERTEX_POINT ( 'NONE', #909 ) ;
#1571 = CYLINDRICAL_SURFACE ( 'NONE', #2167, 1.649999999999998579 ) ;
#1572 = AXIS2_PLACEMENT_3D ( 'NONE', #199, #718, #1886 ) ;
#1573 = EDGE_CURVE ( 'NONE', #1809, #1910, #1265, .T. ) ;
#1574 = AXIS2_PLACEMENT_3D ( 'NONE', #712, #2059, #1376 ) ;
#1575 = DIRECTION ( 'NONE',  ( 0.000000000000000000, 0.000000000000000000, 1.000000000000000000 ) ) ;
#1576 = AXIS2_PLACEMENT_3D ( 'NONE', #1564, #60, #731 ) ;
#1577 = SECURITY_CLASSIFICATION ( '', '', #657 ) ;
#1578 = ORIENTED_EDGE ( 'NONE', *, *, #1694, .T. ) ;
#1579 = FACE_OUTER_BOUND ( 'NONE', #1416, .T. ) ;
#1580 = CARTESIAN_POINT ( 'NONE',  ( -11.31370849898490150, 2.399999999999999467, -11.31370849898462261 ) ) ;
#1581 = EDGE_LOOP ( 'NONE', ( #632, #911, #1772, #478 ) ) ;
#1582 = ORIENTED_EDGE ( 'NONE', *, *, #16, .T. ) ;
#1583 = CARTESIAN_POINT ( 'NONE',  ( 5.449678256205721981E-15, 31.00000000000000355, -44.50000000000000711 ) ) ;
#1584 = EDGE_CURVE ( 'NONE', #576, #990, #1091, .T. ) ;
#1585 = CARTESIAN_POINT ( 'NONE',  ( 11.31370849898465991, -2.500000000000000000, -11.31370849898485886 ) ) ;
#1586 = ORIENTED_EDGE ( 'NONE', *, *, #380, .F. ) ;
#1587 = EDGE_CURVE ( 'NONE', #652, #351, #136, .T. ) ;
#1588 = VECTOR ( 'NONE', #1555, 1000.000000000000000 ) ;
#1589 = FACE_BOUND ( 'NONE', #545, .T. ) ;
#1590 = CARTESIAN_POINT ( 'NONE',  ( 0.000000000000000000, 35.39999999999999858, 0.000000000000000000 ) ) ;
#1591 = ORIENTED_EDGE ( 'NONE', *, *, #1722, .T. ) ;
#1592 = EDGE_LOOP ( 'NONE', ( #1325, #880, #1984, #151 ) ) ;
#1593 = DIRECTION ( 'NONE',  ( -0.000000000000000000, -1.000000000000000000, -0.000000000000000000 ) ) ;
#1594 = FACE_OUTER_BOUND ( 'NONE', #2004, .T. ) ;
#1595 = EDGE_CURVE ( 'NONE', #273, #889, #280, .T. ) ;
#1596 = ORIENTED_EDGE ( 'NONE', *, *, #1527, .F. ) ;
#1597 = FACE_BOUND ( 'NONE', #1757, .T. ) ;
#1598 = CARTESIAN_POINT ( 'NONE',  ( 5.510910596163090344E-15, 9.000000000000001776, 45.00000000000000711 ) ) ;
#1599 = CIRCLE ( 'NONE', #1873, 44.50000000000000711 ) ;
#1600 = ADVANCED_FACE ( 'NONE', ( #594 ), #1266, .T. ) ;
#1601 = AXIS2_PLACEMENT_3D ( 'NONE', #298, #730, #1392 ) ;
#1602 = DIRECTION ( 'NONE',  ( -0.000000000000000000, 1.000000000000000000, 0.000000000000000000 ) ) ;
#1603 = DIRECTION ( 'NONE',  ( 0.000000000000000000, 0.000000000000000000, 1.000000000000000000 ) ) ;
#1604 = ORIENTED_EDGE ( 'NONE', *, *, #1850, .F. ) ;
#1605 = CYLINDRICAL_SURFACE ( 'NONE', #2123, 44.50000000000000711 ) ;
#1606 = CIRCLE ( 'NONE', #488, 1.649999999999997025 ) ;
#1607 = VERTEX_POINT ( 'NONE', #2131 ) ;
#1608 = CYLINDRICAL_SURFACE ( 'NONE', #1070, 45.00000000000000711 ) ;
#1609 = AXIS2_PLACEMENT_3D ( 'NONE', #1214, #1869, #1236 ) ;
#1610 = CARTESIAN_POINT ( 'NONE',  ( 0.000000000000000000, 11.19999999999999751, 44.50000000000000711 ) ) ;
#1611 = CIRCLE ( 'NONE', #667, 41.00000000000000000 ) ;
#1612 = ORIENTED_EDGE ( 'NONE', *, *, #1388, .T. ) ;
#1613 = EDGE_CURVE ( 'NONE', #596, #1893, #67, .T. ) ;
#1614 = AXIS2_PLACEMENT_3D ( 'NONE', #370, #1696, #355 ) ;
#1615 = DIRECTION ( 'NONE',  ( -0.000000000000000000, 1.000000000000000000, -0.000000000000000000 ) ) ;
#1616 = ORIENTED_EDGE ( 'NONE', *, *, #1080, .T. ) ;
#1617 = DIRECTION ( 'NONE',  ( -0.000000000000000000, 1.000000000000000000, -0.000000000000000000 ) ) ;
#1618 = ORIENTED_EDGE ( 'NONE', *, *, #817, .T. ) ;
#1619 = DIRECTION ( 'NONE',  ( -0.000000000000000000, 1.000000000000000000, -0.000000000000000000 ) ) ;
#1620 = DIRECTION ( 'NONE',  ( 0.000000000000000000, 0.000000000000000000, 1.000000000000000000 ) ) ;
#1621 = ORIENTED_EDGE ( 'NONE', *, *, #1734, .T. ) ;
#1622 = CIRCLE ( 'NONE', #1135, 1.649999999999998579 ) ;
#1623 = AXIS2_PLACEMENT_3D ( 'NONE', #62, #577, #1708 ) ;
#1624 = VECTOR ( 'NONE', #930, 1000.000000000000000 ) ;
#1625 = DIRECTION ( 'NONE',  ( 0.000000000000000000, 0.000000000000000000, 1.000000000000000000 ) ) ;
#1626 = ORIENTED_EDGE ( 'NONE', *, *, #204, .T. ) ;
#1627 = EDGE_CURVE ( 'NONE', #902, #366, #1337, .T. ) ;
#1628 = FACE_BOUND ( 'NONE', #3, .T. ) ;
#1629 = FACE_BOUND ( 'NONE', #1667, .T. ) ;
#1630 = VERTEX_POINT ( 'NONE', #437 ) ;
#1631 = CYLINDRICAL_SURFACE ( 'NONE', #862, 1.649999999999998579 ) ;
#1632 = CARTESIAN_POINT ( 'NONE',  ( 0.000000000000000000, 6.800000000000000711, 0.000000000000000000 ) ) ;
#1633 = DIRECTION ( 'NONE',  ( 0.000000000000000000, 0.000000000000000000, 1.000000000000000000 ) ) ;
#1634 = DIRECTION ( 'NONE',  ( -0.000000000000000000, 1.000000000000000000, -0.000000000000000000 ) ) ;
#1635 = ORIENTED_EDGE ( 'NONE', *, *, #1681, .F. ) ;
#1636 = DIRECTION ( 'NONE',  ( -0.000000000000000000, 1.000000000000000000, -0.000000000000000000 ) ) ;
#1637 = EDGE_CURVE ( 'NONE', #1353, #710, #83, .T. ) ;
#1638 = DIRECTION ( 'NONE',  ( 0.000000000000000000, 0.000000000000000000, 1.000000000000000000 ) ) ;
#1639 = ORIENTED_EDGE ( 'NONE', *, *, #2078, .T. ) ;
#1640 = DIRECTION ( 'NONE',  ( -0.000000000000000000, -1.000000000000000000, -0.000000000000000000 ) ) ;
#1641 = AXIS2_PLACEMENT_3D ( 'NONE', #826, #2124, #640 ) ;
#1642 = CIRCLE ( 'NONE', #343, 1.649999999999998579 ) ;
#1643 = ORIENTED_EDGE ( 'NONE', *, *, #1587, .F. ) ;
#1644 = CARTESIAN_POINT ( 'NONE',  ( 0.000000000000000000, -2.500000000000000000, 0.000000000000000000 ) ) ;
#1645 = DIRECTION ( 'NONE',  ( -0.000000000000000000, 1.000000000000000000, -0.000000000000000000 ) ) ;
#1646 = AXIS2_PLACEMENT_3D ( 'NONE', #1176, #983, #1651 ) ;
#1647 = APPROVAL_STATUS ( 'not_yet_approved' ) ;
#1648 = CIRCLE ( 'NONE', #946, 1.649999999999997025 ) ;
#1649 = ORIENTED_EDGE ( 'NONE', *, *, #1297, .F. ) ;
#1650 = DIRECTION ( 'NONE',  ( 0.000000000000000000, 0.000000000000000000, -1.000000000000000000 ) ) ;
#1651 = DIRECTION ( 'NONE',  ( 0.000000000000000000, 0.000000000000000000, 1.000000000000000000 ) ) ;
#1652 = ORIENTED_EDGE ( 'NONE', *, *, #1336, .T. ) ;
#1653 = CARTESIAN_POINT ( 'NONE',  ( 5.586370142149013368E-14, -2.500000000000000000, 16.00000000000000000 ) ) ;
#1654 = CARTESIAN_POINT ( 'NONE',  ( 0.000000000000000000, 31.00000000000000355, 44.50000000000000711 ) ) ;
#1655 = CIRCLE ( 'NONE', #707, 44.50000000000000711 ) ;
#1656 = EDGE_CURVE ( 'NONE', #1257, #1739, #1456, .T. ) ;
#1657 = ORIENTED_EDGE ( 'NONE', *, *, #118, .F. ) ;
#1658 = CARTESIAN_POINT ( 'NONE',  ( 0.000000000000000000, 9.000000000000001776, 0.000000000000000000 ) ) ;
#1659 = FACE_OUTER_BOUND ( 'NONE', #1222, .T. ) ;
#1660 = DATE_AND_TIME ( #1682, #1852 ) ;
#1661 = ORIENTED_EDGE ( 'NONE', *, *, #1218, .F. ) ;
#1662 = CARTESIAN_POINT ( 'NONE',  ( 0.000000000000000000, 35.39999999999999858, -45.00000000000000711 ) ) ;
#1663 = DIRECTION ( 'NONE',  ( -0.000000000000000000, -1.000000000000000000, -0.000000000000000000 ) ) ;
#1664 = VERTEX_POINT ( 'NONE', #1610 ) ;
#1665 = CARTESIAN_POINT ( 'NONE',  ( -11.31370849898490150, -2.500000000000000000, -9.663708498984624029 ) ) ;
#1666 = ADVANCED_FACE ( 'NONE', ( #1759 ), #949, .T. ) ;
#1667 = EDGE_LOOP ( 'NONE', ( #1568, #1446 ) ) ;
#1668 = DIRECTION ( 'NONE',  ( -0.000000000000000000, -1.000000000000000000, -0.000000000000000000 ) ) ;
#1669 = DIRECTION ( 'NONE',  ( 0.000000000000000000, 0.000000000000000000, -1.000000000000000000 ) ) ;
#1670 = EDGE_CURVE ( 'NONE', #1429, #1360, #452, .T. ) ;
#1671 = ADVANCED_FACE ( 'NONE', ( #446 ), #774, .F. ) ;
#1672 = PERSON_AND_ORGANIZATION_ROLE ( 'design_owner' ) ;
#1673 = ORIENTED_EDGE ( 'NONE', *, *, #70, .F. ) ;
#1674 = DIRECTION ( 'NONE',  ( -0.000000000000000000, 1.000000000000000000, -0.000000000000000000 ) ) ;
#1675 = DIRECTION ( 'NONE',  ( 0.000000000000000000, 0.000000000000000000, 1.000000000000000000 ) ) ;
#1676 = CARTESIAN_POINT ( 'NONE',  ( 0.000000000000000000, 13.40000000000000213, 44.50000000000000711 ) ) ;
#1677 = VERTEX_POINT ( 'NONE', #1598 ) ;
#1678 = DIRECTION ( 'NONE',  ( -0.000000000000000000, 1.000000000000000000, -0.000000000000000000 ) ) ;
#1679 = CARTESIAN_POINT ( 'NONE',  ( 5.449678256205721981E-15, 15.59999999999999964, -44.50000000000000711 ) ) ;
#1680 = CIRCLE ( 'NONE', #766, 44.50000000000000711 ) ;
#1681 = EDGE_CURVE ( 'NONE', #1168, #389, #1121, .T. ) ;
#1682 = CALENDAR_DATE ( 2026, 23, 7 ) ;
#1683 = ORIENTED_EDGE ( 'NONE', *, *, #1937, .T. ) ;
#1684 = AXIS2_PLACEMENT_3D ( 'NONE', #1654, #1051, #1393 ) ;
#1685 = FACE_OUTER_BOUND ( 'NONE', #1592, .T. ) ;
#1686 = DIRECTION ( 'NONE',  ( -0.000000000000000000, 1.000000000000000000, -0.000000000000000000 ) ) ;
#1687 = FACE_BOUND ( 'NONE', #570, .T. ) ;
#1688 = ORIENTED_EDGE ( 'NONE', *, *, #1280, .F. ) ;
#1689 = DIRECTION ( 'NONE',  ( -0.000000000000000000, -1.000000000000000000, -0.000000000000000000 ) ) ;
#1690 = FACE_OUTER_BOUND ( 'NONE', #2084, .T. ) ;
#1691 = CALENDAR_DATE ( 2026, 23, 7 ) ;
#1692 = ORIENTED_EDGE ( 'NONE', *, *, #1637, .T. ) ;
#1693 = LINE ( 'NONE', #1195, #2023 ) ;
#1694 = EDGE_CURVE ( 'NONE', #324, #625, #1196, .T. ) ;
#1695 = CIRCLE ( 'NONE', #749, 44.50000000000000711 ) ;
#1696 = DIRECTION ( 'NONE',  ( -0.000000000000000000, 1.000000000000000000, -0.000000000000000000 ) ) ;
#1697 = FACE_OUTER_BOUND ( 'NONE', #978, .T. ) ;
#1698 = ORIENTED_EDGE ( 'NONE', *, *, #349, .T. ) ;
#1699 = CARTESIAN_POINT ( 'NONE',  ( -11.31370849898474162, -2.500000000000000000, 9.663708498984785678 ) ) ;
#1700 = DIRECTION ( 'NONE',  ( 0.000000000000000000, 0.000000000000000000, -1.000000000000000000 ) ) ;
#1701 = ORIENTED_EDGE ( 'NONE', *, *, #1283, .F. ) ;
#1702 = ORIENTED_EDGE ( 'NONE', *, *, #1892, .F. ) ;
#1703 = DIRECTION ( 'NONE',  ( 0.000000000000000000, 0.000000000000000000, -1.000000000000000000 ) ) ;
#1704 = CARTESIAN_POINT ( 'NONE',  ( 11.31370849898465991, -2.500000000000000000, -11.31370849898485886 ) ) ;
#1705 = LINE ( 'NONE', #1900, #1856 ) ;
#1706 = LINE ( 'NONE', #203, #1887 ) ;
#1707 = ORIENTED_EDGE ( 'NONE', *, *, #320, .F. ) ;
#1708 = DIRECTION ( 'NONE',  ( 0.000000000000000000, 0.000000000000000000, 1.000000000000000000 ) ) ;
#1709 = PLANE ( 'NONE',  #735 ) ;
#1710 = ORIENTED_EDGE ( 'NONE', *, *, #530, .F. ) ;
#1711 = AXIS2_PLACEMENT_3D ( 'NONE', #235, #292, #1745 ) ;
#1712 = EDGE_LOOP ( 'NONE', ( #733, #867, #435, #580 ) ) ;
#1713 = CARTESIAN_POINT ( 'NONE',  ( -1.675911042644704011E-13, -2.500000000000000000, -17.64999999999999503 ) ) ;
#1714 = CIRCLE ( 'NONE', #768, 44.50000000000000711 ) ;
#1715 = DIRECTION ( 'NONE',  ( -0.000000000000000000, 1.000000000000000000, -0.000000000000000000 ) ) ;
#1716 = DIRECTION ( 'NONE',  ( 0.000000000000000000, 1.000000000000000000, 0.000000000000000000 ) ) ;
#1717 = CC_DESIGN_APPROVAL ( #2052, ( #1820 ) ) ;
#1718 = EDGE_CURVE ( 'NONE', #338, #1482, #627, .T. ) ;
#1719 = EDGE_LOOP ( 'NONE', ( #486, #1439 ) ) ;
#1720 = CARTESIAN_POINT ( 'NONE',  ( 0.000000000000000000, 17.80000000000000426, -45.00000000000000711 ) ) ;
#1721 = FACE_OUTER_BOUND ( 'NONE', #601, .T. ) ;
#1722 = EDGE_CURVE ( 'NONE', #1081, #1309, #1505, .T. ) ;
#1723 = ORIENTED_EDGE ( 'NONE', *, *, #1595, .F. ) ;
#1724 = ORIENTED_EDGE ( 'NONE', *, *, #646, .F. ) ;
#1725 = DIRECTION ( 'NONE',  ( 0.000000000000000000, 0.000000000000000000, 1.000000000000000000 ) ) ;
#1726 = CARTESIAN_POINT ( 'NONE',  ( 16.00000000000000000, 7.066904755831209251, -1.117274028429802674E-13 ) ) ;
#1727 = DIRECTION ( 'NONE',  ( 0.000000000000000000, 0.000000000000000000, 1.000000000000000000 ) ) ;
#1728 = VECTOR ( 'NONE', #1098, 1000.000000000000000 ) ;
#1729 = VERTEX_POINT ( 'NONE', #1129 ) ;
#1730 = DIRECTION ( 'NONE',  ( 0.000000000000000000, -1.000000000000000000, 0.000000000000000000 ) ) ;
#1731 = ADVANCED_FACE ( 'NONE', ( #1789, #961 ), #677, .F. ) ;
#1732 = DIRECTION ( 'NONE',  ( 0.000000000000000000, 0.000000000000000000, -1.000000000000000000 ) ) ;
#1733 = ORIENTED_EDGE ( 'NONE', *, *, #1490, .F. ) ;
#1734 = EDGE_CURVE ( 'NONE', #1809, #78, #217, .T. ) ;
#1735 = ORIENTED_EDGE ( 'NONE', *, *, #107, .T. ) ;
#1736 = CARTESIAN_POINT ( 'NONE',  ( 0.000000000000000000, 26.60000000000000142, 0.000000000000000000 ) ) ;
#1737 = DIRECTION ( 'NONE',  ( -0.000000000000000000, -1.000000000000000000, -0.000000000000000000 ) ) ;
#1738 = FACE_OUTER_BOUND ( 'NONE', #1790, .T. ) ;
#1739 = VERTEX_POINT ( 'NONE', #2056 ) ;
#1740 = DIRECTION ( 'NONE',  ( -0.000000000000000000, 1.000000000000000000, -0.000000000000000000 ) ) ;
#1741 = CYLINDRICAL_SURFACE ( 'NONE', #1919, 45.00000000000000711 ) ;
#1742 = VERTEX_POINT ( 'NONE', #393 ) ;
#1743 = ADVANCED_FACE ( 'NONE', ( #1738 ), #2171, .T. ) ;
#1744 = VERTEX_POINT ( 'NONE', #2069 ) ;
#1745 = DIRECTION ( 'NONE',  ( 0.000000000000000000, 0.000000000000000000, 1.000000000000000000 ) ) ;
#1746 = CARTESIAN_POINT ( 'NONE',  ( 16.00000000000000000, -2.500000000000000000, -1.117274028429802674E-13 ) ) ;
#1747 = CIRCLE ( 'NONE', #698, 1.649999999999998579 ) ;
#1748 = ORIENTED_EDGE ( 'NONE', *, *, #598, .T. ) ;
#1749 = CARTESIAN_POINT ( 'NONE',  ( 0.000000000000000000, 22.20000000000000284, 0.000000000000000000 ) ) ;
#1750 = CARTESIAN_POINT ( 'NONE',  ( 0.000000000000000000, 11.19999999999999751, 0.000000000000000000 ) ) ;
#1751 = ORIENTED_EDGE ( 'NONE', *, *, #1765, .F. ) ;
#1752 = ORIENTED_EDGE ( 'NONE', *, *, #459, .F. ) ;
#1753 = DIRECTION ( 'NONE',  ( 0.000000000000000000, 0.000000000000000000, 1.000000000000000000 ) ) ;
#1754 = ADVANCED_FACE ( 'NONE', ( #1530 ), #1901, .F. ) ;
#1755 = FACE_OUTER_BOUND ( 'NONE', #1812, .T. ) ;
#1756 = EDGE_CURVE ( 'NONE', #1017, #625, #861, .T. ) ;
#1757 = EDGE_LOOP ( 'NONE', ( #218, #2013 ) ) ;
#1758 = CARTESIAN_POINT ( 'NONE',  ( 5.510910596163090344E-15, 35.39999999999999858, 45.00000000000000711 ) ) ;
#1759 = FACE_OUTER_BOUND ( 'NONE', #430, .T. ) ;
#1760 = CARTESIAN_POINT ( 'NONE',  ( -1.675911042644704011E-13, 2.399999999999999467, -15.99999999999999645 ) ) ;
#1761 = AXIS2_PLACEMENT_3D ( 'NONE', #1320, #986, #2011 ) ;
#1762 = DIRECTION ( 'NONE',  ( -0.000000000000000000, 1.000000000000000000, -0.000000000000000000 ) ) ;
#1763 = VERTEX_POINT ( 'NONE', #1039 ) ;
#1764 = CYLINDRICAL_SURFACE ( 'NONE', #2106, 45.00000000000000711 ) ;
#1765 = EDGE_CURVE ( 'NONE', #642, #1081, #1706, .T. ) ;
#1766 = EDGE_LOOP ( 'NONE', ( #84, #1639, #1488, #1366 ) ) ;
#1767 = DIRECTION ( 'NONE',  ( -0.000000000000000000, -1.000000000000000000, -0.000000000000000000 ) ) ;
#1768 = CARTESIAN_POINT ( 'NONE',  ( -16.00000000000000000, 7.066904755831209251, -1.649999999999998579 ) ) ;
#1769 = VECTOR ( 'NONE', #1455, 1000.000000000000000 ) ;
#1770 = ORIENTED_EDGE ( 'NONE', *, *, #433, .T. ) ;
#1771 = DIRECTION ( 'NONE',  ( 0.000000000000000000, 0.000000000000000000, -1.000000000000000000 ) ) ;
#1772 = ORIENTED_EDGE ( 'NONE', *, *, #443, .F. ) ;
#1773 = AXIS2_PLACEMENT_3D ( 'NONE', #1840, #2018, #339 ) ;
#1774 = CARTESIAN_POINT ( 'NONE',  ( 0.000000000000000000, 35.39999999999999858, 41.00000000000000000 ) ) ;
#1775 = AXIS2_PLACEMENT_3D ( 'NONE', #1180, #360, #1700 ) ;
#1776 = EDGE_LOOP ( 'NONE', ( #1857, #1321 ) ) ;
#1777 = CARTESIAN_POINT ( 'NONE',  ( 5.449678256205721981E-15, 24.39999999999999858, -44.50000000000000711 ) ) ;
#1778 = CIRCLE ( 'NONE', #2130, 45.00000000000000711 ) ;
#1779 = CARTESIAN_POINT ( 'NONE',  ( -11.31370849898474162, -2.500000000000000000, 11.31370849898478248 ) ) ;
#1780 = EDGE_CURVE ( 'NONE', #1353, #835, #1232, .T. ) ;
#1781 = AXIS2_PLACEMENT_3D ( 'NONE', #537, #2019, #675 ) ;
#1782 = EDGE_LOOP ( 'NONE', ( #1364, #160 ) ) ;
#1783 = ADVANCED_FACE ( 'NONE', ( #1150, #1462, #1341, #665, #2153, #1629, #480, #1318, #617, #146 ), #1976, .T. ) ;
#1784 = EDGE_LOOP ( 'NONE', ( #1249, #1092 ) ) ;
#1785 = DIRECTION ( 'NONE',  ( 0.000000000000000000, 0.000000000000000000, -1.000000000000000000 ) ) ;
#1786 = DIRECTION ( 'NONE',  ( -0.000000000000000000, 1.000000000000000000, -0.000000000000000000 ) ) ;
#1787 = VERTEX_POINT ( 'NONE', #814 ) ;
#1788 = CARTESIAN_POINT ( 'NONE',  ( -16.00000000000000000, 2.399999999999999467, 1.649999999999998579 ) ) ;
#1789 = FACE_BOUND ( 'NONE', #35, .T. ) ;
#1790 = EDGE_LOOP ( 'NONE', ( #1550, #2057, #100, #177 ) ) ;
#1791 = DIRECTION ( 'NONE',  ( -0.000000000000000000, -1.000000000000000000, -0.000000000000000000 ) ) ;
#1792 = CIRCLE ( 'NONE', #1029, 1.649999999999998579 ) ;
#1793 = EDGE_CURVE ( 'NONE', #1545, #2038, #1747, .T. ) ;
#1794 = DIRECTION ( 'NONE',  ( 0.000000000000000000, 0.000000000000000000, 1.000000000000000000 ) ) ;
#1795 = ORIENTED_EDGE ( 'NONE', *, *, #200, .F. ) ;
#1796 = DIRECTION ( 'NONE',  ( 0.000000000000000000, -1.000000000000000000, 0.000000000000000000 ) ) ;
#1797 = CARTESIAN_POINT ( 'NONE',  ( -11.31370849898490150, 2.399999999999999467, -12.96370849898462119 ) ) ;
#1798 = EDGE_LOOP ( 'NONE', ( #328, #2156, #1335, #1723 ) ) ;
#1799 = CARTESIAN_POINT ( 'NONE',  ( 16.00000000000000000, 7.066904755831209251, 1.649999999999887335 ) ) ;
#1800 = VERTEX_POINT ( 'NONE', #492 ) ;
#1801 = DIRECTION ( 'NONE',  ( -0.000000000000000000, 1.000000000000000000, -0.000000000000000000 ) ) ;
#1802 = CARTESIAN_POINT ( 'NONE',  ( 0.000000000000000000, 28.80000000000000071, 0.000000000000000000 ) ) ;
#1803 = APPROVAL_DATE_TIME ( #1503, #2052 ) ;
#1804 = ORIENTED_EDGE ( 'NONE', *, *, #2039, .T. ) ;
#1805 = EDGE_CURVE ( 'NONE', #2089, #45, #1778, .T. ) ;
#1806 = CARTESIAN_POINT ( 'NONE',  ( 0.000000000000000000, 4.600000000000003197, 44.50000000000000711 ) ) ;
#1807 = ADVANCED_FACE ( 'NONE', ( #1002, #1485 ), #2127, .F. ) ;
#1808 = CARTESIAN_POINT ( 'NONE',  ( 0.000000000000000000, 6.800000000000000711, 0.000000000000000000 ) ) ;
#1809 = VERTEX_POINT ( 'NONE', #1797 ) ;
#1810 = LINE ( 'NONE', #1511, #288 ) ;
#1811 = AXIS2_PLACEMENT_3D ( 'NONE', #329, #1473, #318 ) ;
#1812 = EDGE_LOOP ( 'NONE', ( #416, #1069, #2021, #716 ) ) ;
#1813 = DIRECTION ( 'NONE',  ( -0.000000000000000000, 1.000000000000000000, 0.000000000000000000 ) ) ;
#1814 = CARTESIAN_POINT ( 'NONE',  ( 0.000000000000000000, 26.60000000000000142, 44.50000000000000711 ) ) ;
#1815 = AXIS2_PLACEMENT_3D ( 'NONE', #931, #2119, #1942 ) ;
#1816 = PERSON_AND_ORGANIZATION ( #1834, #212 ) ;
#1817 = ORIENTED_EDGE ( 'NONE', *, *, #1818, .F. ) ;
#1818 = EDGE_CURVE ( 'NONE', #607, #1630, #275, .T. ) ;
#1819 = CARTESIAN_POINT ( 'NONE',  ( 0.000000000000000000, 9.000000000000001776, 0.000000000000000000 ) ) ;
#1820 = PRODUCT_DEFINITION ( 'UNKNOWN', '', #1016, #536 ) ;
#1821 = DIRECTION ( 'NONE',  ( -0.000000000000000000, -1.000000000000000000, -0.000000000000000000 ) ) ;
#1822 = ORIENTED_EDGE ( 'NONE', *, *, #1118, .F. ) ;
#1823 = ADVANCED_FACE ( 'NONE', ( #791 ), #1327, .F. ) ;
#1824 = DIRECTION ( 'NONE',  ( -0.000000000000000000, -1.000000000000000000, -0.000000000000000000 ) ) ;
#1825 = ORIENTED_EDGE ( 'NONE', *, *, #352, .T. ) ;
#1826 = CARTESIAN_POINT ( 'NONE',  ( 0.000000000000000000, 31.00000000000000355, 0.000000000000000000 ) ) ;
#1827 = PLANE ( 'NONE',  #450 ) ;
#1828 = ORIENTED_EDGE ( 'NONE', *, *, #1080, .F. ) ;
#1829 = CIRCLE ( 'NONE', #1761, 45.00000000000000711 ) ;
#1830 = AXIS2_PLACEMENT_3D ( 'NONE', #139, #808, #645 ) ;
#1831 = FACE_OUTER_BOUND ( 'NONE', #1766, .T. ) ;
#1832 = CARTESIAN_POINT ( 'NONE',  ( 0.000000000000000000, 2.399999999999999467, 0.000000000000000000 ) ) ;
#1833 = LINE ( 'NONE', #1989, #1108 ) ;
#1834 = PERSON ( 'UNSPECIFIED', 'UNSPECIFIED', 'UNSPECIFIED', ('UNSPECIFIED'), ('UNSPECIFIED'), ('UNSPECIFIED') ) ;
#1835 = LINE ( 'NONE', #474, #363 ) ;
#1836 = DIRECTION ( 'NONE',  ( -0.000000000000000000, -1.000000000000000000, -0.000000000000000000 ) ) ;
#1837 = MECHANICAL_CONTEXT ( 'NONE', #1240, 'mechanical' ) ;
#1838 = VERTEX_POINT ( 'NONE', #651 ) ;
#1839 = VECTOR ( 'NONE', #494, 1000.000000000000000 ) ;
#1840 = CARTESIAN_POINT ( 'NONE',  ( 0.000000000000000000, 35.39999999999999858, 0.000000000000000000 ) ) ;
#1841 = LINE ( 'NONE', #391, #1471 ) ;
#1842 = CARTESIAN_POINT ( 'NONE',  ( 5.510910596163090344E-15, 11.19999999999999751, 45.00000000000000711 ) ) ;
#1843 = ORIENTED_EDGE ( 'NONE', *, *, #73, .T. ) ;
#1844 = CARTESIAN_POINT ( 'NONE',  ( 0.000000000000000000, 15.59999999999999964, 45.00000000000000711 ) ) ;
#1845 = VECTOR ( 'NONE', #1390, 1000.000000000000000 ) ;
#1846 = EDGE_CURVE ( 'NONE', #622, #273, #979, .T. ) ;
#1847 = DIRECTION ( 'NONE',  ( -0.000000000000000000, -1.000000000000000000, -0.000000000000000000 ) ) ;
#1848 = CIRCLE ( 'NONE', #1501, 1.649999999999998579 ) ;
#1849 = ORIENTED_EDGE ( 'NONE', *, *, #518, .T. ) ;
#1850 = EDGE_CURVE ( 'NONE', #2110, #1787, #1160, .T. ) ;
#1851 = AXIS2_PLACEMENT_3D ( 'NONE', #1276, #1109, #1954 ) ;
#1852 = LOCAL_TIME ( 16, 5, 13.00000000000000000, #2003 ) ;
#1853 = CARTESIAN_POINT ( 'NONE',  ( 5.510910596163090344E-15, 2.200000000000021494, 45.00000000000000711 ) ) ;
#1854 = DIRECTION ( 'NONE',  ( 0.000000000000000000, 0.000000000000000000, -1.000000000000000000 ) ) ;
#1855 = DIRECTION ( 'NONE',  ( -0.000000000000000000, -1.000000000000000000, -0.000000000000000000 ) ) ;
#1856 = VECTOR ( 'NONE', #709, 1000.000000000000000 ) ;
#1857 = ORIENTED_EDGE ( 'NONE', *, *, #28, .T. ) ;
#1858 = FACE_OUTER_BOUND ( 'NONE', #941, .T. ) ;
#1859 = CYLINDRICAL_SURFACE ( 'NONE', #1119, 1.649999999999998579 ) ;
#1860 = ORIENTED_EDGE ( 'NONE', *, *, #779, .F. ) ;
#1861 = EDGE_CURVE ( 'NONE', #879, #1944, #211, .T. ) ;
#1862 = ORIENTED_EDGE ( 'NONE', *, *, #1282, .T. ) ;
#1863 = CYLINDRICAL_SURFACE ( 'NONE', #95, 1.649999999999998801 ) ;
#1864 = LINE ( 'NONE', #341, #1199 ) ;
#1865 = DIRECTION ( 'NONE',  ( -0.000000000000000000, 1.000000000000000000, -0.000000000000000000 ) ) ;
#1866 = VECTOR ( 'NONE', #1689, 1000.000000000000000 ) ;
#1867 = ORIENTED_EDGE ( 'NONE', *, *, #1955, .F. ) ;
#1868 = DIRECTION ( 'NONE',  ( -0.000000000000000000, -1.000000000000000000, -0.000000000000000000 ) ) ;
#1869 = DIRECTION ( 'NONE',  ( 0.000000000000000000, 1.000000000000000000, 0.000000000000000000 ) ) ;
#1870 = EDGE_LOOP ( 'NONE', ( #539, #1972 ) ) ;
#1871 = ORIENTED_EDGE ( 'NONE', *, *, #558, .F. ) ;
#1872 = CARTESIAN_POINT ( 'NONE',  ( 0.000000000000000000, 33.20000000000000284, -45.00000000000000711 ) ) ;
#1873 = AXIS2_PLACEMENT_3D ( 'NONE', #279, #1619, #1128 ) ;
#1874 = AXIS2_PLACEMENT_3D ( 'NONE', #182, #1220, #1231 ) ;
#1875 = DIRECTION ( 'NONE',  ( 0.000000000000000000, 0.000000000000000000, 1.000000000000000000 ) ) ;
#1876 = FACE_OUTER_BOUND ( 'NONE', #278, .T. ) ;
#1877 = EDGE_CURVE ( 'NONE', #1838, #1763, #1714, .T. ) ;
#1878 = ORIENTED_EDGE ( 'NONE', *, *, #1350, .F. ) ;
#1879 = PLANE ( 'NONE',  #956 ) ;
#1880 = FACE_OUTER_BOUND ( 'NONE', #1204, .T. ) ;
#1881 = VECTOR ( 'NONE', #975, 1000.000000000000000 ) ;
#1882 = EDGE_LOOP ( 'NONE', ( #1287, #74 ) ) ;
#1883 = AXIS2_PLACEMENT_3D ( 'NONE', #1819, #295, #981 ) ;
#1884 = AXIS2_PLACEMENT_3D ( 'NONE', #1246, #1904, #407 ) ;
#1885 = ORIENTED_EDGE ( 'NONE', *, *, #1527, .T. ) ;
#1886 = DIRECTION ( 'NONE',  ( 0.000000000000000000, 0.000000000000000000, 1.000000000000000000 ) ) ;
#1887 = VECTOR ( 'NONE', #1544, 1000.000000000000114 ) ;
#1888 = EDGE_CURVE ( 'NONE', #91, #1060, #455, .T. ) ;
#1889 = DIRECTION ( 'NONE',  ( -0.000000000000000000, 1.000000000000000000, -0.000000000000000000 ) ) ;
#1890 = CARTESIAN_POINT ( 'NONE',  ( 0.000000000000000000, 17.80000000000000426, 0.000000000000000000 ) ) ;
#1891 = AXIS2_PLACEMENT_3D ( 'NONE', #1219, #1715, #126 ) ;
#1892 = EDGE_CURVE ( 'NONE', #1389, #1252, #1054, .T. ) ;
#1893 = VERTEX_POINT ( 'NONE', #781 ) ;
#1894 = CARTESIAN_POINT ( 'NONE',  ( 0.000000000000000000, 13.40000000000000213, 44.50000000000000711 ) ) ;
#1895 = FACE_OUTER_BOUND ( 'NONE', #721, .T. ) ;
#1896 = ORIENTED_EDGE ( 'NONE', *, *, #751, .T. ) ;
#1897 = ORIENTED_EDGE ( 'NONE', *, *, #175, .T. ) ;
#1898 = DIRECTION ( 'NONE',  ( 0.000000000000000000, 0.000000000000000000, 1.000000000000000000 ) ) ;
#1899 = CARTESIAN_POINT ( 'NONE',  ( 0.000000000000000000, -2.500000000000000000, 0.000000000000000000 ) ) ;
#1900 = CARTESIAN_POINT ( 'NONE',  ( 5.586370142149013368E-14, 7.066904755831209251, 14.35000000000000142 ) ) ;
#1901 = CYLINDRICAL_SURFACE ( 'NONE', #243, 1.649999999999997025 ) ;
#1902 = ORIENTED_EDGE ( 'NONE', *, *, #1915, .T. ) ;
#1903 = CARTESIAN_POINT ( 'NONE',  ( 0.000000000000000000, 26.60000000000000142, 0.000000000000000000 ) ) ;
#1904 = DIRECTION ( 'NONE',  ( -0.000000000000000000, -1.000000000000000000, -0.000000000000000000 ) ) ;
#1905 = EDGE_LOOP ( 'NONE', ( #1200, #251, #849, #29 ) ) ;
#1906 = EDGE_CURVE ( 'NONE', #117, #2094, #1611, .T. ) ;
#1907 = ORIENTED_EDGE ( 'NONE', *, *, #1118, .T. ) ;
#1908 = DIRECTION ( 'NONE',  ( 0.000000000000000000, -1.000000000000000000, 0.000000000000000000 ) ) ;
#1909 = DIRECTION ( 'NONE',  ( 0.000000000000000000, 0.000000000000000000, 1.000000000000000000 ) ) ;
#1910 = VERTEX_POINT ( 'NONE', #708 ) ;
#1911 = CARTESIAN_POINT ( 'NONE',  ( 0.000000000000000000, 0.000000000000000000, 29.74999999999997158 ) ) ;
#1912 = CARTESIAN_POINT ( 'NONE',  ( 11.31370849898482156, -2.500000000000000000, 11.31370849898470077 ) ) ;
#1913 = ADVANCED_FACE ( 'NONE', ( #516 ), #1542, .T. ) ;
#1914 = ORIENTED_EDGE ( 'NONE', *, *, #487, .T. ) ;
#1915 = EDGE_CURVE ( 'NONE', #844, #285, #1233, .T. ) ;
#1916 = ORIENTED_EDGE ( 'NONE', *, *, #1082, .T. ) ;
#1917 = LINE ( 'NONE', #964, #1229 ) ;
#1918 = CONICAL_SURFACE ( 'NONE', #1117, 27.24999999999998224, 0.7853981633974463916 ) ;
#1919 = AXIS2_PLACEMENT_3D ( 'NONE', #554, #1224, #899 ) ;
#1920 = CARTESIAN_POINT ( 'NONE',  ( 0.000000000000000000, 22.19999999999999929, 0.000000000000000000 ) ) ;
#1921 = AXIS2_PLACEMENT_3D ( 'NONE', #121, #2141, #1474 ) ;
#1922 = CONICAL_SURFACE ( 'NONE', #312, 27.24999999999998224, 0.7853981633974463916 ) ;
#1923 = VERTEX_POINT ( 'NONE', #1510 ) ;
#1924 = FACE_BOUND ( 'NONE', #658, .T. ) ;
#1925 = CARTESIAN_POINT ( 'NONE',  ( 0.000000000000000000, 35.39999999999999858, 0.000000000000000000 ) ) ;
#1926 = CARTESIAN_POINT ( 'NONE',  ( -11.31370849898490150, -2.500000000000000000, -11.31370849898462261 ) ) ;
#1927 = ORIENTED_EDGE ( 'NONE', *, *, #950, .T. ) ;
#1928 = CIRCLE ( 'NONE', #145, 1.649999999999998579 ) ;
#1929 = CARTESIAN_POINT ( 'NONE',  ( 5.510910596163090344E-15, 35.39999999999999858, 45.00000000000000711 ) ) ;
#1930 = EDGE_LOOP ( 'NONE', ( #1936, #704 ) ) ;
#1931 = CIRCLE ( 'NONE', #1247, 45.00000000000000711 ) ;
#1932 = DIRECTION ( 'NONE',  ( 0.000000000000000000, -0.000000000000000000, -1.000000000000000000 ) ) ;
#1933 = CIRCLE ( 'NONE', #511, 45.00000000000000711 ) ;
#1934 = FACE_OUTER_BOUND ( 'NONE', #1459, .T. ) ;
#1935 = FACE_OUTER_BOUND ( 'NONE', #2001, .T. ) ;
#1936 = ORIENTED_EDGE ( 'NONE', *, *, #1949, .T. ) ;
#1937 = EDGE_CURVE ( 'NONE', #460, #155, #1841, .T. ) ;
#1938 = DIRECTION ( 'NONE',  ( 0.000000000000000000, 0.000000000000000000, 1.000000000000000000 ) ) ;
#1939 = ORIENTED_EDGE ( 'NONE', *, *, #120, .T. ) ;
#1940 = ADVANCED_FACE ( 'NONE', ( #847 ), #15, .T. ) ;
#1941 = DIRECTION ( 'NONE',  ( -0.000000000000000000, 1.000000000000000000, -0.000000000000000000 ) ) ;
#1942 = DIRECTION ( 'NONE',  ( 0.000000000000000000, 0.000000000000000000, -1.000000000000000000 ) ) ;
#1943 = VECTOR ( 'NONE', #1824, 1000.000000000000000 ) ;
#1944 = VERTEX_POINT ( 'NONE', #1049 ) ;
#1945 = EDGE_LOOP ( 'NONE', ( #1355, #962 ) ) ;
#1946 = AXIS2_PLACEMENT_3D ( 'NONE', #548, #37, #1725 ) ;
#1947 = DIRECTION ( 'NONE',  ( 0.000000000000000000, 0.000000000000000000, -1.000000000000000000 ) ) ;
#1948 = AXIS2_PLACEMENT_3D ( 'NONE', #1802, #1645, #509 ) ;
#1949 = EDGE_CURVE ( 'NONE', #273, #622, #2029, .T. ) ;
#1950 = CARTESIAN_POINT ( 'NONE',  ( 0.000000000000000000, 2.399999999999999467, 0.000000000000000000 ) ) ;
#1951 = ORIENTED_EDGE ( 'NONE', *, *, #2113, .F. ) ;
#1952 = DIRECTION ( 'NONE',  ( -0.000000000000000000, -1.000000000000000000, -0.000000000000000000 ) ) ;
#1953 = AXIS2_PLACEMENT_3D ( 'NONE', #1293, #308, #466 ) ;
#1954 = DIRECTION ( 'NONE',  ( 0.000000000000000000, 0.000000000000000000, 1.000000000000000000 ) ) ;
#1955 = EDGE_CURVE ( 'NONE', #1216, #285, #1864, .T. ) ;
#1956 = APPROVAL_PERSON_ORGANIZATION ( #1191, #2052, #2150 ) ;
#1957 = FACE_BOUND ( 'NONE', #906, .T. ) ;
#1958 = CARTESIAN_POINT ( 'NONE',  ( 5.510910596163090344E-15, 35.39999999999999858, 45.00000000000000711 ) ) ;
#1959 = DIRECTION ( 'NONE',  ( 0.000000000000000000, -0.000000000000000000, 1.000000000000000000 ) ) ;
#1960 = ORIENTED_EDGE ( 'NONE', *, *, #1637, .F. ) ;
#1961 = CARTESIAN_POINT ( 'NONE',  ( -1.675911042644704011E-13, 2.399999999999999467, -15.99999999999999645 ) ) ;
#1962 = DIRECTION ( 'NONE',  ( 0.000000000000000000, -0.000000000000000000, 1.000000000000000000 ) ) ;
#1963 = ORIENTED_EDGE ( 'NONE', *, *, #204, .F. ) ;
#1964 = DIRECTION ( 'NONE',  ( -0.000000000000000000, 1.000000000000000000, -0.000000000000000000 ) ) ;
#1965 = ORIENTED_EDGE ( 'NONE', *, *, #1906, .T. ) ;
#1966 = CARTESIAN_POINT ( 'NONE',  ( -11.31370849898490150, -2.500000000000000000, -12.96370849898462119 ) ) ;
#1967 = CARTESIAN_POINT ( 'NONE',  ( 0.000000000000000000, 31.00000000000000355, 0.000000000000000000 ) ) ;
#1968 = AXIS2_PLACEMENT_3D ( 'NONE', #1644, #1513, #1489 ) ;
#1969 = CIRCLE ( 'NONE', #1031, 1.649999999999997025 ) ;
#1970 = CIRCLE ( 'NONE', #2149, 1.649999999999998579 ) ;
#1971 = DIRECTION ( 'NONE',  ( -0.000000000000000000, -1.000000000000000000, -0.000000000000000000 ) ) ;
#1972 = ORIENTED_EDGE ( 'NONE', *, *, #118, .T. ) ;
#1973 = EDGE_CURVE ( 'NONE', #238, #1664, #1014, .T. ) ;
#1974 = AXIS2_PLACEMENT_3D ( 'NONE', #1498, #1018, #1188 ) ;
#1975 = CARTESIAN_POINT ( 'NONE',  ( 0.000000000000000000, 35.39999999999999858, 0.000000000000000000 ) ) ;
#1976 = PLANE ( 'NONE',  #1995 ) ;
#1977 = ORIENTED_EDGE ( 'NONE', *, *, #394, .T. ) ;
#1978 = CARTESIAN_POINT ( 'NONE',  ( 0.000000000000000000, 17.80000000000000426, 44.50000000000000711 ) ) ;
#1979 = ORIENTED_EDGE ( 'NONE', *, *, #588, .F. ) ;
#1980 = LINE ( 'NONE', #508, #852 ) ;
#1981 = CARTESIAN_POINT ( 'NONE',  ( 0.000000000000000000, 31.00000000000000355, 44.50000000000000711 ) ) ;
#1982 = EDGE_CURVE ( 'NONE', #1408, #1094, #2132, .T. ) ;
#1983 = PERSON_AND_ORGANIZATION ( #1834, #212 ) ;
#1984 = ORIENTED_EDGE ( 'NONE', *, *, #2025, .T. ) ;
#1985 = EDGE_CURVE ( 'NONE', #23, #648, #1230, .T. ) ;
#1986 = FACE_OUTER_BOUND ( 'NONE', #2063, .T. ) ;
#1987 = DIRECTION ( 'NONE',  ( 0.000000000000000000, 0.000000000000000000, 1.000000000000000000 ) ) ;
#1988 = ORIENTED_EDGE ( 'NONE', *, *, #1174, .T. ) ;
#1989 = CARTESIAN_POINT ( 'NONE',  ( 11.31370849898465991, 7.066904755831209251, -9.663708498984860285 ) ) ;
#1990 = VECTOR ( 'NONE', #813, 1000.000000000000000 ) ;
#1991 = AXIS2_PLACEMENT_3D ( 'NONE', #54, #888, #1079 ) ;
#1992 = ORIENTED_EDGE ( 'NONE', *, *, #434, .F. ) ;
#1993 = DIRECTION ( 'NONE',  ( 0.000000000000000000, 0.000000000000000000, 1.000000000000000000 ) ) ;
#1994 = LINE ( 'NONE', #1500, #908 ) ;
#1995 = AXIS2_PLACEMENT_3D ( 'NONE', #1950, #1165, #1962 ) ;
#1996 = VECTOR ( 'NONE', #871, 1000.000000000000000 ) ;
#1997 = DIRECTION ( 'NONE',  ( 0.000000000000000000, 0.000000000000000000, 1.000000000000000000 ) ) ;
#1998 = ADVANCED_FACE ( 'NONE', ( #525 ), #719, .T. ) ;
#1999 = DIRECTION ( 'NONE',  ( -0.000000000000000000, -1.000000000000000000, -0.000000000000000000 ) ) ;
#2000 = CARTESIAN_POINT ( 'NONE',  ( 7.715274834628326364E-16, -2.500000000000000000, 6.300000000000000711 ) ) ;
#2001 = EDGE_LOOP ( 'NONE', ( #1878, #2137 ) ) ;
#2002 = DIRECTION ( 'NONE',  ( 0.000000000000000000, 0.000000000000000000, 1.000000000000000000 ) ) ;
#2003 = COORDINATED_UNIVERSAL_TIME_OFFSET ( 3, 30, .AHEAD. ) ;
#2004 = EDGE_LOOP ( 'NONE', ( #313, #1735, #592, #400 ) ) ;
#2005 = AXIS2_PLACEMENT_3D ( 'NONE', #266, #1941, #249 ) ;
#2006 = CIRCLE ( 'NONE', #1071, 45.00000000000000711 ) ;
#2007 = DIRECTION ( 'NONE',  ( 0.000000000000000000, -1.000000000000000000, 0.000000000000000000 ) ) ;
#2008 = AXIS2_PLACEMENT_3D ( 'NONE', #865, #2058, #30 ) ;
#2009 = EDGE_CURVE ( 'NONE', #705, #1309, #191, .T. ) ;
#2010 = CARTESIAN_POINT ( 'NONE',  ( 0.000000000000000000, 13.39999999999999858, 44.50000000000000711 ) ) ;
#2011 = DIRECTION ( 'NONE',  ( 0.000000000000000000, 0.000000000000000000, 1.000000000000000000 ) ) ;
#2012 = ADVANCED_FACE ( 'NONE', ( #1197 ), #38, .T. ) ;
#2013 = ORIENTED_EDGE ( 'NONE', *, *, #725, .F. ) ;
#2014 = LINE ( 'NONE', #300, #1421 ) ;
#2015 = CARTESIAN_POINT ( 'NONE',  ( 0.000000000000000000, 35.39999999999999858, 0.000000000000000000 ) ) ;
#2016 = APPROVAL ( #2161, 'UNSPECIFIED' ) ;
#2017 = ORIENTED_EDGE ( 'NONE', *, *, #649, .T. ) ;
#2018 = DIRECTION ( 'NONE',  ( -0.000000000000000000, 1.000000000000000000, -0.000000000000000000 ) ) ;
#2019 = DIRECTION ( 'NONE',  ( -0.000000000000000000, -1.000000000000000000, -0.000000000000000000 ) ) ;
#2020 = DIRECTION ( 'NONE',  ( 0.000000000000000000, -1.000000000000000000, 0.000000000000000000 ) ) ;
#2021 = ORIENTED_EDGE ( 'NONE', *, *, #765, .F. ) ;
#2022 = DIRECTION ( 'NONE',  ( -0.000000000000000000, -1.000000000000000000, -0.000000000000000000 ) ) ;
#2023 = VECTOR ( 'NONE', #869, 1000.000000000000000 ) ;
#2024 = DIRECTION ( 'NONE',  ( 0.000000000000000000, 0.000000000000000000, 1.000000000000000000 ) ) ;
#2025 = EDGE_CURVE ( 'NONE', #1398, #1763, #1552, .T. ) ;
#2026 = AXIS2_PLACEMENT_3D ( 'NONE', #1067, #2073, #1732 ) ;
#2027 = EDGE_LOOP ( 'NONE', ( #1419, #1234 ) ) ;
#2028 = VECTOR ( 'NONE', #696, 1000.000000000000000 ) ;
#2029 = CIRCLE ( 'NONE', #1093, 45.00000000000000711 ) ;
#2030 = ORIENTED_EDGE ( 'NONE', *, *, #1350, .T. ) ;
#2031 = CARTESIAN_POINT ( 'NONE',  ( 0.000000000000000000, 4.600000000000003197, 44.50000000000000711 ) ) ;
#2032 = DIRECTION ( 'NONE',  ( 0.000000000000000000, 0.000000000000000000, 1.000000000000000000 ) ) ;
#2033 = CARTESIAN_POINT ( 'NONE',  ( -11.31370849898474162, -2.500000000000000000, 12.96370849898477928 ) ) ;
#2034 = AXIS2_PLACEMENT_3D ( 'NONE', #1920, #72, #760 ) ;
#2035 = ORIENTED_EDGE ( 'NONE', *, *, #443, .T. ) ;
#2036 = DIRECTION ( 'NONE',  ( -0.000000000000000000, 1.000000000000000000, -0.000000000000000000 ) ) ;
#2037 = DIRECTION ( 'NONE',  ( 0.000000000000000000, 0.000000000000000000, 1.000000000000000000 ) ) ;
#2038 = VERTEX_POINT ( 'NONE', #50 ) ;
#2039 = EDGE_CURVE ( 'NONE', #210, #614, #1059, .T. ) ;
#2040 = EDGE_LOOP ( 'NONE', ( #1045, #772, #297, #1586 ) ) ;
#2041 = DIRECTION ( 'NONE',  ( 0.000000000000000000, 0.000000000000000000, 1.000000000000000000 ) ) ;
#2042 = UNCERTAINTY_MEASURE_WITH_UNIT (LENGTH_MEASURE( 1.000000000000000082E-05 ), #1289, 'distance_accuracy_value', 'NONE');
#2043 = DIRECTION ( 'NONE',  ( -0.000000000000000000, -1.000000000000000000, -0.000000000000000000 ) ) ;
#2044 = CARTESIAN_POINT ( 'NONE',  ( 5.510910596163090344E-15, 20.00000000000000000, 45.00000000000000711 ) ) ;
#2045 = EDGE_LOOP ( 'NONE', ( #815, #55 ) ) ;
#2046 = DIRECTION ( 'NONE',  ( 0.000000000000000000, -1.000000000000000000, 0.000000000000000000 ) ) ;
#2047 = CARTESIAN_POINT ( 'NONE',  ( 11.31370849898482156, 2.399999999999999467, 9.663708498984702189 ) ) ;
#2048 = ORIENTED_EDGE ( 'NONE', *, *, #1442, .F. ) ;
#2049 = EDGE_CURVE ( 'NONE', #133, #1744, #532, .T. ) ;
#2050 = ORIENTED_EDGE ( 'NONE', *, *, #1441, .T. ) ;
#2051 = DIRECTION ( 'NONE',  ( -0.000000000000000000, -1.000000000000000000, -0.000000000000000000 ) ) ;
#2052 = APPROVAL ( #485, 'UNSPECIFIED' ) ;
#2053 = EDGE_CURVE ( 'NONE', #338, #440, #1036, .T. ) ;
#2054 = CARTESIAN_POINT ( 'NONE',  ( 0.000000000000000000, 35.39999999999999858, 0.000000000000000000 ) ) ;
#2055 = DIRECTION ( 'NONE',  ( 0.000000000000000000, 0.000000000000000000, 1.000000000000000000 ) ) ;
#2056 = CARTESIAN_POINT ( 'NONE',  ( -16.00000000000000000, -2.500000000000000000, -1.649999999999998579 ) ) ;
#2057 = ORIENTED_EDGE ( 'NONE', *, *, #1388, .F. ) ;
#2058 = DIRECTION ( 'NONE',  ( -0.000000000000000000, -1.000000000000000000, -0.000000000000000000 ) ) ;
#2059 = DIRECTION ( 'NONE',  ( -0.000000000000000000, 1.000000000000000000, -0.000000000000000000 ) ) ;
#2060 = VECTOR ( 'NONE', #557, 1000.000000000000000 ) ;
#2061 = ORIENTED_EDGE ( 'NONE', *, *, #1584, .F. ) ;
#2062 = CIRCLE ( 'NONE', #1011, 6.300000000000000711 ) ;
#2063 = EDGE_LOOP ( 'NONE', ( #1701, #954, #2142, #104 ) ) ;
#2064 = FACE_OUTER_BOUND ( 'NONE', #2117, .T. ) ;
#2065 = CIRCLE ( 'NONE', #2, 45.00000000000000711 ) ;
#2066 = CARTESIAN_POINT ( 'NONE',  ( 0.000000000000000000, 28.80000000000000071, 45.00000000000000711 ) ) ;
#2067 = ADVANCED_FACE ( 'NONE', ( #549 ), #1269, .T. ) ;
#2068 = DIRECTION ( 'NONE',  ( -0.000000000000000000, 1.000000000000000000, -0.000000000000000000 ) ) ;
#2069 = CARTESIAN_POINT ( 'NONE',  ( 0.000000000000000000, 33.20000000000000284, 44.50000000000000711 ) ) ;
#2070 = ORIENTED_EDGE ( 'NONE', *, *, #1937, .F. ) ;
#2071 = ADVANCED_FACE ( 'NONE', ( #1562 ), #953, .F. ) ;
#2072 = CARTESIAN_POINT ( 'NONE',  ( 5.449678256205721981E-15, 22.20000000000000284, -44.50000000000000711 ) ) ;
#2073 = DIRECTION ( 'NONE',  ( -0.000000000000000000, -1.000000000000000000, -0.000000000000000000 ) ) ;
#2074 = VERTEX_POINT ( 'NONE', #1470 ) ;
#2075 = ORIENTED_EDGE ( 'NONE', *, *, #1178, .F. ) ;
#2076 = LINE ( 'NONE', #69, #1365 ) ;
#2077 = CARTESIAN_POINT ( 'NONE',  ( 5.586370142149013368E-14, -2.500000000000000000, 14.35000000000000142 ) ) ;
#2078 = EDGE_CURVE ( 'NONE', #1944, #607, #624, .T. ) ;
#2079 = VECTOR ( 'NONE', #1308, 1000.000000000000000 ) ;
#2080 = EDGE_LOOP ( 'NONE', ( #618, #2122, #1591, #1226 ) ) ;
#2081 = CARTESIAN_POINT ( 'NONE',  ( 0.000000000000000000, 35.39999999999999858, 44.50000000000000711 ) ) ;
#2082 = PLANE ( 'NONE',  #1609 ) ;
#2083 = EDGE_CURVE ( 'NONE', #1744, #133, #137, .T. ) ;
#2084 = EDGE_LOOP ( 'NONE', ( #1825, #1346 ) ) ;
#2085 = ORIENTED_EDGE ( 'NONE', *, *, #558, .T. ) ;
#2086 = FACE_OUTER_BOUND ( 'NONE', #1422, .T. ) ;
#2087 = DIRECTION ( 'NONE',  ( 0.000000000000000000, 0.000000000000000000, 1.000000000000000000 ) ) ;
#2088 = CIRCLE ( 'NONE', #428, 45.00000000000000711 ) ;
#2089 = VERTEX_POINT ( 'NONE', #58 ) ;
#2090 = DIRECTION ( 'NONE',  ( 0.000000000000000000, 0.000000000000000000, 1.000000000000000000 ) ) ;
#2091 = DIRECTION ( 'NONE',  ( 0.000000000000000000, 0.000000000000000000, 1.000000000000000000 ) ) ;
#2092 = ORIENTED_EDGE ( 'NONE', *, *, #178, .F. ) ;
#2093 = EDGE_CURVE ( 'NONE', #1739, #155, #1440, .T. ) ;
#2094 = VERTEX_POINT ( 'NONE', #2136 ) ;
#2095 = DIRECTION ( 'NONE',  ( -0.000000000000000000, -1.000000000000000000, -0.000000000000000000 ) ) ;
#2096 = CARTESIAN_POINT ( 'NONE',  ( 0.000000000000000000, 35.39999999999999858, 0.000000000000000000 ) ) ;
#2097 = VECTOR ( 'NONE', #1686, 1000.000000000000000 ) ;
#2098 = ORIENTED_EDGE ( 'NONE', *, *, #47, .T. ) ;
#2099 = CARTESIAN_POINT ( 'NONE',  ( 0.000000000000000000, -2.500000000000000000, 0.000000000000000000 ) ) ;
#2100 = DIRECTION ( 'NONE',  ( 0.000000000000000000, -1.000000000000000000, 0.000000000000000000 ) ) ;
#2101 = CARTESIAN_POINT ( 'NONE',  ( 0.000000000000000000, 9.000000000000001776, 0.000000000000000000 ) ) ;
#2102 = ADVANCED_FACE ( 'NONE', ( #1935, #786 ), #1403, .F. ) ;
#2103 = FACE_OUTER_BOUND ( 'NONE', #1451, .T. ) ;
#2104 = ORIENTED_EDGE ( 'NONE', *, *, #80, .F. ) ;
#2105 = AXIS2_PLACEMENT_3D ( 'NONE', #1746, #247, #110 ) ;
#2106 = AXIS2_PLACEMENT_3D ( 'NONE', #2096, #1737, #1947 ) ;
#2107 = CARTESIAN_POINT ( 'NONE',  ( 0.000000000000000000, 35.39999999999999858, 0.000000000000000000 ) ) ;
#2108 = ORIENTED_EDGE ( 'NONE', *, *, #859, .F. ) ;
#2109 = CARTESIAN_POINT ( 'NONE',  ( 16.00000000000000000, 2.399999999999999467, -1.117274028429802674E-13 ) ) ;
#2110 = VERTEX_POINT ( 'NONE', #1313 ) ;
#2111 = CARTESIAN_POINT ( 'NONE',  ( -1.675911042644704011E-13, 7.066904755831209251, -15.99999999999999645 ) ) ;
#2112 = ORIENTED_EDGE ( 'NONE', *, *, #1280, .T. ) ;
#2113 = EDGE_CURVE ( 'NONE', #1151, #1017, #1648, .T. ) ;
#2114 = CARTESIAN_POINT ( 'NONE',  ( 0.000000000000000000, 28.80000000000000071, -45.00000000000000711 ) ) ;
#2115 = ADVANCED_FACE ( 'NONE', ( #116, #573 ), #261, .T. ) ;
#2116 = DIRECTION ( 'NONE',  ( 0.000000000000000000, 1.000000000000000000, 0.000000000000000000 ) ) ;
#2117 = EDGE_LOOP ( 'NONE', ( #587, #1560, #1120, #40 ) ) ;
#2118 = LINE ( 'NONE', #457, #1221 ) ;
#2119 = DIRECTION ( 'NONE',  ( -0.000000000000000000, -1.000000000000000000, -0.000000000000000000 ) ) ;
#2120 = DIRECTION ( 'NONE',  ( -0.000000000000000000, 1.000000000000000000, -0.000000000000000000 ) ) ;
#2121 = DIRECTION ( 'NONE',  ( 0.000000000000000000, 1.000000000000000000, 0.000000000000000000 ) ) ;
#2122 = ORIENTED_EDGE ( 'NONE', *, *, #1134, .T. ) ;
#2123 = AXIS2_PLACEMENT_3D ( 'NONE', #432, #441, #1113 ) ;
#2124 = DIRECTION ( 'NONE',  ( -0.000000000000000000, -1.000000000000000000, -0.000000000000000000 ) ) ;
#2125 = AXIS2_PLACEMENT_3D ( 'NONE', #565, #745, #1396 ) ;
#2126 = ADVANCED_FACE ( 'NONE', ( #933, #799 ), #1450, .F. ) ;
#2127 = PLANE ( 'NONE',  #1953 ) ;
#2128 = EDGE_LOOP ( 'NONE', ( #691, #362 ) ) ;
#2129 = DIRECTION ( 'NONE',  ( 0.000000000000000000, 0.000000000000000000, -1.000000000000000000 ) ) ;
#2130 = AXIS2_PLACEMENT_3D ( 'NONE', #1808, #1786, #2164 ) ;
#2131 = CARTESIAN_POINT ( 'NONE',  ( 0.000000000000000000, 4.600000000000003197, -45.00000000000000711 ) ) ;
#2132 = CIRCLE ( 'NONE', #1614, 44.50000000000000711 ) ;
#2133 = ADVANCED_FACE ( 'NONE', ( #2103 ), #1922, .T. ) ;
#2134 = DIRECTION ( 'NONE',  ( -0.000000000000000000, -1.000000000000000000, -0.000000000000000000 ) ) ;
#2135 = DIRECTION ( 'NONE',  ( -0.000000000000000000, 1.000000000000000000, -0.000000000000000000 ) ) ;
#2136 = CARTESIAN_POINT ( 'NONE',  ( 0.000000000000000000, 2.399999999999999467, 41.00000000000000000 ) ) ;
#2137 = ORIENTED_EDGE ( 'NONE', *, *, #73, .F. ) ;
#2138 = CIRCLE ( 'NONE', #1203, 41.00000000000000000 ) ;
#2139 = CARTESIAN_POINT ( 'NONE',  ( 11.31370849898482156, 7.066904755831209251, 11.31370849898470077 ) ) ;
#2140 = AXIS2_PLACEMENT_3D ( 'NONE', #1075, #616, #905 ) ;
#2141 = DIRECTION ( 'NONE',  ( 0.000000000000000000, -1.000000000000000000, 0.000000000000000000 ) ) ;
#2142 = ORIENTED_EDGE ( 'NONE', *, *, #1595, .T. ) ;
#2143 = CARTESIAN_POINT ( 'NONE',  ( 5.510910596163090344E-15, 15.59999999999999964, 45.00000000000000711 ) ) ;
#2144 = CIRCLE ( 'NONE', #540, 44.50000000000000711 ) ;
#2145 = EDGE_CURVE ( 'NONE', #761, #1060, #2065, .T. ) ;
#2146 = DIRECTION ( 'NONE',  ( -0.000000000000000000, -1.000000000000000000, -0.000000000000000000 ) ) ;
#2147 = CARTESIAN_POINT ( 'NONE',  ( 0.000000000000000000, 28.80000000000000071, 0.000000000000000000 ) ) ;
#2148 = EDGE_CURVE ( 'NONE', #1073, #1838, #606, .T. ) ;
#2149 = AXIS2_PLACEMENT_3D ( 'NONE', #541, #2046, #1223 ) ;
#2150 = APPROVAL_ROLE ( '' ) ;
#2151 = EDGE_LOOP ( 'NONE', ( #738, #1211, #963, #1871 ) ) ;
#2152 = CARTESIAN_POINT ( 'NONE',  ( 0.000000000000000000, 20.21909088590100367, 0.000000000000000000 ) ) ;
#2153 = FACE_BOUND ( 'NONE', #811, .T. ) ;
#2154 = ORIENTED_EDGE ( 'NONE', *, *, #1106, .F. ) ;
#2155 = CARTESIAN_POINT ( 'NONE',  ( 5.586370142149013368E-14, 2.399999999999999467, 16.00000000000000000 ) ) ;
#2156 = ORIENTED_EDGE ( 'NONE', *, *, #1283, .T. ) ;
#2157 = CARTESIAN_POINT ( 'NONE',  ( 5.510910596163090344E-15, 28.80000000000000071, 45.00000000000000711 ) ) ;
#2158 = CIRCLE ( 'NONE', #1296, 44.50000000000000711 ) ;
#2159 = FACE_BOUND ( 'NONE', #764, .T. ) ;
#2160 = ADVANCED_FACE ( 'NONE', ( #93 ), #777, .F. ) ;
#2161 = APPROVAL_STATUS ( 'not_yet_approved' ) ;
#2162 = ORIENTED_EDGE ( 'NONE', *, *, #874, .T. ) ;
#2163 = CARTESIAN_POINT ( 'NONE',  ( 0.000000000000000000, 22.19999999999999929, 0.000000000000000000 ) ) ;
#2164 = DIRECTION ( 'NONE',  ( 0.000000000000000000, 0.000000000000000000, 1.000000000000000000 ) ) ;
#2165 = DIRECTION ( 'NONE',  ( 0.000000000000000000, -1.000000000000000000, 0.000000000000000000 ) ) ;
#2166 = CIRCLE ( 'NONE', #1775, 1.649999999999998801 ) ;
#2167 = AXIS2_PLACEMENT_3D ( 'NONE', #637, #1791, #1074 ) ;
#2168 = EDGE_LOOP ( 'NONE', ( #2092, #228, #81, #221 ) ) ;
#2169 = CYLINDRICAL_SURFACE ( 'NONE', #1137, 44.50000000000000711 ) ;
#2170 = FACE_OUTER_BOUND ( 'NONE', #2040, .T. ) ;
#2171 = CONICAL_SURFACE ( 'NONE', #1576, 45.00000000000000711, 0.7853981633974514986 ) ;
ENDSEC;
END-ISO-10303-21;
