ISO-10303-21;
HEADER;
FILE_DESCRIPTION (( 'STEP AP203' ),
    '1' );
FILE_NAME ('Link2LShapeConnectorUpper_Default_sldprt.STEP',
    '2026-07-31T10:19:01',
    ( '' ),
    ( '' ),
    'SwSTEP 2.0',
    'SolidWorks 2025',
    '' );
FILE_SCHEMA (( 'CONFIG_CONTROL_DESIGN' ));
ENDSEC;

DATA;
#1 = DIRECTION ( 'NONE',  ( 0.000000000000000000, 0.000000000000000000, 1.000000000000000000 ) ) ;
#2 = EDGE_CURVE ( 'NONE', #961, #997, #212, .T. ) ;
#3 = ORIENTED_EDGE ( 'NONE', *, *, #410, .T. ) ;
#4 = FACE_OUTER_BOUND ( 'NONE', #443, .T. ) ;
#5 = EDGE_CURVE ( 'NONE', #121, #698, #1494, .T. ) ;
#6 = LINE ( 'NONE', #641, #42 ) ;
#7 = ORIENTED_EDGE ( 'NONE', *, *, #1071, .T. ) ;
#8 = VERTEX_POINT ( 'NONE', #735 ) ;
#9 = CIRCLE ( 'NONE', #561, 2.099999999999999645 ) ;
#10 = ORIENTED_EDGE ( 'NONE', *, *, #1608, .F. ) ;
#11 = ADVANCED_FACE ( 'NONE', ( #1302 ), #288, .F. ) ;
#12 = COORDINATED_UNIVERSAL_TIME_OFFSET ( 3, 30, .AHEAD. ) ;
#13 = DIRECTION ( 'NONE',  ( 0.000000000000000000, 1.000000000000000000, 0.000000000000000000 ) ) ;
#14 = VECTOR ( 'NONE', #1087, 1000.000000000000000 ) ;
#15 = CARTESIAN_POINT ( 'NONE',  ( 34.64101615137754209, 20.00000000000000000, 20.00000000000001421 ) ) ;
#16 = VERTEX_POINT ( 'NONE', #1527 ) ;
#17 = ORIENTED_EDGE ( 'NONE', *, *, #993, .T. ) ;
#18 = EDGE_CURVE ( 'NONE', #204, #346, #35, .T. ) ;
#19 = ORIENTED_EDGE ( 'NONE', *, *, #1138, .F. ) ;
#20 = EDGE_CURVE ( 'NONE', #202, #266, #900, .T. ) ;
#21 = CARTESIAN_POINT ( 'NONE',  ( -37.00000000000000000, 20.00000000000000000, 10.00000000000000000 ) ) ;
#22 = EDGE_CURVE ( 'NONE', #1088, #1430, #149, .T. ) ;
#23 = EDGE_LOOP ( 'NONE', ( #786, #451, #94, #773 ) ) ;
#24 = FACE_OUTER_BOUND ( 'NONE', #148, .T. ) ;
#25 = CARTESIAN_POINT ( 'NONE',  ( 0.000000000000000000, -56.64803615307418028, 0.000000000000000000 ) ) ;
#26 = EDGE_LOOP ( 'NONE', ( #324, #63, #1239, #77 ) ) ;
#27 = EDGE_LOOP ( 'NONE', ( #1329, #530, #1471, #46 ) ) ;
#28 = FACE_OUTER_BOUND ( 'NONE', #434, .T. ) ;
#29 = DATE_AND_TIME ( #1002, #1493 ) ;
#30 = PLANE ( 'NONE',  #275 ) ;
#31 = ORIENTED_EDGE ( 'NONE', *, *, #502, .F. ) ;
#32 = ORIENTED_EDGE ( 'NONE', *, *, #107, .F. ) ;
#33 = CARTESIAN_POINT ( 'NONE',  ( 90.00000000000000000, -56.64803615307418028, 9.999999999999998224 ) ) ;
#34 = AXIS2_PLACEMENT_3D ( 'NONE', #674, #142, #1183 ) ;
#35 = LINE ( 'NONE', #788, #901 ) ;
#36 = COORDINATED_UNIVERSAL_TIME_OFFSET ( 3, 30, .AHEAD. ) ;
#37 = ORIENTED_EDGE ( 'NONE', *, *, #502, .T. ) ;
#38 = CARTESIAN_POINT ( 'NONE',  ( 21.00000000000000000, 0.000000000000000000, 2.100000000000000533 ) ) ;
#40 = CYLINDRICAL_SURFACE ( 'NONE', #1607, 9.750000000000000000 ) ;
#39 = DIRECTION ( 'NONE',  ( -6.267179617026058410E-17, 0.000000000000000000, 1.000000000000000000 ) ) ;
#41 = EDGE_CURVE ( 'NONE', #57, #908, #176, .T. ) ;
#42 = VECTOR ( 'NONE', #1109, 1000.000000000000000 ) ;
#43 = ORIENTED_EDGE ( 'NONE', *, *, #1338, .F. ) ;
#44 = DIRECTION ( 'NONE',  ( 0.000000000000000000, 1.000000000000000000, 0.000000000000000000 ) ) ;
#45 = FACE_OUTER_BOUND ( 'NONE', #1508, .T. ) ;
#46 = ORIENTED_EDGE ( 'NONE', *, *, #360, .F. ) ;
#47 = DIRECTION ( 'NONE',  ( 0.000000000000000000, 1.000000000000000000, 0.000000000000000000 ) ) ;
#48 = CARTESIAN_POINT ( 'NONE',  ( -7.306393228788485917E-14, -5.939696961967007027, 18.89999999999999858 ) ) ;
#49 = DIRECTION ( 'NONE',  ( -0.000000000000000000, 1.000000000000000000, -0.000000000000000000 ) ) ;
#50 = ORIENTED_EDGE ( 'NONE', *, *, #231, .F. ) ;
#51 = CARTESIAN_POINT ( 'NONE',  ( 90.00000000000000000, 0.000000000000000000, 9.999999999999998224 ) ) ;
#52 = DIRECTION ( 'NONE',  ( 0.000000000000000000, 0.000000000000000000, 1.000000000000000000 ) ) ;
#53 = DIRECTION ( 'NONE',  ( 0.000000000000000000, 0.000000000000000000, 1.000000000000000000 ) ) ;
#54 = ORIENTED_EDGE ( 'NONE', *, *, #90, .F. ) ;
#55 = DIRECTION ( 'NONE',  ( 0.000000000000000000, 0.000000000000000000, 1.000000000000000000 ) ) ;
#56 = DIRECTION ( 'NONE',  ( -0.000000000000000000, 1.000000000000000000, -0.000000000000000000 ) ) ;
#57 = VERTEX_POINT ( 'NONE', #893 ) ;
#58 = ORIENTED_EDGE ( 'NONE', *, *, #1113, .T. ) ;
#59 = DIRECTION ( 'NONE',  ( 0.000000000000000000, 0.000000000000000000, 1.000000000000000000 ) ) ;
#60 = EDGE_CURVE ( 'NONE', #975, #1288, #1222, .T. ) ;
#61 = VERTEX_POINT ( 'NONE', #1174 ) ;
#62 = VECTOR ( 'NONE', #582, 1000.000000000000000 ) ;
#63 = ORIENTED_EDGE ( 'NONE', *, *, #1290, .T. ) ;
#64 = DIRECTION ( 'NONE',  ( -0.000000000000000000, -1.000000000000000000, -0.000000000000000000 ) ) ;
#65 = CARTESIAN_POINT ( 'NONE',  ( -80.25000000000000000, 20.00000000000000000, 20.00000000000001066 ) ) ;
#66 = FACE_OUTER_BOUND ( 'NONE', #430, .T. ) ;
#67 = AXIS2_PLACEMENT_3D ( 'NONE', #1233, #978, #1003 ) ;
#68 = ORIENTED_EDGE ( 'NONE', *, *, #1150, .F. ) ;
#69 = DIRECTION ( 'NONE',  ( 0.000000000000000000, 0.000000000000000000, 1.000000000000000000 ) ) ;
#70 = CARTESIAN_POINT ( 'NONE',  ( 0.000000000000000000, 20.00000000000000000, 0.000000000000000000 ) ) ;
#71 = VECTOR ( 'NONE', #953, 1000.000000000000000 ) ;
#72 = CYLINDRICAL_SURFACE ( 'NONE', #91, 2.100000000000002753 ) ;
#73 = CARTESIAN_POINT ( 'NONE',  ( -14.64101615137753321, 0.000000000000000000, 60.00000000000003553 ) ) ;
#74 = LINE ( 'NONE', #1444, #1469 ) ;
#75 = ADVANCED_FACE ( 'NONE', ( #1512 ), #1144, .F. ) ;
#76 = DIRECTION ( 'NONE',  ( -0.000000000000000000, 0.000000000000000000, 1.000000000000000000 ) ) ;
#77 = ORIENTED_EDGE ( 'NONE', *, *, #22, .F. ) ;
#78 = CYLINDRICAL_SURFACE ( 'NONE', #1351, 2.100000000000000977 ) ;
#79 = CARTESIAN_POINT ( 'NONE',  ( 37.00000000000000000, -56.64803615307418028, -10.00000000000000000 ) ) ;
#80 = DIRECTION ( 'NONE',  ( 0.000000000000000000, 0.000000000000000000, 1.000000000000000000 ) ) ;
#81 = EDGE_CURVE ( 'NONE', #1583, #1142, #405, .T. ) ;
#82 = ORIENTED_EDGE ( 'NONE', *, *, #705, .F. ) ;
#83 = LINE ( 'NONE', #1441, #1231 ) ;
#84 = ORIENTED_EDGE ( 'NONE', *, *, #1051, .F. ) ;
#85 = LINE ( 'NONE', #1335, #823 ) ;
#86 = CARTESIAN_POINT ( 'NONE',  ( -90.00000000000000000, 0.000000000000000000, -19.99999999999998224 ) ) ;
#87 = CARTESIAN_POINT ( 'NONE',  ( -34.64101615137754209, 20.00000000000000000, 20.00000000000001421 ) ) ;
#88 = DIRECTION ( 'NONE',  ( 1.000000000000000000, -0.000000000000000000, -3.273063162220390942E-17 ) ) ;
#89 = PLANE ( 'NONE',  #721 ) ;
#90 = EDGE_CURVE ( 'NONE', #1088, #1528, #904, .T. ) ;
#91 = AXIS2_PLACEMENT_3D ( 'NONE', #1066, #464, #941 ) ;
#92 = CIRCLE ( 'NONE', #113, 2.100000000000002753 ) ;
#93 = DIRECTION ( 'NONE',  ( 0.000000000000000000, 0.000000000000000000, 1.000000000000000000 ) ) ;
#94 = ORIENTED_EDGE ( 'NONE', *, *, #1367, .F. ) ;
#95 = CARTESIAN_POINT ( 'NONE',  ( 2.199633243471174140E-13, 20.00000000000000000, -20.99999999999999645 ) ) ;
#96 = AXIS2_PLACEMENT_3D ( 'NONE', #880, #13, #398 ) ;
#97 = FACE_BOUND ( 'NONE', #1552, .T. ) ;
#98 = CARTESIAN_POINT ( 'NONE',  ( -37.00000000000000000, -56.64803615307418028, -10.00000000000000000 ) ) ;
#99 = CARTESIAN_POINT ( 'NONE',  ( 90.00000000000000000, 20.00000000000000000, 20.00000000000001066 ) ) ;
#100 = ORIENTED_EDGE ( 'NONE', *, *, #81, .F. ) ;
#101 = FACE_BOUND ( 'NONE', #1382, .T. ) ;
#102 = ORIENTED_EDGE ( 'NONE', *, *, #1466, .T. ) ;
#103 = PLANE ( 'NONE',  #712 ) ;
#104 = LINE ( 'NONE', #221, #493 ) ;
#105 = EDGE_CURVE ( 'NONE', #1577, #1503, #1198, .T. ) ;
#106 = AXIS2_PLACEMENT_3D ( 'NONE', #533, #660, #53 ) ;
#107 = EDGE_CURVE ( 'NONE', #578, #877, #272, .T. ) ;
#108 = DIRECTION ( 'NONE',  ( 0.000000000000000000, 0.000000000000000000, -1.000000000000000000 ) ) ;
#109 = DIRECTION ( 'NONE',  ( 0.000000000000000000, -0.000000000000000000, 1.000000000000000000 ) ) ;
#110 = DIRECTION ( 'NONE',  ( -0.000000000000000000, 1.000000000000000000, -0.000000000000000000 ) ) ;
#111 = AXIS2_PLACEMENT_3D ( 'NONE', #1592, #936, #157 ) ;
#112 = CIRCLE ( 'NONE', #1014, 9.750000000000000000 ) ;
#113 = AXIS2_PLACEMENT_3D ( 'NONE', #628, #805, #1072 ) ;
#114 = VECTOR ( 'NONE', #444, 1000.000000000000000 ) ;
#115 = AXIS2_PLACEMENT_3D ( 'NONE', #976, #387, #504 ) ;
#116 = CARTESIAN_POINT ( 'NONE',  ( 80.25000000000000000, 20.00000000000000000, -10.24999999999998401 ) ) ;
#117 =( NAMED_UNIT ( * ) SI_UNIT ( $, .STERADIAN. ) SOLID_ANGLE_UNIT ( ) );
#118 = CARTESIAN_POINT ( 'NONE',  ( 0.000000000000000000, 20.00000000000000000, 0.000000000000000000 ) ) ;
#119 = EDGE_CURVE ( 'NONE', #1593, #121, #1223, .T. ) ;
#120 = EDGE_CURVE ( 'NONE', #376, #346, #1139, .T. ) ;
#121 = VERTEX_POINT ( 'NONE', #540 ) ;
#122 = CARTESIAN_POINT ( 'NONE',  ( 2.199633243471174140E-13, 20.00000000000000000, -20.99999999999999645 ) ) ;
#123 = DIRECTION ( 'NONE',  ( 1.000000000000000000, -0.000000000000000000, 3.273063162220390942E-17 ) ) ;
#124 = ORIENTED_EDGE ( 'NONE', *, *, #1290, .F. ) ;
#125 = DIRECTION ( 'NONE',  ( 0.000000000000000000, 1.000000000000000000, 0.000000000000000000 ) ) ;
#126 = AXIS2_PLACEMENT_3D ( 'NONE', #1135, #158, #1395 ) ;
#127 = ORIENTED_EDGE ( 'NONE', *, *, #1090, .T. ) ;
#128 = CYLINDRICAL_SURFACE ( 'NONE', #335, 2.099999999999997868 ) ;
#129 = ORIENTED_EDGE ( 'NONE', *, *, #899, .F. ) ;
#130 = APPLICATION_CONTEXT ( 'configuration controlled 3d designs of mechanical parts and assemblies' ) ;
#131 = APPROVAL_DATE_TIME ( #29, #461 ) ;
#132 = DIRECTION ( 'NONE',  ( -0.000000000000000000, 1.000000000000000000, -0.000000000000000000 ) ) ;
#133 = CARTESIAN_POINT ( 'NONE',  ( 21.00000000000000000, 20.00000000000000000, 0.000000000000000000 ) ) ;
#134 = PLANE ( 'NONE',  #882 ) ;
#135 = ADVANCED_FACE ( 'NONE', ( #28 ), #1537, .F. ) ;
#136 = FACE_BOUND ( 'NONE', #1418, .T. ) ;
#137 = ORIENTED_EDGE ( 'NONE', *, *, #352, .T. ) ;
#138 = VERTEX_POINT ( 'NONE', #1283 ) ;
#139 = ADVANCED_FACE ( 'NONE', ( #168 ), #1048, .T. ) ;
#140 = DIRECTION ( 'NONE',  ( 0.000000000000000000, 0.000000000000000000, -1.000000000000000000 ) ) ;
#141 = AXIS2_PLACEMENT_3D ( 'NONE', #802, #1191, #76 ) ;
#142 = DIRECTION ( 'NONE',  ( -1.000000000000000000, 0.000000000000000000, 0.000000000000000000 ) ) ;
#143 = ORIENTED_EDGE ( 'NONE', *, *, #626, .T. ) ;
#144 = AXIS2_PLACEMENT_3D ( 'NONE', #373, #1356, #727 ) ;
#145 = DIRECTION ( 'NONE',  ( -0.000000000000000000, 1.000000000000000000, -0.000000000000000000 ) ) ;
#146 = AXIS2_PLACEMENT_3D ( 'NONE', #322, #801, #197 ) ;
#147 = VERTEX_POINT ( 'NONE', #677 ) ;
#148 = EDGE_LOOP ( 'NONE', ( #129, #186, #254, #1556 ) ) ;
#149 = LINE ( 'NONE', #645, #1105 ) ;
#150 = DIRECTION ( 'NONE',  ( 0.000000000000000000, 0.000000000000000000, 1.000000000000000000 ) ) ;
#151 = ORIENTED_EDGE ( 'NONE', *, *, #1299, .T. ) ;
#152 = EDGE_CURVE ( 'NONE', #1405, #252, #237, .T. ) ;
#153 = CARTESIAN_POINT ( 'NONE',  ( -37.00000000000000000, 0.000000000000000000, 10.00000000000000000 ) ) ;
#154 = VECTOR ( 'NONE', #669, 1000.000000000000000 ) ;
#155 = EDGE_LOOP ( 'NONE', ( #479, #1328, #1050, #1370 ) ) ;
#156 = ORIENTED_EDGE ( 'NONE', *, *, #311, .F. ) ;
#157 = DIRECTION ( 'NONE',  ( 0.000000000000000000, 0.000000000000000000, 1.000000000000000000 ) ) ;
#158 = DIRECTION ( 'NONE',  ( 0.000000000000000000, 1.000000000000000000, 0.000000000000000000 ) ) ;
#159 = DATE_TIME_ROLE ( 'classification_date' ) ;
#160 = EDGE_CURVE ( 'NONE', #1452, #1422, #85, .T. ) ;
#161 = ADVANCED_FACE ( 'NONE', ( #1075 ), #78, .F. ) ;
#163 = CARTESIAN_POINT ( 'NONE',  ( 34.64101615137754209, 20.00000000000000000, 20.00000000000001421 ) ) ;
#162 = LINE ( 'NONE', #432, #990 ) ;
#164 = EDGE_CURVE ( 'NONE', #252, #1405, #1247, .T. ) ;
#165 = ORIENTED_EDGE ( 'NONE', *, *, #1481, .T. ) ;
#166 = CARTESIAN_POINT ( 'NONE',  ( 0.000000000000000000, 0.000000000000000000, 0.000000000000000000 ) ) ;
#167 = ORIENTED_EDGE ( 'NONE', *, *, #1299, .F. ) ;
#168 = FACE_OUTER_BOUND ( 'NONE', #668, .T. ) ;
#169 = AXIS2_PLACEMENT_3D ( 'NONE', #116, #980, #108 ) ;
#170 = ORIENTED_EDGE ( 'NONE', *, *, #792, .T. ) ;
#171 = VECTOR ( 'NONE', #1326, 1000.000000000000000 ) ;
#172 = CARTESIAN_POINT ( 'NONE',  ( -34.64101615137754209, 20.00000000000000000, 40.00000000000002842 ) ) ;
#173 = ORIENTED_EDGE ( 'NONE', *, *, #1421, .F. ) ;
#174 = EDGE_CURVE ( 'NONE', #1179, #889, #328, .T. ) ;
#175 = DIRECTION ( 'NONE',  ( -0.000000000000000000, -1.000000000000000000, -0.000000000000000000 ) ) ;
#176 = LINE ( 'NONE', #1520, #1001 ) ;
#177 = ORIENTED_EDGE ( 'NONE', *, *, #1560, .T. ) ;
#178 = EDGE_CURVE ( 'NONE', #257, #1452, #871, .T. ) ;
#179 = CYLINDRICAL_SURFACE ( 'NONE', #1550, 2.099999999999999645 ) ;
#180 = CARTESIAN_POINT ( 'NONE',  ( 0.000000000000000000, 20.00000000000000000, 16.00000000000000000 ) ) ;
#181 = EDGE_CURVE ( 'NONE', #61, #568, #809, .T. ) ;
#182 = ORIENTED_EDGE ( 'NONE', *, *, #462, .F. ) ;
#183 = LINE ( 'NONE', #326, #649 ) ;
#184 = ORIENTED_EDGE ( 'NONE', *, *, #638, .F. ) ;
#185 = DIRECTION ( 'NONE',  ( 0.000000000000000000, 0.000000000000000000, 1.000000000000000000 ) ) ;
#186 = ORIENTED_EDGE ( 'NONE', *, *, #1221, .T. ) ;
#187 = DIRECTION ( 'NONE',  ( -0.000000000000000000, 1.000000000000000000, -0.000000000000000000 ) ) ;
#188 = DIRECTION ( 'NONE',  ( -0.000000000000000000, 1.000000000000000000, -0.000000000000000000 ) ) ;
#189 = ORIENTED_EDGE ( 'NONE', *, *, #1115, .F. ) ;
#190 = EDGE_CURVE ( 'NONE', #1452, #61, #1187, .T. ) ;
#191 = CARTESIAN_POINT ( 'NONE',  ( -90.00000000000000000, 20.00000000000000000, -10.24999999999998401 ) ) ;
#192 = FACE_OUTER_BOUND ( 'NONE', #27, .T. ) ;
#193 = EDGE_LOOP ( 'NONE', ( #54, #551 ) ) ;
#194 = DIRECTION ( 'NONE',  ( 1.000000000000000000, -0.000000000000000000, -4.006172263299092887E-16 ) ) ;
#195 = DIRECTION ( 'NONE',  ( 0.000000000000000000, 0.000000000000000000, 1.000000000000000000 ) ) ;
#196 = AXIS2_PLACEMENT_3D ( 'NONE', #25, #49, #1297 ) ;
#197 = DIRECTION ( 'NONE',  ( 0.000000000000000000, 0.000000000000000000, 1.000000000000000000 ) ) ;
#198 = DIRECTION ( 'NONE',  ( 0.000000000000000000, 0.000000000000000000, 1.000000000000000000 ) ) ;
#199 = CIRCLE ( 'NONE', #513, 2.099999999999997868 ) ;
#200 = AXIS2_PLACEMENT_3D ( 'NONE', #1120, #1301, #69 ) ;
#201 = AXIS2_PLACEMENT_3D ( 'NONE', #1006, #1516, #1488 ) ;
#202 = VERTEX_POINT ( 'NONE', #1432 ) ;
#203 = DIRECTION ( 'NONE',  ( 0.000000000000000000, -0.000000000000000000, 1.000000000000000000 ) ) ;
#204 = VERTEX_POINT ( 'NONE', #466 ) ;
#205 = LINE ( 'NONE', #686, #931 ) ;
#206 = DIRECTION ( 'NONE',  ( -0.000000000000000000, -1.000000000000000000, -0.000000000000000000 ) ) ;
#207 = ADVANCED_FACE ( 'NONE', ( #319 ), #103, .T. ) ;
#208 = EDGE_LOOP ( 'NONE', ( #1434, #1126, #31, #314 ) ) ;
#209 = ORIENTED_EDGE ( 'NONE', *, *, #612, .F. ) ;
#210 = DIRECTION ( 'NONE',  ( 0.000000000000000000, 1.000000000000000000, 0.000000000000000000 ) ) ;
#211 = ORIENTED_EDGE ( 'NONE', *, *, #81, .T. ) ;
#212 = CIRCLE ( 'NONE', #843, 2.100000000000002753 ) ;
#213 = LINE ( 'NONE', #589, #587 ) ;
#214 = EDGE_CURVE ( 'NONE', #866, #1248, #205, .T. ) ;
#215 = CARTESIAN_POINT ( 'NONE',  ( 2.199633243471174140E-13, -5.939696961967007027, -18.89999999999999503 ) ) ;
#216 = CARTESIAN_POINT ( 'NONE',  ( 90.00000000000000000, 20.00000000000000000, 9.999999999999998224 ) ) ;
#217 = CARTESIAN_POINT ( 'NONE',  ( -21.00000000000000000, -5.939696961967007027, 2.099999999999853095 ) ) ;
#218 = ORIENTED_EDGE ( 'NONE', *, *, #749, .F. ) ;
#219 = DIRECTION ( 'NONE',  ( -0.000000000000000000, 1.000000000000000000, -0.000000000000000000 ) ) ;
#220 = CARTESIAN_POINT ( 'NONE',  ( -80.25000000000000000, 0.000000000000000000, -10.24999999999998401 ) ) ;
#221 = CARTESIAN_POINT ( 'NONE',  ( -90.00000000000000000, 20.00000000000000000, 10.25000000000000888 ) ) ;
#222 = VECTOR ( 'NONE', #235, 1000.000000000000000 ) ;
#223 = CIRCLE ( 'NONE', #1472, 2.100000000000002753 ) ;
#224 = DIRECTION ( 'NONE',  ( -0.000000000000000000, 1.000000000000000000, -0.000000000000000000 ) ) ;
#225 = CIRCLE ( 'NONE', #1124, 2.099999999999997868 ) ;
#226 = ORIENTED_EDGE ( 'NONE', *, *, #1584, .T. ) ;
#227 = FACE_OUTER_BOUND ( 'NONE', #950, .T. ) ;
#228 = EDGE_CURVE ( 'NONE', #1288, #1034, #475, .T. ) ;
#229 = AXIS2_PLACEMENT_3D ( 'NONE', #95, #944, #1453 ) ;
#230 = LINE ( 'NONE', #1591, #171 ) ;
#231 = EDGE_CURVE ( 'NONE', #743, #578, #1563, .T. ) ;
#232 = ORIENTED_EDGE ( 'NONE', *, *, #1506, .F. ) ;
#233 = EDGE_CURVE ( 'NONE', #414, #912, #1277, .T. ) ;
#234 = FACE_BOUND ( 'NONE', #423, .T. ) ;
#235 = DIRECTION ( 'NONE',  ( -0.000000000000000000, 1.000000000000000000, -0.000000000000000000 ) ) ;
#236 = FACE_OUTER_BOUND ( 'NONE', #1214, .T. ) ;
#237 = CIRCLE ( 'NONE', #845, 2.099999999999997868 ) ;
#238 = FACE_BOUND ( 'NONE', #263, .T. ) ;
#239 = LINE ( 'NONE', #1325, #295 ) ;
#240 = CC_DESIGN_PERSON_AND_ORGANIZATION_ASSIGNMENT ( #633, #505, ( #271 ) ) ;
#241 = ORIENTED_EDGE ( 'NONE', *, *, #993, .F. ) ;
#242 = CARTESIAN_POINT ( 'NONE',  ( -90.00000000000000000, 20.00000000000000000, -19.99999999999998224 ) ) ;
#243 = CARTESIAN_POINT ( 'NONE',  ( 37.00000000000000000, 0.000000000000000000, 10.00000000000000000 ) ) ;
#244 = DIRECTION ( 'NONE',  ( 0.000000000000000000, -1.000000000000000000, 0.000000000000000000 ) ) ;
#245 = ORIENTED_EDGE ( 'NONE', *, *, #1131, .T. ) ;
#246 = DIRECTION ( 'NONE',  ( -0.000000000000000000, 1.000000000000000000, -0.000000000000000000 ) ) ;
#247 = VECTOR ( 'NONE', #1107, 1000.000000000000000 ) ;
#248 = ORIENTED_EDGE ( 'NONE', *, *, #1534, .F. ) ;
#249 = APPROVAL_STATUS ( 'not_yet_approved' ) ;
#250 = DIRECTION ( 'NONE',  ( -1.000000000000000000, 0.000000000000000000, -0.000000000000000000 ) ) ;
#251 = DIRECTION ( 'NONE',  ( 1.000000000000000000, -0.000000000000000000, -6.267179617026058410E-17 ) ) ;
#252 = VERTEX_POINT ( 'NONE', #340 ) ;
#253 = FACE_OUTER_BOUND ( 'NONE', #460, .T. ) ;
#254 = ORIENTED_EDGE ( 'NONE', *, *, #174, .T. ) ;
#255 = DATE_AND_TIME ( #1384, #885 ) ;
#256 = CARTESIAN_POINT ( 'NONE',  ( -14.84924240491737102, -5.939696961967007027, -14.84924240491763392 ) ) ;
#257 = VERTEX_POINT ( 'NONE', #1330 ) ;
#258 = EDGE_CURVE ( 'NONE', #1593, #1164, #213, .T. ) ;
#259 = LINE ( 'NONE', #1401, #1263 ) ;
#260 = EDGE_CURVE ( 'NONE', #1045, #568, #629, .T. ) ;
#261 = ORIENTED_EDGE ( 'NONE', *, *, #352, .F. ) ;
#262 = CARTESIAN_POINT ( 'NONE',  ( -14.84924240491757885, 20.00000000000000000, 14.84924240491742076 ) ) ;
#263 = EDGE_LOOP ( 'NONE', ( #1447, #723 ) ) ;
#264 = FACE_OUTER_BOUND ( 'NONE', #391, .T. ) ;
#265 = CARTESIAN_POINT ( 'NONE',  ( -37.00000000000000000, 0.000000000000000000, -10.00000000000000000 ) ) ;
#266 = VERTEX_POINT ( 'NONE', #956 ) ;
#267 = LINE ( 'NONE', #508, #488 ) ;
#268 = CIRCLE ( 'NONE', #969, 2.100000000000000977 ) ;
#269 = ORIENTED_EDGE ( 'NONE', *, *, #842, .F. ) ;
#270 = EDGE_LOOP ( 'NONE', ( #764, #463, #1278, #898 ) ) ;
#271 = PRODUCT_DEFINITION_FORMATION_WITH_SPECIFIED_SOURCE ( 'ANY', '', #833, .NOT_KNOWN. ) ;
#272 = LINE ( 'NONE', #758, #1166 ) ;
#273 = APPROVAL_DATE_TIME ( #1128, #1543 ) ;
#274 = DIRECTION ( 'NONE',  ( 1.000000000000000000, -0.000000000000000000, -3.273063162220390942E-17 ) ) ;
#275 = AXIS2_PLACEMENT_3D ( 'NONE', #634, #250, #1137 ) ;
#276 = DIRECTION ( 'NONE',  ( -0.000000000000000000, 1.000000000000000000, -0.000000000000000000 ) ) ;
#277 = CIRCLE ( 'NONE', #1188, 2.099999999999997868 ) ;
#278 = EDGE_LOOP ( 'NONE', ( #1293, #922 ) ) ;
#279 = CC_DESIGN_PERSON_AND_ORGANIZATION_ASSIGNMENT ( #853, #534, ( #571 ) ) ;
#280 = ORIENTED_EDGE ( 'NONE', *, *, #164, .F. ) ;
#281 = ADVANCED_FACE ( 'NONE', ( #227 ), #1465, .F. ) ;
#282 = DIRECTION ( 'NONE',  ( 0.000000000000000000, 0.000000000000000000, 1.000000000000000000 ) ) ;
#283 = EDGE_LOOP ( 'NONE', ( #403, #1545, #1490, #412 ) ) ;
#285 = CARTESIAN_POINT ( 'NONE',  ( 14.84924240491747582, -5.939696961967007027, 14.84924240491752556 ) ) ;
#284 = DIRECTION ( 'NONE',  ( 0.000000000000000000, 0.000000000000000000, 1.000000000000000000 ) ) ;
#286 = VERTEX_POINT ( 'NONE', #867 ) ;
#287 = ORIENTED_EDGE ( 'NONE', *, *, #233, .T. ) ;
#288 = PLANE ( 'NONE',  #401 ) ;
#289 = EDGE_CURVE ( 'NONE', #445, #1509, #1361, .T. ) ;
#290 = ORIENTED_EDGE ( 'NONE', *, *, #487, .F. ) ;
#291 = DIRECTION ( 'NONE',  ( 0.000000000000000000, 0.000000000000000000, 1.000000000000000000 ) ) ;
#292 = ADVANCED_FACE ( 'NONE', ( #1225 ), #844, .F. ) ;
#293 = ORIENTED_EDGE ( 'NONE', *, *, #181, .F. ) ;
#294 = CARTESIAN_POINT ( 'NONE',  ( -34.64101615137754209, 0.000000000000000000, 40.00000000000002842 ) ) ;
#295 = VECTOR ( 'NONE', #1194, 1000.000000000000000 ) ;
#296 = VECTOR ( 'NONE', #1311, 1000.000000000000000 ) ;
#297 = ORIENTED_EDGE ( 'NONE', *, *, #1390, .F. ) ;
#298 = LOCAL_TIME ( 13, 49, 1.000000000000000000, #12 ) ;
#299 = AXIS2_PLACEMENT_3D ( 'NONE', #1094, #344, #1468 ) ;
#300 = DIRECTION ( 'NONE',  ( 0.000000000000000000, 0.000000000000000000, 1.000000000000000000 ) ) ;
#301 = FACE_OUTER_BOUND ( 'NONE', #1102, .T. ) ;
#302 = EDGE_CURVE ( 'NONE', #1502, #376, #377, .T. ) ;
#303 = ORIENTED_EDGE ( 'NONE', *, *, #899, .T. ) ;
#304 = AXIS2_PLACEMENT_3D ( 'NONE', #256, #745, #1250 ) ;
#305 = ORIENTED_EDGE ( 'NONE', *, *, #181, .T. ) ;
#306 = CARTESIAN_POINT ( 'NONE',  ( 0.000000000000000000, 0.000000000000000000, 16.00000000000000000 ) ) ;
#307 = CARTESIAN_POINT ( 'NONE',  ( 14.84924240491747582, 20.00000000000000000, 14.84924240491752556 ) ) ;
#308 = ADVANCED_FACE ( 'NONE', ( #600 ), #724, .F. ) ;
#309 = ORIENTED_EDGE ( 'NONE', *, *, #20, .F. ) ;
#310 = LINE ( 'NONE', #48, #1400 ) ;
#311 = EDGE_CURVE ( 'NONE', #147, #1281, #1371, .T. ) ;
#312 = ADVANCED_FACE ( 'NONE', ( #4 ), #1246, .T. ) ;
#313 = CLOSED_SHELL ( 'NONE', ( #676, #292, #1594, #604, #1347, #1391, #135, #874, #1423, #367, #312, #439, #281, #807, #11, #774, #767, #1170, #75, #1346, #1500, #308, #402, #972, #1451, #595, #1321, #1013, #960, #949, #139, #1317, #207, #863, #919, #926, #161, #389, #1265, #341, #532, #526, #631, #897, #1598 ) ) ;
#314 = ORIENTED_EDGE ( 'NONE', *, *, #228, .F. ) ;
#315 = DIRECTION ( 'NONE',  ( 0.000000000000000000, 1.000000000000000000, 0.000000000000000000 ) ) ;
#316 = LINE ( 'NONE', #1185, #296 ) ;
#317 = AXIS2_PLACEMENT_3D ( 'NONE', #907, #1275, #771 ) ;
#318 = ORIENTED_EDGE ( 'NONE', *, *, #258, .F. ) ;
#319 = FACE_OUTER_BOUND ( 'NONE', #1229, .T. ) ;
#320 = ORIENTED_EDGE ( 'NONE', *, *, #1296, .F. ) ;
#321 = FACE_OUTER_BOUND ( 'NONE', #685, .T. ) ;
#322 = CARTESIAN_POINT ( 'NONE',  ( -21.00000000000000000, 20.00000000000000000, -1.466422162314116009E-13 ) ) ;
#323 = PLANE ( 'NONE',  #141 ) ;
#324 = ORIENTED_EDGE ( 'NONE', *, *, #90, .T. ) ;
#325 = ORIENTED_EDGE ( 'NONE', *, *, #453, .T. ) ;
#326 = CARTESIAN_POINT ( 'NONE',  ( 37.00000000000000000, 20.00000000000000000, -10.00000000000000000 ) ) ;
#327 = ORIENTED_EDGE ( 'NONE', *, *, #18, .F. ) ;
#328 = LINE ( 'NONE', #699, #1062 ) ;
#329 = AXIS2_PLACEMENT_3D ( 'NONE', #923, #1431, #52 ) ;
#330 = AXIS2_PLACEMENT_3D ( 'NONE', #70, #210, #203 ) ;
#331 = DIRECTION ( 'NONE',  ( -6.267179617026058410E-17, 0.000000000000000000, -1.000000000000000000 ) ) ;
#332 = APPROVAL_PERSON_ORGANIZATION ( #994, #1374, #1145 ) ;
#333 = AXIS2_PLACEMENT_3D ( 'NONE', #470, #603, #1099 ) ;
#334 = AXIS2_PLACEMENT_3D ( 'NONE', #935, #1571, #826 ) ;
#335 = AXIS2_PLACEMENT_3D ( 'NONE', #733, #619, #1116 ) ;
#336 = ORIENTED_EDGE ( 'NONE', *, *, #675, .T. ) ;
#337 = CARTESIAN_POINT ( 'NONE',  ( -14.84924240491757885, 0.000000000000000000, 12.74924240491742289 ) ) ;
#338 = EDGE_CURVE ( 'NONE', #912, #414, #917, .T. ) ;
#339 = ORIENTED_EDGE ( 'NONE', *, *, #478, .F. ) ;
#340 = CARTESIAN_POINT ( 'NONE',  ( -14.84924240491757885, 0.000000000000000000, 16.94924240491742040 ) ) ;
#341 = ADVANCED_FACE ( 'NONE', ( #253 ), #128, .F. ) ;
#342 = CARTESIAN_POINT ( 'NONE',  ( 34.64101615137754209, 0.000000000000000000, 20.00000000000001421 ) ) ;
#343 = CARTESIAN_POINT ( 'NONE',  ( -80.25000000000000000, 20.00000000000000000, -10.24999999999998401 ) ) ;
#344 = DIRECTION ( 'NONE',  ( -0.000000000000000000, -1.000000000000000000, -0.000000000000000000 ) ) ;
#345 = CARTESIAN_POINT ( 'NONE',  ( 37.00000000000000000, -56.64803615307418028, -10.00000000000000000 ) ) ;
#346 = VERTEX_POINT ( 'NONE', #394 ) ;
#347 = DIRECTION ( 'NONE',  ( 0.000000000000000000, 1.000000000000000000, 0.000000000000000000 ) ) ;
#348 = CARTESIAN_POINT ( 'NONE',  ( -80.25000000000000000, 20.00000000000000000, -19.99999999999998579 ) ) ;
#349 = FACE_OUTER_BOUND ( 'NONE', #1096, .T. ) ;
#350 = DIRECTION ( 'NONE',  ( 0.000000000000000000, 0.000000000000000000, 1.000000000000000000 ) ) ;
#351 = DIRECTION ( 'NONE',  ( -1.000000000000000000, 0.000000000000000000, -3.273063162220390942E-17 ) ) ;
#352 = EDGE_CURVE ( 'NONE', #659, #286, #225, .T. ) ;
#353 = ORIENTED_EDGE ( 'NONE', *, *, #910, .F. ) ;
#354 = CARTESIAN_POINT ( 'NONE',  ( 90.00000000000000000, 20.00000000000000000, -19.99999999999998224 ) ) ;
#355 = CARTESIAN_POINT ( 'NONE',  ( -14.84924240491737102, 0.000000000000000000, -12.74924240491763072 ) ) ;
#356 = DIRECTION ( 'NONE',  ( -1.000000000000000000, 0.000000000000000000, 0.000000000000000000 ) ) ;
#357 = EDGE_CURVE ( 'NONE', #503, #1430, #1289, .T. ) ;
#358 = AXIS2_PLACEMENT_3D ( 'NONE', #522, #282, #378 ) ;
#359 = CC_DESIGN_APPROVAL ( #1543, ( #271 ) ) ;
#360 = EDGE_CURVE ( 'NONE', #1567, #961, #379, .T. ) ;
#361 = FACE_BOUND ( 'NONE', #815, .T. ) ;
#362 = CARTESIAN_POINT ( 'NONE',  ( 2.199633243471174140E-13, 0.000000000000000000, -20.99999999999999645 ) ) ;
#363 = AXIS2_PLACEMENT_3D ( 'NONE', #1104, #870, #719 ) ;
#364 = ORIENTED_EDGE ( 'NONE', *, *, #1362, .T. ) ;
#365 = LINE ( 'NONE', #98, #222 ) ;
#366 = CARTESIAN_POINT ( 'NONE',  ( 90.00000000000000000, 0.000000000000000000, 10.25000000000000888 ) ) ;
#367 = ADVANCED_FACE ( 'NONE', ( #264 ), #611, .T. ) ;
#368 = LINE ( 'NONE', #1141, #1523 ) ;
#369 = EDGE_LOOP ( 'NONE', ( #327, #734, #521, #916 ) ) ;
#370 = CARTESIAN_POINT ( 'NONE',  ( -90.00000000000000000, 20.00000000000000000, 20.00000000000001066 ) ) ;
#371 = DIRECTION ( 'NONE',  ( -1.000000000000000000, 0.000000000000000000, -3.273063162220390942E-17 ) ) ;
#372 = CYLINDRICAL_SURFACE ( 'NONE', #942, 2.100000000000000977 ) ;
#373 = CARTESIAN_POINT ( 'NONE',  ( -90.00000000000000000, 20.00000000000000000, -19.99999999999998224 ) ) ;
#374 = VECTOR ( 'NONE', #1570, 1000.000000000000000 ) ;
#375 = DIRECTION ( 'NONE',  ( -0.000000000000000000, -0.000000000000000000, -1.000000000000000000 ) ) ;
#376 = VERTEX_POINT ( 'NONE', #854 ) ;
#377 = LINE ( 'NONE', #850, #814 ) ;
#378 = DIRECTION ( 'NONE',  ( 1.000000000000000000, 0.000000000000000000, 0.000000000000000000 ) ) ;
#379 = LINE ( 'NONE', #517, #1426 ) ;
#380 = ORIENTED_EDGE ( 'NONE', *, *, #178, .T. ) ;
#381 = FACE_OUTER_BOUND ( 'NONE', #369, .T. ) ;
#382 = LINE ( 'NONE', #857, #384 ) ;
#383 = AXIS2_PLACEMENT_3D ( 'NONE', #133, #435, #1533 ) ;
#384 = VECTOR ( 'NONE', #251, 1000.000000000000000 ) ;
#385 = ORIENTED_EDGE ( 'NONE', *, *, #1241, .T. ) ;
#386 = CIRCLE ( 'NONE', #299, 2.100000000000000977 ) ;
#387 = DIRECTION ( 'NONE',  ( -0.000000000000000000, 1.000000000000000000, -0.000000000000000000 ) ) ;
#388 = ORIENTED_EDGE ( 'NONE', *, *, #803, .F. ) ;
#389 = ADVANCED_FACE ( 'NONE', ( #986 ), #1366, .F. ) ;
#390 = PLANE ( 'NONE',  #1178 ) ;
#391 = EDGE_LOOP ( 'NONE', ( #556, #385, #1030, #189 ) ) ;
#392 = CARTESIAN_POINT ( 'NONE',  ( -7.306393228788485917E-14, 20.00000000000000000, 18.89999999999999858 ) ) ;
#393 = ORIENTED_EDGE ( 'NONE', *, *, #1357, .F. ) ;
#394 = CARTESIAN_POINT ( 'NONE',  ( 14.84924240491747582, 20.00000000000000000, 12.74924240491752592 ) ) ;
#395 = EDGE_LOOP ( 'NONE', ( #781, #1410, #1055, #1175 ) ) ;
#396 = CARTESIAN_POINT ( 'NONE',  ( 34.64101615137755630, 20.00000000000000000, -19.99999999999999289 ) ) ;
#397 = MECHANICAL_CONTEXT ( 'NONE', #130, 'mechanical' ) ;
#398 = DIRECTION ( 'NONE',  ( 0.000000000000000000, 0.000000000000000000, 1.000000000000000000 ) ) ;
#399 = DIRECTION ( 'NONE',  ( 0.000000000000000000, 0.000000000000000000, 1.000000000000000000 ) ) ;
#400 = EDGE_LOOP ( 'NONE', ( #1458, #380, #1339, #245, #1008, #1464, #635, #1274, #1407, #100, #1359, #541, #673, #165, #937, #831, #1273, #1517, #1312, #1192, #3, #1173, #1106, #902, #156 ) ) ;
#401 = AXIS2_PLACEMENT_3D ( 'NONE', #1021, #1156, #415 ) ;
#402 = ADVANCED_FACE ( 'NONE', ( #1504 ), #30, .F. ) ;
#403 = ORIENTED_EDGE ( 'NONE', *, *, #827, .F. ) ;
#404 = EDGE_LOOP ( 'NONE', ( #932, #173 ) ) ;
#405 = LINE ( 'NONE', #878, #929 ) ;
#406 = DATE_TIME_ROLE ( 'creation_date' ) ;
#407 = DIRECTION ( 'NONE',  ( 1.000000000000000000, -0.000000000000000000, -1.880153885107817893E-16 ) ) ;
#408 = ORIENTED_EDGE ( 'NONE', *, *, #119, .T. ) ;
#409 = CARTESIAN_POINT ( 'NONE',  ( -7.332110811570580046E-14, 0.000000000000000000, 21.00000000000000000 ) ) ;
#410 = EDGE_CURVE ( 'NONE', #1457, #877, #621, .T. ) ;
#411 = EDGE_CURVE ( 'NONE', #1045, #1264, #615, .T. ) ;
#412 = ORIENTED_EDGE ( 'NONE', *, *, #514, .F. ) ;
#413 = VECTOR ( 'NONE', #1588, 1000.000000000000000 ) ;
#414 = VERTEX_POINT ( 'NONE', #523 ) ;
#415 = DIRECTION ( 'NONE',  ( -1.000000000000000000, 0.000000000000000000, 4.006172263299092887E-16 ) ) ;
#416 = SECURITY_CLASSIFICATION_LEVEL ( 'unclassified' ) ;
#417 = CIRCLE ( 'NONE', #608, 16.00000000000000000 ) ;
#418 = AXIS2_PLACEMENT_3D ( 'NONE', #409, #544, #989 ) ;
#419 = CIRCLE ( 'NONE', #892, 2.100000000000000089 ) ;
#420 = EDGE_CURVE ( 'NONE', #761, #613, #1324, .T. ) ;
#421 = VERTEX_POINT ( 'NONE', #1118 ) ;
#422 = DIRECTION ( 'NONE',  ( -0.000000000000000000, 1.000000000000000000, -0.000000000000000000 ) ) ;
#423 = EDGE_LOOP ( 'NONE', ( #68, #248 ) ) ;
#424 = DIRECTION ( 'NONE',  ( 0.000000000000000000, -1.000000000000000000, 0.000000000000000000 ) ) ;
#425 = AXIS2_PLACEMENT_3D ( 'NONE', #307, #1009, #438 ) ;
#426 = ORIENTED_EDGE ( 'NONE', *, *, #1535, .T. ) ;
#427 = CARTESIAN_POINT ( 'NONE',  ( 80.25000000000000000, 20.00000000000000000, 20.00000000000001066 ) ) ;
#428 = ORIENTED_EDGE ( 'NONE', *, *, #514, .T. ) ;
#429 = DIRECTION ( 'NONE',  ( 0.000000000000000000, 0.000000000000000000, 1.000000000000000000 ) ) ;
#430 = EDGE_LOOP ( 'NONE', ( #10, #1569, #43, #860 ) ) ;
#431 = DIRECTION ( 'NONE',  ( 0.000000000000000000, -1.000000000000000000, 0.000000000000000000 ) ) ;
#432 = CARTESIAN_POINT ( 'NONE',  ( -14.84924240491757885, -5.939696961967007027, 16.94924240491742040 ) ) ;
#433 = ORIENTED_EDGE ( 'NONE', *, *, #152, .F. ) ;
#434 = EDGE_LOOP ( 'NONE', ( #1245, #777, #1007, #1026 ) ) ;
#435 = DIRECTION ( 'NONE',  ( 0.000000000000000000, 1.000000000000000000, 0.000000000000000000 ) ) ;
#436 = CIRCLE ( 'NONE', #964, 9.750000000000000000 ) ;
#437 = ORIENTED_EDGE ( 'NONE', *, *, #174, .F. ) ;
#438 = DIRECTION ( 'NONE',  ( 0.000000000000000000, 0.000000000000000000, 1.000000000000000000 ) ) ;
#439 = ADVANCED_FACE ( 'NONE', ( #995 ), #1479, .T. ) ;
#440 = EDGE_LOOP ( 'NONE', ( #512, #1549, #1039, #741 ) ) ;
#441 = CARTESIAN_POINT ( 'NONE',  ( -7.332110811570580046E-14, 20.00000000000000000, 23.10000000000000142 ) ) ;
#442 = ORIENTED_EDGE ( 'NONE', *, *, #411, .T. ) ;
#443 = EDGE_LOOP ( 'NONE', ( #1022, #226, #320, #593 ) ) ;
#444 = DIRECTION ( 'NONE',  ( 0.000000000000000000, -0.000000000000000000, -1.000000000000000000 ) ) ;
#445 = VERTEX_POINT ( 'NONE', #243 ) ;
#446 = DIRECTION ( 'NONE',  ( -0.000000000000000000, -1.000000000000000000, -0.000000000000000000 ) ) ;
#447 = ORIENTED_EDGE ( 'NONE', *, *, #656, .F. ) ;
#448 = CARTESIAN_POINT ( 'NONE',  ( -90.00000000000000000, 0.000000000000000000, 10.25000000000000888 ) ) ;
#449 = FACE_OUTER_BOUND ( 'NONE', #653, .T. ) ;
#450 = FACE_OUTER_BOUND ( 'NONE', #23, .T. ) ;
#451 = ORIENTED_EDGE ( 'NONE', *, *, #970, .F. ) ;
#452 = EDGE_LOOP ( 'NONE', ( #618, #1462 ) ) ;
#453 = EDGE_CURVE ( 'NONE', #1303, #754, #1513, .T. ) ;
#454 = CARTESIAN_POINT ( 'NONE',  ( -7.332110811570580046E-14, 0.000000000000000000, 23.10000000000000142 ) ) ;
#455 = DIRECTION ( 'NONE',  ( -0.000000000000000000, 1.000000000000000000, -0.000000000000000000 ) ) ;
#456 = VECTOR ( 'NONE', #1208, 1000.000000000000000 ) ;
#457 = ORIENTED_EDGE ( 'NONE', *, *, #793, .T. ) ;
#458 = DIRECTION ( 'NONE',  ( -0.000000000000000000, -1.000000000000000000, -0.000000000000000000 ) ) ;
#459 = CARTESIAN_POINT ( 'NONE',  ( 34.64101615137754209, 20.00000000000000000, 20.00000000000001421 ) ) ;
#460 = EDGE_LOOP ( 'NONE', ( #558, #1282, #1603, #137 ) ) ;
#461 = APPROVAL ( #1136, 'UNSPECIFIED' ) ;
#462 = EDGE_CURVE ( 'NONE', #1430, #503, #1155, .T. ) ;
#463 = ORIENTED_EDGE ( 'NONE', *, *, #228, .T. ) ;
#464 = DIRECTION ( 'NONE',  ( -0.000000000000000000, 1.000000000000000000, -0.000000000000000000 ) ) ;
#465 = ORIENTED_EDGE ( 'NONE', *, *, #160, .F. ) ;
#466 = CARTESIAN_POINT ( 'NONE',  ( 14.84924240491747582, 0.000000000000000000, 12.74924240491752592 ) ) ;
#467 = VECTOR ( 'NONE', #746, 1000.000000000000000 ) ;
#468 = EDGE_CURVE ( 'NONE', #613, #761, #1579, .T. ) ;
#469 = DIRECTION ( 'NONE',  ( 0.000000000000000000, 0.000000000000000000, 1.000000000000000000 ) ) ;
#470 = CARTESIAN_POINT ( 'NONE',  ( 0.000000000000000000, 20.00000000000000000, 0.000000000000000000 ) ) ;
#471 = EDGE_LOOP ( 'NONE', ( #177, #873, #905, #862 ) ) ;
#472 = CIRCLE ( 'NONE', #755, 9.750000000000000000 ) ;
#473 = CC_DESIGN_PERSON_AND_ORGANIZATION_ASSIGNMENT ( #1521, #759, ( #271 ) ) ;
#474 = ORIENTED_EDGE ( 'NONE', *, *, #1257, .T. ) ;
#475 = LINE ( 'NONE', #1193, #456 ) ;
#476 = DIRECTION ( 'NONE',  ( 0.000000000000000000, 0.000000000000000000, 1.000000000000000000 ) ) ;
#477 = LINE ( 'NONE', #829, #71 ) ;
#478 = EDGE_CURVE ( 'NONE', #1133, #1130, #1612, .T. ) ;
#479 = ORIENTED_EDGE ( 'NONE', *, *, #1131, .F. ) ;
#480 = DIRECTION ( 'NONE',  ( -1.734723475976807489E-15, 0.000000000000000000, 1.000000000000000000 ) ) ;
#481 = FACE_BOUND ( 'NONE', #1260, .T. ) ;
#482 = CARTESIAN_POINT ( 'NONE',  ( 0.000000000000000000, 20.00000000000000000, -40.00000000000000000 ) ) ;
#483 = DIRECTION ( 'NONE',  ( -0.000000000000000000, 1.000000000000000000, -0.000000000000000000 ) ) ;
#484 = EDGE_CURVE ( 'NONE', #1142, #752, #1385, .T. ) ;
#485 = DIRECTION ( 'NONE',  ( 0.000000000000000000, 1.000000000000000000, 0.000000000000000000 ) ) ;
#486 = LINE ( 'NONE', #958, #652 ) ;
#487 = EDGE_CURVE ( 'NONE', #1509, #1133, #760, .T. ) ;
#488 = VECTOR ( 'NONE', #739, 1000.000000000000000 ) ;
#489 = VECTOR ( 'NONE', #224, 1000.000000000000000 ) ;
#490 = AXIS2_PLACEMENT_3D ( 'NONE', #362, #940, #93 ) ;
#491 = VECTOR ( 'NONE', #1122, 1000.000000000000000 ) ;
#492 = EDGE_LOOP ( 'NONE', ( #1035, #364, #624, #943 ) ) ;
#493 = VECTOR ( 'NONE', #110, 1000.000000000000000 ) ;
#494 = CARTESIAN_POINT ( 'NONE',  ( 21.00000000000000000, 20.00000000000000000, 0.000000000000000000 ) ) ;
#495 = CARTESIAN_POINT ( 'NONE',  ( -90.00000000000000000, 0.000000000000000000, 9.999999999999998224 ) ) ;
#496 = EDGE_CURVE ( 'NONE', #1034, #1514, #6, .T. ) ;
#497 = ORIENTED_EDGE ( 'NONE', *, *, #105, .F. ) ;
#498 = CARTESIAN_POINT ( 'NONE',  ( -90.00000000000000000, 20.00000000000000000, 9.999999999999998224 ) ) ;
#499 = LINE ( 'NONE', #583, #1119 ) ;
#500 = CARTESIAN_POINT ( 'NONE',  ( 90.00000000000000000, -56.64803615307418028, -9.999999999999998224 ) ) ;
#501 = CARTESIAN_POINT ( 'NONE',  ( 14.64101615137754919, 20.00000000000000000, 60.00000000000002132 ) ) ;
#502 = EDGE_CURVE ( 'NONE', #1034, #1414, #472, .T. ) ;
#503 = VERTEX_POINT ( 'NONE', #1253 ) ;
#504 = DIRECTION ( 'NONE',  ( 0.000000000000000000, 0.000000000000000000, 1.000000000000000000 ) ) ;
#505 = PERSON_AND_ORGANIZATION_ROLE ( 'design_supplier' ) ;
#506 = DIRECTION ( 'NONE',  ( 0.000000000000000000, 0.000000000000000000, 1.000000000000000000 ) ) ;
#507 = ORIENTED_EDGE ( 'NONE', *, *, #1051, .T. ) ;
#508 = CARTESIAN_POINT ( 'NONE',  ( 14.84924240491768188, -5.939696961967007027, -16.94924240491731737 ) ) ;
#509 = DIRECTION ( 'NONE',  ( 0.000000000000000000, 0.000000000000000000, 1.000000000000000000 ) ) ;
#510 = CIRCLE ( 'NONE', #700, 2.100000000000000533 ) ;
#511 = APPROVAL_PERSON_ORGANIZATION ( #1396, #1543, #1010 ) ;
#512 = ORIENTED_EDGE ( 'NONE', *, *, #573, .F. ) ;
#513 = AXIS2_PLACEMENT_3D ( 'NONE', #1600, #206, #1332 ) ;
#514 = EDGE_CURVE ( 'NONE', #881, #794, #1388, .T. ) ;
#515 = ORIENTED_EDGE ( 'NONE', *, *, #1296, .T. ) ;
#516 = COORDINATED_UNIVERSAL_TIME_OFFSET ( 3, 30, .AHEAD. ) ;
#517 = CARTESIAN_POINT ( 'NONE',  ( -14.84924240491737102, -5.939696961967007027, -12.74924240491763072 ) ) ;
#518 = LINE ( 'NONE', #1027, #467 ) ;
#519 = ORIENTED_EDGE ( 'NONE', *, *, #214, .F. ) ;
#520 = ORIENTED_EDGE ( 'NONE', *, *, #638, .T. ) ;
#521 = ORIENTED_EDGE ( 'NONE', *, *, #302, .T. ) ;
#522 = CARTESIAN_POINT ( 'NONE',  ( 0.000000000000000000, 0.000000000000000000, 0.000000000000000000 ) ) ;
#523 = CARTESIAN_POINT ( 'NONE',  ( 2.199633243471174140E-13, 20.00000000000000000, -18.89999999999999503 ) ) ;
#524 = EDGE_CURVE ( 'NONE', #794, #1256, #1524, .T. ) ;
#525 = PLANE ( 'NONE',  #884 ) ;
#526 = ADVANCED_FACE ( 'NONE', ( #381 ), #1111, .F. ) ;
#527 = AXIS2_PLACEMENT_3D ( 'NONE', #1163, #1415, #185 ) ;
#528 = DIRECTION ( 'NONE',  ( 0.000000000000000000, 0.000000000000000000, 1.000000000000000000 ) ) ;
#529 = DIRECTION ( 'NONE',  ( 0.000000000000000000, -0.000000000000000000, -1.000000000000000000 ) ) ;
#530 = ORIENTED_EDGE ( 'NONE', *, *, #573, .T. ) ;
#531 = ORIENTED_EDGE ( 'NONE', *, *, #772, .F. ) ;
#532 = ADVANCED_FACE ( 'NONE', ( #24 ), #896, .F. ) ;
#533 = CARTESIAN_POINT ( 'NONE',  ( 0.000000000000000000, 0.000000000000000000, 0.000000000000000000 ) ) ;
#534 = PERSON_AND_ORGANIZATION_ROLE ( 'creator' ) ;
#535 = ORIENTED_EDGE ( 'NONE', *, *, #536, .F. ) ;
#536 = EDGE_CURVE ( 'NONE', #808, #421, #654, .T. ) ;
#537 = VECTOR ( 'NONE', #1259, 1000.000000000000000 ) ;
#538 = ORIENTED_EDGE ( 'NONE', *, *, #338, .F. ) ;
#539 = VECTOR ( 'NONE', #655, 1000.000000000000000 ) ;
#540 = CARTESIAN_POINT ( 'NONE',  ( -21.00000000000000000, 0.000000000000000000, 2.099999999999853095 ) ) ;
#541 = ORIENTED_EDGE ( 'NONE', *, *, #1357, .T. ) ;
#542 = CYLINDRICAL_SURFACE ( 'NONE', #757, 2.100000000000000533 ) ;
#544 = DIRECTION ( 'NONE',  ( -0.000000000000000000, -1.000000000000000000, -0.000000000000000000 ) ) ;
#543 = DIRECTION ( 'NONE',  ( 1.000000000000000000, 0.000000000000000000, 6.267179617026058410E-17 ) ) ;
#545 = ORIENTED_EDGE ( 'NONE', *, *, #1560, .F. ) ;
#546 = LINE ( 'NONE', #15, #1146 ) ;
#547 = CARTESIAN_POINT ( 'NONE',  ( 34.64101615137755630, 20.00000000000000000, -19.99999999999999289 ) ) ;
#548 = CARTESIAN_POINT ( 'NONE',  ( 90.00000000000000000, -56.64803615307418028, 9.999999999999998224 ) ) ;
#549 = EDGE_LOOP ( 'NONE', ( #388, #457, #426, #287 ) ) ;
#550 = CARTESIAN_POINT ( 'NONE',  ( -90.00000000000000000, 0.000000000000000000, -10.24999999999998401 ) ) ;
#551 = ORIENTED_EDGE ( 'NONE', *, *, #1243, .F. ) ;
#552 = EDGE_CURVE ( 'NONE', #1179, #16, #1101, .T. ) ;
#553 = VERTEX_POINT ( 'NONE', #392 ) ;
#554 = LINE ( 'NONE', #1440, #1100 ) ;
#555 = DIRECTION ( 'NONE',  ( -1.880153885107817893E-16, 0.000000000000000000, 1.000000000000000000 ) ) ;
#556 = ORIENTED_EDGE ( 'NONE', *, *, #1095, .F. ) ;
#557 = CARTESIAN_POINT ( 'NONE',  ( 0.000000000000000000, 0.000000000000000000, -40.00000000000000000 ) ) ;
#558 = ORIENTED_EDGE ( 'NONE', *, *, #839, .F. ) ;
#559 = EDGE_LOOP ( 'NONE', ( #657, #1171, #32, #50 ) ) ;
#560 = DIRECTION ( 'NONE',  ( 0.000000000000000000, 0.000000000000000000, 1.000000000000000000 ) ) ;
#561 = AXIS2_PLACEMENT_3D ( 'NONE', #1369, #125, #617 ) ;
#562 = EDGE_LOOP ( 'NONE', ( #1518, #102, #959, #876 ) ) ;
#563 = ORIENTED_EDGE ( 'NONE', *, *, #1138, .T. ) ;
#564 = DIRECTION ( 'NONE',  ( 0.000000000000000000, 0.000000000000000000, 1.000000000000000000 ) ) ;
#565 = DIRECTION ( 'NONE',  ( -0.000000000000000000, -1.000000000000000000, -0.000000000000000000 ) ) ;
#566 = VECTOR ( 'NONE', #274, 1000.000000000000000 ) ;
#567 = VECTOR ( 'NONE', #648, 1000.000000000000000 ) ;
#568 = VERTEX_POINT ( 'NONE', #883 ) ;
#569 = LINE ( 'NONE', #265, #537 ) ;
#570 = DIRECTION ( 'NONE',  ( 3.273063162220390942E-17, 0.000000000000000000, 1.000000000000000000 ) ) ;
#571 = PRODUCT_DEFINITION ( 'UNKNOWN', '', #271, #1004 ) ;
#572 = CYLINDRICAL_SURFACE ( 'NONE', #886, 2.099999999999999645 ) ;
#573 = EDGE_CURVE ( 'NONE', #8, #997, #259, .T. ) ;
#574 = EDGE_LOOP ( 'NONE', ( #1298, #82 ) ) ;
#575 = CARTESIAN_POINT ( 'NONE',  ( -90.00000000000000000, 0.000000000000000000, 9.999999999999998224 ) ) ;
#576 = CARTESIAN_POINT ( 'NONE',  ( -14.84924240491737102, 0.000000000000000000, -14.84924240491763392 ) ) ;
#577 = EDGE_CURVE ( 'NONE', #816, #691, #1413, .T. ) ;
#578 = VERTEX_POINT ( 'NONE', #153 ) ;
#579 = VERTEX_POINT ( 'NONE', #1140 ) ;
#580 = DIRECTION ( 'NONE',  ( -0.000000000000000000, 1.000000000000000000, -0.000000000000000000 ) ) ;
#581 = VECTOR ( 'NONE', #906, 1000.000000000000000 ) ;
#582 = DIRECTION ( 'NONE',  ( 0.000000000000000000, -0.000000000000000000, -1.000000000000000000 ) ) ;
#583 = CARTESIAN_POINT ( 'NONE',  ( -90.00000000000000000, 20.00000000000000000, -10.24999999999998401 ) ) ;
#584 = CIRCLE ( 'NONE', #1151, 2.099999999999999645 ) ;
#585 = CARTESIAN_POINT ( 'NONE',  ( 34.64101615137754209, 20.00000000000000000, 20.00000000000001421 ) ) ;
#586 = AXIS2_PLACEMENT_3D ( 'NONE', #585, #356, #1475 ) ;
#587 = VECTOR ( 'NONE', #692, 1000.000000000000000 ) ;
#588 = EDGE_LOOP ( 'NONE', ( #261, #728 ) ) ;
#589 = CARTESIAN_POINT ( 'NONE',  ( -21.00000000000000000, -5.939696961967007027, -2.100000000000146638 ) ) ;
#590 = CARTESIAN_POINT ( 'NONE',  ( 37.00000000000000000, -56.64803615307418028, 10.00000000000000000 ) ) ;
#591 = DIRECTION ( 'NONE',  ( 0.000000000000000000, 1.000000000000000000, 0.000000000000000000 ) ) ;
#592 = FACE_OUTER_BOUND ( 'NONE', #1152, .T. ) ;
#593 = ORIENTED_EDGE ( 'NONE', *, *, #20, .T. ) ;
#594 = EDGE_CURVE ( 'NONE', #887, #866, #768, .T. ) ;
#595 = ADVANCED_FACE ( 'NONE', ( #1149 ), #40, .T. ) ;
#596 = ORIENTED_EDGE ( 'NONE', *, *, #260, .T. ) ;
#597 = CARTESIAN_POINT ( 'NONE',  ( 0.000000000000000000, 20.00000000000000000, 0.000000000000000000 ) ) ;
#598 = CARTESIAN_POINT ( 'NONE',  ( 14.84924240491768188, 20.00000000000000000, -12.74924240491732164 ) ) ;
#599 = ORIENTED_EDGE ( 'NONE', *, *, #120, .F. ) ;
#600 = FACE_OUTER_BOUND ( 'NONE', #1300, .T. ) ;
#601 = PLANE ( 'NONE',  #330 ) ;
#602 = DIRECTION ( 'NONE',  ( 0.000000000000000000, 0.000000000000000000, 1.000000000000000000 ) ) ;
#603 = DIRECTION ( 'NONE',  ( -0.000000000000000000, -1.000000000000000000, -0.000000000000000000 ) ) ;
#604 = ADVANCED_FACE ( 'NONE', ( #920 ), #1305, .F. ) ;
#605 = VECTOR ( 'NONE', #1212, 1000.000000000000000 ) ;
#606 = SECURITY_CLASSIFICATION ( '', '', #416 ) ;
#607 = AXIS2_PLACEMENT_3D ( 'NONE', #1412, #39, #543 ) ;
#608 = AXIS2_PLACEMENT_3D ( 'NONE', #1564, #64, #469 ) ;
#609 = DIRECTION ( 'NONE',  ( 0.000000000000000000, 0.000000000000000000, 1.000000000000000000 ) ) ;
#610 = DIRECTION ( 'NONE',  ( -0.000000000000000000, 1.000000000000000000, -0.000000000000000000 ) ) ;
#611 = CYLINDRICAL_SURFACE ( 'NONE', #1501, 40.00000000000000000 ) ;
#612 = EDGE_CURVE ( 'NONE', #1281, #908, #1053, .T. ) ;
#613 = VERTEX_POINT ( 'NONE', #38 ) ;
#614 = DIRECTION ( 'NONE',  ( -0.000000000000000000, 0.000000000000000000, 1.000000000000000000 ) ) ;
#615 = LINE ( 'NONE', #1129, #1342 ) ;
#616 = ORIENTED_EDGE ( 'NONE', *, *, #1153, .F. ) ;
#617 = DIRECTION ( 'NONE',  ( 0.000000000000000000, 0.000000000000000000, 1.000000000000000000 ) ) ;
#618 = ORIENTED_EDGE ( 'NONE', *, *, #1240, .F. ) ;
#619 = DIRECTION ( 'NONE',  ( -0.000000000000000000, 1.000000000000000000, -0.000000000000000000 ) ) ;
#620 = ORIENTED_EDGE ( 'NONE', *, *, #107, .T. ) ;
#621 = LINE ( 'NONE', #21, #722 ) ;
#622 = CARTESIAN_POINT ( 'NONE',  ( 34.64101615137754209, 0.000000000000000000, 40.00000000000001421 ) ) ;
#623 = CARTESIAN_POINT ( 'NONE',  ( -14.64101615137753498, 20.00000000000000000, 60.00000000000003553 ) ) ;
#624 = ORIENTED_EDGE ( 'NONE', *, *, #678, .T. ) ;
#625 = VERTEX_POINT ( 'NONE', #1060 ) ;
#626 = EDGE_CURVE ( 'NONE', #698, #1164, #419, .T. ) ;
#627 = ORIENTED_EDGE ( 'NONE', *, *, #420, .F. ) ;
#628 = CARTESIAN_POINT ( 'NONE',  ( -14.84924240491737102, 20.00000000000000000, -14.84924240491763392 ) ) ;
#629 = CIRCLE ( 'NONE', #971, 19.99999999999999645 ) ;
#630 = DIRECTION ( 'NONE',  ( -1.000000000000000000, 0.000000000000000000, -3.273063162220390942E-17 ) ) ;
#631 = ADVANCED_FACE ( 'NONE', ( #449 ), #542, .F. ) ;
#632 = VECTOR ( 'NONE', #431, 1000.000000000000000 ) ;
#633 = PERSON_AND_ORGANIZATION ( #1352, #1180 ) ;
#634 = CARTESIAN_POINT ( 'NONE',  ( 37.00000000000000000, -56.64803615307418028, 10.00000000000000000 ) ) ;
#635 = ORIENTED_EDGE ( 'NONE', *, *, #827, .T. ) ;
#636 = EDGE_LOOP ( 'NONE', ( #1254, #538 ) ) ;
#637 = ORIENTED_EDGE ( 'NONE', *, *, #696, .T. ) ;
#638 = EDGE_CURVE ( 'NONE', #908, #1252, #1554, .T. ) ;
#639 = DIRECTION ( 'NONE',  ( 1.000000000000000000, 0.000000000000000000, 1.880153885107817893E-16 ) ) ;
#640 = PERSON_AND_ORGANIZATION_ROLE ( 'design_owner' ) ;
#641 = CARTESIAN_POINT ( 'NONE',  ( 34.64101615137755630, 0.000000000000000000, -19.99999999999999289 ) ) ;
#643 = DIRECTION ( 'NONE',  ( -0.000000000000000000, 1.000000000000000000, -0.000000000000000000 ) ) ;
#642 = FACE_OUTER_BOUND ( 'NONE', #1427, .T. ) ;
#644 = EDGE_LOOP ( 'NONE', ( #770, #1037, #661, #671 ) ) ;
#645 = CARTESIAN_POINT ( 'NONE',  ( 0.000000000000000000, -56.64803615307418028, 16.00000000000000000 ) ) ;
#646 = APPROVAL_STATUS ( 'not_yet_approved' ) ;
#648 = DIRECTION ( 'NONE',  ( -0.000000000000000000, -0.000000000000000000, -1.000000000000000000 ) ) ;
#647 = CARTESIAN_POINT ( 'NONE',  ( -14.84924240491737102, 0.000000000000000000, -14.84924240491763392 ) ) ;
#649 = VECTOR ( 'NONE', #872, 1000.000000000000000 ) ;
#650 = ORIENTED_EDGE ( 'NONE', *, *, #985, .T. ) ;
#651 = CARTESIAN_POINT ( 'NONE',  ( 90.00000000000000000, 20.00000000000000000, -9.999999999999998224 ) ) ;
#652 = VECTOR ( 'NONE', #88, 1000.000000000000000 ) ;
#653 = EDGE_LOOP ( 'NONE', ( #1327, #738, #1000, #690 ) ) ;
#654 = CIRCLE ( 'NONE', #201, 2.099999999999999645 ) ;
#655 = DIRECTION ( 'NONE',  ( -0.000000000000000000, 1.000000000000000000, -0.000000000000000000 ) ) ;
#656 = EDGE_CURVE ( 'NONE', #1164, #698, #1404, .T. ) ;
#657 = ORIENTED_EDGE ( 'NONE', *, *, #1558, .T. ) ;
#658 = CARTESIAN_POINT ( 'NONE',  ( -21.00000000000000000, -5.939696961967007027, -1.466422162314116009E-13 ) ) ;
#659 = VERTEX_POINT ( 'NONE', #1023 ) ;
#660 = DIRECTION ( 'NONE',  ( -0.000000000000000000, -1.000000000000000000, -0.000000000000000000 ) ) ;
#661 = ORIENTED_EDGE ( 'NONE', *, *, #41, .F. ) ;
#662 = CYLINDRICAL_SURFACE ( 'NONE', #1341, 9.749999999999998224 ) ;
#663 = DIRECTION ( 'NONE',  ( -1.880153885107817893E-16, 0.000000000000000000, -1.000000000000000000 ) ) ;
#664 = CARTESIAN_POINT ( 'NONE',  ( 21.00000000000000000, 20.00000000000000000, -2.100000000000000533 ) ) ;
#665 = VECTOR ( 'NONE', #1373, 1000.000000000000000 ) ;
#666 = ORIENTED_EDGE ( 'NONE', *, *, #410, .F. ) ;
#667 = LINE ( 'NONE', #787, #114 ) ;
#668 = EDGE_LOOP ( 'NONE', ( #783, #531, #309, #616 ) ) ;
#669 = DIRECTION ( 'NONE',  ( -0.000000000000000000, 1.000000000000000000, -0.000000000000000000 ) ) ;
#670 = MANIFOLD_SOLID_BREP ( 'Fillet2', #313 ) ;
#671 = ORIENTED_EDGE ( 'NONE', *, *, #891, .F. ) ;
#672 = CARTESIAN_POINT ( 'NONE',  ( 2.202205001749383553E-13, 20.00000000000000000, -23.09999999999999787 ) ) ;
#673 = ORIENTED_EDGE ( 'NONE', *, *, #60, .T. ) ;
#674 = CARTESIAN_POINT ( 'NONE',  ( 90.00000000000000000, 20.00000000000000000, -19.99999999999998224 ) ) ;
#675 = EDGE_CURVE ( 'NONE', #578, #1322, #1040, .T. ) ;
#676 = ADVANCED_FACE ( 'NONE', ( #1220 ), #1606, .F. ) ;
#677 = CARTESIAN_POINT ( 'NONE',  ( -34.64101615137754209, 20.00000000000000000, 20.00000000000001421 ) ) ;
#678 = EDGE_CURVE ( 'NONE', #1216, #579, #477, .T. ) ;
#679 = CIRCLE ( 'NONE', #334, 2.100000000000000977 ) ;
#680 = CARTESIAN_POINT ( 'NONE',  ( -80.25000000000000000, 20.00000000000000000, 20.00000000000001066 ) ) ;
#681 = CARTESIAN_POINT ( 'NONE',  ( -80.25000000000000000, 0.000000000000000000, 20.00000000000001066 ) ) ;
#682 = VECTOR ( 'NONE', #1271, 1000.000000000000000 ) ;
#683 = ORIENTED_EDGE ( 'NONE', *, *, #1161, .T. ) ;
#684 = DIRECTION ( 'NONE',  ( -0.000000000000000000, -1.000000000000000000, -0.000000000000000000 ) ) ;
#685 = EDGE_LOOP ( 'NONE', ( #318, #408, #1377, #143 ) ) ;
#686 = CARTESIAN_POINT ( 'NONE',  ( 90.00000000000000000, 20.00000000000000000, 20.00000000000001066 ) ) ;
#687 = CARTESIAN_POINT ( 'NONE',  ( 21.00000000000000000, -5.939696961967007027, 2.100000000000000533 ) ) ;
#688 = ORIENTED_EDGE ( 'NONE', *, *, #18, .T. ) ;
#689 = EDGE_CURVE ( 'NONE', #286, #659, #277, .T. ) ;
#690 = ORIENTED_EDGE ( 'NONE', *, *, #1150, .T. ) ;
#691 = VERTEX_POINT ( 'NONE', #715 ) ;
#692 = DIRECTION ( 'NONE',  ( -0.000000000000000000, 1.000000000000000000, -0.000000000000000000 ) ) ;
#693 = DIRECTION ( 'NONE',  ( -0.000000000000000000, 1.000000000000000000, -0.000000000000000000 ) ) ;
#694 = DIRECTION ( 'NONE',  ( -0.000000000000000000, -1.000000000000000000, -0.000000000000000000 ) ) ;
#695 = LINE ( 'NONE', #687, #14 ) ;
#696 = EDGE_CURVE ( 'NONE', #1252, #816, #104, .T. ) ;
#697 = DIRECTION ( 'NONE',  ( -0.000000000000000000, 1.000000000000000000, -0.000000000000000000 ) ) ;
#698 = VERTEX_POINT ( 'NONE', #836 ) ;
#699 = CARTESIAN_POINT ( 'NONE',  ( -7.332110811570580046E-14, -5.939696961967007027, 23.10000000000000142 ) ) ;
#700 = AXIS2_PLACEMENT_3D ( 'NONE', #494, #591, #1336 ) ;
#701 = DIRECTION ( 'NONE',  ( 0.000000000000000000, 0.000000000000000000, 1.000000000000000000 ) ) ;
#702 =( LENGTH_UNIT ( ) NAMED_UNIT ( * ) SI_UNIT ( .MILLI., .METRE. ) );
#703 = CARTESIAN_POINT ( 'NONE',  ( -34.64101615137755630, 0.000000000000000000, -19.99999999999999289 ) ) ;
#704 = AXIS2_PLACEMENT_3D ( 'NONE', #1337, #967, #813 ) ;
#705 = EDGE_CURVE ( 'NONE', #204, #1502, #199, .T. ) ;
#706 = EDGE_LOOP ( 'NONE', ( #293, #1510, #58, #1307, #520, #127, #1416, #336, #747, #515, #824, #325, #789, #1420, #716, #37, #269, #290, #1182, #241, #955, #1442, #732, #1019, #596 ) ) ;
#707 = DIRECTION ( 'NONE',  ( 0.000000000000000000, 0.000000000000000000, 1.000000000000000000 ) ) ;
#708 = FACE_BOUND ( 'NONE', #193, .T. ) ;
#709 = DIRECTION ( 'NONE',  ( -1.000000000000000000, 0.000000000000000000, 6.267179617026058410E-17 ) ) ;
#710 = CARTESIAN_POINT ( 'NONE',  ( 90.00000000000000000, 20.00000000000000000, -10.24999999999998401 ) ) ;
#711 = ORIENTED_EDGE ( 'NONE', *, *, #1113, .F. ) ;
#712 = AXIS2_PLACEMENT_3D ( 'NONE', #798, #1058, #1323 ) ;
#713 = FACE_OUTER_BOUND ( 'NONE', #400, .T. ) ;
#714 = CARTESIAN_POINT ( 'NONE',  ( -21.00000000000000000, 0.000000000000000000, -1.466422162314116009E-13 ) ) ;
#715 = CARTESIAN_POINT ( 'NONE',  ( -90.00000000000000000, 20.00000000000000000, 9.999999999999998224 ) ) ;
#716 = ORIENTED_EDGE ( 'NONE', *, *, #496, .F. ) ;
#717 = EDGE_CURVE ( 'NONE', #613, #1348, #695, .T. ) ;
#718 = CARTESIAN_POINT ( 'NONE',  ( 14.64101615137753853, 20.00000000000000000, 40.00000000000001421 ) ) ;
#719 = DIRECTION ( 'NONE',  ( 0.000000000000000000, 0.000000000000000000, 1.000000000000000000 ) ) ;
#720 = AXIS2_PLACEMENT_3D ( 'NONE', #658, #455, #914 ) ;
#721 = AXIS2_PLACEMENT_3D ( 'NONE', #345, #1601, #351 ) ;
#722 = VECTOR ( 'NONE', #150, 1000.000000000000000 ) ;
#723 = ORIENTED_EDGE ( 'NONE', *, *, #793, .F. ) ;
#724 = CYLINDRICAL_SURFACE ( 'NONE', #115, 16.00000000000000000 ) ;
#725 = DIRECTION ( 'NONE',  ( 0.000000000000000000, 0.000000000000000000, 1.000000000000000000 ) ) ;
#726 = APPROVAL_DATE_TIME ( #736, #1374 ) ;
#727 = DIRECTION ( 'NONE',  ( -0.000000000000000000, 0.000000000000000000, 1.000000000000000000 ) ) ;
#728 = ORIENTED_EDGE ( 'NONE', *, *, #689, .F. ) ;
#729 = EDGE_CURVE ( 'NONE', #1502, #204, #968, .T. ) ;
#730 = DIRECTION ( 'NONE',  ( 0.000000000000000000, 0.000000000000000000, -1.000000000000000000 ) ) ;
#731 = DIRECTION ( 'NONE',  ( -0.000000000000000000, -1.000000000000000000, -0.000000000000000000 ) ) ;
#732 = ORIENTED_EDGE ( 'NONE', *, *, #1411, .F. ) ;
#733 = CARTESIAN_POINT ( 'NONE',  ( -14.84924240491757885, -5.939696961967007027, 14.84924240491742076 ) ) ;
#734 = ORIENTED_EDGE ( 'NONE', *, *, #705, .T. ) ;
#735 = CARTESIAN_POINT ( 'NONE',  ( -14.84924240491737102, 0.000000000000000000, -16.94924240491763712 ) ) ;
#736 = DATE_AND_TIME ( #1365, #1015 ) ;
#737 = AXIS2_PLACEMENT_3D ( 'NONE', #1068, #446, #1201 ) ;
#738 = ORIENTED_EDGE ( 'NONE', *, *, #420, .T. ) ;
#739 = DIRECTION ( 'NONE',  ( -0.000000000000000000, 1.000000000000000000, -0.000000000000000000 ) ) ;
#740 = ORIENTED_EDGE ( 'NONE', *, *, #478, .T. ) ;
#741 = ORIENTED_EDGE ( 'NONE', *, *, #2, .T. ) ;
#742 = DIRECTION ( 'NONE',  ( 0.000000000000000000, 1.000000000000000000, 0.000000000000000000 ) ) ;
#743 = VERTEX_POINT ( 'NONE', #495 ) ;
#744 = CALENDAR_DATE ( 2026, 31, 7 ) ;
#745 = DIRECTION ( 'NONE',  ( -0.000000000000000000, 1.000000000000000000, -0.000000000000000000 ) ) ;
#746 = DIRECTION ( 'NONE',  ( -0.000000000000000000, 1.000000000000000000, -0.000000000000000000 ) ) ;
#747 = ORIENTED_EDGE ( 'NONE', *, *, #1153, .T. ) ;
#748 = CARTESIAN_POINT ( 'NONE',  ( 34.64101615137755630, 20.00000000000000000, -19.99999999999999289 ) ) ;
#749 = EDGE_CURVE ( 'NONE', #1567, #8, #223, .T. ) ;
#750 = AXIS2_PLACEMENT_3D ( 'NONE', #1314, #818, #195 ) ;
#751 = CIRCLE ( 'NONE', #1522, 2.100000000000000089 ) ;
#752 = VERTEX_POINT ( 'NONE', #216 ) ;
#753 = VECTOR ( 'NONE', #1196, 1000.000000000000000 ) ;
#754 = VERTEX_POINT ( 'NONE', #703 ) ;
#755 = AXIS2_PLACEMENT_3D ( 'NONE', #1497, #855, #1242 ) ;
#756 = LINE ( 'NONE', #396, #1097 ) ;
#757 = AXIS2_PLACEMENT_3D ( 'NONE', #1437, #1315, #300 ) ;
#758 = CARTESIAN_POINT ( 'NONE',  ( -37.00000000000000000, -56.64803615307418028, 10.00000000000000000 ) ) ;
#759 = PERSON_AND_ORGANIZATION_ROLE ( 'creator' ) ;
#760 = LINE ( 'NONE', #1269, #1473 ) ;
#761 = VERTEX_POINT ( 'NONE', #1213 ) ;
#762 = CARTESIAN_POINT ( 'NONE',  ( -90.00000000000000000, 20.00000000000000000, -19.99999999999998224 ) ) ;
#763 = ORIENTED_EDGE ( 'NONE', *, *, #729, .T. ) ;
#764 = ORIENTED_EDGE ( 'NONE', *, *, #1481, .F. ) ;
#765 = DIRECTION ( 'NONE',  ( -0.000000000000000000, -0.000000000000000000, 1.000000000000000000 ) ) ;
#766 = DATE_AND_TIME ( #1409, #835 ) ;
#767 = ADVANCED_FACE ( 'NONE', ( #236 ), #1204, .F. ) ;
#768 = LINE ( 'NONE', #163, #567 ) ;
#769 = AXIS2_PLACEMENT_3D ( 'NONE', #1028, #1267, #429 ) ;
#770 = ORIENTED_EDGE ( 'NONE', *, *, #311, .T. ) ;
#771 = DIRECTION ( 'NONE',  ( 0.000000000000000000, 0.000000000000000000, 1.000000000000000000 ) ) ;
#772 = EDGE_CURVE ( 'NONE', #266, #1457, #486, .T. ) ;
#773 = ORIENTED_EDGE ( 'NONE', *, *, #190, .F. ) ;
#774 = ADVANCED_FACE ( 'NONE', ( #592 ), #1228, .F. ) ;
#775 = ORIENTED_EDGE ( 'NONE', *, *, #985, .F. ) ;
#776 = CIRCLE ( 'NONE', #200, 40.00000000000000000 ) ;
#777 = ORIENTED_EDGE ( 'NONE', *, *, #803, .T. ) ;
#778 = CARTESIAN_POINT ( 'NONE',  ( 14.64101615137753853, 20.00000000000000000, 40.00000000000001421 ) ) ;
#779 = DIRECTION ( 'NONE',  ( 0.000000000000000000, 1.000000000000000000, 0.000000000000000000 ) ) ;
#780 = AXIS2_PLACEMENT_3D ( 'NONE', #1310, #779, #1291 ) ;
#781 = ORIENTED_EDGE ( 'NONE', *, *, #468, .T. ) ;
#782 = CARTESIAN_POINT ( 'NONE',  ( -90.00000000000000000, -56.64803615307418028, -9.999999999999998224 ) ) ;
#783 = ORIENTED_EDGE ( 'NONE', *, *, #1506, .T. ) ;
#784 = VECTOR ( 'NONE', #859, 1000.000000000000000 ) ;
#785 = DIRECTION ( 'NONE',  ( -0.000000000000000000, -1.000000000000000000, -0.000000000000000000 ) ) ;
#786 = ORIENTED_EDGE ( 'NONE', *, *, #178, .F. ) ;
#787 = CARTESIAN_POINT ( 'NONE',  ( -90.00000000000000000, 0.000000000000000000, -19.99999999999998224 ) ) ;
#788 = CARTESIAN_POINT ( 'NONE',  ( 14.84924240491747582, -5.939696961967007027, 12.74924240491752592 ) ) ;
#789 = ORIENTED_EDGE ( 'NONE', *, *, #821, .F. ) ;
#790 = CARTESIAN_POINT ( 'NONE',  ( 90.00000000000000000, 0.000000000000000000, 9.999999999999998224 ) ) ;
#791 = LINE ( 'NONE', #921, #811 ) ;
#792 = EDGE_CURVE ( 'NONE', #887, #1045, #230, .T. ) ;
#793 = EDGE_CURVE ( 'NONE', #138, #1372, #386, .T. ) ;
#794 = VERTEX_POINT ( 'NONE', #366 ) ;
#795 = DIRECTION ( 'NONE',  ( 0.000000000000000000, 0.000000000000000000, 1.000000000000000000 ) ) ;
#796 = CYLINDRICAL_SURFACE ( 'NONE', #720, 2.100000000000000089 ) ;
#797 = CARTESIAN_POINT ( 'NONE',  ( -14.64101615137754209, 0.000000000000000000, 40.00000000000002842 ) ) ;
#798 = CARTESIAN_POINT ( 'NONE',  ( -37.00000000000000000, -56.64803615307418028, 10.00000000000000000 ) ) ;
#799 = VERTEX_POINT ( 'NONE', #598 ) ;
#800 = CYLINDRICAL_SURFACE ( 'NONE', #750, 2.100000000000000089 ) ;
#801 = DIRECTION ( 'NONE',  ( 0.000000000000000000, 1.000000000000000000, 0.000000000000000000 ) ) ;
#802 = CARTESIAN_POINT ( 'NONE',  ( -34.64101615137754209, 20.00000000000000000, 20.00000000000001421 ) ) ;
#803 = EDGE_CURVE ( 'NONE', #138, #912, #841, .T. ) ;
#804 = ORIENTED_EDGE ( 'NONE', *, *, #626, .F. ) ;
#805 = DIRECTION ( 'NONE',  ( 0.000000000000000000, 1.000000000000000000, 0.000000000000000000 ) ) ;
#806 = VECTOR ( 'NONE', #697, 1000.000000000000000 ) ;
#807 = ADVANCED_FACE ( 'NONE', ( #1070 ), #1572, .T. ) ;
#808 = VERTEX_POINT ( 'NONE', #946 ) ;
#809 = LINE ( 'NONE', #817, #1436 ) ;
#810 = CC_DESIGN_APPROVAL ( #1374, ( #606 ) ) ;
#811 = VECTOR ( 'NONE', #565, 1000.000000000000000 ) ;
#812 = CIRCLE ( 'NONE', #329, 2.099999999999999645 ) ;
#813 = DIRECTION ( 'NONE',  ( 0.000000000000000000, 0.000000000000000000, 1.000000000000000000 ) ) ;
#814 = VECTOR ( 'NONE', #246, 1000.000000000000000 ) ;
#815 = EDGE_LOOP ( 'NONE', ( #545, #1539 ) ) ;
#816 = VERTEX_POINT ( 'NONE', #1456 ) ;
#817 = CARTESIAN_POINT ( 'NONE',  ( 34.64101615137754209, 0.000000000000000000, 60.00000000000001421 ) ) ;
#818 = DIRECTION ( 'NONE',  ( -0.000000000000000000, 1.000000000000000000, -0.000000000000000000 ) ) ;
#819 = DIRECTION ( 'NONE',  ( 0.000000000000000000, 0.000000000000000000, 1.000000000000000000 ) ) ;
#820 = DIRECTION ( 'NONE',  ( 0.000000000000000000, 1.000000000000000000, 0.000000000000000000 ) ) ;
#821 = EDGE_CURVE ( 'NONE', #938, #754, #1498, .T. ) ;
#822 = LINE ( 'NONE', #498, #1360 ) ;
#823 = VECTOR ( 'NONE', #194, 1000.000000000000000 ) ;
#824 = ORIENTED_EDGE ( 'NONE', *, *, #1338, .T. ) ;
#825 = DIRECTION ( 'NONE',  ( 1.000000000000000000, -0.000000000000000000, -4.006172263299092887E-16 ) ) ;
#826 = DIRECTION ( 'NONE',  ( 0.000000000000000000, 0.000000000000000000, 1.000000000000000000 ) ) ;
#827 = EDGE_CURVE ( 'NONE', #1248, #881, #1287, .T. ) ;
#828 = DIRECTION ( 'NONE',  ( 0.000000000000000000, 0.000000000000000000, -1.000000000000000000 ) ) ;
#829 = CARTESIAN_POINT ( 'NONE',  ( -34.64101615137755630, 20.00000000000000000, -19.99999999999999289 ) ) ;
#830 = EDGE_CURVE ( 'NONE', #997, #961, #92, .T. ) ;
#831 = ORIENTED_EDGE ( 'NONE', *, *, #1095, .T. ) ;
#832 = DIRECTION ( 'NONE',  ( 0.000000000000000000, 0.000000000000000000, 1.000000000000000000 ) ) ;
#833 = PRODUCT ( 'Link2LShapeConnectorUpper_Default_sldprt', 'Link2LShapeConnectorUpper_Default_sldprt', '', ( #397 ) ) ;
#834 = CARTESIAN_POINT ( 'NONE',  ( -21.00000000000000000, 0.000000000000000000, -2.100000000000146638 ) ) ;
#835 = LOCAL_TIME ( 13, 49, 1.000000000000000000, #1485 ) ;
#836 = CARTESIAN_POINT ( 'NONE',  ( -21.00000000000000000, 20.00000000000000000, 2.099999999999853095 ) ) ;
#837 = AXIS2_PLACEMENT_3D ( 'NONE', #1294, #785, #55 ) ;
#838 = ORIENTED_EDGE ( 'NONE', *, *, #1411, .T. ) ;
#839 = EDGE_CURVE ( 'NONE', #1405, #286, #848, .T. ) ;
#840 = CARTESIAN_POINT ( 'NONE',  ( 21.00000000000000000, -5.939696961967007027, -2.100000000000000533 ) ) ;
#841 = LINE ( 'NONE', #1350, #753 ) ;
#842 = EDGE_CURVE ( 'NONE', #1133, #1414, #368, .T. ) ;
#843 = AXIS2_PLACEMENT_3D ( 'NONE', #851, #1383, #725 ) ;
#844 = CYLINDRICAL_SURFACE ( 'NONE', #1079, 2.099999999999997868 ) ;
#845 = AXIS2_PLACEMENT_3D ( 'NONE', #951, #458, #1313 ) ;
#846 = DIRECTION ( 'NONE',  ( -0.000000000000000000, 1.000000000000000000, -0.000000000000000000 ) ) ;
#847 = CARTESIAN_POINT ( 'NONE',  ( -34.64101615137755630, 0.000000000000000000, -19.99999999999999289 ) ) ;
#848 = LINE ( 'NONE', #1082, #489 ) ;
#849 = ORIENTED_EDGE ( 'NONE', *, *, #1466, .F. ) ;
#850 = CARTESIAN_POINT ( 'NONE',  ( 14.84924240491747582, -5.939696961967007027, 16.94924240491752343 ) ) ;
#851 = CARTESIAN_POINT ( 'NONE',  ( -14.84924240491737102, 20.00000000000000000, -14.84924240491763392 ) ) ;
#852 = DIRECTION ( 'NONE',  ( -0.000000000000000000, 1.000000000000000000, -0.000000000000000000 ) ) ;
#853 = PERSON_AND_ORGANIZATION ( #1352, #1180 ) ;
#854 = CARTESIAN_POINT ( 'NONE',  ( 14.84924240491747582, 20.00000000000000000, 16.94924240491752343 ) ) ;
#855 = DIRECTION ( 'NONE',  ( -0.000000000000000000, -1.000000000000000000, -0.000000000000000000 ) ) ;
#856 = AXIS2_PLACEMENT_3D ( 'NONE', #99, #331, #709 ) ;
#857 = CARTESIAN_POINT ( 'NONE',  ( 90.00000000000000000, 0.000000000000000000, 20.00000000000001066 ) ) ;
#858 = ORIENTED_EDGE ( 'NONE', *, *, #289, .T. ) ;
#859 = DIRECTION ( 'NONE',  ( -1.000000000000000000, 0.000000000000000000, -6.267179617026058410E-17 ) ) ;
#860 = ORIENTED_EDGE ( 'NONE', *, *, #1584, .F. ) ;
#861 = PERSON_AND_ORGANIZATION ( #1352, #1180 ) ;
#862 = ORIENTED_EDGE ( 'NONE', *, *, #5, .F. ) ;
#863 = ADVANCED_FACE ( 'NONE', ( #642 ), #1132, .T. ) ;
#864 = CARTESIAN_POINT ( 'NONE',  ( 90.00000000000000000, 20.00000000000000000, 10.25000000000000888 ) ) ;
#865 = DIRECTION ( 'NONE',  ( -0.000000000000000000, -0.000000000000000000, -1.000000000000000000 ) ) ;
#866 = VERTEX_POINT ( 'NONE', #459 ) ;
#867 = CARTESIAN_POINT ( 'NONE',  ( -14.84924240491757885, 20.00000000000000000, 12.74924240491742289 ) ) ;
#868 = ORIENTED_EDGE ( 'NONE', *, *, #1226, .T. ) ;
#869 = PERSON_AND_ORGANIZATION ( #1352, #1180 ) ;
#870 = DIRECTION ( 'NONE',  ( -0.000000000000000000, -1.000000000000000000, -0.000000000000000000 ) ) ;
#871 = CIRCLE ( 'NONE', #1381, 19.99999999999999645 ) ;
#872 = DIRECTION ( 'NONE',  ( -1.000000000000000000, -0.000000000000000000, -3.273063162220390942E-17 ) ) ;
#873 = ORIENTED_EDGE ( 'NONE', *, *, #258, .T. ) ;
#874 = ADVANCED_FACE ( 'NONE', ( #1041 ), #572, .F. ) ;
#875 = DIRECTION ( 'NONE',  ( -1.000000000000000000, 0.000000000000000000, 3.273063162220390942E-17 ) ) ;
#876 = ORIENTED_EDGE ( 'NONE', *, *, #1215, .F. ) ;
#877 = VERTEX_POINT ( 'NONE', #1417 ) ;
#878 = CARTESIAN_POINT ( 'NONE',  ( 37.00000000000000000, 20.00000000000000000, 10.00000000000000000 ) ) ;
#879 = PERSON_AND_ORGANIZATION ( #1352, #1180 ) ;
#880 = CARTESIAN_POINT ( 'NONE',  ( 0.000000000000000000, 20.00000000000000000, 0.000000000000000000 ) ) ;
#881 = VERTEX_POINT ( 'NONE', #1295 ) ;
#882 = AXIS2_PLACEMENT_3D ( 'NONE', #1389, #663, #1582 ) ;
#883 = CARTESIAN_POINT ( 'NONE',  ( 14.64101615137754919, 0.000000000000000000, 60.00000000000002132 ) ) ;
#884 = AXIS2_PLACEMENT_3D ( 'NONE', #548, #1538, #1029 ) ;
#885 = LOCAL_TIME ( 13, 49, 1.000000000000000000, #516 ) ;
#886 = AXIS2_PLACEMENT_3D ( 'NONE', #1279, #1429, #198 ) ;
#887 = VERTEX_POINT ( 'NONE', #1054 ) ;
#888 = CIRCLE ( 'NONE', #1018, 40.00000000000000000 ) ;
#889 = VERTEX_POINT ( 'NONE', #441 ) ;
#890 = AXIS2_PLACEMENT_3D ( 'NONE', #1261, #145, #528 ) ;
#891 = EDGE_CURVE ( 'NONE', #147, #57, #791, .T. ) ;
#892 = AXIS2_PLACEMENT_3D ( 'NONE', #1167, #47, #564 ) ;
#893 = CARTESIAN_POINT ( 'NONE',  ( -34.64101615137754209, 0.000000000000000000, 20.00000000000001421 ) ) ;
#894 = PERSON_AND_ORGANIZATION_ROLE ( 'classification_officer' ) ;
#895 = ORIENTED_EDGE ( 'NONE', *, *, #484, .T. ) ;
#896 = CYLINDRICAL_SURFACE ( 'NONE', #890, 2.100000000000000977 ) ;
#897 = ADVANCED_FACE ( 'NONE', ( #450 ), #1540, .T. ) ;
#898 = ORIENTED_EDGE ( 'NONE', *, *, #1031, .F. ) ;
#899 = EDGE_CURVE ( 'NONE', #16, #553, #310, .T. ) ;
#900 = LINE ( 'NONE', #782, #154 ) ;
#901 = VECTOR ( 'NONE', #422, 1000.000000000000000 ) ;
#902 = ORIENTED_EDGE ( 'NONE', *, *, #1587, .T. ) ;
#903 = LINE ( 'NONE', #172, #539 ) ;
#904 = CIRCLE ( 'NONE', #106, 16.00000000000000000 ) ;
#905 = ORIENTED_EDGE ( 'NONE', *, *, #656, .T. ) ;
#906 = DIRECTION ( 'NONE',  ( -0.000000000000000000, 1.000000000000000000, -0.000000000000000000 ) ) ;
#907 = CARTESIAN_POINT ( 'NONE',  ( 2.199633243471174140E-13, -5.939696961967007027, -20.99999999999999645 ) ) ;
#908 = VERTEX_POINT ( 'NONE', #681 ) ;
#909 = CARTESIAN_POINT ( 'NONE',  ( -80.25000000000000000, 20.00000000000000000, -10.24999999999998401 ) ) ;
#910 = EDGE_CURVE ( 'NONE', #252, #659, #162, .T. ) ;
#911 = AXIS2_PLACEMENT_3D ( 'NONE', #797, #684, #1450 ) ;
#912 = VERTEX_POINT ( 'NONE', #672 ) ;
#913 = DIRECTION ( 'NONE',  ( -0.000000000000000000, -1.000000000000000000, -0.000000000000000000 ) ) ;
#914 = DIRECTION ( 'NONE',  ( 0.000000000000000000, 0.000000000000000000, 1.000000000000000000 ) ) ;
#915 = AXIS2_PLACEMENT_3D ( 'NONE', #166, #1419, #1184 ) ;
#916 = ORIENTED_EDGE ( 'NONE', *, *, #120, .T. ) ;
#917 = CIRCLE ( 'NONE', #1020, 2.100000000000000977 ) ;
#918 = CARTESIAN_POINT ( 'NONE',  ( 0.000000000000000000, 20.00000000000000000, -40.00000000000000000 ) ) ;
#919 = ADVANCED_FACE ( 'NONE', ( #66 ), #662, .T. ) ;
#920 = FACE_OUTER_BOUND ( 'NONE', #1379, .T. ) ;
#921 = CARTESIAN_POINT ( 'NONE',  ( -34.64101615137754209, 20.00000000000000000, 20.00000000000001421 ) ) ;
#922 = ORIENTED_EDGE ( 'NONE', *, *, #830, .F. ) ;
#923 = CARTESIAN_POINT ( 'NONE',  ( 14.84924240491768188, 20.00000000000000000, -14.84924240491732128 ) ) ;
#924 = CARTESIAN_POINT ( 'NONE',  ( 2.199633243471174140E-13, 0.000000000000000000, -18.89999999999999503 ) ) ;
#925 = CARTESIAN_POINT ( 'NONE',  ( -14.64101615137754209, 20.00000000000000000, 40.00000000000002842 ) ) ;
#926 = ADVANCED_FACE ( 'NONE', ( #301 ), #179, .F. ) ;
#927 = EDGE_LOOP ( 'NONE', ( #465, #1270, #305, #474 ) ) ;
#928 = DIRECTION ( 'NONE',  ( -0.000000000000000000, -1.000000000000000000, -0.000000000000000000 ) ) ;
#929 = VECTOR ( 'NONE', #765, 1000.000000000000000 ) ;
#930 = EDGE_CURVE ( 'NONE', #8, #1567, #1181, .T. ) ;
#931 = VECTOR ( 'NONE', #1578, 1000.000000000000000 ) ;
#932 = ORIENTED_EDGE ( 'NONE', *, *, #1044, .F. ) ;
#933 = CARTESIAN_POINT ( 'NONE',  ( -7.332110811570580046E-14, 20.00000000000000000, 21.00000000000000000 ) ) ;
#934 = DIRECTION ( 'NONE',  ( 1.000000000000000000, 0.000000000000000000, -3.273063162220390942E-17 ) ) ;
#935 = CARTESIAN_POINT ( 'NONE',  ( -7.332110811570580046E-14, 20.00000000000000000, 21.00000000000000000 ) ) ;
#936 = DIRECTION ( 'NONE',  ( -0.000000000000000000, -1.000000000000000000, -0.000000000000000000 ) ) ;
#937 = ORIENTED_EDGE ( 'NONE', *, *, #105, .T. ) ;
#938 = VERTEX_POINT ( 'NONE', #557 ) ;
#939 = VECTOR ( 'NONE', #529, 1000.000000000000000 ) ;
#940 = DIRECTION ( 'NONE',  ( -0.000000000000000000, -1.000000000000000000, -0.000000000000000000 ) ) ;
#941 = DIRECTION ( 'NONE',  ( 0.000000000000000000, 0.000000000000000000, 1.000000000000000000 ) ) ;
#942 = AXIS2_PLACEMENT_3D ( 'NONE', #1077, #846, #476 ) ;
#943 = ORIENTED_EDGE ( 'NONE', *, *, #1115, .T. ) ;
#944 = DIRECTION ( 'NONE',  ( 0.000000000000000000, 1.000000000000000000, 0.000000000000000000 ) ) ;
#945 = LINE ( 'NONE', #1435, #1525 ) ;
#946 = CARTESIAN_POINT ( 'NONE',  ( 14.84924240491768188, 0.000000000000000000, -12.74924240491732164 ) ) ;
#947 = AXIS2_PLACEMENT_3D ( 'NONE', #242, #1237, #614 ) ;
#948 = ORIENTED_EDGE ( 'NONE', *, *, #1090, .F. ) ;
#949 = ADVANCED_FACE ( 'NONE', ( #1547 ), #323, .T. ) ;
#950 = EDGE_LOOP ( 'NONE', ( #1532, #7, #393, #339 ) ) ;
#951 = CARTESIAN_POINT ( 'NONE',  ( -14.84924240491757885, 0.000000000000000000, 14.84924240491742076 ) ) ;
#952 = DIRECTION ( 'NONE',  ( 0.000000000000000000, -1.000000000000000000, 0.000000000000000000 ) ) ;
#953 = DIRECTION ( 'NONE',  ( 1.000000000000000000, -0.000000000000000000, -1.880153885107817893E-16 ) ) ;
#954 = LINE ( 'NONE', #1463, #939 ) ;
#955 = ORIENTED_EDGE ( 'NONE', *, *, #524, .F. ) ;
#956 = CARTESIAN_POINT ( 'NONE',  ( -90.00000000000000000, 20.00000000000000000, -9.999999999999998224 ) ) ;
#957 = LINE ( 'NONE', #1605, #1316 ) ;
#958 = CARTESIAN_POINT ( 'NONE',  ( -37.00000000000000000, 20.00000000000000000, -10.00000000000000000 ) ) ;
#959 = ORIENTED_EDGE ( 'NONE', *, *, #1421, .T. ) ;
#960 = ADVANCED_FACE ( 'NONE', ( #1061 ), #1565, .T. ) ;
#961 = VERTEX_POINT ( 'NONE', #1024 ) ;
#962 = VECTOR ( 'NONE', #852, 1000.000000000000000 ) ;
#963 = CARTESIAN_POINT ( 'NONE',  ( 37.00000000000000000, 0.000000000000000000, 10.00000000000000000 ) ) ;
#964 = AXIS2_PLACEMENT_3D ( 'NONE', #343, #1355, #819 ) ;
#965 = FACE_BOUND ( 'NONE', #404, .T. ) ;
#966 = CARTESIAN_POINT ( 'NONE',  ( -80.25000000000000000, 20.00000000000000000, 10.25000000000001066 ) ) ;
#967 = DIRECTION ( 'NONE',  ( -0.000000000000000000, -1.000000000000000000, -0.000000000000000000 ) ) ;
#968 = CIRCLE ( 'NONE', #704, 2.099999999999997868 ) ;
#969 = AXIS2_PLACEMENT_3D ( 'NONE', #1165, #1069, #1076 ) ;
#970 = EDGE_CURVE ( 'NONE', #1117, #257, #903, .T. ) ;
#971 = AXIS2_PLACEMENT_3D ( 'NONE', #1084, #1586, #480 ) ;
#972 = ADVANCED_FACE ( 'NONE', ( #1159 ), #89, .F. ) ;
#973 = FACE_BOUND ( 'NONE', #991, .T. ) ;
#974 = AXIS2_PLACEMENT_3D ( 'NONE', #1581, #483, #350 ) ;
#975 = VERTEX_POINT ( 'NONE', #710 ) ;
#976 = CARTESIAN_POINT ( 'NONE',  ( 0.000000000000000000, -56.64803615307418028, 0.000000000000000000 ) ) ;
#977 = CARTESIAN_POINT ( 'NONE',  ( 34.64101615137755630, 20.00000000000000000, -19.99999999999999289 ) ) ;
#978 = DIRECTION ( 'NONE',  ( -0.000000000000000000, -1.000000000000000000, -0.000000000000000000 ) ) ;
#979 = EDGE_CURVE ( 'NONE', #794, #1448, #1519, .T. ) ;
#980 = DIRECTION ( 'NONE',  ( 0.000000000000000000, -1.000000000000000000, 0.000000000000000000 ) ) ;
#981 = DIRECTION ( 'NONE',  ( -0.000000000000000000, 1.000000000000000000, -0.000000000000000000 ) ) ;
#982 = FACE_OUTER_BOUND ( 'NONE', #26, .T. ) ;
#983 = ORIENTED_EDGE ( 'NONE', *, *, #1195, .T. ) ;
#984 = DIRECTION ( 'NONE',  ( 0.000000000000000000, 1.000000000000000000, 0.000000000000000000 ) ) ;
#985 = EDGE_CURVE ( 'NONE', #1256, #752, #1143, .T. ) ;
#986 = FACE_OUTER_BOUND ( 'NONE', #440, .T. ) ;
#987 = CIRCLE ( 'NONE', #383, 2.100000000000000533 ) ;
#988 = ORIENTED_EDGE ( 'NONE', *, *, #462, .T. ) ;
#989 = DIRECTION ( 'NONE',  ( 0.000000000000000000, 0.000000000000000000, 1.000000000000000000 ) ) ;
#990 = VECTOR ( 'NONE', #1306, 1000.000000000000000 ) ;
#991 = EDGE_LOOP ( 'NONE', ( #218, #1067 ) ) ;
#992 = ORIENTED_EDGE ( 'NONE', *, *, #302, .F. ) ;
#993 = EDGE_CURVE ( 'NONE', #1256, #445, #1064, .T. ) ;
#994 = PERSON_AND_ORGANIZATION ( #1352, #1180 ) ;
#995 = FACE_OUTER_BOUND ( 'NONE', #1199, .T. ) ;
#996 = DIRECTION ( 'NONE',  ( 0.000000000000000000, -0.000000000000000000, -1.000000000000000000 ) ) ;
#997 = VERTEX_POINT ( 'NONE', #1205 ) ;
#998 = LINE ( 'NONE', #748, #413 ) ;
#999 = ORIENTED_EDGE ( 'NONE', *, *, #164, .T. ) ;
#1000 = ORIENTED_EDGE ( 'NONE', *, *, #717, .T. ) ;
#1001 = VECTOR ( 'NONE', #1544, 1000.000000000000000 ) ;
#1002 = CALENDAR_DATE ( 2026, 31, 7 ) ;
#1003 = DIRECTION ( 'NONE',  ( 0.000000000000000000, 0.000000000000000000, 1.000000000000000000 ) ) ;
#1004 = DESIGN_CONTEXT ( 'detailed design', #1573, 'design' ) ;
#1005 = VECTOR ( 'NONE', #1459, 1000.000000000000000 ) ;
#1006 = CARTESIAN_POINT ( 'NONE',  ( 14.84924240491768188, 0.000000000000000000, -14.84924240491732128 ) ) ;
#1007 = ORIENTED_EDGE ( 'NONE', *, *, #338, .T. ) ;
#1008 = ORIENTED_EDGE ( 'NONE', *, *, #594, .T. ) ;
#1009 = DIRECTION ( 'NONE',  ( 0.000000000000000000, 1.000000000000000000, 0.000000000000000000 ) ) ;
#1010 = APPROVAL_ROLE ( '' ) ;
#1011 = VECTOR ( 'NONE', #875, 1000.000000000000000 ) ;
#1012 = CARTESIAN_POINT ( 'NONE',  ( -80.25000000000000000, 20.00000000000000000, 10.25000000000001066 ) ) ;
#1013 = ADVANCED_FACE ( 'NONE', ( #1609 ), #134, .T. ) ;
#1014 = AXIS2_PLACEMENT_3D ( 'NONE', #966, #485, #1474 ) ;
#1015 = LOCAL_TIME ( 13, 49, 1.000000000000000000, #36 ) ;
#1016 = AXIS2_PLACEMENT_3D ( 'NONE', #1530, #1033, #291 ) ;
#1017 = EDGE_CURVE ( 'NONE', #877, #691, #822, .T. ) ;
#1018 = AXIS2_PLACEMENT_3D ( 'NONE', #1542, #315, #399 ) ;
#1019 = ORIENTED_EDGE ( 'NONE', *, *, #411, .F. ) ;
#1020 = AXIS2_PLACEMENT_3D ( 'NONE', #122, #984, #1492 ) ;
#1021 = CARTESIAN_POINT ( 'NONE',  ( 34.64101615137754209, 20.00000000000000000, 60.00000000000001421 ) ) ;
#1022 = ORIENTED_EDGE ( 'NONE', *, *, #1209, .T. ) ;
#1023 = CARTESIAN_POINT ( 'NONE',  ( -14.84924240491757885, 20.00000000000000000, 16.94924240491742040 ) ) ;
#1024 = CARTESIAN_POINT ( 'NONE',  ( -14.84924240491737102, 20.00000000000000000, -12.74924240491763072 ) ) ;
#1025 = CYLINDRICAL_SURFACE ( 'NONE', #196, 16.00000000000000000 ) ;
#1026 = ORIENTED_EDGE ( 'NONE', *, *, #1535, .F. ) ;
#1027 = CARTESIAN_POINT ( 'NONE',  ( 90.00000000000000000, 20.00000000000000000, -10.24999999999998401 ) ) ;
#1028 = CARTESIAN_POINT ( 'NONE',  ( -21.00000000000000000, 0.000000000000000000, -1.466422162314116009E-13 ) ) ;
#1029 = DIRECTION ( 'NONE',  ( 1.000000000000000000, 0.000000000000000000, -3.273063162220390942E-17 ) ) ;
#1030 = ORIENTED_EDGE ( 'NONE', *, *, #821, .T. ) ;
#1031 = EDGE_CURVE ( 'NONE', #1577, #1514, #756, .T. ) ;
#1032 = DIRECTION ( 'NONE',  ( 0.000000000000000000, 0.000000000000000000, -1.000000000000000000 ) ) ;
#1033 = DIRECTION ( 'NONE',  ( 0.000000000000000000, 1.000000000000000000, 0.000000000000000000 ) ) ;
#1034 = VERTEX_POINT ( 'NONE', #1507 ) ;
#1035 = ORIENTED_EDGE ( 'NONE', *, *, #453, .F. ) ;
#1036 = CARTESIAN_POINT ( 'NONE',  ( 37.00000000000000000, 20.00000000000000000, 10.00000000000000000 ) ) ;
#1037 = ORIENTED_EDGE ( 'NONE', *, *, #612, .T. ) ;
#1038 = DIRECTION ( 'NONE',  ( -0.000000000000000000, 1.000000000000000000, -0.000000000000000000 ) ) ;
#1039 = ORIENTED_EDGE ( 'NONE', *, *, #360, .T. ) ;
#1040 = LINE ( 'NONE', #1529, #1052 ) ;
#1041 = FACE_OUTER_BOUND ( 'NONE', #562, .T. ) ;
#1042 = EDGE_LOOP ( 'NONE', ( #599, #19 ) ) ;
#1043 = APPROVAL_PERSON_ORGANIZATION ( #879, #461, #1496 ) ;
#1044 = EDGE_CURVE ( 'NONE', #799, #625, #812, .T. ) ;
#1045 = VERTEX_POINT ( 'NONE', #622 ) ;
#1046 = LINE ( 'NONE', #1425, #1574 ) ;
#1047 = ORIENTED_EDGE ( 'NONE', *, *, #524, .T. ) ;
#1048 = PLANE ( 'NONE',  #1536 ) ;
#1049 = VECTOR ( 'NONE', #407, 1000.000000000000000 ) ;
#1050 = ORIENTED_EDGE ( 'NONE', *, *, #260, .F. ) ;
#1051 = EDGE_CURVE ( 'NONE', #866, #1264, #546, .T. ) ;
#1052 = VECTOR ( 'NONE', #1461, 1000.000000000000000 ) ;
#1053 = LINE ( 'NONE', #65, #632 ) ;
#1054 = CARTESIAN_POINT ( 'NONE',  ( 34.64101615137754209, 20.00000000000000000, 40.00000000000001421 ) ) ;
#1055 = ORIENTED_EDGE ( 'NONE', *, *, #1534, .T. ) ;
#1056 = PLANE ( 'NONE',  #34 ) ;
#1057 = ADVANCED_BREP_SHAPE_REPRESENTATION ( 'Link2LShapeConnectorUpper_Default_sldprt', ( #670, #358 ), #1363 ) ;
#1058 = DIRECTION ( 'NONE',  ( -1.000000000000000000, 0.000000000000000000, 0.000000000000000000 ) ) ;
#1059 = DIRECTION ( 'NONE',  ( -0.000000000000000000, 1.000000000000000000, -0.000000000000000000 ) ) ;
#1060 = CARTESIAN_POINT ( 'NONE',  ( 14.84924240491768188, 20.00000000000000000, -16.94924240491731737 ) ) ;
#1061 = FACE_OUTER_BOUND ( 'NONE', #644, .T. ) ;
#1062 = VECTOR ( 'NONE', #580, 1000.000000000000000 ) ;
#1063 = VERTEX_POINT ( 'NONE', #191 ) ;
#1064 = LINE ( 'NONE', #51, #1011 ) ;
#1065 = FACE_OUTER_BOUND ( 'NONE', #471, .T. ) ;
#1066 = CARTESIAN_POINT ( 'NONE',  ( -14.84924240491737102, -5.939696961967007027, -14.84924240491763392 ) ) ;
#1067 = ORIENTED_EDGE ( 'NONE', *, *, #930, .F. ) ;
#1068 = CARTESIAN_POINT ( 'NONE',  ( -14.84924240491757885, 0.000000000000000000, 14.84924240491742076 ) ) ;
#1069 = DIRECTION ( 'NONE',  ( -0.000000000000000000, -1.000000000000000000, -0.000000000000000000 ) ) ;
#1070 = FACE_OUTER_BOUND ( 'NONE', #1399, .T. ) ;
#1071 = EDGE_CURVE ( 'NONE', #1414, #975, #518, .T. ) ;
#1072 = DIRECTION ( 'NONE',  ( 0.000000000000000000, 0.000000000000000000, 1.000000000000000000 ) ) ;
#1073 = CIRCLE ( 'NONE', #1230, 2.099999999999997868 ) ;
#1074 = ORIENTED_EDGE ( 'NONE', *, *, #1243, .T. ) ;
#1075 = FACE_OUTER_BOUND ( 'NONE', #549, .T. ) ;
#1076 = DIRECTION ( 'NONE',  ( 0.000000000000000000, 0.000000000000000000, 1.000000000000000000 ) ) ;
#1077 = CARTESIAN_POINT ( 'NONE',  ( -7.332110811570580046E-14, -5.939696961967007027, 21.00000000000000000 ) ) ;
#1078 = DIRECTION ( 'NONE',  ( 0.000000000000000000, 0.000000000000000000, 1.000000000000000000 ) ) ;
#1079 = AXIS2_PLACEMENT_3D ( 'NONE', #1380, #1089, #609 ) ;
#1080 = ORIENTED_EDGE ( 'NONE', *, *, #970, .T. ) ;
#1081 = CC_DESIGN_DATE_AND_TIME_ASSIGNMENT ( #255, #406, ( #571 ) ) ;
#1082 = CARTESIAN_POINT ( 'NONE',  ( -14.84924240491757885, -5.939696961967007027, 12.74924240491742289 ) ) ;
#1083 = ORIENTED_EDGE ( 'NONE', *, *, #696, .F. ) ;
#1084 = CARTESIAN_POINT ( 'NONE',  ( 14.64101615137753853, 0.000000000000000000, 40.00000000000001421 ) ) ;
#1085 = FACE_BOUND ( 'NONE', #278, .T. ) ;
#1086 = DIRECTION ( 'NONE',  ( -0.000000000000000000, 1.000000000000000000, -0.000000000000000000 ) ) ;
#1087 = DIRECTION ( 'NONE',  ( -0.000000000000000000, 1.000000000000000000, -0.000000000000000000 ) ) ;
#1088 = VERTEX_POINT ( 'NONE', #306 ) ;
#1089 = DIRECTION ( 'NONE',  ( -0.000000000000000000, 1.000000000000000000, -0.000000000000000000 ) ) ;
#1090 = EDGE_CURVE ( 'NONE', #1252, #743, #667, .T. ) ;
#1091 = FACE_BOUND ( 'NONE', #574, .T. ) ;
#1092 = EDGE_CURVE ( 'NONE', #1514, #938, #888, .T. ) ;
#1093 = CARTESIAN_POINT ( 'NONE',  ( 37.00000000000000000, 0.000000000000000000, -10.00000000000000000 ) ) ;
#1094 = CARTESIAN_POINT ( 'NONE',  ( 2.199633243471174140E-13, 0.000000000000000000, -20.99999999999999645 ) ) ;
#1095 = EDGE_CURVE ( 'NONE', #1503, #579, #776, .T. ) ;
#1096 = EDGE_LOOP ( 'NONE', ( #1541, #303, #683, #437 ) ) ;
#1097 = VECTOR ( 'NONE', #1162, 1000.000000000000000 ) ;
#1098 = CARTESIAN_POINT ( 'NONE',  ( 0.000000000000000000, 0.000000000000000000, 0.000000000000000000 ) ) ;
#1099 = DIRECTION ( 'NONE',  ( 0.000000000000000000, 0.000000000000000000, -1.000000000000000000 ) ) ;
#1100 = VECTOR ( 'NONE', #996, 1000.000000000000000 ) ;
#1101 = CIRCLE ( 'NONE', #418, 2.100000000000000977 ) ;
#1102 = EDGE_LOOP ( 'NONE', ( #849, #1499, #1319, #1353 ) ) ;
#1103 = LINE ( 'NONE', #87, #605 ) ;
#1104 = CARTESIAN_POINT ( 'NONE',  ( 21.00000000000000000, 0.000000000000000000, 0.000000000000000000 ) ) ;
#1105 = VECTOR ( 'NONE', #1408, 1000.000000000000000 ) ;
#1106 = ORIENTED_EDGE ( 'NONE', *, *, #577, .F. ) ;
#1107 = DIRECTION ( 'NONE',  ( 0.000000000000000000, 0.000000000000000000, -1.000000000000000000 ) ) ;
#1108 = CARTESIAN_POINT ( 'NONE',  ( -37.00000000000000000, 0.000000000000000000, -10.00000000000000000 ) ) ;
#1109 = DIRECTION ( 'NONE',  ( -1.000000000000000000, -0.000000000000000000, -1.880153885107817893E-16 ) ) ;
#1110 = ORIENTED_EDGE ( 'NONE', *, *, #1558, .F. ) ;
#1111 = CYLINDRICAL_SURFACE ( 'NONE', #1368, 2.099999999999997868 ) ;
#1112 = EDGE_CURVE ( 'NONE', #1130, #1583, #183, .T. ) ;
#1113 = EDGE_CURVE ( 'NONE', #1117, #57, #554, .T. ) ;
#1114 = ORIENTED_EDGE ( 'NONE', *, *, #839, .T. ) ;
#1115 = EDGE_CURVE ( 'NONE', #579, #754, #1046, .T. ) ;
#1116 = DIRECTION ( 'NONE',  ( 0.000000000000000000, 0.000000000000000000, 1.000000000000000000 ) ) ;
#1117 = VERTEX_POINT ( 'NONE', #294 ) ;
#1118 = CARTESIAN_POINT ( 'NONE',  ( 14.84924240491768188, 0.000000000000000000, -16.94924240491731737 ) ) ;
#1119 = VECTOR ( 'NONE', #1203, 1000.000000000000000 ) ;
#1120 = CARTESIAN_POINT ( 'NONE',  ( 0.000000000000000000, 20.00000000000000000, 0.000000000000000000 ) ) ;
#1121 = ORIENTED_EDGE ( 'NONE', *, *, #1221, .F. ) ;
#1122 = DIRECTION ( 'NONE',  ( 0.000000000000000000, -1.000000000000000000, 0.000000000000000000 ) ) ;
#1123 = AXIS2_PLACEMENT_3D ( 'NONE', #1012, #244, #730 ) ;
#1124 = AXIS2_PLACEMENT_3D ( 'NONE', #262, #742, #1255 ) ;
#1125 = EDGE_LOOP ( 'NONE', ( #711, #1080, #1392, #1483 ) ) ;
#1126 = ORIENTED_EDGE ( 'NONE', *, *, #1071, .F. ) ;
#1127 = ORIENTED_EDGE ( 'NONE', *, *, #675, .F. ) ;
#1128 = DATE_AND_TIME ( #744, #298 ) ;
#1129 = CARTESIAN_POINT ( 'NONE',  ( 34.64101615137754209, 0.000000000000000000, 20.00000000000001421 ) ) ;
#1130 = VERTEX_POINT ( 'NONE', #651 ) ;
#1131 = EDGE_CURVE ( 'NONE', #1422, #887, #1186, .T. ) ;
#1132 = CYLINDRICAL_SURFACE ( 'NONE', #1123, 9.750000000000000000 ) ;
#1133 = VERTEX_POINT ( 'NONE', #1172 ) ;
#1134 = ORIENTED_EDGE ( 'NONE', *, *, #1092, .T. ) ;
#1135 = CARTESIAN_POINT ( 'NONE',  ( 0.000000000000000000, 20.00000000000000000, 0.000000000000000000 ) ) ;
#1136 = APPROVAL_STATUS ( 'not_yet_approved' ) ;
#1137 = DIRECTION ( 'NONE',  ( -0.000000000000000000, 0.000000000000000000, 1.000000000000000000 ) ) ;
#1138 = EDGE_CURVE ( 'NONE', #346, #376, #1073, .T. ) ;
#1139 = CIRCLE ( 'NONE', #425, 2.099999999999997868 ) ;
#1140 = CARTESIAN_POINT ( 'NONE',  ( -34.64101615137755630, 20.00000000000000000, -19.99999999999999289 ) ) ;
#1141 = CARTESIAN_POINT ( 'NONE',  ( 90.00000000000000000, 0.000000000000000000, -19.99999999999998224 ) ) ;
#1142 = VERTEX_POINT ( 'NONE', #1036 ) ;
#1143 = LINE ( 'NONE', #33, #806 ) ;
#1144 = PLANE ( 'NONE',  #1433 ) ;
#1145 = APPROVAL_ROLE ( '' ) ;
#1146 = VECTOR ( 'NONE', #913, 1000.000000000000000 ) ;
#1147 = DIRECTION ( 'NONE',  ( 0.000000000000000000, -1.000000000000000000, 0.000000000000000000 ) ) ;
#1149 = FACE_OUTER_BOUND ( 'NONE', #283, .T. ) ;
#1148 = DIRECTION ( 'NONE',  ( -0.000000000000000000, -1.000000000000000000, -0.000000000000000000 ) ) ;
#1150 = EDGE_CURVE ( 'NONE', #1348, #1439, #987, .T. ) ;
#1151 = AXIS2_PLACEMENT_3D ( 'NONE', #1489, #731, #1 ) ;
#1152 = EDGE_LOOP ( 'NONE', ( #1236, #170, #442, #84 ) ) ;
#1153 = EDGE_CURVE ( 'NONE', #1322, #202, #569, .T. ) ;
#1154 = DIRECTION ( 'NONE',  ( 0.000000000000000000, 1.000000000000000000, 0.000000000000000000 ) ) ;
#1155 = CIRCLE ( 'NONE', #96, 16.00000000000000000 ) ;
#1156 = DIRECTION ( 'NONE',  ( -4.006172263299092887E-16, 0.000000000000000000, -1.000000000000000000 ) ) ;
#1157 = EDGE_LOOP ( 'NONE', ( #858, #868, #211, #167 ) ) ;
#1158 = CARTESIAN_POINT ( 'NONE',  ( 80.25000000000000000, 20.00000000000000000, 10.25000000000000888 ) ) ;
#1159 = FACE_OUTER_BOUND ( 'NONE', #1207, .T. ) ;
#1160 = ORIENTED_EDGE ( 'NONE', *, *, #1031, .T. ) ;
#1161 = EDGE_CURVE ( 'NONE', #553, #889, #1446, .T. ) ;
#1162 = DIRECTION ( 'NONE',  ( -0.000000000000000000, -1.000000000000000000, -0.000000000000000000 ) ) ;
#1163 = CARTESIAN_POINT ( 'NONE',  ( 80.25000000000000000, 20.00000000000000000, -10.24999999999998401 ) ) ;
#1164 = VERTEX_POINT ( 'NONE', #1553 ) ;
#1165 = CARTESIAN_POINT ( 'NONE',  ( -7.332110811570580046E-14, 0.000000000000000000, 21.00000000000000000 ) ) ;
#1166 = VECTOR ( 'NONE', #1038, 1000.000000000000000 ) ;
#1167 = CARTESIAN_POINT ( 'NONE',  ( -21.00000000000000000, 20.00000000000000000, -1.466422162314116009E-13 ) ) ;
#1168 = CARTESIAN_POINT ( 'NONE',  ( 14.84924240491768188, -5.939696961967007027, -14.84924240491732128 ) ) ;
#1169 = CARTESIAN_POINT ( 'NONE',  ( 80.25000000000000000, 0.000000000000000000, 20.00000000000001066 ) ) ;
#1170 = ADVANCED_FACE ( 'NONE', ( #1308 ), #1056, .F. ) ;
#1171 = ORIENTED_EDGE ( 'NONE', *, *, #1017, .F. ) ;
#1172 = CARTESIAN_POINT ( 'NONE',  ( 90.00000000000000000, 0.000000000000000000, -9.999999999999998224 ) ) ;
#1173 = ORIENTED_EDGE ( 'NONE', *, *, #1017, .T. ) ;
#1174 = CARTESIAN_POINT ( 'NONE',  ( -14.64101615137753498, 0.000000000000000000, 60.00000000000003553 ) ) ;
#1175 = ORIENTED_EDGE ( 'NONE', *, *, #717, .F. ) ;
#1176 = LINE ( 'NONE', #79, #1402 ) ;
#1177 = DIRECTION ( 'NONE',  ( 0.000000000000000000, 0.000000000000000000, 1.000000000000000000 ) ) ;
#1178 = AXIS2_PLACEMENT_3D ( 'NONE', #1597, #1364, #371 ) ;
#1179 = VERTEX_POINT ( 'NONE', #454 ) ;
#1180 = ORGANIZATION ( 'UNSPECIFIED', 'UNSPECIFIED', '' ) ;
#1181 = CIRCLE ( 'NONE', #1318, 2.100000000000002753 ) ;
#1182 = ORIENTED_EDGE ( 'NONE', *, *, #289, .F. ) ;
#1183 = DIRECTION ( 'NONE',  ( 0.000000000000000000, 0.000000000000000000, 1.000000000000000000 ) ) ;
#1184 = DIRECTION ( 'NONE',  ( 0.000000000000000000, 0.000000000000000000, 1.000000000000000000 ) ) ;
#1185 = CARTESIAN_POINT ( 'NONE',  ( 90.00000000000000000, 20.00000000000000000, -19.99999999999998224 ) ) ;
#1186 = CIRCLE ( 'NONE', #1320, 19.99999999999999645 ) ;
#1187 = LINE ( 'NONE', #73, #1005 ) ;
#1188 = AXIS2_PLACEMENT_3D ( 'NONE', #1345, #820, #80 ) ;
#1189 = CARTESIAN_POINT ( 'NONE',  ( 80.25000000000000000, 20.00000000000000000, -19.99999999999998579 ) ) ;
#1190 = CARTESIAN_POINT ( 'NONE',  ( -14.84924240491757885, -5.939696961967007027, 14.84924240491742076 ) ) ;
#1191 = DIRECTION ( 'NONE',  ( -1.000000000000000000, 0.000000000000000000, -0.000000000000000000 ) ) ;
#1192 = ORIENTED_EDGE ( 'NONE', *, *, #772, .T. ) ;
#1193 = CARTESIAN_POINT ( 'NONE',  ( 80.25000000000000000, 20.00000000000000000, -19.99999999999998579 ) ) ;
#1194 = DIRECTION ( 'NONE',  ( -0.000000000000000000, 1.000000000000000000, -0.000000000000000000 ) ) ;
#1195 = EDGE_CURVE ( 'NONE', #1448, #1248, #1251, .T. ) ;
#1196 = DIRECTION ( 'NONE',  ( -0.000000000000000000, 1.000000000000000000, -0.000000000000000000 ) ) ;
#1197 = EDGE_CURVE ( 'NONE', #1372, #138, #1491, .T. ) ;
#1198 = CIRCLE ( 'NONE', #126, 40.00000000000000000 ) ;
#1199 = EDGE_LOOP ( 'NONE', ( #948, #637, #1224, #1110 ) ) ;
#1200 = EDGE_LOOP ( 'NONE', ( #297, #428, #1047, #650 ) ) ;
#1201 = DIRECTION ( 'NONE',  ( 0.000000000000000000, 0.000000000000000000, 1.000000000000000000 ) ) ;
#1202 = LINE ( 'NONE', #86, #62 ) ;
#1203 = DIRECTION ( 'NONE',  ( 0.000000000000000000, -1.000000000000000000, 0.000000000000000000 ) ) ;
#1204 = PLANE ( 'NONE',  #856 ) ;
#1205 = CARTESIAN_POINT ( 'NONE',  ( -14.84924240491737102, 20.00000000000000000, -16.94924240491763712 ) ) ;
#1206 = VECTOR ( 'NONE', #1086, 1000.000000000000000 ) ;
#1207 = EDGE_LOOP ( 'NONE', ( #1575, #740, #1393, #1334 ) ) ;
#1208 = DIRECTION ( 'NONE',  ( 0.000000000000000000, -1.000000000000000000, 0.000000000000000000 ) ) ;
#1209 = EDGE_CURVE ( 'NONE', #266, #1063, #954, .T. ) ;
#1210 = CC_DESIGN_APPROVAL ( #461, ( #571 ) ) ;
#1211 = FACE_BOUND ( 'NONE', #452, .T. ) ;
#1212 = DIRECTION ( 'NONE',  ( 0.000000000000000000, -0.000000000000000000, -1.000000000000000000 ) ) ;
#1213 = CARTESIAN_POINT ( 'NONE',  ( 21.00000000000000000, 0.000000000000000000, -2.100000000000000533 ) ) ;
#1214 = EDGE_LOOP ( 'NONE', ( #838, #983, #519, #507 ) ) ;
#1215 = EDGE_CURVE ( 'NONE', #808, #799, #239, .T. ) ;
#1216 = VERTEX_POINT ( 'NONE', #348 ) ;
#1217 = DIRECTION ( 'NONE',  ( 0.000000000000000000, 0.000000000000000000, 1.000000000000000000 ) ) ;
#1218 = FACE_BOUND ( 'NONE', #588, .T. ) ;
#1219 =( NAMED_UNIT ( * ) PLANE_ANGLE_UNIT ( ) SI_UNIT ( $, .RADIAN. ) );
#1220 = FACE_OUTER_BOUND ( 'NONE', #395, .T. ) ;
#1221 = EDGE_CURVE ( 'NONE', #16, #1179, #268, .T. ) ;
#1222 = CIRCLE ( 'NONE', #527, 9.750000000000000000 ) ;
#1223 = CIRCLE ( 'NONE', #769, 2.100000000000000089 ) ;
#1224 = ORIENTED_EDGE ( 'NONE', *, *, #577, .T. ) ;
#1225 = FACE_OUTER_BOUND ( 'NONE', #1333, .T. ) ;
#1226 = EDGE_CURVE ( 'NONE', #1509, #1583, #1176, .T. ) ;
#1227 = CARTESIAN_POINT ( 'NONE',  ( 1.959434878635765131E-15, 0.000000000000000000, -16.00000000000000000 ) ) ;
#1228 = PLANE ( 'NONE',  #586 ) ;
#1229 = EDGE_LOOP ( 'NONE', ( #620, #666, #232, #1127 ) ) ;
#1230 = AXIS2_PLACEMENT_3D ( 'NONE', #1386, #1154, #59 ) ;
#1231 = VECTOR ( 'NONE', #1358, 1000.000000000000000 ) ;
#1232 = PRODUCT_DEFINITION_SHAPE ( 'NONE', 'NONE',  #571 ) ;
#1233 = CARTESIAN_POINT ( 'NONE',  ( 21.00000000000000000, 0.000000000000000000, 0.000000000000000000 ) ) ;
#1234 = VECTOR ( 'NONE', #928, 1000.000000000000000 ) ;
#1235 = AXIS2_PLACEMENT_3D ( 'NONE', #597, #1376, #506 ) ;
#1236 = ORIENTED_EDGE ( 'NONE', *, *, #594, .F. ) ;
#1237 = DIRECTION ( 'NONE',  ( -1.000000000000000000, 0.000000000000000000, -0.000000000000000000 ) ) ;
#1238 = CYLINDRICAL_SURFACE ( 'NONE', #169, 9.749999999999998224 ) ;
#1239 = ORIENTED_EDGE ( 'NONE', *, *, #357, .T. ) ;
#1240 = EDGE_CURVE ( 'NONE', #889, #553, #679, .T. ) ;
#1241 = EDGE_CURVE ( 'NONE', #1503, #938, #1304, .T. ) ;
#1242 = DIRECTION ( 'NONE',  ( 0.000000000000000000, 0.000000000000000000, 1.000000000000000000 ) ) ;
#1243 = EDGE_CURVE ( 'NONE', #1528, #1088, #417, .T. ) ;
#1244 = CARTESIAN_POINT ( 'NONE',  ( 90.00000000000000000, 0.000000000000000000, -10.24999999999998401 ) ) ;
#1245 = ORIENTED_EDGE ( 'NONE', *, *, #1197, .T. ) ;
#1246 = PLANE ( 'NONE',  #947 ) ;
#1247 = CIRCLE ( 'NONE', #737, 2.099999999999997868 ) ;
#1248 = VERTEX_POINT ( 'NONE', #1557 ) ;
#1249 = SHAPE_DEFINITION_REPRESENTATION ( #1232, #1057 ) ;
#1250 = DIRECTION ( 'NONE',  ( 0.000000000000000000, 0.000000000000000000, 1.000000000000000000 ) ) ;
#1251 = LINE ( 'NONE', #427, #581 ) ;
#1252 = VERTEX_POINT ( 'NONE', #448 ) ;
#1253 = CARTESIAN_POINT ( 'NONE',  ( 1.959434878635765131E-15, 20.00000000000000000, -16.00000000000000000 ) ) ;
#1254 = ORIENTED_EDGE ( 'NONE', *, *, #233, .F. ) ;
#1255 = DIRECTION ( 'NONE',  ( 0.000000000000000000, 0.000000000000000000, 1.000000000000000000 ) ) ;
#1256 = VERTEX_POINT ( 'NONE', #790 ) ;
#1257 = EDGE_CURVE ( 'NONE', #568, #1422, #945, .T. ) ;
#1258 = DIRECTION ( 'NONE',  ( -0.000000000000000000, -0.000000000000000000, -1.000000000000000000 ) ) ;
#1259 = DIRECTION ( 'NONE',  ( -1.000000000000000000, 0.000000000000000000, 3.273063162220390942E-17 ) ) ;
#1260 = EDGE_LOOP ( 'NONE', ( #1284, #627 ) ) ;
#1261 = CARTESIAN_POINT ( 'NONE',  ( -7.332110811570580046E-14, -5.939696961967007027, 21.00000000000000000 ) ) ;
#1262 = VECTOR ( 'NONE', #981, 1000.000000000000000 ) ;
#1263 = VECTOR ( 'NONE', #276, 1000.000000000000000 ) ;
#1264 = VERTEX_POINT ( 'NONE', #342 ) ;
#1265 = ADVANCED_FACE ( 'NONE', ( #321 ), #800, .F. ) ;
#1266 = ORIENTED_EDGE ( 'NONE', *, *, #1241, .F. ) ;
#1267 = DIRECTION ( 'NONE',  ( -0.000000000000000000, -1.000000000000000000, -0.000000000000000000 ) ) ;
#1268 = APPLICATION_PROTOCOL_DEFINITION ( 'international standard', 'config_control_design', 1994, #130 ) ;
#1269 = CARTESIAN_POINT ( 'NONE',  ( 37.00000000000000000, 0.000000000000000000, -10.00000000000000000 ) ) ;
#1270 = ORIENTED_EDGE ( 'NONE', *, *, #190, .T. ) ;
#1271 = DIRECTION ( 'NONE',  ( 0.000000000000000000, -0.000000000000000000, -1.000000000000000000 ) ) ;
#1272 = FACE_OUTER_BOUND ( 'NONE', #706, .T. ) ;
#1273 = ORIENTED_EDGE ( 'NONE', *, *, #678, .F. ) ;
#1274 = ORIENTED_EDGE ( 'NONE', *, *, #1390, .T. ) ;
#1275 = DIRECTION ( 'NONE',  ( -0.000000000000000000, 1.000000000000000000, -0.000000000000000000 ) ) ;
#1276 = APPLICATION_PROTOCOL_DEFINITION ( 'international standard', 'config_control_design', 1994, #1573 ) ;
#1277 = CIRCLE ( 'NONE', #229, 2.100000000000000977 ) ;
#1278 = ORIENTED_EDGE ( 'NONE', *, *, #496, .T. ) ;
#1280 = CARTESIAN_POINT ( 'NONE',  ( 90.00000000000000000, 0.000000000000000000, -19.99999999999998224 ) ) ;
#1279 = CARTESIAN_POINT ( 'NONE',  ( 14.84924240491768188, -5.939696961967007027, -14.84924240491732128 ) ) ;
#1281 = VERTEX_POINT ( 'NONE', #680 ) ;
#1282 = ORIENTED_EDGE ( 'NONE', *, *, #152, .T. ) ;
#1283 = CARTESIAN_POINT ( 'NONE',  ( 2.202205001749383553E-13, 0.000000000000000000, -23.09999999999999787 ) ) ;
#1284 = ORIENTED_EDGE ( 'NONE', *, *, #468, .F. ) ;
#1285 = AXIS2_PLACEMENT_3D ( 'NONE', #933, #1562, #560 ) ;
#1286 = AXIS2_PLACEMENT_3D ( 'NONE', #718, #952, #828 ) ;
#1287 = CIRCLE ( 'NONE', #780, 9.750000000000001776 ) ;
#1288 = VERTEX_POINT ( 'NONE', #1189 ) ;
#1289 = CIRCLE ( 'NONE', #1235, 16.00000000000000000 ) ;
#1290 = EDGE_CURVE ( 'NONE', #1528, #503, #74, .T. ) ;
#1291 = DIRECTION ( 'NONE',  ( 0.000000000000000000, 0.000000000000000000, 1.000000000000000000 ) ) ;
#1292 = ORIENTED_EDGE ( 'NONE', *, *, #689, .T. ) ;
#1293 = ORIENTED_EDGE ( 'NONE', *, *, #2, .F. ) ;
#1294 = CARTESIAN_POINT ( 'NONE',  ( -80.25000000000000000, 0.000000000000000000, 10.25000000000001066 ) ) ;
#1295 = CARTESIAN_POINT ( 'NONE',  ( 90.00000000000000000, 20.00000000000000000, 10.25000000000000888 ) ) ;
#1296 = EDGE_CURVE ( 'NONE', #202, #1424, #1202, .T. ) ;
#1297 = DIRECTION ( 'NONE',  ( 0.000000000000000000, 0.000000000000000000, 1.000000000000000000 ) ) ;
#1298 = ORIENTED_EDGE ( 'NONE', *, *, #729, .F. ) ;
#1299 = EDGE_CURVE ( 'NONE', #445, #1142, #1349, .T. ) ;
#1300 = EDGE_LOOP ( 'NONE', ( #124, #1074, #1610, #988 ) ) ;
#1301 = DIRECTION ( 'NONE',  ( 0.000000000000000000, 1.000000000000000000, 0.000000000000000000 ) ) ;
#1302 = FACE_OUTER_BOUND ( 'NONE', #927, .T. ) ;
#1303 = VERTEX_POINT ( 'NONE', #1495 ) ;
#1304 = LINE ( 'NONE', #918, #1234 ) ;
#1305 = CYLINDRICAL_SURFACE ( 'NONE', #1476, 2.099999999999997868 ) ;
#1306 = DIRECTION ( 'NONE',  ( -0.000000000000000000, 1.000000000000000000, -0.000000000000000000 ) ) ;
#1307 = ORIENTED_EDGE ( 'NONE', *, *, #41, .T. ) ;
#1308 = FACE_OUTER_BOUND ( 'NONE', #1200, .T. ) ;
#1309 = CARTESIAN_POINT ( 'NONE',  ( 21.00000000000000000, 20.00000000000000000, 2.100000000000000533 ) ) ;
#1310 = CARTESIAN_POINT ( 'NONE',  ( 80.25000000000000000, 20.00000000000000000, 10.25000000000000888 ) ) ;
#1311 = DIRECTION ( 'NONE',  ( -0.000000000000000000, -0.000000000000000000, -1.000000000000000000 ) ) ;
#1312 = ORIENTED_EDGE ( 'NONE', *, *, #1209, .F. ) ;
#1313 = DIRECTION ( 'NONE',  ( 0.000000000000000000, 0.000000000000000000, 1.000000000000000000 ) ) ;
#1314 = CARTESIAN_POINT ( 'NONE',  ( -21.00000000000000000, -5.939696961967007027, -1.466422162314116009E-13 ) ) ;
#1315 = DIRECTION ( 'NONE',  ( -0.000000000000000000, 1.000000000000000000, -0.000000000000000000 ) ) ;
#1316 = VECTOR ( 'NONE', #610, 1000.000000000000000 ) ;
#1317 = ADVANCED_FACE ( 'NONE', ( #1354 ), #390, .T. ) ;
#1318 = AXIS2_PLACEMENT_3D ( 'NONE', #647, #1148, #1177 ) ;
#1319 = ORIENTED_EDGE ( 'NONE', *, *, #1215, .T. ) ;
#1320 = AXIS2_PLACEMENT_3D ( 'NONE', #778, #44, #795 ) ;
#1321 = ADVANCED_FACE ( 'NONE', ( #1484 ), #1238, .T. ) ;
#1322 = VERTEX_POINT ( 'NONE', #1108 ) ;
#1323 = DIRECTION ( 'NONE',  ( 0.000000000000000000, 0.000000000000000000, 1.000000000000000000 ) ) ;
#1324 = CIRCLE ( 'NONE', #67, 2.100000000000000533 ) ;
#1325 = CARTESIAN_POINT ( 'NONE',  ( 14.84924240491768188, -5.939696961967007027, -12.74924240491732164 ) ) ;
#1326 = DIRECTION ( 'NONE',  ( 0.000000000000000000, -1.000000000000000000, 0.000000000000000000 ) ) ;
#1327 = ORIENTED_EDGE ( 'NONE', *, *, #1511, .F. ) ;
#1328 = ORIENTED_EDGE ( 'NONE', *, *, #1257, .F. ) ;
#1329 = ORIENTED_EDGE ( 'NONE', *, *, #749, .T. ) ;
#1330 = CARTESIAN_POINT ( 'NONE',  ( -34.64101615137754209, 20.00000000000000000, 40.00000000000002842 ) ) ;
#1331 = CARTESIAN_POINT ( 'NONE',  ( 14.84924240491747582, 0.000000000000000000, 16.94924240491752343 ) ) ;
#1332 = DIRECTION ( 'NONE',  ( 0.000000000000000000, 0.000000000000000000, 1.000000000000000000 ) ) ;
#1333 = EDGE_LOOP ( 'NONE', ( #763, #688, #563, #992 ) ) ;
#1334 = ORIENTED_EDGE ( 'NONE', *, *, #1226, .F. ) ;
#1335 = CARTESIAN_POINT ( 'NONE',  ( 34.64101615137754209, 20.00000000000000000, 60.00000000000001421 ) ) ;
#1336 = DIRECTION ( 'NONE',  ( 0.000000000000000000, 0.000000000000000000, 1.000000000000000000 ) ) ;
#1337 = CARTESIAN_POINT ( 'NONE',  ( 14.84924240491747582, 0.000000000000000000, 14.84924240491752556 ) ) ;
#1338 = EDGE_CURVE ( 'NONE', #1424, #1303, #1394, .T. ) ;
#1339 = ORIENTED_EDGE ( 'NONE', *, *, #160, .T. ) ;
#1340 = DIRECTION ( 'NONE',  ( -1.000000000000000000, 0.000000000000000000, 0.000000000000000000 ) ) ;
#1341 = AXIS2_PLACEMENT_3D ( 'NONE', #909, #424, #1559 ) ;
#1342 = VECTOR ( 'NONE', #1258, 1000.000000000000000 ) ;
#1343 = FACE_BOUND ( 'NONE', #1482, .T. ) ;
#1344 = CYLINDRICAL_SURFACE ( 'NONE', #1286, 20.00000000000000000 ) ;
#1345 = CARTESIAN_POINT ( 'NONE',  ( -14.84924240491757885, 20.00000000000000000, 14.84924240491742076 ) ) ;
#1346 = ADVANCED_FACE ( 'NONE', ( #234, #1604, #1211, #1218, #97, #1085, #1589, #965, #713, #1343 ), #601, .T. ) ;
#1347 = ADVANCED_FACE ( 'NONE', ( #1065 ), #796, .F. ) ;
#1348 = VERTEX_POINT ( 'NONE', #1309 ) ;
#1349 = LINE ( 'NONE', #590, #962 ) ;
#1350 = CARTESIAN_POINT ( 'NONE',  ( 2.202205001749383553E-13, -5.939696961967007027, -23.09999999999999787 ) ) ;
#1351 = AXIS2_PLACEMENT_3D ( 'NONE', #1443, #219, #1217 ) ;
#1352 = PERSON ( 'UNSPECIFIED', 'UNSPECIFIED', 'UNSPECIFIED', ('UNSPECIFIED'), ('UNSPECIFIED'), ('UNSPECIFIED') ) ;
#1353 = ORIENTED_EDGE ( 'NONE', *, *, #1044, .T. ) ;
#1354 = FACE_OUTER_BOUND ( 'NONE', #559, .T. ) ;
#1355 = DIRECTION ( 'NONE',  ( 0.000000000000000000, 1.000000000000000000, 0.000000000000000000 ) ) ;
#1356 = DIRECTION ( 'NONE',  ( -1.000000000000000000, 0.000000000000000000, -0.000000000000000000 ) ) ;
#1357 = EDGE_CURVE ( 'NONE', #1130, #975, #1568, .T. ) ;
#1358 = DIRECTION ( 'NONE',  ( -0.000000000000000000, 1.000000000000000000, -0.000000000000000000 ) ) ;
#1359 = ORIENTED_EDGE ( 'NONE', *, *, #1112, .F. ) ;
#1360 = VECTOR ( 'NONE', #630, 1000.000000000000000 ) ;
#1361 = LINE ( 'NONE', #963, #247 ) ;
#1362 = EDGE_CURVE ( 'NONE', #1303, #1216, #83, .T. ) ;
#1363 =( GEOMETRIC_REPRESENTATION_CONTEXT ( 3 ) GLOBAL_UNCERTAINTY_ASSIGNED_CONTEXT ( ( #1505 ) ) GLOBAL_UNIT_ASSIGNED_CONTEXT ( ( #702, #1219, #117 ) ) REPRESENTATION_CONTEXT ( 'NONE', 'WORKASPACE' ) );
#1364 = DIRECTION ( 'NONE',  ( 3.273063162220390942E-17, 0.000000000000000000, -1.000000000000000000 ) ) ;
#1365 = CALENDAR_DATE ( 2026, 31, 7 ) ;
#1366 = CYLINDRICAL_SURFACE ( 'NONE', #304, 2.100000000000002753 ) ;
#1367 = EDGE_CURVE ( 'NONE', #61, #1117, #1546, .T. ) ;
#1368 = AXIS2_PLACEMENT_3D ( 'NONE', #285, #643, #509 ) ;
#1369 = CARTESIAN_POINT ( 'NONE',  ( 14.84924240491768188, 20.00000000000000000, -14.84924240491732128 ) ) ;
#1370 = ORIENTED_EDGE ( 'NONE', *, *, #792, .F. ) ;
#1371 = LINE ( 'NONE', #370, #784 ) ;
#1372 = VERTEX_POINT ( 'NONE', #924 ) ;
#1373 = DIRECTION ( 'NONE',  ( -0.000000000000000000, 1.000000000000000000, -0.000000000000000000 ) ) ;
#1374 = APPROVAL ( #646, 'UNSPECIFIED' ) ;
#1375 = COORDINATED_UNIVERSAL_TIME_OFFSET ( 3, 30, .AHEAD. ) ;
#1376 = DIRECTION ( 'NONE',  ( 0.000000000000000000, 1.000000000000000000, 0.000000000000000000 ) ) ;
#1377 = ORIENTED_EDGE ( 'NONE', *, *, #5, .T. ) ;
#1378 = DIRECTION ( 'NONE',  ( -0.000000000000000000, -0.000000000000000000, -1.000000000000000000 ) ) ;
#1379 = EDGE_LOOP ( 'NONE', ( #999, #1114, #1292, #353 ) ) ;
#1380 = CARTESIAN_POINT ( 'NONE',  ( 14.84924240491747582, -5.939696961967007027, 14.84924240491752556 ) ) ;
#1381 = AXIS2_PLACEMENT_3D ( 'NONE', #925, #347, #832 ) ;
#1382 = EDGE_LOOP ( 'NONE', ( #280, #433 ) ) ;
#1383 = DIRECTION ( 'NONE',  ( 0.000000000000000000, 1.000000000000000000, 0.000000000000000000 ) ) ;
#1384 = CALENDAR_DATE ( 2026, 31, 7 ) ;
#1385 = LINE ( 'NONE', #1486, #566 ) ;
#1386 = CARTESIAN_POINT ( 'NONE',  ( 14.84924240491747582, 20.00000000000000000, 14.84924240491752556 ) ) ;
#1387 = ORIENTED_EDGE ( 'NONE', *, *, #357, .F. ) ;
#1388 = LINE ( 'NONE', #864, #491 ) ;
#1389 = CARTESIAN_POINT ( 'NONE',  ( -34.64101615137755630, 20.00000000000000000, -19.99999999999999289 ) ) ;
#1390 = EDGE_CURVE ( 'NONE', #881, #752, #316, .T. ) ;
#1391 = ADVANCED_FACE ( 'NONE', ( #192 ), #72, .F. ) ;
#1392 = ORIENTED_EDGE ( 'NONE', *, *, #1531, .T. ) ;
#1393 = ORIENTED_EDGE ( 'NONE', *, *, #1112, .T. ) ;
#1394 = CIRCLE ( 'NONE', #1398, 9.750000000000000000 ) ;
#1395 = DIRECTION ( 'NONE',  ( 0.000000000000000000, 0.000000000000000000, 1.000000000000000000 ) ) ;
#1396 = PERSON_AND_ORGANIZATION ( #1352, #1180 ) ;
#1397 = DIRECTION ( 'NONE',  ( -0.000000000000000000, -1.000000000000000000, -0.000000000000000000 ) ) ;
#1398 = AXIS2_PLACEMENT_3D ( 'NONE', #220, #1477, #701 ) ;
#1399 = EDGE_LOOP ( 'NONE', ( #1266, #497, #1160, #1134 ) ) ;
#1400 = VECTOR ( 'NONE', #188, 1000.000000000000000 ) ;
#1401 = CARTESIAN_POINT ( 'NONE',  ( -14.84924240491737102, -5.939696961967007027, -16.94924240491763712 ) ) ;
#1402 = VECTOR ( 'NONE', #1059, 1000.000000000000000 ) ;
#1403 = VECTOR ( 'NONE', #1378, 1000.000000000000000 ) ;
#1404 = CIRCLE ( 'NONE', #146, 2.100000000000000089 ) ;
#1405 = VERTEX_POINT ( 'NONE', #337 ) ;
#1406 = EDGE_CURVE ( 'NONE', #421, #808, #584, .T. ) ;
#1407 = ORIENTED_EDGE ( 'NONE', *, *, #484, .F. ) ;
#1408 = DIRECTION ( 'NONE',  ( -0.000000000000000000, 1.000000000000000000, -0.000000000000000000 ) ) ;
#1409 = CALENDAR_DATE ( 2026, 31, 7 ) ;
#1410 = ORIENTED_EDGE ( 'NONE', *, *, #1511, .T. ) ;
#1411 = EDGE_CURVE ( 'NONE', #1264, #1448, #382, .T. ) ;
#1413 = LINE ( 'NONE', #762, #682 ) ;
#1412 = CARTESIAN_POINT ( 'NONE',  ( -90.00000000000000000, 20.00000000000000000, 20.00000000000001066 ) ) ;
#1414 = VERTEX_POINT ( 'NONE', #1244 ) ;
#1415 = DIRECTION ( 'NONE',  ( 0.000000000000000000, 1.000000000000000000, 0.000000000000000000 ) ) ;
#1416 = ORIENTED_EDGE ( 'NONE', *, *, #231, .T. ) ;
#1417 = CARTESIAN_POINT ( 'NONE',  ( -37.00000000000000000, 20.00000000000000000, 10.00000000000000000 ) ) ;
#1418 = EDGE_LOOP ( 'NONE', ( #535, #1526 ) ) ;
#1419 = DIRECTION ( 'NONE',  ( 0.000000000000000000, 1.000000000000000000, 0.000000000000000000 ) ) ;
#1420 = ORIENTED_EDGE ( 'NONE', *, *, #1092, .F. ) ;
#1421 = EDGE_CURVE ( 'NONE', #625, #799, #9, .T. ) ;
#1422 = VERTEX_POINT ( 'NONE', #501 ) ;
#1423 = ADVANCED_FACE ( 'NONE', ( #982 ), #1025, .F. ) ;
#1424 = VERTEX_POINT ( 'NONE', #550 ) ;
#1425 = CARTESIAN_POINT ( 'NONE',  ( -34.64101615137755630, 20.00000000000000000, -19.99999999999999289 ) ) ;
#1426 = VECTOR ( 'NONE', #132, 1000.000000000000000 ) ;
#1427 = EDGE_LOOP ( 'NONE', ( #1561, #1083, #184, #209 ) ) ;
#1428 = DIRECTION ( 'NONE',  ( 0.000000000000000000, 0.000000000000000000, 1.000000000000000000 ) ) ;
#1429 = DIRECTION ( 'NONE',  ( -0.000000000000000000, 1.000000000000000000, -0.000000000000000000 ) ) ;
#1430 = VERTEX_POINT ( 'NONE', #180 ) ;
#1431 = DIRECTION ( 'NONE',  ( 0.000000000000000000, 1.000000000000000000, 0.000000000000000000 ) ) ;
#1432 = CARTESIAN_POINT ( 'NONE',  ( -90.00000000000000000, 0.000000000000000000, -9.999999999999998224 ) ) ;
#1433 = AXIS2_PLACEMENT_3D ( 'NONE', #547, #555, #639 ) ;
#1434 = ORIENTED_EDGE ( 'NONE', *, *, #60, .F. ) ;
#1435 = CARTESIAN_POINT ( 'NONE',  ( 14.64101615137754919, 20.00000000000000000, 60.00000000000002132 ) ) ;
#1436 = VECTOR ( 'NONE', #825, 1000.000000000000000 ) ;
#1437 = CARTESIAN_POINT ( 'NONE',  ( 21.00000000000000000, -5.939696961967007027, 0.000000000000000000 ) ) ;
#1438 = CC_DESIGN_PERSON_AND_ORGANIZATION_ASSIGNMENT ( #861, #640, ( #833 ) ) ;
#1439 = VERTEX_POINT ( 'NONE', #664 ) ;
#1440 = CARTESIAN_POINT ( 'NONE',  ( -34.64101615137754209, 0.000000000000000000, 20.00000000000001421 ) ) ;
#1441 = CARTESIAN_POINT ( 'NONE',  ( -80.25000000000000000, 20.00000000000000000, -19.99999999999998579 ) ) ;
#1442 = ORIENTED_EDGE ( 'NONE', *, *, #979, .T. ) ;
#1443 = CARTESIAN_POINT ( 'NONE',  ( 2.199633243471174140E-13, -5.939696961967007027, -20.99999999999999645 ) ) ;
#1444 = CARTESIAN_POINT ( 'NONE',  ( 1.959434878635765131E-15, -56.64803615307418028, -16.00000000000000000 ) ) ;
#1445 = DIRECTION ( 'NONE',  ( -0.000000000000000000, -1.000000000000000000, -0.000000000000000000 ) ) ;
#1446 = CIRCLE ( 'NONE', #1285, 2.100000000000000977 ) ;
#1447 = ORIENTED_EDGE ( 'NONE', *, *, #1197, .F. ) ;
#1448 = VERTEX_POINT ( 'NONE', #1169 ) ;
#1449 = CARTESIAN_POINT ( 'NONE',  ( 90.00000000000000000, 20.00000000000000000, -19.99999999999998224 ) ) ;
#1450 = DIRECTION ( 'NONE',  ( 0.000000000000000000, 0.000000000000000000, 1.000000000000000000 ) ) ;
#1451 = ADVANCED_FACE ( 'NONE', ( #45 ), #525, .F. ) ;
#1452 = VERTEX_POINT ( 'NONE', #623 ) ;
#1453 = DIRECTION ( 'NONE',  ( 0.000000000000000000, 0.000000000000000000, 1.000000000000000000 ) ) ;
#1454 = DIRECTION ( 'NONE',  ( -0.000000000000000000, 1.000000000000000000, -0.000000000000000000 ) ) ;
#1455 = DIRECTION ( 'NONE',  ( -0.000000000000000000, 1.000000000000000000, -0.000000000000000000 ) ) ;
#1456 = CARTESIAN_POINT ( 'NONE',  ( -90.00000000000000000, 20.00000000000000000, 10.25000000000000888 ) ) ;
#1457 = VERTEX_POINT ( 'NONE', #1480 ) ;
#1458 = ORIENTED_EDGE ( 'NONE', *, *, #1531, .F. ) ;
#1459 = DIRECTION ( 'NONE',  ( 0.000000000000000000, -1.000000000000000000, 0.000000000000000000 ) ) ;
#1460 = PLANE ( 'NONE',  #1470 ) ;
#1461 = DIRECTION ( 'NONE',  ( 0.000000000000000000, 0.000000000000000000, -1.000000000000000000 ) ) ;
#1462 = ORIENTED_EDGE ( 'NONE', *, *, #1161, .F. ) ;
#1463 = CARTESIAN_POINT ( 'NONE',  ( -90.00000000000000000, 20.00000000000000000, -19.99999999999998224 ) ) ;
#1464 = ORIENTED_EDGE ( 'NONE', *, *, #214, .T. ) ;
#1465 = PLANE ( 'NONE',  #1551 ) ;
#1466 = EDGE_CURVE ( 'NONE', #421, #625, #267, .T. ) ;
#1467 = LINE ( 'NONE', #840, #1576 ) ;
#1468 = DIRECTION ( 'NONE',  ( 0.000000000000000000, 0.000000000000000000, 1.000000000000000000 ) ) ;
#1469 = VECTOR ( 'NONE', #693, 1000.000000000000000 ) ;
#1470 = AXIS2_PLACEMENT_3D ( 'NONE', #1098, #1599, #109 ) ;
#1471 = ORIENTED_EDGE ( 'NONE', *, *, #830, .T. ) ;
#1472 = AXIS2_PLACEMENT_3D ( 'NONE', #576, #1445, #1078 ) ;
#1473 = VECTOR ( 'NONE', #123, 1000.000000000000000 ) ;
#1474 = DIRECTION ( 'NONE',  ( 0.000000000000000000, 0.000000000000000000, 1.000000000000000000 ) ) ;
#1475 = DIRECTION ( 'NONE',  ( 0.000000000000000000, 0.000000000000000000, 1.000000000000000000 ) ) ;
#1476 = AXIS2_PLACEMENT_3D ( 'NONE', #1190, #187, #1428 ) ;
#1477 = DIRECTION ( 'NONE',  ( -0.000000000000000000, -1.000000000000000000, -0.000000000000000000 ) ) ;
#1478 = CARTESIAN_POINT ( 'NONE',  ( 37.00000000000000000, 20.00000000000000000, -10.00000000000000000 ) ) ;
#1479 = PLANE ( 'NONE',  #144 ) ;
#1480 = CARTESIAN_POINT ( 'NONE',  ( -37.00000000000000000, 20.00000000000000000, -10.00000000000000000 ) ) ;
#1481 = EDGE_CURVE ( 'NONE', #1288, #1577, #998, .T. ) ;
#1482 = EDGE_LOOP ( 'NONE', ( #182, #1387 ) ) ;
#1483 = ORIENTED_EDGE ( 'NONE', *, *, #891, .T. ) ;
#1484 = FACE_OUTER_BOUND ( 'NONE', #208, .T. ) ;
#1485 = COORDINATED_UNIVERSAL_TIME_OFFSET ( 3, 30, .AHEAD. ) ;
#1486 = CARTESIAN_POINT ( 'NONE',  ( 90.00000000000000000, 20.00000000000000000, 9.999999999999998224 ) ) ;
#1487 = ORIENTED_EDGE ( 'NONE', *, *, #552, .F. ) ;
#1488 = DIRECTION ( 'NONE',  ( 0.000000000000000000, 0.000000000000000000, 1.000000000000000000 ) ) ;
#1489 = CARTESIAN_POINT ( 'NONE',  ( 14.84924240491768188, 0.000000000000000000, -14.84924240491732128 ) ) ;
#1490 = ORIENTED_EDGE ( 'NONE', *, *, #979, .F. ) ;
#1491 = CIRCLE ( 'NONE', #490, 2.100000000000000977 ) ;
#1492 = DIRECTION ( 'NONE',  ( 0.000000000000000000, 0.000000000000000000, 1.000000000000000000 ) ) ;
#1493 = LOCAL_TIME ( 13, 49, 1.000000000000000000, #1375 ) ;
#1494 = LINE ( 'NONE', #217, #665 ) ;
#1495 = CARTESIAN_POINT ( 'NONE',  ( -80.25000000000000000, 0.000000000000000000, -19.99999999999998579 ) ) ;
#1496 = APPROVAL_ROLE ( '' ) ;
#1497 = CARTESIAN_POINT ( 'NONE',  ( 80.25000000000000000, 0.000000000000000000, -10.24999999999998401 ) ) ;
#1498 = CIRCLE ( 'NONE', #915, 40.00000000000000000 ) ;
#1499 = ORIENTED_EDGE ( 'NONE', *, *, #1406, .T. ) ;
#1500 = ADVANCED_FACE ( 'NONE', ( #481, #1091, #1596, #101, #361, #973, #238, #136, #1272, #708 ), #1460, .F. ) ;
#1501 = AXIS2_PLACEMENT_3D ( 'NONE', #118, #1397, #140 ) ;
#1502 = VERTEX_POINT ( 'NONE', #1331 ) ;
#1503 = VERTEX_POINT ( 'NONE', #482 ) ;
#1504 = FACE_OUTER_BOUND ( 'NONE', #1157, .T. ) ;
#1505 = UNCERTAINTY_MEASURE_WITH_UNIT (LENGTH_MEASURE( 1.000000000000000082E-05 ), #702, 'distance_accuracy_value', 'NONE');
#1506 = EDGE_CURVE ( 'NONE', #1322, #1457, #365, .T. ) ;
#1507 = CARTESIAN_POINT ( 'NONE',  ( 80.25000000000000000, 0.000000000000000000, -19.99999999999998579 ) ) ;
#1508 = EDGE_LOOP ( 'NONE', ( #17, #151, #895, #775 ) ) ;
#1509 = VERTEX_POINT ( 'NONE', #1093 ) ;
#1510 = ORIENTED_EDGE ( 'NONE', *, *, #1367, .T. ) ;
#1511 = EDGE_CURVE ( 'NONE', #761, #1439, #1467, .T. ) ;
#1512 = FACE_OUTER_BOUND ( 'NONE', #270, .T. ) ;
#1513 = LINE ( 'NONE', #847, #1049 ) ;
#1514 = VERTEX_POINT ( 'NONE', #1590 ) ;
#1515 = CC_DESIGN_DATE_AND_TIME_ASSIGNMENT ( #766, #159, ( #606 ) ) ;
#1516 = DIRECTION ( 'NONE',  ( -0.000000000000000000, -1.000000000000000000, -0.000000000000000000 ) ) ;
#1517 = ORIENTED_EDGE ( 'NONE', *, *, #1608, .T. ) ;
#1518 = ORIENTED_EDGE ( 'NONE', *, *, #536, .T. ) ;
#1519 = CIRCLE ( 'NONE', #111, 9.750000000000001776 ) ;
#1520 = CARTESIAN_POINT ( 'NONE',  ( -90.00000000000000000, 0.000000000000000000, 20.00000000000001066 ) ) ;
#1521 = PERSON_AND_ORGANIZATION ( #1352, #1180 ) ;
#1522 = AXIS2_PLACEMENT_3D ( 'NONE', #714, #694, #602 ) ;
#1523 = VECTOR ( 'NONE', #865, 1000.000000000000000 ) ;
#1524 = LINE ( 'NONE', #1280, #1403 ) ;
#1525 = VECTOR ( 'NONE', #1454, 1000.000000000000000 ) ;
#1526 = ORIENTED_EDGE ( 'NONE', *, *, #1406, .F. ) ;
#1527 = CARTESIAN_POINT ( 'NONE',  ( -7.306393228788485917E-14, 0.000000000000000000, 18.89999999999999858 ) ) ;
#1528 = VERTEX_POINT ( 'NONE', #1227 ) ;
#1529 = CARTESIAN_POINT ( 'NONE',  ( -37.00000000000000000, 0.000000000000000000, 10.00000000000000000 ) ) ;
#1530 = CARTESIAN_POINT ( 'NONE',  ( -14.64101615137754209, 20.00000000000000000, 40.00000000000002842 ) ) ;
#1531 = EDGE_CURVE ( 'NONE', #257, #147, #1103, .T. ) ;
#1532 = ORIENTED_EDGE ( 'NONE', *, *, #842, .T. ) ;
#1533 = DIRECTION ( 'NONE',  ( 0.000000000000000000, 0.000000000000000000, 1.000000000000000000 ) ) ;
#1534 = EDGE_CURVE ( 'NONE', #1439, #1348, #510, .T. ) ;
#1535 = EDGE_CURVE ( 'NONE', #1372, #414, #1611, .T. ) ;
#1536 = AXIS2_PLACEMENT_3D ( 'NONE', #1555, #570, #934 ) ;
#1537 = CYLINDRICAL_SURFACE ( 'NONE', #317, 2.100000000000000977 ) ;
#1538 = DIRECTION ( 'NONE',  ( 3.273063162220390942E-17, 0.000000000000000000, 1.000000000000000000 ) ) ;
#1539 = ORIENTED_EDGE ( 'NONE', *, *, #119, .F. ) ;
#1540 = CYLINDRICAL_SURFACE ( 'NONE', #1016, 19.99999999999999645 ) ;
#1541 = ORIENTED_EDGE ( 'NONE', *, *, #552, .T. ) ;
#1542 = CARTESIAN_POINT ( 'NONE',  ( 0.000000000000000000, 0.000000000000000000, 0.000000000000000000 ) ) ;
#1543 = APPROVAL ( #249, 'UNSPECIFIED' ) ;
#1544 = DIRECTION ( 'NONE',  ( -1.000000000000000000, 0.000000000000000000, -6.267179617026058410E-17 ) ) ;
#1545 = ORIENTED_EDGE ( 'NONE', *, *, #1195, .F. ) ;
#1546 = CIRCLE ( 'NONE', #911, 19.99999999999999645 ) ;
#1547 = FACE_OUTER_BOUND ( 'NONE', #1125, .T. ) ;
#1548 = CC_DESIGN_SECURITY_CLASSIFICATION ( #606, ( #271 ) ) ;
#1549 = ORIENTED_EDGE ( 'NONE', *, *, #930, .T. ) ;
#1550 = AXIS2_PLACEMENT_3D ( 'NONE', #1168, #56, #284 ) ;
#1551 = AXIS2_PLACEMENT_3D ( 'NONE', #354, #1340, #707 ) ;
#1552 = EDGE_LOOP ( 'NONE', ( #804, #447 ) ) ;
#1553 = CARTESIAN_POINT ( 'NONE',  ( -21.00000000000000000, 20.00000000000000000, -2.100000000000146638 ) ) ;
#1554 = CIRCLE ( 'NONE', #837, 9.750000000000000000 ) ;
#1555 = CARTESIAN_POINT ( 'NONE',  ( -37.00000000000000000, -56.64803615307418028, -10.00000000000000000 ) ) ;
#1556 = ORIENTED_EDGE ( 'NONE', *, *, #1240, .T. ) ;
#1557 = CARTESIAN_POINT ( 'NONE',  ( 80.25000000000000000, 20.00000000000000000, 20.00000000000001066 ) ) ;
#1558 = EDGE_CURVE ( 'NONE', #743, #691, #957, .T. ) ;
#1559 = DIRECTION ( 'NONE',  ( 0.000000000000000000, 0.000000000000000000, -1.000000000000000000 ) ) ;
#1560 = EDGE_CURVE ( 'NONE', #121, #1593, #751, .T. ) ;
#1561 = ORIENTED_EDGE ( 'NONE', *, *, #1587, .F. ) ;
#1562 = DIRECTION ( 'NONE',  ( 0.000000000000000000, 1.000000000000000000, 0.000000000000000000 ) ) ;
#1563 = LINE ( 'NONE', #575, #374 ) ;
#1564 = CARTESIAN_POINT ( 'NONE',  ( 0.000000000000000000, 0.000000000000000000, 0.000000000000000000 ) ) ;
#1565 = PLANE ( 'NONE',  #607 ) ;
#1566 = CC_DESIGN_PERSON_AND_ORGANIZATION_ASSIGNMENT ( #869, #894, ( #606 ) ) ;
#1567 = VERTEX_POINT ( 'NONE', #355 ) ;
#1568 = LINE ( 'NONE', #1449, #1602 ) ;
#1569 = ORIENTED_EDGE ( 'NONE', *, *, #1362, .F. ) ;
#1570 = DIRECTION ( 'NONE',  ( 1.000000000000000000, -0.000000000000000000, 3.273063162220390942E-17 ) ) ;
#1571 = DIRECTION ( 'NONE',  ( 0.000000000000000000, 1.000000000000000000, 0.000000000000000000 ) ) ;
#1572 = CYLINDRICAL_SURFACE ( 'NONE', #333, 40.00000000000000000 ) ;
#1573 = APPLICATION_CONTEXT ( 'configuration controlled 3d designs of mechanical parts and assemblies' ) ;
#1574 = VECTOR ( 'NONE', #175, 1000.000000000000000 ) ;
#1575 = ORIENTED_EDGE ( 'NONE', *, *, #487, .T. ) ;
#1576 = VECTOR ( 'NONE', #1455, 1000.000000000000000 ) ;
#1577 = VERTEX_POINT ( 'NONE', #977 ) ;
#1578 = DIRECTION ( 'NONE',  ( 1.000000000000000000, -0.000000000000000000, -6.267179617026058410E-17 ) ) ;
#1579 = CIRCLE ( 'NONE', #363, 2.100000000000000533 ) ;
#1580 = FACE_OUTER_BOUND ( 'NONE', #155, .T. ) ;
#1581 = CARTESIAN_POINT ( 'NONE',  ( 21.00000000000000000, -5.939696961967007027, 0.000000000000000000 ) ) ;
#1582 = DIRECTION ( 'NONE',  ( -1.000000000000000000, 0.000000000000000000, 1.880153885107817893E-16 ) ) ;
#1583 = VERTEX_POINT ( 'NONE', #1478 ) ;
#1584 = EDGE_CURVE ( 'NONE', #1063, #1424, #499, .T. ) ;
#1585 = EDGE_LOOP ( 'NONE', ( #1487, #1121 ) ) ;
#1586 = DIRECTION ( 'NONE',  ( -0.000000000000000000, -1.000000000000000000, -0.000000000000000000 ) ) ;
#1587 = EDGE_CURVE ( 'NONE', #816, #1281, #112, .T. ) ;
#1588 = DIRECTION ( 'NONE',  ( -1.000000000000000000, -0.000000000000000000, -1.880153885107817893E-16 ) ) ;
#1589 = FACE_BOUND ( 'NONE', #636, .T. ) ;
#1590 = CARTESIAN_POINT ( 'NONE',  ( 34.64101615137755630, 0.000000000000000000, -19.99999999999999289 ) ) ;
#1591 = CARTESIAN_POINT ( 'NONE',  ( 34.64101615137754209, 20.00000000000000000, 40.00000000000001421 ) ) ;
#1592 = CARTESIAN_POINT ( 'NONE',  ( 80.25000000000000000, 0.000000000000000000, 10.25000000000000888 ) ) ;
#1593 = VERTEX_POINT ( 'NONE', #834 ) ;
#1594 = ADVANCED_FACE ( 'NONE', ( #349 ), #372, .F. ) ;
#1595 = PRODUCT_RELATED_PRODUCT_CATEGORY ( 'detail', '', ( #833 ) ) ;
#1596 = FACE_BOUND ( 'NONE', #1585, .T. ) ;
#1597 = CARTESIAN_POINT ( 'NONE',  ( -90.00000000000000000, -56.64803615307418028, 9.999999999999998224 ) ) ;
#1598 = ADVANCED_FACE ( 'NONE', ( #1580 ), #1344, .T. ) ;
#1599 = DIRECTION ( 'NONE',  ( 0.000000000000000000, 1.000000000000000000, 0.000000000000000000 ) ) ;
#1600 = CARTESIAN_POINT ( 'NONE',  ( 14.84924240491747582, 0.000000000000000000, 14.84924240491752556 ) ) ;
#1601 = DIRECTION ( 'NONE',  ( 3.273063162220390942E-17, 0.000000000000000000, -1.000000000000000000 ) ) ;
#1602 = VECTOR ( 'NONE', #375, 1000.000000000000000 ) ;
#1603 = ORIENTED_EDGE ( 'NONE', *, *, #910, .T. ) ;
#1604 = FACE_BOUND ( 'NONE', #1042, .T. ) ;
#1605 = CARTESIAN_POINT ( 'NONE',  ( -90.00000000000000000, -56.64803615307418028, 9.999999999999998224 ) ) ;
#1606 = CYLINDRICAL_SURFACE ( 'NONE', #974, 2.100000000000000533 ) ;
#1607 = AXIS2_PLACEMENT_3D ( 'NONE', #1158, #1147, #1032 ) ;
#1608 = EDGE_CURVE ( 'NONE', #1216, #1063, #436, .T. ) ;
#1609 = FACE_OUTER_BOUND ( 'NONE', #492, .T. ) ;
#1610 = ORIENTED_EDGE ( 'NONE', *, *, #22, .T. ) ;
#1611 = LINE ( 'NONE', #215, #1206 ) ;
#1612 = LINE ( 'NONE', #500, #1262 ) ;
ENDSEC;
END-ISO-10303-21;
