ISO-10303-21;
HEADER;
FILE_DESCRIPTION (( 'STEP AP203' ),
    '1' );
FILE_NAME ('Link2StellConnectors_Default_sldprt.STEP',
    '2026-07-31T10:19:03',
    ( '' ),
    ( '' ),
    'SwSTEP 2.0',
    'SolidWorks 2025',
    '' );
FILE_SCHEMA (( 'CONFIG_CONTROL_DESIGN' ));
ENDSEC;

DATA;
#1 = DIRECTION ( 'NONE',  ( 0.000000000000000000, -1.000000000000000000, 0.000000000000000000 ) ) ;
#2 = AXIS2_PLACEMENT_3D ( 'NONE', #1526, #1275, #656 ) ;
#3 = ORIENTED_EDGE ( 'NONE', *, *, #814, .T. ) ;
#4 = EDGE_CURVE ( 'NONE', #3035, #895, #1514, .T. ) ;
#5 = AXIS2_PLACEMENT_3D ( 'NONE', #1380, #847, #2282 ) ;
#6 = AXIS2_PLACEMENT_3D ( 'NONE', #2712, #2438, #3259 ) ;
#7 = CARTESIAN_POINT ( 'NONE',  ( 175.0000000000000000, -39.99999999999999289, -60.00000000000002132 ) ) ;
#8 = ORIENTED_EDGE ( 'NONE', *, *, #254, .F. ) ;
#9 = CARTESIAN_POINT ( 'NONE',  ( 154.9999999999999716, -39.99999999999999289, -118.0000000000000000 ) ) ;
#10 = VECTOR ( 'NONE', #1963, 1000.000000000000000 ) ;
#11 = LINE ( 'NONE', #1665, #2530 ) ;
#12 = DIRECTION ( 'NONE',  ( -1.000000000000000000, 0.000000000000000000, 1.541976423090491492E-15 ) ) ;
#13 = CIRCLE ( 'NONE', #2052, 9.999999999999994671 ) ;
#14 = CARTESIAN_POINT ( 'NONE',  ( -10.00000000000000000, 3.000000000000000000, -308.8749217771908775 ) ) ;
#15 = FACE_OUTER_BOUND ( 'NONE', #1190, .T. ) ;
#16 = EDGE_LOOP ( 'NONE', ( #945, #3456, #1009, #256, #2260, #2437, #3585, #3605, #2106, #1736, #1959, #2250, #3143, #1508, #227 ) ) ;
#17 = CARTESIAN_POINT ( 'NONE',  ( -95.00000000000002842, -43.00000000000000000, -99.99999999999998579 ) ) ;
#18 = AXIS2_PLACEMENT_3D ( 'NONE', #2447, #1565, #781 ) ;
#19 = CARTESIAN_POINT ( 'NONE',  ( 174.9999999999999432, 0.000000000000000000, -118.0000000000000284 ) ) ;
#20 = AXIS2_PLACEMENT_3D ( 'NONE', #3022, #540, #88 ) ;
#21 = FACE_OUTER_BOUND ( 'NONE', #844, .T. ) ;
#22 = EDGE_CURVE ( 'NONE', #2389, #1061, #759, .T. ) ;
#23 = EDGE_CURVE ( 'NONE', #722, #1796, #168, .T. ) ;
#24 = VECTOR ( 'NONE', #2070, 1000.000000000000000 ) ;
#25 = VERTEX_POINT ( 'NONE', #1914 ) ;
#26 = DIRECTION ( 'NONE',  ( -0.000000000000000000, -1.000000000000000000, -0.000000000000000000 ) ) ;
#27 = ORIENTED_EDGE ( 'NONE', *, *, #652, .F. ) ;
#28 = CARTESIAN_POINT ( 'NONE',  ( -45.00000000000000711, -39.99999999999999289, -308.9999999999999432 ) ) ;
#29 = DIRECTION ( 'NONE',  ( 1.000000000000000000, -0.000000000000000000, 1.387778780781446464E-15 ) ) ;
#30 = CARTESIAN_POINT ( 'NONE',  ( -40.00000000000000711, 3.000000000000000000, 9.999999999999984013 ) ) ;
#31 = CARTESIAN_POINT ( 'NONE',  ( 0.000000000000000000, -39.99999999999999289, -10.00000000000001599 ) ) ;
#32 = EDGE_CURVE ( 'NONE', #2396, #1568, #1301, .T. ) ;
#33 = CARTESIAN_POINT ( 'NONE',  ( 59.99999999999992184, -43.00000000000000000, -298.9999999999999432 ) ) ;
#34 = CARTESIAN_POINT ( 'NONE',  ( -115.0000000000000000, 3.000000000000000000, -64.99999999999998579 ) ) ;
#35 = ORIENTED_EDGE ( 'NONE', *, *, #1824, .T. ) ;
#36 = LOCAL_TIME ( 13, 49, 3.000000000000000000, #1576 ) ;
#37 = LINE ( 'NONE', #2012, #1016 ) ;
#38 = CIRCLE ( 'NONE', #1390, 60.00000000000002842 ) ;
#39 = EDGE_LOOP ( 'NONE', ( #2985, #2927, #2949, #1281 ) ) ;
#40 = DIRECTION ( 'NONE',  ( 0.000000000000000000, 1.000000000000000000, 0.000000000000000000 ) ) ;
#41 = DIRECTION ( 'NONE',  ( -0.000000000000000000, -1.000000000000000000, -0.000000000000000000 ) ) ;
#42 = VECTOR ( 'NONE', #2151, 1000.000000000000000 ) ;
#43 = ORIENTED_EDGE ( 'NONE', *, *, #2015, .T. ) ;
#44 = EDGE_CURVE ( 'NONE', #2830, #101, #2150, .T. ) ;
#45 = ADVANCED_FACE ( 'NONE', ( #1023 ), #1315, .F. ) ;
#46 = DIRECTION ( 'NONE',  ( 1.000000000000000000, 0.000000000000000000, -1.387778780781448042E-15 ) ) ;
#47 = VERTEX_POINT ( 'NONE', #1864 ) ;
#48 = DIRECTION ( 'NONE',  ( -0.000000000000000000, -1.000000000000000000, -0.000000000000000000 ) ) ;
#49 = EDGE_CURVE ( 'NONE', #282, #3485, #2419, .T. ) ;
#50 = EDGE_CURVE ( 'NONE', #331, #724, #2980, .T. ) ;
#51 = VERTEX_POINT ( 'NONE', #2436 ) ;
#52 = CARTESIAN_POINT ( 'NONE',  ( -45.00000000000000711, 0.000000000000000000, 4.999999999999984901 ) ) ;
#53 = CARTESIAN_POINT ( 'NONE',  ( 155.0000000000000284, 3.000000000000000000, -99.99999999999994316 ) ) ;
#54 = DIRECTION ( 'NONE',  ( -0.000000000000000000, -1.000000000000000000, -0.000000000000000000 ) ) ;
#55 = ORIENTED_EDGE ( 'NONE', *, *, #2617, .F. ) ;
#56 = DIRECTION ( 'NONE',  ( 1.000000000000000000, 0.000000000000000000, -3.083952846180982984E-15 ) ) ;
#57 = DIRECTION ( 'NONE',  ( 0.000000000000000000, 0.000000000000000000, -1.000000000000000000 ) ) ;
#58 = ORIENTED_EDGE ( 'NONE', *, *, #1509, .T. ) ;
#59 = ADVANCED_FACE ( 'NONE', ( #1898 ), #2994, .F. ) ;
#60 = CARTESIAN_POINT ( 'NONE',  ( -45.00000000000000711, 3.000000000000000000, 4.999999999999984901 ) ) ;
#61 = DIRECTION ( 'NONE',  ( -6.938893903907135686E-16, 0.000000000000000000, 1.000000000000000000 ) ) ;
#62 = DIRECTION ( 'NONE',  ( -0.000000000000000000, -1.000000000000000000, -0.000000000000000000 ) ) ;
#63 = EDGE_LOOP ( 'NONE', ( #2579, #1668, #3273, #3000 ) ) ;
#64 = VECTOR ( 'NONE', #3410, 1000.000000000000000 ) ;
#65 = ORIENTED_EDGE ( 'NONE', *, *, #2376, .F. ) ;
#66 = LINE ( 'NONE', #897, #3539 ) ;
#67 = EDGE_LOOP ( 'NONE', ( #2887, #2924, #2131, #2676 ) ) ;
#68 = DIRECTION ( 'NONE',  ( -1.000000000000000000, 0.000000000000000000, 0.000000000000000000 ) ) ;
#69 = AXIS2_PLACEMENT_3D ( 'NONE', #2336, #706, #1780 ) ;
#70 = FACE_OUTER_BOUND ( 'NONE', #3522, .T. ) ;
#71 = CARTESIAN_POINT ( 'NONE',  ( -104.8222218314571705, 3.000000000000000000, -253.6153846153845848 ) ) ;
#72 = LINE ( 'NONE', #2315, #2513 ) ;
#73 = EDGE_CURVE ( 'NONE', #1422, #77, #910, .T. ) ;
#74 = EDGE_CURVE ( 'NONE', #2096, #179, #1999, .T. ) ;
#75 = LINE ( 'NONE', #2622, #157 ) ;
#76 = LINE ( 'NONE', #2300, #142 ) ;
#77 = VERTEX_POINT ( 'NONE', #570 ) ;
#78 = CARTESIAN_POINT ( 'NONE',  ( -39.99999999999999289, 3.000000000000000000, -318.9999999999999432 ) ) ;
#79 = FACE_OUTER_BOUND ( 'NONE', #2331, .T. ) ;
#80 = CARTESIAN_POINT ( 'NONE',  ( 165.0000000000000000, 3.000000000000000000, -108.0000000000000142 ) ) ;
#81 = VECTOR ( 'NONE', #1527, 1000.000000000000000 ) ;
#82 = ORIENTED_EDGE ( 'NONE', *, *, #2193, .T. ) ;
#83 = VECTOR ( 'NONE', #697, 1000.000000000000000 ) ;
#84 = CARTESIAN_POINT ( 'NONE',  ( 6.938893903907228378E-15, -39.99999999999999289, 9.999999999999984013 ) ) ;
#85 = ORIENTED_EDGE ( 'NONE', *, *, #3545, .T. ) ;
#86 = CARTESIAN_POINT ( 'NONE',  ( -109.8074069840786251, 3.000000000000000000, -59.99999999999999289 ) ) ;
#87 = CIRCLE ( 'NONE', #743, 60.00000000000000000 ) ;
#88 = DIRECTION ( 'NONE',  ( -1.000000000000000000, 0.000000000000000000, 1.387778780781445478E-15 ) ) ;
#89 = CARTESIAN_POINT ( 'NONE',  ( 2.449293598294700991E-15, 0.000000000000000000, -318.9999999999999432 ) ) ;
#90 = CARTESIAN_POINT ( 'NONE',  ( -9.999999999999996447, 3.000000000000000000, -0.1250782228091329440 ) ) ;
#91 = CARTESIAN_POINT ( 'NONE',  ( 104.9999999999999574, -43.00000000000000000, -60.00000000000001421 ) ) ;
#92 = FACE_OUTER_BOUND ( 'NONE', #3219, .T. ) ;
#93 = ORIENTED_EDGE ( 'NONE', *, *, #2248, .T. ) ;
#94 = APPROVAL ( #2202, 'UNSPECIFIED' ) ;
#96 = EDGE_CURVE ( 'NONE', #3248, #3535, #1132, .T. ) ;
#95 = PLANE ( 'NONE',  #69 ) ;
#97 = CARTESIAN_POINT ( 'NONE',  ( 174.9999999999999432, 3.000000000000000000, -243.9999999999999716 ) ) ;
#98 = AXIS2_PLACEMENT_3D ( 'NONE', #1470, #2553, #2570 ) ;
#99 = ORIENTED_EDGE ( 'NONE', *, *, #1728, .F. ) ;
#100 = CARTESIAN_POINT ( 'NONE',  ( -45.00000000000000711, 3.000000000000000000, -248.9999999999999432 ) ) ;
#101 = VERTEX_POINT ( 'NONE', #2489 ) ;
#102 = DIRECTION ( 'NONE',  ( 1.387778780781443703E-15, 0.000000000000000000, 1.000000000000000000 ) ) ;
#103 = AXIS2_PLACEMENT_3D ( 'NONE', #1622, #750, #515 ) ;
#104 = DIRECTION ( 'NONE',  ( -0.000000000000000000, -0.000000000000000000, -1.000000000000000000 ) ) ;
#105 = DIRECTION ( 'NONE',  ( -0.000000000000000000, -1.000000000000000000, -0.000000000000000000 ) ) ;
#106 = LINE ( 'NONE', #2056, #64 ) ;
#107 = VERTEX_POINT ( 'NONE', #2521 ) ;
#108 = CARTESIAN_POINT ( 'NONE',  ( -45.00000000000000711, -39.99999999999999289, -308.9999999999999432 ) ) ;
#109 = FACE_OUTER_BOUND ( 'NONE', #2043, .T. ) ;
#110 = VERTEX_POINT ( 'NONE', #2235 ) ;
#111 = CARTESIAN_POINT ( 'NONE',  ( 169.8074069840785398, 0.000000000000000000, -248.9999999999999716 ) ) ;
#112 = ORIENTED_EDGE ( 'NONE', *, *, #1639, .F. ) ;
#113 = CARTESIAN_POINT ( 'NONE',  ( -105.0000000000000142, -39.99999999999999289, -248.9999999999999432 ) ) ;
#114 = VERTEX_POINT ( 'NONE', #19 ) ;
#115 = EDGE_CURVE ( 'NONE', #459, #1548, #875, .T. ) ;
#116 = VERTEX_POINT ( 'NONE', #2812 ) ;
#117 = CARTESIAN_POINT ( 'NONE',  ( 69.49999999999998579, 3.000000000000000000, -10.11257040052818112 ) ) ;
#118 = CARTESIAN_POINT ( 'NONE',  ( -45.00000000000000711, -39.99999999999999289, 6.938893903907228378E-15 ) ) ;
#119 = VECTOR ( 'NONE', #2715, 1000.000000000000000 ) ;
#120 = CARTESIAN_POINT ( 'NONE',  ( 59.99999999999992184, -39.99999999999999289, -298.9999999999999432 ) ) ;
#121 = CYLINDRICAL_SURFACE ( 'NONE', #2108, 10.00000000000000000 ) ;
#122 = ORIENTED_EDGE ( 'NONE', *, *, #1869, .F. ) ;
#123 = AXIS2_PLACEMENT_3D ( 'NONE', #580, #12, #594 ) ;
#124 = CARTESIAN_POINT ( 'NONE',  ( -49.99999999999998579, 3.000000000000000000, -313.8074069840785683 ) ) ;
#125 = CARTESIAN_POINT ( 'NONE',  ( -3.673940397442051289E-15, -39.99999999999999289, -298.9999999999999432 ) ) ;
#126 = ORIENTED_EDGE ( 'NONE', *, *, #2951, .F. ) ;
#127 = VECTOR ( 'NONE', #336, 1000.000000000000000 ) ;
#128 = DIRECTION ( 'NONE',  ( 0.000000000000000000, -0.000000000000000000, -1.000000000000000000 ) ) ;
#129 = VECTOR ( 'NONE', #1689, 1000.000000000000000 ) ;
#130 = CYLINDRICAL_SURFACE ( 'NONE', #3482, 5.000000000000004441 ) ;
#131 = ORIENTED_EDGE ( 'NONE', *, *, #1083, .T. ) ;
#132 = ORIENTED_EDGE ( 'NONE', *, *, #837, .T. ) ;
#133 = ORIENTED_EDGE ( 'NONE', *, *, #362, .T. ) ;
#134 = EDGE_CURVE ( 'NONE', #675, #1568, #269, .T. ) ;
#135 = LINE ( 'NONE', #180, #1363 ) ;
#136 = EDGE_CURVE ( 'NONE', #3555, #2441, #1110, .T. ) ;
#137 = AXIS2_PLACEMENT_3D ( 'NONE', #3011, #2197, #2991 ) ;
#138 = DIRECTION ( 'NONE',  ( -0.000000000000000000, -1.000000000000000000, 0.000000000000000000 ) ) ;
#139 = PERSON_AND_ORGANIZATION ( #3459, #2199 ) ;
#140 = DIRECTION ( 'NONE',  ( -0.000000000000000000, -1.000000000000000000, -0.000000000000000000 ) ) ;
#141 = VERTEX_POINT ( 'NONE', #3338 ) ;
#142 = VECTOR ( 'NONE', #979, 1000.000000000000000 ) ;
#143 = CIRCLE ( 'NONE', #1381, 60.00000000000000000 ) ;
#144 = ORIENTED_EDGE ( 'NONE', *, *, #2309, .T. ) ;
#145 = LINE ( 'NONE', #3469, #3339 ) ;
#146 = ORIENTED_EDGE ( 'NONE', *, *, #73, .F. ) ;
#147 = CARTESIAN_POINT ( 'NONE',  ( 165.0000000000000000, -39.99999999999999289, -60.00000000000002132 ) ) ;
#148 = ORIENTED_EDGE ( 'NONE', *, *, #1850, .T. ) ;
#149 = CARTESIAN_POINT ( 'NONE',  ( -115.0000000000000000, -39.99999999999999289, -59.99999999999999289 ) ) ;
#150 = VERTEX_POINT ( 'NONE', #1946 ) ;
#151 = VERTEX_POINT ( 'NONE', #1709 ) ;
#152 = VERTEX_POINT ( 'NONE', #324 ) ;
#153 = CIRCLE ( 'NONE', #1789, 9.999999999999994671 ) ;
#154 = ORIENTED_EDGE ( 'NONE', *, *, #2928, .F. ) ;
#155 = ORIENTED_EDGE ( 'NONE', *, *, #753, .T. ) ;
#156 = DIRECTION ( 'NONE',  ( 0.000000000000000000, 0.000000000000000000, -1.000000000000000000 ) ) ;
#157 = VECTOR ( 'NONE', #618, 1000.000000000000000 ) ;
#158 = ADVANCED_FACE ( 'NONE', ( #856 ), #642, .F. ) ;
#159 = EDGE_CURVE ( 'NONE', #2959, #1211, #1731, .T. ) ;
#160 = LINE ( 'NONE', #717, #3052 ) ;
#161 = MECHANICAL_CONTEXT ( 'NONE', #1235, 'mechanical' ) ;
#162 = ORIENTED_EDGE ( 'NONE', *, *, #692, .F. ) ;
#163 = DIRECTION ( 'NONE',  ( 0.000000000000000000, 0.000000000000000000, -1.000000000000000000 ) ) ;
#164 = ORIENTED_EDGE ( 'NONE', *, *, #2462, .T. ) ;
#165 = VERTEX_POINT ( 'NONE', #3047 ) ;
#166 = ORIENTED_EDGE ( 'NONE', *, *, #2363, .F. ) ;
#167 = EDGE_CURVE ( 'NONE', #2636, #152, #1628, .T. ) ;
#168 = CIRCLE ( 'NONE', #1226, 5.000000000000004441 ) ;
#169 = VERTEX_POINT ( 'NONE', #3378 ) ;
#170 = CARTESIAN_POINT ( 'NONE',  ( 59.99999999999992184, -43.00000000000000000, -298.9999999999999432 ) ) ;
#171 = DIRECTION ( 'NONE',  ( 0.000000000000000000, 1.000000000000000000, 0.000000000000000000 ) ) ;
#172 = EDGE_LOOP ( 'NONE', ( #1048, #2287, #2133, #1453 ) ) ;
#173 = EDGE_CURVE ( 'NONE', #2113, #231, #2540, .T. ) ;
#174 = DIRECTION ( 'NONE',  ( -0.000000000000000000, -1.000000000000000000, 0.000000000000000000 ) ) ;
#175 = ORIENTED_EDGE ( 'NONE', *, *, #1266, .F. ) ;
#176 = ORIENTED_EDGE ( 'NONE', *, *, #115, .F. ) ;
#177 = VERTEX_POINT ( 'NONE', #1403 ) ;
#178 = DIRECTION ( 'NONE',  ( -0.000000000000000000, -1.000000000000000000, -0.000000000000000000 ) ) ;
#179 = VERTEX_POINT ( 'NONE', #891 ) ;
#180 = CARTESIAN_POINT ( 'NONE',  ( 104.9999999999999005, 0.000000000000000000, -313.8074069840786251 ) ) ;
#181 = EDGE_LOOP ( 'NONE', ( #3568, #2144, #744, #3347 ) ) ;
#182 = DIRECTION ( 'NONE',  ( 0.000000000000000000, 0.000000000000000000, -1.000000000000000000 ) ) ;
#183 = CARTESIAN_POINT ( 'NONE',  ( -95.00000000000000000, -39.99999999999999289, -190.9999999999999716 ) ) ;
#184 = DIRECTION ( 'NONE',  ( -1.000000000000000000, 0.000000000000000000, 0.000000000000000000 ) ) ;
#185 = ORIENTED_EDGE ( 'NONE', *, *, #1781, .T. ) ;
#186 = FACE_OUTER_BOUND ( 'NONE', #3230, .T. ) ;
#187 = LINE ( 'NONE', #3553, #1939 ) ;
#188 = EDGE_CURVE ( 'NONE', #2547, #630, #1047, .T. ) ;
#189 = EDGE_CURVE ( 'NONE', #47, #1564, #346, .T. ) ;
#190 = VECTOR ( 'NONE', #1393, 1000.000000000000000 ) ;
#191 = EDGE_LOOP ( 'NONE', ( #2158, #1238, #769, #2515 ) ) ;
#192 = AXIS2_PLACEMENT_3D ( 'NONE', #1614, #3537, #777 ) ;
#193 = CYLINDRICAL_SURFACE ( 'NONE', #2816, 5.000000000000004441 ) ;
#194 = EDGE_LOOP ( 'NONE', ( #823, #305, #2408, #405 ) ) ;
#195 = CARTESIAN_POINT ( 'NONE',  ( 104.9999999999999005, 3.000000000000000000, -308.9999999999999432 ) ) ;
#196 = ORIENTED_EDGE ( 'NONE', *, *, #167, .F. ) ;
#197 = VECTOR ( 'NONE', #62, 1000.000000000000000 ) ;
#198 = ORIENTED_EDGE ( 'NONE', *, *, #2793, .F. ) ;
#199 = VERTEX_POINT ( 'NONE', #2218 ) ;
#200 = AXIS2_PLACEMENT_3D ( 'NONE', #1636, #1911, #2758 ) ;
#201 = DIRECTION ( 'NONE',  ( -0.000000000000000000, -1.000000000000000000, -0.000000000000000000 ) ) ;
#202 = ADVANCED_FACE ( 'NONE', ( #834 ), #2557, .F. ) ;
#203 = DIRECTION ( 'NONE',  ( 0.000000000000000000, 0.000000000000000000, 1.000000000000000000 ) ) ;
#204 = DIRECTION ( 'NONE',  ( -0.000000000000000000, -1.000000000000000000, -0.000000000000000000 ) ) ;
#205 = CARTESIAN_POINT ( 'NONE',  ( -105.0000000000000142, -39.99999999999999289, -59.99999999999999289 ) ) ;
#206 = VERTEX_POINT ( 'NONE', #1186 ) ;
#207 = ORIENTED_EDGE ( 'NONE', *, *, #2500, .T. ) ;
#208 = CARTESIAN_POINT ( 'NONE',  ( -104.8222218314571705, 0.000000000000000000, -55.38461538461537970 ) ) ;
#209 = VECTOR ( 'NONE', #669, 1000.000000000000000 ) ;
#210 = EDGE_CURVE ( 'NONE', #1061, #1671, #1688, .T. ) ;
#211 = DIRECTION ( 'NONE',  ( -0.000000000000000000, -1.000000000000000000, -0.000000000000000000 ) ) ;
#212 = VECTOR ( 'NONE', #3345, 1000.000000000000000 ) ;
#213 = ORIENTED_EDGE ( 'NONE', *, *, #2500, .F. ) ;
#214 = EDGE_CURVE ( 'NONE', #2152, #589, #1765, .T. ) ;
#215 = EDGE_CURVE ( 'NONE', #1529, #1021, #2321, .T. ) ;
#216 = DIRECTION ( 'NONE',  ( 0.000000000000000000, 1.000000000000000000, 0.000000000000000000 ) ) ;
#217 = CARTESIAN_POINT ( 'NONE',  ( 155.0000000000000284, -43.00000000000000000, -99.99999999999994316 ) ) ;
#218 = VERTEX_POINT ( 'NONE', #1513 ) ;
#219 = VERTEX_POINT ( 'NONE', #436 ) ;
#220 = DIRECTION ( 'NONE',  ( -0.000000000000000000, -1.000000000000000000, -0.000000000000000000 ) ) ;
#221 = CC_DESIGN_SECURITY_CLASSIFICATION ( #2594, ( #2429 ) ) ;
#222 = VECTOR ( 'NONE', #1925, 1000.000000000000000 ) ;
#223 = PLANE ( 'NONE',  #1851 ) ;
#224 = VERTEX_POINT ( 'NONE', #2358 ) ;
#225 = CYLINDRICAL_SURFACE ( 'NONE', #1242, 10.00000000000000888 ) ;
#226 = ORIENTED_EDGE ( 'NONE', *, *, #2609, .T. ) ;
#227 = ORIENTED_EDGE ( 'NONE', *, *, #924, .T. ) ;
#228 = PLANE ( 'NONE',  #1320 ) ;
#229 = FACE_OUTER_BOUND ( 'NONE', #3020, .T. ) ;
#230 = VECTOR ( 'NONE', #3125, 1000.000000000000000 ) ;
#231 = VERTEX_POINT ( 'NONE', #999 ) ;
#232 = DIRECTION ( 'NONE',  ( 0.000000000000000000, -1.000000000000000000, 0.000000000000000000 ) ) ;
#233 = CARTESIAN_POINT ( 'NONE',  ( 169.8074069840785967, 3.000000000000000000, -55.00000000000002132 ) ) ;
#234 = ORIENTED_EDGE ( 'NONE', *, *, #3133, .F. ) ;
#235 = CARTESIAN_POINT ( 'NONE',  ( 104.9999999999999005, -39.99999999999999289, -308.9999999999999432 ) ) ;
#236 = EDGE_CURVE ( 'NONE', #724, #320, #1816, .T. ) ;
#237 = DIRECTION ( 'NONE',  ( -0.000000000000000000, -1.000000000000000000, -0.000000000000000000 ) ) ;
#238 = ORIENTED_EDGE ( 'NONE', *, *, #2248, .F. ) ;
#239 = LINE ( 'NONE', #3205, #3029 ) ;
#240 = ORIENTED_EDGE ( 'NONE', *, *, #3167, .T. ) ;
#241 = CARTESIAN_POINT ( 'NONE',  ( -115.0000000000000000, 0.000000000000000000, -64.99999999999998579 ) ) ;
#242 = DIRECTION ( 'NONE',  ( 3.061616997868373773E-16, 0.000000000000000000, -1.000000000000000000 ) ) ;
#243 = VERTEX_POINT ( 'NONE', #149 ) ;
#244 = DIRECTION ( 'NONE',  ( 0.000000000000000000, 0.000000000000000000, -1.000000000000000000 ) ) ;
#245 = CARTESIAN_POINT ( 'NONE',  ( -115.0000000000000142, -39.99999999999999289, -118.0000000000000284 ) ) ;
#246 = DIRECTION ( 'NONE',  ( 1.000000000000000000, 0.000000000000000000, -1.387778780781445478E-15 ) ) ;
#247 = CIRCLE ( 'NONE', #2166, 4.999999999999997335 ) ;
#248 = AXIS2_PLACEMENT_3D ( 'NONE', #1050, #211, #2961 ) ;
#249 = AXIS2_PLACEMENT_3D ( 'NONE', #465, #1606, #3546 ) ;
#250 = VERTEX_POINT ( 'NONE', #3472 ) ;
#251 = FACE_OUTER_BOUND ( 'NONE', #2413, .T. ) ;
#252 = VECTOR ( 'NONE', #41, 1000.000000000000000 ) ;
#253 = EDGE_CURVE ( 'NONE', #1234, #811, #657, .T. ) ;
#254 = EDGE_CURVE ( 'NONE', #1809, #2854, #1801, .T. ) ;
#255 = FACE_OUTER_BOUND ( 'NONE', #3497, .T. ) ;
#256 = ORIENTED_EDGE ( 'NONE', *, *, #173, .F. ) ;
#257 = LINE ( 'NONE', #1643, #1415 ) ;
#258 = PLANE ( 'NONE',  #1142 ) ;
#259 = DIRECTION ( 'NONE',  ( 9.570888143320313916E-16, 0.000000000000000000, 1.000000000000000000 ) ) ;
#260 = AXIS2_PLACEMENT_3D ( 'NONE', #3355, #2516, #1163 ) ;
#261 = ORIENTED_EDGE ( 'NONE', *, *, #2076, .T. ) ;
#262 = VECTOR ( 'NONE', #1408, 1000.000000000000000 ) ;
#263 = DIRECTION ( 'NONE',  ( -0.000000000000000000, -1.000000000000000000, -0.000000000000000000 ) ) ;
#264 = ORIENTED_EDGE ( 'NONE', *, *, #1928, .F. ) ;
#265 = DIRECTION ( 'NONE',  ( -1.000000000000000000, 0.000000000000000000, 3.469446951953613696E-16 ) ) ;
#266 = EDGE_LOOP ( 'NONE', ( #401, #3155, #1338, #2351 ) ) ;
#267 = PLANE ( 'NONE',  #289 ) ;
#268 = VECTOR ( 'NONE', #987, 1000.000000000000000 ) ;
#269 = LINE ( 'NONE', #2273, #230 ) ;
#270 = FACE_OUTER_BOUND ( 'NONE', #1184, .T. ) ;
#271 = EDGE_CURVE ( 'NONE', #459, #2335, #696, .T. ) ;
#272 = DIRECTION ( 'NONE',  ( -1.000000000000000000, 0.000000000000000000, 1.387778780781448239E-15 ) ) ;
#273 = ORIENTED_EDGE ( 'NONE', *, *, #814, .F. ) ;
#274 = LINE ( 'NONE', #3602, #1004 ) ;
#275 = CC_DESIGN_DATE_AND_TIME_ASSIGNMENT ( #2813, #603, ( #2594 ) ) ;
#276 = CIRCLE ( 'NONE', #1793, 4.999999999999997335 ) ;
#277 = CARTESIAN_POINT ( 'NONE',  ( 104.9999999999999858, 0.000000000000000000, 4.807406984078624212 ) ) ;
#278 = DIRECTION ( 'NONE',  ( 3.061616997868373773E-16, 0.000000000000000000, -1.000000000000000000 ) ) ;
#279 = ADVANCED_FACE ( 'NONE', ( #2611 ), #130, .T. ) ;
#280 = ORIENTED_EDGE ( 'NONE', *, *, #1465, .T. ) ;
#281 = CARTESIAN_POINT ( 'NONE',  ( -115.0000000000000000, 3.000000000000000000, -243.9999999999999432 ) ) ;
#282 = VERTEX_POINT ( 'NONE', #2031 ) ;
#283 = DIRECTION ( 'NONE',  ( 0.000000000000000000, 0.000000000000000000, -1.000000000000000000 ) ) ;
#284 = ORIENTED_EDGE ( 'NONE', *, *, #3261, .T. ) ;
#285 = FACE_OUTER_BOUND ( 'NONE', #67, .T. ) ;
#286 = VECTOR ( 'NONE', #1225, 1000.000000000000000 ) ;
#287 = EDGE_CURVE ( 'NONE', #3121, #348, #2922, .T. ) ;
#288 = DIRECTION ( 'NONE',  ( -0.000000000000000000, -1.000000000000000000, 0.000000000000000000 ) ) ;
#289 = AXIS2_PLACEMENT_3D ( 'NONE', #3013, #548, #3457 ) ;
#290 = CYLINDRICAL_SURFACE ( 'NONE', #1711, 5.000000000000004441 ) ;
#291 = LINE ( 'NONE', #2526, #3290 ) ;
#292 = ORIENTED_EDGE ( 'NONE', *, *, #1224, .T. ) ;
#293 = DIRECTION ( 'NONE',  ( 0.000000000000000000, 1.000000000000000000, 0.000000000000000000 ) ) ;
#294 = CARTESIAN_POINT ( 'NONE',  ( 3.426051726065526467E-15, 0.000000000000000000, -0.1250782228091364134 ) ) ;
#295 = PLANE ( 'NONE',  #1129 ) ;
#296 = LINE ( 'NONE', #1399, #222 ) ;
#297 = CARTESIAN_POINT ( 'NONE',  ( -115.0000000000000142, 3.000000000000000000, -118.0000000000000284 ) ) ;
#298 = ORIENTED_EDGE ( 'NONE', *, *, #350, .T. ) ;
#299 = EDGE_CURVE ( 'NONE', #2233, #3518, #1920, .T. ) ;
#301 = EDGE_CURVE ( 'NONE', #2766, #3487, #1259, .T. ) ;
#300 = DIRECTION ( 'NONE',  ( 1.000000000000000000, 0.000000000000000000, -0.000000000000000000 ) ) ;
#302 = CARTESIAN_POINT ( 'NONE',  ( 6.938893903907228378E-15, -39.99999999999999289, 9.999999999999984013 ) ) ;
#303 = DIRECTION ( 'NONE',  ( 0.000000000000000000, 0.000000000000000000, -1.000000000000000000 ) ) ;
#304 = VECTOR ( 'NONE', #2160, 1000.000000000000000 ) ;
#305 = ORIENTED_EDGE ( 'NONE', *, *, #786, .F. ) ;
#306 = AXIS2_PLACEMENT_3D ( 'NONE', #695, #2615, #968 ) ;
#307 = ORIENTED_EDGE ( 'NONE', *, *, #1058, .T. ) ;
#308 = VECTOR ( 'NONE', #278, 1000.000000000000000 ) ;
#309 = VECTOR ( 'NONE', #2696, 1000.000000000000000 ) ;
#310 = CARTESIAN_POINT ( 'NONE',  ( 154.9999999999999432, 0.000000000000000000, -191.0000000000000000 ) ) ;
#311 = ORIENTED_EDGE ( 'NONE', *, *, #2283, .T. ) ;
#312 = DIRECTION ( 'NONE',  ( 0.000000000000000000, 1.000000000000000000, 0.000000000000000000 ) ) ;
#313 = CIRCLE ( 'NONE', #3275, 60.00000000000002842 ) ;
#314 = LINE ( 'NONE', #2532, #1607 ) ;
#315 = CARTESIAN_POINT ( 'NONE',  ( 164.9999999999999432, -43.00000000000000000, -248.9999999999999716 ) ) ;
#316 = DIRECTION ( 'NONE',  ( 1.000000000000000000, -0.000000000000000000, 1.387778780781446464E-15 ) ) ;
#317 = DIRECTION ( 'NONE',  ( 0.000000000000000000, 0.000000000000000000, 1.000000000000000000 ) ) ;
#318 = ORIENTED_EDGE ( 'NONE', *, *, #1854, .T. ) ;
#319 = DIRECTION ( 'NONE',  ( 1.000000000000000000, -0.000000000000000000, -0.000000000000000000 ) ) ;
#320 = VERTEX_POINT ( 'NONE', #97 ) ;
#321 = AXIS2_PLACEMENT_3D ( 'NONE', #3180, #690, #2631 ) ;
#322 = ADVANCED_FACE ( 'NONE', ( #982 ), #963, .F. ) ;
#323 = EDGE_CURVE ( 'NONE', #2666, #3354, #2905, .T. ) ;
#324 = CARTESIAN_POINT ( 'NONE',  ( -5.000000000000060396, -43.00000000000000000, -298.9999999999999432 ) ) ;
#325 = CIRCLE ( 'NONE', #3466, 4.999999999999997335 ) ;
#326 = DIRECTION ( 'NONE',  ( -0.000000000000000000, -1.000000000000000000, -0.000000000000000000 ) ) ;
#327 = EDGE_CURVE ( 'NONE', #2170, #2630, #2340, .T. ) ;
#328 = VECTOR ( 'NONE', #841, 1000.000000000000000 ) ;
#329 = ORIENTED_EDGE ( 'NONE', *, *, #1781, .F. ) ;
#330 = CARTESIAN_POINT ( 'NONE',  ( -109.8074069840786251, 3.000000000000000000, -54.99999999999999289 ) ) ;
#331 = VERTEX_POINT ( 'NONE', #2575 ) ;
#332 = DIRECTION ( 'NONE',  ( 0.000000000000000000, 0.000000000000000000, -1.000000000000000000 ) ) ;
#333 = ORIENTED_EDGE ( 'NONE', *, *, #1640, .T. ) ;
#334 = CARTESIAN_POINT ( 'NONE',  ( -95.00000000000002842, -43.00000000000000000, -118.0000000000000284 ) ) ;
#335 = FACE_OUTER_BOUND ( 'NONE', #1188, .T. ) ;
#336 = DIRECTION ( 'NONE',  ( 0.000000000000000000, 0.000000000000000000, 1.000000000000000000 ) ) ;
#337 = VECTOR ( 'NONE', #316, 1000.000000000000000 ) ;
#338 = EDGE_LOOP ( 'NONE', ( #418, #729, #1069, #1930 ) ) ;
#339 = ADVANCED_FACE ( 'NONE', ( #79 ), #361, .F. ) ;
#340 = LINE ( 'NONE', #1219, #1332 ) ;
#341 = DIRECTION ( 'NONE',  ( 0.000000000000000000, 1.000000000000000000, 0.000000000000000000 ) ) ;
#342 = ORIENTED_EDGE ( 'NONE', *, *, #3567, .F. ) ;
#343 = DIRECTION ( 'NONE',  ( 0.000000000000000000, 0.000000000000000000, 1.000000000000000000 ) ) ;
#344 = VECTOR ( 'NONE', #1451, 1000.000000000000000 ) ;
#345 = ORIENTED_EDGE ( 'NONE', *, *, #350, .F. ) ;
#346 = LINE ( 'NONE', #3597, #1863 ) ;
#347 = DIRECTION ( 'NONE',  ( 0.000000000000000000, 0.000000000000000000, -1.000000000000000000 ) ) ;
#348 = VERTEX_POINT ( 'NONE', #1207 ) ;
#349 = CARTESIAN_POINT ( 'NONE',  ( 59.99999999999998579, -39.99999999999999289, 9.999999999999992895 ) ) ;
#350 = EDGE_CURVE ( 'NONE', #1392, #3204, #417, .T. ) ;
#351 = EDGE_LOOP ( 'NONE', ( #2319, #2496, #166, #3601 ) ) ;
#352 = LINE ( 'NONE', #2327, #370 ) ;
#353 = EDGE_CURVE ( 'NONE', #1655, #250, #446, .T. ) ;
#354 = DIRECTION ( 'NONE',  ( 0.000000000000000000, -1.000000000000000000, -0.000000000000000000 ) ) ;
#355 = CARTESIAN_POINT ( 'NONE',  ( 65.00000000000002842, -39.99999999999999289, -99.99999999999994316 ) ) ;
#356 = CARTESIAN_POINT ( 'NONE',  ( 174.9999999999999432, -39.99999999999999289, -190.9999999999999716 ) ) ;
#357 = CARTESIAN_POINT ( 'NONE',  ( -49.61538461538460609, 3.000000000000000000, -308.8222218314571137 ) ) ;
#358 = CYLINDRICAL_SURFACE ( 'NONE', #564, 5.000000000000004441 ) ;
#359 = ORIENTED_EDGE ( 'NONE', *, *, #2283, .F. ) ;
#360 = CARTESIAN_POINT ( 'NONE',  ( 169.9999999999999716, 3.000000000000000000, -60.00000000000002132 ) ) ;
#361 = PLANE ( 'NONE',  #2412 ) ;
#362 = EDGE_CURVE ( 'NONE', #1872, #670, #3558, .T. ) ;
#363 = DIRECTION ( 'NONE',  ( 0.000000000000000000, -0.000000000000000000, 1.000000000000000000 ) ) ;
#364 = VECTOR ( 'NONE', #1853, 1000.000000000000000 ) ;
#365 = ORIENTED_EDGE ( 'NONE', *, *, #692, .T. ) ;
#366 = EDGE_CURVE ( 'NONE', #1908, #1820, #496, .T. ) ;
#367 = DIRECTION ( 'NONE',  ( -0.000000000000000000, -1.000000000000000000, -0.000000000000000000 ) ) ;
#368 = ORIENTED_EDGE ( 'NONE', *, *, #1154, .F. ) ;
#369 = CARTESIAN_POINT ( 'NONE',  ( 65.00000000000002842, 0.000000000000000000, -99.99999999999994316 ) ) ;
#370 = VECTOR ( 'NONE', #3383, 1000.000000000000000 ) ;
#371 = CC_DESIGN_PERSON_AND_ORGANIZATION_ASSIGNMENT ( #718, #740, ( #2429 ) ) ;
#372 = VECTOR ( 'NONE', #343, 1000.000000000000000 ) ;
#373 = EDGE_CURVE ( 'NONE', #348, #219, #1895, .T. ) ;
#374 = CARTESIAN_POINT ( 'NONE',  ( -44.99999999999999289, 0.000000000000000000, -308.9999999999999432 ) ) ;
#375 = LINE ( 'NONE', #2006, #2777 ) ;
#376 = LINE ( 'NONE', #1486, #2508 ) ;
#377 = VECTOR ( 'NONE', #1350, 1000.000000000000000 ) ;
#378 = DIRECTION ( 'NONE',  ( 0.000000000000000000, 0.000000000000000000, 1.000000000000000000 ) ) ;
#379 = DIRECTION ( 'NONE',  ( 0.000000000000000000, 1.000000000000000000, 0.000000000000000000 ) ) ;
#380 = ORIENTED_EDGE ( 'NONE', *, *, #23, .T. ) ;
#381 = LINE ( 'NONE', #397, #2401 ) ;
#382 = EDGE_CURVE ( 'NONE', #2830, #1809, #2416, .T. ) ;
#383 = DIRECTION ( 'NONE',  ( 0.000000000000000000, 0.000000000000000000, -1.000000000000000000 ) ) ;
#384 = ORIENTED_EDGE ( 'NONE', *, *, #327, .T. ) ;
#385 = AXIS2_PLACEMENT_3D ( 'NONE', #634, #1446, #955 ) ;
#386 = DIRECTION ( 'NONE',  ( 1.000000000000000000, 0.000000000000000000, 0.000000000000000000 ) ) ;
#387 = ORIENTED_EDGE ( 'NONE', *, *, #2633, .T. ) ;
#388 = LINE ( 'NONE', #3185, #3453 ) ;
#389 = AXIS2_PLACEMENT_3D ( 'NONE', #1304, #3514, #2156 ) ;
#390 = CARTESIAN_POINT ( 'NONE',  ( -95.00000000000002842, -39.99999999999999289, -118.0000000000000284 ) ) ;
#391 = CARTESIAN_POINT ( 'NONE',  ( -95.00000000000001421, 0.000000000000000000, -200.9999999999999716 ) ) ;
#392 = FACE_OUTER_BOUND ( 'NONE', #2322, .T. ) ;
#393 = ORIENTED_EDGE ( 'NONE', *, *, #857, .T. ) ;
#394 = DIRECTION ( 'NONE',  ( -0.000000000000000000, -1.000000000000000000, -0.000000000000000000 ) ) ;
#395 = DIRECTION ( 'NONE',  ( -0.000000000000000000, -1.000000000000000000, -0.000000000000000000 ) ) ;
#396 = ORIENTED_EDGE ( 'NONE', *, *, #440, .T. ) ;
#397 = CARTESIAN_POINT ( 'NONE',  ( -115.0000000000000000, -39.99999999999999289, -190.9999999999999432 ) ) ;
#398 = ADVANCED_FACE ( 'NONE', ( #2178 ), #512, .F. ) ;
#399 = DIRECTION ( 'NONE',  ( 0.000000000000000000, 0.000000000000000000, 1.000000000000000000 ) ) ;
#400 = AXIS2_PLACEMENT_3D ( 'NONE', #14, #1162, #3373 ) ;
#401 = ORIENTED_EDGE ( 'NONE', *, *, #1970, .F. ) ;
#402 = DIRECTION ( 'NONE',  ( 0.000000000000000000, 0.000000000000000000, -1.000000000000000000 ) ) ;
#403 = CARTESIAN_POINT ( 'NONE',  ( 2.449293598294700991E-15, -43.00000000000000000, -318.9999999999999432 ) ) ;
#404 = VECTOR ( 'NONE', #2289, 1000.000000000000000 ) ;
#405 = ORIENTED_EDGE ( 'NONE', *, *, #301, .F. ) ;
#406 = CARTESIAN_POINT ( 'NONE',  ( -115.0000000000000000, 3.000000000000000000, -243.9999999999999432 ) ) ;
#407 = LINE ( 'NONE', #2823, #3186 ) ;
#408 = DIRECTION ( 'NONE',  ( 0.000000000000000000, 1.000000000000000000, 0.000000000000000000 ) ) ;
#409 = ORIENTED_EDGE ( 'NONE', *, *, #1487, .T. ) ;
#410 = CARTESIAN_POINT ( 'NONE',  ( 59.99999999999992184, -39.99999999999999289, -298.9999999999999432 ) ) ;
#411 = DIRECTION ( 'NONE',  ( -0.000000000000000000, -1.000000000000000000, -0.000000000000000000 ) ) ;
#412 = ORIENTED_EDGE ( 'NONE', *, *, #1083, .F. ) ;
#413 = CARTESIAN_POINT ( 'NONE',  ( 104.9999999999999005, 0.000000000000000000, -308.9999999999999432 ) ) ;
#414 = ADVANCED_FACE ( 'NONE', ( #1583 ), #1366, .F. ) ;
#415 = ADVANCED_FACE ( 'NONE', ( #2705 ), #766, .T. ) ;
#416 = ADVANCED_FACE ( 'NONE', ( #1618 ), #2148, .T. ) ;
#417 = LINE ( 'NONE', #2064, #81 ) ;
#418 = ORIENTED_EDGE ( 'NONE', *, *, #707, .F. ) ;
#419 = ORIENTED_EDGE ( 'NONE', *, *, #3547, .T. ) ;
#420 = ORIENTED_EDGE ( 'NONE', *, *, #3064, .F. ) ;
#421 = ORIENTED_EDGE ( 'NONE', *, *, #2769, .F. ) ;
#422 = CARTESIAN_POINT ( 'NONE',  ( 69.49999999999992895, 3.000000000000000000, -298.8874295994717727 ) ) ;
#423 = VECTOR ( 'NONE', #1775, 1000.000000000000000 ) ;
#424 = VECTOR ( 'NONE', #843, 1000.000000000000000 ) ;
#425 = CARTESIAN_POINT ( 'NONE',  ( -115.0000000000000142, 0.000000000000000000, -118.0000000000000284 ) ) ;
#426 = DIRECTION ( 'NONE',  ( 0.000000000000000000, 0.000000000000000000, 1.000000000000000000 ) ) ;
#427 = ORIENTED_EDGE ( 'NONE', *, *, #3545, .F. ) ;
#428 = DIRECTION ( 'NONE',  ( 0.000000000000000000, 0.000000000000000000, -1.000000000000000000 ) ) ;
#429 = VERTEX_POINT ( 'NONE', #2688 ) ;
#430 = AXIS2_PLACEMENT_3D ( 'NONE', #1310, #3253, #763 ) ;
#431 = ORIENTED_EDGE ( 'NONE', *, *, #552, .T. ) ;
#432 = CARTESIAN_POINT ( 'NONE',  ( -110.0000000000000000, 3.000000000000000000, -64.99999999999998579 ) ) ;
#433 = VERTEX_POINT ( 'NONE', #1839 ) ;
#434 = DIRECTION ( 'NONE',  ( 0.000000000000000000, 0.000000000000000000, -1.000000000000000000 ) ) ;
#435 = AXIS2_PLACEMENT_3D ( 'NONE', #3018, #2523, #3071 ) ;
#436 = CARTESIAN_POINT ( 'NONE',  ( 59.99999999999998579, -43.00000000000000000, 9.999999999999992895 ) ) ;
#437 = ORIENTED_EDGE ( 'NONE', *, *, #513, .F. ) ;
#438 = ORIENTED_EDGE ( 'NONE', *, *, #96, .T. ) ;
#439 = EDGE_CURVE ( 'NONE', #1280, #169, #3256, .T. ) ;
#440 = EDGE_CURVE ( 'NONE', #250, #2537, #2759, .T. ) ;
#441 = VERTEX_POINT ( 'NONE', #3523 ) ;
#442 = VERTEX_POINT ( 'NONE', #530 ) ;
#443 = ORIENTED_EDGE ( 'NONE', *, *, #3369, .T. ) ;
#444 = DIRECTION ( 'NONE',  ( -1.000000000000000000, 0.000000000000000000, 0.000000000000000000 ) ) ;
#445 = EDGE_CURVE ( 'NONE', #107, #724, #2354, .T. ) ;
#446 = CIRCLE ( 'NONE', #321, 60.00000000000000000 ) ;
#447 = CARTESIAN_POINT ( 'NONE',  ( 154.9999999999999432, -43.00000000000000000, -191.0000000000000000 ) ) ;
#448 = EDGE_CURVE ( 'NONE', #1229, #2086, #799, .T. ) ;
#449 = PERSON_AND_ORGANIZATION ( #3459, #2199 ) ;
#450 = CARTESIAN_POINT ( 'NONE',  ( 59.99999999999991473, 3.000000000000000000, -308.8749217771908775 ) ) ;
#451 = ORIENTED_EDGE ( 'NONE', *, *, #3346, .F. ) ;
#452 = AXIS2_PLACEMENT_3D ( 'NONE', #2733, #1273, #2373 ) ;
#453 = ORIENTED_EDGE ( 'NONE', *, *, #707, .T. ) ;
#454 = EDGE_LOOP ( 'NONE', ( #1443, #307, #82, #2711 ) ) ;
#455 = EDGE_LOOP ( 'NONE', ( #1010, #475, #162, #482, #1779, #1435, #639, #3076, #3212, #1685 ) ) ;
#456 = DIRECTION ( 'NONE',  ( -0.000000000000000000, -1.000000000000000000, -0.000000000000000000 ) ) ;
#457 = ORIENTED_EDGE ( 'NONE', *, *, #1563, .T. ) ;
#458 = DIRECTION ( 'NONE',  ( -6.938893903907222461E-16, 0.000000000000000000, -1.000000000000000000 ) ) ;
#459 = VERTEX_POINT ( 'NONE', #1037 ) ;
#460 = CARTESIAN_POINT ( 'NONE',  ( -5.000000000000015099, 3.000000000000000000, -99.99999999999998579 ) ) ;
#461 = EDGE_LOOP ( 'NONE', ( #2003, #1723, #2020, #437 ) ) ;
#462 = ORIENTED_EDGE ( 'NONE', *, *, #74, .T. ) ;
#463 = VERTEX_POINT ( 'NONE', #2395 ) ;
#464 = APPROVAL_PERSON_ORGANIZATION ( #2072, #929, #3188 ) ;
#465 = CARTESIAN_POINT ( 'NONE',  ( 65.00000000000002842, 3.000000000000000000, -99.99999999999994316 ) ) ;
#466 = VECTOR ( 'NONE', #3448, 1000.000000000000000 ) ;
#467 = AXIS2_PLACEMENT_3D ( 'NONE', #2641, #1931, #1288 ) ;
#468 = ADVANCED_FACE ( 'NONE', ( #2738 ), #193, .F. ) ;
#469 = EDGE_CURVE ( 'NONE', #3508, #110, #2941, .T. ) ;
#470 = ORIENTED_EDGE ( 'NONE', *, *, #1088, .F. ) ;
#471 = CARTESIAN_POINT ( 'NONE',  ( 164.8222218314571137, 0.000000000000000000, -253.6153846153845848 ) ) ;
#472 = PERSON_AND_ORGANIZATION_ROLE ( 'creator' ) ;
#473 = DIRECTION ( 'NONE',  ( 0.000000000000000000, -1.000000000000000000, 0.000000000000000000 ) ) ;
#474 = ORIENTED_EDGE ( 'NONE', *, *, #2174, .T. ) ;
#475 = ORIENTED_EDGE ( 'NONE', *, *, #2155, .F. ) ;
#476 = LINE ( 'NONE', #3603, #262 ) ;
#477 = LINE ( 'NONE', #3004, #550 ) ;
#478 = DIRECTION ( 'NONE',  ( 0.000000000000000000, 0.000000000000000000, 1.000000000000000000 ) ) ;
#479 = CARTESIAN_POINT ( 'NONE',  ( -95.00000000000002842, 3.000000000000000000, -108.0000000000000284 ) ) ;
#480 = ORIENTED_EDGE ( 'NONE', *, *, #3480, .T. ) ;
#481 = EDGE_CURVE ( 'NONE', #2272, #1282, #3166, .T. ) ;
#482 = ORIENTED_EDGE ( 'NONE', *, *, #3167, .F. ) ;
#483 = ORIENTED_EDGE ( 'NONE', *, *, #2683, .F. ) ;
#484 = PLANE ( 'NONE',  #2925 ) ;
#485 = CARTESIAN_POINT ( 'NONE',  ( -45.00000000000000711, 0.000000000000000000, -248.9999999999999432 ) ) ;
#486 =( NAMED_UNIT ( * ) SI_UNIT ( $, .STERADIAN. ) SOLID_ANGLE_UNIT ( ) );
#487 = CARTESIAN_POINT ( 'NONE',  ( -109.8074069840786251, 3.000000000000000000, -59.99999999999999289 ) ) ;
#488 = ORIENTED_EDGE ( 'NONE', *, *, #1243, .T. ) ;
#489 = ADVANCED_FACE ( 'NONE', ( #3236 ), #747, .F. ) ;
#490 = ADVANCED_FACE ( 'NONE', ( #1700 ), #1958, .T. ) ;
#491 = ORIENTED_EDGE ( 'NONE', *, *, #2415, .F. ) ;
#492 = CARTESIAN_POINT ( 'NONE',  ( 164.8222218314571705, 3.000000000000000000, -55.38461538461540812 ) ) ;
#493 = CARTESIAN_POINT ( 'NONE',  ( -105.0000000000000142, 3.000000000000000000, -248.9999999999999432 ) ) ;
#494 = AXIS2_PLACEMENT_3D ( 'NONE', #3065, #584, #943 ) ;
#495 = VECTOR ( 'NONE', #408, 1000.000000000000000 ) ;
#496 = LINE ( 'NONE', #1071, #1317 ) ;
#497 = CARTESIAN_POINT ( 'NONE',  ( 59.99999999999992184, -39.99999999999999289, -298.9999999999999432 ) ) ;
#498 = VECTOR ( 'NONE', #912, 1000.000000000000000 ) ;
#499 = CARTESIAN_POINT ( 'NONE',  ( 174.9999999999999432, 0.000000000000000000, -248.9999999999999716 ) ) ;
#500 = ORIENTED_EDGE ( 'NONE', *, *, #1509, .F. ) ;
#501 = AXIS2_PLACEMENT_3D ( 'NONE', #3609, #2829, #300 ) ;
#502 = DIRECTION ( 'NONE',  ( 0.000000000000000000, 0.000000000000000000, -1.000000000000000000 ) ) ;
#503 = CARTESIAN_POINT ( 'NONE',  ( 65.00000000000002842, -39.99999999999999289, -99.99999999999994316 ) ) ;
#504 = ORIENTED_EDGE ( 'NONE', *, *, #210, .F. ) ;
#505 = CARTESIAN_POINT ( 'NONE',  ( -10.00000000000000000, 0.000000000000000000, -308.8749217771908775 ) ) ;
#506 = ORIENTED_EDGE ( 'NONE', *, *, #3054, .T. ) ;
#507 = DIRECTION ( 'NONE',  ( 1.000000000000000000, 0.000000000000000000, -0.000000000000000000 ) ) ;
#508 = VECTOR ( 'NONE', #1294, 1000.000000000000000 ) ;
#509 = FACE_OUTER_BOUND ( 'NONE', #1328, .T. ) ;
#510 = CIRCLE ( 'NONE', #389, 60.00000000000000000 ) ;
#511 = ORIENTED_EDGE ( 'NONE', *, *, #2363, .T. ) ;
#512 = PLANE ( 'NONE',  #18 ) ;
#513 = EDGE_CURVE ( 'NONE', #1796, #1182, #2774, .T. ) ;
#514 = LINE ( 'NONE', #3269, #3099 ) ;
#515 = DIRECTION ( 'NONE',  ( 0.000000000000000000, 0.000000000000000000, 1.000000000000000000 ) ) ;
#516 = ORIENTED_EDGE ( 'NONE', *, *, #1113, .T. ) ;
#517 = DIRECTION ( 'NONE',  ( 0.000000000000000000, -1.000000000000000000, 0.000000000000000000 ) ) ;
#518 = FACE_OUTER_BOUND ( 'NONE', #761, .T. ) ;
#519 = VECTOR ( 'NONE', #2845, 1000.000000000000000 ) ;
#520 = ORIENTED_EDGE ( 'NONE', *, *, #2309, .F. ) ;
#521 = DIRECTION ( 'NONE',  ( -0.000000000000000000, -1.000000000000000000, -0.000000000000000000 ) ) ;
#522 = BREP_WITH_VOIDS ( 'NONE', #2379, ( #1989, #2099, #1574 ) );
#523 = CIRCLE ( 'NONE', #2434, 89.99999999999991473 ) ;
#524 = ORIENTED_EDGE ( 'NONE', *, *, #189, .T. ) ;
#525 = CARTESIAN_POINT ( 'NONE',  ( -49.61538461538461320, 0.000000000000000000, -0.1777781685428220237 ) ) ;
#526 = LINE ( 'NONE', #1632, #2921 ) ;
#527 = AXIS2_PLACEMENT_3D ( 'NONE', #1437, #288, #2016 ) ;
#528 = AXIS2_PLACEMENT_3D ( 'NONE', #2276, #2892, #402 ) ;
#529 = ORIENTED_EDGE ( 'NONE', *, *, #2302, .F. ) ;
#530 = CARTESIAN_POINT ( 'NONE',  ( -45.00000000000000000, -43.00000000000000000, -318.9999999999999432 ) ) ;
#531 = CARTESIAN_POINT ( 'NONE',  ( -115.0000000000000000, 0.000000000000000000, -190.9999999999999432 ) ) ;
#532 = ADVANCED_FACE ( 'NONE', ( #1123 ), #871, .F. ) ;
#533 = ADVANCED_FACE ( 'NONE', ( #1181 ), #3374, .F. ) ;
#534 = ORIENTED_EDGE ( 'NONE', *, *, #2364, .F. ) ;
#535 = CARTESIAN_POINT ( 'NONE',  ( 169.8074069840785967, 3.000000000000000000, -55.00000000000002132 ) ) ;
#536 = CARTESIAN_POINT ( 'NONE',  ( 105.0000000000000000, -39.99999999999999289, 10.00000000000000000 ) ) ;
#537 = VERTEX_POINT ( 'NONE', #34 ) ;
#538 = CARTESIAN_POINT ( 'NONE',  ( -109.8074069840786251, 0.000000000000000000, -54.99999999999999289 ) ) ;
#539 = EDGE_CURVE ( 'NONE', #114, #3518, #2249, .T. ) ;
#540 = DIRECTION ( 'NONE',  ( -1.387778780781445478E-15, 0.000000000000000000, -1.000000000000000000 ) ) ;
#541 = CARTESIAN_POINT ( 'NONE',  ( -6.506175608752105616E-16, 0.000000000000000000, -308.8749217771908775 ) ) ;
#542 = AXIS2_PLACEMENT_3D ( 'NONE', #1270, #140, #428 ) ;
#543 = ORIENTED_EDGE ( 'NONE', *, *, #3179, .T. ) ;
#544 = LINE ( 'NONE', #1976, #2143 ) ;
#545 = ORIENTED_EDGE ( 'NONE', *, *, #1122, .T. ) ;
#546 = LINE ( 'NONE', #3335, #3109 ) ;
#547 = ORIENTED_EDGE ( 'NONE', *, *, #2032, .T. ) ;
#548 = DIRECTION ( 'NONE',  ( 0.000000000000000000, 1.000000000000000000, 0.000000000000000000 ) ) ;
#549 = AXIS2_PLACEMENT_3D ( 'NONE', #806, #1694, #2456 ) ;
#550 = VECTOR ( 'NONE', #809, 1000.000000000000000 ) ;
#551 = EDGE_LOOP ( 'NONE', ( #2860, #500, #1891, #2324 ) ) ;
#552 = EDGE_CURVE ( 'NONE', #1885, #1280, #546, .T. ) ;
#553 = DIRECTION ( 'NONE',  ( -0.000000000000000000, -1.000000000000000000, -0.000000000000000000 ) ) ;
#554 = EDGE_CURVE ( 'NONE', #282, #459, #3595, .T. ) ;
#555 = DIRECTION ( 'NONE',  ( -9.570888143320315888E-16, 0.000000000000000000, -1.000000000000000000 ) ) ;
#556 = ADVANCED_FACE ( 'NONE', ( #15 ), #1400, .F. ) ;
#557 = ORIENTED_EDGE ( 'NONE', *, *, #2237, .T. ) ;
#558 = DIRECTION ( 'NONE',  ( -1.000000000000000000, 0.000000000000000000, 1.387778780781448239E-15 ) ) ;
#559 = ORIENTED_EDGE ( 'NONE', *, *, #3124, .T. ) ;
#560 = FACE_OUTER_BOUND ( 'NONE', #3592, .T. ) ;
#561 = DIRECTION ( 'NONE',  ( 0.000000000000000000, 1.000000000000000000, -0.000000000000000000 ) ) ;
#562 = AXIS2_PLACEMENT_3D ( 'NONE', #3268, #1296, #1052 ) ;
#563 = ORIENTED_EDGE ( 'NONE', *, *, #3369, .F. ) ;
#564 = AXIS2_PLACEMENT_3D ( 'NONE', #654, #3154, #3138 ) ;
#565 = CARTESIAN_POINT ( 'NONE',  ( -109.8074069840786251, 3.000000000000000000, -248.9999999999999432 ) ) ;
#566 = CARTESIAN_POINT ( 'NONE',  ( 99.99999999999997158, 0.000000000000000000, 4.999999999999999112 ) ) ;
#567 = ORIENTED_EDGE ( 'NONE', *, *, #214, .F. ) ;
#568 = CARTESIAN_POINT ( 'NONE',  ( -45.00000000000000711, 3.000000000000000000, 6.938893903907228378E-15 ) ) ;
#569 = VECTOR ( 'NONE', #2582, 1000.000000000000000 ) ;
#570 = CARTESIAN_POINT ( 'NONE',  ( 6.938893903907228378E-15, -43.00000000000000000, 9.999999999999984013 ) ) ;
#571 = FACE_OUTER_BOUND ( 'NONE', #1138, .T. ) ;
#572 = DIRECTION ( 'NONE',  ( 0.000000000000000000, 1.000000000000000000, 0.000000000000000000 ) ) ;
#573 = EDGE_LOOP ( 'NONE', ( #779, #2084, #1996, #2175 ) ) ;
#574 = CARTESIAN_POINT ( 'NONE',  ( -45.00000000000000711, 3.000000000000000000, 4.807406984078617107 ) ) ;
#575 = LOCAL_TIME ( 13, 49, 3.000000000000000000, #2348 ) ;
#576 = EDGE_CURVE ( 'NONE', #1626, #827, #3400, .T. ) ;
#577 = ADVANCED_FACE ( 'NONE', ( #3300 ), #598, .F. ) ;
#578 = CIRCLE ( 'NONE', #3066, 5.000000000000000888 ) ;
#579 = CARTESIAN_POINT ( 'NONE',  ( 69.49999999999998579, 0.000000000000000000, -10.11257040052816691 ) ) ;
#580 = CARTESIAN_POINT ( 'NONE',  ( -95.00000000000000000, 3.000000000000000000, -190.9999999999999716 ) ) ;
#581 = DIRECTION ( 'NONE',  ( -1.000000000000000000, 0.000000000000000000, 9.570888143320313916E-16 ) ) ;
#582 = DIRECTION ( 'NONE',  ( -0.000000000000000000, -1.000000000000000000, -0.000000000000000000 ) ) ;
#583 = ORIENTED_EDGE ( 'NONE', *, *, #2344, .F. ) ;
#584 = DIRECTION ( 'NONE',  ( 0.000000000000000000, 1.000000000000000000, 0.000000000000000000 ) ) ;
#585 = AXIS2_PLACEMENT_3D ( 'NONE', #2252, #3359, #1979 ) ;
#586 = DIRECTION ( 'NONE',  ( 1.000000000000000000, 0.000000000000000000, 6.938893903907135686E-16 ) ) ;
#587 = LINE ( 'NONE', #1112, #3562 ) ;
#588 = VERTEX_POINT ( 'NONE', #2536 ) ;
#589 = VERTEX_POINT ( 'NONE', #297 ) ;
#590 = DIRECTION ( 'NONE',  ( 0.000000000000000000, 1.000000000000000000, 0.000000000000000000 ) ) ;
#591 = ORIENTED_EDGE ( 'NONE', *, *, #3285, .F. ) ;
#592 = DIRECTION ( 'NONE',  ( 0.000000000000000000, 1.000000000000000000, -0.000000000000000000 ) ) ;
#593 = CARTESIAN_POINT ( 'NONE',  ( 2.449293598294700991E-15, 3.000000000000000000, -318.9999999999999432 ) ) ;
#594 = DIRECTION ( 'NONE',  ( 1.541976423090491492E-15, 0.000000000000000000, 1.000000000000000000 ) ) ;
#595 = ADVANCED_FACE ( 'NONE', ( #3100 ), #3062, .T. ) ;
#596 = EDGE_CURVE ( 'NONE', #1964, #2959, #1926, .T. ) ;
#597 = CARTESIAN_POINT ( 'NONE',  ( 59.99999999999990763, -39.99999999999999289, -318.9999999999999432 ) ) ;
#598 = PLANE ( 'NONE',  #1081 ) ;
#599 = ORIENTED_EDGE ( 'NONE', *, *, #1997, .T. ) ;
#600 = DIRECTION ( 'NONE',  ( -3.469446951953614189E-16, -0.000000000000000000, -1.000000000000000000 ) ) ;
#601 = VECTOR ( 'NONE', #1538, 1000.000000000000000 ) ;
#602 = CARTESIAN_POINT ( 'NONE',  ( 0.000000000000000000, -39.99999999999999289, -10.00000000000001599 ) ) ;
#603 = DATE_TIME_ROLE ( 'classification_date' ) ;
#604 = DIRECTION ( 'NONE',  ( 0.000000000000000000, 1.000000000000000000, -0.000000000000000000 ) ) ;
#605 = ADVANCED_FACE ( 'NONE', ( #1652 ), #1106, .F. ) ;
#606 = AXIS2_PLACEMENT_3D ( 'NONE', #3604, #2210, #883 ) ;
#607 = AXIS2_PLACEMENT_3D ( 'NONE', #3458, #1230, #1803 ) ;
#608 = VERTEX_POINT ( 'NONE', #3043 ) ;
#609 = AXIS2_PLACEMENT_3D ( 'NONE', #826, #1922, #2552 ) ;
#610 = CIRCLE ( 'NONE', #2173, 60.00000000000000000 ) ;
#611 = CARTESIAN_POINT ( 'NONE',  ( 59.99999999999999289, 0.000000000000000000, -0.1250782228090947801 ) ) ;
#612 = ORIENTED_EDGE ( 'NONE', *, *, #1224, .F. ) ;
#613 = CARTESIAN_POINT ( 'NONE',  ( -105.0000000000000142, -43.00000000000000000, -60.00000000000000711 ) ) ;
#614 = VECTOR ( 'NONE', #967, 1000.000000000000000 ) ;
#615 = DIRECTION ( 'NONE',  ( 0.000000000000000000, 0.000000000000000000, -1.000000000000000000 ) ) ;
#616 = CARTESIAN_POINT ( 'NONE',  ( -115.0000000000000000, 3.000000000000000000, -190.9999999999999432 ) ) ;
#617 = CARTESIAN_POINT ( 'NONE',  ( -105.0000000000000142, -39.99999999999999289, -60.00000000000000711 ) ) ;
#618 = DIRECTION ( 'NONE',  ( -0.000000000000000000, 1.000000000000000000, 0.000000000000000000 ) ) ;
#619 = DIRECTION ( 'NONE',  ( 0.000000000000000000, 0.000000000000000000, -1.000000000000000000 ) ) ;
#620 = ORIENTED_EDGE ( 'NONE', *, *, #1376, .T. ) ;
#621 = DIRECTION ( 'NONE',  ( 0.000000000000000000, 0.000000000000000000, 1.000000000000000000 ) ) ;
#622 = ORIENTED_EDGE ( 'NONE', *, *, #2076, .F. ) ;
#623 = AXIS2_PLACEMENT_3D ( 'NONE', #2963, #57, #1452 ) ;
#624 = ORIENTED_EDGE ( 'NONE', *, *, #712, .T. ) ;
#625 = EDGE_CURVE ( 'NONE', #1002, #2632, #3574, .T. ) ;
#626 = DIRECTION ( 'NONE',  ( 3.061616997868373773E-16, 0.000000000000000000, -1.000000000000000000 ) ) ;
#627 = VECTOR ( 'NONE', #3330, 1000.000000000000000 ) ;
#628 = LINE ( 'NONE', #2814, #3096 ) ;
#629 = VECTOR ( 'NONE', #555, 1000.000000000000000 ) ;
#630 = VERTEX_POINT ( 'NONE', #2498 ) ;
#631 = DIRECTION ( 'NONE',  ( -3.469446951953614189E-16, -0.000000000000000000, -1.000000000000000000 ) ) ;
#632 = VERTEX_POINT ( 'NONE', #3607 ) ;
#633 = CARTESIAN_POINT ( 'NONE',  ( -95.00000000000002842, -39.99999999999999289, -99.99999999999998579 ) ) ;
#634 = CARTESIAN_POINT ( 'NONE',  ( 165.0000000000000000, 3.000000000000000000, -108.0000000000000142 ) ) ;
#635 = DIRECTION ( 'NONE',  ( -0.000000000000000000, -1.000000000000000000, 0.000000000000000000 ) ) ;
#636 = CARTESIAN_POINT ( 'NONE',  ( 154.9999999999999716, -43.00000000000000000, -209.0000000000000568 ) ) ;
#637 = DIRECTION ( 'NONE',  ( 1.000000000000000000, 0.000000000000000000, 1.541976423090494894E-16 ) ) ;
#638 = FACE_OUTER_BOUND ( 'NONE', #338, .T. ) ;
#639 = ORIENTED_EDGE ( 'NONE', *, *, #857, .F. ) ;
#640 = MANIFOLD_SOLID_BREP ( 'Fillet10', #1679 ) ;
#641 = DIRECTION ( 'NONE',  ( 6.938893903907222461E-16, -0.000000000000000000, 1.000000000000000000 ) ) ;
#642 = PLANE ( 'NONE',  #585 ) ;
#643 = CARTESIAN_POINT ( 'NONE',  ( 104.9999999999999289, 3.000000000000000000, -248.9999999999999716 ) ) ;
#644 = EDGE_CURVE ( 'NONE', #441, #2381, #2008, .T. ) ;
#645 = EDGE_CURVE ( 'NONE', #3473, #141, #3046, .T. ) ;
#646 = ORIENTED_EDGE ( 'NONE', *, *, #1027, .T. ) ;
#647 = DIRECTION ( 'NONE',  ( -0.000000000000000000, -1.000000000000000000, -0.000000000000000000 ) ) ;
#648 = LINE ( 'NONE', #1756, #2574 ) ;
#649 = DIRECTION ( 'NONE',  ( 0.000000000000000000, 1.000000000000000000, 0.000000000000000000 ) ) ;
#650 = DIRECTION ( 'NONE',  ( -1.000000000000000000, -0.000000000000000000, -0.000000000000000000 ) ) ;
#651 = DIRECTION ( 'NONE',  ( 0.000000000000000000, 0.000000000000000000, 1.000000000000000000 ) ) ;
#652 = EDGE_CURVE ( 'NONE', #3496, #25, #76, .T. ) ;
#653 = CARTESIAN_POINT ( 'NONE',  ( 164.9999999999999716, 3.000000000000000000, -118.0000000000000142 ) ) ;
#654 = CARTESIAN_POINT ( 'NONE',  ( -110.0000000000000000, 3.000000000000000000, -64.99999999999998579 ) ) ;
#655 = EDGE_LOOP ( 'NONE', ( #1293, #1170, #3193, #1297 ) ) ;
#656 = DIRECTION ( 'NONE',  ( 0.000000000000000000, 0.000000000000000000, 1.000000000000000000 ) ) ;
#657 = LINE ( 'NONE', #930, #2316 ) ;
#658 = ORIENTED_EDGE ( 'NONE', *, *, #3148, .T. ) ;
#659 = DIRECTION ( 'NONE',  ( 1.000000000000000000, -0.000000000000000000, 3.469446951953613696E-16 ) ) ;
#660 = AXIS2_PLACEMENT_3D ( 'NONE', #1239, #2591, #3194 ) ;
#661 = CARTESIAN_POINT ( 'NONE',  ( 104.9999999999999147, -39.99999999999999289, -318.9999999999999432 ) ) ;
#662 = VECTOR ( 'NONE', #2507, 1000.000000000000000 ) ;
#663 = VECTOR ( 'NONE', #242, 1000.000000000000000 ) ;
#664 = EDGE_CURVE ( 'NONE', #2455, #2854, #2079, .T. ) ;
#665 = CARTESIAN_POINT ( 'NONE',  ( -115.0000000000000000, -43.00000000000000000, -248.9999999999999432 ) ) ;
#666 = DIRECTION ( 'NONE',  ( -1.000000000000000000, 0.000000000000000000, 0.000000000000000000 ) ) ;
#667 = CARTESIAN_POINT ( 'NONE',  ( -5.000000000000060396, -39.99999999999999289, -298.9999999999999432 ) ) ;
#668 = CARTESIAN_POINT ( 'NONE',  ( 69.99999999999998579, 3.000000000000000000, -0.1250782228090913106 ) ) ;
#669 = DIRECTION ( 'NONE',  ( -0.000000000000000000, -1.000000000000000000, -0.000000000000000000 ) ) ;
#670 = VERTEX_POINT ( 'NONE', #703 ) ;
#671 = EDGE_CURVE ( 'NONE', #433, #218, #3430, .T. ) ;
#672 = DIRECTION ( 'NONE',  ( 1.000000000000000000, -0.000000000000000000, -0.000000000000000000 ) ) ;
#673 = DIRECTION ( 'NONE',  ( -1.000000000000000000, -0.000000000000000000, -0.000000000000000000 ) ) ;
#674 = VECTOR ( 'NONE', #1635, 1000.000000000000000 ) ;
#675 = VERTEX_POINT ( 'NONE', #1777 ) ;
#676 = CYLINDRICAL_SURFACE ( 'NONE', #2947, 5.000000000000004441 ) ;
#677 = CARTESIAN_POINT ( 'NONE',  ( 109.6153846153845990, 3.000000000000000000, -0.1777781685428081460 ) ) ;
#678 = AXIS2_PLACEMENT_3D ( 'NONE', #1391, #1901, #2491 ) ;
#679 = CARTESIAN_POINT ( 'NONE',  ( -110.0000000000000000, 3.000000000000000000, -59.99999999999999289 ) ) ;
#680 = AXIS2_PLACEMENT_3D ( 'NONE', #1212, #878, #46 ) ;
#681 = CARTESIAN_POINT ( 'NONE',  ( -95.00000000000002842, 3.000000000000000000, -209.0000000000000284 ) ) ;
#682 = DIRECTION ( 'NONE',  ( 0.000000000000000000, 0.000000000000000000, -1.000000000000000000 ) ) ;
#683 = ORIENTED_EDGE ( 'NONE', *, *, #2586, .F. ) ;
#684 = EDGE_CURVE ( 'NONE', #2684, #2636, #1745, .T. ) ;
#685 = EDGE_CURVE ( 'NONE', #3608, #463, #145, .T. ) ;
#686 = CARTESIAN_POINT ( 'NONE',  ( 154.9999999999999716, 3.000000000000000000, -118.0000000000000000 ) ) ;
#687 = DIRECTION ( 'NONE',  ( 1.541976423090491492E-15, 0.000000000000000000, -1.000000000000000000 ) ) ;
#688 = ORIENTED_EDGE ( 'NONE', *, *, #2627, .F. ) ;
#689 = CARTESIAN_POINT ( 'NONE',  ( 59.99999999999999289, -39.99999999999999289, -10.00000000000000711 ) ) ;
#690 = DIRECTION ( 'NONE',  ( 0.000000000000000000, 1.000000000000000000, 0.000000000000000000 ) ) ;
#691 = EDGE_LOOP ( 'NONE', ( #240, #529, #1934, #2923 ) ) ;
#692 = EDGE_CURVE ( 'NONE', #151, #1211, #2866, .T. ) ;
#693 = VERTEX_POINT ( 'NONE', #2623 ) ;
#694 = CIRCLE ( 'NONE', #3069, 5.000000000000000000 ) ;
#695 = CARTESIAN_POINT ( 'NONE',  ( 164.9999999999999716, 3.000000000000000000, -200.9999999999999716 ) ) ;
#696 = CIRCLE ( 'NONE', #1167, 4.999999999999997335 ) ;
#697 = DIRECTION ( 'NONE',  ( -1.541976423090491492E-15, -0.000000000000000000, 1.000000000000000000 ) ) ;
#698 = DATE_AND_TIME ( #2912, #927 ) ;
#699 = CARTESIAN_POINT ( 'NONE',  ( 109.6153846153845137, 3.000000000000000000, -308.8222218314571137 ) ) ;
#700 = ORIENTED_EDGE ( 'NONE', *, *, #1868, .F. ) ;
#701 = ADVANCED_FACE ( 'NONE', ( #2286 ), #2917, .F. ) ;
#702 = ORIENTED_EDGE ( 'NONE', *, *, #2954, .F. ) ;
#703 = CARTESIAN_POINT ( 'NONE',  ( 59.99999999999990763, -43.00000000000000000, -318.9999999999999432 ) ) ;
#704 = ORIENTED_EDGE ( 'NONE', *, *, #1154, .T. ) ;
#705 = ADVANCED_FACE ( 'NONE', ( #638 ), #358, .T. ) ;
#707 = EDGE_CURVE ( 'NONE', #537, #1240, #325, .T. ) ;
#706 = DIRECTION ( 'NONE',  ( -1.000000000000000000, 0.000000000000000000, -3.061616997868373280E-16 ) ) ;
#708 = EDGE_CURVE ( 'NONE', #2537, #2559, #960, .T. ) ;
#709 = CARTESIAN_POINT ( 'NONE',  ( -45.00000000000000711, -39.99999999999999289, 6.938893903907228378E-15 ) ) ;
#710 = EDGE_LOOP ( 'NONE', ( #757, #2691, #2975, #1738 ) ) ;
#711 = ADVANCED_FACE ( 'NONE', ( #92 ), #3394, .T. ) ;
#712 = EDGE_CURVE ( 'NONE', #3496, #243, #904, .T. ) ;
#713 = EDGE_LOOP ( 'NONE', ( #1811, #1221, #3565, #516 ) ) ;
#714 = ORIENTED_EDGE ( 'NONE', *, *, #1843, .T. ) ;
#715 = FACE_OUTER_BOUND ( 'NONE', #655, .T. ) ;
#716 = AXIS2_PLACEMENT_3D ( 'NONE', #1969, #3057, #3021 ) ;
#717 = CARTESIAN_POINT ( 'NONE',  ( 154.9999999999999716, -39.99999999999999289, -118.0000000000000000 ) ) ;
#718 = PERSON_AND_ORGANIZATION ( #3459, #2199 ) ;
#719 = ORIENTED_EDGE ( 'NONE', *, *, #2834, .F. ) ;
#720 = DIRECTION ( 'NONE',  ( 0.000000000000000000, 0.000000000000000000, -1.000000000000000000 ) ) ;
#721 = VERTEX_POINT ( 'NONE', #2059 ) ;
#722 = VERTEX_POINT ( 'NONE', #1220 ) ;
#723 = CIRCLE ( 'NONE', #494, 60.00000000000000000 ) ;
#724 = VERTEX_POINT ( 'NONE', #1507 ) ;
#725 = ORIENTED_EDGE ( 'NONE', *, *, #2371, .T. ) ;
#726 = FACE_OUTER_BOUND ( 'NONE', #1827, .T. ) ;
#727 = EDGE_LOOP ( 'NONE', ( #3235, #154, #765, #384 ) ) ;
#728 = FACE_OUTER_BOUND ( 'NONE', #2828, .T. ) ;
#729 = ORIENTED_EDGE ( 'NONE', *, *, #1299, .F. ) ;
#730 = DIRECTION ( 'NONE',  ( 0.000000000000000000, 0.000000000000000000, -1.000000000000000000 ) ) ;
#731 = VERTEX_POINT ( 'NONE', #2606 ) ;
#732 = ADVANCED_FACE ( 'NONE', ( #109 ), #1237, .F. ) ;
#733 = ORIENTED_EDGE ( 'NONE', *, *, #685, .F. ) ;
#734 = EDGE_CURVE ( 'NONE', #1075, #3228, #1795, .T. ) ;
#735 = ORIENTED_EDGE ( 'NONE', *, *, #2014, .T. ) ;
#736 = VERTEX_POINT ( 'NONE', #125 ) ;
#737 = AXIS2_PLACEMENT_3D ( 'NONE', #2757, #2232, #317 ) ;
#738 = PLANE ( 'NONE',  #249 ) ;
#739 = DIRECTION ( 'NONE',  ( 3.083952846180982984E-15, 0.000000000000000000, 1.000000000000000000 ) ) ;
#740 = PERSON_AND_ORGANIZATION_ROLE ( 'design_supplier' ) ;
#741 = DIRECTION ( 'NONE',  ( -1.000000000000000000, 0.000000000000000000, 1.387778780781448239E-15 ) ) ;
#742 = ORIENTED_EDGE ( 'NONE', *, *, #795, .F. ) ;
#743 = AXIS2_PLACEMENT_3D ( 'NONE', #1676, #590, #1692 ) ;
#744 = ORIENTED_EDGE ( 'NONE', *, *, #712, .F. ) ;
#745 = CARTESIAN_POINT ( 'NONE',  ( -105.0000000000000284, 3.000000000000000000, -118.0000000000000284 ) ) ;
#746 = CARTESIAN_POINT ( 'NONE',  ( 154.9999999999999716, 0.000000000000000000, -209.0000000000000568 ) ) ;
#747 = PLANE ( 'NONE',  #623 ) ;
#748 = ORIENTED_EDGE ( 'NONE', *, *, #1122, .F. ) ;
#749 = CARTESIAN_POINT ( 'NONE',  ( -45.00000000000000711, 3.000000000000000000, -59.99999999999999289 ) ) ;
#750 = DIRECTION ( 'NONE',  ( -0.000000000000000000, -1.000000000000000000, -0.000000000000000000 ) ) ;
#751 = ORIENTED_EDGE ( 'NONE', *, *, #3133, .T. ) ;
#752 = DIRECTION ( 'NONE',  ( -0.000000000000000000, -1.000000000000000000, -0.000000000000000000 ) ) ;
#753 = EDGE_CURVE ( 'NONE', #2335, #608, #2976, .T. ) ;
#754 = VERTEX_POINT ( 'NONE', #2145 ) ;
#755 = FACE_OUTER_BOUND ( 'NONE', #3524, .T. ) ;
#756 = DIRECTION ( 'NONE',  ( -0.000000000000000000, -1.000000000000000000, -0.000000000000000000 ) ) ;
#757 = ORIENTED_EDGE ( 'NONE', *, *, #1331, .F. ) ;
#758 = DIRECTION ( 'NONE',  ( 0.000000000000000000, 0.000000000000000000, -1.000000000000000000 ) ) ;
#759 = CIRCLE ( 'NONE', #103, 5.000000000000000000 ) ;
#760 = ORIENTED_EDGE ( 'NONE', *, *, #32, .T. ) ;
#761 = EDGE_LOOP ( 'NONE', ( #2091, #870, #622, #2891 ) ) ;
#762 = DIRECTION ( 'NONE',  ( -0.000000000000000000, -1.000000000000000000, -0.000000000000000000 ) ) ;
#763 = DIRECTION ( 'NONE',  ( 0.000000000000000000, 0.000000000000000000, -1.000000000000000000 ) ) ;
#764 = EDGE_CURVE ( 'NONE', #3608, #934, #2298, .T. ) ;
#765 = ORIENTED_EDGE ( 'NONE', *, *, #3417, .F. ) ;
#766 = CYLINDRICAL_SURFACE ( 'NONE', #137, 10.00000000000000888 ) ;
#767 = LINE ( 'NONE', #531, #1573 ) ;
#768 = VERTEX_POINT ( 'NONE', #525 ) ;
#769 = ORIENTED_EDGE ( 'NONE', *, *, #1579, .T. ) ;
#770 = DIRECTION ( 'NONE',  ( 0.000000000000000000, 1.000000000000000000, 0.000000000000000000 ) ) ;
#771 = LINE ( 'NONE', #425, #2065 ) ;
#772 = FACE_OUTER_BOUND ( 'NONE', #1478, .T. ) ;
#773 = ADVANCED_FACE ( 'NONE', ( #3484 ), #1324, .F. ) ;
#774 = CIRCLE ( 'NONE', #549, 89.99999999999994316 ) ;
#775 = ORIENTED_EDGE ( 'NONE', *, *, #1929, .T. ) ;
#776 = CARTESIAN_POINT ( 'NONE',  ( -105.0000000000000000, 3.000000000000000000, -190.9999999999999716 ) ) ;
#777 = DIRECTION ( 'NONE',  ( 0.000000000000000000, -0.000000000000000000, -1.000000000000000000 ) ) ;
#778 = AXIS2_PLACEMENT_3D ( 'NONE', #1787, #68, #918 ) ;
#779 = ORIENTED_EDGE ( 'NONE', *, *, #2953, .T. ) ;
#780 = ORIENTED_EDGE ( 'NONE', *, *, #2502, .F. ) ;
#781 = DIRECTION ( 'NONE',  ( 1.541976423090491492E-15, 0.000000000000000000, -1.000000000000000000 ) ) ;
#782 = DIRECTION ( 'NONE',  ( -1.000000000000000000, 0.000000000000000000, 0.000000000000000000 ) ) ;
#783 = CIRCLE ( 'NONE', #435, 89.99999999999994316 ) ;
#784 = VERTEX_POINT ( 'NONE', #1596 ) ;
#785 = CARTESIAN_POINT ( 'NONE',  ( 2.449293598294700991E-15, -39.99999999999999289, -318.9999999999999432 ) ) ;
#786 = EDGE_CURVE ( 'NONE', #3139, #1752, #3536, .T. ) ;
#787 = CARTESIAN_POINT ( 'NONE',  ( -45.00000000000000711, -43.00000000000000000, 9.999999999999984013 ) ) ;
#788 = VERTEX_POINT ( 'NONE', #2444 ) ;
#789 = DIRECTION ( 'NONE',  ( -0.000000000000000000, -1.000000000000000000, -0.000000000000000000 ) ) ;
#790 = VECTOR ( 'NONE', #3488, 1000.000000000000000 ) ;
#791 = ORIENTED_EDGE ( 'NONE', *, *, #3489, .F. ) ;
#792 = CARTESIAN_POINT ( 'NONE',  ( 154.9999999999999716, -39.99999999999999289, -209.0000000000000568 ) ) ;
#793 = AXIS2_PLACEMENT_3D ( 'NONE', #2334, #3449, #687 ) ;
#794 = CARTESIAN_POINT ( 'NONE',  ( 104.9999999999999858, -43.00000000000000000, 1.387778780781445676E-14 ) ) ;
#795 = EDGE_CURVE ( 'NONE', #2650, #1872, #3209, .T. ) ;
#796 = ADVANCED_FACE ( 'NONE', ( #1873 ), #3498, .F. ) ;
#797 = VECTOR ( 'NONE', #272, 1000.000000000000000 ) ;
#798 = ORIENTED_EDGE ( 'NONE', *, *, #1465, .F. ) ;
#799 = LINE ( 'NONE', #1909, #674 ) ;
#800 = DIRECTION ( 'NONE',  ( -0.000000000000000000, -1.000000000000000000, -0.000000000000000000 ) ) ;
#801 = ORIENTED_EDGE ( 'NONE', *, *, #3238, .F. ) ;
#802 = DIRECTION ( 'NONE',  ( 0.000000000000000000, 0.000000000000000000, -1.000000000000000000 ) ) ;
#803 = ADVANCED_FACE ( 'NONE', ( #726 ), #228, .F. ) ;
#804 = CARTESIAN_POINT ( 'NONE',  ( 99.99999999999988631, 0.000000000000000000, -318.9999999999999432 ) ) ;
#805 = ORIENTED_EDGE ( 'NONE', *, *, #189, .F. ) ;
#806 = CARTESIAN_POINT ( 'NONE',  ( 65.00000000000000000, 0.000000000000000000, -209.0000000000000284 ) ) ;
#807 = VERTEX_POINT ( 'NONE', #208 ) ;
#808 = DIRECTION ( 'NONE',  ( 0.000000000000000000, 1.000000000000000000, -0.000000000000000000 ) ) ;
#809 = DIRECTION ( 'NONE',  ( -0.000000000000000000, 1.000000000000000000, -0.000000000000000000 ) ) ;
#810 = CLOSED_SHELL ( 'NONE', ( #1616, #1990, #3610, #1757, #711, #2909, #3195, #1469, #3360, #2856, #2692, #490, #1059, #1330, #1971, #3008, #2768 ) ) ;
#811 = VERTEX_POINT ( 'NONE', #1049 ) ;
#812 = FACE_OUTER_BOUND ( 'NONE', #949, .T. ) ;
#813 = ADVANCED_FACE ( 'NONE', ( #1613 ), #3003, .F. ) ;
#814 = EDGE_CURVE ( 'NONE', #1323, #632, #2063, .T. ) ;
#815 = CARTESIAN_POINT ( 'NONE',  ( 104.9999999999999289, -43.00000000000000000, -248.9999999999999716 ) ) ;
#816 = CARTESIAN_POINT ( 'NONE',  ( -45.00000000000000711, -43.00000000000000000, 6.938893903907228378E-15 ) ) ;
#817 = EDGE_CURVE ( 'NONE', #721, #3121, #1833, .T. ) ;
#818 = DIRECTION ( 'NONE',  ( -0.000000000000000000, -1.000000000000000000, 0.000000000000000000 ) ) ;
#819 = DATE_AND_TIME ( #2118, #36 ) ;
#820 = CARTESIAN_POINT ( 'NONE',  ( 154.9999999999999432, -39.99999999999999289, -191.0000000000000000 ) ) ;
#821 = EDGE_CURVE ( 'NONE', #1344, #2630, #2717, .T. ) ;
#822 = LINE ( 'NONE', #2765, #1611 ) ;
#823 = ORIENTED_EDGE ( 'NONE', *, *, #1450, .F. ) ;
#824 = CARTESIAN_POINT ( 'NONE',  ( 104.9999999999999289, 0.000000000000000000, -248.9999999999999716 ) ) ;
#825 = DIRECTION ( 'NONE',  ( 0.000000000000000000, 0.000000000000000000, -1.000000000000000000 ) ) ;
#826 = CARTESIAN_POINT ( 'NONE',  ( -115.0000000000000000, 3.000000000000000000, -59.99999999999999289 ) ) ;
#827 = VERTEX_POINT ( 'NONE', #1560 ) ;
#828 = FACE_OUTER_BOUND ( 'NONE', #980, .T. ) ;
#829 = ORIENTED_EDGE ( 'NONE', *, *, #215, .F. ) ;
#830 = CARTESIAN_POINT ( 'NONE',  ( 169.8074069840785967, 0.000000000000000000, -60.00000000000002132 ) ) ;
#831 = ORIENTED_EDGE ( 'NONE', *, *, #1633, .T. ) ;
#832 = CARTESIAN_POINT ( 'NONE',  ( 164.9999999999999716, 3.000000000000000000, -200.9999999999999716 ) ) ;
#833 = AXIS2_PLACEMENT_3D ( 'NONE', #2165, #2678, #3274 ) ;
#834 = FACE_OUTER_BOUND ( 'NONE', #2120, .T. ) ;
#835 = LINE ( 'NONE', #1097, #3509 ) ;
#836 = VECTOR ( 'NONE', #752, 1000.000000000000000 ) ;
#837 = EDGE_CURVE ( 'NONE', #1515, #2337, #3283, .T. ) ;
#838 = ADVANCED_FACE ( 'NONE', ( #186 ), #2667, .F. ) ;
#839 = ORIENTED_EDGE ( 'NONE', *, *, #625, .F. ) ;
#840 = AXIS2_PLACEMENT_3D ( 'NONE', #233, #3184, #3525 ) ;
#841 = DIRECTION ( 'NONE',  ( -0.000000000000000000, -1.000000000000000000, -0.000000000000000000 ) ) ;
#842 = ORIENTED_EDGE ( 'NONE', *, *, #439, .T. ) ;
#843 = DIRECTION ( 'NONE',  ( -1.541976423090491492E-15, -0.000000000000000000, 1.000000000000000000 ) ) ;
#844 = EDGE_LOOP ( 'NONE', ( #3380, #2163, #1290, #198 ) ) ;
#845 = ORIENTED_EDGE ( 'NONE', *, *, #2988, .T. ) ;
#846 = LINE ( 'NONE', #1986, #1206 ) ;
#847 = DIRECTION ( 'NONE',  ( 1.000000000000000000, 0.000000000000000000, 0.000000000000000000 ) ) ;
#848 = VECTOR ( 'NONE', #1876, 1000.000000000000000 ) ;
#849 = ORIENTED_EDGE ( 'NONE', *, *, #3481, .T. ) ;
#850 = AXIS2_PLACEMENT_3D ( 'NONE', #2940, #1309, #3552 ) ;
#851 = DIRECTION ( 'NONE',  ( 0.000000000000000000, 0.000000000000000000, 1.000000000000000000 ) ) ;
#852 = DIRECTION ( 'NONE',  ( -0.000000000000000000, -1.000000000000000000, -0.000000000000000000 ) ) ;
#853 = ORIENTED_EDGE ( 'NONE', *, *, #1027, .F. ) ;
#854 = CARTESIAN_POINT ( 'NONE',  ( 69.49999999999992895, 0.000000000000000000, -298.8874295994717727 ) ) ;
#855 = AXIS2_PLACEMENT_3D ( 'NONE', #1354, #572, #3292 ) ;
#856 = FACE_OUTER_BOUND ( 'NONE', #1481, .T. ) ;
#857 = EDGE_CURVE ( 'NONE', #3228, #3221, #2122, .T. ) ;
#858 = CARTESIAN_POINT ( 'NONE',  ( -105.0000000000000142, 3.000000000000000000, -59.99999999999999289 ) ) ;
#859 = VERTEX_POINT ( 'NONE', #2390 ) ;
#860 = ORIENTED_EDGE ( 'NONE', *, *, #539, .F. ) ;
#861 = EDGE_CURVE ( 'NONE', #2152, #1272, #3231, .T. ) ;
#862 = EDGE_CURVE ( 'NONE', #589, #537, #476, .T. ) ;
#863 = FACE_OUTER_BOUND ( 'NONE', #2492, .T. ) ;
#864 = ORIENTED_EDGE ( 'NONE', *, *, #1377, .F. ) ;
#865 = DIRECTION ( 'NONE',  ( 0.000000000000000000, -0.000000000000000000, -1.000000000000000000 ) ) ;
#866 = CARTESIAN_POINT ( 'NONE',  ( -95.00000000000000000, -39.99999999999999289, -190.9999999999999716 ) ) ;
#867 = LINE ( 'NONE', #2368, #495 ) ;
#868 = VECTOR ( 'NONE', #756, 1000.000000000000000 ) ;
#869 = CARTESIAN_POINT ( 'NONE',  ( 105.0000000000000000, -43.00000000000000000, 10.00000000000000000 ) ) ;
#870 = ORIENTED_EDGE ( 'NONE', *, *, #2392, .T. ) ;
#871 = PLANE ( 'NONE',  #737 ) ;
#872 = EDGE_LOOP ( 'NONE', ( #2916, #2524, #2572, #775 ) ) ;
#873 = DIRECTION ( 'NONE',  ( 1.000000000000000000, 0.000000000000000000, -0.000000000000000000 ) ) ;
#874 = AXIS2_PLACEMENT_3D ( 'NONE', #3289, #818, #3528 ) ;
#875 = LINE ( 'NONE', #2760, #3254 ) ;
#876 = CYLINDRICAL_SURFACE ( 'NONE', #2751, 4.999999999999997335 ) ;
#877 = ORIENTED_EDGE ( 'NONE', *, *, #1727, .T. ) ;
#878 = DIRECTION ( 'NONE',  ( 1.387778780781448042E-15, -0.000000000000000000, 1.000000000000000000 ) ) ;
#879 = ORIENTED_EDGE ( 'NONE', *, *, #644, .F. ) ;
#880 = LINE ( 'NONE', #28, #190 ) ;
#881 = PLANE ( 'NONE',  #1026 ) ;
#882 = DIRECTION ( 'NONE',  ( -0.000000000000000000, -1.000000000000000000, -0.000000000000000000 ) ) ;
#883 = DIRECTION ( 'NONE',  ( 0.000000000000000000, -0.000000000000000000, 1.000000000000000000 ) ) ;
#884 = EDGE_CURVE ( 'NONE', #898, #3221, #11, .T. ) ;
#885 = PLANE ( 'NONE',  #3005 ) ;
#886 = DIRECTION ( 'NONE',  ( -0.000000000000000000, -1.000000000000000000, 0.000000000000000000 ) ) ;
#887 = VERTEX_POINT ( 'NONE', #1426 ) ;
#888 = CARTESIAN_POINT ( 'NONE',  ( 174.9999999999999432, -39.99999999999999289, -118.0000000000000284 ) ) ;
#889 = ORIENTED_EDGE ( 'NONE', *, *, #2883, .F. ) ;
#890 = VECTOR ( 'NONE', #521, 1000.000000000000000 ) ;
#891 = CARTESIAN_POINT ( 'NONE',  ( -5.000000000000015099, -39.99999999999999289, -10.00000000000002309 ) ) ;
#892 = CARTESIAN_POINT ( 'NONE',  ( 104.9999999999999005, -39.99999999999999289, -308.9999999999999432 ) ) ;
#893 = AXIS2_PLACEMENT_3D ( 'NONE', #1955, #2824, #3389 ) ;
#894 = VECTOR ( 'NONE', #2137, 1000.000000000000000 ) ;
#895 = VERTEX_POINT ( 'NONE', #579 ) ;
#896 = PRODUCT ( 'Link2StellConnectors_Default_sldprt', 'Link2StellConnectors_Default_sldprt', '', ( #161 ) ) ;
#897 = CARTESIAN_POINT ( 'NONE',  ( 0.000000000000000000, 0.000000000000000000, -10.00000000000001599 ) ) ;
#898 = VERTEX_POINT ( 'NONE', #1395 ) ;
#899 = DIRECTION ( 'NONE',  ( -0.000000000000000000, -1.000000000000000000, 0.000000000000000000 ) ) ;
#900 = CARTESIAN_POINT ( 'NONE',  ( 174.9999999999999432, 3.000000000000000000, -248.9999999999999716 ) ) ;
#901 = DIRECTION ( 'NONE',  ( 0.000000000000000000, -0.000000000000000000, -1.000000000000000000 ) ) ;
#902 = LINE ( 'NONE', #2846, #1706 ) ;
#903 = LINE ( 'NONE', #1761, #922 ) ;
#904 = LINE ( 'NONE', #3120, #3114 ) ;
#905 = ORIENTED_EDGE ( 'NONE', *, *, #159, .T. ) ;
#906 = ADVANCED_FACE ( 'NONE', ( #2802 ), #881, .F. ) ;
#908 = ADVANCED_FACE ( 'NONE', ( #1140 ), #3312, .F. ) ;
#907 = DIRECTION ( 'NONE',  ( 1.387778780781443703E-15, 0.000000000000000000, 1.000000000000000000 ) ) ;
#909 = AXIS2_PLACEMENT_3D ( 'NONE', #2978, #2432, #3540 ) ;
#910 = LINE ( 'NONE', #302, #1455 ) ;
#911 = AXIS2_PLACEMENT_3D ( 'NONE', #3038, #2458, #2494 ) ;
#912 = DIRECTION ( 'NONE',  ( 3.083952846180982984E-15, 0.000000000000000000, 1.000000000000000000 ) ) ;
#913 = AXIS2_PLACEMENT_3D ( 'NONE', #2002, #1713, #1737 ) ;
#914 = ORIENTED_EDGE ( 'NONE', *, *, #1199, .T. ) ;
#915 = CYLINDRICAL_SURFACE ( 'NONE', #2884, 89.99999999999991473 ) ;
#916 = ADVANCED_FACE ( 'NONE', ( #3078 ), #258, .F. ) ;
#917 = ORIENTED_EDGE ( 'NONE', *, *, #2519, .F. ) ;
#918 = DIRECTION ( 'NONE',  ( 0.000000000000000000, 0.000000000000000000, 1.000000000000000000 ) ) ;
#919 = PLANE ( 'NONE',  #2420 ) ;
#920 = CARTESIAN_POINT ( 'NONE',  ( 169.9999999999999716, 3.000000000000000000, -60.00000000000002132 ) ) ;
#921 = LINE ( 'NONE', #3171, #2690 ) ;
#922 = VECTOR ( 'NONE', #394, 1000.000000000000000 ) ;
#923 = CARTESIAN_POINT ( 'NONE',  ( -109.8074069840786251, 3.000000000000000000, -54.99999999999999289 ) ) ;
#924 = EDGE_CURVE ( 'NONE', #2474, #2737, #3232, .T. ) ;
#925 = DIRECTION ( 'NONE',  ( -0.000000000000000000, -1.000000000000000000, -0.000000000000000000 ) ) ;
#926 = ORIENTED_EDGE ( 'NONE', *, *, #271, .T. ) ;
#927 = LOCAL_TIME ( 13, 49, 3.000000000000000000, #2090 ) ;
#928 = PLANE ( 'NONE',  #2693 ) ;
#929 = APPROVAL ( #974, 'UNSPECIFIED' ) ;
#930 = CARTESIAN_POINT ( 'NONE',  ( 2.449293598294700991E-15, -39.99999999999999289, -318.9999999999999432 ) ) ;
#931 = EDGE_CURVE ( 'NONE', #1698, #588, #1716, .T. ) ;
#932 = ORIENTED_EDGE ( 'NONE', *, *, #448, .F. ) ;
#933 = DIRECTION ( 'NONE',  ( 0.000000000000000000, 1.000000000000000000, 0.000000000000000000 ) ) ;
#934 = VERTEX_POINT ( 'NONE', #241 ) ;
#935 = DIRECTION ( 'NONE',  ( -0.000000000000000000, -1.000000000000000000, -0.000000000000000000 ) ) ;
#936 = EDGE_CURVE ( 'NONE', #3485, #1908, #3048, .T. ) ;
#937 = LINE ( 'NONE', #2600, #83 ) ;
#938 = CARTESIAN_POINT ( 'NONE',  ( 174.9999999999999432, 3.000000000000000000, -190.9999999999999716 ) ) ;
#939 = DIRECTION ( 'NONE',  ( 0.000000000000000000, 1.000000000000000000, 0.000000000000000000 ) ) ;
#940 = DIRECTION ( 'NONE',  ( -1.387778780781443901E-15, -0.000000000000000000, -1.000000000000000000 ) ) ;
#941 = DIRECTION ( 'NONE',  ( 0.000000000000000000, 0.000000000000000000, -1.000000000000000000 ) ) ;
#942 = VERTEX_POINT ( 'NONE', #2264 ) ;
#943 = DIRECTION ( 'NONE',  ( 0.000000000000000000, 0.000000000000000000, 1.000000000000000000 ) ) ;
#944 = CARTESIAN_POINT ( 'NONE',  ( 99.99999999999990052, 3.000000000000000000, -313.9999999999999432 ) ) ;
#945 = ORIENTED_EDGE ( 'NONE', *, *, #1109, .F. ) ;
#946 = CARTESIAN_POINT ( 'NONE',  ( -110.0000000000000000, 3.000000000000000000, -243.9999999999999432 ) ) ;
#947 = ADVANCED_FACE ( 'NONE', ( #560 ), #3295, .F. ) ;
#948 = AXIS2_PLACEMENT_3D ( 'NONE', #962, #2919, #434 ) ;
#949 = EDGE_LOOP ( 'NONE', ( #175, #1957, #488, #3344 ) ) ;
#950 = DIRECTION ( 'NONE',  ( -1.000000000000000000, 0.000000000000000000, 1.387778780781443703E-15 ) ) ;
#951 = EDGE_CURVE ( 'NONE', #199, #3506, #1921, .T. ) ;
#952 = VECTOR ( 'NONE', #1139, 1000.000000000000000 ) ;
#953 = CIRCLE ( 'NONE', #1416, 5.000000000000004441 ) ;
#954 = AXIS2_PLACEMENT_3D ( 'NONE', #2278, #899, #2004 ) ;
#955 = DIRECTION ( 'NONE',  ( 0.000000000000000000, 0.000000000000000000, -1.000000000000000000 ) ) ;
#956 = CYLINDRICAL_SURFACE ( 'NONE', #1624, 59.99999999999997158 ) ;
#957 = FACE_OUTER_BOUND ( 'NONE', #1033, .T. ) ;
#958 = ORIENTED_EDGE ( 'NONE', *, *, #1633, .F. ) ;
#959 = LINE ( 'NONE', #2041, #1505 ) ;
#960 = LINE ( 'NONE', #1542, #2357 ) ;
#961 = VERTEX_POINT ( 'NONE', #277 ) ;
#962 = CARTESIAN_POINT ( 'NONE',  ( -39.99999999999999289, 3.000000000000000000, -313.9999999999999432 ) ) ;
#963 = PLANE ( 'NONE',  #2938 ) ;
#964 = VECTOR ( 'NONE', #1977, 1000.000000000000000 ) ;
#965 = ORIENTED_EDGE ( 'NONE', *, *, #3436, .T. ) ;
#966 = AXIS2_PLACEMENT_3D ( 'NONE', #3058, #1117, #825 ) ;
#967 = DIRECTION ( 'NONE',  ( -1.000000000000000000, -0.000000000000000000, -0.000000000000000000 ) ) ;
#968 = DIRECTION ( 'NONE',  ( 0.000000000000000000, 0.000000000000000000, 1.000000000000000000 ) ) ;
#969 = VECTOR ( 'NONE', #203, 1000.000000000000000 ) ;
#970 = ADVANCED_FACE ( 'NONE', ( #1696 ), #2511, .F. ) ;
#971 = EDGE_CURVE ( 'NONE', #2637, #1539, #846, .T. ) ;
#972 = ORIENTED_EDGE ( 'NONE', *, *, #1199, .F. ) ;
#973 = CARTESIAN_POINT ( 'NONE',  ( -115.0000000000000000, 0.000000000000000000, -59.99999999999999289 ) ) ;
#974 = APPROVAL_STATUS ( 'not_yet_approved' ) ;
#975 = CARTESIAN_POINT ( 'NONE',  ( 99.99999999999990052, 3.000000000000000000, -313.9999999999999432 ) ) ;
#976 = ORIENTED_EDGE ( 'NONE', *, *, #3238, .T. ) ;
#977 = EDGE_CURVE ( 'NONE', #1045, #1385, #2226, .T. ) ;
#978 = DIRECTION ( 'NONE',  ( -0.000000000000000000, -1.000000000000000000, 0.000000000000000000 ) ) ;
#979 = DIRECTION ( 'NONE',  ( -0.000000000000000000, -1.000000000000000000, -0.000000000000000000 ) ) ;
#980 = EDGE_LOOP ( 'NONE', ( #65, #3332, #3, #3431 ) ) ;
#981 = CARTESIAN_POINT ( 'NONE',  ( -105.0000000000000142, -39.99999999999999289, -248.9999999999999432 ) ) ;
#982 = FACE_OUTER_BOUND ( 'NONE', #3178, .T. ) ;
#983 = VERTEX_POINT ( 'NONE', #294 ) ;
#984 = VERTEX_POINT ( 'NONE', #866 ) ;
#985 = LINE ( 'NONE', #1899, #1068 ) ;
#986 = AXIS2_PLACEMENT_3D ( 'NONE', #2726, #40, #3398 ) ;
#987 = DIRECTION ( 'NONE',  ( -9.570888143320315888E-16, 0.000000000000000000, -1.000000000000000000 ) ) ;
#988 = PERSON_AND_ORGANIZATION_ROLE ( 'creator' ) ;
#989 = VERTEX_POINT ( 'NONE', #1973 ) ;
#990 = DIRECTION ( 'NONE',  ( 0.000000000000000000, 0.000000000000000000, -1.000000000000000000 ) ) ;
#991 = EDGE_LOOP ( 'NONE', ( #238, #1840, #2874, #1902 ) ) ;
#992 = ORIENTED_EDGE ( 'NONE', *, *, #2617, .T. ) ;
#993 = CARTESIAN_POINT ( 'NONE',  ( 65.00000000000005684, -39.99999999999999289, -10.00000000000000355 ) ) ;
#994 = ORIENTED_EDGE ( 'NONE', *, *, #3577, .F. ) ;
#995 = CARTESIAN_POINT ( 'NONE',  ( 175.0000000000000000, 0.000000000000000000, -65.00000000000001421 ) ) ;
#996 = EDGE_CURVE ( 'NONE', #1546, #1872, #314, .T. ) ;
#997 = ADVANCED_FACE ( 'NONE', ( #3570 ), #1085, .F. ) ;
#998 = ORIENTED_EDGE ( 'NONE', *, *, #684, .T. ) ;
#999 = CARTESIAN_POINT ( 'NONE',  ( 2.449293598294700991E-15, 0.000000000000000000, -318.9999999999999432 ) ) ;
#1000 = ORIENTED_EDGE ( 'NONE', *, *, #1094, .T. ) ;
#1001 = ORIENTED_EDGE ( 'NONE', *, *, #448, .T. ) ;
#1002 = VERTEX_POINT ( 'NONE', #2821 ) ;
#1003 = FACE_OUTER_BOUND ( 'NONE', #872, .T. ) ;
#1004 = VECTOR ( 'NONE', #3294, 1000.000000000000000 ) ;
#1005 = CARTESIAN_POINT ( 'NONE',  ( 59.99999999999998579, -39.99999999999999289, 9.999999999999992895 ) ) ;
#1006 = FACE_OUTER_BOUND ( 'NONE', #713, .T. ) ;
#1007 = DIRECTION ( 'NONE',  ( 0.000000000000000000, 0.000000000000000000, 1.000000000000000000 ) ) ;
#1008 = ORIENTED_EDGE ( 'NONE', *, *, #1376, .F. ) ;
#1009 = ORIENTED_EDGE ( 'NONE', *, *, #3501, .F. ) ;
#1010 = ORIENTED_EDGE ( 'NONE', *, *, #1313, .F. ) ;
#1011 = ORIENTED_EDGE ( 'NONE', *, *, #1660, .T. ) ;
#1012 = DIRECTION ( 'NONE',  ( 0.000000000000000000, 0.000000000000000000, -1.000000000000000000 ) ) ;
#1013 = ADVANCED_FACE ( 'NONE', ( #1251 ), #2328, .F. ) ;
#1014 = DIRECTION ( 'NONE',  ( 6.938893903907222461E-16, -0.000000000000000000, 1.000000000000000000 ) ) ;
#1015 = AXIS2_PLACEMENT_3D ( 'NONE', #3223, #2088, #2362 ) ;
#1016 = VECTOR ( 'NONE', #641, 1000.000000000000000 ) ;
#1017 = CC_DESIGN_PERSON_AND_ORGANIZATION_ASSIGNMENT ( #1305, #1096, ( #896 ) ) ;
#1018 = ADVANCED_FACE ( 'NONE', ( #2616 ), #2280, .F. ) ;
#1019 = CARTESIAN_POINT ( 'NONE',  ( 109.9999999999999005, 3.000000000000000000, -313.8074069840786251 ) ) ;
#1020 = EDGE_LOOP ( 'NONE', ( #2121, #419, #226, #1254, #2654, #831, #3334, #1120, #3197, #387, #3191, #2675, #2406, #3146, #2048 ) ) ;
#1021 = VERTEX_POINT ( 'NONE', #1194 ) ;
#1022 = EDGE_LOOP ( 'NONE', ( #545, #3024, #2141, #842 ) ) ;
#1023 = FACE_OUTER_BOUND ( 'NONE', #1662, .T. ) ;
#1024 = AXIS2_PLACEMENT_3D ( 'NONE', #3192, #3413, #2645 ) ;
#1025 = CARTESIAN_POINT ( 'NONE',  ( 59.99999999999992184, -39.99999999999999289, -298.9999999999999432 ) ) ;
#1026 = AXIS2_PLACEMENT_3D ( 'NONE', #2479, #2190, #2208 ) ;
#1027 = EDGE_CURVE ( 'NONE', #101, #588, #937, .T. ) ;
#1028 = CARTESIAN_POINT ( 'NONE',  ( -9.999999999999996447, 3.000000000000000000, -0.1250782228091329440 ) ) ;
#1029 = ORIENTED_EDGE ( 'NONE', *, *, #3104, .F. ) ;
#1030 = CARTESIAN_POINT ( 'NONE',  ( -105.0000000000000142, 0.000000000000000000, -248.9999999999999432 ) ) ;
#1031 = VECTOR ( 'NONE', #3262, 1000.000000000000000 ) ;
#1032 = ORIENTED_EDGE ( 'NONE', *, *, #3080, .F. ) ;
#1033 = EDGE_LOOP ( 'NONE', ( #3454, #798, #342, #998 ) ) ;
#1034 = CARTESIAN_POINT ( 'NONE',  ( -95.00000000000000000, -39.99999999999999289, -190.9999999999999716 ) ) ;
#1035 = DIRECTION ( 'NONE',  ( -1.387778780781443901E-15, -0.000000000000000000, -1.000000000000000000 ) ) ;
#1036 = ORIENTED_EDGE ( 'NONE', *, *, #2237, .F. ) ;
#1037 = CARTESIAN_POINT ( 'NONE',  ( 169.8074069840785967, 0.000000000000000000, -60.00000000000002132 ) ) ;
#1038 = CARTESIAN_POINT ( 'NONE',  ( -95.00000000000002842, 0.000000000000000000, -209.0000000000000284 ) ) ;
#1039 = AXIS2_PLACEMENT_3D ( 'NONE', #1410, #263, #1683 ) ;
#1040 = ORIENTED_EDGE ( 'NONE', *, *, #2592, .F. ) ;
#1041 = ORIENTED_EDGE ( 'NONE', *, *, #3416, .T. ) ;
#1042 = LINE ( 'NONE', #1534, #309 ) ;
#1043 = EDGE_CURVE ( 'NONE', #1701, #3282, #3441, .T. ) ;
#1044 = DIRECTION ( 'NONE',  ( -0.000000000000000000, -0.000000000000000000, -1.000000000000000000 ) ) ;
#1045 = VERTEX_POINT ( 'NONE', #1773 ) ;
#1046 = PLANE ( 'NONE',  #2621 ) ;
#1047 = CIRCLE ( 'NONE', #3304, 5.000000000000004441 ) ;
#1048 = ORIENTED_EDGE ( 'NONE', *, *, #2364, .T. ) ;
#1049 = CARTESIAN_POINT ( 'NONE',  ( 2.449293598294700991E-15, -43.00000000000000000, -318.9999999999999432 ) ) ;
#1050 = CARTESIAN_POINT ( 'NONE',  ( 109.9999999999999858, 3.000000000000000000, 4.807406984078617107 ) ) ;
#1051 = ORIENTED_EDGE ( 'NONE', *, *, #596, .T. ) ;
#1052 = DIRECTION ( 'NONE',  ( 0.000000000000000000, 0.000000000000000000, 1.000000000000000000 ) ) ;
#1053 = ORIENTED_EDGE ( 'NONE', *, *, #1754, .T. ) ;
#1054 = DIRECTION ( 'NONE',  ( 0.000000000000000000, 0.000000000000000000, 1.000000000000000000 ) ) ;
#1055 = DIRECTION ( 'NONE',  ( 0.000000000000000000, 0.000000000000000000, 1.000000000000000000 ) ) ;
#1056 = ORIENTED_EDGE ( 'NONE', *, *, #3481, .F. ) ;
#1057 = CARTESIAN_POINT ( 'NONE',  ( 154.9999999999999432, -39.99999999999999289, -191.0000000000000000 ) ) ;
#1058 = EDGE_CURVE ( 'NONE', #3248, #2890, #2895, .T. ) ;
#1059 = ADVANCED_FACE ( 'NONE', ( #2878 ), #1466, .T. ) ;
#1060 = DIRECTION ( 'NONE',  ( 0.000000000000000000, 1.000000000000000000, 0.000000000000000000 ) ) ;
#1061 = VERTEX_POINT ( 'NONE', #52 ) ;
#1062 = CARTESIAN_POINT ( 'NONE',  ( -3.673940397442051289E-15, -43.00000000000000000, -298.9999999999999432 ) ) ;
#1063 = VECTOR ( 'NONE', #1468, 1000.000000000000000 ) ;
#1064 = ORIENTED_EDGE ( 'NONE', *, *, #2053, .T. ) ;
#1065 = DIRECTION ( 'NONE',  ( 0.000000000000000000, 0.000000000000000000, 1.000000000000000000 ) ) ;
#1066 = CARTESIAN_POINT ( 'NONE',  ( 104.9999999999999858, -39.99999999999999289, -1.143080808330306593E-14 ) ) ;
#1067 = VECTOR ( 'NONE', #1204, 1000.000000000000000 ) ;
#1068 = VECTOR ( 'NONE', #220, 1000.000000000000000 ) ;
#1069 = ORIENTED_EDGE ( 'NONE', *, *, #764, .F. ) ;
#1070 = AXIS2_PLACEMENT_3D ( 'NONE', #2254, #2742, #1076 ) ;
#1071 = CARTESIAN_POINT ( 'NONE',  ( 175.0000000000000000, 3.000000000000000000, -65.00000000000001421 ) ) ;
#1072 = ADVANCED_FACE ( 'NONE', ( #3387 ), #1520, .F. ) ;
#1073 = LINE ( 'NONE', #1619, #1456 ) ;
#1074 = AXIS2_PLACEMENT_3D ( 'NONE', #1329, #3028, #3287 ) ;
#1075 = VERTEX_POINT ( 'NONE', #2347 ) ;
#1076 = DIRECTION ( 'NONE',  ( 0.000000000000000000, 0.000000000000000000, -1.000000000000000000 ) ) ;
#1077 = EDGE_CURVE ( 'NONE', #1240, #3608, #3169, .T. ) ;
#1078 = CARTESIAN_POINT ( 'NONE',  ( -115.0000000000000000, -39.99999999999999289, -248.9999999999999432 ) ) ;
#1079 = ORIENTED_EDGE ( 'NONE', *, *, #3064, .T. ) ;
#1080 = CARTESIAN_POINT ( 'NONE',  ( 104.9999999999999574, 3.000000000000000000, -60.00000000000001421 ) ) ;
#1081 = AXIS2_PLACEMENT_3D ( 'NONE', #815, #341, #2827 ) ;
#1082 = EDGE_CURVE ( 'NONE', #165, #934, #3462, .T. ) ;
#1083 = EDGE_CURVE ( 'NONE', #3282, #25, #1741, .T. ) ;
#1084 = ORIENTED_EDGE ( 'NONE', *, *, #2724, .F. ) ;
#1085 = PLANE ( 'NONE',  #20 ) ;
#1086 = VECTOR ( 'NONE', #925, 1000.000000000000000 ) ;
#1087 = LINE ( 'NONE', #493, #2114 ) ;
#1088 = EDGE_CURVE ( 'NONE', #1326, #77, #2566, .T. ) ;
#1089 = VECTOR ( 'NONE', #2660, 1000.000000000000000 ) ;
#1090 = VERTEX_POINT ( 'NONE', #1484 ) ;
#1091 = CARTESIAN_POINT ( 'NONE',  ( -105.0000000000000000, 0.000000000000000000, -190.9999999999999716 ) ) ;
#1092 = DIRECTION ( 'NONE',  ( 0.000000000000000000, 0.000000000000000000, 1.000000000000000000 ) ) ;
#1093 = DIRECTION ( 'NONE',  ( 0.000000000000000000, 0.000000000000000000, -1.000000000000000000 ) ) ;
#1094 = EDGE_CURVE ( 'NONE', #3506, #320, #1177, .T. ) ;
#1095 = DIRECTION ( 'NONE',  ( -0.000000000000000000, -1.000000000000000000, -0.000000000000000000 ) ) ;
#1096 = PERSON_AND_ORGANIZATION_ROLE ( 'design_owner' ) ;
#1097 = CARTESIAN_POINT ( 'NONE',  ( -95.00000000000000000, 3.000000000000000000, -190.9999999999999716 ) ) ;
#1098 = CC_DESIGN_APPROVAL ( #94, ( #1842 ) ) ;
#1099 = CARTESIAN_POINT ( 'NONE',  ( 109.9999999999999858, 0.000000000000000000, 4.807406984078617107 ) ) ;
#1100 = ORIENTED_EDGE ( 'NONE', *, *, #2744, .T. ) ;
#1101 = DIRECTION ( 'NONE',  ( 0.000000000000000000, 0.000000000000000000, 1.000000000000000000 ) ) ;
#1102 = DIRECTION ( 'NONE',  ( -0.000000000000000000, 1.000000000000000000, -0.000000000000000000 ) ) ;
#1103 = CARTESIAN_POINT ( 'NONE',  ( -45.00000000000000711, -39.99999999999999289, -248.9999999999999432 ) ) ;
#1104 = ORIENTED_EDGE ( 'NONE', *, *, #301, .T. ) ;
#1105 = CARTESIAN_POINT ( 'NONE',  ( 6.938893903907228378E-15, 3.000000000000000000, 9.999999999999984013 ) ) ;
#1106 = PLANE ( 'NONE',  #3229 ) ;
#1107 = ADVANCED_FACE ( 'NONE', ( #70 ), #919, .T. ) ;
#1109 = EDGE_CURVE ( 'NONE', #2104, #2737, #2862, .T. ) ;
#1108 = CARTESIAN_POINT ( 'NONE',  ( 164.8222218314571137, 3.000000000000000000, -253.6153846153845848 ) ) ;
#1110 = LINE ( 'NONE', #1149, #1340 ) ;
#1111 = APPROVAL_STATUS ( 'not_yet_approved' ) ;
#1112 = CARTESIAN_POINT ( 'NONE',  ( 0.000000000000000000, -43.00000000000000000, -10.00000000000001599 ) ) ;
#1113 = EDGE_CURVE ( 'NONE', #3089, #1021, #1215, .T. ) ;
#1114 = CARTESIAN_POINT ( 'NONE',  ( -109.8074069840786251, 0.000000000000000000, -248.9999999999999432 ) ) ;
#1115 = ORIENTED_EDGE ( 'NONE', *, *, #2564, .F. ) ;
#1116 = CARTESIAN_POINT ( 'NONE',  ( 99.99999999999997158, 3.000000000000000000, 10.00000000000000000 ) ) ;
#1117 = DIRECTION ( 'NONE',  ( 0.000000000000000000, 1.000000000000000000, -0.000000000000000000 ) ) ;
#1118 = CARTESIAN_POINT ( 'NONE',  ( 59.99999999999999289, 3.000000000000000000, -0.1250782228090947801 ) ) ;
#1119 = AXIS2_PLACEMENT_3D ( 'NONE', #2039, #1791, #682 ) ;
#1120 = ORIENTED_EDGE ( 'NONE', *, *, #936, .T. ) ;
#1121 = CARTESIAN_POINT ( 'NONE',  ( 154.9999999999999432, -43.00000000000000000, -191.0000000000000000 ) ) ;
#1122 = EDGE_CURVE ( 'NONE', #169, #2441, #2037, .T. ) ;
#1123 = FACE_OUTER_BOUND ( 'NONE', #1375, .T. ) ;
#1124 = VERTEX_POINT ( 'NONE', #2679 ) ;
#1125 = VECTOR ( 'NONE', #1473, 1000.000000000000000 ) ;
#1126 = DIRECTION ( 'NONE',  ( 0.000000000000000000, 1.000000000000000000, 0.000000000000000000 ) ) ;
#1127 = CIRCLE ( 'NONE', #306, 10.00000000000000888 ) ;
#1128 = EDGE_CURVE ( 'NONE', #2474, #141, #143, .T. ) ;
#1129 = AXIS2_PLACEMENT_3D ( 'NONE', #2754, #1409, #1427 ) ;
#1130 = ADVANCED_FACE ( 'NONE', ( #755 ), #223, .F. ) ;
#1131 = AXIS2_PLACEMENT_3D ( 'NONE', #2051, #950, #102 ) ;
#1132 = LINE ( 'NONE', #3323, #2725 ) ;
#1133 = DIRECTION ( 'NONE',  ( 0.000000000000000000, 0.000000000000000000, -1.000000000000000000 ) ) ;
#1134 = CIRCLE ( 'NONE', #1015, 10.00000000000000888 ) ;
#1135 = ORIENTED_EDGE ( 'NONE', *, *, #382, .T. ) ;
#1136 = CIRCLE ( 'NONE', #1540, 5.000000000000004441 ) ;
#1137 = LINE ( 'NONE', #1114, #3343 ) ;
#1138 = EDGE_LOOP ( 'NONE', ( #2361, #1525, #889, #1001 ) ) ;
#1139 = DIRECTION ( 'NONE',  ( -0.000000000000000000, -1.000000000000000000, -0.000000000000000000 ) ) ;
#1140 = FACE_OUTER_BOUND ( 'NONE', #3201, .T. ) ;
#1141 = CARTESIAN_POINT ( 'NONE',  ( -115.0000000000000000, 0.000000000000000000, -248.9999999999999432 ) ) ;
#1142 = AXIS2_PLACEMENT_3D ( 'NONE', #593, #2770, #1937 ) ;
#1143 = DIRECTION ( 'NONE',  ( -0.000000000000000000, -1.000000000000000000, -0.000000000000000000 ) ) ;
#1144 = DIRECTION ( 'NONE',  ( 0.000000000000000000, 0.000000000000000000, -1.000000000000000000 ) ) ;
#1145 = EDGE_LOOP ( 'NONE', ( #2527, #504, #1277, #3042 ) ) ;
#1146 = CARTESIAN_POINT ( 'NONE',  ( -105.0000000000000000, 3.000000000000000000, -190.9999999999999716 ) ) ;
#1147 = VECTOR ( 'NONE', #3407, 1000.000000000000000 ) ;
#1148 = EDGE_LOOP ( 'NONE', ( #845, #2011, #420, #2628 ) ) ;
#1149 = CARTESIAN_POINT ( 'NONE',  ( -115.0000000000000000, -39.99999999999999289, -190.9999999999999432 ) ) ;
#1150 = PERSON_AND_ORGANIZATION_ROLE ( 'classification_officer' ) ;
#1151 = CARTESIAN_POINT ( 'NONE',  ( -95.00000000000000000, -43.00000000000000000, -190.9999999999999716 ) ) ;
#1152 = VERTEX_POINT ( 'NONE', #2640 ) ;
#1153 = CARTESIAN_POINT ( 'NONE',  ( 174.9999999999999432, -43.00000000000000000, -118.0000000000000284 ) ) ;
#1154 = EDGE_CURVE ( 'NONE', #1272, #165, #771, .T. ) ;
#1155 = ORIENTED_EDGE ( 'NONE', *, *, #215, .T. ) ;
#1156 = DIRECTION ( 'NONE',  ( -1.387778780781443901E-15, -0.000000000000000000, -1.000000000000000000 ) ) ;
#1157 = VECTOR ( 'NONE', #940, 1000.000000000000000 ) ;
#1158 = EDGE_CURVE ( 'NONE', #1432, #3316, #1436, .T. ) ;
#1159 = CARTESIAN_POINT ( 'NONE',  ( -109.8074069840786251, 3.000000000000000000, -253.9999999999999432 ) ) ;
#1160 = CARTESIAN_POINT ( 'NONE',  ( -115.0000000000000142, -39.99999999999999289, -118.0000000000000284 ) ) ;
#1161 = CARTESIAN_POINT ( 'NONE',  ( 174.9999999999999432, 3.000000000000000000, -248.9999999999999716 ) ) ;
#1162 = DIRECTION ( 'NONE',  ( -0.000000000000000000, -1.000000000000000000, -0.000000000000000000 ) ) ;
#1163 = DIRECTION ( 'NONE',  ( 0.000000000000000000, 0.000000000000000000, -1.000000000000000000 ) ) ;
#1164 = ORIENTED_EDGE ( 'NONE', *, *, #1185, .F. ) ;
#1165 = CARTESIAN_POINT ( 'NONE',  ( -95.00000000000002842, -39.99999999999999289, -118.0000000000000284 ) ) ;
#1166 = ORIENTED_EDGE ( 'NONE', *, *, #996, .T. ) ;
#1167 = AXIS2_PLACEMENT_3D ( 'NONE', #2872, #3433, #383 ) ;
#1168 = CARTESIAN_POINT ( 'NONE',  ( -3.673940397442051289E-15, 0.000000000000000000, -298.9999999999999432 ) ) ;
#1169 = CARTESIAN_POINT ( 'NONE',  ( 65.00000000000005684, -43.00000000000000000, -10.00000000000000355 ) ) ;
#1170 = ORIENTED_EDGE ( 'NONE', *, *, #734, .F. ) ;
#1171 = FACE_OUTER_BOUND ( 'NONE', #2730, .T. ) ;
#1172 = ORIENTED_EDGE ( 'NONE', *, *, #2902, .T. ) ;
#1173 = FACE_OUTER_BOUND ( 'NONE', #2687, .T. ) ;
#1174 = EDGE_CURVE ( 'NONE', #3487, #1626, #3244, .T. ) ;
#1175 = EDGE_CURVE ( 'NONE', #3089, #1445, #1321, .T. ) ;
#1176 = ORIENTED_EDGE ( 'NONE', *, *, #2410, .F. ) ;
#1177 = LINE ( 'NONE', #900, #1553 ) ;
#1178 = CARTESIAN_POINT ( 'NONE',  ( 99.99999999999997158, 3.000000000000000000, 4.999999999999999112 ) ) ;
#1179 = PLANE ( 'NONE',  #5 ) ;
#1180 = CARTESIAN_POINT ( 'NONE',  ( -45.00000000000000000, -39.99999999999999289, -318.9999999999999432 ) ) ;
#1181 = FACE_OUTER_BOUND ( 'NONE', #3470, .T. ) ;
#1182 = VERTEX_POINT ( 'NONE', #471 ) ;
#1183 = PLANE ( 'NONE',  #1193 ) ;
#1184 = EDGE_LOOP ( 'NONE', ( #958, #3258, #3272, #1522 ) ) ;
#1185 = EDGE_CURVE ( 'NONE', #1539, #1392, #1575, .T. ) ;
#1186 = CARTESIAN_POINT ( 'NONE',  ( -110.0000000000000000, 3.000000000000000000, -248.9999999999999432 ) ) ;
#1187 = LINE ( 'NONE', #892, #197 ) ;
#1188 = EDGE_LOOP ( 'NONE', ( #329, #2933, #207, #1832 ) ) ;
#1189 = PLANE ( 'NONE',  #680 ) ;
#1190 = EDGE_LOOP ( 'NONE', ( #1364, #2164, #3318, #1356 ) ) ;
#1191 = DIRECTION ( 'NONE',  ( -0.000000000000000000, -1.000000000000000000, -0.000000000000000000 ) ) ;
#1192 = ORIENTED_EDGE ( 'NONE', *, *, #299, .F. ) ;
#1193 = AXIS2_PLACEMENT_3D ( 'NONE', #568, #3396, #1454 ) ;
#1194 = CARTESIAN_POINT ( 'NONE',  ( 59.99999999999998579, 0.000000000000000000, 9.999999999999992895 ) ) ;
#1195 = CARTESIAN_POINT ( 'NONE',  ( -50.00000000000000000, 0.000000000000000000, 4.807406984078617107 ) ) ;
#1196 = DIRECTION ( 'NONE',  ( 0.000000000000000000, 1.000000000000000000, 0.000000000000000000 ) ) ;
#1197 = EDGE_CURVE ( 'NONE', #632, #2396, #2384, .T. ) ;
#1198 = ADVANCED_FACE ( 'NONE', ( #3548 ), #2422, .F. ) ;
#1199 = EDGE_CURVE ( 'NONE', #47, #721, #2187, .T. ) ;
#1200 = LINE ( 'NONE', #2865, #1157 ) ;
#1201 = CARTESIAN_POINT ( 'NONE',  ( 59.99999999999992184, 0.000000000000000000, -298.9999999999999432 ) ) ;
#1202 = AXIS2_PLACEMENT_3D ( 'NONE', #566, #1670, #283 ) ;
#1203 = ORIENTED_EDGE ( 'NONE', *, *, #2344, .T. ) ;
#1204 = DIRECTION ( 'NONE',  ( -0.000000000000000000, 1.000000000000000000, -0.000000000000000000 ) ) ;
#1205 = ADVANCED_FACE ( 'NONE', ( #3532 ), #1608, .T. ) ;
#1206 = VECTOR ( 'NONE', #3349, 1000.000000000000000 ) ;
#1207 = CARTESIAN_POINT ( 'NONE',  ( 59.99999999999999289, -43.00000000000000000, -10.00000000000000711 ) ) ;
#1208 = CIRCLE ( 'NONE', #1496, 5.000000000000000000 ) ;
#1209 = CARTESIAN_POINT ( 'NONE',  ( 69.99999999999991473, 3.000000000000000000, -308.8749217771908775 ) ) ;
#1210 = EDGE_CURVE ( 'NONE', #731, #1090, #510, .T. ) ;
#1211 = VERTEX_POINT ( 'NONE', #2713 ) ;
#1212 = CARTESIAN_POINT ( 'NONE',  ( 174.9999999999999432, 3.000000000000000000, -118.0000000000000284 ) ) ;
#1213 = EDGE_LOOP ( 'NONE', ( #2652, #2279, #2449, #1648, #2967, #1079, #2029, #2074, #1051, #2431 ) ) ;
#1214 = DIRECTION ( 'NONE',  ( 0.000000000000000000, 1.000000000000000000, 0.000000000000000000 ) ) ;
#1215 = LINE ( 'NONE', #2313, #3408 ) ;
#1216 = LINE ( 'NONE', #1790, #2312 ) ;
#1217 = CARTESIAN_POINT ( 'NONE',  ( -3.673940397442051289E-15, -39.99999999999999289, -298.9999999999999432 ) ) ;
#1218 = VECTOR ( 'NONE', #2314, 1000.000000000000000 ) ;
#1219 = CARTESIAN_POINT ( 'NONE',  ( -45.00000000000000711, -39.99999999999999289, 9.999999999999984013 ) ) ;
#1220 = CARTESIAN_POINT ( 'NONE',  ( 169.8074069840785398, 3.000000000000000000, -248.9999999999999716 ) ) ;
#1221 = ORIENTED_EDGE ( 'NONE', *, *, #2586, .T. ) ;
#1222 = DIRECTION ( 'NONE',  ( 1.000000000000000000, 0.000000000000000000, -6.938893903907222461E-16 ) ) ;
#1223 = EDGE_CURVE ( 'NONE', #2337, #3210, #3224, .T. ) ;
#1224 = EDGE_CURVE ( 'NONE', #2112, #2849, #1336, .T. ) ;
#1225 = DIRECTION ( 'NONE',  ( -0.000000000000000000, 1.000000000000000000, -0.000000000000000000 ) ) ;
#1226 = AXIS2_PLACEMENT_3D ( 'NONE', #1333, #178, #1055 ) ;
#1227 = VERTEX_POINT ( 'NONE', #2911 ) ;
#1228 = DIRECTION ( 'NONE',  ( -0.000000000000000000, -1.000000000000000000, -0.000000000000000000 ) ) ;
#1229 = VERTEX_POINT ( 'NONE', #1870 ) ;
#1230 = DIRECTION ( 'NONE',  ( 0.000000000000000000, -1.000000000000000000, 0.000000000000000000 ) ) ;
#1231 = DIRECTION ( 'NONE',  ( 1.387778780781446267E-15, 0.000000000000000000, -1.000000000000000000 ) ) ;
#1232 = CARTESIAN_POINT ( 'NONE',  ( 164.9999999999999716, 0.000000000000000000, -118.0000000000000142 ) ) ;
#1233 = LINE ( 'NONE', #1760, #3207 ) ;
#1234 = VERTEX_POINT ( 'NONE', #2138 ) ;
#1235 = APPLICATION_CONTEXT ( 'configuration controlled 3d designs of mechanical parts and assemblies' ) ;
#1236 = CARTESIAN_POINT ( 'NONE',  ( 59.99999999999999289, 3.000000000000000000, -10.00000000000000711 ) ) ;
#1237 = PLANE ( 'NONE',  #793 ) ;
#1238 = ORIENTED_EDGE ( 'NONE', *, *, #2926, .T. ) ;
#1239 = CARTESIAN_POINT ( 'NONE',  ( -5.000000000000015099, -39.99999999999999289, -99.99999999999998579 ) ) ;
#1240 = VERTEX_POINT ( 'NONE', #1287 ) ;
#1241 = DIRECTION ( 'NONE',  ( 1.000000000000000000, 0.000000000000000000, -0.000000000000000000 ) ) ;
#1242 = AXIS2_PLACEMENT_3D ( 'NONE', #2119, #473, #1903 ) ;
#1243 = EDGE_CURVE ( 'NONE', #1820, #114, #2366, .T. ) ;
#1244 = EDGE_CURVE ( 'NONE', #3208, #47, #160, .T. ) ;
#1245 = ORIENTED_EDGE ( 'NONE', *, *, #795, .T. ) ;
#1246 = VECTOR ( 'NONE', #3329, 1000.000000000000000 ) ;
#1247 = EDGE_LOOP ( 'NONE', ( #1586, #702, #780, #132 ) ) ;
#1248 = CARTESIAN_POINT ( 'NONE',  ( 65.00000000000000000, 3.000000000000000000, -209.0000000000000284 ) ) ;
#1249 = VECTOR ( 'NONE', #672, 1000.000000000000000 ) ;
#1250 = CARTESIAN_POINT ( 'NONE',  ( -95.00000000000002842, -39.99999999999999289, -209.0000000000000284 ) ) ;
#1251 = FACE_OUTER_BOUND ( 'NONE', #3190, .T. ) ;
#1252 = APPROVAL_DATE_TIME ( #819, #94 ) ;
#1253 = CYLINDRICAL_SURFACE ( 'NONE', #542, 89.99999999999991473 ) ;
#1254 = ORIENTED_EDGE ( 'NONE', *, *, #2531, .T. ) ;
#1255 = FACE_OUTER_BOUND ( 'NONE', #3328, .T. ) ;
#1256 = DIRECTION ( 'NONE',  ( 1.000000000000000000, -0.000000000000000000, -0.000000000000000000 ) ) ;
#1257 = ORIENTED_EDGE ( 'NONE', *, *, #1128, .T. ) ;
#1258 = CARTESIAN_POINT ( 'NONE',  ( 2.449293598294700991E-15, 3.000000000000000000, -318.9999999999999432 ) ) ;
#1259 = LINE ( 'NONE', #1276, #2990 ) ;
#1260 = AXIS2_PLACEMENT_3D ( 'NONE', #2672, #174, #3505 ) ;
#1261 = ORIENTED_EDGE ( 'NONE', *, *, #3526, .F. ) ;
#1262 = VECTOR ( 'NONE', #1631, 1000.000000000000000 ) ;
#1263 = ORIENTED_EDGE ( 'NONE', *, *, #3054, .F. ) ;
#1264 = CARTESIAN_POINT ( 'NONE',  ( 104.9999999999999574, -39.99999999999999289, -60.00000000000001421 ) ) ;
#1265 = VECTOR ( 'NONE', #2550, 1000.000000000000000 ) ;
#1266 = EDGE_CURVE ( 'NONE', #1908, #989, #2970, .T. ) ;
#1267 = DIRECTION ( 'NONE',  ( -0.000000000000000000, -1.000000000000000000, -0.000000000000000000 ) ) ;
#1268 = LOCAL_TIME ( 13, 49, 3.000000000000000000, #2542 ) ;
#1269 = PERSON_AND_ORGANIZATION ( #3459, #2199 ) ;
#1270 = CARTESIAN_POINT ( 'NONE',  ( -5.000000000000071054, -39.99999999999999289, -209.0000000000000284 ) ) ;
#1271 = ORIENTED_EDGE ( 'NONE', *, *, #1244, .F. ) ;
#1272 = VERTEX_POINT ( 'NONE', #3564 ) ;
#1273 = DIRECTION ( 'NONE',  ( -0.000000000000000000, -1.000000000000000000, -0.000000000000000000 ) ) ;
#1274 = ORIENTED_EDGE ( 'NONE', *, *, #1158, .F. ) ;
#1275 = DIRECTION ( 'NONE',  ( -0.000000000000000000, -1.000000000000000000, -0.000000000000000000 ) ) ;
#1276 = CARTESIAN_POINT ( 'NONE',  ( -95.00000000000001421, 3.000000000000000000, -200.9999999999999716 ) ) ;
#1277 = ORIENTED_EDGE ( 'NONE', *, *, #22, .F. ) ;
#1278 = ORIENTED_EDGE ( 'NONE', *, *, #3213, .F. ) ;
#1279 = VECTOR ( 'NONE', #1759, 1000.000000000000000 ) ;
#1280 = VERTEX_POINT ( 'NONE', #1078 ) ;
#1281 = ORIENTED_EDGE ( 'NONE', *, *, #2040, .F. ) ;
#1282 = VERTEX_POINT ( 'NONE', #3309 ) ;
#1283 = DIRECTION ( 'NONE',  ( 1.000000000000000000, 0.000000000000000000, -6.938893903907222461E-16 ) ) ;
#1284 = VECTOR ( 'NONE', #2831, 1000.000000000000000 ) ;
#1285 = VECTOR ( 'NONE', #933, 1000.000000000000000 ) ;
#1286 = EDGE_CURVE ( 'NONE', #788, #331, #291, .T. ) ;
#1287 = CARTESIAN_POINT ( 'NONE',  ( -110.0000000000000000, 3.000000000000000000, -59.99999999999999289 ) ) ;
#1288 = DIRECTION ( 'NONE',  ( -1.000000000000000000, 0.000000000000000000, -1.541976423090494647E-16 ) ) ;
#1289 = LINE ( 'NONE', #450, #364 ) ;
#1290 = ORIENTED_EDGE ( 'NONE', *, *, #188, .F. ) ;
#1291 = EDGE_CURVE ( 'NONE', #429, #2113, #822, .T. ) ;
#1292 = EDGE_CURVE ( 'NONE', #101, #2057, #2780, .T. ) ;
#1293 = ORIENTED_EDGE ( 'NONE', *, *, #1730, .T. ) ;
#1294 = DIRECTION ( 'NONE',  ( 1.000000000000000000, 0.000000000000000000, 0.000000000000000000 ) ) ;
#1295 = DIRECTION ( 'NONE',  ( 6.938893903907222461E-16, -0.000000000000000000, 1.000000000000000000 ) ) ;
#1296 = DIRECTION ( 'NONE',  ( -0.000000000000000000, -1.000000000000000000, -0.000000000000000000 ) ) ;
#1297 = ORIENTED_EDGE ( 'NONE', *, *, #3589, .T. ) ;
#1298 = ORIENTED_EDGE ( 'NONE', *, *, #539, .T. ) ;
#1299 = EDGE_CURVE ( 'NONE', #934, #537, #1371, .T. ) ;
#1300 = ORIENTED_EDGE ( 'NONE', *, *, #3397, .F. ) ;
#1301 = LINE ( 'NONE', #2468, #3538 ) ;
#1302 = DIRECTION ( 'NONE',  ( 0.000000000000000000, 1.000000000000000000, -0.000000000000000000 ) ) ;
#1303 = VECTOR ( 'NONE', #1603, 1000.000000000000000 ) ;
#1304 = CARTESIAN_POINT ( 'NONE',  ( -45.00000000000000711, 3.000000000000000000, -248.9999999999999432 ) ) ;
#1305 = PERSON_AND_ORGANIZATION ( #3459, #2199 ) ;
#1306 = FACE_OUTER_BOUND ( 'NONE', #1894, .T. ) ;
#1307 = VECTOR ( 'NONE', #3233, 1000.000000000000000 ) ;
#1308 = ORIENTED_EDGE ( 'NONE', *, *, #2752, .F. ) ;
#1309 = DIRECTION ( 'NONE',  ( -0.000000000000000000, -1.000000000000000000, -0.000000000000000000 ) ) ;
#1310 = CARTESIAN_POINT ( 'NONE',  ( -40.00000000000000711, 3.000000000000000000, 4.999999999999984901 ) ) ;
#1311 = CIRCLE ( 'NONE', #840, 4.999999999999997335 ) ;
#1312 = DIRECTION ( 'NONE',  ( -0.000000000000000000, -1.000000000000000000, -0.000000000000000000 ) ) ;
#1313 = EDGE_CURVE ( 'NONE', #2185, #1546, #87, .T. ) ;
#1314 = FACE_OUTER_BOUND ( 'NONE', #1559, .T. ) ;
#1315 = CYLINDRICAL_SURFACE ( 'NONE', #3015, 5.000000000000004441 ) ;
#1316 = ORIENTED_EDGE ( 'NONE', *, *, #1387, .T. ) ;
#1317 = VECTOR ( 'NONE', #232, 1000.000000000000000 ) ;
#1318 = EDGE_CURVE ( 'NONE', #150, #859, #1661, .T. ) ;
#1319 = FACE_OUTER_BOUND ( 'NONE', #3241, .T. ) ;
#1320 = AXIS2_PLACEMENT_3D ( 'NONE', #2702, #1065, #507 ) ;
#1321 = LINE ( 'NONE', #2440, #1954 ) ;
#1322 = DIRECTION ( 'NONE',  ( 0.000000000000000000, 0.000000000000000000, -1.000000000000000000 ) ) ;
#1323 = VERTEX_POINT ( 'NONE', #1405 ) ;
#1324 = PLANE ( 'NONE',  #1549 ) ;
#1325 = CARTESIAN_POINT ( 'NONE',  ( 0.000000000000000000, -43.00000000000000000, -10.00000000000001599 ) ) ;
#1326 = VERTEX_POINT ( 'NONE', #787 ) ;
#1327 = DIRECTION ( 'NONE',  ( 0.000000000000000000, -0.000000000000000000, 1.000000000000000000 ) ) ;
#1328 = EDGE_LOOP ( 'NONE', ( #599, #3246, #2798, #1950 ) ) ;
#1329 = CARTESIAN_POINT ( 'NONE',  ( 65.00000000000002842, 3.000000000000000000, -99.99999999999994316 ) ) ;
#1330 = ADVANCED_FACE ( 'NONE', ( #863 ), #2505, .T. ) ;
#1331 = EDGE_CURVE ( 'NONE', #1045, #2275, #2999, .T. ) ;
#1332 = VECTOR ( 'NONE', #1721, 1000.000000000000000 ) ;
#1333 = CARTESIAN_POINT ( 'NONE',  ( 169.8074069840785398, 3.000000000000000000, -253.9999999999999432 ) ) ;
#1334 = VERTEX_POINT ( 'NONE', #3327 ) ;
#1335 = FACE_OUTER_BOUND ( 'NONE', #2706, .T. ) ;
#1336 = LINE ( 'NONE', #1554, #1031 ) ;
#1337 = ADVANCED_BREP_SHAPE_REPRESENTATION ( 'Link2StellConnectors_Default_sldprt', ( #2969, #640, #1838, #1859, #522, #2670 ), #2840 ) ;
#1338 = ORIENTED_EDGE ( 'NONE', *, *, #2477, .T. ) ;
#1339 = CARTESIAN_POINT ( 'NONE',  ( -9.500000000000005329, 3.000000000000000000, -298.8874295994717727 ) ) ;
#1340 = VECTOR ( 'NONE', #3085, 1000.000000000000000 ) ;
#1341 = ORIENTED_EDGE ( 'NONE', *, *, #2365, .T. ) ;
#1342 = DIRECTION ( 'NONE',  ( 1.541976423090491492E-15, 0.000000000000000000, 1.000000000000000000 ) ) ;
#1343 = DIRECTION ( 'NONE',  ( 6.938893903907222461E-16, -0.000000000000000000, 1.000000000000000000 ) ) ;
#1344 = VERTEX_POINT ( 'NONE', #3075 ) ;
#1345 = DIRECTION ( 'NONE',  ( -3.469446951953614189E-16, 0.000000000000000000, 1.000000000000000000 ) ) ;
#1346 = FACE_OUTER_BOUND ( 'NONE', #2172, .T. ) ;
#1347 = ADVANCED_FACE ( 'NONE', ( #518 ), #3019, .F. ) ;
#1348 = EDGE_LOOP ( 'NONE', ( #144, #2620, #1802, #1880 ) ) ;
#1349 = CC_DESIGN_DATE_AND_TIME_ASSIGNMENT ( #1805, #3463, ( #1842 ) ) ;
#1350 = DIRECTION ( 'NONE',  ( 1.000000000000000000, -0.000000000000000000, -0.000000000000000000 ) ) ;
#1351 = EDGE_CURVE ( 'NONE', #3160, #3473, #1137, .T. ) ;
#1352 = EDGE_CURVE ( 'NONE', #989, #114, #2184, .T. ) ;
#1353 = ORIENTED_EDGE ( 'NONE', *, *, #2439, .T. ) ;
#1354 = CARTESIAN_POINT ( 'NONE',  ( -40.00000000000000711, 3.000000000000000000, 4.999999999999984901 ) ) ;
#1355 = EDGE_CURVE ( 'NONE', #1671, #3551, #3467, .T. ) ;
#1356 = ORIENTED_EDGE ( 'NONE', *, *, #2639, .T. ) ;
#1357 = DIRECTION ( 'NONE',  ( -1.000000000000000000, 0.000000000000000000, -0.000000000000000000 ) ) ;
#1358 = CIRCLE ( 'NONE', #1644, 5.000000000000004441 ) ;
#1359 = ORIENTED_EDGE ( 'NONE', *, *, #2595, .T. ) ;
#1360 = CARTESIAN_POINT ( 'NONE',  ( 174.9999999999999432, 3.000000000000000000, -190.9999999999999716 ) ) ;
#1361 = CARTESIAN_POINT ( 'NONE',  ( -3.673940397442051289E-15, 3.000000000000000000, -298.9999999999999432 ) ) ;
#1362 = CIRCLE ( 'NONE', #2509, 60.00000000000000000 ) ;
#1363 = VECTOR ( 'NONE', #201, 1000.000000000000000 ) ;
#1364 = ORIENTED_EDGE ( 'NONE', *, *, #3049, .F. ) ;
#1365 = DIRECTION ( 'NONE',  ( 0.000000000000000000, 0.000000000000000000, 1.000000000000000000 ) ) ;
#1366 = PLANE ( 'NONE',  #3460 ) ;
#1367 = CYLINDRICAL_SURFACE ( 'NONE', #1074, 89.99999999999997158 ) ;
#1368 = VERTEX_POINT ( 'NONE', #7 ) ;
#1369 = CARTESIAN_POINT ( 'NONE',  ( -45.00000000000000711, -39.99999999999999289, 6.938893903907228378E-15 ) ) ;
#1370 = VECTOR ( 'NONE', #3027, 1000.000000000000000 ) ;
#1371 = LINE ( 'NONE', #1933, #2476 ) ;
#1372 = ORIENTED_EDGE ( 'NONE', *, *, #861, .F. ) ;
#1373 = LINE ( 'NONE', #1678, #1246 ) ;
#1374 = AXIS2_PLACEMENT_3D ( 'NONE', #3082, #2214, #1411 ) ;
#1375 = EDGE_LOOP ( 'NONE', ( #2788, #760, #1615, #480 ) ) ;
#1376 = EDGE_CURVE ( 'NONE', #2057, #1698, #2240, .T. ) ;
#1377 = EDGE_CURVE ( 'NONE', #1968, #1701, #3521, .T. ) ;
#1378 = DIRECTION ( 'NONE',  ( -0.000000000000000000, -1.000000000000000000, -0.000000000000000000 ) ) ;
#1379 = VECTOR ( 'NONE', #2409, 1000.000000000000000 ) ;
#1380 = CARTESIAN_POINT ( 'NONE',  ( -115.0000000000000000, 3.000000000000000000, -248.9999999999999432 ) ) ;
#1381 = AXIS2_PLACEMENT_3D ( 'NONE', #485, #2169, #1884 ) ;
#1382 = CARTESIAN_POINT ( 'NONE',  ( 169.9999999999999432, 3.000000000000000000, -248.9999999999999716 ) ) ;
#1383 = ORIENTED_EDGE ( 'NONE', *, *, #3280, .T. ) ;
#1384 = DIRECTION ( 'NONE',  ( 3.469446951953613696E-16, 0.000000000000000000, 1.000000000000000000 ) ) ;
#1385 = VERTEX_POINT ( 'NONE', #804 ) ;
#1386 = PLANE ( 'NONE',  #1600 ) ;
#1387 = EDGE_CURVE ( 'NONE', #1334, #961, #1208, .T. ) ;
#1388 = DIRECTION ( 'NONE',  ( 0.000000000000000000, 0.000000000000000000, 1.000000000000000000 ) ) ;
#1389 = CARTESIAN_POINT ( 'NONE',  ( 164.9999999999999432, -39.99999999999999289, -248.9999999999999716 ) ) ;
#1390 = AXIS2_PLACEMENT_3D ( 'NONE', #91, #2879, #2863 ) ;
#1391 = CARTESIAN_POINT ( 'NONE',  ( 99.99999999999997158, 3.000000000000000000, 4.999999999999999112 ) ) ;
#1392 = VERTEX_POINT ( 'NONE', #536 ) ;
#1393 = DIRECTION ( 'NONE',  ( -0.000000000000000000, -1.000000000000000000, -0.000000000000000000 ) ) ;
#1394 = VECTOR ( 'NONE', #1604, 1000.000000000000000 ) ;
#1395 = CARTESIAN_POINT ( 'NONE',  ( 65.00000000000001421, -39.99999999999999289, -298.9999999999999432 ) ) ;
#1396 = LINE ( 'NONE', #1118, #1593 ) ;
#1397 = CC_DESIGN_PERSON_AND_ORGANIZATION_ASSIGNMENT ( #2680, #988, ( #2429 ) ) ;
#1398 = ADVANCED_FACE ( 'NONE', ( #255 ), #2473, .F. ) ;
#1399 = CARTESIAN_POINT ( 'NONE',  ( -115.0000000000000142, 3.000000000000000000, -118.0000000000000284 ) ) ;
#1400 = PLANE ( 'NONE',  #2646 ) ;
#1401 = EDGE_LOOP ( 'NONE', ( #393, #3395, #112, #2388 ) ) ;
#1402 = CARTESIAN_POINT ( 'NONE',  ( 104.9999999999999858, 3.000000000000000000, -1.143080808330306593E-14 ) ) ;
#1403 = CARTESIAN_POINT ( 'NONE',  ( 59.99999999999999289, 3.000000000000000000, -0.1250782228090947801 ) ) ;
#1404 = CARTESIAN_POINT ( 'NONE',  ( -39.99999999999999289, 3.000000000000000000, -313.9999999999999432 ) ) ;
#1405 = CARTESIAN_POINT ( 'NONE',  ( -9.499999999999998224, 0.000000000000000000, -10.11257040052820955 ) ) ;
#1406 = ORIENTED_EDGE ( 'NONE', *, *, #3119, .F. ) ;
#1407 = LINE ( 'NONE', #9, #952 ) ;
#1408 = DIRECTION ( 'NONE',  ( 2.392722035830077493E-16, -0.000000000000000000, 1.000000000000000000 ) ) ;
#1409 = DIRECTION ( 'NONE',  ( 0.000000000000000000, 1.000000000000000000, 0.000000000000000000 ) ) ;
#1410 = CARTESIAN_POINT ( 'NONE',  ( -5.000000000000015099, 3.000000000000000000, -99.99999999999998579 ) ) ;
#1411 = DIRECTION ( 'NONE',  ( -1.000000000000000000, 0.000000000000000000, -1.541976423090494647E-16 ) ) ;
#1412 = ORIENTED_EDGE ( 'NONE', *, *, #2077, .T. ) ;
#1413 = VECTOR ( 'NONE', #1493, 1000.000000000000000 ) ;
#1414 = FACE_OUTER_BOUND ( 'NONE', #2950, .T. ) ;
#1415 = VECTOR ( 'NONE', #2819, 1000.000000000000000 ) ;
#1416 = AXIS2_PLACEMENT_3D ( 'NONE', #975, #939, #2026 ) ;
#1417 = VECTOR ( 'NONE', #3147, 1000.000000000000000 ) ;
#1418 = ADVANCED_FACE ( 'NONE', ( #1518 ), #915, .F. ) ;
#1419 = DIRECTION ( 'NONE',  ( -1.000000000000000000, 0.000000000000000000, -6.938893903907207867E-15 ) ) ;
#1420 = DIRECTION ( 'NONE',  ( -0.000000000000000000, -1.000000000000000000, -0.000000000000000000 ) ) ;
#1421 = ORIENTED_EDGE ( 'NONE', *, *, #2393, .F. ) ;
#1422 = VERTEX_POINT ( 'NONE', #84 ) ;
#1423 = DIRECTION ( 'NONE',  ( -1.541976423090491492E-15, -0.000000000000000000, 1.000000000000000000 ) ) ;
#1424 = EDGE_LOOP ( 'NONE', ( #1630, #2644, #3421, #3382 ) ) ;
#1425 = CARTESIAN_POINT ( 'NONE',  ( 104.9999999999999858, 3.000000000000000000, -1.143080808330306593E-14 ) ) ;
#1426 = CARTESIAN_POINT ( 'NONE',  ( -105.0000000000000142, -43.00000000000000000, -248.9999999999999432 ) ) ;
#1427 = DIRECTION ( 'NONE',  ( 0.000000000000000000, -0.000000000000000000, 1.000000000000000000 ) ) ;
#1428 = AXIS2_PLACEMENT_3D ( 'NONE', #2554, #886, #1144 ) ;
#1429 = VECTOR ( 'NONE', #2960, 1000.000000000000000 ) ;
#1430 = LINE ( 'NONE', #1649, #2425 ) ;
#1431 = CARTESIAN_POINT ( 'NONE',  ( -105.0000000000000142, 3.000000000000000000, -59.99999999999999289 ) ) ;
#1432 = VERTEX_POINT ( 'NONE', #3130 ) ;
#1433 = CARTESIAN_POINT ( 'NONE',  ( -45.00000000000000711, 0.000000000000000000, -59.99999999999999289 ) ) ;
#1434 = ORIENTED_EDGE ( 'NONE', *, *, #2769, .T. ) ;
#1435 = ORIENTED_EDGE ( 'NONE', *, *, #2988, .F. ) ;
#1436 = CIRCLE ( 'NONE', #2995, 10.00000000000000000 ) ;
#1437 = CARTESIAN_POINT ( 'NONE',  ( -5.000000000000071054, -43.00000000000000000, -209.0000000000000284 ) ) ;
#1438 = CARTESIAN_POINT ( 'NONE',  ( -109.8074069840786251, 3.000000000000000000, -253.9999999999999432 ) ) ;
#1439 = EDGE_CURVE ( 'NONE', #2650, #3181, #1786, .T. ) ;
#1440 = EDGE_CURVE ( 'NONE', #219, #3204, #2325, .T. ) ;
#1441 = ORIENTED_EDGE ( 'NONE', *, *, #287, .F. ) ;
#1442 = DIRECTION ( 'NONE',  ( -0.000000000000000000, -1.000000000000000000, -0.000000000000000000 ) ) ;
#1443 = ORIENTED_EDGE ( 'NONE', *, *, #96, .F. ) ;
#1444 = DIRECTION ( 'NONE',  ( 0.000000000000000000, -0.000000000000000000, -1.000000000000000000 ) ) ;
#1445 = VERTEX_POINT ( 'NONE', #1753 ) ;
#1446 = DIRECTION ( 'NONE',  ( 0.000000000000000000, -1.000000000000000000, 0.000000000000000000 ) ) ;
#1447 = FACE_OUTER_BOUND ( 'NONE', #2647, .T. ) ;
#1448 = FACE_OUTER_BOUND ( 'NONE', #1424, .T. ) ;
#1449 = AXIS2_PLACEMENT_3D ( 'NONE', #355, #2567, #901 ) ;
#1450 = EDGE_CURVE ( 'NONE', #1752, #2766, #2245, .T. ) ;
#1451 = DIRECTION ( 'NONE',  ( -0.000000000000000000, -1.000000000000000000, -0.000000000000000000 ) ) ;
#1452 = DIRECTION ( 'NONE',  ( -1.000000000000000000, 0.000000000000000000, -0.000000000000000000 ) ) ;
#1453 = ORIENTED_EDGE ( 'NONE', *, *, #2928, .T. ) ;
#1454 = DIRECTION ( 'NONE',  ( 0.000000000000000000, 0.000000000000000000, -1.000000000000000000 ) ) ;
#1455 = VECTOR ( 'NONE', #3106, 1000.000000000000000 ) ;
#1456 = VECTOR ( 'NONE', #3302, 1000.000000000000000 ) ;
#1457 = DIRECTION ( 'NONE',  ( -0.000000000000000000, -1.000000000000000000, -0.000000000000000000 ) ) ;
#1458 = DIRECTION ( 'NONE',  ( -0.000000000000000000, -1.000000000000000000, 0.000000000000000000 ) ) ;
#1459 = ORIENTED_EDGE ( 'NONE', *, *, #1058, .F. ) ;
#1460 = ADVANCED_FACE ( 'NONE', ( #2034 ), #676, .T. ) ;
#1461 = EDGE_CURVE ( 'NONE', #1568, #2152, #3234, .T. ) ;
#1462 = CARTESIAN_POINT ( 'NONE',  ( 169.9999999999999716, 0.000000000000000000, -60.00000000000002132 ) ) ;
#1463 = ORIENTED_EDGE ( 'NONE', *, *, #684, .F. ) ;
#1464 = LINE ( 'NONE', #2036, #1417 ) ;
#1465 = EDGE_CURVE ( 'NONE', #2301, #152, #2857, .T. ) ;
#1466 = CYLINDRICAL_SURFACE ( 'NONE', #385, 9.999999999999994671 ) ;
#1467 = LINE ( 'NONE', #71, #1279 ) ;
#1468 = DIRECTION ( 'NONE',  ( 1.387778780781444492E-15, 0.000000000000000000, -1.000000000000000000 ) ) ;
#1469 = ADVANCED_FACE ( 'NONE', ( #1480 ), #1189, .F. ) ;
#1470 = CARTESIAN_POINT ( 'NONE',  ( -5.000000000000071054, -43.00000000000000000, -209.0000000000000284 ) ) ;
#1471 = DIRECTION ( 'NONE',  ( 0.000000000000000000, 0.000000000000000000, 1.000000000000000000 ) ) ;
#1472 = VERTEX_POINT ( 'NONE', #2050 ) ;
#1473 = DIRECTION ( 'NONE',  ( -0.000000000000000000, 1.000000000000000000, -0.000000000000000000 ) ) ;
#1474 = VECTOR ( 'NONE', #1214, 1000.000000000000000 ) ;
#1475 = CARTESIAN_POINT ( 'NONE',  ( 164.9999999999999432, -39.99999999999999289, -248.9999999999999716 ) ) ;
#1476 = DIRECTION ( 'NONE',  ( 0.000000000000000000, 1.000000000000000000, 0.000000000000000000 ) ) ;
#1477 = AXIS2_PLACEMENT_3D ( 'NONE', #3530, #1588, #2421 ) ;
#1478 = EDGE_LOOP ( 'NONE', ( #474, #2046, #1982, #1763 ) ) ;
#1479 = VECTOR ( 'NONE', #1420, 1000.000000000000000 ) ;
#1480 = FACE_OUTER_BOUND ( 'NONE', #1875, .T. ) ;
#1481 = EDGE_LOOP ( 'NONE', ( #2944, #2694, #2674, #3074 ) ) ;
#1482 = CARTESIAN_POINT ( 'NONE',  ( 59.99999999999990763, -39.99999999999999289, -318.9999999999999432 ) ) ;
#1483 = VECTOR ( 'NONE', #600, 1000.000000000000000 ) ;
#1484 = CARTESIAN_POINT ( 'NONE',  ( -104.8222218314571705, 3.000000000000000000, -253.6153846153845848 ) ) ;
#1485 = DIRECTION ( 'NONE',  ( -0.000000000000000000, -1.000000000000000000, -0.000000000000000000 ) ) ;
#1486 = CARTESIAN_POINT ( 'NONE',  ( -115.0000000000000000, 3.000000000000000000, -190.9999999999999432 ) ) ;
#1487 = EDGE_CURVE ( 'NONE', #754, #983, #66, .T. ) ;
#1488 = EDGE_CURVE ( 'NONE', #218, #1712, #2308, .T. ) ;
#1489 = CARTESIAN_POINT ( 'NONE',  ( -45.00000000000000711, -43.00000000000000000, -308.9999999999999432 ) ) ;
#1490 = DIRECTION ( 'NONE',  ( -0.000000000000000000, -1.000000000000000000, -0.000000000000000000 ) ) ;
#1491 = AXIS2_PLACEMENT_3D ( 'NONE', #2353, #2589, #1762 ) ;
#1492 = ORIENTED_EDGE ( 'NONE', *, *, #861, .T. ) ;
#1493 = DIRECTION ( 'NONE',  ( -0.000000000000000000, -1.000000000000000000, -0.000000000000000000 ) ) ;
#1494 = VECTOR ( 'NONE', #354, 1000.000000000000000 ) ;
#1495 = DIRECTION ( 'NONE',  ( -1.000000000000000000, -0.000000000000000000, -6.938893903907135686E-16 ) ) ;
#1496 = AXIS2_PLACEMENT_3D ( 'NONE', #1099, #1917, #1641 ) ;
#1497 = ORIENTED_EDGE ( 'NONE', *, *, #2258, .F. ) ;
#1498 = CARTESIAN_POINT ( 'NONE',  ( 104.9999999999999005, -43.00000000000000000, -308.9999999999999432 ) ) ;
#1499 = ORIENTED_EDGE ( 'NONE', *, *, #1815, .F. ) ;
#1500 = CARTESIAN_POINT ( 'NONE',  ( 59.99999999999999289, -39.99999999999999289, -10.00000000000000711 ) ) ;
#1501 = DIRECTION ( 'NONE',  ( -1.000000000000000000, 0.000000000000000000, 0.000000000000000000 ) ) ;
#1502 = CARTESIAN_POINT ( 'NONE',  ( -3.673940397442051289E-15, -39.99999999999999289, -298.9999999999999432 ) ) ;
#1503 = CARTESIAN_POINT ( 'NONE',  ( -40.00000000000000711, 3.000000000000000000, 9.999999999999984013 ) ) ;
#1504 = ORIENTED_EDGE ( 'NONE', *, *, #2748, .F. ) ;
#1505 = VECTOR ( 'NONE', #3412, 1000.000000000000000 ) ;
#1506 = CARTESIAN_POINT ( 'NONE',  ( 59.99999999999998579, 0.000000000000000000, 9.999999999999992895 ) ) ;
#1507 = CARTESIAN_POINT ( 'NONE',  ( 174.9999999999999432, 0.000000000000000000, -243.9999999999999716 ) ) ;
#1508 = ORIENTED_EDGE ( 'NONE', *, *, #1128, .F. ) ;
#1509 = EDGE_CURVE ( 'NONE', #895, #110, #3422, .T. ) ;
#1511 = ADVANCED_FACE ( 'NONE', ( #1171 ), #3144, .F. ) ;
#1510 = DIRECTION ( 'NONE',  ( -1.000000000000000000, -0.000000000000000000, -0.000000000000000000 ) ) ;
#1512 = PRODUCT_DEFINITION_SHAPE ( 'NONE', 'NONE',  #1842 ) ;
#1513 = CARTESIAN_POINT ( 'NONE',  ( 165.0000000000000000, -43.00000000000000000, -60.00000000000002132 ) ) ;
#1514 = CIRCLE ( 'NONE', #874, 89.99999999999997158 ) ;
#1515 = VERTEX_POINT ( 'NONE', #3381 ) ;
#1516 = APPLICATION_CONTEXT ( 'configuration controlled 3d designs of mechanical parts and assemblies' ) ;
#1517 = EDGE_LOOP ( 'NONE', ( #2937, #1595, #1308, #1341 ) ) ;
#1518 = FACE_OUTER_BOUND ( 'NONE', #3479, .T. ) ;
#1519 = CARTESIAN_POINT ( 'NONE',  ( -9.499999999999998224, 3.000000000000000000, -10.11257040052822376 ) ) ;
#1520 = PLANE ( 'NONE',  #1952 ) ;
#1521 = FACE_OUTER_BOUND ( 'NONE', #1746, .T. ) ;
#1522 = ORIENTED_EDGE ( 'NONE', *, *, #554, .F. ) ;
#1523 = DIRECTION ( 'NONE',  ( 6.938893903907222461E-16, -0.000000000000000000, 1.000000000000000000 ) ) ;
#1524 = DIRECTION ( 'NONE',  ( -0.000000000000000000, -0.000000000000000000, -1.000000000000000000 ) ) ;
#1525 = ORIENTED_EDGE ( 'NONE', *, *, #671, .F. ) ;
#1526 = CARTESIAN_POINT ( 'NONE',  ( 99.99999999999990052, 0.000000000000000000, -313.9999999999999432 ) ) ;
#1527 = DIRECTION ( 'NONE',  ( -0.000000000000000000, -1.000000000000000000, -0.000000000000000000 ) ) ;
#1528 = EDGE_LOOP ( 'NONE', ( #2142, #55, #1421, #2577 ) ) ;
#1529 = VERTEX_POINT ( 'NONE', #611 ) ;
#1530 = ORIENTED_EDGE ( 'NONE', *, *, #2014, .F. ) ;
#1531 = ADVANCED_FACE ( 'NONE', ( #2837 ), #2817, .F. ) ;
#1532 = ORIENTED_EDGE ( 'NONE', *, *, #1980, .F. ) ;
#1533 = VECTOR ( 'NONE', #1874, 1000.000000000000000 ) ;
#1534 = CARTESIAN_POINT ( 'NONE',  ( 104.9999999999999858, -43.00000000000000000, -1.143080808330306593E-14 ) ) ;
#1535 = CIRCLE ( 'NONE', #954, 10.00000000000000000 ) ;
#1536 = AXIS2_PLACEMENT_3D ( 'NONE', #3379, #2543, #3127 ) ;
#1537 = DIRECTION ( 'NONE',  ( -1.000000000000000000, -0.000000000000000000, -0.000000000000000000 ) ) ;
#1538 = DIRECTION ( 'NONE',  ( 1.000000000000000000, 0.000000000000000000, -1.387778780781445478E-15 ) ) ;
#1539 = VERTEX_POINT ( 'NONE', #349 ) ;
#1540 = AXIS2_PLACEMENT_3D ( 'NONE', #1747, #2556, #1686 ) ;
#1541 = EDGE_LOOP ( 'NONE', ( #583, #3056, #1923, #43 ) ) ;
#1542 = CARTESIAN_POINT ( 'NONE',  ( -45.00000000000000711, 0.000000000000000000, 4.807406984078617107 ) ) ;
#1543 = ORIENTED_EDGE ( 'NONE', *, *, #1735, .F. ) ;
#1544 = LINE ( 'NONE', #147, #1882 ) ;
#1545 = DIRECTION ( 'NONE',  ( -0.000000000000000000, -1.000000000000000000, 0.000000000000000000 ) ) ;
#1546 = VERTEX_POINT ( 'NONE', #1498 ) ;
#1547 = ORIENTED_EDGE ( 'NONE', *, *, #1702, .F. ) ;
#1548 = VERTEX_POINT ( 'NONE', #1462 ) ;
#1549 = AXIS2_PLACEMENT_3D ( 'NONE', #3265, #2097, #2427 ) ;
#1550 = ADVANCED_FACE ( 'NONE', ( #2560 ), #2597, .T. ) ;
#1551 = LINE ( 'NONE', #785, #3386 ) ;
#1552 = ADVANCED_FACE ( 'NONE', ( #1861 ), #2739, .T. ) ;
#1553 = VECTOR ( 'NONE', #2005, 1000.000000000000000 ) ;
#1554 = CARTESIAN_POINT ( 'NONE',  ( -95.00000000000002842, -39.99999999999999289, -118.0000000000000284 ) ) ;
#1555 = CARTESIAN_POINT ( 'NONE',  ( 59.99999999999990763, -39.99999999999999289, -318.9999999999999432 ) ) ;
#1556 = LINE ( 'NONE', #1030, #3325 ) ;
#1557 = ORIENTED_EDGE ( 'NONE', *, *, #50, .T. ) ;
#1558 = ADVANCED_FACE ( 'NONE', ( #1346 ), #1653, .T. ) ;
#1559 = EDGE_LOOP ( 'NONE', ( #2380, #58, #2664, #1172 ) ) ;
#1560 = CARTESIAN_POINT ( 'NONE',  ( -9.500000000000005329, 0.000000000000000000, -298.8874295994717727 ) ) ;
#1561 = ORIENTED_EDGE ( 'NONE', *, *, #1439, .F. ) ;
#1562 = FACE_OUTER_BOUND ( 'NONE', #1145, .T. ) ;
#1563 = EDGE_CURVE ( 'NONE', #1368, #3529, #2964, .T. ) ;
#1564 = VERTEX_POINT ( 'NONE', #217 ) ;
#1565 = DIRECTION ( 'NONE',  ( 1.000000000000000000, -0.000000000000000000, 1.541976423090491492E-15 ) ) ;
#1566 = ORIENTED_EDGE ( 'NONE', *, *, #445, .T. ) ;
#1567 = VECTOR ( 'NONE', #204, 1000.000000000000000 ) ;
#1568 = VERTEX_POINT ( 'NONE', #479 ) ;
#1569 = ORIENTED_EDGE ( 'NONE', *, *, #32, .F. ) ;
#1570 = EDGE_CURVE ( 'NONE', #2559, #1061, #2448, .T. ) ;
#1571 = ORIENTED_EDGE ( 'NONE', *, *, #236, .T. ) ;
#1572 = PLANE ( 'NONE',  #1940 ) ;
#1573 = VECTOR ( 'NONE', #246, 1000.000000000000000 ) ;
#1574 = ORIENTED_CLOSED_SHELL ( 'NONE', *, #2549, .F. );
#1575 = LINE ( 'NONE', #1005, #2135 ) ;
#1576 = COORDINATED_UNIVERSAL_TIME_OFFSET ( 3, 30, .AHEAD. ) ;
#1577 = CARTESIAN_POINT ( 'NONE',  ( -110.0000000000000000, 0.000000000000000000, -243.9999999999999432 ) ) ;
#1578 = ORIENTED_EDGE ( 'NONE', *, *, #1450, .T. ) ;
#1579 = EDGE_CURVE ( 'NONE', #2233, #3035, #1073, .T. ) ;
#1580 = ORIENTED_EDGE ( 'NONE', *, *, #3119, .T. ) ;
#1581 = DIRECTION ( 'NONE',  ( -0.000000000000000000, -1.000000000000000000, -0.000000000000000000 ) ) ;
#1582 = LINE ( 'NONE', #1361, #663 ) ;
#1583 = FACE_OUTER_BOUND ( 'NONE', #3176, .T. ) ;
#1584 = DIRECTION ( 'NONE',  ( -9.570888143320315888E-16, 0.000000000000000000, -1.000000000000000000 ) ) ;
#1585 = ORIENTED_EDGE ( 'NONE', *, *, #1570, .T. ) ;
#1586 = ORIENTED_EDGE ( 'NONE', *, *, #1223, .T. ) ;
#1587 = ORIENTED_EDGE ( 'NONE', *, *, #440, .F. ) ;
#1588 = DIRECTION ( 'NONE',  ( -1.000000000000000000, 0.000000000000000000, 3.469446951953613696E-16 ) ) ;
#1589 = CIRCLE ( 'NONE', #948, 5.000000000000004441 ) ;
#1590 = DIRECTION ( 'NONE',  ( 0.000000000000000000, 0.000000000000000000, 1.000000000000000000 ) ) ;
#1591 =( NAMED_UNIT ( * ) PLANE_ANGLE_UNIT ( ) SI_UNIT ( $, .RADIAN. ) );
#1592 = DIRECTION ( 'NONE',  ( -0.000000000000000000, -1.000000000000000000, -0.000000000000000000 ) ) ;
#1593 = VECTOR ( 'NONE', #2227, 1000.000000000000000 ) ;
#1594 = VECTOR ( 'NONE', #935, 1000.000000000000000 ) ;
#1595 = ORIENTED_EDGE ( 'NONE', *, *, #786, .T. ) ;
#1596 = CARTESIAN_POINT ( 'NONE',  ( 155.0000000000000000, 3.000000000000000000, -107.9999999999999858 ) ) ;
#1597 = DIRECTION ( 'NONE',  ( 3.469446951953613696E-16, 0.000000000000000000, -1.000000000000000000 ) ) ;
#1598 = ADVANCED_FACE ( 'NONE', ( #2979 ), #267, .F. ) ;
#1599 = ADVANCED_FACE ( 'NONE', ( #2179 ), #2689, .F. ) ;
#1600 = AXIS2_PLACEMENT_3D ( 'NONE', #1402, #1978, #907 ) ;
#1601 = ORIENTED_EDGE ( 'NONE', *, *, #2998, .F. ) ;
#1602 = CARTESIAN_POINT ( 'NONE',  ( 69.49999999999992895, 3.000000000000000000, -298.8874295994717727 ) ) ;
#1603 = DIRECTION ( 'NONE',  ( 1.000000000000000000, 0.000000000000000000, 0.000000000000000000 ) ) ;
#1604 = DIRECTION ( 'NONE',  ( -0.000000000000000000, -0.000000000000000000, -1.000000000000000000 ) ) ;
#1605 = EDGE_CURVE ( 'NONE', #942, #3139, #767, .T. ) ;
#1606 = DIRECTION ( 'NONE',  ( 0.000000000000000000, -1.000000000000000000, 0.000000000000000000 ) ) ;
#1607 = VECTOR ( 'NONE', #3370, 1000.000000000000000 ) ;
#1608 = CYLINDRICAL_SURFACE ( 'NONE', #2305, 59.99999999999997158 ) ;
#1609 = ORIENTED_EDGE ( 'NONE', *, *, #2882, .F. ) ;
#1610 = CARTESIAN_POINT ( 'NONE',  ( 59.99999999999999289, -39.99999999999999289, -10.00000000000000711 ) ) ;
#1611 = VECTOR ( 'NONE', #3584, 1000.000000000000000 ) ;
#1612 = VERTEX_POINT ( 'NONE', #816 ) ;
#1613 = FACE_OUTER_BOUND ( 'NONE', #2939, .T. ) ;
#1614 = CARTESIAN_POINT ( 'NONE',  ( -5.000000000000071054, 3.000000000000000000, -209.0000000000000284 ) ) ;
#1615 = ORIENTED_EDGE ( 'NONE', *, *, #134, .F. ) ;
#1616 = ADVANCED_FACE ( 'NONE', ( #1314 ), #1367, .F. ) ;
#1617 = ADVANCED_FACE ( 'NONE', ( #3257 ), #2343, .F. ) ;
#1618 = FACE_OUTER_BOUND ( 'NONE', #2836, .T. ) ;
#1619 = CARTESIAN_POINT ( 'NONE',  ( 154.9999999999999716, 0.000000000000000000, -118.0000000000000000 ) ) ;
#1620 = AXIS2_PLACEMENT_3D ( 'NONE', #3153, #2333, #378 ) ;
#1621 = EDGE_CURVE ( 'NONE', #1385, #2455, #2417, .T. ) ;
#1622 = CARTESIAN_POINT ( 'NONE',  ( -40.00000000000000711, 0.000000000000000000, 4.999999999999984901 ) ) ;
#1623 = DIRECTION ( 'NONE',  ( 0.000000000000000000, 1.000000000000000000, -0.000000000000000000 ) ) ;
#1624 = AXIS2_PLACEMENT_3D ( 'NONE', #2055, #882, #3170 ) ;
#1625 = CARTESIAN_POINT ( 'NONE',  ( -5.000000000000015099, -43.00000000000000000, -99.99999999999998579 ) ) ;
#1626 = VERTEX_POINT ( 'NONE', #1038 ) ;
#1627 = DIRECTION ( 'NONE',  ( -0.000000000000000000, -1.000000000000000000, 0.000000000000000000 ) ) ;
#1628 = CIRCLE ( 'NONE', #527, 89.99999999999991473 ) ;
#1629 = VECTOR ( 'NONE', #3559, 1000.000000000000000 ) ;
#1630 = ORIENTED_EDGE ( 'NONE', *, *, #1082, .T. ) ;
#1631 = DIRECTION ( 'NONE',  ( -0.000000000000000000, -1.000000000000000000, -0.000000000000000000 ) ) ;
#1632 = CARTESIAN_POINT ( 'NONE',  ( 59.99999999999992184, 3.000000000000000000, -298.9999999999999432 ) ) ;
#1633 = EDGE_CURVE ( 'NONE', #608, #282, #1311, .T. ) ;
#1634 = DIRECTION ( 'NONE',  ( 1.000000000000000000, 0.000000000000000000, 0.000000000000000000 ) ) ;
#1635 = DIRECTION ( 'NONE',  ( -0.000000000000000000, -1.000000000000000000, -0.000000000000000000 ) ) ;
#1636 = CARTESIAN_POINT ( 'NONE',  ( -45.00000000000000711, -39.99999999999999289, 6.938893903907228378E-15 ) ) ;
#1637 = DIRECTION ( 'NONE',  ( 0.000000000000000000, 0.000000000000000000, -1.000000000000000000 ) ) ;
#1638 = DIRECTION ( 'NONE',  ( -0.000000000000000000, -1.000000000000000000, -0.000000000000000000 ) ) ;
#1639 = EDGE_CURVE ( 'NONE', #1075, #898, #1877, .T. ) ;
#1640 = EDGE_CURVE ( 'NONE', #1182, #1879, #3563, .T. ) ;
#1641 = DIRECTION ( 'NONE',  ( 0.000000000000000000, 0.000000000000000000, -1.000000000000000000 ) ) ;
#1642 = ORIENTED_EDGE ( 'NONE', *, *, #3368, .F. ) ;
#1643 = CARTESIAN_POINT ( 'NONE',  ( 6.938893903907228378E-15, -39.99999999999999289, 9.999999999999984013 ) ) ;
#1644 = AXIS2_PLACEMENT_3D ( 'NONE', #1577, #1627, #990 ) ;
#1645 = CARTESIAN_POINT ( 'NONE',  ( 154.9999999999999716, -39.99999999999999289, -118.0000000000000000 ) ) ;
#1646 = DIRECTION ( 'NONE',  ( 0.000000000000000000, 0.000000000000000000, 1.000000000000000000 ) ) ;
#1647 = VECTOR ( 'NONE', #1343, 1000.000000000000000 ) ;
#1648 = ORIENTED_EDGE ( 'NONE', *, *, #3303, .T. ) ;
#1649 = CARTESIAN_POINT ( 'NONE',  ( -44.99999999999999289, -39.99999999999999289, -308.9999999999999432 ) ) ;
#1650 = ORIENTED_EDGE ( 'NONE', *, *, #2786, .F. ) ;
#1651 = AXIS2_PLACEMENT_3D ( 'NONE', #2490, #1638, #2763 ) ;
#1652 = FACE_OUTER_BOUND ( 'NONE', #573, .T. ) ;
#1653 = PLANE ( 'NONE',  #2727 ) ;
#1654 = VECTOR ( 'NONE', #3103, 1000.000000000000000 ) ;
#1655 = VERTEX_POINT ( 'NONE', #2162 ) ;
#1656 = ORIENTED_EDGE ( 'NONE', *, *, #821, .F. ) ;
#1657 = LINE ( 'NONE', #235, #1767 ) ;
#1658 = AXIS2_PLACEMENT_3D ( 'NONE', #2889, #1545, #2593 ) ;
#1659 = EDGE_CURVE ( 'NONE', #887, #169, #514, .T. ) ;
#1660 = EDGE_CURVE ( 'NONE', #152, #2446, #2992, .T. ) ;
#1661 = LINE ( 'NONE', #1153, #797 ) ;
#1662 = EDGE_LOOP ( 'NONE', ( #2920, #801, #3087, #591 ) ) ;
#1663 = FACE_OUTER_BOUND ( 'NONE', #16, .T. ) ;
#1664 = AXIS2_PLACEMENT_3D ( 'NONE', #390, #1501, #2843 ) ;
#1665 = CARTESIAN_POINT ( 'NONE',  ( 65.00000000000001421, -39.99999999999999289, -298.9999999999999432 ) ) ;
#1666 = VECTOR ( 'NONE', #367, 1000.000000000000000 ) ;
#1667 = DIRECTION ( 'NONE',  ( -1.000000000000000000, -0.000000000000000000, -0.000000000000000000 ) ) ;
#1668 = ORIENTED_EDGE ( 'NONE', *, *, #1929, .F. ) ;
#1669 = LINE ( 'NONE', #1956, #337 ) ;
#1670 = DIRECTION ( 'NONE',  ( -0.000000000000000000, -1.000000000000000000, 0.000000000000000000 ) ) ;
#1671 = VERTEX_POINT ( 'NONE', #60 ) ;
#1672 = CYLINDRICAL_SURFACE ( 'NONE', #2700, 10.00000000000000888 ) ;
#1673 = CARTESIAN_POINT ( 'NONE',  ( 109.9999999999999005, 0.000000000000000000, -313.8074069840786251 ) ) ;
#1674 = CIRCLE ( 'NONE', #3126, 10.00000000000000888 ) ;
#1675 = CARTESIAN_POINT ( 'NONE',  ( 169.8074069840785398, 3.000000000000000000, -248.9999999999999716 ) ) ;
#1676 = CARTESIAN_POINT ( 'NONE',  ( 104.9999999999999289, -43.00000000000000000, -248.9999999999999716 ) ) ;
#1677 = ORIENTED_EDGE ( 'NONE', *, *, #22, .T. ) ;
#1678 = CARTESIAN_POINT ( 'NONE',  ( -115.0000000000000000, -39.99999999999999289, -59.99999999999999289 ) ) ;
#1679 = CLOSED_SHELL ( 'NONE', ( #838, #1889, #916, #1897, #1550, #1772, #2209, #773, #2130, #2066, #2546, #3250, #2414, #3033, #45, #908, #1460 ) ) ;
#1680 = CARTESIAN_POINT ( 'NONE',  ( -49.99999999999998579, 0.000000000000000000, -313.8074069840785683 ) ) ;
#1681 = PLANE ( 'NONE',  #2167 ) ;
#1682 = ADVANCED_FACE ( 'NONE', ( #1414 ), #1183, .F. ) ;
#1683 = DIRECTION ( 'NONE',  ( 0.000000000000000000, 0.000000000000000000, -1.000000000000000000 ) ) ;
#1684 = CARTESIAN_POINT ( 'NONE',  ( 174.9999999999999432, -39.99999999999999289, -248.9999999999999716 ) ) ;
#1685 = ORIENTED_EDGE ( 'NONE', *, *, #996, .F. ) ;
#1686 = DIRECTION ( 'NONE',  ( 0.000000000000000000, 0.000000000000000000, -1.000000000000000000 ) ) ;
#1687 = ADVANCED_FACE ( 'NONE', ( #2776 ), #1672, .T. ) ;
#1688 = LINE ( 'NONE', #2792, #404 ) ;
#1689 = DIRECTION ( 'NONE',  ( -0.000000000000000000, -1.000000000000000000, -0.000000000000000000 ) ) ;
#1690 = ORIENTED_EDGE ( 'NONE', *, *, #2238, .T. ) ;
#1691 = ORIENTED_EDGE ( 'NONE', *, *, #3145, .F. ) ;
#1692 = DIRECTION ( 'NONE',  ( 0.000000000000000000, 0.000000000000000000, 1.000000000000000000 ) ) ;
#1693 = VERTEX_POINT ( 'NONE', #1995 ) ;
#1694 = DIRECTION ( 'NONE',  ( -0.000000000000000000, -1.000000000000000000, -0.000000000000000000 ) ) ;
#1695 = VECTOR ( 'NONE', #1592, 1000.000000000000000 ) ;
#1696 = FACE_OUTER_BOUND ( 'NONE', #710, .T. ) ;
#1697 = CARTESIAN_POINT ( 'NONE',  ( 164.9999999999999432, -43.00000000000000000, -248.9999999999999716 ) ) ;
#1698 = VERTEX_POINT ( 'NONE', #1945 ) ;
#1699 = PLANE ( 'NONE',  #1740 ) ;
#1700 = FACE_OUTER_BOUND ( 'NONE', #551, .T. ) ;
#1701 = VERTEX_POINT ( 'NONE', #17 ) ;
#1702 = EDGE_CURVE ( 'NONE', #2104, #693, #1136, .T. ) ;
#1703 = AXIS2_PLACEMENT_3D ( 'NONE', #2486, #3045, #2809 ) ;
#1705 = ADVANCED_FACE ( 'NONE', ( #285 ), #2234, .F. ) ;
#1704 = CARTESIAN_POINT ( 'NONE',  ( -105.0000000000000284, 0.000000000000000000, -108.0000000000000284 ) ) ;
#1706 = VECTOR ( 'NONE', #3151, 1000.000000000000000 ) ;
#1707 = ORIENTED_EDGE ( 'NONE', *, *, #1082, .F. ) ;
#1708 = AXIS2_PLACEMENT_3D ( 'NONE', #1025, #1283, #3492 ) ;
#1709 = CARTESIAN_POINT ( 'NONE',  ( 174.9999999999999432, -43.00000000000000000, -190.9999999999999716 ) ) ;
#1710 = CARTESIAN_POINT ( 'NONE',  ( 154.9999999999999716, 3.000000000000000000, -118.0000000000000000 ) ) ;
#1711 = AXIS2_PLACEMENT_3D ( 'NONE', #1404, #1, #1133 ) ;
#1712 = VERTEX_POINT ( 'NONE', #3376 ) ;
#1713 = DIRECTION ( 'NONE',  ( 0.000000000000000000, 1.000000000000000000, 0.000000000000000000 ) ) ;
#1714 = ORIENTED_EDGE ( 'NONE', *, *, #1735, .T. ) ;
#1715 = CARTESIAN_POINT ( 'NONE',  ( -5.000000000000071054, 0.000000000000000000, -209.0000000000000284 ) ) ;
#1716 = LINE ( 'NONE', #3587, #3172 ) ;
#1717 = CARTESIAN_POINT ( 'NONE',  ( -115.0000000000000000, -39.99999999999999289, -190.9999999999999432 ) ) ;
#1718 = DIRECTION ( 'NONE',  ( 0.000000000000000000, 0.000000000000000000, -1.000000000000000000 ) ) ;
#1719 = ORIENTED_EDGE ( 'NONE', *, *, #1850, .F. ) ;
#1720 = AXIS2_PLACEMENT_3D ( 'NONE', #1159, #1378, #615 ) ;
#1721 = DIRECTION ( 'NONE',  ( -0.000000000000000000, -1.000000000000000000, -0.000000000000000000 ) ) ;
#1722 = DIRECTION ( 'NONE',  ( -0.000000000000000000, -0.000000000000000000, -1.000000000000000000 ) ) ;
#1723 = ORIENTED_EDGE ( 'NONE', *, *, #3012, .F. ) ;
#1724 = CARTESIAN_POINT ( 'NONE',  ( -3.673940397442051289E-15, -43.00000000000000000, -298.9999999999999432 ) ) ;
#1725 = ORIENTED_EDGE ( 'NONE', *, *, #817, .F. ) ;
#1726 = VECTOR ( 'NONE', #1423, 1000.000000000000000 ) ;
#1727 = EDGE_CURVE ( 'NONE', #807, #768, #3222, .T. ) ;
#1728 = EDGE_CURVE ( 'NONE', #3529, #150, #2538, .T. ) ;
#1729 = ORIENTED_EDGE ( 'NONE', *, *, #3128, .F. ) ;
#1730 = EDGE_CURVE ( 'NONE', #670, #3228, #37, .T. ) ;
#1731 = LINE ( 'NONE', #1961, #1284 ) ;
#1732 = CC_DESIGN_APPROVAL ( #2682, ( #2594 ) ) ;
#1733 = COORDINATED_UNIVERSAL_TIME_OFFSET ( 3, 30, .AHEAD. ) ;
#1734 = PLANE ( 'NONE',  #3531 ) ;
#1735 = EDGE_CURVE ( 'NONE', #2849, #3282, #3084, .T. ) ;
#1736 = ORIENTED_EDGE ( 'NONE', *, *, #2193, .F. ) ;
#1737 = DIRECTION ( 'NONE',  ( 0.000000000000000000, 0.000000000000000000, 1.000000000000000000 ) ) ;
#1738 = ORIENTED_EDGE ( 'NONE', *, *, #3391, .F. ) ;
#1739 = CARTESIAN_POINT ( 'NONE',  ( -95.00000000000001421, 3.000000000000000000, -200.9999999999999716 ) ) ;
#1740 = AXIS2_PLACEMENT_3D ( 'NONE', #2805, #1365, #1942 ) ;
#1741 = LINE ( 'NONE', #2295, #24 ) ;
#1742 = PLANE ( 'NONE',  #1449 ) ;
#1743 = LINE ( 'NONE', #2297, #1063 ) ;
#1744 = DIRECTION ( 'NONE',  ( -3.469446951953614189E-16, 0.000000000000000000, 1.000000000000000000 ) ) ;
#1745 = LINE ( 'NONE', #2848, #209 ) ;
#1746 = EDGE_LOOP ( 'NONE', ( #735, #1691, #2256, #3162 ) ) ;
#1747 = CARTESIAN_POINT ( 'NONE',  ( -39.99999999999999289, 0.000000000000000000, -313.9999999999999432 ) ) ;
#1748 = CLOSED_SHELL ( 'NONE', ( #2304, #2481, #158, #1705, #2101, #2453, #322, #3260, #997, #796, #1844, #3322 ) ) ;
#1749 = AXIS2_PLACEMENT_3D ( 'NONE', #749, #800, #1093 ) ;
#1750 = DIRECTION ( 'NONE',  ( 0.000000000000000000, 0.000000000000000000, 1.000000000000000000 ) ) ;
#1751 = CARTESIAN_POINT ( 'NONE',  ( -105.0000000000000142, -39.99999999999999289, -248.9999999999999432 ) ) ;
#1752 = VERTEX_POINT ( 'NONE', #1146 ) ;
#1753 = CARTESIAN_POINT ( 'NONE',  ( 99.99999999999997158, 3.000000000000000000, 10.00000000000000000 ) ) ;
#1754 = EDGE_CURVE ( 'NONE', #1422, #2096, #3122, .T. ) ;
#1755 = ORIENTED_EDGE ( 'NONE', *, *, #3461, .F. ) ;
#1756 = CARTESIAN_POINT ( 'NONE',  ( 109.6153846153845137, 3.000000000000000000, -308.8222218314571137 ) ) ;
#1757 = ADVANCED_FACE ( 'NONE', ( #2251 ), #1386, .F. ) ;
#1758 = CARTESIAN_POINT ( 'NONE',  ( 174.9999999999999432, 3.000000000000000000, -190.9999999999999716 ) ) ;
#1759 = DIRECTION ( 'NONE',  ( 0.000000000000000000, 1.000000000000000000, 0.000000000000000000 ) ) ;
#1760 = CARTESIAN_POINT ( 'NONE',  ( -115.0000000000000142, -39.99999999999999289, -118.0000000000000284 ) ) ;
#1761 = CARTESIAN_POINT ( 'NONE',  ( 59.99999999999990763, 3.000000000000000000, -318.9999999999999432 ) ) ;
#1762 = DIRECTION ( 'NONE',  ( 0.000000000000000000, 0.000000000000000000, -1.000000000000000000 ) ) ;
#1763 = ORIENTED_EDGE ( 'NONE', *, *, #2529, .T. ) ;
#1764 = FACE_OUTER_BOUND ( 'NONE', #2457, .T. ) ;
#1765 = LINE ( 'NONE', #1782, #3425 ) ;
#1766 = EDGE_LOOP ( 'NONE', ( #3377, #2067, #877, #2223 ) ) ;
#1767 = VECTOR ( 'NONE', #2220, 1000.000000000000000 ) ;
#1768 = DIRECTION ( 'NONE',  ( 0.000000000000000000, -1.000000000000000000, -0.000000000000000000 ) ) ;
#1769 = DIRECTION ( 'NONE',  ( 0.000000000000000000, -1.000000000000000000, 0.000000000000000000 ) ) ;
#1770 = VECTOR ( 'NONE', #319, 1000.000000000000000 ) ;
#1771 = EDGE_CURVE ( 'NONE', #1272, #2396, #13, .T. ) ;
#1772 = ADVANCED_FACE ( 'NONE', ( #3319 ), #1960, .F. ) ;
#1773 = CARTESIAN_POINT ( 'NONE',  ( 99.99999999999988631, 3.000000000000000000, -318.9999999999999432 ) ) ;
#1774 = FACE_OUTER_BOUND ( 'NONE', #2180, .T. ) ;
#1775 = DIRECTION ( 'NONE',  ( -0.000000000000000000, -1.000000000000000000, -0.000000000000000000 ) ) ;
#1776 = LINE ( 'NONE', #1180, #344 ) ;
#1777 = CARTESIAN_POINT ( 'NONE',  ( -95.00000000000002842, 3.000000000000000000, -99.99999999999998579 ) ) ;
#1778 = VECTOR ( 'NONE', #1345, 1000.000000000000000 ) ;
#1779 = ORIENTED_EDGE ( 'NONE', *, *, #1223, .F. ) ;
#1780 = DIRECTION ( 'NONE',  ( -3.061616997868373280E-16, 0.000000000000000000, 1.000000000000000000 ) ) ;
#1781 = EDGE_CURVE ( 'NONE', #1796, #2272, #2868, .T. ) ;
#1782 = CARTESIAN_POINT ( 'NONE',  ( -115.0000000000000142, 3.000000000000000000, -118.0000000000000284 ) ) ;
#1783 = ORIENTED_EDGE ( 'NONE', *, *, #1980, .T. ) ;
#1784 = AXIS2_PLACEMENT_3D ( 'NONE', #2578, #3365, #2545 ) ;
#1785 = ORIENTED_EDGE ( 'NONE', *, *, #1771, .F. ) ;
#1786 = LINE ( 'NONE', #2614, #3582 ) ;
#1787 = CARTESIAN_POINT ( 'NONE',  ( 174.9999999999999432, -39.99999999999999289, -248.9999999999999716 ) ) ;
#1788 = DIRECTION ( 'NONE',  ( 0.000000000000000000, -1.000000000000000000, 0.000000000000000000 ) ) ;
#1789 = AXIS2_PLACEMENT_3D ( 'NONE', #80, #604, #2736 ) ;
#1790 = CARTESIAN_POINT ( 'NONE',  ( 164.9999999999999432, -39.99999999999999289, -248.9999999999999716 ) ) ;
#1791 = DIRECTION ( 'NONE',  ( -0.000000000000000000, -1.000000000000000000, 0.000000000000000000 ) ) ;
#1792 = ORIENTED_EDGE ( 'NONE', *, *, #1727, .F. ) ;
#1793 = AXIS2_PLACEMENT_3D ( 'NONE', #923, #3137, #2588 ) ;
#1794 = CARTESIAN_POINT ( 'NONE',  ( -95.00000000000002842, -43.00000000000000000, -118.0000000000000284 ) ) ;
#1795 = LINE ( 'NONE', #2900, #1847 ) ;
#1796 = VERTEX_POINT ( 'NONE', #1108 ) ;
#1797 = CARTESIAN_POINT ( 'NONE',  ( -5.000000000000071054, -39.99999999999999289, -209.0000000000000284 ) ) ;
#1798 = EDGE_CURVE ( 'NONE', #2537, #1671, #2216, .T. ) ;
#1799 = DIRECTION ( 'NONE',  ( -0.000000000000000000, -1.000000000000000000, -0.000000000000000000 ) ) ;
#1800 = ORIENTED_EDGE ( 'NONE', *, *, #2439, .F. ) ;
#1801 = CIRCLE ( 'NONE', #2263, 10.00000000000000888 ) ;
#1802 = ORIENTED_EDGE ( 'NONE', *, *, #1854, .F. ) ;
#1803 = DIRECTION ( 'NONE',  ( 0.000000000000000000, 0.000000000000000000, -1.000000000000000000 ) ) ;
#1804 = DIRECTION ( 'NONE',  ( 0.000000000000000000, 0.000000000000000000, -1.000000000000000000 ) ) ;
#1805 = DATE_AND_TIME ( #3225, #575 ) ;
#1806 = EDGE_LOOP ( 'NONE', ( #1609, #451, #2326, #1459 ) ) ;
#1807 = CARTESIAN_POINT ( 'NONE',  ( 169.9999999999999432, 3.000000000000000000, -243.9999999999999716 ) ) ;
#1808 = EDGE_LOOP ( 'NONE', ( #133, #2720, #1561, #1245 ) ) ;
#1809 = VERTEX_POINT ( 'NONE', #854 ) ;
#1810 = CARTESIAN_POINT ( 'NONE',  ( 165.0000000000000000, -39.99999999999999289, -60.00000000000002132 ) ) ;
#1811 = ORIENTED_EDGE ( 'NONE', *, *, #3390, .T. ) ;
#1812 = DIRECTION ( 'NONE',  ( -6.938893903907222461E-16, 0.000000000000000000, -1.000000000000000000 ) ) ;
#1813 = ORIENTED_EDGE ( 'NONE', *, *, #1563, .F. ) ;
#1814 = EDGE_CURVE ( 'NONE', #2946, #116, #723, .T. ) ;
#1815 = EDGE_CURVE ( 'NONE', #2962, #231, #3432, .T. ) ;
#1816 = LINE ( 'NONE', #2105, #286 ) ;
#1817 = ORIENTED_EDGE ( 'NONE', *, *, #2040, .T. ) ;
#1818 = EDGE_LOOP ( 'NONE', ( #3401, #1029, #264, #2291 ) ) ;
#1819 = VECTOR ( 'NONE', #293, 1000.000000000000000 ) ;
#1820 = VERTEX_POINT ( 'NONE', #995 ) ;
#1821 = ORIENTED_EDGE ( 'NONE', *, *, #3590, .T. ) ;
#1822 = CARTESIAN_POINT ( 'NONE',  ( -115.0000000000000000, 0.000000000000000000, -243.9999999999999432 ) ) ;
#1823 = CIRCLE ( 'NONE', #1536, 89.99999999999994316 ) ;
#1824 = EDGE_CURVE ( 'NONE', #1385, #1227, #3092, .T. ) ;
#1825 = DIRECTION ( 'NONE',  ( 1.000000000000000000, 0.000000000000000000, 1.541976423090494894E-16 ) ) ;
#1826 = SECURITY_CLASSIFICATION_LEVEL ( 'unclassified' ) ;
#1827 = EDGE_LOOP ( 'NONE', ( #567, #1492, #704, #1278 ) ) ;
#1828 = LINE ( 'NONE', #205, #119 ) ;
#1829 = ORIENTED_EDGE ( 'NONE', *, *, #2743, .T. ) ;
#1830 = ORIENTED_EDGE ( 'NONE', *, *, #1487, .F. ) ;
#1831 = ORIENTED_EDGE ( 'NONE', *, *, #3368, .T. ) ;
#1832 = ORIENTED_EDGE ( 'NONE', *, *, #2785, .T. ) ;
#1833 = LINE ( 'NONE', #993, #3402 ) ;
#1834 = EDGE_LOOP ( 'NONE', ( #2398, #1905, #1831, #557 ) ) ;
#1835 = CARTESIAN_POINT ( 'NONE',  ( 3.426051726065526072E-15, 3.000000000000000000, -0.1250782228091364134 ) ) ;
#1836 = VECTOR ( 'NONE', #1312, 1000.000000000000000 ) ;
#1837 = ORIENTED_EDGE ( 'NONE', *, *, #3507, .T. ) ;
#1838 = MANIFOLD_SOLID_BREP ( 'Fillet11', #1916 ) ;
#1839 = CARTESIAN_POINT ( 'NONE',  ( 165.0000000000000000, -39.99999999999999289, -60.00000000000002132 ) ) ;
#1840 = ORIENTED_EDGE ( 'NONE', *, *, #2015, .F. ) ;
#1841 = VECTOR ( 'NONE', #2318, 1000.000000000000000 ) ;
#1842 = PRODUCT_DEFINITION ( 'UNKNOWN', '', #2429, #2719 ) ;
#1843 = EDGE_CURVE ( 'NONE', #721, #2637, #2608, .T. ) ;
#1844 = ADVANCED_FACE ( 'NONE', ( #728 ), #2356, .F. ) ;
#1845 = ORIENTED_EDGE ( 'NONE', *, *, #1043, .T. ) ;
#1846 = VERTEX_POINT ( 'NONE', #3157 ) ;
#1847 = VECTOR ( 'NONE', #411, 1000.000000000000000 ) ;
#1848 = ORIENTED_EDGE ( 'NONE', *, *, #2107, .T. ) ;
#1849 = CARTESIAN_POINT ( 'NONE',  ( -95.00000000000002842, -39.99999999999999289, -118.0000000000000284 ) ) ;
#1850 = EDGE_CURVE ( 'NONE', #3551, #3217, #3211, .T. ) ;
#1851 = AXIS2_PLACEMENT_3D ( 'NONE', #2983, #1852, #2932 ) ;
#1852 = DIRECTION ( 'NONE',  ( 0.000000000000000000, 0.000000000000000000, -1.000000000000000000 ) ) ;
#1853 = DIRECTION ( 'NONE',  ( -0.000000000000000000, 1.000000000000000000, -0.000000000000000000 ) ) ;
#1854 = EDGE_CURVE ( 'NONE', #3555, #984, #381, .T. ) ;
#1855 = ORIENTED_EDGE ( 'NONE', *, *, #3526, .T. ) ;
#1856 = CARTESIAN_POINT ( 'NONE',  ( -5.000000000000015099, 0.000000000000000000, -99.99999999999998579 ) ) ;
#1857 = CYLINDRICAL_SURFACE ( 'NONE', #248, 5.000000000000000000 ) ;
#1858 = VECTOR ( 'NONE', #1744, 1000.000000000000000 ) ;
#1859 = MANIFOLD_SOLID_BREP ( 'Fillet12', #810 ) ;
#1860 = DIRECTION ( 'NONE',  ( -0.000000000000000000, -1.000000000000000000, -0.000000000000000000 ) ) ;
#1861 = FACE_OUTER_BOUND ( 'NONE', #1766, .T. ) ;
#1862 = ORIENTED_EDGE ( 'NONE', *, *, #3080, .T. ) ;
#1863 = VECTOR ( 'NONE', #1457, 1000.000000000000000 ) ;
#1864 = CARTESIAN_POINT ( 'NONE',  ( 155.0000000000000284, -39.99999999999999289, -99.99999999999994316 ) ) ;
#1865 = ORIENTED_EDGE ( 'NONE', *, *, #1185, .T. ) ;
#1866 = PLANE ( 'NONE',  #1708 ) ;
#1867 = VECTOR ( 'NONE', #386, 1000.000000000000000 ) ;
#1868 = EDGE_CURVE ( 'NONE', #983, #1432, #2648, .T. ) ;
#1869 = EDGE_CURVE ( 'NONE', #1693, #722, #2062, .T. ) ;
#1870 = CARTESIAN_POINT ( 'NONE',  ( 104.9999999999999858, -39.99999999999999289, 1.387778780781445676E-14 ) ) ;
#1871 = FACE_OUTER_BOUND ( 'NONE', #3549, .T. ) ;
#1872 = VERTEX_POINT ( 'NONE', #2903 ) ;
#1873 = FACE_OUTER_BOUND ( 'NONE', #3560, .T. ) ;
#1874 = DIRECTION ( 'NONE',  ( -0.000000000000000000, -1.000000000000000000, -0.000000000000000000 ) ) ;
#1875 = EDGE_LOOP ( 'NONE', ( #1298, #443, #2607, #3366 ) ) ;
#1876 = DIRECTION ( 'NONE',  ( -1.000000000000000000, -0.000000000000000000, -0.000000000000000000 ) ) ;
#1877 = LINE ( 'NONE', #497, #1303 ) ;
#1878 = EDGE_CURVE ( 'NONE', #2547, #1227, #3452, .T. ) ;
#1879 = VERTEX_POINT ( 'NONE', #111 ) ;
#1880 = ORIENTED_EDGE ( 'NONE', *, *, #136, .T. ) ;
#1881 = CARTESIAN_POINT ( 'NONE',  ( 59.99999999999998579, -39.99999999999999289, 9.999999999999992895 ) ) ;
#1882 = VECTOR ( 'NONE', #2375, 1000.000000000000000 ) ;
#1883 = CIRCLE ( 'NONE', #2569, 60.00000000000002842 ) ;
#1884 = DIRECTION ( 'NONE',  ( 0.000000000000000000, 0.000000000000000000, -1.000000000000000000 ) ) ;
#1885 = VERTEX_POINT ( 'NONE', #981 ) ;
#1886 = DIRECTION ( 'NONE',  ( -0.000000000000000000, -1.000000000000000000, -0.000000000000000000 ) ) ;
#1887 = ADVANCED_FACE ( 'NONE', ( #1764 ), #2081, .F. ) ;
#1888 = CIRCLE ( 'NONE', #2341, 5.000000000000004441 ) ;
#1889 = ADVANCED_FACE ( 'NONE', ( #2320 ), #95, .F. ) ;
#1890 = AXIS2_PLACEMENT_3D ( 'NONE', #2952, #2115, #502 ) ;
#1891 = ORIENTED_EDGE ( 'NONE', *, *, #2744, .F. ) ;
#1892 = DIRECTION ( 'NONE',  ( -0.000000000000000000, 1.000000000000000000, -0.000000000000000000 ) ) ;
#1893 = CARTESIAN_POINT ( 'NONE',  ( -44.99999999999999289, 3.000000000000000000, -308.9999999999999432 ) ) ;
#1894 = EDGE_LOOP ( 'NONE', ( #359, #2906, #2426, #234 ) ) ;
#1895 = LINE ( 'NONE', #2721, #1778 ) ;
#1896 = CARTESIAN_POINT ( 'NONE',  ( 175.0000000000000000, -39.99999999999999289, -60.00000000000002132 ) ) ;
#1897 = ADVANCED_FACE ( 'NONE', ( #2869 ), #928, .F. ) ;
#1898 = FACE_OUTER_BOUND ( 'NONE', #3220, .T. ) ;
#1899 = CARTESIAN_POINT ( 'NONE',  ( 174.9999999999999432, 3.000000000000000000, -190.9999999999999716 ) ) ;
#1900 = AXIS2_PLACEMENT_3D ( 'NONE', #2159, #1906, #1012 ) ;
#1901 = DIRECTION ( 'NONE',  ( 0.000000000000000000, -1.000000000000000000, 0.000000000000000000 ) ) ;
#1902 = ORIENTED_EDGE ( 'NONE', *, *, #977, .F. ) ;
#1903 = DIRECTION ( 'NONE',  ( 0.000000000000000000, 0.000000000000000000, -1.000000000000000000 ) ) ;
#1904 = AXIS2_PLACEMENT_3D ( 'NONE', #1625, #237, #2454 ) ;
#1905 = ORIENTED_EDGE ( 'NONE', *, *, #2658, .T. ) ;
#1906 = DIRECTION ( 'NONE',  ( -0.000000000000000000, -1.000000000000000000, -0.000000000000000000 ) ) ;
#1907 = LINE ( 'NONE', #1893, #1994 ) ;
#1908 = VERTEX_POINT ( 'NONE', #3486 ) ;
#1909 = CARTESIAN_POINT ( 'NONE',  ( 104.9999999999999858, -39.99999999999999289, 1.387778780781445676E-14 ) ) ;
#1910 = EDGE_CURVE ( 'NONE', #2372, #1472, #1589, .T. ) ;
#1911 = DIRECTION ( 'NONE',  ( 1.000000000000000000, 0.000000000000000000, 0.000000000000000000 ) ) ;
#1912 = VECTOR ( 'NONE', #326, 1000.000000000000000 ) ;
#1913 = AXIS2_PLACEMENT_3D ( 'NONE', #124, #978, #3468 ) ;
#1914 = CARTESIAN_POINT ( 'NONE',  ( -115.0000000000000142, -43.00000000000000000, -118.0000000000000284 ) ) ;
#1915 = LINE ( 'NONE', #1369, #1479 ) ;
#1916 = CLOSED_SHELL ( 'NONE', ( #3554, #1599, #970, #1347, #1418, #732, #1018, #2132, #3215, #3123, #59, #1687, #415, #2478, #468, #3009, #279 ) ) ;
#1917 = DIRECTION ( 'NONE',  ( 0.000000000000000000, 1.000000000000000000, -0.000000000000000000 ) ) ;
#1918 = ORIENTED_EDGE ( 'NONE', *, *, #3102, .F. ) ;
#1919 = LINE ( 'NONE', #2475, #1819 ) ;
#1920 = CIRCLE ( 'NONE', #1658, 9.999999999999994671 ) ;
#1921 = LINE ( 'NONE', #1360, #2761 ) ;
#1922 = DIRECTION ( 'NONE',  ( 1.000000000000000000, 0.000000000000000000, -2.392722035830077493E-16 ) ) ;
#1923 = ORIENTED_EDGE ( 'NONE', *, *, #1878, .T. ) ;
#1924 = UNCERTAINTY_MEASURE_WITH_UNIT (LENGTH_MEASURE( 1.000000000000000082E-05 ), #2139, 'distance_accuracy_value', 'NONE');
#1925 = DIRECTION ( 'NONE',  ( -0.000000000000000000, -1.000000000000000000, -0.000000000000000000 ) ) ;
#1926 = LINE ( 'NONE', #1684, #2581 ) ;
#1927 = DIRECTION ( 'NONE',  ( 0.000000000000000000, -1.000000000000000000, 0.000000000000000000 ) ) ;
#1928 = EDGE_CURVE ( 'NONE', #433, #1368, #1544, .T. ) ;
#1929 = EDGE_CURVE ( 'NONE', #1548, #3485, #2100, .T. ) ;
#1930 = ORIENTED_EDGE ( 'NONE', *, *, #1077, .F. ) ;
#1931 = DIRECTION ( 'NONE',  ( 1.541976423090494647E-16, 0.000000000000000000, -1.000000000000000000 ) ) ;
#1932 = CYLINDRICAL_SURFACE ( 'NONE', #1651, 5.000000000000004441 ) ;
#1933 = CARTESIAN_POINT ( 'NONE',  ( -115.0000000000000000, 3.000000000000000000, -64.99999999999998579 ) ) ;
#1934 = ORIENTED_EDGE ( 'NONE', *, *, #2472, .F. ) ;
#1935 = LINE ( 'NONE', #2242, #424 ) ;
#1936 = AXIS2_PLACEMENT_3D ( 'NONE', #824, #1951, #3311 ) ;
#1937 = DIRECTION ( 'NONE',  ( 1.000000000000000000, 0.000000000000000000, -0.000000000000000000 ) ) ;
#1938 = DIRECTION ( 'NONE',  ( -1.000000000000000000, 0.000000000000000000, 9.570888143320313916E-16 ) ) ;
#1939 = VECTOR ( 'NONE', #171, 1000.000000000000000 ) ;
#1940 = AXIS2_PLACEMENT_3D ( 'NONE', #3242, #2638, #3200 ) ;
#1941 = EDGE_LOOP ( 'NONE', ( #1166, #742, #126, #3097 ) ) ;
#1942 = DIRECTION ( 'NONE',  ( 1.000000000000000000, 0.000000000000000000, -0.000000000000000000 ) ) ;
#1943 = CARTESIAN_POINT ( 'NONE',  ( -45.00000000000000711, -39.99999999999999289, -59.99999999999999289 ) ) ;
#1944 = EDGE_LOOP ( 'NONE', ( #122, #751, #1041, #2499 ) ) ;
#1945 = CARTESIAN_POINT ( 'NONE',  ( 154.9999999999999716, 0.000000000000000000, -201.0000000000000000 ) ) ;
#1946 = CARTESIAN_POINT ( 'NONE',  ( 174.9999999999999432, -43.00000000000000000, -118.0000000000000284 ) ) ;
#1947 = LINE ( 'NONE', #1675, #2806 ) ;
#1948 = DIRECTION ( 'NONE',  ( -0.000000000000000000, -1.000000000000000000, -0.000000000000000000 ) ) ;
#1949 = EDGE_CURVE ( 'NONE', #693, #2372, #2573, .T. ) ;
#1950 = ORIENTED_EDGE ( 'NONE', *, *, #3301, .T. ) ;
#1951 = DIRECTION ( 'NONE',  ( 0.000000000000000000, 1.000000000000000000, 0.000000000000000000 ) ) ;
#1952 = AXIS2_PLACEMENT_3D ( 'NONE', #120, #2054, #3115 ) ;
#1953 = DIRECTION ( 'NONE',  ( -0.000000000000000000, -1.000000000000000000, -0.000000000000000000 ) ) ;
#1954 = VECTOR ( 'NONE', #3276, 1000.000000000000000 ) ;
#1955 = CARTESIAN_POINT ( 'NONE',  ( -45.00000000000000711, -43.00000000000000000, -248.9999999999999432 ) ) ;
#1956 = CARTESIAN_POINT ( 'NONE',  ( 174.9999999999999432, -43.00000000000000000, -190.9999999999999716 ) ) ;
#1957 = ORIENTED_EDGE ( 'NONE', *, *, #366, .T. ) ;
#1958 = CYLINDRICAL_SURFACE ( 'NONE', #260, 10.00000000000000000 ) ;
#1959 = ORIENTED_EDGE ( 'NONE', *, *, #2466, .T. ) ;
#1960 = PLANE ( 'NONE',  #501 ) ;
#1961 = CARTESIAN_POINT ( 'NONE',  ( 174.9999999999999432, -39.99999999999999289, -248.9999999999999716 ) ) ;
#1962 = CIRCLE ( 'NONE', #2541, 89.99999999999997158 ) ;
#1963 = DIRECTION ( 'NONE',  ( 1.000000000000000000, -0.000000000000000000, -0.000000000000000000 ) ) ;
#1964 = VERTEX_POINT ( 'NONE', #3140 ) ;
#1965 = CIRCLE ( 'NONE', #2430, 10.00000000000000000 ) ;
#1966 = ORIENTED_EDGE ( 'NONE', *, *, #3577, .T. ) ;
#1967 = CARTESIAN_POINT ( 'NONE',  ( 59.99999999999990763, 3.000000000000000000, -318.9999999999999432 ) ) ;
#1968 = VERTEX_POINT ( 'NONE', #3500 ) ;
#1969 = CARTESIAN_POINT ( 'NONE',  ( 109.9999999999999858, 3.000000000000000000, 4.807406984078617107 ) ) ;
#1970 = EDGE_CURVE ( 'NONE', #3160, #206, #1087, .T. ) ;
#1971 = ADVANCED_FACE ( 'NONE', ( #229 ), #1857, .F. ) ;
#1972 = VECTOR ( 'NONE', #1419, 1000.000000000000000 ) ;
#1973 = CARTESIAN_POINT ( 'NONE',  ( 174.9999999999999432, 3.000000000000000000, -118.0000000000000284 ) ) ;
#1974 = LINE ( 'NONE', #31, #3271 ) ;
#1975 = EDGE_LOOP ( 'NONE', ( #3483, #1918, #2716, #547 ) ) ;
#1976 = CARTESIAN_POINT ( 'NONE',  ( -115.0000000000000000, -39.99999999999999289, -248.9999999999999432 ) ) ;
#1977 = DIRECTION ( 'NONE',  ( -1.000000000000000000, 0.000000000000000000, 1.387778780781448239E-15 ) ) ;
#1978 = DIRECTION ( 'NONE',  ( -1.000000000000000000, 0.000000000000000000, 1.387778780781443703E-15 ) ) ;
#1979 = DIRECTION ( 'NONE',  ( -3.061616997868373280E-16, 0.000000000000000000, 1.000000000000000000 ) ) ;
#1980 = EDGE_CURVE ( 'NONE', #827, #2381, #187, .T. ) ;
#1981 = CARTESIAN_POINT ( 'NONE',  ( 59.99999999999998579, 3.000000000000000000, 9.999999999999992895 ) ) ;
#1982 = ORIENTED_EDGE ( 'NONE', *, *, #2107, .F. ) ;
#1983 = CARTESIAN_POINT ( 'NONE',  ( 59.99999999999998579, -43.00000000000000000, 9.999999999999992895 ) ) ;
#1984 = ORIENTED_EDGE ( 'NONE', *, *, #1843, .F. ) ;
#1985 = CARTESIAN_POINT ( 'NONE',  ( -45.00000000000000711, 0.000000000000000000, 4.807406984078617107 ) ) ;
#1986 = CARTESIAN_POINT ( 'NONE',  ( 59.99999999999999289, -39.99999999999999289, -10.00000000000000711 ) ) ;
#1987 = DIRECTION ( 'NONE',  ( 3.083952846180982984E-15, 0.000000000000000000, 1.000000000000000000 ) ) ;
#1988 = DIRECTION ( 'NONE',  ( -1.000000000000000000, 0.000000000000000000, 0.000000000000000000 ) ) ;
#1989 = ORIENTED_CLOSED_SHELL ( 'NONE', *, #3073, .F. );
#1990 = ADVANCED_FACE ( 'NONE', ( #3571 ), #2669, .F. ) ;
#1991 = CARTESIAN_POINT ( 'NONE',  ( -115.0000000000000000, -39.99999999999999289, -248.9999999999999432 ) ) ;
#1992 = DIRECTION ( 'NONE',  ( 0.000000000000000000, 0.000000000000000000, -1.000000000000000000 ) ) ;
#1993 = ORIENTED_EDGE ( 'NONE', *, *, #1377, .T. ) ;
#1994 = VECTOR ( 'NONE', #1014, 1000.000000000000000 ) ;
#1995 = CARTESIAN_POINT ( 'NONE',  ( 169.9999999999999432, 3.000000000000000000, -248.9999999999999716 ) ) ;
#1996 = ORIENTED_EDGE ( 'NONE', *, *, #1754, .F. ) ;
#1997 = EDGE_CURVE ( 'NONE', #442, #3279, #2703, .T. ) ;
#1998 = AXIS2_PLACEMENT_3D ( 'NONE', #2000, #3107, #2290 ) ;
#1999 = LINE ( 'NONE', #602, #1972 ) ;
#2000 = CARTESIAN_POINT ( 'NONE',  ( -10.00000000000000000, 3.000000000000000000, -308.8749217771908775 ) ) ;
#2001 = ORIENTED_EDGE ( 'NONE', *, *, #3489, .T. ) ;
#2002 = CARTESIAN_POINT ( 'NONE',  ( -105.0000000000000284, 3.000000000000000000, -108.0000000000000284 ) ) ;
#2003 = ORIENTED_EDGE ( 'NONE', *, *, #23, .F. ) ;
#2004 = DIRECTION ( 'NONE',  ( 0.000000000000000000, 0.000000000000000000, -1.000000000000000000 ) ) ;
#2005 = DIRECTION ( 'NONE',  ( -0.000000000000000000, -0.000000000000000000, -1.000000000000000000 ) ) ;
#2006 = CARTESIAN_POINT ( 'NONE',  ( -95.00000000000002842, 3.000000000000000000, -99.99999999999998579 ) ) ;
#2007 = LINE ( 'NONE', #356, #423 ) ;
#2008 = CIRCLE ( 'NONE', #1024, 89.99999999999991473 ) ;
#2009 = DIRECTION ( 'NONE',  ( 0.000000000000000000, 0.000000000000000000, -1.000000000000000000 ) ) ;
#2010 = CARTESIAN_POINT ( 'NONE',  ( 104.9999999999999574, 3.000000000000000000, -60.00000000000001421 ) ) ;
#2011 = ORIENTED_EDGE ( 'NONE', *, *, #837, .F. ) ;
#2012 = CARTESIAN_POINT ( 'NONE',  ( 59.99999999999992184, -43.00000000000000000, -298.9999999999999432 ) ) ;
#2013 = VECTOR ( 'NONE', #1948, 1000.000000000000000 ) ;
#2014 = EDGE_CURVE ( 'NONE', #2035, #1968, #2734, .T. ) ;
#2015 = EDGE_CURVE ( 'NONE', #1227, #2075, #477, .T. ) ;
#2016 = DIRECTION ( 'NONE',  ( 0.000000000000000000, 0.000000000000000000, -1.000000000000000000 ) ) ;
#2017 = FACE_OUTER_BOUND ( 'NONE', #2972, .T. ) ;
#2018 = ORIENTED_EDGE ( 'NONE', *, *, #2238, .F. ) ;
#2019 = DIRECTION ( 'NONE',  ( 0.000000000000000000, 0.000000000000000000, -1.000000000000000000 ) ) ;
#2020 = ORIENTED_EDGE ( 'NONE', *, *, #1640, .F. ) ;
#2021 = CARTESIAN_POINT ( 'NONE',  ( 104.9999999999999858, 3.000000000000000000, 4.999999999999992006 ) ) ;
#2022 = VECTOR ( 'NONE', #2463, 1000.000000000000000 ) ;
#2023 = CIRCLE ( 'NONE', #1913, 5.000000000000004441 ) ;
#2024 = DIRECTION ( 'NONE',  ( -1.000000000000000000, 0.000000000000000000, -1.387778780781446267E-15 ) ) ;
#2025 = CARTESIAN_POINT ( 'NONE',  ( 6.938893903907228378E-15, -39.99999999999999289, 9.999999999999984013 ) ) ;
#2026 = DIRECTION ( 'NONE',  ( 0.000000000000000000, 0.000000000000000000, 1.000000000000000000 ) ) ;
#2027 = CARTESIAN_POINT ( 'NONE',  ( -9.499999999999998224, 3.000000000000000000, -10.11257040052820955 ) ) ;
#2028 = CARTESIAN_POINT ( 'NONE',  ( 174.9999999999999432, -43.00000000000000000, -248.9999999999999716 ) ) ;
#2029 = ORIENTED_EDGE ( 'NONE', *, *, #2502, .T. ) ;
#2030 = CARTESIAN_POINT ( 'NONE',  ( -44.99999999999999289, 3.000000000000000000, -308.9999999999999432 ) ) ;
#2031 = CARTESIAN_POINT ( 'NONE',  ( 169.8074069840785967, 3.000000000000000000, -60.00000000000002132 ) ) ;
#2032 = EDGE_CURVE ( 'NONE', #2946, #2185, #2987, .T. ) ;
#2033 = ORIENTED_EDGE ( 'NONE', *, *, #2221, .T. ) ;
#2034 = FACE_OUTER_BOUND ( 'NONE', #1806, .T. ) ;
#2035 = VERTEX_POINT ( 'NONE', #1325 ) ;
#2036 = CARTESIAN_POINT ( 'NONE',  ( -115.0000000000000000, 3.000000000000000000, -190.9999999999999432 ) ) ;
#2037 = LINE ( 'NONE', #665, #969 ) ;
#2038 = PLANE ( 'NONE',  #3419 ) ;
#2039 = CARTESIAN_POINT ( 'NONE',  ( 65.00000000000002842, -43.00000000000000000, -99.99999999999994316 ) ) ;
#2040 = EDGE_CURVE ( 'NONE', #199, #788, #2191, .T. ) ;
#2041 = CARTESIAN_POINT ( 'NONE',  ( 164.9999999999999432, 0.000000000000000000, -248.9999999999999716 ) ) ;
#2042 = DIRECTION ( 'NONE',  ( 0.000000000000000000, 0.000000000000000000, -1.000000000000000000 ) ) ;
#2043 = EDGE_LOOP ( 'NONE', ( #620, #2485, #853, #2935 ) ) ;
#2044 = DIRECTION ( 'NONE',  ( 0.000000000000000000, -1.000000000000000000, 0.000000000000000000 ) ) ;
#2045 = DIRECTION ( 'NONE',  ( 0.000000000000000000, -0.000000000000000000, 1.000000000000000000 ) ) ;
#2046 = ORIENTED_EDGE ( 'NONE', *, *, #3124, .F. ) ;
#2047 = VECTOR ( 'NONE', #48, 1000.000000000000000 ) ;
#2048 = ORIENTED_EDGE ( 'NONE', *, *, #3397, .T. ) ;
#2049 = CIRCLE ( 'NONE', #2116, 5.000000000000004441 ) ;
#2050 = CARTESIAN_POINT ( 'NONE',  ( -45.00000000000000000, 3.000000000000000000, -313.9999999999999432 ) ) ;
#2051 = CARTESIAN_POINT ( 'NONE',  ( 104.9999999999999858, -39.99999999999999289, -1.143080808330306593E-14 ) ) ;
#2052 = AXIS2_PLACEMENT_3D ( 'NONE', #1704, #2501, #621 ) ;
#2053 = EDGE_CURVE ( 'NONE', #1392, #1229, #2943, .T. ) ;
#2054 = DIRECTION ( 'NONE',  ( 0.000000000000000000, 0.000000000000000000, -1.000000000000000000 ) ) ;
#2055 = CARTESIAN_POINT ( 'NONE',  ( 104.9999999999999289, 3.000000000000000000, -248.9999999999999716 ) ) ;
#2056 = CARTESIAN_POINT ( 'NONE',  ( 2.449293598294700991E-15, 3.000000000000000000, -318.9999999999999432 ) ) ;
#2057 = VERTEX_POINT ( 'NONE', #746 ) ;
#2058 = FACE_OUTER_BOUND ( 'NONE', #191, .T. ) ;
#2059 = CARTESIAN_POINT ( 'NONE',  ( 65.00000000000005684, -39.99999999999999289, -10.00000000000000355 ) ) ;
#2060 = AXIS2_PLACEMENT_3D ( 'NONE', #1019, #2126, #478 ) ;
#2061 = ORIENTED_EDGE ( 'NONE', *, *, #2795, .T. ) ;
#2062 = LINE ( 'NONE', #3177, #2228 ) ;
#2063 = CIRCLE ( 'NONE', #3406, 89.99999999999997158 ) ;
#2064 = CARTESIAN_POINT ( 'NONE',  ( 105.0000000000000000, -39.99999999999999289, 10.00000000000000000 ) ) ;
#2065 = VECTOR ( 'NONE', #1537, 1000.000000000000000 ) ;
#2066 = ADVANCED_FACE ( 'NONE', ( #2428 ), #3266, .F. ) ;
#2067 = ORIENTED_EDGE ( 'NONE', *, *, #2415, .T. ) ;
#2068 = DIRECTION ( 'NONE',  ( 0.000000000000000000, 0.000000000000000000, -1.000000000000000000 ) ) ;
#2069 = PLANE ( 'NONE',  #3152 ) ;
#2070 = DIRECTION ( 'NONE',  ( -1.000000000000000000, -0.000000000000000000, -0.000000000000000000 ) ) ;
#2071 = VECTOR ( 'NONE', #3333, 1000.000000000000000 ) ;
#2072 = PERSON_AND_ORGANIZATION ( #3459, #2199 ) ;
#2073 = LINE ( 'NONE', #1503, #2804 ) ;
#2074 = ORIENTED_EDGE ( 'NONE', *, *, #2472, .T. ) ;
#2075 = VERTEX_POINT ( 'NONE', #2146 ) ;
#2076 = EDGE_CURVE ( 'NONE', #2275, #3251, #526, .T. ) ;
#2077 = EDGE_CURVE ( 'NONE', #429, #2962, #1582, .T. ) ;
#2078 = DIRECTION ( 'NONE',  ( 0.000000000000000000, 1.000000000000000000, -0.000000000000000000 ) ) ;
#2079 = LINE ( 'NONE', #1201, #1841 ) ;
#2080 = EDGE_LOOP ( 'NONE', ( #2918, #3491, #3375, #976 ) ) ;
#2081 = CYLINDRICAL_SURFACE ( 'NONE', #660, 89.99999999999995737 ) ;
#2082 = EDGE_LOOP ( 'NONE', ( #2215, #1104, #3465, #1056 ) ) ;
#2083 = DIRECTION ( 'NONE',  ( 0.000000000000000000, 0.000000000000000000, -1.000000000000000000 ) ) ;
#2084 = ORIENTED_EDGE ( 'NONE', *, *, #2111, .F. ) ;
#2085 = VECTOR ( 'NONE', #1495, 1000.000000000000000 ) ;
#2086 = VERTEX_POINT ( 'NONE', #794 ) ;
#2087 = ORIENTED_EDGE ( 'NONE', *, *, #2953, .F. ) ;
#2088 = DIRECTION ( 'NONE',  ( -0.000000000000000000, -1.000000000000000000, 0.000000000000000000 ) ) ;
#2089 = CARTESIAN_POINT ( 'NONE',  ( 104.9999999999999289, -39.99999999999999289, -248.9999999999999716 ) ) ;
#2090 = COORDINATED_UNIVERSAL_TIME_OFFSET ( 3, 30, .AHEAD. ) ;
#2091 = ORIENTED_EDGE ( 'NONE', *, *, #664, .T. ) ;
#2092 = CARTESIAN_POINT ( 'NONE',  ( 174.9999999999999432, -39.99999999999999289, -190.9999999999999716 ) ) ;
#2093 = ORIENTED_EDGE ( 'NONE', *, *, #1158, .T. ) ;
#2094 = EDGE_CURVE ( 'NONE', #1472, #224, #1907, .T. ) ;
#2095 = ORIENTED_EDGE ( 'NONE', *, *, #2174, .F. ) ;
#2096 = VERTEX_POINT ( 'NONE', #2459 ) ;
#2097 = DIRECTION ( 'NONE',  ( -1.387778780781445478E-15, 0.000000000000000000, -1.000000000000000000 ) ) ;
#2098 = ORIENTED_EDGE ( 'NONE', *, *, #2519, .T. ) ;
#2099 = ORIENTED_CLOSED_SHELL ( 'NONE', *, #1748, .F. );
#2101 = ADVANCED_FACE ( 'NONE', ( #509 ), #2686, .F. ) ;
#2100 = LINE ( 'NONE', #360, #1125 ) ;
#2102 = ADVANCED_FACE ( 'NONE', ( #1562 ), #2123, .T. ) ;
#2103 = ORIENTED_EDGE ( 'NONE', *, *, #1355, .T. ) ;
#2104 = VERTEX_POINT ( 'NONE', #2534 ) ;
#2105 = CARTESIAN_POINT ( 'NONE',  ( 174.9999999999999432, 3.000000000000000000, -243.9999999999999716 ) ) ;
#2106 = ORIENTED_EDGE ( 'NONE', *, *, #1605, .F. ) ;
#2107 = EDGE_CURVE ( 'NONE', #3298, #1885, #1362, .T. ) ;
#2108 = AXIS2_PLACEMENT_3D ( 'NONE', #90, #2568, #2350 ) ;
#2109 = ORIENTED_EDGE ( 'NONE', *, *, #1878, .F. ) ;
#2110 = AXIS2_PLACEMENT_3D ( 'NONE', #2699, #1322, #2424 ) ;
#2111 = EDGE_CURVE ( 'NONE', #2096, #2035, #1974, .T. ) ;
#2112 = VERTEX_POINT ( 'NONE', #2480 ) ;
#2113 = VERTEX_POINT ( 'NONE', #541 ) ;
#2114 = VECTOR ( 'NONE', #3284, 1000.000000000000000 ) ;
#2115 = DIRECTION ( 'NONE',  ( -0.000000000000000000, -1.000000000000000000, 0.000000000000000000 ) ) ;
#2116 = AXIS2_PLACEMENT_3D ( 'NONE', #1438, #1458, #347 ) ;
#2117 = DIRECTION ( 'NONE',  ( 1.000000000000000000, 0.000000000000000000, -1.387778780781448042E-15 ) ) ;
#2118 = CALENDAR_DATE ( 2026, 31, 7 ) ;
#2119 = CARTESIAN_POINT ( 'NONE',  ( -105.0000000000000142, 3.000000000000000000, -200.9999999999999432 ) ) ;
#2120 = EDGE_LOOP ( 'NONE', ( #2125, #3515, #1984, #3182 ) ) ;
#2121 = ORIENTED_EDGE ( 'NONE', *, *, #1175, .T. ) ;
#2122 = LINE ( 'NONE', #170, #508 ) ;
#2123 = CYLINDRICAL_SURFACE ( 'NONE', #430, 5.000000000000000000 ) ;
#2124 = VECTOR ( 'NONE', #2945, 1000.000000000000000 ) ;
#2125 = ORIENTED_EDGE ( 'NONE', *, *, #287, .T. ) ;
#2126 = DIRECTION ( 'NONE',  ( -0.000000000000000000, -1.000000000000000000, -0.000000000000000000 ) ) ;
#2127 = ORIENTED_EDGE ( 'NONE', *, *, #2926, .F. ) ;
#2128 = ORIENTED_EDGE ( 'NONE', *, *, #2724, .T. ) ;
#2129 = VECTOR ( 'NONE', #104, 1000.000000000000000 ) ;
#2130 = ADVANCED_FACE ( 'NONE', ( #3059 ), #2784, .F. ) ;
#2131 = ORIENTED_EDGE ( 'NONE', *, *, #2835, .F. ) ;
#2132 = ADVANCED_FACE ( 'NONE', ( #2495 ), #1681, .F. ) ;
#2133 = ORIENTED_EDGE ( 'NONE', *, *, #323, .F. ) ;
#2134 = CARTESIAN_POINT ( 'NONE',  ( -49.99999999999998579, 3.000000000000000000, -313.8074069840785683 ) ) ;
#2135 = VECTOR ( 'NONE', #1825, 1000.000000000000000 ) ;
#2136 = ORIENTED_EDGE ( 'NONE', *, *, #159, .F. ) ;
#2137 = DIRECTION ( 'NONE',  ( -0.000000000000000000, -1.000000000000000000, -0.000000000000000000 ) ) ;
#2138 = CARTESIAN_POINT ( 'NONE',  ( 2.449293598294700991E-15, -39.99999999999999289, -318.9999999999999432 ) ) ;
#2139 =( LENGTH_UNIT ( ) NAMED_UNIT ( * ) SI_UNIT ( .MILLI., .METRE. ) );
#2140 = CARTESIAN_POINT ( 'NONE',  ( 169.9999999999999432, 3.000000000000000000, -243.9999999999999716 ) ) ;
#2141 = ORIENTED_EDGE ( 'NONE', *, *, #3148, .F. ) ;
#2142 = ORIENTED_EDGE ( 'NONE', *, *, #1318, .T. ) ;
#2143 = VECTOR ( 'NONE', #851, 1000.000000000000000 ) ;
#2144 = ORIENTED_EDGE ( 'NONE', *, *, #2520, .F. ) ;
#2145 = CARTESIAN_POINT ( 'NONE',  ( 6.938893903907228378E-15, 0.000000000000000000, 9.999999999999984013 ) ) ;
#2146 = CARTESIAN_POINT ( 'NONE',  ( 104.9999999999999005, 3.000000000000000000, -313.9999999999999432 ) ) ;
#2147 = ORIENTED_EDGE ( 'NONE', *, *, #3416, .F. ) ;
#2148 = PLANE ( 'NONE',  #2181 ) ;
#2149 = DIRECTION ( 'NONE',  ( -1.000000000000000000, 0.000000000000000000, -1.387778780781444492E-15 ) ) ;
#2150 = CIRCLE ( 'NONE', #2842, 89.99999999999994316 ) ;
#2151 = DIRECTION ( 'NONE',  ( 1.000000000000000000, 0.000000000000000000, 0.000000000000000000 ) ) ;
#2152 = VERTEX_POINT ( 'NONE', #3095 ) ;
#2153 = ADVANCED_FACE ( 'NONE', ( #2266 ), #3372, .F. ) ;
#2154 = PLANE ( 'NONE',  #1477 ) ;
#2155 = EDGE_CURVE ( 'NONE', #1211, #2185, #2803, .T. ) ;
#2156 = DIRECTION ( 'NONE',  ( 0.000000000000000000, 0.000000000000000000, -1.000000000000000000 ) ) ;
#2157 = LINE ( 'NONE', #2731, #1695 ) ;
#2158 = ORIENTED_EDGE ( 'NONE', *, *, #3111, .F. ) ;
#2159 = CARTESIAN_POINT ( 'NONE',  ( 65.00000000000002842, -39.99999999999999289, -99.99999999999994316 ) ) ;
#2160 = DIRECTION ( 'NONE',  ( 0.000000000000000000, -1.000000000000000000, 0.000000000000000000 ) ) ;
#2161 = CARTESIAN_POINT ( 'NONE',  ( 59.99999999999990763, -43.00000000000000000, -318.9999999999999432 ) ) ;
#2162 = CARTESIAN_POINT ( 'NONE',  ( -104.8222218314571705, 3.000000000000000000, -55.38461538461537970 ) ) ;
#2163 = ORIENTED_EDGE ( 'NONE', *, *, #2785, .F. ) ;
#2164 = ORIENTED_EDGE ( 'NONE', *, *, #1077, .T. ) ;
#2165 = CARTESIAN_POINT ( 'NONE',  ( -110.0000000000000000, 3.000000000000000000, -243.9999999999999432 ) ) ;
#2166 = AXIS2_PLACEMENT_3D ( 'NONE', #538, #312, #1101 ) ;
#2167 = AXIS2_PLACEMENT_3D ( 'NONE', #1161, #1988, #1646 ) ;
#2168 = AXIS2_PLACEMENT_3D ( 'NONE', #1482, #2599, #2345 ) ;
#2169 = DIRECTION ( 'NONE',  ( 0.000000000000000000, 1.000000000000000000, -0.000000000000000000 ) ) ;
#2170 = VERTEX_POINT ( 'NONE', #617 ) ;
#2171 = CARTESIAN_POINT ( 'NONE',  ( -115.0000000000000000, -43.00000000000000000, -190.9999999999999432 ) ) ;
#2172 = EDGE_LOOP ( 'NONE', ( #3061, #3576, #3277, #427, #2714, #2386, #3072, #2271, #2198, #1441 ) ) ;
#2173 = AXIS2_PLACEMENT_3D ( 'NONE', #2997, #2450, #3561 ) ;
#2174 = EDGE_CURVE ( 'NONE', #3279, #887, #2452, .T. ) ;
#2175 = ORIENTED_EDGE ( 'NONE', *, *, #73, .T. ) ;
#2176 = CARTESIAN_POINT ( 'NONE',  ( -105.0000000000000142, -43.00000000000000000, -59.99999999999999289 ) ) ;
#2177 = DIRECTION ( 'NONE',  ( 1.000000000000000000, -0.000000000000000000, 3.469446951953613696E-16 ) ) ;
#2178 = FACE_OUTER_BOUND ( 'NONE', #1247, .T. ) ;
#2179 = FACE_OUTER_BOUND ( 'NONE', #1541, .T. ) ;
#2180 = EDGE_LOOP ( 'NONE', ( #2781, #146, #2772, #284 ) ) ;
#2181 = AXIS2_PLACEMENT_3D ( 'NONE', #460, #216, #1327 ) ;
#2182 = LINE ( 'NONE', #820, #129 ) ;
#2183 = VECTOR ( 'NONE', #3252, 1000.000000000000000 ) ;
#2184 = LINE ( 'NONE', #2222, #2013 ) ;
#2185 = VERTEX_POINT ( 'NONE', #315 ) ;
#2186 = CARTESIAN_POINT ( 'NONE',  ( 99.99999999999997158, 0.000000000000000000, 10.00000000000000000 ) ) ;
#2187 = CIRCLE ( 'NONE', #2587, 89.99999999999997158 ) ;
#2188 = ORIENTED_EDGE ( 'NONE', *, *, #1910, .F. ) ;
#2189 = ORIENTED_EDGE ( 'NONE', *, *, #1197, .F. ) ;
#2190 = DIRECTION ( 'NONE',  ( -1.000000000000000000, 0.000000000000000000, -1.387778780781444492E-15 ) ) ;
#2191 = LINE ( 'NONE', #2718, #304 ) ;
#2192 = ADVANCED_FACE ( 'NONE', ( #3313 ), #295, .T. ) ;
#2193 = EDGE_CURVE ( 'NONE', #2890, #942, #3079, .T. ) ;
#2194 = ORIENTED_EDGE ( 'NONE', *, *, #2531, .F. ) ;
#2195 = CARTESIAN_POINT ( 'NONE',  ( 175.0000000000000000, 3.000000000000000000, -60.00000000000002132 ) ) ;
#2196 = ORIENTED_EDGE ( 'NONE', *, *, #3014, .T. ) ;
#2197 = DIRECTION ( 'NONE',  ( -0.000000000000000000, -1.000000000000000000, -0.000000000000000000 ) ) ;
#2198 = ORIENTED_EDGE ( 'NONE', *, *, #373, .F. ) ;
#2199 = ORGANIZATION ( 'UNSPECIFIED', 'UNSPECIFIED', '' ) ;
#2200 = CARTESIAN_POINT ( 'NONE',  ( -45.00000000000000711, 0.000000000000000000, 6.938893903907228378E-15 ) ) ;
#2201 = EDGE_LOOP ( 'NONE', ( #511, #2229, #2269, #1383, #2867, #506, #2277, #3544, #438, #3364, #1578, #3051, #3026, #1862, #1412 ) ) ;
#2202 = APPROVAL_STATUS ( 'not_yet_approved' ) ;
#2203 = CARTESIAN_POINT ( 'NONE',  ( -45.00000000000000000, -39.99999999999999289, -318.9999999999999432 ) ) ;
#2204 = ADVANCED_FACE ( 'NONE', ( #1448 ), #3039, .F. ) ;
#2205 = CARTESIAN_POINT ( 'NONE',  ( 59.99999999999999289, -39.99999999999999289, -10.00000000000000711 ) ) ;
#2206 = ORIENTED_EDGE ( 'NONE', *, *, #1660, .F. ) ;
#2207 = LINE ( 'NONE', #3036, #2745 ) ;
#2208 = DIRECTION ( 'NONE',  ( -1.387778780781444492E-15, 0.000000000000000000, 1.000000000000000000 ) ) ;
#2209 = ADVANCED_FACE ( 'NONE', ( #3331 ), #1179, .F. ) ;
#2210 = DIRECTION ( 'NONE',  ( 0.000000000000000000, 1.000000000000000000, 0.000000000000000000 ) ) ;
#2211 = ORIENTED_EDGE ( 'NONE', *, *, #2257, .T. ) ;
#2212 = LINE ( 'NONE', #3315, #3591 ) ;
#2213 = ADVANCED_FACE ( 'NONE', ( #3023 ), #2246, .F. ) ;
#2214 = DIRECTION ( 'NONE',  ( 1.541976423090494647E-16, 0.000000000000000000, -1.000000000000000000 ) ) ;
#2215 = ORIENTED_EDGE ( 'NONE', *, *, #2989, .F. ) ;
#2216 = LINE ( 'NONE', #3337, #372 ) ;
#2217 = EDGE_CURVE ( 'NONE', #2446, #811, #3588, .T. ) ;
#2218 = CARTESIAN_POINT ( 'NONE',  ( 164.9999999999999716, 3.000000000000000000, -190.9999999999999716 ) ) ;
#2219 = APPROVAL_DATE_TIME ( #2762, #2682 ) ;
#2220 = DIRECTION ( 'NONE',  ( 1.387778780781444492E-15, 0.000000000000000000, -1.000000000000000000 ) ) ;
#2221 = EDGE_CURVE ( 'NONE', #177, #1529, #1396, .T. ) ;
#2222 = CARTESIAN_POINT ( 'NONE',  ( 174.9999999999999432, 3.000000000000000000, -118.0000000000000284 ) ) ;
#2223 = ORIENTED_EDGE ( 'NONE', *, *, #2592, .T. ) ;
#2224 = CARTESIAN_POINT ( 'NONE',  ( -95.00000000000002842, -43.00000000000000000, -209.0000000000000284 ) ) ;
#2225 = AXIS2_PLACEMENT_3D ( 'NONE', #1715, #3348, #865 ) ;
#2226 = LINE ( 'NONE', #2244, #627 ) ;
#2227 = DIRECTION ( 'NONE',  ( 0.000000000000000000, -1.000000000000000000, 0.000000000000000000 ) ) ;
#2228 = VECTOR ( 'NONE', #1510, 1000.000000000000000 ) ;
#2229 = ORIENTED_EDGE ( 'NONE', *, *, #1910, .T. ) ;
#2230 = CYLINDRICAL_SURFACE ( 'NONE', #1039, 89.99999999999995737 ) ;
#2231 = ORIENTED_EDGE ( 'NONE', *, *, #1868, .T. ) ;
#2232 = DIRECTION ( 'NONE',  ( -1.000000000000000000, 0.000000000000000000, 0.000000000000000000 ) ) ;
#2233 = VERTEX_POINT ( 'NONE', #3350 ) ;
#2234 = PLANE ( 'NONE',  #2460 ) ;
#2235 = CARTESIAN_POINT ( 'NONE',  ( 69.49999999999998579, 3.000000000000000000, -10.11257040052816691 ) ) ;
#2236 = CARTESIAN_POINT ( 'NONE',  ( 155.0000000000000284, 0.000000000000000000, -99.99999999999994316 ) ) ;
#2237 = EDGE_CURVE ( 'NONE', #961, #1152, #867, .T. ) ;
#2238 = EDGE_CURVE ( 'NONE', #984, #2684, #72, .T. ) ;
#2239 = EDGE_LOOP ( 'NONE', ( #1032, #1532, #1176, #2929 ) ) ;
#2240 = LINE ( 'NONE', #310, #1726 ) ;
#2241 = ORIENTED_EDGE ( 'NONE', *, *, #576, .T. ) ;
#2242 = CARTESIAN_POINT ( 'NONE',  ( 154.9999999999999432, -39.99999999999999289, -191.0000000000000000 ) ) ;
#2243 = VECTOR ( 'NONE', #1524, 1000.000000000000000 ) ;
#2244 = CARTESIAN_POINT ( 'NONE',  ( 99.99999999999990052, 3.000000000000000000, -318.9999999999999432 ) ) ;
#2245 = CIRCLE ( 'NONE', #1784, 10.00000000000000888 ) ;
#2246 = PLANE ( 'NONE',  #3156 ) ;
#2247 = CARTESIAN_POINT ( 'NONE',  ( -5.000000000000015099, -39.99999999999999289, -10.00000000000002309 ) ) ;
#2248 = EDGE_CURVE ( 'NONE', #2075, #1045, #953, .T. ) ;
#2249 = LINE ( 'NONE', #2268, #964 ) ;
#2250 = ORIENTED_EDGE ( 'NONE', *, *, #2477, .F. ) ;
#2251 = FACE_OUTER_BOUND ( 'NONE', #1834, .T. ) ;
#2252 = CARTESIAN_POINT ( 'NONE',  ( -3.673940397442051289E-15, -39.99999999999999289, -298.9999999999999432 ) ) ;
#2253 = CALENDAR_DATE ( 2026, 31, 7 ) ;
#2254 = CARTESIAN_POINT ( 'NONE',  ( 104.9999999999999574, -39.99999999999999289, -60.00000000000001421 ) ) ;
#2255 = VECTOR ( 'NONE', #2329, 1000.000000000000000 ) ;
#2256 = ORIENTED_EDGE ( 'NONE', *, *, #74, .F. ) ;
#2257 = EDGE_CURVE ( 'NONE', #736, #1234, #2642, .T. ) ;
#2258 = EDGE_CURVE ( 'NONE', #3016, #2636, #902, .T. ) ;
#2259 = CARTESIAN_POINT ( 'NONE',  ( 175.0000000000000000, 3.000000000000000000, -60.00000000000002132 ) ) ;
#2260 = ORIENTED_EDGE ( 'NONE', *, *, #2410, .T. ) ;
#2261 = FACE_OUTER_BOUND ( 'NONE', #691, .T. ) ;
#2262 = EDGE_CURVE ( 'NONE', #3551, #2389, #2073, .T. ) ;
#2263 = AXIS2_PLACEMENT_3D ( 'NONE', #3455, #1799, #1750 ) ;
#2264 = CARTESIAN_POINT ( 'NONE',  ( -115.0000000000000000, 0.000000000000000000, -190.9999999999999432 ) ) ;
#2265 = DIRECTION ( 'NONE',  ( 0.000000000000000000, 1.000000000000000000, 0.000000000000000000 ) ) ;
#2266 = FACE_OUTER_BOUND ( 'NONE', #2461, .T. ) ;
#2267 = FACE_OUTER_BOUND ( 'NONE', #1944, .T. ) ;
#2268 = CARTESIAN_POINT ( 'NONE',  ( 174.9999999999999432, 0.000000000000000000, -118.0000000000000284 ) ) ;
#2269 = ORIENTED_EDGE ( 'NONE', *, *, #2094, .T. ) ;
#2270 = CARTESIAN_POINT ( 'NONE',  ( 0.000000000000000000, -39.99999999999999289, -10.00000000000001599 ) ) ;
#2271 = ORIENTED_EDGE ( 'NONE', *, *, #1440, .F. ) ;
#2272 = VERTEX_POINT ( 'NONE', #699 ) ;
#2273 = CARTESIAN_POINT ( 'NONE',  ( -95.00000000000002842, 3.000000000000000000, -118.0000000000000284 ) ) ;
#2274 = CARTESIAN_POINT ( 'NONE',  ( 175.0000000000000000, -39.99999999999999289, -60.00000000000002132 ) ) ;
#2275 = VERTEX_POINT ( 'NONE', #3136 ) ;
#2276 = CARTESIAN_POINT ( 'NONE',  ( -50.00000000000000000, 3.000000000000000000, 4.807406984078617107 ) ) ;
#2277 = ORIENTED_EDGE ( 'NONE', *, *, #1970, .T. ) ;
#2278 = CARTESIAN_POINT ( 'NONE',  ( 69.99999999999998579, 0.000000000000000000, -0.1250782228090913106 ) ) ;
#2279 = ORIENTED_EDGE ( 'NONE', *, *, #2951, .T. ) ;
#2280 = PLANE ( 'NONE',  #2993 ) ;
#2281 = CARTESIAN_POINT ( 'NONE',  ( -5.000000000000071054, -39.99999999999999289, -209.0000000000000284 ) ) ;
#2282 = DIRECTION ( 'NONE',  ( 0.000000000000000000, 0.000000000000000000, -1.000000000000000000 ) ) ;
#2283 = EDGE_CURVE ( 'NONE', #320, #1693, #1888, .T. ) ;
#2284 = EDGE_CURVE ( 'NONE', #2849, #3496, #1233, .T. ) ;
#2285 = DIRECTION ( 'NONE',  ( -3.083952846180982984E-15, 0.000000000000000000, -1.000000000000000000 ) ) ;
#2286 = FACE_OUTER_BOUND ( 'NONE', #1148, .T. ) ;
#2287 = ORIENTED_EDGE ( 'NONE', *, *, #3261, .F. ) ;
#2288 = DIRECTION ( 'NONE',  ( 0.000000000000000000, 0.000000000000000000, 1.000000000000000000 ) ) ;
#2289 = DIRECTION ( 'NONE',  ( -0.000000000000000000, 1.000000000000000000, -0.000000000000000000 ) ) ;
#2290 = DIRECTION ( 'NONE',  ( 0.000000000000000000, 0.000000000000000000, -1.000000000000000000 ) ) ;
#2291 = ORIENTED_EDGE ( 'NONE', *, *, #671, .T. ) ;
#2292 = CARTESIAN_POINT ( 'NONE',  ( -5.000000000000060396, -39.99999999999999289, -298.9999999999999432 ) ) ;
#2293 = LINE ( 'NONE', #633, #2047 ) ;
#2294 = AXIS2_PLACEMENT_3D ( 'NONE', #1943, #582, #619 ) ;
#2295 = CARTESIAN_POINT ( 'NONE',  ( -115.0000000000000142, -43.00000000000000000, -118.0000000000000284 ) ) ;
#2296 = LINE ( 'NONE', #1502, #2255 ) ;
#2297 = CARTESIAN_POINT ( 'NONE',  ( 104.9999999999999005, 3.000000000000000000, -308.9999999999999432 ) ) ;
#2298 = CIRCLE ( 'NONE', #850, 4.999999999999997335 ) ;
#2299 = LINE ( 'NONE', #1236, #1858 ) ;
#2300 = CARTESIAN_POINT ( 'NONE',  ( -115.0000000000000142, -39.99999999999999289, -118.0000000000000284 ) ) ;
#2301 = VERTEX_POINT ( 'NONE', #667 ) ;
#2302 = EDGE_CURVE ( 'NONE', #1964, #151, #2007, .T. ) ;
#2304 = ADVANCED_FACE ( 'NONE', ( #957 ), #1253, .F. ) ;
#2303 = CARTESIAN_POINT ( 'NONE',  ( 6.938893903907228378E-15, 3.000000000000000000, 9.999999999999984013 ) ) ;
#2305 = AXIS2_PLACEMENT_3D ( 'NONE', #2089, #1267, #182 ) ;
#2306 = DIRECTION ( 'NONE',  ( 0.000000000000000000, -1.000000000000000000, 0.000000000000000000 ) ) ;
#2307 = ORIENTED_EDGE ( 'NONE', *, *, #3527, .T. ) ;
#2308 = LINE ( 'NONE', #2875, #1867 ) ;
#2309 = EDGE_CURVE ( 'NONE', #2441, #3016, #2880, .T. ) ;
#2310 = ORIENTED_EDGE ( 'NONE', *, *, #2658, .F. ) ;
#2311 = FACE_OUTER_BOUND ( 'NONE', #1808, .T. ) ;
#2312 = VECTOR ( 'NONE', #650, 1000.000000000000000 ) ;
#2313 = CARTESIAN_POINT ( 'NONE',  ( 59.99999999999998579, 3.000000000000000000, 9.999999999999992895 ) ) ;
#2314 = DIRECTION ( 'NONE',  ( -0.000000000000000000, -1.000000000000000000, -0.000000000000000000 ) ) ;
#2315 = CARTESIAN_POINT ( 'NONE',  ( -95.00000000000000000, -39.99999999999999289, -190.9999999999999716 ) ) ;
#2316 = VECTOR ( 'NONE', #3216, 1000.000000000000000 ) ;
#2317 = LINE ( 'NONE', #2605, #2956 ) ;
#2318 = DIRECTION ( 'NONE',  ( 6.938893903907222461E-16, -0.000000000000000000, 1.000000000000000000 ) ) ;
#2319 = ORIENTED_EDGE ( 'NONE', *, *, #3501, .T. ) ;
#2320 = FACE_OUTER_BOUND ( 'NONE', #2908, .T. ) ;
#2321 = LINE ( 'NONE', #2651, #2435 ) ;
#2322 = EDGE_LOOP ( 'NONE', ( #1274, #700, #2360, #1504 ) ) ;
#2323 = ADVANCED_FACE ( 'NONE', ( #1521 ), #3117, .F. ) ;
#2324 = ORIENTED_EDGE ( 'NONE', *, *, #2221, .F. ) ;
#2325 = LINE ( 'NONE', #1983, #2822 ) ;
#2326 = ORIENTED_EDGE ( 'NONE', *, *, #2466, .F. ) ;
#2327 = CARTESIAN_POINT ( 'NONE',  ( 104.9999999999999858, 3.000000000000000000, 4.999999999999992006 ) ) ;
#2328 = PLANE ( 'NONE',  #1664 ) ;
#2329 = DIRECTION ( 'NONE',  ( 1.000000000000000000, -0.000000000000000000, -0.000000000000000000 ) ) ;
#2330 = CARTESIAN_POINT ( 'NONE',  ( 0.000000000000000000, -39.99999999999999289, -10.00000000000001599 ) ) ;
#2331 = EDGE_LOOP ( 'NONE', ( #2544, #3494, #1755, #905 ) ) ;
#2332 = AXIS2_PLACEMENT_3D ( 'NONE', #505, #3478, #720 ) ;
#2333 = DIRECTION ( 'NONE',  ( 0.000000000000000000, 1.000000000000000000, 0.000000000000000000 ) ) ;
#2334 = CARTESIAN_POINT ( 'NONE',  ( 154.9999999999999432, 3.000000000000000000, -191.0000000000000000 ) ) ;
#2335 = VERTEX_POINT ( 'NONE', #2619 ) ;
#2336 = CARTESIAN_POINT ( 'NONE',  ( -3.673940397442051289E-15, 3.000000000000000000, -298.9999999999999432 ) ) ;
#2337 = VERTEX_POINT ( 'NONE', #636 ) ;
#2338 = AXIS2_PLACEMENT_3D ( 'NONE', #2977, #3296, #458 ) ;
#2339 = VECTOR ( 'NONE', #3424, 1000.000000000000000 ) ;
#2340 = LINE ( 'NONE', #2851, #2469 ) ;
#2341 = AXIS2_PLACEMENT_3D ( 'NONE', #1807, #1196, #2913 ) ;
#2342 = ORIENTED_EDGE ( 'NONE', *, *, #173, .T. ) ;
#2343 = PLANE ( 'NONE',  #200 ) ;
#2344 = EDGE_CURVE ( 'NONE', #1282, #2075, #1743, .T. ) ;
#2345 = DIRECTION ( 'NONE',  ( 1.000000000000000000, 0.000000000000000000, -0.000000000000000000 ) ) ;
#2346 = ADVANCED_FACE ( 'NONE', ( #392 ), #121, .T. ) ;
#2347 = CARTESIAN_POINT ( 'NONE',  ( 59.99999999999992184, -39.99999999999999289, -298.9999999999999432 ) ) ;
#2348 = COORDINATED_UNIVERSAL_TIME_OFFSET ( 3, 30, .AHEAD. ) ;
#2349 = EDGE_LOOP ( 'NONE', ( #3255, #3044, #2673, #491 ) ) ;
#2350 = DIRECTION ( 'NONE',  ( 0.000000000000000000, 0.000000000000000000, -1.000000000000000000 ) ) ;
#2351 = ORIENTED_EDGE ( 'NONE', *, *, #3346, .T. ) ;
#2352 = PLANE ( 'NONE',  #98 ) ;
#2353 = CARTESIAN_POINT ( 'NONE',  ( -109.8074069840786251, 0.000000000000000000, -253.9999999999999432 ) ) ;
#2354 = CIRCLE ( 'NONE', #909, 5.000000000000004441 ) ;
#2355 = ORIENTED_EDGE ( 'NONE', *, *, #2659, .T. ) ;
#2356 = PLANE ( 'NONE',  #3504 ) ;
#2357 = VECTOR ( 'NONE', #395, 1000.000000000000000 ) ;
#2358 = CARTESIAN_POINT ( 'NONE',  ( -44.99999999999999289, 3.000000000000000000, -313.8074069840785683 ) ) ;
#2359 = AXIS2_PLACEMENT_3D ( 'NONE', #2205, #659, #3164 ) ;
#2360 = ORIENTED_EDGE ( 'NONE', *, *, #3507, .F. ) ;
#2361 = ORIENTED_EDGE ( 'NONE', *, *, #3445, .T. ) ;
#2362 = DIRECTION ( 'NONE',  ( 0.000000000000000000, 0.000000000000000000, -1.000000000000000000 ) ) ;
#2363 = EDGE_CURVE ( 'NONE', #2962, #2372, #106, .T. ) ;
#2364 = EDGE_CURVE ( 'NONE', #1612, #1326, #921, .T. ) ;
#2365 = EDGE_CURVE ( 'NONE', #3535, #942, #376, .T. ) ;
#2366 = LINE ( 'NONE', #3476, #268 ) ;
#2367 = APPROVAL_DATE_TIME ( #698, #929 ) ;
#2368 = CARTESIAN_POINT ( 'NONE',  ( 104.9999999999999858, 3.000000000000000000, 4.807406984078624212 ) ) ;
#2369 = ORIENTED_EDGE ( 'NONE', *, *, #2302, .T. ) ;
#2370 = VECTOR ( 'NONE', #1523, 1000.000000000000000 ) ;
#2371 = EDGE_CURVE ( 'NONE', #1564, #3121, #2565, .T. ) ;
#2372 = VERTEX_POINT ( 'NONE', #2662 ) ;
#2373 = DIRECTION ( 'NONE',  ( 0.000000000000000000, 0.000000000000000000, -1.000000000000000000 ) ) ;
#2374 = VERTEX_POINT ( 'NONE', #487 ) ;
#2375 = DIRECTION ( 'NONE',  ( 1.000000000000000000, 0.000000000000000000, 0.000000000000000000 ) ) ;
#2376 = EDGE_CURVE ( 'NONE', #3316, #675, #3556, .T. ) ;
#2377 = CARTESIAN_POINT ( 'NONE',  ( 59.99999999999999289, -43.00000000000000000, -10.00000000000000711 ) ) ;
#2378 = ORIENTED_EDGE ( 'NONE', *, *, #1387, .F. ) ;
#2379 = CLOSED_SHELL ( 'NONE', ( #813, #202, #1398, #533, #2741, #3032, #2451, #2213, #1198, #947, #3569, #1558 ) ) ;
#2380 = ORIENTED_EDGE ( 'NONE', *, *, #4, .T. ) ;
#2381 = VERTEX_POINT ( 'NONE', #1339 ) ;
#2382 = ORIENTED_EDGE ( 'NONE', *, *, #1331, .T. ) ;
#2383 = FACE_OUTER_BOUND ( 'NONE', #1020, .T. ) ;
#2384 = LINE ( 'NONE', #3202, #2710 ) ;
#2385 = DIRECTION ( 'NONE',  ( 1.000000000000000000, 0.000000000000000000, 0.000000000000000000 ) ) ;
#2386 = ORIENTED_EDGE ( 'NONE', *, *, #3445, .F. ) ;
#2387 = LINE ( 'NONE', #2092, #2399 ) ;
#2388 = ORIENTED_EDGE ( 'NONE', *, *, #734, .T. ) ;
#2389 = VERTEX_POINT ( 'NONE', #3495 ) ;
#2390 = CARTESIAN_POINT ( 'NONE',  ( 154.9999999999999716, -43.00000000000000000, -118.0000000000000000 ) ) ;
#2391 = CARTESIAN_POINT ( 'NONE',  ( 164.9999999999999432, -39.99999999999999289, -248.9999999999999716 ) ) ;
#2392 = EDGE_CURVE ( 'NONE', #2854, #3251, #1289, .T. ) ;
#2393 = EDGE_CURVE ( 'NONE', #3529, #3208, #239, .T. ) ;
#2394 = ORIENTED_EDGE ( 'NONE', *, *, #2786, .T. ) ;
#2395 = CARTESIAN_POINT ( 'NONE',  ( -109.8074069840786251, 0.000000000000000000, -59.99999999999999289 ) ) ;
#2396 = VERTEX_POINT ( 'NONE', #2442 ) ;
#2397 = CIRCLE ( 'NONE', #2332, 10.00000000000000888 ) ;
#2398 = ORIENTED_EDGE ( 'NONE', *, *, #2609, .F. ) ;
#2399 = VECTOR ( 'NONE', #2934, 1000.000000000000000 ) ;
#2400 = CARTESIAN_POINT ( 'NONE',  ( 65.00000000000000000, 3.000000000000000000, -209.0000000000000284 ) ) ;
#2401 = VECTOR ( 'NONE', #2888, 1000.000000000000000 ) ;
#2402 = FACE_OUTER_BOUND ( 'NONE', #181, .T. ) ;
#2403 = CIRCLE ( 'NONE', #833, 5.000000000000004441 ) ;
#2404 = CARTESIAN_POINT ( 'NONE',  ( 174.9999999999999432, -39.99999999999999289, -118.0000000000000284 ) ) ;
#2405 = CYLINDRICAL_SURFACE ( 'NONE', #3447, 5.000000000000004441 ) ;
#2406 = ORIENTED_EDGE ( 'NONE', *, *, #469, .T. ) ;
#2407 = ORIENTED_EDGE ( 'NONE', *, *, #299, .T. ) ;
#2408 = ORIENTED_EDGE ( 'NONE', *, *, #2898, .F. ) ;
#2409 = DIRECTION ( 'NONE',  ( 0.000000000000000000, 1.000000000000000000, 0.000000000000000000 ) ) ;
#2410 = EDGE_CURVE ( 'NONE', #2113, #827, #2397, .T. ) ;
#2411 = CARTESIAN_POINT ( 'NONE',  ( 59.99999999999999289, 3.000000000000000000, -10.00000000000000711 ) ) ;
#2412 = AXIS2_PLACEMENT_3D ( 'NONE', #1475, #399, #1241 ) ;
#2413 = EDGE_LOOP ( 'NONE', ( #2188, #2907, #1547, #2825 ) ) ;
#2414 = ADVANCED_FACE ( 'NONE', ( #3516 ), #225, .T. ) ;
#2415 = EDGE_CURVE ( 'NONE', #1655, #807, #2157, .T. ) ;
#2416 = LINE ( 'NONE', #1602, #2124 ) ;
#2417 = LINE ( 'NONE', #2433, #614 ) ;
#2418 = AXIS2_PLACEMENT_3D ( 'NONE', #3175, #2571, #941 ) ;
#2419 = LINE ( 'NONE', #2966, #42 ) ;
#2420 = AXIS2_PLACEMENT_3D ( 'NONE', #3134, #649, #3149 ) ;
#2421 = DIRECTION ( 'NONE',  ( 3.469446951953613696E-16, 0.000000000000000000, 1.000000000000000000 ) ) ;
#2422 = PLANE ( 'NONE',  #2653 ) ;
#2423 = PLANE ( 'NONE',  #467 ) ;
#2424 = DIRECTION ( 'NONE',  ( -1.000000000000000000, 0.000000000000000000, -0.000000000000000000 ) ) ;
#2425 = VECTOR ( 'NONE', #2773, 1000.000000000000000 ) ;
#2426 = ORIENTED_EDGE ( 'NONE', *, *, #445, .F. ) ;
#2427 = DIRECTION ( 'NONE',  ( -1.000000000000000000, 0.000000000000000000, 1.387778780781445478E-15 ) ) ;
#2428 = FACE_OUTER_BOUND ( 'NONE', #2201, .T. ) ;
#2429 = PRODUCT_DEFINITION_FORMATION_WITH_SPECIFIED_SOURCE ( 'ANY', '', #896, .NOT_KNOWN. ) ;
#2430 = AXIS2_PLACEMENT_3D ( 'NONE', #2601, #105, #3371 ) ;
#2431 = ORIENTED_EDGE ( 'NONE', *, *, #3461, .T. ) ;
#2432 = DIRECTION ( 'NONE',  ( -0.000000000000000000, -1.000000000000000000, -0.000000000000000000 ) ) ;
#2433 = CARTESIAN_POINT ( 'NONE',  ( 59.99999999999990763, 0.000000000000000000, -318.9999999999999432 ) ) ;
#2434 = AXIS2_PLACEMENT_3D ( 'NONE', #2281, #635, #3388 ) ;
#2435 = VECTOR ( 'NONE', #3141, 1000.000000000000000 ) ;
#2436 = CARTESIAN_POINT ( 'NONE',  ( 164.9999999999999716, 3.000000000000000000, -118.0000000000000142 ) ) ;
#2437 = ORIENTED_EDGE ( 'NONE', *, *, #576, .F. ) ;
#2438 = DIRECTION ( 'NONE',  ( 0.000000000000000000, -1.000000000000000000, 0.000000000000000000 ) ) ;
#2439 = EDGE_CURVE ( 'NONE', #243, #2170, #1828, .T. ) ;
#2440 = CARTESIAN_POINT ( 'NONE',  ( 59.99999999999998579, 3.000000000000000000, 9.999999999999992895 ) ) ;
#2441 = VERTEX_POINT ( 'NONE', #2171 ) ;
#2442 = CARTESIAN_POINT ( 'NONE',  ( -95.00000000000002842, 0.000000000000000000, -108.0000000000000284 ) ) ;
#2443 = EDGE_LOOP ( 'NONE', ( #1719, #3007, #2196, #421 ) ) ;
#2444 = CARTESIAN_POINT ( 'NONE',  ( 164.9999999999999716, 0.000000000000000000, -190.9999999999999716 ) ) ;
#2445 = CARTESIAN_POINT ( 'NONE',  ( -44.99999999999999289, -43.00000000000000000, -308.9999999999999432 ) ) ;
#2446 = VERTEX_POINT ( 'NONE', #1062 ) ;
#2447 = CARTESIAN_POINT ( 'NONE',  ( 154.9999999999999432, -39.99999999999999289, -191.0000000000000000 ) ) ;
#2448 = LINE ( 'NONE', #2200, #1629 ) ;
#2449 = ORIENTED_EDGE ( 'NONE', *, *, #1439, .T. ) ;
#2450 = DIRECTION ( 'NONE',  ( 0.000000000000000000, 1.000000000000000000, 0.000000000000000000 ) ) ;
#2451 = ADVANCED_FACE ( 'NONE', ( #3534 ), #1046, .F. ) ;
#2452 = CIRCLE ( 'NONE', #893, 60.00000000000000000 ) ;
#2453 = ADVANCED_FACE ( 'NONE', ( #772 ), #3278, .T. ) ;
#2454 = DIRECTION ( 'NONE',  ( 0.000000000000000000, 0.000000000000000000, 1.000000000000000000 ) ) ;
#2455 = VERTEX_POINT ( 'NONE', #3550 ) ;
#2456 = DIRECTION ( 'NONE',  ( 0.000000000000000000, 0.000000000000000000, 1.000000000000000000 ) ) ;
#2457 = EDGE_LOOP ( 'NONE', ( #1993, #3557, #2613, #3264 ) ) ;
#2458 = DIRECTION ( 'NONE',  ( 0.000000000000000000, 0.000000000000000000, 1.000000000000000000 ) ) ;
#2459 = CARTESIAN_POINT ( 'NONE',  ( 0.000000000000000000, -39.99999999999999289, -10.00000000000001599 ) ) ;
#2460 = AXIS2_PLACEMENT_3D ( 'NONE', #2791, #3596, #873 ) ;
#2461 = EDGE_LOOP ( 'NONE', ( #1530, #2087, #470, #534, #1601, #1656, #3206, #412, #3112, #864 ) ) ;
#2462 = EDGE_CURVE ( 'NONE', #2637, #348, #2984, .T. ) ;
#2463 = DIRECTION ( 'NONE',  ( -0.000000000000000000, -1.000000000000000000, -0.000000000000000000 ) ) ;
#2464 = CARTESIAN_POINT ( 'NONE',  ( 169.8074069840785398, 3.000000000000000000, -253.9999999999999432 ) ) ;
#2465 = ORIENTED_EDGE ( 'NONE', *, *, #951, .F. ) ;
#2466 = EDGE_CURVE ( 'NONE', #2890, #1846, #1358, .T. ) ;
#2467 = DIRECTION ( 'NONE',  ( 0.000000000000000000, -0.000000000000000000, -1.000000000000000000 ) ) ;
#2468 = CARTESIAN_POINT ( 'NONE',  ( -95.00000000000002842, 3.000000000000000000, -108.0000000000000284 ) ) ;
#2469 = VECTOR ( 'NONE', #3159, 1000.000000000000000 ) ;
#2470 = CARTESIAN_POINT ( 'NONE',  ( 164.9999999999999716, 0.000000000000000000, -200.9999999999999716 ) ) ;
#2471 = AXIS2_PLACEMENT_3D ( 'NONE', #1645, #2753, #3093 ) ;
#2472 = EDGE_CURVE ( 'NONE', #2871, #1964, #2387, .T. ) ;
#2473 = PLANE ( 'NONE',  #2359 ) ;
#2474 = VERTEX_POINT ( 'NONE', #2681 ) ;
#2475 = CARTESIAN_POINT ( 'NONE',  ( -49.61538461538461320, 3.000000000000000000, -0.1777781685428220237 ) ) ;
#2476 = VECTOR ( 'NONE', #2799, 1000.000000000000000 ) ;
#2477 = EDGE_CURVE ( 'NONE', #3473, #1846, #1556, .T. ) ;
#2478 = ADVANCED_FACE ( 'NONE', ( #1306 ), #2405, .T. ) ;
#2479 = CARTESIAN_POINT ( 'NONE',  ( 104.9999999999999005, -39.99999999999999289, -308.9999999999999432 ) ) ;
#2480 = CARTESIAN_POINT ( 'NONE',  ( -95.00000000000002842, -39.99999999999999289, -99.99999999999998579 ) ) ;
#2481 = ADVANCED_FACE ( 'NONE', ( #1871 ), #2973, .F. ) ;
#2482 = ORIENTED_EDGE ( 'NONE', *, *, #3014, .F. ) ;
#2483 = LINE ( 'NONE', #2247, #2022 ) ;
#2484 = DIRECTION ( 'NONE',  ( -1.000000000000000000, 0.000000000000000000, -0.000000000000000000 ) ) ;
#2485 = ORIENTED_EDGE ( 'NONE', *, *, #931, .T. ) ;
#2486 = CARTESIAN_POINT ( 'NONE',  ( 104.9999999999999289, 3.000000000000000000, -248.9999999999999716 ) ) ;
#2487 = AXIS2_PLACEMENT_3D ( 'NONE', #686, #56, #2285 ) ;
#2488 = VECTOR ( 'NONE', #637, 1000.000000000000000 ) ;
#2489 = CARTESIAN_POINT ( 'NONE',  ( 154.9999999999999716, 3.000000000000000000, -209.0000000000000568 ) ) ;
#2490 = CARTESIAN_POINT ( 'NONE',  ( 109.9999999999999005, 3.000000000000000000, -313.8074069840786251 ) ) ;
#2491 = DIRECTION ( 'NONE',  ( 0.000000000000000000, 0.000000000000000000, -1.000000000000000000 ) ) ;
#2492 = EDGE_LOOP ( 'NONE', ( #2755, #683, #839, #2310 ) ) ;
#2493 = DIRECTION ( 'NONE',  ( -1.000000000000000000, 0.000000000000000000, -1.387778780781446267E-15 ) ) ;
#2494 = DIRECTION ( 'NONE',  ( 1.000000000000000000, 0.000000000000000000, -0.000000000000000000 ) ) ;
#2495 = FACE_OUTER_BOUND ( 'NONE', #3512, .T. ) ;
#2496 = ORIENTED_EDGE ( 'NONE', *, *, #1949, .T. ) ;
#2497 = LINE ( 'NONE', #1382, #2071 ) ;
#2498 = CARTESIAN_POINT ( 'NONE',  ( 109.6153846153845137, 0.000000000000000000, -308.8222218314571137 ) ) ;
#2499 = ORIENTED_EDGE ( 'NONE', *, *, #3012, .T. ) ;
#2500 = EDGE_CURVE ( 'NONE', #1182, #630, #3091, .T. ) ;
#2502 = EDGE_CURVE ( 'NONE', #1515, #2871, #1935, .T. ) ;
#2501 = DIRECTION ( 'NONE',  ( -0.000000000000000000, -1.000000000000000000, -0.000000000000000000 ) ) ;
#2503 = DIRECTION ( 'NONE',  ( 0.000000000000000000, 1.000000000000000000, 0.000000000000000000 ) ) ;
#2504 = CYLINDRICAL_SURFACE ( 'NONE', #1070, 60.00000000000002842 ) ;
#2505 = CYLINDRICAL_SURFACE ( 'NONE', #678, 5.000000000000000000 ) ;
#2506 = ORIENTED_EDGE ( 'NONE', *, *, #3417, .T. ) ;
#2507 = DIRECTION ( 'NONE',  ( -0.000000000000000000, 1.000000000000000000, -0.000000000000000000 ) ) ;
#2508 = VECTOR ( 'NONE', #2584, 1000.000000000000000 ) ;
#2509 = AXIS2_PLACEMENT_3D ( 'NONE', #1103, #561, #1718 ) ;
#2510 = AXIS2_PLACEMENT_3D ( 'NONE', #3367, #592, #3586 ) ;
#2511 = PLANE ( 'NONE',  #911 ) ;
#2512 = CARTESIAN_POINT ( 'NONE',  ( 175.0000000000000000, -39.99999999999999289, -60.00000000000002132 ) ) ;
#2513 = VECTOR ( 'NONE', #3189, 1000.000000000000000 ) ;
#2514 = FACE_OUTER_BOUND ( 'NONE', #2239, .T. ) ;
#2515 = ORIENTED_EDGE ( 'NONE', *, *, #2902, .F. ) ;
#2516 = DIRECTION ( 'NONE',  ( -0.000000000000000000, -1.000000000000000000, -0.000000000000000000 ) ) ;
#2517 = ORIENTED_EDGE ( 'NONE', *, *, #708, .T. ) ;
#2518 = DIRECTION ( 'NONE',  ( 0.000000000000000000, -1.000000000000000000, 0.000000000000000000 ) ) ;
#2519 = EDGE_CURVE ( 'NONE', #1809, #2057, #774, .T. ) ;
#2520 = EDGE_CURVE ( 'NONE', #243, #1344, #1373, .T. ) ;
#2521 = CARTESIAN_POINT ( 'NONE',  ( 169.9999999999999432, 0.000000000000000000, -248.9999999999999716 ) ) ;
#2522 = SHAPE_DEFINITION_REPRESENTATION ( #1512, #1337 ) ;
#2523 = DIRECTION ( 'NONE',  ( -0.000000000000000000, -1.000000000000000000, -0.000000000000000000 ) ) ;
#2524 = ORIENTED_EDGE ( 'NONE', *, *, #554, .T. ) ;
#2525 = VECTOR ( 'NONE', #852, 1000.000000000000000 ) ;
#2526 = CARTESIAN_POINT ( 'NONE',  ( 174.9999999999999432, 0.000000000000000000, -190.9999999999999716 ) ) ;
#2527 = ORIENTED_EDGE ( 'NONE', *, *, #1355, .F. ) ;
#2528 = DIRECTION ( 'NONE',  ( 1.387778780781446267E-15, 0.000000000000000000, -1.000000000000000000 ) ) ;
#2529 = EDGE_CURVE ( 'NONE', #3298, #3279, #880, .T. ) ;
#2530 = VECTOR ( 'NONE', #1953, 1000.000000000000000 ) ;
#2531 = EDGE_CURVE ( 'NONE', #1152, #1124, #3270, .T. ) ;
#2532 = CARTESIAN_POINT ( 'NONE',  ( 104.9999999999999005, -43.00000000000000000, -308.9999999999999432 ) ) ;
#2533 = CARTESIAN_POINT ( 'NONE',  ( 175.0000000000000000, -43.00000000000000000, -60.00000000000002132 ) ) ;
#2534 = CARTESIAN_POINT ( 'NONE',  ( -45.00000000000000000, 0.000000000000000000, -313.9999999999999432 ) ) ;
#2535 = PLANE ( 'NONE',  #3351 ) ;
#2536 = CARTESIAN_POINT ( 'NONE',  ( 154.9999999999999716, 3.000000000000000000, -201.0000000000000000 ) ) ;
#2537 = VERTEX_POINT ( 'NONE', #574 ) ;
#2538 = LINE ( 'NONE', #888, #1654 ) ;
#2539 = ORIENTED_EDGE ( 'NONE', *, *, #210, .T. ) ;
#2540 = LINE ( 'NONE', #1168, #2604 ) ;
#2541 = AXIS2_PLACEMENT_3D ( 'NONE', #3353, #1143, #2787 ) ;
#2542 = COORDINATED_UNIVERSAL_TIME_OFFSET ( 3, 30, .AHEAD. ) ;
#2543 = DIRECTION ( 'NONE',  ( -0.000000000000000000, -1.000000000000000000, -0.000000000000000000 ) ) ;
#2544 = ORIENTED_EDGE ( 'NONE', *, *, #2155, .T. ) ;
#2545 = DIRECTION ( 'NONE',  ( 0.000000000000000000, 0.000000000000000000, -1.000000000000000000 ) ) ;
#2546 = ADVANCED_FACE ( 'NONE', ( #1663 ), #2782, .T. ) ;
#2547 = VERTEX_POINT ( 'NONE', #3566 ) ;
#2548 = FACE_OUTER_BOUND ( 'NONE', #2790, .T. ) ;
#2549 = CLOSED_SHELL ( 'NONE', ( #1205, #906, #2723, #2904, #1072, #701, #398, #2610, #2707, #339, #2192, #577 ) ) ;
#2550 = DIRECTION ( 'NONE',  ( 1.000000000000000000, -0.000000000000000000, -0.000000000000000000 ) ) ;
#2551 = DIRECTION ( 'NONE',  ( 0.000000000000000000, 0.000000000000000000, -1.000000000000000000 ) ) ;
#2552 = DIRECTION ( 'NONE',  ( -2.392722035830077493E-16, 0.000000000000000000, -1.000000000000000000 ) ) ;
#2553 = DIRECTION ( 'NONE',  ( 0.000000000000000000, -1.000000000000000000, 0.000000000000000000 ) ) ;
#2554 = CARTESIAN_POINT ( 'NONE',  ( -5.000000000000071054, 0.000000000000000000, -209.0000000000000284 ) ) ;
#2555 = ORIENTED_EDGE ( 'NONE', *, *, #3285, .T. ) ;
#2556 = DIRECTION ( 'NONE',  ( -0.000000000000000000, -1.000000000000000000, 0.000000000000000000 ) ) ;
#2557 = PLANE ( 'NONE',  #3362 ) ;
#2558 = LINE ( 'NONE', #2274, #252 ) ;
#2559 = VERTEX_POINT ( 'NONE', #1985 ) ;
#2560 = FACE_OUTER_BOUND ( 'NONE', #2796, .T. ) ;
#2561 = ORIENTED_EDGE ( 'NONE', *, *, #1286, .T. ) ;
#2562 = LINE ( 'NONE', #86, #1474 ) ;
#2563 = EDGE_CURVE ( 'NONE', #3354, #1422, #257, .T. ) ;
#2564 = EDGE_CURVE ( 'NONE', #1124, #608, #1883, .T. ) ;
#2565 = CIRCLE ( 'NONE', #1119, 89.99999999999997158 ) ;
#2566 = LINE ( 'NONE', #3187, #1265 ) ;
#2567 = DIRECTION ( 'NONE',  ( 0.000000000000000000, -1.000000000000000000, 0.000000000000000000 ) ) ;
#2568 = DIRECTION ( 'NONE',  ( -0.000000000000000000, -1.000000000000000000, -0.000000000000000000 ) ) ;
#2569 = AXIS2_PLACEMENT_3D ( 'NONE', #1080, #2801, #332 ) ;
#2570 = DIRECTION ( 'NONE',  ( 0.000000000000000000, -0.000000000000000000, -1.000000000000000000 ) ) ;
#2571 = DIRECTION ( 'NONE',  ( -0.000000000000000000, -1.000000000000000000, -0.000000000000000000 ) ) ;
#2572 = ORIENTED_EDGE ( 'NONE', *, *, #115, .T. ) ;
#2573 = LINE ( 'NONE', #78, #1067 ) ;
#2574 = VECTOR ( 'NONE', #770, 1000.000000000000000 ) ;
#2575 = CARTESIAN_POINT ( 'NONE',  ( 174.9999999999999432, 0.000000000000000000, -190.9999999999999716 ) ) ;
#2576 = DIRECTION ( 'NONE',  ( 0.000000000000000000, 0.000000000000000000, 1.000000000000000000 ) ) ;
#2577 = ORIENTED_EDGE ( 'NONE', *, *, #1728, .T. ) ;
#2578 = CARTESIAN_POINT ( 'NONE',  ( -105.0000000000000142, 3.000000000000000000, -200.9999999999999432 ) ) ;
#2579 = ORIENTED_EDGE ( 'NONE', *, *, #936, .F. ) ;
#2580 = LINE ( 'NONE', #677, #2697 ) ;
#2581 = VECTOR ( 'NONE', #1722, 1000.000000000000000 ) ;
#2582 = DIRECTION ( 'NONE',  ( 6.938893903907222461E-16, -0.000000000000000000, 1.000000000000000000 ) ) ;
#2583 = LINE ( 'NONE', #89, #3533 ) ;
#2584 = DIRECTION ( 'NONE',  ( -0.000000000000000000, -1.000000000000000000, -0.000000000000000000 ) ) ;
#2585 = AXIS2_PLACEMENT_3D ( 'NONE', #1680, #808, #2783 ) ;
#2586 = EDGE_CURVE ( 'NONE', #2632, #1445, #3077, .T. ) ;
#2587 = AXIS2_PLACEMENT_3D ( 'NONE', #503, #138, #1804 ) ;
#2588 = DIRECTION ( 'NONE',  ( 0.000000000000000000, 0.000000000000000000, 1.000000000000000000 ) ) ;
#2589 = DIRECTION ( 'NONE',  ( 0.000000000000000000, 1.000000000000000000, -0.000000000000000000 ) ) ;
#2590 = ORIENTED_EDGE ( 'NONE', *, *, #1243, .F. ) ;
#2591 = DIRECTION ( 'NONE',  ( -0.000000000000000000, -1.000000000000000000, -0.000000000000000000 ) ) ;
#2592 = EDGE_CURVE ( 'NONE', #768, #250, #1919, .T. ) ;
#2593 = DIRECTION ( 'NONE',  ( 0.000000000000000000, 0.000000000000000000, -1.000000000000000000 ) ) ;
#2594 = SECURITY_CLASSIFICATION ( '', '', #1826 ) ;
#2595 = EDGE_CURVE ( 'NONE', #807, #463, #247, .T. ) ;
#2596 = ORIENTED_EDGE ( 'NONE', *, *, #1659, .T. ) ;
#2597 = CYLINDRICAL_SURFACE ( 'NONE', #3306, 60.00000000000000000 ) ;
#2598 = ORIENTED_EDGE ( 'NONE', *, *, #439, .F. ) ;
#2599 = DIRECTION ( 'NONE',  ( 0.000000000000000000, 0.000000000000000000, 1.000000000000000000 ) ) ;
#2600 = CARTESIAN_POINT ( 'NONE',  ( 154.9999999999999432, 3.000000000000000000, -191.0000000000000000 ) ) ;
#2601 = CARTESIAN_POINT ( 'NONE',  ( -9.999999999999996447, 0.000000000000000000, -0.1250782228091329440 ) ) ;
#2602 = DIRECTION ( 'NONE',  ( 3.061616997868373773E-16, 0.000000000000000000, -1.000000000000000000 ) ) ;
#2603 = ORIENTED_EDGE ( 'NONE', *, *, #481, .T. ) ;
#2604 = VECTOR ( 'NONE', #626, 1000.000000000000000 ) ;
#2605 = CARTESIAN_POINT ( 'NONE',  ( -45.00000000000000000, 3.000000000000000000, -313.9999999999999432 ) ) ;
#2606 = CARTESIAN_POINT ( 'NONE',  ( -49.61538461538460609, 3.000000000000000000, -308.8222218314571137 ) ) ;
#2607 = ORIENTED_EDGE ( 'NONE', *, *, #2633, .F. ) ;
#2608 = LINE ( 'NONE', #689, #3385 ) ;
#2609 = EDGE_CURVE ( 'NONE', #2775, #1152, #2767, .T. ) ;
#2610 = ADVANCED_FACE ( 'NONE', ( #2261 ), #2750, .F. ) ;
#2611 = FACE_OUTER_BOUND ( 'NONE', #991, .T. ) ;
#2612 = EDGE_LOOP ( 'NONE', ( #733, #2624, #1707, #368, #3101, #2189, #273, #1837, #1830, #2482, #1677, #2930, #2001, #1792, #1359 ) ) ;
#2613 = ORIENTED_EDGE ( 'NONE', *, *, #3163, .F. ) ;
#2614 = CARTESIAN_POINT ( 'NONE',  ( 59.99999999999990763, -39.99999999999999289, -318.9999999999999432 ) ) ;
#2615 = DIRECTION ( 'NONE',  ( 0.000000000000000000, 1.000000000000000000, 0.000000000000000000 ) ) ;
#2616 = FACE_OUTER_BOUND ( 'NONE', #2643, .T. ) ;
#2617 = EDGE_CURVE ( 'NONE', #3208, #859, #1407, .T. ) ;
#2618 = LINE ( 'NONE', #1555, #868 ) ;
#2619 = CARTESIAN_POINT ( 'NONE',  ( 164.8222218314571705, 0.000000000000000000, -55.38461538461540812 ) ) ;
#2620 = ORIENTED_EDGE ( 'NONE', *, *, #3590, .F. ) ;
#2621 = AXIS2_PLACEMENT_3D ( 'NONE', #3263, #3226, #1357 ) ;
#2622 = CARTESIAN_POINT ( 'NONE',  ( -110.0000000000000000, 3.000000000000000000, -248.9999999999999432 ) ) ;
#2623 = CARTESIAN_POINT ( 'NONE',  ( -39.99999999999997868, 0.000000000000000000, -318.9999999999999432 ) ) ;
#2624 = ORIENTED_EDGE ( 'NONE', *, *, #764, .T. ) ;
#2625 = DIRECTION ( 'NONE',  ( -1.000000000000000000, -0.000000000000000000, -6.938893903907135686E-16 ) ) ;
#2626 = CIRCLE ( 'NONE', #2510, 60.00000000000002842 ) ;
#2627 = EDGE_CURVE ( 'NONE', #1334, #2335, #2626, .T. ) ;
#2628 = ORIENTED_EDGE ( 'NONE', *, *, #884, .T. ) ;
#2629 = VECTOR ( 'NONE', #1667, 1000.000000000000000 ) ;
#2630 = VERTEX_POINT ( 'NONE', #613 ) ;
#2631 = DIRECTION ( 'NONE',  ( 0.000000000000000000, 0.000000000000000000, 1.000000000000000000 ) ) ;
#2632 = VERTEX_POINT ( 'NONE', #2186 ) ;
#2633 = EDGE_CURVE ( 'NONE', #989, #51, #2207, .T. ) ;
#2634 = EDGE_CURVE ( 'NONE', #3217, #1432, #274, .T. ) ;
#2635 = ORIENTED_EDGE ( 'NONE', *, *, #664, .F. ) ;
#2636 = VERTEX_POINT ( 'NONE', #2224 ) ;
#2637 = VERTEX_POINT ( 'NONE', #1500 ) ;
#2638 = DIRECTION ( 'NONE',  ( 1.000000000000000000, 0.000000000000000000, -2.392722035830077493E-16 ) ) ;
#2639 = EDGE_CURVE ( 'NONE', #463, #2374, #2562, .T. ) ;
#2640 = CARTESIAN_POINT ( 'NONE',  ( 104.9999999999999858, 3.000000000000000000, 4.807406984078624212 ) ) ;
#2641 = CARTESIAN_POINT ( 'NONE',  ( 59.99999999999998579, 3.000000000000000000, 9.999999999999992895 ) ) ;
#2642 = LINE ( 'NONE', #1217, #3451 ) ;
#2643 = EDGE_LOOP ( 'NONE', ( #2465, #1817, #2561, #1650 ) ) ;
#2644 = ORIENTED_EDGE ( 'NONE', *, *, #1299, .T. ) ;
#2645 = DIRECTION ( 'NONE',  ( 0.000000000000000000, 0.000000000000000000, -1.000000000000000000 ) ) ;
#2646 = AXIS2_PLACEMENT_3D ( 'NONE', #1431, #1992, #2484 ) ;
#2647 = EDGE_LOOP ( 'NONE', ( #914, #714, #2808, #1865, #1064, #3310, #2838, #457, #3490, #3450 ) ) ;
#2648 = LINE ( 'NONE', #1835, #2746 ) ;
#2649 = VECTOR ( 'NONE', #1788, 1000.000000000000000 ) ;
#2650 = VERTEX_POINT ( 'NONE', #661 ) ;
#2651 = CARTESIAN_POINT ( 'NONE',  ( 59.99999999999999289, 0.000000000000000000, -10.00000000000000711 ) ) ;
#2652 = ORIENTED_EDGE ( 'NONE', *, *, #1814, .T. ) ;
#2653 = AXIS2_PLACEMENT_3D ( 'NONE', #2404, #3493, #2117 ) ;
#2654 = ORIENTED_EDGE ( 'NONE', *, *, #2564, .T. ) ;
#2655 = ORIENTED_EDGE ( 'NONE', *, *, #1798, .T. ) ;
#2656 = CYLINDRICAL_SURFACE ( 'NONE', #6, 9.999999999999994671 ) ;
#2657 = APPROVAL_PERSON_ORGANIZATION ( #139, #94, #3307 ) ;
#2658 = EDGE_CURVE ( 'NONE', #2775, #1002, #352, .T. ) ;
#2659 = EDGE_CURVE ( 'NONE', #588, #199, #1127, .T. ) ;
#2660 = DIRECTION ( 'NONE',  ( -1.541976423090491492E-15, -0.000000000000000000, 1.000000000000000000 ) ) ;
#2661 = ORIENTED_EDGE ( 'NONE', *, *, #645, .F. ) ;
#2662 = CARTESIAN_POINT ( 'NONE',  ( -39.99999999999997868, 3.000000000000000000, -318.9999999999999432 ) ) ;
#2663 = ORIENTED_EDGE ( 'NONE', *, *, #2077, .F. ) ;
#2664 = ORIENTED_EDGE ( 'NONE', *, *, #469, .F. ) ;
#2665 = AXIS2_PLACEMENT_3D ( 'NONE', #668, #2078, #2009 ) ;
#2666 = VERTEX_POINT ( 'NONE', #118 ) ;
#2667 = CYLINDRICAL_SURFACE ( 'NONE', #452, 89.99999999999991473 ) ;
#2668 = ORIENTED_EDGE ( 'NONE', *, *, #2284, .T. ) ;
#2669 = PLANE ( 'NONE',  #3214 ) ;
#2670 = AXIS2_PLACEMENT_3D ( 'NONE', #2971, #426, #2385 ) ;
#2671 = ORIENTED_EDGE ( 'NONE', *, *, #382, .F. ) ;
#2672 = CARTESIAN_POINT ( 'NONE',  ( 65.00000000000002842, 3.000000000000000000, -99.99999999999994316 ) ) ;
#2673 = ORIENTED_EDGE ( 'NONE', *, *, #2595, .F. ) ;
#2674 = ORIENTED_EDGE ( 'NONE', *, *, #2257, .F. ) ;
#2675 = ORIENTED_EDGE ( 'NONE', *, *, #3111, .T. ) ;
#2676 = ORIENTED_EDGE ( 'NONE', *, *, #253, .T. ) ;
#2677 = ORIENTED_EDGE ( 'NONE', *, *, #2627, .T. ) ;
#2678 = DIRECTION ( 'NONE',  ( 0.000000000000000000, 1.000000000000000000, -0.000000000000000000 ) ) ;
#2679 = CARTESIAN_POINT ( 'NONE',  ( 109.6153846153845990, 3.000000000000000000, -0.1777781685428150849 ) ) ;
#2680 = PERSON_AND_ORGANIZATION ( #3459, #2199 ) ;
#2681 = CARTESIAN_POINT ( 'NONE',  ( -49.61538461538460609, 0.000000000000000000, -308.8222218314571137 ) ) ;
#2682 = APPROVAL ( #1111, 'UNSPECIFIED' ) ;
#2683 = EDGE_CURVE ( 'NONE', #811, #442, #2859, .T. ) ;
#2684 = VERTEX_POINT ( 'NONE', #1250 ) ;
#2685 = CARTESIAN_POINT ( 'NONE',  ( 104.9999999999999147, -39.99999999999999289, -318.9999999999999432 ) ) ;
#2686 = PLANE ( 'NONE',  #2338 ) ;
#2687 = EDGE_LOOP ( 'NONE', ( #1642, #3198, #3314, #829, #1100, #3444, #3105, #2407, #860, #2590, #3336, #176, #926, #688, #1316 ) ) ;
#2688 = CARTESIAN_POINT ( 'NONE',  ( -6.506175608752105616E-16, 3.000000000000000000, -308.8749217771908775 ) ) ;
#2689 = PLANE ( 'NONE',  #2844 ) ;
#2690 = VECTOR ( 'NONE', #651, 1000.000000000000000 ) ;
#2691 = ORIENTED_EDGE ( 'NONE', *, *, #977, .T. ) ;
#2692 = ADVANCED_FACE ( 'NONE', ( #1173 ), #2069, .T. ) ;
#2693 = AXIS2_PLACEMENT_3D ( 'NONE', #2030, #1222, #1812 ) ;
#2694 = ORIENTED_EDGE ( 'NONE', *, *, #253, .F. ) ;
#2695 = VECTOR ( 'NONE', #3471, 1000.000000000000000 ) ;
#2696 = DIRECTION ( 'NONE',  ( -1.387778780781443901E-15, -0.000000000000000000, -1.000000000000000000 ) ) ;
#2697 = VECTOR ( 'NONE', #1191, 1000.000000000000000 ) ;
#2698 = DIRECTION ( 'NONE',  ( -1.541976423090491492E-15, 0.000000000000000000, -1.000000000000000000 ) ) ;
#2699 = CARTESIAN_POINT ( 'NONE',  ( -3.673940397442051289E-15, -39.99999999999999289, -298.9999999999999432 ) ) ;
#2700 = AXIS2_PLACEMENT_3D ( 'NONE', #832, #2518, #3357 ) ;
#2701 = ORIENTED_EDGE ( 'NONE', *, *, #373, .T. ) ;
#2702 = CARTESIAN_POINT ( 'NONE',  ( -115.0000000000000142, 3.000000000000000000, -118.0000000000000284 ) ) ;
#2703 = LINE ( 'NONE', #2445, #1647 ) ;
#2704 = ORIENTED_EDGE ( 'NONE', *, *, #2392, .F. ) ;
#2705 = FACE_OUTER_BOUND ( 'NONE', #3356, .T. ) ;
#2706 = EDGE_LOOP ( 'NONE', ( #3352, #1569, #1785, #1372 ) ) ;
#2707 = ADVANCED_FACE ( 'NONE', ( #2548 ), #3113, .F. ) ;
#2708 = CARTESIAN_POINT ( 'NONE',  ( 169.8074069840785398, 0.000000000000000000, -253.9999999999999432 ) ) ;
#2709 = ORIENTED_EDGE ( 'NONE', *, *, #2834, .T. ) ;
#2710 = VECTOR ( 'NONE', #1044, 1000.000000000000000 ) ;
#2711 = ORIENTED_EDGE ( 'NONE', *, *, #2365, .F. ) ;
#2712 = CARTESIAN_POINT ( 'NONE',  ( -105.0000000000000284, 3.000000000000000000, -108.0000000000000284 ) ) ;
#2713 = CARTESIAN_POINT ( 'NONE',  ( 174.9999999999999432, -43.00000000000000000, -248.9999999999999716 ) ) ;
#2714 = ORIENTED_EDGE ( 'NONE', *, *, #1488, .F. ) ;
#2715 = DIRECTION ( 'NONE',  ( 1.000000000000000000, -0.000000000000000000, -0.000000000000000000 ) ) ;
#2716 = ORIENTED_EDGE ( 'NONE', *, *, #1814, .F. ) ;
#2717 = LINE ( 'NONE', #2176, #2183 ) ;
#2718 = CARTESIAN_POINT ( 'NONE',  ( 164.9999999999999716, 3.000000000000000000, -190.9999999999999716 ) ) ;
#2719 = DESIGN_CONTEXT ( 'detailed design', #1516, 'design' ) ;
#2720 = ORIENTED_EDGE ( 'NONE', *, *, #3589, .F. ) ;
#2721 = CARTESIAN_POINT ( 'NONE',  ( 59.99999999999999289, -43.00000000000000000, -10.00000000000000711 ) ) ;
#2722 = DIRECTION ( 'NONE',  ( -1.387778780781444492E-15, 0.000000000000000000, 1.000000000000000000 ) ) ;
#2723 = ADVANCED_FACE ( 'NONE', ( #2311 ), #3439, .F. ) ;
#2724 = EDGE_CURVE ( 'NONE', #1124, #1334, #2580, .T. ) ;
#2725 = VECTOR ( 'NONE', #3611, 1000.000000000000000 ) ;
#2726 = CARTESIAN_POINT ( 'NONE',  ( 104.9999999999999289, 0.000000000000000000, -248.9999999999999716 ) ) ;
#2727 = AXIS2_PLACEMENT_3D ( 'NONE', #3579, #1927, #2467 ) ;
#2728 = LINE ( 'NONE', #3599, #3037 ) ;
#2729 = CARTESIAN_POINT ( 'NONE',  ( 59.99999999999992184, 3.000000000000000000, -298.9999999999999432 ) ) ;
#2730 = EDGE_LOOP ( 'NONE', ( #1587, #1040, #791, #3131 ) ) ;
#2731 = CARTESIAN_POINT ( 'NONE',  ( -104.8222218314571705, 3.000000000000000000, -55.38461538461537970 ) ) ;
#2732 = ORIENTED_EDGE ( 'NONE', *, *, #44, .T. ) ;
#2733 = CARTESIAN_POINT ( 'NONE',  ( -5.000000000000071054, 3.000000000000000000, -209.0000000000000284 ) ) ;
#2734 = LINE ( 'NONE', #3520, #1307 ) ;
#2735 = EDGE_LOOP ( 'NONE', ( #2061, #932, #2818, #298 ) ) ;
#2736 = DIRECTION ( 'NONE',  ( -2.775557561562892929E-15, 0.000000000000000000, -1.000000000000000000 ) ) ;
#2737 = VERTEX_POINT ( 'NONE', #2839 ) ;
#2738 = FACE_OUTER_BOUND ( 'NONE', #461, .T. ) ;
#2739 = CYLINDRICAL_SURFACE ( 'NONE', #1749, 60.00000000000000711 ) ;
#2740 = DIRECTION ( 'NONE',  ( -0.000000000000000000, 1.000000000000000000, -0.000000000000000000 ) ) ;
#2741 = ADVANCED_FACE ( 'NONE', ( #3132 ), #2910, .F. ) ;
#2742 = DIRECTION ( 'NONE',  ( -0.000000000000000000, -1.000000000000000000, -0.000000000000000000 ) ) ;
#2743 = EDGE_CURVE ( 'NONE', #2112, #1701, #2293, .T. ) ;
#2744 = EDGE_CURVE ( 'NONE', #1529, #895, #1535, .T. ) ;
#2745 = VECTOR ( 'NONE', #558, 1000.000000000000000 ) ;
#2746 = VECTOR ( 'NONE', #3415, 1000.000000000000000 ) ;
#2747 = DIRECTION ( 'NONE',  ( 1.000000000000000000, 0.000000000000000000, -6.938893903907222461E-16 ) ) ;
#2748 = EDGE_CURVE ( 'NONE', #3316, #1323, #3165, .T. ) ;
#2749 = ORIENTED_EDGE ( 'NONE', *, *, #2634, .F. ) ;
#2750 = PLANE ( 'NONE',  #3384 ) ;
#2751 = AXIS2_PLACEMENT_3D ( 'NONE', #535, #553, #303 ) ;
#2752 = EDGE_CURVE ( 'NONE', #3535, #1752, #1464, .T. ) ;
#2753 = DIRECTION ( 'NONE',  ( 1.000000000000000000, 0.000000000000000000, -3.083952846180982984E-15 ) ) ;
#2754 = CARTESIAN_POINT ( 'NONE',  ( 104.9999999999999289, -39.99999999999999289, -248.9999999999999716 ) ) ;
#2755 = ORIENTED_EDGE ( 'NONE', *, *, #3547, .F. ) ;
#2756 = DIRECTION ( 'NONE',  ( 0.000000000000000000, 1.000000000000000000, 0.000000000000000000 ) ) ;
#2757 = CARTESIAN_POINT ( 'NONE',  ( -95.00000000000002842, 3.000000000000000000, -118.0000000000000284 ) ) ;
#2758 = DIRECTION ( 'NONE',  ( 0.000000000000000000, 0.000000000000000000, -1.000000000000000000 ) ) ;
#2759 = CIRCLE ( 'NONE', #562, 5.000000000000000888 ) ;
#2760 = CARTESIAN_POINT ( 'NONE',  ( 165.0000000000000000, 0.000000000000000000, -60.00000000000002132 ) ) ;
#2761 = VECTOR ( 'NONE', #29, 1000.000000000000000 ) ;
#2762 = DATE_AND_TIME ( #3340, #1268 ) ;
#2763 = DIRECTION ( 'NONE',  ( 0.000000000000000000, 0.000000000000000000, -1.000000000000000000 ) ) ;
#2764 = AXIS2_PLACEMENT_3D ( 'NONE', #2729, #2747, #3600 ) ;
#2765 = CARTESIAN_POINT ( 'NONE',  ( -6.506175608752109560E-16, 3.000000000000000000, -308.8749217771908775 ) ) ;
#2766 = VERTEX_POINT ( 'NONE', #1739 ) ;
#2767 = LINE ( 'NONE', #1425, #3502 ) ;
#2768 = ADVANCED_FACE ( 'NONE', ( #2877 ), #2893, .T. ) ;
#2769 = EDGE_CURVE ( 'NONE', #3217, #754, #388, .T. ) ;
#2770 = DIRECTION ( 'NONE',  ( 0.000000000000000000, -0.000000000000000000, 1.000000000000000000 ) ) ;
#2771 = CARTESIAN_POINT ( 'NONE',  ( -3.673940397442051289E-15, -43.00000000000000000, -298.9999999999999432 ) ) ;
#2772 = ORIENTED_EDGE ( 'NONE', *, *, #2563, .F. ) ;
#2773 = DIRECTION ( 'NONE',  ( 6.938893903907222461E-16, -0.000000000000000000, 1.000000000000000000 ) ) ;
#2774 = LINE ( 'NONE', #2807, #2525 ) ;
#2775 = VERTEX_POINT ( 'NONE', #2021 ) ;
#2776 = FACE_OUTER_BOUND ( 'NONE', #39, .T. ) ;
#2777 = VECTOR ( 'NONE', #1485, 1000.000000000000000 ) ;
#2778 = DIRECTION ( 'NONE',  ( 1.000000000000000000, 0.000000000000000000, 0.000000000000000000 ) ) ;
#2779 = LINE ( 'NONE', #3050, #377 ) ;
#2780 = LINE ( 'NONE', #3034, #328 ) ;
#2781 = ORIENTED_EDGE ( 'NONE', *, *, #1088, .T. ) ;
#2782 = PLANE ( 'NONE',  #2225 ) ;
#2783 = DIRECTION ( 'NONE',  ( 0.000000000000000000, 0.000000000000000000, -1.000000000000000000 ) ) ;
#2784 = PLANE ( 'NONE',  #123 ) ;
#2785 = EDGE_CURVE ( 'NONE', #630, #2272, #648, .T. ) ;
#2786 = EDGE_CURVE ( 'NONE', #3506, #331, #985, .T. ) ;
#2787 = DIRECTION ( 'NONE',  ( 0.000000000000000000, 0.000000000000000000, 1.000000000000000000 ) ) ;
#2788 = ORIENTED_EDGE ( 'NONE', *, *, #1197, .T. ) ;
#2789 = DIRECTION ( 'NONE',  ( -1.000000000000000000, 0.000000000000000000, 0.000000000000000000 ) ) ;
#2790 = EDGE_LOOP ( 'NONE', ( #365, #2136, #3543, #2369 ) ) ;
#2791 = CARTESIAN_POINT ( 'NONE',  ( 2.449293598294700991E-15, -39.99999999999999289, -318.9999999999999432 ) ) ;
#2792 = CARTESIAN_POINT ( 'NONE',  ( -45.00000000000000711, 3.000000000000000000, 4.999999999999984901 ) ) ;
#2793 = EDGE_CURVE ( 'NONE', #1282, #2547, #135, .T. ) ;
#2794 = DIRECTION ( 'NONE',  ( -0.000000000000000000, -1.000000000000000000, -0.000000000000000000 ) ) ;
#2795 = EDGE_CURVE ( 'NONE', #3204, #2086, #1042, .T. ) ;
#2796 = EDGE_LOOP ( 'NONE', ( #2965, #2555, #1257, #1966 ) ) ;
#2797 = AXIS2_PLACEMENT_3D ( 'NONE', #2330, #2897, #3443 ) ;
#2798 = ORIENTED_EDGE ( 'NONE', *, *, #3179, .F. ) ;
#2799 = DIRECTION ( 'NONE',  ( -0.000000000000000000, 1.000000000000000000, -0.000000000000000000 ) ) ;
#2800 = ORIENTED_EDGE ( 'NONE', *, *, #134, .T. ) ;
#2801 = DIRECTION ( 'NONE',  ( 0.000000000000000000, 1.000000000000000000, -0.000000000000000000 ) ) ;
#2802 = FACE_OUTER_BOUND ( 'NONE', #1941, .T. ) ;
#2803 = LINE ( 'NONE', #1697, #2629 ) ;
#2804 = VECTOR ( 'NONE', #3428, 1000.000000000000000 ) ;
#2805 = CARTESIAN_POINT ( 'NONE',  ( 164.9999999999999432, 3.000000000000000000, -248.9999999999999716 ) ) ;
#2806 = VECTOR ( 'NONE', #1623, 1000.000000000000000 ) ;
#2807 = CARTESIAN_POINT ( 'NONE',  ( 164.8222218314571137, 3.000000000000000000, -253.6153846153845848 ) ) ;
#2808 = ORIENTED_EDGE ( 'NONE', *, *, #971, .T. ) ;
#2809 = DIRECTION ( 'NONE',  ( 0.000000000000000000, 0.000000000000000000, 1.000000000000000000 ) ) ;
#2810 = ORIENTED_EDGE ( 'NONE', *, *, #50, .F. ) ;
#2811 = ADVANCED_FACE ( 'NONE', ( #1319 ), #2154, .F. ) ;
#2812 = CARTESIAN_POINT ( 'NONE',  ( 104.9999999999999005, -39.99999999999999289, -308.9999999999999432 ) ) ;
#2813 = DATE_AND_TIME ( #2253, #3411 ) ;
#2814 = CARTESIAN_POINT ( 'NONE',  ( -3.673940397442051289E-15, -39.99999999999999289, -298.9999999999999432 ) ) ;
#2815 = ORIENTED_EDGE ( 'NONE', *, *, #862, .T. ) ;
#2816 = AXIS2_PLACEMENT_3D ( 'NONE', #2464, #1860, #730 ) ;
#2817 = CYLINDRICAL_SURFACE ( 'NONE', #3363, 4.999999999999997335 ) ;
#2818 = ORIENTED_EDGE ( 'NONE', *, *, #2053, .F. ) ;
#2819 = DIRECTION ( 'NONE',  ( 1.000000000000000000, -0.000000000000000000, -0.000000000000000000 ) ) ;
#2820 = AXIS2_PLACEMENT_3D ( 'NONE', #1034, #2986, #1342 ) ;
#2821 = CARTESIAN_POINT ( 'NONE',  ( 104.9999999999999858, 0.000000000000000000, 4.999999999999992006 ) ) ;
#2822 = VECTOR ( 'NONE', #3088, 1000.000000000000000 ) ;
#2823 = CARTESIAN_POINT ( 'NONE',  ( 154.9999999999999716, -43.00000000000000000, -118.0000000000000000 ) ) ;
#2824 = DIRECTION ( 'NONE',  ( 0.000000000000000000, 1.000000000000000000, -0.000000000000000000 ) ) ;
#2825 = ORIENTED_EDGE ( 'NONE', *, *, #3392, .F. ) ;
#2826 = PLANE ( 'NONE',  #2487 ) ;
#2827 = DIRECTION ( 'NONE',  ( 0.000000000000000000, -0.000000000000000000, 1.000000000000000000 ) ) ;
#2828 = EDGE_LOOP ( 'NONE', ( #3594, #1855, #2211, #3414, #543, #1848, #431, #658, #318, #1690 ) ) ;
#2829 = DIRECTION ( 'NONE',  ( 0.000000000000000000, -0.000000000000000000, 1.000000000000000000 ) ) ;
#2830 = VERTEX_POINT ( 'NONE', #422 ) ;
#2831 = DIRECTION ( 'NONE',  ( -0.000000000000000000, -1.000000000000000000, -0.000000000000000000 ) ) ;
#2832 = VECTOR ( 'NONE', #3060, 1000.000000000000000 ) ;
#2833 = DIRECTION ( 'NONE',  ( -0.000000000000000000, -1.000000000000000000, -0.000000000000000000 ) ) ;
#2834 = EDGE_CURVE ( 'NONE', #1539, #219, #2931, .T. ) ;
#2835 = EDGE_CURVE ( 'NONE', #1234, #2996, #1551, .T. ) ;
#2836 = EDGE_LOOP ( 'NONE', ( #2815, #453, #3183, #965, #3293, #396, #2655, #2103, #148, #3541, #2093, #2942, #2800, #3267, #3404 ) ) ;
#2837 = FACE_OUTER_BOUND ( 'NONE', #2349, .T. ) ;
#2838 = ORIENTED_EDGE ( 'NONE', *, *, #1928, .T. ) ;
#2839 = CARTESIAN_POINT ( 'NONE',  ( -44.99999999999999289, 0.000000000000000000, -313.8074069840785683 ) ) ;
#2840 =( GEOMETRIC_REPRESENTATION_CONTEXT ( 3 ) GLOBAL_UNCERTAINTY_ASSIGNED_CONTEXT ( ( #1924 ) ) GLOBAL_UNIT_ASSIGNED_CONTEXT ( ( #2139, #1591, #486 ) ) REPRESENTATION_CONTEXT ( 'NONE', 'WORKASPACE' ) );
#2841 = ORIENTED_EDGE ( 'NONE', *, *, #971, .F. ) ;
#2842 = AXIS2_PLACEMENT_3D ( 'NONE', #2400, #1095, #3511 ) ;
#2843 = DIRECTION ( 'NONE',  ( 0.000000000000000000, 0.000000000000000000, 1.000000000000000000 ) ) ;
#2844 = AXIS2_PLACEMENT_3D ( 'NONE', #195, #2149, #2722 ) ;
#2845 = DIRECTION ( 'NONE',  ( -9.570888143320315888E-16, 0.000000000000000000, -1.000000000000000000 ) ) ;
#2846 = CARTESIAN_POINT ( 'NONE',  ( -95.00000000000000000, -43.00000000000000000, -190.9999999999999716 ) ) ;
#2847 = LINE ( 'NONE', #410, #2370 ) ;
#2848 = CARTESIAN_POINT ( 'NONE',  ( -95.00000000000002842, -39.99999999999999289, -209.0000000000000284 ) ) ;
#2849 = VERTEX_POINT ( 'NONE', #1849 ) ;
#2850 = DIRECTION ( 'NONE',  ( -0.000000000000000000, -1.000000000000000000, -0.000000000000000000 ) ) ;
#2851 = CARTESIAN_POINT ( 'NONE',  ( -105.0000000000000142, -39.99999999999999289, -60.00000000000000711 ) ) ;
#2852 = ADVANCED_FACE ( 'NONE', ( #1335 ), #2656, .T. ) ;
#2853 = DIRECTION ( 'NONE',  ( 0.000000000000000000, 1.000000000000000000, 0.000000000000000000 ) ) ;
#2854 = VERTEX_POINT ( 'NONE', #2981 ) ;
#2855 = EDGE_CURVE ( 'NONE', #1820, #1548, #3158, .T. ) ;
#2856 = ADVANCED_FACE ( 'NONE', ( #2383 ), #738, .F. ) ;
#2857 = LINE ( 'NONE', #2292, #1666 ) ;
#2858 = ORIENTED_EDGE ( 'NONE', *, *, #2284, .F. ) ;
#2859 = LINE ( 'NONE', #403, #2339 ) ;
#2860 = ORIENTED_EDGE ( 'NONE', *, *, #3281, .F. ) ;
#2861 = ADVANCED_FACE ( 'NONE', ( #2402 ), #1572, .F. ) ;
#2862 = LINE ( 'NONE', #374, #569 ) ;
#2863 = DIRECTION ( 'NONE',  ( 0.000000000000000000, 0.000000000000000000, -1.000000000000000000 ) ) ;
#2864 = CARTESIAN_POINT ( 'NONE',  ( -115.0000000000000000, -43.00000000000000000, -190.9999999999999432 ) ) ;
#2865 = CARTESIAN_POINT ( 'NONE',  ( 104.9999999999999858, 0.000000000000000000, -1.143080808330306593E-14 ) ) ;
#2866 = LINE ( 'NONE', #2028, #2243 ) ;
#2867 = ORIENTED_EDGE ( 'NONE', *, *, #1210, .T. ) ;
#2868 = CIRCLE ( 'NONE', #1703, 60.00000000000000000 ) ;
#2869 = FACE_OUTER_BOUND ( 'NONE', #2080, .T. ) ;
#2870 = CIRCLE ( 'NONE', #1998, 10.00000000000000888 ) ;
#2871 = VERTEX_POINT ( 'NONE', #1057 ) ;
#2872 = CARTESIAN_POINT ( 'NONE',  ( 169.8074069840785967, 0.000000000000000000, -55.00000000000002132 ) ) ;
#2873 = AXIS2_PLACEMENT_3D ( 'NONE', #2708, #3542, #1054 ) ;
#2874 = ORIENTED_EDGE ( 'NONE', *, *, #1824, .F. ) ;
#2875 = CARTESIAN_POINT ( 'NONE',  ( 165.0000000000000000, -43.00000000000000000, -60.00000000000002132 ) ) ;
#2876 = ORIENTED_EDGE ( 'NONE', *, *, #254, .T. ) ;
#2877 = FACE_OUTER_BOUND ( 'NONE', #63, .T. ) ;
#2878 = FACE_OUTER_BOUND ( 'NONE', #3573, .T. ) ;
#2879 = DIRECTION ( 'NONE',  ( 0.000000000000000000, 1.000000000000000000, -0.000000000000000000 ) ) ;
#2880 = LINE ( 'NONE', #2864, #601 ) ;
#2881 = VECTOR ( 'NONE', #1892, 1000.000000000000000 ) ;
#2882 = EDGE_CURVE ( 'NONE', #206, #3248, #2403, .T. ) ;
#2883 = EDGE_CURVE ( 'NONE', #1229, #433, #313, .T. ) ;
#2884 = AXIS2_PLACEMENT_3D ( 'NONE', #1248, #647, #2019 ) ;
#2885 = LINE ( 'NONE', #1506, #2488 ) ;
#2886 = DIRECTION ( 'NONE',  ( 2.392722035830077493E-16, -0.000000000000000000, 1.000000000000000000 ) ) ;
#2887 = ORIENTED_EDGE ( 'NONE', *, *, #2683, .T. ) ;
#2888 = DIRECTION ( 'NONE',  ( 1.000000000000000000, 0.000000000000000000, -1.387778780781445478E-15 ) ) ;
#2889 = CARTESIAN_POINT ( 'NONE',  ( 165.0000000000000000, 0.000000000000000000, -108.0000000000000142 ) ) ;
#2890 = VERTEX_POINT ( 'NONE', #1822 ) ;
#2891 = ORIENTED_EDGE ( 'NONE', *, *, #3391, .T. ) ;
#2892 = DIRECTION ( 'NONE',  ( -0.000000000000000000, -1.000000000000000000, -0.000000000000000000 ) ) ;
#2893 = CYLINDRICAL_SURFACE ( 'NONE', #607, 5.000000000000004441 ) ;
#2894 = VECTOR ( 'NONE', #3174, 1000.000000000000000 ) ;
#2895 = LINE ( 'NONE', #406, #1494 ) ;
#2896 = LINE ( 'NONE', #2533, #519 ) ;
#2897 = DIRECTION ( 'NONE',  ( -6.938893903907207078E-15, 0.000000000000000000, 1.000000000000000000 ) ) ;
#2898 = EDGE_CURVE ( 'NONE', #3487, #3139, #1134, .T. ) ;
#2899 = LINE ( 'NONE', #357, #2894 ) ;
#2900 = CARTESIAN_POINT ( 'NONE',  ( 59.99999999999992184, -39.99999999999999289, -298.9999999999999432 ) ) ;
#2901 = ORIENTED_EDGE ( 'NONE', *, *, #1869, .T. ) ;
#2902 = EDGE_CURVE ( 'NONE', #3508, #3035, #3475, .T. ) ;
#2904 = ADVANCED_FACE ( 'NONE', ( #715 ), #1866, .F. ) ;
#2903 = CARTESIAN_POINT ( 'NONE',  ( 104.9999999999999147, -43.00000000000000000, -318.9999999999999432 ) ) ;
#2905 = LINE ( 'NONE', #709, #790 ) ;
#2906 = ORIENTED_EDGE ( 'NONE', *, *, #236, .F. ) ;
#2907 = ORIENTED_EDGE ( 'NONE', *, *, #1949, .F. ) ;
#2908 = EDGE_LOOP ( 'NONE', ( #2663, #3437, #2342, #1499 ) ) ;
#2909 = ADVANCED_FACE ( 'NONE', ( #1003 ), #484, .F. ) ;
#2910 = PLANE ( 'NONE',  #1131 ) ;
#2911 = CARTESIAN_POINT ( 'NONE',  ( 104.9999999999999005, 0.000000000000000000, -313.9999999999999432 ) ) ;
#2912 = CALENDAR_DATE ( 2026, 31, 7 ) ;
#2913 = DIRECTION ( 'NONE',  ( 0.000000000000000000, 0.000000000000000000, 1.000000000000000000 ) ) ;
#2914 = ORIENTED_EDGE ( 'NONE', *, *, #821, .T. ) ;
#2915 = AXIS2_PLACEMENT_3D ( 'NONE', #3001, #1886, #163 ) ;
#2916 = ORIENTED_EDGE ( 'NONE', *, *, #49, .F. ) ;
#2917 = CYLINDRICAL_SURFACE ( 'NONE', #2418, 89.99999999999991473 ) ;
#2918 = ORIENTED_EDGE ( 'NONE', *, *, #2094, .F. ) ;
#2919 = DIRECTION ( 'NONE',  ( 0.000000000000000000, 1.000000000000000000, -0.000000000000000000 ) ) ;
#2920 = ORIENTED_EDGE ( 'NONE', *, *, #3280, .F. ) ;
#2921 = VECTOR ( 'NONE', #1295, 1000.000000000000000 ) ;
#2922 = LINE ( 'NONE', #2377, #2085 ) ;
#2923 = ORIENTED_EDGE ( 'NONE', *, *, #2954, .T. ) ;
#2924 = ORIENTED_EDGE ( 'NONE', *, *, #3301, .F. ) ;
#2925 = AXIS2_PLACEMENT_3D ( 'NONE', #2968, #802, #3031 ) ;
#2926 = EDGE_CURVE ( 'NONE', #784, #2233, #2728, .T. ) ;
#2927 = ORIENTED_EDGE ( 'NONE', *, *, #931, .F. ) ;
#2928 = EDGE_CURVE ( 'NONE', #2666, #1612, #1915, .T. ) ;
#2929 = ORIENTED_EDGE ( 'NONE', *, *, #1291, .F. ) ;
#2930 = ORIENTED_EDGE ( 'NONE', *, *, #1570, .F. ) ;
#2931 = LINE ( 'NONE', #1881, #894 ) ;
#2932 = DIRECTION ( 'NONE',  ( -1.000000000000000000, 0.000000000000000000, -0.000000000000000000 ) ) ;
#2933 = ORIENTED_EDGE ( 'NONE', *, *, #513, .T. ) ;
#2934 = DIRECTION ( 'NONE',  ( 1.000000000000000000, -0.000000000000000000, 1.387778780781446464E-15 ) ) ;
#2935 = ORIENTED_EDGE ( 'NONE', *, *, #1292, .T. ) ;
#2936 = EDGE_LOOP ( 'NONE', ( #85, #99, #1813, #3434 ) ) ;
#2937 = ORIENTED_EDGE ( 'NONE', *, *, #1605, .T. ) ;
#2938 = AXIS2_PLACEMENT_3D ( 'NONE', #113, #2045, #3196 ) ;
#2939 = EDGE_LOOP ( 'NONE', ( #725, #1725, #972, #524 ) ) ;
#2940 = CARTESIAN_POINT ( 'NONE',  ( -110.0000000000000000, 0.000000000000000000, -64.99999999999998579 ) ) ;
#2941 = CIRCLE ( 'NONE', #1260, 89.99999999999997158 ) ;
#2942 = ORIENTED_EDGE ( 'NONE', *, *, #2376, .T. ) ;
#2943 = LINE ( 'NONE', #1066, #3326 ) ;
#2944 = ORIENTED_EDGE ( 'NONE', *, *, #2217, .T. ) ;
#2945 = DIRECTION ( 'NONE',  ( -0.000000000000000000, -1.000000000000000000, -0.000000000000000000 ) ) ;
#2946 = VERTEX_POINT ( 'NONE', #1389 ) ;
#2947 = AXIS2_PLACEMENT_3D ( 'NONE', #946, #1768, #3438 ) ;
#2948 = ORIENTED_EDGE ( 'NONE', *, *, #2258, .T. ) ;
#2949 = ORIENTED_EDGE ( 'NONE', *, *, #2974, .F. ) ;
#2950 = EDGE_LOOP ( 'NONE', ( #3510, #2517, #1585, #2539 ) ) ;
#2951 = EDGE_CURVE ( 'NONE', #116, #2650, #1657, .T. ) ;
#2952 = CARTESIAN_POINT ( 'NONE',  ( 169.9999999999999716, 0.000000000000000000, -65.00000000000001421 ) ) ;
#2953 = EDGE_CURVE ( 'NONE', #77, #2035, #587, .T. ) ;
#2954 = EDGE_CURVE ( 'NONE', #2871, #3210, #2182, .T. ) ;
#2955 = CARTESIAN_POINT ( 'NONE',  ( -95.00000000000000000, 0.000000000000000000, -190.9999999999999716 ) ) ;
#2956 = VECTOR ( 'NONE', #3118, 1000.000000000000000 ) ;
#2957 = APPLICATION_PROTOCOL_DEFINITION ( 'international standard', 'config_control_design', 1994, #1516 ) ;
#2958 = CARTESIAN_POINT ( 'NONE',  ( -5.000000000000015099, 3.000000000000000000, -99.99999999999998579 ) ) ;
#2959 = VERTEX_POINT ( 'NONE', #3361 ) ;
#2960 = DIRECTION ( 'NONE',  ( 0.000000000000000000, -1.000000000000000000, 0.000000000000000000 ) ) ;
#2961 = DIRECTION ( 'NONE',  ( 0.000000000000000000, 0.000000000000000000, -1.000000000000000000 ) ) ;
#2962 = VERTEX_POINT ( 'NONE', #3291 ) ;
#2963 = CARTESIAN_POINT ( 'NONE',  ( 6.938893903907228378E-15, 3.000000000000000000, 9.999999999999984013 ) ) ;
#2964 = LINE ( 'NONE', #1896, #3017 ) ;
#2965 = ORIENTED_EDGE ( 'NONE', *, *, #1210, .F. ) ;
#2966 = CARTESIAN_POINT ( 'NONE',  ( 165.0000000000000000, 3.000000000000000000, -60.00000000000002132 ) ) ;
#2967 = ORIENTED_EDGE ( 'NONE', *, *, #1639, .T. ) ;
#2968 = CARTESIAN_POINT ( 'NONE',  ( 165.0000000000000000, 3.000000000000000000, -60.00000000000002132 ) ) ;
#2969 = MANIFOLD_SOLID_BREP ( 'Fillet13', #3068 ) ;
#2970 = LINE ( 'NONE', #2259, #629 ) ;
#2971 = CARTESIAN_POINT ( 'NONE',  ( 0.000000000000000000, 0.000000000000000000, 0.000000000000000000 ) ) ;
#2972 = EDGE_LOOP ( 'NONE', ( #1000, #311, #2901, #380, #185, #2603, #1203, #93, #2382, #261, #1580, #2732, #646, #2355, #3142 ) ) ;
#2973 = PLANE ( 'NONE',  #2110 ) ;
#2974 = EDGE_CURVE ( 'NONE', #788, #1698, #3218, .T. ) ;
#2975 = ORIENTED_EDGE ( 'NONE', *, *, #1621, .T. ) ;
#2976 = LINE ( 'NONE', #492, #1379 ) ;
#2977 = CARTESIAN_POINT ( 'NONE',  ( -44.99999999999999289, -39.99999999999999289, -308.9999999999999432 ) ) ;
#2978 = CARTESIAN_POINT ( 'NONE',  ( 169.9999999999999432, 0.000000000000000000, -243.9999999999999716 ) ) ;
#2979 = FACE_OUTER_BOUND ( 'NONE', #2612, .T. ) ;
#2980 = LINE ( 'NONE', #499, #1394 ) ;
#2981 = CARTESIAN_POINT ( 'NONE',  ( 59.99999999999991473, 0.000000000000000000, -308.8749217771908775 ) ) ;
#2982 = AXIS2_PLACEMENT_3D ( 'NONE', #2470, #2794, #3583 ) ;
#2983 = CARTESIAN_POINT ( 'NONE',  ( -105.0000000000000142, -39.99999999999999289, -59.99999999999999289 ) ) ;
#2984 = LINE ( 'NONE', #1610, #890 ) ;
#2985 = ORIENTED_EDGE ( 'NONE', *, *, #2659, .F. ) ;
#2986 = DIRECTION ( 'NONE',  ( -1.000000000000000000, 0.000000000000000000, 1.541976423090491492E-15 ) ) ;
#2987 = LINE ( 'NONE', #2391, #1533 ) ;
#2988 = EDGE_CURVE ( 'NONE', #3221, #2337, #783, .T. ) ;
#2989 = EDGE_CURVE ( 'NONE', #2766, #441, #835, .T. ) ;
#2990 = VECTOR ( 'NONE', #2306, 1000.000000000000000 ) ;
#2991 = DIRECTION ( 'NONE',  ( 0.000000000000000000, 0.000000000000000000, -1.000000000000000000 ) ) ;
#2992 = LINE ( 'NONE', #1724, #1770 ) ;
#2993 = AXIS2_PLACEMENT_3D ( 'NONE', #1758, #1231, #2024 ) ;
#2994 = PLANE ( 'NONE',  #986 ) ;
#2995 = AXIS2_PLACEMENT_3D ( 'NONE', #1028, #1060, #1590 ) ;
#2996 = VERTEX_POINT ( 'NONE', #2203 ) ;
#2997 = CARTESIAN_POINT ( 'NONE',  ( -45.00000000000000711, -43.00000000000000000, -59.99999999999999289 ) ) ;
#2998 = EDGE_CURVE ( 'NONE', #2630, #1612, #610, .T. ) ;
#2999 = LINE ( 'NONE', #1967, #212 ) ;
#3000 = ORIENTED_EDGE ( 'NONE', *, *, #366, .F. ) ;
#3001 = CARTESIAN_POINT ( 'NONE',  ( -45.00000000000000711, -39.99999999999999289, -248.9999999999999432 ) ) ;
#3002 = ORIENTED_EDGE ( 'NONE', *, *, #1113, .F. ) ;
#3003 = CYLINDRICAL_SURFACE ( 'NONE', #1900, 89.99999999999997158 ) ;
#3004 = CARTESIAN_POINT ( 'NONE',  ( 104.9999999999999005, 3.000000000000000000, -313.9999999999999432 ) ) ;
#3005 = AXIS2_PLACEMENT_3D ( 'NONE', #1991, #1634, #244 ) ;
#3006 = ORIENTED_EDGE ( 'NONE', *, *, #188, .T. ) ;
#3007 = ORIENTED_EDGE ( 'NONE', *, *, #2262, .T. ) ;
#3008 = ADVANCED_FACE ( 'NONE', ( #270 ), #876, .F. ) ;
#3009 = ADVANCED_FACE ( 'NONE', ( #21 ), #1932, .F. ) ;
#3010 = ORIENTED_EDGE ( 'NONE', *, *, #1094, .F. ) ;
#3011 = CARTESIAN_POINT ( 'NONE',  ( 69.99999999999991473, 3.000000000000000000, -308.8749217771908775 ) ) ;
#3012 = EDGE_CURVE ( 'NONE', #1879, #722, #1947, .T. ) ;
#3013 = CARTESIAN_POINT ( 'NONE',  ( -5.000000000000015099, 0.000000000000000000, -99.99999999999998579 ) ) ;
#3014 = EDGE_CURVE ( 'NONE', #2389, #754, #2779, .T. ) ;
#3015 = AXIS2_PLACEMENT_3D ( 'NONE', #2134, #3240, #1637 ) ;
#3016 = VERTEX_POINT ( 'NONE', #1151 ) ;
#3017 = VECTOR ( 'NONE', #1584, 1000.000000000000000 ) ;
#3018 = CARTESIAN_POINT ( 'NONE',  ( 65.00000000000000000, -43.00000000000000000, -209.0000000000000284 ) ) ;
#3019 = PLANE ( 'NONE',  #2764 ) ;
#3020 = EDGE_LOOP ( 'NONE', ( #2194, #1036, #2378, #1084 ) ) ;
#3021 = DIRECTION ( 'NONE',  ( 0.000000000000000000, 0.000000000000000000, -1.000000000000000000 ) ) ;
#3022 = CARTESIAN_POINT ( 'NONE',  ( -115.0000000000000000, -39.99999999999999289, -190.9999999999999432 ) ) ;
#3023 = FACE_OUTER_BOUND ( 'NONE', #2936, .T. ) ;
#3024 = ORIENTED_EDGE ( 'NONE', *, *, #136, .F. ) ;
#3025 = CARTESIAN_POINT ( 'NONE',  ( 65.00000000000001421, -43.00000000000000000, -298.9999999999999432 ) ) ;
#3026 = ORIENTED_EDGE ( 'NONE', *, *, #644, .T. ) ;
#3027 = DIRECTION ( 'NONE',  ( -0.000000000000000000, -1.000000000000000000, -0.000000000000000000 ) ) ;
#3028 = DIRECTION ( 'NONE',  ( -0.000000000000000000, -1.000000000000000000, -0.000000000000000000 ) ) ;
#3029 = VECTOR ( 'NONE', #741, 1000.000000000000000 ) ;
#3030 = EDGE_LOOP ( 'NONE', ( #1300, #2033, #1155, #3002 ) ) ;
#3031 = DIRECTION ( 'NONE',  ( -1.000000000000000000, 0.000000000000000000, -0.000000000000000000 ) ) ;
#3032 = ADVANCED_FACE ( 'NONE', ( #571 ), #2504, .T. ) ;
#3033 = ADVANCED_FACE ( 'NONE', ( #251 ), #290, .T. ) ;
#3034 = CARTESIAN_POINT ( 'NONE',  ( 154.9999999999999716, 3.000000000000000000, -209.0000000000000568 ) ) ;
#3035 = VERTEX_POINT ( 'NONE', #2236 ) ;
#3036 = CARTESIAN_POINT ( 'NONE',  ( 174.9999999999999432, 3.000000000000000000, -118.0000000000000284 ) ) ;
#3037 = VECTOR ( 'NONE', #517, 1000.000000000000000 ) ;
#3038 = CARTESIAN_POINT ( 'NONE',  ( 59.99999999999990763, 3.000000000000000000, -318.9999999999999432 ) ) ;
#3039 = PLANE ( 'NONE',  #609 ) ;
#3040 = VECTOR ( 'NONE', #2850, 1000.000000000000000 ) ;
#3041 = CYLINDRICAL_SURFACE ( 'NONE', #400, 10.00000000000000888 ) ;
#3042 = ORIENTED_EDGE ( 'NONE', *, *, #2262, .F. ) ;
#3043 = CARTESIAN_POINT ( 'NONE',  ( 164.8222218314571705, 3.000000000000000000, -55.38461538461540812 ) ) ;
#3044 = ORIENTED_EDGE ( 'NONE', *, *, #2639, .F. ) ;
#3045 = DIRECTION ( 'NONE',  ( 0.000000000000000000, 1.000000000000000000, 0.000000000000000000 ) ) ;
#3046 = CIRCLE ( 'NONE', #1491, 5.000000000000004441 ) ;
#3047 = CARTESIAN_POINT ( 'NONE',  ( -115.0000000000000142, 0.000000000000000000, -118.0000000000000284 ) ) ;
#3048 = CIRCLE ( 'NONE', #966, 5.000000000000004441 ) ;
#3049 = EDGE_CURVE ( 'NONE', #1240, #2374, #3341, .T. ) ;
#3050 = CARTESIAN_POINT ( 'NONE',  ( 6.938893903907228378E-15, 0.000000000000000000, 9.999999999999984013 ) ) ;
#3051 = ORIENTED_EDGE ( 'NONE', *, *, #2989, .T. ) ;
#3052 = VECTOR ( 'NONE', #739, 1000.000000000000000 ) ;
#3053 = EDGE_CURVE ( 'NONE', #736, #2446, #628, .T. ) ;
#3054 = EDGE_CURVE ( 'NONE', #1090, #3160, #2049, .T. ) ;
#3055 = DIRECTION ( 'NONE',  ( 1.000000000000000000, -0.000000000000000000, 1.387778780781446464E-15 ) ) ;
#3056 = ORIENTED_EDGE ( 'NONE', *, *, #2793, .T. ) ;
#3057 = DIRECTION ( 'NONE',  ( -0.000000000000000000, -1.000000000000000000, 0.000000000000000000 ) ) ;
#3058 = CARTESIAN_POINT ( 'NONE',  ( 169.9999999999999716, 3.000000000000000000, -65.00000000000001421 ) ) ;
#3059 = FACE_OUTER_BOUND ( 'NONE', #2082, .T. ) ;
#3060 = DIRECTION ( 'NONE',  ( 2.392722035830077493E-16, -0.000000000000000000, 1.000000000000000000 ) ) ;
#3061 = ORIENTED_EDGE ( 'NONE', *, *, #2371, .F. ) ;
#3062 = CYLINDRICAL_SURFACE ( 'NONE', #2294, 60.00000000000000711 ) ;
#3063 = ORIENTED_EDGE ( 'NONE', *, *, #1440, .T. ) ;
#3064 = EDGE_CURVE ( 'NONE', #898, #1515, #1823, .T. ) ;
#3065 = CARTESIAN_POINT ( 'NONE',  ( 104.9999999999999289, -39.99999999999999289, -248.9999999999999716 ) ) ;
#3066 = AXIS2_PLACEMENT_3D ( 'NONE', #1195, #2265, #3135 ) ;
#3067 = CARTESIAN_POINT ( 'NONE',  ( 59.99999999999999289, -39.99999999999999289, -10.00000000000000711 ) ) ;
#3068 = CLOSED_SHELL ( 'NONE', ( #3243, #532, #803, #2204, #556, #1552, #1682, #489, #2811, #416, #1598, #2346, #2852, #705, #1531, #1511, #2102 ) ) ;
#3069 = AXIS2_PLACEMENT_3D ( 'NONE', #1178, #3116, #2551 ) ;
#3070 = APPROVAL_ROLE ( '' ) ;
#3071 = DIRECTION ( 'NONE',  ( 0.000000000000000000, 0.000000000000000000, 1.000000000000000000 ) ) ;
#3072 = ORIENTED_EDGE ( 'NONE', *, *, #2795, .F. ) ;
#3073 = CLOSED_SHELL ( 'NONE', ( #2323, #1887, #1013, #414, #2861, #1130, #595, #1617, #3446, #605, #1107, #2153 ) ) ;
#3074 = ORIENTED_EDGE ( 'NONE', *, *, #3053, .T. ) ;
#3075 = CARTESIAN_POINT ( 'NONE',  ( -115.0000000000000000, -43.00000000000000000, -59.99999999999999289 ) ) ;
#3076 = ORIENTED_EDGE ( 'NONE', *, *, #1730, .F. ) ;
#3077 = LINE ( 'NONE', #1116, #662 ) ;
#3078 = FACE_OUTER_BOUND ( 'NONE', #351, .T. ) ;
#3079 = LINE ( 'NONE', #1141, #127 ) ;
#3080 = EDGE_CURVE ( 'NONE', #2381, #429, #2870, .T. ) ;
#3081 = FACE_OUTER_BOUND ( 'NONE', #1022, .T. ) ;
#3082 = CARTESIAN_POINT ( 'NONE',  ( 59.99999999999998579, -39.99999999999999289, 9.999999999999992895 ) ) ;
#3083 = ORIENTED_EDGE ( 'NONE', *, *, #323, .T. ) ;
#3084 = LINE ( 'NONE', #1165, #3040 ) ;
#3085 = DIRECTION ( 'NONE',  ( -0.000000000000000000, -1.000000000000000000, -0.000000000000000000 ) ) ;
#3086 = LINE ( 'NONE', #1751, #1912 ) ;
#3087 = ORIENTED_EDGE ( 'NONE', *, *, #924, .F. ) ;
#3088 = DIRECTION ( 'NONE',  ( 1.000000000000000000, 0.000000000000000000, 1.541976423090494894E-16 ) ) ;
#3089 = VERTEX_POINT ( 'NONE', #1981 ) ;
#3090 = CARTESIAN_POINT ( 'NONE',  ( 174.9999999999999432, -39.99999999999999289, -190.9999999999999716 ) ) ;
#3091 = CIRCLE ( 'NONE', #1936, 60.00000000000000000 ) ;
#3092 = CIRCLE ( 'NONE', #2, 5.000000000000004441 ) ;
#3093 = DIRECTION ( 'NONE',  ( -3.083952846180982984E-15, 0.000000000000000000, -1.000000000000000000 ) ) ;
#3094 = DIRECTION ( 'NONE',  ( 0.000000000000000000, 0.000000000000000000, -1.000000000000000000 ) ) ;
#3095 = CARTESIAN_POINT ( 'NONE',  ( -105.0000000000000284, 3.000000000000000000, -118.0000000000000284 ) ) ;
#3096 = VECTOR ( 'NONE', #2833, 1000.000000000000000 ) ;
#3097 = ORIENTED_EDGE ( 'NONE', *, *, #3102, .T. ) ;
#3098 = CARTESIAN_POINT ( 'NONE',  ( 154.9999999999999716, -39.99999999999999289, -118.0000000000000000 ) ) ;
#3099 = VECTOR ( 'NONE', #782, 1000.000000000000000 ) ;
#3100 = FACE_OUTER_BOUND ( 'NONE', #727, .T. ) ;
#3101 = ORIENTED_EDGE ( 'NONE', *, *, #1771, .T. ) ;
#3102 = EDGE_CURVE ( 'NONE', #116, #1546, #1187, .T. ) ;
#3104 = EDGE_CURVE ( 'NONE', #1368, #1712, #2558, .T. ) ;
#3103 = DIRECTION ( 'NONE',  ( -0.000000000000000000, -1.000000000000000000, -0.000000000000000000 ) ) ;
#3105 = ORIENTED_EDGE ( 'NONE', *, *, #1579, .F. ) ;
#3106 = DIRECTION ( 'NONE',  ( -0.000000000000000000, -1.000000000000000000, -0.000000000000000000 ) ) ;
#3107 = DIRECTION ( 'NONE',  ( 0.000000000000000000, 1.000000000000000000, -0.000000000000000000 ) ) ;
#3108 = ORIENTED_EDGE ( 'NONE', *, *, #1659, .F. ) ;
#3109 = VECTOR ( 'NONE', #2789, 1000.000000000000000 ) ;
#3110 = DIRECTION ( 'NONE',  ( 0.000000000000000000, 0.000000000000000000, -1.000000000000000000 ) ) ;
#3111 = EDGE_CURVE ( 'NONE', #784, #3508, #3399, .T. ) ;
#3112 = ORIENTED_EDGE ( 'NONE', *, *, #1043, .F. ) ;
#3113 = PLANE ( 'NONE',  #778 ) ;
#3114 = VECTOR ( 'NONE', #2886, 1000.000000000000000 ) ;
#3115 = DIRECTION ( 'NONE',  ( -1.000000000000000000, 0.000000000000000000, -0.000000000000000000 ) ) ;
#3116 = DIRECTION ( 'NONE',  ( 0.000000000000000000, 1.000000000000000000, -0.000000000000000000 ) ) ;
#3117 = PLANE ( 'NONE',  #2797 ) ;
#3118 = DIRECTION ( 'NONE',  ( 0.000000000000000000, -1.000000000000000000, 0.000000000000000000 ) ) ;
#3119 = EDGE_CURVE ( 'NONE', #3251, #2830, #1674, .T. ) ;
#3120 = CARTESIAN_POINT ( 'NONE',  ( -115.0000000000000000, -39.99999999999999289, -59.99999999999999289 ) ) ;
#3121 = VERTEX_POINT ( 'NONE', #1169 ) ;
#3122 = LINE ( 'NONE', #2270, #1483 ) ;
#3123 = ADVANCED_FACE ( 'NONE', ( #2017 ), #1734, .T. ) ;
#3124 = EDGE_CURVE ( 'NONE', #1885, #887, #3086, .T. ) ;
#3125 = DIRECTION ( 'NONE',  ( -0.000000000000000000, -0.000000000000000000, -1.000000000000000000 ) ) ;
#3126 = AXIS2_PLACEMENT_3D ( 'NONE', #1209, #2853, #2576 ) ;
#3127 = DIRECTION ( 'NONE',  ( 0.000000000000000000, 0.000000000000000000, 1.000000000000000000 ) ) ;
#3128 = EDGE_CURVE ( 'NONE', #51, #784, #153, .T. ) ;
#3129 = ORIENTED_EDGE ( 'NONE', *, *, #44, .F. ) ;
#3130 = CARTESIAN_POINT ( 'NONE',  ( 3.426051726065526467E-15, 3.000000000000000000, -0.1250782228091364134 ) ) ;
#3131 = ORIENTED_EDGE ( 'NONE', *, *, #708, .F. ) ;
#3132 = FACE_OUTER_BOUND ( 'NONE', #2735, .T. ) ;
#3133 = EDGE_CURVE ( 'NONE', #1693, #107, #2497, .T. ) ;
#3134 = CARTESIAN_POINT ( 'NONE',  ( -5.000000000000015099, -39.99999999999999289, -99.99999999999998579 ) ) ;
#3135 = DIRECTION ( 'NONE',  ( 0.000000000000000000, 0.000000000000000000, 1.000000000000000000 ) ) ;
#3136 = CARTESIAN_POINT ( 'NONE',  ( 59.99999999999990763, 3.000000000000000000, -318.9999999999999432 ) ) ;
#3137 = DIRECTION ( 'NONE',  ( -0.000000000000000000, -1.000000000000000000, -0.000000000000000000 ) ) ;
#3138 = DIRECTION ( 'NONE',  ( 0.000000000000000000, 0.000000000000000000, -1.000000000000000000 ) ) ;
#3139 = VERTEX_POINT ( 'NONE', #1091 ) ;
#3140 = CARTESIAN_POINT ( 'NONE',  ( 174.9999999999999432, -39.99999999999999289, -190.9999999999999716 ) ) ;
#3141 = DIRECTION ( 'NONE',  ( -3.469446951953614189E-16, 0.000000000000000000, 1.000000000000000000 ) ) ;
#3142 = ORIENTED_EDGE ( 'NONE', *, *, #951, .T. ) ;
#3143 = ORIENTED_EDGE ( 'NONE', *, *, #645, .T. ) ;
#3144 = CYLINDRICAL_SURFACE ( 'NONE', #528, 5.000000000000000000 ) ;
#3145 = EDGE_CURVE ( 'NONE', #179, #1968, #2483, .T. ) ;
#3146 = ORIENTED_EDGE ( 'NONE', *, *, #3281, .T. ) ;
#3147 = DIRECTION ( 'NONE',  ( 1.000000000000000000, 0.000000000000000000, -1.387778780781445478E-15 ) ) ;
#3148 = EDGE_CURVE ( 'NONE', #1280, #3555, #544, .T. ) ;
#3149 = DIRECTION ( 'NONE',  ( 0.000000000000000000, -0.000000000000000000, 1.000000000000000000 ) ) ;
#3150 = LINE ( 'NONE', #681, #1218 ) ;
#3151 = DIRECTION ( 'NONE',  ( -1.541976423090491492E-15, 0.000000000000000000, -1.000000000000000000 ) ) ;
#3152 = AXIS2_PLACEMENT_3D ( 'NONE', #369, #1769, #1444 ) ;
#3153 = CARTESIAN_POINT ( 'NONE',  ( -45.00000000000000711, -39.99999999999999289, -59.99999999999999289 ) ) ;
#3154 = DIRECTION ( 'NONE',  ( 0.000000000000000000, -1.000000000000000000, 0.000000000000000000 ) ) ;
#3155 = ORIENTED_EDGE ( 'NONE', *, *, #1351, .T. ) ;
#3156 = AXIS2_PLACEMENT_3D ( 'NONE', #2512, #1938, #259 ) ;
#3157 = CARTESIAN_POINT ( 'NONE',  ( -110.0000000000000000, 0.000000000000000000, -248.9999999999999432 ) ) ;
#3158 = CIRCLE ( 'NONE', #1890, 5.000000000000004441 ) ;
#3159 = DIRECTION ( 'NONE',  ( -0.000000000000000000, -1.000000000000000000, -0.000000000000000000 ) ) ;
#3160 = VERTEX_POINT ( 'NONE', #565 ) ;
#3161 = AXIS2_PLACEMENT_3D ( 'NONE', #1433, #1126, #2288 ) ;
#3162 = ORIENTED_EDGE ( 'NONE', *, *, #2111, .T. ) ;
#3163 = EDGE_CURVE ( 'NONE', #179, #2112, #1962, .T. ) ;
#3164 = DIRECTION ( 'NONE',  ( 3.469446951953613696E-16, 0.000000000000000000, -1.000000000000000000 ) ) ;
#3165 = LINE ( 'NONE', #1519, #1594 ) ;
#3166 = CIRCLE ( 'NONE', #2060, 5.000000000000004441 ) ;
#3167 = EDGE_CURVE ( 'NONE', #3210, #151, #1669, .T. ) ;
#3168 = EDGE_CURVE ( 'NONE', #25, #1344, #3606, .T. ) ;
#3169 = LINE ( 'NONE', #679, #2649 ) ;
#3170 = DIRECTION ( 'NONE',  ( 0.000000000000000000, 0.000000000000000000, -1.000000000000000000 ) ) ;
#3171 = CARTESIAN_POINT ( 'NONE',  ( -45.00000000000000711, -43.00000000000000000, 6.938893903907228378E-15 ) ) ;
#3172 = VECTOR ( 'NONE', #1102, 1000.000000000000000 ) ;
#3173 = VECTOR ( 'NONE', #2698, 1000.000000000000000 ) ;
#3174 = DIRECTION ( 'NONE',  ( -0.000000000000000000, -1.000000000000000000, -0.000000000000000000 ) ) ;
#3175 = CARTESIAN_POINT ( 'NONE',  ( 65.00000000000000000, -39.99999999999999289, -209.0000000000000284 ) ) ;
#3176 = EDGE_LOOP ( 'NONE', ( #131, #27, #2858, #1714 ) ) ;
#3177 = CARTESIAN_POINT ( 'NONE',  ( 164.9999999999999432, 3.000000000000000000, -248.9999999999999716 ) ) ;
#3178 = EDGE_LOOP ( 'NONE', ( #2596, #2598, #3423, #559 ) ) ;
#3179 = EDGE_CURVE ( 'NONE', #2996, #3298, #1430, .T. ) ;
#3180 = CARTESIAN_POINT ( 'NONE',  ( -45.00000000000000711, 3.000000000000000000, -59.99999999999999289 ) ) ;
#3181 = VERTEX_POINT ( 'NONE', #597 ) ;
#3182 = ORIENTED_EDGE ( 'NONE', *, *, #817, .T. ) ;
#3183 = ORIENTED_EDGE ( 'NONE', *, *, #3049, .T. ) ;
#3184 = DIRECTION ( 'NONE',  ( -0.000000000000000000, -1.000000000000000000, 0.000000000000000000 ) ) ;
#3185 = CARTESIAN_POINT ( 'NONE',  ( 6.938893903907228378E-15, 3.000000000000000000, 9.999999999999984013 ) ) ;
#3186 = VECTOR ( 'NONE', #1987, 1000.000000000000000 ) ;
#3187 = CARTESIAN_POINT ( 'NONE',  ( 6.938893903907228378E-15, -43.00000000000000000, 9.999999999999984013 ) ) ;
#3188 = APPROVAL_ROLE ( '' ) ;
#3189 = DIRECTION ( 'NONE',  ( -1.541976423090491492E-15, 0.000000000000000000, -1.000000000000000000 ) ) ;
#3190 = EDGE_LOOP ( 'NONE', ( #1845, #1543, #612, #1829 ) ) ;
#3191 = ORIENTED_EDGE ( 'NONE', *, *, #3128, .T. ) ;
#3192 = CARTESIAN_POINT ( 'NONE',  ( -5.000000000000071054, 3.000000000000000000, -209.0000000000000284 ) ) ;
#3193 = ORIENTED_EDGE ( 'NONE', *, *, #3303, .F. ) ;
#3194 = DIRECTION ( 'NONE',  ( 0.000000000000000000, 0.000000000000000000, -1.000000000000000000 ) ) ;
#3195 = ADVANCED_FACE ( 'NONE', ( #812 ), #2535, .F. ) ;
#3196 = DIRECTION ( 'NONE',  ( 1.000000000000000000, 0.000000000000000000, -0.000000000000000000 ) ) ;
#3197 = ORIENTED_EDGE ( 'NONE', *, *, #1266, .T. ) ;
#3198 = ORIENTED_EDGE ( 'NONE', *, *, #625, .T. ) ;
#3199 = ORIENTED_EDGE ( 'NONE', *, *, #2974, .T. ) ;
#3200 = DIRECTION ( 'NONE',  ( -2.392722035830077493E-16, 0.000000000000000000, -1.000000000000000000 ) ) ;
#3201 = EDGE_LOOP ( 'NONE', ( #1263, #994, #2661, #3342 ) ) ;
#3202 = CARTESIAN_POINT ( 'NONE',  ( -95.00000000000002842, 0.000000000000000000, -118.0000000000000284 ) ) ;
#3203 = LINE ( 'NONE', #183, #1567 ) ;
#3204 = VERTEX_POINT ( 'NONE', #869 ) ;
#3205 = CARTESIAN_POINT ( 'NONE',  ( 174.9999999999999432, -39.99999999999999289, -118.0000000000000284 ) ) ;
#3206 = ORIENTED_EDGE ( 'NONE', *, *, #3168, .F. ) ;
#3207 = VECTOR ( 'NONE', #3464, 1000.000000000000000 ) ;
#3208 = VERTEX_POINT ( 'NONE', #3098 ) ;
#3209 = LINE ( 'NONE', #2685, #3580 ) ;
#3210 = VERTEX_POINT ( 'NONE', #1121 ) ;
#3211 = LINE ( 'NONE', #2303, #1249 ) ;
#3212 = ORIENTED_EDGE ( 'NONE', *, *, #362, .F. ) ;
#3213 = EDGE_CURVE ( 'NONE', #589, #165, #296, .T. ) ;
#3214 = AXIS2_PLACEMENT_3D ( 'NONE', #2411, #2177, #1597 ) ;
#3215 = ADVANCED_FACE ( 'NONE', ( #2267 ), #1699, .F. ) ;
#3216 = DIRECTION ( 'NONE',  ( -0.000000000000000000, -1.000000000000000000, -0.000000000000000000 ) ) ;
#3217 = VERTEX_POINT ( 'NONE', #1105 ) ;
#3218 = CIRCLE ( 'NONE', #2982, 10.00000000000000888 ) ;
#3219 = EDGE_LOOP ( 'NONE', ( #1115, #2128, #2677, #155 ) ) ;
#3220 = EDGE_LOOP ( 'NONE', ( #2147, #1566, #2810, #3581, #3199, #1008, #917, #2876, #2635, #3320, #35, #2109, #3006, #213, #333 ) ) ;
#3221 = VERTEX_POINT ( 'NONE', #3025 ) ;
#3222 = CIRCLE ( 'NONE', #3161, 60.00000000000000000 ) ;
#3223 = CARTESIAN_POINT ( 'NONE',  ( -105.0000000000000142, 0.000000000000000000, -200.9999999999999432 ) ) ;
#3224 = LINE ( 'NONE', #447, #1089 ) ;
#3225 = CALENDAR_DATE ( 2026, 31, 7 ) ;
#3226 = DIRECTION ( 'NONE',  ( 0.000000000000000000, 0.000000000000000000, -1.000000000000000000 ) ) ;
#3227 = ORIENTED_EDGE ( 'NONE', *, *, #3163, .T. ) ;
#3228 = VERTEX_POINT ( 'NONE', #33 ) ;
#3229 = AXIS2_PLACEMENT_3D ( 'NONE', #3317, #265, #1384 ) ;
#3230 = EDGE_LOOP ( 'NONE', ( #2241, #1783, #879, #849 ) ) ;
#3231 = LINE ( 'NONE', #745, #1429 ) ;
#3232 = CIRCLE ( 'NONE', #2585, 5.000000000000004441 ) ;
#3233 = DIRECTION ( 'NONE',  ( -1.000000000000000000, 0.000000000000000000, -6.938893903907207867E-15 ) ) ;
#3234 = CIRCLE ( 'NONE', #913, 9.999999999999994671 ) ;
#3235 = ORIENTED_EDGE ( 'NONE', *, *, #2998, .T. ) ;
#3236 = FACE_OUTER_BOUND ( 'NONE', #2443, .T. ) ;
#3237 = ORIENTED_EDGE ( 'NONE', *, *, #2563, .T. ) ;
#3238 = EDGE_CURVE ( 'NONE', #2737, #224, #2212, .T. ) ;
#3239 = CC_DESIGN_APPROVAL ( #929, ( #2429 ) ) ;
#3240 = DIRECTION ( 'NONE',  ( -0.000000000000000000, -1.000000000000000000, -0.000000000000000000 ) ) ;
#3241 = EDGE_LOOP ( 'NONE', ( #409, #2231, #2749, #1434 ) ) ;
#3242 = CARTESIAN_POINT ( 'NONE',  ( -115.0000000000000000, -39.99999999999999289, -59.99999999999999289 ) ) ;
#3243 = ADVANCED_FACE ( 'NONE', ( #828 ), #2230, .F. ) ;
#3244 = LINE ( 'NONE', #2955, #3173 ) ;
#3245 = APPLICATION_PROTOCOL_DEFINITION ( 'international standard', 'config_control_design', 1994, #1235 ) ;
#3246 = ORIENTED_EDGE ( 'NONE', *, *, #2529, .F. ) ;
#3247 = DIRECTION ( 'NONE',  ( 0.000000000000000000, -1.000000000000000000, 0.000000000000000000 ) ) ;
#3248 = VERTEX_POINT ( 'NONE', #281 ) ;
#3249 = ORIENTED_EDGE ( 'NONE', *, *, #1997, .F. ) ;
#3250 = ADVANCED_FACE ( 'NONE', ( #2514 ), #3041, .T. ) ;
#3251 = VERTEX_POINT ( 'NONE', #3575 ) ;
#3252 = DIRECTION ( 'NONE',  ( 1.000000000000000000, -0.000000000000000000, -0.000000000000000000 ) ) ;
#3253 = DIRECTION ( 'NONE',  ( 0.000000000000000000, -1.000000000000000000, 0.000000000000000000 ) ) ;
#3254 = VECTOR ( 'NONE', #2778, 1000.000000000000000 ) ;
#3255 = ORIENTED_EDGE ( 'NONE', *, *, #3436, .F. ) ;
#3256 = LINE ( 'NONE', #3286, #1836 ) ;
#3257 = FACE_OUTER_BOUND ( 'NONE', #172, .T. ) ;
#3258 = ORIENTED_EDGE ( 'NONE', *, *, #753, .F. ) ;
#3259 = DIRECTION ( 'NONE',  ( 0.000000000000000000, 0.000000000000000000, -1.000000000000000000 ) ) ;
#3260 = ADVANCED_FACE ( 'NONE', ( #3081 ), #885, .F. ) ;
#3261 = EDGE_CURVE ( 'NONE', #3354, #1326, #340, .T. ) ;
#3262 = DIRECTION ( 'NONE',  ( -0.000000000000000000, -0.000000000000000000, -1.000000000000000000 ) ) ;
#3263 = CARTESIAN_POINT ( 'NONE',  ( 165.0000000000000000, -39.99999999999999289, -60.00000000000002132 ) ) ;
#3264 = ORIENTED_EDGE ( 'NONE', *, *, #3145, .T. ) ;
#3265 = CARTESIAN_POINT ( 'NONE',  ( -115.0000000000000000, 3.000000000000000000, -190.9999999999999432 ) ) ;
#3266 = PLANE ( 'NONE',  #192 ) ;
#3267 = ORIENTED_EDGE ( 'NONE', *, *, #1461, .T. ) ;
#3268 = CARTESIAN_POINT ( 'NONE',  ( -50.00000000000000000, 3.000000000000000000, 4.807406984078617107 ) ) ;
#3269 = CARTESIAN_POINT ( 'NONE',  ( -105.0000000000000142, -43.00000000000000000, -248.9999999999999432 ) ) ;
#3270 = CIRCLE ( 'NONE', #716, 5.000000000000000000 ) ;
#3271 = VECTOR ( 'NONE', #54, 1000.000000000000000 ) ;
#3272 = ORIENTED_EDGE ( 'NONE', *, *, #271, .F. ) ;
#3273 = ORIENTED_EDGE ( 'NONE', *, *, #2855, .F. ) ;
#3274 = DIRECTION ( 'NONE',  ( 0.000000000000000000, 0.000000000000000000, -1.000000000000000000 ) ) ;
#3275 = AXIS2_PLACEMENT_3D ( 'NONE', #1264, #1302, #156 ) ;
#3276 = DIRECTION ( 'NONE',  ( 1.000000000000000000, 0.000000000000000000, 1.541976423090494894E-16 ) ) ;
#3277 = ORIENTED_EDGE ( 'NONE', *, *, #1318, .F. ) ;
#3278 = CYLINDRICAL_SURFACE ( 'NONE', #2915, 60.00000000000000000 ) ;
#3279 = VERTEX_POINT ( 'NONE', #1489 ) ;
#3280 = EDGE_CURVE ( 'NONE', #224, #731, #2023, .T. ) ;
#3281 = EDGE_CURVE ( 'NONE', #110, #177, #3297, .T. ) ;
#3282 = VERTEX_POINT ( 'NONE', #1794 ) ;
#3283 = LINE ( 'NONE', #792, #1262 ) ;
#3284 = DIRECTION ( 'NONE',  ( -1.000000000000000000, 0.000000000000000000, 0.000000000000000000 ) ) ;
#3285 = EDGE_CURVE ( 'NONE', #731, #2474, #2899, .T. ) ;
#3286 = CARTESIAN_POINT ( 'NONE',  ( -115.0000000000000000, -39.99999999999999289, -248.9999999999999432 ) ) ;
#3287 = DIRECTION ( 'NONE',  ( 0.000000000000000000, 0.000000000000000000, -1.000000000000000000 ) ) ;
#3288 = AXIS2_PLACEMENT_3D ( 'NONE', #2010, #1490, #2042 ) ;
#3289 = CARTESIAN_POINT ( 'NONE',  ( 65.00000000000002842, 0.000000000000000000, -99.99999999999994316 ) ) ;
#3290 = VECTOR ( 'NONE', #3055, 1000.000000000000000 ) ;
#3291 = CARTESIAN_POINT ( 'NONE',  ( 2.449293598294700991E-15, 3.000000000000000000, -318.9999999999999432 ) ) ;
#3292 = DIRECTION ( 'NONE',  ( 0.000000000000000000, 0.000000000000000000, 1.000000000000000000 ) ) ;
#3293 = ORIENTED_EDGE ( 'NONE', *, *, #353, .T. ) ;
#3294 = DIRECTION ( 'NONE',  ( -3.469446951953614189E-16, -0.000000000000000000, -1.000000000000000000 ) ) ;
#3295 = PLANE ( 'NONE',  #2471 ) ;
#3296 = DIRECTION ( 'NONE',  ( 1.000000000000000000, 0.000000000000000000, -6.938893903907222461E-16 ) ) ;
#3297 = CIRCLE ( 'NONE', #2665, 10.00000000000000000 ) ;
#3298 = VERTEX_POINT ( 'NONE', #108 ) ;
#3299 = DIRECTION ( 'NONE',  ( 9.570888143320313916E-16, 0.000000000000000000, 1.000000000000000000 ) ) ;
#3300 = FACE_OUTER_BOUND ( 'NONE', #455, .T. ) ;
#3301 = EDGE_CURVE ( 'NONE', #2996, #442, #1776, .T. ) ;
#3303 = EDGE_CURVE ( 'NONE', #3181, #1075, #2847, .T. ) ;
#3302 = DIRECTION ( 'NONE',  ( 3.083952846180982984E-15, 0.000000000000000000, 1.000000000000000000 ) ) ;
#3304 = AXIS2_PLACEMENT_3D ( 'NONE', #1673, #2503, #1388 ) ;
#3305 = ORIENTED_EDGE ( 'NONE', *, *, #3053, .F. ) ;
#3306 = AXIS2_PLACEMENT_3D ( 'NONE', #100, #1228, #2068 ) ;
#3307 = APPROVAL_ROLE ( '' ) ;
#3308 = DIRECTION ( 'NONE',  ( -3.469446951953614189E-16, -0.000000000000000000, -1.000000000000000000 ) ) ;
#3309 = CARTESIAN_POINT ( 'NONE',  ( 104.9999999999999005, 3.000000000000000000, -313.8074069840786251 ) ) ;
#3310 = ORIENTED_EDGE ( 'NONE', *, *, #2883, .T. ) ;
#3311 = DIRECTION ( 'NONE',  ( 0.000000000000000000, 0.000000000000000000, 1.000000000000000000 ) ) ;
#3312 = CYLINDRICAL_SURFACE ( 'NONE', #1720, 5.000000000000004441 ) ;
#3313 = FACE_OUTER_BOUND ( 'NONE', #1213, .T. ) ;
#3314 = ORIENTED_EDGE ( 'NONE', *, *, #3390, .F. ) ;
#3315 = CARTESIAN_POINT ( 'NONE',  ( -44.99999999999999289, 3.000000000000000000, -313.8074069840785683 ) ) ;
#3316 = VERTEX_POINT ( 'NONE', #2027 ) ;
#3317 = CARTESIAN_POINT ( 'NONE',  ( 0.000000000000000000, -39.99999999999999289, -10.00000000000001599 ) ) ;
#3318 = ORIENTED_EDGE ( 'NONE', *, *, #685, .T. ) ;
#3319 = FACE_OUTER_BOUND ( 'NONE', #266, .T. ) ;
#3320 = ORIENTED_EDGE ( 'NONE', *, *, #1621, .F. ) ;
#3321 = CC_DESIGN_PERSON_AND_ORGANIZATION_ASSIGNMENT ( #449, #1150, ( #2594 ) ) ;
#3322 = ADVANCED_FACE ( 'NONE', ( #1255 ), #2352, .T. ) ;
#3323 = CARTESIAN_POINT ( 'NONE',  ( -115.0000000000000000, 3.000000000000000000, -248.9999999999999432 ) ) ;
#3324 = DIRECTION ( 'NONE',  ( -1.541976423090491492E-15, 0.000000000000000000, -1.000000000000000000 ) ) ;
#3325 = VECTOR ( 'NONE', #184, 1000.000000000000000 ) ;
#3326 = VECTOR ( 'NONE', #1035, 1000.000000000000000 ) ;
#3327 = CARTESIAN_POINT ( 'NONE',  ( 109.6153846153845990, 0.000000000000000000, -0.1777781685428150849 ) ) ;
#3328 = EDGE_LOOP ( 'NONE', ( #196, #1497, #520, #748, #3108, #2095, #3249, #483, #3517, #2206 ) ) ;
#3329 = DIRECTION ( 'NONE',  ( -0.000000000000000000, -1.000000000000000000, -0.000000000000000000 ) ) ;
#3330 = DIRECTION ( 'NONE',  ( 0.000000000000000000, -1.000000000000000000, 0.000000000000000000 ) ) ;
#3331 = FACE_OUTER_BOUND ( 'NONE', #454, .T. ) ;
#3332 = ORIENTED_EDGE ( 'NONE', *, *, #2748, .T. ) ;
#3333 = DIRECTION ( 'NONE',  ( 0.000000000000000000, -1.000000000000000000, 0.000000000000000000 ) ) ;
#3334 = ORIENTED_EDGE ( 'NONE', *, *, #49, .T. ) ;
#3335 = CARTESIAN_POINT ( 'NONE',  ( -105.0000000000000142, -39.99999999999999289, -248.9999999999999432 ) ) ;
#3336 = ORIENTED_EDGE ( 'NONE', *, *, #2855, .T. ) ;
#3337 = CARTESIAN_POINT ( 'NONE',  ( -45.00000000000000711, 3.000000000000000000, 6.938893903907228378E-15 ) ) ;
#3338 = CARTESIAN_POINT ( 'NONE',  ( -104.8222218314571705, 0.000000000000000000, -253.6153846153845848 ) ) ;
#3339 = VECTOR ( 'NONE', #1256, 1000.000000000000000 ) ;
#3340 = CALENDAR_DATE ( 2026, 31, 7 ) ;
#3341 = LINE ( 'NONE', #858, #10 ) ;
#3342 = ORIENTED_EDGE ( 'NONE', *, *, #1351, .F. ) ;
#3343 = VECTOR ( 'NONE', #26, 1000.000000000000000 ) ;
#3344 = ORIENTED_EDGE ( 'NONE', *, *, #1352, .F. ) ;
#3345 = DIRECTION ( 'NONE',  ( -1.000000000000000000, -0.000000000000000000, -0.000000000000000000 ) ) ;
#3346 = EDGE_CURVE ( 'NONE', #1846, #206, #75, .T. ) ;
#3347 = ORIENTED_EDGE ( 'NONE', *, *, #652, .T. ) ;
#3348 = DIRECTION ( 'NONE',  ( 0.000000000000000000, -1.000000000000000000, 0.000000000000000000 ) ) ;
#3349 = DIRECTION ( 'NONE',  ( -3.469446951953614189E-16, 0.000000000000000000, 1.000000000000000000 ) ) ;
#3350 = CARTESIAN_POINT ( 'NONE',  ( 155.0000000000000000, 0.000000000000000000, -107.9999999999999858 ) ) ;
#3351 = AXIS2_PLACEMENT_3D ( 'NONE', #2195, #581, #3299 ) ;
#3352 = ORIENTED_EDGE ( 'NONE', *, *, #1461, .F. ) ;
#3353 = CARTESIAN_POINT ( 'NONE',  ( -5.000000000000015099, -39.99999999999999289, -99.99999999999998579 ) ) ;
#3354 = VERTEX_POINT ( 'NONE', #3429 ) ;
#3355 = CARTESIAN_POINT ( 'NONE',  ( 69.99999999999998579, 3.000000000000000000, -0.1250782228090913106 ) ) ;
#3356 = EDGE_LOOP ( 'NONE', ( #1406, #2704, #8, #2671 ) ) ;
#3357 = DIRECTION ( 'NONE',  ( 0.000000000000000000, 0.000000000000000000, -1.000000000000000000 ) ) ;
#3358 = CIRCLE ( 'NONE', #1620, 60.00000000000000000 ) ;
#3359 = DIRECTION ( 'NONE',  ( -1.000000000000000000, 0.000000000000000000, -3.061616997868373280E-16 ) ) ;
#3360 = ADVANCED_FACE ( 'NONE', ( #2058 ), #2826, .F. ) ;
#3361 = CARTESIAN_POINT ( 'NONE',  ( 174.9999999999999432, -39.99999999999999289, -248.9999999999999716 ) ) ;
#3362 = AXIS2_PLACEMENT_3D ( 'NONE', #3067, #61, #586 ) ;
#3363 = AXIS2_PLACEMENT_3D ( 'NONE', #330, #1442, #3110 ) ;
#3364 = ORIENTED_EDGE ( 'NONE', *, *, #2752, .T. ) ;
#3365 = DIRECTION ( 'NONE',  ( 0.000000000000000000, 1.000000000000000000, -0.000000000000000000 ) ) ;
#3366 = ORIENTED_EDGE ( 'NONE', *, *, #1352, .T. ) ;
#3367 = CARTESIAN_POINT ( 'NONE',  ( 104.9999999999999574, 0.000000000000000000, -60.00000000000001421 ) ) ;
#3368 = EDGE_CURVE ( 'NONE', #1002, #961, #1200, .T. ) ;
#3369 = EDGE_CURVE ( 'NONE', #3518, #51, #3393, .T. ) ;
#3370 = DIRECTION ( 'NONE',  ( 1.387778780781444492E-15, 0.000000000000000000, -1.000000000000000000 ) ) ;
#3371 = DIRECTION ( 'NONE',  ( -8.673617379884035472E-16, 0.000000000000000000, 1.000000000000000000 ) ) ;
#3372 = PLANE ( 'NONE',  #606 ) ;
#3373 = DIRECTION ( 'NONE',  ( 0.000000000000000000, 0.000000000000000000, -1.000000000000000000 ) ) ;
#3374 = PLANE ( 'NONE',  #1374 ) ;
#3375 = ORIENTED_EDGE ( 'NONE', *, *, #1109, .T. ) ;
#3376 = CARTESIAN_POINT ( 'NONE',  ( 175.0000000000000000, -43.00000000000000000, -60.00000000000002132 ) ) ;
#3377 = ORIENTED_EDGE ( 'NONE', *, *, #353, .F. ) ;
#3378 = CARTESIAN_POINT ( 'NONE',  ( -115.0000000000000000, -43.00000000000000000, -248.9999999999999432 ) ) ;
#3379 = CARTESIAN_POINT ( 'NONE',  ( 65.00000000000000000, -39.99999999999999289, -209.0000000000000284 ) ) ;
#3380 = ORIENTED_EDGE ( 'NONE', *, *, #481, .F. ) ;
#3381 = CARTESIAN_POINT ( 'NONE',  ( 154.9999999999999716, -39.99999999999999289, -209.0000000000000568 ) ) ;
#3382 = ORIENTED_EDGE ( 'NONE', *, *, #3213, .T. ) ;
#3383 = DIRECTION ( 'NONE',  ( 0.000000000000000000, -1.000000000000000000, 0.000000000000000000 ) ) ;
#3384 = AXIS2_PLACEMENT_3D ( 'NONE', #3090, #2528, #2493 ) ;
#3385 = VECTOR ( 'NONE', #2625, 1000.000000000000000 ) ;
#3386 = VECTOR ( 'NONE', #444, 1000.000000000000000 ) ;
#3387 = FACE_OUTER_BOUND ( 'NONE', #1401, .T. ) ;
#3388 = DIRECTION ( 'NONE',  ( 0.000000000000000000, 0.000000000000000000, -1.000000000000000000 ) ) ;
#3389 = DIRECTION ( 'NONE',  ( 0.000000000000000000, 0.000000000000000000, -1.000000000000000000 ) ) ;
#3390 = EDGE_CURVE ( 'NONE', #1021, #2632, #2885, .T. ) ;
#3391 = EDGE_CURVE ( 'NONE', #2275, #2455, #903, .T. ) ;
#3392 = EDGE_CURVE ( 'NONE', #1472, #2104, #2317, .T. ) ;
#3393 = LINE ( 'NONE', #653, #466 ) ;
#3394 = CYLINDRICAL_SURFACE ( 'NONE', #3288, 60.00000000000002842 ) ;
#3395 = ORIENTED_EDGE ( 'NONE', *, *, #884, .F. ) ;
#3396 = DIRECTION ( 'NONE',  ( 1.000000000000000000, 0.000000000000000000, 0.000000000000000000 ) ) ;
#3397 = EDGE_CURVE ( 'NONE', #177, #3089, #2299, .T. ) ;
#3398 = DIRECTION ( 'NONE',  ( 0.000000000000000000, -0.000000000000000000, 1.000000000000000000 ) ) ;
#3399 = LINE ( 'NONE', #1710, #498 ) ;
#3400 = CIRCLE ( 'NONE', #1428, 89.99999999999991473 ) ;
#3401 = ORIENTED_EDGE ( 'NONE', *, *, #1488, .T. ) ;
#3402 = VECTOR ( 'NONE', #456, 1000.000000000000000 ) ;
#3403 = DIRECTION ( 'NONE',  ( -1.000000000000000000, -0.000000000000000000, -0.000000000000000000 ) ) ;
#3404 = ORIENTED_EDGE ( 'NONE', *, *, #214, .T. ) ;
#3405 = DIRECTION ( 'NONE',  ( -0.000000000000000000, -1.000000000000000000, -0.000000000000000000 ) ) ;
#3406 = AXIS2_PLACEMENT_3D ( 'NONE', #1856, #1581, #3519 ) ;
#3407 = DIRECTION ( 'NONE',  ( 2.392722035830077493E-16, -0.000000000000000000, 1.000000000000000000 ) ) ;
#3408 = VECTOR ( 'NONE', #3426, 1000.000000000000000 ) ;
#3409 = CARTESIAN_POINT ( 'NONE',  ( -109.8074069840786251, 0.000000000000000000, -248.9999999999999432 ) ) ;
#3410 = DIRECTION ( 'NONE',  ( -1.000000000000000000, 0.000000000000000000, 0.000000000000000000 ) ) ;
#3411 = LOCAL_TIME ( 13, 49, 3.000000000000000000, #1733 ) ;
#3412 = DIRECTION ( 'NONE',  ( -1.000000000000000000, -0.000000000000000000, -0.000000000000000000 ) ) ;
#3413 = DIRECTION ( 'NONE',  ( -0.000000000000000000, -1.000000000000000000, 0.000000000000000000 ) ) ;
#3414 = ORIENTED_EDGE ( 'NONE', *, *, #2835, .T. ) ;
#3415 = DIRECTION ( 'NONE',  ( -0.000000000000000000, 1.000000000000000000, -0.000000000000000000 ) ) ;
#3416 = EDGE_CURVE ( 'NONE', #107, #1879, #959, .T. ) ;
#3417 = EDGE_CURVE ( 'NONE', #2170, #2666, #3358, .T. ) ;
#3418 = DIRECTION ( 'NONE',  ( 0.000000000000000000, -1.000000000000000000, 0.000000000000000000 ) ) ;
#3419 = AXIS2_PLACEMENT_3D ( 'NONE', #2025, #3094, #3427 ) ;
#3420 = APPROVAL_PERSON_ORGANIZATION ( #3598, #2682, #3070 ) ;
#3421 = ORIENTED_EDGE ( 'NONE', *, *, #862, .F. ) ;
#3422 = LINE ( 'NONE', #117, #1285 ) ;
#3423 = ORIENTED_EDGE ( 'NONE', *, *, #552, .F. ) ;
#3424 = DIRECTION ( 'NONE',  ( -1.000000000000000000, 0.000000000000000000, 0.000000000000000000 ) ) ;
#3425 = VECTOR ( 'NONE', #673, 1000.000000000000000 ) ;
#3426 = DIRECTION ( 'NONE',  ( -0.000000000000000000, -1.000000000000000000, -0.000000000000000000 ) ) ;
#3427 = DIRECTION ( 'NONE',  ( -1.000000000000000000, 0.000000000000000000, -0.000000000000000000 ) ) ;
#3428 = DIRECTION ( 'NONE',  ( 0.000000000000000000, -1.000000000000000000, 0.000000000000000000 ) ) ;
#3429 = CARTESIAN_POINT ( 'NONE',  ( -45.00000000000000711, -39.99999999999999289, 9.999999999999984013 ) ) ;
#3430 = LINE ( 'NONE', #1810, #1086 ) ;
#3431 = ORIENTED_EDGE ( 'NONE', *, *, #3480, .F. ) ;
#3432 = LINE ( 'NONE', #1258, #1413 ) ;
#3433 = DIRECTION ( 'NONE',  ( 0.000000000000000000, 1.000000000000000000, -0.000000000000000000 ) ) ;
#3434 = ORIENTED_EDGE ( 'NONE', *, *, #3104, .T. ) ;
#3435 = PRODUCT_RELATED_PRODUCT_CATEGORY ( 'detail', '', ( #896 ) ) ;
#3436 = EDGE_CURVE ( 'NONE', #2374, #1655, #276, .T. ) ;
#3437 = ORIENTED_EDGE ( 'NONE', *, *, #1291, .T. ) ;
#3438 = DIRECTION ( 'NONE',  ( 0.000000000000000000, 0.000000000000000000, -1.000000000000000000 ) ) ;
#3439 = PLANE ( 'NONE',  #2168 ) ;
#3440 = AXIS2_PLACEMENT_3D ( 'NONE', #2958, #789, #1007 ) ;
#3441 = LINE ( 'NONE', #334, #2129 ) ;
#3442 = CARTESIAN_POINT ( 'NONE',  ( 174.9999999999999432, -39.99999999999999289, -118.0000000000000284 ) ) ;
#3443 = DIRECTION ( 'NONE',  ( 1.000000000000000000, 0.000000000000000000, 6.938893903907207078E-15 ) ) ;
#3444 = ORIENTED_EDGE ( 'NONE', *, *, #4, .F. ) ;
#3445 = EDGE_CURVE ( 'NONE', #2086, #218, #38, .T. ) ;
#3446 = ADVANCED_FACE ( 'NONE', ( #1774 ), #2038, .F. ) ;
#3447 = AXIS2_PLACEMENT_3D ( 'NONE', #2140, #3247, #758 ) ;
#3448 = DIRECTION ( 'NONE',  ( -0.000000000000000000, 1.000000000000000000, -0.000000000000000000 ) ) ;
#3449 = DIRECTION ( 'NONE',  ( 1.000000000000000000, -0.000000000000000000, 1.541976423090491492E-15 ) ) ;
#3450 = ORIENTED_EDGE ( 'NONE', *, *, #1244, .T. ) ;
#3451 = VECTOR ( 'NONE', #2602, 1000.000000000000000 ) ;
#3452 = LINE ( 'NONE', #413, #2695 ) ;
#3453 = VECTOR ( 'NONE', #3405, 1000.000000000000000 ) ;
#3454 = ORIENTED_EDGE ( 'NONE', *, *, #167, .T. ) ;
#3455 = CARTESIAN_POINT ( 'NONE',  ( 69.99999999999991473, 0.000000000000000000, -308.8749217771908775 ) ) ;
#3456 = ORIENTED_EDGE ( 'NONE', *, *, #1702, .T. ) ;
#3457 = DIRECTION ( 'NONE',  ( 0.000000000000000000, -0.000000000000000000, 1.000000000000000000 ) ) ;
#3458 = CARTESIAN_POINT ( 'NONE',  ( 169.9999999999999716, 3.000000000000000000, -65.00000000000001421 ) ) ;
#3459 = PERSON ( 'UNSPECIFIED', 'UNSPECIFIED', 'UNSPECIFIED', ('UNSPECIFIED'), ('UNSPECIFIED'), ('UNSPECIFIED') ) ;
#3460 = AXIS2_PLACEMENT_3D ( 'NONE', #245, #1092, #3578 ) ;
#3461 = EDGE_CURVE ( 'NONE', #2959, #2946, #1216, .T. ) ;
#3462 = LINE ( 'NONE', #973, #1147 ) ;
#3463 = DATE_TIME_ROLE ( 'creation_date' ) ;
#3464 = DIRECTION ( 'NONE',  ( -1.000000000000000000, -0.000000000000000000, -0.000000000000000000 ) ) ;
#3465 = ORIENTED_EDGE ( 'NONE', *, *, #1174, .T. ) ;
#3466 = AXIS2_PLACEMENT_3D ( 'NONE', #432, #379, #1471 ) ;
#3467 = CIRCLE ( 'NONE', #855, 5.000000000000000000 ) ;
#3468 = DIRECTION ( 'NONE',  ( 0.000000000000000000, 0.000000000000000000, -1.000000000000000000 ) ) ;
#3469 = CARTESIAN_POINT ( 'NONE',  ( -105.0000000000000142, 0.000000000000000000, -59.99999999999999289 ) ) ;
#3470 = EDGE_LOOP ( 'NONE', ( #3063, #345, #1164, #2709 ) ) ;
#3471 = DIRECTION ( 'NONE',  ( 1.387778780781444492E-15, 0.000000000000000000, -1.000000000000000000 ) ) ;
#3472 = CARTESIAN_POINT ( 'NONE',  ( -49.61538461538461320, 3.000000000000000000, -0.1777781685428220237 ) ) ;
#3473 = VERTEX_POINT ( 'NONE', #3409 ) ;
#3474 = ORIENTED_EDGE ( 'NONE', *, *, #327, .F. ) ;
#3475 = LINE ( 'NONE', #3513, #836 ) ;
#3476 = CARTESIAN_POINT ( 'NONE',  ( 175.0000000000000000, 0.000000000000000000, -60.00000000000002132 ) ) ;
#3477 = CARTESIAN_POINT ( 'NONE',  ( -110.0000000000000000, 0.000000000000000000, -59.99999999999999289 ) ) ;
#3478 = DIRECTION ( 'NONE',  ( -0.000000000000000000, -1.000000000000000000, 0.000000000000000000 ) ) ;
#3479 = EDGE_LOOP ( 'NONE', ( #3129, #1135, #2098, #3503 ) ) ;
#3480 = EDGE_CURVE ( 'NONE', #675, #632, #375, .T. ) ;
#3481 = EDGE_CURVE ( 'NONE', #441, #1626, #3150, .T. ) ;
#3482 = AXIS2_PLACEMENT_3D ( 'NONE', #944, #3418, #2083 ) ;
#3483 = ORIENTED_EDGE ( 'NONE', *, *, #1313, .T. ) ;
#3484 = FACE_OUTER_BOUND ( 'NONE', #1517, .T. ) ;
#3485 = VERTEX_POINT ( 'NONE', #920 ) ;
#3486 = CARTESIAN_POINT ( 'NONE',  ( 175.0000000000000000, 3.000000000000000000, -65.00000000000001421 ) ) ;
#3487 = VERTEX_POINT ( 'NONE', #391 ) ;
#3488 = DIRECTION ( 'NONE',  ( 0.000000000000000000, 0.000000000000000000, 1.000000000000000000 ) ) ;
#3489 = EDGE_CURVE ( 'NONE', #2559, #768, #578, .T. ) ;
#3490 = ORIENTED_EDGE ( 'NONE', *, *, #2393, .T. ) ;
#3491 = ORIENTED_EDGE ( 'NONE', *, *, #3392, .T. ) ;
#3492 = DIRECTION ( 'NONE',  ( -6.938893903907222461E-16, 0.000000000000000000, -1.000000000000000000 ) ) ;
#3493 = DIRECTION ( 'NONE',  ( 1.387778780781448042E-15, -0.000000000000000000, 1.000000000000000000 ) ) ;
#3494 = ORIENTED_EDGE ( 'NONE', *, *, #2032, .F. ) ;
#3495 = CARTESIAN_POINT ( 'NONE',  ( -40.00000000000000711, 0.000000000000000000, 9.999999999999984013 ) ) ;
#3496 = VERTEX_POINT ( 'NONE', #1160 ) ;
#3497 = EDGE_LOOP ( 'NONE', ( #2701, #719, #2841, #164 ) ) ;
#3498 = PLANE ( 'NONE',  #2820 ) ;
#3499 = CC_DESIGN_PERSON_AND_ORGANIZATION_ASSIGNMENT ( #1269, #472, ( #1842 ) ) ;
#3501 = EDGE_CURVE ( 'NONE', #231, #693, #2583, .T. ) ;
#3500 = CARTESIAN_POINT ( 'NONE',  ( -5.000000000000015099, -43.00000000000000000, -10.00000000000002309 ) ) ;
#3502 = VECTOR ( 'NONE', #1156, 1000.000000000000000 ) ;
#3503 = ORIENTED_EDGE ( 'NONE', *, *, #1292, .F. ) ;
#3504 = AXIS2_PLACEMENT_3D ( 'NONE', #1797, #2044, #128 ) ;
#3505 = DIRECTION ( 'NONE',  ( 0.000000000000000000, 0.000000000000000000, -1.000000000000000000 ) ) ;
#3506 = VERTEX_POINT ( 'NONE', #938 ) ;
#3507 = EDGE_CURVE ( 'NONE', #1323, #983, #1965, .T. ) ;
#3508 = VERTEX_POINT ( 'NONE', #53 ) ;
#3509 = VECTOR ( 'NONE', #3324, 1000.000000000000000 ) ;
#3510 = ORIENTED_EDGE ( 'NONE', *, *, #1798, .F. ) ;
#3511 = DIRECTION ( 'NONE',  ( 0.000000000000000000, 0.000000000000000000, 1.000000000000000000 ) ) ;
#3512 = EDGE_LOOP ( 'NONE', ( #1557, #1571, #3010, #2394 ) ) ;
#3513 = CARTESIAN_POINT ( 'NONE',  ( 155.0000000000000284, 3.000000000000000000, -99.99999999999994316 ) ) ;
#3514 = DIRECTION ( 'NONE',  ( 0.000000000000000000, 1.000000000000000000, -0.000000000000000000 ) ) ;
#3515 = ORIENTED_EDGE ( 'NONE', *, *, #2462, .F. ) ;
#3516 = FACE_OUTER_BOUND ( 'NONE', #194, .T. ) ;
#3517 = ORIENTED_EDGE ( 'NONE', *, *, #2217, .F. ) ;
#3518 = VERTEX_POINT ( 'NONE', #1232 ) ;
#3519 = DIRECTION ( 'NONE',  ( 0.000000000000000000, 0.000000000000000000, 1.000000000000000000 ) ) ;
#3520 = CARTESIAN_POINT ( 'NONE',  ( 0.000000000000000000, -43.00000000000000000, -10.00000000000001599 ) ) ;
#3521 = CIRCLE ( 'NONE', #1904, 89.99999999999997158 ) ;
#3522 = EDGE_LOOP ( 'NONE', ( #462, #3227, #292, #2668, #624, #1353, #2506, #3083, #3237, #1053 ) ) ;
#3523 = CARTESIAN_POINT ( 'NONE',  ( -95.00000000000002842, 3.000000000000000000, -209.0000000000000284 ) ) ;
#3524 = EDGE_LOOP ( 'NONE', ( #2914, #3474, #1800, #3572 ) ) ;
#3525 = DIRECTION ( 'NONE',  ( 0.000000000000000000, 0.000000000000000000, -1.000000000000000000 ) ) ;
#3526 = EDGE_CURVE ( 'NONE', #2301, #736, #2296, .T. ) ;
#3527 = EDGE_CURVE ( 'NONE', #859, #1564, #407, .T. ) ;
#3528 = DIRECTION ( 'NONE',  ( 0.000000000000000000, 0.000000000000000000, -1.000000000000000000 ) ) ;
#3529 = VERTEX_POINT ( 'NONE', #3442 ) ;
#3530 = CARTESIAN_POINT ( 'NONE',  ( 0.000000000000000000, 3.000000000000000000, -10.00000000000001599 ) ) ;
#3531 = AXIS2_PLACEMENT_3D ( 'NONE', #643, #1476, #363 ) ;
#3532 = FACE_OUTER_BOUND ( 'NONE', #1975, .T. ) ;
#3533 = VECTOR ( 'NONE', #666, 1000.000000000000000 ) ;
#3534 = FACE_OUTER_BOUND ( 'NONE', #1818, .T. ) ;
#3535 = VERTEX_POINT ( 'NONE', #616 ) ;
#3536 = LINE ( 'NONE', #776, #2881 ) ;
#3537 = DIRECTION ( 'NONE',  ( 0.000000000000000000, -1.000000000000000000, 0.000000000000000000 ) ) ;
#3538 = VECTOR ( 'NONE', #2740, 1000.000000000000000 ) ;
#3539 = VECTOR ( 'NONE', #631, 1000.000000000000000 ) ;
#3540 = DIRECTION ( 'NONE',  ( 0.000000000000000000, 0.000000000000000000, 1.000000000000000000 ) ) ;
#3541 = ORIENTED_EDGE ( 'NONE', *, *, #2634, .T. ) ;
#3542 = DIRECTION ( 'NONE',  ( 0.000000000000000000, 1.000000000000000000, 0.000000000000000000 ) ) ;
#3543 = ORIENTED_EDGE ( 'NONE', *, *, #596, .F. ) ;
#3544 = ORIENTED_EDGE ( 'NONE', *, *, #2882, .T. ) ;
#3545 = EDGE_CURVE ( 'NONE', #1712, #150, #2896, .T. ) ;
#3546 = DIRECTION ( 'NONE',  ( 0.000000000000000000, -0.000000000000000000, -1.000000000000000000 ) ) ;
#3547 = EDGE_CURVE ( 'NONE', #1445, #2775, #694, .T. ) ;
#3548 = FACE_OUTER_BOUND ( 'NONE', #1528, .T. ) ;
#3549 = EDGE_LOOP ( 'NONE', ( #1011, #3305, #1261, #280 ) ) ;
#3550 = CARTESIAN_POINT ( 'NONE',  ( 59.99999999999990763, 0.000000000000000000, -318.9999999999999432 ) ) ;
#3551 = VERTEX_POINT ( 'NONE', #30 ) ;
#3552 = DIRECTION ( 'NONE',  ( 0.000000000000000000, 0.000000000000000000, 1.000000000000000000 ) ) ;
#3553 = CARTESIAN_POINT ( 'NONE',  ( -9.500000000000005329, 3.000000000000000000, -298.8874295994717727 ) ) ;
#3554 = ADVANCED_FACE ( 'NONE', ( #335 ), #956, .T. ) ;
#3555 = VERTEX_POINT ( 'NONE', #1717 ) ;
#3556 = CIRCLE ( 'NONE', #3440, 89.99999999999997158 ) ;
#3557 = ORIENTED_EDGE ( 'NONE', *, *, #2743, .F. ) ;
#3558 = LINE ( 'NONE', #2161, #848 ) ;
#3559 = DIRECTION ( 'NONE',  ( 0.000000000000000000, 0.000000000000000000, 1.000000000000000000 ) ) ;
#3560 = EDGE_LOOP ( 'NONE', ( #2948, #1463, #2018, #1821 ) ) ;
#3561 = DIRECTION ( 'NONE',  ( 0.000000000000000000, 0.000000000000000000, 1.000000000000000000 ) ) ;
#3562 = VECTOR ( 'NONE', #3308, 1000.000000000000000 ) ;
#3563 = CIRCLE ( 'NONE', #2873, 5.000000000000004441 ) ;
#3564 = CARTESIAN_POINT ( 'NONE',  ( -105.0000000000000284, 0.000000000000000000, -118.0000000000000284 ) ) ;
#3565 = ORIENTED_EDGE ( 'NONE', *, *, #1175, .F. ) ;
#3566 = CARTESIAN_POINT ( 'NONE',  ( 104.9999999999999005, 0.000000000000000000, -313.8074069840786251 ) ) ;
#3567 = EDGE_CURVE ( 'NONE', #2684, #2301, #523, .T. ) ;
#3568 = ORIENTED_EDGE ( 'NONE', *, *, #3168, .T. ) ;
#3569 = ADVANCED_FACE ( 'NONE', ( #1447 ), #1742, .F. ) ;
#3570 = FACE_OUTER_BOUND ( 'NONE', #1348, .T. ) ;
#3571 = FACE_OUTER_BOUND ( 'NONE', #3030, .T. ) ;
#3572 = ORIENTED_EDGE ( 'NONE', *, *, #2520, .T. ) ;
#3573 = EDGE_LOOP ( 'NONE', ( #1729, #563, #1192, #2127 ) ) ;
#3574 = CIRCLE ( 'NONE', #1202, 5.000000000000000000 ) ;
#3575 = CARTESIAN_POINT ( 'NONE',  ( 59.99999999999991473, 3.000000000000000000, -308.8749217771908775 ) ) ;
#3576 = ORIENTED_EDGE ( 'NONE', *, *, #3527, .F. ) ;
#3577 = EDGE_CURVE ( 'NONE', #141, #1090, #1467, .T. ) ;
#3578 = DIRECTION ( 'NONE',  ( 1.000000000000000000, 0.000000000000000000, -0.000000000000000000 ) ) ;
#3579 = CARTESIAN_POINT ( 'NONE',  ( 65.00000000000002842, -43.00000000000000000, -99.99999999999994316 ) ) ;
#3580 = VECTOR ( 'NONE', #762, 1000.000000000000000 ) ;
#3581 = ORIENTED_EDGE ( 'NONE', *, *, #1286, .F. ) ;
#3582 = VECTOR ( 'NONE', #3403, 1000.000000000000000 ) ;
#3583 = DIRECTION ( 'NONE',  ( 0.000000000000000000, 0.000000000000000000, 1.000000000000000000 ) ) ;
#3584 = DIRECTION ( 'NONE',  ( 0.000000000000000000, -1.000000000000000000, 0.000000000000000000 ) ) ;
#3585 = ORIENTED_EDGE ( 'NONE', *, *, #1174, .F. ) ;
#3586 = DIRECTION ( 'NONE',  ( 0.000000000000000000, 0.000000000000000000, -1.000000000000000000 ) ) ;
#3587 = CARTESIAN_POINT ( 'NONE',  ( 154.9999999999999716, 3.000000000000000000, -201.0000000000000000 ) ) ;
#3588 = LINE ( 'NONE', #2771, #308 ) ;
#3589 = EDGE_CURVE ( 'NONE', #3181, #670, #2618, .T. ) ;
#3590 = EDGE_CURVE ( 'NONE', #984, #3016, #3203, .T. ) ;
#3591 = VECTOR ( 'NONE', #2756, 1000.000000000000000 ) ;
#3592 = EDGE_LOOP ( 'NONE', ( #2307, #805, #1271, #992 ) ) ;
#3593 = CARTESIAN_POINT ( 'NONE',  ( -115.0000000000000000, -43.00000000000000000, -59.99999999999999289 ) ) ;
#3594 = ORIENTED_EDGE ( 'NONE', *, *, #3567, .T. ) ;
#3595 = LINE ( 'NONE', #830, #1370 ) ;
#3596 = DIRECTION ( 'NONE',  ( 0.000000000000000000, -0.000000000000000000, 1.000000000000000000 ) ) ;
#3597 = CARTESIAN_POINT ( 'NONE',  ( 155.0000000000000284, -39.99999999999999289, -99.99999999999994316 ) ) ;
#3598 = PERSON_AND_ORGANIZATION ( #3459, #2199 ) ;
#3599 = CARTESIAN_POINT ( 'NONE',  ( 155.0000000000000000, 3.000000000000000000, -107.9999999999999858 ) ) ;
#3600 = DIRECTION ( 'NONE',  ( -6.938893903907222461E-16, 0.000000000000000000, -1.000000000000000000 ) ) ;
#3601 = ORIENTED_EDGE ( 'NONE', *, *, #1815, .T. ) ;
#3602 = CARTESIAN_POINT ( 'NONE',  ( 0.000000000000000000, 3.000000000000000000, -10.00000000000001599 ) ) ;
#3603 = CARTESIAN_POINT ( 'NONE',  ( -115.0000000000000000, 3.000000000000000000, -59.99999999999999289 ) ) ;
#3604 = CARTESIAN_POINT ( 'NONE',  ( -5.000000000000015099, -43.00000000000000000, -99.99999999999998579 ) ) ;
#3605 = ORIENTED_EDGE ( 'NONE', *, *, #2898, .T. ) ;
#3606 = LINE ( 'NONE', #3593, #2832 ) ;
#3607 = CARTESIAN_POINT ( 'NONE',  ( -95.00000000000002842, 0.000000000000000000, -99.99999999999998579 ) ) ;
#3608 = VERTEX_POINT ( 'NONE', #3477 ) ;
#3609 = CARTESIAN_POINT ( 'NONE',  ( -105.0000000000000142, 3.000000000000000000, -248.9999999999999432 ) ) ;
#3610 = ADVANCED_FACE ( 'NONE', ( #1006 ), #2423, .F. ) ;
#3611 = DIRECTION ( 'NONE',  ( 0.000000000000000000, 0.000000000000000000, 1.000000000000000000 ) ) ;
ENDSEC;
END-ISO-10303-21;
