ISO-10303-21;
HEADER;
FILE_DESCRIPTION (( 'STEP AP203' ),
    '1' );
FILE_NAME ('Link1LShapeConnectorSide_Default_sldprt.STEP',
    '2026-07-31T10:18:49',
    ( '' ),
    ( '' ),
    'SwSTEP 2.0',
    'SolidWorks 2025',
    '' );
FILE_SCHEMA (( 'CONFIG_CONTROL_DESIGN' ));
ENDSEC;

DATA;
#1 = DIRECTION ( 'NONE',  ( -1.000000000000000000, 0.000000000000000000, -0.000000000000000000 ) ) ;
#2 = VERTEX_POINT ( 'NONE', #1421 ) ;
#3 = DIRECTION ( 'NONE',  ( 0.000000000000000000, 1.000000000000000000, 0.000000000000000000 ) ) ;
#4 = EDGE_CURVE ( 'NONE', #896, #1233, #203, .T. ) ;
#5 = CIRCLE ( 'NONE', #391, 2.099999999999999645 ) ;
#6 = SHAPE_DEFINITION_REPRESENTATION ( #99, #1040 ) ;
#7 = ADVANCED_FACE ( 'NONE', ( #589, #1313, #950, #513, #302, #66, #524, #479, #1274, #294 ), #1037, .T. ) ;
#8 = FACE_BOUND ( 'NONE', #331, .T. ) ;
#9 = ORIENTED_EDGE ( 'NONE', *, *, #968, .T. ) ;
#10 = CARTESIAN_POINT ( 'NONE',  ( -80.25000000000000000, 20.00000000000000000, 20.00000000000000711 ) ) ;
#11 = DIRECTION ( 'NONE',  ( 1.000000000000000000, 0.000000000000000000, -3.590534112833708514E-16 ) ) ;
#12 = ADVANCED_FACE ( 'NONE', ( #1160 ), #1152, .F. ) ;
#13 = DIRECTION ( 'NONE',  ( 0.000000000000000000, 0.000000000000000000, 1.000000000000000000 ) ) ;
#14 = EDGE_LOOP ( 'NONE', ( #454, #934, #9, #1282 ) ) ;
#15 = LINE ( 'NONE', #53, #388 ) ;
#16 = EDGE_CURVE ( 'NONE', #1309, #23, #15, .T. ) ;
#17 = ORIENTED_EDGE ( 'NONE', *, *, #754, .T. ) ;
#18 = CYLINDRICAL_SURFACE ( 'NONE', #671, 9.750000000000000000 ) ;
#19 = CARTESIAN_POINT ( 'NONE',  ( 90.00000000000000000, 20.00000000000000000, 20.00000000000001066 ) ) ;
#20 = ORIENTED_EDGE ( 'NONE', *, *, #128, .F. ) ;
#21 = EDGE_CURVE ( 'NONE', #1159, #753, #619, .T. ) ;
#22 = CARTESIAN_POINT ( 'NONE',  ( 14.84924240491747582, 20.00000000000000000, 12.74924240491752592 ) ) ;
#23 = VERTEX_POINT ( 'NONE', #849 ) ;
#24 = EDGE_CURVE ( 'NONE', #700, #939, #168, .T. ) ;
#25 = CIRCLE ( 'NONE', #827, 6.299999999999999822 ) ;
#26 = VECTOR ( 'NONE', #796, 1000.000000000000000 ) ;
#27 = DIRECTION ( 'NONE',  ( -0.000000000000000000, 1.000000000000000000, -0.000000000000000000 ) ) ;
#28 = ORIENTED_EDGE ( 'NONE', *, *, #445, .F. ) ;
#29 = CYLINDRICAL_SURFACE ( 'NONE', #763, 2.100000000000002753 ) ;
#30 = CARTESIAN_POINT ( 'NONE',  ( 30.00000000000000000, 0.000000000000000000, -10.00000000000000000 ) ) ;
#31 = CARTESIAN_POINT ( 'NONE',  ( 14.84924240491768188, -5.939696961967007027, -16.94924240491731737 ) ) ;
#32 = VERTEX_POINT ( 'NONE', #701 ) ;
#33 = ORIENTED_EDGE ( 'NONE', *, *, #218, .F. ) ;
#34 = LINE ( 'NONE', #915, #949 ) ;
#35 = DIRECTION ( 'NONE',  ( -0.000000000000000000, -1.000000000000000000, -0.000000000000000000 ) ) ;
#36 = ORIENTED_EDGE ( 'NONE', *, *, #16, .T. ) ;
#37 = CARTESIAN_POINT ( 'NONE',  ( 21.00000000000000000, 20.00000000000000000, 2.100000000000000533 ) ) ;
#38 = ORIENTED_EDGE ( 'NONE', *, *, #195, .F. ) ;
#39 = DIRECTION ( 'NONE',  ( 0.000000000000000000, 1.000000000000000000, 0.000000000000000000 ) ) ;
#40 = DIRECTION ( 'NONE',  ( 0.000000000000000000, 0.000000000000000000, 1.000000000000000000 ) ) ;
#41 = ORIENTED_EDGE ( 'NONE', *, *, #600, .T. ) ;
#42 = DIRECTION ( 'NONE',  ( 0.000000000000000000, 1.000000000000000000, 0.000000000000000000 ) ) ;
#43 = LINE ( 'NONE', #515, #1401 ) ;
#44 = DIRECTION ( 'NONE',  ( -0.000000000000000000, 1.000000000000000000, -0.000000000000000000 ) ) ;
#45 = VECTOR ( 'NONE', #1257, 1000.000000000000000 ) ;
#46 = CARTESIAN_POINT ( 'NONE',  ( 30.00000000000000000, 20.00000000000000000, -10.00000000000000000 ) ) ;
#47 = AXIS2_PLACEMENT_3D ( 'NONE', #1063, #1380, #991 ) ;
#48 = ORIENTED_EDGE ( 'NONE', *, *, #16, .F. ) ;
#49 = CIRCLE ( 'NONE', #1452, 30.00000000000000000 ) ;
#50 = AXIS2_PLACEMENT_3D ( 'NONE', #733, #863, #744 ) ;
#51 = LINE ( 'NONE', #190, #408 ) ;
#52 = ORIENTED_EDGE ( 'NONE', *, *, #500, .T. ) ;
#53 = CARTESIAN_POINT ( 'NONE',  ( -90.00000000000000000, -63.24555320336758513, -10.00000000000000000 ) ) ;
#54 = DIRECTION ( 'NONE',  ( -1.000000000000000000, 0.000000000000000000, -0.000000000000000000 ) ) ;
#55 = CARTESIAN_POINT ( 'NONE',  ( 0.000000000000000000, 0.000000000000000000, 0.000000000000000000 ) ) ;
#56 = EDGE_LOOP ( 'NONE', ( #709, #1420, #1178, #1465 ) ) ;
#57 = DIRECTION ( 'NONE',  ( -0.000000000000000000, -1.000000000000000000, -0.000000000000000000 ) ) ;
#58 = EDGE_LOOP ( 'NONE', ( #52, #1071, #848, #831 ) ) ;
#59 = CARTESIAN_POINT ( 'NONE',  ( 7.715274834628325378E-16, -63.24555320336758513, -6.299999999999999822 ) ) ;
#60 = PERSON_AND_ORGANIZATION ( #446, #1005 ) ;
#61 = CYLINDRICAL_SURFACE ( 'NONE', #1471, 9.750000000000000000 ) ;
#62 = APPROVAL ( #1423, 'UNSPECIFIED' ) ;
#63 = ORIENTED_EDGE ( 'NONE', *, *, #779, .F. ) ;
#64 = LINE ( 'NONE', #176, #458 ) ;
#65 = ORIENTED_EDGE ( 'NONE', *, *, #1072, .T. ) ;
#66 = FACE_BOUND ( 'NONE', #177, .T. ) ;
#67 = DIRECTION ( 'NONE',  ( 0.000000000000000000, 1.000000000000000000, 0.000000000000000000 ) ) ;
#68 = VECTOR ( 'NONE', #770, 1000.000000000000000 ) ;
#69 = CARTESIAN_POINT ( 'NONE',  ( -7.306393228788485917E-14, 20.00000000000000000, 18.89999999999999858 ) ) ;
#70 = DATE_AND_TIME ( #318, #1104 ) ;
#71 = DIRECTION ( 'NONE',  ( -0.000000000000000000, 1.000000000000000000, -0.000000000000000000 ) ) ;
#72 = DIRECTION ( 'NONE',  ( 0.000000000000000000, 0.000000000000000000, 1.000000000000000000 ) ) ;
#73 = EDGE_CURVE ( 'NONE', #812, #860, #919, .T. ) ;
#74 = AXIS2_PLACEMENT_3D ( 'NONE', #1057, #35, #40 ) ;
#75 = CIRCLE ( 'NONE', #1124, 2.100000000000000533 ) ;
#76 = ORIENTED_EDGE ( 'NONE', *, *, #1107, .T. ) ;
#77 = DIRECTION ( 'NONE',  ( 0.000000000000000000, 1.000000000000000000, 0.000000000000000000 ) ) ;
#78 = DIRECTION ( 'NONE',  ( -0.000000000000000000, 1.000000000000000000, -0.000000000000000000 ) ) ;
#79 = DIRECTION ( 'NONE',  ( -1.000000000000000000, -0.000000000000000000, 5.129334446905298846E-17 ) ) ;
#80 = ADVANCED_FACE ( 'NONE', ( #1404 ), #284, .F. ) ;
#81 = ORIENTED_EDGE ( 'NONE', *, *, #556, .T. ) ;
#82 = CARTESIAN_POINT ( 'NONE',  ( -90.00000000000000000, 0.000000000000000000, 10.00000000000000000 ) ) ;
#83 = CARTESIAN_POINT ( 'NONE',  ( 90.00000000000000000, -63.24555320336758513, -10.00000000000000000 ) ) ;
#84 = APPROVAL_DATE_TIME ( #435, #62 ) ;
#85 = CC_DESIGN_PERSON_AND_ORGANIZATION_ASSIGNMENT ( #551, #979, ( #519 ) ) ;
#86 = DIRECTION ( 'NONE',  ( -0.000000000000000000, 1.000000000000000000, -0.000000000000000000 ) ) ;
#87 = DIRECTION ( 'NONE',  ( -0.000000000000000000, 1.000000000000000000, -0.000000000000000000 ) ) ;
#88 = ORIENTED_EDGE ( 'NONE', *, *, #1425, .T. ) ;
#89 = DIRECTION ( 'NONE',  ( 0.000000000000000000, 0.000000000000000000, 1.000000000000000000 ) ) ;
#90 = CYLINDRICAL_SURFACE ( 'NONE', #806, 9.750000000000000000 ) ;
#91 = APPROVAL_STATUS ( 'not_yet_approved' ) ;
#92 = AXIS2_PLACEMENT_3D ( 'NONE', #425, #870, #1328 ) ;
#93 = CARTESIAN_POINT ( 'NONE',  ( 2.202205001749383553E-13, 0.000000000000000000, -23.09999999999999787 ) ) ;
#94 = DIRECTION ( 'NONE',  ( 0.000000000000000000, 0.000000000000000000, 1.000000000000000000 ) ) ;
#95 = ORIENTED_EDGE ( 'NONE', *, *, #500, .F. ) ;
#96 = CARTESIAN_POINT ( 'NONE',  ( 0.000000000000000000, 0.000000000000000000, 0.000000000000000000 ) ) ;
#97 = AXIS2_PLACEMENT_3D ( 'NONE', #55, #297, #925 ) ;
#98 = AXIS2_PLACEMENT_3D ( 'NONE', #353, #585, #1283 ) ;
#99 = PRODUCT_DEFINITION_SHAPE ( 'NONE', 'NONE',  #344 ) ;
#100 = CARTESIAN_POINT ( 'NONE',  ( -7.332110811570580046E-14, -5.939696961967007027, 23.10000000000000142 ) ) ;
#101 = ADVANCED_FACE ( 'NONE', ( #535 ), #961, .F. ) ;
#102 = FACE_OUTER_BOUND ( 'NONE', #1429, .T. ) ;
#103 = FACE_BOUND ( 'NONE', #263, .T. ) ;
#104 = LINE ( 'NONE', #571, #419 ) ;
#105 = VERTEX_POINT ( 'NONE', #392 ) ;
#106 = CARTESIAN_POINT ( 'NONE',  ( -14.84924240491757885, 0.000000000000000000, 12.74924240491742289 ) ) ;
#107 = EDGE_CURVE ( 'NONE', #23, #105, #246, .T. ) ;
#108 = CARTESIAN_POINT ( 'NONE',  ( -90.00000000000000000, 20.00000000000000000, 20.00000000000001066 ) ) ;
#109 = DIRECTION ( 'NONE',  ( 0.000000000000000000, 0.000000000000000000, 1.000000000000000000 ) ) ;
#110 = ORIENTED_EDGE ( 'NONE', *, *, #1220, .T. ) ;
#111 = EDGE_CURVE ( 'NONE', #1233, #896, #5, .T. ) ;
#112 = ORIENTED_EDGE ( 'NONE', *, *, #895, .T. ) ;
#113 = VERTEX_POINT ( 'NONE', #178 ) ;
#114 = DIRECTION ( 'NONE',  ( -0.000000000000000000, -0.000000000000000000, -1.000000000000000000 ) ) ;
#115 = EDGE_CURVE ( 'NONE', #599, #862, #529, .T. ) ;
#116 = ORIENTED_EDGE ( 'NONE', *, *, #1460, .F. ) ;
#117 = CIRCLE ( 'NONE', #1223, 2.100000000000000977 ) ;
#118 = AXIS2_PLACEMENT_3D ( 'NONE', #794, #1180, #256 ) ;
#119 = CYLINDRICAL_SURFACE ( 'NONE', #490, 30.00000000000000000 ) ;
#120 = ORIENTED_EDGE ( 'NONE', *, *, #556, .F. ) ;
#121 = ADVANCED_FACE ( 'NONE', ( #869 ), #90, .T. ) ;
#122 = CARTESIAN_POINT ( 'NONE',  ( 30.00000000000000000, 0.000000000000000000, 10.00000000000000000 ) ) ;
#123 = EDGE_LOOP ( 'NONE', ( #1195, #1254, #1273, #614 ) ) ;
#124 = FACE_OUTER_BOUND ( 'NONE', #493, .T. ) ;
#125 = CARTESIAN_POINT ( 'NONE',  ( -80.25000000000000000, 20.00000000000000000, -19.99999999999998224 ) ) ;
#126 = VERTEX_POINT ( 'NONE', #226 ) ;
#127 = DIRECTION ( 'NONE',  ( 0.000000000000000000, 0.000000000000000000, -1.000000000000000000 ) ) ;
#128 = EDGE_CURVE ( 'NONE', #882, #690, #1053, .T. ) ;
#129 = ORIENTED_EDGE ( 'NONE', *, *, #1145, .T. ) ;
#130 = DIRECTION ( 'NONE',  ( 1.000000000000000000, 0.000000000000000000, 0.000000000000000000 ) ) ;
#131 = ORIENTED_EDGE ( 'NONE', *, *, #683, .T. ) ;
#132 = CARTESIAN_POINT ( 'NONE',  ( -14.84924240491737102, -5.939696961967007027, -14.84924240491763392 ) ) ;
#133 = CARTESIAN_POINT ( 'NONE',  ( -30.00000000000000000, 0.000000000000000000, -10.00000000000000000 ) ) ;
#134 = DIRECTION ( 'NONE',  ( 0.000000000000000000, 0.000000000000000000, 1.000000000000000000 ) ) ;
#135 = ORIENTED_EDGE ( 'NONE', *, *, #115, .T. ) ;
#136 = CARTESIAN_POINT ( 'NONE',  ( -7.306393228788485917E-14, -5.939696961967007027, 18.89999999999999858 ) ) ;
#137 = ADVANCED_FACE ( 'NONE', ( #1356 ), #675, .F. ) ;
#138 = ORIENTED_EDGE ( 'NONE', *, *, #1296, .T. ) ;
#139 = DIRECTION ( 'NONE',  ( -0.000000000000000000, 1.000000000000000000, -0.000000000000000000 ) ) ;
#140 = ORIENTED_EDGE ( 'NONE', *, *, #703, .T. ) ;
#141 = DIRECTION ( 'NONE',  ( 0.000000000000000000, 0.000000000000000000, 1.000000000000000000 ) ) ;
#142 = FACE_OUTER_BOUND ( 'NONE', #1369, .T. ) ;
#143 = CIRCLE ( 'NONE', #1046, 9.750000000000000000 ) ;
#144 = FACE_OUTER_BOUND ( 'NONE', #625, .T. ) ;
#145 = EDGE_LOOP ( 'NONE', ( #346, #1241 ) ) ;
#146 = CIRCLE ( 'NONE', #1289, 2.100000000000000533 ) ;
#147 = VECTOR ( 'NONE', #86, 1000.000000000000000 ) ;
#148 = ADVANCED_FACE ( 'NONE', ( #221 ), #907, .F. ) ;
#149 = CC_DESIGN_SECURITY_CLASSIFICATION ( #926, ( #519 ) ) ;
#150 = ORIENTED_EDGE ( 'NONE', *, *, #1235, .F. ) ;
#151 = CARTESIAN_POINT ( 'NONE',  ( 80.25000000000000000, 20.00000000000000000, 10.25000000000000533 ) ) ;
#152 = CARTESIAN_POINT ( 'NONE',  ( 0.000000000000000000, 20.00000000000000000, 6.299999999999999822 ) ) ;
#153 = AXIS2_PLACEMENT_3D ( 'NONE', #1470, #1463, #94 ) ;
#154 = PLANE ( 'NONE',  #858 ) ;
#155 = ORIENTED_EDGE ( 'NONE', *, *, #369, .F. ) ;
#156 = EDGE_CURVE ( 'NONE', #402, #841, #694, .T. ) ;
#157 = ORIENTED_EDGE ( 'NONE', *, *, #983, .T. ) ;
#158 = DIRECTION ( 'NONE',  ( 0.000000000000000000, -1.000000000000000000, 0.000000000000000000 ) ) ;
#159 = EDGE_CURVE ( 'NONE', #1062, #862, #104, .T. ) ;
#160 = DIRECTION ( 'NONE',  ( -1.000000000000000000, 0.000000000000000000, -3.590534112833708514E-16 ) ) ;
#161 = ORIENTED_EDGE ( 'NONE', *, *, #159, .F. ) ;
#162 = DIRECTION ( 'NONE',  ( -0.000000000000000000, 1.000000000000000000, -0.000000000000000000 ) ) ;
#163 = ORIENTED_EDGE ( 'NONE', *, *, #461, .T. ) ;
#164 = DIRECTION ( 'NONE',  ( -0.000000000000000000, 0.000000000000000000, -1.000000000000000000 ) ) ;
#165 = DIRECTION ( 'NONE',  ( 0.000000000000000000, 1.000000000000000000, 0.000000000000000000 ) ) ;
#166 = ORIENTED_EDGE ( 'NONE', *, *, #222, .F. ) ;
#167 = EDGE_CURVE ( 'NONE', #126, #1344, #1361, .T. ) ;
#168 = LINE ( 'NONE', #1207, #691 ) ;
#169 = CYLINDRICAL_SURFACE ( 'NONE', #1024, 2.100000000000000977 ) ;
#170 = ADVANCED_FACE ( 'NONE', ( #1259 ), #1139, .T. ) ;
#171 = VECTOR ( 'NONE', #702, 1000.000000000000000 ) ;
#172 = CYLINDRICAL_SURFACE ( 'NONE', #418, 2.100000000000000977 ) ;
#173 = AXIS2_PLACEMENT_3D ( 'NONE', #436, #724, #879 ) ;
#174 =( GEOMETRIC_REPRESENTATION_CONTEXT ( 3 ) GLOBAL_UNCERTAINTY_ASSIGNED_CONTEXT ( ( #929 ) ) GLOBAL_UNIT_ASSIGNED_CONTEXT ( ( #990, #970, #650 ) ) REPRESENTATION_CONTEXT ( 'NONE', 'WORKASPACE' ) );
#175 = ORIENTED_EDGE ( 'NONE', *, *, #222, .T. ) ;
#176 = CARTESIAN_POINT ( 'NONE',  ( 90.00000000000000000, 20.00000000000000000, 20.00000000000001066 ) ) ;
#177 = EDGE_LOOP ( 'NONE', ( #483, #1113 ) ) ;
#178 = CARTESIAN_POINT ( 'NONE',  ( -90.00000000000000000, 20.00000000000000000, -10.24999999999998224 ) ) ;
#179 = DIRECTION ( 'NONE',  ( 0.000000000000000000, 0.000000000000000000, 1.000000000000000000 ) ) ;
#180 = EDGE_CURVE ( 'NONE', #301, #834, #559, .T. ) ;
#181 = EDGE_LOOP ( 'NONE', ( #261, #751 ) ) ;
#182 = DIRECTION ( 'NONE',  ( 0.000000000000000000, 0.000000000000000000, 1.000000000000000000 ) ) ;
#183 = ORIENTED_EDGE ( 'NONE', *, *, #1034, .F. ) ;
#184 = ADVANCED_FACE ( 'NONE', ( #1112 ), #553, .F. ) ;
#185 = DIRECTION ( 'NONE',  ( 0.000000000000000000, 0.000000000000000000, 1.000000000000000000 ) ) ;
#186 = DIRECTION ( 'NONE',  ( -0.000000000000000000, -1.000000000000000000, -0.000000000000000000 ) ) ;
#187 = COORDINATED_UNIVERSAL_TIME_OFFSET ( 3, 30, .AHEAD. ) ;
#188 = CARTESIAN_POINT ( 'NONE',  ( -90.00000000000000000, -63.24555320336758513, 10.00000000000000000 ) ) ;
#189 = EDGE_LOOP ( 'NONE', ( #364, #667 ) ) ;
#190 = CARTESIAN_POINT ( 'NONE',  ( -30.00000000000000000, -63.24555320336758513, -10.00000000000000000 ) ) ;
#191 = AXIS2_PLACEMENT_3D ( 'NONE', #1084, #27, #1192 ) ;
#192 = DIRECTION ( 'NONE',  ( -0.000000000000000000, 0.000000000000000000, 1.000000000000000000 ) ) ;
#193 = CIRCLE ( 'NONE', #1422, 2.099999999999997868 ) ;
#194 = CARTESIAN_POINT ( 'NONE',  ( -80.25000000000000000, 20.00000000000000000, 20.00000000000000711 ) ) ;
#195 = EDGE_CURVE ( 'NONE', #690, #402, #998, .T. ) ;
#196 = ORIENTED_EDGE ( 'NONE', *, *, #73, .T. ) ;
#197 = AXIS2_PLACEMENT_3D ( 'NONE', #354, #811, #134 ) ;
#198 = VECTOR ( 'NONE', #563, 1000.000000000000000 ) ;
#199 = EDGE_LOOP ( 'NONE', ( #985, #140, #815, #65 ) ) ;
#200 = DIRECTION ( 'NONE',  ( 0.000000000000000000, 1.000000000000000000, 0.000000000000000000 ) ) ;
#201 = DIRECTION ( 'NONE',  ( 0.000000000000000000, 0.000000000000000000, 1.000000000000000000 ) ) ;
#202 = PERSON_AND_ORGANIZATION_ROLE ( 'creator' ) ;
#203 = CIRCLE ( 'NONE', #1149, 2.099999999999999645 ) ;
#204 = CARTESIAN_POINT ( 'NONE',  ( -14.84924240491757885, 0.000000000000000000, 14.84924240491742076 ) ) ;
#205 = ORIENTED_EDGE ( 'NONE', *, *, #1184, .T. ) ;
#206 = DIRECTION ( 'NONE',  ( 0.000000000000000000, 0.000000000000000000, 1.000000000000000000 ) ) ;
#207 = DATE_TIME_ROLE ( 'classification_date' ) ;
#208 = CARTESIAN_POINT ( 'NONE',  ( 0.000000000000000000, -63.24555320336758513, 6.299999999999999822 ) ) ;
#209 = CARTESIAN_POINT ( 'NONE',  ( -14.84924240491737102, 0.000000000000000000, -14.84924240491763392 ) ) ;
#210 = ORIENTED_EDGE ( 'NONE', *, *, #851, .F. ) ;
#211 = CARTESIAN_POINT ( 'NONE',  ( 80.25000000000000000, 20.00000000000000000, 20.00000000000000711 ) ) ;
#212 = EDGE_CURVE ( 'NONE', #730, #862, #1316, .T. ) ;
#213 = FACE_OUTER_BOUND ( 'NONE', #367, .T. ) ;
#214 = VERTEX_POINT ( 'NONE', #845 ) ;
#215 = CARTESIAN_POINT ( 'NONE',  ( -22.36067977499790871, 20.00000000000000000, 19.99999999999998579 ) ) ;
#216 = VECTOR ( 'NONE', #959, 1000.000000000000000 ) ;
#218 = EDGE_CURVE ( 'NONE', #375, #1358, #328, .T. ) ;
#217 = AXIS2_PLACEMENT_3D ( 'NONE', #1031, #1263, #233 ) ;
#219 = AXIS2_PLACEMENT_3D ( 'NONE', #1396, #382, #1068 ) ;
#220 = FACE_BOUND ( 'NONE', #1017, .T. ) ;
#221 = FACE_OUTER_BOUND ( 'NONE', #397, .T. ) ;
#222 = EDGE_CURVE ( 'NONE', #459, #1147, #1240, .T. ) ;
#223 = AXIS2_PLACEMENT_3D ( 'NONE', #1252, #1029, #1123 ) ;
#224 = ORIENTED_EDGE ( 'NONE', *, *, #288, .T. ) ;
#225 = CARTESIAN_POINT ( 'NONE',  ( -90.00000000000000000, 20.00000000000000000, 10.00000000000000000 ) ) ;
#226 = CARTESIAN_POINT ( 'NONE',  ( -22.36067977499790871, 0.000000000000000000, 19.99999999999998579 ) ) ;
#227 = CARTESIAN_POINT ( 'NONE',  ( -30.00000000000000000, 0.000000000000000000, -10.00000000000000000 ) ) ;
#228 = ORIENTED_EDGE ( 'NONE', *, *, #655, .T. ) ;
#229 = LINE ( 'NONE', #1229, #1004 ) ;
#230 = DIRECTION ( 'NONE',  ( 0.000000000000000000, 0.000000000000000000, 1.000000000000000000 ) ) ;
#231 = LINE ( 'NONE', #122, #820 ) ;
#232 = ORIENTED_EDGE ( 'NONE', *, *, #115, .F. ) ;
#233 = DIRECTION ( 'NONE',  ( 0.000000000000000000, 0.000000000000000000, 1.000000000000000000 ) ) ;
#234 = ORIENTED_EDGE ( 'NONE', *, *, #640, .T. ) ;
#235 = AXIS2_PLACEMENT_3D ( 'NONE', #713, #1278, #1174 ) ;
#236 = ORIENTED_EDGE ( 'NONE', *, *, #309, .F. ) ;
#237 = AXIS2_PLACEMENT_3D ( 'NONE', #272, #1436, #319 ) ;
#238 = PLANE ( 'NONE',  #654 ) ;
#239 = VECTOR ( 'NONE', #162, 1000.000000000000000 ) ;
#240 = EDGE_CURVE ( 'NONE', #1009, #1350, #1437, .T. ) ;
#241 = ORIENTED_EDGE ( 'NONE', *, *, #1460, .T. ) ;
#242 = DIRECTION ( 'NONE',  ( -0.000000000000000000, 1.000000000000000000, -0.000000000000000000 ) ) ;
#243 = PLANE ( 'NONE',  #1168 ) ;
#244 = CARTESIAN_POINT ( 'NONE',  ( -14.84924240491737102, -5.939696961967007027, -12.74924240491763072 ) ) ;
#245 = EDGE_LOOP ( 'NONE', ( #954, #166 ) ) ;
#246 = LINE ( 'NONE', #1078, #465 ) ;
#247 = CARTESIAN_POINT ( 'NONE',  ( -22.36067977499791581, 0.000000000000000000, -19.99999999999997868 ) ) ;
#248 = ORIENTED_EDGE ( 'NONE', *, *, #968, .F. ) ;
#249 = CARTESIAN_POINT ( 'NONE',  ( -21.00000000000000000, 0.000000000000000000, -2.100000000000146638 ) ) ;
#250 = DIRECTION ( 'NONE',  ( 0.000000000000000000, 0.000000000000000000, 1.000000000000000000 ) ) ;
#251 = CARTESIAN_POINT ( 'NONE',  ( -90.00000000000000000, 20.00000000000000000, -19.99999999999998224 ) ) ;
#252 = ORIENTED_EDGE ( 'NONE', *, *, #1296, .F. ) ;
#253 = CIRCLE ( 'NONE', #681, 9.750000000000000000 ) ;
#254 = AXIS2_PLACEMENT_3D ( 'NONE', #745, #192, #1208 ) ;
#255 = VERTEX_POINT ( 'NONE', #320 ) ;
#256 = DIRECTION ( 'NONE',  ( 0.000000000000000000, 0.000000000000000000, 1.000000000000000000 ) ) ;
#257 = DIRECTION ( 'NONE',  ( 3.590534112833708514E-16, 0.000000000000000000, -1.000000000000000000 ) ) ;
#258 = ADVANCED_FACE ( 'NONE', ( #866 ), #61, .T. ) ;
#259 = VECTOR ( 'NONE', #932, 1000.000000000000000 ) ;
#260 = CARTESIAN_POINT ( 'NONE',  ( -80.25000000000000000, 20.00000000000000000, 10.25000000000000711 ) ) ;
#261 = ORIENTED_EDGE ( 'NONE', *, *, #971, .F. ) ;
#262 = CIRCLE ( 'NONE', #1102, 9.750000000000000000 ) ;
#263 = EDGE_LOOP ( 'NONE', ( #565, #1295 ) ) ;
#264 = DIRECTION ( 'NONE',  ( -0.000000000000000000, 1.000000000000000000, -0.000000000000000000 ) ) ;
#265 = CYLINDRICAL_SURFACE ( 'NONE', #235, 2.100000000000000089 ) ;
#266 = ORIENTED_EDGE ( 'NONE', *, *, #1239, .T. ) ;
#267 = ORIENTED_EDGE ( 'NONE', *, *, #1011, .F. ) ;
#268 = DIRECTION ( 'NONE',  ( 0.000000000000000000, 0.000000000000000000, -1.000000000000000000 ) ) ;
#269 = ORIENTED_EDGE ( 'NONE', *, *, #167, .F. ) ;
#270 = EDGE_CURVE ( 'NONE', #395, #2, #1083, .T. ) ;
#271 = ORIENTED_EDGE ( 'NONE', *, *, #362, .F. ) ;
#272 = CARTESIAN_POINT ( 'NONE',  ( 2.199633243471174140E-13, 20.00000000000000000, -20.99999999999999645 ) ) ;
#273 = EDGE_CURVE ( 'NONE', #214, #1054, #1219, .T. ) ;
#274 = DIRECTION ( 'NONE',  ( 0.000000000000000000, 1.000000000000000000, 0.000000000000000000 ) ) ;
#275 = EDGE_LOOP ( 'NONE', ( #1325, #28 ) ) ;
#276 = DIRECTION ( 'NONE',  ( 0.000000000000000000, 0.000000000000000000, 1.000000000000000000 ) ) ;
#277 = PLANE ( 'NONE',  #564 ) ;
#278 = ORIENTED_EDGE ( 'NONE', *, *, #660, .T. ) ;
#279 = EDGE_CURVE ( 'NONE', #1206, #255, #1106, .T. ) ;
#280 = AXIS2_PLACEMENT_3D ( 'NONE', #307, #186, #1095 ) ;
#281 = ORIENTED_EDGE ( 'NONE', *, *, #1130, .F. ) ;
#282 = FACE_OUTER_BOUND ( 'NONE', #922, .T. ) ;
#283 = ORIENTED_EDGE ( 'NONE', *, *, #324, .T. ) ;
#284 = CYLINDRICAL_SURFACE ( 'NONE', #984, 6.299999999999999822 ) ;
#285 = DIRECTION ( 'NONE',  ( -0.000000000000000000, 1.000000000000000000, -0.000000000000000000 ) ) ;
#286 = EDGE_CURVE ( 'NONE', #1147, #459, #1097, .T. ) ;
#287 = CIRCLE ( 'NONE', #1397, 2.099999999999997868 ) ;
#288 = EDGE_CURVE ( 'NONE', #1156, #214, #898, .T. ) ;
#289 = APPROVAL_PERSON_ORGANIZATION ( #60, #767, #1000 ) ;
#290 = EDGE_LOOP ( 'NONE', ( #1410, #1030 ) ) ;
#291 = CARTESIAN_POINT ( 'NONE',  ( 90.00000000000000000, 0.000000000000000000, -10.00000000000000000 ) ) ;
#292 = ORIENTED_EDGE ( 'NONE', *, *, #874, .F. ) ;
#293 = AXIS2_PLACEMENT_3D ( 'NONE', #807, #1094, #977 ) ;
#294 = FACE_BOUND ( 'NONE', #440, .T. ) ;
#295 = CARTESIAN_POINT ( 'NONE',  ( 80.25000000000000000, 0.000000000000000000, -10.24999999999998224 ) ) ;
#296 = PERSON_AND_ORGANIZATION_ROLE ( 'design_owner' ) ;
#297 = DIRECTION ( 'NONE',  ( 0.000000000000000000, 1.000000000000000000, 0.000000000000000000 ) ) ;
#298 = CARTESIAN_POINT ( 'NONE',  ( -80.25000000000000000, 20.00000000000000000, -10.24999999999998224 ) ) ;
#299 = ORIENTED_EDGE ( 'NONE', *, *, #1286, .T. ) ;
#300 = DIRECTION ( 'NONE',  ( 0.000000000000000000, 0.000000000000000000, 1.000000000000000000 ) ) ;
#301 = VERTEX_POINT ( 'NONE', #467 ) ;
#302 = FACE_BOUND ( 'NONE', #478, .T. ) ;
#303 = PERSON_AND_ORGANIZATION ( #446, #1005 ) ;
#304 = CARTESIAN_POINT ( 'NONE',  ( 21.00000000000000000, -5.939696961967007027, -2.100000000000000533 ) ) ;
#305 = VERTEX_POINT ( 'NONE', #345 ) ;
#306 = CARTESIAN_POINT ( 'NONE',  ( 0.000000000000000000, 20.00000000000000000, 0.000000000000000000 ) ) ;
#307 = CARTESIAN_POINT ( 'NONE',  ( -80.25000000000000000, 0.000000000000000000, -10.24999999999998224 ) ) ;
#308 = PERSON_AND_ORGANIZATION ( #446, #1005 ) ;
#309 = EDGE_CURVE ( 'NONE', #888, #918, #231, .T. ) ;
#310 = DIRECTION ( 'NONE',  ( -0.000000000000000000, -1.000000000000000000, -0.000000000000000000 ) ) ;
#311 = CARTESIAN_POINT ( 'NONE',  ( 2.199633243471174140E-13, -5.939696961967007027, -18.89999999999999503 ) ) ;
#312 = AXIS2_PLACEMENT_3D ( 'NONE', #1010, #1461, #1173 ) ;
#313 = ADVANCED_FACE ( 'NONE', ( #583 ), #908, .T. ) ;
#314 = CIRCLE ( 'NONE', #47, 2.099999999999997868 ) ;
#315 = ORIENTED_EDGE ( 'NONE', *, *, #683, .F. ) ;
#316 = DIRECTION ( 'NONE',  ( 0.000000000000000000, 1.000000000000000000, 0.000000000000000000 ) ) ;
#317 = AXIS2_PLACEMENT_3D ( 'NONE', #1272, #588, #13 ) ;
#318 = CALENDAR_DATE ( 2026, 31, 7 ) ;
#319 = DIRECTION ( 'NONE',  ( 0.000000000000000000, 0.000000000000000000, 1.000000000000000000 ) ) ;
#320 = CARTESIAN_POINT ( 'NONE',  ( 22.36067977499791581, 20.00000000000000000, -19.99999999999997868 ) ) ;
#321 = EDGE_CURVE ( 'NONE', #1427, #834, #193, .T. ) ;
#322 = CARTESIAN_POINT ( 'NONE',  ( 0.000000000000000000, 20.00000000000000000, 0.000000000000000000 ) ) ;
#323 = CARTESIAN_POINT ( 'NONE',  ( -90.00000000000000000, 0.000000000000000000, 10.25000000000000888 ) ) ;
#324 = EDGE_CURVE ( 'NONE', #835, #1135, #645, .T. ) ;
#325 = EDGE_LOOP ( 'NONE', ( #1197, #33 ) ) ;
#326 = DIRECTION ( 'NONE',  ( -0.000000000000000000, -1.000000000000000000, -0.000000000000000000 ) ) ;
#327 = DIRECTION ( 'NONE',  ( -1.000000000000000000, 0.000000000000000000, 0.000000000000000000 ) ) ;
#328 = CIRCLE ( 'NONE', #1164, 2.100000000000000977 ) ;
#329 = EDGE_CURVE ( 'NONE', #1309, #1256, #1440, .T. ) ;
#330 = DIRECTION ( 'NONE',  ( 0.000000000000000000, 1.000000000000000000, 0.000000000000000000 ) ) ;
#331 = EDGE_LOOP ( 'NONE', ( #1075, #1363 ) ) ;
#332 = CARTESIAN_POINT ( 'NONE',  ( -30.00000000000000000, -63.24555320336758513, 10.00000000000000000 ) ) ;
#333 = EDGE_CURVE ( 'NONE', #805, #1036, #455, .T. ) ;
#334 = AXIS2_PLACEMENT_3D ( 'NONE', #1370, #504, #1171 ) ;
#335 = AXIS2_PLACEMENT_3D ( 'NONE', #1251, #1012, #1158 ) ;
#336 = AXIS2_PLACEMENT_3D ( 'NONE', #1431, #639, #130 ) ;
#337 = DIRECTION ( 'NONE',  ( 0.000000000000000000, 0.000000000000000000, 1.000000000000000000 ) ) ;
#338 = CARTESIAN_POINT ( 'NONE',  ( -90.00000000000000000, 0.000000000000000000, 20.00000000000001066 ) ) ;
#339 = DIRECTION ( 'NONE',  ( 0.000000000000000000, -0.000000000000000000, -1.000000000000000000 ) ) ;
#340 = ORIENTED_EDGE ( 'NONE', *, *, #572, .T. ) ;
#341 = LINE ( 'NONE', #789, #629 ) ;
#342 = EDGE_CURVE ( 'NONE', #1153, #32, #852, .T. ) ;
#343 = CARTESIAN_POINT ( 'NONE',  ( -90.00000000000000000, 0.000000000000000000, -10.24999999999998224 ) ) ;
#344 = PRODUCT_DEFINITION ( 'UNKNOWN', '', #519, #756 ) ;
#345 = CARTESIAN_POINT ( 'NONE',  ( -22.36067977499791581, 0.000000000000000000, -19.99999999999997868 ) ) ;
#346 = ORIENTED_EDGE ( 'NONE', *, *, #4, .F. ) ;
#347 = DIRECTION ( 'NONE',  ( 1.000000000000000000, 0.000000000000000000, 5.129334446905298846E-17 ) ) ;
#348 = COORDINATED_UNIVERSAL_TIME_OFFSET ( 3, 30, .AHEAD. ) ;
#349 = CARTESIAN_POINT ( 'NONE',  ( 22.36067977499791581, 20.00000000000000000, -19.99999999999997868 ) ) ;
#350 = DIRECTION ( 'NONE',  ( -0.000000000000000000, 0.000000000000000000, -1.000000000000000000 ) ) ;
#351 = EDGE_LOOP ( 'NONE', ( #352, #622, #1386, #1307 ) ) ;
#352 = ORIENTED_EDGE ( 'NONE', *, *, #309, .T. ) ;
#353 = CARTESIAN_POINT ( 'NONE',  ( 0.000000000000000000, 0.000000000000000000, 0.000000000000000000 ) ) ;
#354 = CARTESIAN_POINT ( 'NONE',  ( 2.199633243471174140E-13, -5.939696961967007027, -20.99999999999999645 ) ) ;
#355 = CIRCLE ( 'NONE', #1194, 2.100000000000000977 ) ;
#356 = VECTOR ( 'NONE', #1236, 1000.000000000000000 ) ;
#357 = LINE ( 'NONE', #244, #239 ) ;
#358 = ORIENTED_EDGE ( 'NONE', *, *, #342, .T. ) ;
#359 = CARTESIAN_POINT ( 'NONE',  ( 0.000000000000000000, -63.24555320336758513, 0.000000000000000000 ) ) ;
#360 = ORIENTED_EDGE ( 'NONE', *, *, #1239, .F. ) ;
#361 = CARTESIAN_POINT ( 'NONE',  ( 14.84924240491747582, 0.000000000000000000, 12.74924240491752592 ) ) ;
#362 = EDGE_CURVE ( 'NONE', #812, #718, #253, .T. ) ;
#363 = DIRECTION ( 'NONE',  ( 1.000000000000000000, 0.000000000000000000, 0.000000000000000000 ) ) ;
#364 = ORIENTED_EDGE ( 'NONE', *, *, #546, .F. ) ;
#365 = CARTESIAN_POINT ( 'NONE',  ( -14.84924240491737102, -5.939696961967007027, -14.84924240491763392 ) ) ;
#366 = ORIENTED_EDGE ( 'NONE', *, *, #424, .T. ) ;
#367 = EDGE_LOOP ( 'NONE', ( #1047, #411, #1379, #534 ) ) ;
#368 = CARTESIAN_POINT ( 'NONE',  ( -80.25000000000000000, 20.00000000000000000, 10.25000000000000711 ) ) ;
#369 = EDGE_CURVE ( 'NONE', #1344, #1179, #1469, .T. ) ;
#370 = CARTESIAN_POINT ( 'NONE',  ( 14.84924240491747582, 20.00000000000000000, 14.84924240491752556 ) ) ;
#371 = FACE_OUTER_BOUND ( 'NONE', #464, .T. ) ;
#372 = EDGE_CURVE ( 'NONE', #1256, #1433, #1217, .T. ) ;
#373 = ORIENTED_EDGE ( 'NONE', *, *, #717, .T. ) ;
#374 = AXIS2_PLACEMENT_3D ( 'NONE', #684, #1146, #1362 ) ;
#375 = VERTEX_POINT ( 'NONE', #69 ) ;
#376 = CARTESIAN_POINT ( 'NONE',  ( -22.36067977499791581, 20.00000000000000000, -19.99999999999997868 ) ) ;
#377 = CARTESIAN_POINT ( 'NONE',  ( -30.00000000000000000, 20.00000000000000000, -10.00000000000000000 ) ) ;
#378 = ORIENTED_EDGE ( 'NONE', *, *, #595, .T. ) ;
#379 = ADVANCED_FACE ( 'NONE', ( #1070 ), #943, .F. ) ;
#380 = ORIENTED_EDGE ( 'NONE', *, *, #1011, .T. ) ;
#381 = CIRCLE ( 'NONE', #74, 9.749999999999998224 ) ;
#382 = DIRECTION ( 'NONE',  ( -1.000000000000000000, 0.000000000000000000, 0.000000000000000000 ) ) ;
#383 = ORIENTED_EDGE ( 'NONE', *, *, #1034, .T. ) ;
#384 = VECTOR ( 'NONE', #310, 1000.000000000000000 ) ;
#385 = VECTOR ( 'NONE', #899, 1000.000000000000000 ) ;
#386 = ORIENTED_EDGE ( 'NONE', *, *, #212, .F. ) ;
#387 = CARTESIAN_POINT ( 'NONE',  ( 2.199633243471174140E-13, 20.00000000000000000, -18.89999999999999503 ) ) ;
#388 = VECTOR ( 'NONE', #728, 1000.000000000000000 ) ;
#389 = DIRECTION ( 'NONE',  ( 0.000000000000000000, 0.000000000000000000, -1.000000000000000000 ) ) ;
#390 = ORIENTED_EDGE ( 'NONE', *, *, #461, .F. ) ;
#391 = AXIS2_PLACEMENT_3D ( 'NONE', #842, #1305, #635 ) ;
#392 = CARTESIAN_POINT ( 'NONE',  ( -30.00000000000000000, 20.00000000000000000, -10.00000000000000000 ) ) ;
#393 = FACE_OUTER_BOUND ( 'NONE', #422, .T. ) ;
#394 = ORIENTED_EDGE ( 'NONE', *, *, #605, .T. ) ;
#395 = VERTEX_POINT ( 'NONE', #46 ) ;
#396 = ADVANCED_FACE ( 'NONE', ( #520 ), #172, .F. ) ;
#397 = EDGE_LOOP ( 'NONE', ( #228, #266, #1416, #647 ) ) ;
#398 = LINE ( 'NONE', #648, #900 ) ;
#399 = EDGE_LOOP ( 'NONE', ( #1334, #731, #716, #452 ) ) ;
#400 = DIRECTION ( 'NONE',  ( -0.000000000000000000, 1.000000000000000000, -0.000000000000000000 ) ) ;
#401 = DIRECTION ( 'NONE',  ( -0.000000000000000000, 0.000000000000000000, 1.000000000000000000 ) ) ;
#402 = VERTEX_POINT ( 'NONE', #955 ) ;
#403 = CARTESIAN_POINT ( 'NONE',  ( 90.00000000000000000, 20.00000000000000000, -19.99999999999998224 ) ) ;
#404 = ORIENTED_EDGE ( 'NONE', *, *, #717, .F. ) ;
#405 = CARTESIAN_POINT ( 'NONE',  ( 14.84924240491768188, 20.00000000000000000, -14.84924240491732128 ) ) ;
#406 = CALENDAR_DATE ( 2026, 31, 7 ) ;
#407 = DIRECTION ( 'NONE',  ( -0.000000000000000000, 1.000000000000000000, -0.000000000000000000 ) ) ;
#408 = VECTOR ( 'NONE', #545, 1000.000000000000000 ) ;
#409 = AXIS2_PLACEMENT_3D ( 'NONE', #204, #552, #642 ) ;
#410 = AXIS2_PLACEMENT_3D ( 'NONE', #1315, #1103, #854 ) ;
#411 = ORIENTED_EDGE ( 'NONE', *, *, #1130, .T. ) ;
#412 = DIRECTION ( 'NONE',  ( 0.000000000000000000, 0.000000000000000000, 1.000000000000000000 ) ) ;
#413 = ORIENTED_EDGE ( 'NONE', *, *, #279, .T. ) ;
#414 = EDGE_CURVE ( 'NONE', #1179, #730, #1409, .T. ) ;
#415 = DIRECTION ( 'NONE',  ( -0.000000000000000000, 1.000000000000000000, -0.000000000000000000 ) ) ;
#416 = DIRECTION ( 'NONE',  ( -0.000000000000000000, -1.000000000000000000, -0.000000000000000000 ) ) ;
#417 = CARTESIAN_POINT ( 'NONE',  ( 0.000000000000000000, 20.00000000000000000, 0.000000000000000000 ) ) ;
#418 = AXIS2_PLACEMENT_3D ( 'NONE', #631, #44, #518 ) ;
#419 = VECTOR ( 'NONE', #666, 1000.000000000000000 ) ;
#420 = LINE ( 'NONE', #1002, #384 ) ;
#421 = VECTOR ( 'NONE', #407, 1000.000000000000000 ) ;
#422 = EDGE_LOOP ( 'NONE', ( #1176, #112, #846, #386 ) ) ;
#423 = CARTESIAN_POINT ( 'NONE',  ( 90.00000000000000000, 20.00000000000000000, -10.24999999999998224 ) ) ;
#424 = EDGE_CURVE ( 'NONE', #1009, #700, #1008, .T. ) ;
#425 = CARTESIAN_POINT ( 'NONE',  ( -80.25000000000000000, 0.000000000000000000, 10.25000000000000711 ) ) ;
#426 = COORDINATED_UNIVERSAL_TIME_OFFSET ( 3, 30, .AHEAD. ) ;
#427 = EDGE_LOOP ( 'NONE', ( #1014, #942, #607, #1405 ) ) ;
#428 = EDGE_CURVE ( 'NONE', #1433, #305, #920, .T. ) ;
#429 = ADVANCED_FACE ( 'NONE', ( #1454 ), #443, .F. ) ;
#430 = CARTESIAN_POINT ( 'NONE',  ( 80.25000000000000000, 20.00000000000000000, -19.99999999999998224 ) ) ;
#431 = DIRECTION ( 'NONE',  ( 0.000000000000000000, 0.000000000000000000, -1.000000000000000000 ) ) ;
#432 = ORIENTED_EDGE ( 'NONE', *, *, #1107, .F. ) ;
#433 = VERTEX_POINT ( 'NONE', #133 ) ;
#434 = CARTESIAN_POINT ( 'NONE',  ( -21.00000000000000000, 20.00000000000000000, -1.466422162314116009E-13 ) ) ;
#435 = DATE_AND_TIME ( #747, #630 ) ;
#436 = CARTESIAN_POINT ( 'NONE',  ( -14.84924240491737102, 20.00000000000000000, -14.84924240491763392 ) ) ;
#437 = EDGE_CURVE ( 'NONE', #860, #1374, #1474, .T. ) ;
#438 = VECTOR ( 'NONE', #732, 1000.000000000000000 ) ;
#439 = CIRCLE ( 'NONE', #173, 2.100000000000002753 ) ;
#440 = EDGE_LOOP ( 'NONE', ( #544, #1128 ) ) ;
#441 = CARTESIAN_POINT ( 'NONE',  ( 7.715274834628325378E-16, 20.00000000000000000, -6.299999999999999822 ) ) ;
#442 = VECTOR ( 'NONE', #570, 1000.000000000000000 ) ;
#443 = PLANE ( 'NONE',  #312 ) ;
#444 = DIRECTION ( 'NONE',  ( -0.000000000000000000, 1.000000000000000000, -0.000000000000000000 ) ) ;
#445 = EDGE_CURVE ( 'NONE', #809, #301, #287, .T. ) ;
#446 = PERSON ( 'UNSPECIFIED', 'UNSPECIFIED', 'UNSPECIFIED', ('UNSPECIFIED'), ('UNSPECIFIED'), ('UNSPECIFIED') ) ;
#447 = EDGE_LOOP ( 'NONE', ( #373, #358, #378, #63 ) ) ;
#448 = LINE ( 'NONE', #215, #976 ) ;
#449 = EDGE_CURVE ( 'NONE', #105, #599, #817, .T. ) ;
#450 = DIRECTION ( 'NONE',  ( 0.000000000000000000, 1.000000000000000000, 0.000000000000000000 ) ) ;
#451 = EDGE_CURVE ( 'NONE', #2, #634, #726, .T. ) ;
#452 = ORIENTED_EDGE ( 'NONE', *, *, #1329, .F. ) ;
#453 = LINE ( 'NONE', #332, #580 ) ;
#454 = ORIENTED_EDGE ( 'NONE', *, *, #1220, .F. ) ;
#455 = CIRCLE ( 'NONE', #1163, 2.100000000000000089 ) ;
#456 = VECTOR ( 'NONE', #1099, 1000.000000000000000 ) ;
#457 = CARTESIAN_POINT ( 'NONE',  ( 0.000000000000000000, 0.000000000000000000, 0.000000000000000000 ) ) ;
#458 = VECTOR ( 'NONE', #966, 1000.000000000000000 ) ;
#459 = VERTEX_POINT ( 'NONE', #603 ) ;
#460 = DIRECTION ( 'NONE',  ( -0.000000000000000000, 1.000000000000000000, -0.000000000000000000 ) ) ;
#461 = EDGE_CURVE ( 'NONE', #1350, #939, #670, .T. ) ;
#462 = AXIS2_PLACEMENT_3D ( 'NONE', #933, #54, #1302 ) ;
#463 = FACE_BOUND ( 'NONE', #914, .T. ) ;
#464 = EDGE_LOOP ( 'NONE', ( #380, #554, #516, #36 ) ) ;
#465 = VECTOR ( 'NONE', #1414, 1000.000000000000000 ) ;
#466 = AXIS2_PLACEMENT_3D ( 'NONE', #1367, #350, #1118 ) ;
#467 = CARTESIAN_POINT ( 'NONE',  ( -14.84924240491757885, 0.000000000000000000, 16.94924240491742040 ) ) ;
#468 = ORIENTED_EDGE ( 'NONE', *, *, #548, .T. ) ;
#469 = CARTESIAN_POINT ( 'NONE',  ( -14.84924240491737102, 20.00000000000000000, -12.74924240491763072 ) ) ;
#470 = DATE_AND_TIME ( #1372, #828 ) ;
#471 = CARTESIAN_POINT ( 'NONE',  ( 80.25000000000000000, 20.00000000000000000, -19.99999999999998224 ) ) ;
#472 = DIRECTION ( 'NONE',  ( -0.000000000000000000, -1.000000000000000000, -0.000000000000000000 ) ) ;
#473 = ORIENTED_EDGE ( 'NONE', *, *, #1232, .F. ) ;
#474 = DIRECTION ( 'NONE',  ( 0.000000000000000000, 0.000000000000000000, 1.000000000000000000 ) ) ;
#475 = CYLINDRICAL_SURFACE ( 'NONE', #197, 2.100000000000000977 ) ;
#476 = ADVANCED_FACE ( 'NONE', ( #1285 ), #1033, .F. ) ;
#477 = CARTESIAN_POINT ( 'NONE',  ( -14.84924240491737102, 0.000000000000000000, -14.84924240491763392 ) ) ;
#478 = EDGE_LOOP ( 'NONE', ( #615, #771 ) ) ;
#479 = FACE_BOUND ( 'NONE', #145, .T. ) ;
#480 = VERTEX_POINT ( 'NONE', #125 ) ;
#481 = ORIENTED_EDGE ( 'NONE', *, *, #369, .T. ) ;
#482 = DIRECTION ( 'NONE',  ( 0.000000000000000000, 0.000000000000000000, -1.000000000000000000 ) ) ;
#483 = ORIENTED_EDGE ( 'NONE', *, *, #1145, .F. ) ;
#484 = CARTESIAN_POINT ( 'NONE',  ( 21.00000000000000000, 20.00000000000000000, -2.100000000000000533 ) ) ;
#485 = ORIENTED_EDGE ( 'NONE', *, *, #1077, .F. ) ;
#486 = AXIS2_PLACEMENT_3D ( 'NONE', #1196, #77, #182 ) ;
#487 = VECTOR ( 'NONE', #810, 1000.000000000000000 ) ;
#488 = FACE_OUTER_BOUND ( 'NONE', #399, .T. ) ;
#489 = VERTEX_POINT ( 'NONE', #484 ) ;
#490 = AXIS2_PLACEMENT_3D ( 'NONE', #1360, #1348, #127 ) ;
#491 = CARTESIAN_POINT ( 'NONE',  ( -90.00000000000000000, 0.000000000000000000, -19.99999999999998224 ) ) ;
#492 = ADVANCED_FACE ( 'NONE', ( #586 ), #243, .T. ) ;
#493 = EDGE_LOOP ( 'NONE', ( #509, #867, #1365, #875 ) ) ;
#494 = CARTESIAN_POINT ( 'NONE',  ( 21.00000000000000000, 20.00000000000000000, 0.000000000000000000 ) ) ;
#495 = AXIS2_PLACEMENT_3D ( 'NONE', #209, #1237, #892 ) ;
#496 = DIRECTION ( 'NONE',  ( 0.000000000000000000, 0.000000000000000000, -1.000000000000000000 ) ) ;
#497 = ADVANCED_FACE ( 'NONE', ( #1270 ), #475, .F. ) ;
#498 = DIRECTION ( 'NONE',  ( 0.000000000000000000, 1.000000000000000000, 0.000000000000000000 ) ) ;
#499 = ORIENTED_EDGE ( 'NONE', *, *, #270, .F. ) ;
#500 = EDGE_CURVE ( 'NONE', #918, #540, #1294, .T. ) ;
#501 = DIRECTION ( 'NONE',  ( -0.000000000000000000, 1.000000000000000000, -0.000000000000000000 ) ) ;
#502 = ADVANCED_FACE ( 'NONE', ( #142 ), #265, .F. ) ;
#503 = ORIENTED_EDGE ( 'NONE', *, *, #641, .F. ) ;
#504 = DIRECTION ( 'NONE',  ( -1.000000000000000000, 0.000000000000000000, 0.000000000000000000 ) ) ;
#505 = FACE_OUTER_BOUND ( 'NONE', #736, .T. ) ;
#506 = ORIENTED_EDGE ( 'NONE', *, *, #212, .T. ) ;
#507 = DIRECTION ( 'NONE',  ( -0.000000000000000000, 1.000000000000000000, -0.000000000000000000 ) ) ;
#508 = AXIS2_PLACEMENT_3D ( 'NONE', #988, #416, #201 ) ;
#509 = ORIENTED_EDGE ( 'NONE', *, *, #1127, .T. ) ;
#510 = CARTESIAN_POINT ( 'NONE',  ( -90.00000000000000000, 20.00000000000000000, 10.25000000000000888 ) ) ;
#511 = CARTESIAN_POINT ( 'NONE',  ( -14.84924240491757885, 20.00000000000000000, 14.84924240491742076 ) ) ;
#512 = ORIENTED_EDGE ( 'NONE', *, *, #1061, .F. ) ;
#513 = FACE_BOUND ( 'NONE', #290, .T. ) ;
#514 = AXIS2_PLACEMENT_3D ( 'NONE', #1371, #617, #803 ) ;
#515 = CARTESIAN_POINT ( 'NONE',  ( -21.00000000000000000, -5.939696961967007027, -2.100000000000146638 ) ) ;
#516 = ORIENTED_EDGE ( 'NONE', *, *, #329, .F. ) ;
#517 = VECTOR ( 'NONE', #997, 1000.000000000000000 ) ;
#518 = DIRECTION ( 'NONE',  ( 0.000000000000000000, 0.000000000000000000, 1.000000000000000000 ) ) ;
#519 = PRODUCT_DEFINITION_FORMATION_WITH_SPECIFIED_SOURCE ( 'ANY', '', #890, .NOT_KNOWN. ) ;
#520 = FACE_OUTER_BOUND ( 'NONE', #1418, .T. ) ;
#521 = VERTEX_POINT ( 'NONE', #152 ) ;
#522 = CARTESIAN_POINT ( 'NONE',  ( 90.00000000000000000, 20.00000000000000000, 10.25000000000000533 ) ) ;
#523 = ORIENTED_EDGE ( 'NONE', *, *, #743, .T. ) ;
#524 = FACE_BOUND ( 'NONE', #181, .T. ) ;
#525 = DIRECTION ( 'NONE',  ( 0.000000000000000000, 0.000000000000000000, 1.000000000000000000 ) ) ;
#526 = EDGE_LOOP ( 'NONE', ( #20, #473 ) ) ;
#527 = DIRECTION ( 'NONE',  ( 0.000000000000000000, 0.000000000000000000, -1.000000000000000000 ) ) ;
#528 = VERTEX_POINT ( 'NONE', #938 ) ;
#529 = LINE ( 'NONE', #969, #957 ) ;
#530 = DATE_TIME_ROLE ( 'creation_date' ) ;
#531 = AXIS2_PLACEMENT_3D ( 'NONE', #659, #1211, #762 ) ;
#532 = ORIENTED_EDGE ( 'NONE', *, *, #342, .F. ) ;
#533 = CARTESIAN_POINT ( 'NONE',  ( 90.00000000000000000, 20.00000000000000000, 10.00000000000000000 ) ) ;
#534 = ORIENTED_EDGE ( 'NONE', *, *, #743, .F. ) ;
#535 = FACE_OUTER_BOUND ( 'NONE', #638, .T. ) ;
#536 = PERSON_AND_ORGANIZATION ( #446, #1005 ) ;
#537 = CIRCLE ( 'NONE', #486, 2.099999999999997868 ) ;
#538 = LINE ( 'NONE', #208, #1224 ) ;
#539 = AXIS2_PLACEMENT_3D ( 'NONE', #1364, #326, #777 ) ;
#540 = VERTEX_POINT ( 'NONE', #1041 ) ;
#542 = ADVANCED_FACE ( 'NONE', ( #505 ), #720, .F. ) ;
#541 = CC_DESIGN_APPROVAL ( #1188, ( #926 ) ) ;
#543 = CIRCLE ( 'NONE', #1314, 30.00000000000000000 ) ;
#544 = ORIENTED_EDGE ( 'NONE', *, *, #1193, .F. ) ;
#545 = DIRECTION ( 'NONE',  ( -0.000000000000000000, 1.000000000000000000, -0.000000000000000000 ) ) ;
#546 = EDGE_CURVE ( 'NONE', #1411, #928, #1243, .T. ) ;
#547 = CARTESIAN_POINT ( 'NONE',  ( -90.00000000000000000, 20.00000000000000000, 10.25000000000000888 ) ) ;
#548 = EDGE_CURVE ( 'NONE', #718, #598, #697, .T. ) ;
#549 = ORIENTED_EDGE ( 'NONE', *, *, #660, .F. ) ;
#550 = CARTESIAN_POINT ( 'NONE',  ( 21.00000000000000000, -5.939696961967007027, 2.100000000000000533 ) ) ;
#551 = PERSON_AND_ORGANIZATION ( #446, #1005 ) ;
#552 = DIRECTION ( 'NONE',  ( -0.000000000000000000, -1.000000000000000000, -0.000000000000000000 ) ) ;
#553 = CYLINDRICAL_SURFACE ( 'NONE', #531, 2.099999999999997868 ) ;
#554 = ORIENTED_EDGE ( 'NONE', *, *, #750, .T. ) ;
#555 = DIRECTION ( 'NONE',  ( -0.000000000000000000, -1.000000000000000000, -0.000000000000000000 ) ) ;
#556 = EDGE_CURVE ( 'NONE', #1156, #1140, #1064, .T. ) ;
#557 = APPROVAL_ROLE ( '' ) ;
#558 = FACE_OUTER_BOUND ( 'NONE', #612, .T. ) ;
#559 = LINE ( 'NONE', #1456, #421 ) ;
#560 = CIRCLE ( 'NONE', #1376, 30.00000000000000000 ) ;
#561 = EDGE_CURVE ( 'NONE', #528, #1167, #381, .T. ) ;
#562 = EDGE_LOOP ( 'NONE', ( #383, #757, #163, #636 ) ) ;
#563 = DIRECTION ( 'NONE',  ( -0.000000000000000000, -1.000000000000000000, -0.000000000000000000 ) ) ;
#564 = AXIS2_PLACEMENT_3D ( 'NONE', #251, #1190, #401 ) ;
#565 = ORIENTED_EDGE ( 'NONE', *, *, #655, .F. ) ;
#566 = CARTESIAN_POINT ( 'NONE',  ( 90.00000000000000000, -63.24555320336758513, 10.00000000000000000 ) ) ;
#567 = ORIENTED_EDGE ( 'NONE', *, *, #1061, .T. ) ;
#568 = ORIENTED_EDGE ( 'NONE', *, *, #797, .T. ) ;
#569 = CARTESIAN_POINT ( 'NONE',  ( 0.000000000000000000, -63.24555320336758513, 0.000000000000000000 ) ) ;
#570 = DIRECTION ( 'NONE',  ( -0.000000000000000000, -1.000000000000000000, -0.000000000000000000 ) ) ;
#571 = CARTESIAN_POINT ( 'NONE',  ( -90.00000000000000000, 20.00000000000000000, -19.99999999999998224 ) ) ;
#572 = EDGE_CURVE ( 'NONE', #834, #1427, #1073, .T. ) ;
#573 = EDGE_LOOP ( 'NONE', ( #967, #685, #618, #776 ) ) ;
#574 = DIRECTION ( 'NONE',  ( 0.000000000000000000, 0.000000000000000000, 1.000000000000000000 ) ) ;
#575 = DIRECTION ( 'NONE',  ( -1.000000000000000000, 0.000000000000000000, 3.590534112833708514E-16 ) ) ;
#576 = ORIENTED_EDGE ( 'NONE', *, *, #913, .F. ) ;
#577 = VECTOR ( 'NONE', #611, 1000.000000000000000 ) ;
#578 = ORIENTED_EDGE ( 'NONE', *, *, #451, .F. ) ;
#579 = CARTESIAN_POINT ( 'NONE',  ( -80.25000000000000000, 20.00000000000000000, -10.24999999999998224 ) ) ;
#580 = VECTOR ( 'NONE', #784, 1000.000000000000000 ) ;
#581 = EDGE_CURVE ( 'NONE', #214, #1156, #117, .T. ) ;
#582 = DIRECTION ( 'NONE',  ( -0.000000000000000000, -1.000000000000000000, -0.000000000000000000 ) ) ;
#583 = FACE_OUTER_BOUND ( 'NONE', #601, .T. ) ;
#584 = ORIENTED_EDGE ( 'NONE', *, *, #937, .T. ) ;
#585 = DIRECTION ( 'NONE',  ( 0.000000000000000000, 1.000000000000000000, 0.000000000000000000 ) ) ;
#586 = FACE_OUTER_BOUND ( 'NONE', #591, .T. ) ;
#587 = ORIENTED_EDGE ( 'NONE', *, *, #107, .T. ) ;
#588 = DIRECTION ( 'NONE',  ( 0.000000000000000000, 1.000000000000000000, 0.000000000000000000 ) ) ;
#589 = FACE_BOUND ( 'NONE', #1311, .T. ) ;
#590 = CARTESIAN_POINT ( 'NONE',  ( 14.84924240491747582, 0.000000000000000000, 14.84924240491752556 ) ) ;
#591 = EDGE_LOOP ( 'NONE', ( #299, #1052, #269, #837 ) ) ;
#592 = FACE_OUTER_BOUND ( 'NONE', #1385, .T. ) ;
#593 = CARTESIAN_POINT ( 'NONE',  ( 30.00000000000000000, 20.00000000000000000, 10.00000000000000000 ) ) ;
#594 = ORIENTED_EDGE ( 'NONE', *, *, #1232, .T. ) ;
#595 = EDGE_CURVE ( 'NONE', #32, #395, #752, .T. ) ;
#596 = CARTESIAN_POINT ( 'NONE',  ( -7.332110811570580046E-14, -5.939696961967007027, 21.00000000000000000 ) ) ;
#597 = VECTOR ( 'NONE', #87, 1000.000000000000000 ) ;
#598 = VERTEX_POINT ( 'NONE', #423 ) ;
#599 = VERTEX_POINT ( 'NONE', #1318 ) ;
#600 = EDGE_CURVE ( 'NONE', #939, #1350, #537, .T. ) ;
#601 = EDGE_LOOP ( 'NONE', ( #1060, #740, #48, #1317 ) ) ;
#602 = CARTESIAN_POINT ( 'NONE',  ( 30.00000000000000000, 0.000000000000000000, 10.00000000000000000 ) ) ;
#603 = CARTESIAN_POINT ( 'NONE',  ( 21.00000000000000000, 0.000000000000000000, -2.100000000000000533 ) ) ;
#604 = CIRCLE ( 'NONE', #98, 30.00000000000000000 ) ;
#605 = EDGE_CURVE ( 'NONE', #598, #1206, #143, .T. ) ;
#606 = CARTESIAN_POINT ( 'NONE',  ( 14.84924240491747582, -5.939696961967007027, 14.84924240491752556 ) ) ;
#607 = ORIENTED_EDGE ( 'NONE', *, *, #699, .T. ) ;
#608 = AXIS2_PLACEMENT_3D ( 'NONE', #1306, #285, #1216 ) ;
#609 = ORIENTED_EDGE ( 'NONE', *, *, #546, .T. ) ;
#610 = FACE_OUTER_BOUND ( 'NONE', #775, .T. ) ;
#611 = DIRECTION ( 'NONE',  ( -0.000000000000000000, 1.000000000000000000, -0.000000000000000000 ) ) ;
#612 = EDGE_LOOP ( 'NONE', ( #808, #1248, #503, #1006 ) ) ;
#613 = PLANE ( 'NONE',  #462 ) ;
#614 = ORIENTED_EDGE ( 'NONE', *, *, #4, .T. ) ;
#615 = ORIENTED_EDGE ( 'NONE', *, *, #748, .F. ) ;
#616 = LINE ( 'NONE', #1048, #487 ) ;
#617 = DIRECTION ( 'NONE',  ( -0.000000000000000000, -1.000000000000000000, -0.000000000000000000 ) ) ;
#618 = ORIENTED_EDGE ( 'NONE', *, *, #772, .F. ) ;
#619 = LINE ( 'NONE', #59, #1081 ) ;
#620 = EDGE_CURVE ( 'NONE', #918, #2, #1213, .T. ) ;
#621 = DIRECTION ( 'NONE',  ( -1.000000000000000000, 0.000000000000000000, -5.129334446905298846E-17 ) ) ;
#622 = ORIENTED_EDGE ( 'NONE', *, *, #620, .T. ) ;
#623 = VECTOR ( 'NONE', #339, 1000.000000000000000 ) ;
#624 = CARTESIAN_POINT ( 'NONE',  ( 80.25000000000000000, 20.00000000000000000, 10.25000000000000533 ) ) ;
#625 = EDGE_LOOP ( 'NONE', ( #793, #366, #1132, #41 ) ) ;
#626 = DIRECTION ( 'NONE',  ( 0.000000000000000000, 0.000000000000000000, 1.000000000000000000 ) ) ;
#627 = VECTOR ( 'NONE', #363, 1000.000000000000000 ) ;
#628 = CARTESIAN_POINT ( 'NONE',  ( -14.84924240491757885, 20.00000000000000000, 12.74924240491742289 ) ) ;
#629 = VECTOR ( 'NONE', #114, 1000.000000000000000 ) ;
#630 = LOCAL_TIME ( 13, 48, 49.00000000000000000, #1330 ) ;
#631 = CARTESIAN_POINT ( 'NONE',  ( 2.199633243471174140E-13, -5.939696961967007027, -20.99999999999999645 ) ) ;
#632 = ORIENTED_EDGE ( 'NONE', *, *, #362, .T. ) ;
#633 = DIRECTION ( 'NONE',  ( -0.000000000000000000, -0.000000000000000000, -1.000000000000000000 ) ) ;
#634 = VERTEX_POINT ( 'NONE', #533 ) ;
#635 = DIRECTION ( 'NONE',  ( 0.000000000000000000, 0.000000000000000000, 1.000000000000000000 ) ) ;
#636 = ORIENTED_EDGE ( 'NONE', *, *, #24, .F. ) ;
#637 = DIRECTION ( 'NONE',  ( 1.000000000000000000, 0.000000000000000000, 0.000000000000000000 ) ) ;
#638 = EDGE_LOOP ( 'NONE', ( #742, #76, #196, #150 ) ) ;
#639 = DIRECTION ( 'NONE',  ( -0.000000000000000000, 0.000000000000000000, 1.000000000000000000 ) ) ;
#640 = EDGE_CURVE ( 'NONE', #795, #1448, #798, .T. ) ;
#641 = EDGE_CURVE ( 'NONE', #433, #105, #51, .T. ) ;
#642 = DIRECTION ( 'NONE',  ( 0.000000000000000000, 0.000000000000000000, 1.000000000000000000 ) ) ;
#643 = DIRECTION ( 'NONE',  ( 0.000000000000000000, 0.000000000000000000, 1.000000000000000000 ) ) ;
#644 = VECTOR ( 'NONE', #989, 1000.000000000000000 ) ;
#645 = CIRCLE ( 'NONE', #508, 2.099999999999999645 ) ;
#646 = EDGE_CURVE ( 'NONE', #765, #795, #64, .T. ) ;
#647 = ORIENTED_EDGE ( 'NONE', *, *, #1137, .F. ) ;
#648 = CARTESIAN_POINT ( 'NONE',  ( 90.00000000000000000, 0.000000000000000000, -19.99999999999998224 ) ) ;
#649 = DIRECTION ( 'NONE',  ( 0.000000000000000000, 1.000000000000000000, 0.000000000000000000 ) ) ;
#650 =( NAMED_UNIT ( * ) SI_UNIT ( $, .STERADIAN. ) SOLID_ANGLE_UNIT ( ) );
#651 = VECTOR ( 'NONE', #1326, 1000.000000000000000 ) ;
#652 = DIRECTION ( 'NONE',  ( -0.000000000000000000, -0.000000000000000000, -1.000000000000000000 ) ) ;
#653 = CIRCLE ( 'NONE', #237, 2.100000000000000977 ) ;
#654 = AXIS2_PLACEMENT_3D ( 'NONE', #692, #450, #674 ) ;
#655 = EDGE_CURVE ( 'NONE', #1281, #1214, #946, .T. ) ;
#656 = EDGE_LOOP ( 'NONE', ( #281, #175, #523, #131 ) ) ;
#657 = FACE_OUTER_BOUND ( 'NONE', #123, .T. ) ;
#658 = LINE ( 'NONE', #981, #1142 ) ;
#659 = CARTESIAN_POINT ( 'NONE',  ( 14.84924240491747582, -5.939696961967007027, 14.84924240491752556 ) ) ;
#660 = EDGE_CURVE ( 'NONE', #32, #598, #1439, .T. ) ;
#661 = ORIENTED_EDGE ( 'NONE', *, *, #699, .F. ) ;
#662 = CARTESIAN_POINT ( 'NONE',  ( -21.00000000000000000, 20.00000000000000000, -2.100000000000146638 ) ) ;
#663 = PERSON_AND_ORGANIZATION ( #446, #1005 ) ;
#664 = EDGE_CURVE ( 'NONE', #1448, #528, #861, .T. ) ;
#665 = LINE ( 'NONE', #566, #1022 ) ;
#666 = DIRECTION ( 'NONE',  ( 0.000000000000000000, -0.000000000000000000, -1.000000000000000000 ) ) ;
#667 = ORIENTED_EDGE ( 'NONE', *, *, #983, .F. ) ;
#668 = LINE ( 'NONE', #766, #198 ) ;
#669 = CYLINDRICAL_SURFACE ( 'NONE', #335, 2.100000000000000533 ) ;
#670 = CIRCLE ( 'NONE', #1141, 2.099999999999997868 ) ;
#671 = AXIS2_PLACEMENT_3D ( 'NONE', #151, #158, #482 ) ;
#672 = CARTESIAN_POINT ( 'NONE',  ( -14.84924240491757885, 20.00000000000000000, 16.94924240491742040 ) ) ;
#673 = MANIFOLD_SOLID_BREP ( 'Cut-Extrude3', #953 ) ;
#674 = DIRECTION ( 'NONE',  ( 0.000000000000000000, -0.000000000000000000, 1.000000000000000000 ) ) ;
#675 = CYLINDRICAL_SURFACE ( 'NONE', #1203, 2.100000000000000089 ) ;
#676 = ORIENTED_EDGE ( 'NONE', *, *, #333, .T. ) ;
#677 = LINE ( 'NONE', #1136, #1354 ) ;
#678 = DIRECTION ( 'NONE',  ( 0.000000000000000000, 0.000000000000000000, -1.000000000000000000 ) ) ;
#679 = EDGE_LOOP ( 'NONE', ( #1182, #1199, #271, #432 ) ) ;
#680 = DIRECTION ( 'NONE',  ( 0.000000000000000000, 0.000000000000000000, 1.000000000000000000 ) ) ;
#681 = AXIS2_PLACEMENT_3D ( 'NONE', #295, #746, #1209 ) ;
#682 = DIRECTION ( 'NONE',  ( 0.000000000000000000, 0.000000000000000000, 1.000000000000000000 ) ) ;
#683 = EDGE_CURVE ( 'NONE', #1403, #489, #146, .T. ) ;
#684 = CARTESIAN_POINT ( 'NONE',  ( 2.199633243471174140E-13, 0.000000000000000000, -20.99999999999999645 ) ) ;
#685 = ORIENTED_EDGE ( 'NONE', *, *, #797, .F. ) ;
#686 = LINE ( 'NONE', #1039, #1291 ) ;
#687 = CIRCLE ( 'NONE', #901, 6.299999999999999822 ) ;
#688 = ORIENTED_EDGE ( 'NONE', *, *, #956, .F. ) ;
#689 = LOCAL_TIME ( 13, 48, 49.00000000000000000, #187 ) ;
#690 = VERTEX_POINT ( 'NONE', #986 ) ;
#691 = VECTOR ( 'NONE', #415, 1000.000000000000000 ) ;
#692 = CARTESIAN_POINT ( 'NONE',  ( 0.000000000000000000, 0.000000000000000000, 0.000000000000000000 ) ) ;
#693 = DIRECTION ( 'NONE',  ( 0.000000000000000000, 0.000000000000000000, 1.000000000000000000 ) ) ;
#694 = CIRCLE ( 'NONE', #223, 2.100000000000002753 ) ;
#695 = ORIENTED_EDGE ( 'NONE', *, *, #445, .T. ) ;
#696 = DIRECTION ( 'NONE',  ( -0.000000000000000000, 1.000000000000000000, -0.000000000000000000 ) ) ;
#697 = LINE ( 'NONE', #706, #853 ) ;
#698 = DIRECTION ( 'NONE',  ( 0.000000000000000000, 1.000000000000000000, 0.000000000000000000 ) ) ;
#699 = EDGE_CURVE ( 'NONE', #528, #888, #398, .T. ) ;
#700 = VERTEX_POINT ( 'NONE', #868 ) ;
#701 = CARTESIAN_POINT ( 'NONE',  ( 90.00000000000000000, 20.00000000000000000, -10.00000000000000000 ) ) ;
#702 = DIRECTION ( 'NONE',  ( 1.000000000000000000, 0.000000000000000000, 5.129334446905298846E-17 ) ) ;
#703 = EDGE_CURVE ( 'NONE', #1433, #480, #840, .T. ) ;
#704 = ORIENTED_EDGE ( 'NONE', *, *, #1215, .T. ) ;
#705 = LINE ( 'NONE', #823, #880 ) ;
#706 = CARTESIAN_POINT ( 'NONE',  ( 90.00000000000000000, 20.00000000000000000, -10.24999999999998224 ) ) ;
#707 = LINE ( 'NONE', #31, #739 ) ;
#708 = VECTOR ( 'NONE', #79, 1000.000000000000000 ) ;
#709 = ORIENTED_EDGE ( 'NONE', *, *, #838, .F. ) ;
#710 = ORIENTED_EDGE ( 'NONE', *, *, #600, .F. ) ;
#711 = PLANE ( 'NONE',  #334 ) ;
#712 = AXIS2_PLACEMENT_3D ( 'NONE', #1428, #1222, #412 ) ;
#713 = CARTESIAN_POINT ( 'NONE',  ( -21.00000000000000000, -5.939696961967007027, -1.466422162314116009E-13 ) ) ;
#714 = VECTOR ( 'NONE', #1276, 1000.000000000000000 ) ;
#715 = DIRECTION ( 'NONE',  ( 0.000000000000000000, -1.000000000000000000, 0.000000000000000000 ) ) ;
#716 = ORIENTED_EDGE ( 'NONE', *, *, #156, .T. ) ;
#717 = EDGE_CURVE ( 'NONE', #540, #1153, #1304, .T. ) ;
#718 = VERTEX_POINT ( 'NONE', #758 ) ;
#719 = CYLINDRICAL_SURFACE ( 'NONE', #1398, 2.099999999999997868 ) ;
#720 = CYLINDRICAL_SURFACE ( 'NONE', #1021, 2.099999999999997868 ) ;
#721 = ORIENTED_EDGE ( 'NONE', *, *, #664, .F. ) ;
#722 = CARTESIAN_POINT ( 'NONE',  ( -7.332110811570580046E-14, 20.00000000000000000, 23.10000000000000142 ) ) ;
#723 = ADVANCED_FACE ( 'NONE', ( #282 ), #1086, .T. ) ;
#724 = DIRECTION ( 'NONE',  ( 0.000000000000000000, 1.000000000000000000, 0.000000000000000000 ) ) ;
#725 = ADVANCED_FACE ( 'NONE', ( #657 ), #1419, .F. ) ;
#726 = LINE ( 'NONE', #593, #627 ) ;
#727 = ORIENTED_EDGE ( 'NONE', *, *, #646, .F. ) ;
#728 = DIRECTION ( 'NONE',  ( -0.000000000000000000, 1.000000000000000000, -0.000000000000000000 ) ) ;
#729 = DIRECTION ( 'NONE',  ( 0.000000000000000000, 0.000000000000000000, 1.000000000000000000 ) ) ;
#730 = VERTEX_POINT ( 'NONE', #82 ) ;
#731 = ORIENTED_EDGE ( 'NONE', *, *, #195, .T. ) ;
#732 = DIRECTION ( 'NONE',  ( -0.000000000000000000, 1.000000000000000000, -0.000000000000000000 ) ) ;
#733 = CARTESIAN_POINT ( 'NONE',  ( 0.000000000000000000, 20.00000000000000000, 0.000000000000000000 ) ) ;
#734 = VECTOR ( 'NONE', #1347, 1000.000000000000000 ) ;
#735 = DIRECTION ( 'NONE',  ( -1.000000000000000000, 0.000000000000000000, -0.000000000000000000 ) ) ;
#736 = EDGE_LOOP ( 'NONE', ( #1288, #695, #1391, #340 ) ) ;
#737 = CIRCLE ( 'NONE', #924, 6.299999999999999822 ) ;
#738 = DIRECTION ( 'NONE',  ( 0.000000000000000000, 1.000000000000000000, 0.000000000000000000 ) ) ;
#739 = VECTOR ( 'NONE', #501, 1000.000000000000000 ) ;
#740 = ORIENTED_EDGE ( 'NONE', *, *, #107, .F. ) ;
#741 = CARTESIAN_POINT ( 'NONE',  ( -80.25000000000000000, 20.00000000000000000, -19.99999999999998224 ) ) ;
#742 = ORIENTED_EDGE ( 'NONE', *, *, #279, .F. ) ;
#743 = EDGE_CURVE ( 'NONE', #1147, #1403, #1444, .T. ) ;
#744 = DIRECTION ( 'NONE',  ( 0.000000000000000000, -0.000000000000000000, 1.000000000000000000 ) ) ;
#745 = CARTESIAN_POINT ( 'NONE',  ( -90.00000000000000000, -63.24555320336758513, -10.00000000000000000 ) ) ;
#746 = DIRECTION ( 'NONE',  ( -0.000000000000000000, -1.000000000000000000, -0.000000000000000000 ) ) ;
#747 = CALENDAR_DATE ( 2026, 31, 7 ) ;
#748 = EDGE_CURVE ( 'NONE', #1036, #805, #1001, .T. ) ;
#749 = CARTESIAN_POINT ( 'NONE',  ( 30.00000000000000000, 20.00000000000000000, -10.00000000000000000 ) ) ;
#750 = EDGE_CURVE ( 'NONE', #113, #1256, #910, .T. ) ;
#751 = ORIENTED_EDGE ( 'NONE', *, *, #1045, .F. ) ;
#752 = LINE ( 'NONE', #1074, #1450 ) ;
#753 = VERTEX_POINT ( 'NONE', #441 ) ;
#754 = EDGE_CURVE ( 'NONE', #1358, #375, #355, .T. ) ;
#755 = CARTESIAN_POINT ( 'NONE',  ( 80.25000000000000000, 0.000000000000000000, 20.00000000000000711 ) ) ;
#756 = DESIGN_CONTEXT ( 'detailed design', #1250, 'design' ) ;
#757 = ORIENTED_EDGE ( 'NONE', *, *, #240, .T. ) ;
#758 = CARTESIAN_POINT ( 'NONE',  ( 90.00000000000000000, 0.000000000000000000, -10.24999999999998224 ) ) ;
#759 = APPROVAL_DATE_TIME ( #1096, #767 ) ;
#760 = VECTOR ( 'NONE', #389, 1000.000000000000000 ) ;
#761 = CARTESIAN_POINT ( 'NONE',  ( 14.84924240491768188, 0.000000000000000000, -16.94924240491731737 ) ) ;
#762 = DIRECTION ( 'NONE',  ( 0.000000000000000000, 0.000000000000000000, 1.000000000000000000 ) ) ;
#763 = AXIS2_PLACEMENT_3D ( 'NONE', #132, #696, #141 ) ;
#764 = EDGE_CURVE ( 'NONE', #965, #126, #448, .T. ) ;
#765 = VERTEX_POINT ( 'NONE', #889 ) ;
#766 = CARTESIAN_POINT ( 'NONE',  ( 22.36067977499790871, 20.00000000000000000, 19.99999999999998579 ) ) ;
#767 = APPROVAL ( #1225, 'UNSPECIFIED' ) ;
#768 = PERSON_AND_ORGANIZATION_ROLE ( 'classification_officer' ) ;
#769 = CARTESIAN_POINT ( 'NONE',  ( 90.00000000000000000, 0.000000000000000000, -9.999999999999996447 ) ) ;
#770 = DIRECTION ( 'NONE',  ( -0.000000000000000000, 1.000000000000000000, -0.000000000000000000 ) ) ;
#771 = ORIENTED_EDGE ( 'NONE', *, *, #333, .F. ) ;
#772 = EDGE_CURVE ( 'NONE', #965, #765, #560, .T. ) ;
#773 = DIRECTION ( 'NONE',  ( 0.000000000000000000, 1.000000000000000000, 0.000000000000000000 ) ) ;
#774 = LINE ( 'NONE', #1218, #356 ) ;
#775 = EDGE_LOOP ( 'NONE', ( #38, #594, #973, #129 ) ) ;
#776 = ORIENTED_EDGE ( 'NONE', *, *, #764, .T. ) ;
#777 = DIRECTION ( 'NONE',  ( 0.000000000000000000, 0.000000000000000000, -1.000000000000000000 ) ) ;
#778 = VECTOR ( 'NONE', #72, 1000.000000000000000 ) ;
#779 = EDGE_CURVE ( 'NONE', #540, #395, #1473, .T. ) ;
#780 = DIRECTION ( 'NONE',  ( 0.000000000000000000, 0.000000000000000000, 1.000000000000000000 ) ) ;
#781 = AXIS2_PLACEMENT_3D ( 'NONE', #306, #57, #527 ) ;
#782 = CIRCLE ( 'NONE', #1198, 9.750000000000000000 ) ;
#783 = ORIENTED_EDGE ( 'NONE', *, *, #329, .T. ) ;
#784 = DIRECTION ( 'NONE',  ( -0.000000000000000000, 1.000000000000000000, -0.000000000000000000 ) ) ;
#785 = APPROVAL_PERSON_ORGANIZATION ( #1230, #62, #871 ) ;
#786 = LINE ( 'NONE', #227, #1226 ) ;
#787 = ADVANCED_FACE ( 'NONE', ( #1015 ), #1359, .T. ) ;
#788 = ORIENTED_EDGE ( 'NONE', *, *, #1264, .T. ) ;
#789 = CARTESIAN_POINT ( 'NONE',  ( 90.00000000000000000, 20.00000000000000000, -19.99999999999998224 ) ) ;
#790 = FACE_BOUND ( 'NONE', #275, .T. ) ;
#791 = DIRECTION ( 'NONE',  ( -1.000000000000000000, 0.000000000000000000, 3.590534112833708514E-16 ) ) ;
#792 = DIRECTION ( 'NONE',  ( 0.000000000000000000, 0.000000000000000000, 1.000000000000000000 ) ) ;
#793 = ORIENTED_EDGE ( 'NONE', *, *, #240, .F. ) ;
#794 = CARTESIAN_POINT ( 'NONE',  ( 2.199633243471174140E-13, 20.00000000000000000, -20.99999999999999645 ) ) ;
#795 = VERTEX_POINT ( 'NONE', #211 ) ;
#796 = DIRECTION ( 'NONE',  ( 1.000000000000000000, 0.000000000000000000, 0.000000000000000000 ) ) ;
#797 = EDGE_CURVE ( 'NONE', #765, #1069, #668, .T. ) ;
#798 = CIRCLE ( 'NONE', #1353, 9.749999999999998224 ) ;
#799 = ORIENTED_EDGE ( 'NONE', *, *, #829, .T. ) ;
#800 = LINE ( 'NONE', #510, #714 ) ;
#801 = VECTOR ( 'NONE', #78, 1000.000000000000000 ) ;
#802 = CC_DESIGN_DATE_AND_TIME_ASSIGNMENT ( #1337, #207, ( #926 ) ) ;
#803 = DIRECTION ( 'NONE',  ( 0.000000000000000000, 0.000000000000000000, 1.000000000000000000 ) ) ;
#804 = DIRECTION ( 'NONE',  ( 0.000000000000000000, 0.000000000000000000, 1.000000000000000000 ) ) ;
#805 = VERTEX_POINT ( 'NONE', #662 ) ;
#806 = AXIS2_PLACEMENT_3D ( 'NONE', #884, #1343, #496 ) ;
#807 = CARTESIAN_POINT ( 'NONE',  ( 22.36067977499791581, 20.00000000000000000, -19.99999999999997868 ) ) ;
#808 = ORIENTED_EDGE ( 'NONE', *, *, #859, .T. ) ;
#809 = VERTEX_POINT ( 'NONE', #106 ) ;
#810 = DIRECTION ( 'NONE',  ( 1.000000000000000000, -0.000000000000000000, 3.590534112833708514E-16 ) ) ;
#811 = DIRECTION ( 'NONE',  ( -0.000000000000000000, 1.000000000000000000, -0.000000000000000000 ) ) ;
#812 = VERTEX_POINT ( 'NONE', #1120 ) ;
#813 = FACE_OUTER_BOUND ( 'NONE', #427, .T. ) ;
#814 = ORIENTED_EDGE ( 'NONE', *, *, #437, .F. ) ;
#815 = ORIENTED_EDGE ( 'NONE', *, *, #996, .T. ) ;
#816 = CARTESIAN_POINT ( 'NONE',  ( -22.36067977499790871, 20.00000000000000000, 19.99999999999998579 ) ) ;
#817 = LINE ( 'NONE', #377, #259 ) ;
#818 = EDGE_CURVE ( 'NONE', #1268, #1374, #229, .T. ) ;
#819 = FACE_OUTER_BOUND ( 'NONE', #963, .T. ) ;
#820 = VECTOR ( 'NONE', #1, 1000.000000000000000 ) ;
#821 = ORIENTED_EDGE ( 'NONE', *, *, #273, .F. ) ;
#822 = EDGE_LOOP ( 'NONE', ( #688, #1413, #155, #839 ) ) ;
#823 = CARTESIAN_POINT ( 'NONE',  ( -22.36067977499791581, 20.00000000000000000, -19.99999999999997868 ) ) ;
#824 = AXIS2_PLACEMENT_3D ( 'NONE', #19, #257, #160 ) ;
#825 = DIRECTION ( 'NONE',  ( 3.590534112833708514E-16, -0.000000000000000000, 1.000000000000000000 ) ) ;
#826 = EDGE_LOOP ( 'NONE', ( #1320, #81, #1042, #821 ) ) ;
#827 = AXIS2_PLACEMENT_3D ( 'NONE', #1148, #1269, #923 ) ;
#829 = EDGE_CURVE ( 'NONE', #1159, #1333, #687, .T. ) ;
#828 = LOCAL_TIME ( 13, 48, 49.00000000000000000, #348 ) ;
#830 = DIRECTION ( 'NONE',  ( -0.000000000000000000, 1.000000000000000000, -0.000000000000000000 ) ) ;
#831 = ORIENTED_EDGE ( 'NONE', *, *, #620, .F. ) ;
#832 = LINE ( 'NONE', #194, #517 ) ;
#833 = DIRECTION ( 'NONE',  ( -0.000000000000000000, -1.000000000000000000, -0.000000000000000000 ) ) ;
#834 = VERTEX_POINT ( 'NONE', #672 ) ;
#835 = VERTEX_POINT ( 'NONE', #1129 ) ;
#836 = DIRECTION ( 'NONE',  ( -0.000000000000000000, 1.000000000000000000, -0.000000000000000000 ) ) ;
#837 = ORIENTED_EDGE ( 'NONE', *, *, #764, .F. ) ;
#838 = EDGE_CURVE ( 'NONE', #480, #113, #782, .T. ) ;
#839 = ORIENTED_EDGE ( 'NONE', *, *, #1125, .F. ) ;
#840 = LINE ( 'NONE', #741, #651 ) ;
#841 = VERTEX_POINT ( 'NONE', #469 ) ;
#842 = CARTESIAN_POINT ( 'NONE',  ( 14.84924240491768188, 20.00000000000000000, -14.84924240491732128 ) ) ;
#843 = CARTESIAN_POINT ( 'NONE',  ( -14.84924240491757885, 20.00000000000000000, 14.84924240491742076 ) ) ;
#844 = DIRECTION ( 'NONE',  ( 5.129334446905298846E-17, 0.000000000000000000, -1.000000000000000000 ) ) ;
#845 = CARTESIAN_POINT ( 'NONE',  ( 2.199633243471174140E-13, 0.000000000000000000, -18.89999999999999503 ) ) ;
#846 = ORIENTED_EDGE ( 'NONE', *, *, #159, .T. ) ;
#847 = CARTESIAN_POINT ( 'NONE',  ( 14.84924240491768188, -5.939696961967007027, -14.84924240491732128 ) ) ;
#848 = ORIENTED_EDGE ( 'NONE', *, *, #270, .T. ) ;
#849 = CARTESIAN_POINT ( 'NONE',  ( -90.00000000000000000, 20.00000000000000000, -10.00000000000000000 ) ) ;
#850 = CC_DESIGN_PERSON_AND_ORGANIZATION_ASSIGNMENT ( #536, #202, ( #344 ) ) ;
#851 = EDGE_CURVE ( 'NONE', #1135, #835, #1049, .T. ) ;
#852 = LINE ( 'NONE', #83, #644 ) ;
#853 = VECTOR ( 'NONE', #1155, 1000.000000000000000 ) ;
#854 = DIRECTION ( 'NONE',  ( 1.000000000000000000, 0.000000000000000000, 0.000000000000000000 ) ) ;
#855 = ADVANCED_FACE ( 'NONE', ( #102 ), #1133, .F. ) ;
#856 = VECTOR ( 'NONE', #872, 1000.000000000000000 ) ;
#857 = DIRECTION ( 'NONE',  ( -0.000000000000000000, 1.000000000000000000, -0.000000000000000000 ) ) ;
#858 = AXIS2_PLACEMENT_3D ( 'NONE', #1059, #844, #621 ) ;
#859 = EDGE_CURVE ( 'NONE', #894, #599, #453, .T. ) ;
#860 = VERTEX_POINT ( 'NONE', #1249 ) ;
#861 = LINE ( 'NONE', #522, #216 ) ;
#862 = VERTEX_POINT ( 'NONE', #225 ) ;
#863 = DIRECTION ( 'NONE',  ( 0.000000000000000000, 1.000000000000000000, 0.000000000000000000 ) ) ;
#864 = DIRECTION ( 'NONE',  ( 0.000000000000000000, 1.000000000000000000, 0.000000000000000000 ) ) ;
#865 = DIRECTION ( 'NONE',  ( -0.000000000000000000, 1.000000000000000000, -0.000000000000000000 ) ) ;
#866 = FACE_OUTER_BOUND ( 'NONE', #56, .T. ) ;
#867 = ORIENTED_EDGE ( 'NONE', *, *, #1013, .T. ) ;
#868 = CARTESIAN_POINT ( 'NONE',  ( 14.84924240491747582, 0.000000000000000000, 16.94924240491752343 ) ) ;
#869 = FACE_OUTER_BOUND ( 'NONE', #679, .T. ) ;
#870 = DIRECTION ( 'NONE',  ( -0.000000000000000000, -1.000000000000000000, -0.000000000000000000 ) ) ;
#871 = APPROVAL_ROLE ( '' ) ;
#872 = DIRECTION ( 'NONE',  ( 0.000000000000000000, -1.000000000000000000, 0.000000000000000000 ) ) ;
#873 = CARTESIAN_POINT ( 'NONE',  ( 14.84924240491747582, -5.939696961967007027, 12.74924240491752592 ) ) ;
#874 = EDGE_CURVE ( 'NONE', #1411, #1036, #677, .T. ) ;
#875 = ORIENTED_EDGE ( 'NONE', *, *, #180, .F. ) ;
#876 = DIRECTION ( 'NONE',  ( -1.000000000000000000, 0.000000000000000000, 0.000000000000000000 ) ) ;
#877 = CALENDAR_DATE ( 2026, 31, 7 ) ;
#878 = AXIS2_PLACEMENT_3D ( 'NONE', #847, #1109, #1310 ) ;
#879 = DIRECTION ( 'NONE',  ( 0.000000000000000000, 0.000000000000000000, 1.000000000000000000 ) ) ;
#880 = VECTOR ( 'NONE', #347, 1000.000000000000000 ) ;
#881 = CIRCLE ( 'NONE', #1200, 6.299999999999999822 ) ;
#882 = VERTEX_POINT ( 'NONE', #904 ) ;
#883 = CARTESIAN_POINT ( 'NONE',  ( -90.00000000000000000, 20.00000000000000000, -10.24999999999998224 ) ) ;
#884 = CARTESIAN_POINT ( 'NONE',  ( 80.25000000000000000, 20.00000000000000000, -10.24999999999998224 ) ) ;
#885 = CARTESIAN_POINT ( 'NONE',  ( 90.00000000000000000, -63.24555320336758513, -10.00000000000000000 ) ) ;
#886 = ORIENTED_EDGE ( 'NONE', *, *, #937, .F. ) ;
#887 = EDGE_CURVE ( 'NONE', #1448, #634, #341, .T. ) ;
#888 = VERTEX_POINT ( 'NONE', #1026 ) ;
#889 = CARTESIAN_POINT ( 'NONE',  ( 22.36067977499790871, 20.00000000000000000, 19.99999999999998579 ) ) ;
#890 = PRODUCT ( 'Link1LShapeConnectorSide_Default_sldprt', 'Link1LShapeConnectorSide_Default_sldprt', '', ( #1089 ) ) ;
#891 = FACE_BOUND ( 'NONE', #189, .T. ) ;
#892 = DIRECTION ( 'NONE',  ( 0.000000000000000000, 0.000000000000000000, 1.000000000000000000 ) ) ;
#893 = ORIENTED_EDGE ( 'NONE', *, *, #1286, .F. ) ;
#894 = VERTEX_POINT ( 'NONE', #931 ) ;
#895 = EDGE_CURVE ( 'NONE', #1179, #1062, #800, .T. ) ;
#896 = VERTEX_POINT ( 'NONE', #1293 ) ;
#897 = CARTESIAN_POINT ( 'NONE',  ( 30.00000000000000000, -63.24555320336758513, -10.00000000000000000 ) ) ;
#898 = CIRCLE ( 'NONE', #374, 2.100000000000000977 ) ;
#899 = DIRECTION ( 'NONE',  ( -0.000000000000000000, 1.000000000000000000, -0.000000000000000000 ) ) ;
#900 = VECTOR ( 'NONE', #633, 1000.000000000000000 ) ;
#901 = AXIS2_PLACEMENT_3D ( 'NONE', #96, #1242, #574 ) ;
#902 = AXIS2_PLACEMENT_3D ( 'NONE', #606, #830, #525 ) ;
#903 = VERTEX_POINT ( 'NONE', #10 ) ;
#904 = CARTESIAN_POINT ( 'NONE',  ( -14.84924240491737102, 0.000000000000000000, -12.74924240491763072 ) ) ;
#905 = ADVANCED_FACE ( 'NONE', ( #124 ), #719, .F. ) ;
#906 = CARTESIAN_POINT ( 'NONE',  ( -30.00000000000000000, 0.000000000000000000, 10.00000000000000000 ) ) ;
#907 = CYLINDRICAL_SURFACE ( 'NONE', #153, 2.100000000000000977 ) ;
#908 = PLANE ( 'NONE',  #254 ) ;
#909 = EDGE_LOOP ( 'NONE', ( #993, #481, #1204, #138, #1292, #88, #783, #958, #1100, #248, #814, #1301, #632, #512, #404, #95, #236, #661, #941, #886, #1298 ) ) ;
#910 = LINE ( 'NONE', #883, #45 ) ;
#911 = CARTESIAN_POINT ( 'NONE',  ( 0.000000000000000000, 20.00000000000000000, -30.00000000000000000 ) ) ;
#912 = ADVANCED_FACE ( 'NONE', ( #610 ), #29, .F. ) ;
#913 = EDGE_CURVE ( 'NONE', #489, #1403, #75, .T. ) ;
#914 = EDGE_LOOP ( 'NONE', ( #183, #960 ) ) ;
#915 = CARTESIAN_POINT ( 'NONE',  ( -90.00000000000000000, 20.00000000000000000, -19.99999999999998224 ) ) ;
#916 = DIRECTION ( 'NONE',  ( -0.000000000000000000, 1.000000000000000000, -0.000000000000000000 ) ) ;
#917 = CARTESIAN_POINT ( 'NONE',  ( -7.306393228788485917E-14, 0.000000000000000000, 18.89999999999999858 ) ) ;
#918 = VERTEX_POINT ( 'NONE', #602 ) ;
#919 = LINE ( 'NONE', #1375, #1457 ) ;
#920 = LINE ( 'NONE', #247, #171 ) ;
#921 = AXIS2_PLACEMENT_3D ( 'NONE', #590, #472, #693 ) ;
#922 = EDGE_LOOP ( 'NONE', ( #1191, #1212, #1392, #1065 ) ) ;
#923 = DIRECTION ( 'NONE',  ( 0.000000000000000000, 0.000000000000000000, 1.000000000000000000 ) ) ;
#924 = AXIS2_PLACEMENT_3D ( 'NONE', #1035, #330, #682 ) ;
#925 = DIRECTION ( 'NONE',  ( 0.000000000000000000, 0.000000000000000000, 1.000000000000000000 ) ) ;
#926 = SECURITY_CLASSIFICATION ( '', '', #1435 ) ;
#927 = CARTESIAN_POINT ( 'NONE',  ( -80.25000000000000000, 0.000000000000000000, -19.99999999999998224 ) ) ;
#928 = VERTEX_POINT ( 'NONE', #249 ) ;
#929 = UNCERTAINTY_MEASURE_WITH_UNIT (LENGTH_MEASURE( 1.000000000000000082E-05 ), #990, 'distance_accuracy_value', 'NONE');
#930 = ORIENTED_EDGE ( 'NONE', *, *, #288, .F. ) ;
#931 = CARTESIAN_POINT ( 'NONE',  ( -30.00000000000000000, 0.000000000000000000, 10.00000000000000000 ) ) ;
#932 = DIRECTION ( 'NONE',  ( 0.000000000000000000, 0.000000000000000000, 1.000000000000000000 ) ) ;
#933 = CARTESIAN_POINT ( 'NONE',  ( -90.00000000000000000, 20.00000000000000000, -19.99999999999998224 ) ) ;
#934 = ORIENTED_EDGE ( 'NONE', *, *, #818, .T. ) ;
#935 = EDGE_LOOP ( 'NONE', ( #567, #468, #549, #532 ) ) ;
#936 = DIRECTION ( 'NONE',  ( 0.000000000000000000, 0.000000000000000000, 1.000000000000000000 ) ) ;
#937 = EDGE_CURVE ( 'NONE', #1069, #1167, #616, .T. ) ;
#938 = CARTESIAN_POINT ( 'NONE',  ( 90.00000000000000000, 0.000000000000000000, 10.25000000000000533 ) ) ;
#939 = VERTEX_POINT ( 'NONE', #1055 ) ;
#940 = CARTESIAN_POINT ( 'NONE',  ( -21.00000000000000000, 0.000000000000000000, 2.099999999999853095 ) ) ;
#941 = ORIENTED_EDGE ( 'NONE', *, *, #561, .T. ) ;
#942 = ORIENTED_EDGE ( 'NONE', *, *, #664, .T. ) ;
#943 = CYLINDRICAL_SURFACE ( 'NONE', #191, 2.100000000000000533 ) ;
#944 = ORIENTED_EDGE ( 'NONE', *, *, #111, .T. ) ;
#945 = DIRECTION ( 'NONE',  ( 0.000000000000000000, -0.000000000000000000, -1.000000000000000000 ) ) ;
#946 = CIRCLE ( 'NONE', #712, 2.100000000000000977 ) ;
#947 = DIRECTION ( 'NONE',  ( 0.000000000000000000, 0.000000000000000000, 1.000000000000000000 ) ) ;
#948 = ORIENTED_EDGE ( 'NONE', *, *, #748, .T. ) ;
#949 = VECTOR ( 'NONE', #945, 1000.000000000000000 ) ;
#950 = FACE_BOUND ( 'NONE', #325, .T. ) ;
#951 = CC_DESIGN_APPROVAL ( #62, ( #519 ) ) ;
#952 = CYLINDRICAL_SURFACE ( 'NONE', #1267, 9.750000000000000000 ) ;
#953 = CLOSED_SHELL ( 'NONE', ( #1189, #184, #148, #905, #502, #1383, #497, #1475, #80, #1260, #7, #1253, #1464, #1407, #1028, #723, #787, #476, #1453, #101, #1157, #12, #429, #855, #1032, #121, #1342, #492, #170, #1115, #313, #1447, #258, #725, #396, #912, #137, #542, #1368, #1381, #379 ) ) ;
#954 = ORIENTED_EDGE ( 'NONE', *, *, #286, .F. ) ;
#955 = CARTESIAN_POINT ( 'NONE',  ( -14.84924240491737102, 20.00000000000000000, -16.94924240491763712 ) ) ;
#956 = EDGE_CURVE ( 'NONE', #1062, #903, #262, .T. ) ;
#957 = VECTOR ( 'NONE', #327, 1000.000000000000000 ) ;
#958 = ORIENTED_EDGE ( 'NONE', *, *, #372, .T. ) ;
#959 = DIRECTION ( 'NONE',  ( 0.000000000000000000, -1.000000000000000000, 0.000000000000000000 ) ) ;
#960 = ORIENTED_EDGE ( 'NONE', *, *, #424, .F. ) ;
#961 = PLANE ( 'NONE',  #293 ) ;
#962 = FACE_OUTER_BOUND ( 'NONE', #964, .T. ) ;
#963 = EDGE_LOOP ( 'NONE', ( #360, #704, #1088, #17 ) ) ;
#964 = EDGE_LOOP ( 'NONE', ( #283, #1119, #944, #1087 ) ) ;
#965 = VERTEX_POINT ( 'NONE', #816 ) ;
#966 = DIRECTION ( 'NONE',  ( 1.000000000000000000, -0.000000000000000000, 3.590534112833708514E-16 ) ) ;
#967 = ORIENTED_EDGE ( 'NONE', *, *, #1303, .T. ) ;
#968 = EDGE_CURVE ( 'NONE', #1374, #305, #604, .T. ) ;
#969 = CARTESIAN_POINT ( 'NONE',  ( -30.00000000000000000, 20.00000000000000000, 10.00000000000000000 ) ) ;
#970 =( NAMED_UNIT ( * ) PLANE_ANGLE_UNIT ( ) SI_UNIT ( $, .RADIAN. ) );
#971 = EDGE_CURVE ( 'NONE', #1054, #1140, #1312, .T. ) ;
#972 = VECTOR ( 'NONE', #857, 1000.000000000000000 ) ;
#973 = ORIENTED_EDGE ( 'NONE', *, *, #1329, .T. ) ;
#974 = DIRECTION ( 'NONE',  ( -0.000000000000000000, -0.000000000000000000, -1.000000000000000000 ) ) ;
#975 = VERTEX_POINT ( 'NONE', #376 ) ;
#976 = VECTOR ( 'NONE', #1341, 1000.000000000000000 ) ;
#977 = DIRECTION ( 'NONE',  ( 1.000000000000000000, 0.000000000000000000, -5.129334446905298846E-17 ) ) ;
#978 = AXIS2_PLACEMENT_3D ( 'NONE', #434, #1007, #206 ) ;
#979 = PERSON_AND_ORGANIZATION_ROLE ( 'design_supplier' ) ;
#980 = AXIS2_PLACEMENT_3D ( 'NONE', #1131, #1138, #337 ) ;
#981 = CARTESIAN_POINT ( 'NONE',  ( 90.00000000000000000, 0.000000000000000000, -19.99999999999998224 ) ) ;
#982 = CARTESIAN_POINT ( 'NONE',  ( 22.36067977499791581, 20.00000000000000000, -19.99999999999997868 ) ) ;
#983 = EDGE_CURVE ( 'NONE', #928, #1411, #1172, .T. ) ;
#984 = AXIS2_PLACEMENT_3D ( 'NONE', #359, #400, #185 ) ;
#985 = ORIENTED_EDGE ( 'NONE', *, *, #428, .F. ) ;
#986 = CARTESIAN_POINT ( 'NONE',  ( -14.84924240491737102, 0.000000000000000000, -16.94924240491763712 ) ) ;
#987 = VECTOR ( 'NONE', #791, 1000.000000000000000 ) ;
#988 = CARTESIAN_POINT ( 'NONE',  ( 14.84924240491768188, 0.000000000000000000, -14.84924240491732128 ) ) ;
#989 = DIRECTION ( 'NONE',  ( -0.000000000000000000, 1.000000000000000000, -0.000000000000000000 ) ) ;
#990 =( LENGTH_UNIT ( ) NAMED_UNIT ( * ) SI_UNIT ( .MILLI., .METRE. ) );
#991 = DIRECTION ( 'NONE',  ( 0.000000000000000000, 0.000000000000000000, 1.000000000000000000 ) ) ;
#992 = CARTESIAN_POINT ( 'NONE',  ( 21.00000000000000000, 0.000000000000000000, 0.000000000000000000 ) ) ;
#993 = ORIENTED_EDGE ( 'NONE', *, *, #167, .T. ) ;
#994 = DIRECTION ( 'NONE',  ( -0.000000000000000000, 1.000000000000000000, -0.000000000000000000 ) ) ;
#995 = PERSON_AND_ORGANIZATION ( #446, #1005 ) ;
#996 = EDGE_CURVE ( 'NONE', #480, #975, #705, .T. ) ;
#997 = DIRECTION ( 'NONE',  ( 0.000000000000000000, -1.000000000000000000, 0.000000000000000000 ) ) ;
#998 = LINE ( 'NONE', #1424, #972 ) ;
#999 = CARTESIAN_POINT ( 'NONE',  ( 14.84924240491768188, 0.000000000000000000, -14.84924240491732128 ) ) ;
#1000 = APPROVAL_ROLE ( '' ) ;
#1001 = CIRCLE ( 'NONE', #978, 2.100000000000000089 ) ;
#1002 = CARTESIAN_POINT ( 'NONE',  ( -22.36067977499791581, 20.00000000000000000, -19.99999999999997868 ) ) ;
#1003 = DIRECTION ( 'NONE',  ( -0.000000000000000000, 1.000000000000000000, -0.000000000000000000 ) ) ;
#1004 = VECTOR ( 'NONE', #555, 1000.000000000000000 ) ;
#1005 = ORGANIZATION ( 'UNSPECIFIED', 'UNSPECIFIED', '' ) ;
#1006 = ORIENTED_EDGE ( 'NONE', *, *, #1277, .F. ) ;
#1007 = DIRECTION ( 'NONE',  ( 0.000000000000000000, 1.000000000000000000, 0.000000000000000000 ) ) ;
#1008 = CIRCLE ( 'NONE', #921, 2.099999999999997868 ) ;
#1009 = VERTEX_POINT ( 'NONE', #361 ) ;
#1010 = CARTESIAN_POINT ( 'NONE',  ( 30.00000000000000000, -63.24555320336758513, -10.00000000000000000 ) ) ;
#1011 = EDGE_CURVE ( 'NONE', #23, #113, #34, .T. ) ;
#1012 = DIRECTION ( 'NONE',  ( -0.000000000000000000, 1.000000000000000000, -0.000000000000000000 ) ) ;
#1013 = EDGE_CURVE ( 'NONE', #809, #1427, #686, .T. ) ;
#1014 = ORIENTED_EDGE ( 'NONE', *, *, #887, .F. ) ;
#1015 = FACE_OUTER_BOUND ( 'NONE', #573, .T. ) ;
#1016 = FACE_BOUND ( 'NONE', #526, .T. ) ;
#1017 = EDGE_LOOP ( 'NONE', ( #1093, #930 ) ) ;
#1018 = DIRECTION ( 'NONE',  ( 0.000000000000000000, 0.000000000000000000, 1.000000000000000000 ) ) ;
#1019 = AXIS2_PLACEMENT_3D ( 'NONE', #992, #1261, #792 ) ;
#1020 = LINE ( 'NONE', #906, #26 ) ;
#1021 = AXIS2_PLACEMENT_3D ( 'NONE', #1181, #916, #250 ) ;
#1022 = VECTOR ( 'NONE', #71, 1000.000000000000000 ) ;
#1023 = EDGE_CURVE ( 'NONE', #753, #521, #25, .T. ) ;
#1024 = AXIS2_PLACEMENT_3D ( 'NONE', #596, #1051, #1177 ) ;
#1025 = ORIENTED_EDGE ( 'NONE', *, *, #956, .T. ) ;
#1026 = CARTESIAN_POINT ( 'NONE',  ( 90.00000000000000000, 0.000000000000000000, 10.00000000000000000 ) ) ;
#1027 = FACE_BOUND ( 'NONE', #1091, .T. ) ;
#1028 = ADVANCED_FACE ( 'NONE', ( #1154 ), #711, .F. ) ;
#1029 = DIRECTION ( 'NONE',  ( 0.000000000000000000, 1.000000000000000000, 0.000000000000000000 ) ) ;
#1030 = ORIENTED_EDGE ( 'NONE', *, *, #321, .F. ) ;
#1031 = CARTESIAN_POINT ( 'NONE',  ( -21.00000000000000000, 0.000000000000000000, -1.466422162314116009E-13 ) ) ;
#1032 = ADVANCED_FACE ( 'NONE', ( #592 ), #18, .T. ) ;
#1033 = PLANE ( 'NONE',  #824 ) ;
#1034 = EDGE_CURVE ( 'NONE', #700, #1009, #314, .T. ) ;
#1035 = CARTESIAN_POINT ( 'NONE',  ( 0.000000000000000000, 20.00000000000000000, 0.000000000000000000 ) ) ;
#1036 = VERTEX_POINT ( 'NONE', #1323 ) ;
#1037 = PLANE ( 'NONE',  #50 ) ;
#1038 = ORIENTED_EDGE ( 'NONE', *, *, #971, .T. ) ;
#1039 = CARTESIAN_POINT ( 'NONE',  ( -14.84924240491757885, -5.939696961967007027, 12.74924240491742289 ) ) ;
#1040 = ADVANCED_BREP_SHAPE_REPRESENTATION ( 'Link1LShapeConnectorSide_Default_sldprt', ( #673, #410 ), #174 ) ;
#1041 = CARTESIAN_POINT ( 'NONE',  ( 30.00000000000000000, 0.000000000000000000, -10.00000000000000000 ) ) ;
#1042 = ORIENTED_EDGE ( 'NONE', *, *, #1045, .T. ) ;
#1043 = CYLINDRICAL_SURFACE ( 'NONE', #902, 2.099999999999997868 ) ;
#1044 = ORIENTED_EDGE ( 'NONE', *, *, #1476, .T. ) ;
#1045 = EDGE_CURVE ( 'NONE', #1140, #1054, #653, .T. ) ;
#1046 = AXIS2_PLACEMENT_3D ( 'NONE', #1335, #316, #300 ) ;
#1047 = ORIENTED_EDGE ( 'NONE', *, *, #286, .T. ) ;
#1048 = CARTESIAN_POINT ( 'NONE',  ( 90.00000000000000000, 0.000000000000000000, 20.00000000000001066 ) ) ;
#1049 = CIRCLE ( 'NONE', #1169, 2.099999999999999645 ) ;
#1050 = CARTESIAN_POINT ( 'NONE',  ( -90.00000000000000000, 20.00000000000000000, 20.00000000000001066 ) ) ;
#1051 = DIRECTION ( 'NONE',  ( -0.000000000000000000, 1.000000000000000000, -0.000000000000000000 ) ) ;
#1052 = ORIENTED_EDGE ( 'NONE', *, *, #1125, .T. ) ;
#1053 = CIRCLE ( 'NONE', #495, 2.100000000000002753 ) ;
#1054 = VERTEX_POINT ( 'NONE', #387 ) ;
#1055 = CARTESIAN_POINT ( 'NONE',  ( 14.84924240491747582, 20.00000000000000000, 16.94924240491752343 ) ) ;
#1056 = CC_DESIGN_PERSON_AND_ORGANIZATION_ASSIGNMENT ( #995, #768, ( #926 ) ) ;
#1057 = CARTESIAN_POINT ( 'NONE',  ( 80.25000000000000000, 0.000000000000000000, 10.25000000000000533 ) ) ;
#1058 = ORIENTED_EDGE ( 'NONE', *, *, #772, .T. ) ;
#1059 = CARTESIAN_POINT ( 'NONE',  ( -22.36067977499791581, 20.00000000000000000, -19.99999999999997868 ) ) ;
#1060 = ORIENTED_EDGE ( 'NONE', *, *, #641, .T. ) ;
#1061 = EDGE_CURVE ( 'NONE', #1153, #718, #658, .T. ) ;
#1062 = VERTEX_POINT ( 'NONE', #547 ) ;
#1063 = CARTESIAN_POINT ( 'NONE',  ( 14.84924240491747582, 0.000000000000000000, 14.84924240491752556 ) ) ;
#1064 = LINE ( 'NONE', #1165, #577 ) ;
#1065 = ORIENTED_EDGE ( 'NONE', *, *, #437, .T. ) ;
#1066 = EDGE_CURVE ( 'NONE', #888, #634, #665, .T. ) ;
#1067 = DIRECTION ( 'NONE',  ( -1.000000000000000000, -0.000000000000000000, 5.129334446905298846E-17 ) ) ;
#1068 = DIRECTION ( 'NONE',  ( 0.000000000000000000, 0.000000000000000000, 1.000000000000000000 ) ) ;
#1069 = VERTEX_POINT ( 'NONE', #1442 ) ;
#1070 = FACE_OUTER_BOUND ( 'NONE', #656, .T. ) ;
#1071 = ORIENTED_EDGE ( 'NONE', *, *, #779, .T. ) ;
#1072 = EDGE_CURVE ( 'NONE', #975, #305, #420, .T. ) ;
#1073 = CIRCLE ( 'NONE', #1121, 2.099999999999997868 ) ;
#1074 = CARTESIAN_POINT ( 'NONE',  ( 90.00000000000000000, 20.00000000000000000, -10.00000000000000000 ) ) ;
#1075 = ORIENTED_EDGE ( 'NONE', *, *, #1264, .F. ) ;
#1076 = CIRCLE ( 'NONE', #409, 2.099999999999997868 ) ;
#1077 = EDGE_CURVE ( 'NONE', #1333, #521, #538, .T. ) ;
#1078 = CARTESIAN_POINT ( 'NONE',  ( -90.00000000000000000, 20.00000000000000000, -10.00000000000000000 ) ) ;
#1079 = AXIS2_PLACEMENT_3D ( 'NONE', #365, #507, #729 ) ;
#1080 = CARTESIAN_POINT ( 'NONE',  ( 0.000000000000000000, 0.000000000000000000, 6.299999999999999822 ) ) ;
#1081 = VECTOR ( 'NONE', #139, 1000.000000000000000 ) ;
#1082 = CC_DESIGN_PERSON_AND_ORGANIZATION_ASSIGNMENT ( #303, #1210, ( #519 ) ) ;
#1083 = LINE ( 'NONE', #749, #778 ) ;
#1084 = CARTESIAN_POINT ( 'NONE',  ( 21.00000000000000000, -5.939696961967007027, 0.000000000000000000 ) ) ;
#1085 = ORIENTED_EDGE ( 'NONE', *, *, #887, .T. ) ;
#1086 = CYLINDRICAL_SURFACE ( 'NONE', #781, 30.00000000000000000 ) ;
#1087 = ORIENTED_EDGE ( 'NONE', *, *, #1143, .F. ) ;
#1088 = ORIENTED_EDGE ( 'NONE', *, *, #1137, .T. ) ;
#1089 = MECHANICAL_CONTEXT ( 'NONE', #1116, 'mechanical' ) ;
#1090 = CARTESIAN_POINT ( 'NONE',  ( 21.00000000000000000, 0.000000000000000000, 0.000000000000000000 ) ) ;
#1091 = EDGE_LOOP ( 'NONE', ( #1417, #210 ) ) ;
#1092 = DIRECTION ( 'NONE',  ( 0.000000000000000000, 0.000000000000000000, 1.000000000000000000 ) ) ;
#1093 = ORIENTED_EDGE ( 'NONE', *, *, #581, .F. ) ;
#1094 = DIRECTION ( 'NONE',  ( 5.129334446905298846E-17, -0.000000000000000000, 1.000000000000000000 ) ) ;
#1095 = DIRECTION ( 'NONE',  ( 0.000000000000000000, 0.000000000000000000, 1.000000000000000000 ) ) ;
#1096 = DATE_AND_TIME ( #406, #689 ) ;
#1097 = CIRCLE ( 'NONE', #1019, 2.100000000000000533 ) ;
#1098 = DIRECTION ( 'NONE',  ( -1.000000000000000000, 0.000000000000000000, 0.000000000000000000 ) ) ;
#1099 = DIRECTION ( 'NONE',  ( -0.000000000000000000, 1.000000000000000000, -0.000000000000000000 ) ) ;
#1100 = ORIENTED_EDGE ( 'NONE', *, *, #428, .T. ) ;
#1101 = DIRECTION ( 'NONE',  ( 0.000000000000000000, 0.000000000000000000, 1.000000000000000000 ) ) ;
#1102 = AXIS2_PLACEMENT_3D ( 'NONE', #368, #39, #1393 ) ;
#1103 = DIRECTION ( 'NONE',  ( 0.000000000000000000, 0.000000000000000000, 1.000000000000000000 ) ) ;
#1104 = LOCAL_TIME ( 13, 48, 49.00000000000000000, #426 ) ;
#1105 = PLANE ( 'NONE',  #1430 ) ;
#1106 = LINE ( 'NONE', #982, #708 ) ;
#1107 = EDGE_CURVE ( 'NONE', #1206, #812, #1122, .T. ) ;
#1108 = ORIENTED_EDGE ( 'NONE', *, *, #21, .T. ) ;
#1109 = DIRECTION ( 'NONE',  ( -0.000000000000000000, 1.000000000000000000, -0.000000000000000000 ) ) ;
#1110 = APPLICATION_PROTOCOL_DEFINITION ( 'international standard', 'config_control_design', 1994, #1250 ) ;
#1111 = CARTESIAN_POINT ( 'NONE',  ( 2.202205001749383553E-13, 20.00000000000000000, -23.09999999999999787 ) ) ;
#1112 = FACE_OUTER_BOUND ( 'NONE', #562, .T. ) ;
#1113 = ORIENTED_EDGE ( 'NONE', *, *, #156, .F. ) ;
#1114 = DIRECTION ( 'NONE',  ( 0.000000000000000000, 1.000000000000000000, 0.000000000000000000 ) ) ;
#1115 = ADVANCED_FACE ( 'NONE', ( #558 ), #1105, .T. ) ;
#1116 = APPLICATION_CONTEXT ( 'configuration controlled 3d designs of mechanical parts and assemblies' ) ;
#1117 = CARTESIAN_POINT ( 'NONE',  ( -30.00000000000000000, -63.24555320336758513, -10.00000000000000000 ) ) ;
#1118 = DIRECTION ( 'NONE',  ( -1.000000000000000000, 0.000000000000000000, 0.000000000000000000 ) ) ;
#1119 = ORIENTED_EDGE ( 'NONE', *, *, #1406, .T. ) ;
#1120 = CARTESIAN_POINT ( 'NONE',  ( 80.25000000000000000, 0.000000000000000000, -19.99999999999998224 ) ) ;
#1121 = AXIS2_PLACEMENT_3D ( 'NONE', #511, #274, #947 ) ;
#1122 = LINE ( 'NONE', #430, #856 ) ;
#1123 = DIRECTION ( 'NONE',  ( 0.000000000000000000, 0.000000000000000000, 1.000000000000000000 ) ) ;
#1124 = AXIS2_PLACEMENT_3D ( 'NONE', #494, #1388, #474 ) ;
#1125 = EDGE_CURVE ( 'NONE', #903, #1344, #832, .T. ) ;
#1126 = APPROVAL_PERSON_ORGANIZATION ( #663, #1188, #557 ) ;
#1127 = EDGE_CURVE ( 'NONE', #301, #809, #1076, .T. ) ;
#1128 = ORIENTED_EDGE ( 'NONE', *, *, #1023, .F. ) ;
#1129 = CARTESIAN_POINT ( 'NONE',  ( 14.84924240491768188, 0.000000000000000000, -12.74924240491732164 ) ) ;
#1130 = EDGE_CURVE ( 'NONE', #459, #489, #1400, .T. ) ;
#1131 = CARTESIAN_POINT ( 'NONE',  ( -7.332110811570580046E-14, 0.000000000000000000, 21.00000000000000000 ) ) ;
#1132 = ORIENTED_EDGE ( 'NONE', *, *, #24, .T. ) ;
#1133 = CYLINDRICAL_SURFACE ( 'NONE', #1336, 6.299999999999999822 ) ;
#1134 = CARTESIAN_POINT ( 'NONE',  ( -7.332110811570580046E-14, 0.000000000000000000, 23.10000000000000142 ) ) ;
#1135 = VERTEX_POINT ( 'NONE', #761 ) ;
#1136 = CARTESIAN_POINT ( 'NONE',  ( -21.00000000000000000, -5.939696961967007027, 2.099999999999853095 ) ) ;
#1137 = EDGE_CURVE ( 'NONE', #1281, #1358, #1227, .T. ) ;
#1138 = DIRECTION ( 'NONE',  ( -0.000000000000000000, -1.000000000000000000, -0.000000000000000000 ) ) ;
#1139 = PLANE ( 'NONE',  #466 ) ;
#1140 = VERTEX_POINT ( 'NONE', #1111 ) ;
#1141 = AXIS2_PLACEMENT_3D ( 'NONE', #370, #498, #1300 ) ;
#1142 = VECTOR ( 'NONE', #652, 1000.000000000000000 ) ;
#1143 = EDGE_CURVE ( 'NONE', #835, #896, #1299, .T. ) ;
#1145 = EDGE_CURVE ( 'NONE', #841, #402, #439, .T. ) ;
#1144 = VECTOR ( 'NONE', #575, 1000.000000000000000 ) ;
#1146 = DIRECTION ( 'NONE',  ( -0.000000000000000000, -1.000000000000000000, -0.000000000000000000 ) ) ;
#1147 = VERTEX_POINT ( 'NONE', #1339 ) ;
#1148 = CARTESIAN_POINT ( 'NONE',  ( 0.000000000000000000, 20.00000000000000000, 0.000000000000000000 ) ) ;
#1149 = AXIS2_PLACEMENT_3D ( 'NONE', #405, #42, #276 ) ;
#1150 = EDGE_LOOP ( 'NONE', ( #506, #232, #1346, #252 ) ) ;
#1151 = LINE ( 'NONE', #349, #442 ) ;
#1152 = PLANE ( 'NONE',  #336 ) ;
#1153 = VERTEX_POINT ( 'NONE', #769 ) ;
#1154 = FACE_OUTER_BOUND ( 'NONE', #935, .T. ) ;
#1155 = DIRECTION ( 'NONE',  ( -0.000000000000000000, 1.000000000000000000, -0.000000000000000000 ) ) ;
#1156 = VERTEX_POINT ( 'NONE', #93 ) ;
#1157 = ADVANCED_FACE ( 'NONE', ( #1185 ), #1231, .F. ) ;
#1158 = DIRECTION ( 'NONE',  ( 0.000000000000000000, 0.000000000000000000, 1.000000000000000000 ) ) ;
#1159 = VERTEX_POINT ( 'NONE', #1345 ) ;
#1160 = FACE_OUTER_BOUND ( 'NONE', #351, .T. ) ;
#1161 = EDGE_LOOP ( 'NONE', ( #161, #1025, #893, #1058, #1399, #234, #1085, #578, #499, #1238, #278, #394, #413, #1044, #110, #1262, #1275, #267, #587, #1170, #135 ) ) ;
#1162 = CARTESIAN_POINT ( 'NONE',  ( -14.84924240491757885, -5.939696961967007027, 14.84924240491742076 ) ) ;
#1163 = AXIS2_PLACEMENT_3D ( 'NONE', #1255, #649, #1321 ) ;
#1164 = AXIS2_PLACEMENT_3D ( 'NONE', #1332, #738, #1202 ) ;
#1165 = CARTESIAN_POINT ( 'NONE',  ( 2.202205001749383553E-13, -5.939696961967007027, -23.09999999999999787 ) ) ;
#1166 = CARTESIAN_POINT ( 'NONE',  ( -90.00000000000000000, 0.000000000000000000, -10.00000000000000000 ) ) ;
#1167 = VERTEX_POINT ( 'NONE', #755 ) ;
#1168 = AXIS2_PLACEMENT_3D ( 'NONE', #1050, #825, #11 ) ;
#1169 = AXIS2_PLACEMENT_3D ( 'NONE', #999, #1449, #1018 ) ;
#1170 = ORIENTED_EDGE ( 'NONE', *, *, #449, .T. ) ;
#1171 = DIRECTION ( 'NONE',  ( 0.000000000000000000, 0.000000000000000000, 1.000000000000000000 ) ) ;
#1172 = CIRCLE ( 'NONE', #217, 2.100000000000000089 ) ;
#1173 = DIRECTION ( 'NONE',  ( 0.000000000000000000, 0.000000000000000000, 1.000000000000000000 ) ) ;
#1174 = DIRECTION ( 'NONE',  ( 0.000000000000000000, 0.000000000000000000, 1.000000000000000000 ) ) ;
#1175 = CIRCLE ( 'NONE', #1378, 2.100000000000002753 ) ;
#1176 = ORIENTED_EDGE ( 'NONE', *, *, #414, .F. ) ;
#1177 = DIRECTION ( 'NONE',  ( 0.000000000000000000, 0.000000000000000000, 1.000000000000000000 ) ) ;
#1178 = ORIENTED_EDGE ( 'NONE', *, *, #372, .F. ) ;
#1179 = VERTEX_POINT ( 'NONE', #323 ) ;
#1180 = DIRECTION ( 'NONE',  ( 0.000000000000000000, 1.000000000000000000, 0.000000000000000000 ) ) ;
#1181 = CARTESIAN_POINT ( 'NONE',  ( -14.84924240491757885, -5.939696961967007027, 14.84924240491742076 ) ) ;
#1182 = ORIENTED_EDGE ( 'NONE', *, *, #605, .F. ) ;
#1183 = CYLINDRICAL_SURFACE ( 'NONE', #1079, 2.100000000000002753 ) ;
#1184 = EDGE_CURVE ( 'NONE', #1167, #795, #774, .T. ) ;
#1185 = FACE_OUTER_BOUND ( 'NONE', #447, .T. ) ;
#1186 = CARTESIAN_POINT ( 'NONE',  ( 30.00000000000000000, -63.24555320336758513, 10.00000000000000000 ) ) ;
#1187 = ORIENTED_EDGE ( 'NONE', *, *, #561, .F. ) ;
#1188 = APPROVAL ( #91, 'UNSPECIFIED' ) ;
#1189 = ADVANCED_FACE ( 'NONE', ( #213 ), #669, .F. ) ;
#1190 = DIRECTION ( 'NONE',  ( -1.000000000000000000, 0.000000000000000000, -0.000000000000000000 ) ) ;
#1191 = ORIENTED_EDGE ( 'NONE', *, *, #818, .F. ) ;
#1192 = DIRECTION ( 'NONE',  ( 0.000000000000000000, 0.000000000000000000, 1.000000000000000000 ) ) ;
#1193 = EDGE_CURVE ( 'NONE', #521, #753, #737, .T. ) ;
#1194 = AXIS2_PLACEMENT_3D ( 'NONE', #1459, #773, #1352 ) ;
#1195 = ORIENTED_EDGE ( 'NONE', *, *, #1406, .F. ) ;
#1196 = CARTESIAN_POINT ( 'NONE',  ( 14.84924240491747582, 20.00000000000000000, 14.84924240491752556 ) ) ;
#1197 = ORIENTED_EDGE ( 'NONE', *, *, #754, .F. ) ;
#1198 = AXIS2_PLACEMENT_3D ( 'NONE', #579, #1114, #89 ) ;
#1199 = ORIENTED_EDGE ( 'NONE', *, *, #548, .F. ) ;
#1200 = AXIS2_PLACEMENT_3D ( 'NONE', #457, #582, #804 ) ;
#1201 = CARTESIAN_POINT ( 'NONE',  ( 90.00000000000000000, 20.00000000000000000, 10.25000000000000533 ) ) ;
#1202 = DIRECTION ( 'NONE',  ( 0.000000000000000000, 0.000000000000000000, 1.000000000000000000 ) ) ;
#1203 = AXIS2_PLACEMENT_3D ( 'NONE', #1245, #1003, #109 ) ;
#1204 = ORIENTED_EDGE ( 'NONE', *, *, #414, .T. ) ;
#1205 = DIRECTION ( 'NONE',  ( 0.000000000000000000, 0.000000000000000000, 1.000000000000000000 ) ) ;
#1206 = VERTEX_POINT ( 'NONE', #471 ) ;
#1207 = CARTESIAN_POINT ( 'NONE',  ( 14.84924240491747582, -5.939696961967007027, 16.94924240491752343 ) ) ;
#1208 = DIRECTION ( 'NONE',  ( 1.000000000000000000, 0.000000000000000000, 0.000000000000000000 ) ) ;
#1209 = DIRECTION ( 'NONE',  ( 0.000000000000000000, 0.000000000000000000, 1.000000000000000000 ) ) ;
#1210 = PERSON_AND_ORGANIZATION_ROLE ( 'creator' ) ;
#1211 = DIRECTION ( 'NONE',  ( -0.000000000000000000, 1.000000000000000000, -0.000000000000000000 ) ) ;
#1212 = ORIENTED_EDGE ( 'NONE', *, *, #1476, .F. ) ;
#1213 = LINE ( 'NONE', #1186, #438 ) ;
#1214 = VERTEX_POINT ( 'NONE', #917 ) ;
#1215 = EDGE_CURVE ( 'NONE', #1214, #1281, #1246, .T. ) ;
#1216 = DIRECTION ( 'NONE',  ( 0.000000000000000000, 0.000000000000000000, 1.000000000000000000 ) ) ;
#1217 = CIRCLE ( 'NONE', #280, 9.750000000000000000 ) ;
#1218 = CARTESIAN_POINT ( 'NONE',  ( 80.25000000000000000, 20.00000000000000000, 20.00000000000000711 ) ) ;
#1219 = LINE ( 'NONE', #311, #597 ) ;
#1220 = EDGE_CURVE ( 'NONE', #1268, #975, #49, .T. ) ;
#1221 = ORIENTED_EDGE ( 'NONE', *, *, #640, .F. ) ;
#1222 = DIRECTION ( 'NONE',  ( -0.000000000000000000, -1.000000000000000000, -0.000000000000000000 ) ) ;
#1223 = AXIS2_PLACEMENT_3D ( 'NONE', #1402, #833, #1101 ) ;
#1224 = VECTOR ( 'NONE', #865, 1000.000000000000000 ) ;
#1225 = APPROVAL_STATUS ( 'not_yet_approved' ) ;
#1226 = VECTOR ( 'NONE', #678, 1000.000000000000000 ) ;
#1227 = LINE ( 'NONE', #100, #1451 ) ;
#1228 = ORIENTED_EDGE ( 'NONE', *, *, #273, .T. ) ;
#1229 = CARTESIAN_POINT ( 'NONE',  ( 0.000000000000000000, 20.00000000000000000, -30.00000000000000000 ) ) ;
#1230 = PERSON_AND_ORGANIZATION ( #446, #1005 ) ;
#1231 = PLANE ( 'NONE',  #1377 ) ;
#1232 = EDGE_CURVE ( 'NONE', #690, #882, #1175, .T. ) ;
#1233 = VERTEX_POINT ( 'NONE', #1477 ) ;
#1234 = DIRECTION ( 'NONE',  ( 0.000000000000000000, 0.000000000000000000, 1.000000000000000000 ) ) ;
#1235 = EDGE_CURVE ( 'NONE', #255, #860, #1151, .T. ) ;
#1236 = DIRECTION ( 'NONE',  ( -0.000000000000000000, 1.000000000000000000, -0.000000000000000000 ) ) ;
#1237 = DIRECTION ( 'NONE',  ( -0.000000000000000000, -1.000000000000000000, -0.000000000000000000 ) ) ;
#1238 = ORIENTED_EDGE ( 'NONE', *, *, #595, .F. ) ;
#1239 = EDGE_CURVE ( 'NONE', #1214, #375, #1258, .T. ) ;
#1240 = CIRCLE ( 'NONE', #1284, 2.100000000000000533 ) ;
#1241 = ORIENTED_EDGE ( 'NONE', *, *, #111, .F. ) ;
#1242 = DIRECTION ( 'NONE',  ( -0.000000000000000000, -1.000000000000000000, -0.000000000000000000 ) ) ;
#1243 = CIRCLE ( 'NONE', #514, 2.100000000000000089 ) ;
#1244 = FACE_BOUND ( 'NONE', #245, .T. ) ;
#1245 = CARTESIAN_POINT ( 'NONE',  ( -21.00000000000000000, -5.939696961967007027, -1.466422162314116009E-13 ) ) ;
#1246 = CIRCLE ( 'NONE', #980, 2.100000000000000977 ) ;
#1247 = CC_DESIGN_APPROVAL ( #767, ( #344 ) ) ;
#1248 = ORIENTED_EDGE ( 'NONE', *, *, #449, .F. ) ;
#1249 = CARTESIAN_POINT ( 'NONE',  ( 22.36067977499791581, 0.000000000000000000, -19.99999999999997868 ) ) ;
#1250 = APPLICATION_CONTEXT ( 'configuration controlled 3d designs of mechanical parts and assemblies' ) ;
#1251 = CARTESIAN_POINT ( 'NONE',  ( 21.00000000000000000, -5.939696961967007027, 0.000000000000000000 ) ) ;
#1252 = CARTESIAN_POINT ( 'NONE',  ( -14.84924240491737102, 20.00000000000000000, -14.84924240491763392 ) ) ;
#1253 = ADVANCED_FACE ( 'NONE', ( #1244, #463, #103, #790, #891, #1016, #220, #1027, #1468, #8 ), #238, .F. ) ;
#1254 = ORIENTED_EDGE ( 'NONE', *, *, #851, .T. ) ;
#1255 = CARTESIAN_POINT ( 'NONE',  ( -21.00000000000000000, 20.00000000000000000, -1.466422162314116009E-13 ) ) ;
#1256 = VERTEX_POINT ( 'NONE', #343 ) ;
#1257 = DIRECTION ( 'NONE',  ( 0.000000000000000000, -1.000000000000000000, 0.000000000000000000 ) ) ;
#1258 = LINE ( 'NONE', #136, #385 ) ;
#1259 = FACE_OUTER_BOUND ( 'NONE', #1150, .T. ) ;
#1260 = ADVANCED_FACE ( 'NONE', ( #1355 ), #119, .T. ) ;
#1261 = DIRECTION ( 'NONE',  ( -0.000000000000000000, -1.000000000000000000, -0.000000000000000000 ) ) ;
#1262 = ORIENTED_EDGE ( 'NONE', *, *, #996, .F. ) ;
#1263 = DIRECTION ( 'NONE',  ( -0.000000000000000000, -1.000000000000000000, -0.000000000000000000 ) ) ;
#1264 = EDGE_CURVE ( 'NONE', #1333, #1159, #881, .T. ) ;
#1265 = CARTESIAN_POINT ( 'NONE',  ( 0.000000000000000000, 20.00000000000000000, 0.000000000000000000 ) ) ;
#1266 = VECTOR ( 'NONE', #974, 1000.000000000000000 ) ;
#1267 = AXIS2_PLACEMENT_3D ( 'NONE', #260, #715, #268 ) ;
#1268 = VERTEX_POINT ( 'NONE', #911 ) ;
#1269 = DIRECTION ( 'NONE',  ( 0.000000000000000000, 1.000000000000000000, 0.000000000000000000 ) ) ;
#1270 = FACE_OUTER_BOUND ( 'NONE', #826, .T. ) ;
#1271 = VECTOR ( 'NONE', #1357, 1000.000000000000000 ) ;
#1272 = CARTESIAN_POINT ( 'NONE',  ( 0.000000000000000000, 0.000000000000000000, 0.000000000000000000 ) ) ;
#1273 = ORIENTED_EDGE ( 'NONE', *, *, #1143, .T. ) ;
#1274 = FACE_OUTER_BOUND ( 'NONE', #1161, .T. ) ;
#1275 = ORIENTED_EDGE ( 'NONE', *, *, #838, .T. ) ;
#1276 = DIRECTION ( 'NONE',  ( -0.000000000000000000, 1.000000000000000000, -0.000000000000000000 ) ) ;
#1277 = EDGE_CURVE ( 'NONE', #894, #433, #786, .T. ) ;
#1278 = DIRECTION ( 'NONE',  ( -0.000000000000000000, 1.000000000000000000, -0.000000000000000000 ) ) ;
#1279 = FACE_OUTER_BOUND ( 'NONE', #199, .T. ) ;
#1280 = CC_DESIGN_PERSON_AND_ORGANIZATION_ASSIGNMENT ( #308, #296, ( #890 ) ) ;
#1281 = VERTEX_POINT ( 'NONE', #1134 ) ;
#1282 = ORIENTED_EDGE ( 'NONE', *, *, #1072, .F. ) ;
#1283 = DIRECTION ( 'NONE',  ( 0.000000000000000000, 0.000000000000000000, 1.000000000000000000 ) ) ;
#1284 = AXIS2_PLACEMENT_3D ( 'NONE', #1090, #1443, #643 ) ;
#1285 = FACE_OUTER_BOUND ( 'NONE', #1319, .T. ) ;
#1286 = EDGE_CURVE ( 'NONE', #965, #903, #1366, .T. ) ;
#1287 = LINE ( 'NONE', #1166, #1434 ) ;
#1288 = ORIENTED_EDGE ( 'NONE', *, *, #1013, .F. ) ;
#1289 = AXIS2_PLACEMENT_3D ( 'NONE', #1412, #200, #1092 ) ;
#1290 = EDGE_LOOP ( 'NONE', ( #710, #390 ) ) ;
#1291 = VECTOR ( 'NONE', #264, 1000.000000000000000 ) ;
#1292 = ORIENTED_EDGE ( 'NONE', *, *, #1277, .T. ) ;
#1293 = CARTESIAN_POINT ( 'NONE',  ( 14.84924240491768188, 20.00000000000000000, -12.74924240491732164 ) ) ;
#1294 = LINE ( 'NONE', #30, #760 ) ;
#1295 = ORIENTED_EDGE ( 'NONE', *, *, #1215, .F. ) ;
#1296 = EDGE_CURVE ( 'NONE', #730, #894, #1020, .T. ) ;
#1297 = PLANE ( 'NONE',  #219 ) ;
#1298 = ORIENTED_EDGE ( 'NONE', *, *, #1303, .F. ) ;
#1299 = LINE ( 'NONE', #1446, #147 ) ;
#1300 = DIRECTION ( 'NONE',  ( 0.000000000000000000, 0.000000000000000000, 1.000000000000000000 ) ) ;
#1301 = ORIENTED_EDGE ( 'NONE', *, *, #73, .F. ) ;
#1302 = DIRECTION ( 'NONE',  ( -0.000000000000000000, 0.000000000000000000, 1.000000000000000000 ) ) ;
#1303 = EDGE_CURVE ( 'NONE', #126, #1069, #1338, .T. ) ;
#1304 = LINE ( 'NONE', #291, #1308 ) ;
#1305 = DIRECTION ( 'NONE',  ( 0.000000000000000000, 1.000000000000000000, 0.000000000000000000 ) ) ;
#1306 = CARTESIAN_POINT ( 'NONE',  ( 14.84924240491768188, -5.939696961967007027, -14.84924240491732128 ) ) ;
#1307 = ORIENTED_EDGE ( 'NONE', *, *, #1066, .F. ) ;
#1308 = VECTOR ( 'NONE', #637, 1000.000000000000000 ) ;
#1309 = VERTEX_POINT ( 'NONE', #1373 ) ;
#1310 = DIRECTION ( 'NONE',  ( 0.000000000000000000, 0.000000000000000000, 1.000000000000000000 ) ) ;
#1311 = EDGE_LOOP ( 'NONE', ( #315, #576 ) ) ;
#1312 = CIRCLE ( 'NONE', #118, 2.100000000000000977 ) ;
#1313 = FACE_BOUND ( 'NONE', #1290, .T. ) ;
#1314 = AXIS2_PLACEMENT_3D ( 'NONE', #417, #864, #179 ) ;
#1315 = CARTESIAN_POINT ( 'NONE',  ( 0.000000000000000000, 0.000000000000000000, 0.000000000000000000 ) ) ;
#1316 = LINE ( 'NONE', #188, #456 ) ;
#1317 = ORIENTED_EDGE ( 'NONE', *, *, #1425, .F. ) ;
#1318 = CARTESIAN_POINT ( 'NONE',  ( -30.00000000000000000, 20.00000000000000000, 10.00000000000000000 ) ) ;
#1319 = EDGE_LOOP ( 'NONE', ( #584, #205, #727, #568 ) ) ;
#1320 = ORIENTED_EDGE ( 'NONE', *, *, #581, .T. ) ;
#1321 = DIRECTION ( 'NONE',  ( 0.000000000000000000, 0.000000000000000000, 1.000000000000000000 ) ) ;
#1322 = CC_DESIGN_DATE_AND_TIME_ASSIGNMENT ( #70, #530, ( #344 ) ) ;
#1323 = CARTESIAN_POINT ( 'NONE',  ( -21.00000000000000000, 20.00000000000000000, 2.099999999999853095 ) ) ;
#1324 = DIRECTION ( 'NONE',  ( 0.000000000000000000, -1.000000000000000000, 0.000000000000000000 ) ) ;
#1325 = ORIENTED_EDGE ( 'NONE', *, *, #1127, .F. ) ;
#1326 = DIRECTION ( 'NONE',  ( -0.000000000000000000, 1.000000000000000000, -0.000000000000000000 ) ) ;
#1327 = CARTESIAN_POINT ( 'NONE',  ( -90.00000000000000000, 0.000000000000000000, -19.99999999999998224 ) ) ;
#1328 = DIRECTION ( 'NONE',  ( 0.000000000000000000, 0.000000000000000000, 1.000000000000000000 ) ) ;
#1329 = EDGE_CURVE ( 'NONE', #882, #841, #357, .T. ) ;
#1330 = COORDINATED_UNIVERSAL_TIME_OFFSET ( 3, 30, .AHEAD. ) ;
#1331 = DIRECTION ( 'NONE',  ( -1.000000000000000000, 0.000000000000000000, 0.000000000000000000 ) ) ;
#1332 = CARTESIAN_POINT ( 'NONE',  ( -7.332110811570580046E-14, 20.00000000000000000, 21.00000000000000000 ) ) ;
#1333 = VERTEX_POINT ( 'NONE', #1080 ) ;
#1334 = ORIENTED_EDGE ( 'NONE', *, *, #128, .T. ) ;
#1335 = CARTESIAN_POINT ( 'NONE',  ( 80.25000000000000000, 20.00000000000000000, -10.24999999999998224 ) ) ;
#1336 = AXIS2_PLACEMENT_3D ( 'NONE', #569, #1466, #680 ) ;
#1337 = DATE_AND_TIME ( #877, #1478 ) ;
#1338 = CIRCLE ( 'NONE', #317, 30.00000000000000000 ) ;
#1339 = CARTESIAN_POINT ( 'NONE',  ( 21.00000000000000000, 0.000000000000000000, 2.100000000000000533 ) ) ;
#1340 = ORIENTED_EDGE ( 'NONE', *, *, #1193, .T. ) ;
#1341 = DIRECTION ( 'NONE',  ( -0.000000000000000000, -1.000000000000000000, -0.000000000000000000 ) ) ;
#1342 = ADVANCED_FACE ( 'NONE', ( #1279 ), #154, .T. ) ;
#1343 = DIRECTION ( 'NONE',  ( 0.000000000000000000, -1.000000000000000000, 0.000000000000000000 ) ) ;
#1344 = VERTEX_POINT ( 'NONE', #1408 ) ;
#1345 = CARTESIAN_POINT ( 'NONE',  ( 7.715274834628325378E-16, 0.000000000000000000, -6.299999999999999822 ) ) ;
#1346 = ORIENTED_EDGE ( 'NONE', *, *, #859, .F. ) ;
#1347 = DIRECTION ( 'NONE',  ( -0.000000000000000000, 1.000000000000000000, -0.000000000000000000 ) ) ;
#1348 = DIRECTION ( 'NONE',  ( -0.000000000000000000, -1.000000000000000000, -0.000000000000000000 ) ) ;
#1349 = ORIENTED_EDGE ( 'NONE', *, *, #1077, .T. ) ;
#1350 = VERTEX_POINT ( 'NONE', #22 ) ;
#1351 = ORIENTED_EDGE ( 'NONE', *, *, #21, .F. ) ;
#1352 = DIRECTION ( 'NONE',  ( 0.000000000000000000, 0.000000000000000000, 1.000000000000000000 ) ) ;
#1353 = AXIS2_PLACEMENT_3D ( 'NONE', #624, #165, #1205 ) ;
#1354 = VECTOR ( 'NONE', #460, 1000.000000000000000 ) ;
#1355 = FACE_OUTER_BOUND ( 'NONE', #14, .T. ) ;
#1356 = FACE_OUTER_BOUND ( 'NONE', #1458, .T. ) ;
#1357 = DIRECTION ( 'NONE',  ( 0.000000000000000000, -0.000000000000000000, -1.000000000000000000 ) ) ;
#1358 = VERTEX_POINT ( 'NONE', #722 ) ;
#1359 = CYLINDRICAL_SURFACE ( 'NONE', #539, 30.00000000000000000 ) ;
#1360 = CARTESIAN_POINT ( 'NONE',  ( 0.000000000000000000, 20.00000000000000000, 0.000000000000000000 ) ) ;
#1361 = LINE ( 'NONE', #338, #987 ) ;
#1362 = DIRECTION ( 'NONE',  ( 0.000000000000000000, 0.000000000000000000, 1.000000000000000000 ) ) ;
#1363 = ORIENTED_EDGE ( 'NONE', *, *, #829, .F. ) ;
#1364 = CARTESIAN_POINT ( 'NONE',  ( 0.000000000000000000, 20.00000000000000000, 0.000000000000000000 ) ) ;
#1365 = ORIENTED_EDGE ( 'NONE', *, *, #321, .T. ) ;
#1366 = LINE ( 'NONE', #108, #1144 ) ;
#1367 = CARTESIAN_POINT ( 'NONE',  ( -30.00000000000000000, -63.24555320336758513, 10.00000000000000000 ) ) ;
#1368 = ADVANCED_FACE ( 'NONE', ( #819 ), #169, .F. ) ;
#1369 = EDGE_LOOP ( 'NONE', ( #609, #241, #676, #292 ) ) ;
#1370 = CARTESIAN_POINT ( 'NONE',  ( 90.00000000000000000, 20.00000000000000000, -19.99999999999998224 ) ) ;
#1371 = CARTESIAN_POINT ( 'NONE',  ( -21.00000000000000000, 0.000000000000000000, -1.466422162314116009E-13 ) ) ;
#1372 = CALENDAR_DATE ( 2026, 31, 7 ) ;
#1373 = CARTESIAN_POINT ( 'NONE',  ( -90.00000000000000000, 0.000000000000000000, -9.999999999999996447 ) ) ;
#1374 = VERTEX_POINT ( 'NONE', #1384 ) ;
#1375 = CARTESIAN_POINT ( 'NONE',  ( 22.36067977499791581, 0.000000000000000000, -19.99999999999997868 ) ) ;
#1376 = AXIS2_PLACEMENT_3D ( 'NONE', #322, #3, #1234 ) ;
#1377 = AXIS2_PLACEMENT_3D ( 'NONE', #885, #164, #1098 ) ;
#1378 = AXIS2_PLACEMENT_3D ( 'NONE', #477, #1462, #780 ) ;
#1379 = ORIENTED_EDGE ( 'NONE', *, *, #913, .T. ) ;
#1380 = DIRECTION ( 'NONE',  ( -0.000000000000000000, -1.000000000000000000, -0.000000000000000000 ) ) ;
#1381 = ADVANCED_FACE ( 'NONE', ( #144 ), #1043, .F. ) ;
#1382 = DIRECTION ( 'NONE',  ( 0.000000000000000000, 0.000000000000000000, 1.000000000000000000 ) ) ;
#1383 = ADVANCED_FACE ( 'NONE', ( #488 ), #1183, .F. ) ;
#1384 = CARTESIAN_POINT ( 'NONE',  ( 0.000000000000000000, 0.000000000000000000, -30.00000000000000000 ) ) ;
#1385 = EDGE_LOOP ( 'NONE', ( #1221, #1395, #1187, #721 ) ) ;
#1386 = ORIENTED_EDGE ( 'NONE', *, *, #451, .T. ) ;
#1387 = EDGE_LOOP ( 'NONE', ( #788, #1108, #1472, #485 ) ) ;
#1388 = DIRECTION ( 'NONE',  ( 0.000000000000000000, 1.000000000000000000, 0.000000000000000000 ) ) ;
#1389 = DIRECTION ( 'NONE',  ( -0.000000000000000000, -1.000000000000000000, -0.000000000000000000 ) ) ;
#1390 = FACE_OUTER_BOUND ( 'NONE', #822, .T. ) ;
#1391 = ORIENTED_EDGE ( 'NONE', *, *, #180, .T. ) ;
#1392 = ORIENTED_EDGE ( 'NONE', *, *, #1235, .T. ) ;
#1393 = DIRECTION ( 'NONE',  ( 0.000000000000000000, 0.000000000000000000, 1.000000000000000000 ) ) ;
#1394 = CARTESIAN_POINT ( 'NONE',  ( -14.84924240491757885, 0.000000000000000000, 14.84924240491742076 ) ) ;
#1395 = ORIENTED_EDGE ( 'NONE', *, *, #1184, .F. ) ;
#1396 = CARTESIAN_POINT ( 'NONE',  ( 90.00000000000000000, 20.00000000000000000, -19.99999999999998224 ) ) ;
#1397 = AXIS2_PLACEMENT_3D ( 'NONE', #1394, #1389, #1382 ) ;
#1398 = AXIS2_PLACEMENT_3D ( 'NONE', #1162, #242, #936 ) ;
#1399 = ORIENTED_EDGE ( 'NONE', *, *, #646, .T. ) ;
#1400 = LINE ( 'NONE', #304, #801 ) ;
#1401 = VECTOR ( 'NONE', #836, 1000.000000000000000 ) ;
#1402 = CARTESIAN_POINT ( 'NONE',  ( 2.199633243471174140E-13, 0.000000000000000000, -20.99999999999999645 ) ) ;
#1403 = VERTEX_POINT ( 'NONE', #37 ) ;
#1404 = FACE_OUTER_BOUND ( 'NONE', #1387, .T. ) ;
#1405 = ORIENTED_EDGE ( 'NONE', *, *, #1066, .T. ) ;
#1406 = EDGE_CURVE ( 'NONE', #1135, #1233, #707, .T. ) ;
#1407 = ADVANCED_FACE ( 'NONE', ( #371 ), #613, .T. ) ;
#1408 = CARTESIAN_POINT ( 'NONE',  ( -80.25000000000000000, 0.000000000000000000, 20.00000000000000711 ) ) ;
#1409 = LINE ( 'NONE', #491, #1271 ) ;
#1410 = ORIENTED_EDGE ( 'NONE', *, *, #572, .F. ) ;
#1411 = VERTEX_POINT ( 'NONE', #940 ) ;
#1412 = CARTESIAN_POINT ( 'NONE',  ( 21.00000000000000000, 20.00000000000000000, 0.000000000000000000 ) ) ;
#1413 = ORIENTED_EDGE ( 'NONE', *, *, #895, .F. ) ;
#1414 = DIRECTION ( 'NONE',  ( 1.000000000000000000, 0.000000000000000000, 0.000000000000000000 ) ) ;
#1415 = CYLINDRICAL_SURFACE ( 'NONE', #608, 2.099999999999999645 ) ;
#1416 = ORIENTED_EDGE ( 'NONE', *, *, #218, .T. ) ;
#1417 = ORIENTED_EDGE ( 'NONE', *, *, #324, .F. ) ;
#1418 = EDGE_LOOP ( 'NONE', ( #120, #224, #1228, #1038 ) ) ;
#1419 = CYLINDRICAL_SURFACE ( 'NONE', #878, 2.099999999999999645 ) ;
#1420 = ORIENTED_EDGE ( 'NONE', *, *, #703, .F. ) ;
#1421 = CARTESIAN_POINT ( 'NONE',  ( 30.00000000000000000, 20.00000000000000000, 10.00000000000000000 ) ) ;
#1422 = AXIS2_PLACEMENT_3D ( 'NONE', #843, #67, #626 ) ;
#1423 = APPROVAL_STATUS ( 'not_yet_approved' ) ;
#1424 = CARTESIAN_POINT ( 'NONE',  ( -14.84924240491737102, -5.939696961967007027, -16.94924240491763712 ) ) ;
#1425 = EDGE_CURVE ( 'NONE', #433, #1309, #1287, .T. ) ;
#1426 = VECTOR ( 'NONE', #994, 1000.000000000000000 ) ;
#1427 = VERTEX_POINT ( 'NONE', #628 ) ;
#1428 = CARTESIAN_POINT ( 'NONE',  ( -7.332110811570580046E-14, 0.000000000000000000, 21.00000000000000000 ) ) ;
#1429 = EDGE_LOOP ( 'NONE', ( #1351, #799, #1349, #1340 ) ) ;
#1430 = AXIS2_PLACEMENT_3D ( 'NONE', #1117, #1331, #1455 ) ;
#1431 = CARTESIAN_POINT ( 'NONE',  ( 30.00000000000000000, -63.24555320336758513, 10.00000000000000000 ) ) ;
#1432 = PRODUCT_RELATED_PRODUCT_CATEGORY ( 'detail', '', ( #890 ) ) ;
#1433 = VERTEX_POINT ( 'NONE', #927 ) ;
#1434 = VECTOR ( 'NONE', #735, 1000.000000000000000 ) ;
#1435 = SECURITY_CLASSIFICATION_LEVEL ( 'unclassified' ) ;
#1436 = DIRECTION ( 'NONE',  ( 0.000000000000000000, 1.000000000000000000, 0.000000000000000000 ) ) ;
#1437 = LINE ( 'NONE', #873, #68 ) ;
#1438 = ORIENTED_EDGE ( 'NONE', *, *, #874, .T. ) ;
#1439 = LINE ( 'NONE', #403, #1266 ) ;
#1440 = LINE ( 'NONE', #1327, #623 ) ;
#1441 = APPLICATION_PROTOCOL_DEFINITION ( 'international standard', 'config_control_design', 1994, #1116 ) ;
#1442 = CARTESIAN_POINT ( 'NONE',  ( 22.36067977499790871, 0.000000000000000000, 19.99999999999998579 ) ) ;
#1443 = DIRECTION ( 'NONE',  ( -0.000000000000000000, -1.000000000000000000, -0.000000000000000000 ) ) ;
#1444 = LINE ( 'NONE', #550, #1426 ) ;
#1445 = COORDINATED_UNIVERSAL_TIME_OFFSET ( 3, 30, .AHEAD. ) ;
#1446 = CARTESIAN_POINT ( 'NONE',  ( 14.84924240491768188, -5.939696961967007027, -12.74924240491732164 ) ) ;
#1447 = ADVANCED_FACE ( 'NONE', ( #1390 ), #952, .T. ) ;
#1448 = VERTEX_POINT ( 'NONE', #1201 ) ;
#1449 = DIRECTION ( 'NONE',  ( -0.000000000000000000, -1.000000000000000000, -0.000000000000000000 ) ) ;
#1450 = VECTOR ( 'NONE', #876, 1000.000000000000000 ) ;
#1451 = VECTOR ( 'NONE', #444, 1000.000000000000000 ) ;
#1453 = ADVANCED_FACE ( 'NONE', ( #813 ), #1297, .F. ) ;
#1452 = AXIS2_PLACEMENT_3D ( 'NONE', #1265, #698, #230 ) ;
#1454 = FACE_OUTER_BOUND ( 'NONE', #58, .T. ) ;
#1455 = DIRECTION ( 'NONE',  ( 0.000000000000000000, 0.000000000000000000, 1.000000000000000000 ) ) ;
#1456 = CARTESIAN_POINT ( 'NONE',  ( -14.84924240491757885, -5.939696961967007027, 16.94924240491742040 ) ) ;
#1457 = VECTOR ( 'NONE', #1067, 1000.000000000000000 ) ;
#1458 = EDGE_LOOP ( 'NONE', ( #116, #157, #1438, #948 ) ) ;
#1459 = CARTESIAN_POINT ( 'NONE',  ( -7.332110811570580046E-14, 20.00000000000000000, 21.00000000000000000 ) ) ;
#1460 = EDGE_CURVE ( 'NONE', #928, #805, #43, .T. ) ;
#1461 = DIRECTION ( 'NONE',  ( -1.000000000000000000, 0.000000000000000000, 0.000000000000000000 ) ) ;
#1462 = DIRECTION ( 'NONE',  ( -0.000000000000000000, -1.000000000000000000, -0.000000000000000000 ) ) ;
#1463 = DIRECTION ( 'NONE',  ( -0.000000000000000000, 1.000000000000000000, -0.000000000000000000 ) ) ;
#1464 = ADVANCED_FACE ( 'NONE', ( #393 ), #277, .T. ) ;
#1465 = ORIENTED_EDGE ( 'NONE', *, *, #750, .F. ) ;
#1466 = DIRECTION ( 'NONE',  ( -0.000000000000000000, 1.000000000000000000, -0.000000000000000000 ) ) ;
#1467 = APPROVAL_DATE_TIME ( #470, #1188 ) ;
#1468 = FACE_OUTER_BOUND ( 'NONE', #909, .T. ) ;
#1469 = CIRCLE ( 'NONE', #92, 9.750000000000000000 ) ;
#1470 = CARTESIAN_POINT ( 'NONE',  ( -7.332110811570580046E-14, -5.939696961967007027, 21.00000000000000000 ) ) ;
#1471 = AXIS2_PLACEMENT_3D ( 'NONE', #298, #1324, #431 ) ;
#1472 = ORIENTED_EDGE ( 'NONE', *, *, #1023, .T. ) ;
#1473 = LINE ( 'NONE', #897, #734 ) ;
#1474 = CIRCLE ( 'NONE', #97, 30.00000000000000000 ) ;
#1475 = ADVANCED_FACE ( 'NONE', ( #962 ), #1415, .F. ) ;
#1476 = EDGE_CURVE ( 'NONE', #255, #1268, #543, .T. ) ;
#1477 = CARTESIAN_POINT ( 'NONE',  ( 14.84924240491768188, 20.00000000000000000, -16.94924240491731737 ) ) ;
#1478 = LOCAL_TIME ( 13, 48, 49.00000000000000000, #1445 ) ;
ENDSEC;
END-ISO-10303-21;
