ISO-10303-21;
HEADER;
FILE_DESCRIPTION (( 'STEP AP214' ),
    '1' );
FILE_NAME ('Link3.STEP',
    '2026-07-24T13:37:36',
    ( '' ),
    ( '' ),
    'SwSTEP 2.0',
    'SolidWorks 2025',
    '' );
FILE_SCHEMA (( 'AUTOMOTIVE_DESIGN' ));
ENDSEC;

DATA;
#1 = DIRECTION ( 'NONE',  ( 3.590534112833708514E-16, -0.000000000000000000, 1.000000000000000000 ) ) ;
#2 = ADVANCED_FACE ( 'NONE', ( #767 ), #5643, .F. ) ;
#3 = VECTOR ( 'NONE', #11032, 1000.000000000000000 ) ;
#4 = AXIS2_PLACEMENT_3D ( 'NONE', #7451, #4663, #5304 ) ;
#5 =( GEOMETRIC_REPRESENTATION_CONTEXT ( 3 ) GLOBAL_UNCERTAINTY_ASSIGNED_CONTEXT ( ( #2184 ) ) GLOBAL_UNIT_ASSIGNED_CONTEXT ( ( #4647, #11221, #6384 ) ) REPRESENTATION_CONTEXT ( 'NONE', 'WORKASPACE' ) );
#6 = DIRECTION ( 'NONE',  ( -0.000000000000000000, -1.000000000000000000, -0.000000000000000000 ) ) ;
#7 = ORIENTED_EDGE ( 'NONE', *, *, #11563, .T. ) ;
#8 = DIRECTION ( 'NONE',  ( -0.000000000000000000, 1.000000000000000000, -0.000000000000000000 ) ) ;
#9 = DIRECTION ( 'NONE',  ( 0.000000000000000000, 0.000000000000000000, 1.000000000000000000 ) ) ;
#10 = ORIENTED_EDGE ( 'NONE', *, *, #9631, .T. ) ;
#11 = CIRCLE ( 'NONE', #4960, 2.100000000000000977 ) ;
#12 = CARTESIAN_POINT ( 'NONE',  ( -23.00000000000000000, 34.20000000000000284, 5.000000000000000000 ) ) ;
#13 = CARTESIAN_POINT ( 'NONE',  ( -218.4000000000000057, 20.00000000000000000, 9.999999999999955591 ) ) ;
#14 = VECTOR ( 'NONE', #11214, 1000.000000000000000 ) ;
#15 =( GEOMETRIC_REPRESENTATION_CONTEXT ( 3 ) GLOBAL_UNCERTAINTY_ASSIGNED_CONTEXT ( ( #6273 ) ) GLOBAL_UNIT_ASSIGNED_CONTEXT ( ( #6602, #5853, #1098 ) ) REPRESENTATION_CONTEXT ( 'NONE', 'WORKASPACE' ) );
#16 = ORIENTED_EDGE ( 'NONE', *, *, #8920, .F. ) ;
#17 = LINE ( 'NONE', #8621, #3879 ) ;
#18 = CYLINDRICAL_SURFACE ( 'NONE', #2804, 45.00000000000000711 ) ;
#19 = ADVANCED_FACE ( 'NONE', ( #9425 ), #2197, .T. ) ;
#20 = CONICAL_SURFACE ( 'NONE', #9324, 27.24999999999998224, 0.7853981633974463916 ) ;
#21 = DIRECTION ( 'NONE',  ( 1.000000000000000000, 0.000000000000000000, -2.382861917550558372E-16 ) ) ;
#22 = CIRCLE ( 'NONE', #1614, 45.00000000000000711 ) ;
#23 = CIRCLE ( 'NONE', #6153, 2.099999999999997868 ) ;
#24 = EDGE_LOOP ( 'NONE', ( #5416, #8700, #12225, #10774 ) ) ;
#25 = CIRCLE ( 'NONE', #1973, 2.100000000000000089 ) ;
#26 = DIRECTION ( 'NONE',  ( 0.000000000000000000, 1.000000000000000000, 0.000000000000000000 ) ) ;
#27 = EDGE_CURVE ( 'NONE', #7091, #6413, #745, .T. ) ;
#28 = ORIENTED_EDGE ( 'NONE', *, *, #5835, .T. ) ;
#29 = AXIS2_PLACEMENT_3D ( 'NONE', #1962, #2827, #11387 ) ;
#30 = COLOUR_RGB ( '',0.7921568627450980005, 0.8196078431372548767, 0.9333333333333333481 ) ;
#31 = ORIENTED_EDGE ( 'NONE', *, *, #10455, .F. ) ;
#32 = CARTESIAN_POINT ( 'NONE',  ( 0.000000000000000000, 34.20000000000000284, 0.000000000000000000 ) ) ;
#33 = AXIS2_PLACEMENT_3D ( 'NONE', #7667, #122, #11520 ) ;
#34 = FACE_OUTER_BOUND ( 'NONE', #9621, .T. ) ;
#35 = CIRCLE ( 'NONE', #11510, 2.100000000000000977 ) ;
#36 = DIRECTION ( 'NONE',  ( 0.000000000000000000, 0.000000000000000000, -1.000000000000000000 ) ) ;
#37 = EDGE_CURVE ( 'NONE', #11970, #1358, #8043, .T. ) ;
#38 = DIRECTION ( 'NONE',  ( 0.000000000000000000, -1.000000000000000000, 0.000000000000000000 ) ) ;
#39 = CARTESIAN_POINT ( 'NONE',  ( -1.675911042644704011E-13, 2.399999999999999467, -17.64999999999999503 ) ) ;
#40 = AXIS2_PLACEMENT_3D ( 'NONE', #4623, #8454, #12239 ) ;
#41 = AXIS2_PLACEMENT_3D ( 'NONE', #7747, #5833, #10728 ) ;
#42 = CIRCLE ( 'NONE', #5591, 2.100000000000002753 ) ;
#43 = ORIENTED_EDGE ( 'NONE', *, *, #1526, .F. ) ;
#44 = DIRECTION ( 'NONE',  ( 0.000000000000000000, 0.000000000000000000, 1.000000000000000000 ) ) ;
#45 = ORIENTED_EDGE ( 'NONE', *, *, #10924, .T. ) ;
#46 = EDGE_LOOP ( 'NONE', ( #11075, #1998 ) ) ;
#47 = DIRECTION ( 'NONE',  ( 1.005478439153526956E-13, 0.4321622386163226914, -0.9017958746380073665 ) ) ;
#48 = VERTEX_POINT ( 'NONE', #8365 ) ;
#49 = LINE ( 'NONE', #12072, #4986 ) ;
#50 = AXIS2_PLACEMENT_3D ( 'NONE', #2045, #11709, #177 ) ;
#51 = CARTESIAN_POINT ( 'NONE',  ( -8.000000000000000000, 0.000000000000000000, 12.00000000000000000 ) ) ;
#52 = ADVANCED_FACE ( 'NONE', ( #5467 ), #3766, .F. ) ;
#53 = FACE_BOUND ( 'NONE', #11320, .T. ) ;
#54 = VECTOR ( 'NONE', #5861, 1000.000000000000000 ) ;
#55 = LINE ( 'NONE', #115, #3036 ) ;
#56 = EDGE_CURVE ( 'NONE', #10822, #4585, #7552, .T. ) ;
#57 = CYLINDRICAL_SURFACE ( 'NONE', #2183, 80.00000000000000000 ) ;
#58 = STYLED_ITEM ( 'NONE', ( #3178 ), #8730 ) ;
#59 = AXIS2_PLACEMENT_3D ( 'NONE', #3878, #9527, #2146 ) ;
#60 = ORIENTED_EDGE ( 'NONE', *, *, #3351, .T. ) ;
#61 = VECTOR ( 'NONE', #10531, 1000.000000000000000 ) ;
#62 = CARTESIAN_POINT ( 'NONE',  ( 0.000000000000000000, 0.000000000000000000, 0.000000000000000000 ) ) ;
#63 = ORIENTED_EDGE ( 'NONE', *, *, #4686, .T. ) ;
#64 = VERTEX_POINT ( 'NONE', #12089 ) ;
#65 = AXIS2_PLACEMENT_3D ( 'NONE', #10329, #9585, #4874 ) ;
#66 = FACE_BOUND ( 'NONE', #9986, .T. ) ;
#67 = EDGE_CURVE ( 'NONE', #11153, #7675, #3677, .T. ) ;
#68 = CARTESIAN_POINT ( 'NONE',  ( -21.00000000000000000, -5.939696961967007027, -2.100000000000146638 ) ) ;
#69 = CARTESIAN_POINT ( 'NONE',  ( 0.000000000000000000, 0.000000000000000000, 0.000000000000000000 ) ) ;
#70 = FACE_OUTER_BOUND ( 'NONE', #6916, .T. ) ;
#71 = DIRECTION ( 'NONE',  ( -0.000000000000000000, -1.000000000000000000, -0.000000000000000000 ) ) ;
#72 = CIRCLE ( 'NONE', #8570, 44.50000000000000711 ) ;
#73 = CARTESIAN_POINT ( 'NONE',  ( -14.84924240491737102, -5.939696961967007027, -16.94924240491763712 ) ) ;
#74 = ADVANCED_FACE ( 'NONE', ( #9364 ), #1921, .F. ) ;
#75 = DIRECTION ( 'NONE',  ( -0.000000000000000000, 1.000000000000000000, -0.000000000000000000 ) ) ;
#76 = VERTEX_POINT ( 'NONE', #6628 ) ;
#77 = DIRECTION ( 'NONE',  ( -0.000000000000000000, 1.000000000000000000, -0.000000000000000000 ) ) ;
#78 =( NAMED_UNIT ( * ) PLANE_ANGLE_UNIT ( ) SI_UNIT ( $, .RADIAN. ) );
#79 = ORIENTED_EDGE ( 'NONE', *, *, #4843, .F. ) ;
#80 = AXIS2_PLACEMENT_3D ( 'NONE', #2925, #7831, #4991 ) ;
#81 = DIRECTION ( 'NONE',  ( -1.000000000000000000, 0.000000000000000000, 0.000000000000000000 ) ) ;
#82 = EDGE_CURVE ( 'NONE', #9556, #8267, #12214, .T. ) ;
#83 = CARTESIAN_POINT ( 'NONE',  ( 18.73499399519520381, 29.80000000000000426, -6.999999999999995559 ) ) ;
#84 = ORIENTED_EDGE ( 'NONE', *, *, #619, .T. ) ;
#85 = DIRECTION ( 'NONE',  ( -0.000000000000000000, -1.000000000000000000, -0.000000000000000000 ) ) ;
#86 = DIRECTION ( 'NONE',  ( 0.000000000000000000, 0.000000000000000000, 1.000000000000000000 ) ) ;
#87 = AXIS2_PLACEMENT_3D ( 'NONE', #6864, #10646, #5932 ) ;
#88 = EDGE_CURVE ( 'NONE', #9041, #7666, #5455, .T. ) ;
#89 = CARTESIAN_POINT ( 'NONE',  ( 14.84924240491747582, 20.00000000000000000, 14.84924240491752556 ) ) ;
#90 = ORIENTED_EDGE ( 'NONE', *, *, #3019, .F. ) ;
#91 = CARTESIAN_POINT ( 'NONE',  ( -7.332110811570580046E-14, 20.00000000000000000, 21.00000000000000000 ) ) ;
#92 = UNCERTAINTY_MEASURE_WITH_UNIT (LENGTH_MEASURE( 1.000000000000000082E-05 ), #5661, 'distance_accuracy_value', 'NONE');
#93 = ORIENTED_EDGE ( 'NONE', *, *, #394, .T. ) ;
#94 = EDGE_CURVE ( 'NONE', #7689, #6679, #3663, .T. ) ;
#95 = DIRECTION ( 'NONE',  ( 0.000000000000000000, 0.000000000000000000, 1.000000000000000000 ) ) ;
#96 =( GEOMETRIC_REPRESENTATION_CONTEXT ( 3 ) GLOBAL_UNCERTAINTY_ASSIGNED_CONTEXT ( ( #4800 ) ) GLOBAL_UNIT_ASSIGNED_CONTEXT ( ( #11951, #4503, #11765 ) ) REPRESENTATION_CONTEXT ( 'NONE', 'WORKASPACE' ) );
#97 = VERTEX_POINT ( 'NONE', #990 ) ;
#98 = DIRECTION ( 'NONE',  ( 1.000000000000000000, 0.000000000000000000, 0.000000000000000000 ) ) ;
#99 = LINE ( 'NONE', #5717, #1716 ) ;
#100 = DIRECTION ( 'NONE',  ( 0.000000000000000000, 1.000000000000000000, 0.000000000000000000 ) ) ;
#101 = DIRECTION ( 'NONE',  ( -0.000000000000000000, -1.000000000000000000, -0.000000000000000000 ) ) ;
#102 = DIRECTION ( 'NONE',  ( -0.000000000000000000, -1.000000000000000000, -0.000000000000000000 ) ) ;
#103 = EDGE_LOOP ( 'NONE', ( #1043, #2554, #5432, #572 ) ) ;
#104 = FACE_OUTER_BOUND ( 'NONE', #7234, .T. ) ;
#105 = EDGE_CURVE ( 'NONE', #9587, #4022, #4768, .T. ) ;
#106 = ORIENTED_EDGE ( 'NONE', *, *, #8495, .F. ) ;
#107 = CIRCLE ( 'NONE', #10796, 5.000000000000000000 ) ;
#108 = VERTEX_POINT ( 'NONE', #11097 ) ;
#109 = DIRECTION ( 'NONE',  ( 1.125293988491275645E-13, -3.191891195797324561E-16, -1.000000000000000000 ) ) ;
#110 = ORIENTED_EDGE ( 'NONE', *, *, #4498, .F. ) ;
#111 = DIRECTION ( 'NONE',  ( 0.000000000000000000, 0.000000000000000000, 1.000000000000000000 ) ) ;
#112 = CARTESIAN_POINT ( 'NONE',  ( 0.000000000000000000, 9.000000000000001776, -35.00000000000000000 ) ) ;
#113 = PRODUCT ( 'MotorCore', 'MotorCore', '', ( #9958 ) ) ;
#114 = DIRECTION ( 'NONE',  ( 0.000000000000000000, 0.000000000000000000, 1.000000000000000000 ) ) ;
#115 = CARTESIAN_POINT ( 'NONE',  ( 68.73863542433761609, 0.000000000000000000, -30.00000000000000000 ) ) ;
#116 = VECTOR ( 'NONE', #10923, 1000.000000000000000 ) ;
#117 = ORIENTED_EDGE ( 'NONE', *, *, #6852, .T. ) ;
#118 = CARTESIAN_POINT ( 'NONE',  ( -11.31370849898490150, 2.399999999999999467, -11.31370849898462261 ) ) ;
#119 = EDGE_CURVE ( 'NONE', #4742, #4032, #2608, .T. ) ;
#120 = EDGE_LOOP ( 'NONE', ( #4645, #5128, #5596, #1323 ) ) ;
#121 = ORIENTED_EDGE ( 'NONE', *, *, #8626, .T. ) ;
#122 = DIRECTION ( 'NONE',  ( -0.000000000000000000, 1.000000000000000000, -0.000000000000000000 ) ) ;
#123 = AXIS2_PLACEMENT_3D ( 'NONE', #2922, #10162, #9577 ) ;
#124 = DIRECTION ( 'NONE',  ( -0.007261451051829059637, -0.000000000000000000, 0.9999736353167626435 ) ) ;
#125 = DIRECTION ( 'NONE',  ( 0.000000000000000000, 0.000000000000000000, -1.000000000000000000 ) ) ;
#126 = CARTESIAN_POINT ( 'NONE',  ( 2.199633243471174140E-13, -5.939696961967007027, -18.89999999999999503 ) ) ;
#127 = DIRECTION ( 'NONE',  ( -0.000000000000000000, -1.000000000000000000, -0.000000000000000000 ) ) ;
#128 = DIRECTION ( 'NONE',  ( 1.000000000000000000, 0.000000000000000000, -3.545536741751475049E-16 ) ) ;
#129 = PLANE ( 'NONE',  #7135 ) ;
#130 = AXIS2_PLACEMENT_3D ( 'NONE', #5888, #11546, #8935 ) ;
#131 = VERTEX_POINT ( 'NONE', #11587 ) ;
#132 = CARTESIAN_POINT ( 'NONE',  ( 0.000000000000000000, 35.39999999999999858, 44.50000000000000711 ) ) ;
#133 = FACE_BOUND ( 'NONE', #4258, .T. ) ;
#134 = ORIENTED_EDGE ( 'NONE', *, *, #511, .F. ) ;
#135 = DIRECTION ( 'NONE',  ( -1.000000000000000000, 0.000000000000000000, 0.000000000000000000 ) ) ;
#136 = DIRECTION ( 'NONE',  ( -0.000000000000000000, 1.000000000000000000, 0.000000000000000000 ) ) ;
#137 = EDGE_CURVE ( 'NONE', #6467, #6911, #6627, .T. ) ;
#138 = ORIENTED_EDGE ( 'NONE', *, *, #5007, .F. ) ;
#139 = PLANE ( 'NONE',  #5773 ) ;
#140 = CARTESIAN_POINT ( 'NONE',  ( 14.84924240491768188, 20.00000000000000000, -14.84924240491732128 ) ) ;
#141 = AXIS2_PLACEMENT_3D ( 'NONE', #8659, #5753, #6808 ) ;
#142 = CARTESIAN_POINT ( 'NONE',  ( 2.081899558550500280E-15, 20.00000000000000000, -17.00000000000000000 ) ) ;
#143 = VERTEX_POINT ( 'NONE', #3938 ) ;
#144 = ADVANCED_FACE ( 'NONE', ( #4945 ), #1244, .T. ) ;
#145 = PLANE ( 'NONE',  #832 ) ;
#146 = ORIENTED_EDGE ( 'NONE', *, *, #3074, .T. ) ;
#147 = LINE ( 'NONE', #2918, #3945 ) ;
#148 = ADVANCED_FACE ( 'NONE', ( #7668 ), #1122, .T. ) ;
#149 = ORIENTED_EDGE ( 'NONE', *, *, #4706, .F. ) ;
#150 = DIRECTION ( 'NONE',  ( 1.000000000000000000, 0.000000000000000000, -5.129334446905298846E-17 ) ) ;
#151 = DIRECTION ( 'NONE',  ( 0.000000000000000000, -1.000000000000000000, 0.000000000000000000 ) ) ;
#152 = CARTESIAN_POINT ( 'NONE',  ( -238.4000000000000057, 0.000000000000000000, 9.999999999999952038 ) ) ;
#153 = CARTESIAN_POINT ( 'NONE',  ( -75.00000000000001421, 20.00000000000000000, 40.00000000000000000 ) ) ;
#154 = ADVANCED_FACE ( 'NONE', ( #11451, #2949, #8722, #9722, #246, #8794 ), #3025, .T. ) ;
#155 = PRESENTATION_STYLE_ASSIGNMENT (( #2993 ) ) ;
#156 = EDGE_CURVE ( 'NONE', #11219, #5659, #11034, .T. ) ;
#157 = ORIENTED_EDGE ( 'NONE', *, *, #5222, .F. ) ;
#158 = DIRECTION ( 'NONE',  ( 0.000000000000000000, 0.000000000000000000, 1.000000000000000000 ) ) ;
#159 = ORIENTED_EDGE ( 'NONE', *, *, #11793, .T. ) ;
#160 = VERTEX_POINT ( 'NONE', #7727 ) ;
#161 = EDGE_CURVE ( 'NONE', #48, #10117, #3298, .T. ) ;
#162 = DIRECTION ( 'NONE',  ( 0.9999999999999998890, -5.331723184578426428E-15, 1.121929676295442499E-13 ) ) ;
#163 = ORIENTED_EDGE ( 'NONE', *, *, #313, .T. ) ;
#164 = LINE ( 'NONE', #2024, #3802 ) ;
#165 = CARTESIAN_POINT ( 'NONE',  ( -22.36067977499791581, 20.00000000000000000, -19.99999999999997868 ) ) ;
#166 = DIRECTION ( 'NONE',  ( 0.000000000000000000, 0.000000000000000000, -1.000000000000000000 ) ) ;
#167 = ADVANCED_FACE ( 'NONE', ( #4894 ), #11400, .F. ) ;
#168 = DIRECTION ( 'NONE',  ( -0.000000000000000000, -1.000000000000000000, -0.000000000000000000 ) ) ;
#169 = VERTEX_POINT ( 'NONE', #10588 ) ;
#170 = ORIENTED_EDGE ( 'NONE', *, *, #10002, .T. ) ;
#171 = CYLINDRICAL_SURFACE ( 'NONE', #9953, 27.00000000000000000 ) ;
#172 = ORIENTED_EDGE ( 'NONE', *, *, #3678, .T. ) ;
#173 = VERTEX_POINT ( 'NONE', #9791 ) ;
#174 = ORIENTED_EDGE ( 'NONE', *, *, #3321, .T. ) ;
#175 = DIRECTION ( 'NONE',  ( -0.000000000000000000, 1.000000000000000000, -0.000000000000000000 ) ) ;
#176 = CARTESIAN_POINT ( 'NONE',  ( -0.07261451051832458481, -39.99999999999999289, -380.0002636468324226 ) ) ;
#177 = DIRECTION ( 'NONE',  ( 0.000000000000000000, 0.000000000000000000, 1.000000000000000000 ) ) ;
#178 = CARTESIAN_POINT ( 'NONE',  ( -6.300000000000000711, 34.20000000000000284, -16.86149459567567632 ) ) ;
#179 = CARTESIAN_POINT ( 'NONE',  ( 0.000000000000000000, 0.000000000000000000, -2.730196635283224094 ) ) ;
#180 = EDGE_CURVE ( 'NONE', #4845, #9617, #5817, .T. ) ;
#181 = DIRECTION ( 'NONE',  ( 1.000000000000000000, 0.000000000000000000, 0.000000000000000000 ) ) ;
#182 = DIRECTION ( 'NONE',  ( 0.000000000000000000, -1.000000000000000000, 0.000000000000000000 ) ) ;
#183 = ORIENTED_EDGE ( 'NONE', *, *, #7786, .F. ) ;
#184 = DIRECTION ( 'NONE',  ( 0.000000000000000000, 0.000000000000000000, 1.000000000000000000 ) ) ;
#185 = PLANE ( 'NONE',  #3779 ) ;
#186 = ORIENTED_EDGE ( 'NONE', *, *, #4861, .T. ) ;
#187 = DIRECTION ( 'NONE',  ( 0.000000000000000000, 0.000000000000000000, 1.000000000000000000 ) ) ;
#188 = CARTESIAN_POINT ( 'NONE',  ( 138.3273854894824240, -39.99999999999999289, -9.999736353167559599 ) ) ;
#189 = ORIENTED_EDGE ( 'NONE', *, *, #394, .F. ) ;
#190 = DIRECTION ( 'NONE',  ( 0.000000000000000000, 0.000000000000000000, 1.000000000000000000 ) ) ;
#191 =( REPRESENTATION_RELATIONSHIP ('NONE','NONE', #9464, #1871 ) REPRESENTATION_RELATIONSHIP_WITH_TRANSFORMATION ( #3554 )SHAPE_REPRESENTATION_RELATIONSHIP( ) );
#192 = LINE ( 'NONE', #265, #4662 ) ;
#193 = AXIS2_PLACEMENT_3D ( 'NONE', #1063, #7616, #4840 ) ;
#194 = DIRECTION ( 'NONE',  ( -0.000000000000000000, -1.000000000000000000, -0.000000000000000000 ) ) ;
#195 = ADVANCED_FACE ( 'NONE', ( #10641 ), #2155, .T. ) ;
#196 = CARTESIAN_POINT ( 'NONE',  ( 138.3273854894824240, -39.99999999999999289, -9.999736353167559599 ) ) ;
#197 = AXIS2_PLACEMENT_3D ( 'NONE', #6828, #12229, #2974 ) ;
#198 = ORIENTED_EDGE ( 'NONE', *, *, #9352, .T. ) ;
#199 = EDGE_CURVE ( 'NONE', #11380, #3202, #4071, .T. ) ;
#200 = DIRECTION ( 'NONE',  ( -1.000000000000000000, 0.000000000000000000, 5.551115123125901031E-15 ) ) ;
#201 = VECTOR ( 'NONE', #12017, 1000.000000000000000 ) ;
#202 = VECTOR ( 'NONE', #7888, 1000.000000000000000 ) ;
#203 = ORIENTED_EDGE ( 'NONE', *, *, #4464, .F. ) ;
#204 = CARTESIAN_POINT ( 'NONE',  ( 90.00000000000000000, 0.000000000000000000, -9.999999999999996447 ) ) ;
#205 = VERTEX_POINT ( 'NONE', #6001 ) ;
#206 = LINE ( 'NONE', #9448, #392 ) ;
#207 = AXIS2_PLACEMENT_3D ( 'NONE', #8551, #11348, #9481 ) ;
#208 = CYLINDRICAL_SURFACE ( 'NONE', #9721, 2.499999999999998668 ) ;
#209 = DIRECTION ( 'NONE',  ( -1.387778780781445182E-16, -0.000000000000000000, -1.000000000000000000 ) ) ;
#210 = ADVANCED_FACE ( 'NONE', ( #10466, #11641 ), #8855, .T. ) ;
#211 = DIRECTION ( 'NONE',  ( -0.000000000000000000, -1.000000000000000000, -0.000000000000000000 ) ) ;
#212 = DIRECTION ( 'NONE',  ( 0.000000000000000000, 0.000000000000000000, -1.000000000000000000 ) ) ;
#213 = VECTOR ( 'NONE', #2446, 1000.000000000000000 ) ;
#214 = CIRCLE ( 'NONE', #1007, 8.000000000000000000 ) ;
#215 = PRODUCT_DEFINITION_FORMATION_WITH_SPECIFIED_SOURCE ( 'ANY', '', #4343, .NOT_KNOWN. ) ;
#216 = DIRECTION ( 'NONE',  ( 0.1424013666999571770, -0.9898089971110508589, 1.654926196081873968E-14 ) ) ;
#217 = ADVANCED_FACE ( 'NONE', ( #2232, #9544 ), #5083, .F. ) ;
#218 = VECTOR ( 'NONE', #3011, 1000.000000000000000 ) ;
#219 = ORIENTED_EDGE ( 'NONE', *, *, #8515, .F. ) ;
#220 = CARTESIAN_POINT ( 'NONE',  ( 21.00000000000000000, 0.000000000000000000, 0.000000000000000000 ) ) ;
#221 = ORIENTED_EDGE ( 'NONE', *, *, #8371, .T. ) ;
#222 = VERTEX_POINT ( 'NONE', #7986 ) ;
#223 = AXIS2_PLACEMENT_3D ( 'NONE', #11268, #2895, #7548 ) ;
#224 = AXIS2_PLACEMENT_3D ( 'NONE', #12231, #8265, #12052 ) ;
#225 = CARTESIAN_POINT ( 'NONE',  ( 244.3000000000391765, 1.500260889309197903E-12, -99.99999999999491251 ) ) ;
#226 = ORIENTED_EDGE ( 'NONE', *, *, #3057, .T. ) ;
#227 = EDGE_CURVE ( 'NONE', #1315, #6642, #4126, .T. ) ;
#228 = CARTESIAN_POINT ( 'NONE',  ( 16.00000000000000000, 0.000000000000000000, 8.000000000000000000 ) ) ;
#229 = ADVANCED_FACE ( 'NONE', ( #2348, #1770 ), #3626, .T. ) ;
#230 = DIRECTION ( 'NONE',  ( -0.000000000000000000, -1.000000000000000000, -0.000000000000000000 ) ) ;
#231 = AXIS2_PLACEMENT_3D ( 'NONE', #11752, #11808, #10012 ) ;
#232 = AXIS2_PLACEMENT_3D ( 'NONE', #914, #9451, #11374 ) ;
#233 = CARTESIAN_POINT ( 'NONE',  ( -18.50000000000000000, 3.061616997868384620E-16, 0.000000000000000000 ) ) ;
#234 = AXIS2_PLACEMENT_3D ( 'NONE', #11282, #2905, #8557 ) ;
#235 = CARTESIAN_POINT ( 'NONE',  ( 0.000000000000000000, 2.399999999999999467, 41.00000000000000000 ) ) ;
#236 = AXIS2_PLACEMENT_3D ( 'NONE', #9475, #9291, #1920 ) ;
#237 = AXIS2_PLACEMENT_3D ( 'NONE', #11852, #9011, #7943 ) ;
#238 = ORIENTED_EDGE ( 'NONE', *, *, #4875, .F. ) ;
#239 = FACE_OUTER_BOUND ( 'NONE', #9878, .T. ) ;
#240 = ORIENTED_EDGE ( 'NONE', *, *, #8145, .F. ) ;
#241 = ORIENTED_EDGE ( 'NONE', *, *, #7758, .T. ) ;
#242 = AXIS2_PLACEMENT_3D ( 'NONE', #5375, #8158, #11948 ) ;
#243 = EDGE_LOOP ( 'NONE', ( #6098, #388, #11150, #263 ) ) ;
#244 = LINE ( 'NONE', #2043, #8941 ) ;
#245 = AXIS2_PLACEMENT_3D ( 'NONE', #5681, #11499, #2588 ) ;
#246 = FACE_BOUND ( 'NONE', #12230, .T. ) ;
#247 = CARTESIAN_POINT ( 'NONE',  ( 90.00000000000000000, -63.24555320336758513, 10.00000000000000000 ) ) ;
#248 = DIRECTION ( 'NONE',  ( 0.000000000000000000, 0.000000000000000000, -1.000000000000000000 ) ) ;
#249 = LINE ( 'NONE', #5820, #8027 ) ;
#250 = CARTESIAN_POINT ( 'NONE',  ( 4.999999999999999112, 6.123233995736765296E-16, 0.000000000000000000 ) ) ;
#251 =( GEOMETRIC_REPRESENTATION_CONTEXT ( 3 ) GLOBAL_UNCERTAINTY_ASSIGNED_CONTEXT ( ( #92 ) ) GLOBAL_UNIT_ASSIGNED_CONTEXT ( ( #5661, #12175, #11997 ) ) REPRESENTATION_CONTEXT ( 'NONE', 'WORKASPACE' ) );
#252 = CIRCLE ( 'NONE', #3417, 2.099999999999997868 ) ;
#253 = DIRECTION ( 'NONE',  ( -1.000000000000000000, 0.000000000000000000, -0.000000000000000000 ) ) ;
#254 = AXIS2_PLACEMENT_3D ( 'NONE', #4064, #9716, #7847 ) ;
#255 = ORIENTED_EDGE ( 'NONE', *, *, #6675, .T. ) ;
#256 = FACE_OUTER_BOUND ( 'NONE', #3357, .T. ) ;
#257 = CARTESIAN_POINT ( 'NONE',  ( 0.000000000000000000, 0.000000000000000000, 0.000000000000000000 ) ) ;
#258 = ORIENTED_EDGE ( 'NONE', *, *, #1750, .T. ) ;
#259 = CARTESIAN_POINT ( 'NONE',  ( 5.510910596163090344E-15, 35.39999999999999858, 45.00000000000000711 ) ) ;
#260 = DIRECTION ( 'NONE',  ( 0.000000000000000000, 0.000000000000000000, 1.000000000000000000 ) ) ;
#261 = CIRCLE ( 'NONE', #5608, 2.099999999999999645 ) ;
#262 = VECTOR ( 'NONE', #10390, 1000.000000000000000 ) ;
#263 = ORIENTED_EDGE ( 'NONE', *, *, #5777, .T. ) ;
#264 = CARTESIAN_POINT ( 'NONE',  ( 30.00000000000000000, -63.24555320336758513, 10.00000000000000000 ) ) ;
#265 = CARTESIAN_POINT ( 'NONE',  ( -5.000000000000001776, 29.80000000000000426, 25.00000000000000000 ) ) ;
#266 = PLANE ( 'NONE',  #7705 ) ;
#267 = VECTOR ( 'NONE', #10622, 1000.000000000000000 ) ;
#268 = ORIENTED_EDGE ( 'NONE', *, *, #5234, .T. ) ;
#269 = DIRECTION ( 'NONE',  ( 0.000000000000000000, 1.000000000000000000, 0.000000000000000000 ) ) ;
#270 = EDGE_CURVE ( 'NONE', #9937, #7608, #2645, .T. ) ;
#271 = ORIENTED_EDGE ( 'NONE', *, *, #1889, .F. ) ;
#272 = DIRECTION ( 'NONE',  ( -2.745056929018243809E-16, -0.000000000000000000, -1.000000000000000000 ) ) ;
#273 = ORIENTED_EDGE ( 'NONE', *, *, #10785, .F. ) ;
#274 = CARTESIAN_POINT ( 'NONE',  ( 0.000000000000000000, 0.000000000000000000, 0.000000000000000000 ) ) ;
#275 = FILL_AREA_STYLE_COLOUR ( '', #6944 ) ;
#276 = CARTESIAN_POINT ( 'NONE',  ( -8.000000000000000000, 0.000000000000000000, 9.000000000000001776 ) ) ;
#277 = AXIS2_PLACEMENT_3D ( 'NONE', #8483, #1, #7556 ) ;
#278 = EDGE_CURVE ( 'NONE', #11174, #5491, #2293, .T. ) ;
#279 = CARTESIAN_POINT ( 'NONE',  ( 218.3273854894824524, -39.99999999999999289, -155.0002636468325079 ) ) ;
#280 = CARTESIAN_POINT ( 'NONE',  ( 138.3273854894817134, -39.99999999999999289, 9.999736353167476111 ) ) ;
#281 =( NAMED_UNIT ( * ) SI_UNIT ( $, .STERADIAN. ) SOLID_ANGLE_UNIT ( ) );
#282 = DIRECTION ( 'NONE',  ( 0.000000000000000000, 0.000000000000000000, 1.000000000000000000 ) ) ;
#283 = FACE_OUTER_BOUND ( 'NONE', #8970, .T. ) ;
#284 = CIRCLE ( 'NONE', #8793, 10.00000000000000178 ) ;
#285 = ORIENTED_EDGE ( 'NONE', *, *, #11773, .T. ) ;
#286 = DIRECTION ( 'NONE',  ( -0.000000000000000000, -1.000000000000000000, -0.000000000000000000 ) ) ;
#287 = ORIENTED_EDGE ( 'NONE', *, *, #2927, .F. ) ;
#288 = VERTEX_POINT ( 'NONE', #10843 ) ;
#289 = APPLICATION_PROTOCOL_DEFINITION ( 'draft international standard', 'automotive_design', 1998, #2030 ) ;
#290 = ORIENTED_EDGE ( 'NONE', *, *, #7700, .F. ) ;
#291 = CARTESIAN_POINT ( 'NONE',  ( 120.2500000000000284, 20.00000000000000000, -19.99999999999998579 ) ) ;
#292 = ADVANCED_FACE ( 'NONE', ( #1660 ), #8272, .F. ) ;
#293 = CARTESIAN_POINT ( 'NONE',  ( 0.000000000000000000, 185.7056274847714405, -60.00000000000000000 ) ) ;
#294 = CYLINDRICAL_SURFACE ( 'NONE', #59, 9.750000000000000000 ) ;
#295 = STYLED_ITEM ( 'NONE', ( #155 ), #4665 ) ;
#296 = CYLINDRICAL_SURFACE ( 'NONE', #10568, 2.499999999999998668 ) ;
#297 = EDGE_CURVE ( 'NONE', #5652, #3693, #4262, .T. ) ;
#298 = ORIENTED_EDGE ( 'NONE', *, *, #405, .T. ) ;
#299 = EDGE_CURVE ( 'NONE', #7706, #11600, #6519, .T. ) ;
#300 = DIRECTION ( 'NONE',  ( 0.000000000000000000, -1.000000000000000000, 0.000000000000000000 ) ) ;
#301 = ORIENTED_EDGE ( 'NONE', *, *, #6514, .T. ) ;
#302 = ORIENTED_EDGE ( 'NONE', *, *, #3410, .T. ) ;
#303 = AXIS2_PLACEMENT_3D ( 'NONE', #429, #4195, #7983 ) ;
#304 = VERTEX_POINT ( 'NONE', #1721 ) ;
#305 = DIRECTION ( 'NONE',  ( 0.000000000000000000, 0.000000000000000000, 1.000000000000000000 ) ) ;
#306 = DIRECTION ( 'NONE',  ( 0.000000000000000000, 0.000000000000000000, -1.000000000000000000 ) ) ;
#307 = EDGE_CURVE ( 'NONE', #4681, #7017, #8301, .T. ) ;
#308 = DIRECTION ( 'NONE',  ( 0.000000000000000000, -1.000000000000000000, 0.000000000000000000 ) ) ;
#309 = CARTESIAN_POINT ( 'NONE',  ( 0.000000000000000000, 0.000000000000000000, 0.000000000000000000 ) ) ;
#310 = VECTOR ( 'NONE', #9993, 1000.000000000000000 ) ;
#311 = DIRECTION ( 'NONE',  ( 0.000000000000000000, 0.000000000000000000, -1.000000000000000000 ) ) ;
#312 = CARTESIAN_POINT ( 'NONE',  ( 2.598076211353316012, 0.000000000000000000, 0.000000000000000000 ) ) ;
#313 = EDGE_CURVE ( 'NONE', #10686, #5855, #5914, .T. ) ;
#314 = EDGE_CURVE ( 'NONE', #3639, #1360, #3209, .T. ) ;
#315 = CARTESIAN_POINT ( 'NONE',  ( 0.000000000000000000, 35.39999999999999858, -45.00000000000000711 ) ) ;
#316 = PRODUCT_DEFINITION_SHAPE ( 'NONE', 'NONE',  #12250 ) ;
#317 = ORIENTED_EDGE ( 'NONE', *, *, #2570, .F. ) ;
#318 = CARTESIAN_POINT ( 'NONE',  ( 0.000000000000000000, 4.600000000000003197, 0.000000000000000000 ) ) ;
#319 = DIRECTION ( 'NONE',  ( 0.000000000000000000, 0.000000000000000000, 1.000000000000000000 ) ) ;
#320 = AXIS2_PLACEMENT_3D ( 'NONE', #12074, #2988, #11082 ) ;
#321 = ORIENTED_EDGE ( 'NONE', *, *, #2500, .T. ) ;
#322 = FACE_OUTER_BOUND ( 'NONE', #7822, .T. ) ;
#323 = CARTESIAN_POINT ( 'NONE',  ( -90.00000000000000000, 0.000000000000000000, 10.25000000000000888 ) ) ;
#324 = VERTEX_POINT ( 'NONE', #791 ) ;
#325 = CARTESIAN_POINT ( 'NONE',  ( 238.3273854894817134, 3.000000000000000000, -155.0002636468324795 ) ) ;
#326 = MANIFOLD_SOLID_BREP ( 'Fillet1', #1909 ) ;
#327 = CLOSED_SHELL ( 'NONE', ( #11062, #5140, #6280, #2655 ) ) ;
#328 = CARTESIAN_POINT ( 'NONE',  ( 21.00000000000000000, -5.939696961967007027, 0.000000000000000000 ) ) ;
#329 = LINE ( 'NONE', #3418, #7570 ) ;
#330 = VECTOR ( 'NONE', #11183, 1000.000000000000000 ) ;
#331 = AXIS2_PLACEMENT_3D ( 'NONE', #4550, #8913, #7909 ) ;
#332 = ORIENTED_EDGE ( 'NONE', *, *, #11405, .T. ) ;
#333 = EDGE_CURVE ( 'NONE', #4109, #4316, #2305, .T. ) ;
#334 = CYLINDRICAL_SURFACE ( 'NONE', #9505, 1.649999999999998579 ) ;
#335 = ORIENTED_EDGE ( 'NONE', *, *, #637, .T. ) ;
#336 = DIRECTION ( 'NONE',  ( -1.000000000000000000, 0.000000000000000000, 0.000000000000000000 ) ) ;
#337 = ORIENTED_EDGE ( 'NONE', *, *, #844, .T. ) ;
#338 = CARTESIAN_POINT ( 'NONE',  ( 0.000000000000000000, 0.000000000000000000, 0.000000000000000000 ) ) ;
#339 = ORIENTED_EDGE ( 'NONE', *, *, #1119, .T. ) ;
#340 = CARTESIAN_POINT ( 'NONE',  ( -30.00000000000000000, -101.9803902718557111, -10.00000000000000000 ) ) ;
#341 = DIRECTION ( 'NONE',  ( -0.000000000000000000, 1.000000000000000000, -0.000000000000000000 ) ) ;
#342 = DIRECTION ( 'NONE',  ( 3.364312195833807668E-16, -0.000000000000000000, 1.000000000000000000 ) ) ;
#343 = DIRECTION ( 'NONE',  ( -1.734723475976806306E-15, 0.000000000000000000, 1.000000000000000000 ) ) ;
#344 = ADVANCED_FACE ( 'NONE', ( #11776, #435 ), #11708, .T. ) ;
#345 = CARTESIAN_POINT ( 'NONE',  ( 0.000000000000000000, 20.00000000000000000, 0.000000000000000000 ) ) ;
#346 = FACE_OUTER_BOUND ( 'NONE', #2036, .T. ) ;
#347 = DIRECTION ( 'NONE',  ( -0.000000000000000000, 1.000000000000000000, -0.000000000000000000 ) ) ;
#348 = ORIENTED_EDGE ( 'NONE', *, *, #27, .F. ) ;
#349 = CARTESIAN_POINT ( 'NONE',  ( 0.000000000000000000, 29.80000000000000426, 0.000000000000000000 ) ) ;
#350 = ORIENTED_EDGE ( 'NONE', *, *, #2900, .F. ) ;
#351 = EDGE_LOOP ( 'NONE', ( #7161, #11797 ) ) ;
#352 = APPLICATION_PROTOCOL_DEFINITION ( 'draft international standard', 'automotive_design', 1998, #6121 ) ;
#353 = EDGE_LOOP ( 'NONE', ( #5134, #5892 ) ) ;
#354 = PLANE ( 'NONE',  #2426 ) ;
#355 = DIRECTION ( 'NONE',  ( 0.000000000000000000, 0.000000000000000000, 1.000000000000000000 ) ) ;
#356 = DIRECTION ( 'NONE',  ( 0.000000000000000000, -1.000000000000000000, 0.000000000000000000 ) ) ;
#357 = LINE ( 'NONE', #3929, #3249 ) ;
#358 = VERTEX_POINT ( 'NONE', #6710 ) ;
#359 = EDGE_CURVE ( 'NONE', #4818, #11544, #4598, .T. ) ;
#360 = DIRECTION ( 'NONE',  ( -0.000000000000000000, -1.000000000000000000, -0.000000000000000000 ) ) ;
#361 = VERTEX_POINT ( 'NONE', #3732 ) ;
#362 = MANIFOLD_SOLID_BREP ( 'Cut-Revolve1', #3488 ) ;
#363 = ORIENTED_EDGE ( 'NONE', *, *, #6439, .T. ) ;
#364 = CARTESIAN_POINT ( 'NONE',  ( 14.84924240491747582, -5.939696961967007027, 12.74924240491752592 ) ) ;
#365 = ORIENTED_EDGE ( 'NONE', *, *, #6476, .T. ) ;
#366 = LINE ( 'NONE', #1171, #4783 ) ;
#367 = CARTESIAN_POINT ( 'NONE',  ( -21.00000000000000000, -5.939696961967007027, -1.466422162314116009E-13 ) ) ;
#368 = LINE ( 'NONE', #5929, #3152 ) ;
#369 = CARTESIAN_POINT ( 'NONE',  ( -7.332110811570580046E-14, 34.20000000000000284, 23.50000000000000000 ) ) ;
#370 = ADVANCED_FACE ( 'NONE', ( #3807 ), #9576, .F. ) ;
#371 = PLANE ( 'NONE',  #87 ) ;
#372 = DIRECTION ( 'NONE',  ( 0.000000000000000000, -1.000000000000000000, 0.000000000000000000 ) ) ;
#373 = ORIENTED_EDGE ( 'NONE', *, *, #11207, .T. ) ;
#374 = EDGE_CURVE ( 'NONE', #1117, #8309, #10756, .T. ) ;
#375 = CARTESIAN_POINT ( 'NONE',  ( -2.500000000000000444, -16.00000000000000000, 0.000000000000000000 ) ) ;
#376 = DIRECTION ( 'NONE',  ( 0.000000000000000000, 1.000000000000000000, 0.000000000000000000 ) ) ;
#377 = ORIENTED_EDGE ( 'NONE', *, *, #8251, .F. ) ;
#378 = CARTESIAN_POINT ( 'NONE',  ( 14.84924240491768188, -5.939696961967007027, -14.84924240491732128 ) ) ;
#379 = CARTESIAN_POINT ( 'NONE',  ( 0.000000000000000000, 11.19999999999999751, -45.00000000000000711 ) ) ;
#380 = ORIENTED_EDGE ( 'NONE', *, *, #11125, .T. ) ;
#381 = DIRECTION ( 'NONE',  ( 0.000000000000000000, 0.000000000000000000, 1.000000000000000000 ) ) ;
#382 = EDGE_CURVE ( 'NONE', #8218, #1116, #10928, .T. ) ;
#383 = EDGE_CURVE ( 'NONE', #4137, #2623, #2007, .T. ) ;
#384 = CARTESIAN_POINT ( 'NONE',  ( -16.00000000000000000, 2.399999999999999467, 0.000000000000000000 ) ) ;
#385 = SURFACE_SIDE_STYLE ('',( #10731 ) ) ;
#386 = VERTEX_POINT ( 'NONE', #858 ) ;
#387 = CARTESIAN_POINT ( 'NONE',  ( -23.00000000000000000, 29.80000000000000426, 3.000000000000000000 ) ) ;
#388 = ORIENTED_EDGE ( 'NONE', *, *, #8171, .T. ) ;
#389 = CARTESIAN_POINT ( 'NONE',  ( 0.000000000000000000, 0.000000000000000000, 0.000000000000000000 ) ) ;
#390 = VERTEX_POINT ( 'NONE', #912 ) ;
#391 = DIRECTION ( 'NONE',  ( -1.000000000000000000, 0.000000000000000000, 0.000000000000000000 ) ) ;
#392 = VECTOR ( 'NONE', #7763, 1000.000000000000000 ) ;
#393 = VERTEX_POINT ( 'NONE', #8506 ) ;
#394 = EDGE_CURVE ( 'NONE', #7967, #5345, #5578, .T. ) ;
#395 = DIRECTION ( 'NONE',  ( 0.000000000000000000, 1.000000000000000000, 0.000000000000000000 ) ) ;
#396 = CARTESIAN_POINT ( 'NONE',  ( 138.3273854894817134, 0.000000000000000000, 9.999736353167476111 ) ) ;
#397 = DIRECTION ( 'NONE',  ( -0.000000000000000000, 1.000000000000000000, -0.000000000000000000 ) ) ;
#398 = DIRECTION ( 'NONE',  ( 1.000000000000000000, 0.000000000000000000, 0.000000000000000000 ) ) ;
#399 = MANIFOLD_SOLID_BREP ( 'Fillet2', #7052 ) ;
#400 = DIRECTION ( 'NONE',  ( -0.000000000000000000, 1.000000000000000000, -0.000000000000000000 ) ) ;
#401 = VECTOR ( 'NONE', #5696, 1000.000000000000000 ) ;
#402 = CIRCLE ( 'NONE', #8110, 2.100000000000000977 ) ;
#403 = ORIENTED_EDGE ( 'NONE', *, *, #6874, .F. ) ;
#404 = AXIS2_PLACEMENT_3D ( 'NONE', #378, #8998, #452 ) ;
#405 = EDGE_CURVE ( 'NONE', #7634, #6071, #7353, .T. ) ;
#406 = CARTESIAN_POINT ( 'NONE',  ( 90.00000000000000000, 20.00000000000000000, 10.00000000000000000 ) ) ;
#407 = ORIENTED_EDGE ( 'NONE', *, *, #278, .T. ) ;
#408 = CARTESIAN_POINT ( 'NONE',  ( 16.00000000000000000, 2.399999999999999467, -1.650000000000110489 ) ) ;
#409 = ORIENTED_EDGE ( 'NONE', *, *, #10665, .T. ) ;
#410 = ORIENTED_EDGE ( 'NONE', *, *, #5144, .F. ) ;
#411 = VECTOR ( 'NONE', #4857, 1000.000000000000000 ) ;
#412 = CARTESIAN_POINT ( 'NONE',  ( 0.000000000000000000, 0.000000000000000000, 0.000000000000000000 ) ) ;
#413 = ORIENTED_EDGE ( 'NONE', *, *, #5487, .F. ) ;
#414 = EDGE_CURVE ( 'NONE', #2285, #5173, #1231, .T. ) ;
#415 = CARTESIAN_POINT ( 'NONE',  ( 14.84924240491747582, -5.939696961967007027, 14.84924240491752556 ) ) ;
#416 = VECTOR ( 'NONE', #3540, 1000.000000000000000 ) ;
#417 = VECTOR ( 'NONE', #7373, 1000.000000000000000 ) ;
#418 = DIRECTION ( 'NONE',  ( 0.000000000000000000, -1.000000000000000000, 0.000000000000000000 ) ) ;
#419 = LINE ( 'NONE', #6104, #2823 ) ;
#420 = LINE ( 'NONE', #2091, #4030 ) ;
#421 = VECTOR ( 'NONE', #75, 1000.000000000000000 ) ;
#422 = VECTOR ( 'NONE', #7198, 1000.000000000000000 ) ;
#423 = VECTOR ( 'NONE', #4432, 1000.000000000000000 ) ;
#424 = ORIENTED_EDGE ( 'NONE', *, *, #10283, .F. ) ;
#425 = DIRECTION ( 'NONE',  ( -1.000000000000000000, -0.000000000000000000, 2.250437420865466312E-16 ) ) ;
#426 = DIRECTION ( 'NONE',  ( -0.000000000000000000, 1.000000000000000000, -0.000000000000000000 ) ) ;
#427 = ORIENTED_EDGE ( 'NONE', *, *, #11513, .F. ) ;
#428 = ORIENTED_EDGE ( 'NONE', *, *, #3410, .F. ) ;
#429 = CARTESIAN_POINT ( 'NONE',  ( 0.000000000000000000, 0.000000000000000000, 0.000000000000000000 ) ) ;
#430 = ORIENTED_EDGE ( 'NONE', *, *, #4277, .F. ) ;
#431 = ADVANCED_FACE ( 'NONE', ( #3171 ), #3976, .F. ) ;
#432 = LINE ( 'NONE', #7181, #3795 ) ;
#433 = AXIS2_PLACEMENT_3D ( 'NONE', #5862, #9087, #1482 ) ;
#434 =( GEOMETRIC_REPRESENTATION_CONTEXT ( 3 ) GLOBAL_UNCERTAINTY_ASSIGNED_CONTEXT ( ( #6884 ) ) GLOBAL_UNIT_ASSIGNED_CONTEXT ( ( #11617, #2191, #10748 ) ) REPRESENTATION_CONTEXT ( 'NONE', 'WORKASPACE' ) );
#435 = FACE_BOUND ( 'NONE', #8147, .T. ) ;
#436 = CARTESIAN_POINT ( 'NONE',  ( -25.00000000000000000, 29.80000000000000426, 3.000000000000000000 ) ) ;
#437 = CARTESIAN_POINT ( 'NONE',  ( 138.3273854894816566, -39.99999999999999289, -380.0002636468323658 ) ) ;
#438 = DIRECTION ( 'NONE',  ( 1.000000000000000000, -0.000000000000000000, 1.451090930900692498E-15 ) ) ;
#439 = VECTOR ( 'NONE', #5021, 1000.000000000000000 ) ;
#440 = VECTOR ( 'NONE', #897, 1000.000000000000000 ) ;
#441 = EDGE_CURVE ( 'NONE', #11318, #11624, #4985, .T. ) ;
#442 = LINE ( 'NONE', #4951, #8989 ) ;
#443 = CARTESIAN_POINT ( 'NONE',  ( -17.29161646579058242, 34.20000000000000284, 5.000000000000000000 ) ) ;
#444 = VECTOR ( 'NONE', #10259, 1000.000000000000000 ) ;
#445 = EDGE_LOOP ( 'NONE', ( #4787, #2833, #2688, #6574 ) ) ;
#446 = AXIS2_PLACEMENT_3D ( 'NONE', #10798, #2309, #9861 ) ;
#447 = PLANE ( 'NONE',  #10141 ) ;
#448 = CYLINDRICAL_SURFACE ( 'NONE', #4790, 2.100000000000000089 ) ;
#449 = ORIENTED_EDGE ( 'NONE', *, *, #1889, .T. ) ;
#450 = AXIS2_PLACEMENT_3D ( 'NONE', #873, #7472, #10160 ) ;
#451 = CIRCLE ( 'NONE', #10723, 44.50000000000000711 ) ;
#452 = DIRECTION ( 'NONE',  ( 0.000000000000000000, 0.000000000000000000, 1.000000000000000000 ) ) ;
#453 = EDGE_CURVE ( 'NONE', #4381, #9937, #8148, .T. ) ;
#454 = CARTESIAN_POINT ( 'NONE',  ( -5.000000000000000888, 1.922695474661344271E-15, 15.40000000000000036 ) ) ;
#455 = ORIENTED_EDGE ( 'NONE', *, *, #6106, .F. ) ;
#456 = CARTESIAN_POINT ( 'NONE',  ( 0.000000000000000000, 35.39999999999999858, 0.000000000000000000 ) ) ;
#457 = MANIFOLD_SOLID_BREP ( 'Cut-Extrude1', #10818 ) ;
#458 = VECTOR ( 'NONE', #2321, 1000.000000000000000 ) ;
#459 = CARTESIAN_POINT ( 'NONE',  ( 0.000000000000000000, 0.000000000000000000, 0.000000000000000000 ) ) ;
#460 = AXIS2_PLACEMENT_3D ( 'NONE', #7989, #9177, #11033 ) ;
#461 = AXIS2_PLACEMENT_3D ( 'NONE', #6262, #10105, #2609 ) ;
#462 = ADVANCED_FACE ( 'NONE', ( #8688 ), #208, .F. ) ;
#463 = DIRECTION ( 'NONE',  ( 1.000000000000000000, 0.000000000000000000, 0.000000000000000000 ) ) ;
#464 = AXIS2_PLACEMENT_3D ( 'NONE', #7292, #4448, #1599 ) ;
#465 = VERTEX_POINT ( 'NONE', #7495 ) ;
#466 = LINE ( 'NONE', #10661, #2378 ) ;
#467 = EDGE_LOOP ( 'NONE', ( #5800, #6412, #11849, #10432 ) ) ;
#468 = DIRECTION ( 'NONE',  ( 2.312964634635742895E-17, 0.000000000000000000, 1.000000000000000000 ) ) ;
#469 = EDGE_CURVE ( 'NONE', #6095, #7779, #3973, .T. ) ;
#470 = AXIS2_PLACEMENT_3D ( 'NONE', #4089, #10112, #12096 ) ;
#471 = AXIS2_PLACEMENT_3D ( 'NONE', #8274, #746, #4552 ) ;
#472 = UNCERTAINTY_MEASURE_WITH_UNIT (LENGTH_MEASURE( 1.000000000000000082E-05 ), #2926, 'distance_accuracy_value', 'NONE');
#473 = ORIENTED_EDGE ( 'NONE', *, *, #7404, .F. ) ;
#474 = DIRECTION ( 'NONE',  ( -0.000000000000000000, 1.000000000000000000, -0.000000000000000000 ) ) ;
#475 = AXIS2_PLACEMENT_3D ( 'NONE', #11200, #8403, #7592 ) ;
#476 = ORIENTED_EDGE ( 'NONE', *, *, #5971, .F. ) ;
#477 = CARTESIAN_POINT ( 'NONE',  ( -113.7500000000000142, 20.00000000000000000, -10.00000000000002487 ) ) ;
#478 = CARTESIAN_POINT ( 'NONE',  ( 238.3273854894816850, -39.99999999999999289, -90.00026364683253632 ) ) ;
#479 = AXIS2_PLACEMENT_3D ( 'NONE', #9509, #8828, #1951 ) ;
#480 = CARTESIAN_POINT ( 'NONE',  ( -18.73499399519520026, 34.20000000000000284, 5.000000000000000000 ) ) ;
#481 = MANIFOLD_SOLID_BREP ( 'Cut-Extrude2', #6653 ) ;
#482 = LINE ( 'NONE', #7086, #7152 ) ;
#483 = VERTEX_POINT ( 'NONE', #7624 ) ;
#484 = CARTESIAN_POINT ( 'NONE',  ( 18.73499399519520026, 34.20000000000000284, 5.000000000000000000 ) ) ;
#485 = EDGE_CURVE ( 'NONE', #465, #6623, #5952, .T. ) ;
#486 = EDGE_LOOP ( 'NONE', ( #10979, #9959 ) ) ;
#487 = CARTESIAN_POINT ( 'NONE',  ( -30.00000000000000000, 20.00000000000000000, -10.00000000000000000 ) ) ;
#488 = ORIENTED_EDGE ( 'NONE', *, *, #6151, .T. ) ;
#489 = EDGE_LOOP ( 'NONE', ( #2934, #3958, #8964, #1834 ) ) ;
#490 = CIRCLE ( 'NONE', #2830, 1.999999999999998224 ) ;
#491 = SHAPE_DEFINITION_REPRESENTATION ( #9502, #1871 ) ;
#492 = ORIENTED_EDGE ( 'NONE', *, *, #9684, .F. ) ;
#493 = FACE_OUTER_BOUND ( 'NONE', #1305, .T. ) ;
#494 = DIRECTION ( 'NONE',  ( 0.000000000000000000, 1.000000000000000000, 0.000000000000000000 ) ) ;
#495 = FACE_OUTER_BOUND ( 'NONE', #6805, .T. ) ;
#496 = DIRECTION ( 'NONE',  ( -0.000000000000000000, -1.000000000000000000, -0.000000000000000000 ) ) ;
#497 = CIRCLE ( 'NONE', #7998, 50.00000000000000000 ) ;
#498 = EDGE_CURVE ( 'NONE', #2652, #3884, #640, .T. ) ;
#499 = VERTEX_POINT ( 'NONE', #9485 ) ;
#500 = DIRECTION ( 'NONE',  ( -1.000000000000000000, 0.000000000000000000, 0.000000000000000000 ) ) ;
#501 = EDGE_LOOP ( 'NONE', ( #4400, #6409, #5555, #1077 ) ) ;
#502 = ORIENTED_EDGE ( 'NONE', *, *, #4067, .F. ) ;
#503 = DIRECTION ( 'NONE',  ( 0.000000000000000000, -0.000000000000000000, -1.000000000000000000 ) ) ;
#504 = VERTEX_POINT ( 'NONE', #10424 ) ;
#505 = CARTESIAN_POINT ( 'NONE',  ( -238.4000000000000625, 0.000000000000000000, -155.0000000000000568 ) ) ;
#506 = DIRECTION ( 'NONE',  ( 1.000000000000000000, -0.000000000000000000, -2.312964634635742895E-17 ) ) ;
#507 = FACE_OUTER_BOUND ( 'NONE', #6179, .T. ) ;
#508 = CARTESIAN_POINT ( 'NONE',  ( -4.400000000000000355, 0.000000000000000000, 0.000000000000000000 ) ) ;
#509 = CARTESIAN_POINT ( 'NONE',  ( 238.3273854894816850, 3.000000000000000000, -280.0002636468323658 ) ) ;
#510 = CARTESIAN_POINT ( 'NONE',  ( 14.84924240491747582, 0.000000000000000000, 12.74924240491752592 ) ) ;
#511 = EDGE_CURVE ( 'NONE', #4213, #8026, #10128, .T. ) ;
#512 = CARTESIAN_POINT ( 'NONE',  ( -75.00000000000000000, -134.1640786499874025, 10.00000000000000178 ) ) ;
#513 = ORIENTED_EDGE ( 'NONE', *, *, #10070, .F. ) ;
#514 = LINE ( 'NONE', #1316, #11522 ) ;
#515 = DIRECTION ( 'NONE',  ( -0.000000000000000000, 1.000000000000000000, -0.000000000000000000 ) ) ;
#516 = EDGE_LOOP ( 'NONE', ( #5801, #4926, #1633, #3234 ) ) ;
#517 = DIRECTION ( 'NONE',  ( -1.000000000000000000, 0.000000000000000000, 0.000000000000000000 ) ) ;
#518 = CARTESIAN_POINT ( 'NONE',  ( -14.84924240491737102, 20.00000000000000000, -14.84924240491763392 ) ) ;
#519 = AXIS2_PLACEMENT_3D ( 'NONE', #5772, #2740, #954 ) ;
#520 = ORIENTED_EDGE ( 'NONE', *, *, #1924, .F. ) ;
#521 = LINE ( 'NONE', #11098, #5783 ) ;
#522 = DIRECTION ( 'NONE',  ( -0.000000000000000000, -1.000000000000000000, -0.000000000000000000 ) ) ;
#523 = FACE_OUTER_BOUND ( 'NONE', #10292, .T. ) ;
#524 = ORIENTED_EDGE ( 'NONE', *, *, #11431, .T. ) ;
#525 = AXIS2_PLACEMENT_3D ( 'NONE', #3597, #9251, #7386 ) ;
#526 = CARTESIAN_POINT ( 'NONE',  ( 8.000000000000000000, 9.797174393178825657E-16, 12.00000000000000000 ) ) ;
#527 = VERTEX_POINT ( 'NONE', #10600 ) ;
#528 = DIRECTION ( 'NONE',  ( -0.000000000000000000, -0.000000000000000000, -1.000000000000000000 ) ) ;
#529 = ADVANCED_FACE ( 'NONE', ( #6576, #5765, #8614, #133, #3895, #2961, #10541, #1002, #5828, #9615 ), #185, .T. ) ;
#530 = VERTEX_POINT ( 'NONE', #11538 ) ;
#531 = DIRECTION ( 'NONE',  ( 1.000000000000000000, 0.000000000000000000, 0.000000000000000000 ) ) ;
#532 = ORIENTED_EDGE ( 'NONE', *, *, #7613, .F. ) ;
#533 = AXIS2_PLACEMENT_3D ( 'NONE', #2376, #3977, #6838 ) ;
#534 = CARTESIAN_POINT ( 'NONE',  ( 18.73499399519520026, 34.20000000000000284, 7.000000000000000000 ) ) ;
#535 = LINE ( 'NONE', #2266, #12129 ) ;
#536 = EDGE_CURVE ( 'NONE', #5232, #3256, #10707, .T. ) ;
#537 = CARTESIAN_POINT ( 'NONE',  ( -14.84924240491757885, 0.000000000000000000, 16.94924240491742040 ) ) ;
#538 = SURFACE_STYLE_FILL_AREA ( #8830 ) ;
#539 = AXIS2_PLACEMENT_3D ( 'NONE', #4711, #8479, #819 ) ;
#540 = ORIENTED_EDGE ( 'NONE', *, *, #11537, .F. ) ;
#541 = SHAPE_REPRESENTATION ( 'Pulley70mm', ( #10290 ), #8313 ) ;
#542 = DIRECTION ( 'NONE',  ( 0.000000000000000000, -0.000000000000000000, -1.000000000000000000 ) ) ;
#543 = EDGE_LOOP ( 'NONE', ( #1542, #7087, #3073, #936 ) ) ;
#544 = EDGE_CURVE ( 'NONE', #8497, #4271, #10367, .T. ) ;
#545 = FACE_BOUND ( 'NONE', #1330, .T. ) ;
#546 = ORIENTED_EDGE ( 'NONE', *, *, #10904, .T. ) ;
#547 = ORIENTED_EDGE ( 'NONE', *, *, #997, .F. ) ;
#548 = PRODUCT_CONTEXT ( 'NONE', #10264, 'mechanical' ) ;
#549 = VERTEX_POINT ( 'NONE', #4661 ) ;
#550 = LINE ( 'NONE', #7042, #7560 ) ;
#551 = DIRECTION ( 'NONE',  ( 1.000000000000000000, 0.000000000000000000, 0.000000000000000000 ) ) ;
#552 = ADVANCED_FACE ( 'NONE', ( #3717 ), #1877, .F. ) ;
#553 = EDGE_CURVE ( 'NONE', #6952, #867, #1023, .T. ) ;
#554 = LINE ( 'NONE', #8159, #9569 ) ;
#555 = DIRECTION ( 'NONE',  ( 0.000000000000000000, 0.000000000000000000, 1.000000000000000000 ) ) ;
#556 = EDGE_LOOP ( 'NONE', ( #7207, #8523, #2326, #8389 ) ) ;
#557 = LINE ( 'NONE', #8278, #11533 ) ;
#558 = VERTEX_POINT ( 'NONE', #3091 ) ;
#559 = ORIENTED_EDGE ( 'NONE', *, *, #10441, .T. ) ;
#560 = DIRECTION ( 'NONE',  ( 0.9999736353167627545, -0.000000000000000000, 0.007261451051829060505 ) ) ;
#561 = ORIENTED_EDGE ( 'NONE', *, *, #2506, .F. ) ;
#562 = CARTESIAN_POINT ( 'NONE',  ( -13.50000000000000000, 0.000000000000000000, 0.000000000000000000 ) ) ;
#563 = CARTESIAN_POINT ( 'NONE',  ( 23.00000000000000000, 29.80000000000000426, 3.000000000000000000 ) ) ;
#564 = CARTESIAN_POINT ( 'NONE',  ( 138.3273854894817134, -39.99999999999999289, 9.999736353167461900 ) ) ;
#565 = EDGE_CURVE ( 'NONE', #8012, #4585, #7938, .T. ) ;
#566 = CARTESIAN_POINT ( 'NONE',  ( 21.00000000000000000, 0.000000000000000000, 2.100000000000000533 ) ) ;
#567 = CYLINDRICAL_SURFACE ( 'NONE', #10562, 2.099999999999997868 ) ;
#568 = DIRECTION ( 'NONE',  ( 0.000000000000000000, 0.000000000000000000, -1.000000000000000000 ) ) ;
#569 = ORIENTED_EDGE ( 'NONE', *, *, #544, .T. ) ;
#570 = FACE_OUTER_BOUND ( 'NONE', #8098, .T. ) ;
#571 = DIRECTION ( 'NONE',  ( 0.000000000000000000, 1.000000000000000000, 0.000000000000000000 ) ) ;
#572 = ORIENTED_EDGE ( 'NONE', *, *, #10404, .T. ) ;
#573 = CARTESIAN_POINT ( 'NONE',  ( -0.07261451051828989034, 3.000000000000000000, 9.999736353167531178 ) ) ;
#574 = DIRECTION ( 'NONE',  ( -0.000000000000000000, 1.000000000000000000, -0.000000000000000000 ) ) ;
#575 = ORIENTED_EDGE ( 'NONE', *, *, #6593, .F. ) ;
#576 = CARTESIAN_POINT ( 'NONE',  ( 4.999999999999998224, 34.20000000000000284, -18.73499399519520026 ) ) ;
#577 = EDGE_CURVE ( 'NONE', #7425, #11396, #4581, .T. ) ;
#578 = MANIFOLD_SOLID_BREP ( 'Cut-Extrude1', #11809 ) ;
#579 = DIRECTION ( 'NONE',  ( -1.000000000000000000, 0.000000000000000000, 0.000000000000000000 ) ) ;
#580 = CYLINDRICAL_SURFACE ( 'NONE', #8190, 60.00000000000000000 ) ;
#581 = ORIENTED_EDGE ( 'NONE', *, *, #2731, .F. ) ;
#582 = CARTESIAN_POINT ( 'NONE',  ( -8.000000000000000000, 0.000000000000000000, 3.000000000000000000 ) ) ;
#583 = ORIENTED_EDGE ( 'NONE', *, *, #1820, .F. ) ;
#584 = DIRECTION ( 'NONE',  ( 0.000000000000000000, 0.000000000000000000, 1.000000000000000000 ) ) ;
#585 = UNCERTAINTY_MEASURE_WITH_UNIT (LENGTH_MEASURE( 1.000000000000000082E-05 ), #6422, 'distance_accuracy_value', 'NONE');
#586 = ORIENTED_EDGE ( 'NONE', *, *, #9352, .F. ) ;
#587 = CARTESIAN_POINT ( 'NONE',  ( 0.000000000000000000, 0.000000000000000000, 12.00000000000000000 ) ) ;
#588 = ORIENTED_EDGE ( 'NONE', *, *, #7567, .F. ) ;
#589 = EDGE_CURVE ( 'NONE', #11078, #7959, #6768, .T. ) ;
#590 = LINE ( 'NONE', #4352, #11407 ) ;
#591 = CARTESIAN_POINT ( 'NONE',  ( -90.00000000000000000, 0.000000000000000000, -10.00000000000000000 ) ) ;
#592 = EDGE_CURVE ( 'NONE', #530, #4830, #8950, .T. ) ;
#593 = FACE_BOUND ( 'NONE', #2518, .T. ) ;
#594 = EDGE_LOOP ( 'NONE', ( #1138, #8533, #407, #11903 ) ) ;
#595 = CARTESIAN_POINT ( 'NONE',  ( 21.00000000000000000, 20.00000000000000000, -2.100000000000000533 ) ) ;
#596 = AXIS2_PLACEMENT_3D ( 'NONE', #5469, #9249, #11745 ) ;
#597 = ORIENTED_EDGE ( 'NONE', *, *, #2129, .F. ) ;
#598 = CARTESIAN_POINT ( 'NONE',  ( 80.25000000000000000, 0.000000000000000000, -19.99999999999998224 ) ) ;
#599 = EDGE_LOOP ( 'NONE', ( #2581, #2180, #8841, #5919, #11516, #6101, #7409, #9203, #12013, #8718, #3127, #1956, #2547, #7477, #11011, #8461, #5295, #10031, #9071, #9033, #2055, #9882, #5418, #6009, #31, #6364, #5179, #6269, #782, #7343, #350, #6777 ) ) ;
#600 = ORIENTED_EDGE ( 'NONE', *, *, #10393, .T. ) ;
#601 = PRODUCT ( 'BigBallBearingInner', 'BigBallBearingInner', '', ( #11867 ) ) ;
#602 = ITEM_DEFINED_TRANSFORMATION ( 'NONE', 'NONE', #9913,  #10290 ) ;
#603 = EDGE_CURVE ( 'NONE', #10139, #7379, #6931, .T. ) ;
#604 = ORIENTED_EDGE ( 'NONE', *, *, #11359, .F. ) ;
#605 = FACE_OUTER_BOUND ( 'NONE', #4423, .T. ) ;
#606 = CYLINDRICAL_SURFACE ( 'NONE', #2615, 9.500000000000000000 ) ;
#607 = APPLICATION_CONTEXT ( 'automotive_design' ) ;
#608 = LINE ( 'NONE', #4685, #262 ) ;
#609 = TOROIDAL_SURFACE ( 'NONE', #7699, 8.000000000000000000, 3.000000000000000000 ) ;
#610 = AXIS2_PLACEMENT_3D ( 'NONE', #3988, #4049, #6975 ) ;
#611 =( GEOMETRIC_REPRESENTATION_CONTEXT ( 3 ) GLOBAL_UNCERTAINTY_ASSIGNED_CONTEXT ( ( #2444 ) ) GLOBAL_UNIT_ASSIGNED_CONTEXT ( ( #3763, #5500, #8457 ) ) REPRESENTATION_CONTEXT ( 'NONE', 'WORKASPACE' ) );
#612 = ADVANCED_FACE ( 'NONE', ( #6011 ), #3221, .F. ) ;
#613 = DIRECTION ( 'NONE',  ( -0.000000000000000000, -1.000000000000000000, -0.000000000000000000 ) ) ;
#614 = CIRCLE ( 'NONE', #2963, 2.100000000000000533 ) ;
#615 = VERTEX_POINT ( 'NONE', #9799 ) ;
#616 = DIRECTION ( 'NONE',  ( 0.000000000000000000, -1.000000000000000000, 0.000000000000000000 ) ) ;
#617 = EDGE_CURVE ( 'NONE', #4404, #6844, #5939, .T. ) ;
#618 = ORIENTED_EDGE ( 'NONE', *, *, #715, .T. ) ;
#619 = EDGE_CURVE ( 'NONE', #10790, #11942, #11841, .T. ) ;
#620 = ORIENTED_EDGE ( 'NONE', *, *, #119, .T. ) ;
#622 = DIRECTION ( 'NONE',  ( -1.000000000000000000, 0.000000000000000000, -0.000000000000000000 ) ) ;
#621 = CIRCLE ( 'NONE', #1602, 2.000000000000001776 ) ;
#623 = AXIS2_PLACEMENT_3D ( 'NONE', #11569, #5802, #8644 ) ;
#624 = VERTEX_POINT ( 'NONE', #10913 ) ;
#625 = FACE_OUTER_BOUND ( 'NONE', #1569, .T. ) ;
#626 = DIRECTION ( 'NONE',  ( 0.000000000000000000, 0.000000000000000000, -1.000000000000000000 ) ) ;
#627 = CARTESIAN_POINT ( 'NONE',  ( -130.0000000000000000, -101.9803902718557111, -10.00000000000000000 ) ) ;
#628 = CARTESIAN_POINT ( 'NONE',  ( 5.586370142149013368E-14, 7.066904755831209251, 16.00000000000000000 ) ) ;
#629 = DIRECTION ( 'NONE',  ( 0.000000000000000000, 0.000000000000000000, 1.000000000000000000 ) ) ;
#630 = CIRCLE ( 'NONE', #11113, 2.499999999999998668 ) ;
#631 = TOROIDAL_SURFACE ( 'NONE', #5757, 11.00000000000000000, 3.000000000000000444 ) ;
#632 = AXIS2_PLACEMENT_3D ( 'NONE', #10205, #790, #11244 ) ;
#633 = CYLINDRICAL_SURFACE ( 'NONE', #11288, 45.00000000000000711 ) ;
#634 = ORIENTED_EDGE ( 'NONE', *, *, #6356, .F. ) ;
#635 = DIRECTION ( 'NONE',  ( 0.000000000000000000, 0.000000000000000000, 1.000000000000000000 ) ) ;
#636 = FACE_OUTER_BOUND ( 'NONE', #8887, .T. ) ;
#637 = EDGE_CURVE ( 'NONE', #6911, #6467, #5392, .T. ) ;
#638 = ORIENTED_EDGE ( 'NONE', *, *, #12008, .F. ) ;
#639 = VECTOR ( 'NONE', #1610, 1000.000000000000000 ) ;
#640 = CIRCLE ( 'NONE', #6355, 5.999999999999999112 ) ;
#641 = LINE ( 'NONE', #10174, #10712 ) ;
#642 = AXIS2_PLACEMENT_3D ( 'NONE', #3024, #10587, #5872 ) ;
#643 = VECTOR ( 'NONE', #7320, 1000.000000000000000 ) ;
#644 = ORIENTED_EDGE ( 'NONE', *, *, #469, .F. ) ;
#645 = CYLINDRICAL_SURFACE ( 'NONE', #9357, 2.100000000000002753 ) ;
#646 = CARTESIAN_POINT ( 'NONE',  ( -75.00000000000000000, -134.1640786499874025, 10.00000000000000178 ) ) ;
#647 = CARTESIAN_POINT ( 'NONE',  ( 2.199633243471174140E-13, -5.939696961967007027, -20.99999999999999645 ) ) ;
#648 = CARTESIAN_POINT ( 'NONE',  ( 75.00000000000001421, 20.00000000000000000, 40.00000000000000000 ) ) ;
#649 = DIRECTION ( 'NONE',  ( -0.000000000000000000, -0.000000000000000000, -1.000000000000000000 ) ) ;
#650 = AXIS2_PLACEMENT_3D ( 'NONE', #3558, #10208, #9329 ) ;
#651 = CIRCLE ( 'NONE', #3603, 30.00000000000000000 ) ;
#652 = ORIENTED_EDGE ( 'NONE', *, *, #9974, .T. ) ;
#653 = DIRECTION ( 'NONE',  ( -0.000000000000000000, -1.000000000000000000, -0.000000000000000000 ) ) ;
#654 = AXIS2_PLACEMENT_3D ( 'NONE', #4697, #9409, #1735 ) ;
#655 = CIRCLE ( 'NONE', #10932, 2.499999999999998668 ) ;
#656 = ORIENTED_EDGE ( 'NONE', *, *, #156, .T. ) ;
#657 = CARTESIAN_POINT ( 'NONE',  ( 0.000000000000000000, 9.000000000000001776, 0.000000000000000000 ) ) ;
#658 = VERTEX_POINT ( 'NONE', #2301 ) ;
#659 = CARTESIAN_POINT ( 'NONE',  ( -4.400000000000001243, 0.000000000000000000, 0.000000000000000000 ) ) ;
#660 = VECTOR ( 'NONE', #8748, 1000.000000000000000 ) ;
#661 = AXIS2_PLACEMENT_3D ( 'NONE', #6002, #3135, #10709 ) ;
#662 = EDGE_LOOP ( 'NONE', ( #11202, #2635, #6590, #5846 ) ) ;
#663 = AXIS2_PLACEMENT_3D ( 'NONE', #7228, #4181, #9084 ) ;
#664 = LINE ( 'NONE', #7272, #7433 ) ;
#665 = AXIS2_PLACEMENT_3D ( 'NONE', #6069, #8993, #3283 ) ;
#666 = CARTESIAN_POINT ( 'NONE',  ( 138.3273854894824240, -39.99999999999999289, -280.0007909404973248 ) ) ;
#667 = CARTESIAN_POINT ( 'NONE',  ( 0.000000000000000000, 35.39999999999999858, 0.000000000000000000 ) ) ;
#668 = AXIS2_PLACEMENT_3D ( 'NONE', #7205, #1267, #9806 ) ;
#669 = CIRCLE ( 'NONE', #5782, 8.024999999999996803 ) ;
#670 = VERTEX_POINT ( 'NONE', #1374 ) ;
#671 = VECTOR ( 'NONE', #7310, 1000.000000000000000 ) ;
#672 = CARTESIAN_POINT ( 'NONE',  ( 0.000000000000000000, 0.000000000000000000, 0.000000000000000000 ) ) ;
#673 = ADVANCED_FACE ( 'NONE', ( #10792 ), #448, .F. ) ;
#674 = CIRCLE ( 'NONE', #9756, 6.300000000000000711 ) ;
#675 = ORIENTED_EDGE ( 'NONE', *, *, #9412, .F. ) ;
#676 = ORIENTED_EDGE ( 'NONE', *, *, #6193, .T. ) ;
#677 = ORIENTED_EDGE ( 'NONE', *, *, #7302, .F. ) ;
#678 = ITEM_DEFINED_TRANSFORMATION ( 'NONE', 'NONE', #2968,  #10290 ) ;
#679 = EDGE_CURVE ( 'NONE', #3703, #9155, #11720, .T. ) ;
#680 = VERTEX_POINT ( 'NONE', #6070 ) ;
#681 = CARTESIAN_POINT ( 'NONE',  ( 2.199633243471174140E-13, -5.939696961967007027, -20.99999999999999645 ) ) ;
#682 = AXIS2_PLACEMENT_3D ( 'NONE', #8077, #11622, #10869 ) ;
#683 = CIRCLE ( 'NONE', #9765, 0.6000000000000007550 ) ;
#684 = DIRECTION ( 'NONE',  ( 0.000000000000000000, 0.000000000000000000, -1.000000000000000000 ) ) ;
#685 = DIRECTION ( 'NONE',  ( -0.000000000000000000, 1.000000000000000000, -0.000000000000000000 ) ) ;
#686 =( LENGTH_UNIT ( ) NAMED_UNIT ( * ) SI_UNIT ( .MILLI., .METRE. ) );
#687 = CIRCLE ( 'NONE', #7586, 2.500000000000000444 ) ;
#688 = ORIENTED_EDGE ( 'NONE', *, *, #1141, .T. ) ;
#689 = DIRECTION ( 'NONE',  ( 0.000000000000000000, 0.000000000000000000, 1.000000000000000000 ) ) ;
#690 = ORIENTED_EDGE ( 'NONE', *, *, #4464, .T. ) ;
#691 = VERTEX_POINT ( 'NONE', #4212 ) ;
#692 = CARTESIAN_POINT ( 'NONE',  ( 0.000000000000000000, 34.20000000000000284, 0.000000000000000000 ) ) ;
#693 = EDGE_CURVE ( 'NONE', #6037, #11219, #651, .T. ) ;
#694 = VERTEX_POINT ( 'NONE', #10046 ) ;
#695 = CARTESIAN_POINT ( 'NONE',  ( 75.00000000000001421, 20.00000000000000000, -30.00000000000000000 ) ) ;
#696 = CARTESIAN_POINT ( 'NONE',  ( -22.36067977499791581, 20.00000000000000000, -19.99999999999997868 ) ) ;
#697 = PLANE ( 'NONE',  #1807 ) ;
#698 = CARTESIAN_POINT ( 'NONE',  ( -5.000000000000000888, 0.000000000000000000, -15.40000000000000036 ) ) ;
#699 = CIRCLE ( 'NONE', #5816, 2.499999999999996891 ) ;
#700 = DIRECTION ( 'NONE',  ( -1.000000000000000000, 1.224646799147353454E-16, 0.000000000000000000 ) ) ;
#701 = ADVANCED_FACE ( 'NONE', ( #2668 ), #8186, .F. ) ;
#702 = EDGE_CURVE ( 'NONE', #10085, #3326, #2601, .T. ) ;
#703 = CARTESIAN_POINT ( 'NONE',  ( 138.3273854894816566, -39.99999999999999289, -380.0002636468323658 ) ) ;
#704 = ORIENTED_EDGE ( 'NONE', *, *, #1165, .T. ) ;
#705 = LINE ( 'NONE', #5515, #11132 ) ;
#706 = CARTESIAN_POINT ( 'NONE',  ( -3.000000000000001776, 29.80000000000000426, -23.00000000000000000 ) ) ;
#707 = EDGE_LOOP ( 'NONE', ( #11611, #5858, #11957, #2099 ) ) ;
#708 = ADVANCED_FACE ( 'NONE', ( #4519 ), #11040, .F. ) ;
#709 = DIRECTION ( 'NONE',  ( -0.000000000000000000, -0.000000000000000000, -1.000000000000000000 ) ) ;
#710 = VERTEX_POINT ( 'NONE', #9184 ) ;
#711 = LINE ( 'NONE', #11978, #7757 ) ;
#712 = CARTESIAN_POINT ( 'NONE',  ( -20.63749999999999929, 0.000000000000000000, 0.000000000000000000 ) ) ;
#713 = DIRECTION ( 'NONE',  ( 0.000000000000000000, 0.000000000000000000, -1.000000000000000000 ) ) ;
#714 = CARTESIAN_POINT ( 'NONE',  ( -17.29161646579058242, 34.20000000000000284, 5.000000000000000000 ) ) ;
#715 = EDGE_CURVE ( 'NONE', #774, #10138, #5516, .T. ) ;
#716 = CARTESIAN_POINT ( 'NONE',  ( 80.25000000000000000, 20.00000000000000000, 10.25000000000000533 ) ) ;
#717 = EDGE_CURVE ( 'NONE', #8151, #1315, #11973, .T. ) ;
#718 =( GEOMETRIC_REPRESENTATION_CONTEXT ( 3 ) GLOBAL_UNCERTAINTY_ASSIGNED_CONTEXT ( ( #9629 ) ) GLOBAL_UNIT_ASSIGNED_CONTEXT ( ( #11490, #4992, #5796 ) ) REPRESENTATION_CONTEXT ( 'NONE', 'WORKASPACE' ) );
#719 = VERTEX_POINT ( 'NONE', #10100 ) ;
#720 = CARTESIAN_POINT ( 'NONE',  ( 238.3273854894817134, 3.000000000000000000, -275.0002636468324795 ) ) ;
#721 = PRODUCT ( 'Pulley16mm', 'Pulley16mm', '', ( #1222 ) ) ;
#722 = ORIENTED_EDGE ( 'NONE', *, *, #4054, .F. ) ;
#723 = CARTESIAN_POINT ( 'NONE',  ( 218.3273854894824524, -43.00000000000000000, -155.0002636468325079 ) ) ;
#724 = CIRCLE ( 'NONE', #519, 40.00000000000000000 ) ;
#725 = PRODUCT_DEFINITION_CONTEXT ( 'detailed design', #8034, 'design' ) ;
#726 = ORIENTED_EDGE ( 'NONE', *, *, #4148, .F. ) ;
#727 = DIRECTION ( 'NONE',  ( 0.000000000000000000, 1.000000000000000000, 0.000000000000000000 ) ) ;
#728 = VERTEX_POINT ( 'NONE', #9288 ) ;
#729 = FACE_OUTER_BOUND ( 'NONE', #2445, .T. ) ;
#730 = CYLINDRICAL_SURFACE ( 'NONE', #6377, 1.649999999999998579 ) ;
#731 = EDGE_CURVE ( 'NONE', #3202, #7294, #4591, .T. ) ;
#732 = CIRCLE ( 'NONE', #7233, 40.00000000000000000 ) ;
#733 = DIRECTION ( 'NONE',  ( 0.000000000000000000, 1.000000000000000000, 0.000000000000000000 ) ) ;
#734 = ORIENTED_EDGE ( 'NONE', *, *, #1760, .T. ) ;
#735 = CARTESIAN_POINT ( 'NONE',  ( 5.021051876504148963E-15, 2.399999999999999467, -41.00000000000000000 ) ) ;
#736 = ORIENTED_EDGE ( 'NONE', *, *, #5726, .F. ) ;
#737 = VERTEX_POINT ( 'NONE', #4466 ) ;
#738 = VECTOR ( 'NONE', #4455, 1000.000000000000000 ) ;
#739 = ORIENTED_EDGE ( 'NONE', *, *, #2599, .T. ) ;
#740 = VERTEX_POINT ( 'NONE', #8241 ) ;
#741 = CYLINDRICAL_SURFACE ( 'NONE', #1388, 2.499999999999998668 ) ;
#742 = CARTESIAN_POINT ( 'NONE',  ( 0.000000000000000000, 29.80000000000000426, 0.000000000000000000 ) ) ;
#743 = LINE ( 'NONE', #11138, #10937 ) ;
#744 = EDGE_CURVE ( 'NONE', #8981, #10822, #7547, .T. ) ;
#745 = CIRCLE ( 'NONE', #7637, 2.999999999999999112 ) ;
#746 = DIRECTION ( 'NONE',  ( 0.000000000000000000, 0.000000000000000000, 1.000000000000000000 ) ) ;
#747 = AXIS2_PLACEMENT_3D ( 'NONE', #1883, #6643, #12228 ) ;
#748 = ORIENTED_EDGE ( 'NONE', *, *, #3327, .T. ) ;
#749 = DIRECTION ( 'NONE',  ( -0.000000000000000000, -1.000000000000000000, -0.000000000000000000 ) ) ;
#750 = VERTEX_POINT ( 'NONE', #4577 ) ;
#751 = ORIENTED_EDGE ( 'NONE', *, *, #4905, .T. ) ;
#752 = LINE ( 'NONE', #5505, #2768 ) ;
#753 = ORIENTED_EDGE ( 'NONE', *, *, #5044, .F. ) ;
#754 = DIRECTION ( 'NONE',  ( 1.000000000000000000, 0.000000000000000000, 0.000000000000000000 ) ) ;
#755 = DIRECTION ( 'NONE',  ( -0.000000000000000000, 1.000000000000000000, -0.000000000000000000 ) ) ;
#756 = CARTESIAN_POINT ( 'NONE',  ( -5.000000000000001776, 34.20000000000000284, 25.00000000000000000 ) ) ;
#757 = DIRECTION ( 'NONE',  ( 0.000000000000000000, 0.000000000000000000, 1.000000000000000000 ) ) ;
#758 = CYLINDRICAL_SURFACE ( 'NONE', #4836, 60.00000000000000000 ) ;
#759 = ADVANCED_FACE ( 'NONE', ( #9110 ), #12029, .F. ) ;
#760 = CARTESIAN_POINT ( 'NONE',  ( -16.86149459567567632, 34.20000000000000284, -6.299999999999996270 ) ) ;
#761 = ORIENTED_EDGE ( 'NONE', *, *, #5234, .F. ) ;
#762 = CYLINDRICAL_SURFACE ( 'NONE', #6962, 13.97499999999999964 ) ;
#763 = CARTESIAN_POINT ( 'NONE',  ( 0.000000000000000000, 20.00000000000000000, 0.000000000000000000 ) ) ;
#764 = ORIENTED_EDGE ( 'NONE', *, *, #7832, .F. ) ;
#765 = DIRECTION ( 'NONE',  ( 0.000000000000000000, 0.000000000000000000, 1.000000000000000000 ) ) ;
#766 = EDGE_CURVE ( 'NONE', #5173, #7281, #8361, .T. ) ;
#767 = FACE_OUTER_BOUND ( 'NONE', #8996, .T. ) ;
#768 = FACE_BOUND ( 'NONE', #10373, .T. ) ;
#769 = DIRECTION ( 'NONE',  ( 0.000000000000000000, -1.000000000000000000, 0.000000000000000000 ) ) ;
#770 = CARTESIAN_POINT ( 'NONE',  ( -7.306393228788485917E-14, -5.939696961967007027, 18.89999999999999858 ) ) ;
#771 = CARTESIAN_POINT ( 'NONE',  ( 0.000000000000000000, 0.000000000000000000, 0.000000000000000000 ) ) ;
#772 = DIRECTION ( 'NONE',  ( 0.000000000000000000, 1.000000000000000000, 0.000000000000000000 ) ) ;
#773 = EDGE_CURVE ( 'NONE', #6844, #9421, #10137, .T. ) ;
#774 = VERTEX_POINT ( 'NONE', #9241 ) ;
#775 = LINE ( 'NONE', #4530, #6148 ) ;
#776 = ORIENTED_EDGE ( 'NONE', *, *, #2089, .T. ) ;
#777 = CARTESIAN_POINT ( 'NONE',  ( 0.000000000000000000, 0.000000000000000000, 33.00000000000000000 ) ) ;
#778 = EDGE_CURVE ( 'NONE', #5120, #5478, #2538, .T. ) ;
#779 = ORIENTED_EDGE ( 'NONE', *, *, #3579, .F. ) ;
#780 = EDGE_CURVE ( 'NONE', #3423, #10911, #11165, .T. ) ;
#781 = DIRECTION ( 'NONE',  ( 1.000000000000000000, 0.000000000000000000, 0.000000000000000000 ) ) ;
#782 = ORIENTED_EDGE ( 'NONE', *, *, #4970, .F. ) ;
#783 = DIRECTION ( 'NONE',  ( 0.000000000000000000, 0.000000000000000000, 1.000000000000000000 ) ) ;
#784 =( LENGTH_UNIT ( ) NAMED_UNIT ( * ) SI_UNIT ( .MILLI., .METRE. ) );
#785 = CARTESIAN_POINT ( 'NONE',  ( 0.000000000000000000, 29.80000000000000426, 0.000000000000000000 ) ) ;
#786 = ORIENTED_EDGE ( 'NONE', *, *, #5405, .T. ) ;
#787 = CARTESIAN_POINT ( 'NONE',  ( 0.000000000000000000, 0.000000000000000000, 10.00000000000000000 ) ) ;
#788 = EDGE_LOOP ( 'NONE', ( #6324, #1003, #3444, #1674 ) ) ;
#789 = EDGE_LOOP ( 'NONE', ( #172, #6230, #722, #5263 ) ) ;
#790 = DIRECTION ( 'NONE',  ( 0.000000000000000000, 1.000000000000000000, 0.000000000000000000 ) ) ;
#791 = CARTESIAN_POINT ( 'NONE',  ( -218.4000000000000625, 0.000000000000000000, -155.0000000000000853 ) ) ;
#792 = CARTESIAN_POINT ( 'NONE',  ( 0.000000000000000000, 35.39999999999999858, -45.00000000000000711 ) ) ;
#793 = DIRECTION ( 'NONE',  ( -0.000000000000000000, -1.000000000000000000, -0.000000000000000000 ) ) ;
#794 = FACE_OUTER_BOUND ( 'NONE', #1831, .T. ) ;
#795 = ORIENTED_EDGE ( 'NONE', *, *, #10593, .F. ) ;
#796 = LINE ( 'NONE', #9092, #8963 ) ;
#797 = ADVANCED_FACE ( 'NONE', ( #636 ), #3650, .F. ) ;
#798 = ORIENTED_EDGE ( 'NONE', *, *, #2049, .F. ) ;
#799 = ORIENTED_EDGE ( 'NONE', *, *, #27, .T. ) ;
#800 = CARTESIAN_POINT ( 'NONE',  ( 0.000000000000000000, 35.39999999999999858, 0.000000000000000000 ) ) ;
#801 = VERTEX_POINT ( 'NONE', #9054 ) ;
#802 = CYLINDRICAL_SURFACE ( 'NONE', #5396, 75.00000000000001421 ) ;
#803 = CARTESIAN_POINT ( 'NONE',  ( 2.999999999999998224, 29.80000000000000426, 23.00000000000000000 ) ) ;
#804 = CARTESIAN_POINT ( 'NONE',  ( -35.00000000000000000, 3.000000000000000000, 0.000000000000000000 ) ) ;
#805 = CYLINDRICAL_SURFACE ( 'NONE', #11564, 8.024999999999996803 ) ;
#806 = CARTESIAN_POINT ( 'NONE',  ( -21.00000000000000000, 20.00000000000000000, -1.466422162314116009E-13 ) ) ;
#807 = AXIS2_PLACEMENT_3D ( 'NONE', #4651, #8606, #942 ) ;
#808 = VECTOR ( 'NONE', #5908, 1000.000000000000000 ) ;
#809 = EDGE_LOOP ( 'NONE', ( #8325, #3622 ) ) ;
#810 = VECTOR ( 'NONE', #1505, 1000.000000000000000 ) ;
#811 = DIRECTION ( 'NONE',  ( -0.000000000000000000, -1.000000000000000000, -0.000000000000000000 ) ) ;
#812 = EDGE_CURVE ( 'NONE', #8838, #8981, #9942, .T. ) ;
#813 = CARTESIAN_POINT ( 'NONE',  ( 4.999999999999998224, 34.20000000000000284, -25.00000000000000000 ) ) ;
#814 = EDGE_LOOP ( 'NONE', ( #6605, #10483, #5018, #5078 ) ) ;
#815 = LINE ( 'NONE', #3590, #3356 ) ;
#816 = DIRECTION ( 'NONE',  ( 0.000000000000000000, 0.000000000000000000, 1.000000000000000000 ) ) ;
#817 = VECTOR ( 'NONE', #3725, 1000.000000000000000 ) ;
#818 = ADVANCED_FACE ( 'NONE', ( #7195 ), #2482, .F. ) ;
#819 = DIRECTION ( 'NONE',  ( 0.000000000000000000, 0.000000000000000000, 1.000000000000000000 ) ) ;
#820 = CARTESIAN_POINT ( 'NONE',  ( 0.000000000000000000, 24.39999999999999858, 44.50000000000000711 ) ) ;
#821 = DIRECTION ( 'NONE',  ( -0.000000000000000000, 1.000000000000000000, -0.000000000000000000 ) ) ;
#822 = DIRECTION ( 'NONE',  ( -0.000000000000000000, 1.000000000000000000, 0.000000000000000000 ) ) ;
#823 = AXIS2_PLACEMENT_3D ( 'NONE', #3301, #2318, #8948 ) ;
#824 = CYLINDRICAL_SURFACE ( 'NONE', #6598, 45.00000000000000711 ) ;
#825 = EDGE_LOOP ( 'NONE', ( #3465, #4246, #10542, #532 ) ) ;
#826 = FACE_OUTER_BOUND ( 'NONE', #8165, .T. ) ;
#827 = CIRCLE ( 'NONE', #6535, 44.50000000000000711 ) ;
#828 = ORIENTED_EDGE ( 'NONE', *, *, #8920, .T. ) ;
#829 = ADVANCED_FACE ( 'NONE', ( #2060 ), #7866, .F. ) ;
#830 = DIRECTION ( 'NONE',  ( 0.000000000000000000, 0.000000000000000000, 1.000000000000000000 ) ) ;
#831 = AXIS2_PLACEMENT_3D ( 'NONE', #2908, #1815, #1005 ) ;
#832 = AXIS2_PLACEMENT_3D ( 'NONE', #8498, #26, #7579 ) ;
#833 = DIRECTION ( 'NONE',  ( -0.000000000000000000, -0.000000000000000000, -1.000000000000000000 ) ) ;
#834 = ORIENTED_EDGE ( 'NONE', *, *, #8035, .F. ) ;
#835 = DIRECTION ( 'NONE',  ( 0.000000000000000000, 1.000000000000000000, 0.000000000000000000 ) ) ;
#836 = EDGE_CURVE ( 'NONE', #11600, #7706, #5963, .T. ) ;
#837 = VERTEX_POINT ( 'NONE', #8870 ) ;
#838 = AXIS2_PLACEMENT_3D ( 'NONE', #5630, #2713, #7473 ) ;
#839 = PLANE ( 'NONE',  #6462 ) ;
#840 = STYLED_ITEM ( 'NONE', ( #7996 ), #578 ) ;
#841 = PRESENTATION_STYLE_ASSIGNMENT (( #9383 ) ) ;
#842 = AXIS2_PLACEMENT_3D ( 'NONE', #4403, #574, #8116 ) ;
#843 = CIRCLE ( 'NONE', #4392, 75.00000000000001421 ) ;
#844 = EDGE_CURVE ( 'NONE', #10047, #6442, #7167, .T. ) ;
#845 = DIRECTION ( 'NONE',  ( -0.000000000000000000, 1.000000000000000000, -0.000000000000000000 ) ) ;
#846 = ORIENTED_EDGE ( 'NONE', *, *, #7096, .F. ) ;
#847 = EDGE_CURVE ( 'NONE', #2017, #11254, #1264, .T. ) ;
#848 = FACE_OUTER_BOUND ( 'NONE', #10584, .T. ) ;
#849 = APPLICATION_CONTEXT ( 'automotive_design' ) ;
#850 = AXIS2_PLACEMENT_3D ( 'NONE', #6103, #494, #4250 ) ;
#851 = AXIS2_PLACEMENT_3D ( 'NONE', #7306, #9985, #6310 ) ;
#852 = EDGE_LOOP ( 'NONE', ( #1943, #9500 ) ) ;
#853 = VECTOR ( 'NONE', #10037, 1000.000000000000000 ) ;
#854 = CIRCLE ( 'NONE', #5192, 2.100000000000000977 ) ;
#855 = ADVANCED_FACE ( 'NONE', ( #9740 ), #8674, .T. ) ;
#856 = VERTEX_POINT ( 'NONE', #8744 ) ;
#857 = DIRECTION ( 'NONE',  ( -1.000000000000000000, 0.000000000000000000, 0.000000000000000000 ) ) ;
#858 = CARTESIAN_POINT ( 'NONE',  ( -11.31370849898490150, 2.399999999999999467, -9.663708498984624029 ) ) ;
#859 = CARTESIAN_POINT ( 'NONE',  ( -5.000000000000000888, 1.711443901808426101E-15, 13.97499999999999964 ) ) ;
#860 = PRESENTATION_LAYER_ASSIGNMENT (  '', '', ( #6180 ) ) ;
#861 = CARTESIAN_POINT ( 'NONE',  ( -14.84924240491757885, 20.00000000000000000, 16.94924240491742040 ) ) ;
#862 = CIRCLE ( 'NONE', #6379, 1.649999999999998579 ) ;
#863 = CARTESIAN_POINT ( 'NONE',  ( -5.000000000000000000, 0.000000000000000000, 11.00000000000000000 ) ) ;
#864 = ADVANCED_FACE ( 'NONE', ( #3096 ), #7812, .F. ) ;
#865 = SHAPE_REPRESENTATION_RELATIONSHIP ( 'NONE' , 'NONE' ,  #4477, #9883 ) ;
#866 = CIRCLE ( 'NONE', #5604, 10.00000000000000178 ) ;
#867 = VERTEX_POINT ( 'NONE', #9673 ) ;
#868 = DIRECTION ( 'NONE',  ( 0.000000000000000000, 0.000000000000000000, 1.000000000000000000 ) ) ;
#869 = EDGE_LOOP ( 'NONE', ( #2656, #8242, #3637, #3402 ) ) ;
#870 = ORIENTED_EDGE ( 'NONE', *, *, #1826, .T. ) ;
#871 = VECTOR ( 'NONE', #6797, 1000.000000000000000 ) ;
#872 = ORIENTED_EDGE ( 'NONE', *, *, #1760, .F. ) ;
#873 = CARTESIAN_POINT ( 'NONE',  ( 0.000000000000000000, 20.00000000000000000, 0.000000000000000000 ) ) ;
#874 = CARTESIAN_POINT ( 'NONE',  ( 30.00000000000000000, -63.24555320336758513, 10.00000000000000000 ) ) ;
#875 = FACE_OUTER_BOUND ( 'NONE', #2809, .T. ) ;
#876 = EDGE_CURVE ( 'NONE', #6908, #10539, #6941, .T. ) ;
#877 = FACE_BOUND ( 'NONE', #1967, .T. ) ;
#878 = CIRCLE ( 'NONE', #6006, 1.649999999999998801 ) ;
#879 = CARTESIAN_POINT ( 'NONE',  ( 130.0000000000000000, -101.9803902718557111, -10.00000000000000000 ) ) ;
#880 = ORIENTED_EDGE ( 'NONE', *, *, #11773, .F. ) ;
#881 = DIRECTION ( 'NONE',  ( 1.000000000000000000, -0.000000000000000000, 0.000000000000000000 ) ) ;
#882 = ORIENTED_EDGE ( 'NONE', *, *, #3325, .F. ) ;
#883 = ORIENTED_EDGE ( 'NONE', *, *, #4719, .F. ) ;
#884 = DIRECTION ( 'NONE',  ( 1.000000000000000000, 0.000000000000000000, 0.000000000000000000 ) ) ;
#885 = PLANE ( 'NONE',  #6357 ) ;
#886 = AXIS2_PLACEMENT_3D ( 'NONE', #7000, #11714, #10846 ) ;
#887 = CARTESIAN_POINT ( 'NONE',  ( -25.00000000000000000, 34.20000000000000284, -5.000000000000000000 ) ) ;
#888 = DIRECTION ( 'NONE',  ( 0.000000000000000000, 0.000000000000000000, 1.000000000000000000 ) ) ;
#889 = CARTESIAN_POINT ( 'NONE',  ( -30.00000000000000000, 0.000000000000000000, 10.00000000000000000 ) ) ;
#890 = DIRECTION ( 'NONE',  ( 0.000000000000000000, 0.000000000000000000, 1.000000000000000000 ) ) ;
#891 = EDGE_CURVE ( 'NONE', #4328, #9164, #1379, .T. ) ;
#892 = CARTESIAN_POINT ( 'NONE',  ( -130.0000000000000000, 20.00000000000000000, 20.00000000000002487 ) ) ;
#893 = EDGE_LOOP ( 'NONE', ( #4433, #1970, #688, #1058 ) ) ;
#894 = CARTESIAN_POINT ( 'NONE',  ( 138.3273854894824240, 0.000000000000000000, -280.0007909404973248 ) ) ;
#895 = CIRCLE ( 'NONE', #3043, 2.500000000000000444 ) ;
#896 = VERTEX_POINT ( 'NONE', #2171 ) ;
#897 = DIRECTION ( 'NONE',  ( -0.000000000000000000, 1.000000000000000000, -0.000000000000000000 ) ) ;
#898 = DIRECTION ( 'NONE',  ( 0.000000000000000000, 0.000000000000000000, -1.000000000000000000 ) ) ;
#899 = ORIENTED_EDGE ( 'NONE', *, *, #383, .T. ) ;
#900 = LINE ( 'NONE', #11414, #4571 ) ;
#901 = ORIENTED_EDGE ( 'NONE', *, *, #3160, .F. ) ;
#902 = CIRCLE ( 'NONE', #1888, 6.300000000000000711 ) ;
#903 = DIRECTION ( 'NONE',  ( 0.000000000000000000, 0.000000000000000000, 1.000000000000000000 ) ) ;
#904 = ORIENTED_EDGE ( 'NONE', *, *, #778, .F. ) ;
#905 = EDGE_CURVE ( 'NONE', #1890, #1360, #8747, .T. ) ;
#906 = DIRECTION ( 'NONE',  ( -2.075183223598423177E-16, -0.000000000000000000, 1.000000000000000000 ) ) ;
#907 = CIRCLE ( 'NONE', #9410, 45.00000000000000711 ) ;
#908 = ORIENTED_EDGE ( 'NONE', *, *, #3419, .F. ) ;
#909 = ORIENTED_EDGE ( 'NONE', *, *, #5969, .T. ) ;
#910 = DIRECTION ( 'NONE',  ( -0.000000000000000000, 1.000000000000000000, -0.000000000000000000 ) ) ;
#911 = VECTOR ( 'NONE', #6131, 1000.000000000000000 ) ;
#912 = CARTESIAN_POINT ( 'NONE',  ( 0.000000000000000000, 0.000000000000000000, -35.00000000000000000 ) ) ;
#913 = EDGE_CURVE ( 'NONE', #4218, #2131, #4907, .T. ) ;
#914 = CARTESIAN_POINT ( 'NONE',  ( 0.000000000000000000, 0.000000000000000000, 0.000000000000000000 ) ) ;
#915 = CARTESIAN_POINT ( 'NONE',  ( 0.000000000000000000, 31.00000000000000355, 0.000000000000000000 ) ) ;
#916 = CARTESIAN_POINT ( 'NONE',  ( -90.00000000000000000, 20.00000000000000000, -10.24999999999998224 ) ) ;
#917 = EDGE_CURVE ( 'NONE', #624, #680, #2805, .T. ) ;
#918 = AXIS2_PLACEMENT_3D ( 'NONE', #647, #2612, #1693 ) ;
#919 = ORIENTED_EDGE ( 'NONE', *, *, #4916, .F. ) ;
#920 = DIRECTION ( 'NONE',  ( 0.000000000000000000, 1.000000000000000000, 0.000000000000000000 ) ) ;
#921 = EDGE_LOOP ( 'NONE', ( #5521, #2406 ) ) ;
#922 = ORIENTED_EDGE ( 'NONE', *, *, #5682, .F. ) ;
#923 = CARTESIAN_POINT ( 'NONE',  ( 241.8000000000392049, 1.440412929387998058E-12, -99.99999999999518252 ) ) ;
#924 = VERTEX_POINT ( 'NONE', #2250 ) ;
#925 = ADVANCED_FACE ( 'NONE', ( #1139 ), #3959, .F. ) ;
#926 = LINE ( 'NONE', #4566, #9152 ) ;
#927 = ADVANCED_FACE ( 'NONE', ( #11727 ), #3227, .F. ) ;
#928 = CARTESIAN_POINT ( 'NONE',  ( 0.000000000000000000, 16.00000000000000000, 0.000000000000000000 ) ) ;
#929 = CIRCLE ( 'NONE', #10413, 13.97499999999999964 ) ;
#930 = CARTESIAN_POINT ( 'NONE',  ( 80.25000000000000000, 20.00000000000000000, -10.24999999999998224 ) ) ;
#931 = CARTESIAN_POINT ( 'NONE',  ( 6.999999999999998224, 34.20000000000000284, 18.73499399519520026 ) ) ;
#932 = ORIENTED_EDGE ( 'NONE', *, *, #4700, .F. ) ;
#933 = LINE ( 'NONE', #7833, #10689 ) ;
#934 = ORIENTED_EDGE ( 'NONE', *, *, #10815, .T. ) ;
#935 = FACE_BOUND ( 'NONE', #9533, .T. ) ;
#936 = ORIENTED_EDGE ( 'NONE', *, *, #2766, .T. ) ;
#937 = ORIENTED_EDGE ( 'NONE', *, *, #11980, .F. ) ;
#938 = ADVANCED_FACE ( 'NONE', ( #5151, #5887 ), #139, .F. ) ;
#939 = FACE_OUTER_BOUND ( 'NONE', #7565, .T. ) ;
#940 = CARTESIAN_POINT ( 'NONE',  ( -20.63749999999999574, 0.000000000000000000, 0.000000000000000000 ) ) ;
#941 = LINE ( 'NONE', #3595, #5009 ) ;
#942 = DIRECTION ( 'NONE',  ( 0.000000000000000000, 0.000000000000000000, 1.000000000000000000 ) ) ;
#943 = DIRECTION ( 'NONE',  ( 0.000000000000000000, 0.000000000000000000, 1.000000000000000000 ) ) ;
#944 = CARTESIAN_POINT ( 'NONE',  ( 90.00000000000000000, 20.00000000000000000, -19.99999999999998224 ) ) ;
#945 = DIRECTION ( 'NONE',  ( 1.000000000000000000, 0.000000000000000000, 0.000000000000000000 ) ) ;
#946 = VERTEX_POINT ( 'NONE', #2970 ) ;
#947 = DIRECTION ( 'NONE',  ( 0.000000000000000000, 0.000000000000000000, 1.000000000000000000 ) ) ;
#948 = CARTESIAN_POINT ( 'NONE',  ( 0.000000000000000000, -101.9803902718557111, 0.000000000000000000 ) ) ;
#949 = EDGE_LOOP ( 'NONE', ( #3023, #5503 ) ) ;
#950 = CARTESIAN_POINT ( 'NONE',  ( -4.400000000000001243, 1.959434878635765131E-15, 16.00000000000000000 ) ) ;
#951 = EDGE_CURVE ( 'NONE', #3328, #10034, #5202, .T. ) ;
#952 = LINE ( 'NONE', #1933, #4368 ) ;
#953 = ORIENTED_EDGE ( 'NONE', *, *, #951, .T. ) ;
#954 = DIRECTION ( 'NONE',  ( 0.000000000000000000, 0.000000000000000000, 1.000000000000000000 ) ) ;
#955 = DIRECTION ( 'NONE',  ( 0.000000000000000000, -1.000000000000000000, 0.000000000000000000 ) ) ;
#956 = LINE ( 'NONE', #10611, #817 ) ;
#957 = ORIENTED_EDGE ( 'NONE', *, *, #5969, .F. ) ;
#958 = FACE_OUTER_BOUND ( 'NONE', #10183, .T. ) ;
#959 = ADVANCED_FACE ( 'NONE', ( #9992 ), #2431, .T. ) ;
#960 = VERTEX_POINT ( 'NONE', #8119 ) ;
#961 = ITEM_DEFINED_TRANSFORMATION ( 'NONE', 'NONE', #10690,  #10290 ) ;
#962 = ORIENTED_EDGE ( 'NONE', *, *, #94, .F. ) ;
#963 = DIRECTION ( 'NONE',  ( 0.000000000000000000, 0.000000000000000000, 1.000000000000000000 ) ) ;
#964 = FACE_OUTER_BOUND ( 'NONE', #3006, .T. ) ;
#965 = EDGE_CURVE ( 'NONE', #9715, #11544, #521, .T. ) ;
#966 = CYLINDRICAL_SURFACE ( 'NONE', #7947, 45.00000000000000711 ) ;
#967 = LINE ( 'NONE', #12240, #3617 ) ;
#968 = DIRECTION ( 'NONE',  ( 0.000000000000000000, 0.000000000000000000, 1.000000000000000000 ) ) ;
#969 = VERTEX_POINT ( 'NONE', #6388 ) ;
#970 = PRODUCT_RELATED_PRODUCT_CATEGORY ( 'part', '', ( #113 ) ) ;
#971 = FACE_BOUND ( 'NONE', #3105, .T. ) ;
#972 = EDGE_LOOP ( 'NONE', ( #2288, #3182, #2746, #6274 ) ) ;
#973 = EDGE_LOOP ( 'NONE', ( #3382, #8992 ) ) ;
#974 = DIRECTION ( 'NONE',  ( 0.3712139432212691048, 0.9285473646282760285, 4.143907439413396787E-14 ) ) ;
#975 = ORIENTED_EDGE ( 'NONE', *, *, #6737, .T. ) ;
#976 = CARTESIAN_POINT ( 'NONE',  ( 0.000000000000000000, 20.00000000000000000, 10.00000000000000000 ) ) ;
#977 = EDGE_CURVE ( 'NONE', #6404, #6144, #7201, .T. ) ;
#978 = FACE_OUTER_BOUND ( 'NONE', #10860, .T. ) ;
#979 = CARTESIAN_POINT ( 'NONE',  ( -14.84924240491757885, 0.000000000000000000, 14.84924240491742076 ) ) ;
#980 = CARTESIAN_POINT ( 'NONE',  ( -22.36067977499790871, 0.000000000000000000, 19.99999999999998579 ) ) ;
#981 = EDGE_CURVE ( 'NONE', #1446, #6552, #711, .T. ) ;
#982 = EDGE_CURVE ( 'NONE', #1485, #658, #8961, .T. ) ;
#983 = FACE_OUTER_BOUND ( 'NONE', #10777, .T. ) ;
#984 = VERTEX_POINT ( 'NONE', #7072 ) ;
#985 = DIRECTION ( 'NONE',  ( 1.000000000000000000, -0.000000000000000000, -2.312964634635742895E-17 ) ) ;
#986 = EDGE_LOOP ( 'NONE', ( #11041, #3778, #7023, #9747 ) ) ;
#987 = ORIENTED_EDGE ( 'NONE', *, *, #1370, .F. ) ;
#988 = AXIS2_PLACEMENT_3D ( 'NONE', #8299, #1628, #10051 ) ;
#989 = PLANE ( 'NONE',  #7538 ) ;
#990 = CARTESIAN_POINT ( 'NONE',  ( -16.86149459567567632, 34.20000000000000284, 6.299999999999998934 ) ) ;
#991 = FACE_BOUND ( 'NONE', #3455, .T. ) ;
#992 = FACE_OUTER_BOUND ( 'NONE', #4542, .T. ) ;
#993 = CARTESIAN_POINT ( 'NONE',  ( 8.000000000000000000, 9.797174393178825657E-16, 0.000000000000000000 ) ) ;
#994 = DIRECTION ( 'NONE',  ( 0.000000000000000000, 1.000000000000000000, 0.000000000000000000 ) ) ;
#995 = AXIS2_PLACEMENT_3D ( 'NONE', #3393, #6248, #10091 ) ;
#996 = VECTOR ( 'NONE', #1134, 1000.000000000000000 ) ;
#997 = EDGE_CURVE ( 'NONE', #7871, #9645, #8550, .T. ) ;
#998 = DIRECTION ( 'NONE',  ( 0.000000000000000000, 0.000000000000000000, 1.000000000000000000 ) ) ;
#999 = PRODUCT ( 'Link3LShapeConnectorBig', 'Link3LShapeConnectorBig', '', ( #1404 ) ) ;
#1000 = VERTEX_POINT ( 'NONE', #576 ) ;
#1001 = CARTESIAN_POINT ( 'NONE',  ( -130.0000000000000000, 0.000000000000000000, 9.999999999999998224 ) ) ;
#1002 = FACE_BOUND ( 'NONE', #10953, .T. ) ;
#1003 = ORIENTED_EDGE ( 'NONE', *, *, #9764, .T. ) ;
#1004 = CARTESIAN_POINT ( 'NONE',  ( 4.999999999999998224, 29.80000000000000426, 18.73499399519520026 ) ) ;
#1005 = DIRECTION ( 'NONE',  ( 0.000000000000000000, 0.000000000000000000, -1.000000000000000000 ) ) ;
#1006 = AXIS2_PLACEMENT_3D ( 'NONE', #3512, #5714, #11079 ) ;
#1007 = AXIS2_PLACEMENT_3D ( 'NONE', #4208, #4955, #7804 ) ;
#1008 = AXIS2_PLACEMENT_3D ( 'NONE', #2085, #6845, #162 ) ;
#1009 = EDGE_LOOP ( 'NONE', ( #1306, #10848 ) ) ;
#1010 = CARTESIAN_POINT ( 'NONE',  ( 0.07261451051825866532, 3.000000000000000000, -360.0007909404973816 ) ) ;
#1011 = CARTESIAN_POINT ( 'NONE',  ( -11.31370849898474162, 2.399999999999999467, 12.96370849898477928 ) ) ;
#1012 = CIRCLE ( 'NONE', #8128, 5.999999999999999112 ) ;
#1013 = ADVANCED_FACE ( 'NONE', ( #4219 ), #1510, .F. ) ;
#1014 = CARTESIAN_POINT ( 'NONE',  ( 0.000000000000000000, -16.00000000000000000, 8.000000000000000000 ) ) ;
#1015 = TOROIDAL_SURFACE ( 'NONE', #10310, 6.599999999999999645, 0.6000000000000007550 ) ;
#1016 = CIRCLE ( 'NONE', #8520, 2.099999999999999645 ) ;
#1017 = ORIENTED_EDGE ( 'NONE', *, *, #9250, .F. ) ;
#1018 = DIRECTION ( 'NONE',  ( -0.000000000000000000, 1.000000000000000000, -0.000000000000000000 ) ) ;
#1019 = EDGE_LOOP ( 'NONE', ( #3035, #6901, #5401, #7296 ) ) ;
#1020 = CARTESIAN_POINT ( 'NONE',  ( -23.00000000000000000, 34.20000000000000284, 3.000000000000000000 ) ) ;
#1021 = VECTOR ( 'NONE', #3068, 1000.000000000000000 ) ;
#1022 = CONTEXT_DEPENDENT_SHAPE_REPRESENTATION ( #1483, #6048 ) ;
#1023 = CIRCLE ( 'NONE', #12111, 1.999999999999998224 ) ;
#1024 = ORIENTED_EDGE ( 'NONE', *, *, #1570, .F. ) ;
#1025 = FACE_OUTER_BOUND ( 'NONE', #707, .T. ) ;
#1026 = CIRCLE ( 'NONE', #223, 45.00000000000000711 ) ;
#1027 = CARTESIAN_POINT ( 'NONE',  ( 218.3273854894824524, 3.000000000000000000, -280.0007909404973248 ) ) ;
#1028 = AXIS2_PLACEMENT_3D ( 'NONE', #7210, #3664, #11054 ) ;
#1029 = DIRECTION ( 'NONE',  ( -1.387778780781496557E-15, 0.000000000000000000, 1.000000000000000000 ) ) ;
#1030 = CARTESIAN_POINT ( 'NONE',  ( -14.84924240491757885, 0.000000000000000000, 12.74924240491742289 ) ) ;
#1031 = ADVANCED_FACE ( 'NONE', ( #5285 ), #645, .F. ) ;
#1032 = PLANE ( 'NONE',  #6432 ) ;
#1033 = VECTOR ( 'NONE', #10389, 1000.000000000000000 ) ;
#1034 = VECTOR ( 'NONE', #9733, 1000.000000000000000 ) ;
#1035 = AXIS2_PLACEMENT_3D ( 'NONE', #6544, #10335, #4511 ) ;
#1036 = AXIS2_PLACEMENT_3D ( 'NONE', #7194, #10980, #2481 ) ;
#1037 = ORIENTED_EDGE ( 'NONE', *, *, #11968, .F. ) ;
#1038 = ADVANCED_FACE ( 'NONE', ( #8246 ), #3344, .F. ) ;
#1039 = LINE ( 'NONE', #3816, #4209 ) ;
#1040 = ORIENTED_EDGE ( 'NONE', *, *, #7277, .F. ) ;
#1041 = ORIENTED_EDGE ( 'NONE', *, *, #3628, .T. ) ;
#1042 = DIRECTION ( 'NONE',  ( -0.9285473646282760285, 0.3712139432212691603, -1.038301389311158118E-13 ) ) ;
#1043 = ORIENTED_EDGE ( 'NONE', *, *, #1935, .F. ) ;
#1044 = CARTESIAN_POINT ( 'NONE',  ( 0.000000000000000000, 2.399999999999999467, 0.000000000000000000 ) ) ;
#1045 = STYLED_ITEM ( 'NONE', ( #2798 ), #8447 ) ;
#1046 = AXIS2_PLACEMENT_3D ( 'NONE', #6919, #1173, #4946 ) ;
#1047 = CARTESIAN_POINT ( 'NONE',  ( -16.00000000000000000, 7.066904755831209251, 1.649999999999998579 ) ) ;
#1048 = LINE ( 'NONE', #9593, #2646 ) ;
#1049 = AXIS2_PLACEMENT_3D ( 'NONE', #5170, #2891, #10461 ) ;
#1050 = CARTESIAN_POINT ( 'NONE',  ( 75.00000000000001421, 20.00000000000000000, -30.00000000000000000 ) ) ;
#1051 = EDGE_LOOP ( 'NONE', ( #620, #10982, #11651, #8640 ) ) ;
#1052 = CIRCLE ( 'NONE', #8167, 13.97499999999999964 ) ;
#1053 = VECTOR ( 'NONE', #8234, 1000.000000000000000 ) ;
#1054 = ORIENTED_EDGE ( 'NONE', *, *, #1682, .T. ) ;
#1055 = EDGE_CURVE ( 'NONE', #710, #10151, #7126, .T. ) ;
#1056 = DIRECTION ( 'NONE',  ( -0.000000000000000000, 1.000000000000000000, -0.000000000000000000 ) ) ;
#1057 = ORIENTED_EDGE ( 'NONE', *, *, #7797, .T. ) ;
#1058 = ORIENTED_EDGE ( 'NONE', *, *, #7935, .F. ) ;
#1059 = VECTOR ( 'NONE', #9456, 1000.000000000000000 ) ;
#1060 = CARTESIAN_POINT ( 'NONE',  ( 0.000000000000000000, 26.60000000000000142, 44.50000000000000711 ) ) ;
#1061 = DIRECTION ( 'NONE',  ( 0.000000000000000000, -0.000000000000000000, -1.000000000000000000 ) ) ;
#1062 = CARTESIAN_POINT ( 'NONE',  ( 218.3273854894824808, 3.000000000000000000, -275.0002636468323658 ) ) ;
#1063 = CARTESIAN_POINT ( 'NONE',  ( 238.3273854894817134, -39.99999999999999289, -215.0002636468324511 ) ) ;
#1064 = CARTESIAN_POINT ( 'NONE',  ( 0.000000000000000000, 0.000000000000000000, 33.00000000000000000 ) ) ;
#1065 = AXIS2_PLACEMENT_3D ( 'NONE', #1772, #3811, #3559 ) ;
#1066 = EDGE_CURVE ( 'NONE', #4507, #4404, #3205, .T. ) ;
#1067 = PRODUCT_RELATED_PRODUCT_CATEGORY ( 'part', '', ( #11692 ) ) ;
#1068 = DIRECTION ( 'NONE',  ( -1.387778780781496557E-15, 0.000000000000000000, 1.000000000000000000 ) ) ;
#1069 = CARTESIAN_POINT ( 'NONE',  ( 0.000000000000000000, 28.80000000000000071, 0.000000000000000000 ) ) ;
#1070 = ORIENTED_EDGE ( 'NONE', *, *, #2553, .F. ) ;
#1071 = EDGE_CURVE ( 'NONE', #8775, #774, #5334, .T. ) ;
#1072 = DIRECTION ( 'NONE',  ( -1.000000000000000000, -0.000000000000000000, 6.446430439548137349E-17 ) ) ;
#1073 = ORIENTED_EDGE ( 'NONE', *, *, #6044, .T. ) ;
#1074 = VECTOR ( 'NONE', #7314, 1000.000000000000000 ) ;
#1075 = CARTESIAN_POINT ( 'NONE',  ( 0.000000000000000000, 13.39999999999999858, 44.50000000000000711 ) ) ;
#1076 = CARTESIAN_POINT ( 'NONE',  ( 0.000000000000000000, 20.00000000000000000, 0.000000000000000000 ) ) ;
#1077 = ORIENTED_EDGE ( 'NONE', *, *, #6965, .T. ) ;
#1078 = EDGE_CURVE ( 'NONE', #10683, #10648, #3473, .T. ) ;
#1079 = APPLICATION_CONTEXT ( 'automotive_design' ) ;
#1080 = EDGE_CURVE ( 'NONE', #5364, #10200, #5402, .T. ) ;
#1081 = LINE ( 'NONE', #3850, #11813 ) ;
#1082 = CARTESIAN_POINT ( 'NONE',  ( 30.00000000000000000, -63.24555320336758513, -10.00000000000000000 ) ) ;
#1083 = AXIS2_PLACEMENT_3D ( 'NONE', #2845, #10419, #3658 ) ;
#1084 = DIRECTION ( 'NONE',  ( -0.000000000000000000, -1.000000000000000000, -0.000000000000000000 ) ) ;
#1085 = VERTEX_POINT ( 'NONE', #3289 ) ;
#1086 = DIRECTION ( 'NONE',  ( -5.551115123125901031E-15, 0.000000000000000000, -1.000000000000000000 ) ) ;
#1087 = EDGE_LOOP ( 'NONE', ( #7545, #6789 ) ) ;
#1088 = DIRECTION ( 'NONE',  ( 0.000000000000000000, 0.000000000000000000, 1.000000000000000000 ) ) ;
#1089 = COLOUR_RGB ( '',0.7921568627450980005, 0.8196078431372548767, 0.9333333333333333481 ) ;
#1090 = ORIENTED_EDGE ( 'NONE', *, *, #2079, .T. ) ;
#1091 = ADVANCED_FACE ( 'NONE', ( #10855 ), #2364, .F. ) ;
#1092 = CARTESIAN_POINT ( 'NONE',  ( 238.3273854894817134, 3.000000000000000000, -155.0002636468324795 ) ) ;
#1093 = DIRECTION ( 'NONE',  ( 0.000000000000000000, 0.000000000000000000, -1.000000000000000000 ) ) ;
#1094 = DIRECTION ( 'NONE',  ( 0.000000000000000000, 0.000000000000000000, -1.000000000000000000 ) ) ;
#1095 = DIRECTION ( 'NONE',  ( 0.000000000000000000, 0.000000000000000000, 1.000000000000000000 ) ) ;
#1096 = CYLINDRICAL_SURFACE ( 'NONE', #1856, 41.00000000000000000 ) ;
#1097 = CARTESIAN_POINT ( 'NONE',  ( 2.202205001749383553E-13, 0.000000000000000000, -23.09999999999999787 ) ) ;
#1098 =( NAMED_UNIT ( * ) SI_UNIT ( $, .STERADIAN. ) SOLID_ANGLE_UNIT ( ) );
#1099 = CIRCLE ( 'NONE', #11189, 1.649999999999997025 ) ;
#1100 = ORIENTED_EDGE ( 'NONE', *, *, #10441, .F. ) ;
#1101 = FACE_BOUND ( 'NONE', #5940, .T. ) ;
#1102 = VERTEX_POINT ( 'NONE', #5225 ) ;
#1103 = AXIS2_PLACEMENT_3D ( 'NONE', #4143, #3228, #713 ) ;
#1104 = VERTEX_POINT ( 'NONE', #7615 ) ;
#1105 = DIRECTION ( 'NONE',  ( 1.000000000000000000, -5.378006975114338041E-15, 1.111013340779411748E-13 ) ) ;
#1106 = ORIENTED_EDGE ( 'NONE', *, *, #7700, .T. ) ;
#1107 = EDGE_CURVE ( 'NONE', #12100, #4112, #9553, .T. ) ;
#1108 = CARTESIAN_POINT ( 'NONE',  ( 4.400000000000000355, 0.000000000000000000, 0.000000000000000000 ) ) ;
#1109 = LINE ( 'NONE', #6906, #3589 ) ;
#1110 = PRODUCT ( 'Pulley70mm', 'Pulley70mm', '', ( #5367 ) ) ;
#1111 = DIRECTION ( 'NONE',  ( -0.000000000000000000, -1.000000000000000000, -0.000000000000000000 ) ) ;
#1112 = LINE ( 'NONE', #9652, #5632 ) ;
#1113 = CIRCLE ( 'NONE', #5655, 42.79999999999996874 ) ;
#1114 = ORIENTED_EDGE ( 'NONE', *, *, #1228, .T. ) ;
#1115 = CARTESIAN_POINT ( 'NONE',  ( 14.84924240491747582, 20.00000000000000000, 14.84924240491752556 ) ) ;
#1116 = VERTEX_POINT ( 'NONE', #7486 ) ;
#1117 = VERTEX_POINT ( 'NONE', #5583 ) ;
#1118 = VERTEX_POINT ( 'NONE', #3655 ) ;
#1119 = EDGE_CURVE ( 'NONE', #7140, #969, #10236, .T. ) ;
#1120 = FACE_OUTER_BOUND ( 'NONE', #1718, .T. ) ;
#1121 = VECTOR ( 'NONE', #5849, 1000.000000000000000 ) ;
#1122 = CYLINDRICAL_SURFACE ( 'NONE', #8443, 8.000000000000000000 ) ;
#1123 = CYLINDRICAL_SURFACE ( 'NONE', #1046, 20.00000000000000000 ) ;
#1124 = CARTESIAN_POINT ( 'NONE',  ( -0.07261451051828989034, 3.000000000000000000, 9.999736353167531178 ) ) ;
#1125 = DIRECTION ( 'NONE',  ( 1.000000000000000000, 0.000000000000000000, 0.000000000000000000 ) ) ;
#1126 = EDGE_CURVE ( 'NONE', #2456, #6552, #7553, .T. ) ;
#1127 = CARTESIAN_POINT ( 'NONE',  ( 0.000000000000000000, 17.80000000000000071, 44.50000000000000711 ) ) ;
#1128 = FACE_OUTER_BOUND ( 'NONE', #7100, .T. ) ;
#1129 = CIRCLE ( 'NONE', #7640, 45.00000000000000711 ) ;
#1130 = EDGE_LOOP ( 'NONE', ( #4315, #11743, #3066, #7994 ) ) ;
#1131 = DIRECTION ( 'NONE',  ( 0.000000000000000000, 0.000000000000000000, -1.000000000000000000 ) ) ;
#1132 = CARTESIAN_POINT ( 'NONE',  ( 0.000000000000000000, 2.399999999999999467, 0.000000000000000000 ) ) ;
#1133 = ORIENTED_EDGE ( 'NONE', *, *, #6367, .T. ) ;
#1134 = DIRECTION ( 'NONE',  ( -0.000000000000000000, 1.000000000000000000, -0.000000000000000000 ) ) ;
#1135 = EDGE_CURVE ( 'NONE', #7050, #7509, #941, .T. ) ;
#1136 = CARTESIAN_POINT ( 'NONE',  ( 4.399999999999999467, 0.000000000000000000, 0.000000000000000000 ) ) ;
#1137 = EDGE_CURVE ( 'NONE', #2370, #1473, #12132, .T. ) ;
#1138 = ORIENTED_EDGE ( 'NONE', *, *, #10275, .F. ) ;
#1139 = FACE_OUTER_BOUND ( 'NONE', #7811, .T. ) ;
#1140 = DIRECTION ( 'NONE',  ( -0.000000000000000000, 1.000000000000000000, -0.000000000000000000 ) ) ;
#1141 = EDGE_CURVE ( 'NONE', #11216, #4068, #252, .T. ) ;
#1142 = DIRECTION ( 'NONE',  ( -0.000000000000000000, -1.000000000000000000, -0.000000000000000000 ) ) ;
#1143 = CARTESIAN_POINT ( 'NONE',  ( 4.056837738939143287E-15, 9.000000000000001776, -33.12659406584553068 ) ) ;
#1144 = ORIENTED_EDGE ( 'NONE', *, *, #5670, .F. ) ;
#1145 = ADVANCED_FACE ( 'NONE', ( #12215 ), #6449, .F. ) ;
#1146 = CARTESIAN_POINT ( 'NONE',  ( -80.25000000000000000, 0.000000000000000000, -19.99999999999998224 ) ) ;
#1147 = EDGE_CURVE ( 'NONE', #10072, #4742, #8298, .T. ) ;
#1148 = ORIENTED_EDGE ( 'NONE', *, *, #5971, .T. ) ;
#1149 = CARTESIAN_POINT ( 'NONE',  ( 0.000000000000000000, 9.000000000000001776, 0.000000000000000000 ) ) ;
#1150 = ORIENTED_EDGE ( 'NONE', *, *, #3684, .F. ) ;
#1151 = DIRECTION ( 'NONE',  ( 0.000000000000000000, 1.000000000000000000, 0.000000000000000000 ) ) ;
#1152 = LINE ( 'NONE', #8689, #7632 ) ;
#1153 = FACE_OUTER_BOUND ( 'NONE', #10398, .T. ) ;
#1154 = DIRECTION ( 'NONE',  ( 0.000000000000000000, 0.000000000000000000, 1.000000000000000000 ) ) ;
#1155 = CARTESIAN_POINT ( 'NONE',  ( 130.0000000000000000, 20.00000000000000000, -19.99999999999998579 ) ) ;
#1156 = ORIENTED_EDGE ( 'NONE', *, *, #4539, .T. ) ;
#1157 = CARTESIAN_POINT ( 'NONE',  ( -30.00000000000000000, 20.00000000000000000, 10.00000000000000000 ) ) ;
#1158 = ORIENTED_EDGE ( 'NONE', *, *, #3701, .T. ) ;
#1159 = VERTEX_POINT ( 'NONE', #820 ) ;
#1160 =( NAMED_UNIT ( * ) PLANE_ANGLE_UNIT ( ) SI_UNIT ( $, .RADIAN. ) );
#1161 = ORIENTED_EDGE ( 'NONE', *, *, #7695, .T. ) ;
#1162 = FACE_OUTER_BOUND ( 'NONE', #10969, .T. ) ;
#1163 = CARTESIAN_POINT ( 'NONE',  ( -11.31370849898474162, 2.399999999999999467, 11.31370849898478248 ) ) ;
#1164 = LINE ( 'NONE', #9709, #5609 ) ;
#1165 = EDGE_CURVE ( 'NONE', #6554, #7005, #11730, .T. ) ;
#1166 = ORIENTED_EDGE ( 'NONE', *, *, #3015, .F. ) ;
#1167 = FACE_BOUND ( 'NONE', #4240, .T. ) ;
#1168 = ORIENTED_EDGE ( 'NONE', *, *, #9206, .T. ) ;
#1169 = ORIENTED_EDGE ( 'NONE', *, *, #4267, .T. ) ;
#1170 = ORIENTED_EDGE ( 'NONE', *, *, #5458, .F. ) ;
#1171 = CARTESIAN_POINT ( 'NONE',  ( 22.36067977499791581, 0.000000000000000000, -19.99999999999997868 ) ) ;
#1172 = DIRECTION ( 'NONE',  ( 0.000000000000000000, 1.000000000000000000, 0.000000000000000000 ) ) ;
#1173 = DIRECTION ( 'NONE',  ( 0.000000000000000000, -1.000000000000000000, 0.000000000000000000 ) ) ;
#1174 = DIRECTION ( 'NONE',  ( 1.000000000000000000, 0.000000000000000000, 0.000000000000000000 ) ) ;
#1175 = CARTESIAN_POINT ( 'NONE',  ( -18.73499399519520026, 34.20000000000000284, 7.000000000000000000 ) ) ;
#1176 = LINE ( 'NONE', #1369, #10375 ) ;
#1177 = ADVANCED_FACE ( 'NONE', ( #10415 ), #2778, .T. ) ;
#1178 = CARTESIAN_POINT ( 'NONE',  ( 75.00000000000001421, 0.000000000000000000, 30.00000000000000000 ) ) ;
#1179 = VECTOR ( 'NONE', #10493, 1000.000000000000000 ) ;
#1180 = ORIENTED_EDGE ( 'NONE', *, *, #565, .T. ) ;
#1181 = CYLINDRICAL_SURFACE ( 'NONE', #2417, 2.100000000000000977 ) ;
#1182 = DIRECTION ( 'NONE',  ( 1.000000000000000000, -0.000000000000000000, -0.000000000000000000 ) ) ;
#1183 = ORIENTED_EDGE ( 'NONE', *, *, #11292, .F. ) ;
#1184 = DIRECTION ( 'NONE',  ( 0.000000000000000000, 0.000000000000000000, 1.000000000000000000 ) ) ;
#1185 = ADVANCED_FACE ( 'NONE', ( #5522, #9293 ), #4586, .T. ) ;
#1186 = CARTESIAN_POINT ( 'NONE',  ( 5.449678256205721981E-15, 22.20000000000000284, -44.50000000000000711 ) ) ;
#1187 = ORIENTED_EDGE ( 'NONE', *, *, #4191, .T. ) ;
#1188 = CARTESIAN_POINT ( 'NONE',  ( 130.0000000000000000, 20.00000000000000000, 9.999999999999994671 ) ) ;
#1189 = CARTESIAN_POINT ( 'NONE',  ( 0.000000000000000000, 24.39999999999999858, 0.000000000000000000 ) ) ;
#1190 = TOROIDAL_SURFACE ( 'NONE', #1788, 11.00000000000000000, 3.000000000000000444 ) ;
#1191 = FACE_OUTER_BOUND ( 'NONE', #7691, .T. ) ;
#1192 = PRODUCT_RELATED_PRODUCT_CATEGORY ( 'part', '', ( #4343 ) ) ;
#1193 = CARTESIAN_POINT ( 'NONE',  ( 130.0000000000000000, 0.000000000000000000, -9.999999999999996447 ) ) ;
#1194 = CIRCLE ( 'NONE', #1403, 2.500000000000000444 ) ;
#1195 = ORIENTED_EDGE ( 'NONE', *, *, #2379, .T. ) ;
#1196 = LINE ( 'NONE', #4913, #11497 ) ;
#1197 = CIRCLE ( 'NONE', #9120, 45.00000000000000711 ) ;
#1198 = AXIS2_PLACEMENT_3D ( 'NONE', #9771, #3183, #3252 ) ;
#1199 = ADVANCED_FACE ( 'NONE', ( #768, #9477, #991, #5644, #8366, #7442, #9426, #7383, #4769, #8544 ), #11170, .F. ) ;
#1200 = VERTEX_POINT ( 'NONE', #2675 ) ;
#1201 = DIRECTION ( 'NONE',  ( -0.000000000000000000, -1.000000000000000000, -0.000000000000000000 ) ) ;
#1202 = PRODUCT_DEFINITION_SHAPE ( 'NONE', 'NONE',  #12253 ) ;
#1203 = EDGE_LOOP ( 'NONE', ( #3003, #9359, #11613, #8341 ) ) ;
#1204 = DIRECTION ( 'NONE',  ( 0.000000000000000000, 1.000000000000000000, 0.000000000000000000 ) ) ;
#1205 = DIRECTION ( 'NONE',  ( -0.000000000000000000, 1.000000000000000000, -0.000000000000000000 ) ) ;
#1206 = DIRECTION ( 'NONE',  ( 0.000000000000000000, 0.000000000000000000, 1.000000000000000000 ) ) ;
#1207 = CARTESIAN_POINT ( 'NONE',  ( -7.332110811570580046E-14, 34.20000000000000284, 21.00000000000000000 ) ) ;
#1208 = ADVANCED_FACE ( 'NONE', ( #2897 ), #11224, .T. ) ;
#1209 = DIRECTION ( 'NONE',  ( -0.000000000000000000, 1.000000000000000000, -0.000000000000000000 ) ) ;
#1210 = AXIS2_PLACEMENT_3D ( 'NONE', #10276, #4757, #10407 ) ;
#1211 = EDGE_CURVE ( 'NONE', #6542, #2177, #8359, .T. ) ;
#1212 = SHAPE_REPRESENTATION_RELATIONSHIP ( 'NONE' , 'NONE' ,  #4801, #1318 ) ;
#1213 = CARTESIAN_POINT ( 'NONE',  ( 138.3273854894823671, -39.99999999999999289, -360.0007909404973248 ) ) ;
#1214 = AXIS2_PLACEMENT_3D ( 'NONE', #2414, #1495, #5268 ) ;
#1215 = ORIENTED_EDGE ( 'NONE', *, *, #7109, .F. ) ;
#1216 = ADVANCED_FACE ( 'NONE', ( #4072 ), #11642, .T. ) ;
#1217 = FACE_OUTER_BOUND ( 'NONE', #1457, .T. ) ;
#1218 = ORIENTED_EDGE ( 'NONE', *, *, #9387, .F. ) ;
#1219 = VERTEX_POINT ( 'NONE', #9545 ) ;
#1220 = CIRCLE ( 'NONE', #8140, 75.00000000000001421 ) ;
#1221 = VECTOR ( 'NONE', #3620, 1000.000000000000000 ) ;
#1222 = PRODUCT_CONTEXT ( 'NONE', #6521, 'mechanical' ) ;
#1223 = CARTESIAN_POINT ( 'NONE',  ( 5.000000000000000000, 6.123233995736766282E-16, 11.00000000000000000 ) ) ;
#1224 = ORIENTED_EDGE ( 'NONE', *, *, #1517, .T. ) ;
#1225 = CARTESIAN_POINT ( 'NONE',  ( -130.0000000000000000, 20.00000000000000000, -10.00000000000000000 ) ) ;
#1226 = CARTESIAN_POINT ( 'NONE',  ( 0.000000000000000000, 0.000000000000000000, 0.000000000000000000 ) ) ;
#1227 = EDGE_CURVE ( 'NONE', #4629, #5700, #2950, .T. ) ;
#1228 = EDGE_CURVE ( 'NONE', #1529, #7580, #4895, .T. ) ;
#1229 = VECTOR ( 'NONE', #11430, 1000.000000000000000 ) ;
#1230 = DIRECTION ( 'NONE',  ( -0.000000000000000000, -1.000000000000000000, -0.000000000000000000 ) ) ;
#1231 = CIRCLE ( 'NONE', #11707, 5.000000000000000000 ) ;
#1232 = DIRECTION ( 'NONE',  ( -0.000000000000000000, 0.000000000000000000, -1.000000000000000000 ) ) ;
#1233 = AXIS2_PLACEMENT_3D ( 'NONE', #5450, #1852, #12199 ) ;
#1234 = AXIS2_PLACEMENT_3D ( 'NONE', #4288, #1518, #8069 ) ;
#1235 = ORIENTED_EDGE ( 'NONE', *, *, #10836, .T. ) ;
#1236 = FACE_BOUND ( 'NONE', #12018, .T. ) ;
#1237 = EDGE_LOOP ( 'NONE', ( #5277, #5443, #321, #2945 ) ) ;
#1238 = ORIENTED_EDGE ( 'NONE', *, *, #3509, .T. ) ;
#1239 = AXIS2_PLACEMENT_3D ( 'NONE', #4029, #3100, #4855 ) ;
#1240 = ORIENTED_EDGE ( 'NONE', *, *, #2710, .T. ) ;
#1241 = DIRECTION ( 'NONE',  ( 0.000000000000000000, 0.000000000000000000, 1.000000000000000000 ) ) ;
#1242 = CIRCLE ( 'NONE', #11328, 2.099999999999997868 ) ;
#1243 = AXIS2_PLACEMENT_3D ( 'NONE', #5031, #10649, #8923 ) ;
#1244 = CYLINDRICAL_SURFACE ( 'NONE', #6038, 45.00000000000000711 ) ;
#1245 = CARTESIAN_POINT ( 'NONE',  ( -11.31370849898474162, 2.399999999999999467, 9.663708498984785678 ) ) ;
#1246 = DIRECTION ( 'NONE',  ( 0.000000000000000000, 1.000000000000000000, 0.000000000000000000 ) ) ;
#1247 = ADVANCED_FACE ( 'NONE', ( #6996 ), #3027, .T. ) ;
#1248 = CYLINDRICAL_SURFACE ( 'NONE', #9563, 40.00000000000000000 ) ;
#1249 = CARTESIAN_POINT ( 'NONE',  ( 0.000000000000000000, 20.00000000000000000, -45.00000000000000711 ) ) ;
#1250 = CIRCLE ( 'NONE', #1649, 1.649999999999998579 ) ;
#1251 = VECTOR ( 'NONE', #11964, 1000.000000000000000 ) ;
#1252 = AXIS2_PLACEMENT_3D ( 'NONE', #10589, #7853, #7798 ) ;
#1253 = DIRECTION ( 'NONE',  ( 0.000000000000000000, 0.000000000000000000, 1.000000000000000000 ) ) ;
#1254 = AXIS2_PLACEMENT_3D ( 'NONE', #5017, #10634, #6909 ) ;
#1255 = ORIENTED_EDGE ( 'NONE', *, *, #6350, .T. ) ;
#1256 = CARTESIAN_POINT ( 'NONE',  ( 0.000000000000000000, 0.000000000000000000, 101.8499999999999943 ) ) ;
#1257 = CARTESIAN_POINT ( 'NONE',  ( -90.00000000000000000, 20.00000000000000000, -10.00000000000000000 ) ) ;
#1258 = EDGE_LOOP ( 'NONE', ( #588, #121, #10699, #932 ) ) ;
#1259 = PLANE ( 'NONE',  #10304 ) ;
#1260 = LINE ( 'NONE', #9620, #10905 ) ;
#1261 = AXIS2_PLACEMENT_3D ( 'NONE', #11239, #4430, #5607 ) ;
#1262 = AXIS2_PLACEMENT_3D ( 'NONE', #5992, #6729, #5806 ) ;
#1263 = ORIENTED_EDGE ( 'NONE', *, *, #3004, .T. ) ;
#1264 = LINE ( 'NONE', #4142, #11518 ) ;
#1265 = ADVANCED_FACE ( 'NONE', ( #2104 ), #5818, .T. ) ;
#1266 = PLANE ( 'NONE',  #5484 ) ;
#1267 = DIRECTION ( 'NONE',  ( -0.000000000000000000, -1.000000000000000000, -0.000000000000000000 ) ) ;
#1268 = ORIENTED_EDGE ( 'NONE', *, *, #359, .T. ) ;
#1269 = DIRECTION ( 'NONE',  ( 0.000000000000000000, -1.000000000000000000, 0.000000000000000000 ) ) ;
#1270 = AXIS2_PLACEMENT_3D ( 'NONE', #3867, #1209, #6784 ) ;
#1271 = ORIENTED_EDGE ( 'NONE', *, *, #8708, .F. ) ;
#1272 = CARTESIAN_POINT ( 'NONE',  ( -7.332110811570580046E-14, 0.000000000000000000, 21.00000000000000000 ) ) ;
#1273 = EDGE_LOOP ( 'NONE', ( #2468, #10159, #6226, #1657, #6023, #4122, #9596, #1734, #1372, #11009, #3534, #4876, #8517, #11266, #3919, #11411, #11868, #1575, #8891, #1218, #1333 ) ) ;
#1274 = DIRECTION ( 'NONE',  ( 0.000000000000000000, 0.000000000000000000, 1.000000000000000000 ) ) ;
#1275 = VERTEX_POINT ( 'NONE', #11524 ) ;
#1276 = LINE ( 'NONE', #8823, #4133 ) ;
#1277 = DIRECTION ( 'NONE',  ( -0.000000000000000000, -1.000000000000000000, -0.000000000000000000 ) ) ;
#1278 = DIRECTION ( 'NONE',  ( -0.000000000000000000, -1.000000000000000000, -0.000000000000000000 ) ) ;
#1279 = CIRCLE ( 'NONE', #6604, 44.50000000000000711 ) ;
#1280 = DIRECTION ( 'NONE',  ( 0.000000000000000000, 0.000000000000000000, 1.000000000000000000 ) ) ;
#1281 = CARTESIAN_POINT ( 'NONE',  ( 2.199633243471174140E-13, 20.00000000000000000, -18.89999999999999503 ) ) ;
#1282 = ADVANCED_FACE ( 'NONE', ( #4127 ), #3939, .T. ) ;
#1283 = FILL_AREA_STYLE_COLOUR ( '', #8212 ) ;
#1284 = FILL_AREA_STYLE_COLOUR ( '', #5986 ) ;
#1285 = CARTESIAN_POINT ( 'NONE',  ( -14.84924240491757885, 0.000000000000000000, 14.84924240491742076 ) ) ;
#1286 =( GEOMETRIC_REPRESENTATION_CONTEXT ( 3 ) GLOBAL_UNCERTAINTY_ASSIGNED_CONTEXT ( ( #9499 ) ) GLOBAL_UNIT_ASSIGNED_CONTEXT ( ( #2940, #10579, #3126 ) ) REPRESENTATION_CONTEXT ( 'NONE', 'WORKASPACE' ) );
#1287 = EDGE_LOOP ( 'NONE', ( #10669, #10408, #10333, #10554 ) ) ;
#1288 = DIRECTION ( 'NONE',  ( 0.000000000000000000, 1.000000000000000000, 0.000000000000000000 ) ) ;
#1289 = ORIENTED_EDGE ( 'NONE', *, *, #3259, .T. ) ;
#1290 = VERTEX_POINT ( 'NONE', #1245 ) ;
#1291 = APPLICATION_PROTOCOL_DEFINITION ( 'draft international standard', 'automotive_design', 1998, #2943 ) ;
#1292 = EDGE_CURVE ( 'NONE', #9040, #5116, #862, .T. ) ;
#1293 = ORIENTED_EDGE ( 'NONE', *, *, #10251, .F. ) ;
#1294 = FACE_OUTER_BOUND ( 'NONE', #2837, .T. ) ;
#1295 = CARTESIAN_POINT ( 'NONE',  ( -23.00000000000000000, 29.80000000000000426, -5.000000000000000000 ) ) ;
#1296 = CARTESIAN_POINT ( 'NONE',  ( 6.999999999999998224, 34.20000000000000284, -18.73499399519520026 ) ) ;
#1297 = VECTOR ( 'NONE', #5499, 1000.000000000000000 ) ;
#1298 = ADVANCED_FACE ( 'NONE', ( #5874 ), #1123, .T. ) ;
#1299 = CARTESIAN_POINT ( 'NONE',  ( 2.199633243471174140E-13, 29.80000000000000426, -18.50000000000000000 ) ) ;
#1300 = ORIENTED_EDGE ( 'NONE', *, *, #8448, .F. ) ;
#1301 = DIRECTION ( 'NONE',  ( -0.000000000000000000, -1.000000000000000000, -0.000000000000000000 ) ) ;
#1302 = EDGE_CURVE ( 'NONE', #10506, #2969, #1643, .T. ) ;
#1303 = ORIENTED_EDGE ( 'NONE', *, *, #8409, .T. ) ;
#1304 = EDGE_CURVE ( 'NONE', #10684, #3831, #7557, .T. ) ;
#1305 = EDGE_LOOP ( 'NONE', ( #5281, #6453, #9657, #7655 ) ) ;
#1306 = ORIENTED_EDGE ( 'NONE', *, *, #10617, .T. ) ;
#1307 = FACE_OUTER_BOUND ( 'NONE', #7775, .T. ) ;
#1308 = DIRECTION ( 'NONE',  ( -0.000000000000000000, -1.000000000000000000, -0.000000000000000000 ) ) ;
#1309 = LINE ( 'NONE', #5085, #61 ) ;
#1310 = LINE ( 'NONE', #2105, #5155 ) ;
#1311 = VECTOR ( 'NONE', #10533, 1000.000000000000227 ) ;
#1312 = DIRECTION ( 'NONE',  ( -1.000000000000000000, -0.000000000000000000, -0.000000000000000000 ) ) ;
#1313 = DIRECTION ( 'NONE',  ( 2.312964634635742895E-17, 0.000000000000000000, -1.000000000000000000 ) ) ;
#1314 = DIRECTION ( 'NONE',  ( 0.000000000000000000, -0.000000000000000000, -1.000000000000000000 ) ) ;
#1315 = VERTEX_POINT ( 'NONE', #8723 ) ;
#1316 = CARTESIAN_POINT ( 'NONE',  ( -130.0000000000000000, -101.9803902718557111, 10.00000000000000000 ) ) ;
#1317 = EDGE_CURVE ( 'NONE', #1200, #10151, #3887, .T. ) ;
#1318 = ADVANCED_BREP_SHAPE_REPRESENTATION ( '', ( #4665, #8466, #8730, #10290 ), #4965 ) ;
#1319 = VECTOR ( 'NONE', #2264, 1000.000000000000000 ) ;
#1320 = ORIENTED_EDGE ( 'NONE', *, *, #9134, .T. ) ;
#1321 = LINE ( 'NONE', #7068, #1790 ) ;
#1322 = CARTESIAN_POINT ( 'NONE',  ( 0.000000000000000000, 29.80000000000000426, 0.000000000000000000 ) ) ;
#1323 = ORIENTED_EDGE ( 'NONE', *, *, #9113, .T. ) ;
#1324 = DIRECTION ( 'NONE',  ( 0.000000000000000000, 0.000000000000000000, 1.000000000000000000 ) ) ;
#1325 = CLOSED_SHELL ( 'NONE', ( #6500, #19, #7489, #11878, #927, #10188, #7393, #7648, #11887, #11179, #4238, #11811, #2032, #7069, #7846, #344, #5512, #7029, #4695, #210, #6849, #11725, #11190, #4526, #5211, #6004, #8947, #10598 ) ) ;
#1326 = PLANE ( 'NONE',  #8416 ) ;
#1327 = CYLINDRICAL_SURFACE ( 'NONE', #668, 1.649999999999998579 ) ;
#1328 = EDGE_LOOP ( 'NONE', ( #11004, #4529, #1626, #8252 ) ) ;
#1329 = CARTESIAN_POINT ( 'NONE',  ( 0.000000000000000000, 2.200000000000021494, 0.000000000000000000 ) ) ;
#1330 = EDGE_LOOP ( 'NONE', ( #10386, #9279 ) ) ;
#1331 = DIRECTION ( 'NONE',  ( -0.000000000000000000, -1.000000000000000000, -0.000000000000000000 ) ) ;
#1332 = ADVANCED_FACE ( 'NONE', ( #7728 ), #9792, .F. ) ;
#1333 = ORIENTED_EDGE ( 'NONE', *, *, #3537, .F. ) ;
#1334 = DIRECTION ( 'NONE',  ( -0.000000000000000000, 1.000000000000000000, -0.000000000000000000 ) ) ;
#1335 = ORIENTED_EDGE ( 'NONE', *, *, #7418, .T. ) ;
#1336 = CARTESIAN_POINT ( 'NONE',  ( 5.449678256205721981E-15, 33.20000000000000284, -44.50000000000000711 ) ) ;
#1337 = CARTESIAN_POINT ( 'NONE',  ( 0.000000000000000000, 0.000000000000000000, 101.8499999999999943 ) ) ;
#1338 = DIRECTION ( 'NONE',  ( 1.000000000000000000, 0.000000000000000000, -0.000000000000000000 ) ) ;
#1339 = DIRECTION ( 'NONE',  ( -0.000000000000000000, -1.000000000000000000, -0.000000000000000000 ) ) ;
#1340 = DIRECTION ( 'NONE',  ( 0.000000000000000000, 0.000000000000000000, -1.000000000000000000 ) ) ;
#1341 = CYLINDRICAL_SURFACE ( 'NONE', #3969, 2.100000000000000977 ) ;
#1342 = ORIENTED_EDGE ( 'NONE', *, *, #4333, .T. ) ;
#1343 = DIRECTION ( 'NONE',  ( -0.000000000000000000, 1.000000000000000000, -0.000000000000000000 ) ) ;
#1344 = EDGE_CURVE ( 'NONE', #10911, #324, #1309, .T. ) ;
#1345 = ORIENTED_EDGE ( 'NONE', *, *, #8622, .F. ) ;
#1346 = LINE ( 'NONE', #10823, #9498 ) ;
#1347 = ORIENTED_EDGE ( 'NONE', *, *, #6401, .F. ) ;
#1348 = EDGE_LOOP ( 'NONE', ( #8703, #2850, #1255, #8537 ) ) ;
#1349 = APPLICATION_PROTOCOL_DEFINITION ( 'draft international standard', 'automotive_design', 1998, #1079 ) ;
#1350 = ADVANCED_FACE ( 'NONE', ( #3082 ), #5754, .F. ) ;
#1351 = ORIENTED_EDGE ( 'NONE', *, *, #11194, .T. ) ;
#1352 = CYLINDRICAL_SURFACE ( 'NONE', #9162, 2.099999999999997868 ) ;
#1353 = CARTESIAN_POINT ( 'NONE',  ( -21.00000000000000000, 22.72893218813453231, 2.499999999999850342 ) ) ;
#1354 = DIRECTION ( 'NONE',  ( -0.000000000000000000, 1.000000000000000000, -0.000000000000000000 ) ) ;
#1355 = DIRECTION ( 'NONE',  ( -0.000000000000000000, 1.000000000000000000, -0.000000000000000000 ) ) ;
#1356 = ADVANCED_FACE ( 'NONE', ( #3515 ), #3458, .F. ) ;
#1357 = EDGE_CURVE ( 'NONE', #4979, #9668, #5207, .T. ) ;
#1358 = VERTEX_POINT ( 'NONE', #7243 ) ;
#1359 = CARTESIAN_POINT ( 'NONE',  ( -30.00000000000000000, -101.9803902718557111, 10.00000000000000000 ) ) ;
#1360 = VERTEX_POINT ( 'NONE', #2294 ) ;
#1361 = ORIENTED_EDGE ( 'NONE', *, *, #3856, .T. ) ;
#1362 = FACE_BOUND ( 'NONE', #6718, .T. ) ;
#1363 = EDGE_CURVE ( 'NONE', #10189, #10876, #5322, .T. ) ;
#1364 = VERTEX_POINT ( 'NONE', #10971 ) ;
#1365 = LINE ( 'NONE', #5135, #853 ) ;
#1366 = DIRECTION ( 'NONE',  ( -0.000000000000000000, -1.000000000000000000, -0.000000000000000000 ) ) ;
#1367 = CARTESIAN_POINT ( 'NONE',  ( -90.00000000000000000, 20.00000000000000000, -19.99999999999998224 ) ) ;
#1368 = CARTESIAN_POINT ( 'NONE',  ( 4.286263797015736496E-15, 0.000000000000000000, 35.00000000000000000 ) ) ;
#1369 = CARTESIAN_POINT ( 'NONE',  ( -2.500000000000000444, -16.00000000000000000, 0.000000000000000000 ) ) ;
#1370 = EDGE_CURVE ( 'NONE', #7394, #6081, #1652, .T. ) ;
#1371 = CARTESIAN_POINT ( 'NONE',  ( -130.0000000000000000, 20.00000000000000000, -19.99999999999998579 ) ) ;
#1372 = ORIENTED_EDGE ( 'NONE', *, *, #10272, .T. ) ;
#1373 = DIRECTION ( 'NONE',  ( 0.000000000000000000, 1.000000000000000000, 0.000000000000000000 ) ) ;
#1374 = CARTESIAN_POINT ( 'NONE',  ( 25.00000000000000000, 34.20000000000000284, 3.000000000000000000 ) ) ;
#1375 = VERTEX_POINT ( 'NONE', #1494 ) ;
#1376 = CARTESIAN_POINT ( 'NONE',  ( 14.84924240491768188, -5.939696961967007027, -12.74924240491732164 ) ) ;
#1377 = CARTESIAN_POINT ( 'NONE',  ( 0.000000000000000000, 16.00000000000001421, 0.000000000000000000 ) ) ;
#1378 = VERTEX_POINT ( 'NONE', #4388 ) ;
#1379 = LINE ( 'NONE', #11604, #6172 ) ;
#1380 = DIRECTION ( 'NONE',  ( 0.000000000000000000, 0.000000000000000000, 1.000000000000000000 ) ) ;
#1381 = ADVANCED_FACE ( 'NONE', ( #11961 ), #2413, .T. ) ;
#1382 = VERTEX_POINT ( 'NONE', #8103 ) ;
#1383 = DIRECTION ( 'NONE',  ( -0.000000000000000000, 1.000000000000000000, -0.000000000000000000 ) ) ;
#1384 = ORIENTED_EDGE ( 'NONE', *, *, #10943, .F. ) ;
#1385 = FACE_OUTER_BOUND ( 'NONE', #5829, .T. ) ;
#1386 = ORIENTED_EDGE ( 'NONE', *, *, #7350, .T. ) ;
#1387 = DIRECTION ( 'NONE',  ( 0.000000000000000000, 0.000000000000000000, 1.000000000000000000 ) ) ;
#1388 = AXIS2_PLACEMENT_3D ( 'NONE', #8219, #12237, #5546 ) ;
#1389 = ORIENTED_EDGE ( 'NONE', *, *, #12247, .T. ) ;
#1390 = CARTESIAN_POINT ( 'NONE',  ( 0.000000000000000000, 35.39999999999999858, 0.000000000000000000 ) ) ;
#1391 = LINE ( 'NONE', #478, #11139 ) ;
#1392 = EDGE_CURVE ( 'NONE', #12209, #1993, #6052, .T. ) ;
#1393 = LINE ( 'NONE', #1469, #10394 ) ;
#1394 = AXIS2_PLACEMENT_3D ( 'NONE', #10286, #4587, #7554 ) ;
#1395 = VECTOR ( 'NONE', #3311, 1000.000000000000000 ) ;
#1396 = ORIENTED_EDGE ( 'NONE', *, *, #5487, .T. ) ;
#1397 = SHAPE_REPRESENTATION ( 'Link3LShapeConnectorBig', ( #10290 ), #7720 ) ;
#1398 = LINE ( 'NONE', #6157, #1992 ) ;
#1399 = VERTEX_POINT ( 'NONE', #3392 ) ;
#1400 = DIRECTION ( 'NONE',  ( 0.000000000000000000, 0.000000000000000000, 1.000000000000000000 ) ) ;
#1401 = ORIENTED_EDGE ( 'NONE', *, *, #10275, .T. ) ;
#1402 = EDGE_LOOP ( 'NONE', ( #106, #9016 ) ) ;
#1403 = AXIS2_PLACEMENT_3D ( 'NONE', #1014, #2859, #6648 ) ;
#1404 = PRODUCT_CONTEXT ( 'NONE', #9536, 'mechanical' ) ;
#1405 = ORIENTED_EDGE ( 'NONE', *, *, #7018, .F. ) ;
#1406 = DIRECTION ( 'NONE',  ( -0.000000000000000000, 1.000000000000000000, -0.000000000000000000 ) ) ;
#1407 = AXIS2_PLACEMENT_3D ( 'NONE', #7323, #4424, #5346 ) ;
#1408 = VECTOR ( 'NONE', #2767, 1000.000000000000000 ) ;
#1409 = PRODUCT_DEFINITION_FORMATION_WITH_SPECIFIED_SOURCE ( 'ANY', '', #11692, .NOT_KNOWN. ) ;
#1410 = CARTESIAN_POINT ( 'NONE',  ( 0.000000000000000000, 20.00000000000000000, 60.00000000000000000 ) ) ;
#1411 = ADVANCED_FACE ( 'NONE', ( #10783 ), #9976, .F. ) ;
#1412 = PRODUCT_DEFINITION_SHAPE ( 'NONE', 'NONE',  #2265 ) ;
#1413 = DIRECTION ( 'NONE',  ( 0.000000000000000000, 1.000000000000000000, -0.000000000000000000 ) ) ;
#1414 = CARTESIAN_POINT ( 'NONE',  ( 0.000000000000000000, 29.80000000000000426, -40.00000000000000000 ) ) ;
#1415 = VECTOR ( 'NONE', #10795, 1000.000000000000000 ) ;
#1416 = AXIS2_PLACEMENT_3D ( 'NONE', #9321, #4617, #6520 ) ;
#1417 = EDGE_LOOP ( 'NONE', ( #11408, #11114 ) ) ;
#1418 = CARTESIAN_POINT ( 'NONE',  ( 6.999999999999998224, 34.20000000000000284, -18.73499399519520026 ) ) ;
#1419 = CARTESIAN_POINT ( 'NONE',  ( 0.000000000000000000, 0.000000000000000000, 0.000000000000000000 ) ) ;
#1420 = EDGE_LOOP ( 'NONE', ( #12183, #10887 ) ) ;
#1421 = ORIENTED_EDGE ( 'NONE', *, *, #3089, .T. ) ;
#1422 = CARTESIAN_POINT ( 'NONE',  ( 14.84924240491747582, 0.000000000000000000, 14.84924240491752556 ) ) ;
#1423 = VERTEX_POINT ( 'NONE', #7987 ) ;
#1424 = CARTESIAN_POINT ( 'NONE',  ( 4.999999999999998224, 34.20000000000000284, 25.00000000000000000 ) ) ;
#1425 = AXIS2_PLACEMENT_3D ( 'NONE', #3749, #7532, #10271 ) ;
#1426 = AXIS2_PLACEMENT_3D ( 'NONE', #11786, #11599, #7808 ) ;
#1427 = DIRECTION ( 'NONE',  ( 1.000000000000000000, -0.000000000000000000, 2.312964634635742895E-17 ) ) ;
#1428 = CARTESIAN_POINT ( 'NONE',  ( 0.000000000000000000, 12.00000000000000000, -5.000000000000000000 ) ) ;
#1429 = FACE_OUTER_BOUND ( 'NONE', #4052, .T. ) ;
#1430 = CARTESIAN_POINT ( 'NONE',  ( 150.0000000000000000, 0.000000000000000000, -10.00000000000000000 ) ) ;
#1431 = CIRCLE ( 'NONE', #33, 45.00000000000000711 ) ;
#1432 = CARTESIAN_POINT ( 'NONE',  ( 30.00000000000000000, 0.000000000000000000, -10.00000000000000000 ) ) ;
#1433 = EDGE_CURVE ( 'NONE', #64, #8114, #929, .T. ) ;
#1434 = CYLINDRICAL_SURFACE ( 'NONE', #6336, 45.00000000000000711 ) ;
#1435 = AXIS2_PLACEMENT_3D ( 'NONE', #12126, #2749, #4501 ) ;
#1436 = ORIENTED_EDGE ( 'NONE', *, *, #1912, .T. ) ;
#1437 = VECTOR ( 'NONE', #3467, 1000.000000000000000 ) ;
#1438 = DIRECTION ( 'NONE',  ( 0.000000000000000000, 0.000000000000000000, 1.000000000000000000 ) ) ;
#1439 =( LENGTH_UNIT ( ) NAMED_UNIT ( * ) SI_UNIT ( .MILLI., .METRE. ) );
#1440 = ORIENTED_EDGE ( 'NONE', *, *, #6774, .T. ) ;
#1441 = CIRCLE ( 'NONE', #4793, 9.750000000000000000 ) ;
#1442 = AXIS2_PLACEMENT_3D ( 'NONE', #1256, #10720, #4019 ) ;
#1443 = CARTESIAN_POINT ( 'NONE',  ( 4.999999999999998224, 34.20000000000000284, -17.29161646579058598 ) ) ;
#1444 = LINE ( 'NONE', #7070, #2416 ) ;
#1445 = ADVANCED_FACE ( 'NONE', ( #10844, #1550 ), #10090, .F. ) ;
#1446 = VERTEX_POINT ( 'NONE', #436 ) ;
#1447 = DIRECTION ( 'NONE',  ( 0.000000000000000000, 0.000000000000000000, -1.000000000000000000 ) ) ;
#1448 = CIRCLE ( 'NONE', #4194, 2.100000000000000977 ) ;
#1449 = CARTESIAN_POINT ( 'NONE',  ( -30.00000000000000000, 20.00000000000000000, -10.00000000000000000 ) ) ;
#1450 = CIRCLE ( 'NONE', #8357, 2.499999999999996891 ) ;
#1451 = AXIS2_PLACEMENT_3D ( 'NONE', #12033, #9002, #5410 ) ;
#1452 = CARTESIAN_POINT ( 'NONE',  ( 14.84924240491768188, 20.00000000000000000, -14.84924240491732128 ) ) ;
#1453 = AXIS2_PLACEMENT_3D ( 'NONE', #3324, #360, #4120 ) ;
#1454 = EDGE_CURVE ( 'NONE', #8980, #7675, #5393, .T. ) ;
#1455 = ORIENTED_EDGE ( 'NONE', *, *, #4995, .T. ) ;
#1456 = DIRECTION ( 'NONE',  ( -0.000000000000000000, 1.000000000000000000, -0.000000000000000000 ) ) ;
#1457 = EDGE_LOOP ( 'NONE', ( #11029, #10227, #2928, #12005 ) ) ;
#1458 = CARTESIAN_POINT ( 'NONE',  ( 0.000000000000000000, 0.000000000000000000, 9.000000000000001776 ) ) ;
#1459 = VECTOR ( 'NONE', #4296, 1000.000000000000000 ) ;
#1460 = CIRCLE ( 'NONE', #9963, 6.999999999999999112 ) ;
#1461 = ADVANCED_FACE ( 'NONE', ( #3274 ), #9848, .F. ) ;
#1462 = ORIENTED_EDGE ( 'NONE', *, *, #4077, .T. ) ;
#1463 = EDGE_CURVE ( 'NONE', #108, #10539, #2350, .T. ) ;
#1464 = DIRECTION ( 'NONE',  ( 0.000000000000000000, -0.000000000000000000, -1.000000000000000000 ) ) ;
#1465 = ORIENTED_EDGE ( 'NONE', *, *, #11055, .F. ) ;
#1466 = DIRECTION ( 'NONE',  ( -0.000000000000000000, 1.000000000000000000, 1.224646799147353207E-16 ) ) ;
#1467 = CARTESIAN_POINT ( 'NONE',  ( -75.00000000000000000, 20.00000000000000000, 10.00000000000000178 ) ) ;
#1468 = CIRCLE ( 'NONE', #12148, 2.000000000000000888 ) ;
#1469 = CARTESIAN_POINT ( 'NONE',  ( 7.715274834628325378E-16, -63.24555320336758513, -6.299999999999999822 ) ) ;
#1470 =( NAMED_UNIT ( * ) PLANE_ANGLE_UNIT ( ) SI_UNIT ( $, .RADIAN. ) );
#1471 = EDGE_LOOP ( 'NONE', ( #11842, #8808, #6945, #5562 ) ) ;
#1472 = FACE_OUTER_BOUND ( 'NONE', #12211, .T. ) ;
#1473 = VERTEX_POINT ( 'NONE', #1428 ) ;
#1474 = CARTESIAN_POINT ( 'NONE',  ( -7.306393228788485917E-14, 0.000000000000000000, 18.89999999999999858 ) ) ;
#1475 = ADVANCED_FACE ( 'NONE', ( #507 ), #4263, .T. ) ;
#1476 = EDGE_LOOP ( 'NONE', ( #9300, #4743, #7009, #1668 ) ) ;
#1477 = ADVANCED_BREP_SHAPE_REPRESENTATION ( '', ( #8682, #10290 ), #3572 ) ;
#1478 = ORIENTED_EDGE ( 'NONE', *, *, #374, .T. ) ;
#1479 = APPLICATION_PROTOCOL_DEFINITION ( 'draft international standard', 'automotive_design', 1998, #11205 ) ;
#1480 = ORIENTED_EDGE ( 'NONE', *, *, #4700, .T. ) ;
#1481 = DIRECTION ( 'NONE',  ( -0.000000000000000000, 1.000000000000000000, 0.000000000000000000 ) ) ;
#1482 = DIRECTION ( 'NONE',  ( 0.000000000000000000, 0.000000000000000000, -1.000000000000000000 ) ) ;
#1483 =( REPRESENTATION_RELATIONSHIP ('NONE','NONE', #9464, #1938 ) REPRESENTATION_RELATIONSHIP_WITH_TRANSFORMATION ( #4085 )SHAPE_REPRESENTATION_RELATIONSHIP( ) );
#1484 = CARTESIAN_POINT ( 'NONE',  ( -4.399999999999999467, 8.082668874372531019E-16, 6.599999999999999645 ) ) ;
#1485 = VERTEX_POINT ( 'NONE', #9046 ) ;
#1486 = FACE_OUTER_BOUND ( 'NONE', #5030, .T. ) ;
#1487 = EDGE_CURVE ( 'NONE', #1891, #9880, #3480, .T. ) ;
#1488 = ORIENTED_EDGE ( 'NONE', *, *, #6339, .T. ) ;
#1489 = VERTEX_POINT ( 'NONE', #1677 ) ;
#1490 = CARTESIAN_POINT ( 'NONE',  ( -0.07261451051828989034, -39.99999999999999289, 9.999736353167531178 ) ) ;
#1491 = ORIENTED_EDGE ( 'NONE', *, *, #7929, .F. ) ;
#1492 = DIRECTION ( 'NONE',  ( -0.000000000000000000, -1.000000000000000000, -0.000000000000000000 ) ) ;
#1493 = AXIS2_PLACEMENT_3D ( 'NONE', #8956, #11807, #5171 ) ;
#1494 = CARTESIAN_POINT ( 'NONE',  ( -3.000000000000001776, 34.20000000000000284, 25.00000000000000000 ) ) ;
#1495 = DIRECTION ( 'NONE',  ( 0.000000000000000000, 1.000000000000000000, 0.000000000000000000 ) ) ;
#1496 = DIRECTION ( 'NONE',  ( 0.000000000000000000, 0.000000000000000000, -1.000000000000000000 ) ) ;
#1497 = CYLINDRICAL_SURFACE ( 'NONE', #9582, 20.00000000000000000 ) ;
#1498 = CARTESIAN_POINT ( 'NONE',  ( 0.000000000000000000, 35.39999999999999858, 0.000000000000000000 ) ) ;
#1499 = VECTOR ( 'NONE', #6992, 1000.000000000000000 ) ;
#1500 = ORIENTED_EDGE ( 'NONE', *, *, #5090, .T. ) ;
#1501 = DIRECTION ( 'NONE',  ( 0.000000000000000000, 0.000000000000000000, 1.000000000000000000 ) ) ;
#1502 = EDGE_CURVE ( 'NONE', #6288, #3547, #5790, .T. ) ;
#1503 = CARTESIAN_POINT ( 'NONE',  ( 0.000000000000000000, 0.000000000000000000, 11.00000000000000000 ) ) ;
#1504 = EDGE_LOOP ( 'NONE', ( #5062, #7848, #7479, #10727 ) ) ;
#1505 = DIRECTION ( 'NONE',  ( -0.000000000000000000, -1.000000000000000000, -0.000000000000000000 ) ) ;
#1506 = DIRECTION ( 'NONE',  ( 0.000000000000000000, 0.000000000000000000, 1.000000000000000000 ) ) ;
#1507 = CIRCLE ( 'NONE', #11590, 1.649999999999998579 ) ;
#1508 = ADVANCED_FACE ( 'NONE', ( #34 ), #6661, .F. ) ;
#1509 = EDGE_LOOP ( 'NONE', ( #9503, #8041 ) ) ;
#1510 = CYLINDRICAL_SURFACE ( 'NONE', #1451, 2.500000000000000444 ) ;
#1511 = CARTESIAN_POINT ( 'NONE',  ( 30.00000000000000000, 20.00000000000000000, 10.00000000000000000 ) ) ;
#1512 = DIRECTION ( 'NONE',  ( 0.000000000000000000, 0.000000000000000000, -1.000000000000000000 ) ) ;
#1513 = ORIENTED_EDGE ( 'NONE', *, *, #7758, .F. ) ;
#1514 = CIRCLE ( 'NONE', #3470, 79.99999999999998579 ) ;
#1515 = DIRECTION ( 'NONE',  ( 0.000000000000000000, 0.000000000000000000, 1.000000000000000000 ) ) ;
#1516 = ORIENTED_EDGE ( 'NONE', *, *, #8618, .T. ) ;
#1517 = EDGE_CURVE ( 'NONE', #9226, #3550, #8507, .T. ) ;
#1518 = DIRECTION ( 'NONE',  ( -1.000000000000000000, 0.000000000000000000, -0.000000000000000000 ) ) ;
#1519 = ORIENTED_EDGE ( 'NONE', *, *, #2750, .T. ) ;
#1520 = FACE_OUTER_BOUND ( 'NONE', #6021, .T. ) ;
#1521 = EDGE_CURVE ( 'NONE', #3250, #4362, #1523, .T. ) ;
#1522 = ORIENTED_EDGE ( 'NONE', *, *, #1527, .T. ) ;
#1523 = CIRCLE ( 'NONE', #4060, 1.649999999999998579 ) ;
#1524 = CARTESIAN_POINT ( 'NONE',  ( 0.000000000000000000, 9.000000000000001776, 0.000000000000000000 ) ) ;
#1525 = CARTESIAN_POINT ( 'NONE',  ( 138.3273854894816566, 0.000000000000000000, -380.0002636468323658 ) ) ;
#1526 = EDGE_CURVE ( 'NONE', #9001, #5501, #2302, .T. ) ;
#1527 = EDGE_CURVE ( 'NONE', #11337, #9537, #99, .T. ) ;
#1528 = FACE_OUTER_BOUND ( 'NONE', #4504, .T. ) ;
#1529 = VERTEX_POINT ( 'NONE', #1027 ) ;
#1530 = DIRECTION ( 'NONE',  ( 0.000000000000000000, -1.000000000000000000, 0.000000000000000000 ) ) ;
#1531 = ORIENTED_EDGE ( 'NONE', *, *, #7929, .T. ) ;
#1532 = FACE_OUTER_BOUND ( 'NONE', #10143, .T. ) ;
#1533 = ORIENTED_EDGE ( 'NONE', *, *, #10658, .F. ) ;
#1534 = ORIENTED_EDGE ( 'NONE', *, *, #6208, .F. ) ;
#1535 = APPLICATION_PROTOCOL_DEFINITION ( 'draft international standard', 'automotive_design', 1998, #7790 ) ;
#1536 =( GEOMETRIC_REPRESENTATION_CONTEXT ( 3 ) GLOBAL_UNCERTAINTY_ASSIGNED_CONTEXT ( ( #5896 ) ) GLOBAL_UNIT_ASSIGNED_CONTEXT ( ( #3273, #2701, #6347 ) ) REPRESENTATION_CONTEXT ( 'NONE', 'WORKASPACE' ) );
#1537 = ORIENTED_EDGE ( 'NONE', *, *, #2500, .F. ) ;
#1538 = CARTESIAN_POINT ( 'NONE',  ( 0.000000000000000000, 15.59999999999999964, 45.00000000000000711 ) ) ;
#1539 = CARTESIAN_POINT ( 'NONE',  ( 30.00000000000000000, 0.000000000000000000, -10.00000000000000000 ) ) ;
#1540 = DIRECTION ( 'NONE',  ( -0.000000000000000000, 1.000000000000000000, 1.224646799147353207E-16 ) ) ;
#1541 = ADVANCED_FACE ( 'NONE', ( #10220 ), #5452, .T. ) ;
#1542 = ORIENTED_EDGE ( 'NONE', *, *, #4593, .T. ) ;
#1543 = CARTESIAN_POINT ( 'NONE',  ( -75.00000000000000000, 0.000000000000000000, 10.00000000000000178 ) ) ;
#1544 = ORIENTED_EDGE ( 'NONE', *, *, #7707, .T. ) ;
#1545 = ORIENTED_EDGE ( 'NONE', *, *, #9015, .T. ) ;
#1546 = CARTESIAN_POINT ( 'NONE',  ( 150.0000000000000000, 20.00000000000000000, -10.00000000000000000 ) ) ;
#1547 = EDGE_LOOP ( 'NONE', ( #10253, #7316 ) ) ;
#1548 = EDGE_CURVE ( 'NONE', #1489, #10793, #4274, .T. ) ;
#1549 = CARTESIAN_POINT ( 'NONE',  ( -4.999999999999999112, 0.000000000000000000, 101.8499999999999943 ) ) ;
#1550 = FACE_BOUND ( 'NONE', #486, .T. ) ;
#1551 = DIRECTION ( 'NONE',  ( 0.000000000000000000, 1.000000000000000000, 0.000000000000000000 ) ) ;
#1552 = DIRECTION ( 'NONE',  ( -0.000000000000000000, -1.000000000000000000, -0.000000000000000000 ) ) ;
#1553 = EDGE_CURVE ( 'NONE', #9260, #10256, #10496, .T. ) ;
#1554 = CARTESIAN_POINT ( 'NONE',  ( 7.715274834628326364E-16, 0.000000000000000000, -6.300000000000000711 ) ) ;
#1555 = PLANE ( 'NONE',  #10311 ) ;
#1556 = EDGE_LOOP ( 'NONE', ( #6035, #6620, #6229, #1954 ) ) ;
#1557 = FACE_OUTER_BOUND ( 'NONE', #8343, .T. ) ;
#1558 = DIRECTION ( 'NONE',  ( 0.000000000000000000, -0.000000000000000000, 1.000000000000000000 ) ) ;
#1559 = ORIENTED_EDGE ( 'NONE', *, *, #10565, .F. ) ;
#1560 = DIRECTION ( 'NONE',  ( 0.000000000000000000, 1.000000000000000000, 0.000000000000000000 ) ) ;
#1561 = ORIENTED_EDGE ( 'NONE', *, *, #1107, .T. ) ;
#1562 = DIRECTION ( 'NONE',  ( -0.000000000000000000, -1.000000000000000000, -0.000000000000000000 ) ) ;
#1563 = DIRECTION ( 'NONE',  ( 0.000000000000000000, 0.000000000000000000, -1.000000000000000000 ) ) ;
#1564 = DIRECTION ( 'NONE',  ( 0.000000000000000000, 0.000000000000000000, 1.000000000000000000 ) ) ;
#1565 = ADVANCED_FACE ( 'NONE', ( #3914 ), #3808, .F. ) ;
#1566 = DIRECTION ( 'NONE',  ( 0.000000000000000000, 0.000000000000000000, 1.000000000000000000 ) ) ;
#1567 = ORIENTED_EDGE ( 'NONE', *, *, #7581, .T. ) ;
#1568 = CARTESIAN_POINT ( 'NONE',  ( 0.000000000000000000, 12.00000000000000000, -35.00000000000000000 ) ) ;
#1569 = EDGE_LOOP ( 'NONE', ( #3149, #2639, #10365, #6763 ) ) ;
#1570 = EDGE_CURVE ( 'NONE', #10839, #10284, #10812, .T. ) ;
#1571 = CARTESIAN_POINT ( 'NONE',  ( 150.0000000000000000, 20.00000000000000000, 30.00000000000000000 ) ) ;
#1572 = UNCERTAINTY_MEASURE_WITH_UNIT (LENGTH_MEASURE( 1.000000000000000082E-05 ), #3005, 'distance_accuracy_value', 'NONE');
#1573 = ORIENTED_EDGE ( 'NONE', *, *, #3044, .F. ) ;
#1574 = LINE ( 'NONE', #4723, #9923 ) ;
#1575 = ORIENTED_EDGE ( 'NONE', *, *, #8472, .F. ) ;
#1576 = LINE ( 'NONE', #11005, #330 ) ;
#1577 = FACE_OUTER_BOUND ( 'NONE', #7104, .T. ) ;
#1578 = CYLINDRICAL_SURFACE ( 'NONE', #8731, 1.649999999999998579 ) ;
#1579 = ORIENTED_EDGE ( 'NONE', *, *, #4618, .T. ) ;
#1580 = EDGE_CURVE ( 'NONE', #5659, #10858, #10561, .T. ) ;
#1581 = CARTESIAN_POINT ( 'NONE',  ( 0.000000000000000000, 16.00000000000000000, 8.000000000000000000 ) ) ;
#1582 = CIRCLE ( 'NONE', #3383, 1.649999999999998579 ) ;
#1583 = VERTEX_POINT ( 'NONE', #7585 ) ;
#1584 = DIRECTION ( 'NONE',  ( -0.000000000000000000, 1.000000000000000000, -0.000000000000000000 ) ) ;
#1585 = ORIENTED_EDGE ( 'NONE', *, *, #9250, .T. ) ;
#1586 = ORIENTED_EDGE ( 'NONE', *, *, #5312, .T. ) ;
#1587 = ORIENTED_EDGE ( 'NONE', *, *, #7860, .F. ) ;
#1588 = DIRECTION ( 'NONE',  ( -0.000000000000000000, -1.000000000000000000, -0.000000000000000000 ) ) ;
#1589 = EDGE_CURVE ( 'NONE', #10935, #11415, #2660, .T. ) ;
#1590 = EDGE_CURVE ( 'NONE', #4931, #11656, #1152, .T. ) ;
#1591 = DIRECTION ( 'NONE',  ( -0.000000000000000000, 1.000000000000000000, -0.000000000000000000 ) ) ;
#1592 = LINE ( 'NONE', #9965, #10362 ) ;
#1593 = VECTOR ( 'NONE', #8050, 1000.000000000000000 ) ;
#1594 = AXIS2_PLACEMENT_3D ( 'NONE', #7679, #5657, #9436 ) ;
#1595 = CARTESIAN_POINT ( 'NONE',  ( -1.673890375426111171E-13, 2.399999999999999467, -14.34999999999999787 ) ) ;
#1596 = EDGE_CURVE ( 'NONE', #11230, #2654, #4512, .T. ) ;
#1597 = VECTOR ( 'NONE', #5230, 1000.000000000000000 ) ;
#1598 = EDGE_LOOP ( 'NONE', ( #8420, #8375 ) ) ;
#1599 = DIRECTION ( 'NONE',  ( 0.000000000000000000, 0.000000000000000000, 1.000000000000000000 ) ) ;
#1600 = ORIENTED_EDGE ( 'NONE', *, *, #11821, .F. ) ;
#1601 = ORIENTED_EDGE ( 'NONE', *, *, #1302, .F. ) ;
#1603 = LINE ( 'NONE', #364, #6237 ) ;
#1602 = AXIS2_PLACEMENT_3D ( 'NONE', #7876, #4037, #9682 ) ;
#1604 = VECTOR ( 'NONE', #3828, 1000.000000000000000 ) ;
#1605 = ORIENTED_EDGE ( 'NONE', *, *, #12222, .F. ) ;
#1606 = EDGE_CURVE ( 'NONE', #11357, #12015, #9232, .T. ) ;
#1607 = DIRECTION ( 'NONE',  ( 0.000000000000000000, 0.000000000000000000, 1.000000000000000000 ) ) ;
#1608 = EDGE_CURVE ( 'NONE', #680, #4124, #7366, .T. ) ;
#1609 = DIRECTION ( 'NONE',  ( 0.000000000000000000, 0.000000000000000000, -1.000000000000000000 ) ) ;
#1610 = DIRECTION ( 'NONE',  ( -0.000000000000000000, -1.000000000000000000, -0.000000000000000000 ) ) ;
#1611 = VECTOR ( 'NONE', #6752, 1000.000000000000000 ) ;
#1612 = DIRECTION ( 'NONE',  ( 0.000000000000000000, 0.000000000000000000, -1.000000000000000000 ) ) ;
#1613 = FACE_OUTER_BOUND ( 'NONE', #10637, .T. ) ;
#1614 = AXIS2_PLACEMENT_3D ( 'NONE', #3430, #7212, #2502 ) ;
#1615 = AXIS2_PLACEMENT_3D ( 'NONE', #1887, #10613, #1942 ) ;
#1616 = CIRCLE ( 'NONE', #3774, 18.00000000000000355 ) ;
#1617 = LINE ( 'NONE', #703, #4759 ) ;
#1618 = VERTEX_POINT ( 'NONE', #9450 ) ;
#1619 = DIRECTION ( 'NONE',  ( -0.000000000000000000, 1.000000000000000000, -0.000000000000000000 ) ) ;
#1620 = DIRECTION ( 'NONE',  ( 0.000000000000000000, 0.000000000000000000, 1.000000000000000000 ) ) ;
#1621 = ORIENTED_EDGE ( 'NONE', *, *, #10725, .T. ) ;
#1622 = AXIS2_PLACEMENT_3D ( 'NONE', #7894, #2145, #7712 ) ;
#1623 = ADVANCED_FACE ( 'NONE', ( #964 ), #10620, .T. ) ;
#1624 = DIRECTION ( 'NONE',  ( 0.000000000000000000, 0.000000000000000000, -1.000000000000000000 ) ) ;
#1625 = VECTOR ( 'NONE', #4482, 1000.000000000000000 ) ;
#1626 = ORIENTED_EDGE ( 'NONE', *, *, #1606, .F. ) ;
#1627 = CARTESIAN_POINT ( 'NONE',  ( 21.00000000000000000, 29.80000000000000426, 0.000000000000000000 ) ) ;
#1628 = DIRECTION ( 'NONE',  ( -0.000000000000000000, -1.000000000000000000, -0.000000000000000000 ) ) ;
#1629 = CARTESIAN_POINT ( 'NONE',  ( 0.000000000000000000, 0.000000000000000000, 0.000000000000000000 ) ) ;
#1630 = DIRECTION ( 'NONE',  ( 0.000000000000000000, 0.000000000000000000, 1.000000000000000000 ) ) ;
#1631 = CARTESIAN_POINT ( 'NONE',  ( 0.000000000000000000, 185.7056274847714405, 0.000000000000000000 ) ) ;
#1632 = AXIS2_PLACEMENT_3D ( 'NONE', #5440, #5548, #6419 ) ;
#1633 = ORIENTED_EDGE ( 'NONE', *, *, #9980, .T. ) ;
#1634 = CARTESIAN_POINT ( 'NONE',  ( -25.00000000000000000, 34.20000000000000284, -5.000000000000000000 ) ) ;
#1635 = TOROIDAL_SURFACE ( 'NONE', #10733, 15.40000000000000036, 0.6000000000000007550 ) ;
#1636 = CIRCLE ( 'NONE', #11329, 15.40000000000000036 ) ;
#1637 = ORIENTED_EDGE ( 'NONE', *, *, #9909, .T. ) ;
#1638 = CARTESIAN_POINT ( 'NONE',  ( -2.500000000000000000, 16.00000000000000000, 0.000000000000000000 ) ) ;
#1639 = EDGE_CURVE ( 'NONE', #6819, #6908, #7765, .T. ) ;
#1640 = ORIENTED_EDGE ( 'NONE', *, *, #6887, .F. ) ;
#1641 = CARTESIAN_POINT ( 'NONE',  ( -5.000000000000001776, 34.20000000000000284, 23.00000000000000000 ) ) ;
#1642 = AXIS2_PLACEMENT_3D ( 'NONE', #1937, #7575, #5890 ) ;
#1643 = CIRCLE ( 'NONE', #661, 2.500000000000000444 ) ;
#1644 = ORIENTED_EDGE ( 'NONE', *, *, #2875, .F. ) ;
#1645 = AXIS2_PLACEMENT_3D ( 'NONE', #11762, #11688, #9156 ) ;
#1646 = CARTESIAN_POINT ( 'NONE',  ( 80.25000000000000000, 20.00000000000000000, 20.00000000000000711 ) ) ;
#1647 = CIRCLE ( 'NONE', #3814, 2.000000000000000888 ) ;
#1648 = FACE_OUTER_BOUND ( 'NONE', #4358, .T. ) ;
#1649 = AXIS2_PLACEMENT_3D ( 'NONE', #8567, #9675, #86 ) ;
#1650 = VECTOR ( 'NONE', #4266, 1000.000000000000000 ) ;
#1651 = ORIENTED_EDGE ( 'NONE', *, *, #10885, .F. ) ;
#1652 = CIRCLE ( 'NONE', #10740, 44.50000000000000711 ) ;
#1653 = DIRECTION ( 'NONE',  ( -0.000000000000000000, -1.000000000000000000, -0.000000000000000000 ) ) ;
#1654 = AXIS2_PLACEMENT_3D ( 'NONE', #4630, #10448, #12193 ) ;
#1655 = ORIENTED_EDGE ( 'NONE', *, *, #3790, .F. ) ;
#1656 = ORIENTED_EDGE ( 'NONE', *, *, #2219, .F. ) ;
#1657 = ORIENTED_EDGE ( 'NONE', *, *, #7101, .T. ) ;
#1658 = EDGE_LOOP ( 'NONE', ( #8925, #10460, #9444, #6708 ) ) ;
#1659 = DIRECTION ( 'NONE',  ( -0.000000000000000000, -1.000000000000000000, -0.000000000000000000 ) ) ;
#1660 = FACE_OUTER_BOUND ( 'NONE', #4384, .T. ) ;
#1661 = CIRCLE ( 'NONE', #6400, 0.6000000000000007550 ) ;
#1662 = EDGE_CURVE ( 'NONE', #10248, #10822, #2504, .T. ) ;
#1663 = CARTESIAN_POINT ( 'NONE',  ( 0.000000000000000000, 35.39999999999999858, 0.000000000000000000 ) ) ;
#1664 = DIRECTION ( 'NONE',  ( 0.000000000000000000, 0.000000000000000000, 1.000000000000000000 ) ) ;
#1665 = LINE ( 'NONE', #6353, #12165 ) ;
#1666 =( NAMED_UNIT ( * ) SI_UNIT ( $, .STERADIAN. ) SOLID_ANGLE_UNIT ( ) );
#1667 = VECTOR ( 'NONE', #4589, 1000.000000000000000 ) ;
#1668 = ORIENTED_EDGE ( 'NONE', *, *, #2763, .T. ) ;
#1669 = ADVANCED_FACE ( 'NONE', ( #10672 ), #6149, .T. ) ;
#1670 = CARTESIAN_POINT ( 'NONE',  ( 218.3273854894824524, 3.000000000000000000, -155.0002636468325079 ) ) ;
#1671 = EDGE_LOOP ( 'NONE', ( #10073, #3989, #7454, #2463 ) ) ;
#1672 = ORIENTED_EDGE ( 'NONE', *, *, #4160, .F. ) ;
#1673 = CARTESIAN_POINT ( 'NONE',  ( -21.00000000000000000, 0.000000000000000000, -1.466422162314116009E-13 ) ) ;
#1674 = ORIENTED_EDGE ( 'NONE', *, *, #8258, .T. ) ;
#1675 = CARTESIAN_POINT ( 'NONE',  ( 138.3273854894817134, -39.99999999999999289, -280.0002636468323658 ) ) ;
#1676 = ADVANCED_FACE ( 'NONE', ( #9688 ), #2320, .T. ) ;
#1677 = CARTESIAN_POINT ( 'NONE',  ( 2.500000000000000000, 16.00000000000000000, 0.000000000000000000 ) ) ;
#1678 = DIRECTION ( 'NONE',  ( -0.000000000000000000, -1.000000000000000000, -0.000000000000000000 ) ) ;
#1679 = CARTESIAN_POINT ( 'NONE',  ( 150.0000000000000000, -134.1640786499874025, -10.00000000000000000 ) ) ;
#1680 = AXIS2_PLACEMENT_3D ( 'NONE', #7673, #5758, #11347 ) ;
#1681 = DIRECTION ( 'NONE',  ( -0.000000000000000000, 1.000000000000000000, -0.000000000000000000 ) ) ;
#1682 = EDGE_CURVE ( 'NONE', #924, #8136, #5238, .T. ) ;
#1683 = EDGE_CURVE ( 'NONE', #4724, #10069, #11608, .T. ) ;
#1684 = FACE_OUTER_BOUND ( 'NONE', #10294, .T. ) ;
#1685 = ORIENTED_EDGE ( 'NONE', *, *, #10379, .F. ) ;
#1686 = CARTESIAN_POINT ( 'NONE',  ( 11.31370849898465991, 7.066904755831209251, -11.31370849898485886 ) ) ;
#1687 = CARTESIAN_POINT ( 'NONE',  ( 2.598076211353316012, 0.000000000000000000, 0.000000000000000000 ) ) ;
#1688 = ORIENTED_EDGE ( 'NONE', *, *, #10291, .F. ) ;
#1689 = DIRECTION ( 'NONE',  ( -1.000000000000000000, -0.000000000000000000, 6.446430439548137349E-17 ) ) ;
#1690 = ORIENTED_EDGE ( 'NONE', *, *, #2433, .F. ) ;
#1691 = DIRECTION ( 'NONE',  ( 0.000000000000000000, 0.000000000000000000, 1.000000000000000000 ) ) ;
#1692 = LINE ( 'NONE', #10811, #2754 ) ;
#1693 = DIRECTION ( 'NONE',  ( 0.000000000000000000, 0.000000000000000000, 1.000000000000000000 ) ) ;
#1694 = CARTESIAN_POINT ( 'NONE',  ( -0.3864906208435106016, 0.000000000000000000, 0.000000000000000000 ) ) ;
#1695 = DIRECTION ( 'NONE',  ( -0.000000000000000000, -1.000000000000000000, -0.000000000000000000 ) ) ;
#1696 = VECTOR ( 'NONE', #10210, 1000.000000000000000 ) ;
#1697 = ORIENTED_EDGE ( 'NONE', *, *, #3821, .T. ) ;
#1698 = DIRECTION ( 'NONE',  ( 0.000000000000000000, 0.000000000000000000, 1.000000000000000000 ) ) ;
#1699 = VERTEX_POINT ( 'NONE', #5051 ) ;
#1700 = CARTESIAN_POINT ( 'NONE',  ( 0.000000000000000000, 0.000000000000000000, 12.00000000000000000 ) ) ;
#1701 = AXIS2_PLACEMENT_3D ( 'NONE', #7011, #8810, #6877 ) ;
#1702 = ORIENTED_EDGE ( 'NONE', *, *, #5647, .T. ) ;
#1703 = DIRECTION ( 'NONE',  ( 1.000000000000000000, 0.000000000000000000, 0.000000000000000000 ) ) ;
#1704 = ORIENTED_EDGE ( 'NONE', *, *, #4429, .F. ) ;
#1705 = EDGE_CURVE ( 'NONE', #7939, #3884, #6257, .T. ) ;
#1706 = DIRECTION ( 'NONE',  ( -0.000000000000000000, -0.000000000000000000, -1.000000000000000000 ) ) ;
#1707 = CARTESIAN_POINT ( 'NONE',  ( 14.84924240491747582, -5.939696961967007027, 16.94924240491752343 ) ) ;
#1708 = VECTOR ( 'NONE', #10897, 1000.000000000000000 ) ;
#1709 = VECTOR ( 'NONE', #425, 1000.000000000000000 ) ;
#1710 = ADVANCED_FACE ( 'NONE', ( #4041, #3054 ), #9017, .F. ) ;
#1711 = DIRECTION ( 'NONE',  ( -0.000000000000000000, -1.000000000000000000, -0.000000000000000000 ) ) ;
#1712 = EDGE_LOOP ( 'NONE', ( #8881, #4009 ) ) ;
#1713 = DIRECTION ( 'NONE',  ( 0.000000000000000000, 0.000000000000000000, 1.000000000000000000 ) ) ;
#1714 = APPLICATION_CONTEXT ( 'automotive_design' ) ;
#1715 = ORIENTED_EDGE ( 'NONE', *, *, #4809, .T. ) ;
#1716 = VECTOR ( 'NONE', #9507, 1000.000000000000000 ) ;
#1717 = ITEM_DEFINED_TRANSFORMATION ( 'NONE', 'NONE', #7519,  #10290 ) ;
#1718 = EDGE_LOOP ( 'NONE', ( #7865, #7180, #4937, #7150 ) ) ;
#1719 = AXIS2_PLACEMENT_3D ( 'NONE', #4201, #1836, #4866 ) ;
#1720 = LINE ( 'NONE', #5494, #7529 ) ;
#1721 = CARTESIAN_POINT ( 'NONE',  ( -130.0000000000000000, 20.00000000000000000, -10.00000000000000000 ) ) ;
#1722 = CYLINDRICAL_SURFACE ( 'NONE', #11716, 1.649999999999998579 ) ;
#1723 = CARTESIAN_POINT ( 'NONE',  ( 218.3273854894824524, -43.00000000000000000, -89.99973635316759157 ) ) ;
#1724 = EDGE_CURVE ( 'NONE', #11704, #837, #8882, .T. ) ;
#1725 = CARTESIAN_POINT ( 'NONE',  ( -4.999999999999999112, 0.000000000000000000, 101.8499999999999943 ) ) ;
#1726 =( NAMED_UNIT ( * ) PLANE_ANGLE_UNIT ( ) SI_UNIT ( $, .RADIAN. ) );
#1727 = CIRCLE ( 'NONE', #7617, 8.024999999999996803 ) ;
#1728 = EDGE_LOOP ( 'NONE', ( #10933, #9026 ) ) ;
#1729 = ADVANCED_FACE ( 'NONE', ( #3303 ), #9820, .T. ) ;
#1730 = CARTESIAN_POINT ( 'NONE',  ( 0.000000000000000000, 20.00000000000000000, -30.00000000000000000 ) ) ;
#1731 = ORIENTED_EDGE ( 'NONE', *, *, #3236, .T. ) ;
#1732 = EDGE_LOOP ( 'NONE', ( #302, #3077 ) ) ;
#1733 = CARTESIAN_POINT ( 'NONE',  ( -7.306393228788485917E-14, -5.939696961967007027, 18.89999999999999858 ) ) ;
#1734 = ORIENTED_EDGE ( 'NONE', *, *, #3579, .T. ) ;
#1735 = DIRECTION ( 'NONE',  ( 0.000000000000000000, 0.000000000000000000, 1.000000000000000000 ) ) ;
#1736 = CARTESIAN_POINT ( 'NONE',  ( -90.00000000000000000, 20.00000000000000000, 10.25000000000000888 ) ) ;
#1737 = DIRECTION ( 'NONE',  ( 0.000000000000000000, 0.000000000000000000, 1.000000000000000000 ) ) ;
#1738 = PRODUCT_DEFINITION ( 'UNKNOWN', '', #2586, #4422 ) ;
#1739 = DIRECTION ( 'NONE',  ( -0.000000000000000000, -0.000000000000000000, -1.000000000000000000 ) ) ;
#1740 = DIRECTION ( 'NONE',  ( 0.000000000000000000, 1.000000000000000000, -0.000000000000000000 ) ) ;
#1741 = ORIENTED_EDGE ( 'NONE', *, *, #2355, .T. ) ;
#1742 = EDGE_CURVE ( 'NONE', #4032, #2883, #3110, .T. ) ;
#1743 = FACE_OUTER_BOUND ( 'NONE', #7642, .T. ) ;
#1744 = CARTESIAN_POINT ( 'NONE',  ( -218.4000000000000909, 0.000000000000000000, -29.99999999999994671 ) ) ;
#1745 = ORIENTED_EDGE ( 'NONE', *, *, #4829, .F. ) ;
#1746 = CARTESIAN_POINT ( 'NONE',  ( 0.000000000000000000, 35.39999999999999858, 0.000000000000000000 ) ) ;
#1747 = CARTESIAN_POINT ( 'NONE',  ( -238.4000000000000625, 20.00000000000000000, -155.0000000000000568 ) ) ;
#1748 = DIRECTION ( 'NONE',  ( -0.000000000000000000, -1.000000000000000000, -0.000000000000000000 ) ) ;
#1749 = LINE ( 'NONE', #126, #9694 ) ;
#1750 = EDGE_CURVE ( 'NONE', #6258, #4305, #4479, .T. ) ;
#1751 = CARTESIAN_POINT ( 'NONE',  ( -4.399999999999997691, 7.347880794884118750E-16, 5.999999999999999112 ) ) ;
#1752 = DIRECTION ( 'NONE',  ( 1.000000000000000000, 0.000000000000000000, -0.000000000000000000 ) ) ;
#1753 = ORIENTED_EDGE ( 'NONE', *, *, #10092, .F. ) ;
#1754 = DIRECTION ( 'NONE',  ( 0.000000000000000000, 0.000000000000000000, 1.000000000000000000 ) ) ;
#1755 = VERTEX_POINT ( 'NONE', #5966 ) ;
#1756 = CARTESIAN_POINT ( 'NONE',  ( -7.332110811570580046E-14, 29.80000000000000426, 21.00000000000000000 ) ) ;
#1757 = VERTEX_POINT ( 'NONE', #6892 ) ;
#1758 = CARTESIAN_POINT ( 'NONE',  ( 4.999999999999998224, 34.20000000000000284, 18.73499399519520026 ) ) ;
#1759 = EDGE_LOOP ( 'NONE', ( #6218, #6898 ) ) ;
#1760 = EDGE_CURVE ( 'NONE', #10601, #324, #9760, .T. ) ;
#1761 = DIRECTION ( 'NONE',  ( -1.000000000000000000, 0.000000000000000000, 0.000000000000000000 ) ) ;
#1762 = CARTESIAN_POINT ( 'NONE',  ( -11.31370849898490150, 7.066904755831209251, -11.31370849898462261 ) ) ;
#1763 = CARTESIAN_POINT ( 'NONE',  ( 0.000000000000000000, 22.20000000000000284, 44.50000000000000711 ) ) ;
#1764 = ORIENTED_EDGE ( 'NONE', *, *, #9157, .F. ) ;
#1765 = CARTESIAN_POINT ( 'NONE',  ( 5.510910596163090344E-15, 35.39999999999999858, 45.00000000000000711 ) ) ;
#1766 = ORIENTED_EDGE ( 'NONE', *, *, #1548, .T. ) ;
#1767 = ORIENTED_EDGE ( 'NONE', *, *, #2669, .T. ) ;
#1768 = EDGE_CURVE ( 'NONE', #1934, #2042, #7881, .T. ) ;
#1769 = DIRECTION ( 'NONE',  ( 1.000000000000000000, 0.000000000000000000, 0.000000000000000000 ) ) ;
#1770 = FACE_OUTER_BOUND ( 'NONE', #5770, .T. ) ;
#1771 = CYLINDRICAL_SURFACE ( 'NONE', #1632, 2.100000000000000977 ) ;
#1772 = CARTESIAN_POINT ( 'NONE',  ( 0.000000000000000000, 22.19999999999999929, 0.000000000000000000 ) ) ;
#1773 = LINE ( 'NONE', #8276, #11783 ) ;
#1774 = VERTEX_POINT ( 'NONE', #10866 ) ;
#1775 = CARTESIAN_POINT ( 'NONE',  ( 0.000000000000000000, 29.80000000000000426, 0.000000000000000000 ) ) ;
#1776 = VERTEX_POINT ( 'NONE', #3241 ) ;
#1777 = ORIENTED_EDGE ( 'NONE', *, *, #2150, .T. ) ;
#1778 = VERTEX_POINT ( 'NONE', #6087 ) ;
#1779 = EDGE_CURVE ( 'NONE', #10793, #1489, #5854, .T. ) ;
#1780 = CARTESIAN_POINT ( 'NONE',  ( 0.000000000000000000, 9.000000000000001776, 0.000000000000000000 ) ) ;
#1781 = AXIS2_PLACEMENT_3D ( 'NONE', #309, #6920, #5025 ) ;
#1782 = CARTESIAN_POINT ( 'NONE',  ( -16.00000000000000000, 0.000000000000000000, 0.000000000000000000 ) ) ;
#1783 = DIRECTION ( 'NONE',  ( -0.000000000000000000, 1.000000000000000000, -0.000000000000000000 ) ) ;
#1784 = DIRECTION ( 'NONE',  ( 0.000000000000000000, 0.000000000000000000, -1.000000000000000000 ) ) ;
#1785 = CIRCLE ( 'NONE', #8701, 45.00000000000000711 ) ;
#1786 = CARTESIAN_POINT ( 'NONE',  ( 2.202694860469042645E-13, 29.80000000000000426, -23.49999999999999645 ) ) ;
#1787 = AXIS2_PLACEMENT_3D ( 'NONE', #1020, #4803, #95 ) ;
#1788 = AXIS2_PLACEMENT_3D ( 'NONE', #6039, #11625, #158 ) ;
#1789 = ORIENTED_EDGE ( 'NONE', *, *, #8534, .F. ) ;
#1790 = VECTOR ( 'NONE', #10852, 1000.000000000000000 ) ;
#1791 = CARTESIAN_POINT ( 'NONE',  ( 0.000000000000000000, 0.000000000000000000, -50.00000000000000000 ) ) ;
#1792 = ORIENTED_EDGE ( 'NONE', *, *, #5102, .T. ) ;
#1793 = EDGE_LOOP ( 'NONE', ( #2249, #10921, #7850, #11301, #3859, #2494, #4644, #2128 ) ) ;
#1794 = DIRECTION ( 'NONE',  ( 0.000000000000000000, 0.000000000000000000, -1.000000000000000000 ) ) ;
#1795 = AXIS2_PLACEMENT_3D ( 'NONE', #1371, #10847, #6067 ) ;
#1796 = DIRECTION ( 'NONE',  ( 3.545536741751475049E-16, 0.000000000000000000, -1.000000000000000000 ) ) ;
#1797 = CARTESIAN_POINT ( 'NONE',  ( -25.00000000000000000, 34.20000000000000284, 5.000000000000000000 ) ) ;
#1798 = CARTESIAN_POINT ( 'NONE',  ( -48.99999999999999289, 10.00000000000000000, 15.93969696196700170 ) ) ;
#1799 = CARTESIAN_POINT ( 'NONE',  ( 17.29161646579058242, 29.80000000000000426, -4.999999999999994671 ) ) ;
#1800 = CIRCLE ( 'NONE', #5168, 60.00000000000000000 ) ;
#1801 = AXIS2_PLACEMENT_3D ( 'NONE', #11036, #1740, #568 ) ;
#1802 = PRODUCT_DEFINITION_FORMATION_WITH_SPECIFIED_SOURCE ( 'ANY', '', #2958, .NOT_KNOWN. ) ;
#1803 = ADVANCED_FACE ( 'NONE', ( #7215 ), #2557, .T. ) ;
#1804 = LINE ( 'NONE', #9370, #7403 ) ;
#1805 = ORIENTED_EDGE ( 'NONE', *, *, #780, .F. ) ;
#1806 = CARTESIAN_POINT ( 'NONE',  ( 0.000000000000000000, 4.600000000000003197, -45.00000000000000711 ) ) ;
#1807 = AXIS2_PLACEMENT_3D ( 'NONE', #3823, #4513, #9282 ) ;
#1808 = ORIENTED_EDGE ( 'NONE', *, *, #11001, .T. ) ;
#1809 = DIRECTION ( 'NONE',  ( -0.000000000000000000, 1.000000000000000000, -0.000000000000000000 ) ) ;
#1810 = VECTOR ( 'NONE', #9187, 1000.000000000000000 ) ;
#1811 = AXIS2_PLACEMENT_3D ( 'NONE', #9679, #8754, #10484 ) ;
#1812 = FACE_OUTER_BOUND ( 'NONE', #6536, .T. ) ;
#1813 = ADVANCED_FACE ( 'NONE', ( #729 ), #7401, .F. ) ;
#1814 = VERTEX_POINT ( 'NONE', #3613 ) ;
#1815 = DIRECTION ( 'NONE',  ( -0.000000000000000000, -1.000000000000000000, -0.000000000000000000 ) ) ;
#1816 = ORIENTED_EDGE ( 'NONE', *, *, #11306, .T. ) ;
#1817 = AXIS2_PLACEMENT_3D ( 'NONE', #9315, #10309, #903 ) ;
#1818 = PLANE ( 'NONE',  #9215 ) ;
#1819 = AXIS2_PLACEMENT_3D ( 'NONE', #8435, #3034, #9434 ) ;
#1820 = EDGE_CURVE ( 'NONE', #2509, #11191, #10063, .T. ) ;
#1821 = LINE ( 'NONE', #11120, #11528 ) ;
#1822 = VECTOR ( 'NONE', #4932, 1000.000000000000000 ) ;
#1823 = AXIS2_PLACEMENT_3D ( 'NONE', #5701, #2849, #9614 ) ;
#1824 = DIRECTION ( 'NONE',  ( 0.000000000000000000, 0.000000000000000000, -1.000000000000000000 ) ) ;
#1825 = ORIENTED_EDGE ( 'NONE', *, *, #4118, .T. ) ;
#1826 = EDGE_CURVE ( 'NONE', #11624, #7121, #6656, .T. ) ;
#1827 = LINE ( 'NONE', #6410, #11297 ) ;
#1828 = EDGE_CURVE ( 'NONE', #1358, #8642, #1576, .T. ) ;
#1829 = AXIS2_PLACEMENT_3D ( 'NONE', #10656, #8809, #7010 ) ;
#1830 = UNCERTAINTY_MEASURE_WITH_UNIT (LENGTH_MEASURE( 1.000000000000000082E-05 ), #784, 'distance_accuracy_value', 'NONE');
#1831 = EDGE_LOOP ( 'NONE', ( #10574, #4210 ) ) ;
#1832 = CIRCLE ( 'NONE', #8739, 44.50000000000000711 ) ;
#1833 = VECTOR ( 'NONE', #8802, 1000.000000000000000 ) ;
#1834 = ORIENTED_EDGE ( 'NONE', *, *, #7101, .F. ) ;
#1835 = CARTESIAN_POINT ( 'NONE',  ( 0.000000000000000000, 34.20000000000000284, 0.000000000000000000 ) ) ;
#1836 = DIRECTION ( 'NONE',  ( 1.000000000000000000, 0.000000000000000000, 0.000000000000000000 ) ) ;
#1837 = FACE_OUTER_BOUND ( 'NONE', #11810, .T. ) ;
#1838 = ADVANCED_FACE ( 'NONE', ( #11996 ), #5352, .F. ) ;
#1839 = CARTESIAN_POINT ( 'NONE',  ( 120.2500000000000142, 20.00000000000000000, 20.00000000000002132 ) ) ;
#1840 = VECTOR ( 'NONE', #2475, 1000.000000000000000 ) ;
#1841 = VECTOR ( 'NONE', #11270, 1000.000000000000000 ) ;
#1842 =( LENGTH_UNIT ( ) NAMED_UNIT ( * ) SI_UNIT ( .MILLI., .METRE. ) );
#1843 = VECTOR ( 'NONE', #5383, 1000.000000000000000 ) ;
#1844 = EDGE_CURVE ( 'NONE', #3118, #10764, #4070, .T. ) ;
#1845 = EDGE_LOOP ( 'NONE', ( #6672, #1601, #488, #1158 ) ) ;
#1846 = CARTESIAN_POINT ( 'NONE',  ( -46.89999999999999858, 10.00000000000000000, -9.999999999999985789 ) ) ;
#1847 = ORIENTED_EDGE ( 'NONE', *, *, #9442, .F. ) ;
#1848 = ORIENTED_EDGE ( 'NONE', *, *, #9994, .F. ) ;
#1849 = VECTOR ( 'NONE', #3042, 1000.000000000000000 ) ;
#1850 = CIRCLE ( 'NONE', #8181, 60.00000000000000000 ) ;
#1851 = ORIENTED_EDGE ( 'NONE', *, *, #905, .T. ) ;
#1852 = DIRECTION ( 'NONE',  ( 0.000000000000000000, 1.000000000000000000, 0.000000000000000000 ) ) ;
#1853 = CARTESIAN_POINT ( 'NONE',  ( 138.3273854894823955, -39.99999999999999289, -360.0007909404973248 ) ) ;
#1854 = DIRECTION ( 'NONE',  ( 0.000000000000000000, -1.000000000000000000, 0.000000000000000000 ) ) ;
#1855 = DIRECTION ( 'NONE',  ( 0.000000000000000000, -0.000000000000000000, -1.000000000000000000 ) ) ;
#1856 = AXIS2_PLACEMENT_3D ( 'NONE', #11621, #4869, #3917 ) ;
#1857 = EDGE_CURVE ( 'NONE', #6481, #6563, #10420, .T. ) ;
#1858 = DIRECTION ( 'NONE',  ( 1.000000000000000000, 0.000000000000000000, -2.312964634635742895E-17 ) ) ;
#1859 = ORIENTED_EDGE ( 'NONE', *, *, #10725, .F. ) ;
#1860 = DIRECTION ( 'NONE',  ( -0.000000000000000000, -1.000000000000000000, -0.000000000000000000 ) ) ;
#1861 = ORIENTED_EDGE ( 'NONE', *, *, #11653, .F. ) ;
#1862 = ORIENTED_EDGE ( 'NONE', *, *, #10391, .F. ) ;
#1863 =( LENGTH_UNIT ( ) NAMED_UNIT ( * ) SI_UNIT ( .MILLI., .METRE. ) );
#1864 = FACE_OUTER_BOUND ( 'NONE', #501, .T. ) ;
#1865 = AXIS2_PLACEMENT_3D ( 'NONE', #7662, #5511, #1855 ) ;
#1866 = ORIENTED_EDGE ( 'NONE', *, *, #11578, .T. ) ;
#1867 = DIRECTION ( 'NONE',  ( 0.000000000000000000, 1.000000000000000000, 0.000000000000000000 ) ) ;
#1868 = CARTESIAN_POINT ( 'NONE',  ( 5.449678256205721981E-15, 28.80000000000000071, -44.50000000000000711 ) ) ;
#1869 = DIRECTION ( 'NONE',  ( 0.000000000000000000, 0.000000000000000000, 1.000000000000000000 ) ) ;
#1870 = CARTESIAN_POINT ( 'NONE',  ( -130.0000000000000000, 0.000000000000000000, -30.00000000000000000 ) ) ;
#1871 = SHAPE_REPRESENTATION ( 'Link3LeftLShape', ( #10290 ), #5360 ) ;
#1872 = ADVANCED_FACE ( 'NONE', ( #2505 ), #2689, .F. ) ;
#1873 = CARTESIAN_POINT ( 'NONE',  ( 66.17647058823530415, 0.000000000000000000, 35.29411764705883314 ) ) ;
#1874 = AXIS2_PLACEMENT_3D ( 'NONE', #10405, #1914, #5685 ) ;
#1875 = ORIENTED_EDGE ( 'NONE', *, *, #10225, .F. ) ;
#1876 = CARTESIAN_POINT ( 'NONE',  ( 0.07261451051828989034, -39.99999999999999289, -9.999736353167531178 ) ) ;
#1877 = CYLINDRICAL_SURFACE ( 'NONE', #3391, 17.00000000000000000 ) ;
#1878 = ORIENTED_EDGE ( 'NONE', *, *, #9909, .F. ) ;
#1879 = PLANE ( 'NONE',  #11277 ) ;
#1880 = EDGE_CURVE ( 'NONE', #10837, #4055, #9633, .T. ) ;
#1881 = FACE_OUTER_BOUND ( 'NONE', #3797, .T. ) ;
#1882 = ORIENTED_EDGE ( 'NONE', *, *, #11405, .F. ) ;
#1883 = CARTESIAN_POINT ( 'NONE',  ( 6.999999999999998224, 29.80000000000000426, -18.73499399519520026 ) ) ;
#1884 = PRODUCT_DEFINITION ( 'UNKNOWN', '', #11103, #8878 ) ;
#1885 = CARTESIAN_POINT ( 'NONE',  ( -4.399999999999997691, 0.000000000000000000, 0.000000000000000000 ) ) ;
#1886 = ORIENTED_EDGE ( 'NONE', *, *, #7349, .T. ) ;
#1887 = CARTESIAN_POINT ( 'NONE',  ( 0.000000000000000000, 26.60000000000000142, 0.000000000000000000 ) ) ;
#1888 = AXIS2_PLACEMENT_3D ( 'NONE', #7053, #7105, #5264 ) ;
#1889 = EDGE_CURVE ( 'NONE', #6679, #8269, #664, .T. ) ;
#1890 = VERTEX_POINT ( 'NONE', #2629 ) ;
#1891 = VERTEX_POINT ( 'NONE', #3491 ) ;
#1892 = DIRECTION ( 'NONE',  ( 1.000000000000000000, 0.000000000000000000, 0.000000000000000000 ) ) ;
#1893 = PRESENTATION_STYLE_ASSIGNMENT (( #11482 ) ) ;
#1894 = CARTESIAN_POINT ( 'NONE',  ( 23.00000000000000000, 29.80000000000000426, -2.999999999999996003 ) ) ;
#1895 = DIRECTION ( 'NONE',  ( 0.000000000000000000, 0.000000000000000000, -1.000000000000000000 ) ) ;
#1896 = EDGE_CURVE ( 'NONE', #12209, #12015, #6332, .T. ) ;
#1897 = ADVANCED_FACE ( 'NONE', ( #8138 ), #10009, .T. ) ;
#1898 = CARTESIAN_POINT ( 'NONE',  ( 5.606576814334944920E-14, -2.500000000000000000, 17.64999999999999858 ) ) ;
#1899 = FACE_OUTER_BOUND ( 'NONE', #5857, .T. ) ;
#1900 =( NAMED_UNIT ( * ) SI_UNIT ( $, .STERADIAN. ) SOLID_ANGLE_UNIT ( ) );
#1901 = AXIS2_PLACEMENT_3D ( 'NONE', #3172, #8953, #5166 ) ;
#1902 = VERTEX_POINT ( 'NONE', #1646 ) ;
#1903 = CARTESIAN_POINT ( 'NONE',  ( 21.00000000000000000, 29.80000000000000426, 0.000000000000000000 ) ) ;
#1904 = ORIENTED_EDGE ( 'NONE', *, *, #7695, .F. ) ;
#1905 = ORIENTED_EDGE ( 'NONE', *, *, #5611, .F. ) ;
#1906 = DIRECTION ( 'NONE',  ( -3.340106709842672298E-16, 0.3237733952964867434, -0.9461346566415295145 ) ) ;
#1907 = ORIENTED_EDGE ( 'NONE', *, *, #2835, .F. ) ;
#1908 = FACE_OUTER_BOUND ( 'NONE', #1087, .T. ) ;
#1909 = CLOSED_SHELL ( 'NONE', ( #5089, #6055, #9453, #10126, #9875, #9390, #7411, #11280, #8296, #11634, #1013, #4308, #3981, #11355, #2459, #1541, #7043 ) ) ;
#1910 = DIRECTION ( 'NONE',  ( -0.007261451051829059637, -0.000000000000000000, 0.9999736353167626435 ) ) ;
#1911 = AXIS2_PLACEMENT_3D ( 'NONE', #4538, #6278, #1761 ) ;
#1912 = EDGE_CURVE ( 'NONE', #8838, #10248, #1727, .T. ) ;
#1913 = DIRECTION ( 'NONE',  ( 0.000000000000000000, 1.000000000000000000, 0.000000000000000000 ) ) ;
#1914 = DIRECTION ( 'NONE',  ( 0.000000000000000000, 1.000000000000000000, 0.000000000000000000 ) ) ;
#1915 = CARTESIAN_POINT ( 'NONE',  ( 0.000000000000000000, 2.399999999999999467, -6.300000000000000711 ) ) ;
#1916 = ORIENTED_EDGE ( 'NONE', *, *, #3030, .T. ) ;
#1917 = CARTESIAN_POINT ( 'NONE',  ( -0.07261451051828989034, -43.00000000000000000, 9.999736353167531178 ) ) ;
#1918 = ORIENTED_EDGE ( 'NONE', *, *, #6756, .T. ) ;
#1919 = VERTEX_POINT ( 'NONE', #9072 ) ;
#1920 = DIRECTION ( 'NONE',  ( 1.000000000000000000, 0.000000000000000000, -2.440050603571770850E-16 ) ) ;
#1921 = PLANE ( 'NONE',  #10008 ) ;
#1922 = DIRECTION ( 'NONE',  ( 0.000000000000000000, 1.000000000000000000, 0.000000000000000000 ) ) ;
#1923 = DIRECTION ( 'NONE',  ( 0.000000000000000000, 1.000000000000000000, 0.000000000000000000 ) ) ;
#1924 = EDGE_CURVE ( 'NONE', #11077, #9155, #590, .T. ) ;
#1925 = LINE ( 'NONE', #4588, #8615 ) ;
#1926 = DIRECTION ( 'NONE',  ( 1.000000000000000000, 0.000000000000000000, 0.000000000000000000 ) ) ;
#1927 = DIRECTION ( 'NONE',  ( 0.000000000000000000, 1.000000000000000000, 0.000000000000000000 ) ) ;
#1928 = ORIENTED_EDGE ( 'NONE', *, *, #9196, .T. ) ;
#1929 = DIRECTION ( 'NONE',  ( 0.000000000000000000, 0.000000000000000000, 1.000000000000000000 ) ) ;
#1930 = DIRECTION ( 'NONE',  ( 0.000000000000000000, 0.000000000000000000, 1.000000000000000000 ) ) ;
#1931 = ORIENTED_EDGE ( 'NONE', *, *, #5835, .F. ) ;
#1932 = DIRECTION ( 'NONE',  ( 0.000000000000000000, 0.000000000000000000, 1.000000000000000000 ) ) ;
#1933 = CARTESIAN_POINT ( 'NONE',  ( -3.000000000000001776, 34.20000000000000284, 25.00000000000000000 ) ) ;
#1934 = VERTEX_POINT ( 'NONE', #7328 ) ;
#1935 = EDGE_CURVE ( 'NONE', #4449, #10422, #11118, .T. ) ;
#1936 = DIRECTION ( 'NONE',  ( 0.000000000000000000, 0.000000000000000000, 1.000000000000000000 ) ) ;
#1937 = CARTESIAN_POINT ( 'NONE',  ( 0.000000000000000000, 4.600000000000003197, 0.000000000000000000 ) ) ;
#1938 = SHAPE_REPRESENTATION ( 'Link3RightLShape', ( #10290 ), #3572 ) ;
#1939 = ADVANCED_FACE ( 'NONE', ( #4669, #9490 ), #3792, .T. ) ;
#1940 = CARTESIAN_POINT ( 'NONE',  ( -75.00000000000001421, 0.000000000000000000, -30.00000000000000000 ) ) ;
#1941 = ORIENTED_EDGE ( 'NONE', *, *, #3108, .F. ) ;
#1942 = DIRECTION ( 'NONE',  ( 0.000000000000000000, 0.000000000000000000, 1.000000000000000000 ) ) ;
#1943 = ORIENTED_EDGE ( 'NONE', *, *, #3010, .F. ) ;
#1944 = FACE_OUTER_BOUND ( 'NONE', #4760, .T. ) ;
#1945 = CONTEXT_DEPENDENT_SHAPE_REPRESENTATION ( #11433, #5070 ) ;
#1946 = EDGE_LOOP ( 'NONE', ( #10353, #4509, #9325, #5483 ) ) ;
#1947 = PLANE ( 'NONE',  #3549 ) ;
#1948 =( LENGTH_UNIT ( ) NAMED_UNIT ( * ) SI_UNIT ( .MILLI., .METRE. ) );
#1949 = CARTESIAN_POINT ( 'NONE',  ( 5.586370142149013368E-14, -2.500000000000000000, 16.00000000000000000 ) ) ;
#1950 = CARTESIAN_POINT ( 'NONE',  ( -21.00000000000000000, 0.000000000000000000, -1.466422162314116009E-13 ) ) ;
#1951 = DIRECTION ( 'NONE',  ( 0.000000000000000000, 0.000000000000000000, -1.000000000000000000 ) ) ;
#1952 = EDGE_CURVE ( 'NONE', #4724, #11045, #9382, .T. ) ;
#1953 = FACE_BOUND ( 'NONE', #11635, .T. ) ;
#1954 = ORIENTED_EDGE ( 'NONE', *, *, #5336, .F. ) ;
#1955 = FACE_OUTER_BOUND ( 'NONE', #8903, .T. ) ;
#1956 = ORIENTED_EDGE ( 'NONE', *, *, #5458, .T. ) ;
#1957 = ORIENTED_EDGE ( 'NONE', *, *, #9372, .F. ) ;
#1958 = DIRECTION ( 'NONE',  ( -3.370405682013935329E-16, 0.5618650363447946772, -0.8272289168865306630 ) ) ;
#1959 = EDGE_CURVE ( 'NONE', #11037, #4297, #7028, .T. ) ;
#1960 = ORIENTED_EDGE ( 'NONE', *, *, #2292, .T. ) ;
#1961 = LINE ( 'NONE', #9590, #11920 ) ;
#1962 = CARTESIAN_POINT ( 'NONE',  ( -120.2500000000000142, 0.000000000000000000, 10.25000000000002132 ) ) ;
#1963 = CARTESIAN_POINT ( 'NONE',  ( 0.000000000000000000, 26.60000000000000142, 44.50000000000000711 ) ) ;
#1964 = EDGE_CURVE ( 'NONE', #9044, #11940, #12173, .T. ) ;
#1965 = CARTESIAN_POINT ( 'NONE',  ( 25.00000000000000000, 34.20000000000000284, -4.999999999999996447 ) ) ;
#1966 = DIRECTION ( 'NONE',  ( 0.000000000000000000, 1.000000000000000000, 0.000000000000000000 ) ) ;
#1967 = EDGE_LOOP ( 'NONE', ( #3520, #110 ) ) ;
#1968 = LINE ( 'NONE', #11265, #8761 ) ;
#1969 = EDGE_CURVE ( 'NONE', #12015, #10686, #3722, .T. ) ;
#1970 = ORIENTED_EDGE ( 'NONE', *, *, #4916, .T. ) ;
#1971 = EDGE_CURVE ( 'NONE', #10085, #11648, #11237, .T. ) ;
#1972 = EDGE_LOOP ( 'NONE', ( #4159, #1931, #3612, #12123 ) ) ;
#1973 = AXIS2_PLACEMENT_3D ( 'NONE', #3731, #1659, #5668 ) ;
#1974 = DIRECTION ( 'NONE',  ( 0.000000000000000000, -0.000000000000000000, 1.000000000000000000 ) ) ;
#1975 = CARTESIAN_POINT ( 'NONE',  ( -5.000000000000000888, 9.500000000000000000, 0.000000000000000000 ) ) ;
#1976 = DIRECTION ( 'NONE',  ( 0.000000000000000000, 0.000000000000000000, -1.000000000000000000 ) ) ;
#1977 = DIRECTION ( 'NONE',  ( 0.000000000000000000, 0.000000000000000000, 1.000000000000000000 ) ) ;
#1978 = DIRECTION ( 'NONE',  ( 0.000000000000000000, 0.000000000000000000, 1.000000000000000000 ) ) ;
#1979 = CARTESIAN_POINT ( 'NONE',  ( 0.000000000000000000, 27.60000000000000142, 0.000000000000000000 ) ) ;
#1980 = CIRCLE ( 'NONE', #7710, 45.00000000000000711 ) ;
#1981 = AXIS2_PLACEMENT_3D ( 'NONE', #4785, #187, #9618 ) ;
#1982 = CARTESIAN_POINT ( 'NONE',  ( -21.00000000000000000, 0.000000000000000000, -2.100000000000146638 ) ) ;
#1983 = ORIENTED_EDGE ( 'NONE', *, *, #6057, .F. ) ;
#1984 = DIRECTION ( 'NONE',  ( 0.000000000000000000, -1.000000000000000000, 0.000000000000000000 ) ) ;
#1985 = EDGE_CURVE ( 'NONE', #2909, #11825, #724, .T. ) ;
#1986 = DIRECTION ( 'NONE',  ( 1.000000000000000000, 0.000000000000000000, 0.000000000000000000 ) ) ;
#1987 = EDGE_LOOP ( 'NONE', ( #4039, #2363, #7439, #2483 ) ) ;
#1988 = AXIS2_PLACEMENT_3D ( 'NONE', #1329, #1383, #8875 ) ;
#1989 = DIRECTION ( 'NONE',  ( 0.000000000000000000, 0.000000000000000000, 1.000000000000000000 ) ) ;
#1990 = CARTESIAN_POINT ( 'NONE',  ( 2.199633243471174140E-13, 0.000000000000000000, -20.99999999999999645 ) ) ;
#1991 = VECTOR ( 'NONE', #6778, 1000.000000000000000 ) ;
#1992 = VECTOR ( 'NONE', #10948, 1000.000000000000000 ) ;
#1993 = VERTEX_POINT ( 'NONE', #5603 ) ;
#1994 = CARTESIAN_POINT ( 'NONE',  ( -14.84924240491757885, -5.939696961967007027, 16.94924240491742040 ) ) ;
#1995 = DIRECTION ( 'NONE',  ( 0.000000000000000000, 0.000000000000000000, 1.000000000000000000 ) ) ;
#1996 = DIRECTION ( 'NONE',  ( -0.000000000000000000, -1.000000000000000000, 0.000000000000000000 ) ) ;
#1997 = CIRCLE ( 'NONE', #8929, 2.100000000000002753 ) ;
#1998 = ORIENTED_EDGE ( 'NONE', *, *, #2316, .T. ) ;
#1999 = DIRECTION ( 'NONE',  ( 0.000000000000000000, 0.000000000000000000, 1.000000000000000000 ) ) ;
#2000 = ADVANCED_FACE ( 'NONE', ( #8492 ), #1818, .T. ) ;
#2001 = EDGE_LOOP ( 'NONE', ( #1859, #644 ) ) ;
#2002 = FACE_OUTER_BOUND ( 'NONE', #7304, .T. ) ;
#2003 = AXIS2_PLACEMENT_3D ( 'NONE', #627, #11083, #5323 ) ;
#2004 = AXIS2_PLACEMENT_3D ( 'NONE', #2986, #7693, #1093 ) ;
#2005 = ORIENTED_EDGE ( 'NONE', *, *, #5759, .T. ) ;
#2006 = CARTESIAN_POINT ( 'NONE',  ( 0.000000000000000000, 20.00000000000000000, 10.00000000000000000 ) ) ;
#2007 = LINE ( 'NONE', #5789, #2797 ) ;
#2008 = AXIS2_PLACEMENT_3D ( 'NONE', #5465, #1506, #6312 ) ;
#2009 = CARTESIAN_POINT ( 'NONE',  ( 99.92738548948169353, 3.000000000000000000, 9.999736353167531178 ) ) ;
#2010 = CIRCLE ( 'NONE', #8531, 3.000000000000000888 ) ;
#2011 = FACE_OUTER_BOUND ( 'NONE', #8983, .T. ) ;
#2012 = CARTESIAN_POINT ( 'NONE',  ( 99.92738548948166510, 0.000000000000000000, -380.0002636468324226 ) ) ;
#2013 = CARTESIAN_POINT ( 'NONE',  ( 138.3273854894817134, -43.00000000000000000, -90.00026364683252211 ) ) ;
#2014 = CIRCLE ( 'NONE', #12118, 10.00000000000000178 ) ;
#2015 = CIRCLE ( 'NONE', #10722, 2.100000000000002753 ) ;
#2016 = AXIS2_PLACEMENT_3D ( 'NONE', #5938, #9732, #11649 ) ;
#2017 = VERTEX_POINT ( 'NONE', #9565 ) ;
#2018 = DIRECTION ( 'NONE',  ( -0.000000000000000000, -1.000000000000000000, -0.000000000000000000 ) ) ;
#2019 = ORIENTED_EDGE ( 'NONE', *, *, #7483, .F. ) ;
#2020 = VERTEX_POINT ( 'NONE', #6583 ) ;
#2021 = CARTESIAN_POINT ( 'NONE',  ( 175.0000000000288480, -3.621507261717818356E-12, -2.483026681035120929E-12 ) ) ;
#2022 = EDGE_CURVE ( 'NONE', #4979, #3703, #6062, .T. ) ;
#2023 = ORIENTED_EDGE ( 'NONE', *, *, #12248, .T. ) ;
#2024 = CARTESIAN_POINT ( 'NONE',  ( -30.00000000000000000, 0.000000000000000000, 10.00000000000000000 ) ) ;
#2025 = STYLED_ITEM ( 'NONE', ( #2062 ), #8525 ) ;
#2026 = VECTOR ( 'NONE', #10922, 1000.000000000000000 ) ;
#2027 = CARTESIAN_POINT ( 'NONE',  ( 5.449678256205721981E-15, 4.600000000000003197, -44.50000000000000711 ) ) ;
#2028 = CYLINDRICAL_SURFACE ( 'NONE', #7190, 20.00000000000000000 ) ;
#2029 = CIRCLE ( 'NONE', #6973, 60.00000000000000000 ) ;
#2030 = APPLICATION_CONTEXT ( 'automotive_design' ) ;
#2031 = SURFACE_STYLE_USAGE ( .BOTH. , #2147 ) ;
#2032 = ADVANCED_FACE ( 'NONE', ( #10374 ), #3853, .T. ) ;
#2033 = VERTEX_POINT ( 'NONE', #9440 ) ;
#2034 = AXIS2_PLACEMENT_3D ( 'NONE', #4475, #10180, #4527 ) ;
#2035 = AXIS2_PLACEMENT_3D ( 'NONE', #4826, #2218, #4058 ) ;
#2036 = EDGE_LOOP ( 'NONE', ( #4602, #8819, #3496, #2959 ) ) ;
#2037 = FACE_BOUND ( 'NONE', #3609, .T. ) ;
#2038 = ORIENTED_EDGE ( 'NONE', *, *, #2418, .T. ) ;
#2039 = ORIENTED_EDGE ( 'NONE', *, *, #4912, .F. ) ;
#2040 = AXIS2_PLACEMENT_3D ( 'NONE', #9516, #10505, #868 ) ;
#2041 = EDGE_CURVE ( 'NONE', #2209, #3095, #8607, .T. ) ;
#2042 = VERTEX_POINT ( 'NONE', #2971 ) ;
#2043 = CARTESIAN_POINT ( 'NONE',  ( -11.31370849898474162, 7.066904755831209251, 12.96370849898477928 ) ) ;
#2044 = DIRECTION ( 'NONE',  ( 0.000000000000000000, 0.000000000000000000, -1.000000000000000000 ) ) ;
#2045 = CARTESIAN_POINT ( 'NONE',  ( 0.000000000000000000, 26.59999999999999787, 0.000000000000000000 ) ) ;
#2046 = LINE ( 'NONE', #10784, #11873 ) ;
#2047 = DIRECTION ( 'NONE',  ( -0.000000000000000000, -1.000000000000000000, -0.000000000000000000 ) ) ;
#2048 = VECTOR ( 'NONE', #5112, 1000.000000000000000 ) ;
#2049 = EDGE_CURVE ( 'NONE', #10279, #9600, #4789, .T. ) ;
#2050 = CARTESIAN_POINT ( 'NONE',  ( -16.00000000000000000, 0.000000000000000000, 8.000000000000000000 ) ) ;
#2051 = EDGE_CURVE ( 'NONE', #7509, #7294, #17, .T. ) ;
#2052 = DIRECTION ( 'NONE',  ( 0.000000000000000000, 0.000000000000000000, 1.000000000000000000 ) ) ;
#2053 = EDGE_LOOP ( 'NONE', ( #9171, #9734 ) ) ;
#2054 = DIRECTION ( 'NONE',  ( -0.000000000000000000, -1.000000000000000000, -0.000000000000000000 ) ) ;
#2055 = ORIENTED_EDGE ( 'NONE', *, *, #8011, .F. ) ;
#2056 = VECTOR ( 'NONE', #9050, 1000.000000000000000 ) ;
#2057 = CARTESIAN_POINT ( 'NONE',  ( 30.00000000000000000, -101.9803902718557111, -10.00000000000000000 ) ) ;
#2058 = FACE_OUTER_BOUND ( 'NONE', #9653, .T. ) ;
#2059 = ORIENTED_EDGE ( 'NONE', *, *, #10351, .T. ) ;
#2060 = FACE_OUTER_BOUND ( 'NONE', #1476, .T. ) ;
#2061 = DIRECTION ( 'NONE',  ( 0.000000000000000000, 0.000000000000000000, -1.000000000000000000 ) ) ;
#2062 = PRESENTATION_STYLE_ASSIGNMENT (( #4791 ) ) ;
#2063 = CARTESIAN_POINT ( 'NONE',  ( -27.00000000000000000, 0.000000000000000000, 8.000000000000000000 ) ) ;
#2064 = ORIENTED_EDGE ( 'NONE', *, *, #5240, .T. ) ;
#2065 = DIRECTION ( 'NONE',  ( 0.000000000000000000, 1.000000000000000000, 0.000000000000000000 ) ) ;
#2066 = ORIENTED_EDGE ( 'NONE', *, *, #453, .F. ) ;
#2067 = CYLINDRICAL_SURFACE ( 'NONE', #2583, 4.999999999999999112 ) ;
#2068 = CIRCLE ( 'NONE', #10193, 2.100000000000000089 ) ;
#2069 = ORIENTED_EDGE ( 'NONE', *, *, #9077, .F. ) ;
#2070 = DIRECTION ( 'NONE',  ( -1.000000000000000000, 0.000000000000000000, 0.000000000000000000 ) ) ;
#2071 = CARTESIAN_POINT ( 'NONE',  ( -22.36067977499791581, 20.00000000000000000, -19.99999999999997868 ) ) ;
#2072 = CARTESIAN_POINT ( 'NONE',  ( 0.000000000000000000, 2.200000000000021494, -45.00000000000000711 ) ) ;
#2073 = EDGE_CURVE ( 'NONE', #11629, #11638, #12186, .T. ) ;
#2074 = CYLINDRICAL_SURFACE ( 'NONE', #9967, 10.00000000000000178 ) ;
#2075 = SURFACE_SIDE_STYLE ('',( #3868 ) ) ;
#2076 =( NAMED_UNIT ( * ) PLANE_ANGLE_UNIT ( ) SI_UNIT ( $, .RADIAN. ) );
#2077 = AXIS2_PLACEMENT_3D ( 'NONE', #6666, #3562, #7352 ) ;
#2078 = ORIENTED_EDGE ( 'NONE', *, *, #11620, .F. ) ;
#2079 = EDGE_CURVE ( 'NONE', #10955, #9842, #5707, .T. ) ;
#2080 = CARTESIAN_POINT ( 'NONE',  ( 138.3273854894824240, -39.99999999999999289, -89.99973635316756315 ) ) ;
#2081 = AXIS2_PLACEMENT_3D ( 'NONE', #7614, #2896, #1061 ) ;
#2082 = ORIENTED_EDGE ( 'NONE', *, *, #10872, .T. ) ;
#2083 = AXIS2_PLACEMENT_3D ( 'NONE', #7814, #4088, #2251 ) ;
#2084 = ORIENTED_EDGE ( 'NONE', *, *, #4837, .F. ) ;
#2085 = CARTESIAN_POINT ( 'NONE',  ( -1.360716595714734027E-12, -2.614676539395260153E-12, 268.3999999999778652 ) ) ;
#2086 = ORIENTED_EDGE ( 'NONE', *, *, #7914, .T. ) ;
#2087 = CARTESIAN_POINT ( 'NONE',  ( -30.00000000000000000, 0.000000000000000000, -10.00000000000000000 ) ) ;
#2088 = CYLINDRICAL_SURFACE ( 'NONE', #433, 35.00000000000000000 ) ;
#2089 = EDGE_CURVE ( 'NONE', #2324, #5947, #1081, .T. ) ;
#2090 = CARTESIAN_POINT ( 'NONE',  ( 5.449678256205721981E-15, 24.39999999999999858, -44.50000000000000711 ) ) ;
#2091 = CARTESIAN_POINT ( 'NONE',  ( 16.00000000000000000, 7.066904755831209251, 1.649999999999887335 ) ) ;
#2092 = AXIS2_PLACEMENT_3D ( 'NONE', #6206, #5337, #9119 ) ;
#2093 = ADVANCED_FACE ( 'NONE', ( #3902 ), #839, .F. ) ;
#2094 = VERTEX_POINT ( 'NONE', #11792 ) ;
#2095 = DIRECTION ( 'NONE',  ( -0.000000000000000000, -1.000000000000000000, -0.000000000000000000 ) ) ;
#2096 =( REPRESENTATION_RELATIONSHIP ('NONE','NONE', #9464, #2338 ) REPRESENTATION_RELATIONSHIP_WITH_TRANSFORMATION ( #7510 )SHAPE_REPRESENTATION_RELATIONSHIP( ) );
#2097 = VERTEX_POINT ( 'NONE', #6077 ) ;
#2098 = EDGE_LOOP ( 'NONE', ( #11597, #9461, #2640, #9265 ) ) ;
#2099 = ORIENTED_EDGE ( 'NONE', *, *, #3010, .T. ) ;
#2100 = CARTESIAN_POINT ( 'NONE',  ( 0.000000000000000000, 31.00000000000000355, 44.50000000000000711 ) ) ;
#2101 = VECTOR ( 'NONE', #5669, 1000.000000000000000 ) ;
#2102 = PRODUCT_RELATED_PRODUCT_CATEGORY ( 'part', '', ( #2865 ) ) ;
#2103 = DIRECTION ( 'NONE',  ( 0.000000000000000000, 1.000000000000000000, 0.000000000000000000 ) ) ;
#2104 = FACE_OUTER_BOUND ( 'NONE', #11017, .T. ) ;
#2105 = CARTESIAN_POINT ( 'NONE',  ( 4.999999999999998224, 29.80000000000000426, -17.29161646579058598 ) ) ;
#2106 = CARTESIAN_POINT ( 'NONE',  ( 138.3273854894823671, -43.00000000000000000, -360.0007909404973248 ) ) ;
#2107 = PLANE ( 'NONE',  #11361 ) ;
#2108 = EDGE_CURVE ( 'NONE', #10797, #7339, #192, .T. ) ;
#2109 = DIRECTION ( 'NONE',  ( 0.000000000000000000, 0.000000000000000000, 1.000000000000000000 ) ) ;
#2110 = EDGE_LOOP ( 'NONE', ( #8281, #8738, #11567, #8070 ) ) ;
#2111 = CARTESIAN_POINT ( 'NONE',  ( -22.36067977499791581, 0.000000000000000000, -19.99999999999997868 ) ) ;
#2112 = SURFACE_SIDE_STYLE ('',( #5654 ) ) ;
#2113 = ORIENTED_EDGE ( 'NONE', *, *, #10628, .T. ) ;
#2114 = CARTESIAN_POINT ( 'NONE',  ( -130.0000000000000000, 0.000000000000000000, -10.00000000000000000 ) ) ;
#2115 = EDGE_CURVE ( 'NONE', #4558, #7091, #107, .T. ) ;
#2116 = DIRECTION ( 'NONE',  ( 0.9999736353167627545, -0.000000000000000000, 0.007261451051829060505 ) ) ;
#2117 = ADVANCED_FACE ( 'NONE', ( #7748 ), #1266, .F. ) ;
#2118 = ORIENTED_EDGE ( 'NONE', *, *, #6401, .T. ) ;
#2119 = CARTESIAN_POINT ( 'NONE',  ( -91.00000000000000000, 10.00000000000000000, 9.999999999999980460 ) ) ;
#2120 = PRODUCT_RELATED_PRODUCT_CATEGORY ( 'part', '', ( #1110 ) ) ;
#2121 = CARTESIAN_POINT ( 'NONE',  ( -5.000000000000001776, 34.20000000000000284, 18.73499399519520026 ) ) ;
#2122 =( LENGTH_UNIT ( ) NAMED_UNIT ( * ) SI_UNIT ( .MILLI., .METRE. ) );
#2123 = EDGE_CURVE ( 'NONE', #5387, #9306, #9019, .T. ) ;
#2124 = CARTESIAN_POINT ( 'NONE',  ( -93.75000000000008527, 20.00000000000000000, -9.999999999999976907 ) ) ;
#2125 = ORIENTED_EDGE ( 'NONE', *, *, #9496, .F. ) ;
#2126 = LINE ( 'NONE', #10434, #5946 ) ;
#2127 = EDGE_CURVE ( 'NONE', #4328, #7723, #8632, .T. ) ;
#2128 = ORIENTED_EDGE ( 'NONE', *, *, #10070, .T. ) ;
#2129 = EDGE_CURVE ( 'NONE', #6084, #9826, #3293, .T. ) ;
#2130 = DIRECTION ( 'NONE',  ( -0.000000000000000000, -1.000000000000000000, -0.000000000000000000 ) ) ;
#2131 = VERTEX_POINT ( 'NONE', #9623 ) ;
#2132 = DIRECTION ( 'NONE',  ( 0.000000000000000000, 0.000000000000000000, -1.000000000000000000 ) ) ;
#2133 = PRESENTATION_STYLE_ASSIGNMENT (( #6959 ) ) ;
#2134 = CARTESIAN_POINT ( 'NONE',  ( 138.3273854894817134, -39.99999999999999289, -280.0002636468323658 ) ) ;
#2135 = DIRECTION ( 'NONE',  ( 0.000000000000000000, 1.000000000000000000, 0.000000000000000000 ) ) ;
#2136 = DIRECTION ( 'NONE',  ( -0.000000000000000000, 1.000000000000000000, -0.000000000000000000 ) ) ;
#2137 = FILL_AREA_STYLE ('',( #1283 ) ) ;
#2138 = ORIENTED_EDGE ( 'NONE', *, *, #2219, .T. ) ;
#2139 = DIRECTION ( 'NONE',  ( 0.000000000000000000, 0.000000000000000000, 1.000000000000000000 ) ) ;
#2140 = ADVANCED_FACE ( 'NONE', ( #9741 ), #11658, .F. ) ;
#2141 = ORIENTED_EDGE ( 'NONE', *, *, #5532, .T. ) ;
#2142 = ORIENTED_EDGE ( 'NONE', *, *, #2089, .F. ) ;
#2143 = EDGE_LOOP ( 'NONE', ( #4351, #2367 ) ) ;
#2144 = PLANE ( 'NONE',  #2799 ) ;
#2145 = DIRECTION ( 'NONE',  ( -0.000000000000000000, 1.000000000000000000, -0.000000000000000000 ) ) ;
#2146 = DIRECTION ( 'NONE',  ( 0.000000000000000000, 0.000000000000000000, -1.000000000000000000 ) ) ;
#2147 = SURFACE_SIDE_STYLE ('',( #4186 ) ) ;
#2148 = EDGE_LOOP ( 'NONE', ( #2344, #16 ) ) ;
#2149 = DIRECTION ( 'NONE',  ( -0.000000000000000000, -0.000000000000000000, 1.000000000000000000 ) ) ;
#2150 = EDGE_CURVE ( 'NONE', #2225, #6313, #1129, .T. ) ;
#2151 = ORIENTED_EDGE ( 'NONE', *, *, #8409, .F. ) ;
#2152 = ORIENTED_EDGE ( 'NONE', *, *, #7867, .T. ) ;
#2153 = ORIENTED_EDGE ( 'NONE', *, *, #10330, .T. ) ;
#2154 = CARTESIAN_POINT ( 'NONE',  ( 66.17647058823530415, 20.00000000000000000, -35.29411764705883314 ) ) ;
#2155 = CYLINDRICAL_SURFACE ( 'NONE', #2493, 35.00000000000000000 ) ;
#2156 = DIRECTION ( 'NONE',  ( 0.000000000000000000, 0.000000000000000000, -1.000000000000000000 ) ) ;
#2157 = CARTESIAN_POINT ( 'NONE',  ( -93.75000000000008527, 20.00000000000000000, -9.999999999999976907 ) ) ;
#2158 = CYLINDRICAL_SURFACE ( 'NONE', #5599, 6.999999999999999112 ) ;
#2159 = CARTESIAN_POINT ( 'NONE',  ( 218.3273854894824524, -39.99999999999999289, -215.0002636468324511 ) ) ;
#2160 = CARTESIAN_POINT ( 'NONE',  ( 25.00000000000000000, 34.20000000000000284, 3.000000000000000000 ) ) ;
#2161 = AXIS2_PLACEMENT_3D ( 'NONE', #340, #9191, #11047 ) ;
#2162 = EDGE_LOOP ( 'NONE', ( #5545, #12198, #7471, #4939 ) ) ;
#2163 = CYLINDRICAL_SURFACE ( 'NONE', #2016, 6.999999999999999112 ) ;
#2164 = ORIENTED_EDGE ( 'NONE', *, *, #4319, .F. ) ;
#2165 = EDGE_CURVE ( 'NONE', #11817, #4727, #1507, .T. ) ;
#2166 = CARTESIAN_POINT ( 'NONE',  ( 25.00000000000000000, 29.80000000000000426, 3.000000000000000000 ) ) ;
#2167 = CYLINDRICAL_SURFACE ( 'NONE', #6540, 2.099999999999997868 ) ;
#2168 = CONTEXT_DEPENDENT_SHAPE_REPRESENTATION ( #2096, #11899 ) ;
#2169 = ADVANCED_FACE ( 'NONE', ( #6942, #11729, #5836, #5154, #4908, #7934, #6824, #4968, #6018, #9805 ), #1326, .F. ) ;
#2170 = EDGE_LOOP ( 'NONE', ( #1293, #9254, #3046, #1805 ) ) ;
#2171 = CARTESIAN_POINT ( 'NONE',  ( 0.000000000000000000, 6.800000000000000711, -45.00000000000000711 ) ) ;
#2172 = DIRECTION ( 'NONE',  ( 0.000000000000000000, -1.000000000000000000, 0.000000000000000000 ) ) ;
#2173 = CIRCLE ( 'NONE', #7117, 20.00000000000000355 ) ;
#2174 = CIRCLE ( 'NONE', #9107, 8.000000000000000000 ) ;
#2175 =( GEOMETRIC_REPRESENTATION_CONTEXT ( 3 ) GLOBAL_UNCERTAINTY_ASSIGNED_CONTEXT ( ( #585 ) ) GLOBAL_UNIT_ASSIGNED_CONTEXT ( ( #6422, #1726, #9401 ) ) REPRESENTATION_CONTEXT ( 'NONE', 'WORKASPACE' ) );
#2176 = DIRECTION ( 'NONE',  ( -0.000000000000000000, -1.000000000000000000, -0.000000000000000000 ) ) ;
#2177 = VERTEX_POINT ( 'NONE', #3041 ) ;
#2178 = DIRECTION ( 'NONE',  ( 0.000000000000000000, 1.000000000000000000, 0.000000000000000000 ) ) ;
#2179 = CIRCLE ( 'NONE', #3752, 45.00000000000000711 ) ;
#2180 = ORIENTED_EDGE ( 'NONE', *, *, #382, .T. ) ;
#2181 = EDGE_CURVE ( 'NONE', #6542, #1485, #6238, .T. ) ;
#2182 = CARTESIAN_POINT ( 'NONE',  ( -21.00000000000000000, -5.939696961967007027, -1.466422162314116009E-13 ) ) ;
#2183 = AXIS2_PLACEMENT_3D ( 'NONE', #6553, #7541, #11332 ) ;
#2184 = UNCERTAINTY_MEASURE_WITH_UNIT (LENGTH_MEASURE( 1.000000000000000082E-05 ), #4647, 'distance_accuracy_value', 'NONE');
#2185 = VERTEX_POINT ( 'NONE', #2121 ) ;
#2186 = CARTESIAN_POINT ( 'NONE',  ( -16.00000000000000000, 7.066904755831209251, -1.649999999999998579 ) ) ;
#2187 = EDGE_CURVE ( 'NONE', #6526, #7460, #10231, .T. ) ;
#2188 = ORIENTED_EDGE ( 'NONE', *, *, #9387, .T. ) ;
#2189 = FACE_OUTER_BOUND ( 'NONE', #10597, .T. ) ;
#2190 = AXIS2_PLACEMENT_3D ( 'NONE', #3424, #2496, #10115 ) ;
#2191 =( NAMED_UNIT ( * ) PLANE_ANGLE_UNIT ( ) SI_UNIT ( $, .RADIAN. ) );
#2192 = CARTESIAN_POINT ( 'NONE',  ( 0.000000000000000000, 1.347111479062088405E-15, -11.00000000000000000 ) ) ;
#2193 = DIRECTION ( 'NONE',  ( -0.000000000000000000, -1.000000000000000000, -0.000000000000000000 ) ) ;
#2194 = DIRECTION ( 'NONE',  ( -0.000000000000000000, -1.000000000000000000, -0.000000000000000000 ) ) ;
#2195 = VECTOR ( 'NONE', #8868, 1000.000000000000000 ) ;
#2196 = CIRCLE ( 'NONE', #9131, 2.100000000000004530 ) ;
#2197 = CYLINDRICAL_SURFACE ( 'NONE', #8629, 16.00000000000000000 ) ;
#2198 = AXIS2_PLACEMENT_3D ( 'NONE', #1835, #9394, #11616 ) ;
#2199 = EDGE_CURVE ( 'NONE', #9842, #1529, #10206, .T. ) ;
#2200 = CARTESIAN_POINT ( 'NONE',  ( 5.449678256205721981E-15, 15.59999999999999964, -44.50000000000000711 ) ) ;
#2201 = ADVANCED_FACE ( 'NONE', ( #8746 ), #5950, .F. ) ;
#2202 = LINE ( 'NONE', #7149, #7768 ) ;
#2203 = DIRECTION ( 'NONE',  ( 0.000000000000000000, 0.000000000000000000, -1.000000000000000000 ) ) ;
#2204 = AXIS2_PLACEMENT_3D ( 'NONE', #1226, #9708, #7782 ) ;
#2205 = ORIENTED_EDGE ( 'NONE', *, *, #5825, .T. ) ;
#2206 = MECHANICAL_DESIGN_GEOMETRIC_PRESENTATION_REPRESENTATION (  '', ( #9528 ), #434 ) ;
#2207 = DIRECTION ( 'NONE',  ( -0.000000000000000000, 1.000000000000000000, -0.000000000000000000 ) ) ;
#2208 = ORIENTED_EDGE ( 'NONE', *, *, #10385, .F. ) ;
#2209 = VERTEX_POINT ( 'NONE', #9060 ) ;
#2210 = EDGE_CURVE ( 'NONE', #10425, #9381, #6438, .T. ) ;
#2211 = CIRCLE ( 'NONE', #9142, 16.00000000000000000 ) ;
#2212 = AXIS2_PLACEMENT_3D ( 'NONE', #9557, #6693, #947 ) ;
#2213 = SHAPE_DEFINITION_REPRESENTATION ( #7824, #10339 ) ;
#2214 = EDGE_LOOP ( 'NONE', ( #3453, #8438, #9276, #7211 ) ) ;
#2215 = DIRECTION ( 'NONE',  ( -0.000000000000000000, 1.000000000000000000, -0.000000000000000000 ) ) ;
#2216 = CARTESIAN_POINT ( 'NONE',  ( 0.000000000000000000, 26.60000000000000142, -45.00000000000000711 ) ) ;
#2217 = CIRCLE ( 'NONE', #4981, 35.00000000000000000 ) ;
#2218 = DIRECTION ( 'NONE',  ( 0.000000000000000000, 1.000000000000000000, 0.000000000000000000 ) ) ;
#2219 = EDGE_CURVE ( 'NONE', #9600, #924, #4474, .T. ) ;
#2220 = DIRECTION ( 'NONE',  ( 0.000000000000000000, 0.000000000000000000, 1.000000000000000000 ) ) ;
#2221 = CIRCLE ( 'NONE', #7952, 30.00000000000000000 ) ;
#2222 = AXIS2_PLACEMENT_3D ( 'NONE', #10473, #1984, #2786 ) ;
#2223 = ORIENTED_EDGE ( 'NONE', *, *, #7641, .T. ) ;
#2224 = CARTESIAN_POINT ( 'NONE',  ( -16.00000000000000000, 0.000000000000000000, 0.000000000000000000 ) ) ;
#2225 = VERTEX_POINT ( 'NONE', #8248 ) ;
#2226 = VERTEX_POINT ( 'NONE', #4409 ) ;
#2227 = PRESENTATION_LAYER_ASSIGNMENT (  '', '', ( #2025 ) ) ;
#2228 = AXIS2_PLACEMENT_3D ( 'NONE', #10467, #5468, #2233 ) ;
#2229 = ORIENTED_EDGE ( 'NONE', *, *, #1750, .F. ) ;
#2230 = DIRECTION ( 'NONE',  ( -1.000000000000000000, 0.000000000000000000, 3.590534112833708514E-16 ) ) ;
#2231 = AXIS2_PLACEMENT_3D ( 'NONE', #11901, #8112, #635 ) ;
#2232 = FACE_BOUND ( 'NONE', #3967, .T. ) ;
#2233 = DIRECTION ( 'NONE',  ( -1.000000000000000000, 0.000000000000000000, 0.000000000000000000 ) ) ;
#2234 = CYLINDRICAL_SURFACE ( 'NONE', #4553, 2.100000000000004530 ) ;
#2235 = DIRECTION ( 'NONE',  ( 0.000000000000000000, 0.000000000000000000, -1.000000000000000000 ) ) ;
#2236 = EDGE_CURVE ( 'NONE', #9937, #4381, #4254, .T. ) ;
#2237 = CARTESIAN_POINT ( 'NONE',  ( -16.86149459567567632, 34.20000000000000284, 6.299999999999999822 ) ) ;
#2238 = AXIS2_PLACEMENT_3D ( 'NONE', #9413, #4514, #4699 ) ;
#2239 = VECTOR ( 'NONE', #7183, 1000.000000000000000 ) ;
#2240 = DIRECTION ( 'NONE',  ( -0.000000000000000000, -1.000000000000000000, -0.000000000000000000 ) ) ;
#2241 = AXIS2_PLACEMENT_3D ( 'NONE', #3128, #7049, #500 ) ;
#2242 = VERTEX_POINT ( 'NONE', #12035 ) ;
#2243 = CARTESIAN_POINT ( 'NONE',  ( -75.00000000000001421, 20.00000000000000000, -30.00000000000000000 ) ) ;
#2244 = CARTESIAN_POINT ( 'NONE',  ( 0.000000000000000000, 20.00000000000000000, 0.000000000000000000 ) ) ;
#2245 = EDGE_LOOP ( 'NONE', ( #3156, #677 ) ) ;
#2246 = CARTESIAN_POINT ( 'NONE',  ( -7.301494641591894997E-14, 34.20000000000000284, 18.50000000000000355 ) ) ;
#2247 = CARTESIAN_POINT ( 'NONE',  ( 0.07261451051825866532, -39.99999999999999289, -360.0007909404973816 ) ) ;
#2248 = CIRCLE ( 'NONE', #10752, 9.750000000000000000 ) ;
#2249 = ORIENTED_EDGE ( 'NONE', *, *, #3364, .T. ) ;
#2250 = CARTESIAN_POINT ( 'NONE',  ( -198.4000000000000909, 0.000000000000000000, -9.999999999999953815 ) ) ;
#2251 = DIRECTION ( 'NONE',  ( 0.000000000000000000, 0.000000000000000000, 1.000000000000000000 ) ) ;
#2252 = DIRECTION ( 'NONE',  ( -1.000000000000000000, 0.000000000000000000, 0.000000000000000000 ) ) ;
#2253 = EDGE_CURVE ( 'NONE', #4297, #10072, #3531, .T. ) ;
#2254 = ORIENTED_EDGE ( 'NONE', *, *, #7414, .F. ) ;
#2255 = DIRECTION ( 'NONE',  ( 0.000000000000000000, 0.000000000000000000, 1.000000000000000000 ) ) ;
#2256 = AXIS2_PLACEMENT_3D ( 'NONE', #944, #2730, #6503 ) ;
#2257 = EDGE_LOOP ( 'NONE', ( #6617, #9267 ) ) ;
#2258 = ADVANCED_FACE ( 'NONE', ( #7204 ), #10052, .F. ) ;
#2259 = CARTESIAN_POINT ( 'NONE',  ( 18.50000000000000000, 0.000000000000000000, 0.000000000000000000 ) ) ;
#2260 = EDGE_LOOP ( 'NONE', ( #2854, #9268, #7172, #1480 ) ) ;
#2261 = CARTESIAN_POINT ( 'NONE',  ( 0.000000000000000000, 20.00000000000000000, -10.00000000000000000 ) ) ;
#2262 = ORIENTED_EDGE ( 'NONE', *, *, #441, .T. ) ;
#2263 = CYLINDRICAL_SURFACE ( 'NONE', #3355, 8.024999999999996803 ) ;
#2264 = DIRECTION ( 'NONE',  ( -0.000000000000000000, 1.000000000000000000, -0.000000000000000000 ) ) ;
#2265 = PRODUCT_DEFINITION ( 'UNKNOWN', '', #5561, #2327 ) ;
#2266 = CARTESIAN_POINT ( 'NONE',  ( 6.123233995736766085E-15, 184.4213562373095385, 50.00000000000000000 ) ) ;
#2267 = DIRECTION ( 'NONE',  ( 0.000000000000000000, 1.000000000000000000, 0.000000000000000000 ) ) ;
#2268 = CYLINDRICAL_SURFACE ( 'NONE', #7022, 75.00000000000001421 ) ;
#2269 = ORIENTED_EDGE ( 'NONE', *, *, #2150, .F. ) ;
#2270 = ADVANCED_FACE ( 'NONE', ( #7312 ), #5470, .F. ) ;
#2271 = DIRECTION ( 'NONE',  ( 0.000000000000000000, 0.000000000000000000, 1.000000000000000000 ) ) ;
#2272 = PRESENTATION_LAYER_ASSIGNMENT (  '', '', ( #10384 ) ) ;
#2273 = EDGE_LOOP ( 'NONE', ( #1866, #3199 ) ) ;
#2274 = DIRECTION ( 'NONE',  ( -0.000000000000000000, -1.000000000000000000, 0.000000000000000000 ) ) ;
#2275 = EDGE_LOOP ( 'NONE', ( #4347, #8486, #846, #3385 ) ) ;
#2276 = EDGE_LOOP ( 'NONE', ( #5032, #5506, #901, #1040 ) ) ;
#2277 = PRODUCT_CONTEXT ( 'NONE', #3912, 'mechanical' ) ;
#2278 = ORIENTED_EDGE ( 'NONE', *, *, #1071, .T. ) ;
#2279 = DIRECTION ( 'NONE',  ( -0.000000000000000000, -1.000000000000000000, -0.000000000000000000 ) ) ;
#2280 = ADVANCED_FACE ( 'NONE', ( #4281 ), #10179, .F. ) ;
#2281 = CARTESIAN_POINT ( 'NONE',  ( 0.000000000000000000, 2.999999999999999112, 33.12659406584553068 ) ) ;
#2282 = FACE_OUTER_BOUND ( 'NONE', #7809, .T. ) ;
#2283 = VECTOR ( 'NONE', #12062, 1000.000000000000000 ) ;
#2284 = VECTOR ( 'NONE', #10548, 1000.000000000000000 ) ;
#2285 = VERTEX_POINT ( 'NONE', #11912 ) ;
#2286 = FACE_BOUND ( 'NONE', #10946, .T. ) ;
#2287 = ORIENTED_EDGE ( 'NONE', *, *, #11570, .T. ) ;
#2288 = ORIENTED_EDGE ( 'NONE', *, *, #4618, .F. ) ;
#2289 = FACE_BOUND ( 'NONE', #5882, .T. ) ;
#2290 = ORIENTED_EDGE ( 'NONE', *, *, #11061, .F. ) ;
#2291 = CARTESIAN_POINT ( 'NONE',  ( 90.00000000000000000, 20.00000000000000000, -10.24999999999998224 ) ) ;
#2292 = EDGE_CURVE ( 'NONE', #6144, #10151, #3345, .T. ) ;
#2293 = LINE ( 'NONE', #6115, #12184 ) ;
#2294 = CARTESIAN_POINT ( 'NONE',  ( 150.0000000000000000, 20.00000000000000000, 10.00000000000000000 ) ) ;
#2295 = CARTESIAN_POINT ( 'NONE',  ( 2.199633243471174140E-13, 34.20000000000000284, -20.99999999999999645 ) ) ;
#2296 = CARTESIAN_POINT ( 'NONE',  ( 11.31370849898482156, 7.066904755831209251, 11.31370849898470077 ) ) ;
#2297 = CARTESIAN_POINT ( 'NONE',  ( 0.000000000000000000, 0.000000000000000000, 0.000000000000000000 ) ) ;
#2298 = DIRECTION ( 'NONE',  ( -0.000000000000000000, -1.000000000000000000, -0.000000000000000000 ) ) ;
#2299 = ORIENTED_EDGE ( 'NONE', *, *, #299, .T. ) ;
#2300 = CYLINDRICAL_SURFACE ( 'NONE', #665, 33.12659406584553068 ) ;
#2301 = CARTESIAN_POINT ( 'NONE',  ( 5.000000000000000888, 1.922695474661344271E-15, 15.40000000000000036 ) ) ;
#2302 = CIRCLE ( 'NONE', #123, 44.50000000000000711 ) ;
#2303 = EDGE_LOOP ( 'NONE', ( #1862, #4717, #2881, #10633 ) ) ;
#2304 = DIRECTION ( 'NONE',  ( 0.000000000000000000, 0.000000000000000000, 1.000000000000000000 ) ) ;
#2305 = CIRCLE ( 'NONE', #331, 2.099999999999997868 ) ;
#2306 = EDGE_CURVE ( 'NONE', #8026, #6321, #2365, .T. ) ;
#2307 = CARTESIAN_POINT ( 'NONE',  ( 5.510910596163090344E-15, 33.20000000000000284, 45.00000000000000711 ) ) ;
#2308 = ORIENTED_EDGE ( 'NONE', *, *, #1880, .T. ) ;
#2309 = DIRECTION ( 'NONE',  ( 1.000000000000000000, 0.000000000000000000, 0.000000000000000000 ) ) ;
#2310 = DIRECTION ( 'NONE',  ( 0.000000000000000000, 0.000000000000000000, -1.000000000000000000 ) ) ;
#2311 = DIRECTION ( 'NONE',  ( 1.000000000000000000, 0.000000000000000000, -0.000000000000000000 ) ) ;
#2312 = ORIENTED_EDGE ( 'NONE', *, *, #5692, .F. ) ;
#2313 = CARTESIAN_POINT ( 'NONE',  ( 30.00000000000000000, 20.00000000000000000, -10.00000000000000000 ) ) ;
#2314 = EDGE_LOOP ( 'NONE', ( #4575, #2084 ) ) ;
#2315 = CARTESIAN_POINT ( 'NONE',  ( -13.50000000000000000, 0.000000000000000000, 0.000000000000000000 ) ) ;
#2316 = EDGE_CURVE ( 'NONE', #7281, #2670, #2869, .T. ) ;
#2317 = ORIENTED_EDGE ( 'NONE', *, *, #1119, .F. ) ;
#2318 = DIRECTION ( 'NONE',  ( 0.000000000000000000, 0.000000000000000000, 1.000000000000000000 ) ) ;
#2319 = ORIENTED_EDGE ( 'NONE', *, *, #2632, .T. ) ;
#2320 = PLANE ( 'NONE',  #2697 ) ;
#2321 = DIRECTION ( 'NONE',  ( 1.000000000000000000, -0.000000000000000000, -0.000000000000000000 ) ) ;
#2322 = CARTESIAN_POINT ( 'NONE',  ( 99.92738548948166510, -39.99999999999999289, -380.0002636468324226 ) ) ;
#2323 = DIRECTION ( 'NONE',  ( 0.000000000000000000, 0.000000000000000000, 1.000000000000000000 ) ) ;
#2324 = VERTEX_POINT ( 'NONE', #1449 ) ;
#2325 = CARTESIAN_POINT ( 'NONE',  ( 0.07261451051828989034, 3.000000000000000000, -9.999736353167531178 ) ) ;
#2326 = ORIENTED_EDGE ( 'NONE', *, *, #4387, .T. ) ;
#2327 = PRODUCT_DEFINITION_CONTEXT ( 'detailed design', #2030, 'design' ) ;
#2328 = CARTESIAN_POINT ( 'NONE',  ( 0.000000000000000000, 0.000000000000000000, 33.00000000000000000 ) ) ;
#2329 = EDGE_LOOP ( 'NONE', ( #4943, #10492, #377, #11924 ) ) ;
#2330 = ORIENTED_EDGE ( 'NONE', *, *, #10059, .F. ) ;
#2331 = APPLICATION_PROTOCOL_DEFINITION ( 'draft international standard', 'automotive_design', 1998, #5208 ) ;
#2332 = ORIENTED_EDGE ( 'NONE', *, *, #1779, .T. ) ;
#2333 = PLANE ( 'NONE',  #8161 ) ;
#2334 = EDGE_CURVE ( 'NONE', #1000, #5749, #3475, .T. ) ;
#2335 = DIRECTION ( 'NONE',  ( 0.000000000000000000, 0.000000000000000000, 1.000000000000000000 ) ) ;
#2336 =( REPRESENTATION_RELATIONSHIP ('NONE','NONE', #9464, #3194 ) REPRESENTATION_RELATIONSHIP_WITH_TRANSFORMATION ( #9154 )SHAPE_REPRESENTATION_RELATIONSHIP( ) );
#2337 = CARTESIAN_POINT ( 'NONE',  ( 0.000000000000000000, 28.80000000000000071, -45.00000000000000711 ) ) ;
#2338 = SHAPE_REPRESENTATION ( 'Link3LShapeConnectorSide', ( #10290 ), #15 ) ;
#2339 = SURFACE_STYLE_FILL_AREA ( #9220 ) ;
#2340 = ORIENTED_EDGE ( 'NONE', *, *, #1526, .T. ) ;
#2341 = EDGE_CURVE ( 'NONE', #10069, #11885, #10989, .T. ) ;
#2342 = FACE_BOUND ( 'NONE', #9956, .T. ) ;
#2343 = ORIENTED_EDGE ( 'NONE', *, *, #5692, .T. ) ;
#2344 = ORIENTED_EDGE ( 'NONE', *, *, #5240, .F. ) ;
#2345 = CARTESIAN_POINT ( 'NONE',  ( 0.07261451051828989034, 0.000000000000000000, -9.999736353167531178 ) ) ;
#2346 = ORIENTED_EDGE ( 'NONE', *, *, #8840, .T. ) ;
#2347 = DIRECTION ( 'NONE',  ( -0.000000000000000000, -1.000000000000000000, -0.000000000000000000 ) ) ;
#2348 = FACE_BOUND ( 'NONE', #599, .T. ) ;
#2349 = EDGE_CURVE ( 'NONE', #11037, #7932, #2435, .T. ) ;
#2350 = LINE ( 'NONE', #10898, #9819 ) ;
#2351 = CARTESIAN_POINT ( 'NONE',  ( -218.4000000000000909, 20.00000000000000000, -9.999999999999948486 ) ) ;
#2352 = DIRECTION ( 'NONE',  ( 1.000000000000000000, -0.000000000000000000, -0.000000000000000000 ) ) ;
#2353 = DIRECTION ( 'NONE',  ( -0.000000000000000000, -0.000000000000000000, 1.000000000000000000 ) ) ;
#2354 = EDGE_CURVE ( 'NONE', #6327, #615, #9003, .T. ) ;
#2355 = EDGE_CURVE ( 'NONE', #5306, #7886, #3864, .T. ) ;
#2356 = DIRECTION ( 'NONE',  ( -0.000000000000000000, -1.000000000000000000, -0.000000000000000000 ) ) ;
#2357 = ORIENTED_EDGE ( 'NONE', *, *, #11584, .F. ) ;
#2358 = CARTESIAN_POINT ( 'NONE',  ( -0.07261451051832458481, 0.000000000000000000, -380.0002636468324226 ) ) ;
#2359 = DIRECTION ( 'NONE',  ( -0.000000000000000000, 1.000000000000000000, -0.000000000000000000 ) ) ;
#2360 = ORIENTED_EDGE ( 'NONE', *, *, #5022, .F. ) ;
#2361 = CARTESIAN_POINT ( 'NONE',  ( -130.0000000000000000, 20.00000000000000000, -19.99999999999998579 ) ) ;
#2362 = DIRECTION ( 'NONE',  ( 0.000000000000000000, -1.000000000000000000, 0.000000000000000000 ) ) ;
#2363 = ORIENTED_EDGE ( 'NONE', *, *, #1137, .T. ) ;
#2364 = CYLINDRICAL_SURFACE ( 'NONE', #3009, 1.649999999999998801 ) ;
#2365 = LINE ( 'NONE', #770, #911 ) ;
#2366 = FACE_OUTER_BOUND ( 'NONE', #10133, .T. ) ;
#2367 = ORIENTED_EDGE ( 'NONE', *, *, #10376, .F. ) ;
#2368 = EDGE_CURVE ( 'NONE', #7741, #5101, #1113, .T. ) ;
#2369 = DIRECTION ( 'NONE',  ( 0.000000000000000000, 1.000000000000000000, 0.000000000000000000 ) ) ;
#2370 = VERTEX_POINT ( 'NONE', #6316 ) ;
#2371 = DIRECTION ( 'NONE',  ( 0.000000000000000000, 1.000000000000000000, 0.000000000000000000 ) ) ;
#2372 = ORIENTED_EDGE ( 'NONE', *, *, #11058, .T. ) ;
#2373 = LINE ( 'NONE', #10936, #5744 ) ;
#2374 = VECTOR ( 'NONE', #9478, 1000.000000000000000 ) ;
#2375 = ORIENTED_EDGE ( 'NONE', *, *, #6318, .T. ) ;
#2376 = CARTESIAN_POINT ( 'NONE',  ( 0.000000000000000000, 16.00000000000000000, 0.000000000000000000 ) ) ;
#2377 = CARTESIAN_POINT ( 'NONE',  ( 22.36067977499791581, 0.000000000000000000, -19.99999999999997868 ) ) ;
#2378 = VECTOR ( 'NONE', #8007, 1000.000000000000000 ) ;
#2379 = EDGE_CURVE ( 'NONE', #4631, #5725, #5412, .T. ) ;
#2380 = DIRECTION ( 'NONE',  ( 0.000000000000000000, 1.000000000000000000, 0.000000000000000000 ) ) ;
#2381 = CIRCLE ( 'NONE', #1394, 44.50000000000000711 ) ;
#2382 = CIRCLE ( 'NONE', #10893, 2.099999999999997868 ) ;
#2383 = ORIENTED_EDGE ( 'NONE', *, *, #5943, .T. ) ;
#2384 =( GEOMETRIC_REPRESENTATION_CONTEXT ( 3 ) GLOBAL_UNCERTAINTY_ASSIGNED_CONTEXT ( ( #11853 ) ) GLOBAL_UNIT_ASSIGNED_CONTEXT ( ( #4580, #10173, #9244 ) ) REPRESENTATION_CONTEXT ( 'NONE', 'WORKASPACE' ) );
#2385 = LINE ( 'NONE', #10759, #10110 ) ;
#2386 = ORIENTED_EDGE ( 'NONE', *, *, #1608, .T. ) ;
#2387 = CARTESIAN_POINT ( 'NONE',  ( -48.99999999999999289, 10.00000000000000000, 9.999999999999989342 ) ) ;
#2388 = VERTEX_POINT ( 'NONE', #1751 ) ;
#2389 = ORIENTED_EDGE ( 'NONE', *, *, #2783, .T. ) ;
#2390 = AXIS2_PLACEMENT_3D ( 'NONE', #9934, #7940, #8940 ) ;
#2391 = APPLICATION_PROTOCOL_DEFINITION ( 'draft international standard', 'automotive_design', 1998, #4228 ) ;
#2392 = ORIENTED_EDGE ( 'NONE', *, *, #4533, .F. ) ;
#2393 = DIRECTION ( 'NONE',  ( -0.000000000000000000, -1.000000000000000000, -0.000000000000000000 ) ) ;
#2394 = CIRCLE ( 'NONE', #1210, 2.100000000000004530 ) ;
#2395 = CARTESIAN_POINT ( 'NONE',  ( 138.3273854894824240, 0.000000000000000000, -9.999736353167559599 ) ) ;
#2396 = PRODUCT_DEFINITION_SHAPE ( 'NONE', 'NONE',  #12260 ) ;
#2397 = CARTESIAN_POINT ( 'NONE',  ( 0.000000000000000000, 1.347111479062088405E-15, -11.00000000000000000 ) ) ;
#2398 = EDGE_CURVE ( 'NONE', #504, #10572, #4051, .T. ) ;
#2399 = DIRECTION ( 'NONE',  ( 0.000000000000000000, 0.000000000000000000, -1.000000000000000000 ) ) ;
#2400 = CIRCLE ( 'NONE', #6933, 2.100000000000000089 ) ;
#2401 = CIRCLE ( 'NONE', #2976, 2.499999999999998668 ) ;
#2402 = ORIENTED_EDGE ( 'NONE', *, *, #10904, .F. ) ;
#2403 = ADVANCED_FACE ( 'NONE', ( #4771, #8608 ), #7618, .F. ) ;
#2404 = CARTESIAN_POINT ( 'NONE',  ( 2.500000000000000444, -16.00000000000000000, 8.000000000000000000 ) ) ;
#2405 = ORIENTED_EDGE ( 'NONE', *, *, #6365, .T. ) ;
#2406 = ORIENTED_EDGE ( 'NONE', *, *, #4889, .F. ) ;
#2407 = PLANE ( 'NONE',  #3464 ) ;
#2408 = ORIENTED_EDGE ( 'NONE', *, *, #11667, .F. ) ;
#2409 = CIRCLE ( 'NONE', #4978, 30.00000000000000000 ) ;
#2410 = CARTESIAN_POINT ( 'NONE',  ( 4.400000000000001243, 0.000000000000000000, 0.000000000000000000 ) ) ;
#2411 = PRESENTATION_LAYER_ASSIGNMENT (  '', '', ( #2604 ) ) ;
#2412 = DIRECTION ( 'NONE',  ( 0.000000000000000000, 0.000000000000000000, -1.000000000000000000 ) ) ;
#2413 = CYLINDRICAL_SURFACE ( 'NONE', #11399, 20.00000000000000355 ) ;
#2414 = CARTESIAN_POINT ( 'NONE',  ( 138.3273854894817134, 0.000000000000000000, -280.0002636468323658 ) ) ;
#2415 = DIRECTION ( 'NONE',  ( 0.000000000000000000, 1.000000000000000000, 0.000000000000000000 ) ) ;
#2416 = VECTOR ( 'NONE', #7308, 1000.000000000000000 ) ;
#2417 = AXIS2_PLACEMENT_3D ( 'NONE', #6636, #4846, #1929 ) ;
#2418 = EDGE_CURVE ( 'NONE', #169, #6313, #9368, .T. ) ;
#2419 = CYLINDRICAL_SURFACE ( 'NONE', #10974, 5.000000000000000000 ) ;
#2420 = DIRECTION ( 'NONE',  ( -1.000000000000000000, 0.000000000000000000, -0.000000000000000000 ) ) ;
#2421 = VECTOR ( 'NONE', #11195, 1000.000000000000000 ) ;
#2422 = ORIENTED_EDGE ( 'NONE', *, *, #5614, .F. ) ;
#2423 = EDGE_CURVE ( 'NONE', #1275, #11080, #1925, .T. ) ;
#2424 = DIRECTION ( 'NONE',  ( -0.000000000000000000, 1.000000000000000000, -0.000000000000000000 ) ) ;
#2425 = VERTEX_POINT ( 'NONE', #993 ) ;
#2426 = AXIS2_PLACEMENT_3D ( 'NONE', #3007, #8592, #8704 ) ;
#2427 = CIRCLE ( 'NONE', #7550, 9.500000000000000000 ) ;
#2428 = FACE_OUTER_BOUND ( 'NONE', #3116, .T. ) ;
#2429 = CARTESIAN_POINT ( 'NONE',  ( -198.4000000000000909, 0.000000000000000000, -29.99999999999994316 ) ) ;
#2430 = VERTEX_POINT ( 'NONE', #10361 ) ;
#2431 = CYLINDRICAL_SURFACE ( 'NONE', #461, 44.50000000000000711 ) ;
#2432 = EDGE_CURVE ( 'NONE', #7886, #5306, #732, .T. ) ;
#2433 = EDGE_CURVE ( 'NONE', #9222, #7820, #11172, .T. ) ;
#2434 = CIRCLE ( 'NONE', #8356, 35.00000000000000000 ) ;
#2435 = LINE ( 'NONE', #8064, #7818 ) ;
#2436 = AXIS2_PLACEMENT_3D ( 'NONE', #10631, #4116, #10772 ) ;
#2437 =( LENGTH_UNIT ( ) NAMED_UNIT ( * ) SI_UNIT ( .MILLI., .METRE. ) );
#2438 = AXIS2_PLACEMENT_3D ( 'NONE', #6736, #4832, #10522 ) ;
#2439 = VERTEX_POINT ( 'NONE', #2677 ) ;
#2440 = FACE_OUTER_BOUND ( 'NONE', #5809, .T. ) ;
#2441 = ORIENTED_EDGE ( 'NONE', *, *, #2210, .T. ) ;
#2442 = DIRECTION ( 'NONE',  ( 0.000000000000000000, 0.000000000000000000, 1.000000000000000000 ) ) ;
#2443 = AXIS2_PLACEMENT_3D ( 'NONE', #10577, #10693, #11444 ) ;
#2444 = UNCERTAINTY_MEASURE_WITH_UNIT (LENGTH_MEASURE( 1.000000000000000082E-05 ), #3763, 'distance_accuracy_value', 'NONE');
#2445 = EDGE_LOOP ( 'NONE', ( #11767, #5247, #8943, #5016 ) ) ;
#2446 = DIRECTION ( 'NONE',  ( -1.000000000000000000, 0.000000000000000000, -2.312964634635742895E-17 ) ) ;
#2447 = ORIENTED_EDGE ( 'NONE', *, *, #6094, .T. ) ;
#2448 = DIRECTION ( 'NONE',  ( -1.445602896647339114E-15, 0.000000000000000000, -1.000000000000000000 ) ) ;
#2449 = DIRECTION ( 'NONE',  ( 0.000000000000000000, 0.000000000000000000, 1.000000000000000000 ) ) ;
#2450 = AXIS2_PLACEMENT_3D ( 'NONE', #892, #2901, #128 ) ;
#2451 = ORIENTED_EDGE ( 'NONE', *, *, #9691, .T. ) ;
#2452 = CYLINDRICAL_SURFACE ( 'NONE', #2789, 100.0000000000000000 ) ;
#2453 = ORIENTED_EDGE ( 'NONE', *, *, #6950, .F. ) ;
#2454 = CARTESIAN_POINT ( 'NONE',  ( -20.63749999999999929, 0.000000000000000000, -5.999999999999999112 ) ) ;
#2455 = ORIENTED_EDGE ( 'NONE', *, *, #1487, .F. ) ;
#2456 = VERTEX_POINT ( 'NONE', #6566 ) ;
#2457 = VECTOR ( 'NONE', #181, 1000.000000000000000 ) ;
#2458 = ORIENTED_EDGE ( 'NONE', *, *, #8407, .T. ) ;
#2459 = ADVANCED_FACE ( 'NONE', ( #6631 ), #9547, .T. ) ;
#2460 = CARTESIAN_POINT ( 'NONE',  ( 75.00000000000000000, 20.00000000000000000, -10.00000000000000178 ) ) ;
#2461 = FACE_BOUND ( 'NONE', #3911, .T. ) ;
#2462 = CARTESIAN_POINT ( 'NONE',  ( -218.4000000000000625, 20.00000000000000000, -155.0000000000000853 ) ) ;
#2463 = ORIENTED_EDGE ( 'NONE', *, *, #7133, .F. ) ;
#2464 = DIRECTION ( 'NONE',  ( -1.000000000000000000, 0.000000000000000000, -0.000000000000000000 ) ) ;
#2465 = ORIENTED_EDGE ( 'NONE', *, *, #4843, .T. ) ;
#2466 = ORIENTED_EDGE ( 'NONE', *, *, #10785, .T. ) ;
#2467 = FACE_BOUND ( 'NONE', #11068, .T. ) ;
#2468 = ORIENTED_EDGE ( 'NONE', *, *, #6050, .T. ) ;
#2469 = ADVANCED_FACE ( 'NONE', ( #6451 ), #9479, .T. ) ;
#2470 = CARTESIAN_POINT ( 'NONE',  ( -120.2500000000000142, 0.000000000000000000, -10.24999999999998579 ) ) ;
#2471 = CIRCLE ( 'NONE', #4854, 99.99999999999997158 ) ;
#2472 = CARTESIAN_POINT ( 'NONE',  ( -150.0000000000000000, -134.1640786499874025, -10.00000000000000000 ) ) ;
#2473 = DIRECTION ( 'NONE',  ( 0.000000000000000000, 0.000000000000000000, 1.000000000000000000 ) ) ;
#2474 = PRODUCT_DEFINITION_SHAPE ( 'NONE', 'NONE',  #6647 ) ;
#2475 = DIRECTION ( 'NONE',  ( -0.000000000000000000, 1.000000000000000000, -0.000000000000000000 ) ) ;
#2476 = EDGE_CURVE ( 'NONE', #386, #7271, #5063, .T. ) ;
#2477 = DIRECTION ( 'NONE',  ( 1.224646799147353207E-16, 1.000000000000000000, -0.000000000000000000 ) ) ;
#2478 = CARTESIAN_POINT ( 'NONE',  ( -4.399999999999997691, 0.000000000000000000, 0.000000000000000000 ) ) ;
#2479 = CIRCLE ( 'NONE', #11583, 17.00000000000000000 ) ;
#2480 = ORIENTED_EDGE ( 'NONE', *, *, #4970, .T. ) ;
#2481 = DIRECTION ( 'NONE',  ( 0.000000000000000000, 0.000000000000000000, 1.000000000000000000 ) ) ;
#2482 = CYLINDRICAL_SURFACE ( 'NONE', #11315, 6.299999999999999822 ) ;
#2483 = ORIENTED_EDGE ( 'NONE', *, *, #7707, .F. ) ;
#2484 = CARTESIAN_POINT ( 'NONE',  ( 5.606576814334944920E-14, 2.399999999999999467, 17.64999999999999858 ) ) ;
#2485 = VECTOR ( 'NONE', #522, 1000.000000000000000 ) ;
#2486 = ORIENTED_EDGE ( 'NONE', *, *, #4652, .F. ) ;
#2487 = CARTESIAN_POINT ( 'NONE',  ( -1.675911042644704011E-13, 2.399999999999999467, -15.99999999999999645 ) ) ;
#2488 = DIRECTION ( 'NONE',  ( 1.000000000000000000, 0.000000000000000000, 0.000000000000000000 ) ) ;
#2489 = DIRECTION ( 'NONE',  ( 1.000000000000000000, 0.000000000000000000, 0.000000000000000000 ) ) ;
#2490 = ADVANCED_FACE ( 'NONE', ( #9295 ), #2727, .T. ) ;
#2491 = DIRECTION ( 'NONE',  ( 0.000000000000000000, -1.000000000000000000, 0.000000000000000000 ) ) ;
#2492 = DIRECTION ( 'NONE',  ( -0.000000000000000000, -1.000000000000000000, -0.000000000000000000 ) ) ;
#2493 = AXIS2_PLACEMENT_3D ( 'NONE', #5873, #9659, #306 ) ;
#2494 = ORIENTED_EDGE ( 'NONE', *, *, #88, .T. ) ;
#2495 = AXIS2_PLACEMENT_3D ( 'NONE', #9230, #4867, #6711 ) ;
#2496 = DIRECTION ( 'NONE',  ( -0.000000000000000000, -0.000000000000000000, 1.000000000000000000 ) ) ;
#2497 = ORIENTED_EDGE ( 'NONE', *, *, #3154, .F. ) ;
#2498 = LINE ( 'NONE', #1571, #2800 ) ;
#2499 = EDGE_CURVE ( 'NONE', #6081, #7394, #9809, .T. ) ;
#2500 = EDGE_CURVE ( 'NONE', #5235, #3119, #4469, .T. ) ;
#2501 = EDGE_LOOP ( 'NONE', ( #12196, #7997 ) ) ;
#2502 = DIRECTION ( 'NONE',  ( 0.000000000000000000, 0.000000000000000000, 1.000000000000000000 ) ) ;
#2503 = EDGE_LOOP ( 'NONE', ( #4709, #7441, #9213, #10023 ) ) ;
#2504 = CIRCLE ( 'NONE', #3080, 3.000000000000000888 ) ;
#2505 = FACE_OUTER_BOUND ( 'NONE', #2170, .T. ) ;
#2506 = EDGE_CURVE ( 'NONE', #5409, #3547, #1514, .T. ) ;
#2507 = CARTESIAN_POINT ( 'NONE',  ( -150.0000000000000000, -134.1640786499874025, 10.00000000000000000 ) ) ;
#2508 = FACE_OUTER_BOUND ( 'NONE', #7791, .T. ) ;
#2509 = VERTEX_POINT ( 'NONE', #8482 ) ;
#2510 = EDGE_CURVE ( 'NONE', #11357, #288, #11344, .T. ) ;
#2511 = DIRECTION ( 'NONE',  ( 0.000000000000000000, 0.000000000000000000, 1.000000000000000000 ) ) ;
#2512 = ADVANCED_FACE ( 'NONE', ( #5585 ), #3712, .T. ) ;
#2513 = EDGE_LOOP ( 'NONE', ( #10204, #8876, #7040, #11753 ) ) ;
#2514 = LINE ( 'NONE', #10071, #11089 ) ;
#2515 = ORIENTED_EDGE ( 'NONE', *, *, #6017, .T. ) ;
#2516 = EDGE_LOOP ( 'NONE', ( #547, #10625, #11922, #10763 ) ) ;
#2517 = ITEM_DEFINED_TRANSFORMATION ( 'NONE', 'NONE', #623,  #10290 ) ;
#2518 = EDGE_LOOP ( 'NONE', ( #12138, #5143 ) ) ;
#2519 = CARTESIAN_POINT ( 'NONE',  ( 0.000000000000000000, 43.00000000000000000, -60.00000000000000000 ) ) ;
#2520 = DIRECTION ( 'NONE',  ( 0.000000000000000000, 1.000000000000000000, 0.000000000000000000 ) ) ;
#2521 = PLANE ( 'NONE',  #9369 ) ;
#2522 = ADVANCED_FACE ( 'NONE', ( #2844 ), #11711, .F. ) ;
#2523 = ORIENTED_EDGE ( 'NONE', *, *, #5712, .F. ) ;
#2524 = DIRECTION ( 'NONE',  ( 0.000000000000000000, 0.000000000000000000, 1.000000000000000000 ) ) ;
#2525 = EDGE_LOOP ( 'NONE', ( #1488, #5897, #8080, #5869, #6139, #11851, #5706, #10265 ) ) ;
#2526 = ORIENTED_EDGE ( 'NONE', *, *, #9813, .T. ) ;
#2527 = FACE_BOUND ( 'NONE', #7663, .T. ) ;
#2528 = ORIENTED_EDGE ( 'NONE', *, *, #5959, .F. ) ;
#2529 = DIRECTION ( 'NONE',  ( -0.000000000000000000, -1.000000000000000000, -0.000000000000000000 ) ) ;
#2530 = CARTESIAN_POINT ( 'NONE',  ( -93.75000000000008527, 20.00000000000000000, -29.99999999999997158 ) ) ;
#2531 = CARTESIAN_POINT ( 'NONE',  ( -133.7500000000000000, 0.000000000000000000, 9.999999999999971578 ) ) ;
#2532 = DIRECTION ( 'NONE',  ( 0.000000000000000000, 0.000000000000000000, -1.000000000000000000 ) ) ;
#2533 = DIRECTION ( 'NONE',  ( -5.551115123125901031E-15, 0.000000000000000000, -1.000000000000000000 ) ) ;
#2534 = ADVANCED_FACE ( 'NONE', ( #5931 ), #8797, .F. ) ;
#2535 = CARTESIAN_POINT ( 'NONE',  ( -3.000000000000001776, 34.20000000000000284, 23.00000000000000000 ) ) ;
#2536 = ORIENTED_EDGE ( 'NONE', *, *, #2684, .F. ) ;
#2537 = DIRECTION ( 'NONE',  ( 0.000000000000000000, 0.000000000000000000, -1.000000000000000000 ) ) ;
#2538 = LINE ( 'NONE', #7378, #5189 ) ;
#2539 = VERTEX_POINT ( 'NONE', #369 ) ;
#2540 = FACE_BOUND ( 'NONE', #46, .T. ) ;
#2541 = VERTEX_POINT ( 'NONE', #3212 ) ;
#2542 = DIRECTION ( 'NONE',  ( -0.000000000000000000, -1.000000000000000000, -0.000000000000000000 ) ) ;
#2543 = DIRECTION ( 'NONE',  ( -0.000000000000000000, -1.000000000000000000, -0.000000000000000000 ) ) ;
#2544 = DIRECTION ( 'NONE',  ( 0.000000000000000000, 0.000000000000000000, 1.000000000000000000 ) ) ;
#2545 = DIRECTION ( 'NONE',  ( -0.000000000000000000, -1.000000000000000000, -0.000000000000000000 ) ) ;
#2546 = CARTESIAN_POINT ( 'NONE',  ( 16.00000000000000000, -2.500000000000000000, 1.649999999999887335 ) ) ;
#2547 = ORIENTED_EDGE ( 'NONE', *, *, #2510, .F. ) ;
#2548 = CARTESIAN_POINT ( 'NONE',  ( 0.000000000000000000, 16.00000000000000000, 0.000000000000000000 ) ) ;
#2549 = EDGE_CURVE ( 'NONE', #1814, #4535, #8726, .T. ) ;
#2550 = ORIENTED_EDGE ( 'NONE', *, *, #4387, .F. ) ;
#2551 = DIRECTION ( 'NONE',  ( -3.364312195833807668E-16, 0.000000000000000000, -1.000000000000000000 ) ) ;
#2552 = PRODUCT_DEFINITION_CONTEXT ( 'detailed design', #607, 'design' ) ;
#2553 = EDGE_CURVE ( 'NONE', #11396, #2561, #6005, .T. ) ;
#2554 = ORIENTED_EDGE ( 'NONE', *, *, #11981, .F. ) ;
#2555 = DIRECTION ( 'NONE',  ( 0.000000000000000000, 0.000000000000000000, 1.000000000000000000 ) ) ;
#2556 = ORIENTED_EDGE ( 'NONE', *, *, #6814, .T. ) ;
#2557 = CYLINDRICAL_SURFACE ( 'NONE', #11022, 45.00000000000000711 ) ;
#2558 = DIRECTION ( 'NONE',  ( 5.551115123125856066E-15, -0.000000000000000000, -1.000000000000000000 ) ) ;
#2559 = EDGE_CURVE ( 'NONE', #10601, #6015, #6811, .T. ) ;
#2560 = CARTESIAN_POINT ( 'NONE',  ( 238.3273854894817134, 3.000000000000000000, -215.0002636468324511 ) ) ;
#2561 = VERTEX_POINT ( 'NONE', #1368 ) ;
#2562 = CARTESIAN_POINT ( 'NONE',  ( 0.000000000000000000, 35.39999999999999858, 41.00000000000000000 ) ) ;
#2563 = EDGE_LOOP ( 'NONE', ( #11839, #6245, #1421, #1133 ) ) ;
#2564 = EDGE_CURVE ( 'NONE', #9306, #5387, #6447, .T. ) ;
#2565 = ORIENTED_EDGE ( 'NONE', *, *, #577, .T. ) ;
#2566 = VERTEX_POINT ( 'NONE', #8859 ) ;
#2567 = VERTEX_POINT ( 'NONE', #5087 ) ;
#2568 = CARTESIAN_POINT ( 'NONE',  ( 0.000000000000000000, 22.20000000000000284, -45.00000000000000711 ) ) ;
#2569 = CARTESIAN_POINT ( 'NONE',  ( 2.199633243471174140E-13, 20.00000000000000000, -20.99999999999999645 ) ) ;
#2570 = EDGE_CURVE ( 'NONE', #9182, #5409, #4129, .T. ) ;
#2571 = EDGE_CURVE ( 'NONE', #6623, #4363, #249, .T. ) ;
#2572 = LINE ( 'NONE', #7588, #5421 ) ;
#2573 = VECTOR ( 'NONE', #6371, 1000.000000000000000 ) ;
#2574 = AXIS2_PLACEMENT_3D ( 'NONE', #3117, #2207, #5980 ) ;
#2575 =( GEOMETRIC_REPRESENTATION_CONTEXT ( 3 ) GLOBAL_UNCERTAINTY_ASSIGNED_CONTEXT ( ( #8133 ) ) GLOBAL_UNIT_ASSIGNED_CONTEXT ( ( #5750, #5691, #7610 ) ) REPRESENTATION_CONTEXT ( 'NONE', 'WORKASPACE' ) );
#2576 = LINE ( 'NONE', #1414, #7014 ) ;
#2577 =( NAMED_UNIT ( * ) PLANE_ANGLE_UNIT ( ) SI_UNIT ( $, .RADIAN. ) );
#2578 = VECTOR ( 'NONE', #1456, 1000.000000000000000 ) ;
#2579 = ORIENTED_EDGE ( 'NONE', *, *, #8671, .T. ) ;
#2580 = CARTESIAN_POINT ( 'NONE',  ( 0.000000000000000000, 2.399999999999999467, 0.000000000000000000 ) ) ;
#2581 = ORIENTED_EDGE ( 'NONE', *, *, #11001, .F. ) ;
#2582 = ORIENTED_EDGE ( 'NONE', *, *, #10551, .F. ) ;
#2584 = DIRECTION ( 'NONE',  ( -0.000000000000000000, 1.000000000000000000, -0.000000000000000000 ) ) ;
#2583 = AXIS2_PLACEMENT_3D ( 'NONE', #7760, #11554, #391 ) ;
#2585 = AXIS2_PLACEMENT_3D ( 'NONE', #8832, #347, #2511 ) ;
#2586 = PRODUCT_DEFINITION_FORMATION_WITH_SPECIFIED_SOURCE ( 'ANY', '', #5651, .NOT_KNOWN. ) ;
#2587 = ORIENTED_EDGE ( 'NONE', *, *, #10233, .T. ) ;
#2588 = DIRECTION ( 'NONE',  ( 1.000000000000000000, 0.000000000000000000, -0.000000000000000000 ) ) ;
#2589 = DIRECTION ( 'NONE',  ( 0.000000000000000000, 0.000000000000000000, 1.000000000000000000 ) ) ;
#2590 = CARTESIAN_POINT ( 'NONE',  ( 11.31370849898465991, -2.500000000000000000, -11.31370849898485886 ) ) ;
#2591 = EDGE_CURVE ( 'NONE', #10955, #7446, #10786, .T. ) ;
#2592 = VECTOR ( 'NONE', #12164, 1000.000000000000000 ) ;
#2593 = FACE_OUTER_BOUND ( 'NONE', #10101, .T. ) ;
#2594 = CARTESIAN_POINT ( 'NONE',  ( -113.7500000000000142, 0.000000000000000000, -10.00000000000002487 ) ) ;
#2595 = CIRCLE ( 'NONE', #3373, 35.00000000000000000 ) ;
#2596 = AXIS2_PLACEMENT_3D ( 'NONE', #11422, #2916, #1999 ) ;
#2597 = DIRECTION ( 'NONE',  ( -0.000000000000000000, -1.000000000000000000, -0.000000000000000000 ) ) ;
#2598 = ORIENTED_EDGE ( 'NONE', *, *, #11498, .T. ) ;
#2599 = EDGE_CURVE ( 'NONE', #1757, #6195, #9609, .T. ) ;
#2600 = FACE_OUTER_BOUND ( 'NONE', #1348, .T. ) ;
#2601 = LINE ( 'NONE', #5404, #7365 ) ;
#2602 = ORIENTED_EDGE ( 'NONE', *, *, #199, .T. ) ;
#2603 = CIRCLE ( 'NONE', #11302, 2.500000000000000444 ) ;
#2604 = STYLED_ITEM ( 'NONE', ( #1893 ), #399 ) ;
#2605 = CARTESIAN_POINT ( 'NONE',  ( -22.36067977499791581, 20.00000000000000000, -19.99999999999997868 ) ) ;
#2606 = AXIS2_PLACEMENT_3D ( 'NONE', #10528, #175, #4010 ) ;
#2607 = AXIS2_PLACEMENT_3D ( 'NONE', #2979, #2065, #5842 ) ;
#2608 = LINE ( 'NONE', #6387, #8414 ) ;
#2609 = DIRECTION ( 'NONE',  ( 0.000000000000000000, 0.000000000000000000, 1.000000000000000000 ) ) ;
#2610 = PLANE ( 'NONE',  #2161 ) ;
#2611 = ADVANCED_FACE ( 'NONE', ( #11455 ), #11644, .T. ) ;
#2612 = DIRECTION ( 'NONE',  ( -0.000000000000000000, 1.000000000000000000, -0.000000000000000000 ) ) ;
#2613 = DIRECTION ( 'NONE',  ( 1.000000000000000000, -0.000000000000000000, -0.000000000000000000 ) ) ;
#2614 = DIRECTION ( 'NONE',  ( -0.000000000000000000, -1.000000000000000000, -0.000000000000000000 ) ) ;
#2615 = AXIS2_PLACEMENT_3D ( 'NONE', #11763, #11019, #9158 ) ;
#2616 = AXIS2_PLACEMENT_3D ( 'NONE', #2244, #8924, #4021 ) ;
#2617 = ORIENTED_EDGE ( 'NONE', *, *, #7350, .F. ) ;
#2618 = DIRECTION ( 'NONE',  ( 0.000000000000000000, 1.000000000000000000, 0.000000000000000000 ) ) ;
#2619 = VECTOR ( 'NONE', #3390, 1000.000000000000000 ) ;
#2620 = AXIS2_PLACEMENT_3D ( 'NONE', #11972, #6254, #10045 ) ;
#2621 = ORIENTED_EDGE ( 'NONE', *, *, #7533, .T. ) ;
#2622 = CARTESIAN_POINT ( 'NONE',  ( -90.00000000000000000, 20.00000000000000000, -10.00000000000000000 ) ) ;
#2623 = VERTEX_POINT ( 'NONE', #9662 ) ;
#2624 = DIRECTION ( 'NONE',  ( -0.000000000000000000, 1.000000000000000000, -0.000000000000000000 ) ) ;
#2625 = CIRCLE ( 'NONE', #2238, 8.000000000000000000 ) ;
#2626 = AXIS2_PLACEMENT_3D ( 'NONE', #10050, #10177, #6204 ) ;
#2627 = ORIENTED_EDGE ( 'NONE', *, *, #8495, .T. ) ;
#2628 = EDGE_CURVE ( 'NONE', #8257, #11305, #12191, .T. ) ;
#2629 = CARTESIAN_POINT ( 'NONE',  ( 130.0000000000000000, 20.00000000000000000, 30.00000000000000000 ) ) ;
#2630 = VECTOR ( 'NONE', #300, 1000.000000000000000 ) ;
#2631 = DIRECTION ( 'NONE',  ( -0.000000000000000000, -1.000000000000000000, -0.000000000000000000 ) ) ;
#2632 = EDGE_CURVE ( 'NONE', #658, #1485, #3072, .T. ) ;
#2633 = CYLINDRICAL_SURFACE ( 'NONE', #6588, 45.00000000000000711 ) ;
#2634 = AXIS2_PLACEMENT_3D ( 'NONE', #5510, #1783, #1737 ) ;
#2635 = ORIENTED_EDGE ( 'NONE', *, *, #619, .F. ) ;
#2636 = DIRECTION ( 'NONE',  ( 0.000000000000000000, 0.000000000000000000, -1.000000000000000000 ) ) ;
#2637 = AXIS2_PLACEMENT_3D ( 'NONE', #6719, #3691, #8586 ) ;
#2638 = ORIENTED_EDGE ( 'NONE', *, *, #8679, .F. ) ;
#2639 = ORIENTED_EDGE ( 'NONE', *, *, #2776, .F. ) ;
#2640 = ORIENTED_EDGE ( 'NONE', *, *, #6050, .F. ) ;
#2641 = ADVANCED_FACE ( 'NONE', ( #8662 ), #2158, .T. ) ;
#2642 = ORIENTED_EDGE ( 'NONE', *, *, #9852, .T. ) ;
#2643 = CARTESIAN_POINT ( 'NONE',  ( -7.332110811570580046E-14, 29.80000000000000426, 21.00000000000000000 ) ) ;
#2644 = ADVANCED_FACE ( 'NONE', ( #7730 ), #1248, .T. ) ;
#2645 = LINE ( 'NONE', #8985, #1708 ) ;
#2646 = VECTOR ( 'NONE', #3998, 1000.000000000000000 ) ;
#2647 = CARTESIAN_POINT ( 'NONE',  ( 138.3273854894817134, -39.99999999999999289, -90.00026364683252211 ) ) ;
#2648 = DIRECTION ( 'NONE',  ( 6.938893903907228378E-16, -0.000000000000000000, 1.000000000000000000 ) ) ;
#2649 = EDGE_CURVE ( 'NONE', #10721, #2652, #10347, .T. ) ;
#2650 = DIRECTION ( 'NONE',  ( -0.000000000000000000, 0.000000000000000000, -1.000000000000000000 ) ) ;
#2651 = CIRCLE ( 'NONE', #8777, 1.649999999999998579 ) ;
#2652 = VERTEX_POINT ( 'NONE', #9794 ) ;
#2653 = DIRECTION ( 'NONE',  ( 0.000000000000000000, 0.000000000000000000, 1.000000000000000000 ) ) ;
#2654 = VERTEX_POINT ( 'NONE', #4457 ) ;
#2655 = ADVANCED_FACE ( 'NONE', ( #3517 ), #6189, .F. ) ;
#2656 = ORIENTED_EDGE ( 'NONE', *, *, #9010, .T. ) ;
#2657 = FACE_OUTER_BOUND ( 'NONE', #10865, .T. ) ;
#2658 = VERTEX_POINT ( 'NONE', #698 ) ;
#2659 = DIRECTION ( 'NONE',  ( 0.000000000000000000, 0.000000000000000000, 1.000000000000000000 ) ) ;
#2660 = LINE ( 'NONE', #9637, #12201 ) ;
#2661 = DIRECTION ( 'NONE',  ( 0.000000000000000000, 0.000000000000000000, -1.000000000000000000 ) ) ;
#2662 = DIRECTION ( 'NONE',  ( 0.000000000000000000, 0.000000000000000000, 1.000000000000000000 ) ) ;
#2663 = CIRCLE ( 'NONE', #5434, 2.100000000000002753 ) ;
#2664 = CARTESIAN_POINT ( 'NONE',  ( 238.3273854894817134, 0.000000000000000000, -275.0002636468324795 ) ) ;
#2665 = DIRECTION ( 'NONE',  ( 0.000000000000000000, 0.000000000000000000, -1.000000000000000000 ) ) ;
#2666 = ORIENTED_EDGE ( 'NONE', *, *, #3497, .T. ) ;
#2667 = CARTESIAN_POINT ( 'NONE',  ( -2.598076211353316900, 0.000000000000000000, 0.000000000000000000 ) ) ;
#2668 = FACE_OUTER_BOUND ( 'NONE', #10703, .T. ) ;
#2669 = EDGE_CURVE ( 'NONE', #2755, #4782, #10164, .T. ) ;
#2670 = VERTEX_POINT ( 'NONE', #11779 ) ;
#2671 = STYLED_ITEM ( 'NONE', ( #5013 ), #4326 ) ;
#2672 = APPLICATION_CONTEXT ( 'automotive_design' ) ;
#2673 = DIRECTION ( 'NONE',  ( -1.000000000000000000, 0.000000000000000000, 0.000000000000000000 ) ) ;
#2674 = CARTESIAN_POINT ( 'NONE',  ( 0.000000000000000000, 4.600000000000003197, 0.000000000000000000 ) ) ;
#2675 = CARTESIAN_POINT ( 'NONE',  ( 90.00000000000000000, 0.000000000000000000, 10.00000000000000000 ) ) ;
#2676 = DIRECTION ( 'NONE',  ( 0.000000000000000000, 0.000000000000000000, -1.000000000000000000 ) ) ;
#2677 = CARTESIAN_POINT ( 'NONE',  ( -23.00000000000000000, 34.20000000000000284, 5.000000000000000000 ) ) ;
#2678 = CARTESIAN_POINT ( 'NONE',  ( -11.31370849898490150, -2.500000000000000000, -11.31370849898462261 ) ) ;
#2679 = PRESENTATION_LAYER_ASSIGNMENT (  '', '', ( #295 ) ) ;
#2680 = ORIENTED_EDGE ( 'NONE', *, *, #812, .F. ) ;
#2681 = LINE ( 'NONE', #8253, #2592 ) ;
#2682 = ORIENTED_EDGE ( 'NONE', *, *, #9378, .T. ) ;
#2683 = DIRECTION ( 'NONE',  ( 1.000000000000000000, -0.000000000000000000, -0.000000000000000000 ) ) ;
#2684 = EDGE_CURVE ( 'NONE', #11223, #1117, #10845, .T. ) ;
#2685 = VECTOR ( 'NONE', #11293, 1000.000000000000000 ) ;
#2686 = ORIENTED_EDGE ( 'NONE', *, *, #1317, .T. ) ;
#2687 = LINE ( 'NONE', #5769, #6936 ) ;
#2688 = ORIENTED_EDGE ( 'NONE', *, *, #6193, .F. ) ;
#2689 = CYLINDRICAL_SURFACE ( 'NONE', #4856, 20.00000000000000000 ) ;
#2690 = FILL_AREA_STYLE_COLOUR ( '', #3401 ) ;
#2691 = VECTOR ( 'NONE', #2047, 1000.000000000000000 ) ;
#2692 = CARTESIAN_POINT ( 'NONE',  ( -14.84924240491737102, -5.939696961967007027, -14.84924240491763392 ) ) ;
#2693 = ORIENTED_EDGE ( 'NONE', *, *, #3628, .F. ) ;
#2694 = LINE ( 'NONE', #12179, #7147 ) ;
#2695 = EDGE_CURVE ( 'NONE', #9773, #5715, #11935, .T. ) ;
#2696 = ORIENTED_EDGE ( 'NONE', *, *, #8407, .F. ) ;
#2697 = AXIS2_PLACEMENT_3D ( 'NONE', #2134, #5902, #9873 ) ;
#2698 = CONTEXT_DEPENDENT_SHAPE_REPRESENTATION ( #6464, #3281 ) ;
#2699 = VERTEX_POINT ( 'NONE', #8177 ) ;
#2700 = DIRECTION ( 'NONE',  ( 0.000000000000000000, 0.000000000000000000, 1.000000000000000000 ) ) ;
#2701 =( NAMED_UNIT ( * ) PLANE_ANGLE_UNIT ( ) SI_UNIT ( $, .RADIAN. ) );
#2702 = CARTESIAN_POINT ( 'NONE',  ( 0.000000000000000000, 20.00000000000000000, 10.00000000000000000 ) ) ;
#2703 = CARTESIAN_POINT ( 'NONE',  ( -133.7500000000000000, 20.00000000000000000, 9.999999999999971578 ) ) ;
#2704 = DIRECTION ( 'NONE',  ( -0.000000000000000000, -1.000000000000000000, -0.000000000000000000 ) ) ;
#2705 = AXIS2_PLACEMENT_3D ( 'NONE', #9674, #8003, #10800 ) ;
#2706 = ORIENTED_EDGE ( 'NONE', *, *, #8769, .F. ) ;
#2707 = CYLINDRICAL_SURFACE ( 'NONE', #9566, 44.50000000000000711 ) ;
#2708 = ORIENTED_EDGE ( 'NONE', *, *, #4756, .F. ) ;
#2709 = ORIENTED_EDGE ( 'NONE', *, *, #7227, .F. ) ;
#2710 = EDGE_CURVE ( 'NONE', #11000, #10683, #9908, .T. ) ;
#2711 = EDGE_LOOP ( 'NONE', ( #8863, #8588 ) ) ;
#2712 = CARTESIAN_POINT ( 'NONE',  ( 5.510910596163090344E-15, 24.39999999999999858, 45.00000000000000711 ) ) ;
#2713 = DIRECTION ( 'NONE',  ( 0.000000000000000000, -1.000000000000000000, -0.000000000000000000 ) ) ;
#2714 = CARTESIAN_POINT ( 'NONE',  ( 120.2500000000000284, 0.000000000000000000, -10.24999999999998579 ) ) ;
#2715 = DIRECTION ( 'NONE',  ( 0.000000000000000000, 1.000000000000000000, 0.000000000000000000 ) ) ;
#2716 = EDGE_CURVE ( 'NONE', #8476, #5656, #669, .T. ) ;
#2717 = DIRECTION ( 'NONE',  ( -0.000000000000000000, 0.000000000000000000, 1.000000000000000000 ) ) ;
#2718 = ORIENTED_EDGE ( 'NONE', *, *, #3305, .F. ) ;
#2719 = CYLINDRICAL_SURFACE ( 'NONE', #3408, 9.500000000000000000 ) ;
#2720 = DIRECTION ( 'NONE',  ( 0.000000000000000000, 0.000000000000000000, -1.000000000000000000 ) ) ;
#2721 = EDGE_LOOP ( 'NONE', ( #9973, #5104, #9494, #2773 ) ) ;
#2722 = ADVANCED_FACE ( 'NONE', ( #7300 ), #3278, .F. ) ;
#2723 = DIRECTION ( 'NONE',  ( -0.000000000000000000, 1.000000000000000000, 0.000000000000000000 ) ) ;
#2724 = EDGE_LOOP ( 'NONE', ( #2848, #10873, #3744, #11180 ) ) ;
#2725 = CARTESIAN_POINT ( 'NONE',  ( 0.000000000000000000, 12.00000000000000000, 0.000000000000000000 ) ) ;
#2726 = DIRECTION ( 'NONE',  ( -0.000000000000000000, -0.000000000000000000, 1.000000000000000000 ) ) ;
#2727 = CYLINDRICAL_SURFACE ( 'NONE', #3277, 35.00000000000000000 ) ;
#2728 = ADVANCED_FACE ( 'NONE', ( #2593 ), #8106, .F. ) ;
#2729 =( REPRESENTATION_RELATIONSHIP ('NONE','NONE', #9464, #6461 ) REPRESENTATION_RELATIONSHIP_WITH_TRANSFORMATION ( #4437 )SHAPE_REPRESENTATION_RELATIONSHIP( ) );
#2730 = DIRECTION ( 'NONE',  ( -1.000000000000000000, 0.000000000000000000, 0.000000000000000000 ) ) ;
#2731 = EDGE_CURVE ( 'NONE', #5478, #2242, #5325, .T. ) ;
#2732 = ORIENTED_EDGE ( 'NONE', *, *, #10239, .F. ) ;
#2733 = CARTESIAN_POINT ( 'NONE',  ( 0.000000000000000000, 11.19999999999999751, 0.000000000000000000 ) ) ;
#2734 = ORIENTED_EDGE ( 'NONE', *, *, #333, .T. ) ;
#2735 = CARTESIAN_POINT ( 'NONE',  ( -51.10000000000000142, 10.00000000000000000, 9.999999999999989342 ) ) ;
#2736 = CARTESIAN_POINT ( 'NONE',  ( -20.63749999999999574, 0.000000000000000000, 0.000000000000000000 ) ) ;
#2737 = ORIENTED_EDGE ( 'NONE', *, *, #715, .F. ) ;
#2738 = CARTESIAN_POINT ( 'NONE',  ( 3.643324227463371446E-15, 0.000000000000000000, -29.74999999999997158 ) ) ;
#2739 = ORIENTED_EDGE ( 'NONE', *, *, #9062, .T. ) ;
#2740 = DIRECTION ( 'NONE',  ( 0.000000000000000000, 1.000000000000000000, 0.000000000000000000 ) ) ;
#2741 = ADVANCED_FACE ( 'NONE', ( #9103 ), #6372, .T. ) ;
#2742 = CARTESIAN_POINT ( 'NONE',  ( 0.000000000000000000, -17.81909088590100154, 0.000000000000000000 ) ) ;
#2743 = ORIENTED_EDGE ( 'NONE', *, *, #9980, .F. ) ;
#2744 = CARTESIAN_POINT ( 'NONE',  ( 4.898587196589413026E-15, 29.80000000000000426, 40.00000000000000000 ) ) ;
#2745 = ORIENTED_EDGE ( 'NONE', *, *, #7551, .F. ) ;
#2746 = ORIENTED_EDGE ( 'NONE', *, *, #469, .T. ) ;
#2747 = LINE ( 'NONE', #9326, #5948 ) ;
#2748 = DIRECTION ( 'NONE',  ( 0.000000000000000000, 0.000000000000000000, 1.000000000000000000 ) ) ;
#2749 = DIRECTION ( 'NONE',  ( -0.000000000000000000, -1.000000000000000000, -0.000000000000000000 ) ) ;
#2750 = EDGE_CURVE ( 'NONE', #969, #1699, #12131, .T. ) ;
#2751 = DIRECTION ( 'NONE',  ( 0.000000000000000000, 0.000000000000000000, -1.000000000000000000 ) ) ;
#2752 = DIRECTION ( 'NONE',  ( 1.000000000000000000, 0.000000000000000000, 0.000000000000000000 ) ) ;
#2753 = SHAPE_REPRESENTATION_RELATIONSHIP ( 'NONE' , 'NONE' ,  #11531, #3673 ) ;
#2754 = VECTOR ( 'NONE', #12091, 1000.000000000000000 ) ;
#2755 = VERTEX_POINT ( 'NONE', #1430 ) ;
#2756 = DIRECTION ( 'NONE',  ( 0.000000000000000000, 0.000000000000000000, 1.000000000000000000 ) ) ;
#2757 = VERTEX_POINT ( 'NONE', #566 ) ;
#2758 = ORIENTED_EDGE ( 'NONE', *, *, #180, .F. ) ;
#2759 = ORIENTED_EDGE ( 'NONE', *, *, #10770, .T. ) ;
#2760 = CARTESIAN_POINT ( 'NONE',  ( -20.63749999999999574, 0.000000000000000000, -13.97499999999999964 ) ) ;
#2761 = CIRCLE ( 'NONE', #11883, 45.00000000000000711 ) ;
#2762 = FACE_OUTER_BOUND ( 'NONE', #9486, .T. ) ;
#2763 = EDGE_CURVE ( 'NONE', #9880, #1891, #8959, .T. ) ;
#2764 = DIRECTION ( 'NONE',  ( 0.000000000000000000, 0.000000000000000000, 1.000000000000000000 ) ) ;
#2765 = LINE ( 'NONE', #6548, #8596 ) ;
#2766 = EDGE_CURVE ( 'NONE', #11415, #10966, #3394, .T. ) ;
#2767 = DIRECTION ( 'NONE',  ( 0.000000000000000000, 0.000000000000000000, 1.000000000000000000 ) ) ;
#2768 = VECTOR ( 'NONE', #3570, 1000.000000000000000 ) ;
#2769 = VECTOR ( 'NONE', #7478, 1000.000000000000000 ) ;
#2770 = ORIENTED_EDGE ( 'NONE', *, *, #3700, .F. ) ;
#2771 = DIRECTION ( 'NONE',  ( 0.000000000000000000, 1.000000000000000000, 0.000000000000000000 ) ) ;
#2772 = EDGE_LOOP ( 'NONE', ( #5066, #2759, #4232, #11479 ) ) ;
#2773 = ORIENTED_EDGE ( 'NONE', *, *, #12078, .T. ) ;
#2774 = FACE_BOUND ( 'NONE', #7406, .T. ) ;
#2775 = AXIS2_PLACEMENT_3D ( 'NONE', #4417, #5342, #1515 ) ;
#2776 = EDGE_CURVE ( 'NONE', #8213, #1902, #4390, .T. ) ;
#2777 = CARTESIAN_POINT ( 'NONE',  ( 8.000000000000000000, 0.000000000000000000, 11.00000000000000000 ) ) ;
#2778 = CYLINDRICAL_SURFACE ( 'NONE', #4197, 8.000000000000000000 ) ;
#2779 = CARTESIAN_POINT ( 'NONE',  ( 14.84924240491747582, 20.00000000000000000, 16.94924240491752343 ) ) ;
#2780 = DIRECTION ( 'NONE',  ( -0.000000000000000000, -1.000000000000000000, -0.000000000000000000 ) ) ;
#2781 = AXIS2_PLACEMENT_3D ( 'NONE', #3115, #11393, #8772 ) ;
#2782 = CYLINDRICAL_SURFACE ( 'NONE', #6211, 5.000000000000000000 ) ;
#2783 = EDGE_CURVE ( 'NONE', #9001, #1159, #6250, .T. ) ;
#2784 = FACE_OUTER_BOUND ( 'NONE', #1793, .T. ) ;
#2785 = ORIENTED_EDGE ( 'NONE', *, *, #7613, .T. ) ;
#2786 = DIRECTION ( 'NONE',  ( 0.000000000000000000, 0.000000000000000000, -1.000000000000000000 ) ) ;
#2787 =( LENGTH_UNIT ( ) NAMED_UNIT ( * ) SI_UNIT ( .MILLI., .METRE. ) );
#2788 = AXIS2_PLACEMENT_3D ( 'NONE', #3287, #9114, #1624 ) ;
#2789 = AXIS2_PLACEMENT_3D ( 'NONE', #6092, #10015, #6284 ) ;
#2790 = CARTESIAN_POINT ( 'NONE',  ( -66.17647058823530415, 0.000000000000000000, -35.29411764705883314 ) ) ;
#2791 = EDGE_CURVE ( 'NONE', #4362, #3250, #9170, .T. ) ;
#2792 = ADVANCED_FACE ( 'NONE', ( #5395 ), #11084, .F. ) ;
#2793 = DIRECTION ( 'NONE',  ( 0.000000000000000000, 0.000000000000000000, 1.000000000000000000 ) ) ;
#2794 = ORIENTED_EDGE ( 'NONE', *, *, #11700, .F. ) ;
#2795 = CIRCLE ( 'NONE', #5962, 30.00000000000000000 ) ;
#2796 = DIRECTION ( 'NONE',  ( 0.000000000000000000, -1.000000000000000000, 0.000000000000000000 ) ) ;
#2797 = VECTOR ( 'NONE', #6660, 1000.000000000000000 ) ;
#2798 = PRESENTATION_STYLE_ASSIGNMENT (( #6586 ) ) ;
#2799 = AXIS2_PLACEMENT_3D ( 'NONE', #3876, #2936, #6726 ) ;
#2800 = VECTOR ( 'NONE', #2683, 1000.000000000000000 ) ;
#2801 = LINE ( 'NONE', #9443, #6138 ) ;
#2802 = VERTEX_POINT ( 'NONE', #4636 ) ;
#2803 = DIRECTION ( 'NONE',  ( 0.000000000000000000, 0.000000000000000000, -1.000000000000000000 ) ) ;
#2804 = AXIS2_PLACEMENT_3D ( 'NONE', #11606, #194, #8623 ) ;
#2805 = CIRCLE ( 'NONE', #9742, 2.100000000000004530 ) ;
#2806 = ORIENTED_EDGE ( 'NONE', *, *, #1078, .F. ) ;
#2807 = EDGE_CURVE ( 'NONE', #3021, #8642, #5008, .T. ) ;
#2808 = VECTOR ( 'NONE', #2054, 1000.000000000000000 ) ;
#2809 = EDGE_LOOP ( 'NONE', ( #8058, #1024, #9770, #10521 ) ) ;
#2810 = CARTESIAN_POINT ( 'NONE',  ( 11.31370849898482156, 2.399999999999999467, 11.31370849898470077 ) ) ;
#2811 = SURFACE_STYLE_FILL_AREA ( #2921 ) ;
#2812 = CARTESIAN_POINT ( 'NONE',  ( -90.00000000000000000, 20.00000000000000000, 10.00000000000000000 ) ) ;
#2813 = CIRCLE ( 'NONE', #11333, 35.00000000000000000 ) ;
#2814 = DIRECTION ( 'NONE',  ( 0.000000000000000000, 0.000000000000000000, -1.000000000000000000 ) ) ;
#2815 = AXIS2_PLACEMENT_3D ( 'NONE', #2714, #6547, #757 ) ;
#2816 = DIRECTION ( 'NONE',  ( 0.007261451051829231375, 0.000000000000000000, 0.9999736353167626435 ) ) ;
#2817 = CIRCLE ( 'NONE', #10949, 6.299999999999999822 ) ;
#2818 = ORIENTED_EDGE ( 'NONE', *, *, #6433, .F. ) ;
#2819 = DIRECTION ( 'NONE',  ( -0.000000000000000000, -1.000000000000000000, -0.000000000000000000 ) ) ;
#2820 = ORIENTED_EDGE ( 'NONE', *, *, #3097, .F. ) ;
#2821 = ORIENTED_EDGE ( 'NONE', *, *, #4174, .F. ) ;
#2822 = CIRCLE ( 'NONE', #9331, 8.000000000000000000 ) ;
#2823 = VECTOR ( 'NONE', #5188, 1000.000000000000000 ) ;
#2824 = DIRECTION ( 'NONE',  ( 1.000000000000000000, -5.331723184578448516E-15, 1.125293988491275645E-13 ) ) ;
#2825 = ORIENTED_EDGE ( 'NONE', *, *, #6350, .F. ) ;
#2826 = CARTESIAN_POINT ( 'NONE',  ( -7.306393228788485917E-14, 20.00000000000000000, 18.89999999999999858 ) ) ;
#2827 = DIRECTION ( 'NONE',  ( -0.000000000000000000, -1.000000000000000000, -0.000000000000000000 ) ) ;
#2828 = CARTESIAN_POINT ( 'NONE',  ( 138.3273854894817134, 0.000000000000000000, 9.999736353167461900 ) ) ;
#2829 = DIRECTION ( 'NONE',  ( 0.000000000000000000, 0.000000000000000000, 1.000000000000000000 ) ) ;
#2830 = AXIS2_PLACEMENT_3D ( 'NONE', #7206, #1339, #9253 ) ;
#2831 = ORIENTED_EDGE ( 'NONE', *, *, #4140, .F. ) ;
#2832 = LINE ( 'NONE', #6678, #14 ) ;
#2833 = ORIENTED_EDGE ( 'NONE', *, *, #8789, .F. ) ;
#2834 = DIRECTION ( 'NONE',  ( 0.000000000000000000, 0.000000000000000000, -1.000000000000000000 ) ) ;
#2835 = EDGE_CURVE ( 'NONE', #4316, #4109, #6391, .T. ) ;
#2836 = ORIENTED_EDGE ( 'NONE', *, *, #6793, .T. ) ;
#2837 = EDGE_LOOP ( 'NONE', ( #11666, #6415, #11944, #2556 ) ) ;
#2838 = CARTESIAN_POINT ( 'NONE',  ( -130.0000000000000000, 20.00000000000000000, 10.25000000000001954 ) ) ;
#2839 = CIRCLE ( 'NONE', #3633, 12.50000000000000000 ) ;
#2840 = ADVANCED_FACE ( 'NONE', ( #7474, #12202 ), #7599, .F. ) ;
#2841 = DIRECTION ( 'NONE',  ( 0.000000000000000000, 1.000000000000000000, 0.000000000000000000 ) ) ;
#2842 = DIRECTION ( 'NONE',  ( 1.000000000000000000, 0.000000000000000000, 0.000000000000000000 ) ) ;
#2843 = LINE ( 'NONE', #10416, #2374 ) ;
#2844 = FACE_OUTER_BOUND ( 'NONE', #11581, .T. ) ;
#2845 = CARTESIAN_POINT ( 'NONE',  ( -90.00000000000000000, 20.00000000000000000, -19.99999999999998224 ) ) ;
#2846 = CARTESIAN_POINT ( 'NONE',  ( -2.598076211353316900, 1.163414459189985485E-15, 9.500000000000000000 ) ) ;
#2847 = CIRCLE ( 'NONE', #4637, 17.00000000000000000 ) ;
#2848 = ORIENTED_EDGE ( 'NONE', *, *, #8353, .T. ) ;
#2849 = DIRECTION ( 'NONE',  ( 3.590534112833708514E-16, 0.000000000000000000, -1.000000000000000000 ) ) ;
#2850 = ORIENTED_EDGE ( 'NONE', *, *, #1433, .F. ) ;
#2851 = DIRECTION ( 'NONE',  ( -0.000000000000000000, -1.000000000000000000, -0.000000000000000000 ) ) ;
#2852 = DIRECTION ( 'NONE',  ( -1.000000000000000000, 0.000000000000000000, -1.451090930900692301E-15 ) ) ;
#2853 = ADVANCED_FACE ( 'NONE', ( #9283 ), #3824, .T. ) ;
#2854 = ORIENTED_EDGE ( 'NONE', *, *, #3217, .F. ) ;
#2855 = CARTESIAN_POINT ( 'NONE',  ( 138.3273854894824240, -43.00000000000000000, -89.99973635316756315 ) ) ;
#2856 = AXIS2_PLACEMENT_3D ( 'NONE', #5552, #9513, #2874 ) ;
#2857 = FACE_OUTER_BOUND ( 'NONE', #7759, .T. ) ;
#2858 = ADVANCED_FACE ( 'NONE', ( #875 ), #11327, .F. ) ;
#2859 = DIRECTION ( 'NONE',  ( 0.000000000000000000, 0.000000000000000000, 1.000000000000000000 ) ) ;
#2860 = ORIENTED_EDGE ( 'NONE', *, *, #56, .F. ) ;
#2861 = EDGE_CURVE ( 'NONE', #3607, #1583, #1450, .T. ) ;
#2862 = DIRECTION ( 'NONE',  ( 1.000000000000000000, -0.000000000000000000, 1.451090930900692498E-15 ) ) ;
#2863 = ORIENTED_EDGE ( 'NONE', *, *, #7227, .T. ) ;
#2864 = CARTESIAN_POINT ( 'NONE',  ( -16.86149459567567632, 29.80000000000000426, 6.299999999999998934 ) ) ;
#2865 = PRODUCT ( 'Link3RightLShape', 'Link3RightLShape', '', ( #9832 ) ) ;
#2866 = EDGE_CURVE ( 'NONE', #9108, #2509, #3008, .T. ) ;
#2867 = ORIENTED_EDGE ( 'NONE', *, *, #4924, .F. ) ;
#2868 = FACE_OUTER_BOUND ( 'NONE', #4914, .T. ) ;
#2869 = CIRCLE ( 'NONE', #6836, 5.000000000000000000 ) ;
#2870 = DIRECTION ( 'NONE',  ( -0.000000000000000000, -1.000000000000000000, -0.000000000000000000 ) ) ;
#2871 = CARTESIAN_POINT ( 'NONE',  ( -30.00000000000000000, 0.000000000000000000, 10.00000000000000000 ) ) ;
#2872 = FACE_OUTER_BOUND ( 'NONE', #10044, .T. ) ;
#2873 = EDGE_CURVE ( 'NONE', #6413, #12050, #2625, .T. ) ;
#2874 = DIRECTION ( 'NONE',  ( 0.000000000000000000, 0.000000000000000000, 1.000000000000000000 ) ) ;
#2875 = EDGE_CURVE ( 'NONE', #6233, #6911, #10403, .T. ) ;
#2876 =( NAMED_UNIT ( * ) SI_UNIT ( $, .STERADIAN. ) SOLID_ANGLE_UNIT ( ) );
#2877 = VECTOR ( 'NONE', #4165, 1000.000000000000000 ) ;
#2878 = ORIENTED_EDGE ( 'NONE', *, *, #10878, .T. ) ;
#2879 = CARTESIAN_POINT ( 'NONE',  ( 14.84924240491768188, 20.00000000000000000, -16.94924240491731737 ) ) ;
#2880 = ORIENTED_EDGE ( 'NONE', *, *, #3541, .T. ) ;
#2881 = ORIENTED_EDGE ( 'NONE', *, *, #731, .F. ) ;
#2882 = DIRECTION ( 'NONE',  ( 4.862240396192575608E-14, -0.9017958746380073665, -0.4321622386163226914 ) ) ;
#2883 = VERTEX_POINT ( 'NONE', #2828 ) ;
#2884 = DIRECTION ( 'NONE',  ( 1.000000000000000000, 0.000000000000000000, 0.000000000000000000 ) ) ;
#2885 = CYLINDRICAL_SURFACE ( 'NONE', #838, 2.000000000000001776 ) ;
#2886 = CARTESIAN_POINT ( 'NONE',  ( 4.898587196589413026E-15, 27.60000000000000142, 40.00000000000000000 ) ) ;
#2887 = ADVANCED_FACE ( 'NONE', ( #53, #8469 ), #12076, .F. ) ;
#2888 = LINE ( 'NONE', #3699, #5623 ) ;
#2889 = PLANE ( 'NONE',  #12094 ) ;
#2890 = ORIENTED_EDGE ( 'NONE', *, *, #10225, .T. ) ;
#2891 = DIRECTION ( 'NONE',  ( 0.000000000000000000, 0.000000000000000000, 1.000000000000000000 ) ) ;
#2892 = ORIENTED_EDGE ( 'NONE', *, *, #10497, .T. ) ;
#2893 = ORIENTED_EDGE ( 'NONE', *, *, #6938, .F. ) ;
#2894 =( NAMED_UNIT ( * ) SI_UNIT ( $, .STERADIAN. ) SOLID_ANGLE_UNIT ( ) );
#2895 = DIRECTION ( 'NONE',  ( -0.000000000000000000, 1.000000000000000000, -0.000000000000000000 ) ) ;
#2896 = DIRECTION ( 'NONE',  ( 0.000000000000000000, -1.000000000000000000, 0.000000000000000000 ) ) ;
#2897 = FACE_OUTER_BOUND ( 'NONE', #9482, .T. ) ;
#2898 = CARTESIAN_POINT ( 'NONE',  ( -21.00000000000000000, -5.939696961967007027, 2.099999999999853095 ) ) ;
#2899 = CARTESIAN_POINT ( 'NONE',  ( 30.00000000000000000, 0.000000000000000000, -10.00000000000000000 ) ) ;
#2900 = EDGE_CURVE ( 'NONE', #9137, #1446, #3578, .T. ) ;
#2901 = DIRECTION ( 'NONE',  ( 3.545536741751475049E-16, -0.000000000000000000, 1.000000000000000000 ) ) ;
#2902 = CARTESIAN_POINT ( 'NONE',  ( 0.000000000000000000, 0.000000000000000000, -10.00000000000000000 ) ) ;
#2903 = EDGE_LOOP ( 'NONE', ( #6283, #2142, #7226, #10666 ) ) ;
#2904 = CYLINDRICAL_SURFACE ( 'NONE', #2222, 1.999999999999999556 ) ;
#2905 = DIRECTION ( 'NONE',  ( -0.000000000000000000, 1.000000000000000000, -0.000000000000000000 ) ) ;
#2906 = ORIENTED_EDGE ( 'NONE', *, *, #4077, .F. ) ;
#2907 = DIRECTION ( 'NONE',  ( 0.000000000000000000, 1.000000000000000000, 0.000000000000000000 ) ) ;
#2908 = CARTESIAN_POINT ( 'NONE',  ( 0.000000000000000000, 20.00000000000000000, 0.000000000000000000 ) ) ;
#2909 = VERTEX_POINT ( 'NONE', #2886 ) ;
#2910 = CARTESIAN_POINT ( 'NONE',  ( 138.3273854894824240, -39.99999999999999289, -9.999736353167559599 ) ) ;
#2911 = CARTESIAN_POINT ( 'NONE',  ( 21.00000000000000000, -5.939696961967007027, 0.000000000000000000 ) ) ;
#2912 = ADVANCED_BREP_SHAPE_REPRESENTATION ( '', ( #8525, #10290 ), #5360 ) ;
#2913 = CARTESIAN_POINT ( 'NONE',  ( -7.000000000000001776, 29.80000000000000426, 18.73499399519520026 ) ) ;
#2914 = EDGE_LOOP ( 'NONE', ( #5733, #2078, #524, #1621 ) ) ;
#2915 = ADVANCED_FACE ( 'NONE', ( #4569 ), #10223, .F. ) ;
#2916 = DIRECTION ( 'NONE',  ( -0.000000000000000000, -1.000000000000000000, -0.000000000000000000 ) ) ;
#2917 = ORIENTED_EDGE ( 'NONE', *, *, #812, .T. ) ;
#2918 = CARTESIAN_POINT ( 'NONE',  ( 14.84924240491747582, -5.939696961967007027, 12.74924240491752592 ) ) ;
#2919 = ORIENTED_EDGE ( 'NONE', *, *, #9236, .F. ) ;
#2920 = CARTESIAN_POINT ( 'NONE',  ( 0.000000000000000000, 15.59999999999999964, 0.000000000000000000 ) ) ;
#2921 = FILL_AREA_STYLE ('',( #5617 ) ) ;
#2922 = CARTESIAN_POINT ( 'NONE',  ( 0.000000000000000000, 22.20000000000000284, 0.000000000000000000 ) ) ;
#2923 = EDGE_CURVE ( 'NONE', #5001, #131, #5987, .T. ) ;
#2924 = DIRECTION ( 'NONE',  ( 0.000000000000000000, 1.000000000000000000, 0.000000000000000000 ) ) ;
#2925 = CARTESIAN_POINT ( 'NONE',  ( 0.000000000000000000, 27.60000000000000142, 0.000000000000000000 ) ) ;
#2926 =( LENGTH_UNIT ( ) NAMED_UNIT ( * ) SI_UNIT ( .MILLI., .METRE. ) );
#2927 = EDGE_CURVE ( 'NONE', #10069, #4724, #11529, .T. ) ;
#2928 = ORIENTED_EDGE ( 'NONE', *, *, #1952, .T. ) ;
#2929 = PRODUCT_DEFINITION_CONTEXT ( 'detailed design', #11205, 'design' ) ;
#2930 = FACE_OUTER_BOUND ( 'NONE', #7222, .T. ) ;
#2931 = EDGE_LOOP ( 'NONE', ( #9388, #6853, #11917, #2821 ) ) ;
#2932 = EDGE_LOOP ( 'NONE', ( #11014, #4892 ) ) ;
#2933 = DIRECTION ( 'NONE',  ( -1.177440827526701336E-13, 3.261280134836397337E-16, 1.000000000000000222 ) ) ;
#2934 = ORIENTED_EDGE ( 'NONE', *, *, #7193, .T. ) ;
#2935 = ADVANCED_FACE ( 'NONE', ( #3644 ), #11210, .F. ) ;
#2936 = DIRECTION ( 'NONE',  ( 0.000000000000000000, 1.000000000000000000, 0.000000000000000000 ) ) ;
#2937 = ADVANCED_FACE ( 'NONE', ( #6983 ), #8710, .F. ) ;
#2938 = LINE ( 'NONE', #293, #11904 ) ;
#2939 = LINE ( 'NONE', #3193, #6192 ) ;
#2940 =( LENGTH_UNIT ( ) NAMED_UNIT ( * ) SI_UNIT ( .MILLI., .METRE. ) );
#2941 = ORIENTED_EDGE ( 'NONE', *, *, #4809, .F. ) ;
#2942 = FACE_BOUND ( 'NONE', #2932, .T. ) ;
#2943 = APPLICATION_CONTEXT ( 'automotive_design' ) ;
#2944 = ORIENTED_EDGE ( 'NONE', *, *, #1828, .F. ) ;
#2945 = ORIENTED_EDGE ( 'NONE', *, *, #8097, .F. ) ;
#2946 = AXIS2_PLACEMENT_3D ( 'NONE', #3683, #857, #4682 ) ;
#2947 = ORIENTED_EDGE ( 'NONE', *, *, #9020, .F. ) ;
#2948 = DIRECTION ( 'NONE',  ( 0.000000000000000000, 0.000000000000000000, 1.000000000000000000 ) ) ;
#2949 = FACE_BOUND ( 'NONE', #12040, .T. ) ;
#2950 = LINE ( 'NONE', #3210, #11530 ) ;
#2951 = DIRECTION ( 'NONE',  ( 0.000000000000000000, 0.000000000000000000, -1.000000000000000000 ) ) ;
#2952 = CARTESIAN_POINT ( 'NONE',  ( 0.000000000000000000, 0.000000000000000000, 0.000000000000000000 ) ) ;
#2953 = CARTESIAN_POINT ( 'NONE',  ( 21.00000000000000000, -5.939696961967007027, -2.100000000000000533 ) ) ;
#2954 = CIRCLE ( 'NONE', #3746, 2.499999999999998668 ) ;
#2955 = AXIS2_PLACEMENT_3D ( 'NONE', #3093, #3037, #9669 ) ;
#2956 = ADVANCED_FACE ( 'NONE', ( #2282 ), #8649, .T. ) ;
#2957 = DIRECTION ( 'NONE',  ( 0.000000000000000000, 0.000000000000000000, -1.000000000000000000 ) ) ;
#2958 = PRODUCT ( 'Flange', 'Flange', '', ( #2277 ) ) ;
#2959 = ORIENTED_EDGE ( 'NONE', *, *, #4950, .F. ) ;
#2960 = DIRECTION ( 'NONE',  ( 1.000000000000000000, 0.000000000000000000, 0.000000000000000000 ) ) ;
#2961 = FACE_BOUND ( 'NONE', #4704, .T. ) ;
#2962 = ORIENTED_EDGE ( 'NONE', *, *, #6812, .F. ) ;
#2963 = AXIS2_PLACEMENT_3D ( 'NONE', #11662, #2369, #3102 ) ;
#2964 = CARTESIAN_POINT ( 'NONE',  ( 238.3273854894817134, -39.99999999999999289, -95.00026364683247948 ) ) ;
#2965 = DIRECTION ( 'NONE',  ( -0.000000000000000000, -1.000000000000000000, -0.000000000000000000 ) ) ;
#2966 = AXIS2_PLACEMENT_3D ( 'NONE', #11740, #3971, #8685 ) ;
#2967 = AXIS2_PLACEMENT_3D ( 'NONE', #9696, #10679, #2203 ) ;
#2968 = AXIS2_PLACEMENT_3D ( 'NONE', #7595, #1906, #11384 ) ;
#2969 = VERTEX_POINT ( 'NONE', #233 ) ;
#2970 = CARTESIAN_POINT ( 'NONE',  ( -0.3864906208435106572, 0.000000000000000000, 13.97499999999999964 ) ) ;
#2971 = CARTESIAN_POINT ( 'NONE',  ( 21.00000000000000000, 20.00000000000000000, -2.100000000000000533 ) ) ;
#2972 = CARTESIAN_POINT ( 'NONE',  ( 21.00000000000000000, -5.939696961967007027, 0.000000000000000000 ) ) ;
#2973 = ADVANCED_FACE ( 'NONE', ( #4934 ), #294, .T. ) ;
#2974 = DIRECTION ( 'NONE',  ( 0.000000000000000000, 0.000000000000000000, 1.000000000000000000 ) ) ;
#2975 = VECTOR ( 'NONE', #6328, 1000.000000000000000 ) ;
#2976 = AXIS2_PLACEMENT_3D ( 'NONE', #6340, #8446, #9209 ) ;
#2977 = VERTEX_POINT ( 'NONE', #3125 ) ;
#2978 = CARTESIAN_POINT ( 'NONE',  ( -25.00000000000000000, 34.20000000000000284, -3.000000000000000000 ) ) ;
#2979 = CARTESIAN_POINT ( 'NONE',  ( 0.000000000000000000, 27.60000000000000142, 0.000000000000000000 ) ) ;
#2980 = EDGE_CURVE ( 'NONE', #527, #12054, #3416, .T. ) ;
#2981 = EDGE_LOOP ( 'NONE', ( #1559, #10546 ) ) ;
#2982 = DIRECTION ( 'NONE',  ( -0.000000000000000000, 1.000000000000000000, -0.000000000000000000 ) ) ;
#2983 = VECTOR ( 'NONE', #11962, 1000.000000000000000 ) ;
#2984 = ORIENTED_EDGE ( 'NONE', *, *, #6793, .F. ) ;
#2985 = LINE ( 'NONE', #7692, #5917 ) ;
#2986 = CARTESIAN_POINT ( 'NONE',  ( 0.000000000000000000, 0.000000000000000000, 0.000000000000000000 ) ) ;
#2987 = CIRCLE ( 'NONE', #5180, 20.00000000000000000 ) ;
#2988 = DIRECTION ( 'NONE',  ( 2.250437420865466312E-16, -0.000000000000000000, 1.000000000000000000 ) ) ;
#2989 = AXIS2_PLACEMENT_3D ( 'NONE', #657, #11231, #4419 ) ;
#2990 = ADVANCED_FACE ( 'NONE', ( #5071 ), #2028, .T. ) ;
#2991 = PLANE ( 'NONE',  #8348 ) ;
#2992 = CARTESIAN_POINT ( 'NONE',  ( 0.000000000000000000, 35.39999999999999858, 0.000000000000000000 ) ) ;
#2993 = SURFACE_STYLE_USAGE ( .BOTH. , #5056 ) ;
#2994 =( NAMED_UNIT ( * ) SI_UNIT ( $, .STERADIAN. ) SOLID_ANGLE_UNIT ( ) );
#2995 = AXIS2_PLACEMENT_3D ( 'NONE', #10621, #1029, #3866 ) ;
#2996 = VECTOR ( 'NONE', #10229, 1000.000000000000000 ) ;
#2997 = CIRCLE ( 'NONE', #8952, 99.99999999999997158 ) ;
#2998 = VECTOR ( 'NONE', #4329, 1000.000000000000000 ) ;
#2999 = ORIENTED_EDGE ( 'NONE', *, *, #10771, .T. ) ;
#3000 = EDGE_CURVE ( 'NONE', #2020, #10047, #1048, .T. ) ;
#3001 = LINE ( 'NONE', #6788, #202 ) ;
#3002 = EDGE_LOOP ( 'NONE', ( #3343, #5237 ) ) ;
#3003 = ORIENTED_EDGE ( 'NONE', *, *, #11306, .F. ) ;
#3004 = EDGE_CURVE ( 'NONE', #1473, #2370, #7770, .T. ) ;
#3005 =( LENGTH_UNIT ( ) NAMED_UNIT ( * ) SI_UNIT ( .MILLI., .METRE. ) );
#3006 = EDGE_LOOP ( 'NONE', ( #7421, #10704, #6834, #8095 ) ) ;
#3007 = CARTESIAN_POINT ( 'NONE',  ( 99.92738548948166510, 3.000000000000000000, -380.0002636468324226 ) ) ;
#3008 = CIRCLE ( 'NONE', #2815, 9.750000000000000000 ) ;
#3009 = AXIS2_PLACEMENT_3D ( 'NONE', #6130, #9926, #1447 ) ;
#3010 = EDGE_CURVE ( 'NONE', #9421, #6844, #4216, .T. ) ;
#3011 = DIRECTION ( 'NONE',  ( -0.000000000000000000, -1.000000000000000000, -0.000000000000000000 ) ) ;
#3012 = CARTESIAN_POINT ( 'NONE',  ( 0.000000000000000000, 43.00000000000000000, 0.000000000000000000 ) ) ;
#3013 = AXIS2_PLACEMENT_3D ( 'NONE', #118, #7480, #8653 ) ;
#3014 = DIRECTION ( 'NONE',  ( -2.745056929018243809E-16, 0.000000000000000000, -1.000000000000000000 ) ) ;
#3015 = EDGE_CURVE ( 'NONE', #12108, #7772, #5794, .T. ) ;
#3016 = COLOUR_RGB ( '',0.7921568627450980005, 0.8196078431372548767, 0.9333333333333333481 ) ;
#3017 = CIRCLE ( 'NONE', #471, 2.500000000000000444 ) ;
#3018 = ORIENTED_EDGE ( 'NONE', *, *, #5474, .F. ) ;
#3019 = EDGE_CURVE ( 'NONE', #9999, #3295, #2939, .T. ) ;
#3020 = CARTESIAN_POINT ( 'NONE',  ( -75.00000000000000000, 20.00000000000000000, -10.00000000000000178 ) ) ;
#3021 = VERTEX_POINT ( 'NONE', #5863 ) ;
#3022 = EDGE_LOOP ( 'NONE', ( #7002, #6424, #1041, #4940 ) ) ;
#3023 = ORIENTED_EDGE ( 'NONE', *, *, #6527, .T. ) ;
#3024 = CARTESIAN_POINT ( 'NONE',  ( 22.36067977499791581, 20.00000000000000000, -19.99999999999997868 ) ) ;
#3025 = PLANE ( 'NONE',  #6662 ) ;
#3026 = EDGE_CURVE ( 'NONE', #4585, #8012, #4002, .T. ) ;
#3027 = CYLINDRICAL_SURFACE ( 'NONE', #6183, 35.00000000000000000 ) ;
#3028 = DIRECTION ( 'NONE',  ( 0.000000000000000000, 0.000000000000000000, 1.000000000000000000 ) ) ;
#3029 = DIRECTION ( 'NONE',  ( -0.000000000000000000, 1.000000000000000000, -0.000000000000000000 ) ) ;
#3030 = EDGE_CURVE ( 'NONE', #12007, #1000, #11543, .T. ) ;
#3031 = DIRECTION ( 'NONE',  ( 0.000000000000000000, 0.000000000000000000, -1.000000000000000000 ) ) ;
#3032 = ORIENTED_EDGE ( 'NONE', *, *, #5044, .T. ) ;
#3033 = FACE_OUTER_BOUND ( 'NONE', #3987, .T. ) ;
#3034 = DIRECTION ( 'NONE',  ( 0.000000000000000000, 1.000000000000000000, 0.000000000000000000 ) ) ;
#3035 = ORIENTED_EDGE ( 'NONE', *, *, #11292, .T. ) ;
#3036 = VECTOR ( 'NONE', #10274, 1000.000000000000000 ) ;
#3037 = DIRECTION ( 'NONE',  ( 0.000000000000000000, 1.000000000000000000, 0.000000000000000000 ) ) ;
#3038 = FACE_OUTER_BOUND ( 'NONE', #1051, .T. ) ;
#3039 = ORIENTED_EDGE ( 'NONE', *, *, #7832, .T. ) ;
#3040 = DIRECTION ( 'NONE',  ( -0.000000000000000000, 0.000000000000000000, 1.000000000000000000 ) ) ;
#3041 = CARTESIAN_POINT ( 'NONE',  ( 4.400000000000001243, 1.959434878635765131E-15, 16.00000000000000000 ) ) ;
#3042 = DIRECTION ( 'NONE',  ( 0.000000000000000000, 1.000000000000000000, 0.000000000000000000 ) ) ;
#3043 = AXIS2_PLACEMENT_3D ( 'NONE', #10694, #2220, #7976 ) ;
#3044 = EDGE_CURVE ( 'NONE', #12065, #222, #1850, .T. ) ;
#3045 = DIRECTION ( 'NONE',  ( -0.000000000000000000, 1.000000000000000000, -0.000000000000000000 ) ) ;
#3046 = ORIENTED_EDGE ( 'NONE', *, *, #5759, .F. ) ;
#3047 = DIRECTION ( 'NONE',  ( 0.000000000000000000, 0.000000000000000000, 1.000000000000000000 ) ) ;
#3048 = ORIENTED_EDGE ( 'NONE', *, *, #7558, .F. ) ;
#3049 = CARTESIAN_POINT ( 'NONE',  ( 11.31370849898482156, 7.066904755831209251, 9.663708498984702189 ) ) ;
#3050 = AXIS2_PLACEMENT_3D ( 'NONE', #3245, #398, #1340 ) ;
#3051 = VERTEX_POINT ( 'NONE', #11574 ) ;
#3052 = CARTESIAN_POINT ( 'NONE',  ( -1.675911042644704011E-13, 7.066904755831209251, -15.99999999999999645 ) ) ;
#3053 = CARTESIAN_POINT ( 'NONE',  ( -14.84924240491737102, -5.939696961967007027, -14.84924240491763392 ) ) ;
#3054 = FACE_OUTER_BOUND ( 'NONE', #351, .T. ) ;
#3055 = CARTESIAN_POINT ( 'NONE',  ( 2.199633243471174140E-13, 20.00000000000000000, -20.99999999999999645 ) ) ;
#3056 = LINE ( 'NONE', #10443, #267 ) ;
#3057 = EDGE_CURVE ( 'NONE', #12108, #8066, #9651, .T. ) ;
#3058 = DIRECTION ( 'NONE',  ( -1.000000000000000000, 0.000000000000000000, 0.000000000000000000 ) ) ;
#3059 = VECTOR ( 'NONE', #622, 1000.000000000000000 ) ;
#3060 = ORIENTED_EDGE ( 'NONE', *, *, #10239, .T. ) ;
#3061 = DIRECTION ( 'NONE',  ( 0.000000000000000000, 0.000000000000000000, -1.000000000000000000 ) ) ;
#3062 = VERTEX_POINT ( 'NONE', #2090 ) ;
#3063 = AXIS2_PLACEMENT_3D ( 'NONE', #11858, #12110, #10940 ) ;
#3064 = ORIENTED_EDGE ( 'NONE', *, *, #10404, .F. ) ;
#3065 = DIRECTION ( 'NONE',  ( 1.117271397870441506E-13, -3.191891195797324561E-16, -1.000000000000000000 ) ) ;
#3066 = ORIENTED_EDGE ( 'NONE', *, *, #5144, .T. ) ;
#3067 = FACE_BOUND ( 'NONE', #8612, .T. ) ;
#3068 = DIRECTION ( 'NONE',  ( -0.000000000000000000, 1.000000000000000000, -0.000000000000000000 ) ) ;
#3069 = PRODUCT_DEFINITION_SHAPE ( 'NONE', 'NONE',  #12257 ) ;
#3070 = CARTESIAN_POINT ( 'NONE',  ( 130.0000000000000000, 20.00000000000000000, -9.999999999999998224 ) ) ;
#3071 = DIRECTION ( 'NONE',  ( 1.387778780781445478E-15, 0.000000000000000000, 1.000000000000000000 ) ) ;
#3072 = CIRCLE ( 'NONE', #10020, 15.40000000000000036 ) ;
#3073 = ORIENTED_EDGE ( 'NONE', *, *, #10351, .F. ) ;
#3074 = EDGE_CURVE ( 'NONE', #5558, #4561, #1164, .T. ) ;
#3075 = LINE ( 'NONE', #5996, #2630 ) ;
#3076 = ORIENTED_EDGE ( 'NONE', *, *, #1826, .F. ) ;
#3077 = ORIENTED_EDGE ( 'NONE', *, *, #9157, .T. ) ;
#3078 = ORIENTED_EDGE ( 'NONE', *, *, #9085, .F. ) ;
#3079 = CARTESIAN_POINT ( 'NONE',  ( -238.4000000000000625, 20.00000000000000000, -155.0000000000000568 ) ) ;
#3080 = AXIS2_PLACEMENT_3D ( 'NONE', #2192, #1466, #8826 ) ;
#3081 = DIRECTION ( 'NONE',  ( -0.000000000000000000, -0.000000000000000000, -1.000000000000000000 ) ) ;
#3082 = FACE_OUTER_BOUND ( 'NONE', #3437, .T. ) ;
#3083 = DIRECTION ( 'NONE',  ( -0.007261451051829059637, -0.000000000000000000, 0.9999736353167626435 ) ) ;
#3084 = CARTESIAN_POINT ( 'NONE',  ( -0.07261451051828989034, -39.99999999999999289, 9.999736353167531178 ) ) ;
#3085 = ADVANCED_FACE ( 'NONE', ( #8782 ), #7843, .T. ) ;
#3086 = DIRECTION ( 'NONE',  ( -1.000000000000000000, 0.000000000000000000, 0.000000000000000000 ) ) ;
#3087 = FACE_OUTER_BOUND ( 'NONE', #9189, .T. ) ;
#3088 = ORIENTED_EDGE ( 'NONE', *, *, #8471, .F. ) ;
#3089 = EDGE_CURVE ( 'NONE', #6156, #10524, #1592, .T. ) ;
#3090 = DIRECTION ( 'NONE',  ( -0.000000000000000000, -1.000000000000000000, -0.000000000000000000 ) ) ;
#3091 = CARTESIAN_POINT ( 'NONE',  ( -5.000000000000000888, 0.000000000000000000, -9.500000000000000000 ) ) ;
#3092 = EDGE_LOOP ( 'NONE', ( #189, #6611 ) ) ;
#3093 = CARTESIAN_POINT ( 'NONE',  ( 0.000000000000000000, 0.000000000000000000, 0.000000000000000000 ) ) ;
#3094 = LINE ( 'NONE', #6935, #4963 ) ;
#3095 = VERTEX_POINT ( 'NONE', #12011 ) ;
#3096 = FACE_OUTER_BOUND ( 'NONE', #4066, .T. ) ;
#3097 = EDGE_CURVE ( 'NONE', #5947, #10060, #419, .T. ) ;
#3098 = EDGE_CURVE ( 'NONE', #3328, #8491, #8899, .T. ) ;
#3099 = DIRECTION ( 'NONE',  ( 0.000000000000000000, 1.000000000000000000, 0.000000000000000000 ) ) ;
#3100 = DIRECTION ( 'NONE',  ( 0.000000000000000000, 0.000000000000000000, 1.000000000000000000 ) ) ;
#3101 = VERTEX_POINT ( 'NONE', #10882 ) ;
#3102 = DIRECTION ( 'NONE',  ( 0.000000000000000000, 0.000000000000000000, 1.000000000000000000 ) ) ;
#3103 = ORIENTED_EDGE ( 'NONE', *, *, #1912, .F. ) ;
#3104 = CARTESIAN_POINT ( 'NONE',  ( 14.84924240491768188, 20.00000000000000000, -14.84924240491732128 ) ) ;
#3105 = EDGE_LOOP ( 'NONE', ( #1766, #2332 ) ) ;
#3106 = CYLINDRICAL_SURFACE ( 'NONE', #6924, 9.750000000000000000 ) ;
#3107 = EDGE_LOOP ( 'NONE', ( #3442, #10914 ) ) ;
#3108 = EDGE_CURVE ( 'NONE', #11943, #3831, #554, .T. ) ;
#3109 = DIRECTION ( 'NONE',  ( -0.000000000000000000, 1.000000000000000000, -0.000000000000000000 ) ) ;
#3110 = LINE ( 'NONE', #396, #2877 ) ;
#3111 = DIRECTION ( 'NONE',  ( 0.000000000000000000, -0.000000000000000000, -1.000000000000000000 ) ) ;
#3112 = LINE ( 'NONE', #5851, #9578 ) ;
#3113 = DIRECTION ( 'NONE',  ( -0.000000000000000000, -0.000000000000000000, -1.000000000000000000 ) ) ;
#3114 = CARTESIAN_POINT ( 'NONE',  ( 21.00000000000000000, 0.000000000000000000, 2.100000000000000533 ) ) ;
#3115 = CARTESIAN_POINT ( 'NONE',  ( 130.0000000000000000, 0.000000000000000000, -9.999999999999998224 ) ) ;
#3116 = EDGE_LOOP ( 'NONE', ( #8304, #28, #7497, #7840 ) ) ;
#3117 = CARTESIAN_POINT ( 'NONE',  ( -14.84924240491757885, -5.939696961967007027, 14.84924240491742076 ) ) ;
#3118 = VERTEX_POINT ( 'NONE', #7166 ) ;
#3119 = VERTEX_POINT ( 'NONE', #2337 ) ;
#3120 = SHAPE_DEFINITION_REPRESENTATION ( #3949, #6461 ) ;
#3121 = ORIENTED_EDGE ( 'NONE', *, *, #1590, .F. ) ;
#3122 = EDGE_CURVE ( 'NONE', #2388, #6526, #683, .T. ) ;
#3123 = LINE ( 'NONE', #1225, #1822 ) ;
#3124 = DIRECTION ( 'NONE',  ( -0.000000000000000000, -1.000000000000000000, -0.000000000000000000 ) ) ;
#3125 = CARTESIAN_POINT ( 'NONE',  ( 0.000000000000000000, 0.000000000000000000, -5.000000000000000000 ) ) ;
#3126 =( NAMED_UNIT ( * ) SI_UNIT ( $, .STERADIAN. ) SOLID_ANGLE_UNIT ( ) );
#3127 = ORIENTED_EDGE ( 'NONE', *, *, #11044, .F. ) ;
#3128 = CARTESIAN_POINT ( 'NONE',  ( 0.000000000000000000, 0.000000000000000000, 12.00000000000000000 ) ) ;
#3129 = ORIENTED_EDGE ( 'NONE', *, *, #6169, .T. ) ;
#3130 = VERTEX_POINT ( 'NONE', #6171 ) ;
#3131 = ORIENTED_EDGE ( 'NONE', *, *, #10014, .F. ) ;
#3132 = ADVANCED_FACE ( 'NONE', ( #10080 ), #5376, .F. ) ;
#3133 = CARTESIAN_POINT ( 'NONE',  ( -90.00000000000000000, 0.000000000000000000, 20.00000000000001066 ) ) ;
#3134 = CARTESIAN_POINT ( 'NONE',  ( 0.000000000000000000, 20.00000000000000000, 0.000000000000000000 ) ) ;
#3135 = DIRECTION ( 'NONE',  ( 0.000000000000000000, 0.000000000000000000, 1.000000000000000000 ) ) ;
#3136 = DIRECTION ( 'NONE',  ( 0.000000000000000000, -1.000000000000000000, 0.000000000000000000 ) ) ;
#3137 = CARTESIAN_POINT ( 'NONE',  ( 11.31370849898465991, 2.399999999999999467, -11.31370849898485886 ) ) ;
#3138 = ADVANCED_FACE ( 'NONE', ( #9036 ), #4310, .F. ) ;
#3139 = CARTESIAN_POINT ( 'NONE',  ( 0.000000000000000000, 20.00000000000000000, -10.00000000000000000 ) ) ;
#3140 = AXIS2_PLACEMENT_3D ( 'NONE', #9270, #11136, #10258 ) ;
#3141 = PLANE ( 'NONE',  #9706 ) ;
#3142 = AXIS2_PLACEMENT_3D ( 'NONE', #3372, #7162, #10956 ) ;
#3143 = ORIENTED_EDGE ( 'NONE', *, *, #10943, .T. ) ;
#3144 = CARTESIAN_POINT ( 'NONE',  ( 0.000000000000000000, 0.000000000000000000, 0.000000000000000000 ) ) ;
#3145 = ORIENTED_EDGE ( 'NONE', *, *, #5527, .F. ) ;
#3146 = DIRECTION ( 'NONE',  ( -0.000000000000000000, 1.000000000000000000, -0.000000000000000000 ) ) ;
#3147 = PRODUCT_DEFINITION ( 'UNKNOWN', '', #12095, #2929 ) ;
#3148 = CARTESIAN_POINT ( 'NONE',  ( 0.000000000000000000, 35.39999999999999858, 0.000000000000000000 ) ) ;
#3149 = ORIENTED_EDGE ( 'NONE', *, *, #3640, .F. ) ;
#3150 = CARTESIAN_POINT ( 'NONE',  ( 2.199633243471174140E-13, 22.72893218813453231, -20.99999999999999645 ) ) ;
#3151 = DIRECTION ( 'NONE',  ( -0.000000000000000000, 1.000000000000000000, -0.000000000000000000 ) ) ;
#3152 = VECTOR ( 'NONE', #3136, 1000.000000000000000 ) ;
#3153 = CIRCLE ( 'NONE', #5348, 2.100000000000000533 ) ;
#3154 = EDGE_CURVE ( 'NONE', #6490, #304, #11949, .T. ) ;
#3155 = FILL_AREA_STYLE ('',( #9863 ) ) ;
#3156 = ORIENTED_EDGE ( 'NONE', *, *, #7431, .F. ) ;
#3157 = CARTESIAN_POINT ( 'NONE',  ( -0.07261451051828989034, 3.000000000000000000, 9.999736353167531178 ) ) ;
#3158 = AXIS2_PLACEMENT_3D ( 'NONE', #7819, #4972, #9008 ) ;
#3159 = ORIENTED_EDGE ( 'NONE', *, *, #4298, .F. ) ;
#3160 = EDGE_CURVE ( 'NONE', #4931, #1618, #6987, .T. ) ;
#3161 = CARTESIAN_POINT ( 'NONE',  ( -11.31370849898490150, -2.500000000000000000, -9.663708498984624029 ) ) ;
#3162 = EDGE_CURVE ( 'NONE', #549, #5150, #9160, .T. ) ;
#3163 = VECTOR ( 'NONE', #6027, 1000.000000000000000 ) ;
#3164 = AXIS2_PLACEMENT_3D ( 'NONE', #7303, #11087, #5976 ) ;
#3165 = AXIS2_PLACEMENT_3D ( 'NONE', #225, #9588, #6722 ) ;
#3166 = VERTEX_POINT ( 'NONE', #11764 ) ;
#3167 = CARTESIAN_POINT ( 'NONE',  ( 5.376199448256879473E-15, 0.000000000000000000, -42.79999999999996874 ) ) ;
#3168 = ORIENTED_EDGE ( 'NONE', *, *, #4379, .F. ) ;
#3169 = DIRECTION ( 'NONE',  ( 0.000000000000000000, 0.000000000000000000, 1.000000000000000000 ) ) ;
#3170 = CIRCLE ( 'NONE', #10502, 2.100000000000000533 ) ;
#3171 = FACE_OUTER_BOUND ( 'NONE', #10212, .T. ) ;
#3172 = CARTESIAN_POINT ( 'NONE',  ( 4.399999999999999467, 8.082668874372531019E-16, 6.599999999999999645 ) ) ;
#3173 = CARTESIAN_POINT ( 'NONE',  ( 0.000000000000000000, 0.000000000000000000, 8.000000000000000000 ) ) ;
#3174 = DIRECTION ( 'NONE',  ( 0.000000000000000000, 0.000000000000000000, 1.000000000000000000 ) ) ;
#3175 = CIRCLE ( 'NONE', #3965, 2.100000000000000977 ) ;
#3176 = VECTOR ( 'NONE', #3857, 1000.000000000000000 ) ;
#3177 = ADVANCED_FACE ( 'NONE', ( #7999 ), #6127, .F. ) ;
#3178 = PRESENTATION_STYLE_ASSIGNMENT (( #10944 ) ) ;
#3179 = DIRECTION ( 'NONE',  ( 5.551115123125901031E-15, 0.000000000000000000, 1.000000000000000000 ) ) ;
#3180 = ADVANCED_FACE ( 'NONE', ( #495, #4184 ), #2521, .F. ) ;
#3181 = AXIS2_PLACEMENT_3D ( 'NONE', #10513, #5805, #9591 ) ;
#3182 = ORIENTED_EDGE ( 'NONE', *, *, #11085, .T. ) ;
#3183 = DIRECTION ( 'NONE',  ( -0.000000000000000000, 1.000000000000000000, -0.000000000000000000 ) ) ;
#3184 = ORIENTED_EDGE ( 'NONE', *, *, #9196, .F. ) ;
#3185 = ORIENTED_EDGE ( 'NONE', *, *, #8884, .F. ) ;
#3186 = VECTOR ( 'NONE', #3708, 1000.000000000000000 ) ;
#3187 = CIRCLE ( 'NONE', #1028, 79.99999999999998579 ) ;
#3188 = APPLICATION_PROTOCOL_DEFINITION ( 'draft international standard', 'automotive_design', 1998, #3294 ) ;
#3189 = ORIENTED_EDGE ( 'NONE', *, *, #8453, .T. ) ;
#3190 = DIRECTION ( 'NONE',  ( -0.000000000000000000, 1.000000000000000000, -0.000000000000000000 ) ) ;
#3191 = CARTESIAN_POINT ( 'NONE',  ( 25.00000000000000000, 34.20000000000000284, 5.000000000000000000 ) ) ;
#3192 = AXIS2_PLACEMENT_3D ( 'NONE', #11072, #418, #10077 ) ;
#3193 = CARTESIAN_POINT ( 'NONE',  ( 218.3273854894824524, -39.99999999999999289, -89.99973635316759157 ) ) ;
#3194 = SHAPE_REPRESENTATION ( 'Link3Shaft', ( #10290 ), #5 ) ;
#3195 = DIRECTION ( 'NONE',  ( -0.000000000000000000, 1.000000000000000000, -0.000000000000000000 ) ) ;
#3196 = AXIS2_PLACEMENT_3D ( 'NONE', #9975, #1492, #5266 ) ;
#3197 = CIRCLE ( 'NONE', #2620, 7.000000000000000000 ) ;
#3198 = ADVANCED_FACE ( 'NONE', ( #4372, #6292 ), #3376, .F. ) ;
#3199 = ORIENTED_EDGE ( 'NONE', *, *, #7860, .T. ) ;
#3200 = FACE_OUTER_BOUND ( 'NONE', #1845, .T. ) ;
#3201 = ORIENTED_EDGE ( 'NONE', *, *, #9592, .T. ) ;
#3202 = VERTEX_POINT ( 'NONE', #3261 ) ;
#3203 = AXIS2_PLACEMENT_3D ( 'NONE', #5538, #4489, #10250 ) ;
#3204 = LINE ( 'NONE', #11958, #4655 ) ;
#3205 = CIRCLE ( 'NONE', #7179, 1.649999999999998579 ) ;
#3206 = ORIENTED_EDGE ( 'NONE', *, *, #3739, .T. ) ;
#3207 = CARTESIAN_POINT ( 'NONE',  ( 0.000000000000000000, 0.000000000000000000, 33.00000000000000000 ) ) ;
#3208 = CIRCLE ( 'NONE', #5012, 2.099999999999997868 ) ;
#3209 = LINE ( 'NONE', #12125, #8096 ) ;
#3210 = CARTESIAN_POINT ( 'NONE',  ( 5.449678256205721981E-15, 13.39999999999999858, -44.50000000000000711 ) ) ;
#3211 = CARTESIAN_POINT ( 'NONE',  ( 23.00000000000000000, 34.20000000000000284, -4.999999999999995559 ) ) ;
#3212 = CARTESIAN_POINT ( 'NONE',  ( 218.3273854894824524, 0.000000000000000000, -155.0002636468325079 ) ) ;
#3213 = LINE ( 'NONE', #1127, #4628 ) ;
#3214 = AXIS2_PLACEMENT_3D ( 'NONE', #6265, #5156, #2252 ) ;
#3215 = AXIS2_PLACEMENT_3D ( 'NONE', #1963, #9465, #8287 ) ;
#3216 = AXIS2_PLACEMENT_3D ( 'NONE', #11888, #8914, #626 ) ;
#3217 = EDGE_CURVE ( 'NONE', #9559, #8657, #11947, .T. ) ;
#3218 = LINE ( 'NONE', #8991, #3571 ) ;
#3219 = ORIENTED_EDGE ( 'NONE', *, *, #11594, .T. ) ;
#3220 = CARTESIAN_POINT ( 'NONE',  ( 0.000000000000000000, 0.000000000000000000, 12.00000000000000000 ) ) ;
#3221 = CYLINDRICAL_SURFACE ( 'NONE', #6369, 2.000000000000000000 ) ;
#3222 = ORIENTED_EDGE ( 'NONE', *, *, #11954, .F. ) ;
#3223 = FACE_OUTER_BOUND ( 'NONE', #8015, .T. ) ;
#3224 = EDGE_CURVE ( 'NONE', #558, #8657, #10961, .T. ) ;
#3225 = LINE ( 'NONE', #6014, #7930 ) ;
#3226 = VERTEX_POINT ( 'NONE', #8037 ) ;
#3227 = CYLINDRICAL_SURFACE ( 'NONE', #446, 12.50000000000000000 ) ;
#3228 = DIRECTION ( 'NONE',  ( -0.000000000000000000, -1.000000000000000000, -0.000000000000000000 ) ) ;
#3229 = DIRECTION ( 'NONE',  ( 0.000000000000000000, 0.000000000000000000, 1.000000000000000000 ) ) ;
#3230 = ORIENTED_EDGE ( 'NONE', *, *, #1344, .T. ) ;
#3231 = ADVANCED_BREP_SHAPE_REPRESENTATION ( '', ( #4461, #10290 ), #5 ) ;
#3232 = LINE ( 'NONE', #7134, #7513 ) ;
#3233 = AXIS2_PLACEMENT_3D ( 'NONE', #1979, #994, #10289 ) ;
#3234 = ORIENTED_EDGE ( 'NONE', *, *, #4875, .T. ) ;
#3235 = CARTESIAN_POINT ( 'NONE',  ( -90.00000000000000000, 20.00000000000000000, -10.24999999999998224 ) ) ;
#3236 = EDGE_CURVE ( 'NONE', #8114, #946, #5313, .T. ) ;
#3237 = ORIENTED_EDGE ( 'NONE', *, *, #9000, .T. ) ;
#3238 = LINE ( 'NONE', #8760, #6335 ) ;
#3239 = ORIENTED_EDGE ( 'NONE', *, *, #7168, .F. ) ;
#3240 = CARTESIAN_POINT ( 'NONE',  ( -20.63749999999999929, 0.000000000000000000, 0.000000000000000000 ) ) ;
#3241 = CARTESIAN_POINT ( 'NONE',  ( 11.31370849898482156, -2.500000000000000000, 9.663708498984702189 ) ) ;
#3242 = VECTOR ( 'NONE', #7062, 1000.000000000000000 ) ;
#3243 = DIRECTION ( 'NONE',  ( 4.625929269271485914E-16, 0.000000000000000000, 1.000000000000000000 ) ) ;
#3244 = EDGE_CURVE ( 'NONE', #11204, #5235, #608, .T. ) ;
#3245 = CARTESIAN_POINT ( 'NONE',  ( -2.598076211353316900, 0.000000000000000000, 0.000000000000000000 ) ) ;
#3246 =( LENGTH_UNIT ( ) NAMED_UNIT ( * ) SI_UNIT ( .MILLI., .METRE. ) );
#3247 = ORIENTED_EDGE ( 'NONE', *, *, #8256, .F. ) ;
#3248 = CARTESIAN_POINT ( 'NONE',  ( 120.2500000000000284, 20.00000000000000000, -10.24999999999998579 ) ) ;
#3249 = VECTOR ( 'NONE', #4117, 1000.000000000000000 ) ;
#3250 = VERTEX_POINT ( 'NONE', #1898 ) ;
#3251 = ADVANCED_FACE ( 'NONE', ( #5441, #3630 ), #9272, .F. ) ;
#3252 = DIRECTION ( 'NONE',  ( 0.000000000000000000, 0.000000000000000000, 1.000000000000000000 ) ) ;
#3253 = ORIENTED_EDGE ( 'NONE', *, *, #9179, .F. ) ;
#3254 = ORIENTED_EDGE ( 'NONE', *, *, #4950, .T. ) ;
#3255 = DIRECTION ( 'NONE',  ( 0.000000000000000000, 0.000000000000000000, 1.000000000000000000 ) ) ;
#3256 = VERTEX_POINT ( 'NONE', #861 ) ;
#3257 = FACE_BOUND ( 'NONE', #9116, .T. ) ;
#3258 = FACE_OUTER_BOUND ( 'NONE', #6802, .T. ) ;
#3259 = EDGE_CURVE ( 'NONE', #9155, #11943, #6589, .T. ) ;
#3260 = ADVANCED_FACE ( 'NONE', ( #10209 ), #4502, .F. ) ;
#3261 = CARTESIAN_POINT ( 'NONE',  ( -5.000000000000001776, 29.80000000000000426, -23.00000000000000000 ) ) ;
#3262 = AXIS2_PLACEMENT_3D ( 'NONE', #6966, #7649, #3058 ) ;
#3263 = DIRECTION ( 'NONE',  ( -0.000000000000000000, -1.000000000000000000, -0.000000000000000000 ) ) ;
#3264 = AXIS2_PLACEMENT_3D ( 'NONE', #3709, #5694, #7485 ) ;
#3265 = AXIS2_PLACEMENT_3D ( 'NONE', #10609, #2172, #2310 ) ;
#3266 = EDGE_LOOP ( 'NONE', ( #4091, #4696, #11349, #45 ) ) ;
#3267 = CARTESIAN_POINT ( 'NONE',  ( 0.000000000000000000, 12.00000000000000000, 0.000000000000000000 ) ) ;
#3268 = ORIENTED_EDGE ( 'NONE', *, *, #6852, .F. ) ;
#3269 = ORIENTED_EDGE ( 'NONE', *, *, #10551, .T. ) ;
#3270 = CARTESIAN_POINT ( 'NONE',  ( -16.00000000000000000, 2.399999999999999467, -1.649999999999998579 ) ) ;
#3271 = ORIENTED_EDGE ( 'NONE', *, *, #8852, .T. ) ;
#3272 = LINE ( 'NONE', #9846, #3985 ) ;
#3273 =( LENGTH_UNIT ( ) NAMED_UNIT ( * ) SI_UNIT ( .MILLI., .METRE. ) );
#3274 = FACE_OUTER_BOUND ( 'NONE', #7423, .T. ) ;
#3275 = CARTESIAN_POINT ( 'NONE',  ( 22.36067977499791581, 20.00000000000000000, -19.99999999999997868 ) ) ;
#3276 = EDGE_CURVE ( 'NONE', #7877, #4742, #967, .T. ) ;
#3277 = AXIS2_PLACEMENT_3D ( 'NONE', #4653, #5646, #5525 ) ;
#3278 = CYLINDRICAL_SURFACE ( 'NONE', #4410, 1.649999999999998579 ) ;
#3279 = DIRECTION ( 'NONE',  ( 0.000000000000000000, 1.000000000000000000, 0.000000000000000000 ) ) ;
#3280 = CARTESIAN_POINT ( 'NONE',  ( 2.199633243471174140E-13, -5.939696961967007027, -18.89999999999999503 ) ) ;
#3281 = PRODUCT_DEFINITION_SHAPE ( 'NONE', 'NONE',  #12251 ) ;
#3282 = ORIENTED_EDGE ( 'NONE', *, *, #8337, .F. ) ;
#3283 = DIRECTION ( 'NONE',  ( 0.000000000000000000, 0.000000000000000000, 1.000000000000000000 ) ) ;
#3284 = DIRECTION ( 'NONE',  ( 0.000000000000000000, 1.000000000000000000, 0.000000000000000000 ) ) ;
#3285 = EDGE_LOOP ( 'NONE', ( #11855, #7754, #8006, #9864 ) ) ;
#3286 = DIRECTION ( 'NONE',  ( 0.000000000000000000, 0.000000000000000000, 1.000000000000000000 ) ) ;
#3287 = CARTESIAN_POINT ( 'NONE',  ( 23.00000000000000000, 34.20000000000000284, 3.000000000000000000 ) ) ;
#3288 = ORIENTED_EDGE ( 'NONE', *, *, #8314, .F. ) ;
#3289 = CARTESIAN_POINT ( 'NONE',  ( -22.36067977499790871, 20.00000000000000000, 19.99999999999998579 ) ) ;
#3290 = EDGE_CURVE ( 'NONE', #5215, #8269, #11748, .T. ) ;
#3291 = DIRECTION ( 'NONE',  ( 0.000000000000000000, 0.000000000000000000, 1.000000000000000000 ) ) ;
#3292 = LINE ( 'NONE', #9004, #8766 ) ;
#3293 = CIRCLE ( 'NONE', #2083, 44.50000000000000711 ) ;
#3294 = APPLICATION_CONTEXT ( 'automotive_design' ) ;
#3295 = VERTEX_POINT ( 'NONE', #1723 ) ;
#3296 = DIRECTION ( 'NONE',  ( -0.000000000000000000, -1.000000000000000000, -0.000000000000000000 ) ) ;
#3297 = ORIENTED_EDGE ( 'NONE', *, *, #773, .T. ) ;
#3298 = CIRCLE ( 'NONE', #4885, 2.100000000000000533 ) ;
#3299 = DIRECTION ( 'NONE',  ( 1.000000000000000000, 0.000000000000000000, -2.312964634635742895E-17 ) ) ;
#3300 = ORIENTED_EDGE ( 'NONE', *, *, #2123, .F. ) ;
#3301 = CARTESIAN_POINT ( 'NONE',  ( 0.000000000000000000, 0.000000000000000000, 11.00000000000000000 ) ) ;
#3302 = ORIENTED_EDGE ( 'NONE', *, *, #10260, .T. ) ;
#3303 = FACE_OUTER_BOUND ( 'NONE', #9943, .T. ) ;
#3304 = FACE_OUTER_BOUND ( 'NONE', #2503, .T. ) ;
#3305 = EDGE_CURVE ( 'NONE', #11959, #3101, #2248, .T. ) ;
#3306 = DIRECTION ( 'NONE',  ( 0.000000000000000000, -0.000000000000000000, 1.000000000000000000 ) ) ;
#3307 = CARTESIAN_POINT ( 'NONE',  ( 2.199633243471174140E-13, -5.939696961967007027, -20.99999999999999645 ) ) ;
#3308 = EDGE_LOOP ( 'NONE', ( #7427, #7849, #11492, #6343 ) ) ;
#3309 = CARTESIAN_POINT ( 'NONE',  ( 0.000000000000000000, 16.00000000000000000, 0.000000000000000000 ) ) ;
#3310 = EDGE_LOOP ( 'NONE', ( #2269, #5159 ) ) ;
#3311 = DIRECTION ( 'NONE',  ( 1.000000000000000000, 0.000000000000000000, 0.000000000000000000 ) ) ;
#3312 = ORIENTED_EDGE ( 'NONE', *, *, #10251, .T. ) ;
#3313 = ORIENTED_EDGE ( 'NONE', *, *, #6654, .F. ) ;
#3314 = PRODUCT_CONTEXT ( 'NONE', #4228, 'mechanical' ) ;
#3315 = EDGE_CURVE ( 'NONE', #6912, #7460, #1661, .T. ) ;
#3316 = ORIENTED_EDGE ( 'NONE', *, *, #1227, .T. ) ;
#3317 = DIRECTION ( 'NONE',  ( -0.000000000000000000, -1.000000000000000000, -0.000000000000000000 ) ) ;
#3318 = ADVANCED_FACE ( 'NONE', ( #10322 ), #9330, .T. ) ;
#3319 = DIRECTION ( 'NONE',  ( -0.000000000000000000, 1.000000000000000000, -0.000000000000000000 ) ) ;
#3320 = CARTESIAN_POINT ( 'NONE',  ( -20.63749999999999574, 1.711443901808426101E-15, 13.97499999999999964 ) ) ;
#3321 = EDGE_CURVE ( 'NONE', #2388, #3884, #2572, .T. ) ;
#3322 = FILL_AREA_STYLE_COLOUR ( '', #11775 ) ;
#3323 = ORIENTED_EDGE ( 'NONE', *, *, #9852, .F. ) ;
#3324 = CARTESIAN_POINT ( 'NONE',  ( 18.73499399519520381, 34.20000000000000284, -6.999999999999995559 ) ) ;
#3325 = EDGE_CURVE ( 'NONE', #9826, #6084, #72, .T. ) ;
#3326 = VERTEX_POINT ( 'NONE', #10261 ) ;
#3327 = EDGE_CURVE ( 'NONE', #8111, #12236, #9218, .T. ) ;
#3328 = VERTEX_POINT ( 'NONE', #5498 ) ;
#3329 = FACE_OUTER_BOUND ( 'NONE', #3266, .T. ) ;
#3330 = ORIENTED_EDGE ( 'NONE', *, *, #2355, .F. ) ;
#3331 = DIRECTION ( 'NONE',  ( -0.000000000000000000, 1.000000000000000000, -0.000000000000000000 ) ) ;
#3332 = DIRECTION ( 'NONE',  ( -0.000000000000000000, -1.000000000000000000, -0.000000000000000000 ) ) ;
#3333 = DIRECTION ( 'NONE',  ( 0.000000000000000000, 0.000000000000000000, -1.000000000000000000 ) ) ;
#3334 = DIRECTION ( 'NONE',  ( 0.000000000000000000, 0.000000000000000000, 1.000000000000000000 ) ) ;
#3335 = CARTESIAN_POINT ( 'NONE',  ( 22.36067977499790871, 0.000000000000000000, 19.99999999999998579 ) ) ;
#3336 = CARTESIAN_POINT ( 'NONE',  ( 5.449678256205721981E-15, 31.00000000000000355, -44.50000000000000711 ) ) ;
#3337 = ORIENTED_EDGE ( 'NONE', *, *, #12176, .F. ) ;
#3338 = PLANE ( 'NONE',  #6573 ) ;
#3339 = DIRECTION ( 'NONE',  ( 1.000000000000000000, 0.000000000000000000, 0.000000000000000000 ) ) ;
#3340 = ORIENTED_EDGE ( 'NONE', *, *, #10391, .T. ) ;
#3341 = CARTESIAN_POINT ( 'NONE',  ( 30.00000000000000000, -101.9803902718557111, -10.00000000000000000 ) ) ;
#3342 = CARTESIAN_POINT ( 'NONE',  ( 238.3273854894817134, -39.99999999999999289, -215.0002636468324511 ) ) ;
#3343 = ORIENTED_EDGE ( 'NONE', *, *, #5497, .T. ) ;
#3344 = PLANE ( 'NONE',  #4799 ) ;
#3345 = LINE ( 'NONE', #1511, #7625 ) ;
#3346 = VECTOR ( 'NONE', #9686, 1000.000000000000000 ) ;
#3347 = ORIENTED_EDGE ( 'NONE', *, *, #278, .F. ) ;
#3348 = DIRECTION ( 'NONE',  ( -0.000000000000000000, -1.000000000000000000, -0.000000000000000000 ) ) ;
#3349 = ORIENTED_EDGE ( 'NONE', *, *, #6057, .T. ) ;
#3350 = LINE ( 'NONE', #3235, #5967 ) ;
#3351 = EDGE_CURVE ( 'NONE', #9828, #8598, #3017, .T. ) ;
#3352 =( REPRESENTATION_RELATIONSHIP ('NONE','NONE', #9464, #1938 ) REPRESENTATION_RELATIONSHIP_WITH_TRANSFORMATION ( #3729 )SHAPE_REPRESENTATION_RELATIONSHIP( ) );
#3353 = VERTEX_POINT ( 'NONE', #7465 ) ;
#3354 = CARTESIAN_POINT ( 'NONE',  ( 5.510910596163090344E-15, 28.80000000000000071, 45.00000000000000711 ) ) ;
#3355 = AXIS2_PLACEMENT_3D ( 'NONE', #3240, #2488, #1563 ) ;
#3356 = VECTOR ( 'NONE', #12212, 1000.000000000000000 ) ;
#3357 = EDGE_LOOP ( 'NONE', ( #6209, #1928, #7469, #2745 ) ) ;
#3358 = CARTESIAN_POINT ( 'NONE',  ( 130.0000000000000000, 20.00000000000000000, -10.24999999999998579 ) ) ;
#3359 = DIRECTION ( 'NONE',  ( -0.000000000000000000, -1.000000000000000000, -0.000000000000000000 ) ) ;
#3360 = VECTOR ( 'NONE', #3348, 1000.000000000000000 ) ;
#3361 = CIRCLE ( 'NONE', #5161, 60.00000000000000000 ) ;
#3362 = ORIENTED_EDGE ( 'NONE', *, *, #11620, .T. ) ;
#3363 = DIRECTION ( 'NONE',  ( -0.000000000000000000, 1.000000000000000000, -0.000000000000000000 ) ) ;
#3364 = EDGE_CURVE ( 'NONE', #7448, #6481, #12061, .T. ) ;
#3365 = ORIENTED_EDGE ( 'NONE', *, *, #12247, .F. ) ;
#3366 = ORIENTED_EDGE ( 'NONE', *, *, #11213, .F. ) ;
#3367 = ORIENTED_EDGE ( 'NONE', *, *, #5102, .F. ) ;
#3368 = CIRCLE ( 'NONE', #10308, 10.00000000000000178 ) ;
#3369 = SHAPE_DEFINITION_REPRESENTATION ( #11388, #1397 ) ;
#3370 = EDGE_CURVE ( 'NONE', #358, #4363, #6531, .T. ) ;
#3371 = ORIENTED_EDGE ( 'NONE', *, *, #10298, .T. ) ;
#3372 = CARTESIAN_POINT ( 'NONE',  ( 0.000000000000000000, -101.9803902718557111, 0.000000000000000000 ) ) ;
#3373 = AXIS2_PLACEMENT_3D ( 'NONE', #9561, #8619, #2793 ) ;
#3374 = PRODUCT_DEFINITION_FORMATION_WITH_SPECIFIED_SOURCE ( 'ANY', '', #5845, .NOT_KNOWN. ) ;
#3375 = DIRECTION ( 'NONE',  ( 0.000000000000000000, 1.000000000000000000, 0.000000000000000000 ) ) ;
#3376 = PLANE ( 'NONE',  #7577 ) ;
#3377 = CARTESIAN_POINT ( 'NONE',  ( 5.510910596163090344E-15, 4.600000000000003197, 45.00000000000000711 ) ) ;
#3378 = VECTOR ( 'NONE', #8350, 1000.000000000000000 ) ;
#3379 = PRODUCT_DEFINITION ( 'UNKNOWN', '', #215, #10122 ) ;
#3380 = CIRCLE ( 'NONE', #842, 45.00000000000000711 ) ;
#3381 = CIRCLE ( 'NONE', #11909, 2.000000000000001776 ) ;
#3382 = ORIENTED_EDGE ( 'NONE', *, *, #10379, .T. ) ;
#3383 = AXIS2_PLACEMENT_3D ( 'NONE', #2810, #3501, #6346 ) ;
#3384 = LINE ( 'NONE', #4380, #1843 ) ;
#3385 = ORIENTED_EDGE ( 'NONE', *, *, #5737, .F. ) ;
#3386 = EDGE_LOOP ( 'NONE', ( #5626, #2642, #5424, #7890 ) ) ;
#3387 = DIRECTION ( 'NONE',  ( 0.000000000000000000, 0.000000000000000000, 1.000000000000000000 ) ) ;
#3388 = EDGE_CURVE ( 'NONE', #4110, #11555, #1460, .T. ) ;
#3389 = ORIENTED_EDGE ( 'NONE', *, *, #11105, .F. ) ;
#3390 = DIRECTION ( 'NONE',  ( -0.000000000000000000, -0.000000000000000000, -1.000000000000000000 ) ) ;
#3391 = AXIS2_PLACEMENT_3D ( 'NONE', #948, #4720, #3782 ) ;
#3392 = CARTESIAN_POINT ( 'NONE',  ( -21.00000000000000000, 20.00000000000000000, 2.099999999999853095 ) ) ;
#3393 = CARTESIAN_POINT ( 'NONE',  ( 0.000000000000000000, 0.000000000000000000, 8.000000000000000000 ) ) ;
#3394 = LINE ( 'NONE', #7185, #3611 ) ;
#3395 = AXIS2_PLACEMENT_3D ( 'NONE', #3822, #7531, #5563 ) ;
#3396 = AXIS2_PLACEMENT_3D ( 'NONE', #8877, #10664, #6024 ) ;
#3397 = CARTESIAN_POINT ( 'NONE',  ( 0.000000000000000000, -134.1640786499874025, 0.000000000000000000 ) ) ;
#3398 = EDGE_CURVE ( 'NONE', #7741, #10938, #7517, .T. ) ;
#3399 = ADVANCED_FACE ( 'NONE', ( #7417 ), #7697, .T. ) ;
#3400 = LINE ( 'NONE', #10978, #11894 ) ;
#3401 = COLOUR_RGB ( '',0.7921568627450980005, 0.8196078431372548767, 0.9333333333333333481 ) ;
#3402 = ORIENTED_EDGE ( 'NONE', *, *, #3315, .F. ) ;
#3403 = AXIS2_PLACEMENT_3D ( 'NONE', #1188, #5949, #5037 ) ;
#3404 = CARTESIAN_POINT ( 'NONE',  ( 0.000000000000000000, 13.40000000000000213, -45.00000000000000711 ) ) ;
#3405 = DIRECTION ( 'NONE',  ( -0.000000000000000000, -1.000000000000000000, -0.000000000000000000 ) ) ;
#3406 = ORIENTED_EDGE ( 'NONE', *, *, #4936, .F. ) ;
#3407 = CIRCLE ( 'NONE', #11929, 33.12659406584553068 ) ;
#3408 = AXIS2_PLACEMENT_3D ( 'NONE', #7305, #10228, #9240 ) ;
#3409 = DIRECTION ( 'NONE',  ( -0.000000000000000000, 1.000000000000000000, -0.000000000000000000 ) ) ;
#3410 = EDGE_CURVE ( 'NONE', #9052, #7140, #10369, .T. ) ;
#3411 = DIRECTION ( 'NONE',  ( 0.000000000000000000, 1.000000000000000000, 0.000000000000000000 ) ) ;
#3412 = EDGE_LOOP ( 'NONE', ( #11585, #11539 ) ) ;
#3413 = DIRECTION ( 'NONE',  ( 0.000000000000000000, 0.000000000000000000, 1.000000000000000000 ) ) ;
#3414 = PRESENTATION_LAYER_ASSIGNMENT (  '', '', ( #8561 ) ) ;
#3415 = DIRECTION ( 'NONE',  ( -1.000000000000000000, -0.000000000000000000, 2.382861917550558372E-16 ) ) ;
#3416 = CIRCLE ( 'NONE', #3995, 1.999999999999998224 ) ;
#3417 = AXIS2_PLACEMENT_3D ( 'NONE', #4650, #1867, #8480 ) ;
#3418 = CARTESIAN_POINT ( 'NONE',  ( -130.0000000000000000, 0.000000000000000000, -19.99999999999998579 ) ) ;
#3419 = EDGE_CURVE ( 'NONE', #558, #5703, #3627, .T. ) ;
#3420 = DIRECTION ( 'NONE',  ( 0.000000000000000000, 0.000000000000000000, -1.000000000000000000 ) ) ;
#3421 = ADVANCED_FACE ( 'NONE', ( #8638 ), #2074, .F. ) ;
#3422 = AXIS2_PLACEMENT_3D ( 'NONE', #2224, #2149, #5130 ) ;
#3423 = VERTEX_POINT ( 'NONE', #10564 ) ;
#3424 = CARTESIAN_POINT ( 'NONE',  ( -16.00000000000000000, 0.000000000000000000, 0.000000000000000000 ) ) ;
#3425 = ORIENTED_EDGE ( 'NONE', *, *, #5834, .T. ) ;
#3426 = CARTESIAN_POINT ( 'NONE',  ( 2.999999999999998224, 34.20000000000000284, 23.00000000000000000 ) ) ;
#3427 = AXIS2_PLACEMENT_3D ( 'NONE', #2911, #6701, #1995 ) ;
#3428 = AXIS2_PLACEMENT_3D ( 'NONE', #8844, #356, #7895 ) ;
#3429 = ORIENTED_EDGE ( 'NONE', *, *, #105, .T. ) ;
#3430 = CARTESIAN_POINT ( 'NONE',  ( 0.000000000000000000, 9.000000000000001776, 0.000000000000000000 ) ) ;
#3431 = VERTEX_POINT ( 'NONE', #4811 ) ;
#3432 = DIRECTION ( 'NONE',  ( 0.000000000000000000, 0.000000000000000000, -1.000000000000000000 ) ) ;
#3433 = DIRECTION ( 'NONE',  ( -1.000000000000000000, 0.000000000000000000, -0.000000000000000000 ) ) ;
#3434 = ADVANCED_FACE ( 'NONE', ( #2872 ), #4043, .F. ) ;
#3435 = AXIS2_PLACEMENT_3D ( 'NONE', #280, #9581, #7647 ) ;
#3436 = DIRECTION ( 'NONE',  ( -0.000000000000000000, -1.000000000000000000, -0.000000000000000000 ) ) ;
#3437 = EDGE_LOOP ( 'NONE', ( #11421, #4446, #9038, #4929 ) ) ;
#3438 = DIRECTION ( 'NONE',  ( 1.000000000000000000, 0.000000000000000000, 0.000000000000000000 ) ) ;
#3439 = ORIENTED_EDGE ( 'NONE', *, *, #3690, .T. ) ;
#3440 = LINE ( 'NONE', #9149, #5924 ) ;
#3441 = ORIENTED_EDGE ( 'NONE', *, *, #119, .F. ) ;
#3442 = ORIENTED_EDGE ( 'NONE', *, *, #6714, .F. ) ;
#3443 = ITEM_DEFINED_TRANSFORMATION ( 'NONE', 'NONE', #7335,  #10290 ) ;
#3444 = ORIENTED_EDGE ( 'NONE', *, *, #7856, .T. ) ;
#3445 = DIRECTION ( 'NONE',  ( 0.000000000000000000, 0.000000000000000000, -1.000000000000000000 ) ) ;
#3446 = CARTESIAN_POINT ( 'NONE',  ( 4.898587196589413026E-15, 29.80000000000000426, 40.00000000000000000 ) ) ;
#3447 = ADVANCED_FACE ( 'NONE', ( #6713 ), #5970, .T. ) ;
#3448 = CARTESIAN_POINT ( 'NONE',  ( -130.0000000000000000, -101.9803902718557111, -10.00000000000000000 ) ) ;
#3449 = AXIS2_PLACEMENT_3D ( 'NONE', #9838, #1355, #555 ) ;
#3450 = ORIENTED_EDGE ( 'NONE', *, *, #2187, .T. ) ;
#3451 = DIRECTION ( 'NONE',  ( 0.000000000000000000, 1.000000000000000000, 0.000000000000000000 ) ) ;
#3452 = EDGE_LOOP ( 'NONE', ( #1715, #11986, #8405, #2737 ) ) ;
#3453 = ORIENTED_EDGE ( 'NONE', *, *, #11751, .F. ) ;
#3454 = DIRECTION ( 'NONE',  ( -0.000000000000000000, -1.000000000000000000, -0.000000000000000000 ) ) ;
#3455 = EDGE_LOOP ( 'NONE', ( #134, #4300 ) ) ;
#3456 = DIRECTION ( 'NONE',  ( 0.000000000000000000, 0.000000000000000000, 1.000000000000000000 ) ) ;
#3457 = VECTOR ( 'NONE', #4237, 1000.000000000000000 ) ;
#3458 = CYLINDRICAL_SURFACE ( 'NONE', #3216, 1.649999999999998579 ) ;
#3459 = CARTESIAN_POINT ( 'NONE',  ( -8.000000000000000000, 0.000000000000000000, 0.000000000000000000 ) ) ;
#3460 = CARTESIAN_POINT ( 'NONE',  ( 80.25000000000000000, 20.00000000000000000, 20.00000000000000711 ) ) ;
#3461 = CARTESIAN_POINT ( 'NONE',  ( 0.000000000000000000, 22.19999999999999929, 0.000000000000000000 ) ) ;
#3462 = EDGE_CURVE ( 'NONE', #4707, #97, #1468, .T. ) ;
#3463 = CARTESIAN_POINT ( 'NONE',  ( 0.000000000000000000, 35.39999999999999858, 0.000000000000000000 ) ) ;
#3464 = AXIS2_PLACEMENT_3D ( 'NONE', #1490, #560, #4317 ) ;
#3465 = ORIENTED_EDGE ( 'NONE', *, *, #10565, .T. ) ;
#3466 = DIRECTION ( 'NONE',  ( 0.000000000000000000, 0.000000000000000000, -1.000000000000000000 ) ) ;
#3467 = DIRECTION ( 'NONE',  ( 0.000000000000000000, -1.000000000000000000, 0.000000000000000000 ) ) ;
#3468 = ORIENTED_EDGE ( 'NONE', *, *, #11413, .F. ) ;
#3469 = LINE ( 'NONE', #11043, #9935 ) ;
#3470 = AXIS2_PLACEMENT_3D ( 'NONE', #3657, #4714, #6501 ) ;
#3471 = EDGE_CURVE ( 'NONE', #5369, #8257, #3112, .T. ) ;
#3472 = VERTEX_POINT ( 'NONE', #1030 ) ;
#3473 = LINE ( 'NONE', #8192, #10947 ) ;
#3474 = CARTESIAN_POINT ( 'NONE',  ( 130.0000000000000000, 20.00000000000000000, 10.25000000000002309 ) ) ;
#3475 = LINE ( 'NONE', #5286, #9415 ) ;
#3476 =( LENGTH_UNIT ( ) NAMED_UNIT ( * ) SI_UNIT ( .MILLI., .METRE. ) );
#3477 = CARTESIAN_POINT ( 'NONE',  ( -22.36067977499790871, 0.000000000000000000, 19.99999999999998579 ) ) ;
#3478 = EDGE_CURVE ( 'NONE', #8822, #48, #6665, .T. ) ;
#3479 = VERTEX_POINT ( 'NONE', #8767 ) ;
#3480 = CIRCLE ( 'NONE', #9424, 6.300000000000000711 ) ;
#3481 = CARTESIAN_POINT ( 'NONE',  ( 7.347880794884118356E-15, -134.1640786499874025, -60.00000000000000000 ) ) ;
#3482 = ORIENTED_EDGE ( 'NONE', *, *, #10581, .T. ) ;
#3483 = CARTESIAN_POINT ( 'NONE',  ( 0.000000000000000000, 0.000000000000000000, 11.00000000000000000 ) ) ;
#3484 = EDGE_CURVE ( 'NONE', #8309, #10966, #8692, .T. ) ;
#3485 = ORIENTED_EDGE ( 'NONE', *, *, #8395, .F. ) ;
#3486 = ADVANCED_FACE ( 'NONE', ( #5904 ), #5793, .F. ) ;
#3487 = DIRECTION ( 'NONE',  ( -0.000000000000000000, -1.000000000000000000, -0.000000000000000000 ) ) ;
#3488 = CLOSED_SHELL ( 'NONE', ( #11742, #5730, #7817, #195, #11364, #6440, #6491, #1247, #3838, #2887, #10999, #11025 ) ) ;
#3489 = ORIENTED_EDGE ( 'NONE', *, *, #9989, .T. ) ;
#3490 = AXIS2_PLACEMENT_3D ( 'NONE', #7144, #4293, #783 ) ;
#3491 = CARTESIAN_POINT ( 'NONE',  ( 7.715274834628326364E-16, 34.20000000000000284, -6.300000000000000711 ) ) ;
#3492 = FILL_AREA_STYLE_COLOUR ( '', #11728 ) ;
#3493 = CARTESIAN_POINT ( 'NONE',  ( 5.000000000000000888, 15.40000000000000036, 0.000000000000000000 ) ) ;
#3494 = VERTEX_POINT ( 'NONE', #11561 ) ;
#3495 = DIRECTION ( 'NONE',  ( 0.000000000000000000, 0.000000000000000000, -1.000000000000000000 ) ) ;
#3496 = ORIENTED_EDGE ( 'NONE', *, *, #7302, .T. ) ;
#3497 = EDGE_CURVE ( 'NONE', #1757, #5198, #3056, .T. ) ;
#3498 = ORIENTED_EDGE ( 'NONE', *, *, #1959, .T. ) ;
#3499 = ORIENTED_EDGE ( 'NONE', *, *, #9336, .F. ) ;
#3500 = ORIENTED_EDGE ( 'NONE', *, *, #2181, .T. ) ;
#3501 = DIRECTION ( 'NONE',  ( -0.000000000000000000, -1.000000000000000000, -0.000000000000000000 ) ) ;
#3502 = FACE_OUTER_BOUND ( 'NONE', #3675, .T. ) ;
#3503 = CARTESIAN_POINT ( 'NONE',  ( -75.00000000000001421, 20.00000000000000000, 30.00000000000000000 ) ) ;
#3504 = ADVANCED_FACE ( 'NONE', ( #9690 ), #1096, .F. ) ;
#3505 = DIRECTION ( 'NONE',  ( -0.000000000000000000, 1.000000000000000000, -0.000000000000000000 ) ) ;
#3506 = SHAPE_REPRESENTATION_RELATIONSHIP ( 'NONE' , 'NONE' ,  #5724, #4547 ) ;
#3507 = VERTEX_POINT ( 'NONE', #1281 ) ;
#3508 = PLANE ( 'NONE',  #7182 ) ;
#3509 = EDGE_CURVE ( 'NONE', #11385, #3706, #5027, .T. ) ;
#3510 = EDGE_LOOP ( 'NONE', ( #3253, #2151 ) ) ;
#3511 = VERTEX_POINT ( 'NONE', #4921 ) ;
#3512 = CARTESIAN_POINT ( 'NONE',  ( -80.25000000000000000, 20.00000000000000000, -10.24999999999998224 ) ) ;
#3513 = ORIENTED_EDGE ( 'NONE', *, *, #2923, .T. ) ;
#3514 = CARTESIAN_POINT ( 'NONE',  ( -14.84924240491737102, 0.000000000000000000, -14.84924240491763392 ) ) ;
#3515 = FACE_OUTER_BOUND ( 'NONE', #8837, .T. ) ;
#3516 = LINE ( 'NONE', #564, #7902 ) ;
#3517 = FACE_OUTER_BOUND ( 'NONE', #1402, .T. ) ;
#3518 = PLANE ( 'NONE',  #10185 ) ;
#3519 = CYLINDRICAL_SURFACE ( 'NONE', #3164, 2.499999999999998668 ) ;
#3520 = ORIENTED_EDGE ( 'NONE', *, *, #7278, .F. ) ;
#3521 = CARTESIAN_POINT ( 'NONE',  ( 0.000000000000000000, 20.00000000000000000, 0.000000000000000000 ) ) ;
#3522 = ADVANCED_FACE ( 'NONE', ( #6894 ), #10674, .F. ) ;
#3523 = DIRECTION ( 'NONE',  ( 0.000000000000000000, 0.000000000000000000, -1.000000000000000000 ) ) ;
#3524 = EDGE_LOOP ( 'NONE', ( #3239, #6068, #1156, #9839 ) ) ;
#3525 = SHAPE_REPRESENTATION_RELATIONSHIP ( 'NONE' , 'NONE' ,  #6461, #8105 ) ;
#3526 = CARTESIAN_POINT ( 'NONE',  ( -18.73499399519520381, 34.20000000000000284, -4.999999999999999112 ) ) ;
#3527 = EDGE_CURVE ( 'NONE', #1919, #5308, #490, .T. ) ;
#3528 = EDGE_LOOP ( 'NONE', ( #11637, #8445, #799, #7412 ) ) ;
#3529 = CARTESIAN_POINT ( 'NONE',  ( 130.0000000000000000, 20.00000000000000000, -19.99999999999998579 ) ) ;
#3530 = DIRECTION ( 'NONE',  ( 0.000000000000000000, 0.000000000000000000, -1.000000000000000000 ) ) ;
#3531 = LINE ( 'NONE', #11100, #310 ) ;
#3532 = DIRECTION ( 'NONE',  ( -1.000000000000000000, -0.000000000000000000, -0.000000000000000000 ) ) ;
#3533 = CARTESIAN_POINT ( 'NONE',  ( -238.4000000000000057, 20.00000000000000000, 9.999999999999952038 ) ) ;
#3534 = ORIENTED_EDGE ( 'NONE', *, *, #5430, .F. ) ;
#3535 = FACE_OUTER_BOUND ( 'NONE', #516, .T. ) ;
#3536 = ORIENTED_EDGE ( 'NONE', *, *, #9532, .T. ) ;
#3537 = EDGE_CURVE ( 'NONE', #3539, #4086, #11759, .T. ) ;
#3538 = CARTESIAN_POINT ( 'NONE',  ( -75.00000000000001421, 0.000000000000000000, 40.00000000000000000 ) ) ;
#3539 = VERTEX_POINT ( 'NONE', #3477 ) ;
#3540 = DIRECTION ( 'NONE',  ( -0.000000000000000000, 1.000000000000000000, -0.000000000000000000 ) ) ;
#3541 = EDGE_CURVE ( 'NONE', #10580, #9091, #2651, .T. ) ;
#3542 = EDGE_LOOP ( 'NONE', ( #8191, #4520, #6107, #4780 ) ) ;
#3543 = DIRECTION ( 'NONE',  ( 0.000000000000000000, 0.000000000000000000, -1.000000000000000000 ) ) ;
#3544 = DIRECTION ( 'NONE',  ( 0.000000000000000000, 0.000000000000000000, -1.000000000000000000 ) ) ;
#3545 = EDGE_CURVE ( 'NONE', #624, #11684, #11984, .T. ) ;
#3546 = PLANE ( 'NONE',  #12088 ) ;
#3547 = VERTEX_POINT ( 'NONE', #5414 ) ;
#3548 = CARTESIAN_POINT ( 'NONE',  ( -7.000000000000001776, 34.20000000000000284, 18.73499399519520026 ) ) ;
#3549 = AXIS2_PLACEMENT_3D ( 'NONE', #5716, #2132, #9504 ) ;
#3550 = VERTEX_POINT ( 'NONE', #9063 ) ;
#3551 = ORIENTED_EDGE ( 'NONE', *, *, #6260, .T. ) ;
#3552 = VERTEX_POINT ( 'NONE', #7261 ) ;
#3553 = PRODUCT_DEFINITION_SHAPE ( 'NONE', 'NONE',  #4061 ) ;
#3554 = ITEM_DEFINED_TRANSFORMATION ( 'NONE', 'NONE', #4761,  #10290 ) ;
#3555 = ORIENTED_EDGE ( 'NONE', *, *, #4539, .F. ) ;
#3556 = PLANE ( 'NONE',  #10281 ) ;
#3557 = DIRECTION ( 'NONE',  ( 0.000000000000000000, 1.000000000000000000, 0.000000000000000000 ) ) ;
#3558 = CARTESIAN_POINT ( 'NONE',  ( 30.00000000000000000, -63.24555320336758513, -10.00000000000000000 ) ) ;
#3559 = DIRECTION ( 'NONE',  ( 0.000000000000000000, 0.000000000000000000, 1.000000000000000000 ) ) ;
#3560 = AXIS2_PLACEMENT_3D ( 'NONE', #1798, #3711, #7443 ) ;
#3561 = CIRCLE ( 'NONE', #1594, 1.649999999999998579 ) ;
#3562 = DIRECTION ( 'NONE',  ( 0.000000000000000000, 0.000000000000000000, 1.000000000000000000 ) ) ;
#3563 = EDGE_CURVE ( 'NONE', #8202, #10189, #10175, .T. ) ;
#3564 = VECTOR ( 'NONE', #1084, 1000.000000000000000 ) ;
#3565 = VERTEX_POINT ( 'NONE', #2546 ) ;
#3566 = CARTESIAN_POINT ( 'NONE',  ( 14.84924240491768188, 0.000000000000000000, -14.84924240491732128 ) ) ;
#3567 = EDGE_LOOP ( 'NONE', ( #424, #6882 ) ) ;
#3568 = ORIENTED_EDGE ( 'NONE', *, *, #577, .F. ) ;
#3570 = DIRECTION ( 'NONE',  ( 1.000000000000000000, -0.000000000000000000, -0.000000000000000000 ) ) ;
#3569 = VECTOR ( 'NONE', #8820, 1000.000000000000000 ) ;
#3571 = VECTOR ( 'NONE', #6815, 1000.000000000000000 ) ;
#3572 =( GEOMETRIC_REPRESENTATION_CONTEXT ( 3 ) GLOBAL_UNCERTAINTY_ASSIGNED_CONTEXT ( ( #472 ) ) GLOBAL_UNIT_ASSIGNED_CONTEXT ( ( #2926, #3918, #2876 ) ) REPRESENTATION_CONTEXT ( 'NONE', 'WORKASPACE' ) );
#3573 = EDGE_LOOP ( 'NONE', ( #9811, #10463 ) ) ;
#3574 = DIRECTION ( 'NONE',  ( 0.000000000000000000, 1.000000000000000000, 0.000000000000000000 ) ) ;
#3575 = DIRECTION ( 'NONE',  ( 0.000000000000000000, 0.000000000000000000, 1.000000000000000000 ) ) ;
#3576 = CARTESIAN_POINT ( 'NONE',  ( 2.202694860469042645E-13, 34.20000000000000284, -23.49999999999999645 ) ) ;
#3577 = CIRCLE ( 'NONE', #10695, 6.300000000000000711 ) ;
#3578 = LINE ( 'NONE', #4753, #4605 ) ;
#3579 = EDGE_CURVE ( 'NONE', #6993, #10411, #7396, .T. ) ;
#3580 = DIRECTION ( 'NONE',  ( 0.000000000000000000, -0.000000000000000000, 1.000000000000000000 ) ) ;
#3581 = CIRCLE ( 'NONE', #12102, 44.50000000000000711 ) ;
#3582 = VECTOR ( 'NONE', #1653, 1000.000000000000000 ) ;
#3583 = ORIENTED_EDGE ( 'NONE', *, *, #7470, .F. ) ;
#3584 = LINE ( 'NONE', #11838, #4357 ) ;
#3585 = VERTEX_POINT ( 'NONE', #6032 ) ;
#3586 = DIRECTION ( 'NONE',  ( -0.000000000000000000, -1.000000000000000000, -0.000000000000000000 ) ) ;
#3587 = CARTESIAN_POINT ( 'NONE',  ( 5.000000000000000000, 6.123233995736766282E-16, 12.00000000000000000 ) ) ;
#3588 = ORIENTED_EDGE ( 'NONE', *, *, #5292, .F. ) ;
#3589 = VECTOR ( 'NONE', #3124, 1000.000000000000000 ) ;
#3590 = CARTESIAN_POINT ( 'NONE',  ( 138.3273854894824240, 3.000000000000000000, -9.999736353167559599 ) ) ;
#3591 = CARTESIAN_POINT ( 'NONE',  ( 23.00000000000000000, 34.20000000000000284, -4.999999999999995559 ) ) ;
#3592 = VECTOR ( 'NONE', #709, 1000.000000000000000 ) ;
#3593 = AXIS2_PLACEMENT_3D ( 'NONE', #1700, #9257, #5479 ) ;
#3594 = DIRECTION ( 'NONE',  ( 0.000000000000000000, 0.000000000000000000, -1.000000000000000000 ) ) ;
#3595 = CARTESIAN_POINT ( 'NONE',  ( 2.999999999999998224, 34.20000000000000284, -25.00000000000000000 ) ) ;
#3596 = LINE ( 'NONE', #3474, #9491 ) ;
#3597 = CARTESIAN_POINT ( 'NONE',  ( -113.7500000000000995, 20.00000000000000000, -110.0000000000000142 ) ) ;
#3598 = CARTESIAN_POINT ( 'NONE',  ( 16.00000000000000000, 2.399999999999999467, 1.649999999999887335 ) ) ;
#3599 = ADVANCED_FACE ( 'NONE', ( #9194 ), #824, .T. ) ;
#3600 = APPLICATION_CONTEXT ( 'automotive_design' ) ;
#3601 = DIRECTION ( 'NONE',  ( 0.000000000000000000, 1.000000000000000000, 0.000000000000000000 ) ) ;
#3602 = VECTOR ( 'NONE', #342, 1000.000000000000000 ) ;
#3603 = AXIS2_PLACEMENT_3D ( 'NONE', #763, #571, #7437 ) ;
#3604 = ORIENTED_EDGE ( 'NONE', *, *, #7018, .T. ) ;
#3605 = FACE_OUTER_BOUND ( 'NONE', #10049, .T. ) ;
#3606 = CIRCLE ( 'NONE', #1035, 2.099999999999999645 ) ;
#3607 = VERTEX_POINT ( 'NONE', #10054 ) ;
#3608 = DIRECTION ( 'NONE',  ( 0.000000000000000000, 0.000000000000000000, 1.000000000000000000 ) ) ;
#3609 = EDGE_LOOP ( 'NONE', ( #1100, #10437 ) ) ;
#3610 = DIRECTION ( 'NONE',  ( 0.000000000000000000, 0.000000000000000000, 1.000000000000000000 ) ) ;
#3611 = VECTOR ( 'NONE', #10973, 1000.000000000000000 ) ;
#3612 = ORIENTED_EDGE ( 'NONE', *, *, #7533, .F. ) ;
#3613 = CARTESIAN_POINT ( 'NONE',  ( 0.07261451051828989034, -39.99999999999999289, -9.999736353167531178 ) ) ;
#3614 = VECTOR ( 'NONE', #11512, 1000.000000000000000 ) ;
#3615 = CARTESIAN_POINT ( 'NONE',  ( 90.00000000000000000, 0.000000000000000000, -19.99999999999998224 ) ) ;
#3616 = FACE_OUTER_BOUND ( 'NONE', #445, .T. ) ;
#3617 = VECTOR ( 'NONE', #11246, 1000.000000000000000 ) ;
#3618 = ORIENTED_EDGE ( 'NONE', *, *, #2571, .T. ) ;
#3619 = EDGE_CURVE ( 'NONE', #11555, #856, #10113, .T. ) ;
#3620 = DIRECTION ( 'NONE',  ( -0.000000000000000000, -1.000000000000000000, -0.000000000000000000 ) ) ;
#3621 = AXIS2_PLACEMENT_3D ( 'NONE', #1903, #5676, #7422 ) ;
#3622 = ORIENTED_EDGE ( 'NONE', *, *, #11950, .F. ) ;
#3623 = CONTEXT_DEPENDENT_SHAPE_REPRESENTATION ( #5507, #11596 ) ;
#3624 = ORIENTED_EDGE ( 'NONE', *, *, #11896, .T. ) ;
#3625 = CARTESIAN_POINT ( 'NONE',  ( -80.25000000000000000, 20.00000000000000000, 20.00000000000000711 ) ) ;
#3626 = PLANE ( 'NONE',  #9807 ) ;
#3627 = CIRCLE ( 'NONE', #479, 9.500000000000000000 ) ;
#3628 = EDGE_CURVE ( 'NONE', #9681, #11943, #6999, .T. ) ;
#3629 = DIRECTION ( 'NONE',  ( 0.000000000000000000, 0.000000000000000000, -1.000000000000000000 ) ) ;
#3630 = FACE_BOUND ( 'NONE', #4983, .T. ) ;
#3631 = DIRECTION ( 'NONE',  ( 0.000000000000000000, 0.000000000000000000, -1.000000000000000000 ) ) ;
#3632 = ADVANCED_FACE ( 'NONE', ( #7389 ), #580, .F. ) ;
#3633 = AXIS2_PLACEMENT_3D ( 'NONE', #312, #9728, #12025 ) ;
#3634 = ORIENTED_EDGE ( 'NONE', *, *, #5273, .T. ) ;
#3635 = LINE ( 'NONE', #3740, #1059 ) ;
#3636 = ORIENTED_EDGE ( 'NONE', *, *, #9086, .F. ) ;
#3637 = ORIENTED_EDGE ( 'NONE', *, *, #7867, .F. ) ;
#3638 = CARTESIAN_POINT ( 'NONE',  ( -150.0000000000000000, 0.000000000000000000, -10.00000000000000000 ) ) ;
#3639 = VERTEX_POINT ( 'NONE', #10751 ) ;
#3640 = EDGE_CURVE ( 'NONE', #1902, #710, #10553, .T. ) ;
#3641 = DIRECTION ( 'NONE',  ( 0.000000000000000000, 0.000000000000000000, -1.000000000000000000 ) ) ;
#3642 = EDGE_CURVE ( 'NONE', #4449, #6721, #11952, .T. ) ;
#3643 = DIRECTION ( 'NONE',  ( 0.000000000000000000, 0.000000000000000000, 1.000000000000000000 ) ) ;
#3644 = FACE_OUTER_BOUND ( 'NONE', #2772, .T. ) ;
#3645 = AXIS2_PLACEMENT_3D ( 'NONE', #9711, #3014, #7844 ) ;
#3646 = DIRECTION ( 'NONE',  ( 0.000000000000000000, 0.000000000000000000, 1.000000000000000000 ) ) ;
#3647 = DIRECTION ( 'NONE',  ( -0.000000000000000000, 1.000000000000000000, -0.000000000000000000 ) ) ;
#3648 = EDGE_LOOP ( 'NONE', ( #2523, #2229, #6608, #2627 ) ) ;
#3649 = CARTESIAN_POINT ( 'NONE',  ( 130.0000000000000000, 20.00000000000000000, -10.24999999999998579 ) ) ;
#3650 = CYLINDRICAL_SURFACE ( 'NONE', #11927, 50.00000000000000000 ) ;
#3651 = ORIENTED_EDGE ( 'NONE', *, *, #6688, .T. ) ;
#3652 = EDGE_CURVE ( 'NONE', #1000, #2209, #4339, .T. ) ;
#3653 = FACE_BOUND ( 'NONE', #7530, .T. ) ;
#3654 = DIRECTION ( 'NONE',  ( -1.000000000000000000, 0.000000000000000000, -3.545536741751475049E-16 ) ) ;
#3655 = CARTESIAN_POINT ( 'NONE',  ( 3.490243377569953695E-15, -2.500000000000000000, -27.24999999999998224 ) ) ;
#3656 = LINE ( 'NONE', #2898, #8311 ) ;
#3657 = CARTESIAN_POINT ( 'NONE',  ( 138.3273854894824240, -43.00000000000000000, -280.0007909404973248 ) ) ;
#3658 = DIRECTION ( 'NONE',  ( -0.000000000000000000, 0.000000000000000000, 1.000000000000000000 ) ) ;
#3659 = AXIS2_PLACEMENT_3D ( 'NONE', #4687, #10444, #11143 ) ;
#3660 = ORIENTED_EDGE ( 'NONE', *, *, #11896, .F. ) ;
#3661 = DIRECTION ( 'NONE',  ( 1.000000000000000000, 0.000000000000000000, 0.000000000000000000 ) ) ;
#3662 = ORIENTED_EDGE ( 'NONE', *, *, #10455, .T. ) ;
#3663 = CIRCLE ( 'NONE', #7225, 44.50000000000000711 ) ;
#3664 = DIRECTION ( 'NONE',  ( -0.000000000000000000, -1.000000000000000000, -0.000000000000000000 ) ) ;
#3665 = AXIS2_PLACEMENT_3D ( 'NONE', #7574, #11416, #6515 ) ;
#3666 = CARTESIAN_POINT ( 'NONE',  ( 0.000000000000000000, 15.59999999999999964, 44.50000000000000711 ) ) ;
#3667 = EDGE_CURVE ( 'NONE', #11174, #9971, #6201, .T. ) ;
#3668 = EDGE_LOOP ( 'NONE', ( #9991, #10895, #8462, #4900 ) ) ;
#3669 = DIRECTION ( 'NONE',  ( 1.451090930900692301E-15, 0.000000000000000000, -1.000000000000000000 ) ) ;
#3670 = ORIENTED_EDGE ( 'NONE', *, *, #5204, .T. ) ;
#3671 = CARTESIAN_POINT ( 'NONE',  ( 25.00000000000000000, 34.20000000000000284, 5.000000000000000000 ) ) ;
#3672 = SURFACE_STYLE_FILL_AREA ( #9313 ) ;
#3673 = ADVANCED_BREP_SHAPE_REPRESENTATION ( '', ( #578, #10290 ), #611 ) ;
#3674 = CARTESIAN_POINT ( 'NONE',  ( 11.31370849898465991, 7.066904755831209251, -11.31370849898485886 ) ) ;
#3675 = EDGE_LOOP ( 'NONE', ( #1586, #7746 ) ) ;
#3676 = LINE ( 'NONE', #9266, #11697 ) ;
#3677 = CIRCLE ( 'NONE', #10608, 30.00000000000000000 ) ;
#3678 = EDGE_CURVE ( 'NONE', #5132, #6445, #7883, .T. ) ;
#3679 = ORIENTED_EDGE ( 'NONE', *, *, #4680, .T. ) ;
#3680 = AXIS2_PLACEMENT_3D ( 'NONE', #563, #8232, #8986 ) ;
#3681 = ITEM_DEFINED_TRANSFORMATION ( 'NONE', 'NONE', #9707,  #10290 ) ;
#3682 = VERTEX_POINT ( 'NONE', #4413 ) ;
#3683 = CARTESIAN_POINT ( 'NONE',  ( 238.3273854894817134, 3.000000000000000000, -95.00026364683247948 ) ) ;
#3684 = EDGE_CURVE ( 'NONE', #6015, #483, #8196, .T. ) ;
#3685 = CARTESIAN_POINT ( 'NONE',  ( 5.000000000000000888, 1.530808498934191521E-15, 12.50000000000000000 ) ) ;
#3686 = CLOSED_SHELL ( 'NONE', ( #8565, #6618, #10832, #5581, #673, #2937, #8803, #2792, #6640, #8693, #11323, #2169, #8715, #9619, #1038, #5355, #2469, #52, #6739, #6093, #4321, #2117, #12024, #552, #2973, #8467, #1282, #3696, #1208, #6985, #7450, #5084, #855, #9548, #6723, #1031, #10042, #11870, #8076, #11212, #8555 ) ) ;
#3687 = CARTESIAN_POINT ( 'NONE',  ( -4.399999999999999467, 0.000000000000000000, -6.599999999999999645 ) ) ;
#3688 = DIRECTION ( 'NONE',  ( 0.000000000000000000, 0.000000000000000000, 1.000000000000000000 ) ) ;
#3689 = EDGE_LOOP ( 'NONE', ( #10378, #10635 ) ) ;
#3690 = EDGE_CURVE ( 'NONE', #8717, #11739, #878, .T. ) ;
#3691 = DIRECTION ( 'NONE',  ( 0.000000000000000000, -1.000000000000000000, 0.000000000000000000 ) ) ;
#3692 = ORIENTED_EDGE ( 'NONE', *, *, #9496, .T. ) ;
#3693 = VERTEX_POINT ( 'NONE', #11227 ) ;
#3694 = ORIENTED_EDGE ( 'NONE', *, *, #9928, .T. ) ;
#3695 = FACE_BOUND ( 'NONE', #8585, .T. ) ;
#3696 = ADVANCED_FACE ( 'NONE', ( #9549 ), #5698, .T. ) ;
#3697 = DIRECTION ( 'NONE',  ( -0.000000000000000000, 1.000000000000000000, -0.000000000000000000 ) ) ;
#3698 = DIRECTION ( 'NONE',  ( 0.000000000000000000, 1.000000000000000000, 0.000000000000000000 ) ) ;
#3699 = CARTESIAN_POINT ( 'NONE',  ( 238.3273854894817134, -39.99999999999999289, -275.0002636468324795 ) ) ;
#3700 = EDGE_CURVE ( 'NONE', #3423, #10601, #6568, .T. ) ;
#3701 = EDGE_CURVE ( 'NONE', #8598, #9828, #687, .T. ) ;
#3702 = FACE_OUTER_BOUND ( 'NONE', #103, .T. ) ;
#3703 = VERTEX_POINT ( 'NONE', #1870 ) ;
#3704 = CARTESIAN_POINT ( 'NONE',  ( 0.000000000000000000, 9.000000000000001776, -45.00000000000000711 ) ) ;
#3705 = ORIENTED_EDGE ( 'NONE', *, *, #2476, .F. ) ;
#3706 = VERTEX_POINT ( 'NONE', #9610 ) ;
#3707 =( NAMED_UNIT ( * ) SI_UNIT ( $, .STERADIAN. ) SOLID_ANGLE_UNIT ( ) );
#3708 = DIRECTION ( 'NONE',  ( -0.000000000000000000, -1.000000000000000000, 0.000000000000000000 ) ) ;
#3709 = CARTESIAN_POINT ( 'NONE',  ( -93.75000000000008527, 20.00000000000000000, -29.99999999999997158 ) ) ;
#3710 = DIRECTION ( 'NONE',  ( -0.000000000000000000, -0.000000000000000000, 1.000000000000000000 ) ) ;
#3711 = DIRECTION ( 'NONE',  ( -2.745056929018243809E-16, -0.000000000000000000, -1.000000000000000000 ) ) ;
#3712 = CYLINDRICAL_SURFACE ( 'NONE', #11998, 30.00000000000000000 ) ;
#3713 = PLANE ( 'NONE',  #277 ) ;
#3714 = CARTESIAN_POINT ( 'NONE',  ( 0.000000000000000000, 184.4213562373095385, -50.00000000000000000 ) ) ;
#3715 = EDGE_LOOP ( 'NONE', ( #9515, #5814, #8645, #2343 ) ) ;
#3716 = FACE_OUTER_BOUND ( 'NONE', #1328, .T. ) ;
#3717 = FACE_OUTER_BOUND ( 'NONE', #3524, .T. ) ;
#3718 = CARTESIAN_POINT ( 'NONE',  ( -14.84924240491757885, 20.00000000000000000, 12.74924240491742289 ) ) ;
#3719 = ORIENTED_EDGE ( 'NONE', *, *, #10065, .F. ) ;
#3720 = DIRECTION ( 'NONE',  ( -0.000000000000000000, -1.000000000000000000, -0.000000000000000000 ) ) ;
#3721 = EDGE_LOOP ( 'NONE', ( #1238, #6308, #2739, #3088 ) ) ;
#3722 = LINE ( 'NONE', #4853, #9243 ) ;
#3723 = FACE_OUTER_BOUND ( 'NONE', #11367, .T. ) ;
#3724 = ADVANCED_FACE ( 'NONE', ( #5586 ), #8372, .F. ) ;
#3725 = DIRECTION ( 'NONE',  ( -0.000000000000000000, -1.000000000000000000, -0.000000000000000000 ) ) ;
#3726 = ORIENTED_EDGE ( 'NONE', *, *, #1820, .T. ) ;
#3727 = LINE ( 'NONE', #1765, #1221 ) ;
#3728 = ORIENTED_EDGE ( 'NONE', *, *, #7551, .T. ) ;
#3729 = ITEM_DEFINED_TRANSFORMATION ( 'NONE', 'NONE', #3758,  #10290 ) ;
#3730 = ORIENTED_EDGE ( 'NONE', *, *, #4429, .T. ) ;
#3731 = CARTESIAN_POINT ( 'NONE',  ( -21.00000000000000000, 0.000000000000000000, -1.466422162314116009E-13 ) ) ;
#3732 = CARTESIAN_POINT ( 'NONE',  ( 238.3273854894816850, -39.99999999999999289, -280.0002636468323658 ) ) ;
#3733 = CARTESIAN_POINT ( 'NONE',  ( -7.306393228788485917E-14, 0.000000000000000000, 18.89999999999999858 ) ) ;
#3734 = DIRECTION ( 'NONE',  ( 0.000000000000000000, 0.000000000000000000, 1.000000000000000000 ) ) ;
#3735 = EDGE_CURVE ( 'NONE', #4050, #1891, #6690, .T. ) ;
#3736 = FACE_OUTER_BOUND ( 'NONE', #1732, .T. ) ;
#3737 = AXIS2_PLACEMENT_3D ( 'NONE', #681, #9269, #4621 ) ;
#3738 = ORIENTED_EDGE ( 'NONE', *, *, #3667, .T. ) ;
#3739 = EDGE_CURVE ( 'NONE', #5729, #2658, #9188, .T. ) ;
#3740 = CARTESIAN_POINT ( 'NONE',  ( 0.000000000000000000, 28.88506671125515979, 33.12659406584553068 ) ) ;
#3741 = ORIENTED_EDGE ( 'NONE', *, *, #4020, .T. ) ;
#3742 = ORIENTED_EDGE ( 'NONE', *, *, #8618, .F. ) ;
#3743 = DIRECTION ( 'NONE',  ( -1.000000000000000000, 5.371140566036761867E-15, -1.118507346195631807E-13 ) ) ;
#3744 = ORIENTED_EDGE ( 'NONE', *, *, #9710, .F. ) ;
#3745 = PLANE ( 'NONE',  #1233 ) ;
#3746 = AXIS2_PLACEMENT_3D ( 'NONE', #5645, #1923, #9546 ) ;
#3747 = AXIS2_PLACEMENT_3D ( 'NONE', #9028, #1584, #11815 ) ;
#3748 = AXIS2_PLACEMENT_3D ( 'NONE', #1443, #517, #4276 ) ;
#3749 = CARTESIAN_POINT ( 'NONE',  ( 75.00000000000001421, 20.00000000000000000, 40.00000000000000000 ) ) ;
#3750 = DIRECTION ( 'NONE',  ( -0.000000000000000000, -0.000000000000000000, 1.000000000000000000 ) ) ;
#3751 = CYLINDRICAL_SURFACE ( 'NONE', #11975, 1.999999999999998224 ) ;
#3752 = AXIS2_PLACEMENT_3D ( 'NONE', #5041, #10736, #2255 ) ;
#3753 = VERTEX_POINT ( 'NONE', #12218 ) ;
#3754 = PLANE ( 'NONE',  #6541 ) ;
#3755 = TOROIDAL_SURFACE ( 'NONE', #823, 8.000000000000000000, 3.000000000000000000 ) ;
#3756 = CIRCLE ( 'NONE', #8713, 2.499999999999996891 ) ;
#3757 = ORIENTED_EDGE ( 'NONE', *, *, #1768, .F. ) ;
#3758 = AXIS2_PLACEMENT_3D ( 'NONE', #7778, #2824, #109 ) ;
#3759 = ADVANCED_FACE ( 'NONE', ( #4715 ), #8610, .F. ) ;
#3760 = CARTESIAN_POINT ( 'NONE',  ( 14.84924240491747582, -5.939696961967007027, 14.84924240491752556 ) ) ;
#3761 = ORIENTED_EDGE ( 'NONE', *, *, #7133, .T. ) ;
#3762 = ORIENTED_EDGE ( 'NONE', *, *, #11466, .T. ) ;
#3763 =( LENGTH_UNIT ( ) NAMED_UNIT ( * ) SI_UNIT ( .MILLI., .METRE. ) );
#3764 = CARTESIAN_POINT ( 'NONE',  ( 0.000000000000000000, 20.00000000000000000, -10.00000000000000000 ) ) ;
#3765 = CIRCLE ( 'NONE', #11491, 2.100000000000004530 ) ;
#3766 = PLANE ( 'NONE',  #5482 ) ;
#3767 = DIRECTION ( 'NONE',  ( -0.000000000000000000, -1.000000000000000000, -0.000000000000000000 ) ) ;
#3768 = DIRECTION ( 'NONE',  ( 1.000000000000000000, 0.000000000000000000, 0.000000000000000000 ) ) ;
#3769 = EDGE_CURVE ( 'NONE', #11825, #2909, #8580, .T. ) ;
#3770 = CARTESIAN_POINT ( 'NONE',  ( 0.000000000000000000, 20.00000000000000000, 0.000000000000000000 ) ) ;
#3771 = CIRCLE ( 'NONE', #5568, 2.000000000000000000 ) ;
#3772 = AXIS2_PLACEMENT_3D ( 'NONE', #10313, #5490, #2803 ) ;
#3773 = ADVANCED_FACE ( 'NONE', ( #4842 ), #3713, .T. ) ;
#3774 = AXIS2_PLACEMENT_3D ( 'NONE', #32, #1151, #9575 ) ;
#3775 = CARTESIAN_POINT ( 'NONE',  ( 238.3273854894817134, 3.000000000000000000, -155.0002636468324795 ) ) ;
#3776 = CARTESIAN_POINT ( 'NONE',  ( -14.84924240491757885, -5.939696961967007027, 16.94924240491742040 ) ) ;
#3777 = AXIS2_PLACEMENT_3D ( 'NONE', #1163, #7842, #3926 ) ;
#3778 = ORIENTED_EDGE ( 'NONE', *, *, #2669, .F. ) ;
#3779 = AXIS2_PLACEMENT_3D ( 'NONE', #1132, #3952, #7740 ) ;
#3780 = ADVANCED_FACE ( 'NONE', ( #3890 ), #4654, .T. ) ;
#3781 = LINE ( 'NONE', #1876, #4188 ) ;
#3782 = DIRECTION ( 'NONE',  ( 0.000000000000000000, 0.000000000000000000, 1.000000000000000000 ) ) ;
#3783 = ORIENTED_EDGE ( 'NONE', *, *, #7503, .F. ) ;
#3784 = AXIS2_PLACEMENT_3D ( 'NONE', #1746, #4582, #8364 ) ;
#3785 = CIRCLE ( 'NONE', #10713, 8.000000000000000000 ) ;
#3786 = DIRECTION ( 'NONE',  ( 0.000000000000000000, -1.000000000000000000, 0.000000000000000000 ) ) ;
#3787 = LINE ( 'NONE', #1758, #9130 ) ;
#3788 = EDGE_LOOP ( 'NONE', ( #11702, #8536, #7435, #4497 ) ) ;
#3789 = EDGE_CURVE ( 'NONE', #4137, #4979, #1804, .T. ) ;
#3790 = EDGE_CURVE ( 'NONE', #7200, #10117, #7619, .T. ) ;
#3791 = CIRCLE ( 'NONE', #10717, 2.499999999999996891 ) ;
#3792 = PLANE ( 'NONE',  #7057 ) ;
#3793 = AXIS2_PLACEMENT_3D ( 'NONE', #6381, #10170, #12153 ) ;
#3794 = FILL_AREA_STYLE ('',( #7684 ) ) ;
#3795 = VECTOR ( 'NONE', #4199, 1000.000000000000000 ) ;
#3796 = LINE ( 'NONE', #7576, #3564 ) ;
#3797 = EDGE_LOOP ( 'NONE', ( #10368, #5333, #5406, #2405 ) ) ;
#3798 = LINE ( 'NONE', #11551, #6749 ) ;
#3799 =( GEOMETRIC_REPRESENTATION_CONTEXT ( 3 ) GLOBAL_UNCERTAINTY_ASSIGNED_CONTEXT ( ( #10382 ) ) GLOBAL_UNIT_ASSIGNED_CONTEXT ( ( #2122, #7816, #10430 ) ) REPRESENTATION_CONTEXT ( 'NONE', 'WORKASPACE' ) );
#3800 = VECTOR ( 'NONE', #11452, 1000.000000000000000 ) ;
#3801 = ORIENTED_EDGE ( 'NONE', *, *, #5743, .F. ) ;
#3802 = VECTOR ( 'NONE', #10629, 1000.000000000000000 ) ;
#3803 = VECTOR ( 'NONE', #749, 1000.000000000000000 ) ;
#3804 = ORIENTED_EDGE ( 'NONE', *, *, #4394, .T. ) ;
#3805 = ADVANCED_FACE ( 'NONE', ( #6751 ), #6632, .T. ) ;
#3806 = CARTESIAN_POINT ( 'NONE',  ( -130.0000000000000000, 20.00000000000000000, -19.99999999999998579 ) ) ;
#3807 = FACE_OUTER_BOUND ( 'NONE', #6040, .T. ) ;
#3808 = CYLINDRICAL_SURFACE ( 'NONE', #5280, 2.099999999999997868 ) ;
#3809 = DIRECTION ( 'NONE',  ( -1.000000000000000000, -0.000000000000000000, 2.440050603571770850E-16 ) ) ;
#3810 = CIRCLE ( 'NONE', #11737, 1.649999999999998801 ) ;
#3811 = DIRECTION ( 'NONE',  ( -0.000000000000000000, 1.000000000000000000, -0.000000000000000000 ) ) ;
#3812 = AXIS2_PLACEMENT_3D ( 'NONE', #367, #8856, #6861 ) ;
#3813 = LINE ( 'NONE', #6534, #10199 ) ;
#3814 = AXIS2_PLACEMENT_3D ( 'NONE', #10213, #9275, #2524 ) ;
#3815 = ORIENTED_EDGE ( 'NONE', *, *, #4298, .T. ) ;
#3816 = CARTESIAN_POINT ( 'NONE',  ( 0.000000000000000000, 20.21909088590100367, -6.300000000000000711 ) ) ;
#3817 = VERTEX_POINT ( 'NONE', #8548 ) ;
#3818 = ORIENTED_EDGE ( 'NONE', *, *, #12047, .F. ) ;
#3819 = CARTESIAN_POINT ( 'NONE',  ( 4.402034292638745683E-11, -1.538914207206962969E-14, -143.7500000000224532 ) ) ;
#3820 = ORIENTED_EDGE ( 'NONE', *, *, #12127, .F. ) ;
#3821 = EDGE_CURVE ( 'NONE', #7192, #7898, #7445, .T. ) ;
#3822 = CARTESIAN_POINT ( 'NONE',  ( 80.25000000000000000, 20.00000000000000000, 10.25000000000000533 ) ) ;
#3823 = CARTESIAN_POINT ( 'NONE',  ( 138.3273854894817134, 3.000000000000000000, -280.0002636468323658 ) ) ;
#3824 = CYLINDRICAL_SURFACE ( 'NONE', #6182, 9.750000000000000000 ) ;
#3825 = CARTESIAN_POINT ( 'NONE',  ( -30.00000000000000000, 20.00000000000000000, 10.00000000000000000 ) ) ;
#3826 = AXIS2_PLACEMENT_3D ( 'NONE', #9429, #1926, #7490 ) ;
#3827 = ORIENTED_EDGE ( 'NONE', *, *, #1570, .T. ) ;
#3828 = DIRECTION ( 'NONE',  ( -2.745056929018243809E-16, -0.000000000000000000, -1.000000000000000000 ) ) ;
#3829 = VERTEX_POINT ( 'NONE', #8430 ) ;
#3830 = DIRECTION ( 'NONE',  ( 0.000000000000000000, 0.000000000000000000, 1.000000000000000000 ) ) ;
#3831 = VERTEX_POINT ( 'NONE', #11404 ) ;
#3832 = EDGE_LOOP ( 'NONE', ( #3849, #7223, #2785, #2372 ) ) ;
#3833 = LINE ( 'NONE', #2838, #7158 ) ;
#3834 = DIRECTION ( 'NONE',  ( 0.000000000000000000, 1.000000000000000000, 0.000000000000000000 ) ) ;
#3835 = DIRECTION ( 'NONE',  ( 0.000000000000000000, 1.000000000000000000, 0.000000000000000000 ) ) ;
#3836 = PLANE ( 'NONE',  #193 ) ;
#3837 = CARTESIAN_POINT ( 'NONE',  ( -11.31370849898490150, 2.399999999999999467, -11.31370849898462261 ) ) ;
#3838 = ADVANCED_FACE ( 'NONE', ( #11275 ), #2782, .F. ) ;
#3839 = DIRECTION ( 'NONE',  ( -0.000000000000000000, 1.000000000000000000, -0.000000000000000000 ) ) ;
#3840 = MECHANICAL_DESIGN_GEOMETRIC_PRESENTATION_REPRESENTATION (  '', ( #9680 ), #1536 ) ;
#3841 = CARTESIAN_POINT ( 'NONE',  ( 66.17647058823530415, 20.00000000000000000, -35.29411764705883314 ) ) ;
#3842 = ORIENTED_EDGE ( 'NONE', *, *, #1211, .T. ) ;
#3843 = PLANE ( 'NONE',  #1823 ) ;
#3844 = FILL_AREA_STYLE_COLOUR ( '', #9932 ) ;
#3845 = ORIENTED_EDGE ( 'NONE', *, *, #10330, .F. ) ;
#3846 = DIRECTION ( 'NONE',  ( 1.000000000000000000, -0.000000000000000000, 2.312964634635742895E-17 ) ) ;
#3847 = EDGE_CURVE ( 'NONE', #5575, #7626, #7006, .T. ) ;
#3848 = CARTESIAN_POINT ( 'NONE',  ( 0.000000000000000000, 0.000000000000000000, 8.000000000000000000 ) ) ;
#3849 = ORIENTED_EDGE ( 'NONE', *, *, #9385, .F. ) ;
#3850 = CARTESIAN_POINT ( 'NONE',  ( -30.00000000000000000, 20.00000000000000000, -10.00000000000000000 ) ) ;
#3851 = CIRCLE ( 'NONE', #2077, 5.000000000000000000 ) ;
#3852 = EDGE_CURVE ( 'NONE', #11255, #694, #497, .T. ) ;
#3853 = TOROIDAL_SURFACE ( 'NONE', #3665, 11.00000000000000000, 3.000000000000000444 ) ;
#3854 = CARTESIAN_POINT ( 'NONE',  ( -238.4000000000000625, 0.000000000000000000, -155.0000000000000568 ) ) ;
#3855 = ORIENTED_EDGE ( 'NONE', *, *, #10815, .F. ) ;
#3856 = EDGE_CURVE ( 'NONE', #11015, #8889, #1176, .T. ) ;
#3857 = DIRECTION ( 'NONE',  ( 0.000000000000000000, 0.000000000000000000, 1.000000000000000000 ) ) ;
#3858 = EDGE_CURVE ( 'NONE', #8911, #2324, #6119, .T. ) ;
#3859 = ORIENTED_EDGE ( 'NONE', *, *, #7992, .T. ) ;
#3860 = DIRECTION ( 'NONE',  ( -0.000000000000000000, -1.000000000000000000, -0.000000000000000000 ) ) ;
#3861 = CONTEXT_DEPENDENT_SHAPE_REPRESENTATION ( #6765, #10596 ) ;
#3862 = ORIENTED_EDGE ( 'NONE', *, *, #6543, .F. ) ;
#3863 = DIRECTION ( 'NONE',  ( -1.000000000000000000, -0.000000000000000000, -0.000000000000000000 ) ) ;
#3864 = CIRCLE ( 'NONE', #2092, 40.00000000000000000 ) ;
#3865 = DIRECTION ( 'NONE',  ( 0.000000000000000000, 0.000000000000000000, 1.000000000000000000 ) ) ;
#3866 = DIRECTION ( 'NONE',  ( 1.000000000000000000, 0.000000000000000000, 1.387778780781496557E-15 ) ) ;
#3867 = CARTESIAN_POINT ( 'NONE',  ( 0.000000000000000000, 17.80000000000000426, 0.000000000000000000 ) ) ;
#3868 = SURFACE_STYLE_FILL_AREA ( #2137 ) ;
#3869 = CARTESIAN_POINT ( 'NONE',  ( 0.000000000000000000, 7.199755572555090571E-15, 248.3999999999777231 ) ) ;
#3870 = ORIENTED_EDGE ( 'NONE', *, *, #7289, .T. ) ;
#3871 = FACE_OUTER_BOUND ( 'NONE', #9432, .T. ) ;
#3872 = VERTEX_POINT ( 'NONE', #1249 ) ;
#3873 = EDGE_LOOP ( 'NONE', ( #6855, #2906, #581, #904, #5433, #4887, #11370, #10879 ) ) ;
#3874 = DIRECTION ( 'NONE',  ( -1.000000000000000000, 5.331723184578431161E-15, -1.117271397870441506E-13 ) ) ;
#3875 = ORIENTED_EDGE ( 'NONE', *, *, #5022, .T. ) ;
#3876 = CARTESIAN_POINT ( 'NONE',  ( 0.000000000000000000, 0.000000000000000000, 0.000000000000000000 ) ) ;
#3877 = DIRECTION ( 'NONE',  ( -0.000000000000000000, -1.000000000000000000, 0.000000000000000000 ) ) ;
#3878 = CARTESIAN_POINT ( 'NONE',  ( 120.2500000000000142, 20.00000000000000000, 10.25000000000002309 ) ) ;
#3879 = VECTOR ( 'NONE', #11358, 1000.000000000000000 ) ;
#3880 = DIRECTION ( 'NONE',  ( 0.000000000000000000, -0.000000000000000000, -1.000000000000000000 ) ) ;
#3881 = ORIENTED_EDGE ( 'NONE', *, *, #11291, .T. ) ;
#3882 = LINE ( 'NONE', #6680, #9163 ) ;
#3883 = EDGE_LOOP ( 'NONE', ( #2402, #652, #10410, #6524 ) ) ;
#3884 = VERTEX_POINT ( 'NONE', #5028 ) ;
#3885 = CYLINDRICAL_SURFACE ( 'NONE', #5955, 5.000000000000000000 ) ;
#3886 = CARTESIAN_POINT ( 'NONE',  ( 0.000000000000000000, 35.39999999999999858, 0.000000000000000000 ) ) ;
#3887 = LINE ( 'NONE', #247, #3800 ) ;
#3888 = CARTESIAN_POINT ( 'NONE',  ( 5.510910596163090344E-15, 17.80000000000000426, 45.00000000000000711 ) ) ;
#3889 = DIRECTION ( 'NONE',  ( -1.000000000000000000, 0.000000000000000000, 0.000000000000000000 ) ) ;
#3890 = FACE_OUTER_BOUND ( 'NONE', #9286, .T. ) ;
#3891 = EDGE_CURVE ( 'NONE', #8981, #8012, #442, .T. ) ;
#3892 = DIRECTION ( 'NONE',  ( -2.745056929018243809E-16, 0.000000000000000000, -1.000000000000000000 ) ) ;
#3893 = EDGE_LOOP ( 'NONE', ( #2312, #7591 ) ) ;
#3894 = DIRECTION ( 'NONE',  ( -0.000000000000000000, -1.000000000000000000, -0.000000000000000000 ) ) ;
#3895 = FACE_BOUND ( 'NONE', #9940, .T. ) ;
#3896 = VERTEX_POINT ( 'NONE', #2159 ) ;
#3897 = DIRECTION ( 'NONE',  ( -0.000000000000000000, 1.000000000000000000, -0.000000000000000000 ) ) ;
#3898 = EDGE_CURVE ( 'NONE', #3753, #11991, #3213, .T. ) ;
#3899 = CYLINDRICAL_SURFACE ( 'NONE', #7346, 45.00000000000000711 ) ;
#3900 = ORIENTED_EDGE ( 'NONE', *, *, #1705, .T. ) ;
#3901 = CARTESIAN_POINT ( 'NONE',  ( 0.000000000000000000, 0.000000000000000000, 0.000000000000000000 ) ) ;
#3902 = FACE_OUTER_BOUND ( 'NONE', #10810, .T. ) ;
#3903 = LINE ( 'NONE', #6878, #10729 ) ;
#3904 = PRODUCT_DEFINITION ( 'UNKNOWN', '', #1409, #9642 ) ;
#3905 = LINE ( 'NONE', #2063, #1597 ) ;
#3906 = ORIENTED_EDGE ( 'NONE', *, *, #8422, .F. ) ;
#3907 = FACE_BOUND ( 'NONE', #8773, .T. ) ;
#3908 = EDGE_CURVE ( 'NONE', #2977, #1364, #7785, .T. ) ;
#3909 = ORIENTED_EDGE ( 'NONE', *, *, #4729, .F. ) ;
#3910 = DIRECTION ( 'NONE',  ( 0.000000000000000000, 0.000000000000000000, 1.000000000000000000 ) ) ;
#3911 = EDGE_LOOP ( 'NONE', ( #6056, #8590 ) ) ;
#3912 = APPLICATION_CONTEXT ( 'automotive_design' ) ;
#3913 = DIRECTION ( 'NONE',  ( -1.000000000000000000, -0.000000000000000000, 5.129334446905298846E-17 ) ) ;
#3914 = FACE_OUTER_BOUND ( 'NONE', #3721, .T. ) ;
#3915 = CARTESIAN_POINT ( 'NONE',  ( 138.3273854894817134, 3.000000000000000000, -90.00026364683252211 ) ) ;
#3916 = EDGE_CURVE ( 'NONE', #97, #5001, #8729, .T. ) ;
#3917 = DIRECTION ( 'NONE',  ( 0.000000000000000000, 0.000000000000000000, 1.000000000000000000 ) ) ;
#3918 =( NAMED_UNIT ( * ) PLANE_ANGLE_UNIT ( ) SI_UNIT ( $, .RADIAN. ) );
#3919 = ORIENTED_EDGE ( 'NONE', *, *, #6169, .F. ) ;
#3920 = CARTESIAN_POINT ( 'NONE',  ( -16.00000000000000000, 2.399999999999999467, 1.649999999999998579 ) ) ;
#3921 = VERTEX_POINT ( 'NONE', #7857 ) ;
#3922 = ORIENTED_EDGE ( 'NONE', *, *, #6649, .F. ) ;
#3923 = CARTESIAN_POINT ( 'NONE',  ( -184.9999999999747331, 9.999999999998296474, 29.99999999995715072 ) ) ;
#3924 = ORIENTED_EDGE ( 'NONE', *, *, #7907, .F. ) ;
#3925 = CARTESIAN_POINT ( 'NONE',  ( -120.2500000000000142, 20.00000000000000000, 20.00000000000002132 ) ) ;
#3926 = DIRECTION ( 'NONE',  ( 0.000000000000000000, 0.000000000000000000, 1.000000000000000000 ) ) ;
#3927 = EDGE_CURVE ( 'NONE', #8111, #4592, #11645, .T. ) ;
#3928 = DIRECTION ( 'NONE',  ( 0.000000000000000000, -1.000000000000000000, 0.000000000000000000 ) ) ;
#3929 = CARTESIAN_POINT ( 'NONE',  ( -68.73863542433761609, 20.00000000000000000, -30.00000000000000000 ) ) ;
#3930 = ORIENTED_EDGE ( 'NONE', *, *, #2341, .T. ) ;
#3931 = EDGE_LOOP ( 'NONE', ( #3662, #6556, #4286, #10870 ) ) ;
#3932 = DIRECTION ( 'NONE',  ( -0.000000000000000000, -0.000000000000000000, -1.000000000000000000 ) ) ;
#3933 = ORIENTED_EDGE ( 'NONE', *, *, #2108, .T. ) ;
#3934 = ORIENTED_EDGE ( 'NONE', *, *, #8484, .F. ) ;
#3935 = VECTOR ( 'NONE', #11402, 1000.000000000000000 ) ;
#3936 = EDGE_LOOP ( 'NONE', ( #3870, #8905, #10246, #6298 ) ) ;
#3937 = LINE ( 'NONE', #8854, #439 ) ;
#3938 = CARTESIAN_POINT ( 'NONE',  ( 0.000000000000000000, 0.000000000000000000, -60.00000000000000000 ) ) ;
#3939 = PLANE ( 'NONE',  #4606 ) ;
#3940 = CARTESIAN_POINT ( 'NONE',  ( 0.000000000000000000, 13.40000000000000213, 0.000000000000000000 ) ) ;
#3941 = EDGE_CURVE ( 'NONE', #9537, #10524, #2663, .T. ) ;
#3942 = CIRCLE ( 'NONE', #4948, 2.000000000000000000 ) ;
#3943 = DIRECTION ( 'NONE',  ( -0.000000000000000000, -0.000000000000000000, -1.000000000000000000 ) ) ;
#3944 = CYLINDRICAL_SURFACE ( 'NONE', #11965, 2.500000000000000000 ) ;
#3945 = VECTOR ( 'NONE', #5447, 1000.000000000000000 ) ;
#3946 = AXIS2_PLACEMENT_3D ( 'NONE', #2328, #7774, #6096 ) ;
#3947 = AXIS2_PLACEMENT_3D ( 'NONE', #10916, #4083, #6934 ) ;
#3948 = CARTESIAN_POINT ( 'NONE',  ( -21.00000000000000000, 0.000000000000000000, -1.466422162314116009E-13 ) ) ;
#3949 = PRODUCT_DEFINITION_SHAPE ( 'NONE', 'NONE',  #10381 ) ;
#3950 = ORIENTED_EDGE ( 'NONE', *, *, #12047, .T. ) ;
#3951 = CARTESIAN_POINT ( 'NONE',  ( 2.199633243471174140E-13, 20.00000000000000000, -20.99999999999999645 ) ) ;
#3952 = DIRECTION ( 'NONE',  ( 0.000000000000000000, 1.000000000000000000, 0.000000000000000000 ) ) ;
#3953 = ORIENTED_EDGE ( 'NONE', *, *, #2236, .F. ) ;
#3954 = LINE ( 'NONE', #7744, #996 ) ;
#3955 = DIRECTION ( 'NONE',  ( 1.000000000000000000, 0.000000000000000000, 0.000000000000000000 ) ) ;
#3956 = CIRCLE ( 'NONE', #8705, 5.000000000000000000 ) ;
#3957 = AXIS2_PLACEMENT_3D ( 'NONE', #443, #6122, #253 ) ;
#3958 = ORIENTED_EDGE ( 'NONE', *, *, #11735, .F. ) ;
#3959 = CYLINDRICAL_SURFACE ( 'NONE', #11718, 2.499999999999998668 ) ;
#3960 = EDGE_CURVE ( 'NONE', #8838, #5656, #8798, .T. ) ;
#3961 = DIRECTION ( 'NONE',  ( 0.000000000000000000, -0.000000000000000000, -1.000000000000000000 ) ) ;
#3962 = FILL_AREA_STYLE ('',( #4969 ) ) ;
#3963 = AXIS2_PLACEMENT_3D ( 'NONE', #11406, #182, #7492 ) ;
#3964 = CARTESIAN_POINT ( 'NONE',  ( 0.000000000000000000, 17.80000000000000426, -45.00000000000000711 ) ) ;
#3965 = AXIS2_PLACEMENT_3D ( 'NONE', #1990, #9380, #8560 ) ;
#3966 = AXIS2_PLACEMENT_3D ( 'NONE', #11299, #10134, #3495 ) ;
#3967 = EDGE_LOOP ( 'NONE', ( #43, #10523 ) ) ;
#3968 = CARTESIAN_POINT ( 'NONE',  ( 218.3273854894824808, 0.000000000000000000, -95.00026364683250790 ) ) ;
#3969 = AXIS2_PLACEMENT_3D ( 'NONE', #3307, #400, #5115 ) ;
#3970 = ORIENTED_EDGE ( 'NONE', *, *, #2807, .T. ) ;
#3971 = DIRECTION ( 'NONE',  ( 0.000000000000000000, -1.000000000000000000, 0.000000000000000000 ) ) ;
#3972 = CIRCLE ( 'NONE', #1622, 44.50000000000000711 ) ;
#3973 = CIRCLE ( 'NONE', #234, 35.00000000000000000 ) ;
#3974 = VERTEX_POINT ( 'NONE', #250 ) ;
#3975 = CARTESIAN_POINT ( 'NONE',  ( -130.0000000000000000, 20.00000000000000000, -9.999999999999998224 ) ) ;
#3976 = CYLINDRICAL_SURFACE ( 'NONE', #9140, 2.100000000000002753 ) ;
#3977 = DIRECTION ( 'NONE',  ( 0.000000000000000000, 0.000000000000000000, 1.000000000000000000 ) ) ;
#3978 = CIRCLE ( 'NONE', #2989, 35.00000000000000000 ) ;
#3979 = FACE_OUTER_BOUND ( 'NONE', #3931, .T. ) ;
#3980 = DIRECTION ( 'NONE',  ( 0.000000000000000000, 0.000000000000000000, 1.000000000000000000 ) ) ;
#3981 = ADVANCED_FACE ( 'NONE', ( #9795 ), #3944, .F. ) ;
#3982 = DIRECTION ( 'NONE',  ( 0.000000000000000000, 0.000000000000000000, 1.000000000000000000 ) ) ;
#3983 = AXIS2_PLACEMENT_3D ( 'NONE', #4990, #4920, #5968 ) ;
#3984 = VECTOR ( 'NONE', #5098, 1000.000000000000000 ) ;
#3985 = VECTOR ( 'NONE', #6301, 1000.000000000000000 ) ;
#3986 = AXIS2_PLACEMENT_3D ( 'NONE', #3144, #1373, #5216 ) ;
#3987 = EDGE_LOOP ( 'NONE', ( #3269, #7176, #3970, #2944 ) ) ;
#3988 = CARTESIAN_POINT ( 'NONE',  ( -130.0000000000000000, 20.00000000000000000, 9.999999999999998224 ) ) ;
#3989 = ORIENTED_EDGE ( 'NONE', *, *, #8938, .T. ) ;
#3990 = ORIENTED_EDGE ( 'NONE', *, *, #11454, .T. ) ;
#3991 = CARTESIAN_POINT ( 'NONE',  ( -184.9999999999681108, -10.00000000000172307, -30.00000000004284217 ) ) ;
#3992 = ADVANCED_FACE ( 'NONE', ( #10594 ), #2107, .T. ) ;
#3993 = ORIENTED_EDGE ( 'NONE', *, *, #9522, .T. ) ;
#3994 = FACE_OUTER_BOUND ( 'NONE', #12245, .T. ) ;
#3995 = AXIS2_PLACEMENT_3D ( 'NONE', #6907, #4883, #7660 ) ;
#3996 = AXIS2_PLACEMENT_3D ( 'NONE', #1627, #2542, #11847 ) ;
#3997 = DIRECTION ( 'NONE',  ( -0.000000000000000000, 1.000000000000000000, -0.000000000000000000 ) ) ;
#3998 = DIRECTION ( 'NONE',  ( -0.000000000000000000, -1.000000000000000000, -0.000000000000000000 ) ) ;
#3999 = VECTOR ( 'NONE', #6296, 1000.000000000000000 ) ;
#4000 = EDGE_CURVE ( 'NONE', #5475, #11080, #1279, .T. ) ;
#4001 = LINE ( 'NONE', #10632, #8997 ) ;
#4002 = CIRCLE ( 'NONE', #1262, 12.50000000000000000 ) ;
#4003 = ORIENTED_EDGE ( 'NONE', *, *, #3259, .F. ) ;
#4004 = FACE_BOUND ( 'NONE', #8381, .T. ) ;
#4005 = EDGE_CURVE ( 'NONE', #7050, #6669, #8860, .T. ) ;
#4006 = ORIENTED_EDGE ( 'NONE', *, *, #4625, .T. ) ;
#4007 = ADVANCED_FACE ( 'NONE', ( #4076 ), #371, .F. ) ;
#4008 = EDGE_LOOP ( 'NONE', ( #11458, #4632, #909, #8315 ) ) ;
#4009 = ORIENTED_EDGE ( 'NONE', *, *, #4745, .T. ) ;
#4010 = DIRECTION ( 'NONE',  ( 0.000000000000000000, 0.000000000000000000, 1.000000000000000000 ) ) ;
#4011 = CARTESIAN_POINT ( 'NONE',  ( 0.000000000000000000, 0.000000000000000000, 12.00000000000000000 ) ) ;
#4012 = DIRECTION ( 'NONE',  ( -0.000000000000000000, -1.000000000000000000, -0.000000000000000000 ) ) ;
#4013 = CARTESIAN_POINT ( 'NONE',  ( 14.84924240491768188, 20.00000000000000000, -12.74924240491732164 ) ) ;
#4014 = DIRECTION ( 'NONE',  ( 0.000000000000000000, 0.000000000000000000, -1.000000000000000000 ) ) ;
#4015 = AXIS2_PLACEMENT_3D ( 'NONE', #9124, #1695, #3174 ) ;
#4016 = DIRECTION ( 'NONE',  ( -0.000000000000000000, 1.000000000000000000, -0.000000000000000000 ) ) ;
#4017 = FACE_OUTER_BOUND ( 'NONE', #7862, .T. ) ;
#4018 = ORIENTED_EDGE ( 'NONE', *, *, #6276, .F. ) ;
#4019 = DIRECTION ( 'NONE',  ( -1.000000000000000000, 0.000000000000000000, 0.000000000000000000 ) ) ;
#4020 = EDGE_CURVE ( 'NONE', #10822, #8981, #2839, .T. ) ;
#4021 = DIRECTION ( 'NONE',  ( 0.000000000000000000, 0.000000000000000000, 1.000000000000000000 ) ) ;
#4022 = VERTEX_POINT ( 'NONE', #10903 ) ;
#4023 = VECTOR ( 'NONE', #1739, 1000.000000000000000 ) ;
#4024 = LINE ( 'NONE', #259, #9695 ) ;
#4025 = CYLINDRICAL_SURFACE ( 'NONE', #6748, 1.999999999999998224 ) ;
#4026 = ORIENTED_EDGE ( 'NONE', *, *, #9678, .F. ) ;
#4027 = DIRECTION ( 'NONE',  ( -0.000000000000000000, 1.000000000000000000, -0.000000000000000000 ) ) ;
#4028 = CARTESIAN_POINT ( 'NONE',  ( 30.00000000000000000, -101.9803902718557111, 10.00000000000000000 ) ) ;
#4029 = CARTESIAN_POINT ( 'NONE',  ( 0.000000000000000000, 0.000000000000000000, 0.000000000000000000 ) ) ;
#4030 = VECTOR ( 'NONE', #5127, 1000.000000000000000 ) ;
#4031 = DIRECTION ( 'NONE',  ( -0.000000000000000000, -1.000000000000000000, -0.000000000000000000 ) ) ;
#4032 = VERTEX_POINT ( 'NONE', #6190 ) ;
#4033 = DIRECTION ( 'NONE',  ( 0.000000000000000000, 0.000000000000000000, 1.000000000000000000 ) ) ;
#4034 = ADVANCED_FACE ( 'NONE', ( #8235 ), #3518, .T. ) ;
#4035 = UNCERTAINTY_MEASURE_WITH_UNIT (LENGTH_MEASURE( 1.000000000000000082E-05 ), #9506, 'distance_accuracy_value', 'NONE');
#4036 = ORIENTED_EDGE ( 'NONE', *, *, #913, .F. ) ;
#4037 = DIRECTION ( 'NONE',  ( 0.000000000000000000, 1.000000000000000000, 0.000000000000000000 ) ) ;
#4038 = AXIS2_PLACEMENT_3D ( 'NONE', #6477, #8694, #3982 ) ;
#4039 = ORIENTED_EDGE ( 'NONE', *, *, #4614, .F. ) ;
#4040 = PLANE ( 'NONE',  #10668 ) ;
#4041 = FACE_BOUND ( 'NONE', #5350, .T. ) ;
#4042 = CYLINDRICAL_SURFACE ( 'NONE', #3983, 2.499999999999998668 ) ;
#4043 = CYLINDRICAL_SURFACE ( 'NONE', #5223, 2.099999999999997868 ) ;
#4044 = AXIS2_PLACEMENT_3D ( 'NONE', #7177, #10968, #9573 ) ;
#4045 = DIRECTION ( 'NONE',  ( -0.000000000000000000, 1.000000000000000000, -0.000000000000000000 ) ) ;
#4046 = ADVANCED_FACE ( 'NONE', ( #8178 ), #567, .F. ) ;
#4047 = ADVANCED_FACE ( 'NONE', ( #4393 ), #1497, .T. ) ;
#4048 = ORIENTED_EDGE ( 'NONE', *, *, #4543, .T. ) ;
#4049 = DIRECTION ( 'NONE',  ( 0.000000000000000000, 1.000000000000000000, 0.000000000000000000 ) ) ;
#4050 = VERTEX_POINT ( 'NONE', #1554 ) ;
#4051 = CIRCLE ( 'NONE', #6041, 2.499999999999998668 ) ;
#4052 = EDGE_LOOP ( 'NONE', ( #1351, #6741, #7835, #3801 ) ) ;
#4053 = APPLICATION_PROTOCOL_DEFINITION ( 'draft international standard', 'automotive_design', 1998, #3912 ) ;
#4054 = EDGE_CURVE ( 'NONE', #2094, #3118, #5326, .T. ) ;
#4055 = VERTEX_POINT ( 'NONE', #4325 ) ;
#4056 = DIRECTION ( 'NONE',  ( 0.000000000000000000, 0.000000000000000000, -1.000000000000000000 ) ) ;
#4057 = DIRECTION ( 'NONE',  ( 0.000000000000000000, 0.000000000000000000, 1.000000000000000000 ) ) ;
#4058 = DIRECTION ( 'NONE',  ( 0.000000000000000000, 0.000000000000000000, 1.000000000000000000 ) ) ;
#4059 = DIRECTION ( 'NONE',  ( -0.000000000000000000, -0.000000000000000000, 1.000000000000000000 ) ) ;
#4060 = AXIS2_PLACEMENT_3D ( 'NONE', #1949, #151, #1094 ) ;
#4061 = PRODUCT_DEFINITION ( 'UNKNOWN', '', #10908, #2552 ) ;
#4062 = ADVANCED_FACE ( 'NONE', ( #10165 ), #758, .F. ) ;
#4063 = ORIENTED_EDGE ( 'NONE', *, *, #11207, .F. ) ;
#4064 = CARTESIAN_POINT ( 'NONE',  ( 0.000000000000000000, 2.200000000000021494, 0.000000000000000000 ) ) ;
#4065 = ORIENTED_EDGE ( 'NONE', *, *, #12127, .T. ) ;
#4066 = EDGE_LOOP ( 'NONE', ( #11626, #4873, #1960, #6109 ) ) ;
#4067 = EDGE_CURVE ( 'NONE', #7271, #9091, #4515, .T. ) ;
#4068 = VERTEX_POINT ( 'NONE', #5272 ) ;
#4069 = DIRECTION ( 'NONE',  ( -0.000000000000000000, 1.000000000000000000, -0.000000000000000000 ) ) ;
#4070 = CIRCLE ( 'NONE', #3490, 9.750000000000000000 ) ;
#4071 = LINE ( 'NONE', #7852, #5269 ) ;
#4072 = FACE_OUTER_BOUND ( 'NONE', #7966, .T. ) ;
#4073 = LINE ( 'NONE', #3211, #10883 ) ;
#4074 = CARTESIAN_POINT ( 'NONE',  ( 4.399999999999999467, 0.000000000000000000, -6.599999999999999645 ) ) ;
#4075 = EDGE_CURVE ( 'NONE', #8323, #11565, #12077, .T. ) ;
#4076 = FACE_OUTER_BOUND ( 'NONE', #4834, .T. ) ;
#4077 = EDGE_CURVE ( 'NONE', #2242, #1117, #8053, .T. ) ;
#4078 = FACE_OUTER_BOUND ( 'NONE', #11615, .T. ) ;
#4079 = EDGE_LOOP ( 'NONE', ( #10824, #11734 ) ) ;
#4080 = DIRECTION ( 'NONE',  ( 2.312964634635742895E-17, 0.000000000000000000, -1.000000000000000000 ) ) ;
#4081 = DIRECTION ( 'NONE',  ( -0.000000000000000000, -1.000000000000000000, -0.000000000000000000 ) ) ;
#4082 = EDGE_LOOP ( 'NONE', ( #2893, #11331, #8680, #9459 ) ) ;
#4083 = DIRECTION ( 'NONE',  ( 0.000000000000000000, 1.000000000000000000, -1.224646799147353207E-16 ) ) ;
#4084 = CARTESIAN_POINT ( 'NONE',  ( 16.00000000000000000, 0.000000000000000000, 0.000000000000000000 ) ) ;
#4085 = ITEM_DEFINED_TRANSFORMATION ( 'NONE', 'NONE', #11488,  #10290 ) ;
#4086 = VERTEX_POINT ( 'NONE', #3335 ) ;
#4087 = DIRECTION ( 'NONE',  ( -1.000000000000000000, 0.000000000000000000, 3.545536741751475049E-16 ) ) ;
#4088 = DIRECTION ( 'NONE',  ( -0.000000000000000000, 1.000000000000000000, -0.000000000000000000 ) ) ;
#4089 = CARTESIAN_POINT ( 'NONE',  ( 0.000000000000000000, -2.500000000000000000, 0.000000000000000000 ) ) ;
#4090 = ADVANCED_FACE ( 'NONE', ( #10094 ), #9910, .T. ) ;
#4091 = ORIENTED_EDGE ( 'NONE', *, *, #7635, .T. ) ;
#4092 = CARTESIAN_POINT ( 'NONE',  ( 5.586370142149013368E-14, 2.399999999999999467, 14.35000000000000142 ) ) ;
#4093 = ORIENTED_EDGE ( 'NONE', *, *, #3690, .F. ) ;
#4094 = DIRECTION ( 'NONE',  ( -1.000000000000000000, -0.000000000000000000, -0.000000000000000000 ) ) ;
#4095 = EDGE_LOOP ( 'NONE', ( #5713, #1161, #10, #1531 ) ) ;
#4096 = LINE ( 'NONE', #2261, #3163 ) ;
#4097 = ORIENTED_EDGE ( 'NONE', *, *, #876, .T. ) ;
#4098 = CARTESIAN_POINT ( 'NONE',  ( 2.999999999999998224, 34.20000000000000284, -25.00000000000000000 ) ) ;
#4099 = DIRECTION ( 'NONE',  ( 0.000000000000000000, 0.000000000000000000, 1.000000000000000000 ) ) ;
#4100 = DIRECTION ( 'NONE',  ( 0.000000000000000000, 0.000000000000000000, -1.000000000000000000 ) ) ;
#4101 = CARTESIAN_POINT ( 'NONE',  ( 80.25000000000000000, 0.000000000000000000, 20.00000000000000711 ) ) ;
#4102 = EDGE_CURVE ( 'NONE', #160, #7307, #7301, .T. ) ;
#4103 = DIRECTION ( 'NONE',  ( -0.000000000000000000, -0.000000000000000000, -1.000000000000000000 ) ) ;
#4104 = DIRECTION ( 'NONE',  ( 0.000000000000000000, 0.000000000000000000, 1.000000000000000000 ) ) ;
#4105 = CARTESIAN_POINT ( 'NONE',  ( 90.00000000000000000, 0.000000000000000000, 10.25000000000000533 ) ) ;
#4106 = DIRECTION ( 'NONE',  ( -1.000000000000000000, 0.000000000000000000, 5.551115123125901031E-15 ) ) ;
#4107 = EDGE_LOOP ( 'NONE', ( #11800, #5489, #9029, #8869, #4689, #7522, #11769, #2890, #4863, #4149, #5637, #10851, #8306, #11828, #1455, #4382, #10863, #11500, #1187, #163, #285, #5249, #8554, #1916, #11124, #7067, #9772, #3340, #9672, #6974, #8280, #11243 ) ) ;
#4108 = CARTESIAN_POINT ( 'NONE',  ( 2.199633243471174140E-13, 0.000000000000000000, -20.99999999999999645 ) ) ;
#4109 = VERTEX_POINT ( 'NONE', #510 ) ;
#4110 = VERTEX_POINT ( 'NONE', #8107 ) ;
#4111 = APPLICATION_PROTOCOL_DEFINITION ( 'draft international standard', 'automotive_design', 1998, #9006 ) ;
#4112 = VERTEX_POINT ( 'NONE', #7113 ) ;
#4113 = CARTESIAN_POINT ( 'NONE',  ( -16.00000000000000000, 7.066904755831209251, 0.000000000000000000 ) ) ;
#4114 = CARTESIAN_POINT ( 'NONE',  ( 5.449678256205721981E-15, 9.000000000000001776, -44.50000000000000711 ) ) ;
#4115 = ADVANCED_FACE ( 'NONE', ( #1613 ), #2419, .F. ) ;
#4116 = DIRECTION ( 'NONE',  ( 5.129334446905298846E-17, 0.000000000000000000, -1.000000000000000000 ) ) ;
#4117 = DIRECTION ( 'NONE',  ( 1.000000000000000000, -0.000000000000000000, -0.000000000000000000 ) ) ;
#4118 = EDGE_CURVE ( 'NONE', #4558, #12050, #7410, .T. ) ;
#4119 = ORIENTED_EDGE ( 'NONE', *, *, #8208, .T. ) ;
#4120 = DIRECTION ( 'NONE',  ( 0.000000000000000000, 0.000000000000000000, 1.000000000000000000 ) ) ;
#4121 = EDGE_LOOP ( 'NONE', ( #1688, #3330, #4802, #11863 ) ) ;
#4122 = ORIENTED_EDGE ( 'NONE', *, *, #8292, .T. ) ;
#4123 = CARTESIAN_POINT ( 'NONE',  ( 30.00000000000000000, 0.000000000000000000, 10.00000000000000000 ) ) ;
#4124 = VERTEX_POINT ( 'NONE', #4459 ) ;
#4125 = DIRECTION ( 'NONE',  ( -1.000000000000000000, -0.000000000000000000, 5.129334446905298846E-17 ) ) ;
#4126 = LINE ( 'NONE', #7345, #7037 ) ;
#4127 = FACE_OUTER_BOUND ( 'NONE', #8853, .T. ) ;
#4128 = LINE ( 'NONE', #178, #11678 ) ;
#4129 = LINE ( 'NONE', #2106, #10211 ) ;
#4130 = DIRECTION ( 'NONE',  ( -0.000000000000000000, 1.000000000000000000, -0.000000000000000000 ) ) ;
#4131 = EDGE_CURVE ( 'NONE', #6053, #9870, #699, .T. ) ;
#4132 = LINE ( 'NONE', #2160, #8132 ) ;
#4133 = VECTOR ( 'NONE', #9818, 1000.000000000000000 ) ;
#4134 = ORIENTED_EDGE ( 'NONE', *, *, #1071, .F. ) ;
#4135 = DIRECTION ( 'NONE',  ( -0.000000000000000000, 1.000000000000000000, 0.000000000000000000 ) ) ;
#4136 = CARTESIAN_POINT ( 'NONE',  ( -21.00000000000000000, -5.939696961967007027, -1.466422162314116009E-13 ) ) ;
#4137 = VERTEX_POINT ( 'NONE', #11086 ) ;
#4138 = DIRECTION ( 'NONE',  ( -1.000000000000000000, 0.000000000000000000, -0.000000000000000000 ) ) ;
#4139 = DIRECTION ( 'NONE',  ( 0.000000000000000000, 0.000000000000000000, -1.000000000000000000 ) ) ;
#4140 = EDGE_CURVE ( 'NONE', #9589, #3479, #5231, .T. ) ;
#4141 = EDGE_LOOP ( 'NONE', ( #6427, #11687, #1170, #10055 ) ) ;
#4142 = CARTESIAN_POINT ( 'NONE',  ( -21.00000000000000000, -5.939696961967007027, -2.100000000000146638 ) ) ;
#4143 = CARTESIAN_POINT ( 'NONE',  ( -7.000000000000001776, 34.20000000000000284, 18.73499399519520026 ) ) ;
#4144 = AXIS2_PLACEMENT_3D ( 'NONE', #8233, #1551, #2473 ) ;
#4145 = CIRCLE ( 'NONE', #3747, 44.50000000000000711 ) ;
#4146 = AXIS2_PLACEMENT_3D ( 'NONE', #6639, #10426, #1932 ) ;
#4147 = SURFACE_STYLE_USAGE ( .BOTH. , #385 ) ;
#4148 = EDGE_CURVE ( 'NONE', #5101, #8267, #9529, .T. ) ;
#4149 = ORIENTED_EDGE ( 'NONE', *, *, #4287, .T. ) ;
#4150 = LINE ( 'NONE', #10930, #2578 ) ;
#4151 = AXIS2_PLACEMENT_3D ( 'NONE', #5778, #11419, #9568 ) ;
#4152 = EDGE_LOOP ( 'NONE', ( #12056, #3482, #3909, #2346 ) ) ;
#4153 = DIRECTION ( 'NONE',  ( -0.000000000000000000, -1.000000000000000000, -0.000000000000000000 ) ) ;
#4154 = AXIS2_PLACEMENT_3D ( 'NONE', #11992, #781, #9013 ) ;
#4155 = AXIS2_PLACEMENT_3D ( 'NONE', #4359, #3363, #10820 ) ;
#4156 = AXIS2_PLACEMENT_3D ( 'NONE', #923, #47, #2882 ) ;
#4157 = PRODUCT_DEFINITION_CONTEXT ( 'detailed design', #6121, 'design' ) ;
#4158 = EDGE_CURVE ( 'NONE', #9699, #10060, #7537, .T. ) ;
#4159 = ORIENTED_EDGE ( 'NONE', *, *, #11570, .F. ) ;
#4160 = EDGE_CURVE ( 'NONE', #5198, #11681, #55, .T. ) ;
#4161 = DIRECTION ( 'NONE',  ( 0.000000000000000000, 0.000000000000000000, -1.000000000000000000 ) ) ;
#4162 = ORIENTED_EDGE ( 'NONE', *, *, #67, .F. ) ;
#4163 = LINE ( 'NONE', #5965, #7896 ) ;
#4164 = AXIS2_PLACEMENT_3D ( 'NONE', #10471, #6505, #9373 ) ;
#4165 = DIRECTION ( 'NONE',  ( 1.000000000000000000, -0.000000000000000000, -1.445602896647339114E-15 ) ) ;
#4166 = DIRECTION ( 'NONE',  ( 0.000000000000000000, 0.000000000000000000, 1.000000000000000000 ) ) ;
#4167 = VECTOR ( 'NONE', #1086, 1000.000000000000000 ) ;
#4168 = PLANE ( 'NONE',  #4646 ) ;
#4169 = ORIENTED_EDGE ( 'NONE', *, *, #11044, .T. ) ;
#4170 = FACE_OUTER_BOUND ( 'NONE', #11166, .T. ) ;
#4171 = CIRCLE ( 'NONE', #8527, 1.649999999999998579 ) ;
#4172 = ORIENTED_EDGE ( 'NONE', *, *, #11854, .F. ) ;
#4173 = LINE ( 'NONE', #7702, #4815 ) ;
#4174 = EDGE_CURVE ( 'NONE', #9164, #1104, #9198, .T. ) ;
#4175 = VERTEX_POINT ( 'NONE', #11260 ) ;
#4176 = EDGE_LOOP ( 'NONE', ( #1957, #1561, #5870, #6857 ) ) ;
#4177 = AXIS2_PLACEMENT_3D ( 'NONE', #7123, #6128, #9922 ) ;
#4178 = AXIS2_PLACEMENT_3D ( 'NONE', #7078, #2371, #6140 ) ;
#4179 = APPLICATION_PROTOCOL_DEFINITION ( 'draft international standard', 'automotive_design', 1998, #10566 ) ;
#4180 = EDGE_LOOP ( 'NONE', ( #6754, #430 ) ) ;
#4181 = DIRECTION ( 'NONE',  ( 0.000000000000000000, 0.000000000000000000, 1.000000000000000000 ) ) ;
#4182 = CARTESIAN_POINT ( 'NONE',  ( 5.510910596163090344E-15, 11.19999999999999751, 45.00000000000000711 ) ) ;
#4183 = VECTOR ( 'NONE', #8974, 1000.000000000000000 ) ;
#4184 = FACE_BOUND ( 'NONE', #8061, .T. ) ;
#4185 = AXIS2_PLACEMENT_3D ( 'NONE', #706, #7252, #1620 ) ;
#4186 = SURFACE_STYLE_FILL_AREA ( #6851 ) ;
#4187 = AXIS2_PLACEMENT_3D ( 'NONE', #4261, #8046, #6246 ) ;
#4188 = VECTOR ( 'NONE', #7623, 1000.000000000000000 ) ;
#4189 = EDGE_LOOP ( 'NONE', ( #10269, #3930, #1918, #5493 ) ) ;
#4190 = DIRECTION ( 'NONE',  ( -0.000000000000000000, -1.000000000000000000, -0.000000000000000000 ) ) ;
#4191 = EDGE_CURVE ( 'NONE', #670, #10686, #7601, .T. ) ;
#4192 = VERTEX_POINT ( 'NONE', #6437 ) ;
#4193 = VERTEX_POINT ( 'NONE', #3825 ) ;
#4194 = AXIS2_PLACEMENT_3D ( 'NONE', #3055, #2135, #6963 ) ;
#4195 = DIRECTION ( 'NONE',  ( 0.000000000000000000, -1.000000000000000000, 0.000000000000000000 ) ) ;
#4196 = AXIS2_PLACEMENT_3D ( 'NONE', #9978, #1552, #7112 ) ;
#4197 = AXIS2_PLACEMENT_3D ( 'NONE', #6564, #11401, #6498 ) ;
#4198 = ORIENTED_EDGE ( 'NONE', *, *, #9865, .F. ) ;
#4199 = DIRECTION ( 'NONE',  ( -0.000000000000000000, -1.000000000000000000, -0.000000000000000000 ) ) ;
#4200 = AXIS2_PLACEMENT_3D ( 'NONE', #8535, #881, #7605 ) ;
#4201 = CARTESIAN_POINT ( 'NONE',  ( 5.000000000000000000, 6.599999999999999645, 0.000000000000000000 ) ) ;
#4202 = CARTESIAN_POINT ( 'NONE',  ( -218.4000000000000057, 20.00000000000000000, -10.00000000000004619 ) ) ;
#4203 = DIRECTION ( 'NONE',  ( -1.000000000000000000, 0.000000000000000000, 0.000000000000000000 ) ) ;
#4204 = CARTESIAN_POINT ( 'NONE',  ( 0.000000000000000000, 15.59999999999999964, 0.000000000000000000 ) ) ;
#4205 = DIRECTION ( 'NONE',  ( 1.000000000000000000, 0.000000000000000000, 0.000000000000000000 ) ) ;
#4206 = MECHANICAL_DESIGN_GEOMETRIC_PRESENTATION_REPRESENTATION (  '', ( #58 ), #12140 ) ;
#4207 = VECTOR ( 'NONE', #10027, 1000.000000000000000 ) ;
#4208 = CARTESIAN_POINT ( 'NONE',  ( 0.000000000000000000, 0.000000000000000000, 12.00000000000000000 ) ) ;
#4209 = VECTOR ( 'NONE', #2018, 1000.000000000000000 ) ;
#4210 = ORIENTED_EDGE ( 'NONE', *, *, #2210, .F. ) ;
#4211 = CARTESIAN_POINT ( 'NONE',  ( -35.00000000000000000, 9.000000000000001776, 0.000000000000000000 ) ) ;
#4212 = CARTESIAN_POINT ( 'NONE',  ( 0.000000000000000000, 31.00000000000000355, -45.00000000000000711 ) ) ;
#4213 = VERTEX_POINT ( 'NONE', #9284 ) ;
#4214 = CARTESIAN_POINT ( 'NONE',  ( 0.000000000000000000, 0.000000000000000000, 10.00000000000000000 ) ) ;
#4215 = FACE_OUTER_BOUND ( 'NONE', #9518, .T. ) ;
#4216 = CIRCLE ( 'NONE', #8768, 1.649999999999998579 ) ;
#4217 = EDGE_CURVE ( 'NONE', #5748, #361, #2888, .T. ) ;
#4218 = VERTEX_POINT ( 'NONE', #980 ) ;
#4219 = FACE_OUTER_BOUND ( 'NONE', #120, .T. ) ;
#4220 = DIRECTION ( 'NONE',  ( 0.000000000000000000, 0.000000000000000000, -1.000000000000000000 ) ) ;
#4221 = CARTESIAN_POINT ( 'NONE',  ( -13.50000000000000000, 0.000000000000000000, 8.000000000000000000 ) ) ;
#4222 = ORIENTED_EDGE ( 'NONE', *, *, #8852, .F. ) ;
#4223 = LINE ( 'NONE', #7016, #3360 ) ;
#4224 = AXIS2_PLACEMENT_3D ( 'NONE', #5526, #2267, #11675 ) ;
#4225 = ORIENTED_EDGE ( 'NONE', *, *, #5884, .F. ) ;
#4226 = ADVANCED_FACE ( 'NONE', ( #877, #4701 ), #6677, .F. ) ;
#4227 = CARTESIAN_POINT ( 'NONE',  ( 238.3273854894817134, 0.000000000000000000, -155.0002636468324795 ) ) ;
#4228 = APPLICATION_CONTEXT ( 'automotive_design' ) ;
#4229 = ORIENTED_EDGE ( 'NONE', *, *, #6900, .T. ) ;
#4230 = DIRECTION ( 'NONE',  ( -0.000000000000000000, 1.000000000000000000, -0.000000000000000000 ) ) ;
#4231 = ADVANCED_FACE ( 'NONE', ( #5634 ), #3751, .F. ) ;
#4232 = ORIENTED_EDGE ( 'NONE', *, *, #11950, .T. ) ;
#4233 = CARTESIAN_POINT ( 'NONE',  ( -218.4000000000000625, 20.00000000000000000, -155.0000000000000853 ) ) ;
#4234 = AXIS2_PLACEMENT_3D ( 'NONE', #3461, #1681, #629 ) ;
#4235 = CARTESIAN_POINT ( 'NONE',  ( 16.86149459567567988, 29.80000000000000426, -6.299999999999994493 ) ) ;
#4236 = EDGE_CURVE ( 'NONE', #11681, #6195, #10344, .T. ) ;
#4237 = DIRECTION ( 'NONE',  ( -0.000000000000000000, 1.000000000000000000, -0.000000000000000000 ) ) ;
#4238 = ADVANCED_FACE ( 'NONE', ( #7475 ), #805, .T. ) ;
#4239 = DIRECTION ( 'NONE',  ( -0.000000000000000000, -1.000000000000000000, -0.000000000000000000 ) ) ;
#4240 = EDGE_LOOP ( 'NONE', ( #9469, #6176 ) ) ;
#4241 = DIRECTION ( 'NONE',  ( -0.000000000000000000, -1.000000000000000000, -0.000000000000000000 ) ) ;
#4242 = PRESENTATION_LAYER_ASSIGNMENT (  '', '', ( #9594 ) ) ;
#4243 = ORIENTED_EDGE ( 'NONE', *, *, #3276, .T. ) ;
#4244 = DIRECTION ( 'NONE',  ( 1.000000000000000000, 0.000000000000000000, 0.000000000000000000 ) ) ;
#4245 = ORIENTED_EDGE ( 'NONE', *, *, #10016, .T. ) ;
#4246 = ORIENTED_EDGE ( 'NONE', *, *, #9385, .T. ) ;
#4247 = PRODUCT_CONTEXT ( 'NONE', #4870, 'mechanical' ) ;
#4248 = ORIENTED_EDGE ( 'NONE', *, *, #603, .T. ) ;
#4249 = DIRECTION ( 'NONE',  ( 0.000000000000000000, 0.000000000000000000, -1.000000000000000000 ) ) ;
#4250 = DIRECTION ( 'NONE',  ( 0.000000000000000000, -0.000000000000000000, 1.000000000000000000 ) ) ;
#4251 = DIRECTION ( 'NONE',  ( 0.000000000000000000, -0.000000000000000000, -1.000000000000000000 ) ) ;
#4252 = CIRCLE ( 'NONE', #2856, 9.750000000000001776 ) ;
#4253 = DIRECTION ( 'NONE',  ( 0.000000000000000000, 1.000000000000000000, 0.000000000000000000 ) ) ;
#4254 = CIRCLE ( 'NONE', #6249, 2.499999999999998668 ) ;
#4255 = ORIENTED_EDGE ( 'NONE', *, *, #10372, .T. ) ;
#4256 = PLANE ( 'NONE',  #1254 ) ;
#4257 = ORIENTED_EDGE ( 'NONE', *, *, #11213, .T. ) ;
#4258 = EDGE_LOOP ( 'NONE', ( #10114, #8625 ) ) ;
#4259 = DIRECTION ( 'NONE',  ( 0.000000000000000000, 0.000000000000000000, 1.000000000000000000 ) ) ;
#4260 = ORIENTED_EDGE ( 'NONE', *, *, #8938, .F. ) ;
#4261 = CARTESIAN_POINT ( 'NONE',  ( 0.000000000000000000, 0.000000000000000000, 0.000000000000000000 ) ) ;
#4262 = LINE ( 'NONE', #6417, #10288 ) ;
#4263 = CYLINDRICAL_SURFACE ( 'NONE', #9037, 99.99999999999997158 ) ;
#4264 = DIRECTION ( 'NONE',  ( 1.000000000000000000, 0.000000000000000000, 0.000000000000000000 ) ) ;
#4265 = VECTOR ( 'NONE', #1312, 1000.000000000000000 ) ;
#4266 = DIRECTION ( 'NONE',  ( -0.000000000000000000, -1.000000000000000000, -0.000000000000000000 ) ) ;
#4267 = EDGE_CURVE ( 'NONE', #7339, #3353, #2765, .T. ) ;
#4268 = DIRECTION ( 'NONE',  ( 0.000000000000000000, 0.000000000000000000, 1.000000000000000000 ) ) ;
#4269 = DIRECTION ( 'NONE',  ( -0.000000000000000000, 1.000000000000000000, -0.000000000000000000 ) ) ;
#4270 = PRODUCT_DEFINITION_SHAPE ( 'NONE', 'NONE',  #12249 ) ;
#4271 = VERTEX_POINT ( 'NONE', #8354 ) ;
#4272 = DIRECTION ( 'NONE',  ( 0.000000000000000000, 1.000000000000000000, 0.000000000000000000 ) ) ;
#4273 = CARTESIAN_POINT ( 'NONE',  ( -1.673890375426111171E-13, 7.066904755831209251, -14.34999999999999787 ) ) ;
#4274 = CIRCLE ( 'NONE', #2495, 2.500000000000000000 ) ;
#4275 = ORIENTED_EDGE ( 'NONE', *, *, #693, .T. ) ;
#4277 = EDGE_CURVE ( 'NONE', #6787, #1102, #2847, .T. ) ;
#4276 = DIRECTION ( 'NONE',  ( 0.000000000000000000, 0.000000000000000000, 1.000000000000000000 ) ) ;
#4278 = CARTESIAN_POINT ( 'NONE',  ( -150.0000000000000000, 0.000000000000000000, 10.00000000000000178 ) ) ;
#4279 = VERTEX_POINT ( 'NONE', #11211 ) ;
#4280 = CARTESIAN_POINT ( 'NONE',  ( -14.84924240491737102, -5.939696961967007027, -14.84924240491763392 ) ) ;
#4281 = FACE_OUTER_BOUND ( 'NONE', #3308, .T. ) ;
#4282 = EDGE_CURVE ( 'NONE', #8714, #8866, #6807, .T. ) ;
#4283 = AXIS2_PLACEMENT_3D ( 'NONE', #1524, #11930, #5296 ) ;
#4284 = EDGE_LOOP ( 'NONE', ( #4659, #962 ) ) ;
#4285 = DIRECTION ( 'NONE',  ( 0.000000000000000000, 0.000000000000000000, 1.000000000000000000 ) ) ;
#4286 = ORIENTED_EDGE ( 'NONE', *, *, #10680, .F. ) ;
#4287 = EDGE_CURVE ( 'NONE', #2097, #1375, #4445, .T. ) ;
#4288 = CARTESIAN_POINT ( 'NONE',  ( -5.000000000000000888, 13.97499999999999964, 0.000000000000000000 ) ) ;
#4289 = UNCERTAINTY_MEASURE_WITH_UNIT (LENGTH_MEASURE( 1.000000000000000082E-05 ), #686, 'distance_accuracy_value', 'NONE');
#4290 = EDGE_LOOP ( 'NONE', ( #6341, #7359 ) ) ;
#4291 = CARTESIAN_POINT ( 'NONE',  ( 0.000000000000000000, 15.59999999999999964, 0.000000000000000000 ) ) ;
#4292 = ORIENTED_EDGE ( 'NONE', *, *, #7266, .F. ) ;
#4293 = DIRECTION ( 'NONE',  ( 0.000000000000000000, 1.000000000000000000, 0.000000000000000000 ) ) ;
#4294 = PRODUCT_DEFINITION ( 'UNKNOWN', '', #9512, #8010 ) ;
#4295 = DIRECTION ( 'NONE',  ( -0.000000000000000000, -1.000000000000000000, -0.000000000000000000 ) ) ;
#4296 = DIRECTION ( 'NONE',  ( -0.000000000000000000, -1.000000000000000000, -0.000000000000000000 ) ) ;
#4297 = VERTEX_POINT ( 'NONE', #6616 ) ;
#4298 = EDGE_CURVE ( 'NONE', #11223, #10935, #9392, .T. ) ;
#4299 = CARTESIAN_POINT ( 'NONE',  ( -113.7500000000000995, 20.00000000000000000, -110.0000000000000142 ) ) ;
#4300 = ORIENTED_EDGE ( 'NONE', *, *, #9322, .F. ) ;
#4301 = PLANE ( 'NONE',  #8312 ) ;
#4302 = ORIENTED_EDGE ( 'NONE', *, *, #485, .F. ) ;
#4303 = ORIENTED_EDGE ( 'NONE', *, *, #617, .T. ) ;
#4304 = PRODUCT_CONTEXT ( 'NONE', #10334, 'mechanical' ) ;
#4305 = VERTEX_POINT ( 'NONE', #9467 ) ;
#4306 = FACE_OUTER_BOUND ( 'NONE', #12139, .T. ) ;
#4307 = EDGE_CURVE ( 'NONE', #10839, #10200, #4754, .T. ) ;
#4308 = ADVANCED_FACE ( 'NONE', ( #8901 ), #296, .F. ) ;
#4309 = CARTESIAN_POINT ( 'NONE',  ( -14.84924240491737102, 20.00000000000000000, -16.94924240491763712 ) ) ;
#4310 = PLANE ( 'NONE',  #7978 ) ;
#4311 = DIRECTION ( 'NONE',  ( 0.000000000000000000, 0.000000000000000000, 1.000000000000000000 ) ) ;
#4312 = EDGE_CURVE ( 'NONE', #12192, #3921, #4001, .T. ) ;
#4313 = VERTEX_POINT ( 'NONE', #5072 ) ;
#4314 = DIRECTION ( 'NONE',  ( 0.000000000000000000, 0.000000000000000000, -1.000000000000000000 ) ) ;
#4315 = ORIENTED_EDGE ( 'NONE', *, *, #3074, .F. ) ;
#4316 = VERTEX_POINT ( 'NONE', #11694 ) ;
#4317 = DIRECTION ( 'NONE',  ( 0.007261451051829059637, 0.000000000000000000, -0.9999736353167626435 ) ) ;
#4318 = ORIENTED_EDGE ( 'NONE', *, *, #7766, .F. ) ;
#4319 = EDGE_CURVE ( 'NONE', #11684, #4124, #8207, .T. ) ;
#4320 = DIRECTION ( 'NONE',  ( -0.000000000000000000, 1.000000000000000000, -0.000000000000000000 ) ) ;
#4321 = ADVANCED_FACE ( 'NONE', ( #6986 ), #8784, .F. ) ;
#4322 = CARTESIAN_POINT ( 'NONE',  ( 0.000000000000000000, 34.20000000000000284, 0.000000000000000000 ) ) ;
#4323 = DIRECTION ( 'NONE',  ( 6.938893903907228378E-16, -0.000000000000000000, 1.000000000000000000 ) ) ;
#4324 = CARTESIAN_POINT ( 'NONE',  ( 238.3273854894817134, -39.99999999999999289, -155.0002636468324795 ) ) ;
#4325 = CARTESIAN_POINT ( 'NONE',  ( 0.000000000000000000, 20.00000000000000000, 6.299999999999999822 ) ) ;
#4326 = MANIFOLD_SOLID_BREP ( 'Cut-Extrude3', #5276 ) ;
#4327 = DIRECTION ( 'NONE',  ( 0.000000000000000000, 0.000000000000000000, 1.000000000000000000 ) ) ;
#4328 = VERTEX_POINT ( 'NONE', #9781 ) ;
#4329 = DIRECTION ( 'NONE',  ( -0.000000000000000000, -1.000000000000000000, -0.000000000000000000 ) ) ;
#4330 = DIRECTION ( 'NONE',  ( -1.000000000000000000, 0.000000000000000000, 0.000000000000000000 ) ) ;
#4331 = ORIENTED_EDGE ( 'NONE', *, *, #7438, .T. ) ;
#4332 = DIRECTION ( 'NONE',  ( -0.000000000000000000, -1.000000000000000000, -0.000000000000000000 ) ) ;
#4333 = EDGE_CURVE ( 'NONE', #8717, #3565, #420, .T. ) ;
#4334 = LINE ( 'NONE', #10048, #6549 ) ;
#4335 = EDGE_LOOP ( 'NONE', ( #1534, #9228, #1303, #9574 ) ) ;
#4336 = DIRECTION ( 'NONE',  ( 0.000000000000000000, 1.000000000000000000, 0.000000000000000000 ) ) ;
#4337 = DIRECTION ( 'NONE',  ( 0.000000000000000000, 0.000000000000000000, -1.000000000000000000 ) ) ;
#4338 = DIRECTION ( 'NONE',  ( 0.000000000000000000, 1.000000000000000000, 0.000000000000000000 ) ) ;
#4339 = LINE ( 'NONE', #10240, #11549 ) ;
#4340 = CIRCLE ( 'NONE', #632, 2.099999999999997868 ) ;
#4341 = ORIENTED_EDGE ( 'NONE', *, *, #4075, .F. ) ;
#4342 = DIRECTION ( 'NONE',  ( 0.000000000000000000, 0.000000000000000000, 1.000000000000000000 ) ) ;
#4343 = PRODUCT ( 'Link3LeftLShape', 'Link3LeftLShape', '', ( #4304 ) ) ;
#4344 = ORIENTED_EDGE ( 'NONE', *, *, #5620, .T. ) ;
#4345 = FACE_OUTER_BOUND ( 'NONE', #8656, .T. ) ;
#4346 = EDGE_CURVE ( 'NONE', #8323, #11015, #895, .T. ) ;
#4347 = ORIENTED_EDGE ( 'NONE', *, *, #1844, .F. ) ;
#4348 = CYLINDRICAL_SURFACE ( 'NONE', #11696, 44.50000000000000711 ) ;
#4349 = CIRCLE ( 'NONE', #11276, 30.00000000000000000 ) ;
#4350 = CIRCLE ( 'NONE', #7508, 10.00000000000000178 ) ;
#4351 = ORIENTED_EDGE ( 'NONE', *, *, #11805, .F. ) ;
#4352 = CARTESIAN_POINT ( 'NONE',  ( -75.00000000000001421, 20.00000000000000000, -30.00000000000000000 ) ) ;
#4353 = CARTESIAN_POINT ( 'NONE',  ( 0.000000000000000000, 35.39999999999999858, -45.00000000000000711 ) ) ;
#4354 = CIRCLE ( 'NONE', #11283, 2.099999999999997868 ) ;
#4355 = CYLINDRICAL_SURFACE ( 'NONE', #682, 2.499999999999998668 ) ;
#4356 = CIRCLE ( 'NONE', #8321, 44.50000000000000711 ) ;
#4357 = VECTOR ( 'NONE', #4574, 1000.000000000000000 ) ;
#4358 = EDGE_LOOP ( 'NONE', ( #8362, #2375, #10987, #11717 ) ) ;
#4359 = CARTESIAN_POINT ( 'NONE',  ( -21.00000000000000000, -5.939696961967007027, -1.466422162314116009E-13 ) ) ;
#4360 = ORIENTED_EDGE ( 'NONE', *, *, #1724, .F. ) ;
#4361 = DIRECTION ( 'NONE',  ( 0.000000000000000000, 0.000000000000000000, 1.000000000000000000 ) ) ;
#4362 = VERTEX_POINT ( 'NONE', #6731 ) ;
#4363 = VERTEX_POINT ( 'NONE', #10517 ) ;
#4364 = VECTOR ( 'NONE', #5529, 1000.000000000000000 ) ;
#4365 = CONTEXT_DEPENDENT_SHAPE_REPRESENTATION ( #10181, #5275 ) ;
#4366 = ORIENTED_EDGE ( 'NONE', *, *, #6202, .F. ) ;
#4367 = DIRECTION ( 'NONE',  ( -0.000000000000000000, -1.000000000000000000, -0.000000000000000000 ) ) ;
#4368 = VECTOR ( 'NONE', #5705, 1000.000000000000000 ) ;
#4369 = AXIS2_PLACEMENT_3D ( 'NONE', #4977, #200, #11612 ) ;
#4370 = EDGE_CURVE ( 'NONE', #5343, #10858, #1112, .T. ) ;
#4371 = DIRECTION ( 'NONE',  ( 0.000000000000000000, -1.000000000000000000, 0.000000000000000000 ) ) ;
#4372 = FACE_BOUND ( 'NONE', #4284, .T. ) ;
#4373 = CARTESIAN_POINT ( 'NONE',  ( 21.00000000000000000, 0.000000000000000000, 0.000000000000000000 ) ) ;
#4374 = VECTOR ( 'NONE', #3997, 1000.000000000000000 ) ;
#4375 = PRESENTATION_LAYER_ASSIGNMENT (  '', '', ( #8937 ) ) ;
#4376 = AXIS2_PLACEMENT_3D ( 'NONE', #7794, #11640, #9788 ) ;
#4377 = AXIS2_PLACEMENT_3D ( 'NONE', #3548, #7506, #12117 ) ;
#4378 = ORIENTED_EDGE ( 'NONE', *, *, #5497, .F. ) ;
#4379 = EDGE_CURVE ( 'NONE', #3831, #11077, #284, .T. ) ;
#4380 = CARTESIAN_POINT ( 'NONE',  ( -5.000000000000001776, 34.20000000000000284, -18.73499399519520026 ) ) ;
#4381 = VERTEX_POINT ( 'NONE', #1299 ) ;
#4382 = ORIENTED_EDGE ( 'NONE', *, *, #12195, .T. ) ;
#4383 = CARTESIAN_POINT ( 'NONE',  ( 21.00000000000000000, 20.00000000000000000, 0.000000000000000000 ) ) ;
#4384 = EDGE_LOOP ( 'NONE', ( #7524, #1073, #6110, #11477 ) ) ;
#4385 = CARTESIAN_POINT ( 'NONE',  ( -14.84924240491737102, 0.000000000000000000, -12.74924240491763072 ) ) ;
#4386 = CIRCLE ( 'NONE', #9345, 2.100000000000000089 ) ;
#4387 = EDGE_CURVE ( 'NONE', #11726, #11077, #357, .T. ) ;
#4388 = CARTESIAN_POINT ( 'NONE',  ( 4.286263797015736496E-15, 12.00000000000000000, 35.00000000000000000 ) ) ;
#4389 = DIRECTION ( 'NONE',  ( -1.000000000000000000, -0.000000000000000000, 2.382861917550558372E-16 ) ) ;
#4390 = LINE ( 'NONE', #3460, #1840 ) ;
#4391 = VECTOR ( 'NONE', #10454, 1000.000000000000000 ) ;
#4392 = AXIS2_PLACEMENT_3D ( 'NONE', #5291, #8817, #8130 ) ;
#4393 = FACE_OUTER_BOUND ( 'NONE', #7357, .T. ) ;
#4394 = EDGE_CURVE ( 'NONE', #5132, #2094, #7897, .T. ) ;
#4395 = ADVANCED_FACE ( 'NONE', ( #6051 ), #7715, .T. ) ;
#4396 = CARTESIAN_POINT ( 'NONE',  ( 218.3273854894824524, 3.000000000000000000, -215.0002636468324511 ) ) ;
#4397 = ORIENTED_EDGE ( 'NONE', *, *, #4379, .T. ) ;
#4398 = PLANE ( 'NONE',  #5397 ) ;
#4399 = DIRECTION ( 'NONE',  ( -2.745056929018243809E-16, -0.000000000000000000, -1.000000000000000000 ) ) ;
#4400 = ORIENTED_EDGE ( 'NONE', *, *, #2049, .T. ) ;
#4401 = AXIS2_PLACEMENT_3D ( 'NONE', #6046, #9834, #4249 ) ;
#4402 = CIRCLE ( 'NONE', #2231, 2.000000000000000000 ) ;
#4403 = CARTESIAN_POINT ( 'NONE',  ( 0.000000000000000000, 6.800000000000000711, 0.000000000000000000 ) ) ;
#4404 = VERTEX_POINT ( 'NONE', #1595 ) ;
#4405 = CARTESIAN_POINT ( 'NONE',  ( 30.00000000000000000, 20.00000000000000000, -10.00000000000000000 ) ) ;
#4406 = DIRECTION ( 'NONE',  ( 1.000000000000000000, -0.000000000000000000, 5.550529771288700461E-15 ) ) ;
#4407 = ADVANCED_FACE ( 'NONE', ( #5442 ), #9089, .T. ) ;
#4408 = AXIS2_PLACEMENT_3D ( 'NONE', #7313, #2545, #5338 ) ;
#4409 = CARTESIAN_POINT ( 'NONE',  ( 218.3273854894824524, -43.00000000000000000, -215.0002636468324511 ) ) ;
#4410 = AXIS2_PLACEMENT_3D ( 'NONE', #628, #9233, #1496 ) ;
#4411 = AXIS2_PLACEMENT_3D ( 'NONE', #8660, #308, #125 ) ;
#4412 =( NAMED_UNIT ( * ) SI_UNIT ( $, .STERADIAN. ) SOLID_ANGLE_UNIT ( ) );
#4413 = CARTESIAN_POINT ( 'NONE',  ( 14.84924240491747582, 20.00000000000000000, 12.74924240491752592 ) ) ;
#4414 = AXIS2_PLACEMENT_3D ( 'NONE', #3760, #1056, #5688 ) ;
#4415 = VERTEX_POINT ( 'NONE', #3377 ) ;
#4416 = EDGE_CURVE ( 'NONE', #7200, #8822, #7795, .T. ) ;
#4417 = CARTESIAN_POINT ( 'NONE',  ( 0.000000000000000000, 0.000000000000000000, 0.000000000000000000 ) ) ;
#4418 = ORIENTED_EDGE ( 'NONE', *, *, #9678, .T. ) ;
#4419 = DIRECTION ( 'NONE',  ( 0.000000000000000000, 0.000000000000000000, 1.000000000000000000 ) ) ;
#4420 = VECTOR ( 'NONE', #6155, 1000.000000000000000 ) ;
#4421 = AXIS2_PLACEMENT_3D ( 'NONE', #11312, #8398, #5672 ) ;
#4422 = PRODUCT_DEFINITION_CONTEXT ( 'detailed design', #8429, 'design' ) ;
#4423 = EDGE_LOOP ( 'NONE', ( #5766, #5592, #4764, #10758 ) ) ;
#4424 = DIRECTION ( 'NONE',  ( -0.000000000000000000, 1.000000000000000000, -0.000000000000000000 ) ) ;
#4425 = VERTEX_POINT ( 'NONE', #9892 ) ;
#4426 = DIRECTION ( 'NONE',  ( -1.000000000000000000, 0.000000000000000000, 1.445602896647339114E-15 ) ) ;
#4427 = LINE ( 'NONE', #2507, #5199 ) ;
#4428 = AXIS2_PLACEMENT_3D ( 'NONE', #11914, #5339, #12037 ) ;
#4429 = EDGE_CURVE ( 'NONE', #2757, #10036, #1665, .T. ) ;
#4430 = DIRECTION ( 'NONE',  ( 0.000000000000000000, -1.000000000000000000, 0.000000000000000000 ) ) ;
#4431 = ORIENTED_EDGE ( 'NONE', *, *, #7114, .T. ) ;
#4432 = DIRECTION ( 'NONE',  ( -0.000000000000000000, -0.000000000000000000, 1.000000000000000000 ) ) ;
#4433 = ORIENTED_EDGE ( 'NONE', *, *, #2835, .T. ) ;
#4434 = ORIENTED_EDGE ( 'NONE', *, *, #10520, .F. ) ;
#4435 = ORIENTED_EDGE ( 'NONE', *, *, #4236, .T. ) ;
#4436 = VECTOR ( 'NONE', #9104, 1000.000000000000000 ) ;
#4437 = ITEM_DEFINED_TRANSFORMATION ( 'NONE', 'NONE', #3165,  #10290 ) ;
#4438 = VERTEX_POINT ( 'NONE', #5190 ) ;
#4439 = DIRECTION ( 'NONE',  ( 1.000000000000000000, 0.000000000000000000, 0.000000000000000000 ) ) ;
#4440 = CARTESIAN_POINT ( 'NONE',  ( 0.000000000000000000, 11.19999999999999751, 0.000000000000000000 ) ) ;
#4441 = MANIFOLD_SOLID_BREP ( 'OuterRace', #1325 ) ;
#4442 = DIRECTION ( 'NONE',  ( -1.000000000000000000, 0.000000000000000000, -1.914177628664061403E-16 ) ) ;
#4443 = EDGE_CURVE ( 'NONE', #5306, #11825, #2576, .T. ) ;
#4444 = SURFACE_STYLE_USAGE ( .BOTH. , #10884 ) ;
#4445 = CIRCLE ( 'NONE', #6220, 2.000000000000001776 ) ;
#4446 = ORIENTED_EDGE ( 'NONE', *, *, #4889, .T. ) ;
#4447 = EDGE_CURVE ( 'NONE', #837, #4022, #2068, .T. ) ;
#4448 = DIRECTION ( 'NONE',  ( -0.000000000000000000, -1.000000000000000000, -0.000000000000000000 ) ) ;
#4449 = VERTEX_POINT ( 'NONE', #10028 ) ;
#4450 = ORIENTED_EDGE ( 'NONE', *, *, #12189, .F. ) ;
#4451 = DIRECTION ( 'NONE',  ( -0.000000000000000000, -1.000000000000000000, -0.000000000000000000 ) ) ;
#4452 = ORIENTED_EDGE ( 'NONE', *, *, #7273, .T. ) ;
#4453 = DIRECTION ( 'NONE',  ( -0.000000000000000000, -0.000000000000000000, 1.000000000000000000 ) ) ;
#4454 = AXIS2_PLACEMENT_3D ( 'NONE', #8829, #10567, #6034 ) ;
#4455 = DIRECTION ( 'NONE',  ( 1.000000000000000000, 0.000000000000000000, 5.129334446905298846E-17 ) ) ;
#4456 = CARTESIAN_POINT ( 'NONE',  ( 7.347880794884118356E-15, 43.00000000000000000, 60.00000000000000000 ) ) ;
#4457 = CARTESIAN_POINT ( 'NONE',  ( 138.3273854894817134, -43.00000000000000000, 9.999736353167461900 ) ) ;
#4458 = PRODUCT_RELATED_PRODUCT_CATEGORY ( 'part', '', ( #601 ) ) ;
#4459 = CARTESIAN_POINT ( 'NONE',  ( -88.90000000000000568, 10.00000000000000000, -9.999999999999975131 ) ) ;
#4460 = ADVANCED_FACE ( 'NONE', ( #8976 ), #7046, .F. ) ;
#4461 = MANIFOLD_SOLID_BREP ( 'Boss-Extrude1', #327 ) ;
#4462 = CARTESIAN_POINT ( 'NONE',  ( -21.00000000000000000, 29.80000000000000426, -2.500000000000143441 ) ) ;
#4463 = ORIENTED_EDGE ( 'NONE', *, *, #10477, .F. ) ;
#4464 = EDGE_CURVE ( 'NONE', #750, #3431, #2471, .T. ) ;
#4465 = DIRECTION ( 'NONE',  ( 0.000000000000000000, 0.000000000000000000, 1.000000000000000000 ) ) ;
#4466 = CARTESIAN_POINT ( 'NONE',  ( -238.4000000000000057, 0.000000000000000000, -10.00000000000003908 ) ) ;
#4467 = ORIENTED_EDGE ( 'NONE', *, *, #11291, .F. ) ;
#4468 = PLANE ( 'NONE',  #2008 ) ;
#4469 = CIRCLE ( 'NONE', #8814, 45.00000000000000711 ) ;
#4470 = EDGE_LOOP ( 'NONE', ( #4243, #10201, #10348, #2023 ) ) ;
#4471 = DIRECTION ( 'NONE',  ( -0.000000000000000000, 1.000000000000000000, -0.000000000000000000 ) ) ;
#4472 = LINE ( 'NONE', #12034, #7501 ) ;
#4473 = ADVANCED_FACE ( 'NONE', ( #12190, #3736 ), #4737, .F. ) ;
#4474 = LINE ( 'NONE', #4525, #9608 ) ;
#4475 = CARTESIAN_POINT ( 'NONE',  ( 21.00000000000000000, 0.000000000000000000, 0.000000000000000000 ) ) ;
#4476 = DIRECTION ( 'NONE',  ( 0.000000000000000000, 0.000000000000000000, 1.000000000000000000 ) ) ;
#4477 = SHAPE_REPRESENTATION ( 'MotorCore', ( #10290 ), #2175 ) ;
#4478 = ORIENTED_EDGE ( 'NONE', *, *, #10014, .T. ) ;
#4479 = CIRCLE ( 'NONE', #8038, 4.999999999999999112 ) ;
#4480 = DIRECTION ( 'NONE',  ( 0.000000000000000000, 0.000000000000000000, 1.000000000000000000 ) ) ;
#4481 = ORIENTED_EDGE ( 'NONE', *, *, #7338, .T. ) ;
#4482 = DIRECTION ( 'NONE',  ( 0.000000000000000000, 0.000000000000000000, 1.000000000000000000 ) ) ;
#4483 = ORIENTED_EDGE ( 'NONE', *, *, #2199, .T. ) ;
#4484 = DIRECTION ( 'NONE',  ( 0.000000000000000000, 0.000000000000000000, 1.000000000000000000 ) ) ;
#4485 = AXIS2_PLACEMENT_3D ( 'NONE', #1747, #11169, #9292 ) ;
#4486 = EDGE_LOOP ( 'NONE', ( #11770, #9055, #1640, #6843, #9951, #4537, #12178, #1851, #9800, #3048, #9455, #5921, #739, #8433, #10819, #5305, #4397, #2550, #2836, #4257, #170 ) ) ;
#4487 = EDGE_CURVE ( 'NONE', #4535, #4816, #1773, .T. ) ;
#4488 = DIRECTION ( 'NONE',  ( -1.000000000000000000, -0.000000000000000000, -0.000000000000000000 ) ) ;
#4489 = DIRECTION ( 'NONE',  ( 1.000000000000000000, -0.000000000000000000, 4.625929269271489858E-16 ) ) ;
#4490 = CARTESIAN_POINT ( 'NONE',  ( -7.332110811570580046E-14, 20.00000000000000000, 21.00000000000000000 ) ) ;
#4491 = ORIENTED_EDGE ( 'NONE', *, *, #6202, .T. ) ;
#4492 = FACE_BOUND ( 'NONE', #9830, .T. ) ;
#4493 = VERTEX_POINT ( 'NONE', #916 ) ;
#4494 = ORIENTED_EDGE ( 'NONE', *, *, #1228, .F. ) ;
#4495 = ORIENTED_EDGE ( 'NONE', *, *, #2423, .F. ) ;
#4496 = CONTEXT_DEPENDENT_SHAPE_REPRESENTATION ( #10899, #2396 ) ;
#4497 = ORIENTED_EDGE ( 'NONE', *, *, #82, .F. ) ;
#4498 = EDGE_CURVE ( 'NONE', #3552, #3753, #6624, .T. ) ;
#4499 = DIRECTION ( 'NONE',  ( 0.000000000000000000, 0.000000000000000000, -1.000000000000000000 ) ) ;
#4500 = DIRECTION ( 'NONE',  ( 0.000000000000000000, 0.000000000000000000, 1.000000000000000000 ) ) ;
#4501 = DIRECTION ( 'NONE',  ( 0.000000000000000000, 0.000000000000000000, 1.000000000000000000 ) ) ;
#4502 = CYLINDRICAL_SURFACE ( 'NONE', #8973, 2.000000000000000000 ) ;
#4503 =( NAMED_UNIT ( * ) PLANE_ANGLE_UNIT ( ) SI_UNIT ( $, .RADIAN. ) );
#4504 = EDGE_LOOP ( 'NONE', ( #7237, #11322, #5446, #2686 ) ) ;
#4505 = CARTESIAN_POINT ( 'NONE',  ( 90.00000000000000000, 20.00000000000000000, 20.00000000000001066 ) ) ;
#4506 = ORIENTED_EDGE ( 'NONE', *, *, #1639, .T. ) ;
#4507 = VERTEX_POINT ( 'NONE', #39 ) ;
#4508 = LINE ( 'NONE', #1733, #5357 ) ;
#4509 = ORIENTED_EDGE ( 'NONE', *, *, #11577, .T. ) ;
#4510 = EDGE_CURVE ( 'NONE', #10248, #8838, #5246, .T. ) ;
#4511 = DIRECTION ( 'NONE',  ( 0.000000000000000000, 0.000000000000000000, 1.000000000000000000 ) ) ;
#4512 = LINE ( 'NONE', #7298, #12004 ) ;
#4513 = DIRECTION ( 'NONE',  ( 0.000000000000000000, 1.000000000000000000, 0.000000000000000000 ) ) ;
#4514 = DIRECTION ( 'NONE',  ( -0.000000000000000000, -0.000000000000000000, -1.000000000000000000 ) ) ;
#4515 = LINE ( 'NONE', #11967, #6414 ) ;
#4516 = PLANE ( 'NONE',  #6142 ) ;
#4517 = ORIENTED_EDGE ( 'NONE', *, *, #2022, .T. ) ;
#4518 = CARTESIAN_POINT ( 'NONE',  ( -20.63749999999999574, 0.000000000000000000, 0.000000000000000000 ) ) ;
#4519 = FACE_OUTER_BOUND ( 'NONE', #8514, .T. ) ;
#4520 = ORIENTED_EDGE ( 'NONE', *, *, #7418, .F. ) ;
#4521 = PLANE ( 'NONE',  #236 ) ;
#4522 = CARTESIAN_POINT ( 'NONE',  ( -20.63749999999999574, 0.000000000000000000, -12.50000000000000000 ) ) ;
#4523 = DIRECTION ( 'NONE',  ( 0.000000000000000000, 0.000000000000000000, 1.000000000000000000 ) ) ;
#4524 = FACE_OUTER_BOUND ( 'NONE', #2903, .T. ) ;
#4525 = CARTESIAN_POINT ( 'NONE',  ( -218.4000000000000909, 0.000000000000000000, -9.999999999999948486 ) ) ;
#4526 = ADVANCED_FACE ( 'NONE', ( #1899 ), #5451, .T. ) ;
#4527 = DIRECTION ( 'NONE',  ( 0.000000000000000000, 0.000000000000000000, 1.000000000000000000 ) ) ;
#4528 = DIRECTION ( 'NONE',  ( 0.000000000000000000, 0.000000000000000000, -1.000000000000000000 ) ) ;
#4529 = ORIENTED_EDGE ( 'NONE', *, *, #1969, .F. ) ;
#4530 = CARTESIAN_POINT ( 'NONE',  ( -0.07261451051832458481, -43.00000000000000000, -380.0002636468324226 ) ) ;
#4531 = ORIENTED_EDGE ( 'NONE', *, *, #3004, .F. ) ;
#4532 = CARTESIAN_POINT ( 'NONE',  ( 0.000000000000000000, 20.00000000000000000, 10.00000000000000000 ) ) ;
#4533 = EDGE_CURVE ( 'NONE', #6327, #4438, #5047, .T. ) ;
#4534 = PRODUCT_RELATED_PRODUCT_CATEGORY ( 'part', '', ( #5845 ) ) ;
#4535 = VERTEX_POINT ( 'NONE', #9332 ) ;
#4536 = CARTESIAN_POINT ( 'NONE',  ( 5.449678256205721981E-15, 6.800000000000000711, -44.50000000000000711 ) ) ;
#4537 = ORIENTED_EDGE ( 'NONE', *, *, #8709, .T. ) ;
#4538 = CARTESIAN_POINT ( 'NONE',  ( -49.00000000000000000, 10.00000000000000000, -9.999999999999985789 ) ) ;
#4539 = EDGE_CURVE ( 'NONE', #1102, #1778, #3813, .T. ) ;
#4540 = DIRECTION ( 'NONE',  ( -0.000000000000000000, 1.000000000000000000, -0.000000000000000000 ) ) ;
#4541 = DIRECTION ( 'NONE',  ( -0.000000000000000000, -0.000000000000000000, -1.000000000000000000 ) ) ;
#4542 = EDGE_LOOP ( 'NONE', ( #3060, #2262, #870, #3131 ) ) ;
#4543 = EDGE_CURVE ( 'NONE', #2969, #9828, #5721, .T. ) ;
#4544 = DIRECTION ( 'NONE',  ( 1.000000000000000000, 0.000000000000000000, 0.000000000000000000 ) ) ;
#4545 = EDGE_CURVE ( 'NONE', #3166, #11037, #12241, .T. ) ;
#4546 = ORIENTED_EDGE ( 'NONE', *, *, #6603, .T. ) ;
#4547 = ADVANCED_BREP_SHAPE_REPRESENTATION ( '', ( #8593, #10290 ), #6143 ) ;
#4548 = EDGE_LOOP ( 'NONE', ( #5123, #6889 ) ) ;
#4549 = CARTESIAN_POINT ( 'NONE',  ( 130.0000000000000000, 0.000000000000000000, -10.00000000000000000 ) ) ;
#4550 = CARTESIAN_POINT ( 'NONE',  ( 14.84924240491747582, 0.000000000000000000, 14.84924240491752556 ) ) ;
#4551 = DIRECTION ( 'NONE',  ( -0.000000000000000000, -1.000000000000000000, -0.000000000000000000 ) ) ;
#4552 = DIRECTION ( 'NONE',  ( 1.000000000000000000, 0.000000000000000000, 0.000000000000000000 ) ) ;
#4553 = AXIS2_PLACEMENT_3D ( 'NONE', #10532, #9607, #4203 ) ;
#4554 = CIRCLE ( 'NONE', #610, 20.00000000000000000 ) ;
#4555 = LINE ( 'NONE', #11197, #7805 ) ;
#4556 = EDGE_CURVE ( 'NONE', #4363, #7921, #4252, .T. ) ;
#4557 = VECTOR ( 'NONE', #9810, 1000.000000000000000 ) ;
#4558 = VERTEX_POINT ( 'NONE', #863 ) ;
#4559 = CARTESIAN_POINT ( 'NONE',  ( 130.0000000000000000, 0.000000000000000000, 30.00000000000000000 ) ) ;
#4560 = ORIENTED_EDGE ( 'NONE', *, *, #2127, .F. ) ;
#4561 = VERTEX_POINT ( 'NONE', #12133 ) ;
#4563 = LINE ( 'NONE', #8574, #201 ) ;
#4562 = AXIS2_PLACEMENT_3D ( 'NONE', #9941, #5423, #1464 ) ;
#4564 = VECTOR ( 'NONE', #10068, 1000.000000000000000 ) ;
#4565 = EDGE_LOOP ( 'NONE', ( #2138, #1054, #5787, #11721 ) ) ;
#4566 = CARTESIAN_POINT ( 'NONE',  ( 0.000000000000000000, 12.00000000000000000, -5.000000000000000000 ) ) ;
#4567 = CARTESIAN_POINT ( 'NONE',  ( 11.31370849898465991, -2.500000000000000000, -9.663708498984860285 ) ) ;
#4568 = VECTOR ( 'NONE', #6323, 1000.000000000000000 ) ;
#4569 = FACE_OUTER_BOUND ( 'NONE', #10558, .T. ) ;
#4570 = CARTESIAN_POINT ( 'NONE',  ( -20.63749999999999929, 0.000000000000000000, 0.000000000000000000 ) ) ;
#4571 = VECTOR ( 'NONE', #4786, 1000.000000000000000 ) ;
#4572 = AXIS2_PLACEMENT_3D ( 'NONE', #9445, #1018, #4797 ) ;
#4573 = EDGE_CURVE ( 'NONE', #2670, #7281, #3851, .T. ) ;
#4574 = DIRECTION ( 'NONE',  ( -1.000000000000000000, 0.000000000000000000, -1.387778780781496754E-15 ) ) ;
#4575 = ORIENTED_EDGE ( 'NONE', *, *, #3509, .F. ) ;
#4576 = FACE_OUTER_BOUND ( 'NONE', #7038, .T. ) ;
#4577 = CARTESIAN_POINT ( 'NONE',  ( 238.3273854894816850, -43.00000000000000000, -280.0002636468323658 ) ) ;
#4578 = ORIENTED_EDGE ( 'NONE', *, *, #11013, .F. ) ;
#4579 = CIRCLE ( 'NONE', #29, 9.750000000000000000 ) ;
#4580 =( LENGTH_UNIT ( ) NAMED_UNIT ( * ) SI_UNIT ( .MILLI., .METRE. ) );
#4581 = CIRCLE ( 'NONE', #4982, 35.00000000000000000 ) ;
#4582 = DIRECTION ( 'NONE',  ( 0.000000000000000000, 1.000000000000000000, 0.000000000000000000 ) ) ;
#4583 = VECTOR ( 'NONE', #4069, 1000.000000000000000 ) ;
#4584 = AXIS2_PLACEMENT_3D ( 'NONE', #5105, #528, #8009 ) ;
#4585 = VERTEX_POINT ( 'NONE', #10324 ) ;
#4586 = PLANE ( 'NONE',  #6776 ) ;
#4587 = DIRECTION ( 'NONE',  ( -0.000000000000000000, 1.000000000000000000, -0.000000000000000000 ) ) ;
#4588 = CARTESIAN_POINT ( 'NONE',  ( 5.449678256205721981E-15, 22.19999999999999929, -44.50000000000000711 ) ) ;
#4589 = DIRECTION ( 'NONE',  ( -0.000000000000000000, 1.000000000000000000, -0.000000000000000000 ) ) ;
#4590 = CIRCLE ( 'NONE', #232, 4.999999999999999112 ) ;
#4591 = CIRCLE ( 'NONE', #4185, 2.000000000000001776 ) ;
#4592 = VERTEX_POINT ( 'NONE', #9454 ) ;
#4593 = EDGE_CURVE ( 'NONE', #10966, #7446, #7520, .T. ) ;
#4594 = CARTESIAN_POINT ( 'NONE',  ( 0.000000000000000000, 20.00000000000000000, 0.000000000000000000 ) ) ;
#4595 = CIRCLE ( 'NONE', #3196, 2.100000000000000977 ) ;
#4596 = CIRCLE ( 'NONE', #9350, 20.00000000000000000 ) ;
#4597 = ORIENTED_EDGE ( 'NONE', *, *, #5534, .T. ) ;
#4598 = CIRCLE ( 'NONE', #8751, 20.00000000000000000 ) ;
#4599 = CARTESIAN_POINT ( 'NONE',  ( 14.84924240491768188, -5.939696961967007027, -16.94924240491731737 ) ) ;
#4600 = CARTESIAN_POINT ( 'NONE',  ( 0.000000000000000000, 22.20000000000000284, 0.000000000000000000 ) ) ;
#4601 = ADVANCED_FACE ( 'NONE', ( #794, #1953 ), #1032, .F. ) ;
#4602 = ORIENTED_EDGE ( 'NONE', *, *, #453, .T. ) ;
#4603 = DIRECTION ( 'NONE',  ( 0.000000000000000000, 0.000000000000000000, 1.000000000000000000 ) ) ;
#4604 = PRESENTATION_LAYER_ASSIGNMENT (  '', '', ( #1045 ) ) ;
#4605 = VECTOR ( 'NONE', #3750, 1000.000000000000000 ) ;
#4606 = AXIS2_PLACEMENT_3D ( 'NONE', #8605, #9606, #7669 ) ;
#4607 = ORIENTED_EDGE ( 'NONE', *, *, #3327, .F. ) ;
#4608 = CARTESIAN_POINT ( 'NONE',  ( -130.0000000000000000, 0.000000000000000000, -9.999999999999998224 ) ) ;
#4609 = VECTOR ( 'NONE', #2095, 1000.000000000000000 ) ;
#4610 =( NAMED_UNIT ( * ) SI_UNIT ( $, .STERADIAN. ) SOLID_ANGLE_UNIT ( ) );
#4611 = EDGE_CURVE ( 'NONE', #6258, #4175, #7419, .T. ) ;
#4612 = CARTESIAN_POINT ( 'NONE',  ( 2.202205001749383553E-13, -5.939696961967007027, -23.09999999999999787 ) ) ;
#4613 = VECTOR ( 'NONE', #2613, 1000.000000000000000 ) ;
#4614 = EDGE_CURVE ( 'NONE', #2370, #1364, #4555, .T. ) ;
#4615 = VECTOR ( 'NONE', #6420, 1000.000000000000114 ) ;
#4616 = ORIENTED_EDGE ( 'NONE', *, *, #6872, .F. ) ;
#4617 = DIRECTION ( 'NONE',  ( 0.000000000000000000, -1.000000000000000000, 0.000000000000000000 ) ) ;
#4618 = EDGE_CURVE ( 'NONE', #1378, #6166, #9402, .T. ) ;
#4619 = ORIENTED_EDGE ( 'NONE', *, *, #10131, .T. ) ;
#4620 = EDGE_LOOP ( 'NONE', ( #908, #8425 ) ) ;
#4621 = DIRECTION ( 'NONE',  ( 0.000000000000000000, 0.000000000000000000, 1.000000000000000000 ) ) ;
#4622 = AXIS2_PLACEMENT_3D ( 'NONE', #9639, #9763, #1154 ) ;
#4623 = CARTESIAN_POINT ( 'NONE',  ( 21.00000000000000000, 20.00000000000000000, 0.000000000000000000 ) ) ;
#4624 = ADVANCED_FACE ( 'NONE', ( #8583 ), #10755, .T. ) ;
#4625 = EDGE_CURVE ( 'NONE', #1290, #8558, #1099, .T. ) ;
#4626 = DIRECTION ( 'NONE',  ( 0.000000000000000000, 1.000000000000000000, 0.000000000000000000 ) ) ;
#4627 = DIRECTION ( 'NONE',  ( -0.000000000000000000, 1.000000000000000000, -0.000000000000000000 ) ) ;
#4628 = VECTOR ( 'NONE', #4130, 1000.000000000000000 ) ;
#4629 = VERTEX_POINT ( 'NONE', #5905 ) ;
#4630 = CARTESIAN_POINT ( 'NONE',  ( -7.332110811570580046E-14, -5.939696961967007027, 21.00000000000000000 ) ) ;
#4631 = VERTEX_POINT ( 'NONE', #1097 ) ;
#4632 = ORIENTED_EDGE ( 'NONE', *, *, #11798, .F. ) ;
#4633 = EDGE_LOOP ( 'NONE', ( #2408, #2069, #11550, #492 ) ) ;
#4634 = DIRECTION ( 'NONE',  ( 0.000000000000000000, 0.000000000000000000, 1.000000000000000000 ) ) ;
#4635 = CARTESIAN_POINT ( 'NONE',  ( 0.000000000000000000, 0.000000000000000000, -10.00000000000000000 ) ) ;
#4636 = CARTESIAN_POINT ( 'NONE',  ( 4.999999999999998224, 34.20000000000000284, 23.00000000000000000 ) ) ;
#4637 = AXIS2_PLACEMENT_3D ( 'NONE', #8597, #12147, #3646 ) ;
#4638 = DIRECTION ( 'NONE',  ( -0.000000000000000000, 1.000000000000000000, -0.000000000000000000 ) ) ;
#4639 = MANIFOLD_SOLID_BREP ( 'Cut-Revolve1', #9825 ) ;
#4640 = CARTESIAN_POINT ( 'NONE',  ( -75.00000000000000000, 20.00000000000000000, 10.00000000000000178 ) ) ;
#4641 = EDGE_LOOP ( 'NONE', ( #8373, #3900, #9406, #5118 ) ) ;
#4642 = PRESENTATION_LAYER_ASSIGNMENT (  '', '', ( #9680 ) ) ;
#4643 = CARTESIAN_POINT ( 'NONE',  ( -218.4000000000000057, 20.00000000000000000, 9.999999999999955591 ) ) ;
#4644 = ORIENTED_EDGE ( 'NONE', *, *, #10356, .T. ) ;
#4645 = ORIENTED_EDGE ( 'NONE', *, *, #3856, .F. ) ;
#4646 = AXIS2_PLACEMENT_3D ( 'NONE', #2322, #3306, #7085 ) ;
#4647 =( LENGTH_UNIT ( ) NAMED_UNIT ( * ) SI_UNIT ( .MILLI., .METRE. ) );
#4648 = DIRECTION ( 'NONE',  ( -1.000000000000000000, 0.000000000000000000, 0.000000000000000000 ) ) ;
#4649 = DIRECTION ( 'NONE',  ( 1.000000000000000000, 0.000000000000000000, 0.000000000000000000 ) ) ;
#4650 = CARTESIAN_POINT ( 'NONE',  ( 14.84924240491747582, 20.00000000000000000, 14.84924240491752556 ) ) ;
#4651 = CARTESIAN_POINT ( 'NONE',  ( 80.25000000000000000, 0.000000000000000000, -10.24999999999998224 ) ) ;
#4652 = EDGE_CURVE ( 'NONE', #7121, #11624, #7609, .T. ) ;
#4653 = CARTESIAN_POINT ( 'NONE',  ( 0.000000000000000000, 27.60000000000000142, 0.000000000000000000 ) ) ;
#4654 = CYLINDRICAL_SURFACE ( 'NONE', #1680, 9.750000000000000000 ) ;
#4655 = VECTOR ( 'NONE', #9972, 1000.000000000000000 ) ;
#4656 = EDGE_LOOP ( 'NONE', ( #6382, #6670, #5194, #8835 ) ) ;
#4657 = LINE ( 'NONE', #3714, #10901 ) ;
#4658 = PRODUCT_DEFINITION_SHAPE ( 'NONE', 'NONE',  #4294 ) ;
#4659 = ORIENTED_EDGE ( 'NONE', *, *, #4825, .F. ) ;
#4660 = DIRECTION ( 'NONE',  ( 0.000000000000000000, 0.000000000000000000, 1.000000000000000000 ) ) ;
#4661 = CARTESIAN_POINT ( 'NONE',  ( -75.00000000000001421, 0.000000000000000000, 30.00000000000000000 ) ) ;
#4662 = VECTOR ( 'NONE', #8675, 1000.000000000000000 ) ;
#4663 = DIRECTION ( 'NONE',  ( -0.000000000000000000, 1.000000000000000000, -0.000000000000000000 ) ) ;
#4664 = EDGE_LOOP ( 'NONE', ( #6551, #287 ) ) ;
#4665 = MANIFOLD_SOLID_BREP ( 'Boss-Extrude1[1]', #11020 ) ;
#4666 = DIRECTION ( 'NONE',  ( -1.000000000000000000, 0.000000000000000000, 0.000000000000000000 ) ) ;
#4667 = ORIENTED_EDGE ( 'NONE', *, *, #9077, .T. ) ;
#4668 = EDGE_CURVE ( 'NONE', #12055, #11191, #6715, .T. ) ;
#4669 = FACE_BOUND ( 'NONE', #2501, .T. ) ;
#4670 = FILL_AREA_STYLE ('',( #3492 ) ) ;
#4671 = AXIS2_PLACEMENT_3D ( 'NONE', #2952, #6747, #1125 ) ;
#4672 = ADVANCED_FACE ( 'NONE', ( #10501 ), #2268, .T. ) ;
#4673 = DIRECTION ( 'NONE',  ( -0.000000000000000000, -1.000000000000000000, -0.000000000000000000 ) ) ;
#4674 = VERTEX_POINT ( 'NONE', #2200 ) ;
#4675 = DIRECTION ( 'NONE',  ( 1.000000000000000000, 0.000000000000000000, 5.129334446905298846E-17 ) ) ;
#4676 = CLOSED_SHELL ( 'NONE', ( #1475, #4708, #8319, #9894, #8307, #8459, #7240, #10079, #1676, #9927 ) ) ;
#4677 = UNCERTAINTY_MEASURE_WITH_UNIT (LENGTH_MEASURE( 1.000000000000000082E-05 ), #2787, 'distance_accuracy_value', 'NONE');
#4678 = ORIENTED_EDGE ( 'NONE', *, *, #11274, .T. ) ;
#4679 = AXIS2_PLACEMENT_3D ( 'NONE', #7645, #4734, #11429 ) ;
#4680 = EDGE_CURVE ( 'NONE', #2654, #984, #11985, .T. ) ;
#4681 = VERTEX_POINT ( 'NONE', #11676 ) ;
#4682 = DIRECTION ( 'NONE',  ( 0.000000000000000000, 0.000000000000000000, 1.000000000000000000 ) ) ;
#4683 =( NAMED_UNIT ( * ) PLANE_ANGLE_UNIT ( ) SI_UNIT ( $, .RADIAN. ) );
#4684 = DIRECTION ( 'NONE',  ( -0.000000000000000000, -1.000000000000000000, -0.000000000000000000 ) ) ;
#4685 = CARTESIAN_POINT ( 'NONE',  ( 5.510910596163090344E-15, 35.39999999999999858, 45.00000000000000711 ) ) ;
#4686 = EDGE_CURVE ( 'NONE', #5343, #11959, #8885, .T. ) ;
#4687 = CARTESIAN_POINT ( 'NONE',  ( 0.000000000000000000, 20.00000000000000000, 0.000000000000000000 ) ) ;
#4688 =( NAMED_UNIT ( * ) PLANE_ANGLE_UNIT ( ) SI_UNIT ( $, .RADIAN. ) );
#4689 = ORIENTED_EDGE ( 'NONE', *, *, #8697, .T. ) ;
#4690 = PLANE ( 'NONE',  #2637 ) ;
#4691 = ORIENTED_EDGE ( 'NONE', *, *, #9764, .F. ) ;
#4692 = ADVANCED_FACE ( 'NONE', ( #6154 ), #5242, .F. ) ;
#4693 = ORIENTED_EDGE ( 'NONE', *, *, #9484, .T. ) ;
#4694 = DIRECTION ( 'NONE',  ( -1.117271397870441506E-13, 3.191891195797324561E-16, 1.000000000000000000 ) ) ;
#4695 = ADVANCED_FACE ( 'NONE', ( #10816 ), #12174, .T. ) ;
#4696 = ORIENTED_EDGE ( 'NONE', *, *, #8221, .F. ) ;
#4697 = CARTESIAN_POINT ( 'NONE',  ( -14.84924240491737102, 20.00000000000000000, -14.84924240491763392 ) ) ;
#4698 = DIRECTION ( 'NONE',  ( 1.000000000000000000, 0.000000000000000000, 0.000000000000000000 ) ) ;
#4699 = DIRECTION ( 'NONE',  ( 1.000000000000000000, 0.000000000000000000, 0.000000000000000000 ) ) ;
#4700 = EDGE_CURVE ( 'NONE', #9489, #8657, #8400, .T. ) ;
#4701 = FACE_OUTER_BOUND ( 'NONE', #12085, .T. ) ;
#4702 = ORIENTED_EDGE ( 'NONE', *, *, #7868, .F. ) ;
#4703 = CARTESIAN_POINT ( 'NONE',  ( -90.00000000000000000, 20.00000000000000000, -19.99999999999998224 ) ) ;
#4704 = EDGE_LOOP ( 'NONE', ( #5445, #8477 ) ) ;
#4705 = FACE_BOUND ( 'NONE', #1509, .T. ) ;
#4706 = EDGE_CURVE ( 'NONE', #6081, #10616, #7030, .T. ) ;
#4707 = VERTEX_POINT ( 'NONE', #480 ) ;
#4708 = ADVANCED_FACE ( 'NONE', ( #8020 ), #4168, .F. ) ;
#4709 = ORIENTED_EDGE ( 'NONE', *, *, #2506, .T. ) ;
#4710 = FACE_BOUND ( 'NONE', #12032, .T. ) ;
#4711 = CARTESIAN_POINT ( 'NONE',  ( -7.332110811570580046E-14, 0.000000000000000000, 21.00000000000000000 ) ) ;
#4712 = DIRECTION ( 'NONE',  ( 0.000000000000000000, 0.000000000000000000, -1.000000000000000000 ) ) ;
#4713 = DIRECTION ( 'NONE',  ( 0.000000000000000000, 0.000000000000000000, 1.000000000000000000 ) ) ;
#4714 = DIRECTION ( 'NONE',  ( -0.000000000000000000, -1.000000000000000000, -0.000000000000000000 ) ) ;
#4715 = FACE_OUTER_BOUND ( 'NONE', #7041, .T. ) ;
#4716 = DIRECTION ( 'NONE',  ( 0.000000000000000000, 0.000000000000000000, 1.000000000000000000 ) ) ;
#4717 = ORIENTED_EDGE ( 'NONE', *, *, #5405, .F. ) ;
#4718 = CARTESIAN_POINT ( 'NONE',  ( 238.3273854894817134, -43.00000000000000000, -215.0002636468324511 ) ) ;
#4719 = EDGE_CURVE ( 'NONE', #4721, #10837, #1393, .T. ) ;
#4720 = DIRECTION ( 'NONE',  ( -0.000000000000000000, 1.000000000000000000, -0.000000000000000000 ) ) ;
#4721 = VERTEX_POINT ( 'NONE', #6089 ) ;
#4722 = FACE_OUTER_BOUND ( 'NONE', #10314, .T. ) ;
#4723 = CARTESIAN_POINT ( 'NONE',  ( 0.000000000000000000, 35.39999999999999858, -45.00000000000000711 ) ) ;
#4724 = VERTEX_POINT ( 'NONE', #537 ) ;
#4725 = DIRECTION ( 'NONE',  ( -0.000000000000000000, 1.000000000000000000, -0.000000000000000000 ) ) ;
#4726 = DIRECTION ( 'NONE',  ( 1.000000000000000000, 0.000000000000000000, 0.000000000000000000 ) ) ;
#4727 = VERTEX_POINT ( 'NONE', #3270 ) ;
#4728 = CARTESIAN_POINT ( 'NONE',  ( 14.84924240491747582, 20.00000000000000000, 14.84924240491752556 ) ) ;
#4729 = EDGE_CURVE ( 'NONE', #1219, #6993, #10840, .T. ) ;
#4730 = ORIENTED_EDGE ( 'NONE', *, *, #3527, .F. ) ;
#4731 = ORIENTED_EDGE ( 'NONE', *, *, #2418, .F. ) ;
#4732 = LINE ( 'NONE', #3806, #3346 ) ;
#4733 = DIRECTION ( 'NONE',  ( 0.000000000000000000, 0.000000000000000000, 1.000000000000000000 ) ) ;
#4734 = DIRECTION ( 'NONE',  ( 0.000000000000000000, 0.000000000000000000, 1.000000000000000000 ) ) ;
#4735 = DIRECTION ( 'NONE',  ( -0.000000000000000000, -1.000000000000000000, -0.000000000000000000 ) ) ;
#4736 = DIRECTION ( 'NONE',  ( -0.000000000000000000, 1.000000000000000000, -0.000000000000000000 ) ) ;
#4737 = PLANE ( 'NONE',  #9601 ) ;
#4738 =( LENGTH_UNIT ( ) NAMED_UNIT ( * ) SI_UNIT ( .MILLI., .METRE. ) );
#4739 = CIRCLE ( 'NONE', #4935, 6.599999999999999645 ) ;
#4740 = ORIENTED_EDGE ( 'NONE', *, *, #6135, .F. ) ;
#4741 = FACE_BOUND ( 'NONE', #1547, .T. ) ;
#4742 = VERTEX_POINT ( 'NONE', #2345 ) ;
#4743 = ORIENTED_EDGE ( 'NONE', *, *, #10065, .T. ) ;
#4744 = DIRECTION ( 'NONE',  ( -0.04888960958649828797, -0.9988041880541349560, -5.037636974236647802E-15 ) ) ;
#4745 = EDGE_CURVE ( 'NONE', #2020, #10013, #902, .T. ) ;
#4746 = EDGE_LOOP ( 'NONE', ( #4434, #4740 ) ) ;
#4747 = CARTESIAN_POINT ( 'NONE',  ( -66.17647058823530415, 20.00000000000000000, 35.29411764705883314 ) ) ;
#4748 = AXIS2_PLACEMENT_3D ( 'NONE', #7487, #1977, #11271 ) ;
#4749 = AXIS2_PLACEMENT_3D ( 'NONE', #349, #1288, #10682 ) ;
#4750 = VECTOR ( 'NONE', #3146, 1000.000000000000000 ) ;
#4751 = LINE ( 'NONE', #7367, #5761 ) ;
#4752 = PRODUCT_DEFINITION_SHAPE ( 'NONE', 'NONE',  #6487 ) ;
#4753 = CARTESIAN_POINT ( 'NONE',  ( -25.00000000000000000, 29.80000000000000426, 5.000000000000000000 ) ) ;
#4754 = LINE ( 'NONE', #235, #11369 ) ;
#4755 = CIRCLE ( 'NONE', #6529, 2.100000000000000977 ) ;
#4756 = EDGE_CURVE ( 'NONE', #10117, #48, #7815, .T. ) ;
#4757 = DIRECTION ( 'NONE',  ( -2.075183223598423177E-16, -0.000000000000000000, 1.000000000000000000 ) ) ;
#4758 = AXIS2_PLACEMENT_3D ( 'NONE', #12141, #10490, #9169 ) ;
#4759 = VECTOR ( 'NONE', #6376, 1000.000000000000000 ) ;
#4760 = EDGE_LOOP ( 'NONE', ( #3933, #1169, #10503, #1396 ) ) ;
#4761 = AXIS2_PLACEMENT_3D ( 'NONE', #4878, #1105, #12246 ) ;
#4762 = PLANE ( 'NONE',  #4200 ) ;
#4763 = EDGE_LOOP ( 'NONE', ( #3323, #174, #5480, #3222 ) ) ;
#4764 = ORIENTED_EDGE ( 'NONE', *, *, #10092, .T. ) ;
#4765 = EDGE_CURVE ( 'NONE', #2285, #2670, #3204, .T. ) ;
#4766 = CARTESIAN_POINT ( 'NONE',  ( 0.000000000000000000, 6.800000000000000711, 45.00000000000000711 ) ) ;
#4767 = VECTOR ( 'NONE', #9255, 1000.000000000000000 ) ;
#4768 = LINE ( 'NONE', #68, #5052 ) ;
#4769 = FACE_OUTER_BOUND ( 'NONE', #1273, .T. ) ;
#4770 = DIRECTION ( 'NONE',  ( 0.000000000000000000, 0.000000000000000000, 1.000000000000000000 ) ) ;
#4771 = FACE_OUTER_BOUND ( 'NONE', #8571, .T. ) ;
#4772 = CIRCLE ( 'NONE', #9519, 29.75000000000000000 ) ;
#4773 = CIRCLE ( 'NONE', #4572, 45.00000000000000711 ) ;
#4774 = ORIENTED_EDGE ( 'NONE', *, *, #4131, .F. ) ;
#4775 = EDGE_CURVE ( 'NONE', #7118, #8911, #6111, .T. ) ;
#4776 = CARTESIAN_POINT ( 'NONE',  ( -218.4000000000000625, 20.00000000000000000, -155.0000000000000853 ) ) ;
#4777 = ADVANCED_FACE ( 'NONE', ( #2289, #1362, #6244, #8851, #2467, #6059, #11829, #10035, #2527, #9095 ), #6299, .T. ) ;
#4778 = DIRECTION ( 'NONE',  ( 0.000000000000000000, 0.000000000000000000, 1.000000000000000000 ) ) ;
#4779 = VECTOR ( 'NONE', #1910, 1000.000000000000227 ) ;
#4780 = ORIENTED_EDGE ( 'NONE', *, *, #8221, .T. ) ;
#4781 = DIRECTION ( 'NONE',  ( 0.000000000000000000, 1.000000000000000000, 0.000000000000000000 ) ) ;
#4782 = VERTEX_POINT ( 'NONE', #1546 ) ;
#4783 = VECTOR ( 'NONE', #4125, 1000.000000000000000 ) ;
#4784 = AXIS2_PLACEMENT_3D ( 'NONE', #2182, #9812, #5233 ) ;
#4785 = CARTESIAN_POINT ( 'NONE',  ( 16.00000000000000000, 0.000000000000000000, 8.000000000000000000 ) ) ;
#4786 = DIRECTION ( 'NONE',  ( 0.000000000000000000, -1.000000000000000000, 0.000000000000000000 ) ) ;
#4787 = ORIENTED_EDGE ( 'NONE', *, *, #2731, .T. ) ;
#4788 = CIRCLE ( 'NONE', #8733, 2.499999999999998668 ) ;
#4789 = LINE ( 'NONE', #10306, #5839 ) ;
#4790 = AXIS2_PLACEMENT_3D ( 'NONE', #4136, #7120, #6197 ) ;
#4791 = SURFACE_STYLE_USAGE ( .BOTH. , #6644 ) ;
#4792 = EDGE_CURVE ( 'NONE', #3706, #3682, #1603, .T. ) ;
#4793 = AXIS2_PLACEMENT_3D ( 'NONE', #2470, #2347, #6114 ) ;
#4794 = CONICAL_SURFACE ( 'NONE', #1036, 45.00000000000000711, 0.7853981633974514986 ) ;
#4795 = DIRECTION ( 'NONE',  ( 0.000000000000000000, 0.000000000000000000, 1.000000000000000000 ) ) ;
#4796 = EDGE_LOOP ( 'NONE', ( #12000, #6215 ) ) ;
#4797 = DIRECTION ( 'NONE',  ( 0.000000000000000000, 0.000000000000000000, 1.000000000000000000 ) ) ;
#4798 = AXIS2_PLACEMENT_3D ( 'NONE', #666, #10750, #11932 ) ;
#4799 = AXIS2_PLACEMENT_3D ( 'NONE', #3529, #11911, #3413 ) ;
#4800 = UNCERTAINTY_MEASURE_WITH_UNIT (LENGTH_MEASURE( 1.000000000000000082E-05 ), #11951, 'distance_accuracy_value', 'NONE');
#4801 = SHAPE_REPRESENTATION ( 'Link3StellConnectors', ( #10290 ), #4965 ) ;
#4802 = ORIENTED_EDGE ( 'NONE', *, *, #4443, .T. ) ;
#4803 = DIRECTION ( 'NONE',  ( 0.000000000000000000, 1.000000000000000000, 0.000000000000000000 ) ) ;
#4804 = AXIS2_PLACEMENT_3D ( 'NONE', #11955, #9969, #5261 ) ;
#4805 = ORIENTED_EDGE ( 'NONE', *, *, #965, .F. ) ;
#4806 = CARTESIAN_POINT ( 'NONE',  ( 22.36067977499791581, 20.00000000000000000, -19.99999999999997868 ) ) ;
#4807 = CARTESIAN_POINT ( 'NONE',  ( 30.00000000000000000, 20.00000000000000000, -10.00000000000000000 ) ) ;
#4808 = DIRECTION ( 'NONE',  ( 0.000000000000000000, 0.000000000000000000, 1.000000000000000000 ) ) ;
#4809 = EDGE_CURVE ( 'NONE', #774, #9222, #9899, .T. ) ;
#4810 = AXIS2_PLACEMENT_3D ( 'NONE', #8936, #463, #8004 ) ;
#4811 = CARTESIAN_POINT ( 'NONE',  ( 138.3273854894816566, -43.00000000000000000, -380.0002636468323658 ) ) ;
#4812 = AXIS2_PLACEMENT_3D ( 'NONE', #8528, #6436, #10340 ) ;
#4813 = VECTOR ( 'NONE', #8049, 1000.000000000000000 ) ;
#4814 = DIRECTION ( 'NONE',  ( 0.000000000000000000, 0.000000000000000000, -1.000000000000000000 ) ) ;
#4815 = VECTOR ( 'NONE', #9829, 1000.000000000000000 ) ;
#4816 = VERTEX_POINT ( 'NONE', #5200 ) ;
#4817 = FACE_BOUND ( 'NONE', #2053, .T. ) ;
#4818 = VERTEX_POINT ( 'NONE', #7903 ) ;
#4819 = ORIENTED_EDGE ( 'NONE', *, *, #4510, .T. ) ;
#4820 = AXIS2_PLACEMENT_3D ( 'NONE', #8509, #4626, #7351 ) ;
#4821 = DIRECTION ( 'NONE',  ( 1.000000000000000000, 3.746213650494593720E-16, -1.621882147150704467E-16 ) ) ;
#4822 = ORIENTED_EDGE ( 'NONE', *, *, #11498, .F. ) ;
#4823 = CARTESIAN_POINT ( 'NONE',  ( -133.7500000000000000, 20.00000000000000000, -10.00000000000001066 ) ) ;
#4824 = FACE_OUTER_BOUND ( 'NONE', #6126, .T. ) ;
#4825 = EDGE_CURVE ( 'NONE', #6679, #7689, #7231, .T. ) ;
#4826 = CARTESIAN_POINT ( 'NONE',  ( 0.000000000000000000, 12.00000000000000000, 0.000000000000000000 ) ) ;
#4827 = DIRECTION ( 'NONE',  ( 1.000000000000000000, 0.000000000000000000, 0.000000000000000000 ) ) ;
#4828 = AXIS2_PLACEMENT_3D ( 'NONE', #5055, #11375, #1752 ) ;
#4829 = EDGE_CURVE ( 'NONE', #960, #143, #11993, .T. ) ;
#4830 = VERTEX_POINT ( 'NONE', #11771 ) ;
#4831 = ORIENTED_EDGE ( 'NONE', *, *, #982, .F. ) ;
#4832 = DIRECTION ( 'NONE',  ( -1.000000000000000000, 0.000000000000000000, 0.000000000000000000 ) ) ;
#4833 = ORIENTED_EDGE ( 'NONE', *, *, #7189, .F. ) ;
#4834 = EDGE_LOOP ( 'NONE', ( #9083, #2666, #5079, #4435 ) ) ;
#4835 = FACE_OUTER_BOUND ( 'NONE', #4470, .T. ) ;
#4836 = AXIS2_PLACEMENT_3D ( 'NONE', #3397, #6306, #4268 ) ;
#4837 = EDGE_CURVE ( 'NONE', #3706, #11385, #10006, .T. ) ;
#4838 = CARTESIAN_POINT ( 'NONE',  ( 21.00000000000000000, 20.00000000000000000, 0.000000000000000000 ) ) ;
#4839 = DIRECTION ( 'NONE',  ( -0.000000000000000000, -1.000000000000000000, -0.000000000000000000 ) ) ;
#4840 = DIRECTION ( 'NONE',  ( -1.000000000000000000, 0.000000000000000000, -0.000000000000000000 ) ) ;
#4841 = DIRECTION ( 'NONE',  ( -0.000000000000000000, -0.000000000000000000, -1.000000000000000000 ) ) ;
#4842 = FACE_OUTER_BOUND ( 'NONE', #2098, .T. ) ;
#4843 = EDGE_CURVE ( 'NONE', #7626, #5575, #907, .T. ) ;
#4844 = CARTESIAN_POINT ( 'NONE',  ( -0.3864906208435106572, 1.711443901808425904E-15, -13.97499999999999964 ) ) ;
#4845 = VERTEX_POINT ( 'NONE', #6181 ) ;
#4846 = DIRECTION ( 'NONE',  ( -0.000000000000000000, 1.000000000000000000, -0.000000000000000000 ) ) ;
#4847 = CARTESIAN_POINT ( 'NONE',  ( -7.332110811570580046E-14, 0.000000000000000000, 21.00000000000000000 ) ) ;
#4848 = ORIENTED_EDGE ( 'NONE', *, *, #12189, .T. ) ;
#4849 = LINE ( 'NONE', #12, #7904 ) ;
#4850 = ADVANCED_FACE ( 'NONE', ( #3329 ), #2407, .F. ) ;
#4851 = CARTESIAN_POINT ( 'NONE',  ( 2.999999999999998224, 29.80000000000000426, -23.00000000000000000 ) ) ;
#4852 = ORIENTED_EDGE ( 'NONE', *, *, #4174, .T. ) ;
#4853 = CARTESIAN_POINT ( 'NONE',  ( 25.00000000000000000, 34.20000000000000284, -2.999999999999996003 ) ) ;
#4854 = AXIS2_PLACEMENT_3D ( 'NONE', #8091, #10392, #10262 ) ;
#4855 = DIRECTION ( 'NONE',  ( 1.000000000000000000, 0.000000000000000000, 0.000000000000000000 ) ) ;
#4856 = AXIS2_PLACEMENT_3D ( 'NONE', #6463, #11060, #8316 ) ;
#4857 = DIRECTION ( 'NONE',  ( -0.000000000000000000, -0.000000000000000000, -1.000000000000000000 ) ) ;
#4858 = ORIENTED_EDGE ( 'NONE', *, *, #11359, .T. ) ;
#4859 = DIRECTION ( 'NONE',  ( 0.007261451051829231375, 0.000000000000000000, 0.9999736353167626435 ) ) ;
#4860 = ORIENTED_EDGE ( 'NONE', *, *, #847, .T. ) ;
#4861 = EDGE_CURVE ( 'NONE', #9082, #1778, #2479, .T. ) ;
#4862 = DIRECTION ( 'NONE',  ( -0.000000000000000000, 1.000000000000000000, -0.000000000000000000 ) ) ;
#4863 = ORIENTED_EDGE ( 'NONE', *, *, #10680, .T. ) ;
#4864 = LINE ( 'NONE', #8634, #8102 ) ;
#4865 = AXIS2_PLACEMENT_3D ( 'NONE', #8369, #2780, #10238 ) ;
#4866 = DIRECTION ( 'NONE',  ( 0.000000000000000000, 0.000000000000000000, -1.000000000000000000 ) ) ;
#4867 = DIRECTION ( 'NONE',  ( 0.000000000000000000, 0.000000000000000000, 1.000000000000000000 ) ) ;
#4868 = CARTESIAN_POINT ( 'NONE',  ( 27.00000000000000000, 3.306546357697853733E-15, 0.000000000000000000 ) ) ;
#4869 = DIRECTION ( 'NONE',  ( -0.000000000000000000, 1.000000000000000000, -0.000000000000000000 ) ) ;
#4870 = APPLICATION_CONTEXT ( 'automotive_design' ) ;
#4871 = CARTESIAN_POINT ( 'NONE',  ( -11.31370849898474162, 2.399999999999999467, 11.31370849898478248 ) ) ;
#4872 = AXIS2_PLACEMENT_3D ( 'NONE', #1390, #8764, #11618 ) ;
#4873 = ORIENTED_EDGE ( 'NONE', *, *, #7568, .T. ) ;
#4874 = DIRECTION ( 'NONE',  ( 1.000000000000000000, 0.000000000000000000, -0.000000000000000000 ) ) ;
#4875 = EDGE_CURVE ( 'NONE', #2566, #6321, #12180, .T. ) ;
#4876 = ORIENTED_EDGE ( 'NONE', *, *, #6017, .F. ) ;
#4877 = ORIENTED_EDGE ( 'NONE', *, *, #11156, .F. ) ;
#4878 = CARTESIAN_POINT ( 'NONE',  ( 185.0000000000322018, 9.999999999996328270, -30.00000000000139266 ) ) ;
#4879 = ORIENTED_EDGE ( 'NONE', *, *, #2349, .F. ) ;
#4880 = DIRECTION ( 'NONE',  ( 0.000000000000000000, -0.000000000000000000, 1.000000000000000000 ) ) ;
#4881 = CLOSED_SHELL ( 'NONE', ( #5860, #9022, #3138, #2, #10753, #11167, #9671, #11609, #1381, #1872 ) ) ;
#4882 = CARTESIAN_POINT ( 'NONE',  ( 0.000000000000000000, -63.24555320336758513, 0.000000000000000000 ) ) ;
#4883 = DIRECTION ( 'NONE',  ( -0.000000000000000000, -1.000000000000000000, -0.000000000000000000 ) ) ;
#4884 = VECTOR ( 'NONE', #10429, 1000.000000000000000 ) ;
#4885 = AXIS2_PLACEMENT_3D ( 'NONE', #4838, #6860, #10530 ) ;
#4886 = ORIENTED_EDGE ( 'NONE', *, *, #10418, .T. ) ;
#4887 = ORIENTED_EDGE ( 'NONE', *, *, #10418, .F. ) ;
#4888 = CARTESIAN_POINT ( 'NONE',  ( -21.00000000000000000, 20.00000000000000000, -2.100000000000146638 ) ) ;
#4889 = EDGE_CURVE ( 'NONE', #9587, #11704, #11003, .T. ) ;
#4890 = ORIENTED_EDGE ( 'NONE', *, *, #4995, .F. ) ;
#4891 = ORIENTED_EDGE ( 'NONE', *, *, #766, .F. ) ;
#4892 = ORIENTED_EDGE ( 'NONE', *, *, #9219, .F. ) ;
#4893 = CARTESIAN_POINT ( 'NONE',  ( -21.00000000000000000, 29.80000000000000426, 2.499999999999850342 ) ) ;
#4894 = FACE_OUTER_BOUND ( 'NONE', #3832, .T. ) ;
#4895 = LINE ( 'NONE', #1062, #8170 ) ;
#4896 = CARTESIAN_POINT ( 'NONE',  ( -130.0000000000000000, 0.000000000000000000, 30.00000000000000000 ) ) ;
#4897 = DIRECTION ( 'NONE',  ( 0.000000000000000000, 0.000000000000000000, -1.000000000000000000 ) ) ;
#4898 = CARTESIAN_POINT ( 'NONE',  ( 0.000000000000000000, 0.000000000000000000, 0.000000000000000000 ) ) ;
#4899 = DIRECTION ( 'NONE',  ( -0.000000000000000000, -1.000000000000000000, -0.000000000000000000 ) ) ;
#4900 = ORIENTED_EDGE ( 'NONE', *, *, #10283, .T. ) ;
#4901 = CARTESIAN_POINT ( 'NONE',  ( 5.510910596163090344E-15, 2.200000000000021494, 45.00000000000000711 ) ) ;
#4902 = ORIENTED_EDGE ( 'NONE', *, *, #5351, .T. ) ;
#4903 = FACE_OUTER_BOUND ( 'NONE', #5960, .T. ) ;
#4904 = DIRECTION ( 'NONE',  ( 0.000000000000000000, -1.000000000000000000, 0.000000000000000000 ) ) ;
#4905 = EDGE_CURVE ( 'NONE', #737, #483, #7639, .T. ) ;
#4906 = ORIENTED_EDGE ( 'NONE', *, *, #6702, .F. ) ;
#4907 = LINE ( 'NONE', #6016, #4994 ) ;
#4908 = FACE_BOUND ( 'NONE', #3107, .T. ) ;
#4909 = DIRECTION ( 'NONE',  ( 0.000000000000000000, 0.000000000000000000, 1.000000000000000000 ) ) ;
#4910 = DIRECTION ( 'NONE',  ( 2.382861917550558372E-16, -0.000000000000000000, 1.000000000000000000 ) ) ;
#4911 = EDGE_LOOP ( 'NONE', ( #4531, #4959 ) ) ;
#4912 = EDGE_CURVE ( 'NONE', #6071, #7634, #3361, .T. ) ;
#4913 = CARTESIAN_POINT ( 'NONE',  ( 138.3273854894823671, 0.000000000000000000, -360.0007909404973248 ) ) ;
#4914 = EDGE_LOOP ( 'NONE', ( #3268, #11787, #2515, #473 ) ) ;
#4915 = DIRECTION ( 'NONE',  ( 0.000000000000000000, -1.000000000000000000, 0.000000000000000000 ) ) ;
#4916 = EDGE_CURVE ( 'NONE', #4109, #11216, #147, .T. ) ;
#4917 = ORIENTED_EDGE ( 'NONE', *, *, #5620, .F. ) ;
#4918 = CARTESIAN_POINT ( 'NONE',  ( -1.673890375426111171E-13, -2.500000000000000000, -14.34999999999999787 ) ) ;
#4919 = CARTESIAN_POINT ( 'NONE',  ( 0.000000000000000000, 2.399999999999999467, 0.000000000000000000 ) ) ;
#4920 = DIRECTION ( 'NONE',  ( -0.000000000000000000, 1.000000000000000000, -0.000000000000000000 ) ) ;
#4921 = CARTESIAN_POINT ( 'NONE',  ( -14.84924240491757885, 0.000000000000000000, 16.94924240491742040 ) ) ;
#4922 = EDGE_CURVE ( 'NONE', #3062, #1159, #10109, .T. ) ;
#4923 = DIRECTION ( 'NONE',  ( -0.000000000000000000, -1.000000000000000000, -0.000000000000000000 ) ) ;
#4924 = EDGE_CURVE ( 'NONE', #393, #4086, #5785, .T. ) ;
#4925 = DIRECTION ( 'NONE',  ( 0.9898089971110509699, 0.1424013666999572325, 1.109902100782100831E-13 ) ) ;
#4926 = ORIENTED_EDGE ( 'NONE', *, *, #9322, .T. ) ;
#4927 = CYLINDRICAL_SURFACE ( 'NONE', #2574, 2.099999999999997868 ) ;
#4928 = ORIENTED_EDGE ( 'NONE', *, *, #6865, .T. ) ;
#4929 = ORIENTED_EDGE ( 'NONE', *, *, #4447, .T. ) ;
#4930 = CARTESIAN_POINT ( 'NONE',  ( -174.9999999999714362, -1.765353142422635370E-12, -4.172941060153440383E-11 ) ) ;
#4931 = VERTEX_POINT ( 'NONE', #11425 ) ;
#4932 = DIRECTION ( 'NONE',  ( 1.000000000000000000, 0.000000000000000000, 0.000000000000000000 ) ) ;
#4933 = DIRECTION ( 'NONE',  ( -0.000000000000000000, -1.000000000000000000, -0.000000000000000000 ) ) ;
#4934 = FACE_OUTER_BOUND ( 'NONE', #8977, .T. ) ;
#4935 = AXIS2_PLACEMENT_3D ( 'NONE', #7583, #98, #11371 ) ;
#4936 = EDGE_CURVE ( 'NONE', #11298, #5536, #10688, .T. ) ;
#4937 = ORIENTED_EDGE ( 'NONE', *, *, #4756, .T. ) ;
#4938 = FACE_BOUND ( 'NONE', #2711, .T. ) ;
#4939 = ORIENTED_EDGE ( 'NONE', *, *, #10385, .T. ) ;
#4940 = ORIENTED_EDGE ( 'NONE', *, *, #3108, .T. ) ;
#4941 = CIRCLE ( 'NONE', #1781, 27.00000000000000000 ) ;
#4942 = AXIS2_PLACEMENT_3D ( 'NONE', #9056, #9921, #9858 ) ;
#4943 = ORIENTED_EDGE ( 'NONE', *, *, #11272, .T. ) ;
#4944 = PLANE ( 'NONE',  #642 ) ;
#4945 = FACE_OUTER_BOUND ( 'NONE', #3715, .T. ) ;
#4946 = DIRECTION ( 'NONE',  ( 0.000000000000000000, 0.000000000000000000, -1.000000000000000000 ) ) ;
#4947 = DIRECTION ( 'NONE',  ( 0.000000000000000000, 0.000000000000000000, 1.000000000000000000 ) ) ;
#4948 = AXIS2_PLACEMENT_3D ( 'NONE', #387, #4031, #11796 ) ;
#4949 = DIRECTION ( 'NONE',  ( -0.000000000000000000, -1.000000000000000000, -0.000000000000000000 ) ) ;
#4950 = EDGE_CURVE ( 'NONE', #4381, #12206, #7690, .T. ) ;
#4951 = CARTESIAN_POINT ( 'NONE',  ( -20.63749999999999574, 1.530808498934191521E-15, 12.50000000000000000 ) ) ;
#4952 = CIRCLE ( 'NONE', #1006, 9.750000000000000000 ) ;
#4953 = AXIS2_PLACEMENT_3D ( 'NONE', #9955, #4244, #8436 ) ;
#4954 = PRODUCT_DEFINITION_FORMATION_WITH_SPECIFIED_SOURCE ( 'ANY', '', #1110, .NOT_KNOWN. ) ;
#4955 = DIRECTION ( 'NONE',  ( 0.000000000000000000, 0.000000000000000000, 1.000000000000000000 ) ) ;
#4956 = ORIENTED_EDGE ( 'NONE', *, *, #744, .F. ) ;
#4957 = LINE ( 'NONE', #132, #8340 ) ;
#4958 = SURFACE_SIDE_STYLE ('',( #6869 ) ) ;
#4959 = ORIENTED_EDGE ( 'NONE', *, *, #1137, .F. ) ;
#4960 = AXIS2_PLACEMENT_3D ( 'NONE', #10243, #9301, #9998 ) ;
#4961 = CARTESIAN_POINT ( 'NONE',  ( -6.300000000000000711, 34.20000000000000284, -16.86149459567567632 ) ) ;
#4962 = DIRECTION ( 'NONE',  ( 0.000000000000000000, 0.000000000000000000, 1.000000000000000000 ) ) ;
#4963 = VECTOR ( 'NONE', #9802, 1000.000000000000000 ) ;
#4964 = CIRCLE ( 'NONE', #9511, 2.100000000000000089 ) ;
#4965 =( GEOMETRIC_REPRESENTATION_CONTEXT ( 3 ) GLOBAL_UNCERTAINTY_ASSIGNED_CONTEXT ( ( #7268 ) ) GLOBAL_UNIT_ASSIGNED_CONTEXT ( ( #4738, #5722, #2994 ) ) REPRESENTATION_CONTEXT ( 'NONE', 'WORKASPACE' ) );
#4966 = ORIENTED_EDGE ( 'NONE', *, *, #7813, .T. ) ;
#4967 = DIRECTION ( 'NONE',  ( -1.000000000000000000, 0.000000000000000000, 0.000000000000000000 ) ) ;
#4968 = FACE_BOUND ( 'NONE', #10280, .T. ) ;
#4969 = FILL_AREA_STYLE_COLOUR ( '', #3016 ) ;
#4970 = EDGE_CURVE ( 'NONE', #8684, #6734, #752, .T. ) ;
#4971 = AXIS2_PLACEMENT_3D ( 'NONE', #11691, #10769, #9650 ) ;
#4972 = DIRECTION ( 'NONE',  ( 0.000000000000000000, 1.000000000000000000, 0.000000000000000000 ) ) ;
#4973 = AXIS2_PLACEMENT_3D ( 'NONE', #6496, #10282, #1794 ) ;
#4974 = VECTOR ( 'NONE', #5541, 1000.000000000000000 ) ;
#4975 = ORIENTED_EDGE ( 'NONE', *, *, #8051, .T. ) ;
#4976 = EDGE_CURVE ( 'NONE', #11970, #3021, #4508, .T. ) ;
#4977 = CARTESIAN_POINT ( 'NONE',  ( 238.3273854894817134, 3.000000000000000000, -275.0002636468324795 ) ) ;
#4978 = AXIS2_PLACEMENT_3D ( 'NONE', #9877, #7884, #5172 ) ;
#4979 = VERTEX_POINT ( 'NONE', #3638 ) ;
#4980 = CYLINDRICAL_SURFACE ( 'NONE', #2966, 2.000000000000001776 ) ;
#4981 = AXIS2_PLACEMENT_3D ( 'NONE', #11619, #2924, #4808 ) ;
#4982 = AXIS2_PLACEMENT_3D ( 'NONE', #10850, #2359, #6125 ) ;
#4983 = EDGE_LOOP ( 'NONE', ( #704, #11514 ) ) ;
#4984 = CYLINDRICAL_SURFACE ( 'NONE', #10089, 2.499999999999996891 ) ;
#4985 = LINE ( 'NONE', #8825, #10516 ) ;
#4986 = VECTOR ( 'NONE', #10400, 1000.000000000000000 ) ;
#4987 = DIRECTION ( 'NONE',  ( 5.551115123125856066E-15, -0.000000000000000000, -1.000000000000000000 ) ) ;
#4988 = CIRCLE ( 'NONE', #7356, 13.97499999999999964 ) ;
#4989 = ADVANCED_FACE ( 'NONE', ( #1944 ), #5388, .F. ) ;
#4990 = CARTESIAN_POINT ( 'NONE',  ( 21.00000000000000000, 22.72893218813453231, 0.000000000000000000 ) ) ;
#4991 = DIRECTION ( 'NONE',  ( 0.000000000000000000, 0.000000000000000000, -1.000000000000000000 ) ) ;
#4992 =( NAMED_UNIT ( * ) PLANE_ANGLE_UNIT ( ) SI_UNIT ( $, .RADIAN. ) );
#4993 = VECTOR ( 'NONE', #9946, 1000.000000000000000 ) ;
#4994 = VECTOR ( 'NONE', #4087, 1000.000000000000000 ) ;
#4995 = EDGE_CURVE ( 'NONE', #5308, #10876, #7717, .T. ) ;
#4996 = FACE_OUTER_BOUND ( 'NONE', #5080, .T. ) ;
#4997 = VECTOR ( 'NONE', #3190, 1000.000000000000000 ) ;
#4998 = CIRCLE ( 'NONE', #7954, 44.50000000000000711 ) ;
#4999 = ORIENTED_EDGE ( 'NONE', *, *, #1055, .T. ) ;
#5000 = LINE ( 'NONE', #1157, #5797 ) ;
#5001 = VERTEX_POINT ( 'NONE', #2864 ) ;
#5002 = EDGE_LOOP ( 'NONE', ( #5121, #8021 ) ) ;
#5003 = APPLICATION_PROTOCOL_DEFINITION ( 'draft international standard', 'automotive_design', 1998, #10977 ) ;
#5004 = EDGE_LOOP ( 'NONE', ( #4702, #6803, #5045, #7077 ) ) ;
#5005 = ADVANCED_FACE ( 'NONE', ( #2002 ), #9278, .T. ) ;
#5006 = CARTESIAN_POINT ( 'NONE',  ( 0.000000000000000000, 28.80000000000000071, 0.000000000000000000 ) ) ;
#5007 = EDGE_CURVE ( 'NONE', #6295, #9715, #4563, .T. ) ;
#5008 = CIRCLE ( 'NONE', #10536, 2.100000000000000977 ) ;
#5009 = VECTOR ( 'NONE', #12159, 1000.000000000000000 ) ;
#5010 = CARTESIAN_POINT ( 'NONE',  ( 138.3273854894824240, 0.000000000000000000, -89.99973635316756315 ) ) ;
#5011 = DIRECTION ( 'NONE',  ( 0.000000000000000000, 0.000000000000000000, 1.000000000000000000 ) ) ;
#5012 = AXIS2_PLACEMENT_3D ( 'NONE', #1115, #2771, #7721 ) ;
#5013 = PRESENTATION_STYLE_ASSIGNMENT (( #2031 ) ) ;
#5014 = AXIS2_PLACEMENT_3D ( 'NONE', #8886, #2380, #2323 ) ;
#5015 = VECTOR ( 'NONE', #8089, 1000.000000000000000 ) ;
#5016 = ORIENTED_EDGE ( 'NONE', *, *, #702, .F. ) ;
#5017 = CARTESIAN_POINT ( 'NONE',  ( 0.000000000000000000, 20.00000000000000000, 0.000000000000000000 ) ) ;
#5018 = ORIENTED_EDGE ( 'NONE', *, *, #1959, .F. ) ;
#5019 = ORIENTED_EDGE ( 'NONE', *, *, #9179, .T. ) ;
#5020 = ORIENTED_EDGE ( 'NONE', *, *, #8769, .T. ) ;
#5021 = DIRECTION ( 'NONE',  ( -0.000000000000000000, 1.000000000000000000, -0.000000000000000000 ) ) ;
#5022 = EDGE_CURVE ( 'NONE', #8980, #4493, #4952, .T. ) ;
#5023 = DIRECTION ( 'NONE',  ( 0.000000000000000000, 0.000000000000000000, 1.000000000000000000 ) ) ;
#5024 = CARTESIAN_POINT ( 'NONE',  ( 0.000000000000000000, 20.00000000000000000, 0.000000000000000000 ) ) ;
#5025 = DIRECTION ( 'NONE',  ( 1.000000000000000000, 0.000000000000000000, 0.000000000000000000 ) ) ;
#5026 = DIRECTION ( 'NONE',  ( -0.000000000000000000, -1.000000000000000000, -0.000000000000000000 ) ) ;
#5027 = CIRCLE ( 'NONE', #4622, 2.099999999999997868 ) ;
#5028 = CARTESIAN_POINT ( 'NONE',  ( 4.399999999999997691, 7.715274834628324392E-16, 5.999999999999999112 ) ) ;
#5029 = CARTESIAN_POINT ( 'NONE',  ( -22.36067977499791581, 0.000000000000000000, -19.99999999999997868 ) ) ;
#5030 = EDGE_LOOP ( 'NONE', ( #11435, #10583, #7582, #7701 ) ) ;
#5031 = CARTESIAN_POINT ( 'NONE',  ( -18.73499399519520026, 29.80000000000000426, 7.000000000000000000 ) ) ;
#5032 = ORIENTED_EDGE ( 'NONE', *, *, #88, .F. ) ;
#5033 = AXIS2_PLACEMENT_3D ( 'NONE', #2297, #7991, #11781 ) ;
#5034 = LINE ( 'NONE', #8806, #11874 ) ;
#5035 = DIRECTION ( 'NONE',  ( -0.000000000000000000, -1.000000000000000000, -0.000000000000000000 ) ) ;
#5036 = ORIENTED_EDGE ( 'NONE', *, *, #11489, .T. ) ;
#5037 = DIRECTION ( 'NONE',  ( 0.000000000000000000, 0.000000000000000000, 1.000000000000000000 ) ) ;
#5038 = DIRECTION ( 'NONE',  ( 1.000000000000000000, 0.000000000000000000, 0.000000000000000000 ) ) ;
#5039 = CARTESIAN_POINT ( 'NONE',  ( -150.0000000000000000, 20.00000000000000000, 30.00000000000000000 ) ) ;
#5040 = ORIENTED_EDGE ( 'NONE', *, *, #11563, .F. ) ;
#5041 = CARTESIAN_POINT ( 'NONE',  ( 0.000000000000000000, 2.200000000000021494, 0.000000000000000000 ) ) ;
#5042 = ORIENTED_EDGE ( 'NONE', *, *, #8484, .T. ) ;
#5043 = DIRECTION ( 'NONE',  ( 0.000000000000000000, 0.000000000000000000, 1.000000000000000000 ) ) ;
#5044 = EDGE_CURVE ( 'NONE', #1699, #969, #1197, .T. ) ;
#5045 = ORIENTED_EDGE ( 'NONE', *, *, #8033, .T. ) ;
#5046 = CARTESIAN_POINT ( 'NONE',  ( 138.3273854894817134, 3.000000000000000000, 9.999736353167461900 ) ) ;
#5047 = CIRCLE ( 'NONE', #3659, 75.00000000000001421 ) ;
#5048 = EDGE_LOOP ( 'NONE', ( #7981, #5504 ) ) ;
#5049 = FACE_OUTER_BOUND ( 'NONE', #6430, .T. ) ;
#5050 = ADVANCED_FACE ( 'NONE', ( #2657 ), #10216, .F. ) ;
#5051 = CARTESIAN_POINT ( 'NONE',  ( 0.000000000000000000, 15.59999999999999964, -45.00000000000000711 ) ) ;
#5052 = VECTOR ( 'NONE', #7309, 1000.000000000000000 ) ;
#5053 = EDGE_CURVE ( 'NONE', #6552, #2439, #8510, .T. ) ;
#5054 = DIRECTION ( 'NONE',  ( 0.000000000000000000, -1.000000000000000000, 0.000000000000000000 ) ) ;
#5055 = CARTESIAN_POINT ( 'NONE',  ( 0.07261451051828989034, -39.99999999999999289, -9.999736353167531178 ) ) ;
#5056 = SURFACE_SIDE_STYLE ('',( #9824 ) ) ;
#5057 = CARTESIAN_POINT ( 'NONE',  ( -90.00000000000000000, -63.24555320336758513, -10.00000000000000000 ) ) ;
#5058 = AXIS2_PLACEMENT_3D ( 'NONE', #10892, #5133, #10086 ) ;
#5059 = CARTESIAN_POINT ( 'NONE',  ( 21.00000000000000000, 20.00000000000000000, 2.100000000000000533 ) ) ;
#5060 = ORIENTED_EDGE ( 'NONE', *, *, #9062, .F. ) ;
#5061 = CARTESIAN_POINT ( 'NONE',  ( -2.500000000000000000, 16.00000000000000000, 8.000000000000000000 ) ) ;
#5062 = ORIENTED_EDGE ( 'NONE', *, *, #1742, .T. ) ;
#5063 = CIRCLE ( 'NONE', #9030, 1.649999999999998579 ) ;
#5064 = EDGE_LOOP ( 'NONE', ( #10805, #11953 ) ) ;
#5065 = SHAPE_DEFINITION_REPRESENTATION ( #4752, #4801 ) ;
#5066 = ORIENTED_EDGE ( 'NONE', *, *, #6356, .T. ) ;
#5067 = FACE_BOUND ( 'NONE', #4911, .T. ) ;
#5068 = ADVANCED_FACE ( 'NONE', ( #11668 ), #9871, .F. ) ;
#5069 = LINE ( 'NONE', #4114, #1021 ) ;
#5070 = PRODUCT_DEFINITION_SHAPE ( 'NONE', 'NONE',  #12263 ) ;
#5071 = FACE_OUTER_BOUND ( 'NONE', #986, .T. ) ;
#5072 = CARTESIAN_POINT ( 'NONE',  ( -150.0000000000000000, 20.00000000000000000, 10.00000000000000000 ) ) ;
#5073 = AXIS2_PLACEMENT_3D ( 'NONE', #11777, #6063, #5267 ) ;
#5074 = ADVANCED_FACE ( 'NONE', ( #9632 ), #4980, .T. ) ;
#5075 = ORIENTED_EDGE ( 'NONE', *, *, #6365, .F. ) ;
#5076 = EDGE_CURVE ( 'NONE', #8143, #11942, #3238, .T. ) ;
#5077 = DIRECTION ( 'NONE',  ( 0.000000000000000000, 0.000000000000000000, 1.000000000000000000 ) ) ;
#5078 = ORIENTED_EDGE ( 'NONE', *, *, #2349, .T. ) ;
#5079 = ORIENTED_EDGE ( 'NONE', *, *, #4160, .T. ) ;
#5080 = EDGE_LOOP ( 'NONE', ( #899, #3366, #5859, #9677 ) ) ;
#5081 = DIRECTION ( 'NONE',  ( 0.000000000000000000, 1.000000000000000000, 0.000000000000000000 ) ) ;
#5082 = AXIS2_PLACEMENT_3D ( 'NONE', #9262, #2448, #4426 ) ;
#5083 = PLANE ( 'NONE',  #2081 ) ;
#5084 = ADVANCED_FACE ( 'NONE', ( #7021 ), #3106, .T. ) ;
#5085 = CARTESIAN_POINT ( 'NONE',  ( -218.4000000000000625, 0.000000000000000000, -155.0000000000000853 ) ) ;
#5086 = CARTESIAN_POINT ( 'NONE',  ( 0.000000000000000000, 35.39999999999999858, 0.000000000000000000 ) ) ;
#5087 = CARTESIAN_POINT ( 'NONE',  ( 22.36067977499790871, 0.000000000000000000, 19.99999999999998579 ) ) ;
#5088 = DIRECTION ( 'NONE',  ( 0.000000000000000000, 0.000000000000000000, 1.000000000000000000 ) ) ;
#5089 = ADVANCED_FACE ( 'NONE', ( #10615 ), #3755, .F. ) ;
#5090 = EDGE_CURVE ( 'NONE', #7468, #4629, #4356, .T. ) ;
#5091 = CARTESIAN_POINT ( 'NONE',  ( 21.00000000000000000, 0.000000000000000000, 0.000000000000000000 ) ) ;
#5092 = EDGE_LOOP ( 'NONE', ( #4886, #1789, #7838, #10242 ) ) ;
#5093 = CARTESIAN_POINT ( 'NONE',  ( -14.84924240491757885, 20.00000000000000000, 16.94924240491742040 ) ) ;
#5094 = ORIENTED_EDGE ( 'NONE', *, *, #9644, .T. ) ;
#5095 = LINE ( 'NONE', #573, #7711 ) ;
#5096 = DIRECTION ( 'NONE',  ( -1.000000000000000000, 0.000000000000000000, 7.708920570409924211E-16 ) ) ;
#5097 = EDGE_LOOP ( 'NONE', ( #8385, #3551, #3950, #3499 ) ) ;
#5098 = DIRECTION ( 'NONE',  ( -0.000000000000000000, -1.000000000000000000, -0.000000000000000000 ) ) ;
#5099 = DIRECTION ( 'NONE',  ( 1.000000000000000000, 0.000000000000000000, 0.000000000000000000 ) ) ;
#5100 = PLANE ( 'NONE',  #9962 ) ;
#5101 = VERTEX_POINT ( 'NONE', #3167 ) ;
#5102 = EDGE_CURVE ( 'NONE', #2699, #9681, #9316, .T. ) ;
#5103 = CARTESIAN_POINT ( 'NONE',  ( -5.000000000000001776, 29.80000000000000426, -25.00000000000000000 ) ) ;
#5104 = ORIENTED_EDGE ( 'NONE', *, *, #2564, .F. ) ;
#5105 = CARTESIAN_POINT ( 'NONE',  ( 0.000000000000000000, 0.000000000000000000, 9.000000000000001776 ) ) ;
#5106 = ORIENTED_EDGE ( 'NONE', *, *, #227, .F. ) ;
#5107 = CARTESIAN_POINT ( 'NONE',  ( -21.00000000000000000, 22.72893218813453231, -1.466422162314116009E-13 ) ) ;
#5108 = ORIENTED_EDGE ( 'NONE', *, *, #11236, .F. ) ;
#5109 = FACE_OUTER_BOUND ( 'NONE', #6411, .T. ) ;
#5110 = DIRECTION ( 'NONE',  ( 0.000000000000000000, -1.000000000000000000, 0.000000000000000000 ) ) ;
#5111 = PLANE ( 'NONE',  #5781 ) ;
#5112 = DIRECTION ( 'NONE',  ( -0.000000000000000000, -0.000000000000000000, -1.000000000000000000 ) ) ;
#5113 = ADVANCED_FACE ( 'NONE', ( #5844 ), #6953, .F. ) ;
#5114 = DIRECTION ( 'NONE',  ( 0.000000000000000000, 0.000000000000000000, -1.000000000000000000 ) ) ;
#5115 = DIRECTION ( 'NONE',  ( 0.000000000000000000, 0.000000000000000000, 1.000000000000000000 ) ) ;
#5116 = VERTEX_POINT ( 'NONE', #8880 ) ;
#5117 = CARTESIAN_POINT ( 'NONE',  ( 130.0000000000000000, 20.00000000000000000, 10.00000000000000000 ) ) ;
#5118 = ORIENTED_EDGE ( 'NONE', *, *, #2649, .F. ) ;
#5119 = FACE_OUTER_BOUND ( 'NONE', #12242, .T. ) ;
#5120 = VERTEX_POINT ( 'NONE', #7081 ) ;
#5121 = ORIENTED_EDGE ( 'NONE', *, *, #8051, .F. ) ;
#5122 = PRODUCT_CONTEXT ( 'NONE', #10566, 'mechanical' ) ;
#5123 = ORIENTED_EDGE ( 'NONE', *, *, #7247, .F. ) ;
#5124 = CARTESIAN_POINT ( 'NONE',  ( 30.00000000000000000, -101.9803902718557111, 10.00000000000000000 ) ) ;
#5125 = DIRECTION ( 'NONE',  ( -0.000000000000000000, 1.000000000000000000, -0.000000000000000000 ) ) ;
#5126 = CARTESIAN_POINT ( 'NONE',  ( 0.000000000000000000, 4.600000000000003197, 44.50000000000000711 ) ) ;
#5127 = DIRECTION ( 'NONE',  ( -0.000000000000000000, -1.000000000000000000, -0.000000000000000000 ) ) ;
#5128 = ORIENTED_EDGE ( 'NONE', *, *, #4346, .F. ) ;
#5129 = EDGE_CURVE ( 'NONE', #4727, #9040, #7946, .T. ) ;
#5130 = DIRECTION ( 'NONE',  ( 1.000000000000000000, 0.000000000000000000, 0.000000000000000000 ) ) ;
#5131 = ORIENTED_EDGE ( 'NONE', *, *, #3537, .T. ) ;
#5132 = VERTEX_POINT ( 'NONE', #204 ) ;
#5133 = DIRECTION ( 'NONE',  ( 0.000000000000000000, -1.000000000000000000, 0.000000000000000000 ) ) ;
#5134 = ORIENTED_EDGE ( 'NONE', *, *, #6418, .F. ) ;
#5135 = CARTESIAN_POINT ( 'NONE',  ( 90.00000000000000000, 0.000000000000000000, -10.00000000000000000 ) ) ;
#5136 = CARTESIAN_POINT ( 'NONE',  ( -11.31370849898474162, 7.066904755831209251, 11.31370849898478248 ) ) ;
#5137 = DIRECTION ( 'NONE',  ( 0.000000000000000000, 0.000000000000000000, 1.000000000000000000 ) ) ;
#5138 = DIRECTION ( 'NONE',  ( -0.000000000000000000, 1.000000000000000000, -0.000000000000000000 ) ) ;
#5139 = DIRECTION ( 'NONE',  ( -0.000000000000000000, -1.000000000000000000, -0.000000000000000000 ) ) ;
#5140 = ADVANCED_FACE ( 'NONE', ( #10744 ), #2067, .T. ) ;
#5141 = CARTESIAN_POINT ( 'NONE',  ( 0.000000000000000000, 12.00000000000000000, 0.000000000000000000 ) ) ;
#5142 = CARTESIAN_POINT ( 'NONE',  ( -150.0000000000000000, 20.00000000000000000, -10.00000000000000000 ) ) ;
#5143 = ORIENTED_EDGE ( 'NONE', *, *, #5273, .F. ) ;
#5144 = EDGE_CURVE ( 'NONE', #740, #1776, #5961, .T. ) ;
#5145 = CARTESIAN_POINT ( 'NONE',  ( -25.00000000000000000, 29.80000000000000426, -5.000000000000000000 ) ) ;
#5146 = DIRECTION ( 'NONE',  ( -0.000000000000000000, -1.000000000000000000, -0.000000000000000000 ) ) ;
#5147 = ORIENTED_EDGE ( 'NONE', *, *, #2199, .F. ) ;
#5148 = CYLINDRICAL_SURFACE ( 'NONE', #404, 2.099999999999999645 ) ;
#5149 = DIRECTION ( 'NONE',  ( 0.000000000000000000, 0.000000000000000000, 1.000000000000000000 ) ) ;
#5150 = VERTEX_POINT ( 'NONE', #5898 ) ;
#5151 = FACE_OUTER_BOUND ( 'NONE', #11279, .T. ) ;
#5152 = EDGE_CURVE ( 'NONE', #3130, #8290, #6832, .T. ) ;
#5153 = EDGE_CURVE ( 'NONE', #5749, #7050, #621, .T. ) ;
#5154 = FACE_BOUND ( 'NONE', #4664, .T. ) ;
#5155 = VECTOR ( 'NONE', #2951, 1000.000000000000000 ) ;
#5156 = DIRECTION ( 'NONE',  ( -0.000000000000000000, 0.000000000000000000, -1.000000000000000000 ) ) ;
#5157 = EDGE_LOOP ( 'NONE', ( #2066, #3953 ) ) ;
#5158 = DIRECTION ( 'NONE',  ( -5.550529771288701250E-15, 0.000000000000000000, 1.000000000000000000 ) ) ;
#5159 = ORIENTED_EDGE ( 'NONE', *, *, #5979, .F. ) ;
#5160 = FACE_OUTER_BOUND ( 'NONE', #1019, .T. ) ;
#5161 = AXIS2_PLACEMENT_3D ( 'NONE', #8631, #6363, #11478 ) ;
#5162 = PRODUCT_DEFINITION_FORMATION_WITH_SPECIFIED_SOURCE ( 'ANY', '', #10202, .NOT_KNOWN. ) ;
#5163 = ORIENTED_EDGE ( 'NONE', *, *, #5076, .F. ) ;
#5164 = ORIENTED_EDGE ( 'NONE', *, *, #382, .F. ) ;
#5165 = AXIS2_PLACEMENT_3D ( 'NONE', #9126, #8199, #3661 ) ;
#5166 = DIRECTION ( 'NONE',  ( 0.000000000000000000, 1.224646799147352961E-16, 1.000000000000000000 ) ) ;
#5167 = DIRECTION ( 'NONE',  ( 0.9999736353167627545, 0.000000000000000000, -0.007261451051829232242 ) ) ;
#5168 = AXIS2_PLACEMENT_3D ( 'NONE', #1377, #5035, #5149 ) ;
#5169 = VECTOR ( 'NONE', #542, 1000.000000000000000 ) ;
#5170 = CARTESIAN_POINT ( 'NONE',  ( 0.000000000000000000, 16.00000000000000000, 8.000000000000000000 ) ) ;
#5171 = DIRECTION ( 'NONE',  ( 0.000000000000000000, 0.000000000000000000, -1.000000000000000000 ) ) ;
#5172 = DIRECTION ( 'NONE',  ( 0.000000000000000000, 0.000000000000000000, 1.000000000000000000 ) ) ;
#5173 = VERTEX_POINT ( 'NONE', #7823 ) ;
#5174 = PLANE ( 'NONE',  #10120 ) ;
#5175 = ORIENTED_EDGE ( 'NONE', *, *, #7424, .T. ) ;
#5176 =( GEOMETRIC_REPRESENTATION_CONTEXT ( 3 ) GLOBAL_UNCERTAINTY_ASSIGNED_CONTEXT ( ( #4677 ) ) GLOBAL_UNIT_ASSIGNED_CONTEXT ( ( #2787, #78, #11351 ) ) REPRESENTATION_CONTEXT ( 'NONE', 'WORKASPACE' ) );
#5177 = PRODUCT_DEFINITION_CONTEXT ( 'detailed design', #9006, 'design' ) ;
#5178 = VERTEX_POINT ( 'NONE', #11614 ) ;
#5179 = ORIENTED_EDGE ( 'NONE', *, *, #2923, .F. ) ;
#5180 = AXIS2_PLACEMENT_3D ( 'NONE', #12087, #7611, #816 ) ;
#5181 = VECTOR ( 'NONE', #1072, 1000.000000000000000 ) ;
#5182 = APPLICATION_PROTOCOL_DEFINITION ( 'draft international standard', 'automotive_design', 1998, #9536 ) ;
#5183 = ORIENTED_EDGE ( 'NONE', *, *, #2022, .F. ) ;
#5184 = EDGE_CURVE ( 'NONE', #10256, #2883, #6888, .T. ) ;
#5185 = DIRECTION ( 'NONE',  ( 0.000000000000000000, 0.000000000000000000, 1.000000000000000000 ) ) ;
#5186 = CARTESIAN_POINT ( 'NONE',  ( 0.000000000000000000, 0.000000000000000000, 101.8499999999999943 ) ) ;
#5187 = CIRCLE ( 'NONE', #242, 6.599999999999999645 ) ;
#5188 = DIRECTION ( 'NONE',  ( -1.000000000000000000, 0.000000000000000000, 0.000000000000000000 ) ) ;
#5189 = VECTOR ( 'NONE', #6256, 1000.000000000000000 ) ;
#5190 = CARTESIAN_POINT ( 'NONE',  ( 66.17647058823530415, 20.00000000000000000, 35.29411764705883314 ) ) ;
#5191 = AXIS2_PLACEMENT_3D ( 'NONE', #11831, #3331, #7107 ) ;
#5192 = AXIS2_PLACEMENT_3D ( 'NONE', #3951, #4781, #8556 ) ;
#5193 = EDGE_CURVE ( 'NONE', #3051, #9600, #4096, .T. ) ;
#5194 = ORIENTED_EDGE ( 'NONE', *, *, #9165, .T. ) ;
#5195 = CARTESIAN_POINT ( 'NONE',  ( 0.000000000000000000, 0.000000000000000000, 0.000000000000000000 ) ) ;
#5196 = ORIENTED_EDGE ( 'NONE', *, *, #2051, .T. ) ;
#5197 =( GEOMETRIC_REPRESENTATION_CONTEXT ( 3 ) GLOBAL_UNCERTAINTY_ASSIGNED_CONTEXT ( ( #8758 ) ) GLOBAL_UNIT_ASSIGNED_CONTEXT ( ( #1948, #4683, #7644 ) ) REPRESENTATION_CONTEXT ( 'NONE', 'WORKASPACE' ) );
#5198 = VERTEX_POINT ( 'NONE', #10124 ) ;
#5199 = VECTOR ( 'NONE', #397, 1000.000000000000000 ) ;
#5200 = CARTESIAN_POINT ( 'NONE',  ( 138.3273854894817134, -39.99999999999999289, 9.999736353167461900 ) ) ;
#5201 = AXIS2_PLACEMENT_3D ( 'NONE', #11891, #11835, #7061 ) ;
#5202 = CIRCLE ( 'NONE', #3996, 2.499999999999998668 ) ;
#5203 = ORIENTED_EDGE ( 'NONE', *, *, #11146, .F. ) ;
#5204 = EDGE_CURVE ( 'NONE', #4674, #11991, #7332, .T. ) ;
#5205 = CARTESIAN_POINT ( 'NONE',  ( 5.510910596163090344E-15, 9.000000000000001776, 45.00000000000000711 ) ) ;
#5206 = FILL_AREA_STYLE ('',( #7415 ) ) ;
#5207 = LINE ( 'NONE', #2472, #4813 ) ;
#5208 = APPLICATION_CONTEXT ( 'automotive_design' ) ;
#5209 = LINE ( 'NONE', #9176, #6329 ) ;
#5210 = CARTESIAN_POINT ( 'NONE',  ( 238.3273854894817134, 0.000000000000000000, -215.0002636468324511 ) ) ;
#5211 = ADVANCED_FACE ( 'NONE', ( #10190 ), #8310, .T. ) ;
#5212 = CARTESIAN_POINT ( 'NONE',  ( -130.0000000000000000, 20.00000000000000000, -9.999999999999998224 ) ) ;
#5213 = VECTOR ( 'NONE', #2648, 1000.000000000000000 ) ;
#5214 = DIRECTION ( 'NONE',  ( 0.000000000000000000, 0.000000000000000000, 1.000000000000000000 ) ) ;
#5215 = VERTEX_POINT ( 'NONE', #4536 ) ;
#5216 = DIRECTION ( 'NONE',  ( 0.000000000000000000, 0.000000000000000000, 1.000000000000000000 ) ) ;
#5217 =( NAMED_UNIT ( * ) SI_UNIT ( $, .STERADIAN. ) SOLID_ANGLE_UNIT ( ) );
#5218 = ORIENTED_EDGE ( 'NONE', *, *, #4765, .F. ) ;
#5219 = CARTESIAN_POINT ( 'NONE',  ( 0.000000000000000000, 11.19999999999999751, 0.000000000000000000 ) ) ;
#5220 = EDGE_CURVE ( 'NONE', #4112, #12100, #10500, .T. ) ;
#5221 = CARTESIAN_POINT ( 'NONE',  ( 30.00000000000000000, 0.000000000000000000, 10.00000000000000000 ) ) ;
#5222 = EDGE_CURVE ( 'NONE', #801, #10279, #2373, .T. ) ;
#5223 = AXIS2_PLACEMENT_3D ( 'NONE', #5720, #2136, #3980 ) ;
#5224 = ORIENTED_EDGE ( 'NONE', *, *, #1344, .F. ) ;
#5225 = CARTESIAN_POINT ( 'NONE',  ( 0.000000000000000000, 0.000000000000000000, 17.00000000000000000 ) ) ;
#5226 = DIRECTION ( 'NONE',  ( 0.000000000000000000, 0.000000000000000000, 1.000000000000000000 ) ) ;
#5227 = EDGE_CURVE ( 'NONE', #11670, #5749, #11115, .T. ) ;
#5228 =( NAMED_UNIT ( * ) SI_UNIT ( $, .STERADIAN. ) SOLID_ANGLE_UNIT ( ) );
#5229 = EDGE_LOOP ( 'NONE', ( #9199, #5530, #1215, #10702 ) ) ;
#5230 = DIRECTION ( 'NONE',  ( -0.000000000000000000, -0.000000000000000000, -1.000000000000000000 ) ) ;
#5231 = CIRCLE ( 'NONE', #12157, 20.00000000000000355 ) ;
#5232 = VERTEX_POINT ( 'NONE', #5481 ) ;
#5233 = DIRECTION ( 'NONE',  ( 0.000000000000000000, 0.000000000000000000, 1.000000000000000000 ) ) ;
#5234 = EDGE_CURVE ( 'NONE', #5359, #4721, #6141, .T. ) ;
#5235 = VERTEX_POINT ( 'NONE', #3354 ) ;
#5236 = DIRECTION ( 'NONE',  ( 1.000000000000000000, -0.000000000000000000, 2.037426901315041899E-16 ) ) ;
#5237 = ORIENTED_EDGE ( 'NONE', *, *, #592, .T. ) ;
#5238 = LINE ( 'NONE', #10813, #8431 ) ;
#5239 = AXIS2_PLACEMENT_3D ( 'NONE', #5257, #613, #2399 ) ;
#5240 = EDGE_CURVE ( 'NONE', #4425, #1275, #6733, .T. ) ;
#5241 = FACE_BOUND ( 'NONE', #1417, .T. ) ;
#5242 = CYLINDRICAL_SURFACE ( 'NONE', #6816, 60.00000000000000000 ) ;
#5243 = ORIENTED_EDGE ( 'NONE', *, *, #270, .F. ) ;
#5244 = CYLINDRICAL_SURFACE ( 'NONE', #5569, 2.500000000000000000 ) ;
#5245 = EDGE_CURVE ( 'NONE', #1755, #2097, #12107, .T. ) ;
#5246 = CIRCLE ( 'NONE', #9014, 8.024999999999996803 ) ;
#5247 = ORIENTED_EDGE ( 'NONE', *, *, #1363, .F. ) ;
#5248 = FACE_OUTER_BOUND ( 'NONE', #4486, .T. ) ;
#5249 = ORIENTED_EDGE ( 'NONE', *, *, #11418, .T. ) ;
#5250 = ORIENTED_EDGE ( 'NONE', *, *, #2684, .T. ) ;
#5251 = SHAPE_DEFINITION_REPRESENTATION ( #10491, #4477 ) ;
#5252 = EDGE_LOOP ( 'NONE', ( #9310, #7900 ) ) ;
#5253 = FACE_OUTER_BOUND ( 'NONE', #11052, .T. ) ;
#5254 = FACE_OUTER_BOUND ( 'NONE', #1258, .T. ) ;
#5255 = DIRECTION ( 'NONE',  ( 0.000000000000000000, 1.000000000000000000, -1.224646799147353207E-16 ) ) ;
#5256 = AXIS2_PLACEMENT_3D ( 'NONE', #9400, #4627, #3688 ) ;
#5257 = CARTESIAN_POINT ( 'NONE',  ( 0.000000000000000000, 35.39999999999999858, 0.000000000000000000 ) ) ;
#5258 = ADVANCED_FACE ( 'NONE', ( #8259 ), #10864, .T. ) ;
#5259 = AXIS2_PLACEMENT_3D ( 'NONE', #4608, #85, #7455 ) ;
#5260 = ORIENTED_EDGE ( 'NONE', *, *, #5573, .T. ) ;
#5261 = DIRECTION ( 'NONE',  ( 0.000000000000000000, 0.000000000000000000, 1.000000000000000000 ) ) ;
#5262 = ORIENTED_EDGE ( 'NONE', *, *, #5532, .F. ) ;
#5263 = ORIENTED_EDGE ( 'NONE', *, *, #4394, .F. ) ;
#5264 = DIRECTION ( 'NONE',  ( 0.000000000000000000, 0.000000000000000000, 1.000000000000000000 ) ) ;
#5265 = EDGE_LOOP ( 'NONE', ( #6337, #1401, #9786, #3347 ) ) ;
#5266 = DIRECTION ( 'NONE',  ( 0.000000000000000000, 0.000000000000000000, 1.000000000000000000 ) ) ;
#5267 = DIRECTION ( 'NONE',  ( 0.000000000000000000, 0.000000000000000000, 1.000000000000000000 ) ) ;
#5268 = DIRECTION ( 'NONE',  ( 0.000000000000000000, -0.000000000000000000, 1.000000000000000000 ) ) ;
#5269 = VECTOR ( 'NONE', #6685, 1000.000000000000000 ) ;
#5270 = AXIS2_PLACEMENT_3D ( 'NONE', #7800, #11591, #5876 ) ;
#5271 = DIRECTION ( 'NONE',  ( -0.000000000000000000, -1.000000000000000000, -0.000000000000000000 ) ) ;
#5272 = CARTESIAN_POINT ( 'NONE',  ( 14.84924240491747582, 20.00000000000000000, 16.94924240491752343 ) ) ;
#5273 = EDGE_CURVE ( 'NONE', #5173, #2285, #3956, .T. ) ;
#5274 = DIRECTION ( 'NONE',  ( -0.000000000000000000, 1.000000000000000000, -0.000000000000000000 ) ) ;
#5275 = PRODUCT_DEFINITION_SHAPE ( 'NONE', 'NONE',  #12256 ) ;
#5276 = CLOSED_SHELL ( 'NONE', ( #5991, #1565, #11665, #11844, #10606, #431, #10862, #2935, #7698, #6513, #11423, #1199, #9966, #3805, #3724, #2512, #9398, #10838, #8783, #6799, #370, #864, #8094, #818, #6270, #2853, #2956, #3773, #8609, #5935, #12208, #1265, #3780, #12232, #2270, #8994, #1350, #4046, #9397, #3434, #2140 ) ) ;
#5277 = ORIENTED_EDGE ( 'NONE', *, *, #6033, .F. ) ;
#5278 = CYLINDRICAL_SURFACE ( 'NONE', #8750, 2.000000000000000000 ) ;
#5279 = DIRECTION ( 'NONE',  ( 0.000000000000000000, -1.000000000000000000, 0.000000000000000000 ) ) ;
#5280 = AXIS2_PLACEMENT_3D ( 'NONE', #7694, #755, #11483 ) ;
#5281 = ORIENTED_EDGE ( 'NONE', *, *, #7424, .F. ) ;
#5282 = CARTESIAN_POINT ( 'NONE',  ( 18.73499399519520026, 34.20000000000000284, 7.000000000000000000 ) ) ;
#5283 = DIRECTION ( 'NONE',  ( 0.000000000000000000, 0.000000000000000000, -1.000000000000000000 ) ) ;
#5284 = ORIENTED_EDGE ( 'NONE', *, *, #1964, .F. ) ;
#5285 = FACE_OUTER_BOUND ( 'NONE', #2563, .T. ) ;
#5286 = CARTESIAN_POINT ( 'NONE',  ( 4.999999999999998224, 34.20000000000000284, -17.29161646579058598 ) ) ;
#5287 = FACE_OUTER_BOUND ( 'NONE', #5832, .T. ) ;
#5288 = ORIENTED_EDGE ( 'NONE', *, *, #4614, .T. ) ;
#5289 = DIRECTION ( 'NONE',  ( -0.000000000000000000, -1.000000000000000000, -0.000000000000000000 ) ) ;
#5290 = VERTEX_POINT ( 'NONE', #9136 ) ;
#5291 = CARTESIAN_POINT ( 'NONE',  ( 0.000000000000000000, 16.00000000000000000, 0.000000000000000000 ) ) ;
#5292 = EDGE_CURVE ( 'NONE', #5725, #11449, #8131, .T. ) ;
#5293 = ORIENTED_EDGE ( 'NONE', *, *, #37, .F. ) ;
#5294 = CARTESIAN_POINT ( 'NONE',  ( 4.999999999999998224, 34.20000000000000284, -23.00000000000000000 ) ) ;
#5295 = ORIENTED_EDGE ( 'NONE', *, *, #8371, .F. ) ;
#5296 = DIRECTION ( 'NONE',  ( 0.000000000000000000, 0.000000000000000000, 1.000000000000000000 ) ) ;
#5297 = CARTESIAN_POINT ( 'NONE',  ( 0.000000000000000000, 27.60000000000000142, -35.00000000000000000 ) ) ;
#5298 = ADVANCED_FACE ( 'NONE', ( #7270 ), #8071, .T. ) ;
#5299 = FACE_OUTER_BOUND ( 'NONE', #1671, .T. ) ;
#5300 = ORIENTED_EDGE ( 'NONE', *, *, #12053, .T. ) ;
#5301 = FACE_OUTER_BOUND ( 'NONE', #9641, .T. ) ;
#5302 = ORIENTED_EDGE ( 'NONE', *, *, #3908, .T. ) ;
#5303 = EDGE_CURVE ( 'NONE', #8294, #4313, #7141, .T. ) ;
#5304 = DIRECTION ( 'NONE',  ( 0.000000000000000000, 0.000000000000000000, 1.000000000000000000 ) ) ;
#5305 = ORIENTED_EDGE ( 'NONE', *, *, #1304, .T. ) ;
#5306 = VERTEX_POINT ( 'NONE', #11002 ) ;
#5307 = ITEM_DEFINED_TRANSFORMATION ( 'NONE', 'NONE', #8123,  #10290 ) ;
#5308 = VERTEX_POINT ( 'NONE', #10005 ) ;
#5309 = CYLINDRICAL_SURFACE ( 'NONE', #1645, 6.300000000000000711 ) ;
#5310 = CARTESIAN_POINT ( 'NONE',  ( 5.000000000000000888, 8.082668874372531019E-16, 6.599999999999999645 ) ) ;
#5311 = ADVANCED_FACE ( 'NONE', ( #1520 ), #4348, .T. ) ;
#5312 = EDGE_CURVE ( 'NONE', #11285, #6129, #22, .T. ) ;
#5313 = LINE ( 'NONE', #3320, #10545 ) ;
#5314 =( NAMED_UNIT ( * ) PLANE_ANGLE_UNIT ( ) SI_UNIT ( $, .RADIAN. ) );
#5315 = ORIENTED_EDGE ( 'NONE', *, *, #6241, .F. ) ;
#5316 = CARTESIAN_POINT ( 'NONE',  ( 75.00000000000001421, 0.000000000000000000, 40.00000000000000000 ) ) ;
#5317 = EDGE_LOOP ( 'NONE', ( #10767, #9855, #4255, #93 ) ) ;
#5318 = ORIENTED_EDGE ( 'NONE', *, *, #4668, .F. ) ;
#5319 = DIRECTION ( 'NONE',  ( 0.000000000000000000, 0.000000000000000000, 1.000000000000000000 ) ) ;
#5320 = ORIENTED_EDGE ( 'NONE', *, *, #778, .T. ) ;
#5321 = LINE ( 'NONE', #7241, #8352 ) ;
#5322 = LINE ( 'NONE', #8175, #2239 ) ;
#5323 = DIRECTION ( 'NONE',  ( 1.000000000000000000, 0.000000000000000000, 0.000000000000000000 ) ) ;
#5324 = EDGE_CURVE ( 'NONE', #11959, #5659, #10061, .T. ) ;
#5325 = LINE ( 'NONE', #5210, #6581 ) ;
#5326 = LINE ( 'NONE', #7248, #8383 ) ;
#5327 = DIRECTION ( 'NONE',  ( 0.000000000000000000, 0.000000000000000000, -1.000000000000000000 ) ) ;
#5328 = ORIENTED_EDGE ( 'NONE', *, *, #4282, .T. ) ;
#5329 = CARTESIAN_POINT ( 'NONE',  ( 5.449678256205721981E-15, 20.00000000000000000, -44.50000000000000711 ) ) ;
#5330 = DIRECTION ( 'NONE',  ( 1.000000000000000000, 0.000000000000000000, 0.000000000000000000 ) ) ;
#5331 = ORIENTED_EDGE ( 'NONE', *, *, #7935, .T. ) ;
#5332 = DIRECTION ( 'NONE',  ( 1.000000000000000000, 0.000000000000000000, 0.000000000000000000 ) ) ;
#5333 = ORIENTED_EDGE ( 'NONE', *, *, #693, .F. ) ;
#5334 = LINE ( 'NONE', #9117, #671 ) ;
#5335 = FACE_OUTER_BOUND ( 'NONE', #7142, .T. ) ;
#5336 = EDGE_CURVE ( 'NONE', #6721, #3872, #1574, .T. ) ;
#5337 = DIRECTION ( 'NONE',  ( 0.000000000000000000, 1.000000000000000000, 0.000000000000000000 ) ) ;
#5338 = DIRECTION ( 'NONE',  ( 0.000000000000000000, 0.000000000000000000, -1.000000000000000000 ) ) ;
#5339 = DIRECTION ( 'NONE',  ( -0.000000000000000000, 1.000000000000000000, -0.000000000000000000 ) ) ;
#5340 = VECTOR ( 'NONE', #11071, 1000.000000000000000 ) ;
#5341 = EDGE_LOOP ( 'NONE', ( #3441, #5922, #5422, #5610, #2254, #11067, #6822, #9534 ) ) ;
#5342 = DIRECTION ( 'NONE',  ( 0.000000000000000000, 1.000000000000000000, 0.000000000000000000 ) ) ;
#5343 = VERTEX_POINT ( 'NONE', #6697 ) ;
#5344 = LINE ( 'NONE', #12101, #6948 ) ;
#5345 = VERTEX_POINT ( 'NONE', #2738 ) ;
#5346 = DIRECTION ( 'NONE',  ( 0.000000000000000000, 0.000000000000000000, 1.000000000000000000 ) ) ;
#5347 = AXIS2_PLACEMENT_3D ( 'NONE', #9661, #1174, #248 ) ;
#5348 = AXIS2_PLACEMENT_3D ( 'NONE', #220, #286, #1400 ) ;
#5349 = VECTOR ( 'NONE', #10476, 1000.000000000000000 ) ;
#5350 = EDGE_LOOP ( 'NONE', ( #795, #6184 ) ) ;
#5351 = EDGE_CURVE ( 'NONE', #12002, #1919, #3787, .T. ) ;
#5352 = PLANE ( 'NONE',  #5082 ) ;
#5353 = FACE_OUTER_BOUND ( 'NONE', #949, .T. ) ;
#5354 = VECTOR ( 'NONE', #6268, 1000.000000000000000 ) ;
#5355 = ADVANCED_FACE ( 'NONE', ( #1881 ), #11286, .T. ) ;
#5356 = CARTESIAN_POINT ( 'NONE',  ( -30.00000000000000000, 0.000000000000000000, -10.00000000000000000 ) ) ;
#5357 = VECTOR ( 'NONE', #6707, 1000.000000000000000 ) ;
#5358 = VECTOR ( 'NONE', #3647, 1000.000000000000000 ) ;
#5359 = VERTEX_POINT ( 'NONE', #5597 ) ;
#5360 =( GEOMETRIC_REPRESENTATION_CONTEXT ( 3 ) GLOBAL_UNCERTAINTY_ASSIGNED_CONTEXT ( ( #10003 ) ) GLOBAL_UNIT_ASSIGNED_CONTEXT ( ( #11249, #2577, #5553 ) ) REPRESENTATION_CONTEXT ( 'NONE', 'WORKASPACE' ) );
#5361 = CARTESIAN_POINT ( 'NONE',  ( 138.3273854894817134, 3.000000000000000000, 9.999736353167461900 ) ) ;
#5362 = ORIENTED_EDGE ( 'NONE', *, *, #6967, .F. ) ;
#5363 = CARTESIAN_POINT ( 'NONE',  ( -5.000000000000001776, 34.20000000000000284, -25.00000000000000000 ) ) ;
#5364 = VERTEX_POINT ( 'NONE', #12226 ) ;
#5365 = ORIENTED_EDGE ( 'NONE', *, *, #1126, .F. ) ;
#5366 = AXIS2_PLACEMENT_3D ( 'NONE', #11715, #9664, #3031 ) ;
#5367 = PRODUCT_CONTEXT ( 'NONE', #7790, 'mechanical' ) ;
#5368 = PRODUCT_DEFINITION ( 'UNKNOWN', '', #5162, #725 ) ;
#5369 = VERTEX_POINT ( 'NONE', #10478 ) ;
#5370 = DIRECTION ( 'NONE',  ( 0.000000000000000000, 0.000000000000000000, 1.000000000000000000 ) ) ;
#5371 = EDGE_CURVE ( 'NONE', #6563, #9589, #900, .T. ) ;
#5372 = VECTOR ( 'NONE', #6579, 1000.000000000000000 ) ;
#5373 = CIRCLE ( 'NONE', #8728, 2.100000000000000977 ) ;
#5374 = TOROIDAL_SURFACE ( 'NONE', #10700, 11.00000000000000000, 3.000000000000000444 ) ;
#5375 = CARTESIAN_POINT ( 'NONE',  ( -5.000000000000000888, 0.000000000000000000, 0.000000000000000000 ) ) ;
#5376 = CYLINDRICAL_SURFACE ( 'NONE', #11345, 50.00000000000000000 ) ;
#5377 = EDGE_CURVE ( 'NONE', #7509, #11670, #7731, .T. ) ;
#5378 = VECTOR ( 'NONE', #4389, 1000.000000000000000 ) ;
#5379 = AXIS2_PLACEMENT_3D ( 'NONE', #11672, #1277, #7880 ) ;
#5380 = VECTOR ( 'NONE', #8295, 1000.000000000000000 ) ;
#5381 = CIRCLE ( 'NONE', #3396, 1.649999999999998579 ) ;
#5382 = VERTEX_POINT ( 'NONE', #13 ) ;
#5383 = DIRECTION ( 'NONE',  ( 0.000000000000000000, 1.000000000000000000, 0.000000000000000000 ) ) ;
#5384 = EDGE_CURVE ( 'NONE', #4055, #10837, #11496, .T. ) ;
#5385 = ORIENTED_EDGE ( 'NONE', *, *, #10917, .T. ) ;
#5386 = EDGE_CURVE ( 'NONE', #6875, #9833, #3175, .T. ) ;
#5387 = VERTEX_POINT ( 'NONE', #8380 ) ;
#5388 = PLANE ( 'NONE',  #4758 ) ;
#5389 = ORIENTED_EDGE ( 'NONE', *, *, #3960, .F. ) ;
#5390 = CARTESIAN_POINT ( 'NONE',  ( 238.3273854894817134, 3.000000000000000000, -215.0002636468324511 ) ) ;
#5391 = AXIS2_PLACEMENT_3D ( 'NONE', #2569, #3375, #2335 ) ;
#5392 = CIRCLE ( 'NONE', #5588, 75.00000000000001421 ) ;
#5393 = LINE ( 'NONE', #696, #738 ) ;
#5394 = FACE_OUTER_BOUND ( 'NONE', #6497, .T. ) ;
#5395 = FACE_OUTER_BOUND ( 'NONE', #5880, .T. ) ;
#5396 = AXIS2_PLACEMENT_3D ( 'NONE', #8347, #12144, #3641 ) ;
#5397 = AXIS2_PLACEMENT_3D ( 'NONE', #12083, #6380, #12028 ) ;
#5398 = CARTESIAN_POINT ( 'NONE',  ( 0.000000000000000000, 0.000000000000000000, 12.00000000000000000 ) ) ;
#5399 = DIRECTION ( 'NONE',  ( -0.000000000000000000, -1.000000000000000000, -0.000000000000000000 ) ) ;
#5400 = CIRCLE ( 'NONE', #1642, 45.00000000000000711 ) ;
#5401 = ORIENTED_EDGE ( 'NONE', *, *, #314, .T. ) ;
#5402 = CIRCLE ( 'NONE', #7572, 41.00000000000000000 ) ;
#5403 = DIRECTION ( 'NONE',  ( 1.000000000000000000, 0.000000000000000000, 0.000000000000000000 ) ) ;
#5404 = CARTESIAN_POINT ( 'NONE',  ( 18.73499399519520026, 29.80000000000000426, 5.000000000000000000 ) ) ;
#5405 = EDGE_CURVE ( 'NONE', #7294, #6669, #2687, .T. ) ;
#5406 = ORIENTED_EDGE ( 'NONE', *, *, #6276, .T. ) ;
#5407 = VECTOR ( 'NONE', #985, 1000.000000000000000 ) ;
#5408 = CARTESIAN_POINT ( 'NONE',  ( -5.000000000000000888, 1.163414459189985485E-15, 9.500000000000000000 ) ) ;
#5409 = VERTEX_POINT ( 'NONE', #7569 ) ;
#5410 = DIRECTION ( 'NONE',  ( 1.000000000000000000, 0.000000000000000000, 0.000000000000000000 ) ) ;
#5411 = DIRECTION ( 'NONE',  ( 0.000000000000000000, -0.000000000000000000, -1.000000000000000000 ) ) ;
#5412 = LINE ( 'NONE', #9192, #7039 ) ;
#5413 = FACE_OUTER_BOUND ( 'NONE', #5317, .T. ) ;
#5414 = CARTESIAN_POINT ( 'NONE',  ( 218.3273854894824524, -43.00000000000000000, -280.0007909404973248 ) ) ;
#5415 = CIRCLE ( 'NONE', #2040, 35.00000000000000000 ) ;
#5416 = ORIENTED_EDGE ( 'NONE', *, *, #8833, .T. ) ;
#5417 = LINE ( 'NONE', #720, #4767 ) ;
#5418 = ORIENTED_EDGE ( 'NONE', *, *, #2108, .F. ) ;
#5419 = CARTESIAN_POINT ( 'NONE',  ( -3.000000000000001776, 29.80000000000000426, 25.00000000000000000 ) ) ;
#5420 = EDGE_CURVE ( 'NONE', #5369, #11253, #5945, .T. ) ;
#5421 = VECTOR ( 'NONE', #6352, 1000.000000000000000 ) ;
#5422 = ORIENTED_EDGE ( 'NONE', *, *, #7788, .F. ) ;
#5423 = DIRECTION ( 'NONE',  ( 0.000000000000000000, -1.000000000000000000, 0.000000000000000000 ) ) ;
#5424 = ORIENTED_EDGE ( 'NONE', *, *, #3315, .T. ) ;
#5425 = DIRECTION ( 'NONE',  ( -0.000000000000000000, -1.000000000000000000, -0.000000000000000000 ) ) ;
#5426 = AXIS2_PLACEMENT_3D ( 'NONE', #2992, #101, #212 ) ;
#5427 = CYLINDRICAL_SURFACE ( 'NONE', #7329, 2.100000000000002753 ) ;
#5428 = ORIENTED_EDGE ( 'NONE', *, *, #8275, .F. ) ;
#5429 = CARTESIAN_POINT ( 'NONE',  ( -198.4000000000000909, 20.00000000000000000, -29.99999999999994316 ) ) ;
#5430 = EDGE_CURVE ( 'NONE', #3585, #6456, #5559, .T. ) ;
#5431 = ORIENTED_EDGE ( 'NONE', *, *, #3057, .F. ) ;
#5432 = ORIENTED_EDGE ( 'NONE', *, *, #5336, .T. ) ;
#5433 = ORIENTED_EDGE ( 'NONE', *, *, #9522, .F. ) ;
#5434 = AXIS2_PLACEMENT_3D ( 'NONE', #7801, #3279, #6923 ) ;
#5435 = APPLICATION_PROTOCOL_DEFINITION ( 'draft international standard', 'automotive_design', 1998, #5826 ) ;
#5436 = EDGE_CURVE ( 'NONE', #8264, #856, #10919, .T. ) ;
#5437 = ORIENTED_EDGE ( 'NONE', *, *, #2499, .F. ) ;
#5438 = CYLINDRICAL_SURFACE ( 'NONE', #9100, 44.50000000000000711 ) ;
#5439 = SURFACE_STYLE_USAGE ( .BOTH. , #8330 ) ;
#5440 = CARTESIAN_POINT ( 'NONE',  ( -7.332110811570580046E-14, -5.939696961967007027, 21.00000000000000000 ) ) ;
#5441 = FACE_OUTER_BOUND ( 'NONE', #8150, .T. ) ;
#5442 = FACE_OUTER_BOUND ( 'NONE', #5265, .T. ) ;
#5443 = ORIENTED_EDGE ( 'NONE', *, *, #3244, .T. ) ;
#5444 = LINE ( 'NONE', #4505, #7761 ) ;
#5445 = ORIENTED_EDGE ( 'NONE', *, *, #2564, .T. ) ;
#5446 = ORIENTED_EDGE ( 'NONE', *, *, #8472, .T. ) ;
#5447 = DIRECTION ( 'NONE',  ( -0.000000000000000000, 1.000000000000000000, -0.000000000000000000 ) ) ;
#5448 = EDGE_CURVE ( 'NONE', #8866, #8714, #2595, .T. ) ;
#5449 = ORIENTED_EDGE ( 'NONE', *, *, #1969, .T. ) ;
#5450 = CARTESIAN_POINT ( 'NONE',  ( 0.000000000000000000, 43.00000000000000000, 0.000000000000000000 ) ) ;
#5451 = TOROIDAL_SURFACE ( 'NONE', #10578, 15.40000000000000036, 0.6000000000000007550 ) ;
#5452 = PLANE ( 'NONE',  #4679 ) ;
#5453 = CARTESIAN_POINT ( 'NONE',  ( 0.000000000000000000, 2.999999999999999112, -35.00000000000000000 ) ) ;
#5454 = DIRECTION ( 'NONE',  ( 1.000000000000000000, 0.000000000000000000, 0.000000000000000000 ) ) ;
#5455 = CIRCLE ( 'NONE', #3264, 20.00000000000000355 ) ;
#5456 = DIRECTION ( 'NONE',  ( 0.000000000000000000, 1.000000000000000000, 0.000000000000000000 ) ) ;
#5457 = VECTOR ( 'NONE', #8566, 1000.000000000000000 ) ;
#5458 = EDGE_CURVE ( 'NONE', #8290, #288, #3771, .T. ) ;
#5459 = CARTESIAN_POINT ( 'NONE',  ( -21.00000000000000000, 29.80000000000000426, -1.466422162314116009E-13 ) ) ;
#5460 = EDGE_LOOP ( 'NONE', ( #5389, #10057, #8008, #11437 ) ) ;
#5461 = DIRECTION ( 'NONE',  ( 0.000000000000000000, 0.000000000000000000, -1.000000000000000000 ) ) ;
#5462 = CARTESIAN_POINT ( 'NONE',  ( -48.99999999999999289, 10.00000000000000000, 15.93969696196700170 ) ) ;
#5463 = EDGE_LOOP ( 'NONE', ( #2718, #7499, #5315, #604 ) ) ;
#5464 = ADVANCED_FACE ( 'NONE', ( #7628 ), #10301, .F. ) ;
#5465 = CARTESIAN_POINT ( 'NONE',  ( 0.000000000000000000, 0.000000000000000000, 0.000000000000000000 ) ) ;
#5466 = VECTOR ( 'NONE', #5697, 1000.000000000000000 ) ;
#5467 = FACE_OUTER_BOUND ( 'NONE', #5613, .T. ) ;
#5468 = DIRECTION ( 'NONE',  ( -0.000000000000000000, 0.000000000000000000, -1.000000000000000000 ) ) ;
#5469 = CARTESIAN_POINT ( 'NONE',  ( 0.000000000000000000, 35.39999999999999858, 0.000000000000000000 ) ) ;
#5470 = CYLINDRICAL_SURFACE ( 'NONE', #918, 2.100000000000000977 ) ;
#5471 = FACE_OUTER_BOUND ( 'NONE', #10952, .T. ) ;
#5472 = EDGE_CURVE ( 'NONE', #6129, #9775, #5658, .T. ) ;
#5473 = CARTESIAN_POINT ( 'NONE',  ( 0.000000000000000000, 22.20000000000000284, 0.000000000000000000 ) ) ;
#5474 = EDGE_CURVE ( 'NONE', #12055, #9226, #6641, .T. ) ;
#5475 = VERTEX_POINT ( 'NONE', #9437 ) ;
#5476 = AXIS2_PLACEMENT_3D ( 'NONE', #1894, #6434, #3575 ) ;
#5477 = DIRECTION ( 'NONE',  ( -1.000000000000000000, -0.000000000000000000, -1.125218710432733156E-16 ) ) ;
#5478 = VERTEX_POINT ( 'NONE', #10427 ) ;
#5479 = DIRECTION ( 'NONE',  ( -1.000000000000000000, 0.000000000000000000, 0.000000000000000000 ) ) ;
#5480 = ORIENTED_EDGE ( 'NONE', *, *, #9541, .T. ) ;
#5481 = CARTESIAN_POINT ( 'NONE',  ( -14.84924240491757885, 20.00000000000000000, 12.74924240491742289 ) ) ;
#5482 = AXIS2_PLACEMENT_3D ( 'NONE', #9247, #1796, #3654 ) ;
#5483 = ORIENTED_EDGE ( 'NONE', *, *, #10872, .F. ) ;
#5484 = AXIS2_PLACEMENT_3D ( 'NONE', #4028, #7073, #5038 ) ;
#5485 = DIRECTION ( 'NONE',  ( -0.000000000000000000, -1.000000000000000000, -0.000000000000000000 ) ) ;
#5486 = PLANE ( 'NONE',  #3203 ) ;
#5487 = EDGE_CURVE ( 'NONE', #1375, #10797, #952, .T. ) ;
#5488 = PLANE ( 'NONE',  #10886 ) ;
#5489 = ORIENTED_EDGE ( 'NONE', *, *, #11137, .T. ) ;
#5490 = DIRECTION ( 'NONE',  ( 0.000000000000000000, -1.000000000000000000, 0.000000000000000000 ) ) ;
#5491 = VERTEX_POINT ( 'NONE', #379 ) ;
#5492 = SHAPE_DEFINITION_REPRESENTATION ( #10692, #3194 ) ;
#5493 = ORIENTED_EDGE ( 'NONE', *, *, #1952, .F. ) ;
#5494 = CARTESIAN_POINT ( 'NONE',  ( -23.00000000000000000, 34.20000000000000284, -5.000000000000000000 ) ) ;
#5495 = DIRECTION ( 'NONE',  ( -0.000000000000000000, -1.000000000000000000, -0.000000000000000000 ) ) ;
#5496 = FACE_OUTER_BOUND ( 'NONE', #9446, .T. ) ;
#5497 = EDGE_CURVE ( 'NONE', #4830, #530, #1800, .T. ) ;
#5498 = CARTESIAN_POINT ( 'NONE',  ( 21.00000000000000000, 29.80000000000000426, -2.499999999999998668 ) ) ;
#5499 = DIRECTION ( 'NONE',  ( -0.000000000000000000, -0.000000000000000000, -1.000000000000000000 ) ) ;
#5500 =( NAMED_UNIT ( * ) PLANE_ANGLE_UNIT ( ) SI_UNIT ( $, .RADIAN. ) );
#5501 = VERTEX_POINT ( 'NONE', #1186 ) ;
#5502 = LINE ( 'NONE', #1730, #6584 ) ;
#5503 = ORIENTED_EDGE ( 'NONE', *, *, #5420, .T. ) ;
#5504 = ORIENTED_EDGE ( 'NONE', *, *, #9336, .T. ) ;
#5505 = CARTESIAN_POINT ( 'NONE',  ( -17.29161646579058242, 29.80000000000000426, 5.000000000000000000 ) ) ;
#5506 = ORIENTED_EDGE ( 'NONE', *, *, #7260, .F. ) ;
#5507 =( REPRESENTATION_RELATIONSHIP ('NONE','NONE', #9464, #5724 ) REPRESENTATION_RELATIONSHIP_WITH_TRANSFORMATION ( #3443 )SHAPE_REPRESENTATION_RELATIONSHIP( ) );
#5508 = CARTESIAN_POINT ( 'NONE',  ( -14.84924240491737102, 0.000000000000000000, -14.84924240491763392 ) ) ;
#5509 = DIRECTION ( 'NONE',  ( -0.000000000000000000, 1.000000000000000000, -0.000000000000000000 ) ) ;
#5510 = CARTESIAN_POINT ( 'NONE',  ( 0.000000000000000000, 2.399999999999999467, 0.000000000000000000 ) ) ;
#5511 = DIRECTION ( 'NONE',  ( 0.000000000000000000, -1.000000000000000000, 0.000000000000000000 ) ) ;
#5512 = ADVANCED_FACE ( 'NONE', ( #10544 ), #1015, .T. ) ;
#5513 = CARTESIAN_POINT ( 'NONE',  ( -133.7500000000000853, 20.00000000000000000, -110.0000000000000284 ) ) ;
#5514 = ORIENTED_EDGE ( 'NONE', *, *, #56, .T. ) ;
#5515 = CARTESIAN_POINT ( 'NONE',  ( 4.286263797015736496E-15, 12.00000000000000000, 35.00000000000000000 ) ) ;
#5516 = LINE ( 'NONE', #8113, #9540 ) ;
#5517 = ORIENTED_EDGE ( 'NONE', *, *, #11055, .T. ) ;
#5518 = SHAPE_REPRESENTATION_RELATIONSHIP ( 'NONE' , 'NONE' ,  #541, #6322 ) ;
#5519 = FACE_OUTER_BOUND ( 'NONE', #11661, .T. ) ;
#5520 = EDGE_CURVE ( 'NONE', #4592, #7562, #1260, .T. ) ;
#5521 = ORIENTED_EDGE ( 'NONE', *, *, #9532, .F. ) ;
#5522 = FACE_BOUND ( 'NONE', #3002, .T. ) ;
#5523 = CARTESIAN_POINT ( 'NONE',  ( 13.50000000000000178, 3.061616997868381662E-16, 0.000000000000000000 ) ) ;
#5524 = ADVANCED_FACE ( 'NONE', ( #2058 ), #4025, .F. ) ;
#5525 = DIRECTION ( 'NONE',  ( 0.000000000000000000, 0.000000000000000000, -1.000000000000000000 ) ) ;
#5526 = CARTESIAN_POINT ( 'NONE',  ( 0.000000000000000000, 0.000000000000000000, 0.000000000000000000 ) ) ;
#5527 = EDGE_CURVE ( 'NONE', #3550, #10138, #3094, .T. ) ;
#5528 = ORIENTED_EDGE ( 'NONE', *, *, #11897, .T. ) ;
#5529 = DIRECTION ( 'NONE',  ( -0.000000000000000000, 1.000000000000000000, -0.000000000000000000 ) ) ;
#5530 = ORIENTED_EDGE ( 'NONE', *, *, #4905, .F. ) ;
#5531 = FACE_OUTER_BOUND ( 'NONE', #6929, .T. ) ;
#5532 = EDGE_CURVE ( 'NONE', #10793, #11816, #3225, .T. ) ;
#5533 = ORIENTED_EDGE ( 'NONE', *, *, #10233, .F. ) ;
#5534 = EDGE_CURVE ( 'NONE', #5345, #7967, #4772, .T. ) ;
#5535 = DIRECTION ( 'NONE',  ( 0.000000000000000000, 1.000000000000000000, 0.000000000000000000 ) ) ;
#5536 = VERTEX_POINT ( 'NONE', #323 ) ;
#5537 = DIRECTION ( 'NONE',  ( 0.000000000000000000, 0.000000000000000000, -1.000000000000000000 ) ) ;
#5538 = CARTESIAN_POINT ( 'NONE',  ( 218.3273854894824524, -39.99999999999999289, -215.0002636468324511 ) ) ;
#5539 = FACE_OUTER_BOUND ( 'NONE', #2721, .T. ) ;
#5540 = ORIENTED_EDGE ( 'NONE', *, *, #10761, .F. ) ;
#5541 = DIRECTION ( 'NONE',  ( -0.000000000000000000, -1.000000000000000000, -0.000000000000000000 ) ) ;
#5542 = VECTOR ( 'NONE', #2726, 1000.000000000000000 ) ;
#5543 = ORIENTED_EDGE ( 'NONE', *, *, #3927, .F. ) ;
#5544 = CONTEXT_DEPENDENT_SHAPE_REPRESENTATION ( #7714, #9816 ) ;
#5545 = ORIENTED_EDGE ( 'NONE', *, *, #4976, .F. ) ;
#5546 = DIRECTION ( 'NONE',  ( 0.000000000000000000, 0.000000000000000000, 1.000000000000000000 ) ) ;
#5547 = CIRCLE ( 'NONE', #6732, 80.00000000000000000 ) ;
#5548 = DIRECTION ( 'NONE',  ( -0.000000000000000000, 1.000000000000000000, -0.000000000000000000 ) ) ;
#5549 = DIRECTION ( 'NONE',  ( -0.000000000000000000, -1.000000000000000000, -0.000000000000000000 ) ) ;
#5550 = VECTOR ( 'NONE', #9755, 1000.000000000000000 ) ;
#5551 = AXIS2_PLACEMENT_3D ( 'NONE', #2387, #6161, #11941 ) ;
#5552 = CARTESIAN_POINT ( 'NONE',  ( 120.2500000000000142, 20.00000000000000000, 10.25000000000002309 ) ) ;
#5553 =( NAMED_UNIT ( * ) SI_UNIT ( $, .STERADIAN. ) SOLID_ANGLE_UNIT ( ) );
#5554 = AXIS2_PLACEMENT_3D ( 'NONE', #11278, #6691, #8611 ) ;
#5555 = ORIENTED_EDGE ( 'NONE', *, *, #9134, .F. ) ;
#5556 = DIRECTION ( 'NONE',  ( 0.000000000000000000, -0.000000000000000000, 1.000000000000000000 ) ) ;
#5557 = ORIENTED_EDGE ( 'NONE', *, *, #12176, .T. ) ;
#5558 = VERTEX_POINT ( 'NONE', #5885 ) ;
#5559 = CIRCLE ( 'NONE', #9713, 30.00000000000000000 ) ;
#5560 = AXIS2_PLACEMENT_3D ( 'NONE', #1213, #10459, #10345 ) ;
#5561 = PRODUCT_DEFINITION_FORMATION_WITH_SPECIFIED_SOURCE ( 'ANY', '', #721, .NOT_KNOWN. ) ;
#5562 = ORIENTED_EDGE ( 'NONE', *, *, #12128, .T. ) ;
#5563 = DIRECTION ( 'NONE',  ( 0.000000000000000000, 0.000000000000000000, -1.000000000000000000 ) ) ;
#5564 = CARTESIAN_POINT ( 'NONE',  ( -113.7500000000000853, 20.00000000000000000, -30.00000000000000000 ) ) ;
#5565 = VECTOR ( 'NONE', #9525, 1000.000000000000000 ) ;
#5566 = DIRECTION ( 'NONE',  ( -0.000000000000000000, 1.000000000000000000, -0.000000000000000000 ) ) ;
#5567 = CARTESIAN_POINT ( 'NONE',  ( -3.000000000000001776, 34.20000000000000284, 23.00000000000000000 ) ) ;
#5568 = AXIS2_PLACEMENT_3D ( 'NONE', #83, #11356, #12170 ) ;
#5569 = AXIS2_PLACEMENT_3D ( 'NONE', #3309, #9025, #3438 ) ;
#5570 = CARTESIAN_POINT ( 'NONE',  ( 218.3273854894824524, -39.99999999999999289, -89.99973635316759157 ) ) ;
#5571 = ORIENTED_EDGE ( 'NONE', *, *, #10520, .T. ) ;
#5572 = DIRECTION ( 'NONE',  ( -4.625929269271489858E-16, -0.000000000000000000, 1.000000000000000000 ) ) ;
#5573 = EDGE_CURVE ( 'NONE', #9617, #9182, #10603, .T. ) ;
#5574 = CIRCLE ( 'NONE', #1817, 44.50000000000000711 ) ;
#5575 = VERTEX_POINT ( 'NONE', #2307 ) ;
#5576 = VERTEX_POINT ( 'NONE', #11602 ) ;
#5577 = AXIS2_PLACEMENT_3D ( 'NONE', #4882, #8594, #355 ) ;
#5578 = CIRCLE ( 'NONE', #2004, 29.75000000000000000 ) ;
#5579 = PLANE ( 'NONE',  #5767 ) ;
#5580 = AXIS2_PLACEMENT_3D ( 'NONE', #777, #8376, #10245 ) ;
#5581 = ADVANCED_FACE ( 'NONE', ( #6873 ), #2167, .F. ) ;
#5582 = DIRECTION ( 'NONE',  ( 1.000000000000000000, 0.000000000000000000, 0.000000000000000000 ) ) ;
#5583 = CARTESIAN_POINT ( 'NONE',  ( 238.3273854894816850, 0.000000000000000000, -280.0002636468323658 ) ) ;
#5584 = LINE ( 'NONE', #5523, #5542 ) ;
#5585 = FACE_OUTER_BOUND ( 'NONE', #11461, .T. ) ;
#5586 = FACE_OUTER_BOUND ( 'NONE', #789, .T. ) ;
#5587 = AXIS2_PLACEMENT_3D ( 'NONE', #10959, #4371, #684 ) ;
#5588 = AXIS2_PLACEMENT_3D ( 'NONE', #257, #376, #319 ) ;
#5589 = EDGE_LOOP ( 'NONE', ( #6242, #9435 ) ) ;
#5590 = LINE ( 'NONE', #3841, #1611 ) ;
#5591 = AXIS2_PLACEMENT_3D ( 'NONE', #3514, #2529, #1607 ) ;
#5592 = ORIENTED_EDGE ( 'NONE', *, *, #7766, .T. ) ;
#5593 = PRODUCT_RELATED_PRODUCT_CATEGORY ( 'part', '', ( #999 ) ) ;
#5594 = CARTESIAN_POINT ( 'NONE',  ( 5.000000000000000888, 0.000000000000000000, -6.599999999999999645 ) ) ;
#5595 = CARTESIAN_POINT ( 'NONE',  ( -14.84924240491757885, 20.00000000000000000, 14.84924240491742076 ) ) ;
#5596 = ORIENTED_EDGE ( 'NONE', *, *, #4075, .T. ) ;
#5597 = CARTESIAN_POINT ( 'NONE',  ( 0.000000000000000000, 0.000000000000000000, 6.299999999999999822 ) ) ;
#5598 = VECTOR ( 'NONE', #11674, 1000.000000000000000 ) ;
#5599 = AXIS2_PLACEMENT_3D ( 'NONE', #179, #3943, #9725 ) ;
#5600 = AXIS2_PLACEMENT_3D ( 'NONE', #2725, #9365, #888 ) ;
#5601 = ADVANCED_FACE ( 'NONE', ( #3038 ), #8672, .F. ) ;
#5602 = EDGE_LOOP ( 'NONE', ( #5262, #7762, #7015, #3881 ) ) ;
#5603 = CARTESIAN_POINT ( 'NONE',  ( 23.00000000000000000, 29.80000000000000426, 5.000000000000000000 ) ) ;
#5604 = AXIS2_PLACEMENT_3D ( 'NONE', #5316, #12014, #2653 ) ;
#5605 = SURFACE_SIDE_STYLE ('',( #7502 ) ) ;
#5606 = ADVANCED_FACE ( 'NONE', ( #11463 ), #9670, .T. ) ;
#5607 = DIRECTION ( 'NONE',  ( 0.000000000000000000, 0.000000000000000000, -1.000000000000000000 ) ) ;
#5608 = AXIS2_PLACEMENT_3D ( 'NONE', #1452, #4338, #8124 ) ;
#5609 = VECTOR ( 'NONE', #1230, 1000.000000000000000 ) ;
#5610 = ORIENTED_EDGE ( 'NONE', *, *, #10393, .F. ) ;
#5611 = EDGE_CURVE ( 'NONE', #10572, #504, #630, .T. ) ;
#5612 = CARTESIAN_POINT ( 'NONE',  ( 16.86149459567567632, 29.80000000000000426, 6.299999999999998934 ) ) ;
#5613 = EDGE_LOOP ( 'NONE', ( #2086, #6086, #6655, #380 ) ) ;
#5614 = EDGE_CURVE ( 'NONE', #9044, #1814, #9738, .T. ) ;
#5615 = ORIENTED_EDGE ( 'NONE', *, *, #10198, .T. ) ;
#5616 = CARTESIAN_POINT ( 'NONE',  ( 130.0000000000000000, 20.00000000000000000, -19.99999999999998579 ) ) ;
#5617 = FILL_AREA_STYLE_COLOUR ( '', #10343 ) ;
#5618 = CARTESIAN_POINT ( 'NONE',  ( -30.00000000000000000, 0.000000000000000000, -10.00000000000000000 ) ) ;
#5619 = DIRECTION ( 'NONE',  ( -1.000000000000000000, 0.000000000000000000, 0.000000000000000000 ) ) ;
#5620 = EDGE_CURVE ( 'NONE', #4425, #5475, #7864, .T. ) ;
#5621 = CARTESIAN_POINT ( 'NONE',  ( 0.000000000000000000, 17.80000000000000426, 44.50000000000000711 ) ) ;
#5622 = ADVANCED_FACE ( 'NONE', ( #6074 ), #3899, .T. ) ;
#5623 = VECTOR ( 'NONE', #5741, 1000.000000000000000 ) ;
#5624 = ORIENTED_EDGE ( 'NONE', *, *, #11111, .F. ) ;
#5625 = CARTESIAN_POINT ( 'NONE',  ( 75.00000000000001421, 0.000000000000000000, -30.00000000000000000 ) ) ;
#5626 = ORIENTED_EDGE ( 'NONE', *, *, #3122, .F. ) ;
#5627 = ORIENTED_EDGE ( 'NONE', *, *, #5943, .F. ) ;
#5628 = ORIENTED_EDGE ( 'NONE', *, *, #7650, .F. ) ;
#5629 = DIRECTION ( 'NONE',  ( -0.000000000000000000, 1.000000000000000000, -0.000000000000000000 ) ) ;
#5630 = CARTESIAN_POINT ( 'NONE',  ( -3.000000000000001776, 34.20000000000000284, -23.00000000000000000 ) ) ;
#5631 = DIRECTION ( 'NONE',  ( 0.000000000000000000, 1.000000000000000000, 0.000000000000000000 ) ) ;
#5632 = VECTOR ( 'NONE', #8650, 1000.000000000000000 ) ;
#5633 = EDGE_CURVE ( 'NONE', #1200, #160, #6762, .T. ) ;
#5634 = FACE_OUTER_BOUND ( 'NONE', #5663, .T. ) ;
#5635 = ORIENTED_EDGE ( 'NONE', *, *, #10149, .F. ) ;
#5636 = CYLINDRICAL_SURFACE ( 'NONE', #2967, 45.00000000000000711 ) ;
#5637 = ORIENTED_EDGE ( 'NONE', *, *, #7476, .T. ) ;
#5638 = CARTESIAN_POINT ( 'NONE',  ( 238.3273854894816850, 3.000000000000000000, -280.0002636468323658 ) ) ;
#5639 = ORIENTED_EDGE ( 'NONE', *, *, #9684, .T. ) ;
#5640 = ORIENTED_EDGE ( 'NONE', *, *, #9710, .T. ) ;
#5641 = PRESENTATION_LAYER_ASSIGNMENT (  '', '', ( #8014 ) ) ;
#5642 = DIRECTION ( 'NONE',  ( 0.000000000000000000, 0.000000000000000000, 1.000000000000000000 ) ) ;
#5643 = PLANE ( 'NONE',  #4485 ) ;
#5644 = FACE_BOUND ( 'NONE', #1598, .T. ) ;
#5645 = CARTESIAN_POINT ( 'NONE',  ( 21.00000000000000000, 34.20000000000000284, 0.000000000000000000 ) ) ;
#5646 = DIRECTION ( 'NONE',  ( -0.000000000000000000, -1.000000000000000000, -0.000000000000000000 ) ) ;
#5647 = EDGE_CURVE ( 'NONE', #7898, #3921, #1997, .T. ) ;
#5648 = DIRECTION ( 'NONE',  ( 0.000000000000000000, 0.000000000000000000, 1.000000000000000000 ) ) ;
#5649 = AXIS2_PLACEMENT_3D ( 'NONE', #1673, #3860, #1088 ) ;
#5650 = CARTESIAN_POINT ( 'NONE',  ( 0.07261451051825866532, -39.99999999999999289, -360.0007909404973816 ) ) ;
#5651 = PRODUCT ( 'Link3', 'Link3', '', ( #5122 ) ) ;
#5652 = VERTEX_POINT ( 'NONE', #4278 ) ;
#5653 = CARTESIAN_POINT ( 'NONE',  ( 14.84924240491768188, 0.000000000000000000, -12.74924240491732164 ) ) ;
#5654 = SURFACE_STYLE_FILL_AREA ( #6694 ) ;
#5655 = AXIS2_PLACEMENT_3D ( 'NONE', #1629, #11048, #2544 ) ;
#5656 = VERTEX_POINT ( 'NONE', #7255 ) ;
#5657 = DIRECTION ( 'NONE',  ( 0.000000000000000000, -1.000000000000000000, 0.000000000000000000 ) ) ;
#5658 = LINE ( 'NONE', #11234, #6348 ) ;
#5659 = VERTEX_POINT ( 'NONE', #2605 ) ;
#5660 = DIRECTION ( 'NONE',  ( -0.000000000000000000, -0.000000000000000000, -1.000000000000000000 ) ) ;
#5661 =( LENGTH_UNIT ( ) NAMED_UNIT ( * ) SI_UNIT ( .MILLI., .METRE. ) );
#5662 = DIRECTION ( 'NONE',  ( -0.000000000000000000, -1.000000000000000000, -0.000000000000000000 ) ) ;
#5663 = EDGE_LOOP ( 'NONE', ( #4730, #9646, #8118, #11149 ) ) ;
#5664 = EDGE_CURVE ( 'NONE', #7005, #6554, #3581, .T. ) ;
#5665 = DIRECTION ( 'NONE',  ( 0.000000000000000000, 1.000000000000000000, 0.000000000000000000 ) ) ;
#5666 = ORIENTED_EDGE ( 'NONE', *, *, #8648, .F. ) ;
#5667 = VERTEX_POINT ( 'NONE', #2484 ) ;
#5668 = DIRECTION ( 'NONE',  ( 0.000000000000000000, 0.000000000000000000, 1.000000000000000000 ) ) ;
#5669 = DIRECTION ( 'NONE',  ( -2.745056929018243809E-16, -0.000000000000000000, -1.000000000000000000 ) ) ;
#5670 = EDGE_CURVE ( 'NONE', #9617, #7630, #4334, .T. ) ;
#5671 = CYLINDRICAL_SURFACE ( 'NONE', #11314, 100.0000000000000000 ) ;
#5672 = DIRECTION ( 'NONE',  ( 0.000000000000000000, 0.000000000000000000, 1.000000000000000000 ) ) ;
#5673 = DIRECTION ( 'NONE',  ( -0.000000000000000000, 1.000000000000000000, -0.000000000000000000 ) ) ;
#5674 = ADVANCED_FACE ( 'NONE', ( #8060 ), #6386, .T. ) ;
#5675 = EDGE_LOOP ( 'NONE', ( #4093, #1342, #2587, #12071 ) ) ;
#5676 = DIRECTION ( 'NONE',  ( -0.000000000000000000, -1.000000000000000000, -0.000000000000000000 ) ) ;
#5677 = ORIENTED_EDGE ( 'NONE', *, *, #10446, .T. ) ;
#5678 = ORIENTED_EDGE ( 'NONE', *, *, #2861, .T. ) ;
#5679 = EDGE_LOOP ( 'NONE', ( #726, #9447, #7719, #11334 ) ) ;
#5680 = ADVANCED_FACE ( 'NONE', ( #9057, #2540 ), #4468, .F. ) ;
#5681 = CARTESIAN_POINT ( 'NONE',  ( 0.000000000000000000, 0.000000000000000000, 101.8499999999999943 ) ) ;
#5682 = EDGE_CURVE ( 'NONE', #1085, #7772, #8243, .T. ) ;
#5683 = DIRECTION ( 'NONE',  ( 1.000000000000000000, 0.000000000000000000, 0.000000000000000000 ) ) ;
#5684 = CARTESIAN_POINT ( 'NONE',  ( -21.00000000000000000, 34.20000000000000284, -1.466422162314116009E-13 ) ) ;
#5685 = DIRECTION ( 'NONE',  ( 0.000000000000000000, 0.000000000000000000, 1.000000000000000000 ) ) ;
#5686 = LINE ( 'NONE', #8532, #1604 ) ;
#5687 = ORIENTED_EDGE ( 'NONE', *, *, #414, .T. ) ;
#5688 = DIRECTION ( 'NONE',  ( 0.000000000000000000, 0.000000000000000000, 1.000000000000000000 ) ) ;
#5689 = ORIENTED_EDGE ( 'NONE', *, *, #2649, .T. ) ;
#5690 = ORIENTED_EDGE ( 'NONE', *, *, #12078, .F. ) ;
#5691 =( NAMED_UNIT ( * ) PLANE_ANGLE_UNIT ( ) SI_UNIT ( $, .RADIAN. ) );
#5692 = EDGE_CURVE ( 'NONE', #896, #9775, #3380, .T. ) ;
#5693 = DIRECTION ( 'NONE',  ( -0.000000000000000000, -0.000000000000000000, -1.000000000000000000 ) ) ;
#5694 = DIRECTION ( 'NONE',  ( -0.000000000000000000, -1.000000000000000000, 0.000000000000000000 ) ) ;
#5695 = DIRECTION ( 'NONE',  ( 0.000000000000000000, -0.000000000000000000, 1.000000000000000000 ) ) ;
#5696 = DIRECTION ( 'NONE',  ( 0.000000000000000000, -1.000000000000000000, 0.000000000000000000 ) ) ;
#5697 = DIRECTION ( 'NONE',  ( 0.000000000000000000, 0.000000000000000000, -1.000000000000000000 ) ) ;
#5698 = PLANE ( 'NONE',  #2450 ) ;
#5699 = CARTESIAN_POINT ( 'NONE',  ( 0.000000000000000000, -2.500000000000000000, 0.000000000000000000 ) ) ;
#5700 = VERTEX_POINT ( 'NONE', #8000 ) ;
#5701 = CARTESIAN_POINT ( 'NONE',  ( 90.00000000000000000, 20.00000000000000000, 20.00000000000001066 ) ) ;
#5702 = DIRECTION ( 'NONE',  ( 0.000000000000000000, 0.000000000000000000, -1.000000000000000000 ) ) ;
#5703 = VERTEX_POINT ( 'NONE', #5408 ) ;
#5704 = FACE_BOUND ( 'NONE', #2981, .T. ) ;
#5705 = DIRECTION ( 'NONE',  ( 0.000000000000000000, -1.000000000000000000, 0.000000000000000000 ) ) ;
#5706 = ORIENTED_EDGE ( 'NONE', *, *, #5884, .T. ) ;
#5707 = LINE ( 'NONE', #1010, #5457 ) ;
#5708 = FACE_OUTER_BOUND ( 'NONE', #10428, .T. ) ;
#5709 = CARTESIAN_POINT ( 'NONE',  ( 0.000000000000000000, 17.80000000000000426, 0.000000000000000000 ) ) ;
#5710 = EDGE_LOOP ( 'NONE', ( #12244, #9627, #10214, #7686 ) ) ;
#5711 = CARTESIAN_POINT ( 'NONE',  ( 8.000000000000000000, 9.797174393178825657E-16, 3.000000000000000000 ) ) ;
#5712 = EDGE_CURVE ( 'NONE', #4305, #3974, #12031, .T. ) ;
#5713 = ORIENTED_EDGE ( 'NONE', *, *, #2379, .F. ) ;
#5714 = DIRECTION ( 'NONE',  ( 0.000000000000000000, 1.000000000000000000, 0.000000000000000000 ) ) ;
#5715 = VERTEX_POINT ( 'NONE', #3526 ) ;
#5716 = CARTESIAN_POINT ( 'NONE',  ( 150.0000000000000000, 20.00000000000000000, 30.00000000000000000 ) ) ;
#5717 = CARTESIAN_POINT ( 'NONE',  ( -14.84924240491737102, -5.939696961967007027, -16.94924240491763712 ) ) ;
#5718 = EDGE_CURVE ( 'NONE', #10411, #8980, #1444, .T. ) ;
#5719 = CARTESIAN_POINT ( 'NONE',  ( 138.3273854894816566, -39.99999999999999289, -380.0002636468323658 ) ) ;
#5720 = CARTESIAN_POINT ( 'NONE',  ( 14.84924240491747582, -5.939696961967007027, 14.84924240491752556 ) ) ;
#5721 = LINE ( 'NONE', #7589, #1696 ) ;
#5722 =( NAMED_UNIT ( * ) PLANE_ANGLE_UNIT ( ) SI_UNIT ( $, .RADIAN. ) );
#5723 = CIRCLE ( 'NONE', #11468, 2.499999999999998668 ) ;
#5724 = SHAPE_REPRESENTATION ( 'Link3LShapeConnectorFront', ( #10290 ), #6143 ) ;
#5725 = VERTEX_POINT ( 'NONE', #11095 ) ;
#5726 = EDGE_CURVE ( 'NONE', #719, #6037, #641, .T. ) ;
#5727 = FACE_BOUND ( 'NONE', #10737, .T. ) ;
#5728 = ORIENTED_EDGE ( 'NONE', *, *, #12197, .T. ) ;
#5729 = VERTEX_POINT ( 'NONE', #454 ) ;
#5730 = ADVANCED_FACE ( 'NONE', ( #4215 ), #8189, .F. ) ;
#5731 = DIRECTION ( 'NONE',  ( -9.297610296822013863E-14, 0.5500231341786723238, 0.8351494188875844271 ) ) ;
#5732 = AXIS2_PLACEMENT_3D ( 'NONE', #5136, #9904, #2412 ) ;
#5733 = ORIENTED_EDGE ( 'NONE', *, *, #11085, .F. ) ;
#5734 = DIRECTION ( 'NONE',  ( 0.000000000000000000, -1.000000000000000000, 0.000000000000000000 ) ) ;
#5735 = CIRCLE ( 'NONE', #4748, 2.500000000000000444 ) ;
#5736 = AXIS2_PLACEMENT_3D ( 'NONE', #2057, #81, #1989 ) ;
#5737 = EDGE_CURVE ( 'NONE', #10764, #11881, #3469, .T. ) ;
#5738 = LINE ( 'NONE', #11326, #11503 ) ;
#5739 = PRODUCT_DEFINITION_SHAPE ( 'NONE', 'NONE',  #1884 ) ;
#5740 = DIRECTION ( 'NONE',  ( 0.000000000000000000, 0.000000000000000000, 1.000000000000000000 ) ) ;
#5741 = DIRECTION ( 'NONE',  ( -0.000000000000000000, -0.000000000000000000, -1.000000000000000000 ) ) ;
#5742 = CIRCLE ( 'NONE', #197, 45.00000000000000711 ) ;
#5743 = EDGE_CURVE ( 'NONE', #2658, #4112, #6164, .T. ) ;
#5744 = VECTOR ( 'NONE', #5236, 1000.000000000000000 ) ;
#5745 = CIRCLE ( 'NONE', #7333, 6.300000000000000711 ) ;
#5746 = ORIENTED_EDGE ( 'NONE', *, *, #11515, .F. ) ;
#5747 = CARTESIAN_POINT ( 'NONE',  ( -80.25000000000000000, 0.000000000000000000, 20.00000000000000711 ) ) ;
#5748 = VERTEX_POINT ( 'NONE', #3342 ) ;
#5749 = VERTEX_POINT ( 'NONE', #10918 ) ;
#5750 =( LENGTH_UNIT ( ) NAMED_UNIT ( * ) SI_UNIT ( .MILLI., .METRE. ) );
#5751 = DIRECTION ( 'NONE',  ( 0.000000000000000000, 0.000000000000000000, 1.000000000000000000 ) ) ;
#5752 = AXIS2_PLACEMENT_3D ( 'NONE', #2548, #2618, #1754 ) ;
#5753 = DIRECTION ( 'NONE',  ( -0.000000000000000000, 1.000000000000000000, -0.000000000000000000 ) ) ;
#5754 = CYLINDRICAL_SURFACE ( 'NONE', #3812, 2.100000000000000089 ) ;
#5755 = DIRECTION ( 'NONE',  ( -0.000000000000000000, -1.000000000000000000, -0.000000000000000000 ) ) ;
#5756 = DIRECTION ( 'NONE',  ( 0.000000000000000000, 1.000000000000000000, 0.000000000000000000 ) ) ;
#5757 = AXIS2_PLACEMENT_3D ( 'NONE', #672, #6592, #10254 ) ;
#5758 = DIRECTION ( 'NONE',  ( 0.000000000000000000, -1.000000000000000000, 0.000000000000000000 ) ) ;
#5759 = EDGE_CURVE ( 'NONE', #10911, #924, #6759, .T. ) ;
#5760 = DIRECTION ( 'NONE',  ( -0.000000000000000000, 1.000000000000000000, -0.000000000000000000 ) ) ;
#5761 = VECTOR ( 'NONE', #8286, 1000.000000000000000 ) ;
#5762 = EDGE_LOOP ( 'NONE', ( #6635, #2709 ) ) ;
#5763 = AXIS2_PLACEMENT_3D ( 'NONE', #4847, #7677, #1930 ) ;
#5764 = CARTESIAN_POINT ( 'NONE',  ( 2.598076211353315568, 1.530808498934191521E-15, -12.50000000000000000 ) ) ;
#5765 = FACE_BOUND ( 'NONE', #8042, .T. ) ;
#5766 = ORIENTED_EDGE ( 'NONE', *, *, #2165, .F. ) ;
#5767 = AXIS2_PLACEMENT_3D ( 'NONE', #9363, #4648, #8423 ) ;
#5768 = LINE ( 'NONE', #11354, #10486 ) ;
#5769 = CARTESIAN_POINT ( 'NONE',  ( -3.000000000000001776, 34.20000000000000284, -25.00000000000000000 ) ) ;
#5770 = EDGE_LOOP ( 'NONE', ( #1741, #6012 ) ) ;
#5771 = AXIS2_PLACEMENT_3D ( 'NONE', #11822, #8508, #36 ) ;
#5772 = CARTESIAN_POINT ( 'NONE',  ( 0.000000000000000000, 27.60000000000000142, 0.000000000000000000 ) ) ;
#5773 = AXIS2_PLACEMENT_3D ( 'NONE', #3901, #7682, #11465 ) ;
#5774 = LINE ( 'NONE', #10550, #1849 ) ;
#5775 = AXIS2_PLACEMENT_3D ( 'NONE', #8984, #7055, #10842 ) ;
#5776 = AXIS2_PLACEMENT_3D ( 'NONE', #9918, #4272, #8056 ) ;
#5777 = EDGE_CURVE ( 'NONE', #1399, #11254, #7742, .T. ) ;
#5778 = CARTESIAN_POINT ( 'NONE',  ( -4.400000000000000355, 1.885956070686923806E-15, 15.40000000000000036 ) ) ;
#5779 = EDGE_LOOP ( 'NONE', ( #7136, #1848 ) ) ;
#5780 = LINE ( 'NONE', #9571, #4167 ) ;
#5781 = AXIS2_PLACEMENT_3D ( 'NONE', #3173, #2449, #1338 ) ;
#5782 = AXIS2_PLACEMENT_3D ( 'NONE', #12023, #5454, #2532 ) ;
#5783 = VECTOR ( 'NONE', #7257, 1000.000000000000000 ) ;
#5784 = ORIENTED_EDGE ( 'NONE', *, *, #2716, .F. ) ;
#5785 = LINE ( 'NONE', #9227, #1991 ) ;
#5786 = AXIS2_PLACEMENT_3D ( 'NONE', #9039, #616, #4314 ) ;
#5787 = ORIENTED_EDGE ( 'NONE', *, *, #7438, .F. ) ;
#5788 = DIRECTION ( 'NONE',  ( 5.129334446905298846E-17, -0.000000000000000000, 1.000000000000000000 ) ) ;
#5789 = CARTESIAN_POINT ( 'NONE',  ( -75.00000000000000000, -134.1640786499874025, -10.00000000000000178 ) ) ;
#5790 = LINE ( 'NONE', #8579, #7245 ) ;
#5791 = DIRECTION ( 'NONE',  ( 0.000000000000000000, 1.000000000000000000, -0.000000000000000000 ) ) ;
#5792 = MECHANICAL_DESIGN_GEOMETRIC_PRESENTATION_REPRESENTATION (  '', ( #9752 ), #10739 ) ;
#5793 = PLANE ( 'NONE',  #3435 ) ;
#5794 = CIRCLE ( 'NONE', #2443, 9.750000000000000000 ) ;
#5795 = ADVANCED_FACE ( 'NONE', ( #6560, #2774 ), #989, .F. ) ;
#5796 =( NAMED_UNIT ( * ) SI_UNIT ( $, .STERADIAN. ) SOLID_ANGLE_UNIT ( ) );
#5797 = VECTOR ( 'NONE', #6899, 1000.000000000000000 ) ;
#5798 = ORIENTED_EDGE ( 'NONE', *, *, #511, .T. ) ;
#5799 = PLANE ( 'NONE',  #475 ) ;
#5800 = ORIENTED_EDGE ( 'NONE', *, *, #5220, .T. ) ;
#5801 = ORIENTED_EDGE ( 'NONE', *, *, #2306, .F. ) ;
#5802 = DIRECTION ( 'NONE',  ( 5.378006975114289921E-15, 1.000000000000000000, 6.245004513516505540E-17 ) ) ;
#5803 = ORIENTED_EDGE ( 'NONE', *, *, #10149, .T. ) ;
#5804 = DIRECTION ( 'NONE',  ( 1.000000000000000000, 0.000000000000000000, 0.000000000000000000 ) ) ;
#5805 = DIRECTION ( 'NONE',  ( -0.000000000000000000, -1.000000000000000000, -0.000000000000000000 ) ) ;
#5806 = DIRECTION ( 'NONE',  ( 0.000000000000000000, 0.000000000000000000, -1.000000000000000000 ) ) ;
#5807 = DIRECTION ( 'NONE',  ( -0.000000000000000000, 1.000000000000000000, -0.000000000000000000 ) ) ;
#5808 = ORIENTED_EDGE ( 'NONE', *, *, #3026, .T. ) ;
#5809 = EDGE_LOOP ( 'NONE', ( #11830, #146, #12136, #410 ) ) ;
#5810 = ADVANCED_FACE ( 'NONE', ( #3653, #7484 ), #11340, .F. ) ;
#5811 = CARTESIAN_POINT ( 'NONE',  ( 138.3273854894817134, 0.000000000000000000, -90.00026364683252211 ) ) ;
#5812 = ORIENTED_EDGE ( 'NONE', *, *, #441, .F. ) ;
#5813 = ORIENTED_EDGE ( 'NONE', *, *, #10617, .F. ) ;
#5814 = ORIENTED_EDGE ( 'NONE', *, *, #5312, .F. ) ;
#5815 = CARTESIAN_POINT ( 'NONE',  ( 14.84924240491768188, -5.939696961967007027, -16.94924240491731737 ) ) ;
#5816 = AXIS2_PLACEMENT_3D ( 'NONE', #10975, #6251, #10041 ) ;
#5817 = LINE ( 'NONE', #176, #6073 ) ;
#5818 = CYLINDRICAL_SURFACE ( 'NONE', #4411, 9.750000000000000000 ) ;
#5819 = DIRECTION ( 'NONE',  ( -0.000000000000000000, 1.000000000000000000, -0.000000000000000000 ) ) ;
#5820 = CARTESIAN_POINT ( 'NONE',  ( 130.0000000000000000, 20.00000000000000000, 20.00000000000002487 ) ) ;
#5821 = ADVANCED_FACE ( 'NONE', ( #4710, #66, #5519 ), #4521, .F. ) ;
#5822 = CARTESIAN_POINT ( 'NONE',  ( 7.715274834628326364E-16, -17.81909088590100154, -6.300000000000000711 ) ) ;
#5823 = DIRECTION ( 'NONE',  ( 0.000000000000000000, 0.000000000000000000, 1.000000000000000000 ) ) ;
#5824 = EDGE_LOOP ( 'NONE', ( #6667, #10305 ) ) ;
#5825 = EDGE_CURVE ( 'NONE', #5178, #12166, #8478, .T. ) ;
#5826 = APPLICATION_CONTEXT ( 'automotive_design' ) ;
#5827 = CARTESIAN_POINT ( 'NONE',  ( 138.3273854894816566, 3.000000000000000000, -380.0002636468323658 ) ) ;
#5828 = FACE_BOUND ( 'NONE', #1712, .T. ) ;
#5829 = EDGE_LOOP ( 'NONE', ( #7327, #11261 ) ) ;
#5830 = PLANE ( 'NONE',  #9900 ) ;
#5831 = DIRECTION ( 'NONE',  ( 0.000000000000000000, 0.000000000000000000, -1.000000000000000000 ) ) ;
#5832 = EDGE_LOOP ( 'NONE', ( #6638, #4303, #3297, #11235 ) ) ;
#5833 = DIRECTION ( 'NONE',  ( 0.000000000000000000, -1.000000000000000000, 0.000000000000000000 ) ) ;
#5834 = EDGE_CURVE ( 'NONE', #2456, #9137, #9423, .T. ) ;
#5835 = EDGE_CURVE ( 'NONE', #2430, #9699, #3833, .T. ) ;
#5836 = FACE_BOUND ( 'NONE', #9886, .T. ) ;
#5837 = COLOUR_RGB ( '',0.7921568627450980005, 0.8196078431372548767, 0.9333333333333333481 ) ;
#5838 = CARTESIAN_POINT ( 'NONE',  ( -23.00000000000000000, 29.80000000000000426, -3.000000000000000000 ) ) ;
#5839 = VECTOR ( 'NONE', #5660, 1000.000000000000000 ) ;
#5840 = CARTESIAN_POINT ( 'NONE',  ( -16.00000000000000000, -2.500000000000000000, -1.649999999999998579 ) ) ;
#5841 = EDGE_LOOP ( 'NONE', ( #240, #6939, #7132, #12235 ) ) ;
#5842 = DIRECTION ( 'NONE',  ( 0.000000000000000000, -0.000000000000000000, 1.000000000000000000 ) ) ;
#5843 = ORIENTED_EDGE ( 'NONE', *, *, #2510, .T. ) ;
#5844 = FACE_OUTER_BOUND ( 'NONE', #8270, .T. ) ;
#5845 = PRODUCT ( 'Link3Shaft', 'Link3Shaft', '', ( #10766 ) ) ;
#5846 = ORIENTED_EDGE ( 'NONE', *, *, #8292, .F. ) ;
#5847 = EDGE_CURVE ( 'NONE', #4782, #1757, #2987, .T. ) ;
#5848 = CARTESIAN_POINT ( 'NONE',  ( 238.3273854894817134, 3.000000000000000000, -155.0002636468324795 ) ) ;
#5849 = DIRECTION ( 'NONE',  ( -0.000000000000000000, -1.000000000000000000, -0.000000000000000000 ) ) ;
#5850 = CARTESIAN_POINT ( 'NONE',  ( -0.07261451051828989034, -39.99999999999999289, 9.999736353167531178 ) ) ;
#5851 = CARTESIAN_POINT ( 'NONE',  ( 27.00000000000000000, 3.306546357697853733E-15, 8.000000000000000000 ) ) ;
#5852 = SURFACE_STYLE_USAGE ( .BOTH. , #2075 ) ;
#5853 =( NAMED_UNIT ( * ) PLANE_ANGLE_UNIT ( ) SI_UNIT ( $, .RADIAN. ) );
#5854 = CIRCLE ( 'NONE', #533, 2.500000000000000000 ) ;
#5855 = VERTEX_POINT ( 'NONE', #3591 ) ;
#5856 = CARTESIAN_POINT ( 'NONE',  ( 5.510910596163090344E-15, 35.39999999999999858, 45.00000000000000711 ) ) ;
#5857 = EDGE_LOOP ( 'NONE', ( #9700, #3206, #9867, #9902 ) ) ;
#5858 = ORIENTED_EDGE ( 'NONE', *, *, #1066, .F. ) ;
#5859 = ORIENTED_EDGE ( 'NONE', *, *, #1357, .F. ) ;
#5860 = ADVANCED_FACE ( 'NONE', ( #1864 ), #885, .F. ) ;
#5861 = DIRECTION ( 'NONE',  ( 0.000000000000000000, -1.000000000000000000, 0.000000000000000000 ) ) ;
#5862 = CARTESIAN_POINT ( 'NONE',  ( 0.000000000000000000, 12.00000000000000000, 0.000000000000000000 ) ) ;
#5863 = CARTESIAN_POINT ( 'NONE',  ( -7.306393228788485917E-14, 20.00000000000000000, 18.89999999999999858 ) ) ;
#5864 = AXIS2_PLACEMENT_3D ( 'NONE', #6767, #7500, #2061 ) ;
#5865 = DIRECTION ( 'NONE',  ( 1.000000000000000000, 0.000000000000000000, 0.000000000000000000 ) ) ;
#5866 = ORIENTED_EDGE ( 'NONE', *, *, #6900, .F. ) ;
#5867 = CARTESIAN_POINT ( 'NONE',  ( -14.84924240491737102, 0.000000000000000000, -16.94924240491763712 ) ) ;
#5868 = ORIENTED_EDGE ( 'NONE', *, *, #3898, .T. ) ;
#5869 = ORIENTED_EDGE ( 'NONE', *, *, #5670, .T. ) ;
#5870 = ORIENTED_EDGE ( 'NONE', *, *, #9261, .T. ) ;
#5871 = EDGE_CURVE ( 'NONE', #691, #11204, #1026, .T. ) ;
#5872 = DIRECTION ( 'NONE',  ( 1.000000000000000000, 0.000000000000000000, -6.446430439548137349E-17 ) ) ;
#5873 = CARTESIAN_POINT ( 'NONE',  ( 0.000000000000000000, 12.00000000000000000, 0.000000000000000000 ) ) ;
#5874 = FACE_OUTER_BOUND ( 'NONE', #2214, .T. ) ;
#5875 = DIRECTION ( 'NONE',  ( 0.000000000000000000, 0.000000000000000000, 1.000000000000000000 ) ) ;
#5876 = DIRECTION ( 'NONE',  ( 0.000000000000000000, 0.000000000000000000, 1.000000000000000000 ) ) ;
#5877 = EDGE_CURVE ( 'NONE', #4404, #4507, #9337, .T. ) ;
#5878 = CARTESIAN_POINT ( 'NONE',  ( -150.0000000000000000, -134.1640786499874025, 10.00000000000000000 ) ) ;
#5879 = DIRECTION ( 'NONE',  ( -0.000000000000000000, 1.000000000000000000, -0.000000000000000000 ) ) ;
#5880 = EDGE_LOOP ( 'NONE', ( #11250, #1148, #12027, #9031 ) ) ;
#5881 = LINE ( 'NONE', #11350, #5181 ) ;
#5882 = EDGE_LOOP ( 'NONE', ( #9893, #1753 ) ) ;
#5883 = DIRECTION ( 'NONE',  ( -1.000000000000000000, 0.000000000000000000, -0.000000000000000000 ) ) ;
#5884 = EDGE_CURVE ( 'NONE', #3896, #5748, #10412, .T. ) ;
#5885 = CARTESIAN_POINT ( 'NONE',  ( 11.31370849898482156, 2.399999999999999467, 12.96370849898469935 ) ) ;
#5886 = ORIENTED_EDGE ( 'NONE', *, *, #10217, .F. ) ;
#5887 = FACE_BOUND ( 'NONE', #3092, .T. ) ;
#5888 = CARTESIAN_POINT ( 'NONE',  ( 11.31370849898465991, 2.399999999999999467, -11.31370849898485886 ) ) ;
#5889 = EDGE_CURVE ( 'NONE', #9645, #7871, #7146, .T. ) ;
#5890 = DIRECTION ( 'NONE',  ( 0.000000000000000000, 0.000000000000000000, 1.000000000000000000 ) ) ;
#5891 = DIRECTION ( 'NONE',  ( -1.000000000000000000, -0.000000000000000000, 1.387778780781446464E-15 ) ) ;
#5892 = ORIENTED_EDGE ( 'NONE', *, *, #12036, .F. ) ;
#5893 = EDGE_CURVE ( 'NONE', #9775, #896, #8727, .T. ) ;
#5894 = DIRECTION ( 'NONE',  ( 0.000000000000000000, 1.000000000000000000, 0.000000000000000000 ) ) ;
#5895 = EDGE_CURVE ( 'NONE', #5656, #8476, #10319, .T. ) ;
#5896 = UNCERTAINTY_MEASURE_WITH_UNIT (LENGTH_MEASURE( 1.000000000000000082E-05 ), #3273, 'distance_accuracy_value', 'NONE');
#5897 = ORIENTED_EDGE ( 'NONE', *, *, #7267, .T. ) ;
#5898 = CARTESIAN_POINT ( 'NONE',  ( -75.00000000000001421, 20.00000000000000000, 30.00000000000000000 ) ) ;
#5899 = ORIENTED_EDGE ( 'NONE', *, *, #2181, .F. ) ;
#5900 = DIRECTION ( 'NONE',  ( 0.000000000000000000, 0.000000000000000000, 1.000000000000000000 ) ) ;
#5901 = CARTESIAN_POINT ( 'NONE',  ( 0.000000000000000000, 0.000000000000000000, 12.00000000000000000 ) ) ;
#5902 = DIRECTION ( 'NONE',  ( 0.000000000000000000, 1.000000000000000000, 0.000000000000000000 ) ) ;
#5903 = CARTESIAN_POINT ( 'NONE',  ( 75.00000000000000000, 0.000000000000000000, 10.00000000000000178 ) ) ;
#5904 = FACE_OUTER_BOUND ( 'NONE', #3542, .T. ) ;
#5905 = CARTESIAN_POINT ( 'NONE',  ( 5.449678256205721981E-15, 9.000000000000001776, -44.50000000000000711 ) ) ;
#5906 = FACE_OUTER_BOUND ( 'NONE', #6311, .T. ) ;
#5907 = ORIENTED_EDGE ( 'NONE', *, *, #6950, .T. ) ;
#5908 = DIRECTION ( 'NONE',  ( -0.000000000000000000, -1.000000000000000000, -0.000000000000000000 ) ) ;
#5909 = EDGE_LOOP ( 'NONE', ( #10168, #1816, #11494, #6698 ) ) ;
#5910 = EDGE_LOOP ( 'NONE', ( #268, #9703, #2308, #9360 ) ) ;
#5911 = SHAPE_DEFINITION_REPRESENTATION ( #10995, #10732 ) ;
#5912 = ORIENTED_EDGE ( 'NONE', *, *, #10291, .T. ) ;
#5913 = CARTESIAN_POINT ( 'NONE',  ( 0.000000000000000000, 20.00000000000000000, 0.000000000000000000 ) ) ;
#5914 = CIRCLE ( 'NONE', #12068, 2.000000000000000000 ) ;
#5915 = CARTESIAN_POINT ( 'NONE',  ( 0.000000000000000000, 42.99999999999998579, -50.00000000000000000 ) ) ;
#5916 = DIRECTION ( 'NONE',  ( 0.000000000000000000, 1.000000000000000000, 0.000000000000000000 ) ) ;
#5917 = VECTOR ( 'NONE', #2070, 1000.000000000000000 ) ;
#5918 = DIRECTION ( 'NONE',  ( -0.000000000000000000, 1.000000000000000000, -0.000000000000000000 ) ) ;
#5919 = ORIENTED_EDGE ( 'NONE', *, *, #553, .T. ) ;
#5920 = CYLINDRICAL_SURFACE ( 'NONE', #11939, 35.00000000000000000 ) ;
#5921 = ORIENTED_EDGE ( 'NONE', *, *, #5847, .T. ) ;
#5922 = ORIENTED_EDGE ( 'NONE', *, *, #3276, .F. ) ;
#5923 = AXIS2_PLACEMENT_3D ( 'NONE', #712, #8193, #3530 ) ;
#5924 = VECTOR ( 'NONE', #833, 1000.000000000000000 ) ;
#5925 = ORIENTED_EDGE ( 'NONE', *, *, #1985, .F. ) ;
#5926 = FACE_OUTER_BOUND ( 'NONE', #11026, .T. ) ;
#5927 = DIRECTION ( 'NONE',  ( 0.000000000000000000, -0.000000000000000000, 1.000000000000000000 ) ) ;
#5928 = DIRECTION ( 'NONE',  ( 5.550529771288670484E-15, -0.000000000000000000, 1.000000000000000000 ) ) ;
#5929 = CARTESIAN_POINT ( 'NONE',  ( -113.7500000000000853, 0.000000000000000000, -29.99999999999996803 ) ) ;
#5930 = VECTOR ( 'NONE', #4285, 1000.000000000000000 ) ;
#5931 = FACE_OUTER_BOUND ( 'NONE', #1130, .T. ) ;
#5932 = DIRECTION ( 'NONE',  ( 1.000000000000000000, 0.000000000000000000, -0.000000000000000000 ) ) ;
#5933 = VECTOR ( 'NONE', #2130, 1000.000000000000000 ) ;
#5934 = AXIS2_PLACEMENT_3D ( 'NONE', #4703, #9769, #2717 ) ;
#5935 = ADVANCED_FACE ( 'NONE', ( #939 ), #5579, .T. ) ;
#5936 = DIRECTION ( 'NONE',  ( 0.000000000000000000, 1.000000000000000000, 0.000000000000000000 ) ) ;
#5937 = ORIENTED_EDGE ( 'NONE', *, *, #7781, .F. ) ;
#5938 = CARTESIAN_POINT ( 'NONE',  ( 0.000000000000000000, 0.000000000000000000, -2.730196635283224094 ) ) ;
#5939 = LINE ( 'NONE', #4273, #1034 ) ;
#5940 = EDGE_LOOP ( 'NONE', ( #9371, #10104 ) ) ;
#5941 = CIRCLE ( 'NONE', #11890, 45.00000000000000711 ) ;
#5942 = DIRECTION ( 'NONE',  ( -0.000000000000000000, -1.000000000000000000, -0.000000000000000000 ) ) ;
#5943 = EDGE_CURVE ( 'NONE', #7921, #10138, #12213, .T. ) ;
#5944 = DIRECTION ( 'NONE',  ( 1.000000000000000000, 0.000000000000000000, 0.000000000000000000 ) ) ;
#5945 = CIRCLE ( 'NONE', #7138, 27.00000000000000000 ) ;
#5946 = VECTOR ( 'NONE', #6830, 1000.000000000000000 ) ;
#5947 = VERTEX_POINT ( 'NONE', #6858 ) ;
#5948 = VECTOR ( 'NONE', #1892, 1000.000000000000000 ) ;
#5949 = DIRECTION ( 'NONE',  ( 0.000000000000000000, 1.000000000000000000, 0.000000000000000000 ) ) ;
#5950 = CYLINDRICAL_SURFACE ( 'NONE', #1103, 1.999999999999998224 ) ;
#5951 = CIRCLE ( 'NONE', #3181, 17.00000000000000000 ) ;
#5952 = CIRCLE ( 'NONE', #11916, 30.00000000000000000 ) ;
#5953 = ORIENTED_EDGE ( 'NONE', *, *, #3305, .T. ) ;
#5954 = DIRECTION ( 'NONE',  ( 0.000000000000000000, 0.000000000000000000, 1.000000000000000000 ) ) ;
#5955 = AXIS2_PLACEMENT_3D ( 'NONE', #3207, #11450, #8792 ) ;
#5956 = AXIS2_PLACEMENT_3D ( 'NONE', #8201, #11989, #2551 ) ;
#5957 = ORIENTED_EDGE ( 'NONE', *, *, #9113, .F. ) ;
#5958 = DIRECTION ( 'NONE',  ( 1.000000000000000000, 0.000000000000000000, 0.000000000000000000 ) ) ;
#5959 = EDGE_CURVE ( 'NONE', #5984, #10684, #1220, .T. ) ;
#5960 = EDGE_LOOP ( 'NONE', ( #9718, #2878, #10569, #5036, #12227, #4517, #7542, #1289, #2693, #3367, #5300, #1672, #3694, #3820, #6506, #1183, #1268, #4805, #8850, #586, #409 ) ) ;
#5961 = LINE ( 'NONE', #3049, #5550 ) ;
#5962 = AXIS2_PLACEMENT_3D ( 'NONE', #9579, #7696, #1095 ) ;
#5963 = CIRCLE ( 'NONE', #9346, 50.00000000000000000 ) ;
#5964 = EDGE_LOOP ( 'NONE', ( #5571, #1522, #8333, #6970 ) ) ;
#5965 = CARTESIAN_POINT ( 'NONE',  ( -130.0000000000000000, 0.000000000000000000, -19.99999999999998579 ) ) ;
#5966 = CARTESIAN_POINT ( 'NONE',  ( -5.000000000000001776, 29.80000000000000426, 23.00000000000000000 ) ) ;
#5967 = VECTOR ( 'NONE', #9868, 1000.000000000000000 ) ;
#5968 = DIRECTION ( 'NONE',  ( 0.000000000000000000, 0.000000000000000000, 1.000000000000000000 ) ) ;
#5969 = EDGE_CURVE ( 'NONE', #10316, #4558, #6917, .T. ) ;
#5970 = CYLINDRICAL_SURFACE ( 'NONE', #80, 35.00000000000000000 ) ;
#5971 = EDGE_CURVE ( 'NONE', #5290, #11629, #7851, .T. ) ;
#5972 = DIRECTION ( 'NONE',  ( 0.000000000000000000, 1.000000000000000000, -0.000000000000000000 ) ) ;
#5973 = CARTESIAN_POINT ( 'NONE',  ( 0.3864906208434974455, 0.000000000000000000, 8.024999999999996803 ) ) ;
#5974 = VECTOR ( 'NONE', #3433, 1000.000000000000000 ) ;
#5975 = AXIS2_PLACEMENT_3D ( 'NONE', #8865, #4081, #7923 ) ;
#5976 = DIRECTION ( 'NONE',  ( 1.000000000000000000, 0.000000000000000000, 0.000000000000000000 ) ) ;
#5977 = CIRCLE ( 'NONE', #5776, 60.00000000000000000 ) ;
#5978 = EDGE_LOOP ( 'NONE', ( #4026, #10967 ) ) ;
#5979 = EDGE_CURVE ( 'NONE', #6313, #2225, #10129, .T. ) ;
#5980 = DIRECTION ( 'NONE',  ( 0.000000000000000000, 0.000000000000000000, 1.000000000000000000 ) ) ;
#5981 = ORIENTED_EDGE ( 'NONE', *, *, #8448, .T. ) ;
#5982 = ORIENTED_EDGE ( 'NONE', *, *, #5129, .T. ) ;
#5983 = APPLICATION_PROTOCOL_DEFINITION ( 'draft international standard', 'automotive_design', 1998, #1714 ) ;
#5984 = VERTEX_POINT ( 'NONE', #2154 ) ;
#5985 = PLANE ( 'NONE',  #10326 ) ;
#5986 = COLOUR_RGB ( '',0.7921568627450980005, 0.8196078431372548767, 0.9333333333333333481 ) ;
#5987 = CIRCLE ( 'NONE', #11738, 18.00000000000000355 ) ;
#5988 = AXIS2_PLACEMENT_3D ( 'NONE', #11046, #4336, #9059 ) ;
#5989 = CYLINDRICAL_SURFACE ( 'NONE', #5577, 6.299999999999999822 ) ;
#5990 = EDGE_CURVE ( 'NONE', #10034, #9408, #3937, .T. ) ;
#5991 = ADVANCED_FACE ( 'NONE', ( #1120 ), #6806, .F. ) ;
#5992 = CARTESIAN_POINT ( 'NONE',  ( 5.000000000000000888, 0.000000000000000000, 0.000000000000000000 ) ) ;
#5993 = CIRCLE ( 'NONE', #1453, 2.000000000000000000 ) ;
#5994 = CARTESIAN_POINT ( 'NONE',  ( -75.00000000000001421, 20.00000000000000000, -40.00000000000000000 ) ) ;
#5995 = ORIENTED_EDGE ( 'NONE', *, *, #7109, .T. ) ;
#5996 = CARTESIAN_POINT ( 'NONE',  ( -130.0000000000000000, 20.00000000000000000, -10.24999999999998579 ) ) ;
#5997 = ORIENTED_EDGE ( 'NONE', *, *, #6208, .T. ) ;
#5998 = ORIENTED_EDGE ( 'NONE', *, *, #4191, .F. ) ;
#5999 = ORIENTED_EDGE ( 'NONE', *, *, #4020, .F. ) ;
#6000 = CARTESIAN_POINT ( 'NONE',  ( 0.000000000000000000, 20.00000000000000000, 0.000000000000000000 ) ) ;
#6001 = CARTESIAN_POINT ( 'NONE',  ( 2.500000000000000000, 16.00000000000000000, 8.000000000000000000 ) ) ;
#6002 = CARTESIAN_POINT ( 'NONE',  ( -16.00000000000000000, 0.000000000000000000, 0.000000000000000000 ) ) ;
#6003 = CARTESIAN_POINT ( 'NONE',  ( -7.332110811570580046E-14, 29.80000000000000426, 23.50000000000000000 ) ) ;
#6004 = ADVANCED_FACE ( 'NONE', ( #1307 ), #7355, .T. ) ;
#6005 = LINE ( 'NONE', #7855, #2691 ) ;
#6006 = AXIS2_PLACEMENT_3D ( 'NONE', #6393, #2614, #5648 ) ;
#6007 = DIRECTION ( 'NONE',  ( -0.000000000000000000, -1.000000000000000000, -0.000000000000000000 ) ) ;
#6008 = CARTESIAN_POINT ( 'NONE',  ( 0.000000000000000000, 20.00000000000000000, 0.000000000000000000 ) ) ;
#6009 = ORIENTED_EDGE ( 'NONE', *, *, #9412, .T. ) ;
#6010 = FACE_OUTER_BOUND ( 'NONE', #2001, .T. ) ;
#6011 = FACE_OUTER_BOUND ( 'NONE', #4141, .T. ) ;
#6012 = ORIENTED_EDGE ( 'NONE', *, *, #2432, .T. ) ;
#6013 = LINE ( 'NONE', #9988, #810 ) ;
#6014 = CARTESIAN_POINT ( 'NONE',  ( -2.500000000000000000, 16.00000000000000000, 0.000000000000000000 ) ) ;
#6015 = VERTEX_POINT ( 'NONE', #3079 ) ;
#6016 = CARTESIAN_POINT ( 'NONE',  ( -130.0000000000000000, 0.000000000000000000, 20.00000000000002487 ) ) ;
#6017 = EDGE_CURVE ( 'NONE', #11881, #3585, #366, .T. ) ;
#6018 = FACE_OUTER_BOUND ( 'NONE', #6267, .T. ) ;
#6019 = PLANE ( 'NONE',  #10346 ) ;
#6020 = PRESENTATION_LAYER_ASSIGNMENT (  '', '', ( #2671 ) ) ;
#6021 = EDGE_LOOP ( 'NONE', ( #3485, #7945, #10191, #11685 ) ) ;
#6022 = CARTESIAN_POINT ( 'NONE',  ( 30.00000000000000000, 0.000000000000000000, 10.00000000000000000 ) ) ;
#6023 = ORIENTED_EDGE ( 'NONE', *, *, #6465, .T. ) ;
#6024 = DIRECTION ( 'NONE',  ( 0.000000000000000000, 0.000000000000000000, 1.000000000000000000 ) ) ;
#6025 = UNCERTAINTY_MEASURE_WITH_UNIT (LENGTH_MEASURE( 1.000000000000000082E-05 ), #3476, 'distance_accuracy_value', 'NONE');
#6026 = ORIENTED_EDGE ( 'NONE', *, *, #6910, .T. ) ;
#6027 = DIRECTION ( 'NONE',  ( -0.000000000000000000, -1.000000000000000000, -0.000000000000000000 ) ) ;
#6028 = ORIENTED_EDGE ( 'NONE', *, *, #10924, .F. ) ;
#6029 = LINE ( 'NONE', #11099, #8493 ) ;
#6030 = DIRECTION ( 'NONE',  ( 1.000000000000000000, 0.000000000000000000, -0.000000000000000000 ) ) ;
#6031 = LINE ( 'NONE', #10814, #458 ) ;
#6032 = CARTESIAN_POINT ( 'NONE',  ( 22.36067977499791581, 0.000000000000000000, -19.99999999999997868 ) ) ;
#6033 = EDGE_CURVE ( 'NONE', #11204, #691, #1431, .T. ) ;
#6034 = DIRECTION ( 'NONE',  ( 0.000000000000000000, 0.000000000000000000, -1.000000000000000000 ) ) ;
#6035 = ORIENTED_EDGE ( 'NONE', *, *, #3642, .F. ) ;
#6036 = LINE ( 'NONE', #7088, #6937 ) ;
#6037 = VERTEX_POINT ( 'NONE', #10705 ) ;
#6038 = AXIS2_PLACEMENT_3D ( 'NONE', #3886, #1308, #2044 ) ;
#6039 = CARTESIAN_POINT ( 'NONE',  ( 0.000000000000000000, 0.000000000000000000, 0.000000000000000000 ) ) ;
#6040 = EDGE_LOOP ( 'NONE', ( #3129, #3804, #2466, #219 ) ) ;
#6041 = AXIS2_PLACEMENT_3D ( 'NONE', #7488, #1869, #12217 ) ;
#6042 = ORIENTED_EDGE ( 'NONE', *, *, #12172, .T. ) ;
#6043 = APPLICATION_PROTOCOL_DEFINITION ( 'draft international standard', 'automotive_design', 1998, #8898 ) ;
#6044 = EDGE_CURVE ( 'NONE', #8558, #4681, #244, .T. ) ;
#6045 = ORIENTED_EDGE ( 'NONE', *, *, #10272, .F. ) ;
#6046 = CARTESIAN_POINT ( 'NONE',  ( 0.000000000000000000, 34.20000000000000284, 0.000000000000000000 ) ) ;
#6047 = LINE ( 'NONE', #1047, #218 ) ;
#6048 = PRODUCT_DEFINITION_SHAPE ( 'NONE', 'NONE',  #12266 ) ;
#6049 = CARTESIAN_POINT ( 'NONE',  ( 0.000000000000000000, 184.4213562373095385, 0.000000000000000000 ) ) ;
#6050 = EDGE_CURVE ( 'NONE', #3539, #11298, #11705, .T. ) ;
#6051 = FACE_OUTER_BOUND ( 'NONE', #6097, .T. ) ;
#6052 = CIRCLE ( 'NONE', #3680, 2.000000000000000000 ) ;
#6053 = VERTEX_POINT ( 'NONE', #4893 ) ;
#6054 = FACE_BOUND ( 'NONE', #6058, .T. ) ;
#6055 = ADVANCED_FACE ( 'NONE', ( #5926 ), #3885, .T. ) ;
#6056 = ORIENTED_EDGE ( 'NONE', *, *, #5090, .F. ) ;
#6057 = EDGE_CURVE ( 'NONE', #11942, #4193, #9542, .T. ) ;
#6058 = EDGE_LOOP ( 'NONE', ( #5108, #5060 ) ) ;
#6059 = FACE_BOUND ( 'NONE', #6458, .T. ) ;
#6060 = VERTEX_POINT ( 'NONE', #6994 ) ;
#6061 = DIRECTION ( 'NONE',  ( -0.000000000000000000, 1.000000000000000000, -0.000000000000000000 ) ) ;
#6062 = CIRCLE ( 'NONE', #5259, 20.00000000000000000 ) ;
#6063 = DIRECTION ( 'NONE',  ( -0.000000000000000000, 1.000000000000000000, 0.000000000000000000 ) ) ;
#6064 = DIRECTION ( 'NONE',  ( 0.000000000000000000, -0.000000000000000000, -1.000000000000000000 ) ) ;
#6065 = DIRECTION ( 'NONE',  ( -1.000000000000000000, -0.000000000000000000, 1.387778780781446464E-15 ) ) ;
#6066 = DIRECTION ( 'NONE',  ( 0.000000000000000000, -1.000000000000000000, 0.000000000000000000 ) ) ;
#6067 = DIRECTION ( 'NONE',  ( -0.000000000000000000, 0.000000000000000000, 1.000000000000000000 ) ) ;
#6068 = ORIENTED_EDGE ( 'NONE', *, *, #4277, .T. ) ;
#6069 = CARTESIAN_POINT ( 'NONE',  ( 0.000000000000000000, 28.88506671125515979, 0.000000000000000000 ) ) ;
#6070 = CARTESIAN_POINT ( 'NONE',  ( -88.89999999999999147, 10.00000000000000000, 9.999999999999980460 ) ) ;
#6071 = VERTEX_POINT ( 'NONE', #10780 ) ;
#6072 = FACE_BOUND ( 'NONE', #5779, .T. ) ;
#6073 = VECTOR ( 'NONE', #7796, 1000.000000000000114 ) ;
#6074 = FACE_OUTER_BOUND ( 'NONE', #1556, .T. ) ;
#6075 = ORIENTED_EDGE ( 'NONE', *, *, #4333, .F. ) ;
#6076 = CARTESIAN_POINT ( 'NONE',  ( 0.000000000000000000, -17.81909088590100154, 0.000000000000000000 ) ) ;
#6077 = CARTESIAN_POINT ( 'NONE',  ( -5.000000000000001776, 34.20000000000000284, 23.00000000000000000 ) ) ;
#6078 = CARTESIAN_POINT ( 'NONE',  ( 16.00000000000000000, -2.500000000000000000, -1.117274028429802674E-13 ) ) ;
#6079 = EDGE_LOOP ( 'NONE', ( #1875, #11321, #3636, #834 ) ) ;
#6080 = LINE ( 'NONE', #6881, #4557 ) ;
#6081 = VERTEX_POINT ( 'NONE', #1060 ) ;
#6082 = DIRECTION ( 'NONE',  ( 0.000000000000000000, 0.000000000000000000, 1.000000000000000000 ) ) ;
#6083 = ADVANCED_FACE ( 'NONE', ( #4835 ), #8603, .F. ) ;
#6084 = VERTEX_POINT ( 'NONE', #2100 ) ;
#6085 = DIRECTION ( 'NONE',  ( 0.000000000000000000, 1.000000000000000000, 0.000000000000000000 ) ) ;
#6086 = ORIENTED_EDGE ( 'NONE', *, *, #3370, .T. ) ;
#6087 = CARTESIAN_POINT ( 'NONE',  ( 0.000000000000000000, 20.00000000000000000, 17.00000000000000000 ) ) ;
#6088 = DIRECTION ( 'NONE',  ( -0.000000000000000000, -1.000000000000000000, -0.000000000000000000 ) ) ;
#6089 = CARTESIAN_POINT ( 'NONE',  ( 7.715274834628325378E-16, 0.000000000000000000, -6.299999999999999822 ) ) ;
#6090 = DIRECTION ( 'NONE',  ( -1.000000000000000000, 0.000000000000000000, 0.000000000000000000 ) ) ;
#6091 = ORIENTED_EDGE ( 'NONE', *, *, #7581, .F. ) ;
#6092 = CARTESIAN_POINT ( 'NONE',  ( 138.3273854894817134, 3.000000000000000000, -90.00026364683252211 ) ) ;
#6093 = ADVANCED_FACE ( 'NONE', ( #7725 ), #4944, .F. ) ;
#6094 = EDGE_CURVE ( 'NONE', #2177, #6542, #2211, .T. ) ;
#6095 = VERTEX_POINT ( 'NONE', #7985 ) ;
#6096 = DIRECTION ( 'NONE',  ( 1.000000000000000000, 0.000000000000000000, 0.000000000000000000 ) ) ;
#6097 = EDGE_LOOP ( 'NONE', ( #9341, #5020, #7602, #7103 ) ) ;
#6098 = ORIENTED_EDGE ( 'NONE', *, *, #847, .F. ) ;
#6099 = APPLICATION_PROTOCOL_DEFINITION ( 'draft international standard', 'automotive_design', 1998, #8034 ) ;
#6100 = ADVANCED_FACE ( 'NONE', ( #9098 ), #7297, .F. ) ;
#6101 = ORIENTED_EDGE ( 'NONE', *, *, #731, .T. ) ;
#6102 = CARTESIAN_POINT ( 'NONE',  ( 0.000000000000000000, 33.20000000000000284, 44.50000000000000711 ) ) ;
#6103 = CARTESIAN_POINT ( 'NONE',  ( 0.000000000000000000, 0.000000000000000000, 0.000000000000000000 ) ) ;
#6104 = CARTESIAN_POINT ( 'NONE',  ( -30.00000000000000000, 20.00000000000000000, 10.00000000000000000 ) ) ;
#6105 = DIRECTION ( 'NONE',  ( -0.000000000000000000, -1.000000000000000000, -0.000000000000000000 ) ) ;
#6106 = EDGE_CURVE ( 'NONE', #549, #7256, #5321, .T. ) ;
#6107 = ORIENTED_EDGE ( 'NONE', *, *, #4487, .F. ) ;
#6108 = FACE_BOUND ( 'NONE', #5252, .T. ) ;
#6109 = ORIENTED_EDGE ( 'NONE', *, *, #1317, .F. ) ;
#6110 = ORIENTED_EDGE ( 'NONE', *, *, #307, .T. ) ;
#6111 = LINE ( 'NONE', #10778, #1499 ) ;
#6112 = EDGE_CURVE ( 'NONE', #7334, #2539, #3272, .T. ) ;
#6113 = ORIENTED_EDGE ( 'NONE', *, *, #6507, .T. ) ;
#6114 = DIRECTION ( 'NONE',  ( 0.000000000000000000, 0.000000000000000000, 1.000000000000000000 ) ) ;
#6115 = CARTESIAN_POINT ( 'NONE',  ( 0.000000000000000000, 35.39999999999999858, -45.00000000000000711 ) ) ;
#6116 = DIRECTION ( 'NONE',  ( 0.000000000000000000, 1.000000000000000000, 0.000000000000000000 ) ) ;
#6117 = CARTESIAN_POINT ( 'NONE',  ( 0.000000000000000000, 9.000000000000001776, 44.50000000000000711 ) ) ;
#6118 = DIRECTION ( 'NONE',  ( 0.000000000000000000, 0.000000000000000000, -1.000000000000000000 ) ) ;
#6119 = LINE ( 'NONE', #8917, #10773 ) ;
#6120 = EDGE_CURVE ( 'NONE', #6445, #3118, #11886, .T. ) ;
#6121 = APPLICATION_CONTEXT ( 'automotive_design' ) ;
#6122 = DIRECTION ( 'NONE',  ( 0.000000000000000000, 0.000000000000000000, -1.000000000000000000 ) ) ;
#6123 = ORIENTED_EDGE ( 'NONE', *, *, #7148, .F. ) ;
#6124 = CARTESIAN_POINT ( 'NONE',  ( 0.000000000000000000, 29.80000000000000426, 0.000000000000000000 ) ) ;
#6125 = DIRECTION ( 'NONE',  ( 0.000000000000000000, 0.000000000000000000, 1.000000000000000000 ) ) ;
#6126 = EDGE_LOOP ( 'NONE', ( #221, #4667, #11553, #11198 ) ) ;
#6127 = PLANE ( 'NONE',  #3748 ) ;
#6128 = DIRECTION ( 'NONE',  ( 0.000000000000000000, -1.000000000000000000, 0.000000000000000000 ) ) ;
#6129 = VERTEX_POINT ( 'NONE', #5205 ) ;
#6130 = CARTESIAN_POINT ( 'NONE',  ( 16.00000000000000000, 7.066904755831209251, -1.117274028429802674E-13 ) ) ;
#6131 = DIRECTION ( 'NONE',  ( -0.000000000000000000, 1.000000000000000000, -0.000000000000000000 ) ) ;
#6132 = VECTOR ( 'NONE', #3083, 1000.000000000000227 ) ;
#6133 = CIRCLE ( 'NONE', #8122, 80.00000000000000000 ) ;
#6134 = CARTESIAN_POINT ( 'NONE',  ( -2.598076211353316900, 0.000000000000000000, -9.500000000000000000 ) ) ;
#6135 = EDGE_CURVE ( 'NONE', #11337, #6156, #42, .T. ) ;
#6136 = ORIENTED_EDGE ( 'NONE', *, *, #9439, .F. ) ;
#6137 = DIRECTION ( 'NONE',  ( 0.000000000000000000, -0.000000000000000000, -1.000000000000000000 ) ) ;
#6138 = VECTOR ( 'NONE', #3045, 1000.000000000000000 ) ;
#6139 = ORIENTED_EDGE ( 'NONE', *, *, #10696, .T. ) ;
#6140 = DIRECTION ( 'NONE',  ( 0.000000000000000000, 0.000000000000000000, 1.000000000000000000 ) ) ;
#6141 = CIRCLE ( 'NONE', #12093, 6.299999999999999822 ) ;
#6142 = AXIS2_PLACEMENT_3D ( 'NONE', #10909, #8289, #2420 ) ;
#6143 =( GEOMETRIC_REPRESENTATION_CONTEXT ( 3 ) GLOBAL_UNCERTAINTY_ASSIGNED_CONTEXT ( ( #7139 ) ) GLOBAL_UNIT_ASSIGNED_CONTEXT ( ( #1842, #4688, #1666 ) ) REPRESENTATION_CONTEXT ( 'NONE', 'WORKASPACE' ) );
#6144 = VERTEX_POINT ( 'NONE', #10088 ) ;
#6145 = DIRECTION ( 'NONE',  ( 0.000000000000000000, 0.000000000000000000, -1.000000000000000000 ) ) ;
#6146 = PRODUCT_DEFINITION_SHAPE ( 'NONE', 'NONE',  #12255 ) ;
#6147 = ORIENTED_EDGE ( 'NONE', *, *, #2423, .T. ) ;
#6148 = VECTOR ( 'NONE', #10421, 1000.000000000000114 ) ;
#6149 = CYLINDRICAL_SURFACE ( 'NONE', #4872, 45.00000000000000711 ) ;
#6150 = CARTESIAN_POINT ( 'NONE',  ( 5.449678256205721981E-15, 31.00000000000000000, -44.50000000000000711 ) ) ;
#6151 = EDGE_CURVE ( 'NONE', #10506, #8598, #11960, .T. ) ;
#6152 = AXIS2_PLACEMENT_3D ( 'NONE', #9202, #11057, #3610 ) ;
#6153 = AXIS2_PLACEMENT_3D ( 'NONE', #4728, #269, #8627 ) ;
#6154 = FACE_OUTER_BOUND ( 'NONE', #6253, .T. ) ;
#6155 = DIRECTION ( 'NONE',  ( -0.000000000000000000, 1.000000000000000000, -0.000000000000000000 ) ) ;
#6156 = VERTEX_POINT ( 'NONE', #4385 ) ;
#6157 = CARTESIAN_POINT ( 'NONE',  ( -133.7500000000000853, 20.00000000000000000, -110.0000000000000284 ) ) ;
#6158 = VECTOR ( 'NONE', #3697, 1000.000000000000000 ) ;
#6159 = ORIENTED_EDGE ( 'NONE', *, *, #7672, .T. ) ;
#6160 = COLOUR_RGB ( '',0.7921568627450980005, 0.8196078431372548767, 0.9333333333333333481 ) ;
#6161 = DIRECTION ( 'NONE',  ( -2.075183223598423177E-16, -0.000000000000000000, 1.000000000000000000 ) ) ;
#6162 = ORIENTED_EDGE ( 'NONE', *, *, #10976, .T. ) ;
#6163 = ORIENTED_EDGE ( 'NONE', *, *, #3769, .F. ) ;
#6164 = CIRCLE ( 'NONE', #4177, 0.5999999999999998668 ) ;
#6165 = APPLICATION_PROTOCOL_DEFINITION ( 'draft international standard', 'automotive_design', 1998, #12233 ) ;
#6166 = VERTEX_POINT ( 'NONE', #8173 ) ;
#6167 = FACE_OUTER_BOUND ( 'NONE', #7525, .T. ) ;
#6168 = DIRECTION ( 'NONE',  ( 0.000000000000000000, 0.000000000000000000, 1.000000000000000000 ) ) ;
#6169 = EDGE_CURVE ( 'NONE', #7307, #5132, #1365, .T. ) ;
#6170 = CIRCLE ( 'NONE', #1435, 2.100000000000002753 ) ;
#6171 = CARTESIAN_POINT ( 'NONE',  ( 16.86149459567567988, 34.20000000000000284, -6.299999999999994493 ) ) ;
#6172 = VECTOR ( 'NONE', #7933, 1000.000000000000000 ) ;
#6173 = PRESENTATION_STYLE_ASSIGNMENT (( #4444 ) ) ;
#6174 = AXIS2_PLACEMENT_3D ( 'NONE', #228, #7597, #2884 ) ;
#6175 = CIRCLE ( 'NONE', #3986, 30.00000000000000000 ) ;
#6176 = ORIENTED_EDGE ( 'NONE', *, *, #9813, .F. ) ;
#6177 = CARTESIAN_POINT ( 'NONE',  ( 0.07261451051828989034, -43.00000000000000000, -9.999736353167531178 ) ) ;
#6178 = ORIENTED_EDGE ( 'NONE', *, *, #1844, .T. ) ;
#6179 = EDGE_LOOP ( 'NONE', ( #690, #4198, #7979, #9648 ) ) ;
#6180 = STYLED_ITEM ( 'NONE', ( #841 ), #8466 ) ;
#6181 = CARTESIAN_POINT ( 'NONE',  ( -0.07261451051832458481, -39.99999999999999289, -380.0002636468324226 ) ) ;
#6182 = AXIS2_PLACEMENT_3D ( 'NONE', #930, #1854, #11258 ) ;
#6183 = AXIS2_PLACEMENT_3D ( 'NONE', #9723, #4839, #1976 ) ;
#6184 = ORIENTED_EDGE ( 'NONE', *, *, #3388, .F. ) ;
#6185 = DIRECTION ( 'NONE',  ( 1.000000000000000000, 0.000000000000000000, 0.000000000000000000 ) ) ;
#6186 = CIRCLE ( 'NONE', #9361, 2.099999999999999645 ) ;
#6187 = DIRECTION ( 'NONE',  ( 0.000000000000000000, 0.000000000000000000, -1.000000000000000000 ) ) ;
#6188 = DIRECTION ( 'NONE',  ( 0.000000000000000000, -1.000000000000000000, 0.000000000000000000 ) ) ;
#6189 = PLANE ( 'NONE',  #460 ) ;
#6190 = CARTESIAN_POINT ( 'NONE',  ( -0.07261451051828989034, 0.000000000000000000, 9.999736353167531178 ) ) ;
#6191 = CIRCLE ( 'NONE', #4810, 9.500000000000000000 ) ;
#6192 = VECTOR ( 'NONE', #1111, 1000.000000000000000 ) ;
#6193 = EDGE_CURVE ( 'NONE', #7580, #10062, #11030, .T. ) ;
#6194 = FACE_OUTER_BOUND ( 'NONE', #1946, .T. ) ;
#6195 = VERTEX_POINT ( 'NONE', #695 ) ;
#6196 = DIRECTION ( 'NONE',  ( 0.000000000000000000, 0.000000000000000000, 1.000000000000000000 ) ) ;
#6197 = DIRECTION ( 'NONE',  ( 0.000000000000000000, 0.000000000000000000, 1.000000000000000000 ) ) ;
#6198 = ORIENTED_EDGE ( 'NONE', *, *, #1779, .F. ) ;
#6199 = LINE ( 'NONE', #1376, #7130 ) ;
#6200 = DIRECTION ( 'NONE',  ( 0.000000000000000000, 1.000000000000000000, -0.000000000000000000 ) ) ;
#6201 = CIRCLE ( 'NONE', #4428, 45.00000000000000711 ) ;
#6202 = EDGE_CURVE ( 'NONE', #1774, #4631, #4595, .T. ) ;
#6203 = EDGE_LOOP ( 'NONE', ( #4260, #8816, #3761, #11627 ) ) ;
#6204 = DIRECTION ( 'NONE',  ( 0.000000000000000000, 0.000000000000000000, -1.000000000000000000 ) ) ;
#6205 = PRODUCT_DEFINITION ( 'UNKNOWN', '', #3374, #9027 ) ;
#6206 = CARTESIAN_POINT ( 'NONE',  ( 0.000000000000000000, 29.80000000000000426, 0.000000000000000000 ) ) ;
#6207 = FACE_OUTER_BOUND ( 'NONE', #489, .T. ) ;
#6208 = EDGE_CURVE ( 'NONE', #11396, #7425, #9543, .T. ) ;
#6209 = ORIENTED_EDGE ( 'NONE', *, *, #12064, .T. ) ;
#6210 = CYLINDRICAL_SURFACE ( 'NONE', #2390, 45.00000000000000711 ) ;
#6211 = AXIS2_PLACEMENT_3D ( 'NONE', #5141, #9851, #10787 ) ;
#6212 = ORIENTED_EDGE ( 'NONE', *, *, #5520, .F. ) ;
#6213 = FACE_BOUND ( 'NONE', #10021, .T. ) ;
#6214 = EDGE_CURVE ( 'NONE', #5576, #7091, #8912, .T. ) ;
#6215 = ORIENTED_EDGE ( 'NONE', *, *, #8547, .T. ) ;
#6216 = EDGE_CURVE ( 'NONE', #1290, #7017, #432, .T. ) ;
#6217 = DIRECTION ( 'NONE',  ( 0.000000000000000000, 0.000000000000000000, 1.000000000000000000 ) ) ;
#6218 = ORIENTED_EDGE ( 'NONE', *, *, #1066, .T. ) ;
#6219 = CARTESIAN_POINT ( 'NONE',  ( 25.00000000000000000, 29.80000000000000426, -4.999999999999996447 ) ) ;
#6220 = AXIS2_PLACEMENT_3D ( 'NONE', #5567, #11330, #2829 ) ;
#6221 = CYLINDRICAL_SURFACE ( 'NONE', #9354, 75.00000000000001421 ) ;
#6222 = FACE_OUTER_BOUND ( 'NONE', #3412, .T. ) ;
#6223 = ORIENTED_EDGE ( 'NONE', *, *, #7503, .T. ) ;
#6224 = CARTESIAN_POINT ( 'NONE',  ( -14.84924240491757885, 0.000000000000000000, 12.74924240491742289 ) ) ;
#6225 =( GEOMETRIC_REPRESENTATION_CONTEXT ( 3 ) GLOBAL_UNCERTAINTY_ASSIGNED_CONTEXT ( ( #6523 ) ) GLOBAL_UNIT_ASSIGNED_CONTEXT ( ( #6895, #8770, #281 ) ) REPRESENTATION_CONTEXT ( 'NONE', 'WORKASPACE' ) );
#6226 = ORIENTED_EDGE ( 'NONE', *, *, #10154, .T. ) ;
#6227 = CARTESIAN_POINT ( 'NONE',  ( 14.84924240491768188, 20.00000000000000000, -14.84924240491732128 ) ) ;
#6228 = EDGE_CURVE ( 'NONE', #4271, #11857, #8749, .T. ) ;
#6229 = ORIENTED_EDGE ( 'NONE', *, *, #7173, .T. ) ;
#6230 = ORIENTED_EDGE ( 'NONE', *, *, #6120, .T. ) ;
#6231 = PRODUCT ( 'BigBallBearing', 'BigBallBearing', '', ( #548 ) ) ;
#6232 = CONTEXT_DEPENDENT_SHAPE_REPRESENTATION ( #2336, #316 ) ;
#6233 = VERTEX_POINT ( 'NONE', #10970 ) ;
#6234 = CARTESIAN_POINT ( 'NONE',  ( -14.84924240491757885, 0.000000000000000000, 14.84924240491742076 ) ) ;
#6235 = DIRECTION ( 'NONE',  ( 0.000000000000000000, 0.000000000000000000, 1.000000000000000000 ) ) ;
#6236 = CARTESIAN_POINT ( 'NONE',  ( -20.63749999999999929, 0.000000000000000000, -9.500000000000000000 ) ) ;
#6237 = VECTOR ( 'NONE', #11028, 1000.000000000000000 ) ;
#6238 = CIRCLE ( 'NONE', #3265, 0.5999999999999998668 ) ;
#6239 = ORIENTED_EDGE ( 'NONE', *, *, #3891, .F. ) ;
#6240 = DIRECTION ( 'NONE',  ( -0.000000000000000000, 0.000000000000000000, 1.000000000000000000 ) ) ;
#6241 = EDGE_CURVE ( 'NONE', #9583, #5343, #1441, .T. ) ;
#6242 = ORIENTED_EDGE ( 'NONE', *, *, #3701, .F. ) ;
#6243 = VERTEX_POINT ( 'NONE', #505 ) ;
#6244 = FACE_BOUND ( 'NONE', #4290, .T. ) ;
#6245 = ORIENTED_EDGE ( 'NONE', *, *, #6135, .T. ) ;
#6246 = DIRECTION ( 'NONE',  ( 1.000000000000000000, 0.000000000000000000, 0.000000000000000000 ) ) ;
#6247 = CARTESIAN_POINT ( 'NONE',  ( 0.000000000000000000, 26.60000000000000142, 0.000000000000000000 ) ) ;
#6248 = DIRECTION ( 'NONE',  ( -0.000000000000000000, -0.000000000000000000, -1.000000000000000000 ) ) ;
#6249 = AXIS2_PLACEMENT_3D ( 'NONE', #11982, #8300, #5226 ) ;
#6250 = LINE ( 'NONE', #10040, #1251 ) ;
#6251 = DIRECTION ( 'NONE',  ( -0.000000000000000000, -1.000000000000000000, -0.000000000000000000 ) ) ;
#6252 = DIRECTION ( 'NONE',  ( -6.938893903907233308E-16, 0.000000000000000000, 1.000000000000000000 ) ) ;
#6253 = EDGE_LOOP ( 'NONE', ( #6831, #2153, #7337, #5937 ) ) ;
#6254 = DIRECTION ( 'NONE',  ( -0.000000000000000000, -0.000000000000000000, -1.000000000000000000 ) ) ;
#6255 = EDGE_CURVE ( 'NONE', #2425, #7452, #10140, .T. ) ;
#6256 = DIRECTION ( 'NONE',  ( -4.625929269271489858E-16, -0.000000000000000000, 1.000000000000000000 ) ) ;
#6257 = CIRCLE ( 'NONE', #1901, 0.6000000000000007550 ) ;
#6258 = VERTEX_POINT ( 'NONE', #1549 ) ;
#6259 = CARTESIAN_POINT ( 'NONE',  ( 0.000000000000000000, 33.20000000000000284, 0.000000000000000000 ) ) ;
#6260 = EDGE_CURVE ( 'NONE', #4629, #7468, #6373, .T. ) ;
#6261 = ORIENTED_EDGE ( 'NONE', *, *, #10477, .T. ) ;
#6262 = CARTESIAN_POINT ( 'NONE',  ( 0.000000000000000000, 26.59999999999999787, 0.000000000000000000 ) ) ;
#6263 = DIRECTION ( 'NONE',  ( 0.000000000000000000, 0.000000000000000000, 1.000000000000000000 ) ) ;
#6264 = CARTESIAN_POINT ( 'NONE',  ( -14.84924240491757885, -5.939696961967007027, 12.74924240491742289 ) ) ;
#6265 = CARTESIAN_POINT ( 'NONE',  ( -30.00000000000000000, -63.24555320336758513, 10.00000000000000000 ) ) ;
#6266 = DIRECTION ( 'NONE',  ( -0.000000000000000000, 1.000000000000000000, -0.000000000000000000 ) ) ;
#6267 = EDGE_LOOP ( 'NONE', ( #9064, #2621, #8906, #11534, #9685, #8344, #9843, #9933, #7397, #2617, #5075, #11495, #8204, #937, #3922, #1690, #2941, #4134, #5042, #8734, #3468 ) ) ;
#6268 = DIRECTION ( 'NONE',  ( 8.659560562354914369E-17, 0.7071067811865489050, -0.7071067811865462405 ) ) ;
#6269 = ORIENTED_EDGE ( 'NONE', *, *, #11013, .T. ) ;
#6270 = ADVANCED_FACE ( 'NONE', ( #625 ), #10896, .T. ) ;
#6271 = CARTESIAN_POINT ( 'NONE',  ( -130.0000000000000000, 20.00000000000000000, -30.00000000000000000 ) ) ;
#6272 = EDGE_CURVE ( 'NONE', #2802, #1919, #11155, .T. ) ;
#6273 = UNCERTAINTY_MEASURE_WITH_UNIT (LENGTH_MEASURE( 1.000000000000000082E-05 ), #6602, 'distance_accuracy_value', 'NONE');
#6274 = ORIENTED_EDGE ( 'NONE', *, *, #11431, .F. ) ;
#6275 = CARTESIAN_POINT ( 'NONE',  ( -22.36067977499791581, 20.00000000000000000, -19.99999999999997868 ) ) ;
#6276 = EDGE_CURVE ( 'NONE', #6037, #8283, #49, .T. ) ;
#6277 = EDGE_LOOP ( 'NONE', ( #3993, #5624, #5147, #7703 ) ) ;
#6278 = DIRECTION ( 'NONE',  ( -2.745056929018243809E-16, 0.000000000000000000, -1.000000000000000000 ) ) ;
#6279 = FACE_BOUND ( 'NONE', #10277, .T. ) ;
#6280 = ADVANCED_FACE ( 'NONE', ( #11081 ), #8465, .T. ) ;
#6281 = EDGE_CURVE ( 'NONE', #5382, #6880, #10219, .T. ) ;
#6282 = DIRECTION ( 'NONE',  ( -0.000000000000000000, 1.000000000000000000, -0.000000000000000000 ) ) ;
#6283 = ORIENTED_EDGE ( 'NONE', *, *, #11346, .T. ) ;
#6284 = DIRECTION ( 'NONE',  ( 0.000000000000000000, 0.000000000000000000, -1.000000000000000000 ) ) ;
#6285 = ORIENTED_EDGE ( 'NONE', *, *, #3019, .T. ) ;
#6286 = DIRECTION ( 'NONE',  ( -0.000000000000000000, 1.000000000000000000, -0.000000000000000000 ) ) ;
#6287 = EDGE_LOOP ( 'NONE', ( #10352, #8092 ) ) ;
#6288 = VERTEX_POINT ( 'NONE', #6366 ) ;
#6289 = ORIENTED_EDGE ( 'NONE', *, *, #3847, .F. ) ;
#6290 = FACE_OUTER_BOUND ( 'NONE', #9195, .T. ) ;
#6291 = DIRECTION ( 'NONE',  ( 0.000000000000000000, 0.000000000000000000, 1.000000000000000000 ) ) ;
#6292 = FACE_OUTER_BOUND ( 'NONE', #4796, .T. ) ;
#6293 =( NAMED_UNIT ( * ) SI_UNIT ( $, .STERADIAN. ) SOLID_ANGLE_UNIT ( ) );
#6294 = ADVANCED_FACE ( 'NONE', ( #3695, #1908 ), #3745, .T. ) ;
#6295 = VERTEX_POINT ( 'NONE', #9344 ) ;
#6296 = DIRECTION ( 'NONE',  ( -0.000000000000000000, 1.000000000000000000, -0.000000000000000000 ) ) ;
#6297 = EDGE_LOOP ( 'NONE', ( #8762, #3726, #5318, #8245 ) ) ;
#6298 = ORIENTED_EDGE ( 'NONE', *, *, #3652, .T. ) ;
#6299 = PLANE ( 'NONE',  #5058 ) ;
#6300 = ORIENTED_EDGE ( 'NONE', *, *, #82, .T. ) ;
#6301 = DIRECTION ( 'NONE',  ( -0.000000000000000000, 1.000000000000000000, -0.000000000000000000 ) ) ;
#6302 = DIRECTION ( 'NONE',  ( 1.000000000000000000, 0.000000000000000000, 0.000000000000000000 ) ) ;
#6303 = FACE_OUTER_BOUND ( 'NONE', #2110, .T. ) ;
#6304 = CARTESIAN_POINT ( 'NONE',  ( 5.586370142149013368E-14, -2.500000000000000000, 16.00000000000000000 ) ) ;
#6305 = ADVANCED_FACE ( 'NONE', ( #11206 ), #11324, .T. ) ;
#6306 = DIRECTION ( 'NONE',  ( -0.000000000000000000, 1.000000000000000000, -0.000000000000000000 ) ) ;
#6307 = DIRECTION ( 'NONE',  ( 0.000000000000000000, 0.000000000000000000, -1.000000000000000000 ) ) ;
#6308 = ORIENTED_EDGE ( 'NONE', *, *, #4792, .T. ) ;
#6309 = CYLINDRICAL_SURFACE ( 'NONE', #4414, 2.099999999999997868 ) ;
#6310 = DIRECTION ( 'NONE',  ( -0.007261451051829231375, 0.000000000000000000, -0.9999736353167626435 ) ) ;
#6311 = EDGE_LOOP ( 'NONE', ( #203, #4463, #1384, #6758, #561, #317, #8078, #10267 ) ) ;
#6312 = DIRECTION ( 'NONE',  ( 1.000000000000000000, 0.000000000000000000, -0.000000000000000000 ) ) ;
#6313 = VERTEX_POINT ( 'NONE', #2712 ) ;
#6314 = DIRECTION ( 'NONE',  ( 0.000000000000000000, 1.000000000000000000, -0.000000000000000000 ) ) ;
#6315 = CARTESIAN_POINT ( 'NONE',  ( 218.3273854894824808, -39.99999999999999289, -95.00026364683250790 ) ) ;
#6316 = CARTESIAN_POINT ( 'NONE',  ( 6.123233995736766282E-16, 12.00000000000000000, 5.000000000000000000 ) ) ;
#6317 = DIRECTION ( 'NONE',  ( -0.000000000000000000, -1.000000000000000000, -0.000000000000000000 ) ) ;
#6318 = EDGE_CURVE ( 'NONE', #7192, #12192, #2015, .T. ) ;
#6319 = DIRECTION ( 'NONE',  ( 0.000000000000000000, 0.000000000000000000, -1.000000000000000000 ) ) ;
#6320 = CIRCLE ( 'NONE', #988, 1.649999999999998801 ) ;
#6321 = VERTEX_POINT ( 'NONE', #2826 ) ;
#6322 = ADVANCED_BREP_SHAPE_REPRESENTATION ( '', ( #362, #10290 ), #8313 ) ;
#6323 = DIRECTION ( 'NONE',  ( 1.000000000000000000, 0.000000000000000000, 0.000000000000000000 ) ) ;
#6324 = ORIENTED_EDGE ( 'NONE', *, *, #10131, .F. ) ;
#6325 = EDGE_CURVE ( 'NONE', #1473, #2977, #926, .T. ) ;
#6326 = LINE ( 'NONE', #4599, #8942 ) ;
#6327 = VERTEX_POINT ( 'NONE', #4747 ) ;
#6328 = DIRECTION ( 'NONE',  ( 1.000000000000000000, 0.000000000000000000, 6.446430439548137349E-17 ) ) ;
#6329 = VECTOR ( 'NONE', #11834, 1000.000000000000000 ) ;
#6330 = CIRCLE ( 'NONE', #12081, 2.099999999999999645 ) ;
#6331 = VERTEX_POINT ( 'NONE', #8408 ) ;
#6332 = LINE ( 'NONE', #6219, #11220 ) ;
#6333 = AXIS2_PLACEMENT_3D ( 'NONE', #2742, #6282, #10066 ) ;
#6334 = DIRECTION ( 'NONE',  ( 0.000000000000000000, 0.000000000000000000, -1.000000000000000000 ) ) ;
#6335 = VECTOR ( 'NONE', #4230, 1000.000000000000000 ) ;
#6336 = AXIS2_PLACEMENT_3D ( 'NONE', #10788, #2298, #9854 ) ;
#6337 = ORIENTED_EDGE ( 'NONE', *, *, #9644, .F. ) ;
#6338 = AXIS2_PLACEMENT_3D ( 'NONE', #7651, #10263, #4744 ) ;
#6339 = EDGE_CURVE ( 'NONE', #361, #8210, #2997, .T. ) ;
#6340 = CARTESIAN_POINT ( 'NONE',  ( -7.332110811570580046E-14, 34.20000000000000284, 21.00000000000000000 ) ) ;
#6341 = ORIENTED_EDGE ( 'NONE', *, *, #2791, .F. ) ;
#6342 = ORIENTED_EDGE ( 'NONE', *, *, #9097, .T. ) ;
#6343 = ORIENTED_EDGE ( 'NONE', *, *, #9234, .F. ) ;
#6344 = CIRCLE ( 'NONE', #5752, 75.00000000000001421 ) ;
#6345 = ORIENTED_EDGE ( 'NONE', *, *, #8471, .T. ) ;
#6346 = DIRECTION ( 'NONE',  ( 0.000000000000000000, 0.000000000000000000, 1.000000000000000000 ) ) ;
#6347 =( NAMED_UNIT ( * ) SI_UNIT ( $, .STERADIAN. ) SOLID_ANGLE_UNIT ( ) );
#6348 = VECTOR ( 'NONE', #10247, 1000.000000000000000 ) ;
#6349 = AXIS2_PLACEMENT_3D ( 'NONE', #3248, #11812, #8888 ) ;
#6350 = EDGE_CURVE ( 'NONE', #64, #9559, #11256, .T. ) ;
#6351 = LINE ( 'NONE', #7587, #7165 ) ;
#6352 = DIRECTION ( 'NONE',  ( 1.000000000000000000, 0.000000000000000000, 0.000000000000000000 ) ) ;
#6353 = CARTESIAN_POINT ( 'NONE',  ( 21.00000000000000000, -5.939696961967007027, 2.100000000000000533 ) ) ;
#6354 = VECTOR ( 'NONE', #5509, 1000.000000000000000 ) ;
#6355 = AXIS2_PLACEMENT_3D ( 'NONE', #11460, #1986, #5702 ) ;
#6356 = EDGE_CURVE ( 'NONE', #10139, #10889, #3606, .T. ) ;
#6357 = AXIS2_PLACEMENT_3D ( 'NONE', #3764, #2673, #11398 ) ;
#6358 = AXIS2_PLACEMENT_3D ( 'NONE', #9068, #5043, #10806 ) ;
#6359 = EDGE_LOOP ( 'NONE', ( #11861, #8791 ) ) ;
#6360 = DIRECTION ( 'NONE',  ( -0.000000000000000000, -1.000000000000000000, -0.000000000000000000 ) ) ;
#6361 = ORIENTED_EDGE ( 'NONE', *, *, #3735, .T. ) ;
#6362 = ORIENTED_EDGE ( 'NONE', *, *, #9085, .T. ) ;
#6363 = DIRECTION ( 'NONE',  ( 0.000000000000000000, 1.000000000000000000, 0.000000000000000000 ) ) ;
#6364 = ORIENTED_EDGE ( 'NONE', *, *, #9086, .T. ) ;
#6365 = EDGE_CURVE ( 'NONE', #8283, #7048, #2221, .T. ) ;
#6366 = CARTESIAN_POINT ( 'NONE',  ( 218.3273854894824524, -39.99999999999999289, -280.0007909404973248 ) ) ;
#6367 = EDGE_CURVE ( 'NONE', #10524, #9537, #9944, .T. ) ;
#6368 = VECTOR ( 'NONE', #1591, 1000.000000000000000 ) ;
#6369 = AXIS2_PLACEMENT_3D ( 'NONE', #8737, #5146, #8804 ) ;
#6370 = DIRECTION ( 'NONE',  ( -1.000000000000000000, 0.000000000000000000, -1.445602896647340100E-15 ) ) ;
#6371 = DIRECTION ( 'NONE',  ( -0.000000000000000000, -1.000000000000000000, -0.000000000000000000 ) ) ;
#6372 = CYLINDRICAL_SURFACE ( 'NONE', #9552, 60.00000000000000000 ) ;
#6373 = CIRCLE ( 'NONE', #5191, 44.50000000000000711 ) ;
#6374 = CARTESIAN_POINT ( 'NONE',  ( -14.84924240491757885, -5.939696961967007027, 14.84924240491742076 ) ) ;
#6375 = ADVANCED_FACE ( 'NONE', ( #9281 ), #802, .T. ) ;
#6376 = DIRECTION ( 'NONE',  ( -0.000000000000000000, -1.000000000000000000, -0.000000000000000000 ) ) ;
#6377 = AXIS2_PLACEMENT_3D ( 'NONE', #1762, #2631, #3544 ) ;
#6378 = EDGE_LOOP ( 'NONE', ( #11900, #5284, #1600, #6285 ) ) ;
#6379 = AXIS2_PLACEMENT_3D ( 'NONE', #7910, #6809, #2156 ) ;
#6380 = DIRECTION ( 'NONE',  ( 2.037426901315041899E-16, 0.000000000000000000, -1.000000000000000000 ) ) ;
#6381 = CARTESIAN_POINT ( 'NONE',  ( -1.675911042644704011E-13, -2.500000000000000000, -15.99999999999999645 ) ) ;
#6382 = ORIENTED_EDGE ( 'NONE', *, *, #3471, .F. ) ;
#6383 = CIRCLE ( 'NONE', #5786, 27.24999999999998224 ) ;
#6384 =( NAMED_UNIT ( * ) SI_UNIT ( $, .STERADIAN. ) SOLID_ANGLE_UNIT ( ) );
#6385 = ADVANCED_FACE ( 'NONE', ( #6484 ), #10270, .T. ) ;
#6386 = CYLINDRICAL_SURFACE ( 'NONE', #2788, 2.000000000000000000 ) ;
#6387 = CARTESIAN_POINT ( 'NONE',  ( -0.07261451051828989034, 0.000000000000000000, 9.999736353167531178 ) ) ;
#6388 = CARTESIAN_POINT ( 'NONE',  ( 5.510910596163090344E-15, 15.59999999999999964, 45.00000000000000711 ) ) ;
#6389 = CARTESIAN_POINT ( 'NONE',  ( 0.000000000000000000, 0.000000000000000000, -30.00000000000000000 ) ) ;
#6390 = DIRECTION ( 'NONE',  ( 1.000000000000000000, 0.000000000000000000, -6.938893903907228378E-16 ) ) ;
#6391 = CIRCLE ( 'NONE', #8169, 2.099999999999997868 ) ;
#6392 = DIRECTION ( 'NONE',  ( 0.000000000000000000, 0.000000000000000000, 1.000000000000000000 ) ) ;
#6393 = CARTESIAN_POINT ( 'NONE',  ( 16.00000000000000000, 2.399999999999999467, -1.117274028429802674E-13 ) ) ;
#6394 = AXIS2_PLACEMENT_3D ( 'NONE', #10570, #11493, #10624 ) ;
#6395 = MECHANICAL_DESIGN_GEOMETRIC_PRESENTATION_REPRESENTATION (  '', ( #8568 ), #5197 ) ;
#6396 = ORIENTED_EDGE ( 'NONE', *, *, #307, .F. ) ;
#6397 = CARTESIAN_POINT ( 'NONE',  ( -20.63749999999999574, 1.959434878635765131E-15, 16.00000000000000000 ) ) ;
#6398 = EDGE_LOOP ( 'NONE', ( #10153, #241, #3660, #271 ) ) ;
#6399 = CYLINDRICAL_SURFACE ( 'NONE', #3593, 8.000000000000000000 ) ;
#6400 = AXIS2_PLACEMENT_3D ( 'NONE', #3687, #38, #2751 ) ;
#6401 = EDGE_CURVE ( 'NONE', #304, #2324, #3123, .T. ) ;
#6402 = ORIENTED_EDGE ( 'NONE', *, *, #4545, .F. ) ;
#6403 = DIRECTION ( 'NONE',  ( -0.000000000000000000, 1.000000000000000000, -0.000000000000000000 ) ) ;
#6404 = VERTEX_POINT ( 'NONE', #9777 ) ;
#6405 = CARTESIAN_POINT ( 'NONE',  ( 5.510910596163090344E-15, 35.39999999999999858, 45.00000000000000711 ) ) ;
#6406 = SURFACE_SIDE_STYLE ('',( #3672 ) ) ;
#6407 = VECTOR ( 'NONE', #10990, 1000.000000000000000 ) ;
#6408 = DIRECTION ( 'NONE',  ( 1.000000000000000000, 0.000000000000000000, 0.000000000000000000 ) ) ;
#6409 = ORIENTED_EDGE ( 'NONE', *, *, #5193, .F. ) ;
#6410 = CARTESIAN_POINT ( 'NONE',  ( 0.07261451051828989034, -43.00000000000000000, -9.999736353167531178 ) ) ;
#6411 = EDGE_LOOP ( 'NONE', ( #1585, #90, #3288, #7089 ) ) ;
#6412 = ORIENTED_EDGE ( 'NONE', *, *, #9372, .T. ) ;
#6413 = VERTEX_POINT ( 'NONE', #11501 ) ;
#6414 = VECTOR ( 'NONE', #8990, 1000.000000000000000 ) ;
#6415 = ORIENTED_EDGE ( 'NONE', *, *, #2766, .F. ) ;
#6416 = FACE_OUTER_BOUND ( 'NONE', #6203, .T. ) ;
#6417 = CARTESIAN_POINT ( 'NONE',  ( -150.0000000000000000, 0.000000000000000000, 10.00000000000000000 ) ) ;
#6418 = EDGE_CURVE ( 'NONE', #1423, #7466, #11521, .T. ) ;
#6419 = DIRECTION ( 'NONE',  ( 0.000000000000000000, 0.000000000000000000, 1.000000000000000000 ) ) ;
#6420 = DIRECTION ( 'NONE',  ( 0.000000000000000000, 0.7071067811865453523, 0.7071067811865497932 ) ) ;
#6421 = DIRECTION ( 'NONE',  ( -1.000000000000000000, 0.000000000000000000, 0.000000000000000000 ) ) ;
#6422 =( LENGTH_UNIT ( ) NAMED_UNIT ( * ) SI_UNIT ( .MILLI., .METRE. ) );
#6423 = AXIS2_PLACEMENT_3D ( 'NONE', #10833, #496, #11824 ) ;
#6424 = ORIENTED_EDGE ( 'NONE', *, *, #8188, .T. ) ;
#6425 = ADVANCED_FACE ( 'NONE', ( #1294 ), #354, .F. ) ;
#6426 = LINE ( 'NONE', #11076, #8363 ) ;
#6427 = ORIENTED_EDGE ( 'NONE', *, *, #11418, .F. ) ;
#6428 = ORIENTED_EDGE ( 'NONE', *, *, #4837, .T. ) ;
#6429 = DIRECTION ( 'NONE',  ( -0.000000000000000000, -1.000000000000000000, -0.000000000000000000 ) ) ;
#6430 = EDGE_LOOP ( 'NONE', ( #9954, #6493, #11471, #12045 ) ) ;
#6431 = DIRECTION ( 'NONE',  ( 0.000000000000000000, 0.000000000000000000, 1.000000000000000000 ) ) ;
#6432 = AXIS2_PLACEMENT_3D ( 'NONE', #6601, #2650, #6421 ) ;
#6433 = EDGE_CURVE ( 'NONE', #10284, #10839, #9349, .T. ) ;
#6434 = DIRECTION ( 'NONE',  ( -0.000000000000000000, -1.000000000000000000, -0.000000000000000000 ) ) ;
#6435 = CARTESIAN_POINT ( 'NONE',  ( -0.07261451051828989034, -43.00000000000000000, 9.999736353167531178 ) ) ;
#6436 = DIRECTION ( 'NONE',  ( -0.000000000000000000, 1.000000000000000000, -0.000000000000000000 ) ) ;
#6437 = CARTESIAN_POINT ( 'NONE',  ( -0.07261451051832458481, -43.00000000000000000, -380.0002636468324226 ) ) ;
#6438 = CIRCLE ( 'NONE', #8018, 8.000000000000000000 ) ;
#6439 = EDGE_CURVE ( 'NONE', #7220, #10616, #1832, .T. ) ;
#6440 = ADVANCED_FACE ( 'NONE', ( #3994, #5067 ), #5985, .T. ) ;
#6441 = FACE_BOUND ( 'NONE', #8126, .T. ) ;
#6442 = VERTEX_POINT ( 'NONE', #10687 ) ;
#6443 = DIRECTION ( 'NONE',  ( 0.000000000000000000, 0.000000000000000000, -1.000000000000000000 ) ) ;
#6444 = DIRECTION ( 'NONE',  ( 1.000000000000000000, 0.000000000000000000, -0.000000000000000000 ) ) ;
#6445 = VERTEX_POINT ( 'NONE', #6673 ) ;
#6446 = DIRECTION ( 'NONE',  ( 1.000000000000000000, -0.000000000000000000, -0.000000000000000000 ) ) ;
#6447 = CIRCLE ( 'NONE', #9221, 1.649999999999998579 ) ;
#6448 = DIRECTION ( 'NONE',  ( -0.000000000000000000, 1.000000000000000000, -0.000000000000000000 ) ) ;
#6449 = CYLINDRICAL_SURFACE ( 'NONE', #10349, 1.999999999999998224 ) ;
#6450 = LINE ( 'NONE', #12216, #11088 ) ;
#6451 = FACE_OUTER_BOUND ( 'NONE', #11424, .T. ) ;
#6452 = CARTESIAN_POINT ( 'NONE',  ( -6.999999999999999112, 0.000000000000000000, -2.730196635283224094 ) ) ;
#6453 = ORIENTED_EDGE ( 'NONE', *, *, #11592, .F. ) ;
#6454 = AXIS2_PLACEMENT_3D ( 'NONE', #477, #7083, #4100 ) ;
#6455 = CARTESIAN_POINT ( 'NONE',  ( -3.000000000000001776, 29.80000000000000426, 23.00000000000000000 ) ) ;
#6456 = VERTEX_POINT ( 'NONE', #7658 ) ;
#6457 = CARTESIAN_POINT ( 'NONE',  ( 0.000000000000000000, -16.00000000000000000, 8.000000000000000000 ) ) ;
#6458 = EDGE_LOOP ( 'NONE', ( #5690, #9517 ) ) ;
#6459 = CARTESIAN_POINT ( 'NONE',  ( 138.3273854894823671, 3.000000000000000000, -360.0007909404973248 ) ) ;
#6460 = ORIENTED_EDGE ( 'NONE', *, *, #5430, .T. ) ;
#6461 = SHAPE_REPRESENTATION ( 'Flange', ( #10290 ), #11091 ) ;
#6462 = AXIS2_PLACEMENT_3D ( 'NONE', #7683, #8382, #3961 ) ;
#6463 = CARTESIAN_POINT ( 'NONE',  ( -198.4000000000000909, 20.00000000000000000, -29.99999999999994316 ) ) ;
#6464 =( REPRESENTATION_RELATIONSHIP ('NONE','NONE', #9464, #10339 ) REPRESENTATION_RELATIONSHIP_WITH_TRANSFORMATION ( #678 )SHAPE_REPRESENTATION_RELATIONSHIP( ) );
#6465 = EDGE_CURVE ( 'NONE', #8230, #8143, #9649, .T. ) ;
#6466 = DIRECTION ( 'NONE',  ( -0.000000000000000000, 1.000000000000000000, -0.000000000000000000 ) ) ;
#6467 = VERTEX_POINT ( 'NONE', #6795 ) ;
#6468 = DIRECTION ( 'NONE',  ( -0.000000000000000000, -1.000000000000000000, -0.000000000000000000 ) ) ;
#6469 = ORIENTED_EDGE ( 'NONE', *, *, #3154, .T. ) ;
#6470 = CONTEXT_DEPENDENT_SHAPE_REPRESENTATION ( #7164, #8036 ) ;
#6471 = EDGE_CURVE ( 'NONE', #5387, #7596, #1961, .T. ) ;
#6472 = ORIENTED_EDGE ( 'NONE', *, *, #5777, .F. ) ;
#6473 = CARTESIAN_POINT ( 'NONE',  ( 0.000000000000000000, 17.80000000000000071, 0.000000000000000000 ) ) ;
#6474 = FACE_OUTER_BOUND ( 'NONE', #1658, .T. ) ;
#6475 = DIRECTION ( 'NONE',  ( 0.000000000000000000, 1.000000000000000000, 0.000000000000000000 ) ) ;
#6476 = EDGE_CURVE ( 'NONE', #719, #9108, #7708, .T. ) ;
#6477 = CARTESIAN_POINT ( 'NONE',  ( 0.000000000000000000, 12.00000000000000000, 0.000000000000000000 ) ) ;
#6478 = ORIENTED_EDGE ( 'NONE', *, *, #9768, .F. ) ;
#6479 = EDGE_CURVE ( 'NONE', #3921, #7898, #8152, .T. ) ;
#6480 = CARTESIAN_POINT ( 'NONE',  ( 0.000000000000000000, 35.39999999999999858, 0.000000000000000000 ) ) ;
#6481 = VERTEX_POINT ( 'NONE', #4823 ) ;
#6482 = EDGE_LOOP ( 'NONE', ( #4774, #4691 ) ) ;
#6483 = EDGE_LOOP ( 'NONE', ( #10397, #8669, #5689, #11772 ) ) ;
#6484 = FACE_OUTER_BOUND ( 'NONE', #8967, .T. ) ;
#6485 = FACE_OUTER_BOUND ( 'NONE', #4763, .T. ) ;
#6486 = CARTESIAN_POINT ( 'NONE',  ( 14.84924240491768188, -5.939696961967007027, -14.84924240491732128 ) ) ;
#6487 = PRODUCT_DEFINITION ( 'UNKNOWN', '', #6533, #9132 ) ;
#6488 = DIRECTION ( 'NONE',  ( -0.000000000000000000, -1.000000000000000000, 0.000000000000000000 ) ) ;
#6489 = DIRECTION ( 'NONE',  ( 0.000000000000000000, 0.000000000000000000, 1.000000000000000000 ) ) ;
#6490 = VERTEX_POINT ( 'NONE', #8646 ) ;
#6491 = ADVANCED_FACE ( 'NONE', ( #9705, #3067 ), #2144, .F. ) ;
#6492 = DIRECTION ( 'NONE',  ( 0.000000000000000000, 0.000000000000000000, -1.000000000000000000 ) ) ;
#6493 = ORIENTED_EDGE ( 'NONE', *, *, #9010, .F. ) ;
#6494 = ORIENTED_EDGE ( 'NONE', *, *, #536, .F. ) ;
#6495 =( LENGTH_UNIT ( ) NAMED_UNIT ( * ) SI_UNIT ( .MILLI., .METRE. ) );
#6496 = CARTESIAN_POINT ( 'NONE',  ( 5.000000000000000888, 0.000000000000000000, 0.000000000000000000 ) ) ;
#6497 = EDGE_LOOP ( 'NONE', ( #3815, #8215, #2059, #1090, #4483, #1114, #676, #10511 ) ) ;
#6498 = DIRECTION ( 'NONE',  ( -1.000000000000000000, 0.000000000000000000, 0.000000000000000000 ) ) ;
#6499 = CARTESIAN_POINT ( 'NONE',  ( 2.081899558550500280E-15, -101.9803902718557111, -17.00000000000000000 ) ) ;
#6500 = ADVANCED_FACE ( 'NONE', ( #11572 ), #1635, .T. ) ;
#6501 = DIRECTION ( 'NONE',  ( 0.000000000000000000, 0.000000000000000000, 1.000000000000000000 ) ) ;
#6502 = EDGE_CURVE ( 'NONE', #9256, #7118, #164, .T. ) ;
#6503 = DIRECTION ( 'NONE',  ( 0.000000000000000000, 0.000000000000000000, 1.000000000000000000 ) ) ;
#6504 = ORIENTED_EDGE ( 'NONE', *, *, #2875, .T. ) ;
#6505 = DIRECTION ( 'NONE',  ( -0.000000000000000000, 1.000000000000000000, -0.000000000000000000 ) ) ;
#6506 = ORIENTED_EDGE ( 'NONE', *, *, #717, .F. ) ;
#6507 = EDGE_CURVE ( 'NONE', #3829, #2131, #10575, .T. ) ;
#6508 = PLANE ( 'NONE',  #5956 ) ;
#6509 = FACE_OUTER_BOUND ( 'NONE', #7340, .T. ) ;
#6510 = EDGE_LOOP ( 'NONE', ( #2706, #9602, #5868, #9111 ) ) ;
#6511 = CARTESIAN_POINT ( 'NONE',  ( 0.000000000000000000, 0.000000000000000000, 3.000000000000000000 ) ) ;
#6512 = ORIENTED_EDGE ( 'NONE', *, *, #10016, .F. ) ;
#6513 = ADVANCED_FACE ( 'NONE', ( #1162 ), #6847, .T. ) ;
#6514 = EDGE_CURVE ( 'NONE', #3511, #3472, #1242, .T. ) ;
#6515 = DIRECTION ( 'NONE',  ( 0.000000000000000000, 0.000000000000000000, 1.000000000000000000 ) ) ;
#6516 = AXIS2_PLACEMENT_3D ( 'NONE', #3052, #7643, #11427 ) ;
#6517 = FACE_OUTER_BOUND ( 'NONE', #12171, .T. ) ;
#6518 = ORIENTED_EDGE ( 'NONE', *, *, #7797, .F. ) ;
#6519 = CIRCLE ( 'NONE', #8895, 50.00000000000000000 ) ;
#6520 = DIRECTION ( 'NONE',  ( 0.000000000000000000, 0.000000000000000000, -1.000000000000000000 ) ) ;
#6521 = APPLICATION_CONTEXT ( 'automotive_design' ) ;
#6522 = AXIS2_PLACEMENT_3D ( 'NONE', #3940, #5138, #5875 ) ;
#6523 = UNCERTAINTY_MEASURE_WITH_UNIT (LENGTH_MEASURE( 1.000000000000000082E-05 ), #6895, 'distance_accuracy_value', 'NONE');
#6524 = ORIENTED_EDGE ( 'NONE', *, *, #11933, .T. ) ;
#6525 = PRODUCT ( 'Link3StellConnectors', 'Link3StellConnectors', '', ( #3314 ) ) ;
#6526 = VERTEX_POINT ( 'NONE', #10076 ) ;
#6527 = EDGE_CURVE ( 'NONE', #11253, #5369, #9745, .T. ) ;
#6528 = CARTESIAN_POINT ( 'NONE',  ( -3.000000000000001776, 34.20000000000000284, -25.00000000000000000 ) ) ;
#6529 = AXIS2_PLACEMENT_3D ( 'NONE', #4490, #8263, #12049 ) ;
#6530 = CARTESIAN_POINT ( 'NONE',  ( 4.999999999999998224, 29.80000000000000426, 25.00000000000000000 ) ) ;
#6531 = LINE ( 'NONE', #1839, #6785 ) ;
#6532 = VECTOR ( 'NONE', #10557, 1000.000000000000000 ) ;
#6533 = PRODUCT_DEFINITION_FORMATION_WITH_SPECIFIED_SOURCE ( 'ANY', '', #6525, .NOT_KNOWN. ) ;
#6534 = CARTESIAN_POINT ( 'NONE',  ( 0.000000000000000000, -101.9803902718557111, 17.00000000000000000 ) ) ;
#6535 = AXIS2_PLACEMENT_3D ( 'NONE', #1069, #5760, #2052 ) ;
#6536 = EDGE_LOOP ( 'NONE', ( #1168, #11440, #1605, #2602 ) ) ;
#6537 = CARTESIAN_POINT ( 'NONE',  ( 4.999999999999998224, 29.80000000000000426, -23.00000000000000000 ) ) ;
#6538 = ORIENTED_EDGE ( 'NONE', *, *, #4792, .F. ) ;
#6539 = VERTEX_POINT ( 'NONE', #9034 ) ;
#6540 = AXIS2_PLACEMENT_3D ( 'NONE', #11541, #8807, #4962 ) ;
#6541 = AXIS2_PLACEMENT_3D ( 'NONE', #6619, #1966, #11623 ) ;
#6542 = VERTEX_POINT ( 'NONE', #11018 ) ;
#6543 = EDGE_CURVE ( 'NONE', #222, #6071, #7970, .T. ) ;
#6544 = CARTESIAN_POINT ( 'NONE',  ( 14.84924240491768188, 0.000000000000000000, -14.84924240491732128 ) ) ;
#6545 = LINE ( 'NONE', #51, #7736 ) ;
#6546 = AXIS2_PLACEMENT_3D ( 'NONE', #5010, #3877, #7659 ) ;
#6547 = DIRECTION ( 'NONE',  ( -0.000000000000000000, -1.000000000000000000, -0.000000000000000000 ) ) ;
#6548 = CARTESIAN_POINT ( 'NONE',  ( 2.999999999999998224, 34.20000000000000284, 25.00000000000000000 ) ) ;
#6549 = VECTOR ( 'NONE', #5332, 1000.000000000000000 ) ;
#6550 = CIRCLE ( 'NONE', #8930, 2.500000000000000000 ) ;
#6551 = ORIENTED_EDGE ( 'NONE', *, *, #1683, .F. ) ;
#6552 = VERTEX_POINT ( 'NONE', #10829 ) ;
#6553 = CARTESIAN_POINT ( 'NONE',  ( 138.3273854894824240, 3.000000000000000000, -89.99973635316756315 ) ) ;
#6554 = VERTEX_POINT ( 'NONE', #6102 ) ;
#6555 = FACE_OUTER_BOUND ( 'NONE', #11511, .T. ) ;
#6556 = ORIENTED_EDGE ( 'NONE', *, *, #5245, .T. ) ;
#6557 = ORIENTED_EDGE ( 'NONE', *, *, #981, .F. ) ;
#6558 = CIRCLE ( 'NONE', #10525, 2.499999999999998668 ) ;
#6559 = MECHANICAL_DESIGN_GEOMETRIC_PRESENTATION_REPRESENTATION (  '', ( #840 ), #11128 ) ;
#6560 = FACE_OUTER_BOUND ( 'NONE', #3893, .T. ) ;
#6561 = VECTOR ( 'NONE', #9462, 1000.000000000000000 ) ;
#6562 = AXIS2_PLACEMENT_3D ( 'NONE', #10861, #7019, #6082 ) ;
#6563 = VERTEX_POINT ( 'NONE', #10024 ) ;
#6564 = CARTESIAN_POINT ( 'NONE',  ( 0.000000000000000000, 0.000000000000000000, 12.00000000000000000 ) ) ;
#6565 = LINE ( 'NONE', #10359, #401 ) ;
#6566 = CARTESIAN_POINT ( 'NONE',  ( -25.00000000000000000, 34.20000000000000284, -3.000000000000000000 ) ) ;
#6567 = ADVANCED_FACE ( 'NONE', ( #6290, #3257 ), #2333, .F. ) ;
#6568 = LINE ( 'NONE', #4776, #7199 ) ;
#6569 = CIRCLE ( 'NONE', #1239, 4.999999999999999112 ) ;
#6570 = VECTOR ( 'NONE', #1182, 1000.000000000000000 ) ;
#6571 = DIRECTION ( 'NONE',  ( 0.000000000000000000, -1.000000000000000000, 0.000000000000000000 ) ) ;
#6572 = VECTOR ( 'NONE', #1588, 1000.000000000000000 ) ;
#6573 = AXIS2_PLACEMENT_3D ( 'NONE', #4211, #4135, #1501 ) ;
#6574 = ORIENTED_EDGE ( 'NONE', *, *, #9789, .T. ) ;
#6575 = LINE ( 'NONE', #8613, #7539 ) ;
#6576 = FACE_BOUND ( 'NONE', #11182, .T. ) ;
#6577 = FACE_OUTER_BOUND ( 'NONE', #4641, .T. ) ;
#6578 = ADVANCED_FACE ( 'NONE', ( #5253 ), #5309, .F. ) ;
#6579 = DIRECTION ( 'NONE',  ( -1.000000000000000000, 0.000000000000000000, 0.000000000000000000 ) ) ;
#6580 = AXIS2_PLACEMENT_3D ( 'NONE', #2972, #9567, #6769 ) ;
#6581 = VECTOR ( 'NONE', #2352, 1000.000000000000000 ) ;
#6582 = ORIENTED_EDGE ( 'NONE', *, *, #11700, .T. ) ;
#6583 = CARTESIAN_POINT ( 'NONE',  ( 7.715274834628326364E-16, 2.399999999999999467, 6.300000000000000711 ) ) ;
#6584 = VECTOR ( 'NONE', #10083, 1000.000000000000000 ) ;
#6585 = EDGE_CURVE ( 'NONE', #361, #750, #550, .T. ) ;
#6586 = SURFACE_STYLE_USAGE ( .BOTH. , #5605 ) ;
#6587 = CARTESIAN_POINT ( 'NONE',  ( -11.31370849898490150, -2.500000000000000000, -12.96370849898462119 ) ) ;
#6588 = AXIS2_PLACEMENT_3D ( 'NONE', #667, #3436, #7456 ) ;
#6589 = CIRCLE ( 'NONE', #4820, 10.00000000000000178 ) ;
#6590 = ORIENTED_EDGE ( 'NONE', *, *, #8840, .F. ) ;
#6591 = ADVANCED_FACE ( 'NONE', ( #605 ), #9888, .F. ) ;
#6592 = DIRECTION ( 'NONE',  ( -1.000000000000000000, -0.000000000000000000, -0.000000000000000000 ) ) ;
#6593 = EDGE_CURVE ( 'NONE', #9222, #3550, #7893, .T. ) ;
#6594 = ORIENTED_EDGE ( 'NONE', *, *, #10581, .F. ) ;
#6595 = ORIENTED_EDGE ( 'NONE', *, *, #2115, .F. ) ;
#6596 = CARTESIAN_POINT ( 'NONE',  ( 0.000000000000000000, 4.600000000000003197, 44.50000000000000711 ) ) ;
#6597 = PRESENTATION_STYLE_ASSIGNMENT (( #11372 ) ) ;
#6598 = AXIS2_PLACEMENT_3D ( 'NONE', #6964, #8302, #6319 ) ;
#6599 = DIRECTION ( 'NONE',  ( -0.000000000000000000, -1.000000000000000000, -0.000000000000000000 ) ) ;
#6600 = CARTESIAN_POINT ( 'NONE',  ( 0.000000000000000000, 6.800000000000000711, 0.000000000000000000 ) ) ;
#6601 = CARTESIAN_POINT ( 'NONE',  ( -8.000000000000000000, 0.000000000000000000, 3.000000000000000000 ) ) ;
#6602 =( LENGTH_UNIT ( ) NAMED_UNIT ( * ) SI_UNIT ( .MILLI., .METRE. ) );
#6603 = EDGE_CURVE ( 'NONE', #1104, #9164, #3407, .T. ) ;
#6604 = AXIS2_PLACEMENT_3D ( 'NONE', #10714, #4016, #5088 ) ;
#6605 = ORIENTED_EDGE ( 'NONE', *, *, #7788, .T. ) ;
#6606 = DIRECTION ( 'NONE',  ( 0.000000000000000000, 0.000000000000000000, -1.000000000000000000 ) ) ;
#6607 = AXIS2_PLACEMENT_3D ( 'NONE', #8635, #9327, #9395 ) ;
#6608 = ORIENTED_EDGE ( 'NONE', *, *, #4611, .T. ) ;
#6609 = EDGE_LOOP ( 'NONE', ( #10097, #8068 ) ) ;
#6610 =( NAMED_UNIT ( * ) SI_UNIT ( $, .STERADIAN. ) SOLID_ANGLE_UNIT ( ) );
#6611 = ORIENTED_EDGE ( 'NONE', *, *, #5534, .F. ) ;
#6612 = DIRECTION ( 'NONE',  ( -0.000000000000000000, -1.000000000000000000, -0.000000000000000000 ) ) ;
#6613 = CARTESIAN_POINT ( 'NONE',  ( 5.449678256205721981E-15, 26.59999999999999787, -44.50000000000000711 ) ) ;
#6614 = ADVANCED_FACE ( 'NONE', ( #4306 ), #10768, .T. ) ;
#6615 = CARTESIAN_POINT ( 'NONE',  ( 0.000000000000000000, 29.80000000000000426, 0.000000000000000000 ) ) ;
#6616 = CARTESIAN_POINT ( 'NONE',  ( 138.3273854894824240, 3.000000000000000000, -9.999736353167559599 ) ) ;
#6617 = ORIENTED_EDGE ( 'NONE', *, *, #137, .F. ) ;
#6618 = ADVANCED_FACE ( 'NONE', ( #8087 ), #1352, .F. ) ;
#6619 = CARTESIAN_POINT ( 'NONE',  ( 138.3273854894817134, -43.00000000000000000, -280.0002636468323658 ) ) ;
#6620 = ORIENTED_EDGE ( 'NONE', *, *, #1935, .T. ) ;
#6621 = DIRECTION ( 'NONE',  ( -0.000000000000000000, -1.000000000000000000, -0.000000000000000000 ) ) ;
#6622 = EDGE_LOOP ( 'NONE', ( #736, #365, #1235, #4018 ) ) ;
#6623 = VERTEX_POINT ( 'NONE', #11869 ) ;
#6624 = CIRCLE ( 'NONE', #5256, 44.50000000000000711 ) ;
#6625 = SHAPE_REPRESENTATION_RELATIONSHIP ( 'NONE' , 'NONE' ,  #11607, #11963 ) ;
#6626 = CARTESIAN_POINT ( 'NONE',  ( 130.0000000000000000, 20.00000000000000000, -19.99999999999998579 ) ) ;
#6627 = CIRCLE ( 'NONE', #7612, 75.00000000000001421 ) ;
#6628 = CARTESIAN_POINT ( 'NONE',  ( 2.202205001749383553E-13, 20.00000000000000000, -23.09999999999999787 ) ) ;
#6629 = CARTESIAN_POINT ( 'NONE',  ( 0.07261451051828989034, 3.000000000000000000, -9.999736353167531178 ) ) ;
#6630 = DIRECTION ( 'NONE',  ( -0.000000000000000000, 1.000000000000000000, -0.000000000000000000 ) ) ;
#6631 = FACE_OUTER_BOUND ( 'NONE', #4008, .T. ) ;
#6632 = PLANE ( 'NONE',  #1083 ) ;
#6633 = ADVANCED_FACE ( 'NONE', ( #493 ), #8031, .T. ) ;
#6634 = DIRECTION ( 'NONE',  ( -0.000000000000000000, -1.000000000000000000, -0.000000000000000000 ) ) ;
#6635 = ORIENTED_EDGE ( 'NONE', *, *, #7944, .F. ) ;
#6636 = CARTESIAN_POINT ( 'NONE',  ( 2.199633243471174140E-13, -5.939696961967007027, -20.99999999999999645 ) ) ;
#6637 = AXIS2_PLACEMENT_3D ( 'NONE', #2296, #5139, #4014 ) ;
#6638 = ORIENTED_EDGE ( 'NONE', *, *, #5877, .F. ) ;
#6639 = CARTESIAN_POINT ( 'NONE',  ( 6.999999999999998224, 29.80000000000000426, 18.73499399519520026 ) ) ;
#6640 = ADVANCED_FACE ( 'NONE', ( #6167 ), #9961, .F. ) ;
#6641 = LINE ( 'NONE', #8439, #5372 ) ;
#6642 = VERTEX_POINT ( 'NONE', #2460 ) ;
#6643 = DIRECTION ( 'NONE',  ( 0.000000000000000000, 1.000000000000000000, 0.000000000000000000 ) ) ;
#6644 = SURFACE_SIDE_STYLE ('',( #11469 ) ) ;
#6645 = AXIS2_PLACEMENT_3D ( 'NONE', #1975, #6918, #10708 ) ;
#6646 = AXIS2_PLACEMENT_3D ( 'NONE', #4919, #6781, #2589 ) ;
#6647 = PRODUCT_DEFINITION ( 'UNKNOWN', '', #11690, #7291 ) ;
#6648 = DIRECTION ( 'NONE',  ( 1.000000000000000000, 0.000000000000000000, 0.000000000000000000 ) ) ;
#6649 = EDGE_CURVE ( 'NONE', #7820, #9258, #11307, .T. ) ;
#6650 = ADVANCED_FACE ( 'NONE', ( #7413 ), #741, .F. ) ;
#6651 = ORIENTED_EDGE ( 'NONE', *, *, #383, .F. ) ;
#6652 = CARTESIAN_POINT ( 'NONE',  ( 5.510910596163090344E-15, 20.00000000000000000, 45.00000000000000711 ) ) ;
#6653 = CLOSED_SHELL ( 'NONE', ( #6650, #462, #6804, #8818, #8945, #2644, #3447, #2490, #5810, #5606, #229, #10488, #11247, #9693, #4624, #8182, #4989, #6100, #11683, #7709, #8651, #1508, #6614, #3177, #708, #11918, #6786, #74, #154, #11199, #3260, #5524, #7606, #5074, #1145, #612, #10907, #5674, #1813, #4231, #1623, #9821, #2201, #2522, #3085, #829, #925, #11660, #5068, #8966, #9750, #10453, #8179, #4034 ) ) ;
#6654 = EDGE_CURVE ( 'NONE', #10248, #8476, #2747, .T. ) ;
#6655 = ORIENTED_EDGE ( 'NONE', *, *, #2571, .F. ) ;
#6656 = CIRCLE ( 'NONE', #1911, 2.100000000000004530 ) ;
#6657 = CARTESIAN_POINT ( 'NONE',  ( 2.199633243471174140E-13, 22.72893218813453231, -18.50000000000000000 ) ) ;
#6658 = ORIENTED_EDGE ( 'NONE', *, *, #8725, .F. ) ;
#6659 = FACE_OUTER_BOUND ( 'NONE', #2513, .T. ) ;
#6660 = DIRECTION ( 'NONE',  ( -0.000000000000000000, 1.000000000000000000, -0.000000000000000000 ) ) ;
#6661 = PLANE ( 'NONE',  #320 ) ;
#6662 = AXIS2_PLACEMENT_3D ( 'NONE', #11523, #2103, #5927 ) ;
#6663 = LINE ( 'NONE', #152, #3602 ) ;
#6664 = ADVANCED_FACE ( 'NONE', ( #8451 ), #5438, .T. ) ;
#6665 = LINE ( 'NONE', #10499, #9376 ) ;
#6666 = CARTESIAN_POINT ( 'NONE',  ( 0.000000000000000000, 0.000000000000000000, 0.000000000000000000 ) ) ;
#6667 = ORIENTED_EDGE ( 'NONE', *, *, #8671, .F. ) ;
#6668 = DIRECTION ( 'NONE',  ( 0.000000000000000000, 1.000000000000000000, 0.000000000000000000 ) ) ;
#6669 = VERTEX_POINT ( 'NONE', #6528 ) ;
#6670 = ORIENTED_EDGE ( 'NONE', *, *, #6527, .F. ) ;
#6671 = DIRECTION ( 'NONE',  ( 1.108244268165422234E-13, 6.938893903907228378E-17, -1.000000000000000222 ) ) ;
#6672 = ORIENTED_EDGE ( 'NONE', *, *, #4543, .F. ) ;
#6673 = CARTESIAN_POINT ( 'NONE',  ( 90.00000000000000000, 0.000000000000000000, -10.24999999999998224 ) ) ;
#6674 = DIRECTION ( 'NONE',  ( -0.000000000000000000, -1.000000000000000000, -0.000000000000000000 ) ) ;
#6675 = EDGE_CURVE ( 'NONE', #7091, #4558, #9891, .T. ) ;
#6676 = DIRECTION ( 'NONE',  ( 0.000000000000000000, 0.000000000000000000, -1.000000000000000000 ) ) ;
#6677 = PLANE ( 'NONE',  #1865 ) ;
#6678 = CARTESIAN_POINT ( 'NONE',  ( 4.999999999999998224, 34.20000000000000284, 23.00000000000000000 ) ) ;
#6679 = VERTEX_POINT ( 'NONE', #6596 ) ;
#6680 = CARTESIAN_POINT ( 'NONE',  ( 218.3273854894824524, -43.00000000000000000, -215.0002636468324511 ) ) ;
#6681 = EDGE_LOOP ( 'NONE', ( #3845, #4378, #7873, #10136 ) ) ;
#6682 = ORIENTED_EDGE ( 'NONE', *, *, #4287, .F. ) ;
#6683 = SHAPE_REPRESENTATION_RELATIONSHIP ( 'NONE' , 'NONE' ,  #10732, #8858 ) ;
#6684 = DIRECTION ( 'NONE',  ( -0.000000000000000000, -1.000000000000000000, -0.000000000000000000 ) ) ;
#6685 = DIRECTION ( 'NONE',  ( 0.000000000000000000, -1.000000000000000000, -0.000000000000000000 ) ) ;
#6686 = DIRECTION ( 'NONE',  ( -0.000000000000000000, 1.000000000000000000, -0.000000000000000000 ) ) ;
#6687 = LINE ( 'NONE', #10237, #9299 ) ;
#6688 = EDGE_CURVE ( 'NONE', #7334, #5178, #5723, .T. ) ;
#6689 = DIRECTION ( 'NONE',  ( -0.000000000000000000, 1.000000000000000000, -0.000000000000000000 ) ) ;
#6690 = LINE ( 'NONE', #5822, #1667 ) ;
#6691 = DIRECTION ( 'NONE',  ( -0.000000000000000000, -1.000000000000000000, -0.000000000000000000 ) ) ;
#6692 = ORIENTED_EDGE ( 'NONE', *, *, #7400, .T. ) ;
#6693 = DIRECTION ( 'NONE',  ( -0.000000000000000000, 1.000000000000000000, -0.000000000000000000 ) ) ;
#6694 = FILL_AREA_STYLE ('',( #3844 ) ) ;
#6695 = EDGE_LOOP ( 'NONE', ( #761, #1882 ) ) ;
#6696 = DIRECTION ( 'NONE',  ( -1.000000000000000000, 0.000000000000000000, 0.000000000000000000 ) ) ;
#6697 = CARTESIAN_POINT ( 'NONE',  ( -120.2500000000000284, 0.000000000000000000, -19.99999999999998579 ) ) ;
#6698 = ORIENTED_EDGE ( 'NONE', *, *, #10894, .F. ) ;
#6699 = ADVANCED_FACE ( 'NONE', ( #12009 ), #7285, .F. ) ;
#6700 = DIRECTION ( 'NONE',  ( 0.000000000000000000, 1.000000000000000000, 0.000000000000000000 ) ) ;
#6701 = DIRECTION ( 'NONE',  ( -0.000000000000000000, 1.000000000000000000, -0.000000000000000000 ) ) ;
#6702 = EDGE_CURVE ( 'NONE', #7772, #11298, #12058, .T. ) ;
#6703 = DIRECTION ( 'NONE',  ( 0.000000000000000000, 1.000000000000000000, 0.000000000000000000 ) ) ;
#6704 = ORIENTED_EDGE ( 'NONE', *, *, #10171, .T. ) ;
#6705 = CARTESIAN_POINT ( 'NONE',  ( -5.000000000000001776, 29.80000000000000426, 17.29161646579058598 ) ) ;
#6706 = ORIENTED_EDGE ( 'NONE', *, *, #7431, .T. ) ;
#6707 = DIRECTION ( 'NONE',  ( -0.000000000000000000, 1.000000000000000000, -0.000000000000000000 ) ) ;
#6708 = ORIENTED_EDGE ( 'NONE', *, *, #7568, .F. ) ;
#6709 = LINE ( 'NONE', #5848, #1179 ) ;
#6710 = CARTESIAN_POINT ( 'NONE',  ( 120.2500000000000142, 0.000000000000000000, 20.00000000000002132 ) ) ;
#6711 = DIRECTION ( 'NONE',  ( 1.000000000000000000, 0.000000000000000000, 0.000000000000000000 ) ) ;
#6712 = DIRECTION ( 'NONE',  ( 0.000000000000000000, 0.000000000000000000, -1.000000000000000000 ) ) ;
#6713 = FACE_OUTER_BOUND ( 'NONE', #6990, .T. ) ;
#6714 = EDGE_CURVE ( 'NONE', #11446, #2017, #25, .T. ) ;
#6715 = LINE ( 'NONE', #1155, #10585 ) ;
#6716 = SHAPE_REPRESENTATION_RELATIONSHIP ( 'NONE' , 'NONE' ,  #1397, #9290 ) ;
#6717 = AXIS2_PLACEMENT_3D ( 'NONE', #9214, #8393, #4499 ) ;
#6718 = EDGE_LOOP ( 'NONE', ( #3742, #6396 ) ) ;
#6719 = CARTESIAN_POINT ( 'NONE',  ( 0.000000000000000000, 0.000000000000000000, 0.000000000000000000 ) ) ;
#6720 = ORIENTED_EDGE ( 'NONE', *, *, #8155, .F. ) ;
#6721 = VERTEX_POINT ( 'NONE', #2568 ) ;
#6722 = DIRECTION ( 'NONE',  ( -1.049729532159891548E-13, 0.3320811287042367832, 0.9432508277009462594 ) ) ;
#6723 = ADVANCED_FACE ( 'NONE', ( #6416 ), #7512, .F. ) ;
#6724 = ORIENTED_EDGE ( 'NONE', *, *, #6281, .T. ) ;
#6725 = PRODUCT_RELATED_PRODUCT_CATEGORY ( 'part', '', ( #721 ) ) ;
#6726 = DIRECTION ( 'NONE',  ( 0.000000000000000000, -0.000000000000000000, 1.000000000000000000 ) ) ;
#6727 = CIRCLE ( 'NONE', #3946, 5.000000000000000000 ) ;
#6728 = DIRECTION ( 'NONE',  ( 0.000000000000000000, 0.000000000000000000, -1.000000000000000000 ) ) ;
#6729 = DIRECTION ( 'NONE',  ( 1.000000000000000000, 0.000000000000000000, 0.000000000000000000 ) ) ;
#6730 = EDGE_CURVE ( 'NONE', #740, #5558, #1582, .T. ) ;
#6731 = CARTESIAN_POINT ( 'NONE',  ( 5.586370142149013368E-14, -2.500000000000000000, 14.35000000000000142 ) ) ;
#6732 = AXIS2_PLACEMENT_3D ( 'NONE', #9493, #1996, #7685 ) ;
#6733 = CIRCLE ( 'NONE', #1407, 44.50000000000000711 ) ;
#6734 = VERTEX_POINT ( 'NONE', #10144 ) ;
#6735 = AXIS2_PLACEMENT_3D ( 'NONE', #9647, #8702, #9407 ) ;
#6736 = CARTESIAN_POINT ( 'NONE',  ( 0.000000000000000000, 20.00000000000000000, -10.00000000000000000 ) ) ;
#6737 = EDGE_CURVE ( 'NONE', #483, #5382, #9683, .T. ) ;
#6738 = ORIENTED_EDGE ( 'NONE', *, *, #8745, .T. ) ;
#6739 = ADVANCED_FACE ( 'NONE', ( #12185 ), #3556, .F. ) ;
#6740 = ORIENTED_EDGE ( 'NONE', *, *, #7186, .F. ) ;
#6741 = ORIENTED_EDGE ( 'NONE', *, *, #9049, .T. ) ;
#6742 = CARTESIAN_POINT ( 'NONE',  ( 0.000000000000000000, 24.39999999999999858, 0.000000000000000000 ) ) ;
#6743 = AXIS2_PLACEMENT_3D ( 'NONE', #6455, #11108, #4480 ) ;
#6744 = DIRECTION ( 'NONE',  ( 0.000000000000000000, 0.000000000000000000, 1.000000000000000000 ) ) ;
#6745 = DIRECTION ( 'NONE',  ( 0.000000000000000000, 0.000000000000000000, 1.000000000000000000 ) ) ;
#6746 = DIRECTION ( 'NONE',  ( 0.000000000000000000, -1.000000000000000000, 0.000000000000000000 ) ) ;
#6747 = DIRECTION ( 'NONE',  ( 0.000000000000000000, 0.000000000000000000, 1.000000000000000000 ) ) ;
#6748 = AXIS2_PLACEMENT_3D ( 'NONE', #7928, #11724, #4139 ) ;
#6749 = VECTOR ( 'NONE', #11365, 1000.000000000000000 ) ;
#6750 = DIRECTION ( 'NONE',  ( 2.312964634635742895E-17, 0.000000000000000000, 1.000000000000000000 ) ) ;
#6751 = FACE_OUTER_BOUND ( 'NONE', #4152, .T. ) ;
#6752 = DIRECTION ( 'NONE',  ( -0.000000000000000000, -1.000000000000000000, -0.000000000000000000 ) ) ;
#6753 = AXIS2_PLACEMENT_3D ( 'NONE', #508, #4264, #3333 ) ;
#6754 = ORIENTED_EDGE ( 'NONE', *, *, #7802, .F. ) ;
#6755 = CARTESIAN_POINT ( 'NONE',  ( 14.84924240491768188, 0.000000000000000000, -16.94924240491731737 ) ) ;
#6756 = EDGE_CURVE ( 'NONE', #11885, #11045, #4340, .T. ) ;
#6757 = SURFACE_STYLE_USAGE ( .BOTH. , #2112 ) ;
#6758 = ORIENTED_EDGE ( 'NONE', *, *, #11259, .F. ) ;
#6759 = CIRCLE ( 'NONE', #8530, 20.00000000000000355 ) ;
#6760 = VECTOR ( 'NONE', #10187, 1000.000000000000000 ) ;
#6761 = DIRECTION ( 'NONE',  ( 0.000000000000000000, 0.000000000000000000, 1.000000000000000000 ) ) ;
#6762 = LINE ( 'NONE', #5221, #422 ) ;
#6763 = ORIENTED_EDGE ( 'NONE', *, *, #8024, .F. ) ;
#6764 = DIRECTION ( 'NONE',  ( -0.000000000000000000, -1.000000000000000000, -0.000000000000000000 ) ) ;
#6765 =( REPRESENTATION_RELATIONSHIP ('NONE','NONE', #9464, #4801 ) REPRESENTATION_RELATIONSHIP_WITH_TRANSFORMATION ( #961 )SHAPE_REPRESENTATION_RELATIONSHIP( ) );
#6766 = VECTOR ( 'NONE', #9508, 1000.000000000000000 ) ;
#6767 = CARTESIAN_POINT ( 'NONE',  ( 138.3273854894824240, 3.000000000000000000, -89.99973635316756315 ) ) ;
#6768 = CIRCLE ( 'NONE', #2616, 60.00000000000000000 ) ;
#6769 = DIRECTION ( 'NONE',  ( 0.000000000000000000, 0.000000000000000000, 1.000000000000000000 ) ) ;
#6770 = VECTOR ( 'NONE', #8524, 1000.000000000000000 ) ;
#6771 = CARTESIAN_POINT ( 'NONE',  ( 0.000000000000000000, 20.00000000000000000, -10.00000000000000000 ) ) ;
#6772 = EDGE_LOOP ( 'NONE', ( #7593, #10218, #11163, #3371 ) ) ;
#6773 = DIRECTION ( 'NONE',  ( -5.550529771288701250E-15, 0.000000000000000000, 1.000000000000000000 ) ) ;
#6774 = EDGE_CURVE ( 'NONE', #7737, #10507, #1720, .T. ) ;
#6775 = VECTOR ( 'NONE', #9074, 1000.000000000000000 ) ;
#6776 = AXIS2_PLACEMENT_3D ( 'NONE', #10358, #1922, #5695 ) ;
#6777 = ORIENTED_EDGE ( 'NONE', *, *, #8591, .T. ) ;
#6778 = DIRECTION ( 'NONE',  ( -0.000000000000000000, -1.000000000000000000, -0.000000000000000000 ) ) ;
#6779 = VERTEX_POINT ( 'NONE', #8329 ) ;
#6780 = CARTESIAN_POINT ( 'NONE',  ( 2.081899558550500280E-15, 0.000000000000000000, -17.00000000000000000 ) ) ;
#6781 = DIRECTION ( 'NONE',  ( 0.000000000000000000, 1.000000000000000000, 0.000000000000000000 ) ) ;
#6782 = PLANE ( 'NONE',  #8949 ) ;
#6783 = AXIS2_PLACEMENT_3D ( 'NONE', #648, #6317, #1630 ) ;
#6784 = DIRECTION ( 'NONE',  ( 0.000000000000000000, 0.000000000000000000, 1.000000000000000000 ) ) ;
#6785 = VECTOR ( 'NONE', #11196, 1000.000000000000000 ) ;
#6786 = ADVANCED_FACE ( 'NONE', ( #10317 ), #12124, .T. ) ;
#6787 = VERTEX_POINT ( 'NONE', #6780 ) ;
#6788 = CARTESIAN_POINT ( 'NONE',  ( 17.29161646579058242, 34.20000000000000284, -4.999999999999994671 ) ) ;
#6789 = ORIENTED_EDGE ( 'NONE', *, *, #3044, .T. ) ;
#6790 = ORIENTED_EDGE ( 'NONE', *, *, #6112, .F. ) ;
#6791 = VECTOR ( 'NONE', #11485, 1000.000000000000000 ) ;
#6792 = CARTESIAN_POINT ( 'NONE',  ( -185.0002636468051378, 19.99999999999814193, 30.07261451047381229 ) ) ;
#6793 = EDGE_CURVE ( 'NONE', #11726, #9668, #10481, .T. ) ;
#6794 = ORIENTED_EDGE ( 'NONE', *, *, #11798, .T. ) ;
#6795 = CARTESIAN_POINT ( 'NONE',  ( 0.000000000000000000, 0.000000000000000000, -75.00000000000001421 ) ) ;
#6796 = LINE ( 'NONE', #8707, #10706 ) ;
#6797 = DIRECTION ( 'NONE',  ( 0.000000000000000000, -0.000000000000000000, -1.000000000000000000 ) ) ;
#6798 = VECTOR ( 'NONE', #11390, 1000.000000000000114 ) ;
#6799 = ADVANCED_FACE ( 'NONE', ( #2868 ), #4040, .F. ) ;
#6800 = ORIENTED_EDGE ( 'NONE', *, *, #9174, .T. ) ;
#6801 = CARTESIAN_POINT ( 'NONE',  ( 14.84924240491747582, 20.00000000000000000, 12.74924240491752592 ) ) ;
#6802 = EDGE_LOOP ( 'NONE', ( #2039, #10435 ) ) ;
#6803 = ORIENTED_EDGE ( 'NONE', *, *, #5712, .T. ) ;
#6804 = ADVANCED_FACE ( 'NONE', ( #2189 ), #4984, .F. ) ;
#6805 = EDGE_LOOP ( 'NONE', ( #3078, #1537 ) ) ;
#6806 = CYLINDRICAL_SURFACE ( 'NONE', #2606, 2.100000000000000533 ) ;
#6807 = CIRCLE ( 'NONE', #10983, 35.00000000000000000 ) ;
#6808 = DIRECTION ( 'NONE',  ( 0.000000000000000000, 0.000000000000000000, 1.000000000000000000 ) ) ;
#6809 = DIRECTION ( 'NONE',  ( 0.000000000000000000, -1.000000000000000000, 0.000000000000000000 ) ) ;
#6810 = LINE ( 'NONE', #2157, #6913 ) ;
#6811 = LINE ( 'NONE', #9850, #8224 ) ;
#6812 = EDGE_CURVE ( 'NONE', #97, #11363, #1616, .T. ) ;
#6813 = DIRECTION ( 'NONE',  ( 1.000000000000000000, 0.000000000000000000, 0.000000000000000000 ) ) ;
#6814 = EDGE_CURVE ( 'NONE', #10935, #8309, #206, .T. ) ;
#6815 = DIRECTION ( 'NONE',  ( 0.000000000000000000, 1.000000000000000000, 0.000000000000000000 ) ) ;
#6816 = AXIS2_PLACEMENT_3D ( 'NONE', #9021, #9947, #5114 ) ;
#6817 = ORIENTED_EDGE ( 'NONE', *, *, #977, .F. ) ;
#6818 = DIRECTION ( 'NONE',  ( -0.000000000000000000, 1.000000000000000000, -0.000000000000000000 ) ) ;
#6819 = VERTEX_POINT ( 'NONE', #11556 ) ;
#6820 = CARTESIAN_POINT ( 'NONE',  ( 75.00000000000001421, 0.000000000000000000, -40.00000000000000000 ) ) ;
#6821 = DIRECTION ( 'NONE',  ( 0.007261451051829059637, 0.000000000000000000, -0.9999736353167626435 ) ) ;
#6822 = ORIENTED_EDGE ( 'NONE', *, *, #11272, .F. ) ;
#6823 = DIRECTION ( 'NONE',  ( -0.000000000000000000, 1.000000000000000000, -0.000000000000000000 ) ) ;
#6824 = FACE_BOUND ( 'NONE', #9079, .T. ) ;
#6825 = AXIS2_PLACEMENT_3D ( 'NONE', #1422, #3454, #8982 ) ;
#6826 = LINE ( 'NONE', #1082, #660 ) ;
#6827 = AXIS2_PLACEMENT_3D ( 'NONE', #328, #3151, #1380 ) ;
#6828 = CARTESIAN_POINT ( 'NONE',  ( 0.000000000000000000, 28.80000000000000071, 0.000000000000000000 ) ) ;
#6829 = EDGE_LOOP ( 'NONE', ( #5627, #5907, #2278, #618 ) ) ;
#6830 = DIRECTION ( 'NONE',  ( -1.387778780781445182E-16, -0.000000000000000000, -1.000000000000000000 ) ) ;
#6831 = ORIENTED_EDGE ( 'NONE', *, *, #592, .F. ) ;
#6832 = LINE ( 'NONE', #10667, #5933 ) ;
#6833 = VECTOR ( 'NONE', #10414, 1000.000000000000000 ) ;
#6834 = ORIENTED_EDGE ( 'NONE', *, *, #7540, .F. ) ;
#6835 = DIRECTION ( 'NONE',  ( -0.000000000000000000, 1.000000000000000000, -0.000000000000000000 ) ) ;
#6836 = AXIS2_PLACEMENT_3D ( 'NONE', #9929, #1564, #2489 ) ;
#6837 = FILL_AREA_STYLE ('',( #275 ) ) ;
#6838 = DIRECTION ( 'NONE',  ( 1.000000000000000000, 0.000000000000000000, 0.000000000000000000 ) ) ;
#6839 = CARTESIAN_POINT ( 'NONE',  ( -21.00000000000000000, 34.20000000000000284, -1.466422162314116009E-13 ) ) ;
#6840 = DIRECTION ( 'NONE',  ( -0.000000000000000000, -1.000000000000000000, -0.000000000000000000 ) ) ;
#6841 = ORIENTED_EDGE ( 'NONE', *, *, #1596, .F. ) ;
#6842 = CARTESIAN_POINT ( 'NONE',  ( -130.0000000000000000, 20.00000000000000000, -30.00000000000000000 ) ) ;
#6843 = ORIENTED_EDGE ( 'NONE', *, *, #8145, .T. ) ;
#6844 = VERTEX_POINT ( 'NONE', #4918 ) ;
#6845 = DIRECTION ( 'NONE',  ( 5.331723184578484804E-15, 1.000000000000000000, -3.191891195797325054E-16 ) ) ;
#6846 = ORIENTED_EDGE ( 'NONE', *, *, #3419, .T. ) ;
#6847 = CYLINDRICAL_SURFACE ( 'NONE', #8552, 30.00000000000000000 ) ;
#6848 = CARTESIAN_POINT ( 'NONE',  ( -80.25000000000000000, 20.00000000000000000, 20.00000000000000711 ) ) ;
#6849 = ADVANCED_FACE ( 'NONE', ( #11480 ), #5374, .T. ) ;
#6850 = CARTESIAN_POINT ( 'NONE',  ( -90.00000000000000000, 20.00000000000000000, -19.99999999999998224 ) ) ;
#6851 = FILL_AREA_STYLE ('',( #11576 ) ) ;
#6852 = EDGE_CURVE ( 'NONE', #10764, #6060, #8504, .T. ) ;
#6853 = ORIENTED_EDGE ( 'NONE', *, *, #2127, .T. ) ;
#6854 = LINE ( 'NONE', #1359, #7963 ) ;
#6855 = ORIENTED_EDGE ( 'NONE', *, *, #374, .F. ) ;
#6856 = ORIENTED_EDGE ( 'NONE', *, *, #2570, .T. ) ;
#6857 = ORIENTED_EDGE ( 'NONE', *, *, #6094, .F. ) ;
#6858 = CARTESIAN_POINT ( 'NONE',  ( -30.00000000000000000, 20.00000000000000000, 10.00000000000000000 ) ) ;
#6859 = PRODUCT_RELATED_PRODUCT_CATEGORY ( 'part', '', ( #6525 ) ) ;
#6860 = DIRECTION ( 'NONE',  ( 0.000000000000000000, 1.000000000000000000, 0.000000000000000000 ) ) ;
#6861 = DIRECTION ( 'NONE',  ( 0.000000000000000000, 0.000000000000000000, 1.000000000000000000 ) ) ;
#6862 = LINE ( 'NONE', #10643, #3 ) ;
#6863 = CARTESIAN_POINT ( 'NONE',  ( 5.000000000000000888, 0.000000000000000000, 0.000000000000000000 ) ) ;
#6864 = CARTESIAN_POINT ( 'NONE',  ( 68.73863542433761609, 20.00000000000000000, -30.00000000000000000 ) ) ;
#6865 = EDGE_CURVE ( 'NONE', #11991, #4674, #8900, .T. ) ;
#6866 = CARTESIAN_POINT ( 'NONE',  ( -7.332110811570580046E-14, 22.72893218813453231, 21.00000000000000000 ) ) ;
#6867 = ORIENTED_EDGE ( 'NONE', *, *, #5472, .T. ) ;
#6868 = FACE_OUTER_BOUND ( 'NONE', #9457, .T. ) ;
#6869 = SURFACE_STYLE_FILL_AREA ( #8995 ) ;
#6870 = ORIENTED_EDGE ( 'NONE', *, *, #4556, .T. ) ;
#6871 = CARTESIAN_POINT ( 'NONE',  ( 7.347880794884118356E-15, 43.00000000000000000, 60.00000000000000000 ) ) ;
#6872 = EDGE_CURVE ( 'NONE', #304, #3101, #4732, .T. ) ;
#6873 = FACE_OUTER_BOUND ( 'NONE', #4189, .T. ) ;
#6874 = EDGE_CURVE ( 'NONE', #7939, #10721, #4739, .T. ) ;
#6875 = VERTEX_POINT ( 'NONE', #10438 ) ;
#6876 = DIRECTION ( 'NONE',  ( 1.000000000000000000, 0.000000000000000000, 0.000000000000000000 ) ) ;
#6877 = DIRECTION ( 'NONE',  ( 0.000000000000000000, 0.000000000000000000, 1.000000000000000000 ) ) ;
#6878 = CARTESIAN_POINT ( 'NONE',  ( 138.3273854894823955, 3.000000000000000000, -360.0007909404973248 ) ) ;
#6879 = ADVANCED_FACE ( 'NONE', ( #6659 ), #1947, .F. ) ;
#6880 = VERTEX_POINT ( 'NONE', #2006 ) ;
#6881 = CARTESIAN_POINT ( 'NONE',  ( 0.000000000000000000, 35.39999999999999858, -45.00000000000000711 ) ) ;
#6882 = ORIENTED_EDGE ( 'NONE', *, *, #3541, .F. ) ;
#6883 = CARTESIAN_POINT ( 'NONE',  ( -23.00000000000000000, 34.20000000000000284, -5.000000000000000000 ) ) ;
#6884 = UNCERTAINTY_MEASURE_WITH_UNIT (LENGTH_MEASURE( 1.000000000000000082E-05 ), #11617, 'distance_accuracy_value', 'NONE');
#6885 = ADVANCED_FACE ( 'NONE', ( #1025 ), #8577, .F. ) ;
#6886 = EDGE_LOOP ( 'NONE', ( #3302, #6028, #2422, #8488 ) ) ;
#6887 = EDGE_CURVE ( 'NONE', #5150, #8874, #2985, .T. ) ;
#6888 = LINE ( 'NONE', #5046, #3569 ) ;
#6889 = ORIENTED_EDGE ( 'NONE', *, *, #2628, .F. ) ;
#6890 = DIRECTION ( 'NONE',  ( 0.000000000000000000, 0.000000000000000000, 1.000000000000000000 ) ) ;
#6891 = DIRECTION ( 'NONE',  ( 0.000000000000000000, 0.000000000000000000, 1.000000000000000000 ) ) ;
#6892 = CARTESIAN_POINT ( 'NONE',  ( 130.0000000000000000, 20.00000000000000000, -30.00000000000000000 ) ) ;
#6893 = LINE ( 'NONE', #8765, #11915 ) ;
#6894 = FACE_OUTER_BOUND ( 'NONE', #6886, .T. ) ;
#6895 =( LENGTH_UNIT ( ) NAMED_UNIT ( * ) SI_UNIT ( .MILLI., .METRE. ) );
#6896 =( NAMED_UNIT ( * ) SI_UNIT ( $, .STERADIAN. ) SOLID_ANGLE_UNIT ( ) );
#6897 = PLANE ( 'NONE',  #5934 ) ;
#6898 = ORIENTED_EDGE ( 'NONE', *, *, #5877, .T. ) ;
#6899 = DIRECTION ( 'NONE',  ( -1.000000000000000000, 0.000000000000000000, 0.000000000000000000 ) ) ;
#6900 = EDGE_CURVE ( 'NONE', #6908, #3166, #6709, .T. ) ;
#6901 = ORIENTED_EDGE ( 'NONE', *, *, #12042, .T. ) ;
#6902 = ORIENTED_EDGE ( 'NONE', *, *, #7459, .T. ) ;
#6903 = APPLICATION_PROTOCOL_DEFINITION ( 'draft international standard', 'automotive_design', 1998, #2672 ) ;
#6904 = ORIENTED_EDGE ( 'NONE', *, *, #2980, .F. ) ;
#6905 = DIRECTION ( 'NONE',  ( 0.000000000000000000, 1.000000000000000000, 0.000000000000000000 ) ) ;
#6906 = CARTESIAN_POINT ( 'NONE',  ( 0.000000000000000000, 16.00000000000000000, -75.00000000000001421 ) ) ;
#6907 = CARTESIAN_POINT ( 'NONE',  ( -7.000000000000001776, 34.20000000000000284, -18.73499399519520026 ) ) ;
#6908 = VERTEX_POINT ( 'NONE', #1092 ) ;
#6909 = DIRECTION ( 'NONE',  ( 0.000000000000000000, -0.000000000000000000, 1.000000000000000000 ) ) ;
#6910 = EDGE_CURVE ( 'NONE', #10284, #5364, #4864, .T. ) ;
#6911 = VERTEX_POINT ( 'NONE', #8687 ) ;
#6912 = VERTEX_POINT ( 'NONE', #10618 ) ;
#6913 = VECTOR ( 'NONE', #5819, 1000.000000000000000 ) ;
#6914 = VECTOR ( 'NONE', #5883, 1000.000000000000000 ) ;
#6915 =( GEOMETRIC_REPRESENTATION_CONTEXT ( 3 ) GLOBAL_UNCERTAINTY_ASSIGNED_CONTEXT ( ( #4289 ) ) GLOBAL_UNIT_ASSIGNED_CONTEXT ( ( #686, #12134, #9333 ) ) REPRESENTATION_CONTEXT ( 'NONE', 'WORKASPACE' ) );
#6916 = EDGE_LOOP ( 'NONE', ( #3143, #9957, #4225, #5557 ) ) ;
#6917 = LINE ( 'NONE', #8720, #7941 ) ;
#6918 = DIRECTION ( 'NONE',  ( -1.000000000000000000, 0.000000000000000000, -0.000000000000000000 ) ) ;
#6919 = CARTESIAN_POINT ( 'NONE',  ( -130.0000000000000000, 20.00000000000000000, 9.999999999999998224 ) ) ;
#6920 = DIRECTION ( 'NONE',  ( 0.000000000000000000, 0.000000000000000000, 1.000000000000000000 ) ) ;
#6921 = VECTOR ( 'NONE', #5662, 1000.000000000000000 ) ;
#6922 = DIRECTION ( 'NONE',  ( 0.000000000000000000, -1.000000000000000000, 0.000000000000000000 ) ) ;
#6923 = DIRECTION ( 'NONE',  ( 0.000000000000000000, 0.000000000000000000, 1.000000000000000000 ) ) ;
#6924 = AXIS2_PLACEMENT_3D ( 'NONE', #9815, #4915, #4161 ) ;
#6925 = AXIS2_PLACEMENT_3D ( 'NONE', #1498, #5274, #4327 ) ;
#6926 = AXIS2_PLACEMENT_3D ( 'NONE', #4930, #10451, #4694 ) ;
#6927 = PLANE ( 'NONE',  #8513 ) ;
#6928 = PRODUCT_DEFINITION_SHAPE ( 'NONE', 'NONE',  #12262 ) ;
#6929 = EDGE_LOOP ( 'NONE', ( #7218, #12154, #569, #11758 ) ) ;
#6930 = CYLINDRICAL_SURFACE ( 'NONE', #1442, 4.999999999999999112 ) ;
#6931 = LINE ( 'NONE', #8057, #8349 ) ;
#6932 = ORIENTED_EDGE ( 'NONE', *, *, #12053, .F. ) ;
#6933 = AXIS2_PLACEMENT_3D ( 'NONE', #3948, #6634, #998 ) ;
#6934 = DIRECTION ( 'NONE',  ( 0.000000000000000000, 1.224646799147353207E-16, 1.000000000000000000 ) ) ;
#6935 = CARTESIAN_POINT ( 'NONE',  ( 30.00000000000000000, 20.00000000000000000, 10.00000000000000000 ) ) ;
#6936 = VECTOR ( 'NONE', #136, 1000.000000000000000 ) ;
#6937 = VECTOR ( 'NONE', #1343, 1000.000000000000000 ) ;
#6938 = EDGE_CURVE ( 'NONE', #8866, #1382, #1692, .T. ) ;
#6939 = ORIENTED_EDGE ( 'NONE', *, *, #3162, .F. ) ;
#6940 = VECTOR ( 'NONE', #3913, 1000.000000000000000 ) ;
#6941 = LINE ( 'NONE', #325, #3984 ) ;
#6942 = FACE_BOUND ( 'NONE', #5978, .T. ) ;
#6943 = TOROIDAL_SURFACE ( 'NONE', #6753, 15.40000000000000036, 0.6000000000000007550 ) ;
#6944 = COLOUR_RGB ( '',0.7921568627450980005, 0.8196078431372548767, 0.9333333333333333481 ) ;
#6945 = ORIENTED_EDGE ( 'NONE', *, *, #1639, .F. ) ;
#6946 = CARTESIAN_POINT ( 'NONE',  ( 11.31370849898482156, 7.066904755831209251, 11.31370849898470077 ) ) ;
#6947 = AXIS2_PLACEMENT_3D ( 'NONE', #10234, #6684, #7381 ) ;
#6948 = VECTOR ( 'NONE', #9200, 1000.000000000000000 ) ;
#6949 = ORIENTED_EDGE ( 'NONE', *, *, #7944, .T. ) ;
#6950 = EDGE_CURVE ( 'NONE', #7921, #8775, #3596, .T. ) ;
#6951 = CARTESIAN_POINT ( 'NONE',  ( -218.4000000000000625, 20.00000000000000000, -155.0000000000000853 ) ) ;
#6952 = VERTEX_POINT ( 'NONE', #7258 ) ;
#6953 = CYLINDRICAL_SURFACE ( 'NONE', #11287, 2.100000000000004530 ) ;
#6954 = CIRCLE ( 'NONE', #5587, 27.24999999999998224 ) ;
#6955 = AXIS2_PLACEMENT_3D ( 'NONE', #264, #3040, #6876 ) ;
#6956 = ADVANCED_FACE ( 'NONE', ( #10178 ), #8247, .T. ) ;
#6957 = ORIENTED_EDGE ( 'NONE', *, *, #8691, .F. ) ;
#6958 = CARTESIAN_POINT ( 'NONE',  ( -90.00000000000000000, 0.000000000000000000, -10.24999999999998224 ) ) ;
#6959 = SURFACE_STYLE_USAGE ( .BOTH. , #10619 ) ;
#6960 = VECTOR ( 'NONE', #6061, 1000.000000000000000 ) ;
#6961 = DIRECTION ( 'NONE',  ( -0.000000000000000000, 1.000000000000000000, -0.000000000000000000 ) ) ;
#6962 = AXIS2_PLACEMENT_3D ( 'NONE', #4518, #8360, #6443 ) ;
#6963 = DIRECTION ( 'NONE',  ( 0.000000000000000000, 0.000000000000000000, 1.000000000000000000 ) ) ;
#6964 = CARTESIAN_POINT ( 'NONE',  ( 0.000000000000000000, 35.39999999999999858, 0.000000000000000000 ) ) ;
#6965 = EDGE_CURVE ( 'NONE', #6880, #10279, #4472, .T. ) ;
#6966 = CARTESIAN_POINT ( 'NONE',  ( -49.00000000000000000, 10.00000000000000000, -9.999999999999985789 ) ) ;
#6967 = EDGE_CURVE ( 'NONE', #984, #10683, #6029, .T. ) ;
#6968 = DIRECTION ( 'NONE',  ( -1.000000000000000000, 0.000000000000000000, 0.000000000000000000 ) ) ;
#6969 =( GEOMETRIC_REPRESENTATION_CONTEXT ( 3 ) GLOBAL_UNCERTAINTY_ASSIGNED_CONTEXT ( ( #1830 ) ) GLOBAL_UNIT_ASSIGNED_CONTEXT ( ( #784, #10307, #4610 ) ) REPRESENTATION_CONTEXT ( 'NONE', 'WORKASPACE' ) );
#6970 = ORIENTED_EDGE ( 'NONE', *, *, #3089, .F. ) ;
#6971 = AXIS2_PLACEMENT_3D ( 'NONE', #9248, #2842, #12090 ) ;
#6972 = CYLINDRICAL_SURFACE ( 'NONE', #9924, 6.300000000000000711 ) ;
#6973 = AXIS2_PLACEMENT_3D ( 'NONE', #62, #6621, #3830 ) ;
#6974 = ORIENTED_EDGE ( 'NONE', *, *, #2980, .T. ) ;
#6975 = DIRECTION ( 'NONE',  ( 0.000000000000000000, 0.000000000000000000, 1.000000000000000000 ) ) ;
#6976 = ORIENTED_EDGE ( 'NONE', *, *, #8622, .T. ) ;
#6977 = ORIENTED_EDGE ( 'NONE', *, *, #11821, .T. ) ;
#6978 = APPLICATION_PROTOCOL_DEFINITION ( 'draft international standard', 'automotive_design', 1998, #849 ) ;
#6979 = ORIENTED_EDGE ( 'NONE', *, *, #6433, .T. ) ;
#6980 = DIRECTION ( 'NONE',  ( -0.000000000000000000, 1.000000000000000000, -0.000000000000000000 ) ) ;
#6981 = PRESENTATION_LAYER_ASSIGNMENT (  '', '', ( #58 ) ) ;
#6982 = DIRECTION ( 'NONE',  ( -1.000000000000000000, 0.000000000000000000, -0.000000000000000000 ) ) ;
#6983 = FACE_OUTER_BOUND ( 'NONE', #5964, .T. ) ;
#6984 = AXIS2_PLACEMENT_3D ( 'NONE', #1775, #6668, #5556 ) ;
#6985 = ADVANCED_FACE ( 'NONE', ( #4524 ), #2610, .T. ) ;
#6986 = FACE_OUTER_BOUND ( 'NONE', #5710, .T. ) ;
#6987 = CIRCLE ( 'NONE', #7387, 20.00000000000000355 ) ;
#6988 = ORIENTED_EDGE ( 'NONE', *, *, #11366, .F. ) ;
#6989 = CARTESIAN_POINT ( 'NONE',  ( -6.300000000000000711, 34.20000000000000284, 16.86149459567567632 ) ) ;
#6990 = EDGE_LOOP ( 'NONE', ( #10450, #9148, #11846, #3282 ) ) ;
#6991 = EDGE_LOOP ( 'NONE', ( #1655, #7071, #11059, #9058 ) ) ;
#6992 = DIRECTION ( 'NONE',  ( 0.000000000000000000, 0.000000000000000000, -1.000000000000000000 ) ) ;
#6993 = VERTEX_POINT ( 'NONE', #6958 ) ;
#6994 = CARTESIAN_POINT ( 'NONE',  ( 22.36067977499791581, 20.00000000000000000, -19.99999999999997868 ) ) ;
#6995 = DIRECTION ( 'NONE',  ( -0.000000000000000000, -1.000000000000000000, -0.000000000000000000 ) ) ;
#6996 = FACE_OUTER_BOUND ( 'NONE', #2914, .T. ) ;
#6997 = CARTESIAN_POINT ( 'NONE',  ( -11.31370849898490150, 2.399999999999999467, -12.96370849898462119 ) ) ;
#6998 = DIRECTION ( 'NONE',  ( 1.000000000000000000, -0.000000000000000000, 3.545536741751475049E-16 ) ) ;
#6999 = CIRCLE ( 'NONE', #10963, 75.00000000000001421 ) ;
#7000 = CARTESIAN_POINT ( 'NONE',  ( 0.000000000000000000, 33.20000000000000284, 0.000000000000000000 ) ) ;
#7001 = LINE ( 'NONE', #3280, #7341 ) ;
#7002 = ORIENTED_EDGE ( 'NONE', *, *, #1304, .F. ) ;
#7003 = DIRECTION ( 'NONE',  ( -0.000000000000000000, -0.000000000000000000, -1.000000000000000000 ) ) ;
#7004 = CARTESIAN_POINT ( 'NONE',  ( -68.73863542433761609, 0.000000000000000000, -30.00000000000000000 ) ) ;
#7005 = VERTEX_POINT ( 'NONE', #1336 ) ;
#7006 = CIRCLE ( 'NONE', #886, 45.00000000000000711 ) ;
#7007 = CARTESIAN_POINT ( 'NONE',  ( 75.00000000000001421, 20.00000000000000000, -40.00000000000000000 ) ) ;
#7008 = DIRECTION ( 'NONE',  ( 0.000000000000000000, 0.000000000000000000, -1.000000000000000000 ) ) ;
#7009 = ORIENTED_EDGE ( 'NONE', *, *, #11146, .T. ) ;
#7010 = DIRECTION ( 'NONE',  ( 0.000000000000000000, 0.000000000000000000, -1.000000000000000000 ) ) ;
#7011 = CARTESIAN_POINT ( 'NONE',  ( 0.000000000000000000, 2.999999999999999112, 0.000000000000000000 ) ) ;
#7012 = CARTESIAN_POINT ( 'NONE',  ( -11.31370849898474162, -2.500000000000000000, 11.31370849898478248 ) ) ;
#7013 = ADVANCED_FACE ( 'NONE', ( #5109 ), #11171, .F. ) ;
#7014 = VECTOR ( 'NONE', #3263, 1000.000000000000000 ) ;
#7015 = ORIENTED_EDGE ( 'NONE', *, *, #10217, .T. ) ;
#7016 = CARTESIAN_POINT ( 'NONE',  ( -113.7500000000000995, 20.00000000000000000, -110.0000000000000142 ) ) ;
#7017 = VERTEX_POINT ( 'NONE', #7024 ) ;
#7018 = EDGE_CURVE ( 'NONE', #11739, #8717, #6320, .T. ) ;
#7019 = DIRECTION ( 'NONE',  ( -0.000000000000000000, -1.000000000000000000, -0.000000000000000000 ) ) ;
#7020 = EDGE_LOOP ( 'NONE', ( #258, #11134 ) ) ;
#7021 = FACE_OUTER_BOUND ( 'NONE', #1972, .T. ) ;
#7022 = AXIS2_PLACEMENT_3D ( 'NONE', #345, #4923, #4814 ) ;
#7023 = ORIENTED_EDGE ( 'NONE', *, *, #9928, .F. ) ;
#7024 = CARTESIAN_POINT ( 'NONE',  ( -11.31370849898474162, -2.500000000000000000, 9.663708498984785678 ) ) ;
#7025 = CARTESIAN_POINT ( 'NONE',  ( 2.999999999999998224, 34.20000000000000284, 23.00000000000000000 ) ) ;
#7026 = EDGE_CURVE ( 'NONE', #2430, #9256, #4163, .T. ) ;
#7027 = LINE ( 'NONE', #5297, #6775 ) ;
#7028 = CIRCLE ( 'NONE', #5864, 80.00000000000000000 ) ;
#7029 = ADVANCED_FACE ( 'NONE', ( #5049 ), #9758, .F. ) ;
#7030 = LINE ( 'NONE', #11750, #9996 ) ;
#7031 = PLANE ( 'NONE',  #8180 ) ;
#7032 = ORIENTED_EDGE ( 'NONE', *, *, #3545, .T. ) ;
#7033 = EDGE_CURVE ( 'NONE', #7675, #9754, #1276, .T. ) ;
#7034 = CARTESIAN_POINT ( 'NONE',  ( 238.3273854894817134, 3.000000000000000000, -215.0002636468324511 ) ) ;
#7035 = ORIENTED_EDGE ( 'NONE', *, *, #3244, .F. ) ;
#7036 = CARTESIAN_POINT ( 'NONE',  ( -21.00000000000000000, 0.000000000000000000, 2.099999999999853095 ) ) ;
#7037 = VECTOR ( 'NONE', #7058, 1000.000000000000000 ) ;
#7038 = EDGE_LOOP ( 'NONE', ( #6846, #7622, #4877, #7322 ) ) ;
#7039 = VECTOR ( 'NONE', #7444, 1000.000000000000000 ) ;
#7040 = ORIENTED_EDGE ( 'NONE', *, *, #10715, .F. ) ;
#7041 = EDGE_LOOP ( 'NONE', ( #11177, #12082, #5866, #4097 ) ) ;
#7042 = CARTESIAN_POINT ( 'NONE',  ( 238.3273854894816850, -39.99999999999999289, -280.0002636468323658 ) ) ;
#7043 = ADVANCED_FACE ( 'NONE', ( #7951 ), #609, .F. ) ;
#7044 = PLANE ( 'NONE',  #850 ) ;
#7045 = DIRECTION ( 'NONE',  ( 0.000000000000000000, 1.224646799147352961E-16, 1.000000000000000000 ) ) ;
#7046 = CYLINDRICAL_SURFACE ( 'NONE', #6423, 79.99999999999995737 ) ;
#7047 = AXIS2_PLACEMENT_3D ( 'NONE', #12021, #1366, #7059 ) ;
#7048 = VERTEX_POINT ( 'NONE', #6389 ) ;
#7049 = DIRECTION ( 'NONE',  ( -0.000000000000000000, -0.000000000000000000, -1.000000000000000000 ) ) ;
#7050 = VERTEX_POINT ( 'NONE', #4098 ) ;
#7051 = EDGE_LOOP ( 'NONE', ( #6123, #1905, #4245, #11814 ) ) ;
#7052 = CLOSED_SHELL ( 'NONE', ( #4062, #4672, #6375, #6305, #6879, #4007, #11971, #12051, #167, #11552, #11039, #10607, #9835, #8664, #9917, #3992, #7079, #3421, #7661, #12210, #1461, #1298, #4047, #2990, #9473 ) ) ;
#7053 = CARTESIAN_POINT ( 'NONE',  ( 0.000000000000000000, 2.399999999999999467, 0.000000000000000000 ) ) ;
#7054 = ORIENTED_EDGE ( 'NONE', *, *, #9847, .F. ) ;
#7055 = DIRECTION ( 'NONE',  ( -0.000000000000000000, -0.000000000000000000, -1.000000000000000000 ) ) ;
#7056 = EDGE_CURVE ( 'NONE', #12054, #9773, #7507, .T. ) ;
#7057 = AXIS2_PLACEMENT_3D ( 'NONE', #10480, #6700, #11467 ) ;
#7058 = DIRECTION ( 'NONE',  ( -0.000000000000000000, 1.000000000000000000, -0.000000000000000000 ) ) ;
#7059 = DIRECTION ( 'NONE',  ( 0.000000000000000000, 0.000000000000000000, -1.000000000000000000 ) ) ;
#7060 = LINE ( 'NONE', #4456, #2573 ) ;
#7061 = DIRECTION ( 'NONE',  ( 5.550529771288700461E-15, 0.000000000000000000, -1.000000000000000000 ) ) ;
#7062 = DIRECTION ( 'NONE',  ( -0.000000000000000000, -0.000000000000000000, -1.000000000000000000 ) ) ;
#7063 = DIRECTION ( 'NONE',  ( 0.000000000000000000, 0.000000000000000000, 1.000000000000000000 ) ) ;
#7064 = ORIENTED_EDGE ( 'NONE', *, *, #9994, .T. ) ;
#7065 = DIRECTION ( 'NONE',  ( -0.000000000000000000, 1.000000000000000000, -0.000000000000000000 ) ) ;
#7066 = DIRECTION ( 'NONE',  ( 0.000000000000000000, 0.000000000000000000, 1.000000000000000000 ) ) ;
#7067 = ORIENTED_EDGE ( 'NONE', *, *, #5153, .T. ) ;
#7068 = CARTESIAN_POINT ( 'NONE',  ( 6.299999999999998934, 34.20000000000000284, -16.86149459567567632 ) ) ;
#7069 = ADVANCED_FACE ( 'NONE', ( #10747 ), #2263, .T. ) ;
#7070 = CARTESIAN_POINT ( 'NONE',  ( -80.25000000000000000, 20.00000000000000000, -19.99999999999998224 ) ) ;
#7071 = ORIENTED_EDGE ( 'NONE', *, *, #4416, .T. ) ;
#7072 = CARTESIAN_POINT ( 'NONE',  ( 238.3273854894816850, -43.00000000000000000, -90.00026364683253632 ) ) ;
#7073 = DIRECTION ( 'NONE',  ( -0.000000000000000000, 0.000000000000000000, 1.000000000000000000 ) ) ;
#7074 = DIRECTION ( 'NONE',  ( 0.000000000000000000, -1.000000000000000000, 0.000000000000000000 ) ) ;
#7075 = ORIENTED_EDGE ( 'NONE', *, *, #2807, .F. ) ;
#7076 = CARTESIAN_POINT ( 'NONE',  ( -14.84924240491757885, 20.00000000000000000, 14.84924240491742076 ) ) ;
#7077 = ORIENTED_EDGE ( 'NONE', *, *, #4611, .F. ) ;
#7078 = CARTESIAN_POINT ( 'NONE',  ( -21.00000000000000000, 20.00000000000000000, -1.466422162314116009E-13 ) ) ;
#7079 = ADVANCED_FACE ( 'NONE', ( #5335 ), #9118, .T. ) ;
#7080 = ORIENTED_EDGE ( 'NONE', *, *, #8063, .T. ) ;
#7081 = CARTESIAN_POINT ( 'NONE',  ( 218.3273854894824524, 0.000000000000000000, -280.0007909404973248 ) ) ;
#7082 = ORIENTED_EDGE ( 'NONE', *, *, #6872, .T. ) ;
#7083 = DIRECTION ( 'NONE',  ( 0.000000000000000000, -1.000000000000000000, 0.000000000000000000 ) ) ;
#7084 = CYLINDRICAL_SURFACE ( 'NONE', #4798, 79.99999999999995737 ) ;
#7085 = DIRECTION ( 'NONE',  ( 1.000000000000000000, 0.000000000000000000, -0.000000000000000000 ) ) ;
#7086 = CARTESIAN_POINT ( 'NONE',  ( 238.3273854894817134, 3.000000000000000000, -215.0002636468324511 ) ) ;
#7087 = ORIENTED_EDGE ( 'NONE', *, *, #2591, .F. ) ;
#7088 = CARTESIAN_POINT ( 'NONE',  ( -21.00000000000000000, 22.72893218813453231, -2.500000000000143441 ) ) ;
#7089 = ORIENTED_EDGE ( 'NONE', *, *, #12114, .T. ) ;
#7090 = CARTESIAN_POINT ( 'NONE',  ( -120.2500000000000284, 20.00000000000000000, -19.99999999999998579 ) ) ;
#7091 = VERTEX_POINT ( 'NONE', #1223 ) ;
#7092 = ORIENTED_EDGE ( 'NONE', *, *, #4652, .T. ) ;
#7093 = DIRECTION ( 'NONE',  ( 1.000000000000000000, 0.000000000000000000, 0.000000000000000000 ) ) ;
#7094 = ORIENTED_EDGE ( 'NONE', *, *, #10030, .T. ) ;
#7095 = DIRECTION ( 'NONE',  ( 0.000000000000000000, 0.000000000000000000, -1.000000000000000000 ) ) ;
#7096 = EDGE_CURVE ( 'NONE', #11881, #6445, #7324, .T. ) ;
#7097 = FACE_OUTER_BOUND ( 'NONE', #8893, .T. ) ;
#7098 = CARTESIAN_POINT ( 'NONE',  ( 21.00000000000000000, 22.72893218813453231, -2.499999999999998668 ) ) ;
#7099 = SURFACE_STYLE_FILL_AREA ( #8223 ) ;
#7100 = EDGE_LOOP ( 'NONE', ( #476, #2598, #6042, #2579 ) ) ;
#7101 = EDGE_CURVE ( 'NONE', #3226, #8230, #9366, .T. ) ;
#7102 = LINE ( 'NONE', #1670, #3803 ) ;
#7103 = ORIENTED_EDGE ( 'NONE', *, *, #3898, .F. ) ;
#7104 = EDGE_LOOP ( 'NONE', ( #1644, #5813, #6159, #8968 ) ) ;
#7105 = DIRECTION ( 'NONE',  ( -0.000000000000000000, -1.000000000000000000, -0.000000000000000000 ) ) ;
#7106 = ORIENTED_EDGE ( 'NONE', *, *, #3030, .F. ) ;
#7107 = DIRECTION ( 'NONE',  ( 0.000000000000000000, 0.000000000000000000, 1.000000000000000000 ) ) ;
#7108 = DIRECTION ( 'NONE',  ( 0.000000000000000000, -0.000000000000000000, 1.000000000000000000 ) ) ;
#7109 = EDGE_CURVE ( 'NONE', #801, #737, #2173, .T. ) ;
#7110 = DIRECTION ( 'NONE',  ( 0.000000000000000000, 0.000000000000000000, -1.000000000000000000 ) ) ;
#7111 = CARTESIAN_POINT ( 'NONE',  ( 0.07261451051825866532, 0.000000000000000000, -360.0007909404973816 ) ) ;
#7112 = DIRECTION ( 'NONE',  ( -1.734723475976807094E-15, 0.000000000000000000, 1.000000000000000000 ) ) ;
#7113 = CARTESIAN_POINT ( 'NONE',  ( -4.400000000000001243, 0.000000000000000000, -16.00000000000000000 ) ) ;
#7114 = EDGE_CURVE ( 'NONE', #386, #10580, #6450, .T. ) ;
#7115 = EDGE_CURVE ( 'NONE', #6015, #6243, #6687, .T. ) ;
#7116 = FACE_OUTER_BOUND ( 'NONE', #556, .T. ) ;
#7117 = AXIS2_PLACEMENT_3D ( 'NONE', #11343, #9294, #2676 ) ;
#7118 = VERTEX_POINT ( 'NONE', #8481 ) ;
#7119 = CARTESIAN_POINT ( 'NONE',  ( 0.000000000000000000, 11.19999999999999751, 0.000000000000000000 ) ) ;
#7120 = DIRECTION ( 'NONE',  ( -0.000000000000000000, 1.000000000000000000, -0.000000000000000000 ) ) ;
#7121 = VERTEX_POINT ( 'NONE', #11225 ) ;
#7122 = CYLINDRICAL_SURFACE ( 'NONE', #9309, 10.00000000000000178 ) ;
#7123 = CARTESIAN_POINT ( 'NONE',  ( -4.400000000000000355, 0.000000000000000000, -15.40000000000000036 ) ) ;
#7124 = AXIS2_PLACEMENT_3D ( 'NONE', #1885, #4726, #8496 ) ;
#7125 = ORIENTED_EDGE ( 'NONE', *, *, #9595, .F. ) ;
#7126 = LINE ( 'NONE', #10988, #2026 ) ;
#7127 = CARTESIAN_POINT ( 'NONE',  ( 0.000000000000000000, 0.000000000000000000, 3.000000000000000000 ) ) ;
#7128 = AXIS2_PLACEMENT_3D ( 'NONE', #10157, #2982, #12070 ) ;
#7129 = CIRCLE ( 'NONE', #10677, 1.649999999999998579 ) ;
#7130 = VECTOR ( 'NONE', #3409, 1000.000000000000000 ) ;
#7131 = DIRECTION ( 'NONE',  ( -1.000000000000000000, 0.000000000000000000, 0.000000000000000000 ) ) ;
#7132 = ORIENTED_EDGE ( 'NONE', *, *, #10665, .F. ) ;
#7133 = EDGE_CURVE ( 'NONE', #9833, #3507, #1749, .T. ) ;
#7134 = CARTESIAN_POINT ( 'NONE',  ( 218.3273854894824808, -43.00000000000000000, -95.00026364683250790 ) ) ;
#7135 = AXIS2_PLACEMENT_3D ( 'NONE', #11457, #6571, #10364 ) ;
#7136 = ORIENTED_EDGE ( 'NONE', *, *, #917, .F. ) ;
#7137 = PLANE ( 'NONE',  #1234 ) ;
#7138 = AXIS2_PLACEMENT_3D ( 'NONE', #3848, #7453, #9307 ) ;
#7139 = UNCERTAINTY_MEASURE_WITH_UNIT (LENGTH_MEASURE( 1.000000000000000082E-05 ), #1842, 'distance_accuracy_value', 'NONE');
#7140 = VERTEX_POINT ( 'NONE', #3888 ) ;
#7141 = LINE ( 'NONE', #12044, #213 ) ;
#7142 = EDGE_LOOP ( 'NONE', ( #5640, #10681, #6651, #11827 ) ) ;
#7143 = VECTOR ( 'NONE', #10972, 1000.000000000000000 ) ;
#7144 = CARTESIAN_POINT ( 'NONE',  ( 80.25000000000000000, 20.00000000000000000, -10.24999999999998224 ) ) ;
#7145 = CARTESIAN_POINT ( 'NONE',  ( 14.84924240491768188, 0.000000000000000000, -14.84924240491732128 ) ) ;
#7146 = CIRCLE ( 'NONE', #3784, 45.00000000000000711 ) ;
#7147 = VECTOR ( 'NONE', #6468, 1000.000000000000000 ) ;
#7148 = EDGE_CURVE ( 'NONE', #504, #7466, #5584, .T. ) ;
#7149 = CARTESIAN_POINT ( 'NONE',  ( 5.449678256205721981E-15, 17.80000000000000071, -44.50000000000000711 ) ) ;
#7150 = ORIENTED_EDGE ( 'NONE', *, *, #3478, .F. ) ;
#7151 = CARTESIAN_POINT ( 'NONE',  ( -130.0000000000000000, 20.00000000000000000, 10.00000000000000000 ) ) ;
#7152 = VECTOR ( 'NONE', #4239, 1000.000000000000000 ) ;
#7153 = ORIENTED_EDGE ( 'NONE', *, *, #9280, .F. ) ;
#7154 = AXIS2_PLACEMENT_3D ( 'NONE', #10318, #8452, #2748 ) ;
#7155 = CYLINDRICAL_SURFACE ( 'NONE', #11679, 44.50000000000000711 ) ;
#7156 = ORIENTED_EDGE ( 'NONE', *, *, #9000, .F. ) ;
#7157 = EDGE_LOOP ( 'NONE', ( #2188, #9564, #5040, #8458 ) ) ;
#7158 = VECTOR ( 'NONE', #10355, 1000.000000000000000 ) ;
#7159 = CIRCLE ( 'NONE', #10519, 2.500000000000000444 ) ;
#7160 = SHAPE_DEFINITION_REPRESENTATION ( #2474, #11531 ) ;
#7161 = ORIENTED_EDGE ( 'NONE', *, *, #6228, .T. ) ;
#7162 = DIRECTION ( 'NONE',  ( -0.000000000000000000, 1.000000000000000000, -0.000000000000000000 ) ) ;
#7163 = DIRECTION ( 'NONE',  ( -0.000000000000000000, -1.000000000000000000, -0.000000000000000000 ) ) ;
#7164 =( REPRESENTATION_RELATIONSHIP ('NONE','NONE', #9464, #11607 ) REPRESENTATION_RELATIONSHIP_WITH_TRANSFORMATION ( #602 )SHAPE_REPRESENTATION_RELATIONSHIP( ) );
#7165 = VECTOR ( 'NONE', #3809, 1000.000000000000000 ) ;
#7166 = CARTESIAN_POINT ( 'NONE',  ( 90.00000000000000000, 20.00000000000000000, -10.24999999999998224 ) ) ;
#7167 = CIRCLE ( 'NONE', #41, 6.300000000000000711 ) ;
#7168 = EDGE_CURVE ( 'NONE', #6787, #9082, #10468, .T. ) ;
#7169 = SURFACE_SIDE_STYLE ('',( #2339 ) ) ;
#7170 = AXIS2_PLACEMENT_3D ( 'NONE', #1044, #6905, #111 ) ;
#7171 = AXIS2_PLACEMENT_3D ( 'NONE', #11409, #2960, #1131 ) ;
#7172 = ORIENTED_EDGE ( 'NONE', *, *, #10658, .T. ) ;
#7173 = EDGE_CURVE ( 'NONE', #10422, #3872, #1980, .T. ) ;
#7174 = LINE ( 'NONE', #10032, #3999 ) ;
#7175 = ORIENTED_EDGE ( 'NONE', *, *, #4312, .F. ) ;
#7176 = ORIENTED_EDGE ( 'NONE', *, *, #4976, .T. ) ;
#7177 = CARTESIAN_POINT ( 'NONE',  ( -7.332110811570580046E-14, 20.00000000000000000, 21.00000000000000000 ) ) ;
#7178 = AXIS2_PLACEMENT_3D ( 'NONE', #7246, #2415, #9048 ) ;
#7179 = AXIS2_PLACEMENT_3D ( 'NONE', #2487, #1562, #1691 ) ;
#7180 = ORIENTED_EDGE ( 'NONE', *, *, #3790, .T. ) ;
#7181 = CARTESIAN_POINT ( 'NONE',  ( -11.31370849898474162, 7.066904755831209251, 9.663708498984785678 ) ) ;
#7182 = AXIS2_PLACEMENT_3D ( 'NONE', #8342, #2464, #6240 ) ;
#7183 = DIRECTION ( 'NONE',  ( 0.000000000000000000, 1.000000000000000000, 0.000000000000000000 ) ) ;
#7184 = CYLINDRICAL_SURFACE ( 'NONE', #995, 27.00000000000000000 ) ;
#7185 = CARTESIAN_POINT ( 'NONE',  ( -0.07261451051832458481, 3.000000000000000000, -380.0002636468324226 ) ) ;
#7186 = EDGE_CURVE ( 'NONE', #1159, #3062, #2381, .T. ) ;
#7187 = CARTESIAN_POINT ( 'NONE',  ( -8.000000000000000000, 9.797174393178825657E-16, 11.00000000000000000 ) ) ;
#7188 = COLOUR_RGB ( '',0.7921568627450980005, 0.8196078431372548767, 0.9333333333333333481 ) ;
#7189 = EDGE_CURVE ( 'NONE', #11446, #1399, #3656, .T. ) ;
#7190 = AXIS2_PLACEMENT_3D ( 'NONE', #3070, #3928, #166 ) ;
#7191 = CARTESIAN_POINT ( 'NONE',  ( 2.199633243471174140E-13, 0.000000000000000000, -18.89999999999999503 ) ) ;
#7192 = VERTEX_POINT ( 'NONE', #8367 ) ;
#7193 = EDGE_CURVE ( 'NONE', #3226, #8066, #2843, .T. ) ;
#7194 = CARTESIAN_POINT ( 'NONE',  ( 0.000000000000000000, 2.200000000000021494, 0.000000000000000000 ) ) ;
#7195 = FACE_OUTER_BOUND ( 'NONE', #7722, .T. ) ;
#7196 = ORIENTED_EDGE ( 'NONE', *, *, #7404, .T. ) ;
#7197 = CARTESIAN_POINT ( 'NONE',  ( -14.84924240491737102, 0.000000000000000000, -12.74924240491763072 ) ) ;
#7198 = DIRECTION ( 'NONE',  ( -1.000000000000000000, 0.000000000000000000, -0.000000000000000000 ) ) ;
#7199 = VECTOR ( 'NONE', #10534, 1000.000000000000000 ) ;
#7200 = VERTEX_POINT ( 'NONE', #8545 ) ;
#7201 = LINE ( 'NONE', #4405, #11335 ) ;
#7202 = ADVANCED_FACE ( 'NONE', ( #992 ), #12160, .F. ) ;
#7203 = EDGE_CURVE ( 'NONE', #11015, #8323, #5735, .T. ) ;
#7204 = FACE_OUTER_BOUND ( 'NONE', #10996, .T. ) ;
#7205 = CARTESIAN_POINT ( 'NONE',  ( -1.675911042644704011E-13, 7.066904755831209251, -15.99999999999999645 ) ) ;
#7206 = CARTESIAN_POINT ( 'NONE',  ( 6.999999999999998224, 34.20000000000000284, 18.73499399519520026 ) ) ;
#7207 = ORIENTED_EDGE ( 'NONE', *, *, #679, .F. ) ;
#7208 = CYLINDRICAL_SURFACE ( 'NONE', #5165, 2.500000000000000444 ) ;
#7209 = VERTEX_POINT ( 'NONE', #2779 ) ;
#7210 = CARTESIAN_POINT ( 'NONE',  ( 138.3273854894824240, -39.99999999999999289, -280.0007909404973248 ) ) ;
#7211 = ORIENTED_EDGE ( 'NONE', *, *, #7214, .F. ) ;
#7212 = DIRECTION ( 'NONE',  ( -0.000000000000000000, 1.000000000000000000, -0.000000000000000000 ) ) ;
#7213 = ORIENTED_EDGE ( 'NONE', *, *, #10640, .T. ) ;
#7214 = EDGE_CURVE ( 'NONE', #8874, #7256, #6565, .T. ) ;
#7215 = FACE_OUTER_BOUND ( 'NONE', #594, .T. ) ;
#7216 = PLANE ( 'NONE',  #9159 ) ;
#7217 = CARTESIAN_POINT ( 'NONE',  ( -16.86149459567567988, 34.20000000000000284, -6.299999999999997158 ) ) ;
#7218 = ORIENTED_EDGE ( 'NONE', *, *, #11454, .F. ) ;
#7219 = CARTESIAN_POINT ( 'NONE',  ( 21.00000000000000000, 29.80000000000000426, 2.499999999999998668 ) ) ;
#7220 = VERTEX_POINT ( 'NONE', #1868 ) ;
#7221 = DIRECTION ( 'NONE',  ( 0.000000000000000000, 1.000000000000000000, 0.000000000000000000 ) ) ;
#7222 = EDGE_LOOP ( 'NONE', ( #157, #5995, #11701, #10746, #5224, #2005, #1656, #798 ) ) ;
#7223 = ORIENTED_EDGE ( 'NONE', *, *, #11264, .T. ) ;
#7224 = ITEM_DEFINED_TRANSFORMATION ( 'NONE', 'NONE', #6926,  #10290 ) ;
#7225 = AXIS2_PLACEMENT_3D ( 'NONE', #2674, #6448, #9476 ) ;
#7226 = ORIENTED_EDGE ( 'NONE', *, *, #3858, .F. ) ;
#7227 = EDGE_CURVE ( 'NONE', #8491, #9408, #2954, .T. ) ;
#7228 = CARTESIAN_POINT ( 'NONE',  ( 0.000000000000000000, 0.000000000000000000, 8.000000000000000000 ) ) ;
#7229 = CARTESIAN_POINT ( 'NONE',  ( 21.00000000000000000, 34.20000000000000284, 0.000000000000000000 ) ) ;
#7230 = DIRECTION ( 'NONE',  ( -0.000000000000000000, 1.000000000000000000, -0.000000000000000000 ) ) ;
#7231 = CIRCLE ( 'NONE', #8811, 44.50000000000000711 ) ;
#7232 =( LENGTH_UNIT ( ) NAMED_UNIT ( * ) SI_UNIT ( .MILLI., .METRE. ) );
#7233 = AXIS2_PLACEMENT_3D ( 'NONE', #10469, #5756, #9428 ) ;
#7234 = EDGE_LOOP ( 'NONE', ( #5798, #9302, #3237, #2743 ) ) ;
#7235 = CARTESIAN_POINT ( 'NONE',  ( 2.199633243471174140E-13, 20.00000000000000000, -18.89999999999999503 ) ) ;
#7236 = ORIENTED_EDGE ( 'NONE', *, *, #917, .T. ) ;
#7237 = ORIENTED_EDGE ( 'NONE', *, *, #1055, .F. ) ;
#7238 = CARTESIAN_POINT ( 'NONE',  ( 0.000000000000000000, 33.20000000000000284, 0.000000000000000000 ) ) ;
#7239 = ORIENTED_EDGE ( 'NONE', *, *, #9219, .T. ) ;
#7240 = ADVANCED_FACE ( 'NONE', ( #70 ), #3836, .F. ) ;
#7241 = CARTESIAN_POINT ( 'NONE',  ( -150.0000000000000000, 0.000000000000000000, 30.00000000000000000 ) ) ;
#7242 = EDGE_CURVE ( 'NONE', #5855, #11357, #4073, .T. ) ;
#7243 = CARTESIAN_POINT ( 'NONE',  ( -7.332110811570580046E-14, 0.000000000000000000, 23.10000000000000142 ) ) ;
#7244 = CARTESIAN_POINT ( 'NONE',  ( 2.999999999999998224, 29.80000000000000426, -25.00000000000000000 ) ) ;
#7245 = VECTOR ( 'NONE', #2870, 1000.000000000000000 ) ;
#7246 = CARTESIAN_POINT ( 'NONE',  ( 0.000000000000000000, 34.20000000000000284, 0.000000000000000000 ) ) ;
#7247 = EDGE_CURVE ( 'NONE', #11305, #8257, #4941, .T. ) ;
#7248 = CARTESIAN_POINT ( 'NONE',  ( 90.00000000000000000, 20.00000000000000000, -19.99999999999998224 ) ) ;
#7249 = LINE ( 'NONE', #4396, #417 ) ;
#7250 = ORIENTED_EDGE ( 'NONE', *, *, #4307, .F. ) ;
#7251 = FACE_OUTER_BOUND ( 'NONE', #3285, .T. ) ;
#7252 = DIRECTION ( 'NONE',  ( -0.000000000000000000, -1.000000000000000000, -0.000000000000000000 ) ) ;
#7253 = VECTOR ( 'NONE', #10192, 1000.000000000000000 ) ;
#7254 = VERTEX_POINT ( 'NONE', #11643 ) ;
#7255 = CARTESIAN_POINT ( 'NONE',  ( 5.000000000000000888, 9.827790563157505106E-16, 8.024999999999996803 ) ) ;
#7256 = VERTEX_POINT ( 'NONE', #4896 ) ;
#7257 = DIRECTION ( 'NONE',  ( 1.000000000000000000, -0.000000000000000000, -0.000000000000000000 ) ) ;
#7258 = CARTESIAN_POINT ( 'NONE',  ( -6.300000000000000711, 29.80000000000000426, -16.86149459567567632 ) ) ;
#7259 = CARTESIAN_POINT ( 'NONE',  ( -66.17647058823530415, 20.00000000000000000, 35.29411764705883314 ) ) ;
#7260 = EDGE_CURVE ( 'NONE', #1618, #9041, #6810, .T. ) ;
#7261 = CARTESIAN_POINT ( 'NONE',  ( 5.449678256205721981E-15, 13.40000000000000213, -44.50000000000000711 ) ) ;
#7262 = ORIENTED_EDGE ( 'NONE', *, *, #7635, .F. ) ;
#7263 = DIRECTION ( 'NONE',  ( -0.000000000000000000, 1.000000000000000000, -0.000000000000000000 ) ) ;
#7264 = ORIENTED_EDGE ( 'NONE', *, *, #3908, .F. ) ;
#7265 = DIRECTION ( 'NONE',  ( 0.000000000000000000, 1.000000000000000000, 0.000000000000000000 ) ) ;
#7266 = EDGE_CURVE ( 'NONE', #10790, #4493, #9724, .T. ) ;
#7267 = EDGE_CURVE ( 'NONE', #8210, #4845, #11453, .T. ) ;
#7268 = UNCERTAINTY_MEASURE_WITH_UNIT (LENGTH_MEASURE( 1.000000000000000082E-05 ), #4738, 'distance_accuracy_value', 'NONE');
#7269 = EDGE_LOOP ( 'NONE', ( #2770, #12067, #3230, #872 ) ) ;
#7270 = FACE_OUTER_BOUND ( 'NONE', #5097, .T. ) ;
#7271 = VERTEX_POINT ( 'NONE', #6997 ) ;
#7272 = CARTESIAN_POINT ( 'NONE',  ( 0.000000000000000000, 9.000000000000001776, 44.50000000000000711 ) ) ;
#7273 = EDGE_CURVE ( 'NONE', #131, #11363, #2046, .T. ) ;
#7274 = CARTESIAN_POINT ( 'NONE',  ( -113.7500000000000853, 0.000000000000000000, -9.999999999999971578 ) ) ;
#7275 = DIRECTION ( 'NONE',  ( 1.000000000000000000, 0.000000000000000000, 0.000000000000000000 ) ) ;
#7276 = EDGE_LOOP ( 'NONE', ( #3513, #4452, #2962, #11338 ) ) ;
#7277 = EDGE_CURVE ( 'NONE', #7666, #4931, #368, .T. ) ;
#7278 = EDGE_CURVE ( 'NONE', #3753, #3552, #10096, .T. ) ;
#7279 = ORIENTED_EDGE ( 'NONE', *, *, #8386, .F. ) ;
#7280 = PRODUCT_DEFINITION_CONTEXT ( 'detailed design', #5826, 'design' ) ;
#7281 = VERTEX_POINT ( 'NONE', #8661 ) ;
#7282 = ORIENTED_EDGE ( 'NONE', *, *, #11832, .F. ) ;
#7283 = CONTEXT_DEPENDENT_SHAPE_REPRESENTATION ( #10807, #3069 ) ;
#7284 = ORIENTED_EDGE ( 'NONE', *, *, #5664, .F. ) ;
#7285 = PLANE ( 'NONE',  #2946 ) ;
#7286 = CARTESIAN_POINT ( 'NONE',  ( 8.000000000000000000, 9.797174393178825657E-16, 12.00000000000000000 ) ) ;
#7287 = CARTESIAN_POINT ( 'NONE',  ( 0.000000000000000000, 28.80000000000000071, 45.00000000000000711 ) ) ;
#7288 = FILL_AREA_STYLE_COLOUR ( '', #8390 ) ;
#7289 = EDGE_CURVE ( 'NONE', #2209, #11670, #1310, .T. ) ;
#7290 = ORIENTED_EDGE ( 'NONE', *, *, #10663, .T. ) ;
#7291 = PRODUCT_DEFINITION_CONTEXT ( 'detailed design', #10977, 'design' ) ;
#7292 = CARTESIAN_POINT ( 'NONE',  ( 14.84924240491768188, 0.000000000000000000, -14.84924240491732128 ) ) ;
#7293 = EDGE_LOOP ( 'NONE', ( #7511, #4860, #2113, #4833 ) ) ;
#7294 = VERTEX_POINT ( 'NONE', #7854 ) ;
#7295 = DIRECTION ( 'NONE',  ( 0.000000000000000000, 0.000000000000000000, 1.000000000000000000 ) ) ;
#7296 = ORIENTED_EDGE ( 'NONE', *, *, #10827, .F. ) ;
#7297 = PLANE ( 'NONE',  #11131 ) ;
#7298 = CARTESIAN_POINT ( 'NONE',  ( 138.3273854894817134, -43.00000000000000000, 9.999736353167476111 ) ) ;
#7299 = FACE_OUTER_BOUND ( 'NONE', #9817, .T. ) ;
#7300 = FACE_OUTER_BOUND ( 'NONE', #1203, .T. ) ;
#7301 = LINE ( 'NONE', #1432, #2056 ) ;
#7302 = EDGE_CURVE ( 'NONE', #7608, #12206, #8907, .T. ) ;
#7303 = CARTESIAN_POINT ( 'NONE',  ( 16.00000000000000000, 0.000000000000000000, 0.000000000000000000 ) ) ;
#7304 = EDGE_LOOP ( 'NONE', ( #7282, #7493, #6300, #10244 ) ) ;
#7305 = CARTESIAN_POINT ( 'NONE',  ( -20.63749999999999929, 0.000000000000000000, 0.000000000000000000 ) ) ;
#7306 = CARTESIAN_POINT ( 'NONE',  ( -0.07261451051832458481, 3.000000000000000000, -380.0002636468324226 ) ) ;
#7307 = VERTEX_POINT ( 'NONE', #11525 ) ;
#7308 = DIRECTION ( 'NONE',  ( -0.000000000000000000, 1.000000000000000000, -0.000000000000000000 ) ) ;
#7309 = DIRECTION ( 'NONE',  ( -0.000000000000000000, 1.000000000000000000, -0.000000000000000000 ) ) ;
#7310 = DIRECTION ( 'NONE',  ( -0.000000000000000000, -0.000000000000000000, -1.000000000000000000 ) ) ;
#7311 = DIRECTION ( 'NONE',  ( 1.000000000000000000, 0.000000000000000000, 0.000000000000000000 ) ) ;
#7312 = FACE_OUTER_BOUND ( 'NONE', #4095, .T. ) ;
#7313 = CARTESIAN_POINT ( 'NONE',  ( 0.000000000000000000, 20.00000000000000000, 0.000000000000000000 ) ) ;
#7314 = DIRECTION ( 'NONE',  ( 3.364312195833807668E-16, -0.000000000000000000, 1.000000000000000000 ) ) ;
#7315 = AXIS2_PLACEMENT_3D ( 'NONE', #11820, #3317, #7095 ) ;
#7316 = ORIENTED_EDGE ( 'NONE', *, *, #7203, .T. ) ;
#7317 = LINE ( 'NONE', #1568, #8926 ) ;
#7318 = PRODUCT ( 'Link3LShapeConnectorSide', 'Link3LShapeConnectorSide', '', ( #7968 ) ) ;
#7319 = ORIENTED_EDGE ( 'NONE', *, *, #10241, .T. ) ;
#7320 = DIRECTION ( 'NONE',  ( 1.000000000000000000, -0.000000000000000000, 2.075183223598423424E-16 ) ) ;
#7321 = EDGE_CURVE ( 'NONE', #10200, #5364, #10485, .T. ) ;
#7322 = ORIENTED_EDGE ( 'NONE', *, *, #3224, .F. ) ;
#7323 = CARTESIAN_POINT ( 'NONE',  ( 0.000000000000000000, 17.80000000000000426, 0.000000000000000000 ) ) ;
#7324 = CIRCLE ( 'NONE', #807, 9.750000000000000000 ) ;
#7325 = TOROIDAL_SURFACE ( 'NONE', #4953, 6.599999999999999645, 0.6000000000000007550 ) ;
#7326 = VECTOR ( 'NONE', #3846, 1000.000000000000000 ) ;
#7327 = ORIENTED_EDGE ( 'NONE', *, *, #11194, .F. ) ;
#7328 = CARTESIAN_POINT ( 'NONE',  ( 21.00000000000000000, 0.000000000000000000, -2.100000000000000533 ) ) ;
#7329 = AXIS2_PLACEMENT_3D ( 'NONE', #2692, #6466, #9207 ) ;
#7330 = ADVANCED_FACE ( 'NONE', ( #10710 ), #2234, .F. ) ;
#7331 = LINE ( 'NONE', #7217, #10925 ) ;
#7332 = CIRCLE ( 'NONE', #9510, 44.50000000000000711 ) ;
#7333 = AXIS2_PLACEMENT_3D ( 'NONE', #8962, #11862, #2271 ) ;
#7334 = VERTEX_POINT ( 'NONE', #6003 ) ;
#7335 = AXIS2_PLACEMENT_3D ( 'NONE', #2021, #8589, #6671 ) ;
#7336 = CARTESIAN_POINT ( 'NONE',  ( -48.99999999999999289, 10.00000000000000000, 9.999999999999989342 ) ) ;
#7337 = ORIENTED_EDGE ( 'NONE', *, *, #4829, .T. ) ;
#7338 = EDGE_CURVE ( 'NONE', #10072, #9260, #8796, .T. ) ;
#7339 = VERTEX_POINT ( 'NONE', #8857 ) ;
#7340 = EDGE_LOOP ( 'NONE', ( #1500, #3316, #2290, #3818 ) ) ;
#7341 = VECTOR ( 'NONE', #5879, 1000.000000000000000 ) ;
#7342 = SHAPE_DEFINITION_REPRESENTATION ( #9915, #541 ) ;
#7343 = ORIENTED_EDGE ( 'NONE', *, *, #9280, .T. ) ;
#7344 = DIRECTION ( 'NONE',  ( -0.000000000000000000, 1.000000000000000000, -0.000000000000000000 ) ) ;
#7345 = CARTESIAN_POINT ( 'NONE',  ( 75.00000000000000000, -134.1640786499874025, -10.00000000000000178 ) ) ;
#7346 = AXIS2_PLACEMENT_3D ( 'NONE', #3148, #8928, #7680 ) ;
#7347 = CIRCLE ( 'NONE', #9520, 1.649999999999998579 ) ;
#7348 = LINE ( 'NONE', #10146, #1033 ) ;
#7349 = EDGE_CURVE ( 'NONE', #12054, #6952, #4128, .T. ) ;
#7350 = EDGE_CURVE ( 'NONE', #7048, #10858, #4349, .T. ) ;
#7351 = DIRECTION ( 'NONE',  ( 0.000000000000000000, 0.000000000000000000, 1.000000000000000000 ) ) ;
#7352 = DIRECTION ( 'NONE',  ( 1.000000000000000000, 0.000000000000000000, 0.000000000000000000 ) ) ;
#7353 = CIRCLE ( 'NONE', #11505, 60.00000000000000000 ) ;
#7354 = AXIS2_PLACEMENT_3D ( 'NONE', #7463, #11428, #4733 ) ;
#7355 = TOROIDAL_SURFACE ( 'NONE', #4376, 15.40000000000000036, 0.6000000000000007550 ) ;
#7356 = AXIS2_PLACEMENT_3D ( 'NONE', #9938, #4094, #7874 ) ;
#7357 = EDGE_LOOP ( 'NONE', ( #2984, #9970, #5183, #9393 ) ) ;
#7358 = LINE ( 'NONE', #1543, #9555 ) ;
#7359 = ORIENTED_EDGE ( 'NONE', *, *, #1521, .F. ) ;
#7360 = EDGE_LOOP ( 'NONE', ( #7106, #4450, #8023, #10854 ) ) ;
#7361 = DIRECTION ( 'NONE',  ( 0.000000000000000000, 0.000000000000000000, 1.000000000000000000 ) ) ;
#7362 = EDGE_LOOP ( 'NONE', ( #4546, #4852 ) ) ;
#7363 = CARTESIAN_POINT ( 'NONE',  ( 4.999999999999998224, 34.20000000000000284, 25.00000000000000000 ) ) ;
#7364 = VECTOR ( 'NONE', #5125, 1000.000000000000000 ) ;
#7365 = VECTOR ( 'NONE', #10981, 1000.000000000000000 ) ;
#7366 = LINE ( 'NONE', #11157, #2101 ) ;
#7367 = CARTESIAN_POINT ( 'NONE',  ( 75.00000000000000000, 20.00000000000000000, 10.00000000000000178 ) ) ;
#7368 = ADVANCED_BREP_SHAPE_REPRESENTATION ( '', ( #4441, #10290 ), #2384 ) ;
#7369 = CARTESIAN_POINT ( 'NONE',  ( -16.00000000000000000, 7.066904755831209251, 0.000000000000000000 ) ) ;
#7370 = VECTOR ( 'NONE', #4453, 1000.000000000000000 ) ;
#7371 = VECTOR ( 'NONE', #1619, 1000.000000000000000 ) ;
#7372 = CARTESIAN_POINT ( 'NONE',  ( 0.000000000000000000, 29.80000000000000426, 0.000000000000000000 ) ) ;
#7373 = DIRECTION ( 'NONE',  ( -0.000000000000000000, -1.000000000000000000, -0.000000000000000000 ) ) ;
#7374 = COLOUR_RGB ( '',0.7921568627450980005, 0.8196078431372548767, 0.9333333333333333481 ) ;
#7375 = VECTOR ( 'NONE', #8988, 1000.000000000000000 ) ;
#7376 = ORIENTED_EDGE ( 'NONE', *, *, #156, .F. ) ;
#7377 = LINE ( 'NONE', #9109, #10342 ) ;
#7378 = CARTESIAN_POINT ( 'NONE',  ( 218.3273854894824524, 0.000000000000000000, -215.0002636468324511 ) ) ;
#7379 = VERTEX_POINT ( 'NONE', #4013 ) ;
#7380 = AXIS2_PLACEMENT_3D ( 'NONE', #5195, #8978, #8848 ) ;
#7381 = DIRECTION ( 'NONE',  ( 0.000000000000000000, 0.000000000000000000, 1.000000000000000000 ) ) ;
#7382 = DIRECTION ( 'NONE',  ( 1.000000000000000000, 0.000000000000000000, 1.125218710432733156E-16 ) ) ;
#7383 = FACE_BOUND ( 'NONE', #10462, .T. ) ;
#7384 = DIRECTION ( 'NONE',  ( 0.000000000000000000, 0.000000000000000000, -1.000000000000000000 ) ) ;
#7385 = PRESENTATION_LAYER_ASSIGNMENT (  '', '', ( #9752 ) ) ;
#7386 = DIRECTION ( 'NONE',  ( 1.387778780781445182E-16, 0.000000000000000000, 1.000000000000000000 ) ) ;
#7387 = AXIS2_PLACEMENT_3D ( 'NONE', #11021, #1413, #8975 ) ;
#7388 =( NAMED_UNIT ( * ) PLANE_ANGLE_UNIT ( ) SI_UNIT ( $, .RADIAN. ) );
#7389 = FACE_OUTER_BOUND ( 'NONE', #6681, .T. ) ;
#7390 = AXIS2_PLACEMENT_3D ( 'NONE', #12243, #2819, #6606 ) ;
#7391 = ORIENTED_EDGE ( 'NONE', *, *, #3619, .F. ) ;
#7392 = DIRECTION ( 'NONE',  ( 0.000000000000000000, 0.000000000000000000, 1.000000000000000000 ) ) ;
#7393 = ADVANCED_FACE ( 'NONE', ( #7729 ), #10676, .T. ) ;
#7394 = VERTEX_POINT ( 'NONE', #10590 ) ;
#7395 = CARTESIAN_POINT ( 'NONE',  ( -5.000000000000001776, 34.20000000000000284, 17.29161646579058598 ) ) ;
#7396 = CIRCLE ( 'NONE', #4015, 9.750000000000000000 ) ;
#7397 = ORIENTED_EDGE ( 'NONE', *, *, #4370, .T. ) ;
#7398 = DIRECTION ( 'NONE',  ( 0.000000000000000000, 1.000000000000000000, 0.000000000000000000 ) ) ;
#7399 = ORIENTED_EDGE ( 'NONE', *, *, #10960, .T. ) ;
#7400 = EDGE_CURVE ( 'NONE', #11739, #8696, #6862, .T. ) ;
#7401 = CYLINDRICAL_SURFACE ( 'NONE', #8834, 2.000000000000000000 ) ;
#7402 = DIRECTION ( 'NONE',  ( -0.000000000000000000, -0.000000000000000000, -1.000000000000000000 ) ) ;
#7403 = VECTOR ( 'NONE', #11456, 1000.000000000000000 ) ;
#7404 = EDGE_CURVE ( 'NONE', #6060, #3585, #10900, .T. ) ;
#7405 = CARTESIAN_POINT ( 'NONE',  ( -80.25000000000000000, 20.00000000000000000, -19.99999999999998224 ) ) ;
#7406 = EDGE_LOOP ( 'NONE', ( #3624, #9897 ) ) ;
#7407 = CARTESIAN_POINT ( 'NONE',  ( 0.3864906208434974455, 1.256793777624971115E-15, -8.024999999999996803 ) ) ;
#7408 = APPLICATION_CONTEXT ( 'automotive_design' ) ;
#7409 = ORIENTED_EDGE ( 'NONE', *, *, #2051, .F. ) ;
#7410 = CIRCLE ( 'NONE', #11766, 2.999999999999999112 ) ;
#7411 = ADVANCED_FACE ( 'NONE', ( #6303 ), #7184, .T. ) ;
#7412 = ORIENTED_EDGE ( 'NONE', *, *, #8897, .F. ) ;
#7413 = FACE_OUTER_BOUND ( 'NONE', #12104, .T. ) ;
#7414 = EDGE_CURVE ( 'NONE', #10539, #2541, #5209, .T. ) ;
#7415 = FILL_AREA_STYLE_COLOUR ( '', #9887 ) ;
#7416 = FACE_OUTER_BOUND ( 'NONE', #5909, .T. ) ;
#7417 = FACE_OUTER_BOUND ( 'NONE', #8406, .T. ) ;
#7418 = EDGE_CURVE ( 'NONE', #4816, #2654, #3516, .T. ) ;
#7419 = LINE ( 'NONE', #1725, #1297 ) ;
#7420 = MECHANICAL_DESIGN_GEOMETRIC_PRESENTATION_REPRESENTATION (  '', ( #2671 ), #1286 ) ;
#7421 = ORIENTED_EDGE ( 'NONE', *, *, #10653, .F. ) ;
#7422 = DIRECTION ( 'NONE',  ( 0.000000000000000000, 0.000000000000000000, 1.000000000000000000 ) ) ;
#7423 = EDGE_LOOP ( 'NONE', ( #3168, #1941, #4003, #520 ) ) ;
#7424 = EDGE_CURVE ( 'NONE', #12065, #7634, #7060, .T. ) ;
#7425 = VERTEX_POINT ( 'NONE', #5453 ) ;
#7426 = CARTESIAN_POINT ( 'NONE',  ( 0.000000000000000000, 15.59999999999999964, 0.000000000000000000 ) ) ;
#7427 = ORIENTED_EDGE ( 'NONE', *, *, #10356, .F. ) ;
#7428 = DIRECTION ( 'NONE',  ( -0.000000000000000000, -1.000000000000000000, -0.000000000000000000 ) ) ;
#7429 = LINE ( 'NONE', #11158, #3378 ) ;
#7430 = DIRECTION ( 'NONE',  ( 0.000000000000000000, -0.000000000000000000, -1.000000000000000000 ) ) ;
#7431 = EDGE_CURVE ( 'NONE', #12206, #7608, #9497, .T. ) ;
#7432 = CARTESIAN_POINT ( 'NONE',  ( 0.000000000000000000, 27.60000000000000142, 0.000000000000000000 ) ) ;
#7433 = VECTOR ( 'NONE', #8206, 1000.000000000000000 ) ;
#7434 = CARTESIAN_POINT ( 'NONE',  ( 0.000000000000000000, 34.20000000000000284, 6.300000000000000711 ) ) ;
#7435 = ORIENTED_EDGE ( 'NONE', *, *, #11366, .T. ) ;
#7436 = CARTESIAN_POINT ( 'NONE',  ( -5.000000000000000888, 0.000000000000000000, 0.000000000000000000 ) ) ;
#7437 = DIRECTION ( 'NONE',  ( 0.000000000000000000, 0.000000000000000000, 1.000000000000000000 ) ) ;
#7438 = EDGE_CURVE ( 'NONE', #3051, #8136, #9906, .T. ) ;
#7439 = ORIENTED_EDGE ( 'NONE', *, *, #6325, .T. ) ;
#7440 = DIRECTION ( 'NONE',  ( -0.000000000000000000, 1.000000000000000000, -0.000000000000000000 ) ) ;
#7441 = ORIENTED_EDGE ( 'NONE', *, *, #1502, .F. ) ;
#7442 = FACE_BOUND ( 'NONE', #5002, .T. ) ;
#7443 = DIRECTION ( 'NONE',  ( -1.000000000000000000, 0.000000000000000000, 0.000000000000000000 ) ) ;
#7444 = DIRECTION ( 'NONE',  ( -0.000000000000000000, 1.000000000000000000, -0.000000000000000000 ) ) ;
#7445 = LINE ( 'NONE', #73, #11559 ) ;
#7446 = VERTEX_POINT ( 'NONE', #7111 ) ;
#7447 = CARTESIAN_POINT ( 'NONE',  ( -7.332110811570580046E-14, -5.939696961967007027, 21.00000000000000000 ) ) ;
#7448 = VERTEX_POINT ( 'NONE', #12022 ) ;
#7449 = CARTESIAN_POINT ( 'NONE',  ( 80.25000000000000000, 20.00000000000000000, -19.99999999999998224 ) ) ;
#7450 = ADVANCED_FACE ( 'NONE', ( #7299 ), #10039, .T. ) ;
#7451 = CARTESIAN_POINT ( 'NONE',  ( -14.84924240491757885, -5.939696961967007027, 14.84924240491742076 ) ) ;
#7452 = VERTEX_POINT ( 'NONE', #3459 ) ;
#7453 = DIRECTION ( 'NONE',  ( 0.000000000000000000, 0.000000000000000000, 1.000000000000000000 ) ) ;
#7454 = ORIENTED_EDGE ( 'NONE', *, *, #10885, .T. ) ;
#7455 = DIRECTION ( 'NONE',  ( 0.000000000000000000, 0.000000000000000000, 1.000000000000000000 ) ) ;
#7456 = DIRECTION ( 'NONE',  ( 0.000000000000000000, 0.000000000000000000, -1.000000000000000000 ) ) ;
#7457 = ORIENTED_EDGE ( 'NONE', *, *, #4545, .T. ) ;
#7458 = CARTESIAN_POINT ( 'NONE',  ( 2.500000000000000000, 16.00000000000000000, 0.000000000000000000 ) ) ;
#7459 = EDGE_CURVE ( 'NONE', #7596, #173, #4171, .T. ) ;
#7460 = VERTEX_POINT ( 'NONE', #11778 ) ;
#7461 = ORIENTED_EDGE ( 'NONE', *, *, #2763, .F. ) ;
#7462 = DIRECTION ( 'NONE',  ( 0.000000000000000000, 0.000000000000000000, 1.000000000000000000 ) ) ;
#7463 = CARTESIAN_POINT ( 'NONE',  ( 138.3273854894817134, 0.000000000000000000, -280.0002636468323658 ) ) ;
#7464 = LINE ( 'NONE', #12060, #2421 ) ;
#7465 = CARTESIAN_POINT ( 'NONE',  ( 2.999999999999998224, 34.20000000000000284, 25.00000000000000000 ) ) ;
#7466 = VERTEX_POINT ( 'NONE', #10163 ) ;
#7467 = FACE_OUTER_BOUND ( 'NONE', #4548, .T. ) ;
#7468 = VERTEX_POINT ( 'NONE', #6117 ) ;
#7469 = ORIENTED_EDGE ( 'NONE', *, *, #6255, .T. ) ;
#7470 = EDGE_CURVE ( 'NONE', #8630, #3479, #9231, .T. ) ;
#7471 = ORIENTED_EDGE ( 'NONE', *, *, #1828, .T. ) ;
#7472 = DIRECTION ( 'NONE',  ( -0.000000000000000000, -1.000000000000000000, -0.000000000000000000 ) ) ;
#7473 = DIRECTION ( 'NONE',  ( 0.000000000000000000, 0.000000000000000000, -1.000000000000000000 ) ) ;
#7474 = FACE_BOUND ( 'NONE', #9168, .T. ) ;
#7475 = FACE_OUTER_BOUND ( 'NONE', #11802, .T. ) ;
#7476 = EDGE_CURVE ( 'NONE', #1375, #3353, #11889, .T. ) ;
#7477 = ORIENTED_EDGE ( 'NONE', *, *, #1606, .T. ) ;
#7478 = DIRECTION ( 'NONE',  ( -0.000000000000000000, 1.000000000000000000, -0.000000000000000000 ) ) ;
#7479 = ORIENTED_EDGE ( 'NONE', *, *, #1553, .F. ) ;
#7480 = DIRECTION ( 'NONE',  ( -0.000000000000000000, -1.000000000000000000, -0.000000000000000000 ) ) ;
#7481 = EDGE_LOOP ( 'NONE', ( #1573, #5175, #298, #3862 ) ) ;
#7482 = ORIENTED_EDGE ( 'NONE', *, *, #1454, .F. ) ;
#7483 = EDGE_CURVE ( 'NONE', #7630, #5409, #7988, .T. ) ;
#7484 = FACE_OUTER_BOUND ( 'NONE', #8134, .T. ) ;
#7485 = DIRECTION ( 'NONE',  ( 0.000000000000000000, 0.000000000000000000, -1.000000000000000000 ) ) ;
#7486 = CARTESIAN_POINT ( 'NONE',  ( -16.86149459567567632, 29.80000000000000426, -6.299999999999996270 ) ) ;
#7487 = CARTESIAN_POINT ( 'NONE',  ( 0.000000000000000000, -16.00000000000000000, 0.000000000000000000 ) ) ;
#7488 = CARTESIAN_POINT ( 'NONE',  ( 16.00000000000000000, 0.000000000000000000, 0.000000000000000000 ) ) ;
#7489 = ADVANCED_FACE ( 'NONE', ( #1429 ), #6943, .T. ) ;
#7490 = DIRECTION ( 'NONE',  ( 0.000000000000000000, 0.000000000000000000, -1.000000000000000000 ) ) ;
#7491 = ADVANCED_FACE ( 'NONE', ( #8104 ), #8987, .F. ) ;
#7492 = DIRECTION ( 'NONE',  ( 0.000000000000000000, 0.000000000000000000, -1.000000000000000000 ) ) ;
#7493 = ORIENTED_EDGE ( 'NONE', *, *, #10992, .F. ) ;
#7494 = CARTESIAN_POINT ( 'NONE',  ( 0.000000000000000000, 2.399999999999999467, 41.00000000000000000 ) ) ;
#7495 = CARTESIAN_POINT ( 'NONE',  ( -22.36067977499790871, 20.00000000000000000, 19.99999999999998579 ) ) ;
#7496 = DIRECTION ( 'NONE',  ( 1.000000000000000000, 0.000000000000000000, 0.000000000000000000 ) ) ;
#7497 = ORIENTED_EDGE ( 'NONE', *, *, #4158, .T. ) ;
#7498 = CARTESIAN_POINT ( 'NONE',  ( 0.000000000000000000, 0.000000000000000000, 0.000000000000000000 ) ) ;
#7499 = ORIENTED_EDGE ( 'NONE', *, *, #4686, .F. ) ;
#7500 = DIRECTION ( 'NONE',  ( -0.000000000000000000, -1.000000000000000000, 0.000000000000000000 ) ) ;
#7501 = VECTOR ( 'NONE', #2543, 1000.000000000000000 ) ;
#7502 = SURFACE_STYLE_FILL_AREA ( #4670 ) ;
#7503 = EDGE_CURVE ( 'NONE', #11656, #8630, #8176, .T. ) ;
#7504 = DIRECTION ( 'NONE',  ( 0.000000000000000000, 0.000000000000000000, -1.000000000000000000 ) ) ;
#7505 = ORIENTED_EDGE ( 'NONE', *, *, #8097, .T. ) ;
#7506 = DIRECTION ( 'NONE',  ( -0.000000000000000000, -1.000000000000000000, -0.000000000000000000 ) ) ;
#7507 = CIRCLE ( 'NONE', #8499, 18.00000000000000355 ) ;
#7508 = AXIS2_PLACEMENT_3D ( 'NONE', #6820, #2907, #1184 ) ;
#7509 = VERTEX_POINT ( 'NONE', #7244 ) ;
#7510 = ITEM_DEFINED_TRANSFORMATION ( 'NONE', 'NONE', #1008,  #10290 ) ;
#7511 = ORIENTED_EDGE ( 'NONE', *, *, #6714, .T. ) ;
#7512 = CYLINDRICAL_SURFACE ( 'NONE', #3737, 2.100000000000000977 ) ;
#7513 = VECTOR ( 'NONE', #5158, 1000.000000000000000 ) ;
#7514 = CARTESIAN_POINT ( 'NONE',  ( 130.0000000000000000, 0.000000000000000000, 9.999999999999994671 ) ) ;
#7515 = CARTESIAN_POINT ( 'NONE',  ( -75.00000000000001421, 20.00000000000000000, 40.00000000000000000 ) ) ;
#7516 = ADVANCED_FACE ( 'NONE', ( #5394 ), #697, .T. ) ;
#7517 = LINE ( 'NONE', #9399, #4615 ) ;
#7518 = VECTOR ( 'NONE', #9914, 1000.000000000000000 ) ;
#7519 = AXIS2_PLACEMENT_3D ( 'NONE', #9521, #8521, #8463 ) ;
#7520 = LINE ( 'NONE', #11313, #11378 ) ;
#7521 = AXIS2_PLACEMENT_3D ( 'NONE', #7447, #10994, #4342 ) ;
#7522 = ORIENTED_EDGE ( 'NONE', *, *, #3462, .T. ) ;
#7523 = CARTESIAN_POINT ( 'NONE',  ( 23.00000000000000000, 34.20000000000000284, 3.000000000000000000 ) ) ;
#7524 = ORIENTED_EDGE ( 'NONE', *, *, #7803, .F. ) ;
#7525 = EDGE_LOOP ( 'NONE', ( #8045, #8892, #186, #3555 ) ) ;
#7526 = VECTOR ( 'NONE', #5096, 1000.000000000000000 ) ;
#7527 = CIRCLE ( 'NONE', #1811, 1.649999999999998579 ) ;
#7528 = DIRECTION ( 'NONE',  ( -1.118507346195631429E-13, 3.191891195797325054E-16, 1.000000000000000222 ) ) ;
#7529 = VECTOR ( 'NONE', #910, 1000.000000000000000 ) ;
#7530 = EDGE_LOOP ( 'NONE', ( #11116, #3719 ) ) ;
#7531 = DIRECTION ( 'NONE',  ( 0.000000000000000000, -1.000000000000000000, 0.000000000000000000 ) ) ;
#7532 = DIRECTION ( 'NONE',  ( -0.000000000000000000, -1.000000000000000000, -0.000000000000000000 ) ) ;
#7533 = EDGE_CURVE ( 'NONE', #2131, #2430, #4579, .T. ) ;
#7534 = CIRCLE ( 'NONE', #9138, 13.97499999999999964 ) ;
#7535 = DIRECTION ( 'NONE',  ( -0.000000000000000000, -1.000000000000000000, -0.000000000000000000 ) ) ;
#7536 = MECHANICAL_DESIGN_GEOMETRIC_PRESENTATION_REPRESENTATION (  '', ( #2604 ), #11119 ) ;
#7537 = LINE ( 'NONE', #10224, #7590 ) ;
#7538 = AXIS2_PLACEMENT_3D ( 'NONE', #4766, #2723, #5642 ) ;
#7539 = VECTOR ( 'NONE', #8, 1000.000000000000000 ) ;
#7540 = EDGE_CURVE ( 'NONE', #11880, #7339, #11706, .T. ) ;
#7541 = DIRECTION ( 'NONE',  ( -0.000000000000000000, -1.000000000000000000, -0.000000000000000000 ) ) ;
#7542 = ORIENTED_EDGE ( 'NONE', *, *, #679, .T. ) ;
#7543 = DIRECTION ( 'NONE',  ( -1.000000000000000000, 0.000000000000000000, 2.312964634635742895E-17 ) ) ;
#7544 = ORIENTED_EDGE ( 'NONE', *, *, #3960, .T. ) ;
#7545 = ORIENTED_EDGE ( 'NONE', *, *, #11592, .T. ) ;
#7546 = AXIS2_PLACEMENT_3D ( 'NONE', #4440, #3319, #6235 ) ;
#7547 = CIRCLE ( 'NONE', #8539, 12.50000000000000000 ) ;
#7548 = DIRECTION ( 'NONE',  ( 0.000000000000000000, 0.000000000000000000, 1.000000000000000000 ) ) ;
#7549 = VECTOR ( 'NONE', #5734, 1000.000000000000000 ) ;
#7550 = AXIS2_PLACEMENT_3D ( 'NONE', #2667, #5403, #5461 ) ;
#7551 = EDGE_CURVE ( 'NONE', #9381, #7452, #6545, .T. ) ;
#7552 = LINE ( 'NONE', #4522, #9042 ) ;
#7553 = LINE ( 'NONE', #1797, #8757 ) ;
#7554 = DIRECTION ( 'NONE',  ( 0.000000000000000000, 0.000000000000000000, 1.000000000000000000 ) ) ;
#7555 = DIRECTION ( 'NONE',  ( 0.000000000000000000, 0.000000000000000000, -1.000000000000000000 ) ) ;
#7556 = DIRECTION ( 'NONE',  ( 1.000000000000000000, 0.000000000000000000, -3.590534112833708514E-16 ) ) ;
#7557 = CIRCLE ( 'NONE', #9161, 75.00000000000001421 ) ;
#7558 = EDGE_CURVE ( 'NONE', #6642, #3639, #4751, .T. ) ;
#7559 = FACE_OUTER_BOUND ( 'NONE', #9342, .T. ) ;
#7560 = VECTOR ( 'NONE', #2279, 1000.000000000000000 ) ;
#7561 = CIRCLE ( 'NONE', #1243, 2.000000000000000888 ) ;
#7562 = VERTEX_POINT ( 'NONE', #4635 ) ;
#7563 = CARTESIAN_POINT ( 'NONE',  ( 0.07261451051825866532, 3.000000000000000000, -360.0007909404973816 ) ) ;
#7564 = CARTESIAN_POINT ( 'NONE',  ( -7.000000000000001776, 29.80000000000000426, -18.73499399519520026 ) ) ;
#7565 = EDGE_LOOP ( 'NONE', ( #5385, #1983, #5163, #9658 ) ) ;
#7566 = CARTESIAN_POINT ( 'NONE',  ( -90.00000000000000000, 20.00000000000000000, 10.25000000000000888 ) ) ;
#7567 = EDGE_CURVE ( 'NONE', #5703, #9489, #5738, .T. ) ;
#7568 = EDGE_CURVE ( 'NONE', #160, #6144, #7598, .T. ) ;
#7569 = CARTESIAN_POINT ( 'NONE',  ( 138.3273854894823955, -43.00000000000000000, -360.0007909404973248 ) ) ;
#7570 = VECTOR ( 'NONE', #8872, 1000.000000000000000 ) ;
#7571 = AXIS2_PLACEMENT_3D ( 'NONE', #6486, #5566, #11633 ) ;
#7572 = AXIS2_PLACEMENT_3D ( 'NONE', #456, #8002, #11791 ) ;
#7573 = ORIENTED_EDGE ( 'NONE', *, *, #9604, .F. ) ;
#7574 = CARTESIAN_POINT ( 'NONE',  ( 0.000000000000000000, 0.000000000000000000, 0.000000000000000000 ) ) ;
#7575 = DIRECTION ( 'NONE',  ( -0.000000000000000000, 1.000000000000000000, -0.000000000000000000 ) ) ;
#7576 = CARTESIAN_POINT ( 'NONE',  ( 0.000000000000000000, 35.39999999999999858, -45.00000000000000711 ) ) ;
#7577 = AXIS2_PLACEMENT_3D ( 'NONE', #5126, #7974, #4251 ) ;
#7578 = ORIENTED_EDGE ( 'NONE', *, *, #9847, .T. ) ;
#7579 = DIRECTION ( 'NONE',  ( 0.000000000000000000, -0.000000000000000000, 1.000000000000000000 ) ) ;
#7580 = VERTEX_POINT ( 'NONE', #12200 ) ;
#7581 = EDGE_CURVE ( 'NONE', #5501, #3062, #12075, .T. ) ;
#7582 = ORIENTED_EDGE ( 'NONE', *, *, #7558, .T. ) ;
#7583 = CARTESIAN_POINT ( 'NONE',  ( 5.000000000000000888, 0.000000000000000000, 0.000000000000000000 ) ) ;
#7584 = FILL_AREA_STYLE_COLOUR ( '', #30 ) ;
#7585 = CARTESIAN_POINT ( 'NONE',  ( -21.00000000000000000, 34.20000000000000284, 2.499999999999850342 ) ) ;
#7586 = AXIS2_PLACEMENT_3D ( 'NONE', #2050, #10363, #9480 ) ;
#7587 = CARTESIAN_POINT ( 'NONE',  ( -113.7500000000000853, 20.00000000000000000, -9.999999999999971578 ) ) ;
#7588 = CARTESIAN_POINT ( 'NONE',  ( -20.63749999999999929, 7.347880794884118750E-16, 5.999999999999999112 ) ) ;
#7589 = CARTESIAN_POINT ( 'NONE',  ( -18.50000000000000000, 3.061616997868383141E-16, 0.000000000000000000 ) ) ;
#7590 = VECTOR ( 'NONE', #3880, 1000.000000000000000 ) ;
#7591 = ORIENTED_EDGE ( 'NONE', *, *, #5893, .F. ) ;
#7592 = DIRECTION ( 'NONE',  ( 0.000000000000000000, 0.000000000000000000, 1.000000000000000000 ) ) ;
#7593 = ORIENTED_EDGE ( 'NONE', *, *, #5825, .F. ) ;
#7594 = ORIENTED_EDGE ( 'NONE', *, *, #4487, .T. ) ;
#7595 = CARTESIAN_POINT ( 'NONE',  ( 190.0000000000288480, -2.611319595663258046E-12, -2.193289476837748558E-11 ) ) ;
#7596 = VERTEX_POINT ( 'NONE', #4567 ) ;
#7597 = DIRECTION ( 'NONE',  ( 0.000000000000000000, 0.000000000000000000, 1.000000000000000000 ) ) ;
#7598 = LINE ( 'NONE', #874, #5565 ) ;
#7599 = PLANE ( 'NONE',  #3215 ) ;
#7600 = AXIS2_PLACEMENT_3D ( 'NONE', #4373, #6105, #8160 ) ;
#7601 = LINE ( 'NONE', #1965, #4023 ) ;
#7602 = ORIENTED_EDGE ( 'NONE', *, *, #6865, .F. ) ;
#7603 = LINE ( 'NONE', #11938, #4564 ) ;
#7604 = ORIENTED_EDGE ( 'NONE', *, *, #5893, .T. ) ;
#7605 = DIRECTION ( 'NONE',  ( 0.000000000000000000, 0.000000000000000000, -1.000000000000000000 ) ) ;
#7606 = ADVANCED_FACE ( 'NONE', ( #8526 ), #2885, .T. ) ;
#7607 = EDGE_LOOP ( 'NONE', ( #5131, #2867, #4222, #6342 ) ) ;
#7608 = VERTEX_POINT ( 'NONE', #3576 ) ;
#7609 = CIRCLE ( 'NONE', #3262, 2.100000000000004530 ) ;
#7610 =( NAMED_UNIT ( * ) SI_UNIT ( $, .STERADIAN. ) SOLID_ANGLE_UNIT ( ) );
#7611 = DIRECTION ( 'NONE',  ( 0.000000000000000000, 1.000000000000000000, 0.000000000000000000 ) ) ;
#7612 = AXIS2_PLACEMENT_3D ( 'NONE', #9605, #1172, #5023 ) ;
#7613 = EDGE_CURVE ( 'NONE', #4279, #7959, #7429, .T. ) ;
#7614 = CARTESIAN_POINT ( 'NONE',  ( 0.000000000000000000, 22.20000000000000284, 44.50000000000000711 ) ) ;
#7615 = CARTESIAN_POINT ( 'NONE',  ( 0.000000000000000000, 9.000000000000001776, 33.12659406584553068 ) ) ;
#7616 = DIRECTION ( 'NONE',  ( 0.000000000000000000, 0.000000000000000000, -1.000000000000000000 ) ) ;
#7617 = AXIS2_PLACEMENT_3D ( 'NONE', #9204, #4488, #8261 ) ;
#7618 = PLANE ( 'NONE',  #11007 ) ;
#7619 = LINE ( 'NONE', #2953, #8584 ) ;
#7620 = CARTESIAN_POINT ( 'NONE',  ( 0.000000000000000000, 0.000000000000000000, 0.000000000000000000 ) ) ;
#7621 = PRODUCT_DEFINITION_SHAPE ( 'NONE', 'NONE',  #5368 ) ;
#7622 = ORIENTED_EDGE ( 'NONE', *, *, #7567, .T. ) ;
#7623 = DIRECTION ( 'NONE',  ( -0.000000000000000000, -1.000000000000000000, -0.000000000000000000 ) ) ;
#7624 = CARTESIAN_POINT ( 'NONE',  ( -238.4000000000000057, 20.00000000000000000, -10.00000000000003908 ) ) ;
#7625 = VECTOR ( 'NONE', #11848, 1000.000000000000000 ) ;
#7626 = VERTEX_POINT ( 'NONE', #11257 ) ;
#7627 = CARTESIAN_POINT ( 'NONE',  ( 238.3273854894816850, 3.000000000000000000, -90.00026364683253632 ) ) ;
#7628 = FACE_OUTER_BOUND ( 'NONE', #5092, .T. ) ;
#7629 = ADVANCED_FACE ( 'NONE', ( #2762 ), #10338, .T. ) ;
#7630 = VERTEX_POINT ( 'NONE', #1853 ) ;
#7631 = DIRECTION ( 'NONE',  ( 0.000000000000000000, 0.000000000000000000, 1.000000000000000000 ) ) ;
#7632 = VECTOR ( 'NONE', #209, 1000.000000000000000 ) ;
#7633 = DIRECTION ( 'NONE',  ( 0.000000000000000000, 1.000000000000000000, 0.000000000000000000 ) ) ;
#7634 = VERTEX_POINT ( 'NONE', #10402 ) ;
#7635 = EDGE_CURVE ( 'NONE', #11568, #11230, #9411, .T. ) ;
#7636 = LINE ( 'NONE', #6705, #3176 ) ;
#7637 = AXIS2_PLACEMENT_3D ( 'NONE', #2777, #10176, #8543 ) ;
#7638 = ORIENTED_EDGE ( 'NONE', *, *, #6585, .F. ) ;
#7639 = LINE ( 'NONE', #11151, #10401 ) ;
#7640 = AXIS2_PLACEMENT_3D ( 'NONE', #1189, #1140, #11605 ) ;
#7641 = EDGE_CURVE ( 'NONE', #5536, #12108, #10221, .T. ) ;
#7642 = EDGE_LOOP ( 'NONE', ( #3300, #12150, #6902, #540 ) ) ;
#7643 = DIRECTION ( 'NONE',  ( -0.000000000000000000, -1.000000000000000000, -0.000000000000000000 ) ) ;
#7644 =( NAMED_UNIT ( * ) SI_UNIT ( $, .STERADIAN. ) SOLID_ANGLE_UNIT ( ) );
#7645 = CARTESIAN_POINT ( 'NONE',  ( 0.000000000000000000, 0.000000000000000000, 33.00000000000000000 ) ) ;
#7646 = CARTESIAN_POINT ( 'NONE',  ( 218.3273854894824808, -39.99999999999999289, -275.0002636468323658 ) ) ;
#7647 = DIRECTION ( 'NONE',  ( -1.000000000000000000, 0.000000000000000000, 1.445602896647339114E-15 ) ) ;
#7648 = ADVANCED_FACE ( 'NONE', ( #6485 ), #9463, .F. ) ;
#7649 = DIRECTION ( 'NONE',  ( -2.745056929018243809E-16, 0.000000000000000000, -1.000000000000000000 ) ) ;
#7650 = EDGE_CURVE ( 'NONE', #2969, #10506, #2603, .T. ) ;
#7651 = CARTESIAN_POINT ( 'NONE',  ( -9.512543292408439324E-12, -2.621640026853122608E-12, 338.2499999999777174 ) ) ;
#7652 = ORIENTED_EDGE ( 'NONE', *, *, #10154, .F. ) ;
#7653 = CARTESIAN_POINT ( 'NONE',  ( 23.00000000000000000, 34.20000000000000284, 5.000000000000000000 ) ) ;
#7654 = ORIENTED_EDGE ( 'NONE', *, *, #3325, .T. ) ;
#7655 = ORIENTED_EDGE ( 'NONE', *, *, #4912, .T. ) ;
#7656 = CARTESIAN_POINT ( 'NONE',  ( -189.9999999999714078, -2.736453936399309743E-12, -2.216068635442591193E-11 ) ) ;
#7657 = ORIENTED_EDGE ( 'NONE', *, *, #11632, .F. ) ;
#7658 = CARTESIAN_POINT ( 'NONE',  ( 0.000000000000000000, 0.000000000000000000, -30.00000000000000000 ) ) ;
#7659 = DIRECTION ( 'NONE',  ( 0.000000000000000000, 0.000000000000000000, -1.000000000000000000 ) ) ;
#7660 = DIRECTION ( 'NONE',  ( -8.673617379884043361E-16, 0.000000000000000000, 1.000000000000000000 ) ) ;
#7661 = ADVANCED_FACE ( 'NONE', ( #978 ), #10510, .F. ) ;
#7662 = CARTESIAN_POINT ( 'NONE',  ( 0.000000000000000000, 13.40000000000000213, 44.50000000000000711 ) ) ;
#7663 = EDGE_LOOP ( 'NONE', ( #7125, #8421 ) ) ;
#7664 = CARTESIAN_POINT ( 'NONE',  ( -27.00000000000000000, 0.000000000000000000, 0.000000000000000000 ) ) ;
#7665 = ORIENTED_EDGE ( 'NONE', *, *, #9789, .F. ) ;
#7666 = VERTEX_POINT ( 'NONE', #5564 ) ;
#7667 = CARTESIAN_POINT ( 'NONE',  ( 0.000000000000000000, 31.00000000000000355, 0.000000000000000000 ) ) ;
#7668 = FACE_OUTER_BOUND ( 'NONE', #10993, .T. ) ;
#7669 = DIRECTION ( 'NONE',  ( -1.000000000000000000, 0.000000000000000000, -6.446430439548137349E-17 ) ) ;
#7670 = DIRECTION ( 'NONE',  ( -0.000000000000000000, -1.000000000000000000, -0.000000000000000000 ) ) ;
#7671 = DIRECTION ( 'NONE',  ( -0.000000000000000000, -1.000000000000000000, -0.000000000000000000 ) ) ;
#7672 = EDGE_CURVE ( 'NONE', #499, #6467, #1109, .T. ) ;
#7673 = CARTESIAN_POINT ( 'NONE',  ( -80.25000000000000000, 20.00000000000000000, -10.24999999999998224 ) ) ;
#7674 = CARTESIAN_POINT ( 'NONE',  ( -130.0000000000000000, 0.000000000000000000, -10.24999999999998579 ) ) ;
#7675 = VERTEX_POINT ( 'NONE', #165 ) ;
#7676 = CARTESIAN_POINT ( 'NONE',  ( -14.84924240491757885, -5.939696961967007027, 12.74924240491742289 ) ) ;
#7677 = DIRECTION ( 'NONE',  ( -0.000000000000000000, -1.000000000000000000, -0.000000000000000000 ) ) ;
#7678 = VERTEX_POINT ( 'NONE', #2216 ) ;
#7679 = CARTESIAN_POINT ( 'NONE',  ( 11.31370849898465991, -2.500000000000000000, -11.31370849898485886 ) ) ;
#7680 = DIRECTION ( 'NONE',  ( 0.000000000000000000, 0.000000000000000000, -1.000000000000000000 ) ) ;
#7681 = ORIENTED_EDGE ( 'NONE', *, *, #3700, .T. ) ;
#7682 = DIRECTION ( 'NONE',  ( 0.000000000000000000, 1.000000000000000000, 0.000000000000000000 ) ) ;
#7683 = CARTESIAN_POINT ( 'NONE',  ( 138.3273854894824240, 3.000000000000000000, -89.99973635316756315 ) ) ;
#7684 = FILL_AREA_STYLE_COLOUR ( '', #7374 ) ;
#7685 = DIRECTION ( 'NONE',  ( 0.000000000000000000, 0.000000000000000000, -1.000000000000000000 ) ) ;
#7686 = ORIENTED_EDGE ( 'NONE', *, *, #12197, .F. ) ;
#7687 = EDGE_CURVE ( 'NONE', #5501, #9001, #3972, .T. ) ;
#7688 = FACE_OUTER_BOUND ( 'NONE', #10004, .T. ) ;
#7689 = VERTEX_POINT ( 'NONE', #2027 ) ;
#7690 = LINE ( 'NONE', #6657, #6532 ) ;
#7691 = EDGE_LOOP ( 'NONE', ( #4418, #8440, #7239, #1704 ) ) ;
#7692 = CARTESIAN_POINT ( 'NONE',  ( -150.0000000000000000, 20.00000000000000000, 30.00000000000000000 ) ) ;
#7693 = DIRECTION ( 'NONE',  ( 0.000000000000000000, -1.000000000000000000, 0.000000000000000000 ) ) ;
#7694 = CARTESIAN_POINT ( 'NONE',  ( 14.84924240491747582, -5.939696961967007027, 14.84924240491752556 ) ) ;
#7695 = EDGE_CURVE ( 'NONE', #4631, #1774, #8137, .T. ) ;
#7696 = DIRECTION ( 'NONE',  ( 0.000000000000000000, 1.000000000000000000, 0.000000000000000000 ) ) ;
#7697 = CYLINDRICAL_SURFACE ( 'NONE', #5426, 45.00000000000000711 ) ;
#7698 = ADVANCED_FACE ( 'NONE', ( #10630 ), #5989, .F. ) ;
#7699 = AXIS2_PLACEMENT_3D ( 'NONE', #7879, #6263, #7311 ) ;
#7700 = EDGE_CURVE ( 'NONE', #7723, #4328, #9526, .T. ) ;
#7701 = ORIENTED_EDGE ( 'NONE', *, *, #12042, .F. ) ;
#7702 = CARTESIAN_POINT ( 'NONE',  ( 0.000000000000000000, 0.000000000000000000, 10.00000000000000000 ) ) ;
#7703 = ORIENTED_EDGE ( 'NONE', *, *, #8534, .T. ) ;
#7704 = EDGE_LOOP ( 'NONE', ( #8277, #2528, #11663, #1792 ) ) ;
#7705 = AXIS2_PLACEMENT_3D ( 'NONE', #11850, #1269, #6137 ) ;
#7706 = VERTEX_POINT ( 'NONE', #5915 ) ;
#7707 = EDGE_CURVE ( 'NONE', #1364, #2977, #10915, .T. ) ;
#7708 = LINE ( 'NONE', #291, #7549 ) ;
#7709 = ADVANCED_FACE ( 'NONE', ( #4824 ), #10691, .F. ) ;
#7710 = AXIS2_PLACEMENT_3D ( 'NONE', #8427, #821, #4713 ) ;
#7711 = VECTOR ( 'NONE', #4332, 1000.000000000000000 ) ;
#7712 = DIRECTION ( 'NONE',  ( 0.000000000000000000, 0.000000000000000000, 1.000000000000000000 ) ) ;
#7713 = DIRECTION ( 'NONE',  ( -0.000000000000000000, -1.000000000000000000, -0.000000000000000000 ) ) ;
#7714 =( REPRESENTATION_RELATIONSHIP ('NONE','NONE', #9464, #8205 ) REPRESENTATION_RELATIONSHIP_WITH_TRANSFORMATION ( #8327 )SHAPE_REPRESENTATION_RELATIONSHIP( ) );
#7715 = CYLINDRICAL_SURFACE ( 'NONE', #3449, 44.50000000000000711 ) ;
#7716 = CIRCLE ( 'NONE', #3158, 35.00000000000000000 ) ;
#7717 = CIRCLE ( 'NONE', #8918, 18.00000000000000355 ) ;
#7718 = CIRCLE ( 'NONE', #2781, 20.00000000000000000 ) ;
#7719 = ORIENTED_EDGE ( 'NONE', *, *, #3398, .T. ) ;
#7720 =( GEOMETRIC_REPRESENTATION_CONTEXT ( 3 ) GLOBAL_UNCERTAINTY_ASSIGNED_CONTEXT ( ( #10998 ) ) GLOBAL_UNIT_ASSIGNED_CONTEXT ( ( #7771, #2076, #1900 ) ) REPRESENTATION_CONTEXT ( 'NONE', 'WORKASPACE' ) );
#7721 = DIRECTION ( 'NONE',  ( 0.000000000000000000, 0.000000000000000000, 1.000000000000000000 ) ) ;
#7722 = EDGE_LOOP ( 'NONE', ( #883, #332, #6800, #11110 ) ) ;
#7723 = VERTEX_POINT ( 'NONE', #2281 ) ;
#7724 = ORIENTED_EDGE ( 'NONE', *, *, #8279, .T. ) ;
#7725 = FACE_OUTER_BOUND ( 'NONE', #6622, .T. ) ;
#7726 = AXIS2_PLACEMENT_3D ( 'NONE', #4594, #5289, #8374 ) ;
#7727 = CARTESIAN_POINT ( 'NONE',  ( 30.00000000000000000, 0.000000000000000000, 10.00000000000000000 ) ) ;
#7728 = FACE_OUTER_BOUND ( 'NONE', #6378, .T. ) ;
#7729 = FACE_OUTER_BOUND ( 'NONE', #869, .T. ) ;
#7730 = FACE_OUTER_BOUND ( 'NONE', #8503, .T. ) ;
#7731 = CIRCLE ( 'NONE', #8519, 2.000000000000001776 ) ;
#7732 = CIRCLE ( 'NONE', #3772, 1.649999999999998801 ) ;
#7733 = CARTESIAN_POINT ( 'NONE',  ( 0.000000000000000000, 16.00000000000000000, 0.000000000000000000 ) ) ;
#7734 = CIRCLE ( 'NONE', #1261, 60.00000000000000000 ) ;
#7735 = CARTESIAN_POINT ( 'NONE',  ( -14.84924240491737102, 20.00000000000000000, -16.94924240491763712 ) ) ;
#7736 = VECTOR ( 'NONE', #8411, 1000.000000000000000 ) ;
#7737 = VERTEX_POINT ( 'NONE', #1295 ) ;
#7738 = PRESENTATION_LAYER_ASSIGNMENT (  '', '', ( #840 ) ) ;
#7739 = LINE ( 'NONE', #11281, #2808 ) ;
#7740 = DIRECTION ( 'NONE',  ( 0.000000000000000000, -0.000000000000000000, 1.000000000000000000 ) ) ;
#7741 = VERTEX_POINT ( 'NONE', #11573 ) ;
#7742 = CIRCLE ( 'NONE', #10931, 2.100000000000000089 ) ;
#7743 = CIRCLE ( 'NONE', #11921, 2.000000000000001776 ) ;
#7744 = CARTESIAN_POINT ( 'NONE',  ( 75.00000000000000000, -134.1640786499874025, 10.00000000000000178 ) ) ;
#7745 = DIRECTION ( 'NONE',  ( 0.000000000000000000, 0.000000000000000000, -1.000000000000000000 ) ) ;
#7746 = ORIENTED_EDGE ( 'NONE', *, *, #9439, .T. ) ;
#7747 = CARTESIAN_POINT ( 'NONE',  ( 0.000000000000000000, -2.500000000000000000, 0.000000000000000000 ) ) ;
#7748 = FACE_OUTER_BOUND ( 'NONE', #3452, .T. ) ;
#7749 = AXIS2_PLACEMENT_3D ( 'NONE', #1503, #5279, #11902 ) ;
#7750 = CARTESIAN_POINT ( 'NONE',  ( -8.000000000000000000, 0.000000000000000000, 12.00000000000000000 ) ) ;
#7751 = AXIS2_PLACEMENT_3D ( 'NONE', #9045, #4320, #8231 ) ;
#7752 = AXIS2_PLACEMENT_3D ( 'NONE', #318, #11785, #8864 ) ;
#7753 = DIRECTION ( 'NONE',  ( 0.000000000000000000, 0.000000000000000000, 1.000000000000000000 ) ) ;
#7754 = ORIENTED_EDGE ( 'NONE', *, *, #11251, .T. ) ;
#7755 = LINE ( 'NONE', #3968, #8141 ) ;
#7756 = CIRCLE ( 'NONE', #11926, 9.750000000000001776 ) ;
#7757 = VECTOR ( 'NONE', #6314, 1000.000000000000000 ) ;
#7758 = EDGE_CURVE ( 'NONE', #7689, #5215, #5069, .T. ) ;
#7759 = EDGE_LOOP ( 'NONE', ( #4731, #1685, #7724, #1777 ) ) ;
#7760 = CARTESIAN_POINT ( 'NONE',  ( 0.000000000000000000, 0.000000000000000000, 101.8499999999999943 ) ) ;
#7761 = VECTOR ( 'NONE', #10888, 1000.000000000000000 ) ;
#7762 = ORIENTED_EDGE ( 'NONE', *, *, #1548, .F. ) ;
#7763 = DIRECTION ( 'NONE',  ( -0.000000000000000000, -1.000000000000000000, -0.000000000000000000 ) ) ;
#7764 = CARTESIAN_POINT ( 'NONE',  ( -7.332110811570580046E-14, 22.72893218813453231, 21.00000000000000000 ) ) ;
#7765 = LINE ( 'NONE', #11746, #10222 ) ;
#7766 = EDGE_CURVE ( 'NONE', #11817, #5116, #6047, .T. ) ;
#7767 = CARTESIAN_POINT ( 'NONE',  ( 7.000000000000000888, 8.572527594031474176E-16, 3.000000000000000000 ) ) ;
#7768 = VECTOR ( 'NONE', #8957, 1000.000000000000000 ) ;
#7769 = CARTESIAN_POINT ( 'NONE',  ( -18.73499399519520026, 34.20000000000000284, 7.000000000000000000 ) ) ;
#7770 = CIRCLE ( 'NONE', #2035, 5.000000000000000000 ) ;
#7771 =( LENGTH_UNIT ( ) NAMED_UNIT ( * ) SI_UNIT ( .MILLI., .METRE. ) );
#7772 = VERTEX_POINT ( 'NONE', #6848 ) ;
#7773 = ORIENTED_CLOSED_SHELL ( 'NONE', *, #11215, .F. );
#7774 = DIRECTION ( 'NONE',  ( 0.000000000000000000, 0.000000000000000000, 1.000000000000000000 ) ) ;
#7775 = EDGE_LOOP ( 'NONE', ( #3365, #2447, #3500, #10828 ) ) ;
#7776 = ORIENTED_EDGE ( 'NONE', *, *, #1502, .T. ) ;
#7777 = AXIS2_PLACEMENT_3D ( 'NONE', #8125, #772, #11049 ) ;
#7778 = CARTESIAN_POINT ( 'NONE',  ( 185.0000000000254659, -10.00000000000367884, 29.99999999999860023 ) ) ;
#7779 = VERTEX_POINT ( 'NONE', #112 ) ;
#7780 = DIRECTION ( 'NONE',  ( -0.000000000000000000, -1.000000000000000000, -0.000000000000000000 ) ) ;
#7781 = EDGE_CURVE ( 'NONE', #4830, #143, #2938, .T. ) ;
#7782 = DIRECTION ( 'NONE',  ( 0.000000000000000000, 0.000000000000000000, 1.000000000000000000 ) ) ;
#7783 = DIRECTION ( 'NONE',  ( 0.000000000000000000, 0.000000000000000000, -1.000000000000000000 ) ) ;
#7784 = CARTESIAN_POINT ( 'NONE',  ( 90.00000000000000000, -63.24555320336758513, -10.00000000000000000 ) ) ;
#7785 = CIRCLE ( 'NONE', #5033, 5.000000000000000000 ) ;
#7786 = EDGE_CURVE ( 'NONE', #11544, #1890, #8647, .T. ) ;
#7787 = ORIENTED_EDGE ( 'NONE', *, *, #766, .T. ) ;
#7788 = EDGE_CURVE ( 'NONE', #7932, #7877, #7937, .T. ) ;
#7789 = PLANE ( 'NONE',  #11145 ) ;
#7790 = APPLICATION_CONTEXT ( 'automotive_design' ) ;
#7791 = EDGE_LOOP ( 'NONE', ( #11050, #6361, #8776, #5203 ) ) ;
#7792 = ORIENTED_EDGE ( 'NONE', *, *, #4416, .F. ) ;
#7793 = ORIENTED_EDGE ( 'NONE', *, *, #6814, .F. ) ;
#7794 = CARTESIAN_POINT ( 'NONE',  ( 4.400000000000000355, 0.000000000000000000, 0.000000000000000000 ) ) ;
#7795 = CIRCLE ( 'NONE', #7600, 2.100000000000000533 ) ;
#7796 = DIRECTION ( 'NONE',  ( 0.007261451051829231375, 0.000000000000000000, 0.9999736353167626435 ) ) ;
#7797 = EDGE_CURVE ( 'NONE', #8114, #64, #7534, .T. ) ;
#7798 = DIRECTION ( 'NONE',  ( 0.000000000000000000, 0.000000000000000000, -1.000000000000000000 ) ) ;
#7799 = DIRECTION ( 'NONE',  ( 0.000000000000000000, 0.000000000000000000, 1.000000000000000000 ) ) ;
#7800 = CARTESIAN_POINT ( 'NONE',  ( 0.000000000000000000, 31.00000000000000000, 0.000000000000000000 ) ) ;
#7801 = CARTESIAN_POINT ( 'NONE',  ( -14.84924240491737102, 20.00000000000000000, -14.84924240491763392 ) ) ;
#7802 = EDGE_CURVE ( 'NONE', #1102, #6787, #5951, .T. ) ;
#7803 = EDGE_CURVE ( 'NONE', #8558, #1290, #12109, .T. ) ;
#7804 = DIRECTION ( 'NONE',  ( 1.000000000000000000, 0.000000000000000000, 0.000000000000000000 ) ) ;
#7805 = VECTOR ( 'NONE', #2704, 1000.000000000000000 ) ;
#7806 = ORIENTED_EDGE ( 'NONE', *, *, #2559, .F. ) ;
#7807 = DIRECTION ( 'NONE',  ( -1.000000000000000000, 0.000000000000000000, 0.000000000000000000 ) ) ;
#7808 = DIRECTION ( 'NONE',  ( 0.000000000000000000, 0.000000000000000000, -1.000000000000000000 ) ) ;
#7809 = EDGE_LOOP ( 'NONE', ( #6045, #9418, #11755, #9007 ) ) ;
#7810 = CARTESIAN_POINT ( 'NONE',  ( 25.00000000000000000, 29.80000000000000426, -2.999999999999996003 ) ) ;
#7811 = EDGE_LOOP ( 'NONE', ( #5243, #9024, #3254, #6706 ) ) ;
#7812 = PLANE ( 'NONE',  #6955 ) ;
#7813 = EDGE_CURVE ( 'NONE', #9645, #7626, #6796, .T. ) ;
#7814 = CARTESIAN_POINT ( 'NONE',  ( 0.000000000000000000, 31.00000000000000355, 0.000000000000000000 ) ) ;
#7815 = CIRCLE ( 'NONE', #8410, 2.100000000000000533 ) ;
#7816 =( NAMED_UNIT ( * ) PLANE_ANGLE_UNIT ( ) SI_UNIT ( $, .RADIAN. ) );
#7817 = ADVANCED_FACE ( 'NONE', ( #10576 ), #2088, .T. ) ;
#7818 = VECTOR ( 'NONE', #10108, 1000.000000000000000 ) ;
#7819 = CARTESIAN_POINT ( 'NONE',  ( 0.000000000000000000, 0.000000000000000000, 0.000000000000000000 ) ) ;
#7820 = VERTEX_POINT ( 'NONE', #1539 ) ;
#7821 = CARTESIAN_POINT ( 'NONE',  ( -3.000000000000001776, 34.20000000000000284, -23.00000000000000000 ) ) ;
#7822 = EDGE_LOOP ( 'NONE', ( #9916, #2458, #4248, #5677 ) ) ;
#7823 = CARTESIAN_POINT ( 'NONE',  ( 5.000000000000000000, 6.123233995736766282E-16, 12.00000000000000000 ) ) ;
#7824 = PRODUCT_DEFINITION_SHAPE ( 'NONE', 'NONE',  #3904 ) ;
#7825 = EDGE_LOOP ( 'NONE', ( #8449, #8502, #9697, #10125 ) ) ;
#7826 = CARTESIAN_POINT ( 'NONE',  ( -21.00000000000000000, 22.72893218813453231, -1.466422162314116009E-13 ) ) ;
#7827 = AXIS2_PLACEMENT_3D ( 'NONE', #12092, #6390, #8120 ) ;
#7828 = SURFACE_STYLE_FILL_AREA ( #6837 ) ;
#7829 = DIRECTION ( 'NONE',  ( 0.000000000000000000, 0.000000000000000000, 1.000000000000000000 ) ) ;
#7830 = DIRECTION ( 'NONE',  ( 0.000000000000000000, 0.000000000000000000, 1.000000000000000000 ) ) ;
#7831 = DIRECTION ( 'NONE',  ( -0.000000000000000000, -1.000000000000000000, -0.000000000000000000 ) ) ;
#7832 = EDGE_CURVE ( 'NONE', #5101, #7741, #11117, .T. ) ;
#7833 = CARTESIAN_POINT ( 'NONE',  ( -133.7500000000000000, 20.00000000000000000, -10.00000000000001066 ) ) ;
#7834 = VECTOR ( 'NONE', #8636, 1000.000000000000000 ) ;
#7835 = ORIENTED_EDGE ( 'NONE', *, *, #5220, .F. ) ;
#7836 = DIRECTION ( 'NONE',  ( 0.000000000000000000, 0.000000000000000000, -1.000000000000000000 ) ) ;
#7837 = ORIENTED_EDGE ( 'NONE', *, *, #2368, .T. ) ;
#7838 = ORIENTED_EDGE ( 'NONE', *, *, #2079, .F. ) ;
#7839 = SHAPE_DEFINITION_REPRESENTATION ( #1412, #11607 ) ;
#7840 = ORIENTED_EDGE ( 'NONE', *, *, #10960, .F. ) ;
#7841 = DIRECTION ( 'NONE',  ( 0.000000000000000000, 1.000000000000000000, 0.000000000000000000 ) ) ;
#7842 = DIRECTION ( 'NONE',  ( -0.000000000000000000, -1.000000000000000000, -0.000000000000000000 ) ) ;
#7843 = CYLINDRICAL_SURFACE ( 'NONE', #3428, 2.000000000000000000 ) ;
#7844 = DIRECTION ( 'NONE',  ( -1.000000000000000000, 0.000000000000000000, 0.000000000000000000 ) ) ;
#7845 = VERTEX_POINT ( 'NONE', #7286 ) ;
#7846 = ADVANCED_FACE ( 'NONE', ( #5254 ), #606, .T. ) ;
#7847 = DIRECTION ( 'NONE',  ( 0.000000000000000000, 0.000000000000000000, 1.000000000000000000 ) ) ;
#7848 = ORIENTED_EDGE ( 'NONE', *, *, #5184, .F. ) ;
#7849 = ORIENTED_EDGE ( 'NONE', *, *, #7277, .T. ) ;
#7850 = ORIENTED_EDGE ( 'NONE', *, *, #10761, .T. ) ;
#7851 = LINE ( 'NONE', #5815, #4583 ) ;
#7852 = CARTESIAN_POINT ( 'NONE',  ( -5.000000000000001776, 34.20000000000000284, -23.00000000000000000 ) ) ;
#7853 = DIRECTION ( 'NONE',  ( 1.000000000000000000, 0.000000000000000000, 0.000000000000000000 ) ) ;
#7854 = CARTESIAN_POINT ( 'NONE',  ( -3.000000000000001776, 29.80000000000000426, -25.00000000000000000 ) ) ;
#7855 = CARTESIAN_POINT ( 'NONE',  ( 4.286263797015736496E-15, 12.00000000000000000, 35.00000000000000000 ) ) ;
#7856 = EDGE_CURVE ( 'NONE', #6053, #1583, #10830, .T. ) ;
#7857 = CARTESIAN_POINT ( 'NONE',  ( -14.84924240491737102, 20.00000000000000000, -12.74924240491763072 ) ) ;
#7858 = FACE_OUTER_BOUND ( 'NONE', #8616, .T. ) ;
#7859 = ORIENTED_EDGE ( 'NONE', *, *, #11653, .T. ) ;
#7860 = EDGE_CURVE ( 'NONE', #1118, #728, #6954, .T. ) ;
#7861 = DIRECTION ( 'NONE',  ( 0.000000000000000000, 1.000000000000000000, 0.000000000000000000 ) ) ;
#7862 = EDGE_LOOP ( 'NONE', ( #2330, #2038, #10075, #8100 ) ) ;
#7863 = LINE ( 'NONE', #3341, #4750 ) ;
#7864 = LINE ( 'NONE', #11654, #2195 ) ;
#7865 = ORIENTED_EDGE ( 'NONE', *, *, #8725, .T. ) ;
#7866 = CYLINDRICAL_SURFACE ( 'NONE', #10719, 6.300000000000000711 ) ;
#7867 = EDGE_CURVE ( 'NONE', #7460, #6526, #5187, .T. ) ;
#7868 = EDGE_CURVE ( 'NONE', #4305, #6258, #8538, .T. ) ;
#7869 = CARTESIAN_POINT ( 'NONE',  ( 0.000000000000000000, 0.000000000000000000, 11.00000000000000000 ) ) ;
#7870 = SURFACE_STYLE_USAGE ( .BOTH. , #9930 ) ;
#7871 = VERTEX_POINT ( 'NONE', #9889 ) ;
#7872 = DIRECTION ( 'NONE',  ( -0.000000000000000000, -0.000000000000000000, -1.000000000000000000 ) ) ;
#7873 = ORIENTED_EDGE ( 'NONE', *, *, #7781, .T. ) ;
#7874 = DIRECTION ( 'NONE',  ( 0.000000000000000000, 0.000000000000000000, -1.000000000000000000 ) ) ;
#7875 = ORIENTED_EDGE ( 'NONE', *, *, #836, .T. ) ;
#7876 = CARTESIAN_POINT ( 'NONE',  ( 2.999999999999998224, 34.20000000000000284, -23.00000000000000000 ) ) ;
#7877 = VERTEX_POINT ( 'NONE', #2395 ) ;
#7878 = ADVANCED_FACE ( 'NONE', ( #2461, #3502 ), #9035, .F. ) ;
#7879 = CARTESIAN_POINT ( 'NONE',  ( 0.000000000000000000, 0.000000000000000000, 11.00000000000000000 ) ) ;
#7880 = DIRECTION ( 'NONE',  ( 0.000000000000000000, 0.000000000000000000, 1.000000000000000000 ) ) ;
#7881 = LINE ( 'NONE', #11804, #11209 ) ;
#7882 = CARTESIAN_POINT ( 'NONE',  ( -18.73499399519520381, 29.80000000000000426, -4.999999999999999112 ) ) ;
#7883 = LINE ( 'NONE', #11106, #11353 ) ;
#7884 = DIRECTION ( 'NONE',  ( 0.000000000000000000, 1.000000000000000000, 0.000000000000000000 ) ) ;
#7885 = CARTESIAN_POINT ( 'NONE',  ( -16.00000000000000000, -2.500000000000000000, 0.000000000000000000 ) ) ;
#7886 = VERTEX_POINT ( 'NONE', #3446 ) ;
#7887 = PRODUCT_DEFINITION_CONTEXT ( 'detailed design', #9939, 'design' ) ;
#7888 = DIRECTION ( 'NONE',  ( -1.000000000000000000, -0.000000000000000000, 2.250437420865466312E-16 ) ) ;
#7889 = ORIENTED_EDGE ( 'NONE', *, *, #8787, .F. ) ;
#7890 = ORIENTED_EDGE ( 'NONE', *, *, #2187, .F. ) ;
#7891 = SHAPE_DEFINITION_REPRESENTATION ( #8412, #9464 ) ;
#7892 = ORIENTED_EDGE ( 'NONE', *, *, #8314, .T. ) ;
#7893 = LINE ( 'NONE', #5124, #4997 ) ;
#7894 = CARTESIAN_POINT ( 'NONE',  ( 0.000000000000000000, 22.20000000000000284, 0.000000000000000000 ) ) ;
#7895 = DIRECTION ( 'NONE',  ( 0.000000000000000000, 0.000000000000000000, -1.000000000000000000 ) ) ;
#7896 = VECTOR ( 'NONE', #5411, 1000.000000000000000 ) ;
#7897 = LINE ( 'NONE', #7784, #9987 ) ;
#7898 = VERTEX_POINT ( 'NONE', #4309 ) ;
#7899 = CARTESIAN_POINT ( 'NONE',  ( 23.00000000000000000, 29.80000000000000426, -4.999999999999995559 ) ) ;
#7900 = ORIENTED_EDGE ( 'NONE', *, *, #3941, .F. ) ;
#7901 = ORIENTED_EDGE ( 'NONE', *, *, #7242, .T. ) ;
#7903 = CARTESIAN_POINT ( 'NONE',  ( 150.0000000000000000, 0.000000000000000000, 10.00000000000000178 ) ) ;
#7902 = VECTOR ( 'NONE', #1678, 1000.000000000000000 ) ;
#7904 = VECTOR ( 'NONE', #3786, 1000.000000000000000 ) ;
#7905 = AXIS2_PLACEMENT_3D ( 'NONE', #2361, #4138, #7926 ) ;
#7906 = EDGE_LOOP ( 'NONE', ( #2565, #5997 ) ) ;
#7907 = EDGE_CURVE ( 'NONE', #7942, #5491, #11517, .T. ) ;
#7908 = DIRECTION ( 'NONE',  ( -0.000000000000000000, -1.000000000000000000, -0.000000000000000000 ) ) ;
#7909 = DIRECTION ( 'NONE',  ( 0.000000000000000000, 0.000000000000000000, 1.000000000000000000 ) ) ;
#7910 = CARTESIAN_POINT ( 'NONE',  ( -16.00000000000000000, -2.500000000000000000, 0.000000000000000000 ) ) ;
#7911 = DIRECTION ( 'NONE',  ( -0.000000000000000000, -1.000000000000000000, -0.000000000000000000 ) ) ;
#7912 = CIRCLE ( 'NONE', #4151, 0.5999999999999998668 ) ;
#7913 = DIRECTION ( 'NONE',  ( 0.000000000000000000, 0.000000000000000000, -1.000000000000000000 ) ) ;
#7914 = EDGE_CURVE ( 'NONE', #2567, #358, #8220, .T. ) ;
#7915 = DIRECTION ( 'NONE',  ( 0.000000000000000000, 0.000000000000000000, -1.000000000000000000 ) ) ;
#7916 = VECTOR ( 'NONE', #1201, 1000.000000000000000 ) ;
#7917 = AXIS2_PLACEMENT_3D ( 'NONE', #1285, #8355, #6489 ) ;
#7918 = AXIS2_PLACEMENT_3D ( 'NONE', #412, #3255, #7093 ) ;
#7919 = CARTESIAN_POINT ( 'NONE',  ( -130.0000000000000000, 20.00000000000000000, 10.25000000000001954 ) ) ;
#7920 = PRODUCT_DEFINITION_SHAPE ( 'NONE', 'NONE',  #12261 ) ;
#7921 = VERTEX_POINT ( 'NONE', #11871 ) ;
#7922 = CARTESIAN_POINT ( 'NONE',  ( 218.3273854894824524, 3.000000000000000000, -89.99973635316759157 ) ) ;
#7923 = DIRECTION ( 'NONE',  ( 0.000000000000000000, 0.000000000000000000, 1.000000000000000000 ) ) ;
#7924 = ORIENTED_EDGE ( 'NONE', *, *, #5726, .T. ) ;
#7925 = CIRCLE ( 'NONE', #6743, 2.000000000000001776 ) ;
#7926 = DIRECTION ( 'NONE',  ( -0.000000000000000000, 0.000000000000000000, 1.000000000000000000 ) ) ;
#7927 = PRODUCT_DEFINITION ( 'UNKNOWN', '', #10111, #4157 ) ;
#7928 = CARTESIAN_POINT ( 'NONE',  ( -7.000000000000001776, 34.20000000000000284, -18.73499399519520026 ) ) ;
#7929 = EDGE_CURVE ( 'NONE', #11449, #5725, #10135, .T. ) ;
#7930 = VECTOR ( 'NONE', #10654, 1000.000000000000000 ) ;
#7931 = CIRCLE ( 'NONE', #2596, 9.749999999999998224 ) ;
#7932 = VERTEX_POINT ( 'NONE', #12010 ) ;
#7933 = DIRECTION ( 'NONE',  ( -0.000000000000000000, 1.000000000000000000, -0.000000000000000000 ) ) ;
#7934 = FACE_BOUND ( 'NONE', #4746, .T. ) ;
#7935 = EDGE_CURVE ( 'NONE', #4316, #4068, #10025, .T. ) ;
#7936 = PRESENTATION_STYLE_ASSIGNMENT (( #4147 ) ) ;
#7937 = CIRCLE ( 'NONE', #6546, 80.00000000000000000 ) ;
#7938 = CIRCLE ( 'NONE', #1426, 12.50000000000000000 ) ;
#7939 = VERTEX_POINT ( 'NONE', #5310 ) ;
#7940 = DIRECTION ( 'NONE',  ( -0.000000000000000000, -1.000000000000000000, -0.000000000000000000 ) ) ;
#7941 = VECTOR ( 'NONE', #9720, 1000.000000000000000 ) ;
#7942 = VERTEX_POINT ( 'NONE', #4182 ) ;
#7943 = DIRECTION ( 'NONE',  ( 0.000000000000000000, 0.000000000000000000, 1.000000000000000000 ) ) ;
#7944 = EDGE_CURVE ( 'NONE', #9408, #8491, #4788, .T. ) ;
#7945 = ORIENTED_EDGE ( 'NONE', *, *, #1370, .T. ) ;
#7946 = LINE ( 'NONE', #2186, #7916 ) ;
#7947 = AXIS2_PLACEMENT_3D ( 'NONE', #1663, #4735, #3629 ) ;
#7948 = VECTOR ( 'NONE', #3339, 1000.000000000000000 ) ;
#7949 = ORIENTED_EDGE ( 'NONE', *, *, #5611, .T. ) ;
#7951 = FACE_OUTER_BOUND ( 'NONE', #3528, .T. ) ;
#7950 = ADVANCED_BREP_SHAPE_REPRESENTATION ( '', ( #8447, #10290 ), #6915 ) ;
#7952 = AXIS2_PLACEMENT_3D ( 'NONE', #8284, #3574, #6431 ) ;
#7953 = DIRECTION ( 'NONE',  ( -0.000000000000000000, -1.000000000000000000, -0.000000000000000000 ) ) ;
#7954 = AXIS2_PLACEMENT_3D ( 'NONE', #7119, #2424, #6196 ) ;
#7955 = FACE_BOUND ( 'NONE', #353, .T. ) ;
#7956 = DIRECTION ( 'NONE',  ( -0.000000000000000000, 1.000000000000000000, -0.000000000000000000 ) ) ;
#7957 = CARTESIAN_POINT ( 'NONE',  ( 6.299999999999998934, 34.20000000000000284, 16.86149459567567632 ) ) ;
#7958 = MECHANICAL_DESIGN_GEOMETRIC_PRESENTATION_REPRESENTATION (  '', ( #6180 ), #251 ) ;
#7959 = VERTEX_POINT ( 'NONE', #1410 ) ;
#7960 = VECTOR ( 'NONE', #1748, 1000.000000000000000 ) ;
#7961 = CARTESIAN_POINT ( 'NONE',  ( -90.00000000000000000, 0.000000000000000000, -19.99999999999998224 ) ) ;
#7962 = ADVANCED_FACE ( 'NONE', ( #7973, #3258 ), #7044, .F. ) ;
#7963 = VECTOR ( 'NONE', #426, 1000.000000000000000 ) ;
#7964 = ORIENTED_EDGE ( 'NONE', *, *, #9580, .F. ) ;
#7965 = CYLINDRICAL_SURFACE ( 'NONE', #6394, 12.50000000000000000 ) ;
#7966 = EDGE_LOOP ( 'NONE', ( #2340, #1567, #6740, #11269 ) ) ;
#7967 = VERTEX_POINT ( 'NONE', #8032 ) ;
#7968 = PRODUCT_CONTEXT ( 'NONE', #12233, 'mechanical' ) ;
#7969 = EDGE_LOOP ( 'NONE', ( #12098, #9731, #2758, #9845 ) ) ;
#7970 = LINE ( 'NONE', #2519, #6572 ) ;
#7971 = AXIS2_PLACEMENT_3D ( 'NONE', #7012, #2491, #1512 ) ;
#7972 = AXIS2_PLACEMENT_3D ( 'NONE', #6304, #10093, #1612 ) ;
#7973 = FACE_BOUND ( 'NONE', #6359, .T. ) ;
#7974 = DIRECTION ( 'NONE',  ( 0.000000000000000000, -1.000000000000000000, 0.000000000000000000 ) ) ;
#7975 = AXIS2_PLACEMENT_3D ( 'NONE', #8164, #9166, #689 ) ;
#7976 = DIRECTION ( 'NONE',  ( 1.000000000000000000, 0.000000000000000000, 0.000000000000000000 ) ) ;
#7977 = ADVANCED_FACE ( 'NONE', ( #7097 ), #10881, .F. ) ;
#7978 = AXIS2_PLACEMENT_3D ( 'NONE', #2462, #4442, #9837 ) ;
#7979 = ORIENTED_EDGE ( 'NONE', *, *, #6339, .F. ) ;
#7980 = CYLINDRICAL_SURFACE ( 'NONE', #2241, 5.000000000000000000 ) ;
#7981 = ORIENTED_EDGE ( 'NONE', *, *, #11061, .T. ) ;
#7982 = ORIENTED_EDGE ( 'NONE', *, *, #8208, .F. ) ;
#7983 = DIRECTION ( 'NONE',  ( 0.000000000000000000, 0.000000000000000000, -1.000000000000000000 ) ) ;
#7984 = ORIENTED_EDGE ( 'NONE', *, *, #3545, .F. ) ;
#7985 = CARTESIAN_POINT ( 'NONE',  ( 4.286263797015736496E-15, 9.000000000000001776, 35.00000000000000000 ) ) ;
#7986 = CARTESIAN_POINT ( 'NONE',  ( 0.000000000000000000, 43.00000000000000000, -60.00000000000000000 ) ) ;
#7987 = CARTESIAN_POINT ( 'NONE',  ( 18.50000000000000000, 0.000000000000000000, 8.000000000000000000 ) ) ;
#7988 = LINE ( 'NONE', #9102, #639 ) ;
#7989 = CARTESIAN_POINT ( 'NONE',  ( 0.000000000000000000, 0.000000000000000000, 0.000000000000000000 ) ) ;
#7990 = AXIS2_PLACEMENT_3D ( 'NONE', #716, #11173, #4476 ) ;
#7991 = DIRECTION ( 'NONE',  ( 0.000000000000000000, 1.000000000000000000, 0.000000000000000000 ) ) ;
#7992 = EDGE_CURVE ( 'NONE', #4592, #9041, #6351, .T. ) ;
#7993 = FACE_OUTER_BOUND ( 'NONE', #6772, .T. ) ;
#7994 = ORIENTED_EDGE ( 'NONE', *, *, #11805, .T. ) ;
#7995 = CARTESIAN_POINT ( 'NONE',  ( 75.00000000000000000, -134.1640786499874025, -10.00000000000000178 ) ) ;
#7996 = PRESENTATION_STYLE_ASSIGNMENT (( #11650 ) ) ;
#7997 = ORIENTED_EDGE ( 'NONE', *, *, #1080, .F. ) ;
#7998 = AXIS2_PLACEMENT_3D ( 'NONE', #4898, #6066, #7915 ) ;
#7999 = FACE_OUTER_BOUND ( 'NONE', #3936, .T. ) ;
#8000 = CARTESIAN_POINT ( 'NONE',  ( 5.449678256205721981E-15, 11.19999999999999751, -44.50000000000000711 ) ) ;
#8001 = VERTEX_POINT ( 'NONE', #9396 ) ;
#8002 = DIRECTION ( 'NONE',  ( 0.000000000000000000, 1.000000000000000000, 0.000000000000000000 ) ) ;
#8003 = DIRECTION ( 'NONE',  ( -0.000000000000000000, -1.000000000000000000, -0.000000000000000000 ) ) ;
#8004 = DIRECTION ( 'NONE',  ( 0.000000000000000000, 0.000000000000000000, -1.000000000000000000 ) ) ;
#8005 = VECTOR ( 'NONE', #9351, 1000.000000000000000 ) ;
#8006 = ORIENTED_EDGE ( 'NONE', *, *, #5222, .T. ) ;
#8007 = DIRECTION ( 'NONE',  ( 1.000000000000000000, 0.000000000000000000, 0.000000000000000000 ) ) ;
#8008 = ORIENTED_EDGE ( 'NONE', *, *, #6654, .T. ) ;
#8009 = DIRECTION ( 'NONE',  ( -1.000000000000000000, 0.000000000000000000, 0.000000000000000000 ) ) ;
#8010 = PRODUCT_DEFINITION_CONTEXT ( 'detailed design', #8898, 'design' ) ;
#8011 = EDGE_CURVE ( 'NONE', #11880, #12002, #8334, .T. ) ;
#8012 = VERTEX_POINT ( 'NONE', #3685 ) ;
#8013 = DIRECTION ( 'NONE',  ( 0.000000000000000000, 0.000000000000000000, 1.000000000000000000 ) ) ;
#8014 = STYLED_ITEM ( 'NONE', ( #9692 ), #4639 ) ;
#8015 = EDGE_LOOP ( 'NONE', ( #5540, #8187, #6582, #4607 ) ) ;
#8016 = DIRECTION ( 'NONE',  ( 0.000000000000000000, 0.000000000000000000, -1.000000000000000000 ) ) ;
#8017 = FACE_BOUND ( 'NONE', #5589, .T. ) ;
#8018 = AXIS2_PLACEMENT_3D ( 'NONE', #7127, #8194, #579 ) ;
#8019 = ADVANCED_FACE ( 'NONE', ( #5496 ), #5671, .T. ) ;
#8020 = FACE_OUTER_BOUND ( 'NONE', #24, .T. ) ;
#8021 = ORIENTED_EDGE ( 'NONE', *, *, #6318, .F. ) ;
#8022 = CARTESIAN_POINT ( 'NONE',  ( 14.84924240491768188, 0.000000000000000000, -12.74924240491732164 ) ) ;
#8023 = ORIENTED_EDGE ( 'NONE', *, *, #2041, .F. ) ;
#8024 = EDGE_CURVE ( 'NONE', #710, #8847, #7348, .T. ) ;
#8025 = CARTESIAN_POINT ( 'NONE',  ( 138.3273854894824240, -43.00000000000000000, -9.999736353167559599 ) ) ;
#8026 = VERTEX_POINT ( 'NONE', #3733 ) ;
#8027 = VECTOR ( 'NONE', #6998, 1000.000000000000000 ) ;
#8028 = EDGE_LOOP ( 'NONE', ( #8166, #9803, #6932, #7964 ) ) ;
#8029 = APPLICATION_PROTOCOL_DEFINITION ( 'draft international standard', 'automotive_design', 1998, #7408 ) ;
#8030 = EDGE_LOOP ( 'NONE', ( #5687, #7787, #12116, #5218 ) ) ;
#8031 = CYLINDRICAL_SURFACE ( 'NONE', #7315, 60.00000000000000000 ) ;
#8032 = CARTESIAN_POINT ( 'NONE',  ( 0.000000000000000000, 0.000000000000000000, 29.74999999999997158 ) ) ;
#8033 = EDGE_CURVE ( 'NONE', #3974, #4175, #4590, .T. ) ;
#8034 = APPLICATION_CONTEXT ( 'automotive_design' ) ;
#8035 = EDGE_CURVE ( 'NONE', #2185, #6779, #743, .T. ) ;
#8036 = PRODUCT_DEFINITION_SHAPE ( 'NONE', 'NONE',  #12254 ) ;
#8037 = CARTESIAN_POINT ( 'NONE',  ( -90.00000000000000000, 0.000000000000000000, 10.00000000000000000 ) ) ;
#8038 = AXIS2_PLACEMENT_3D ( 'NONE', #1337, #7829, #11558 ) ;
#8039 = ORIENTED_EDGE ( 'NONE', *, *, #11933, .F. ) ;
#8040 = FACE_OUTER_BOUND ( 'NONE', #10586, .T. ) ;
#8041 = ORIENTED_EDGE ( 'NONE', *, *, #6756, .F. ) ;
#8042 = EDGE_LOOP ( 'NONE', ( #4006, #10655 ) ) ;
#8043 = CIRCLE ( 'NONE', #539, 2.100000000000000977 ) ;
#8044 = DIRECTION ( 'NONE',  ( -0.000000000000000000, 1.000000000000000000, -0.000000000000000000 ) ) ;
#8045 = ORIENTED_EDGE ( 'NONE', *, *, #7802, .T. ) ;
#8046 = DIRECTION ( 'NONE',  ( 0.000000000000000000, 0.000000000000000000, 1.000000000000000000 ) ) ;
#8047 = AXIS2_PLACEMENT_3D ( 'NONE', #8871, #5099, #4220 ) ;
#8048 = PRESENTATION_STYLE_ASSIGNMENT (( #5439 ) ) ;
#8049 = DIRECTION ( 'NONE',  ( -0.000000000000000000, 1.000000000000000000, -0.000000000000000000 ) ) ;
#8050 = DIRECTION ( 'NONE',  ( -0.000000000000000000, -1.000000000000000000, -0.000000000000000000 ) ) ;
#8051 = EDGE_CURVE ( 'NONE', #12192, #7192, #6170, .T. ) ;
#8052 = CARTESIAN_POINT ( 'NONE',  ( 0.000000000000000000, 43.00000000000000000, 0.000000000000000000 ) ) ;
#8053 = LINE ( 'NONE', #2664, #9384 ) ;
#8054 = PLANE ( 'NONE',  #3957 ) ;
#8055 = ORIENTED_EDGE ( 'NONE', *, *, #5053, .F. ) ;
#8056 = DIRECTION ( 'NONE',  ( 0.000000000000000000, 0.000000000000000000, 1.000000000000000000 ) ) ;
#8057 = CARTESIAN_POINT ( 'NONE',  ( 14.84924240491768188, -5.939696961967007027, -12.74924240491732164 ) ) ;
#8058 = ORIENTED_EDGE ( 'NONE', *, *, #6910, .F. ) ;
#8059 = DIRECTION ( 'NONE',  ( 1.734723475976806306E-15, 0.000000000000000000, 1.000000000000000000 ) ) ;
#8060 = FACE_OUTER_BOUND ( 'NONE', #4633, .T. ) ;
#8061 = EDGE_LOOP ( 'NONE', ( #3692, #363 ) ) ;
#8062 = DIRECTION ( 'NONE',  ( 0.000000000000000000, 0.000000000000000000, 1.000000000000000000 ) ) ;
#8063 = EDGE_CURVE ( 'NONE', #10036, #2042, #9730, .T. ) ;
#8064 = CARTESIAN_POINT ( 'NONE',  ( 218.3273854894824524, 3.000000000000000000, -89.99973635316759157 ) ) ;
#8065 = DIRECTION ( 'NONE',  ( 0.000000000000000000, 1.000000000000000000, 0.000000000000000000 ) ) ;
#8066 = VERTEX_POINT ( 'NONE', #2812 ) ;
#8067 = LINE ( 'NONE', #526, #9701 ) ;
#8068 = ORIENTED_EDGE ( 'NONE', *, *, #6033, .T. ) ;
#8069 = DIRECTION ( 'NONE',  ( -0.000000000000000000, 0.000000000000000000, 1.000000000000000000 ) ) ;
#8070 = ORIENTED_EDGE ( 'NONE', *, *, #9165, .F. ) ;
#8071 = CYLINDRICAL_SURFACE ( 'NONE', #6152, 44.50000000000000711 ) ;
#8072 = ORIENTED_EDGE ( 'NONE', *, *, #10260, .F. ) ;
#8073 = ADVANCED_FACE ( 'NONE', ( #1837 ), #966, .T. ) ;
#8074 = DIRECTION ( 'NONE',  ( -0.000000000000000000, -1.000000000000000000, -0.000000000000000000 ) ) ;
#8075 = DIRECTION ( 'NONE',  ( -0.007261451051829231375, 0.000000000000000000, -0.9999736353167626435 ) ) ;
#8076 = ADVANCED_FACE ( 'NONE', ( #12187 ), #1771, .F. ) ;
#8077 = CARTESIAN_POINT ( 'NONE',  ( 2.199633243471174140E-13, 22.72893218813453231, -20.99999999999999645 ) ) ;
#8078 = ORIENTED_EDGE ( 'NONE', *, *, #9466, .F. ) ;
#8079 = CYLINDRICAL_SURFACE ( 'NONE', #4155, 2.100000000000000089 ) ;
#8080 = ORIENTED_EDGE ( 'NONE', *, *, #180, .T. ) ;
#8081 = CARTESIAN_POINT ( 'NONE',  ( 0.000000000000000000, 20.00000000000000000, 0.000000000000000000 ) ) ;
#8082 = ORIENTED_EDGE ( 'NONE', *, *, #7214, .T. ) ;
#8083 = ORIENTED_EDGE ( 'NONE', *, *, #7260, .T. ) ;
#8084 = APPLICATION_PROTOCOL_DEFINITION ( 'draft international standard', 'automotive_design', 1998, #8654 ) ;
#8085 = EDGE_CURVE ( 'NONE', #4110, #8264, #7464, .T. ) ;
#8086 = EDGE_LOOP ( 'NONE', ( #2818, #6026, #10651, #7250 ) ) ;
#8087 = FACE_OUTER_BOUND ( 'NONE', #893, .T. ) ;
#8088 = CARTESIAN_POINT ( 'NONE',  ( 130.0000000000000000, 0.000000000000000000, 20.00000000000002487 ) ) ;
#8089 = DIRECTION ( 'NONE',  ( -0.000000000000000000, 1.000000000000000000, -0.000000000000000000 ) ) ;
#8090 = ADVANCED_FACE ( 'NONE', ( #7416 ), #1722, .F. ) ;
#8091 = CARTESIAN_POINT ( 'NONE',  ( 138.3273854894817134, -43.00000000000000000, -280.0002636468323658 ) ) ;
#8092 = ORIENTED_EDGE ( 'NONE', *, *, #3642, .T. ) ;
#8093 = DIRECTION ( 'NONE',  ( -0.000000000000000000, -0.000000000000000000, -1.000000000000000000 ) ) ;
#8094 = ADVANCED_FACE ( 'NONE', ( #6474 ), #10321, .F. ) ;
#8095 = ORIENTED_EDGE ( 'NONE', *, *, #9989, .F. ) ;
#8096 = VECTOR ( 'NONE', #506, 1000.000000000000000 ) ;
#8097 = EDGE_CURVE ( 'NONE', #691, #3119, #9271, .T. ) ;
#8098 = EDGE_LOOP ( 'NONE', ( #764, #11127, #6988, #8666 ) ) ;
#8099 = CARTESIAN_POINT ( 'NONE',  ( 0.000000000000000000, 20.00000000000000000, 0.000000000000000000 ) ) ;
#8100 = ORIENTED_EDGE ( 'NONE', *, *, #8279, .F. ) ;
#8101 = CARTESIAN_POINT ( 'NONE',  ( 5.000000000000000000, 6.123233995736766282E-16, 33.00000000000000000 ) ) ;
#8102 = VECTOR ( 'NONE', #9636, 1000.000000000000000 ) ;
#8103 = CARTESIAN_POINT ( 'NONE',  ( 4.286263797015735707E-15, 0.000000000000000000, 35.00000000000000000 ) ) ;
#8104 = FACE_OUTER_BOUND ( 'NONE', #3873, .T. ) ;
#8105 = ADVANCED_BREP_SHAPE_REPRESENTATION ( '', ( #326, #10290 ), #11091 ) ;
#8106 = PLANE ( 'NONE',  #5201 ) ;
#8107 = CARTESIAN_POINT ( 'NONE',  ( 6.999999999999999112, 8.572527594031472204E-16, 9.000000000000001776 ) ) ;
#8108 = CARTESIAN_POINT ( 'NONE',  ( 138.3273854894823955, 3.000000000000000000, -360.0007909404973248 ) ) ;
#8109 = AXIS2_PLACEMENT_3D ( 'NONE', #646, #11979, #4770 ) ;
#8110 = AXIS2_PLACEMENT_3D ( 'NONE', #4108, #8698, #2139 ) ;
#8111 = VERTEX_POINT ( 'NONE', #2702 ) ;
#8112 = DIRECTION ( 'NONE',  ( 0.000000000000000000, 1.000000000000000000, 0.000000000000000000 ) ) ;
#8113 = CARTESIAN_POINT ( 'NONE',  ( 130.0000000000000000, -101.9803902718557111, 10.00000000000000000 ) ) ;
#8114 = VERTEX_POINT ( 'NONE', #859 ) ;
#8115 = CARTESIAN_POINT ( 'NONE',  ( 2.199633243471174140E-13, 34.20000000000000284, -18.50000000000000000 ) ) ;
#8116 = DIRECTION ( 'NONE',  ( 0.000000000000000000, 0.000000000000000000, 1.000000000000000000 ) ) ;
#8117 = VECTOR ( 'NONE', #1711, 1000.000000000000000 ) ;
#8118 = ORIENTED_EDGE ( 'NONE', *, *, #12120, .F. ) ;
#8119 = CARTESIAN_POINT ( 'NONE',  ( 7.347880794884118356E-15, 0.000000000000000000, 60.00000000000000000 ) ) ;
#8120 = DIRECTION ( 'NONE',  ( -6.938893903907228378E-16, 0.000000000000000000, -1.000000000000000000 ) ) ;
#8121 = AXIS2_PLACEMENT_3D ( 'NONE', #5107, #1334, #1387 ) ;
#8122 = AXIS2_PLACEMENT_3D ( 'NONE', #2080, #2274, #3061 ) ;
#8123 = AXIS2_PLACEMENT_3D ( 'NONE', #7656, #1958, #4821 ) ;
#8124 = DIRECTION ( 'NONE',  ( 0.000000000000000000, 0.000000000000000000, 1.000000000000000000 ) ) ;
#8125 = CARTESIAN_POINT ( 'NONE',  ( 0.000000000000000000, 29.80000000000000426, 0.000000000000000000 ) ) ;
#8126 = EDGE_LOOP ( 'NONE', ( #597, #882 ) ) ;
#8127 = DIRECTION ( 'NONE',  ( -0.000000000000000000, 1.000000000000000000, -0.000000000000000000 ) ) ;
#8128 = AXIS2_PLACEMENT_3D ( 'NONE', #9612, #945, #2957 ) ;
#8129 = ORIENTED_EDGE ( 'NONE', *, *, #1985, .T. ) ;
#8130 = DIRECTION ( 'NONE',  ( 0.000000000000000000, 0.000000000000000000, 1.000000000000000000 ) ) ;
#8131 = CIRCLE ( 'NONE', #10697, 2.100000000000000977 ) ;
#8132 = VECTOR ( 'NONE', #372, 1000.000000000000000 ) ;
#8133 = UNCERTAINTY_MEASURE_WITH_UNIT (LENGTH_MEASURE( 1.000000000000000082E-05 ), #5750, 'distance_accuracy_value', 'NONE');
#8134 = EDGE_LOOP ( 'NONE', ( #1271, #6720 ) ) ;
#8135 = CARTESIAN_POINT ( 'NONE',  ( 0.000000000000000000, 31.00000000000000000, 0.000000000000000000 ) ) ;
#8136 = VERTEX_POINT ( 'NONE', #8396 ) ;
#8137 = CIRCLE ( 'NONE', #10927, 2.100000000000000977 ) ;
#8138 = FACE_OUTER_BOUND ( 'NONE', #6398, .T. ) ;
#8139 = FACE_BOUND ( 'NONE', #9831, .T. ) ;
#8140 = AXIS2_PLACEMENT_3D ( 'NONE', #6000, #5081, #5751 ) ;
#8141 = VECTOR ( 'NONE', #6773, 1000.000000000000000 ) ;
#8142 = LINE ( 'NONE', #11934, #8117 ) ;
#8143 = VERTEX_POINT ( 'NONE', #5618 ) ;
#8144 = DIRECTION ( 'NONE',  ( 0.000000000000000000, 0.000000000000000000, -1.000000000000000000 ) ) ;
#8145 = EDGE_CURVE ( 'NONE', #5150, #6327, #2014, .T. ) ;
#8146 = CIRCLE ( 'NONE', #9147, 100.0000000000000000 ) ;
#8147 = EDGE_LOOP ( 'NONE', ( #11639, #403 ) ) ;
#8148 = CIRCLE ( 'NONE', #5379, 2.499999999999998668 ) ;
#8149 = DIRECTION ( 'NONE',  ( 0.000000000000000000, 0.000000000000000000, 1.000000000000000000 ) ) ;
#8150 = EDGE_LOOP ( 'NONE', ( #79, #6289 ) ) ;
#8151 = VERTEX_POINT ( 'NONE', #5903 ) ;
#8152 = CIRCLE ( 'NONE', #11316, 2.100000000000002753 ) ;
#8153 = CIRCLE ( 'NONE', #4178, 2.100000000000000089 ) ;
#8154 = ITEM_DEFINED_TRANSFORMATION ( 'NONE', 'NONE', #11289,  #10290 ) ;
#8155 = EDGE_CURVE ( 'NONE', #1382, #10299, #2217, .T. ) ;
#8156 = ORIENTED_EDGE ( 'NONE', *, *, #1896, .T. ) ;
#8157 = DIRECTION ( 'NONE',  ( -0.000000000000000000, -1.000000000000000000, -0.000000000000000000 ) ) ;
#8158 = DIRECTION ( 'NONE',  ( 1.000000000000000000, 0.000000000000000000, 0.000000000000000000 ) ) ;
#8159 = CARTESIAN_POINT ( 'NONE',  ( -66.17647058823530415, 20.00000000000000000, -35.29411764705883314 ) ) ;
#8160 = DIRECTION ( 'NONE',  ( 0.000000000000000000, 0.000000000000000000, 1.000000000000000000 ) ) ;
#8161 = AXIS2_PLACEMENT_3D ( 'NONE', #1538, #1481, #5370 ) ;
#8162 = AXIS2_PLACEMENT_3D ( 'NONE', #6124, #7861, #1438 ) ;
#8163 = ORIENTED_EDGE ( 'NONE', *, *, #6502, .F. ) ;
#8164 = CARTESIAN_POINT ( 'NONE',  ( 0.000000000000000000, 43.00000000000000000, 0.000000000000000000 ) ) ;
#8165 = EDGE_LOOP ( 'NONE', ( #10328, #1361, #934, #4341 ) ) ;
#8166 = ORIENTED_EDGE ( 'NONE', *, *, #9625, .F. ) ;
#8167 = AXIS2_PLACEMENT_3D ( 'NONE', #1694, #3532, #11983 ) ;
#8168 = DIRECTION ( 'NONE',  ( -0.000000000000000000, 1.000000000000000000, -0.000000000000000000 ) ) ;
#8169 = AXIS2_PLACEMENT_3D ( 'NONE', #11159, #8413, #10273 ) ;
#8170 = VECTOR ( 'NONE', #5928, 1000.000000000000000 ) ;
#8171 = EDGE_CURVE ( 'NONE', #2017, #11446, #4386, .T. ) ;
#8172 = EDGE_LOOP ( 'NONE', ( #2064, #6147, #10612, #4917 ) ) ;
#8173 = CARTESIAN_POINT ( 'NONE',  ( 0.000000000000000000, 12.00000000000000000, -35.00000000000000000 ) ) ;
#8174 = CIRCLE ( 'NONE', #254, 45.00000000000000711 ) ;
#8175 = CARTESIAN_POINT ( 'NONE',  ( 16.86149459567567632, 34.20000000000000284, 6.299999999999999822 ) ) ;
#8176 = LINE ( 'NONE', #9047, #2983 ) ;
#8177 = CARTESIAN_POINT ( 'NONE',  ( 66.17647058823530415, 0.000000000000000000, -35.29411764705883314 ) ) ;
#8178 = FACE_OUTER_BOUND ( 'NONE', #3883, .T. ) ;
#8179 = ADVANCED_FACE ( 'NONE', ( #1153 ), #4042, .F. ) ;
#8180 = AXIS2_PLACEMENT_3D ( 'NONE', #10817, #6968, #10675 ) ;
#8181 = AXIS2_PLACEMENT_3D ( 'NONE', #3012, #5916, #5011 ) ;
#8182 = ADVANCED_FACE ( 'NONE', ( #3979 ), #6782, .F. ) ;
#8183 = CYLINDRICAL_SURFACE ( 'NONE', #8322, 2.000000000000001776 ) ;
#8184 = ORIENTED_EDGE ( 'NONE', *, *, #9484, .F. ) ;
#8185 = CARTESIAN_POINT ( 'NONE',  ( 5.510910596163090344E-15, 31.00000000000000355, 45.00000000000000711 ) ) ;
#8186 = CYLINDRICAL_SURFACE ( 'NONE', #10526, 2.100000000000004530 ) ;
#8187 = ORIENTED_EDGE ( 'NONE', *, *, #5371, .T. ) ;
#8188 = EDGE_CURVE ( 'NONE', #10684, #9681, #6893, .T. ) ;
#8189 = CYLINDRICAL_SURFACE ( 'NONE', #11712, 5.000000000000000000 ) ;
#8190 = AXIS2_PLACEMENT_3D ( 'NONE', #1631, #2492, #3420 ) ;
#8191 = ORIENTED_EDGE ( 'NONE', *, *, #1596, .T. ) ;
#8192 = CARTESIAN_POINT ( 'NONE',  ( 238.3273854894817134, -43.00000000000000000, -155.0002636468324795 ) ) ;
#8193 = DIRECTION ( 'NONE',  ( 1.000000000000000000, 0.000000000000000000, 0.000000000000000000 ) ) ;
#8194 = DIRECTION ( 'NONE',  ( -0.000000000000000000, -0.000000000000000000, -1.000000000000000000 ) ) ;
#8195 = ADVANCED_FACE ( 'NONE', ( #8827 ), #2991, .T. ) ;
#8196 = LINE ( 'NONE', #3533, #1074 ) ;
#8197 = EDGE_CURVE ( 'NONE', #6243, #737, #6663, .T. ) ;
#8198 = ORIENTED_EDGE ( 'NONE', *, *, #11125, .F. ) ;
#8199 = DIRECTION ( 'NONE',  ( -0.000000000000000000, -0.000000000000000000, 1.000000000000000000 ) ) ;
#8200 = ORIENTED_EDGE ( 'NONE', *, *, #9236, .T. ) ;
#8201 = CARTESIAN_POINT ( 'NONE',  ( -238.4000000000000057, 20.00000000000000000, 9.999999999999952038 ) ) ;
#8202 = VERTEX_POINT ( 'NONE', #9638 ) ;
#8203 = CARTESIAN_POINT ( 'NONE',  ( 2.199633243471174140E-13, 20.00000000000000000, -20.99999999999999645 ) ) ;
#8204 = ORIENTED_EDGE ( 'NONE', *, *, #2866, .T. ) ;
#8205 = SHAPE_REPRESENTATION ( 'MotorShell', ( #10290 ), #6915 ) ;
#8206 = DIRECTION ( 'NONE',  ( -0.000000000000000000, 1.000000000000000000, -0.000000000000000000 ) ) ;
#8207 = CIRCLE ( 'NONE', #3645, 2.100000000000004530 ) ;
#8208 = EDGE_CURVE ( 'NONE', #12166, #2539, #6558, .T. ) ;
#8209 = CARTESIAN_POINT ( 'NONE',  ( -130.0000000000000000, 20.00000000000000000, 30.00000000000000000 ) ) ;
#8210 = VERTEX_POINT ( 'NONE', #5719 ) ;
#8211 = DIRECTION ( 'NONE',  ( -1.000000000000000000, 0.000000000000000000, 0.000000000000000000 ) ) ;
#8212 = COLOUR_RGB ( '',0.7921568627450980005, 0.8196078431372548767, 0.9333333333333333481 ) ;
#8213 = VERTEX_POINT ( 'NONE', #4101 ) ;
#8214 = EDGE_LOOP ( 'NONE', ( #3651, #2205, #4119, #6790 ) ) ;
#8215 = ORIENTED_EDGE ( 'NONE', *, *, #1589, .T. ) ;
#8216 = PRODUCT ( 'MotorShell', 'MotorShell', '', ( #9774 ) ) ;
#8217 = CONTEXT_DEPENDENT_SHAPE_REPRESENTATION ( #2729, #1202 ) ;
#8218 = VERTEX_POINT ( 'NONE', #7882 ) ;
#8219 = CARTESIAN_POINT ( 'NONE',  ( 21.00000000000000000, 22.72893218813453231, 0.000000000000000000 ) ) ;
#8220 = LINE ( 'NONE', #8088, #4183 ) ;
#8221 = EDGE_CURVE ( 'NONE', #4535, #11230, #10498, .T. ) ;
#8222 = DIRECTION ( 'NONE',  ( 0.000000000000000000, 1.000000000000000000, 0.000000000000000000 ) ) ;
#8223 = FILL_AREA_STYLE ('',( #3322 ) ) ;
#8224 = VECTOR ( 'NONE', #6065, 1000.000000000000000 ) ;
#8225 = VERTEX_POINT ( 'NONE', #279 ) ;
#8226 = DIRECTION ( 'NONE',  ( -0.000000000000000000, -1.000000000000000000, -0.000000000000000000 ) ) ;
#8227 = ORIENTED_EDGE ( 'NONE', *, *, #7033, .F. ) ;
#8228 = ORIENTED_EDGE ( 'NONE', *, *, #6214, .T. ) ;
#8229 = DIRECTION ( 'NONE',  ( 0.000000000000000000, 0.000000000000000000, -1.000000000000000000 ) ) ;
#8230 = VERTEX_POINT ( 'NONE', #2871 ) ;
#8231 = DIRECTION ( 'NONE',  ( 0.000000000000000000, 0.000000000000000000, 1.000000000000000000 ) ) ;
#8232 = DIRECTION ( 'NONE',  ( -0.000000000000000000, -1.000000000000000000, -0.000000000000000000 ) ) ;
#8233 = CARTESIAN_POINT ( 'NONE',  ( 2.199633243471174140E-13, 34.20000000000000284, -20.99999999999999645 ) ) ;
#8234 = DIRECTION ( 'NONE',  ( -0.000000000000000000, -1.000000000000000000, -0.000000000000000000 ) ) ;
#8235 = FACE_OUTER_BOUND ( 'NONE', #5064, .T. ) ;
#8236 = ADVANCED_FACE ( 'NONE', ( #2011 ), #8690, .F. ) ;
#8237 = DIRECTION ( 'NONE',  ( -0.000000000000000000, -0.000000000000000000, -1.000000000000000000 ) ) ;
#8238 = CLOSED_SHELL ( 'NONE', ( #9655, #6425, #759, #5464, #4460, #5050, #8979, #10433, #7516, #7491 ) ) ;
#8239 = EDGE_LOOP ( 'NONE', ( #1491, #3588 ) ) ;
#8240 = CYLINDRICAL_SURFACE ( 'NONE', #10941, 1.649999999999998579 ) ;
#8241 = CARTESIAN_POINT ( 'NONE',  ( 11.31370849898482156, 2.399999999999999467, 9.663708498984702189 ) ) ;
#8242 = ORIENTED_EDGE ( 'NONE', *, *, #3122, .T. ) ;
#8243 = LINE ( 'NONE', #10102, #1810 ) ;
#8244 = EDGE_CURVE ( 'NONE', #6288, #3896, #10563, .T. ) ;
#8245 = ORIENTED_EDGE ( 'NONE', *, *, #10001, .F. ) ;
#8246 = FACE_OUTER_BOUND ( 'NONE', #6297, .T. ) ;
#8247 = CYLINDRICAL_SURFACE ( 'NONE', #596, 45.00000000000000711 ) ;
#8248 = CARTESIAN_POINT ( 'NONE',  ( 0.000000000000000000, 24.39999999999999858, -45.00000000000000711 ) ) ;
#8249 = DIRECTION ( 'NONE',  ( 0.000000000000000000, 1.000000000000000000, 0.000000000000000000 ) ) ;
#8250 = DIRECTION ( 'NONE',  ( -0.000000000000000000, -1.000000000000000000, -0.000000000000000000 ) ) ;
#8251 = EDGE_CURVE ( 'NONE', #10256, #6819, #8146, .T. ) ;
#8252 = ORIENTED_EDGE ( 'NONE', *, *, #7242, .F. ) ;
#8253 = CARTESIAN_POINT ( 'NONE',  ( 90.00000000000000000, 0.000000000000000000, 20.00000000000001066 ) ) ;
#8254 = EDGE_LOOP ( 'NONE', ( #3827, #6979 ) ) ;
#8255 = CARTESIAN_POINT ( 'NONE',  ( 238.3273854894817134, -43.00000000000000000, -155.0002636468324795 ) ) ;
#8256 = EDGE_CURVE ( 'NONE', #6060, #11153, #2795, .T. ) ;
#8257 = VERTEX_POINT ( 'NONE', #4868 ) ;
#8258 = EDGE_CURVE ( 'NONE', #1583, #3607, #3791, .T. ) ;
#8259 = FACE_OUTER_BOUND ( 'NONE', #10802, .T. ) ;
#8260 = ORIENTED_EDGE ( 'NONE', *, *, #11577, .F. ) ;
#8261 = DIRECTION ( 'NONE',  ( 0.000000000000000000, 0.000000000000000000, 1.000000000000000000 ) ) ;
#8262 = DIRECTION ( 'NONE',  ( 0.000000000000000000, 0.000000000000000000, -1.000000000000000000 ) ) ;
#8263 = DIRECTION ( 'NONE',  ( 0.000000000000000000, 1.000000000000000000, 0.000000000000000000 ) ) ;
#8264 = VERTEX_POINT ( 'NONE', #7767 ) ;
#8265 = DIRECTION ( 'NONE',  ( 0.000000000000000000, 1.000000000000000000, 0.000000000000000000 ) ) ;
#8266 =( REPRESENTATION_RELATIONSHIP ('NONE','NONE', #9464, #10339 ) REPRESENTATION_RELATIONSHIP_WITH_TRANSFORMATION ( #5307 )SHAPE_REPRESENTATION_RELATIONSHIP( ) );
#8267 = VERTEX_POINT ( 'NONE', #2072 ) ;
#8268 = ORIENTED_EDGE ( 'NONE', *, *, #5718, .F. ) ;
#8269 = VERTEX_POINT ( 'NONE', #11560 ) ;
#8270 = EDGE_LOOP ( 'NONE', ( #11397, #7064, #7032, #9391 ) ) ;
#8271 = DIRECTION ( 'NONE',  ( 0.000000000000000000, 0.000000000000000000, 1.000000000000000000 ) ) ;
#8272 = CYLINDRICAL_SURFACE ( 'NONE', #5732, 1.649999999999997025 ) ;
#8273 = DIRECTION ( 'NONE',  ( -0.000000000000000000, -1.000000000000000000, -0.000000000000000000 ) ) ;
#8274 = CARTESIAN_POINT ( 'NONE',  ( -16.00000000000000000, 0.000000000000000000, 8.000000000000000000 ) ) ;
#8275 = EDGE_CURVE ( 'NONE', #3507, #76, #1448, .T. ) ;
#8276 = CARTESIAN_POINT ( 'NONE',  ( 99.92738548948169353, -39.99999999999999289, 9.999736353167531178 ) ) ;
#8277 = ORIENTED_EDGE ( 'NONE', *, *, #8188, .F. ) ;
#8278 = CARTESIAN_POINT ( 'NONE',  ( 8.000000000000000000, 9.797174393178825657E-16, 12.00000000000000000 ) ) ;
#8279 = EDGE_CURVE ( 'NONE', #7678, #2225, #11747, .T. ) ;
#8280 = ORIENTED_EDGE ( 'NONE', *, *, #7056, .T. ) ;
#8281 = ORIENTED_EDGE ( 'NONE', *, *, #5420, .F. ) ;
#8282 = DIRECTION ( 'NONE',  ( 0.000000000000000000, 1.000000000000000000, 0.000000000000000000 ) ) ;
#8283 = VERTEX_POINT ( 'NONE', #2377 ) ;
#8284 = CARTESIAN_POINT ( 'NONE',  ( 0.000000000000000000, 0.000000000000000000, 0.000000000000000000 ) ) ;
#8285 = DIRECTION ( 'NONE',  ( 1.000000000000000000, -0.000000000000000000, -1.445602896647339114E-15 ) ) ;
#8286 = DIRECTION ( 'NONE',  ( -0.000000000000000000, -0.000000000000000000, 1.000000000000000000 ) ) ;
#8287 = DIRECTION ( 'NONE',  ( 0.000000000000000000, -0.000000000000000000, -1.000000000000000000 ) ) ;
#8288 = DIRECTION ( 'NONE',  ( 0.000000000000000000, 0.000000000000000000, -1.000000000000000000 ) ) ;
#8289 = DIRECTION ( 'NONE',  ( 0.000000000000000000, 0.000000000000000000, -1.000000000000000000 ) ) ;
#8290 = VERTEX_POINT ( 'NONE', #4235 ) ;
#8291 = DIRECTION ( 'NONE',  ( -0.000000000000000000, -1.000000000000000000, -0.000000000000000000 ) ) ;
#8292 = EDGE_CURVE ( 'NONE', #8143, #1219, #11806, .T. ) ;
#8293 = DIRECTION ( 'NONE',  ( -0.000000000000000000, 1.000000000000000000, -0.000000000000000000 ) ) ;
#8294 = VERTEX_POINT ( 'NONE', #1467 ) ;
#8295 = DIRECTION ( 'NONE',  ( -0.000000000000000000, 1.000000000000000000, -0.000000000000000000 ) ) ;
#8296 = ADVANCED_FACE ( 'NONE', ( #5241, #8017, #6279, #7955, #8139, #5353 ), #5111, .T. ) ;
#8297 = CARTESIAN_POINT ( 'NONE',  ( 0.000000000000000000, 35.39999999999999858, -45.00000000000000711 ) ) ;
#8298 = LINE ( 'NONE', #6629, #7960 ) ;
#8299 = CARTESIAN_POINT ( 'NONE',  ( 16.00000000000000000, 2.399999999999999467, -1.117274028429802674E-13 ) ) ;
#8300 = DIRECTION ( 'NONE',  ( -0.000000000000000000, -1.000000000000000000, -0.000000000000000000 ) ) ;
#8301 = CIRCLE ( 'NONE', #3140, 1.649999999999997025 ) ;
#8302 = DIRECTION ( 'NONE',  ( -0.000000000000000000, -1.000000000000000000, -0.000000000000000000 ) ) ;
#8303 = AXIS2_PLACEMENT_3D ( 'NONE', #11193, #2700, #4439 ) ;
#8304 = ORIENTED_EDGE ( 'NONE', *, *, #7026, .F. ) ;
#8305 = LINE ( 'NONE', #1634, #9127 ) ;
#8306 = ORIENTED_EDGE ( 'NONE', *, *, #6272, .T. ) ;
#8307 = ADVANCED_FACE ( 'NONE', ( #3304 ), #7084, .F. ) ;
#8308 = DIRECTION ( 'NONE',  ( 0.000000000000000000, -1.000000000000000000, 0.000000000000000000 ) ) ;
#8309 = VERTEX_POINT ( 'NONE', #1525 ) ;
#8310 = CYLINDRICAL_SURFACE ( 'NONE', #4154, 16.00000000000000000 ) ;
#8311 = VECTOR ( 'NONE', #6630, 1000.000000000000000 ) ;
#8312 = AXIS2_PLACEMENT_3D ( 'NONE', #8081, #11864, #10951 ) ;
#8313 =( GEOMETRIC_REPRESENTATION_CONTEXT ( 3 ) GLOBAL_UNCERTAINTY_ASSIGNED_CONTEXT ( ( #11476 ) ) GLOBAL_UNIT_ASSIGNED_CONTEXT ( ( #6495, #10984, #3707 ) ) REPRESENTATION_CONTEXT ( 'NONE', 'WORKASPACE' ) );
#8314 = EDGE_CURVE ( 'NONE', #8225, #9999, #9018, .T. ) ;
#8315 = ORIENTED_EDGE ( 'NONE', *, *, #2115, .T. ) ;
#8316 = DIRECTION ( 'NONE',  ( 0.000000000000000000, 0.000000000000000000, 1.000000000000000000 ) ) ;
#8317 = LINE ( 'NONE', #3615, #10336 ) ;
#8318 = AXIS2_PLACEMENT_3D ( 'NONE', #2560, #6334, #10132 ) ;
#8319 = ADVANCED_FACE ( 'NONE', ( #10867 ), #7216, .F. ) ;
#8320 = DIRECTION ( 'NONE',  ( 0.000000000000000000, 0.000000000000000000, -1.000000000000000000 ) ) ;
#8321 = AXIS2_PLACEMENT_3D ( 'NONE', #1149, #474, #8013 ) ;
#8322 = AXIS2_PLACEMENT_3D ( 'NONE', #2535, #11162, #2665 ) ;
#8323 = VERTEX_POINT ( 'NONE', #9141 ) ;
#8324 = CARTESIAN_POINT ( 'NONE',  ( 0.000000000000000000, 0.000000000000000000, -35.00000000000000000 ) ) ;
#8325 = ORIENTED_EDGE ( 'NONE', *, *, #10446, .F. ) ;
#8326 = CIRCLE ( 'NONE', #11109, 44.50000000000000711 ) ;
#8327 = ITEM_DEFINED_TRANSFORMATION ( 'NONE', 'NONE', #4156,  #10290 ) ;
#8328 = ORIENTED_EDGE ( 'NONE', *, *, #8576, .T. ) ;
#8329 = CARTESIAN_POINT ( 'NONE',  ( -5.000000000000001776, 29.80000000000000426, 18.73499399519520026 ) ) ;
#8330 = SURFACE_SIDE_STYLE ('',( #12059 ) ) ;
#8331 = AXIS2_PLACEMENT_3D ( 'NONE', #6511, #8490, #4666 ) ;
#8332 = CIRCLE ( 'NONE', #6349, 9.750000000000000000 ) ;
#8333 = ORIENTED_EDGE ( 'NONE', *, *, #3941, .T. ) ;
#8334 = LINE ( 'NONE', #6530, #444 ) ;
#8335 = CARTESIAN_POINT ( 'NONE',  ( 0.000000000000000000, 0.000000000000000000, 9.000000000000001776 ) ) ;
#8336 = DIRECTION ( 'NONE',  ( -1.000000000000000000, -0.000000000000000000, -0.000000000000000000 ) ) ;
#8337 = EDGE_CURVE ( 'NONE', #8714, #10299, #7027, .T. ) ;
#8338 = AXIS2_PLACEMENT_3D ( 'NONE', #9964, #7163, #6168 ) ;
#8339 = VECTOR ( 'NONE', #2230, 1000.000000000000000 ) ;
#8340 = VECTOR ( 'NONE', #6818, 1000.000000000000000 ) ;
#8341 = ORIENTED_EDGE ( 'NONE', *, *, #2791, .T. ) ;
#8342 = CARTESIAN_POINT ( 'NONE',  ( 75.00000000000000000, -134.1640786499874025, 10.00000000000000178 ) ) ;
#8343 = EDGE_LOOP ( 'NONE', ( #919, #2734, #5331, #559 ) ) ;
#8344 = ORIENTED_EDGE ( 'NONE', *, *, #12019, .T. ) ;
#8345 = CARTESIAN_POINT ( 'NONE',  ( -80.25000000000000000, 0.000000000000000000, 10.25000000000000711 ) ) ;
#8346 = ORIENTED_EDGE ( 'NONE', *, *, #4668, .T. ) ;
#8347 = CARTESIAN_POINT ( 'NONE',  ( 0.000000000000000000, 20.00000000000000000, 0.000000000000000000 ) ) ;
#8348 = AXIS2_PLACEMENT_3D ( 'NONE', #9762, #5054, #3111 ) ;
#8349 = VECTOR ( 'NONE', #515, 1000.000000000000000 ) ;
#8350 = DIRECTION ( 'NONE',  ( -0.000000000000000000, 1.000000000000000000, -0.000000000000000000 ) ) ;
#8351 = DIRECTION ( 'NONE',  ( -0.000000000000000000, -1.000000000000000000, -0.000000000000000000 ) ) ;
#8352 = VECTOR ( 'NONE', #12020, 1000.000000000000000 ) ;
#8353 = EDGE_CURVE ( 'NONE', #5652, #4313, #4427, .T. ) ;
#8354 = CARTESIAN_POINT ( 'NONE',  ( -8.000000000000000000, 0.000000000000000000, 9.000000000000001776 ) ) ;
#8355 = DIRECTION ( 'NONE',  ( -0.000000000000000000, -1.000000000000000000, -0.000000000000000000 ) ) ;
#8356 = AXIS2_PLACEMENT_3D ( 'NONE', #10011, #8955, #4166 ) ;
#8357 = AXIS2_PLACEMENT_3D ( 'NONE', #5684, #3698, #2764 ) ;
#8358 = ORIENTED_EDGE ( 'NONE', *, *, #4625, .F. ) ;
#8359 = CIRCLE ( 'NONE', #1252, 16.00000000000000000 ) ;
#8360 = DIRECTION ( 'NONE',  ( 1.000000000000000000, 0.000000000000000000, 0.000000000000000000 ) ) ;
#8361 = LINE ( 'NONE', #3587, #2996 ) ;
#8362 = ORIENTED_EDGE ( 'NONE', *, *, #3821, .F. ) ;
#8363 = VECTOR ( 'NONE', #11879, 1000.000000000000000 ) ;
#8364 = DIRECTION ( 'NONE',  ( 0.000000000000000000, 0.000000000000000000, 1.000000000000000000 ) ) ;
#8365 = CARTESIAN_POINT ( 'NONE',  ( 21.00000000000000000, 20.00000000000000000, 2.100000000000000533 ) ) ;
#8366 = FACE_BOUND ( 'NONE', #921, .T. ) ;
#8367 = CARTESIAN_POINT ( 'NONE',  ( -14.84924240491737102, 0.000000000000000000, -16.94924240491763712 ) ) ;
#8368 = CIRCLE ( 'NONE', #6783, 10.00000000000000178 ) ;
#8369 = CARTESIAN_POINT ( 'NONE',  ( 0.000000000000000000, 20.00000000000000000, 0.000000000000000000 ) ) ;
#8370 = AXIS2_PLACEMENT_3D ( 'NONE', #6600, #4736, #3734 ) ;
#8371 = EDGE_CURVE ( 'NONE', #3326, #1993, #6031, .T. ) ;
#8372 = PLANE ( 'NONE',  #2256 ) ;
#8373 = ORIENTED_EDGE ( 'NONE', *, *, #10926, .T. ) ;
#8374 = DIRECTION ( 'NONE',  ( 0.000000000000000000, 0.000000000000000000, -1.000000000000000000 ) ) ;
#8375 = ORIENTED_EDGE ( 'NONE', *, *, #9974, .F. ) ;
#8376 = DIRECTION ( 'NONE',  ( 0.000000000000000000, 0.000000000000000000, 1.000000000000000000 ) ) ;
#8377 = AXIS2_PLACEMENT_3D ( 'NONE', #5473, #6266, #9823 ) ;
#8378 = DIRECTION ( 'NONE',  ( -0.000000000000000000, 1.000000000000000000, -0.000000000000000000 ) ) ;
#8379 = ORIENTED_EDGE ( 'NONE', *, *, #10827, .T. ) ;
#8380 = CARTESIAN_POINT ( 'NONE',  ( 11.31370849898465991, 2.399999999999999467, -9.663708498984860285 ) ) ;
#8381 = EDGE_LOOP ( 'NONE', ( #11147, #10395 ) ) ;
#8382 = DIRECTION ( 'NONE',  ( 0.000000000000000000, -1.000000000000000000, 0.000000000000000000 ) ) ;
#8383 = VECTOR ( 'NONE', #11035, 1000.000000000000000 ) ;
#8384 = PLANE ( 'NONE',  #8318 ) ;
#8385 = ORIENTED_EDGE ( 'NONE', *, *, #1227, .F. ) ;
#8386 = EDGE_CURVE ( 'NONE', #11600, #694, #535, .T. ) ;
#8387 = PLANE ( 'NONE',  #224 ) ;
#8388 = UNCERTAINTY_MEASURE_WITH_UNIT (LENGTH_MEASURE( 1.000000000000000082E-05 ), #7232, 'distance_accuracy_value', 'NONE');
#8389 = ORIENTED_EDGE ( 'NONE', *, *, #1924, .T. ) ;
#8390 = COLOUR_RGB ( '',0.7921568627450980005, 0.8196078431372548767, 0.9333333333333333481 ) ;
#8391 = APPLICATION_PROTOCOL_DEFINITION ( 'draft international standard', 'automotive_design', 1998, #3600 ) ;
#8392 = EDGE_LOOP ( 'NONE', ( #7279, #12121, #3201, #8474 ) ) ;
#8393 = DIRECTION ( 'NONE',  ( 0.000000000000000000, 1.000000000000000000, -0.000000000000000000 ) ) ;
#8394 =( NAMED_UNIT ( * ) SI_UNIT ( $, .STERADIAN. ) SOLID_ANGLE_UNIT ( ) );
#8395 = EDGE_CURVE ( 'NONE', #7394, #7220, #10064, .T. ) ;
#8396 = CARTESIAN_POINT ( 'NONE',  ( -198.4000000000000909, 20.00000000000000000, -9.999999999999953815 ) ) ;
#8397 = PRODUCT_RELATED_PRODUCT_CATEGORY ( 'part', '', ( #2958 ) ) ;
#8398 = DIRECTION ( 'NONE',  ( -0.000000000000000000, 1.000000000000000000, 0.000000000000000000 ) ) ;
#8399 = DIRECTION ( 'NONE',  ( 1.000000000000000000, -0.000000000000000000, 1.734723475976807403E-17 ) ) ;
#8400 = CIRCLE ( 'NONE', #3050, 9.500000000000000000 ) ;
#8401 = ADVANCED_FACE ( 'NONE', ( #1577 ), #6221, .T. ) ;
#8402 = ORIENTED_EDGE ( 'NONE', *, *, #2861, .F. ) ;
#8403 = DIRECTION ( 'NONE',  ( -0.000000000000000000, 1.000000000000000000, 0.000000000000000000 ) ) ;
#8404 = ORIENTED_EDGE ( 'NONE', *, *, #836, .F. ) ;
#8405 = ORIENTED_EDGE ( 'NONE', *, *, #5527, .T. ) ;
#8406 = EDGE_LOOP ( 'NONE', ( #1764, #339, #1519, #2919 ) ) ;
#8407 = EDGE_CURVE ( 'NONE', #10889, #10139, #11325, .T. ) ;
#8408 = CARTESIAN_POINT ( 'NONE',  ( 238.3273854894817134, -43.00000000000000000, -215.0002636468324511 ) ) ;
#8409 = EDGE_CURVE ( 'NONE', #2561, #390, #2434, .T. ) ;
#8410 = AXIS2_PLACEMENT_3D ( 'NONE', #4383, #11703, #4259 ) ;
#8411 = DIRECTION ( 'NONE',  ( -0.000000000000000000, -0.000000000000000000, -1.000000000000000000 ) ) ;
#8412 = PRODUCT_DEFINITION_SHAPE ( 'NONE', 'NONE',  #1738 ) ;
#8413 = DIRECTION ( 'NONE',  ( -0.000000000000000000, -1.000000000000000000, -0.000000000000000000 ) ) ;
#8414 = VECTOR ( 'NONE', #124, 1000.000000000000227 ) ;
#8415 = DIRECTION ( 'NONE',  ( 0.000000000000000000, 0.000000000000000000, -1.000000000000000000 ) ) ;
#8416 = AXIS2_PLACEMENT_3D ( 'NONE', #459, #3099, #10657 ) ;
#8417 = PLANE ( 'NONE',  #5560 ) ;
#8418 = ORIENTED_EDGE ( 'NONE', *, *, #7193, .F. ) ;
#8419 = FACE_OUTER_BOUND ( 'NONE', #4656, .T. ) ;
#8420 = ORIENTED_EDGE ( 'NONE', *, *, #6514, .F. ) ;
#8421 = ORIENTED_EDGE ( 'NONE', *, *, #844, .F. ) ;
#8422 = EDGE_CURVE ( 'NONE', #7254, #984, #1391, .T. ) ;
#8423 = DIRECTION ( 'NONE',  ( 0.000000000000000000, 0.000000000000000000, 1.000000000000000000 ) ) ;
#8424 = AXIS2_PLACEMENT_3D ( 'NONE', #8428, #10417, #943 ) ;
#8425 = ORIENTED_EDGE ( 'NONE', *, *, #8626, .F. ) ;
#8426 = CARTESIAN_POINT ( 'NONE',  ( 0.000000000000000000, 33.20000000000000284, 0.000000000000000000 ) ) ;
#8427 = CARTESIAN_POINT ( 'NONE',  ( 0.000000000000000000, 20.00000000000000000, 0.000000000000000000 ) ) ;
#8428 = CARTESIAN_POINT ( 'NONE',  ( 0.000000000000000000, 26.60000000000000142, 0.000000000000000000 ) ) ;
#8429 = APPLICATION_CONTEXT ( 'automotive_design' ) ;
#8430 = CARTESIAN_POINT ( 'NONE',  ( -120.2500000000000142, 20.00000000000000000, 20.00000000000002132 ) ) ;
#8431 = VECTOR ( 'NONE', #341, 1000.000000000000000 ) ;
#8432 = CYLINDRICAL_SURFACE ( 'NONE', #207, 20.00000000000000000 ) ;
#8433 = ORIENTED_EDGE ( 'NONE', *, *, #9625, .T. ) ;
#8434 = LINE ( 'NONE', #4532, #643 ) ;
#8435 = CARTESIAN_POINT ( 'NONE',  ( -14.84924240491757885, 20.00000000000000000, 14.84924240491742076 ) ) ;
#8436 = DIRECTION ( 'NONE',  ( 0.000000000000000000, 0.000000000000000000, -1.000000000000000000 ) ) ;
#8437 = ADVANCED_FACE ( 'NONE', ( #11238 ), #730, .F. ) ;
#8438 = ORIENTED_EDGE ( 'NONE', *, *, #8353, .F. ) ;
#8439 = CARTESIAN_POINT ( 'NONE',  ( 130.0000000000000000, 20.00000000000000000, -10.00000000000000000 ) ) ;
#8440 = ORIENTED_EDGE ( 'NONE', *, *, #1768, .T. ) ;
#8441 = DIRECTION ( 'NONE',  ( 0.000000000000000000, -0.000000000000000000, -1.000000000000000000 ) ) ;
#8442 = DIRECTION ( 'NONE',  ( -1.000000000000000000, -0.000000000000000000, 2.440050603571770850E-16 ) ) ;
#8443 = AXIS2_PLACEMENT_3D ( 'NONE', #4011, #3081, #8604 ) ;
#8444 = CARTESIAN_POINT ( 'NONE',  ( -218.4000000000000909, 20.00000000000000000, -9.999999999999948486 ) ) ;
#8445 = ORIENTED_EDGE ( 'NONE', *, *, #6675, .F. ) ;
#8446 = DIRECTION ( 'NONE',  ( 0.000000000000000000, 1.000000000000000000, 0.000000000000000000 ) ) ;
#8447 = MANIFOLD_SOLID_BREP ( 'Chamfer2', #8831 ) ;
#8448 = EDGE_CURVE ( 'NONE', #7562, #1618, #9441, .T. ) ;
#8449 = ORIENTED_EDGE ( 'NONE', *, *, #5153, .F. ) ;
#8450 = ORIENTED_EDGE ( 'NONE', *, *, #10663, .F. ) ;
#8451 = FACE_OUTER_BOUND ( 'NONE', #6510, .T. ) ;
#8452 = DIRECTION ( 'NONE',  ( 0.000000000000000000, 1.000000000000000000, 0.000000000000000000 ) ) ;
#8453 = EDGE_CURVE ( 'NONE', #7254, #11000, #1821, .T. ) ;
#8454 = DIRECTION ( 'NONE',  ( 0.000000000000000000, 1.000000000000000000, 0.000000000000000000 ) ) ;
#8455 = DIRECTION ( 'NONE',  ( 0.000000000000000000, 0.000000000000000000, 1.000000000000000000 ) ) ;
#8456 = DIRECTION ( 'NONE',  ( 0.000000000000000000, -0.000000000000000000, -1.000000000000000000 ) ) ;
#8457 =( NAMED_UNIT ( * ) SI_UNIT ( $, .STERADIAN. ) SOLID_ANGLE_UNIT ( ) );
#8458 = ORIENTED_EDGE ( 'NONE', *, *, #4924, .T. ) ;
#8459 = ADVANCED_FACE ( 'NONE', ( #3723 ), #5486, .F. ) ;
#8460 = FACE_OUTER_BOUND ( 'NONE', #12016, .T. ) ;
#8461 = ORIENTED_EDGE ( 'NONE', *, *, #1392, .T. ) ;
#8462 = ORIENTED_EDGE ( 'NONE', *, *, #4067, .T. ) ;
#8463 = DIRECTION ( 'NONE',  ( -1.113758397708429174E-13, 4.309053114326388823E-15, 1.000000000000000000 ) ) ;
#8464 = ORIENTED_EDGE ( 'NONE', *, *, #5871, .F. ) ;
#8465 = PLANE ( 'NONE',  #245 ) ;
#8466 = BREP_WITH_VOIDS ( 'NONE', #4676, ( #7773 ) );
#8467 = ADVANCED_FACE ( 'NONE', ( #9205 ), #9263, .T. ) ;
#8468 = DIRECTION ( 'NONE',  ( 0.000000000000000000, 0.000000000000000000, -1.000000000000000000 ) ) ;
#8469 = FACE_OUTER_BOUND ( 'NONE', #7906, .T. ) ;
#8470 = DIRECTION ( 'NONE',  ( -0.000000000000000000, -1.000000000000000000, -0.000000000000000000 ) ) ;
#8471 = EDGE_CURVE ( 'NONE', #11385, #7209, #12048, .T. ) ;
#8472 = EDGE_CURVE ( 'NONE', #8847, #1200, #8317, .T. ) ;
#8473 = LINE ( 'NONE', #12149, #5358 ) ;
#8474 = ORIENTED_EDGE ( 'NONE', *, *, #3852, .T. ) ;
#8475 = FACE_BOUND ( 'NONE', #8599, .T. ) ;
#8476 = VERTEX_POINT ( 'NONE', #11185 ) ;
#8477 = ORIENTED_EDGE ( 'NONE', *, *, #2123, .T. ) ;
#8478 = LINE ( 'NONE', #9245, #5380 ) ;
#8479 = DIRECTION ( 'NONE',  ( -0.000000000000000000, -1.000000000000000000, -0.000000000000000000 ) ) ;
#8480 = DIRECTION ( 'NONE',  ( 0.000000000000000000, 0.000000000000000000, 1.000000000000000000 ) ) ;
#8481 = CARTESIAN_POINT ( 'NONE',  ( -30.00000000000000000, 0.000000000000000000, 10.00000000000000000 ) ) ;
#8482 = CARTESIAN_POINT ( 'NONE',  ( 130.0000000000000000, 0.000000000000000000, -10.24999999999998579 ) ) ;
#8483 = CARTESIAN_POINT ( 'NONE',  ( -90.00000000000000000, 20.00000000000000000, 20.00000000000001066 ) ) ;
#8484 = EDGE_CURVE ( 'NONE', #8775, #358, #7756, .T. ) ;
#8485 = CARTESIAN_POINT ( 'NONE',  ( -113.7500000000000142, 0.000000000000000000, 9.999999999999975131 ) ) ;
#8486 = ORIENTED_EDGE ( 'NONE', *, *, #6120, .F. ) ;
#8487 = DIRECTION ( 'NONE',  ( 1.000000000000000000, -0.000000000000000000, -0.000000000000000000 ) ) ;
#8488 = ORIENTED_EDGE ( 'NONE', *, *, #1964, .T. ) ;
#8489 = LINE ( 'NONE', #1075, #8909 ) ;
#8490 = DIRECTION ( 'NONE',  ( -0.000000000000000000, -0.000000000000000000, -1.000000000000000000 ) ) ;
#8491 = VERTEX_POINT ( 'NONE', #9743 ) ;
#8492 = FACE_OUTER_BOUND ( 'NONE', #9472, .T. ) ;
#8493 = VECTOR ( 'NONE', #7384, 1000.000000000000000 ) ;
#8494 = DIRECTION ( 'NONE',  ( 0.000000000000000000, 0.000000000000000000, 1.000000000000000000 ) ) ;
#8495 = EDGE_CURVE ( 'NONE', #4175, #3974, #6569, .T. ) ;
#8496 = DIRECTION ( 'NONE',  ( 0.000000000000000000, 0.000000000000000000, -1.000000000000000000 ) ) ;
#8497 = VERTEX_POINT ( 'NONE', #7750 ) ;
#8498 = CARTESIAN_POINT ( 'NONE',  ( 0.000000000000000000, 29.80000000000000426, 0.000000000000000000 ) ) ;
#8499 = AXIS2_PLACEMENT_3D ( 'NONE', #11671, #395, #3169 ) ;
#8500 = CIRCLE ( 'NONE', #1981, 2.499999999999998668 ) ;
#8501 = CIRCLE ( 'NONE', #8910, 45.00000000000000711 ) ;
#8502 = ORIENTED_EDGE ( 'NONE', *, *, #5227, .F. ) ;
#8503 = EDGE_LOOP ( 'NONE', ( #9634, #5912, #8129, #9719 ) ) ;
#8504 = LINE ( 'NONE', #4806, #6940 ) ;
#8505 = AXIS2_PLACEMENT_3D ( 'NONE', #8624, #4673, #7504 ) ;
#8506 = CARTESIAN_POINT ( 'NONE',  ( 22.36067977499790871, 20.00000000000000000, 19.99999999999998579 ) ) ;
#8507 = LINE ( 'NONE', #4807, #10610 ) ;
#8508 = DIRECTION ( 'NONE',  ( -0.000000000000000000, -1.000000000000000000, -0.000000000000000000 ) ) ;
#8509 = CARTESIAN_POINT ( 'NONE',  ( -75.00000000000001421, 0.000000000000000000, -40.00000000000000000 ) ) ;
#8510 = CIRCLE ( 'NONE', #1787, 2.000000000000000000 ) ;
#8511 = ADVANCED_FACE ( 'NONE', ( #2857 ), #18, .T. ) ;
#8512 = CARTESIAN_POINT ( 'NONE',  ( 0.3864906208434974455, 0.000000000000000000, 0.000000000000000000 ) ) ;
#8513 = AXIS2_PLACEMENT_3D ( 'NONE', #6008, #10716, #1314 ) ;
#8514 = EDGE_LOOP ( 'NONE', ( #5196, #786, #11866, #8743 ) ) ;
#8515 = EDGE_CURVE ( 'NONE', #7307, #6404, #6826, .T. ) ;
#8516 = CARTESIAN_POINT ( 'NONE',  ( 14.84924240491768188, 20.00000000000000000, -12.74924240491732164 ) ) ;
#8517 = ORIENTED_EDGE ( 'NONE', *, *, #7096, .T. ) ;
#8518 = ORIENTED_EDGE ( 'NONE', *, *, #2316, .F. ) ;
#8519 = AXIS2_PLACEMENT_3D ( 'NONE', #4851, #3720, #10371 ) ;
#8520 = AXIS2_PLACEMENT_3D ( 'NONE', #3104, #8572, #3047 ) ;
#8521 = DIRECTION ( 'NONE',  ( -5.378006975114817669E-15, -1.000000000000000000, 4.309053114326388823E-15 ) ) ;
#8522 = AXIS2_PLACEMENT_3D ( 'NONE', #2920, #6835, #963 ) ;
#8523 = ORIENTED_EDGE ( 'NONE', *, *, #10645, .T. ) ;
#8524 = DIRECTION ( 'NONE',  ( 0.000000000000000000, 0.000000000000000000, -1.000000000000000000 ) ) ;
#8525 = MANIFOLD_SOLID_BREP ( 'Cut-Extrude1', #10026 ) ;
#8526 = FACE_OUTER_BOUND ( 'NONE', #2303, .T. ) ;
#8527 = AXIS2_PLACEMENT_3D ( 'NONE', #2590, #6188, #9977 ) ;
#8528 = CARTESIAN_POINT ( 'NONE',  ( 14.84924240491768188, -5.939696961967007027, -14.84924240491732128 ) ) ;
#8529 = CARTESIAN_POINT ( 'NONE',  ( 5.510910596163090344E-15, 2.200000000000021494, -45.00000000000000711 ) ) ;
#8530 = AXIS2_PLACEMENT_3D ( 'NONE', #2429, #6200, #5283 ) ;
#8531 = AXIS2_PLACEMENT_3D ( 'NONE', #3483, #8308, #10058 ) ;
#8532 = CARTESIAN_POINT ( 'NONE',  ( -51.10000000000000142, 10.00000000000000000, 15.93969696196700170 ) ) ;
#8533 = ORIENTED_EDGE ( 'NONE', *, *, #3667, .F. ) ;
#8534 = EDGE_CURVE ( 'NONE', #9842, #3817, #3903, .T. ) ;
#8535 = CARTESIAN_POINT ( 'NONE',  ( -25.00000000000000000, 34.20000000000000284, 5.000000000000000000 ) ) ;
#8536 = ORIENTED_EDGE ( 'NONE', *, *, #11832, .T. ) ;
#8537 = ORIENTED_EDGE ( 'NONE', *, *, #10640, .F. ) ;
#8538 = CIRCLE ( 'NONE', #9539, 4.999999999999999112 ) ;
#8539 = AXIS2_PLACEMENT_3D ( 'NONE', #1687, #5330, #12084 ) ;
#8540 = CARTESIAN_POINT ( 'NONE',  ( 0.000000000000000000, 0.000000000000000000, 0.000000000000000000 ) ) ;
#8541 = AXIS2_PLACEMENT_3D ( 'NONE', #1780, #5629, #11630 ) ;
#8542 = CIRCLE ( 'NONE', #8162, 18.00000000000000355 ) ;
#8543 = DIRECTION ( 'NONE',  ( 0.000000000000000000, 0.000000000000000000, -1.000000000000000000 ) ) ;
#8544 = FACE_BOUND ( 'NONE', #6695, .T. ) ;
#8545 = CARTESIAN_POINT ( 'NONE',  ( 21.00000000000000000, 0.000000000000000000, -2.100000000000000533 ) ) ;
#8546 = CARTESIAN_POINT ( 'NONE',  ( 5.510910596163090344E-15, 35.39999999999999858, 45.00000000000000711 ) ) ;
#8547 = EDGE_CURVE ( 'NONE', #4415, #9556, #5400, .T. ) ;
#8548 = CARTESIAN_POINT ( 'NONE',  ( 138.3273854894823955, 0.000000000000000000, -360.0007909404973248 ) ) ;
#8549 = AXIS2_PLACEMENT_3D ( 'NONE', #10194, #955, #8262 ) ;
#8550 = CIRCLE ( 'NONE', #5988, 45.00000000000000711 ) ;
#8551 = CARTESIAN_POINT ( 'NONE',  ( 130.0000000000000000, 20.00000000000000000, 9.999999999999994671 ) ) ;
#8552 = AXIS2_PLACEMENT_3D ( 'NONE', #5913, #4367, #3445 ) ;
#8553 = CIRCLE ( 'NONE', #4804, 9.750000000000000000 ) ;
#8554 = ORIENTED_EDGE ( 'NONE', *, *, #8787, .T. ) ;
#8555 = ADVANCED_FACE ( 'NONE', ( #5708 ), #9492, .F. ) ;
#8556 = DIRECTION ( 'NONE',  ( 0.000000000000000000, 0.000000000000000000, 1.000000000000000000 ) ) ;
#8557 = DIRECTION ( 'NONE',  ( 0.000000000000000000, 0.000000000000000000, 1.000000000000000000 ) ) ;
#8558 = VERTEX_POINT ( 'NONE', #1011 ) ;
#8559 = LINE ( 'NONE', #7627, #5349 ) ;
#8560 = DIRECTION ( 'NONE',  ( 0.000000000000000000, 0.000000000000000000, 1.000000000000000000 ) ) ;
#8561 = STYLED_ITEM ( 'NONE', ( #11659 ), #8593 ) ;
#8562 = AXIS2_PLACEMENT_3D ( 'NONE', #4074, #6922, #2235 ) ;
#8563 = ORIENTED_EDGE ( 'NONE', *, *, #5152, .T. ) ;
#8564 = EDGE_CURVE ( 'NONE', #5667, #9167, #1250, .T. ) ;
#8565 = ADVANCED_FACE ( 'NONE', ( #1191 ), #11417, .F. ) ;
#8566 = DIRECTION ( 'NONE',  ( 1.000000000000000000, 0.000000000000000000, 0.000000000000000000 ) ) ;
#8567 = CARTESIAN_POINT ( 'NONE',  ( 5.586370142149013368E-14, 2.399999999999999467, 16.00000000000000000 ) ) ;
#8568 = STYLED_ITEM ( 'NONE', ( #6597 ), #362 ) ;
#8569 = FACE_OUTER_BOUND ( 'NONE', #4565, .T. ) ;
#8570 = AXIS2_PLACEMENT_3D ( 'NONE', #915, #10148, #1664 ) ;
#8571 = EDGE_LOOP ( 'NONE', ( #11064, #3924 ) ) ;
#8572 = DIRECTION ( 'NONE',  ( 0.000000000000000000, 1.000000000000000000, 0.000000000000000000 ) ) ;
#8573 = EDGE_LOOP ( 'NONE', ( #8686, #11240, #4063, #7391 ) ) ;
#8574 = CARTESIAN_POINT ( 'NONE',  ( 75.00000000000001421, 0.000000000000000000, 30.00000000000000000 ) ) ;
#8575 = EDGE_LOOP ( 'NONE', ( #9069, #8402 ) ) ;
#8576 = EDGE_CURVE ( 'NONE', #6734, #4707, #5774, .T. ) ;
#8577 = CYLINDRICAL_SURFACE ( 'NONE', #6516, 1.649999999999998579 ) ;
#8578 = DIRECTION ( 'NONE',  ( -1.387778780781445676E-15, 0.000000000000000000, 1.000000000000000000 ) ) ;
#8579 = CARTESIAN_POINT ( 'NONE',  ( 218.3273854894824524, -39.99999999999999289, -280.0007909404973248 ) ) ;
#8580 = CIRCLE ( 'NONE', #3233, 40.00000000000000000 ) ;
#8581 = DIRECTION ( 'NONE',  ( 1.000000000000000000, 0.000000000000000000, 0.000000000000000000 ) ) ;
#8582 = DIRECTION ( 'NONE',  ( -0.000000000000000000, 1.000000000000000000, -0.000000000000000000 ) ) ;
#8583 = FACE_OUTER_BOUND ( 'NONE', #7276, .T. ) ;
#8584 = VECTOR ( 'NONE', #12162, 1000.000000000000000 ) ;
#8585 = EDGE_LOOP ( 'NONE', ( #2299, #7875 ) ) ;
#8586 = DIRECTION ( 'NONE',  ( 0.000000000000000000, -0.000000000000000000, -1.000000000000000000 ) ) ;
#8587 = EDGE_LOOP ( 'NONE', ( #4491, #1195, #9570, #11107 ) ) ;
#8588 = ORIENTED_EDGE ( 'NONE', *, *, #5647, .F. ) ;
#8589 = DIRECTION ( 'NONE',  ( -5.374339684095140783E-15, -1.000000000000000000, -6.245004513516505540E-17 ) ) ;
#8590 = ORIENTED_EDGE ( 'NONE', *, *, #6260, .F. ) ;
#8591 = EDGE_CURVE ( 'NONE', #9137, #7737, #9367, .T. ) ;
#8592 = DIRECTION ( 'NONE',  ( 0.000000000000000000, -0.000000000000000000, 1.000000000000000000 ) ) ;
#8593 = MANIFOLD_SOLID_BREP ( 'Cut-Extrude3', #3686 ) ;
#8594 = DIRECTION ( 'NONE',  ( -0.000000000000000000, 1.000000000000000000, -0.000000000000000000 ) ) ;
#8595 = CARTESIAN_POINT ( 'NONE',  ( -1.675911042644704011E-13, -2.500000000000000000, -15.99999999999999645 ) ) ;
#8596 = VECTOR ( 'NONE', #9414, 1000.000000000000000 ) ;
#8597 = CARTESIAN_POINT ( 'NONE',  ( 0.000000000000000000, 0.000000000000000000, 0.000000000000000000 ) ) ;
#8598 = VERTEX_POINT ( 'NONE', #4221 ) ;
#8599 = EDGE_LOOP ( 'NONE', ( #6472, #11090 ) ) ;
#8600 = LINE ( 'NONE', #4643, #3614 ) ;
#8601 = ORIENTED_EDGE ( 'NONE', *, *, #4370, .F. ) ;
#8602 = EDGE_LOOP ( 'NONE', ( #11579, #9416 ) ) ;
#8603 = PLANE ( 'NONE',  #10518 ) ;
#8604 = DIRECTION ( 'NONE',  ( -1.000000000000000000, 0.000000000000000000, 0.000000000000000000 ) ) ;
#8605 = CARTESIAN_POINT ( 'NONE',  ( -22.36067977499791581, 20.00000000000000000, -19.99999999999997868 ) ) ;
#8606 = DIRECTION ( 'NONE',  ( -0.000000000000000000, -1.000000000000000000, -0.000000000000000000 ) ) ;
#8607 = CIRCLE ( 'NONE', #747, 1.999999999999998224 ) ;
#8608 = FACE_BOUND ( 'NONE', #5048, .T. ) ;
#8609 = ADVANCED_FACE ( 'NONE', ( #6207 ), #8676, .T. ) ;
#8610 = PLANE ( 'NONE',  #10765 ) ;
#8611 = DIRECTION ( 'NONE',  ( 0.000000000000000000, 0.000000000000000000, 1.000000000000000000 ) ) ;
#8612 = EDGE_LOOP ( 'NONE', ( #5302, #1544 ) ) ;
#8613 = CARTESIAN_POINT ( 'NONE',  ( 150.0000000000000000, -134.1640786499874025, 10.00000000000000000 ) ) ;
#8614 = FACE_BOUND ( 'NONE', #1420, .T. ) ;
#8615 = VECTOR ( 'NONE', #6689, 1000.000000000000000 ) ;
#8616 = EDGE_LOOP ( 'NONE', ( #6223, #11187, #513, #9920 ) ) ;
#8617 = DIRECTION ( 'NONE',  ( -0.000000000000000000, -1.000000000000000000, -0.000000000000000000 ) ) ;
#8618 = EDGE_CURVE ( 'NONE', #7017, #4681, #10957, .T. ) ;
#8619 = DIRECTION ( 'NONE',  ( 0.000000000000000000, 1.000000000000000000, 0.000000000000000000 ) ) ;
#8620 = ORIENTED_EDGE ( 'NONE', *, *, #2292, .F. ) ;
#8621 = CARTESIAN_POINT ( 'NONE',  ( 4.999999999999998224, 29.80000000000000426, -25.00000000000000000 ) ) ;
#8622 = EDGE_CURVE ( 'NONE', #9613, #4438, #3292, .T. ) ;
#8623 = DIRECTION ( 'NONE',  ( 0.000000000000000000, 0.000000000000000000, -1.000000000000000000 ) ) ;
#8624 = CARTESIAN_POINT ( 'NONE',  ( 16.00000000000000000, 7.066904755831209251, -1.117274028429802674E-13 ) ) ;
#8625 = ORIENTED_EDGE ( 'NONE', *, *, #10537, .T. ) ;
#8626 = EDGE_CURVE ( 'NONE', #5703, #558, #6191, .T. ) ;
#8627 = DIRECTION ( 'NONE',  ( 0.000000000000000000, 0.000000000000000000, 1.000000000000000000 ) ) ;
#8628 = ADVANCED_FACE ( 'NONE', ( #5287 ), #1327, .F. ) ;
#8629 = AXIS2_PLACEMENT_3D ( 'NONE', #940, #4649, #3594 ) ;
#8630 = VERTEX_POINT ( 'NONE', #8812 ) ;
#8631 = CARTESIAN_POINT ( 'NONE',  ( 0.000000000000000000, 0.000000000000000000, 0.000000000000000000 ) ) ;
#8632 = CIRCLE ( 'NONE', #1701, 33.12659406584553068 ) ;
#8633 = ORIENTED_EDGE ( 'NONE', *, *, #11749, .T. ) ;
#8634 = CARTESIAN_POINT ( 'NONE',  ( 5.021051876504148963E-15, 2.399999999999999467, -41.00000000000000000 ) ) ;
#8635 = CARTESIAN_POINT ( 'NONE',  ( 90.00000000000000000, -63.24555320336758513, -10.00000000000000000 ) ) ;
#8636 = DIRECTION ( 'NONE',  ( 1.000000000000000000, -0.000000000000000000, 1.734723475976807403E-17 ) ) ;
#8637 = DIRECTION ( 'NONE',  ( 0.000000000000000000, 1.000000000000000000, 0.000000000000000000 ) ) ;
#8638 = FACE_OUTER_BOUND ( 'NONE', #5841, .T. ) ;
#8639 = FILL_AREA_STYLE_COLOUR ( '', #5837 ) ;
#8640 = ORIENTED_EDGE ( 'NONE', *, *, #1147, .T. ) ;
#8641 = DIRECTION ( 'NONE',  ( -0.000000000000000000, 1.000000000000000000, -0.000000000000000000 ) ) ;
#8642 = VERTEX_POINT ( 'NONE', #10857 ) ;
#8643 = EDGE_LOOP ( 'NONE', ( #8849, #10604, #9757, #6512 ) ) ;
#8644 = DIRECTION ( 'NONE',  ( 1.000000000000000000, -5.378006975114297021E-15, 1.117952234683319229E-13 ) ) ;
#8645 = ORIENTED_EDGE ( 'NONE', *, *, #9099, .T. ) ;
#8646 = CARTESIAN_POINT ( 'NONE',  ( -130.0000000000000000, 0.000000000000000000, -9.999999999999996447 ) ) ;
#8647 = LINE ( 'NONE', #11502, #4374 ) ;
#8648 = EDGE_CURVE ( 'NONE', #8696, #3565, #3810, .T. ) ;
#8649 = PLANE ( 'NONE',  #2436 ) ;
#8650 = DIRECTION ( 'NONE',  ( 1.000000000000000000, 0.000000000000000000, 6.446430439548137349E-17 ) ) ;
#8651 = ADVANCED_FACE ( 'NONE', ( #2366 ), #5100, .F. ) ;
#8652 = ORIENTED_EDGE ( 'NONE', *, *, #4158, .F. ) ;
#8653 = DIRECTION ( 'NONE',  ( 0.000000000000000000, 0.000000000000000000, 1.000000000000000000 ) ) ;
#8654 = APPLICATION_CONTEXT ( 'automotive_design' ) ;
#8655 = ORIENTED_EDGE ( 'NONE', *, *, #11259, .T. ) ;
#8656 = EDGE_LOOP ( 'NONE', ( #3536, #3429, #2526, #4360 ) ) ;
#8657 = VERTEX_POINT ( 'NONE', #6134 ) ;
#8658 = DIRECTION ( 'NONE',  ( 1.000000000000000000, 0.000000000000000000, -0.000000000000000000 ) ) ;
#8659 = CARTESIAN_POINT ( 'NONE',  ( 0.000000000000000000, -134.1640786499874025, 0.000000000000000000 ) ) ;
#8660 = CARTESIAN_POINT ( 'NONE',  ( -80.25000000000000000, 20.00000000000000000, 10.25000000000000711 ) ) ;
#8661 = CARTESIAN_POINT ( 'NONE',  ( 5.000000000000000000, 6.123233995736766282E-16, 0.000000000000000000 ) ) ;
#8662 = FACE_OUTER_BOUND ( 'NONE', #8573, .T. ) ;
#8663 = CARTESIAN_POINT ( 'NONE',  ( -20.63749999999999929, 9.827790563157505106E-16, 8.024999999999996803 ) ) ;
#8664 = ADVANCED_FACE ( 'NONE', ( #523 ), #6019, .T. ) ;
#8665 = DIRECTION ( 'NONE',  ( -0.000000000000000000, -1.000000000000000000, -0.000000000000000000 ) ) ;
#8666 = ORIENTED_EDGE ( 'NONE', *, *, #3398, .F. ) ;
#8667 = CYLINDRICAL_SURFACE ( 'NONE', #2212, 2.100000000000000977 ) ;
#8668 = DIRECTION ( 'NONE',  ( 0.000000000000000000, 1.000000000000000000, 0.000000000000000000 ) ) ;
#8669 = ORIENTED_EDGE ( 'NONE', *, *, #6874, .T. ) ;
#8670 = PLANE ( 'NONE',  #5736 ) ;
#8671 = EDGE_CURVE ( 'NONE', #11638, #11629, #261, .T. ) ;
#8672 = PLANE ( 'NONE',  #11893 ) ;
#8673 = ORIENTED_EDGE ( 'NONE', *, *, #11562, .T. ) ;
#8674 = CYLINDRICAL_SURFACE ( 'NONE', #1829, 9.750000000000000000 ) ;
#8675 = DIRECTION ( 'NONE',  ( 1.000000000000000000, 0.000000000000000000, 0.000000000000000000 ) ) ;
#8676 = PLANE ( 'NONE',  #3214 ) ;
#8677 = PRODUCT_RELATED_PRODUCT_CATEGORY ( 'part', '', ( #5651 ) ) ;
#8678 = LINE ( 'NONE', #3854, #11481 ) ;
#8679 = EDGE_CURVE ( 'NONE', #6490, #9583, #329, .T. ) ;
#8680 = ORIENTED_EDGE ( 'NONE', *, *, #8337, .T. ) ;
#8681 = PLANE ( 'NONE',  #4369 ) ;
#8682 = MANIFOLD_SOLID_BREP ( 'Fillet1', #4881 ) ;
#8683 = ADVANCED_FACE ( 'NONE', ( #5413 ), #9562, .T. ) ;
#8684 = VERTEX_POINT ( 'NONE', #9252 ) ;
#8685 = DIRECTION ( 'NONE',  ( 0.000000000000000000, 0.000000000000000000, -1.000000000000000000 ) ) ;
#8686 = ORIENTED_EDGE ( 'NONE', *, *, #10593, .T. ) ;
#8687 = CARTESIAN_POINT ( 'NONE',  ( 9.184850993605150311E-15, 0.000000000000000000, 75.00000000000001421 ) ) ;
#8688 = FACE_OUTER_BOUND ( 'NONE', #8214, .T. ) ;
#8689 = CARTESIAN_POINT ( 'NONE',  ( -113.7500000000000995, 0.000000000000000000, -110.0000000000000142 ) ) ;
#8690 = PLANE ( 'NONE',  #2995 ) ;
#8691 = EDGE_CURVE ( 'NONE', #9559, #946, #1052, .T. ) ;
#8692 = LINE ( 'NONE', #2012, #6791 ) ;
#8693 = ADVANCED_FACE ( 'NONE', ( #5471 ), #10053, .T. ) ;
#8694 = DIRECTION ( 'NONE',  ( 0.000000000000000000, 1.000000000000000000, 0.000000000000000000 ) ) ;
#8695 = VECTOR ( 'NONE', #8915, 1000.000000000000000 ) ;
#8696 = VERTEX_POINT ( 'NONE', #9123 ) ;
#8697 = EDGE_CURVE ( 'NONE', #2439, #4707, #11104, .T. ) ;
#8698 = DIRECTION ( 'NONE',  ( -0.000000000000000000, -1.000000000000000000, -0.000000000000000000 ) ) ;
#8699 = ORIENTED_EDGE ( 'NONE', *, *, #6325, .F. ) ;
#8700 = ORIENTED_EDGE ( 'NONE', *, *, #11420, .F. ) ;
#8701 = AXIS2_PLACEMENT_3D ( 'NONE', #5709, #10552, #4795 ) ;
#8702 = DIRECTION ( 'NONE',  ( 0.9986861860104242483, 0.05124355444299508872, 1.116459355521293162E-13 ) ) ;
#8703 = ORIENTED_EDGE ( 'NONE', *, *, #3236, .F. ) ;
#8704 = DIRECTION ( 'NONE',  ( 1.000000000000000000, 0.000000000000000000, -0.000000000000000000 ) ) ;
#8705 = AXIS2_PLACEMENT_3D ( 'NONE', #587, #6217, #531 ) ;
#8706 = CIRCLE ( 'NONE', #4749, 18.00000000000000355 ) ;
#8707 = CARTESIAN_POINT ( 'NONE',  ( 0.000000000000000000, 35.39999999999999858, -45.00000000000000711 ) ) ;
#8708 = EDGE_CURVE ( 'NONE', #10299, #1382, #2813, .T. ) ;
#8709 = EDGE_CURVE ( 'NONE', #4438, #6295, #8368, .T. ) ;
#8710 = CYLINDRICAL_SURFACE ( 'NONE', #9355, 2.100000000000002753 ) ;
#8711 = CARTESIAN_POINT ( 'NONE',  ( 16.00000000000000000, 0.000000000000000000, 0.000000000000000000 ) ) ;
#8712 = CIRCLE ( 'NONE', #9514, 79.99999999999998579 ) ;
#8713 = AXIS2_PLACEMENT_3D ( 'NONE', #5459, #5399, #9051 ) ;
#8714 = VERTEX_POINT ( 'NONE', #9193 ) ;
#8715 = ADVANCED_FACE ( 'NONE', ( #2428 ), #10724, .T. ) ;
#8716 = FACE_BOUND ( 'NONE', #809, .T. ) ;
#8717 = VERTEX_POINT ( 'NONE', #3598 ) ;
#8718 = ORIENTED_EDGE ( 'NONE', *, *, #2041, .T. ) ;
#8719 = ORIENTED_EDGE ( 'NONE', *, *, #11236, .T. ) ;
#8720 = CARTESIAN_POINT ( 'NONE',  ( -5.000000000000000000, 0.000000000000000000, 33.00000000000000000 ) ) ;
#8721 = AXIS2_PLACEMENT_3D ( 'NONE', #803, #10456, #11208 ) ;
#8722 = FACE_BOUND ( 'NONE', #8575, .T. ) ;
#8723 = CARTESIAN_POINT ( 'NONE',  ( 75.00000000000000000, 0.000000000000000000, -10.00000000000000178 ) ) ;
#8724 = CARTESIAN_POINT ( 'NONE',  ( 0.000000000000000000, 0.000000000000000000, 0.000000000000000000 ) ) ;
#8725 = EDGE_CURVE ( 'NONE', #8822, #7200, #11542, .T. ) ;
#8726 = LINE ( 'NONE', #3084, #1311 ) ;
#8727 = CIRCLE ( 'NONE', #12112, 45.00000000000000711 ) ;
#8728 = AXIS2_PLACEMENT_3D ( 'NONE', #91, #5665, #9495 ) ;
#8729 = LINE ( 'NONE', #2237, #11176 ) ;
#8730 = MANIFOLD_SOLID_BREP ( 'Boss-Extrude1[2]', #8238 ) ;
#8731 = AXIS2_PLACEMENT_3D ( 'NONE', #3674, #9144, #1824 ) ;
#8732 = DIRECTION ( 'NONE',  ( 0.000000000000000000, 0.000000000000000000, 1.000000000000000000 ) ) ;
#8733 = AXIS2_PLACEMENT_3D ( 'NONE', #7229, #2520, #6291 ) ;
#8734 = ORIENTED_EDGE ( 'NONE', *, *, #7914, .F. ) ;
#8735 = VECTOR ( 'NONE', #9667, 1000.000000000000000 ) ;
#8736 = FACE_OUTER_BOUND ( 'NONE', #5004, .T. ) ;
#8737 = CARTESIAN_POINT ( 'NONE',  ( 18.73499399519520381, 34.20000000000000284, -6.999999999999995559 ) ) ;
#8738 = ORIENTED_EDGE ( 'NONE', *, *, #3471, .T. ) ;
#8739 = AXIS2_PLACEMENT_3D ( 'NONE', #5006, #2215, #8780 ) ;
#8740 = CIRCLE ( 'NONE', #9531, 1.649999999999998579 ) ;
#8741 = CARTESIAN_POINT ( 'NONE',  ( 130.0000000000000000, 20.00000000000000000, -10.00000000000000000 ) ) ;
#8742 = DIRECTION ( 'NONE',  ( -0.000000000000000000, -1.000000000000000000, -0.000000000000000000 ) ) ;
#8743 = ORIENTED_EDGE ( 'NONE', *, *, #1135, .T. ) ;
#8744 = CARTESIAN_POINT ( 'NONE',  ( -7.000000000000000000, 0.000000000000000000, 3.000000000000000000 ) ) ;
#8745 = EDGE_CURVE ( 'NONE', #5308, #8202, #10757, .T. ) ;
#8746 = FACE_OUTER_BOUND ( 'NONE', #6079, .T. ) ;
#8747 = CIRCLE ( 'NONE', #3403, 20.00000000000000000 ) ;
#8748 = DIRECTION ( 'NONE',  ( -0.000000000000000000, 1.000000000000000000, -0.000000000000000000 ) ) ;
#8749 = CIRCLE ( 'NONE', #5775, 8.000000000000000000 ) ;
#8750 = AXIS2_PLACEMENT_3D ( 'NONE', #9053, #11038, #2537 ) ;
#8751 = AXIS2_PLACEMENT_3D ( 'NONE', #7514, #11308, #8578 ) ;
#8752 = FACE_OUTER_BOUND ( 'NONE', #11757, .T. ) ;
#8753 = ORIENTED_EDGE ( 'NONE', *, *, #8576, .F. ) ;
#8754 = DIRECTION ( 'NONE',  ( 0.000000000000000000, -1.000000000000000000, 0.000000000000000000 ) ) ;
#8755 = VECTOR ( 'NONE', #8442, 1000.000000000000000 ) ;
#8756 = AXIS2_PLACEMENT_3D ( 'NONE', #979, #8351, #12146 ) ;
#8757 = VECTOR ( 'NONE', #3710, 1000.000000000000000 ) ;
#8758 = UNCERTAINTY_MEASURE_WITH_UNIT (LENGTH_MEASURE( 1.000000000000000082E-05 ), #1948, 'distance_accuracy_value', 'NONE');
#8759 = EDGE_LOOP ( 'NONE', ( #8922, #4819, #2917, #11582 ) ) ;
#8760 = CARTESIAN_POINT ( 'NONE',  ( -30.00000000000000000, -63.24555320336758513, -10.00000000000000000 ) ) ;
#8761 = VECTOR ( 'NONE', #7543, 1000.000000000000000 ) ;
#8762 = ORIENTED_EDGE ( 'NONE', *, *, #11980, .T. ) ;
#8763 = DIRECTION ( 'NONE',  ( -0.000000000000000000, 1.000000000000000000, -0.000000000000000000 ) ) ;
#8764 = DIRECTION ( 'NONE',  ( -0.000000000000000000, -1.000000000000000000, -0.000000000000000000 ) ) ;
#8765 = CARTESIAN_POINT ( 'NONE',  ( 0.000000000000000000, 20.00000000000000000, -75.00000000000001421 ) ) ;
#8766 = VECTOR ( 'NONE', #8065, 1000.000000000000000 ) ;
#8767 = CARTESIAN_POINT ( 'NONE',  ( -133.7500000000000000, 0.000000000000000000, -10.00000000000001066 ) ) ;
#8768 = AXIS2_PLACEMENT_3D ( 'NONE', #8595, #9780, #7783 ) ;
#8769 = EDGE_CURVE ( 'NONE', #3552, #4674, #2202, .T. ) ;
#8770 =( NAMED_UNIT ( * ) PLANE_ANGLE_UNIT ( ) SI_UNIT ( $, .RADIAN. ) );
#8771 = CARTESIAN_POINT ( 'NONE',  ( 0.000000000000000000, 0.000000000000000000, 0.000000000000000000 ) ) ;
#8772 = DIRECTION ( 'NONE',  ( 0.000000000000000000, 0.000000000000000000, 1.000000000000000000 ) ) ;
#8773 = EDGE_LOOP ( 'NONE', ( #5328, #9212 ) ) ;
#8774 = CYLINDRICAL_SURFACE ( 'NONE', #1198, 33.12659406584553068 ) ;
#8775 = VERTEX_POINT ( 'NONE', #9075 ) ;
#8776 = ORIENTED_EDGE ( 'NONE', *, *, #1487, .T. ) ;
#8777 = AXIS2_PLACEMENT_3D ( 'NONE', #2678, #9298, #4528 ) ;
#8778 = ADVANCED_FACE ( 'NONE', ( #6222, #593 ), #9023, .T. ) ;
#8779 = ORIENTED_EDGE ( 'NONE', *, *, #8386, .T. ) ;
#8780 = DIRECTION ( 'NONE',  ( 0.000000000000000000, 0.000000000000000000, 1.000000000000000000 ) ) ;
#8781 = DIRECTION ( 'NONE',  ( 1.000000000000000000, 0.000000000000000000, 0.000000000000000000 ) ) ;
#8782 = FACE_OUTER_BOUND ( 'NONE', #11988, .T. ) ;
#8783 = ADVANCED_FACE ( 'NONE', ( #1528 ), #7031, .F. ) ;
#8784 = PLANE ( 'NONE',  #9790 ) ;
#8785 = ORIENTED_EDGE ( 'NONE', *, *, #7641, .F. ) ;
#8786 = CYLINDRICAL_SURFACE ( 'NONE', #3422, 2.500000000000000444 ) ;
#8787 = EDGE_CURVE ( 'NONE', #3130, #12007, #10323, .T. ) ;
#8788 = ORIENTED_EDGE ( 'NONE', *, *, #8789, .T. ) ;
#8789 = EDGE_CURVE ( 'NONE', #10062, #2242, #482, .T. ) ;
#8790 = ORIENTED_EDGE ( 'NONE', *, *, #981, .T. ) ;
#8791 = ORIENTED_EDGE ( 'NONE', *, *, #10171, .F. ) ;
#8792 = DIRECTION ( 'NONE',  ( -1.000000000000000000, 0.000000000000000000, 0.000000000000000000 ) ) ;
#8793 = AXIS2_PLACEMENT_3D ( 'NONE', #5994, #168, #3071 ) ;
#8794 = FACE_OUTER_BOUND ( 'NONE', #4107, .T. ) ;
#8795 = DIRECTION ( 'NONE',  ( 0.000000000000000000, 1.000000000000000000, 0.000000000000000000 ) ) ;
#8796 = LINE ( 'NONE', #1124, #6132 ) ;
#8797 = CYLINDRICAL_SURFACE ( 'NONE', #6637, 1.649999999999998579 ) ;
#8798 = LINE ( 'NONE', #8663, #2457 ) ;
#8799 = CYLINDRICAL_SURFACE ( 'NONE', #5366, 99.99999999999997158 ) ;
#8800 = AXIS2_PLACEMENT_3D ( 'NONE', #2013, #5972, #9766 ) ;
#8801 = ORIENTED_EDGE ( 'NONE', *, *, #161, .F. ) ;
#8802 = DIRECTION ( 'NONE',  ( -1.000000000000000000, -0.000000000000000000, -1.125218710432733156E-16 ) ) ;
#8803 = ADVANCED_FACE ( 'NONE', ( #5299 ), #1341, .F. ) ;
#8804 = DIRECTION ( 'NONE',  ( 0.000000000000000000, 0.000000000000000000, -1.000000000000000000 ) ) ;
#8805 = ORIENTED_EDGE ( 'NONE', *, *, #2750, .F. ) ;
#8806 = CARTESIAN_POINT ( 'NONE',  ( -5.000000000000001776, 34.20000000000000284, -25.00000000000000000 ) ) ;
#8807 = DIRECTION ( 'NONE',  ( -0.000000000000000000, 1.000000000000000000, -0.000000000000000000 ) ) ;
#8808 = ORIENTED_EDGE ( 'NONE', *, *, #876, .F. ) ;
#8809 = DIRECTION ( 'NONE',  ( 0.000000000000000000, -1.000000000000000000, 0.000000000000000000 ) ) ;
#8810 = DIRECTION ( 'NONE',  ( -0.000000000000000000, 1.000000000000000000, -0.000000000000000000 ) ) ;
#8811 = AXIS2_PLACEMENT_3D ( 'NONE', #9844, #8168, #8908 ) ;
#8812 = CARTESIAN_POINT ( 'NONE',  ( -133.7500000000000853, 0.000000000000000000, -110.0000000000000284 ) ) ;
#8813 = ORIENTED_EDGE ( 'NONE', *, *, #9099, .F. ) ;
#8814 = AXIS2_PLACEMENT_3D ( 'NONE', #10287, #11403, #12161 ) ;
#8815 = LINE ( 'NONE', #5103, #5930 ) ;
#8816 = ORIENTED_EDGE ( 'NONE', *, *, #5386, .T. ) ;
#8817 = DIRECTION ( 'NONE',  ( 0.000000000000000000, 1.000000000000000000, 0.000000000000000000 ) ) ;
#8818 = ADVANCED_FACE ( 'NONE', ( #346 ), #4355, .F. ) ;
#8819 = ORIENTED_EDGE ( 'NONE', *, *, #270, .T. ) ;
#8820 = DIRECTION ( 'NONE',  ( -0.000000000000000000, -1.000000000000000000, -0.000000000000000000 ) ) ;
#8821 = PRODUCT_DEFINITION_SHAPE ( 'NONE', 'NONE',  #12252 ) ;
#8822 = VERTEX_POINT ( 'NONE', #3114 ) ;
#8823 = CARTESIAN_POINT ( 'NONE',  ( -22.36067977499791581, 20.00000000000000000, -19.99999999999997868 ) ) ;
#8824 = AXIS2_PLACEMENT_3D ( 'NONE', #2530, #6116, #5137 ) ;
#8825 = CARTESIAN_POINT ( 'NONE',  ( -46.89999999999999147, 10.00000000000000000, 15.93969696196700170 ) ) ;
#8826 = DIRECTION ( 'NONE',  ( 0.000000000000000000, -1.224646799147353454E-16, 1.000000000000000000 ) ) ;
#8827 = FACE_OUTER_BOUND ( 'NONE', #5341, .T. ) ;
#8828 = DIRECTION ( 'NONE',  ( 1.000000000000000000, 0.000000000000000000, 0.000000000000000000 ) ) ;
#8829 = CARTESIAN_POINT ( 'NONE',  ( 0.000000000000000000, 34.20000000000000284, 0.000000000000000000 ) ) ;
#8830 = FILL_AREA_STYLE ('',( #1284 ) ) ;
#8831 = CLOSED_SHELL ( 'NONE', ( #11203, #1897, #11907, #4395, #4090, #1216, #2611, #9840, #6591, #292, #8090, #9296, #1091, #11154, #8628, #1356, #6578, #9471, #3504, #8873, #9853, #6956, #9727, #5622, #3399, #4407, #9180, #144, #1803, #3599, #9960, #8511, #1669, #8073, #5005, #1939, #938, #2858, #529, #4777, #8683, #10107, #8437, #6885, #8861, #9067, #2534, #2722, #7977, #2915, #3251, #11646, #9776, #3180, #5311, #2840, #1445, #959, #217, #11655, #3318, #4473, #6567, #6664, #4226, #2403, #5298, #7878, #5795, #6385, #3198, #9239 ) ) ;
#8832 = CARTESIAN_POINT ( 'NONE',  ( 0.000000000000000000, 26.60000000000000142, 0.000000000000000000 ) ) ;
#8833 = EDGE_CURVE ( 'NONE', #3431, #4192, #11860, .T. ) ;
#8834 = AXIS2_PLACEMENT_3D ( 'NONE', #534, #8074, #3543 ) ;
#8835 = ORIENTED_EDGE ( 'NONE', *, *, #7247, .T. ) ;
#8836 = LINE ( 'NONE', #5856, #808 ) ;
#8837 = EDGE_LOOP ( 'NONE', ( #3705, #4431, #2880, #502 ) ) ;
#8838 = VERTEX_POINT ( 'NONE', #5973 ) ;
#8839 = SHAPE_DEFINITION_REPRESENTATION ( #4658, #1938 ) ;
#8840 = EDGE_CURVE ( 'NONE', #1219, #10790, #9767, .T. ) ;
#8841 = ORIENTED_EDGE ( 'NONE', *, *, #11780, .F. ) ;
#8842 = DIRECTION ( 'NONE',  ( 0.000000000000000000, 1.000000000000000000, 0.000000000000000000 ) ) ;
#8843 = DIRECTION ( 'NONE',  ( -0.000000000000000000, -1.000000000000000000, -0.000000000000000000 ) ) ;
#8844 = CARTESIAN_POINT ( 'NONE',  ( -23.00000000000000000, 34.20000000000000284, 3.000000000000000000 ) ) ;
#8845 = DIRECTION ( 'NONE',  ( -1.000000000000000000, 0.000000000000000000, 0.000000000000000000 ) ) ;
#8846 = PRODUCT_DEFINITION ( 'UNKNOWN', '', #11895, #7887 ) ;
#8847 = VERTEX_POINT ( 'NONE', #4105 ) ;
#8848 = DIRECTION ( 'NONE',  ( 0.000000000000000000, 0.000000000000000000, 1.000000000000000000 ) ) ;
#8849 = ORIENTED_EDGE ( 'NONE', *, *, #2398, .F. ) ;
#8850 = ORIENTED_EDGE ( 'NONE', *, *, #11515, .T. ) ;
#8851 = FACE_BOUND ( 'NONE', #2143, .T. ) ;
#8852 = EDGE_CURVE ( 'NONE', #1085, #393, #2409, .T. ) ;
#8853 = EDGE_LOOP ( 'NONE', ( #8601, #63, #9009, #11438 ) ) ;
#8854 = CARTESIAN_POINT ( 'NONE',  ( 21.00000000000000000, 22.72893218813453231, 2.499999999999998668 ) ) ;
#8855 = PLANE ( 'NONE',  #6645 ) ;
#8856 = DIRECTION ( 'NONE',  ( -0.000000000000000000, 1.000000000000000000, -0.000000000000000000 ) ) ;
#8857 = CARTESIAN_POINT ( 'NONE',  ( 2.999999999999998224, 29.80000000000000426, 25.00000000000000000 ) ) ;
#8858 = ADVANCED_BREP_SHAPE_REPRESENTATION ( '', ( #457, #10290 ), #11475 ) ;
#8859 = CARTESIAN_POINT ( 'NONE',  ( -7.332110811570580046E-14, 20.00000000000000000, 23.10000000000000142 ) ) ;
#8860 = LINE ( 'NONE', #11593, #9782 ) ;
#8861 = ADVANCED_FACE ( 'NONE', ( #5539 ), #1578, .F. ) ;
#8862 = CARTESIAN_POINT ( 'NONE',  ( 0.000000000000000000, 0.000000000000000000, -75.00000000000001421 ) ) ;
#8863 = ORIENTED_EDGE ( 'NONE', *, *, #6479, .F. ) ;
#8864 = DIRECTION ( 'NONE',  ( 0.000000000000000000, 0.000000000000000000, 1.000000000000000000 ) ) ;
#8865 = CARTESIAN_POINT ( 'NONE',  ( 0.000000000000000000, 16.00000000000001421, 0.000000000000000000 ) ) ;
#8866 = VERTEX_POINT ( 'NONE', #9264 ) ;
#8867 = DIRECTION ( 'NONE',  ( -0.000000000000000000, 0.000000000000000000, 1.000000000000000000 ) ) ;
#8868 = DIRECTION ( 'NONE',  ( -0.000000000000000000, 1.000000000000000000, -0.000000000000000000 ) ) ;
#8869 = ORIENTED_EDGE ( 'NONE', *, *, #5053, .T. ) ;
#8870 = CARTESIAN_POINT ( 'NONE',  ( -21.00000000000000000, 20.00000000000000000, 2.099999999999853095 ) ) ;
#8871 = CARTESIAN_POINT ( 'NONE',  ( -5.000000000000000888, 0.000000000000000000, 0.000000000000000000 ) ) ;
#8872 = DIRECTION ( 'NONE',  ( 0.000000000000000000, -0.000000000000000000, -1.000000000000000000 ) ) ;
#8873 = ADVANCED_FACE ( 'NONE', ( #12177 ), #2633, .T. ) ;
#8874 = VERTEX_POINT ( 'NONE', #8209 ) ;
#8875 = DIRECTION ( 'NONE',  ( 0.000000000000000000, 0.000000000000000000, 1.000000000000000000 ) ) ;
#8876 = ORIENTED_EDGE ( 'NONE', *, *, #7786, .T. ) ;
#8877 = CARTESIAN_POINT ( 'NONE',  ( 11.31370849898482156, 2.399999999999999467, 11.31370849898470077 ) ) ;
#8878 = PRODUCT_DEFINITION_CONTEXT ( 'detailed design', #2943, 'design' ) ;
#8879 = ORIENTED_EDGE ( 'NONE', *, *, #8011, .T. ) ;
#8880 = CARTESIAN_POINT ( 'NONE',  ( -16.00000000000000000, -2.500000000000000000, 1.649999999999998579 ) ) ;
#8881 = ORIENTED_EDGE ( 'NONE', *, *, #11443, .T. ) ;
#8882 = LINE ( 'NONE', #11673, #1319 ) ;
#8883 = CARTESIAN_POINT ( 'NONE',  ( 218.3273854894824524, -39.99999999999999289, -155.0002636468325079 ) ) ;
#8884 = EDGE_CURVE ( 'NONE', #143, #960, #7734, .T. ) ;
#8885 = LINE ( 'NONE', #10868, #3457 ) ;
#8886 = CARTESIAN_POINT ( 'NONE',  ( 0.000000000000000000, 34.20000000000000284, 0.000000000000000000 ) ) ;
#8887 = EDGE_LOOP ( 'NONE', ( #8404, #8779, #6704, #11603 ) ) ;
#8888 = DIRECTION ( 'NONE',  ( 0.000000000000000000, 0.000000000000000000, 1.000000000000000000 ) ) ;
#8889 = VERTEX_POINT ( 'NONE', #11063 ) ;
#8890 = DIRECTION ( 'NONE',  ( -0.000000000000000000, -1.000000000000000000, -0.000000000000000000 ) ) ;
#8891 = ORIENTED_EDGE ( 'NONE', *, *, #10464, .T. ) ;
#8892 = ORIENTED_EDGE ( 'NONE', *, *, #7168, .T. ) ;
#8893 = EDGE_LOOP ( 'NONE', ( #11352, #8358, #10614, #1516 ) ) ;
#8894 = DIRECTION ( 'NONE',  ( 0.000000000000000000, 0.000000000000000000, -1.000000000000000000 ) ) ;
#8895 = AXIS2_PLACEMENT_3D ( 'NONE', #10782, #6995, #10207 ) ;
#8896 = DIRECTION ( 'NONE',  ( 0.000000000000000000, 0.000000000000000000, 1.000000000000000000 ) ) ;
#8897 = EDGE_CURVE ( 'NONE', #12050, #6413, #2822, .T. ) ;
#8898 = APPLICATION_CONTEXT ( 'automotive_design' ) ;
#8899 = LINE ( 'NONE', #7098, #12142 ) ;
#8900 = CIRCLE ( 'NONE', #8522, 44.50000000000000711 ) ;
#8901 = FACE_OUTER_BOUND ( 'NONE', #7051, .T. ) ;
#8902 = EDGE_CURVE ( 'NONE', #1116, #9773, #7331, .T. ) ;
#8903 = EDGE_LOOP ( 'NONE', ( #3064, #10067 ) ) ;
#8904 = FACE_BOUND ( 'NONE', #11094, .T. ) ;
#8905 = ORIENTED_EDGE ( 'NONE', *, *, #5227, .T. ) ;
#8906 = ORIENTED_EDGE ( 'NONE', *, *, #7026, .T. ) ;
#8908 = DIRECTION ( 'NONE',  ( 0.000000000000000000, 0.000000000000000000, 1.000000000000000000 ) ) ;
#8907 = CIRCLE ( 'NONE', #9898, 2.499999999999998668 ) ;
#8909 = VECTOR ( 'NONE', #3897, 1000.000000000000000 ) ;
#8910 = AXIS2_PLACEMENT_3D ( 'NONE', #5219, #10794, #3286 ) ;
#8911 = VERTEX_POINT ( 'NONE', #5356 ) ;
#8912 = LINE ( 'NONE', #8101, #2619 ) ;
#8913 = DIRECTION ( 'NONE',  ( -0.000000000000000000, -1.000000000000000000, -0.000000000000000000 ) ) ;
#8914 = DIRECTION ( 'NONE',  ( -0.000000000000000000, -1.000000000000000000, -0.000000000000000000 ) ) ;
#8915 = DIRECTION ( 'NONE',  ( -1.000000000000000000, 0.000000000000000000, -1.445602896647340100E-15 ) ) ;
#8916 = DIRECTION ( 'NONE',  ( -0.000000000000000000, -1.000000000000000000, -0.000000000000000000 ) ) ;
#8917 = CARTESIAN_POINT ( 'NONE',  ( -30.00000000000000000, -101.9803902718557111, -10.00000000000000000 ) ) ;
#8918 = AXIS2_PLACEMENT_3D ( 'NONE', #692, #8282, #7295 ) ;
#8919 = CIRCLE ( 'NONE', #1801, 100.0000000000000000 ) ;
#8920 = EDGE_CURVE ( 'NONE', #1275, #4425, #5574, .T. ) ;
#8921 = FACE_OUTER_BOUND ( 'NONE', #11027, .T. ) ;
#8922 = ORIENTED_EDGE ( 'NONE', *, *, #1662, .F. ) ;
#8923 = DIRECTION ( 'NONE',  ( 0.000000000000000000, 0.000000000000000000, 1.000000000000000000 ) ) ;
#8924 = DIRECTION ( 'NONE',  ( 0.000000000000000000, 1.000000000000000000, 0.000000000000000000 ) ) ;
#8925 = ORIENTED_EDGE ( 'NONE', *, *, #4102, .T. ) ;
#8926 = VECTOR ( 'NONE', #653, 1000.000000000000000 ) ;
#8927 = DIRECTION ( 'NONE',  ( 0.000000000000000000, 0.000000000000000000, -1.000000000000000000 ) ) ;
#8928 = DIRECTION ( 'NONE',  ( -0.000000000000000000, -1.000000000000000000, -0.000000000000000000 ) ) ;
#8929 = AXIS2_PLACEMENT_3D ( 'NONE', #518, #1560, #9990 ) ;
#8930 = AXIS2_PLACEMENT_3D ( 'NONE', #1581, #1713, #4544 ) ;
#8931 = EDGE_CURVE ( 'NONE', #11153, #6456, #8142, .T. ) ;
#8932 = DIRECTION ( 'NONE',  ( 0.000000000000000000, 0.000000000000000000, 1.000000000000000000 ) ) ;
#8933 = ORIENTED_EDGE ( 'NONE', *, *, #3098, .T. ) ;
#8934 = DIRECTION ( 'NONE',  ( -1.000000000000000000, 0.000000000000000000, -1.387778780781496754E-15 ) ) ;
#8935 = DIRECTION ( 'NONE',  ( 0.000000000000000000, 0.000000000000000000, 1.000000000000000000 ) ) ;
#8936 = CARTESIAN_POINT ( 'NONE',  ( -5.000000000000000888, 0.000000000000000000, 0.000000000000000000 ) ) ;
#8937 = STYLED_ITEM ( 'NONE', ( #9558 ), #481 ) ;
#8938 = EDGE_CURVE ( 'NONE', #6875, #76, #11008, .T. ) ;
#8939 = ORIENTED_EDGE ( 'NONE', *, *, #7349, .F. ) ;
#8940 = DIRECTION ( 'NONE',  ( 0.000000000000000000, 0.000000000000000000, -1.000000000000000000 ) ) ;
#8941 = VECTOR ( 'NONE', #7908, 1000.000000000000000 ) ;
#8942 = VECTOR ( 'NONE', #1809, 1000.000000000000000 ) ;
#8943 = ORIENTED_EDGE ( 'NONE', *, *, #11506, .F. ) ;
#8944 = CARTESIAN_POINT ( 'NONE',  ( 150.0000000000000000, -134.1640786499874025, 10.00000000000000000 ) ) ;
#8945 = ADVANCED_FACE ( 'NONE', ( #2508 ), #10252, .F. ) ;
#8946 = EDGE_LOOP ( 'NONE', ( #2152, #3450 ) ) ;
#8947 = ADVANCED_FACE ( 'NONE', ( #6517, #11999 ), #3546, .T. ) ;
#8948 = DIRECTION ( 'NONE',  ( 1.000000000000000000, 0.000000000000000000, 0.000000000000000000 ) ) ;
#8949 = AXIS2_PLACEMENT_3D ( 'NONE', #9689, #8581, #10673 ) ;
#8950 = CIRCLE ( 'NONE', #5975, 60.00000000000000000 ) ;
#8951 = ORIENTED_EDGE ( 'NONE', *, *, #4765, .T. ) ;
#8952 = AXIS2_PLACEMENT_3D ( 'NONE', #1675, #9229, #4634 ) ;
#8953 = DIRECTION ( 'NONE',  ( 0.000000000000000000, 1.000000000000000000, -1.224646799147353207E-16 ) ) ;
#8954 = CIRCLE ( 'NONE', #7752, 45.00000000000000711 ) ;
#8955 = DIRECTION ( 'NONE',  ( 0.000000000000000000, 1.000000000000000000, 0.000000000000000000 ) ) ;
#8956 = CARTESIAN_POINT ( 'NONE',  ( -4.399999999999999467, 0.000000000000000000, 0.000000000000000000 ) ) ;
#8957 = DIRECTION ( 'NONE',  ( -0.000000000000000000, 1.000000000000000000, -0.000000000000000000 ) ) ;
#8958 = MECHANICAL_DESIGN_GEOMETRIC_PRESENTATION_REPRESENTATION (  '', ( #1045 ), #6969 ) ;
#8959 = CIRCLE ( 'NONE', #7178, 6.300000000000000711 ) ;
#8960 = ORIENTED_EDGE ( 'NONE', *, *, #3370, .F. ) ;
#8961 = CIRCLE ( 'NONE', #2626, 15.40000000000000036 ) ;
#8962 = CARTESIAN_POINT ( 'NONE',  ( 0.000000000000000000, 0.000000000000000000, 0.000000000000000000 ) ) ;
#8963 = VECTOR ( 'NONE', #6360, 1000.000000000000000 ) ;
#8964 = ORIENTED_EDGE ( 'NONE', *, *, #10917, .F. ) ;
#8965 = CYLINDRICAL_SURFACE ( 'NONE', #10303, 13.97499999999999964 ) ;
#8966 = ADVANCED_FACE ( 'NONE', ( #11123 ), #5488, .T. ) ;
#8967 = EDGE_LOOP ( 'NONE', ( #1513, #10776, #449, #9096 ) ) ;
#8968 = ORIENTED_EDGE ( 'NONE', *, *, #137, .T. ) ;
#8969 = SHAPE_DEFINITION_REPRESENTATION ( #3553, #2338 ) ;
#8970 = EDGE_LOOP ( 'NONE', ( #6856, #2019, #1144, #5260 ) ) ;
#8971 = CARTESIAN_POINT ( 'NONE',  ( 0.000000000000000000, 9.000000000000001776, 0.000000000000000000 ) ) ;
#8972 =( GEOMETRIC_REPRESENTATION_CONTEXT ( 3 ) GLOBAL_UNCERTAINTY_ASSIGNED_CONTEXT ( ( #10487 ) ) GLOBAL_UNIT_ASSIGNED_CONTEXT ( ( #2437, #11913, #5228 ) ) REPRESENTATION_CONTEXT ( 'NONE', 'WORKASPACE' ) );
#8973 = AXIS2_PLACEMENT_3D ( 'NONE', #9452, #793, #2814 ) ;
#8974 = DIRECTION ( 'NONE',  ( 1.000000000000000000, -0.000000000000000000, 3.545536741751475049E-16 ) ) ;
#8975 = DIRECTION ( 'NONE',  ( 0.000000000000000000, 0.000000000000000000, -1.000000000000000000 ) ) ;
#8976 = FACE_OUTER_BOUND ( 'NONE', #6277, .T. ) ;
#8977 = EDGE_LOOP ( 'NONE', ( #10475, #8960, #3934, #2453 ) ) ;
#8978 = DIRECTION ( 'NONE',  ( 0.000000000000000000, 1.000000000000000000, 0.000000000000000000 ) ) ;
#8979 = ADVANCED_FACE ( 'NONE', ( #3616 ), #8384, .F. ) ;
#8980 = VERTEX_POINT ( 'NONE', #7405 ) ;
#8981 = VERTEX_POINT ( 'NONE', #11186 ) ;
#8982 = DIRECTION ( 'NONE',  ( 0.000000000000000000, 0.000000000000000000, 1.000000000000000000 ) ) ;
#8983 = EDGE_LOOP ( 'NONE', ( #10627, #9997, #11383, #1240 ) ) ;
#8984 = CARTESIAN_POINT ( 'NONE',  ( 0.000000000000000000, 0.000000000000000000, 9.000000000000001776 ) ) ;
#8985 = CARTESIAN_POINT ( 'NONE',  ( 2.202694860469042645E-13, 22.72893218813453231, -23.49999999999999645 ) ) ;
#8986 = DIRECTION ( 'NONE',  ( 0.000000000000000000, 0.000000000000000000, 1.000000000000000000 ) ) ;
#8987 = PLANE ( 'NONE',  #1214 ) ;
#8988 = DIRECTION ( 'NONE',  ( -0.000000000000000000, 1.000000000000000000, -0.000000000000000000 ) ) ;
#8989 = VECTOR ( 'NONE', #4205, 1000.000000000000000 ) ;
#8990 = DIRECTION ( 'NONE',  ( -0.000000000000000000, -1.000000000000000000, -0.000000000000000000 ) ) ;
#8991 = CARTESIAN_POINT ( 'NONE',  ( 18.73499399519520381, 34.20000000000000284, -4.999999999999994671 ) ) ;
#8992 = ORIENTED_EDGE ( 'NONE', *, *, #10059, .T. ) ;
#8993 = DIRECTION ( 'NONE',  ( -0.000000000000000000, 1.000000000000000000, -0.000000000000000000 ) ) ;
#8994 = ADVANCED_FACE ( 'NONE', ( #1648 ), #5427, .F. ) ;
#8995 = FILL_AREA_STYLE ('',( #9919 ) ) ;
#8996 = EDGE_LOOP ( 'NONE', ( #1545, #12106, #7806, #734 ) ) ;
#8997 = VECTOR ( 'NONE', #5807, 1000.000000000000000 ) ;
#8998 = DIRECTION ( 'NONE',  ( -0.000000000000000000, 1.000000000000000000, -0.000000000000000000 ) ) ;
#8999 = DIRECTION ( 'NONE',  ( -0.000000000000000000, 1.000000000000000000, -0.000000000000000000 ) ) ;
#9000 = EDGE_CURVE ( 'NONE', #6321, #2566, #4755, .T. ) ;
#9001 = VERTEX_POINT ( 'NONE', #1763 ) ;
#9002 = DIRECTION ( 'NONE',  ( -0.000000000000000000, -0.000000000000000000, 1.000000000000000000 ) ) ;
#9003 = LINE ( 'NONE', #7259, #2485 ) ;
#9004 = CARTESIAN_POINT ( 'NONE',  ( 66.17647058823530415, 20.00000000000000000, 35.29411764705883314 ) ) ;
#9005 =( GEOMETRIC_REPRESENTATION_CONTEXT ( 3 ) GLOBAL_UNCERTAINTY_ASSIGNED_CONTEXT ( ( #8388 ) ) GLOBAL_UNIT_ASSIGNED_CONTEXT ( ( #7232, #5314, #6293 ) ) REPRESENTATION_CONTEXT ( 'NONE', 'WORKASPACE' ) );
#9006 = APPLICATION_CONTEXT ( 'automotive_design' ) ;
#9007 = ORIENTED_EDGE ( 'NONE', *, *, #7033, .T. ) ;
#9008 = DIRECTION ( 'NONE',  ( 0.000000000000000000, 0.000000000000000000, 1.000000000000000000 ) ) ;
#9009 = ORIENTED_EDGE ( 'NONE', *, *, #5324, .T. ) ;
#9010 = EDGE_CURVE ( 'NONE', #6912, #2388, #10103, .T. ) ;
#9011 = DIRECTION ( 'NONE',  ( -0.000000000000000000, -1.000000000000000000, -0.000000000000000000 ) ) ;
#9012 = ORIENTED_EDGE ( 'NONE', *, *, #8697, .F. ) ;
#9013 = DIRECTION ( 'NONE',  ( 0.000000000000000000, 0.000000000000000000, -1.000000000000000000 ) ) ;
#9014 = AXIS2_PLACEMENT_3D ( 'NONE', #8512, #8336, #968 ) ;
#9015 = EDGE_CURVE ( 'NONE', #324, #6243, #8678, .T. ) ;
#9016 = ORIENTED_EDGE ( 'NONE', *, *, #8033, .F. ) ;
#9017 = PLANE ( 'NONE',  #9430 ) ;
#9018 = LINE ( 'NONE', #8883, #9949 ) ;
#9019 = CIRCLE ( 'NONE', #130, 1.649999999999998579 ) ;
#9020 = EDGE_CURVE ( 'NONE', #3295, #11940, #5547, .T. ) ;
#9021 = CARTESIAN_POINT ( 'NONE',  ( 0.000000000000000000, 185.7056274847714405, 0.000000000000000000 ) ) ;
#9022 = ADVANCED_FACE ( 'NONE', ( #8569 ), #11295, .F. ) ;
#9023 = PLANE ( 'NONE',  #231 ) ;
#9024 = ORIENTED_EDGE ( 'NONE', *, *, #2236, .T. ) ;
#9025 = DIRECTION ( 'NONE',  ( -0.000000000000000000, -0.000000000000000000, 1.000000000000000000 ) ) ;
#9026 = ORIENTED_EDGE ( 'NONE', *, *, #5895, .T. ) ;
#9027 = PRODUCT_DEFINITION_CONTEXT ( 'detailed design', #3600, 'design' ) ;
#9028 = CARTESIAN_POINT ( 'NONE',  ( 0.000000000000000000, 6.800000000000000711, 0.000000000000000000 ) ) ;
#9029 = ORIENTED_EDGE ( 'NONE', *, *, #1126, .T. ) ;
#9030 = AXIS2_PLACEMENT_3D ( 'NONE', #3837, #71, #890 ) ;
#9031 = ORIENTED_EDGE ( 'NONE', *, *, #12172, .F. ) ;
#9032 = SHAPE_DEFINITION_REPRESENTATION ( #5739, #8205 ) ;
#9033 = ORIENTED_EDGE ( 'NONE', *, *, #12120, .T. ) ;
#9034 = CARTESIAN_POINT ( 'NONE',  ( 7.347880794884118356E-15, 0.000000000000000000, -60.00000000000000000 ) ) ;
#9035 = PLANE ( 'NONE',  #3192 ) ;
#9036 = FACE_OUTER_BOUND ( 'NONE', #7269, .T. ) ;
#9037 = AXIS2_PLACEMENT_3D ( 'NONE', #11833, #3332, #7110 ) ;
#9038 = ORIENTED_EDGE ( 'NONE', *, *, #1724, .T. ) ;
#9039 = CARTESIAN_POINT ( 'NONE',  ( 0.000000000000000000, -2.500000000000000000, 0.000000000000000000 ) ) ;
#9040 = VERTEX_POINT ( 'NONE', #5840 ) ;
#9041 = VERTEX_POINT ( 'NONE', #2124 ) ;
#9042 = VECTOR ( 'NONE', #5582, 1000.000000000000000 ) ;
#9043 = CARTESIAN_POINT ( 'NONE',  ( -90.00000000000000000, 0.000000000000000000, -19.99999999999998224 ) ) ;
#9044 = VERTEX_POINT ( 'NONE', #196 ) ;
#9045 = CARTESIAN_POINT ( 'NONE',  ( 0.000000000000000000, 2.999999999999999112, 0.000000000000000000 ) ) ;
#9046 = CARTESIAN_POINT ( 'NONE',  ( 5.000000000000000888, 0.000000000000000000, -15.40000000000000036 ) ) ;
#9047 = CARTESIAN_POINT ( 'NONE',  ( -133.7500000000000853, 0.000000000000000000, -110.0000000000000284 ) ) ;
#9048 = DIRECTION ( 'NONE',  ( 0.000000000000000000, 0.000000000000000000, 1.000000000000000000 ) ) ;
#9049 = EDGE_CURVE ( 'NONE', #5729, #12100, #7912, .T. ) ;
#9050 = DIRECTION ( 'NONE',  ( 0.000000000000000000, 0.000000000000000000, -1.000000000000000000 ) ) ;
#9051 = DIRECTION ( 'NONE',  ( 0.000000000000000000, 0.000000000000000000, 1.000000000000000000 ) ) ;
#9052 = VERTEX_POINT ( 'NONE', #3964 ) ;
#9053 = CARTESIAN_POINT ( 'NONE',  ( -23.00000000000000000, 34.20000000000000284, -3.000000000000000000 ) ) ;
#9054 = CARTESIAN_POINT ( 'NONE',  ( -218.4000000000000057, 0.000000000000000000, 9.999999999999955591 ) ) ;
#9055 = ORIENTED_EDGE ( 'NONE', *, *, #11751, .T. ) ;
#9056 = CARTESIAN_POINT ( 'NONE',  ( 0.000000000000000000, 20.00000000000000000, 10.00000000000000000 ) ) ;
#9057 = FACE_OUTER_BOUND ( 'NONE', #8602, .T. ) ;
#9058 = ORIENTED_EDGE ( 'NONE', *, *, #161, .T. ) ;
#9059 = DIRECTION ( 'NONE',  ( 0.000000000000000000, 0.000000000000000000, 1.000000000000000000 ) ) ;
#9060 = CARTESIAN_POINT ( 'NONE',  ( 4.999999999999998224, 29.80000000000000426, -18.73499399519520026 ) ) ;
#9061 = DIRECTION ( 'NONE',  ( 0.000000000000000000, -0.000000000000000000, 1.000000000000000000 ) ) ;
#9062 = EDGE_CURVE ( 'NONE', #3682, #7209, #11096, .T. ) ;
#9063 = CARTESIAN_POINT ( 'NONE',  ( 30.00000000000000000, 20.00000000000000000, 10.00000000000000000 ) ) ;
#9064 = ORIENTED_EDGE ( 'NONE', *, *, #913, .T. ) ;
#9065 = CARTESIAN_POINT ( 'NONE',  ( -1.675911042644704011E-13, -2.500000000000000000, -17.64999999999999503 ) ) ;
#9066 = ORIENTED_EDGE ( 'NONE', *, *, #1857, .F. ) ;
#9067 = ADVANCED_FACE ( 'NONE', ( #11548 ), #9676, .F. ) ;
#9068 = CARTESIAN_POINT ( 'NONE',  ( 0.000000000000000000, 0.000000000000000000, 12.00000000000000000 ) ) ;
#9069 = ORIENTED_EDGE ( 'NONE', *, *, #8258, .F. ) ;
#9070 = DIRECTION ( 'NONE',  ( 0.000000000000000000, 0.000000000000000000, 1.000000000000000000 ) ) ;
#9071 = ORIENTED_EDGE ( 'NONE', *, *, #3563, .F. ) ;
#9072 = CARTESIAN_POINT ( 'NONE',  ( 4.999999999999998224, 34.20000000000000284, 18.73499399519520026 ) ) ;
#9073 = PRODUCT_RELATED_PRODUCT_CATEGORY ( 'part', '', ( #10202 ) ) ;
#9074 = DIRECTION ( 'NONE',  ( -0.000000000000000000, -1.000000000000000000, -0.000000000000000000 ) ) ;
#9075 = CARTESIAN_POINT ( 'NONE',  ( 130.0000000000000000, 0.000000000000000000, 10.25000000000002309 ) ) ;
#9076 = ORIENTED_EDGE ( 'NONE', *, *, #1363, .T. ) ;
#9077 = EDGE_CURVE ( 'NONE', #1993, #11648, #2801, .T. ) ;
#9078 = DIRECTION ( 'NONE',  ( 0.000000000000000000, 0.000000000000000000, -1.000000000000000000 ) ) ;
#9079 = EDGE_LOOP ( 'NONE', ( #4172, #10399 ) ) ;
#9080 = DIRECTION ( 'NONE',  ( 1.000000000000000000, 0.000000000000000000, 0.000000000000000000 ) ) ;
#9081 = ORIENTED_EDGE ( 'NONE', *, *, #2559, .T. ) ;
#9082 = VERTEX_POINT ( 'NONE', #142 ) ;
#9083 = ORIENTED_EDGE ( 'NONE', *, *, #2599, .F. ) ;
#9084 = DIRECTION ( 'NONE',  ( 1.000000000000000000, 0.000000000000000000, 0.000000000000000000 ) ) ;
#9085 = EDGE_CURVE ( 'NONE', #3119, #5235, #5742, .T. ) ;
#9086 = EDGE_CURVE ( 'NONE', #6779, #131, #10494, .T. ) ;
#9087 = DIRECTION ( 'NONE',  ( -0.000000000000000000, -1.000000000000000000, -0.000000000000000000 ) ) ;
#9088 = DIRECTION ( 'NONE',  ( 1.000000000000000000, 0.000000000000000000, 0.000000000000000000 ) ) ;
#9089 = CYLINDRICAL_SURFACE ( 'NONE', #5239, 45.00000000000000711 ) ;
#9090 = EDGE_CURVE ( 'NONE', #4507, #9421, #956, .T. ) ;
#9091 = VERTEX_POINT ( 'NONE', #6587 ) ;
#9092 = CARTESIAN_POINT ( 'NONE',  ( 11.31370849898465991, 7.066904755831209251, -12.96370849898485744 ) ) ;
#9093 = EDGE_LOOP ( 'NONE', ( #5635, #583, #9538, #10449 ) ) ;
#9094 = ORIENTED_EDGE ( 'NONE', *, *, #1553, .T. ) ;
#9095 = FACE_OUTER_BOUND ( 'NONE', #2273, .T. ) ;
#9096 = ORIENTED_EDGE ( 'NONE', *, *, #3290, .F. ) ;
#9097 = EDGE_CURVE ( 'NONE', #1085, #3539, #11362, .T. ) ;
#9098 = FACE_OUTER_BOUND ( 'NONE', #11865, .T. ) ;
#9099 = EDGE_CURVE ( 'NONE', #11285, #896, #3796, .T. ) ;
#9100 = AXIS2_PLACEMENT_3D ( 'NONE', #6473, #7344, #8271 ) ;
#9101 = DIRECTION ( 'NONE',  ( 0.000000000000000000, 0.000000000000000000, 1.000000000000000000 ) ) ;
#9102 = CARTESIAN_POINT ( 'NONE',  ( 138.3273854894823955, -39.99999999999999289, -360.0007909404973248 ) ) ;
#9103 = FACE_OUTER_BOUND ( 'NONE', #7481, .T. ) ;
#9104 = DIRECTION ( 'NONE',  ( -0.000000000000000000, -0.000000000000000000, 1.000000000000000000 ) ) ;
#9105 = FACE_OUTER_BOUND ( 'NONE', #2516, .T. ) ;
#9106 = VECTOR ( 'NONE', #3768, 1000.000000000000000 ) ;
#9107 = AXIS2_PLACEMENT_3D ( 'NONE', #11601, #10652, #6696 ) ;
#9108 = VERTEX_POINT ( 'NONE', #11470 ) ;
#9109 = CARTESIAN_POINT ( 'NONE',  ( 22.36067977499790871, 20.00000000000000000, 19.99999999999998579 ) ) ;
#9110 = FACE_OUTER_BOUND ( 'NONE', #543, .T. ) ;
#9111 = ORIENTED_EDGE ( 'NONE', *, *, #5204, .F. ) ;
#9112 = CARTESIAN_POINT ( 'NONE',  ( 0.000000000000000000, 0.000000000000000000, 0.000000000000000000 ) ) ;
#9113 = EDGE_CURVE ( 'NONE', #11565, #8889, #1194, .T. ) ;
#9114 = DIRECTION ( 'NONE',  ( 0.000000000000000000, -1.000000000000000000, 0.000000000000000000 ) ) ;
#9115 = AXIS2_PLACEMENT_3D ( 'NONE', #2913, #6703, #10482 ) ;
#9116 = EDGE_LOOP ( 'NONE', ( #4928, #3670 ) ) ;
#9117 = CARTESIAN_POINT ( 'NONE',  ( 130.0000000000000000, 0.000000000000000000, -19.99999999999998579 ) ) ;
#9118 = PLANE ( 'NONE',  #8109 ) ;
#9119 = DIRECTION ( 'NONE',  ( 0.000000000000000000, 0.000000000000000000, 1.000000000000000000 ) ) ;
#9120 = AXIS2_PLACEMENT_3D ( 'NONE', #7426, #2584, #7361 ) ;
#9121 = CIRCLE ( 'NONE', #10906, 5.999999999999999112 ) ;
#9122 = AXIS2_PLACEMENT_3D ( 'NONE', #8771, #282, #10445 ) ;
#9123 = CARTESIAN_POINT ( 'NONE',  ( 16.00000000000000000, -2.500000000000000000, -1.650000000000110489 ) ) ;
#9124 = CARTESIAN_POINT ( 'NONE',  ( -80.25000000000000000, 0.000000000000000000, -10.24999999999998224 ) ) ;
#9125 = EDGE_LOOP ( 'NONE', ( #1106, #10123, #9277, #7657 ) ) ;
#9126 = CARTESIAN_POINT ( 'NONE',  ( 0.000000000000000000, -16.00000000000000000, 0.000000000000000000 ) ) ;
#9127 = VECTOR ( 'NONE', #5477, 1000.000000000000000 ) ;
#9128 = ORIENTED_EDGE ( 'NONE', *, *, #8251, .T. ) ;
#9129 = LINE ( 'NONE', #7395, #1625 ) ;
#9130 = VECTOR ( 'NONE', #7398, 1000.000000000000000 ) ;
#9131 = AXIS2_PLACEMENT_3D ( 'NONE', #7336, #906, #8211 ) ;
#9132 = PRODUCT_DEFINITION_CONTEXT ( 'detailed design', #1714, 'design' ) ;
#9133 = AXIS2_PLACEMENT_3D ( 'NONE', #3975, #1204, #6890 ) ;
#9134 = EDGE_CURVE ( 'NONE', #6880, #3051, #10431, .T. ) ;
#9135 = ORIENTED_EDGE ( 'NONE', *, *, #9460, .F. ) ;
#9136 = CARTESIAN_POINT ( 'NONE',  ( 14.84924240491768188, 0.000000000000000000, -16.94924240491731737 ) ) ;
#9137 = VERTEX_POINT ( 'NONE', #9626 ) ;
#9138 = AXIS2_PLACEMENT_3D ( 'NONE', #11442, #8781, #6728 ) ;
#9139 = CARTESIAN_POINT ( 'NONE',  ( -113.7500000000000142, 20.00000000000000000, -10.00000000000002487 ) ) ;
#9140 = AXIS2_PLACEMENT_3D ( 'NONE', #3053, #1205, #4099 ) ;
#9141 = CARTESIAN_POINT ( 'NONE',  ( 2.500000000000000444, -16.00000000000000000, 0.000000000000000000 ) ) ;
#9142 = AXIS2_PLACEMENT_3D ( 'NONE', #2410, #6185, #9903 ) ;
#9143 = CIRCLE ( 'NONE', #6562, 2.100000000000002753 ) ;
#9144 = DIRECTION ( 'NONE',  ( -0.000000000000000000, -1.000000000000000000, -0.000000000000000000 ) ) ;
#9145 = EDGE_LOOP ( 'NONE', ( #11519, #751, #1150, #9597 ) ) ;
#9146 = DIRECTION ( 'NONE',  ( -1.000000000000000000, -0.000000000000000000, -0.000000000000000000 ) ) ;
#9147 = AXIS2_PLACEMENT_3D ( 'NONE', #3915, #5791, #6712 ) ;
#9148 = ORIENTED_EDGE ( 'NONE', *, *, #6938, .T. ) ;
#9149 = CARTESIAN_POINT ( 'NONE',  ( 130.0000000000000000, 0.000000000000000000, -19.99999999999998579 ) ) ;
#9150 = ORIENTED_EDGE ( 'NONE', *, *, #2165, .T. ) ;
#9151 = ORIENTED_EDGE ( 'NONE', *, *, #485, .T. ) ;
#9152 = VECTOR ( 'NONE', #6612, 1000.000000000000000 ) ;
#9153 = AXIS2_PLACEMENT_3D ( 'NONE', #3220, #7003, #7807 ) ;
#9154 = ITEM_DEFINED_TRANSFORMATION ( 'NONE', 'NONE', #6338,  #10290 ) ;
#9155 = VERTEX_POINT ( 'NONE', #1940 ) ;
#9156 = DIRECTION ( 'NONE',  ( 0.000000000000000000, 0.000000000000000000, -1.000000000000000000 ) ) ;
#9157 = EDGE_CURVE ( 'NONE', #7140, #9052, #1785, .T. ) ;
#9158 = DIRECTION ( 'NONE',  ( 0.000000000000000000, 0.000000000000000000, -1.000000000000000000 ) ) ;
#9159 = AXIS2_PLACEMENT_3D ( 'NONE', #11006, #5167, #8075 ) ;
#9160 = LINE ( 'NONE', #3503, #5015 ) ;
#9161 = AXIS2_PLACEMENT_3D ( 'NONE', #5024, #8795, #6745 ) ;
#9162 = AXIS2_PLACEMENT_3D ( 'NONE', #415, #1406, #5185 ) ;
#9163 = VECTOR ( 'NONE', #5572, 1000.000000000000000 ) ;
#9164 = VERTEX_POINT ( 'NONE', #1143 ) ;
#9165 = EDGE_CURVE ( 'NONE', #11253, #11305, #3905, .T. ) ;
#9166 = DIRECTION ( 'NONE',  ( 0.000000000000000000, 1.000000000000000000, 0.000000000000000000 ) ) ;
#9167 = VERTEX_POINT ( 'NONE', #4092 ) ;
#9168 = EDGE_LOOP ( 'NONE', ( #5437, #987 ) ) ;
#9169 = DIRECTION ( 'NONE',  ( -1.000000000000000000, 0.000000000000000000, -0.000000000000000000 ) ) ;
#9170 = CIRCLE ( 'NONE', #7972, 1.649999999999998579 ) ;
#9171 = ORIENTED_EDGE ( 'NONE', *, *, #4000, .T. ) ;
#9172 = DIRECTION ( 'NONE',  ( 1.000000000000000000, -0.000000000000000000, -0.000000000000000000 ) ) ;
#9173 = CIRCLE ( 'NONE', #464, 2.099999999999999645 ) ;
#9174 = EDGE_CURVE ( 'NONE', #5359, #4055, #4150, .T. ) ;
#9175 = CARTESIAN_POINT ( 'NONE',  ( -5.000000000000000888, 0.000000000000000000, 0.000000000000000000 ) ) ;
#9176 = CARTESIAN_POINT ( 'NONE',  ( 238.3273854894817134, 0.000000000000000000, -155.0002636468324795 ) ) ;
#9177 = DIRECTION ( 'NONE',  ( 0.000000000000000000, 0.000000000000000000, 1.000000000000000000 ) ) ;
#9178 = DIRECTION ( 'NONE',  ( -0.000000000000000000, -0.000000000000000000, -1.000000000000000000 ) ) ;
#9179 = EDGE_CURVE ( 'NONE', #390, #2561, #7716, .T. ) ;
#9180 = ADVANCED_FACE ( 'NONE', ( #8752 ), #6210, .T. ) ;
#9181 = DIRECTION ( 'NONE',  ( 0.000000000000000000, -0.000000000000000000, -1.000000000000000000 ) ) ;
#9182 = VERTEX_POINT ( 'NONE', #10859 ) ;
#9183 = CARTESIAN_POINT ( 'NONE',  ( 0.000000000000000000, -17.81909088590100154, 6.300000000000000711 ) ) ;
#9184 = CARTESIAN_POINT ( 'NONE',  ( 90.00000000000000000, 20.00000000000000000, 10.25000000000000533 ) ) ;
#9185 = ORIENTED_EDGE ( 'NONE', *, *, #905, .F. ) ;
#9186 = SHAPE_REPRESENTATION_RELATIONSHIP ( 'NONE' , 'NONE' ,  #10339, #7368 ) ;
#9187 = DIRECTION ( 'NONE',  ( -1.000000000000000000, 0.000000000000000000, 3.590534112833708514E-16 ) ) ;
#9188 = CIRCLE ( 'NONE', #3826, 15.40000000000000036 ) ;
#9189 = EDGE_LOOP ( 'NONE', ( #1478, #7793, #3159, #5250 ) ) ;
#9190 = DIRECTION ( 'NONE',  ( 0.000000000000000000, 0.000000000000000000, 1.000000000000000000 ) ) ;
#9191 = DIRECTION ( 'NONE',  ( -1.000000000000000000, 0.000000000000000000, 0.000000000000000000 ) ) ;
#9192 = CARTESIAN_POINT ( 'NONE',  ( 2.202205001749383553E-13, -5.939696961967007027, -23.09999999999999787 ) ) ;
#9193 = CARTESIAN_POINT ( 'NONE',  ( 0.000000000000000000, 27.60000000000000142, -35.00000000000000000 ) ) ;
#9194 = FACE_OUTER_BOUND ( 'NONE', #10312, .T. ) ;
#9195 = EDGE_LOOP ( 'NONE', ( #753, #8805 ) ) ;
#9196 = EDGE_CURVE ( 'NONE', #10425, #2425, #8067, .T. ) ;
#9197 = CYLINDRICAL_SURFACE ( 'NONE', #7521, 2.100000000000000977 ) ;
#9198 = CIRCLE ( 'NONE', #9979, 33.12659406584553068 ) ;
#9199 = ORIENTED_EDGE ( 'NONE', *, *, #6737, .F. ) ;
#9200 = DIRECTION ( 'NONE',  ( -1.000000000000000000, 0.000000000000000000, 3.545536741751475049E-16 ) ) ;
#9201 = ORIENTED_EDGE ( 'NONE', *, *, #8931, .F. ) ;
#9202 = CARTESIAN_POINT ( 'NONE',  ( 0.000000000000000000, 13.39999999999999858, 0.000000000000000000 ) ) ;
#9203 = ORIENTED_EDGE ( 'NONE', *, *, #5377, .T. ) ;
#9204 = CARTESIAN_POINT ( 'NONE',  ( 0.3864906208434974455, 0.000000000000000000, 0.000000000000000000 ) ) ;
#9205 = FACE_OUTER_BOUND ( 'NONE', #9093, .T. ) ;
#9206 = EDGE_CURVE ( 'NONE', #3202, #867, #8815, .T. ) ;
#9207 = DIRECTION ( 'NONE',  ( 0.000000000000000000, 0.000000000000000000, 1.000000000000000000 ) ) ;
#9208 = ORIENTED_EDGE ( 'NONE', *, *, #2253, .T. ) ;
#9209 = DIRECTION ( 'NONE',  ( 0.000000000000000000, 0.000000000000000000, 1.000000000000000000 ) ) ;
#9210 = EDGE_LOOP ( 'NONE', ( #9185, #183, #10019, #8379 ) ) ;
#9211 = ORIENTED_EDGE ( 'NONE', *, *, #8902, .T. ) ;
#9212 = ORIENTED_EDGE ( 'NONE', *, *, #5448, .T. ) ;
#9213 = ORIENTED_EDGE ( 'NONE', *, *, #10696, .F. ) ;
#9214 = CARTESIAN_POINT ( 'NONE',  ( -218.4000000000000057, 20.00000000000000000, -10.00000000000004619 ) ) ;
#9215 = AXIS2_PLACEMENT_3D ( 'NONE', #2855, #2796, #8441 ) ;
#9216 = CARTESIAN_POINT ( 'NONE',  ( 23.00000000000000000, 34.20000000000000284, -2.999999999999996003 ) ) ;
#9217 = CARTESIAN_POINT ( 'NONE',  ( 5.586370142149013368E-14, 7.066904755831209251, 16.00000000000000000 ) ) ;
#9218 = LINE ( 'NONE', #12130, #11152 ) ;
#9219 = EDGE_CURVE ( 'NONE', #2042, #10036, #614, .T. ) ;
#9220 = FILL_AREA_STYLE ('',( #7288 ) ) ;
#9221 = AXIS2_PLACEMENT_3D ( 'NONE', #3137, #4949, #3028 ) ;
#9222 = VERTEX_POINT ( 'NONE', #6022 ) ;
#9223 = ADVANCED_FACE ( 'NONE', ( #10804 ), #266, .F. ) ;
#9224 = CARTESIAN_POINT ( 'NONE',  ( -21.00000000000000000, 0.000000000000000000, 2.099999999999853095 ) ) ;
#9225 = EDGE_LOOP ( 'NONE', ( #6075, #1405, #6692, #10017 ) ) ;
#9226 = VERTEX_POINT ( 'NONE', #2313 ) ;
#9227 = CARTESIAN_POINT ( 'NONE',  ( 22.36067977499790871, 20.00000000000000000, 19.99999999999998579 ) ) ;
#9228 = ORIENTED_EDGE ( 'NONE', *, *, #2553, .T. ) ;
#9229 = DIRECTION ( 'NONE',  ( 0.000000000000000000, 1.000000000000000000, 0.000000000000000000 ) ) ;
#9230 = CARTESIAN_POINT ( 'NONE',  ( 0.000000000000000000, 16.00000000000000000, 0.000000000000000000 ) ) ;
#9231 = LINE ( 'NONE', #2531, #9931 ) ;
#9232 = CIRCLE ( 'NONE', #5476, 2.000000000000000000 ) ;
#9233 = DIRECTION ( 'NONE',  ( -0.000000000000000000, -1.000000000000000000, -0.000000000000000000 ) ) ;
#9234 = EDGE_CURVE ( 'NONE', #10155, #11656, #4223, .T. ) ;
#9235 = DIRECTION ( 'NONE',  ( 0.000000000000000000, -1.000000000000000000, 0.000000000000000000 ) ) ;
#9236 = EDGE_CURVE ( 'NONE', #9052, #1699, #6080, .T. ) ;
#9237 = CARTESIAN_POINT ( 'NONE',  ( 5.510910596163090344E-15, 6.800000000000000711, 45.00000000000000711 ) ) ;
#9238 = ORIENTED_EDGE ( 'NONE', *, *, #9458, .F. ) ;
#9239 = ADVANCED_FACE ( 'NONE', ( #9866 ), #9304, .T. ) ;
#9240 = DIRECTION ( 'NONE',  ( 0.000000000000000000, 0.000000000000000000, -1.000000000000000000 ) ) ;
#9241 = CARTESIAN_POINT ( 'NONE',  ( 130.0000000000000000, 0.000000000000000000, 10.00000000000000000 ) ) ;
#9242 = ORIENTED_EDGE ( 'NONE', *, *, #4217, .F. ) ;
#9243 = VECTOR ( 'NONE', #4725, 1000.000000000000000 ) ;
#9244 =( NAMED_UNIT ( * ) SI_UNIT ( $, .STERADIAN. ) SOLID_ANGLE_UNIT ( ) );
#9245 = CARTESIAN_POINT ( 'NONE',  ( -7.301494641591894997E-14, 22.72893218813453231, 18.50000000000000355 ) ) ;
#9246 = AXIS2_PLACEMENT_3D ( 'NONE', #3134, #3834, #6744 ) ;
#9247 = CARTESIAN_POINT ( 'NONE',  ( 130.0000000000000000, 20.00000000000000000, 20.00000000000002487 ) ) ;
#9248 = CARTESIAN_POINT ( 'NONE',  ( -4.400000000000001243, 0.000000000000000000, 0.000000000000000000 ) ) ;
#9249 = DIRECTION ( 'NONE',  ( -0.000000000000000000, -1.000000000000000000, -0.000000000000000000 ) ) ;
#9250 = EDGE_CURVE ( 'NONE', #10648, #3295, #3232, .T. ) ;
#9251 = DIRECTION ( 'NONE',  ( -1.000000000000000000, 0.000000000000000000, 1.387778780781445182E-16 ) ) ;
#9252 = CARTESIAN_POINT ( 'NONE',  ( -23.00000000000000000, 29.80000000000000426, 5.000000000000000000 ) ) ;
#9253 = DIRECTION ( 'NONE',  ( 0.000000000000000000, 0.000000000000000000, 1.000000000000000000 ) ) ;
#9254 = ORIENTED_EDGE ( 'NONE', *, *, #1682, .F. ) ;
#9255 = DIRECTION ( 'NONE',  ( -0.000000000000000000, -0.000000000000000000, -1.000000000000000000 ) ) ;
#9256 = VERTEX_POINT ( 'NONE', #11733 ) ;
#9257 = DIRECTION ( 'NONE',  ( -0.000000000000000000, -0.000000000000000000, -1.000000000000000000 ) ) ;
#9258 = VERTEX_POINT ( 'NONE', #1193 ) ;
#9259 = CARTESIAN_POINT ( 'NONE',  ( 0.000000000000000000, 0.000000000000000000, 0.000000000000000000 ) ) ;
#9260 = VERTEX_POINT ( 'NONE', #3157 ) ;
#9261 = EDGE_CURVE ( 'NONE', #4112, #6542, #466, .T. ) ;
#9262 = CARTESIAN_POINT ( 'NONE',  ( 138.3273854894817134, 3.000000000000000000, 9.999736353167476111 ) ) ;
#9263 = CYLINDRICAL_SURFACE ( 'NONE', #8549, 9.750000000000000000 ) ;
#9264 = CARTESIAN_POINT ( 'NONE',  ( 4.286263797015735707E-15, 27.60000000000000142, 35.00000000000000000 ) ) ;
#9265 = ORIENTED_EDGE ( 'NONE', *, *, #9097, .F. ) ;
#9266 = CARTESIAN_POINT ( 'NONE',  ( -22.36067977499791581, 0.000000000000000000, -19.99999999999997868 ) ) ;
#9267 = ORIENTED_EDGE ( 'NONE', *, *, #637, .F. ) ;
#9268 = ORIENTED_EDGE ( 'NONE', *, *, #8691, .T. ) ;
#9269 = DIRECTION ( 'NONE',  ( -0.000000000000000000, 1.000000000000000000, -0.000000000000000000 ) ) ;
#9270 = CARTESIAN_POINT ( 'NONE',  ( -11.31370849898474162, -2.500000000000000000, 11.31370849898478248 ) ) ;
#9271 = LINE ( 'NONE', #792, #10325 ) ;
#9272 = PLANE ( 'NONE',  #4421 ) ;
#9273 = CARTESIAN_POINT ( 'NONE',  ( 218.3273854894824524, 3.000000000000000000, -155.0002636468325079 ) ) ;
#9274 = ORIENTED_EDGE ( 'NONE', *, *, #10372, .F. ) ;
#9275 = DIRECTION ( 'NONE',  ( 0.000000000000000000, 1.000000000000000000, 0.000000000000000000 ) ) ;
#9276 = ORIENTED_EDGE ( 'NONE', *, *, #10878, .F. ) ;
#9277 = ORIENTED_EDGE ( 'NONE', *, *, #6603, .F. ) ;
#9278 = CYLINDRICAL_SURFACE ( 'NONE', #10302, 45.00000000000000711 ) ;
#9279 = ORIENTED_EDGE ( 'NONE', *, *, #589, .F. ) ;
#9280 = EDGE_CURVE ( 'NONE', #8684, #1446, #3942, .T. ) ;
#9281 = FACE_OUTER_BOUND ( 'NONE', #7704, .T. ) ;
#9282 = DIRECTION ( 'NONE',  ( 0.000000000000000000, -0.000000000000000000, 1.000000000000000000 ) ) ;
#9283 = FACE_OUTER_BOUND ( 'NONE', #2275, .T. ) ;
#9284 = CARTESIAN_POINT ( 'NONE',  ( -7.332110811570580046E-14, 0.000000000000000000, 23.10000000000000142 ) ) ;
#9285 = CARTESIAN_POINT ( 'NONE',  ( 0.000000000000000000, 31.00000000000000355, 44.50000000000000711 ) ) ;
#9286 = EDGE_LOOP ( 'NONE', ( #2360, #8268, #779, #6594 ) ) ;
#9287 = LINE ( 'NONE', #11164, #2998 ) ;
#9288 = CARTESIAN_POINT ( 'NONE',  ( 0.000000000000000000, -2.500000000000000000, 27.24999999999998224 ) ) ;
#9289 = ORIENTED_EDGE ( 'NONE', *, *, #9595, .T. ) ;
#9290 = ADVANCED_BREP_SHAPE_REPRESENTATION ( '', ( #399, #10290 ), #7720 ) ;
#9291 = DIRECTION ( 'NONE',  ( 2.440050603571770850E-16, -0.000000000000000000, 1.000000000000000000 ) ) ;
#9292 = DIRECTION ( 'NONE',  ( 1.000000000000000000, 0.000000000000000000, -1.387778780781446662E-15 ) ) ;
#9293 = FACE_OUTER_BOUND ( 'NONE', #1009, .T. ) ;
#9294 = DIRECTION ( 'NONE',  ( -0.000000000000000000, -1.000000000000000000, 0.000000000000000000 ) ) ;
#9295 = FACE_OUTER_BOUND ( 'NONE', #4082, .T. ) ;
#9296 = ADVANCED_FACE ( 'NONE', ( #2440 ), #334, .F. ) ;
#9297 =( REPRESENTATION_RELATIONSHIP ('NONE','NONE', #9464, #10732 ) REPRESENTATION_RELATIONSHIP_WITH_TRANSFORMATION ( #12006 )SHAPE_REPRESENTATION_RELATIONSHIP( ) );
#9298 = DIRECTION ( 'NONE',  ( 0.000000000000000000, -1.000000000000000000, 0.000000000000000000 ) ) ;
#9299 = VECTOR ( 'NONE', #7670, 1000.000000000000000 ) ;
#9300 = ORIENTED_EDGE ( 'NONE', *, *, #3735, .F. ) ;
#9301 = DIRECTION ( 'NONE',  ( -0.000000000000000000, -1.000000000000000000, -0.000000000000000000 ) ) ;
#9302 = ORIENTED_EDGE ( 'NONE', *, *, #2306, .T. ) ;
#9303 = DIRECTION ( 'NONE',  ( 0.000000000000000000, 0.000000000000000000, 1.000000000000000000 ) ) ;
#9304 = CONICAL_SURFACE ( 'NONE', #1988, 45.00000000000000711, 0.7853981633974514986 ) ;
#9305 = EDGE_CURVE ( 'NONE', #11045, #11885, #4354, .T. ) ;
#9306 = VERTEX_POINT ( 'NONE', #9748 ) ;
#9307 = DIRECTION ( 'NONE',  ( 1.000000000000000000, 0.000000000000000000, 0.000000000000000000 ) ) ;
#9308 = CIRCLE ( 'NONE', #5551, 2.100000000000004530 ) ;
#9309 = AXIS2_PLACEMENT_3D ( 'NONE', #7007, #5942, #8927 ) ;
#9310 = ORIENTED_EDGE ( 'NONE', *, *, #6367, .F. ) ;
#9311 = DIRECTION ( 'NONE',  ( 0.000000000000000000, 1.000000000000000000, 0.000000000000000000 ) ) ;
#9312 = EDGE_CURVE ( 'NONE', #8267, #10938, #2179, .T. ) ;
#9313 = FILL_AREA_STYLE ('',( #2690 ) ) ;
#9314 = AXIS2_PLACEMENT_3D ( 'NONE', #12039, #8127, #1698 ) ;
#9315 = CARTESIAN_POINT ( 'NONE',  ( 0.000000000000000000, 17.80000000000000426, 0.000000000000000000 ) ) ;
#9316 = CIRCLE ( 'NONE', #11486, 75.00000000000001421 ) ;
#9317 = CIRCLE ( 'NONE', #11102, 17.00000000000000000 ) ;
#9318 = ORIENTED_EDGE ( 'NONE', *, *, #7056, .F. ) ;
#9319 =( GEOMETRIC_REPRESENTATION_CONTEXT ( 3 ) GLOBAL_UNCERTAINTY_ASSIGNED_CONTEXT ( ( #1572 ) ) GLOBAL_UNIT_ASSIGNED_CONTEXT ( ( #3005, #1160, #6610 ) ) REPRESENTATION_CONTEXT ( 'NONE', 'WORKASPACE' ) );
#9320 = EDGE_CURVE ( 'NONE', #1118, #5345, #11175, .T. ) ;
#9321 = CARTESIAN_POINT ( 'NONE',  ( -11.31370849898490150, -2.500000000000000000, -11.31370849898462261 ) ) ;
#9322 = EDGE_CURVE ( 'NONE', #8026, #4213, #11, .T. ) ;
#9323 = EDGE_LOOP ( 'NONE', ( #6091, #10406, #2389, #10743 ) ) ;
#9324 = AXIS2_PLACEMENT_3D ( 'NONE', #5699, #1927, #4778 ) ;
#9325 = ORIENTED_EDGE ( 'NONE', *, *, #1165, .F. ) ;
#9326 = CARTESIAN_POINT ( 'NONE',  ( -20.63749999999999929, 0.000000000000000000, -8.024999999999996803 ) ) ;
#9327 = DIRECTION ( 'NONE',  ( -0.000000000000000000, 0.000000000000000000, -1.000000000000000000 ) ) ;
#9328 = AXIS2_PLACEMENT_3D ( 'NONE', #1076, #5535, #11181 ) ;
#9329 = DIRECTION ( 'NONE',  ( 0.000000000000000000, 0.000000000000000000, 1.000000000000000000 ) ) ;
#9330 = CYLINDRICAL_SURFACE ( 'NONE', #1065, 44.50000000000000711 ) ;
#9331 = AXIS2_PLACEMENT_3D ( 'NONE', #9386, #4541, #6408 ) ;
#9332 = CARTESIAN_POINT ( 'NONE',  ( -0.07261451051828989034, -39.99999999999999289, 9.999736353167531178 ) ) ;
#9333 =( NAMED_UNIT ( * ) SI_UNIT ( $, .STERADIAN. ) SOLID_ANGLE_UNIT ( ) );
#9334 = AXIS2_PLACEMENT_3D ( 'NONE', #928, #6674, #2661 ) ;
#9335 = PRESENTATION_LAYER_ASSIGNMENT (  '', '', ( #9528 ) ) ;
#9336 = EDGE_CURVE ( 'NONE', #5700, #11974, #8326, .T. ) ;
#9337 = CIRCLE ( 'NONE', #6947, 1.649999999999998579 ) ;
#9338 = CIRCLE ( 'NONE', #11122, 10.00000000000000178 ) ;
#9339 = ORIENTED_EDGE ( 'NONE', *, *, #4745, .F. ) ;
#9340 = CYLINDRICAL_SURFACE ( 'NONE', #1654, 2.100000000000000977 ) ;
#9341 = ORIENTED_EDGE ( 'NONE', *, *, #7278, .T. ) ;
#9342 = EDGE_LOOP ( 'NONE', ( #7082, #4858, #2638, #6469 ) ) ;
#9343 = ORIENTED_EDGE ( 'NONE', *, *, #3684, .T. ) ;
#9344 = CARTESIAN_POINT ( 'NONE',  ( 75.00000000000001421, 20.00000000000000000, 30.00000000000000000 ) ) ;
#9345 = AXIS2_PLACEMENT_3D ( 'NONE', #1950, #2193, #1280 ) ;
#9346 = AXIS2_PLACEMENT_3D ( 'NONE', #9804, #6764, #381 ) ;
#9347 = DIRECTION ( 'NONE',  ( 1.000000000000000000, 0.000000000000000000, 0.000000000000000000 ) ) ;
#9348 = DIRECTION ( 'NONE',  ( -0.000000000000000000, -1.000000000000000000, -0.000000000000000000 ) ) ;
#9349 = CIRCLE ( 'NONE', #7170, 41.00000000000000000 ) ;
#9350 = AXIS2_PLACEMENT_3D ( 'NONE', #1001, #3894, #184 ) ;
#9351 = DIRECTION ( 'NONE',  ( 0.000000000000000000, 1.000000000000000000, -0.000000000000000000 ) ) ;
#9352 = EDGE_CURVE ( 'NONE', #615, #9613, #11695, .T. ) ;
#9353 = LINE ( 'NONE', #879, #2769 ) ;
#9354 = AXIS2_PLACEMENT_3D ( 'NONE', #11859, #3359, #9822 ) ;
#9355 = AXIS2_PLACEMENT_3D ( 'NONE', #11693, #10515, #114 ) ;
#9356 = ORIENTED_EDGE ( 'NONE', *, *, #5520, .T. ) ;
#9357 = AXIS2_PLACEMENT_3D ( 'NONE', #4280, #4471, #8062 ) ;
#9358 = DIRECTION ( 'NONE',  ( 0.000000000000000000, 1.000000000000000000, -0.000000000000000000 ) ) ;
#9359 = ORIENTED_EDGE ( 'NONE', *, *, #10512, .F. ) ;
#9360 = ORIENTED_EDGE ( 'NONE', *, *, #9174, .F. ) ;
#9361 = AXIS2_PLACEMENT_3D ( 'NONE', #3566, #8226, #11148 ) ;
#9362 =( NAMED_UNIT ( * ) PLANE_ANGLE_UNIT ( ) SI_UNIT ( $, .RADIAN. ) );
#9363 = CARTESIAN_POINT ( 'NONE',  ( -30.00000000000000000, -63.24555320336758513, -10.00000000000000000 ) ) ;
#9364 = FACE_OUTER_BOUND ( 'NONE', #11394, .T. ) ;
#9365 = DIRECTION ( 'NONE',  ( 0.000000000000000000, 1.000000000000000000, 0.000000000000000000 ) ) ;
#9366 = LINE ( 'NONE', #889, #9106 ) ;
#9367 = CIRCLE ( 'NONE', #10156, 2.000000000000000000 ) ;
#9368 = LINE ( 'NONE', #8546, #11391 ) ;
#9369 = AXIS2_PLACEMENT_3D ( 'NONE', #7287, #11073, #11823 ) ;
#9370 = CARTESIAN_POINT ( 'NONE',  ( -75.00000000000000000, 0.000000000000000000, -10.00000000000000178 ) ) ;
#9371 = ORIENTED_EDGE ( 'NONE', *, *, #1302, .T. ) ;
#9372 = EDGE_CURVE ( 'NONE', #12100, #2177, #11051, .T. ) ;
#9373 = DIRECTION ( 'NONE',  ( 0.000000000000000000, 0.000000000000000000, 1.000000000000000000 ) ) ;
#9374 = ORIENTED_EDGE ( 'NONE', *, *, #10298, .F. ) ;
#9375 = FACE_OUTER_BOUND ( 'NONE', #9145, .T. ) ;
#9376 = VECTOR ( 'NONE', #8582, 1000.000000000000000 ) ;
#9377 = LINE ( 'NONE', #2454, #1395 ) ;
#9378 = EDGE_CURVE ( 'NONE', #7425, #390, #7317, .T. ) ;
#9379 = ORIENTED_EDGE ( 'NONE', *, *, #8395, .T. ) ;
#9380 = DIRECTION ( 'NONE',  ( -0.000000000000000000, -1.000000000000000000, -0.000000000000000000 ) ) ;
#9381 = VERTEX_POINT ( 'NONE', #582 ) ;
#9382 = LINE ( 'NONE', #1994, #2284 ) ;
#9383 = SURFACE_STYLE_USAGE ( .BOTH. , #6406 ) ;
#9384 = VECTOR ( 'NONE', #2533, 1000.000000000000000 ) ;
#9385 = EDGE_CURVE ( 'NONE', #6539, #11078, #12099, .T. ) ;
#9386 = CARTESIAN_POINT ( 'NONE',  ( 0.000000000000000000, 0.000000000000000000, 8.000000000000000000 ) ) ;
#9387 = EDGE_CURVE ( 'NONE', #4086, #8213, #2681, .T. ) ;
#9388 = ORIENTED_EDGE ( 'NONE', *, *, #891, .F. ) ;
#9389 = LINE ( 'NONE', #7458, #423 ) ;
#9390 = ADVANCED_FACE ( 'NONE', ( #826 ), #7208, .F. ) ;
#9391 = ORIENTED_EDGE ( 'NONE', *, *, #4319, .T. ) ;
#9392 = CIRCLE ( 'NONE', #1874, 99.99999999999997158 ) ;
#9393 = ORIENTED_EDGE ( 'NONE', *, *, #1357, .T. ) ;
#9394 = DIRECTION ( 'NONE',  ( -0.000000000000000000, -1.000000000000000000, -0.000000000000000000 ) ) ;
#9395 = DIRECTION ( 'NONE',  ( -1.000000000000000000, 0.000000000000000000, 0.000000000000000000 ) ) ;
#9396 = CARTESIAN_POINT ( 'NONE',  ( 0.000000000000000000, 0.000000000000000000, 6.300000000000000711 ) ) ;
#9397 = ADVANCED_FACE ( 'NONE', ( #3535 ), #9197, .F. ) ;
#9398 = ADVANCED_FACE ( 'NONE', ( #11987 ), #10184, .T. ) ;
#9399 = CARTESIAN_POINT ( 'NONE',  ( 0.000000000000000000, 2.200000000000021494, 45.00000000000000711 ) ) ;
#9400 = CARTESIAN_POINT ( 'NONE',  ( 0.000000000000000000, 13.40000000000000213, 0.000000000000000000 ) ) ;
#9401 =( NAMED_UNIT ( * ) SI_UNIT ( $, .STERADIAN. ) SOLID_ANGLE_UNIT ( ) );
#9402 = CIRCLE ( 'NONE', #4038, 35.00000000000000000 ) ;
#9403 = EDGE_LOOP ( 'NONE', ( #1587, #9717, #4597, #9274 ) ) ;
#9404 = FACE_OUTER_BOUND ( 'NONE', #5157, .T. ) ;
#9405 = ORIENTED_EDGE ( 'NONE', *, *, #1292, .T. ) ;
#9406 = ORIENTED_EDGE ( 'NONE', *, *, #498, .F. ) ;
#9407 = DIRECTION ( 'NONE',  ( 0.05124355444299508178, -0.9986861860104242483, 5.793976409762535695E-15 ) ) ;
#9408 = VERTEX_POINT ( 'NONE', #11229 ) ;
#9409 = DIRECTION ( 'NONE',  ( 0.000000000000000000, 1.000000000000000000, 0.000000000000000000 ) ) ;
#9410 = AXIS2_PLACEMENT_3D ( 'NONE', #7238, #8044, #5319 ) ;
#9411 = LINE ( 'NONE', #6435, #4779 ) ;
#9412 = EDGE_CURVE ( 'NONE', #10797, #1755, #7925, .T. ) ;
#9413 = CARTESIAN_POINT ( 'NONE',  ( 0.000000000000000000, 0.000000000000000000, 8.000000000000000000 ) ) ;
#9414 = DIRECTION ( 'NONE',  ( -0.000000000000000000, 1.000000000000000000, -0.000000000000000000 ) ) ;
#9415 = VECTOR ( 'NONE', #4337, 1000.000000000000000 ) ;
#9416 = ORIENTED_EDGE ( 'NONE', *, *, #6255, .F. ) ;
#9417 = CARTESIAN_POINT ( 'NONE',  ( 5.510910596163090344E-15, 13.40000000000000213, 45.00000000000000711 ) ) ;
#9418 = ORIENTED_EDGE ( 'NONE', *, *, #5718, .T. ) ;
#9419 = CARTESIAN_POINT ( 'NONE',  ( -46.89999999999999147, 10.00000000000000000, 9.999999999999989342 ) ) ;
#9420 = ORIENTED_EDGE ( 'NONE', *, *, #6228, .F. ) ;
#9421 = VERTEX_POINT ( 'NONE', #9065 ) ;
#9422 =( NAMED_UNIT ( * ) PLANE_ANGLE_UNIT ( ) SI_UNIT ( $, .RADIAN. ) );
#9423 = LINE ( 'NONE', #2978, #3186 ) ;
#9424 = AXIS2_PLACEMENT_3D ( 'NONE', #4322, #11373, #3865 ) ;
#9425 = FACE_OUTER_BOUND ( 'NONE', #467, .T. ) ;
#9426 = FACE_BOUND ( 'NONE', #10489, .T. ) ;
#9427 = DIRECTION ( 'NONE',  ( -0.000000000000000000, 1.000000000000000000, -0.000000000000000000 ) ) ;
#9428 = DIRECTION ( 'NONE',  ( 0.000000000000000000, 0.000000000000000000, 1.000000000000000000 ) ) ;
#9429 = CARTESIAN_POINT ( 'NONE',  ( -5.000000000000000888, 0.000000000000000000, 0.000000000000000000 ) ) ;
#9430 = AXIS2_PLACEMENT_3D ( 'NONE', #276, #1206, #6030 ) ;
#9431 = CARTESIAN_POINT ( 'NONE',  ( -91.00000000000001421, 10.00000000000000000, -9.999999999999975131 ) ) ;
#9432 = EDGE_LOOP ( 'NONE', ( #8260, #7654, #2082, #7284 ) ) ;
#9433 = LINE ( 'NONE', #4718, #11722 ) ;
#9434 = DIRECTION ( 'NONE',  ( 0.000000000000000000, 0.000000000000000000, 1.000000000000000000 ) ) ;
#9435 = ORIENTED_EDGE ( 'NONE', *, *, #3351, .F. ) ;
#9436 = DIRECTION ( 'NONE',  ( 0.000000000000000000, 0.000000000000000000, -1.000000000000000000 ) ) ;
#9437 = CARTESIAN_POINT ( 'NONE',  ( 0.000000000000000000, 20.00000000000000000, 44.50000000000000711 ) ) ;
#9438 = ORIENTED_EDGE ( 'NONE', *, *, #2900, .T. ) ;
#9439 = EDGE_CURVE ( 'NONE', #6129, #11285, #10116, .T. ) ;
#9440 = CARTESIAN_POINT ( 'NONE',  ( 18.73499399519520381, 34.20000000000000284, -4.999999999999994671 ) ) ;
#9441 = LINE ( 'NONE', #7274, #8755 ) ;
#9442 = EDGE_CURVE ( 'NONE', #6233, #499, #6344, .T. ) ;
#9443 = CARTESIAN_POINT ( 'NONE',  ( 23.00000000000000000, 34.20000000000000284, 5.000000000000000000 ) ) ;
#9444 = ORIENTED_EDGE ( 'NONE', *, *, #977, .T. ) ;
#9445 = CARTESIAN_POINT ( 'NONE',  ( 0.000000000000000000, 20.00000000000000000, 0.000000000000000000 ) ) ;
#9446 = EDGE_LOOP ( 'NONE', ( #3679, #3906, #6478, #1335 ) ) ;
#9447 = ORIENTED_EDGE ( 'NONE', *, *, #2368, .F. ) ;
#9448 = CARTESIAN_POINT ( 'NONE',  ( 138.3273854894816566, 3.000000000000000000, -380.0002636468323658 ) ) ;
#9449 = CARTESIAN_POINT ( 'NONE',  ( 0.000000000000000000, 0.000000000000000000, 0.000000000000000000 ) ) ;
#9450 = CARTESIAN_POINT ( 'NONE',  ( -93.75000000000008527, 0.000000000000000000, -9.999999999999976907 ) ) ;
#9451 = DIRECTION ( 'NONE',  ( 0.000000000000000000, 0.000000000000000000, 1.000000000000000000 ) ) ;
#9452 = CARTESIAN_POINT ( 'NONE',  ( -18.73499399519520381, 34.20000000000000284, -6.999999999999999112 ) ) ;
#9453 = ADVANCED_FACE ( 'NONE', ( #3605 ), #11919, .F. ) ;
#9454 = CARTESIAN_POINT ( 'NONE',  ( 0.000000000000000000, 20.00000000000000000, -10.00000000000000000 ) ) ;
#9455 = ORIENTED_EDGE ( 'NONE', *, *, #10030, .F. ) ;
#9456 = DIRECTION ( 'NONE',  ( -0.000000000000000000, 1.000000000000000000, -0.000000000000000000 ) ) ;
#9457 = EDGE_LOOP ( 'NONE', ( #11819, #9814, #11201, #10556 ) ) ;
#9458 = EDGE_CURVE ( 'NONE', #5715, #10507, #8305, .T. ) ;
#9459 = ORIENTED_EDGE ( 'NONE', *, *, #8708, .T. ) ;
#9460 = EDGE_CURVE ( 'NONE', #10062, #11223, #5417, .T. ) ;
#9461 = ORIENTED_EDGE ( 'NONE', *, *, #6702, .T. ) ;
#9462 = DIRECTION ( 'NONE',  ( 1.000000000000000000, -0.000000000000000000, 2.037426901315041899E-16 ) ) ;
#9463 = CYLINDRICAL_SURFACE ( 'NONE', #10315, 5.999999999999999112 ) ;
#9464 = SHAPE_REPRESENTATION ( 'Link3', ( #7918, #11289, #6338, #2968, #8123, #3165, #9913, #11884, #6735, #7519, #4156, #7335, #6926, #4761, #9707, #623, #1008, #3758, #11488, #10690 ), #9319 ) ;
#9465 = DIRECTION ( 'NONE',  ( 0.000000000000000000, -1.000000000000000000, 0.000000000000000000 ) ) ;
#9466 = EDGE_CURVE ( 'NONE', #4192, #9182, #775, .T. ) ;
#9467 = CARTESIAN_POINT ( 'NONE',  ( 4.999999999999999112, 6.123233995736765296E-16, 101.8499999999999943 ) ) ;
#9468 = CARTESIAN_POINT ( 'NONE',  ( -75.00000000000000000, -134.1640786499874025, -10.00000000000000178 ) ) ;
#9469 = ORIENTED_EDGE ( 'NONE', *, *, #4447, .F. ) ;
#9470 = LINE ( 'NONE', #3020, #5407 ) ;
#9471 = ADVANCED_FACE ( 'NONE', ( #10538 ), #20, .T. ) ;
#9472 = EDGE_LOOP ( 'NONE', ( #7262, #8072, #2947, #1017, #2806, #5362, #12030, #6841 ) ) ;
#9473 = ADVANCED_FACE ( 'NONE', ( #9554 ), #8432, .T. ) ;
#9474 = ORIENTED_EDGE ( 'NONE', *, *, #5245, .F. ) ;
#9475 = CARTESIAN_POINT ( 'NONE',  ( -113.7500000000000853, 20.00000000000000000, -9.999999999999971578 ) ) ;
#9476 = DIRECTION ( 'NONE',  ( 0.000000000000000000, 0.000000000000000000, 1.000000000000000000 ) ) ;
#9477 = FACE_BOUND ( 'NONE', #2314, .T. ) ;
#9478 = DIRECTION ( 'NONE',  ( -0.000000000000000000, 1.000000000000000000, -0.000000000000000000 ) ) ;
#9479 = CYLINDRICAL_SURFACE ( 'NONE', #4865, 30.00000000000000000 ) ;
#9480 = DIRECTION ( 'NONE',  ( 1.000000000000000000, 0.000000000000000000, 0.000000000000000000 ) ) ;
#9481 = DIRECTION ( 'NONE',  ( 0.000000000000000000, 0.000000000000000000, -1.000000000000000000 ) ) ;
#9482 = EDGE_LOOP ( 'NONE', ( #7399, #2820, #11242, #8163 ) ) ;
#9483 = FACE_OUTER_BOUND ( 'NONE', #7157, .T. ) ;
#9484 = EDGE_CURVE ( 'NONE', #4124, #11684, #3765, .T. ) ;
#9485 = CARTESIAN_POINT ( 'NONE',  ( 0.000000000000000000, 16.00000000000000000, -75.00000000000001421 ) ) ;
#9486 = EDGE_LOOP ( 'NONE', ( #1847, #6504, #335, #10841 ) ) ;
#9487 = CARTESIAN_POINT ( 'NONE',  ( 75.00000000000000000, 0.000000000000000000, -10.00000000000000178 ) ) ;
#9488 = DIRECTION ( 'NONE',  ( -0.000000000000000000, -1.000000000000000000, -0.000000000000000000 ) ) ;
#9489 = VERTEX_POINT ( 'NONE', #2846 ) ;
#9490 = FACE_OUTER_BOUND ( 'NONE', #3689, .T. ) ;
#9491 = VECTOR ( 'NONE', #769, 1000.000000000000000 ) ;
#9492 = CYLINDRICAL_SURFACE ( 'NONE', #6580, 2.100000000000000533 ) ;
#9493 = CARTESIAN_POINT ( 'NONE',  ( 138.3273854894824240, -43.00000000000000000, -89.99973635316756315 ) ) ;
#9494 = ORIENTED_EDGE ( 'NONE', *, *, #11537, .T. ) ;
#9495 = DIRECTION ( 'NONE',  ( 0.000000000000000000, 0.000000000000000000, 1.000000000000000000 ) ) ;
#9496 = EDGE_CURVE ( 'NONE', #10616, #7220, #827, .T. ) ;
#9497 = CIRCLE ( 'NONE', #4144, 2.499999999999998668 ) ;
#9498 = VECTOR ( 'NONE', #8890, 1000.000000000000000 ) ;
#9499 = UNCERTAINTY_MEASURE_WITH_UNIT (LENGTH_MEASURE( 1.000000000000000082E-05 ), #2940, 'distance_accuracy_value', 'NONE');
#9500 = ORIENTED_EDGE ( 'NONE', *, *, #773, .F. ) ;
#9501 = DIRECTION ( 'NONE',  ( 4.625929269271489858E-16, 0.000000000000000000, -1.000000000000000000 ) ) ;
#9502 = PRODUCT_DEFINITION_SHAPE ( 'NONE', 'NONE',  #3379 ) ;
#9503 = ORIENTED_EDGE ( 'NONE', *, *, #9305, .F. ) ;
#9504 = DIRECTION ( 'NONE',  ( -1.000000000000000000, 0.000000000000000000, -0.000000000000000000 ) ) ;
#9505 = AXIS2_PLACEMENT_3D ( 'NONE', #6946, #3296, #11610 ) ;
#9506 =( LENGTH_UNIT ( ) NAMED_UNIT ( * ) SI_UNIT ( .MILLI., .METRE. ) );
#9507 = DIRECTION ( 'NONE',  ( -0.000000000000000000, 1.000000000000000000, -0.000000000000000000 ) ) ;
#9508 = DIRECTION ( 'NONE',  ( -0.000000000000000000, -1.000000000000000000, -0.000000000000000000 ) ) ;
#9509 = CARTESIAN_POINT ( 'NONE',  ( -5.000000000000000888, 0.000000000000000000, 0.000000000000000000 ) ) ;
#9510 = AXIS2_PLACEMENT_3D ( 'NONE', #4291, #6403, #11856 ) ;
#9511 = AXIS2_PLACEMENT_3D ( 'NONE', #806, #10167, #10226 ) ;
#9512 = PRODUCT_DEFINITION_FORMATION_WITH_SPECIFIED_SOURCE ( 'ANY', '', #2865, .NOT_KNOWN. ) ;
#9513 = DIRECTION ( 'NONE',  ( 0.000000000000000000, 1.000000000000000000, 0.000000000000000000 ) ) ;
#9514 = AXIS2_PLACEMENT_3D ( 'NONE', #894, #6, #5823 ) ;
#9515 = ORIENTED_EDGE ( 'NONE', *, *, #5472, .F. ) ;
#9516 = CARTESIAN_POINT ( 'NONE',  ( 0.000000000000000000, 12.00000000000000000, 0.000000000000000000 ) ) ;
#9517 = ORIENTED_EDGE ( 'NONE', *, *, #7459, .F. ) ;
#9518 = EDGE_LOOP ( 'NONE', ( #1263, #5288, #7264, #8699 ) ) ;
#9519 = AXIS2_PLACEMENT_3D ( 'NONE', #10726, #4904, #7008 ) ;
#9520 = AXIS2_PLACEMENT_3D ( 'NONE', #7885, #1530, #8144 ) ;
#9521 = CARTESIAN_POINT ( 'NONE',  ( 229.2000000000399211, -3.960343086225778179E-12, -99.99999999999647571 ) ) ;
#9522 = EDGE_CURVE ( 'NONE', #3817, #5120, #8712, .T. ) ;
#9523 = EDGE_LOOP ( 'NONE', ( #6595, #1825, #12003, #348 ) ) ;
#9524 = CARTESIAN_POINT ( 'NONE',  ( -14.84924240491737102, 20.00000000000000000, -14.84924240491763392 ) ) ;
#9525 = DIRECTION ( 'NONE',  ( -0.000000000000000000, 1.000000000000000000, -0.000000000000000000 ) ) ;
#9526 = CIRCLE ( 'NONE', #4971, 33.12659406584553068 ) ;
#9527 = DIRECTION ( 'NONE',  ( 0.000000000000000000, -1.000000000000000000, 0.000000000000000000 ) ) ;
#9528 = STYLED_ITEM ( 'NONE', ( #2133 ), #457 ) ;
#9529 = LINE ( 'NONE', #8529, #6798 ) ;
#9530 = AXIS2_PLACEMENT_3D ( 'NONE', #6742, #10639, #1241 ) ;
#9531 = AXIS2_PLACEMENT_3D ( 'NONE', #10738, #1331, #584 ) ;
#9532 = EDGE_CURVE ( 'NONE', #11704, #9587, #2400, .T. ) ;
#9533 = EDGE_LOOP ( 'NONE', ( #2208, #7075 ) ) ;
#9534 = ORIENTED_EDGE ( 'NONE', *, *, #1742, .F. ) ;
#9535 = PLANE ( 'NONE',  #2438 ) ;
#9536 = APPLICATION_CONTEXT ( 'automotive_design' ) ;
#9537 = VERTEX_POINT ( 'NONE', #7735 ) ;
#9538 = ORIENTED_EDGE ( 'NONE', *, *, #2866, .F. ) ;
#9539 = AXIS2_PLACEMENT_3D ( 'NONE', #5186, #8896, #551 ) ;
#9540 = VECTOR ( 'NONE', #8293, 1000.000000000000000 ) ;
#9541 = EDGE_CURVE ( 'NONE', #3884, #2652, #1012, .T. ) ;
#9542 = LINE ( 'NONE', #11586, #11309 ) ;
#9543 = CIRCLE ( 'NONE', #7751, 35.00000000000000000 ) ;
#9544 = FACE_OUTER_BOUND ( 'NONE', #6287, .T. ) ;
#9545 = CARTESIAN_POINT ( 'NONE',  ( -90.00000000000000000, 0.000000000000000000, -9.999999999999996447 ) ) ;
#9546 = DIRECTION ( 'NONE',  ( 0.000000000000000000, 0.000000000000000000, 1.000000000000000000 ) ) ;
#9547 = CYLINDRICAL_SURFACE ( 'NONE', #10803, 5.000000000000000000 ) ;
#9548 = ADVANCED_FACE ( 'NONE', ( #1128 ), #11532, .F. ) ;
#9549 = FACE_OUTER_BOUND ( 'NONE', #10834, .T. ) ;
#9550 = EDGE_CURVE ( 'NONE', #3511, #3256, #10293, .T. ) ;
#9551 = VECTOR ( 'NONE', #4540, 1000.000000000000000 ) ;
#9552 = AXIS2_PLACEMENT_3D ( 'NONE', #8052, #5271, #6118 ) ;
#9553 = CIRCLE ( 'NONE', #6971, 16.00000000000000000 ) ;
#9554 = FACE_OUTER_BOUND ( 'NONE', #9210, .T. ) ;
#9555 = VECTOR ( 'NONE', #12066, 1000.000000000000000 ) ;
#9556 = VERTEX_POINT ( 'NONE', #1806 ) ;
#9557 = CARTESIAN_POINT ( 'NONE',  ( -7.332110811570580046E-14, -5.939696961967007027, 21.00000000000000000 ) ) ;
#9558 = PRESENTATION_STYLE_ASSIGNMENT (( #6757 ) ) ;
#9559 = VERTEX_POINT ( 'NONE', #4844 ) ;
#9560 = LINE ( 'NONE', #9487, #7326 ) ;
#9561 = CARTESIAN_POINT ( 'NONE',  ( 0.000000000000000000, 27.60000000000000142, 0.000000000000000000 ) ) ;
#9562 = CONICAL_SURFACE ( 'NONE', #470, 27.24999999999998224, 0.7853981633974463916 ) ;
#9563 = AXIS2_PLACEMENT_3D ( 'NONE', #11526, #5026, #311 ) ;
#9564 = ORIENTED_EDGE ( 'NONE', *, *, #2776, .T. ) ;
#9565 = CARTESIAN_POINT ( 'NONE',  ( -21.00000000000000000, 0.000000000000000000, -2.100000000000146638 ) ) ;
#9566 = AXIS2_PLACEMENT_3D ( 'NONE', #6480, #8641, #44 ) ;
#9567 = DIRECTION ( 'NONE',  ( -0.000000000000000000, 1.000000000000000000, -0.000000000000000000 ) ) ;
#9568 = DIRECTION ( 'NONE',  ( 0.000000000000000000, 1.224646799147353207E-16, 1.000000000000000000 ) ) ;
#9569 = VECTOR ( 'NONE', #8222, 1000.000000000000000 ) ;
#9570 = ORIENTED_EDGE ( 'NONE', *, *, #5292, .T. ) ;
#9571 = CARTESIAN_POINT ( 'NONE',  ( 238.3273854894817134, -43.00000000000000000, -275.0002636468324795 ) ) ;
#9572 = ORIENTED_EDGE ( 'NONE', *, *, #2354, .T. ) ;
#9573 = DIRECTION ( 'NONE',  ( 0.000000000000000000, 0.000000000000000000, 1.000000000000000000 ) ) ;
#9574 = ORIENTED_EDGE ( 'NONE', *, *, #9378, .F. ) ;
#9575 = DIRECTION ( 'NONE',  ( 0.000000000000000000, 0.000000000000000000, 1.000000000000000000 ) ) ;
#9576 = PLANE ( 'NONE',  #6607 ) ;
#9577 = DIRECTION ( 'NONE',  ( 0.000000000000000000, 0.000000000000000000, 1.000000000000000000 ) ) ;
#9578 = VECTOR ( 'NONE', #4103, 1000.000000000000000 ) ;
#9579 = CARTESIAN_POINT ( 'NONE',  ( 0.000000000000000000, 20.00000000000000000, 0.000000000000000000 ) ) ;
#9580 = EDGE_CURVE ( 'NONE', #5984, #2699, #5590, .T. ) ;
#9581 = DIRECTION ( 'NONE',  ( -1.445602896647339114E-15, 0.000000000000000000, -1.000000000000000000 ) ) ;
#9582 = AXIS2_PLACEMENT_3D ( 'NONE', #5212, #9235, #8288 ) ;
#9583 = VERTEX_POINT ( 'NONE', #7674 ) ;
#9584 = EDGE_CURVE ( 'NONE', #8001, #4050, #3577, .T. ) ;
#9585 = DIRECTION ( 'NONE',  ( 0.000000000000000000, 0.000000000000000000, 1.000000000000000000 ) ) ;
#9586 = ORIENTED_EDGE ( 'NONE', *, *, #2476, .T. ) ;
#9587 = VERTEX_POINT ( 'NONE', #1982 ) ;
#9588 = DIRECTION ( 'NONE',  ( 1.000000000000000000, 1.278163743185159187E-16, 1.112434834177532440E-13 ) ) ;
#9589 = VERTEX_POINT ( 'NONE', #8485 ) ;
#9590 = CARTESIAN_POINT ( 'NONE',  ( 11.31370849898465991, 7.066904755831209251, -9.663708498984860285 ) ) ;
#9591 = DIRECTION ( 'NONE',  ( 0.000000000000000000, 0.000000000000000000, 1.000000000000000000 ) ) ;
#9592 = EDGE_CURVE ( 'NONE', #7706, #11255, #4657, .T. ) ;
#9593 = CARTESIAN_POINT ( 'NONE',  ( 7.715274834628326364E-16, 20.21909088590100367, 6.300000000000000711 ) ) ;
#9594 = STYLED_ITEM ( 'NONE', ( #6173 ), #4461 ) ;
#9595 = EDGE_CURVE ( 'NONE', #6442, #10047, #9712, .T. ) ;
#9596 = ORIENTED_EDGE ( 'NONE', *, *, #4729, .T. ) ;
#9597 = ORIENTED_EDGE ( 'NONE', *, *, #7115, .T. ) ;
#9598 = CARTESIAN_POINT ( 'NONE',  ( 0.000000000000000000, 20.00000000000000000, -30.00000000000000000 ) ) ;
#9599 = EDGE_LOOP ( 'NONE', ( #7035, #8464, #7505, #6362 ) ) ;
#9600 = VERTEX_POINT ( 'NONE', #2902 ) ;
#9601 = AXIS2_PLACEMENT_3D ( 'NONE', #5621, #11376, #8456 ) ;
#9602 = ORIENTED_EDGE ( 'NONE', *, *, #4498, .T. ) ;
#9603 = CARTESIAN_POINT ( 'NONE',  ( 0.07261451051828989034, 3.000000000000000000, -9.999736353167531178 ) ) ;
#9604 = EDGE_CURVE ( 'NONE', #4727, #11817, #11294, .T. ) ;
#9605 = CARTESIAN_POINT ( 'NONE',  ( 0.000000000000000000, 0.000000000000000000, 0.000000000000000000 ) ) ;
#9606 = DIRECTION ( 'NONE',  ( 6.446430439548137349E-17, 0.000000000000000000, -1.000000000000000000 ) ) ;
#9607 = DIRECTION ( 'NONE',  ( -2.745056929018243809E-16, -0.000000000000000000, -1.000000000000000000 ) ) ;
#9608 = VECTOR ( 'NONE', #3415, 1000.000000000000000 ) ;
#9609 = LINE ( 'NONE', #10592, #4265 ) ;
#9610 = CARTESIAN_POINT ( 'NONE',  ( 14.84924240491747582, 0.000000000000000000, 12.74924240491752592 ) ) ;
#9611 = ADVANCED_FACE ( 'NONE', ( #2784 ), #129, .F. ) ;
#9612 = CARTESIAN_POINT ( 'NONE',  ( 4.399999999999997691, 0.000000000000000000, 0.000000000000000000 ) ) ;
#9613 = VERTEX_POINT ( 'NONE', #1873 ) ;
#9614 = DIRECTION ( 'NONE',  ( -1.000000000000000000, 0.000000000000000000, -3.590534112833708514E-16 ) ) ;
#9615 = FACE_OUTER_BOUND ( 'NONE', #8254, .T. ) ;
#9616 = VECTOR ( 'NONE', #7671, 1000.000000000000000 ) ;
#9617 = VERTEX_POINT ( 'NONE', #5650 ) ;
#9618 = DIRECTION ( 'NONE',  ( 1.000000000000000000, 0.000000000000000000, 0.000000000000000000 ) ) ;
#9619 = ADVANCED_FACE ( 'NONE', ( #7559 ), #11595, .T. ) ;
#9620 = CARTESIAN_POINT ( 'NONE',  ( 0.000000000000000000, 20.00000000000000000, -10.00000000000000000 ) ) ;
#9621 = EDGE_LOOP ( 'NONE', ( #5843, #2451, #880, #7901 ) ) ;
#9622 = DIRECTION ( 'NONE',  ( -2.075183223598423177E-16, -0.000000000000000000, 1.000000000000000000 ) ) ;
#9623 = CARTESIAN_POINT ( 'NONE',  ( -120.2500000000000142, 0.000000000000000000, 20.00000000000002132 ) ) ;
#9624 = VECTOR ( 'NONE', #7953, 1000.000000000000000 ) ;
#9625 = EDGE_CURVE ( 'NONE', #6195, #5984, #3368, .T. ) ;
#9626 = CARTESIAN_POINT ( 'NONE',  ( -25.00000000000000000, 29.80000000000000426, -3.000000000000000000 ) ) ;
#9627 = ORIENTED_EDGE ( 'NONE', *, *, #10001, .T. ) ;
#9628 = CARTESIAN_POINT ( 'NONE',  ( -0.07261451051832458481, 3.000000000000000000, -380.0002636468324226 ) ) ;
#9629 = UNCERTAINTY_MEASURE_WITH_UNIT (LENGTH_MEASURE( 1.000000000000000082E-05 ), #11490, 'distance_accuracy_value', 'NONE');
#9630 = ORIENTED_EDGE ( 'NONE', *, *, #1662, .T. ) ;
#9631 = EDGE_CURVE ( 'NONE', #1774, #11449, #7001, .T. ) ;
#9632 = FACE_OUTER_BOUND ( 'NONE', #7825, .T. ) ;
#9633 = CIRCLE ( 'NONE', #3063, 6.299999999999999822 ) ;
#9634 = ORIENTED_EDGE ( 'NONE', *, *, #2432, .F. ) ;
#9635 =( REPRESENTATION_RELATIONSHIP ('NONE','NONE', #9464, #541 ) REPRESENTATION_RELATIONSHIP_WITH_TRANSFORMATION ( #8154 )SHAPE_REPRESENTATION_RELATIONSHIP( ) );
#9636 = DIRECTION ( 'NONE',  ( -0.000000000000000000, 1.000000000000000000, -0.000000000000000000 ) ) ;
#9637 = CARTESIAN_POINT ( 'NONE',  ( 138.3273854894816566, 3.000000000000000000, -380.0002636468323658 ) ) ;
#9638 = CARTESIAN_POINT ( 'NONE',  ( 6.299999999999998046, 29.80000000000000426, 16.86149459567567632 ) ) ;
#9639 = CARTESIAN_POINT ( 'NONE',  ( 14.84924240491747582, 0.000000000000000000, 14.84924240491752556 ) ) ;
#9640 = SHAPE_REPRESENTATION_RELATIONSHIP ( 'NONE' , 'NONE' ,  #2338, #11508 ) ;
#9641 = EDGE_LOOP ( 'NONE', ( #9872, #11571, #7859, #9289 ) ) ;
#9642 = PRODUCT_DEFINITION_CONTEXT ( 'detailed design', #3294, 'design' ) ;
#9643 = FACE_OUTER_BOUND ( 'NONE', #11023, .T. ) ;
#9644 = EDGE_CURVE ( 'NONE', #9971, #11174, #5941, .T. ) ;
#9645 = VERTEX_POINT ( 'NONE', #315 ) ;
#9646 = ORIENTED_EDGE ( 'NONE', *, *, #5351, .F. ) ;
#9647 = CARTESIAN_POINT ( 'NONE',  ( 4.739396268315238643E-11, -1.851590831258397079E-12, -170.7500000000224532 ) ) ;
#9648 = ORIENTED_EDGE ( 'NONE', *, *, #6585, .T. ) ;
#9649 = LINE ( 'NONE', #2087, #4391 ) ;
#9650 = DIRECTION ( 'NONE',  ( 0.000000000000000000, 0.000000000000000000, 1.000000000000000000 ) ) ;
#9651 = LINE ( 'NONE', #6850, #871 ) ;
#9652 = CARTESIAN_POINT ( 'NONE',  ( -22.36067977499791581, 0.000000000000000000, -19.99999999999997868 ) ) ;
#9653 = EDGE_LOOP ( 'NONE', ( #6904, #2357, #9797, #8939 ) ) ;
#9654 = FACE_BOUND ( 'NONE', #10626, .T. ) ;
#9655 = ADVANCED_FACE ( 'NONE', ( #3087 ), #8799, .T. ) ;
#9656 = EDGE_LOOP ( 'NONE', ( #10332, #9379, #2125, #149 ) ) ;
#9657 = ORIENTED_EDGE ( 'NONE', *, *, #6543, .T. ) ;
#9658 = ORIENTED_EDGE ( 'NONE', *, *, #6465, .F. ) ;
#9659 = DIRECTION ( 'NONE',  ( -0.000000000000000000, -1.000000000000000000, -0.000000000000000000 ) ) ;
#9660 = DIRECTION ( 'NONE',  ( -0.000000000000000000, 1.000000000000000000, -0.000000000000000000 ) ) ;
#9661 = CARTESIAN_POINT ( 'NONE',  ( -4.399999999999999467, 0.000000000000000000, 0.000000000000000000 ) ) ;
#9662 = CARTESIAN_POINT ( 'NONE',  ( -75.00000000000000000, 20.00000000000000000, -10.00000000000000178 ) ) ;
#9663 = DIRECTION ( 'NONE',  ( -1.000000000000000000, 0.000000000000000000, -2.312964634635742895E-17 ) ) ;
#9664 = DIRECTION ( 'NONE',  ( -0.000000000000000000, -1.000000000000000000, -0.000000000000000000 ) ) ;
#9665 = ORIENTED_EDGE ( 'NONE', *, *, #9768, .T. ) ;
#9666 = FACE_OUTER_BOUND ( 'NONE', #8587, .T. ) ;
#9667 = DIRECTION ( 'NONE',  ( -0.000000000000000000, -0.000000000000000000, -1.000000000000000000 ) ) ;
#9668 = VERTEX_POINT ( 'NONE', #5142 ) ;
#9669 = DIRECTION ( 'NONE',  ( 0.000000000000000000, -0.000000000000000000, 1.000000000000000000 ) ) ;
#9670 = CYLINDRICAL_SURFACE ( 'NONE', #11296, 40.00000000000000000 ) ;
#9671 = ADVANCED_FACE ( 'NONE', ( #4078 ), #6927, .F. ) ;
#9672 = ORIENTED_EDGE ( 'NONE', *, *, #12222, .T. ) ;
#9673 = CARTESIAN_POINT ( 'NONE',  ( -5.000000000000001776, 29.80000000000000426, -18.73499399519520026 ) ) ;
#9674 = CARTESIAN_POINT ( 'NONE',  ( 138.3273854894824240, 3.000000000000000000, -280.0007909404973248 ) ) ;
#9675 = DIRECTION ( 'NONE',  ( -0.000000000000000000, -1.000000000000000000, -0.000000000000000000 ) ) ;
#9676 = CYLINDRICAL_SURFACE ( 'NONE', #8505, 1.649999999999998801 ) ;
#9677 = ORIENTED_EDGE ( 'NONE', *, *, #3789, .F. ) ;
#9678 = EDGE_CURVE ( 'NONE', #2757, #1934, #3170, .T. ) ;
#9679 = CARTESIAN_POINT ( 'NONE',  ( 11.31370849898482156, -2.500000000000000000, 11.31370849898470077 ) ) ;
#9680 = STYLED_ITEM ( 'NONE', ( #8048 ), #326 ) ;
#9681 = VERTEX_POINT ( 'NONE', #8862 ) ;
#9682 = DIRECTION ( 'NONE',  ( 0.000000000000000000, 0.000000000000000000, 1.000000000000000000 ) ) ;
#9683 = CIRCLE ( 'NONE', #6717, 20.00000000000000355 ) ;
#9684 = EDGE_CURVE ( 'NONE', #670, #12209, #4132, .T. ) ;
#9685 = ORIENTED_EDGE ( 'NONE', *, *, #4775, .T. ) ;
#9686 = DIRECTION ( 'NONE',  ( 0.000000000000000000, -0.000000000000000000, -1.000000000000000000 ) ) ;
#9687 = DIRECTION ( 'NONE',  ( 0.000000000000000000, 1.000000000000000000, 0.000000000000000000 ) ) ;
#9688 = FACE_OUTER_BOUND ( 'NONE', #2525, .T. ) ;
#9689 = CARTESIAN_POINT ( 'NONE',  ( -5.000000000000001776, 34.20000000000000284, 17.29161646579058598 ) ) ;
#9690 = FACE_OUTER_BOUND ( 'NONE', #8086, .T. ) ;
#9691 = EDGE_CURVE ( 'NONE', #288, #2033, #3218, .T. ) ;
#9692 = PRESENTATION_STYLE_ASSIGNMENT (( #5852 ) ) ;
#9693 = ADVANCED_FACE ( 'NONE', ( #8921 ), #8054, .F. ) ;
#9694 = VECTOR ( 'NONE', #9427, 1000.000000000000000 ) ;
#9695 = VECTOR ( 'NONE', #8617, 1000.000000000000000 ) ;
#9696 = CARTESIAN_POINT ( 'NONE',  ( 0.000000000000000000, 35.39999999999999858, 0.000000000000000000 ) ) ;
#9697 = ORIENTED_EDGE ( 'NONE', *, *, #5377, .F. ) ;
#9698 = CARTESIAN_POINT ( 'NONE',  ( 8.000000000000000000, 9.797174393178825657E-16, 9.000000000000001776 ) ) ;
#9699 = VERTEX_POINT ( 'NONE', #7919 ) ;
#9700 = ORIENTED_EDGE ( 'NONE', *, *, #9049, .F. ) ;
#9701 = VECTOR ( 'NONE', #7872, 1000.000000000000000 ) ;
#9702 = APPLICATION_PROTOCOL_DEFINITION ( 'draft international standard', 'automotive_design', 1998, #6521 ) ;
#9703 = ORIENTED_EDGE ( 'NONE', *, *, #4719, .T. ) ;
#9704 = EDGE_CURVE ( 'NONE', #1778, #9082, #9317, .T. ) ;
#9705 = FACE_OUTER_BOUND ( 'NONE', #3510, .T. ) ;
#9706 = AXIS2_PLACEMENT_3D ( 'NONE', #5513, #6252, #11898 ) ;
#9707 = AXIS2_PLACEMENT_3D ( 'NONE', #3991, #3743, #7528 ) ;
#9708 = DIRECTION ( 'NONE',  ( 0.000000000000000000, 1.000000000000000000, 0.000000000000000000 ) ) ;
#9709 = CARTESIAN_POINT ( 'NONE',  ( 11.31370849898482156, 7.066904755831209251, 12.96370849898469935 ) ) ;
#9710 = EDGE_CURVE ( 'NONE', #3693, #8294, #9729, .T. ) ;
#9711 = CARTESIAN_POINT ( 'NONE',  ( -91.00000000000001421, 10.00000000000000000, -9.999999999999975131 ) ) ;
#9712 = CIRCLE ( 'NONE', #3963, 6.300000000000000711 ) ;
#9713 = AXIS2_PLACEMENT_3D ( 'NONE', #7498, #835, #4603 ) ;
#9714 = CIRCLE ( 'NONE', #7917, 2.099999999999997868 ) ;
#9715 = VERTEX_POINT ( 'NONE', #1178 ) ;
#9716 = DIRECTION ( 'NONE',  ( -0.000000000000000000, 1.000000000000000000, -0.000000000000000000 ) ) ;
#9717 = ORIENTED_EDGE ( 'NONE', *, *, #9320, .T. ) ;
#9718 = ORIENTED_EDGE ( 'NONE', *, *, #6106, .T. ) ;
#9719 = ORIENTED_EDGE ( 'NONE', *, *, #4443, .F. ) ;
#9720 = DIRECTION ( 'NONE',  ( -0.000000000000000000, -0.000000000000000000, -1.000000000000000000 ) ) ;
#9721 = AXIS2_PLACEMENT_3D ( 'NONE', #7764, #8763, #9 ) ;
#9722 = FACE_BOUND ( 'NONE', #2245, .T. ) ;
#9723 = CARTESIAN_POINT ( 'NONE',  ( 0.000000000000000000, 12.00000000000000000, 0.000000000000000000 ) ) ;
#9724 = LINE ( 'NONE', #1367, #11473 ) ;
#9725 = DIRECTION ( 'NONE',  ( -1.000000000000000000, 0.000000000000000000, 0.000000000000000000 ) ) ;
#9726 = CIRCLE ( 'NONE', #3966, 50.00000000000000000 ) ;
#9727 = ADVANCED_FACE ( 'NONE', ( #4017 ), #1434, .T. ) ;
#9728 = DIRECTION ( 'NONE',  ( 1.000000000000000000, 0.000000000000000000, 0.000000000000000000 ) ) ;
#9729 = LINE ( 'NONE', #512, #7518 ) ;
#9730 = CIRCLE ( 'NONE', #40, 2.100000000000000533 ) ;
#9731 = ORIENTED_EDGE ( 'NONE', *, *, #5573, .F. ) ;
#9732 = DIRECTION ( 'NONE',  ( -0.000000000000000000, -0.000000000000000000, -1.000000000000000000 ) ) ;
#9733 = DIRECTION ( 'NONE',  ( -0.000000000000000000, -1.000000000000000000, -0.000000000000000000 ) ) ;
#9734 = ORIENTED_EDGE ( 'NONE', *, *, #11105, .T. ) ;
#9735 = VECTOR ( 'NONE', #754, 1000.000000000000000 ) ;
#9736 = CIRCLE ( 'NONE', #4584, 6.999999999999999112 ) ;
#9737 = PLANE ( 'NONE',  #4942 ) ;
#9738 = LINE ( 'NONE', #188, #7526 ) ;
#9739 = ORIENTED_EDGE ( 'NONE', *, *, #5324, .F. ) ;
#9740 = FACE_OUTER_BOUND ( 'NONE', #5463, .T. ) ;
#9741 = FACE_OUTER_BOUND ( 'NONE', #6991, .T. ) ;
#9742 = AXIS2_PLACEMENT_3D ( 'NONE', #2119, #9622, #4967 ) ;
#9743 = CARTESIAN_POINT ( 'NONE',  ( 21.00000000000000000, 34.20000000000000284, -2.499999999999998668 ) ) ;
#9744 = EDGE_CURVE ( 'NONE', #8497, #7845, #214, .T. ) ;
#9745 = CIRCLE ( 'NONE', #663, 27.00000000000000000 ) ;
#9746 = VECTOR ( 'NONE', #10599, 1000.000000000000000 ) ;
#9747 = ORIENTED_EDGE ( 'NONE', *, *, #3497, .F. ) ;
#9748 = CARTESIAN_POINT ( 'NONE',  ( 11.31370849898465991, 2.399999999999999467, -12.96370849898485744 ) ) ;
#9749 = EDGE_LOOP ( 'NONE', ( #3184, #2441, #3728, #2892 ) ) ;
#9750 = ADVANCED_FACE ( 'NONE', ( #7993 ), #11782, .F. ) ;
#9751 = PLANE ( 'NONE',  #11713 ) ;
#9752 = STYLED_ITEM ( 'NONE', ( #7936 ), #8682 ) ;
#9753 = AXIS2_PLACEMENT_3D ( 'NONE', #7369, #7535, #6676 ) ;
#9754 = VERTEX_POINT ( 'NONE', #5029 ) ;
#9755 = DIRECTION ( 'NONE',  ( -0.000000000000000000, -1.000000000000000000, -0.000000000000000000 ) ) ;
#9756 = AXIS2_PLACEMENT_3D ( 'NONE', #2580, #11024, #12137 ) ;
#9757 = ORIENTED_EDGE ( 'NONE', *, *, #12036, .T. ) ;
#9758 = CYLINDRICAL_SURFACE ( 'NONE', #5923, 5.999999999999999112 ) ;
#9759 = DIRECTION ( 'NONE',  ( -2.745056929018243809E-16, -0.000000000000000000, -1.000000000000000000 ) ) ;
#9760 = LINE ( 'NONE', #4233, #9624 ) ;
#9761 = ADVANCED_FACE ( 'NONE', ( #7858 ), #3141, .F. ) ;
#9762 = CARTESIAN_POINT ( 'NONE',  ( 138.3273854894824240, 0.000000000000000000, -89.99973635316756315 ) ) ;
#9763 = DIRECTION ( 'NONE',  ( -0.000000000000000000, -1.000000000000000000, -0.000000000000000000 ) ) ;
#9764 = EDGE_CURVE ( 'NONE', #9870, #6053, #3756, .T. ) ;
#9765 = AXIS2_PLACEMENT_3D ( 'NONE', #1484, #5255, #7045 ) ;
#9766 = DIRECTION ( 'NONE',  ( 0.000000000000000000, 0.000000000000000000, -1.000000000000000000 ) ) ;
#9767 = LINE ( 'NONE', #5057, #4420 ) ;
#9768 = EDGE_CURVE ( 'NONE', #4816, #7254, #8919, .T. ) ;
#9769 = DIRECTION ( 'NONE',  ( -1.000000000000000000, 0.000000000000000000, -0.000000000000000000 ) ) ;
#9770 = ORIENTED_EDGE ( 'NONE', *, *, #4307, .T. ) ;
#9771 = CARTESIAN_POINT ( 'NONE',  ( 0.000000000000000000, 28.88506671125515979, 0.000000000000000000 ) ) ;
#9772 = ORIENTED_EDGE ( 'NONE', *, *, #4005, .T. ) ;
#9773 = VERTEX_POINT ( 'NONE', #760 ) ;
#9774 = PRODUCT_CONTEXT ( 'NONE', #11837, 'mechanical' ) ;
#9775 = VERTEX_POINT ( 'NONE', #9237 ) ;
#9776 = ADVANCED_FACE ( 'NONE', ( #6441, #12079 ), #1555, .F. ) ;
#9777 = CARTESIAN_POINT ( 'NONE',  ( 30.00000000000000000, 20.00000000000000000, -10.00000000000000000 ) ) ;
#9778 = EDGE_CURVE ( 'NONE', #11000, #8225, #3584, .T. ) ;
#9779 = DIRECTION ( 'NONE',  ( 0.000000000000000000, 0.000000000000000000, -1.000000000000000000 ) ) ;
#9780 = DIRECTION ( 'NONE',  ( 0.000000000000000000, -1.000000000000000000, 0.000000000000000000 ) ) ;
#9781 = CARTESIAN_POINT ( 'NONE',  ( 4.056837738939143287E-15, 2.999999999999999112, -33.12659406584553068 ) ) ;
#9782 = VECTOR ( 'NONE', #3086, 1000.000000000000000 ) ;
#9783 = ORIENTED_EDGE ( 'NONE', *, *, #11413, .T. ) ;
#9784 = CARTESIAN_POINT ( 'NONE',  ( -5.000000000000001776, 34.20000000000000284, -23.00000000000000000 ) ) ;
#9785 = ORIENTED_EDGE ( 'NONE', *, *, #3640, .T. ) ;
#9786 = ORIENTED_EDGE ( 'NONE', *, *, #7907, .T. ) ;
#9787 = ORIENTED_EDGE ( 'NONE', *, *, #5371, .F. ) ;
#9788 = DIRECTION ( 'NONE',  ( 0.000000000000000000, 0.000000000000000000, -1.000000000000000000 ) ) ;
#9789 = EDGE_CURVE ( 'NONE', #7580, #5478, #7249, .T. ) ;
#9790 = AXIS2_PLACEMENT_3D ( 'NONE', #11507, #1232, #8845 ) ;
#9791 = CARTESIAN_POINT ( 'NONE',  ( 11.31370849898465991, -2.500000000000000000, -12.96370849898485744 ) ) ;
#9792 = CYLINDRICAL_SURFACE ( 'NONE', #10158, 80.00000000000000000 ) ;
#9793 = DIRECTION ( 'NONE',  ( 0.000000000000000000, 1.000000000000000000, 0.000000000000000000 ) ) ;
#9794 = CARTESIAN_POINT ( 'NONE',  ( 4.399999999999997691, 0.000000000000000000, -5.999999999999999112 ) ) ;
#9795 = FACE_OUTER_BOUND ( 'NONE', #5602, .T. ) ;
#9796 = CARTESIAN_POINT ( 'NONE',  ( 75.00000000000001421, 20.00000000000000000, -40.00000000000000000 ) ) ;
#9797 = ORIENTED_EDGE ( 'NONE', *, *, #553, .F. ) ;
#9798 = LINE ( 'NONE', #5145, #1833 ) ;
#9799 = CARTESIAN_POINT ( 'NONE',  ( -66.17647058823530415, 0.000000000000000000, 35.29411764705883314 ) ) ;
#9800 = ORIENTED_EDGE ( 'NONE', *, *, #314, .F. ) ;
#9801 = FACE_BOUND ( 'NONE', #10779, .T. ) ;
#9802 = DIRECTION ( 'NONE',  ( 1.000000000000000000, 0.000000000000000000, 0.000000000000000000 ) ) ;
#9803 = ORIENTED_EDGE ( 'NONE', *, *, #4236, .F. ) ;
#9804 = CARTESIAN_POINT ( 'NONE',  ( 0.000000000000000000, 42.99999999999998579, 0.000000000000000000 ) ) ;
#9805 = FACE_BOUND ( 'NONE', #4180, .T. ) ;
#9806 = DIRECTION ( 'NONE',  ( 0.000000000000000000, 0.000000000000000000, -1.000000000000000000 ) ) ;
#9807 = AXIS2_PLACEMENT_3D ( 'NONE', #742, #10145, #7108 ) ;
#9808 = ORIENTED_EDGE ( 'NONE', *, *, #7470, .T. ) ;
#9809 = CIRCLE ( 'NONE', #8424, 44.50000000000000711 ) ;
#9810 = DIRECTION ( 'NONE',  ( -0.000000000000000000, -1.000000000000000000, -0.000000000000000000 ) ) ;
#9811 = ORIENTED_EDGE ( 'NONE', *, *, #3026, .F. ) ;
#9812 = DIRECTION ( 'NONE',  ( -0.000000000000000000, 1.000000000000000000, -0.000000000000000000 ) ) ;
#9813 = EDGE_CURVE ( 'NONE', #4022, #837, #4964, .T. ) ;
#9814 = ORIENTED_EDGE ( 'NONE', *, *, #3388, .T. ) ;
#9815 = CARTESIAN_POINT ( 'NONE',  ( -120.2500000000000142, 20.00000000000000000, 10.25000000000002132 ) ) ;
#9816 = PRODUCT_DEFINITION_SHAPE ( 'NONE', 'NONE',  #12258 ) ;
#9817 = EDGE_LOOP ( 'NONE', ( #10571, #1347, #2497, #11936 ) ) ;
#9818 = DIRECTION ( 'NONE',  ( -0.000000000000000000, -1.000000000000000000, -0.000000000000000000 ) ) ;
#9819 = VECTOR ( 'NONE', #9905, 1000.000000000000000 ) ;
#9820 = CYLINDRICAL_SURFACE ( 'NONE', #6454, 20.00000000000000355 ) ;
#9821 = ADVANCED_FACE ( 'NONE', ( #1684 ), #8183, .T. ) ;
#9822 = DIRECTION ( 'NONE',  ( 0.000000000000000000, 0.000000000000000000, -1.000000000000000000 ) ) ;
#9823 = DIRECTION ( 'NONE',  ( 0.000000000000000000, 0.000000000000000000, 1.000000000000000000 ) ) ;
#9824 = SURFACE_STYLE_FILL_AREA ( #11434 ) ;
#9825 = CLOSED_SHELL ( 'NONE', ( #2641, #11379, #10986, #148, #10799, #8778, #5680, #1177, #4115, #1710, #11074, #4601 ) ) ;
#9826 = VERTEX_POINT ( 'NONE', #3336 ) ;
#9827 = FACE_OUTER_BOUND ( 'NONE', #243, .T. ) ;
#9828 = VERTEX_POINT ( 'NONE', #11969 ) ;
#9829 = DIRECTION ( 'NONE',  ( 1.000000000000000000, -0.000000000000000000, 2.075183223598423424E-16 ) ) ;
#9830 = EDGE_LOOP ( 'NONE', ( #3185, #1745 ) ) ;
#9831 = EDGE_LOOP ( 'NONE', ( #5957, #3855 ) ) ;
#9832 = PRODUCT_CONTEXT ( 'NONE', #7408, 'mechanical' ) ;
#9833 = VERTEX_POINT ( 'NONE', #7191 ) ;
#9834 = DIRECTION ( 'NONE',  ( -0.000000000000000000, -1.000000000000000000, -0.000000000000000000 ) ) ;
#9835 = ADVANCED_FACE ( 'NONE', ( #7116 ), #4516, .T. ) ;
#9836 = CARTESIAN_POINT ( 'NONE',  ( 14.84924240491747582, -5.939696961967007027, 16.94924240491752343 ) ) ;
#9837 = DIRECTION ( 'NONE',  ( -1.914177628664061403E-16, 0.000000000000000000, 1.000000000000000000 ) ) ;
#9838 = CARTESIAN_POINT ( 'NONE',  ( 0.000000000000000000, 17.80000000000000071, 0.000000000000000000 ) ) ;
#9839 = ORIENTED_EDGE ( 'NONE', *, *, #9704, .T. ) ;
#9840 = ADVANCED_FACE ( 'NONE', ( #6194 ), #9982, .T. ) ;
#9841 = FACE_BOUND ( 'NONE', #8239, .T. ) ;
#9842 = VERTEX_POINT ( 'NONE', #8108 ) ;
#9843 = ORIENTED_EDGE ( 'NONE', *, *, #8679, .T. ) ;
#9844 = CARTESIAN_POINT ( 'NONE',  ( 0.000000000000000000, 4.600000000000003197, 0.000000000000000000 ) ) ;
#9845 = ORIENTED_EDGE ( 'NONE', *, *, #11420, .T. ) ;
#9846 = CARTESIAN_POINT ( 'NONE',  ( -7.332110811570580046E-14, 22.72893218813453231, 23.50000000000000000 ) ) ;
#9847 = EDGE_CURVE ( 'NONE', #12236, #7562, #3400, .T. ) ;
#9848 = CYLINDRICAL_SURFACE ( 'NONE', #7047, 10.00000000000000178 ) ;
#9849 = DIRECTION ( 'NONE',  ( 0.000000000000000000, 0.000000000000000000, 1.000000000000000000 ) ) ;
#9850 = CARTESIAN_POINT ( 'NONE',  ( -238.4000000000000625, 20.00000000000000000, -155.0000000000000568 ) ) ;
#9851 = DIRECTION ( 'NONE',  ( -0.000000000000000000, -1.000000000000000000, -0.000000000000000000 ) ) ;
#9852 = EDGE_CURVE ( 'NONE', #2388, #6912, #9121, .T. ) ;
#9853 = ADVANCED_FACE ( 'NONE', ( #9105 ), #633, .T. ) ;
#9854 = DIRECTION ( 'NONE',  ( 0.000000000000000000, 0.000000000000000000, -1.000000000000000000 ) ) ;
#9855 = ORIENTED_EDGE ( 'NONE', *, *, #11578, .F. ) ;
#9856 = CARTESIAN_POINT ( 'NONE',  ( 238.3273854894817134, -39.99999999999999289, -155.0002636468324795 ) ) ;
#9857 = ORIENTED_EDGE ( 'NONE', *, *, #982, .T. ) ;
#9858 = DIRECTION ( 'NONE',  ( -1.000000000000000000, 0.000000000000000000, -2.075183223598423177E-16 ) ) ;
#9859 = CARTESIAN_POINT ( 'NONE',  ( -0.07261451051828989034, 3.000000000000000000, 9.999736353167531178 ) ) ;
#9860 = ORIENTED_EDGE ( 'NONE', *, *, #11968, .T. ) ;
#9861 = DIRECTION ( 'NONE',  ( 0.000000000000000000, 0.000000000000000000, -1.000000000000000000 ) ) ;
#9862 = DIRECTION ( 'NONE',  ( -0.000000000000000000, -1.000000000000000000, -0.000000000000000000 ) ) ;
#9863 = FILL_AREA_STYLE_COLOUR ( '', #7188 ) ;
#9864 = ORIENTED_EDGE ( 'NONE', *, *, #6965, .F. ) ;
#9865 = EDGE_CURVE ( 'NONE', #8210, #3431, #1617, .T. ) ;
#9866 = FACE_OUTER_BOUND ( 'NONE', #5679, .T. ) ;
#9867 = ORIENTED_EDGE ( 'NONE', *, *, #5743, .T. ) ;
#9868 = DIRECTION ( 'NONE',  ( 0.000000000000000000, -1.000000000000000000, 0.000000000000000000 ) ) ;
#9869 = UNCERTAINTY_MEASURE_WITH_UNIT (LENGTH_MEASURE( 1.000000000000000082E-05 ), #10232, 'distance_accuracy_value', 'NONE');
#9870 = VERTEX_POINT ( 'NONE', #4462 ) ;
#9871 = CYLINDRICAL_SURFACE ( 'NONE', #8121, 2.499999999999996891 ) ;
#9872 = ORIENTED_EDGE ( 'NONE', *, *, #3000, .F. ) ;
#9873 = DIRECTION ( 'NONE',  ( 0.000000000000000000, -0.000000000000000000, 1.000000000000000000 ) ) ;
#9874 = DIRECTION ( 'NONE',  ( 0.000000000000000000, 0.000000000000000000, 1.000000000000000000 ) ) ;
#9875 = ADVANCED_FACE ( 'NONE', ( #12026 ), #3519, .F. ) ;
#9876 = DIRECTION ( 'NONE',  ( -0.000000000000000000, 1.000000000000000000, -0.000000000000000000 ) ) ;
#9877 = CARTESIAN_POINT ( 'NONE',  ( 0.000000000000000000, 20.00000000000000000, 0.000000000000000000 ) ) ;
#9878 = EDGE_LOOP ( 'NONE', ( #5431, #10636, #922, #3271, #7, #9785, #4999, #8620, #6817, #273, #10735, #6178, #117, #12069, #12169, #7482, #3875, #4292, #84, #3349, #10890 ) ) ;
#9879 = DIRECTION ( 'NONE',  ( -1.000000000000000000, -0.000000000000000000, -2.312964634635742895E-17 ) ) ;
#9880 = VERTEX_POINT ( 'NONE', #7434 ) ;
#9881 = FACE_OUTER_BOUND ( 'NONE', #11448, .T. ) ;
#9882 = ORIENTED_EDGE ( 'NONE', *, *, #7540, .T. ) ;
#9883 = ADVANCED_BREP_SHAPE_REPRESENTATION ( '', ( #481, #10290 ), #2175 ) ;
#9884 = ORIENTED_EDGE ( 'NONE', *, *, #4140, .T. ) ;
#9885 = SHAPE_DEFINITION_REPRESENTATION ( #7621, #5724 ) ;
#9886 = EDGE_LOOP ( 'NONE', ( #2582, #5293 ) ) ;
#9887 = COLOUR_RGB ( '',0.7921568627450980005, 0.8196078431372548767, 0.9333333333333333481 ) ;
#9888 = CYLINDRICAL_SURFACE ( 'NONE', #10341, 1.649999999999998579 ) ;
#9889 = CARTESIAN_POINT ( 'NONE',  ( 5.510910596163090344E-15, 35.39999999999999858, 45.00000000000000711 ) ) ;
#9890 = DIRECTION ( 'NONE',  ( 0.000000000000000000, -1.224646799147353454E-16, 1.000000000000000000 ) ) ;
#9891 = CIRCLE ( 'NONE', #8303, 5.000000000000000000 ) ;
#9892 = CARTESIAN_POINT ( 'NONE',  ( 0.000000000000000000, 17.80000000000000426, 44.50000000000000711 ) ) ;
#9893 = ORIENTED_EDGE ( 'NONE', *, *, #1292, .F. ) ;
#9894 = ADVANCED_FACE ( 'NONE', ( #283 ), #8417, .F. ) ;
#9895 = FACE_OUTER_BOUND ( 'NONE', #12038, .T. ) ;
#9896 = ORIENTED_EDGE ( 'NONE', *, *, #3364, .F. ) ;
#9897 = ORIENTED_EDGE ( 'NONE', *, *, #3290, .T. ) ;
#9899 = LINE ( 'NONE', #4123, #3059 ) ;
#9898 = AXIS2_PLACEMENT_3D ( 'NONE', #2295, #9793, #4947 ) ;
#9900 = AXIS2_PLACEMENT_3D ( 'NONE', #2964, #135, #6761 ) ;
#9901 = CIRCLE ( 'NONE', #10098, 2.000000000000000888 ) ;
#9902 = ORIENTED_EDGE ( 'NONE', *, *, #1107, .F. ) ;
#9903 = DIRECTION ( 'NONE',  ( 0.000000000000000000, 0.000000000000000000, -1.000000000000000000 ) ) ;
#9904 = DIRECTION ( 'NONE',  ( -0.000000000000000000, -1.000000000000000000, -0.000000000000000000 ) ) ;
#9905 = DIRECTION ( 'NONE',  ( 0.000000000000000000, 0.000000000000000000, -1.000000000000000000 ) ) ;
#9906 = LINE ( 'NONE', #2351, #5378 ) ;
#9907 = AXIS2_PLACEMENT_3D ( 'NONE', #89, #7633, #7753 ) ;
#9908 = LINE ( 'NONE', #4324, #1650 ) ;
#9909 = EDGE_CURVE ( 'NONE', #3479, #6481, #933, .T. ) ;
#9910 = CYLINDRICAL_SURFACE ( 'NONE', #4234, 44.50000000000000711 ) ;
#9911 = VECTOR ( 'NONE', #2624, 1000.000000000000000 ) ;
#9912 = AXIS2_PLACEMENT_3D ( 'NONE', #6866, #10647, #1253 ) ;
#9913 = AXIS2_PLACEMENT_3D ( 'NONE', #10509, #10573, #5731 ) ;
#9914 = DIRECTION ( 'NONE',  ( -0.000000000000000000, 1.000000000000000000, -0.000000000000000000 ) ) ;
#9915 = PRODUCT_DEFINITION_SHAPE ( 'NONE', 'NONE',  #10754 ) ;
#9916 = ORIENTED_EDGE ( 'NONE', *, *, #10770, .F. ) ;
#9917 = ADVANCED_FACE ( 'NONE', ( #4996 ), #2889, .T. ) ;
#9918 = CARTESIAN_POINT ( 'NONE',  ( 0.000000000000000000, 20.00000000000000000, 0.000000000000000000 ) ) ;
#9919 = FILL_AREA_STYLE_COLOUR ( '', #6160 ) ;
#9920 = ORIENTED_EDGE ( 'NONE', *, *, #9234, .T. ) ;
#9921 = DIRECTION ( 'NONE',  ( 2.075183223598423177E-16, 0.000000000000000000, -1.000000000000000000 ) ) ;
#9922 = DIRECTION ( 'NONE',  ( 0.000000000000000000, 0.000000000000000000, -1.000000000000000000 ) ) ;
#9923 = VECTOR ( 'NONE', #9488, 1000.000000000000000 ) ;
#9924 = AXIS2_PLACEMENT_3D ( 'NONE', #11680, #4241, #9078 ) ;
#9925 = ORIENTED_EDGE ( 'NONE', *, *, #4131, .T. ) ;
#9926 = DIRECTION ( 'NONE',  ( -0.000000000000000000, -1.000000000000000000, -0.000000000000000000 ) ) ;
#9927 = ADVANCED_FACE ( 'NONE', ( #5906 ), #3754, .F. ) ;
#9928 = EDGE_CURVE ( 'NONE', #5198, #2755, #7718, .T. ) ;
#9929 = CARTESIAN_POINT ( 'NONE',  ( 0.000000000000000000, 0.000000000000000000, 0.000000000000000000 ) ) ;
#9930 = SURFACE_SIDE_STYLE ('',( #11547 ) ) ;
#9931 = VECTOR ( 'NONE', #4323, 1000.000000000000000 ) ;
#9932 = COLOUR_RGB ( '',0.7921568627450980005, 0.8196078431372548767, 0.9333333333333333481 ) ;
#9933 = ORIENTED_EDGE ( 'NONE', *, *, #6241, .T. ) ;
#9934 = CARTESIAN_POINT ( 'NONE',  ( 0.000000000000000000, 35.39999999999999858, 0.000000000000000000 ) ) ;
#9935 = VECTOR ( 'NONE', #2362, 1000.000000000000000 ) ;
#9936 = CIRCLE ( 'NONE', #6358, 8.000000000000000000 ) ;
#9937 = VERTEX_POINT ( 'NONE', #1786 ) ;
#9938 = CARTESIAN_POINT ( 'NONE',  ( -0.3864906208435106016, 0.000000000000000000, 0.000000000000000000 ) ) ;
#9939 = APPLICATION_CONTEXT ( 'automotive_design' ) ;
#9940 = EDGE_LOOP ( 'NONE', ( #3604, #3439 ) ) ;
#9941 = CARTESIAN_POINT ( 'NONE',  ( 0.000000000000000000, 0.000000000000000000, 0.000000000000000000 ) ) ;
#9942 = CIRCLE ( 'NONE', #7749, 3.000000000000000888 ) ;
#9943 = EDGE_LOOP ( 'NONE', ( #9066, #1878, #2831, #9787 ) ) ;
#9944 = CIRCLE ( 'NONE', #654, 2.100000000000002753 ) ;
#9945 = DIRECTION ( 'NONE',  ( 0.000000000000000000, 0.000000000000000000, 1.000000000000000000 ) ) ;
#9946 = DIRECTION ( 'NONE',  ( -0.000000000000000000, -1.000000000000000000, -0.000000000000000000 ) ) ;
#9947 = DIRECTION ( 'NONE',  ( -0.000000000000000000, -1.000000000000000000, -0.000000000000000000 ) ) ;
#9948 = CARTESIAN_POINT ( 'NONE',  ( 99.92738548948166510, -43.00000000000000000, -380.0002636468324226 ) ) ;
#9949 = VECTOR ( 'NONE', #3243, 1000.000000000000000 ) ;
#9950 = VECTOR ( 'NONE', #9348, 1000.000000000000000 ) ;
#9951 = ORIENTED_EDGE ( 'NONE', *, *, #4533, .T. ) ;
#9952 = CARTESIAN_POINT ( 'NONE',  ( 238.3273854894817134, -39.99999999999999289, -275.0002636468324795 ) ) ;
#9953 = AXIS2_PLACEMENT_3D ( 'NONE', #12207, #3932, #11395 ) ;
#9954 = ORIENTED_EDGE ( 'NONE', *, *, #3321, .F. ) ;
#9955 = CARTESIAN_POINT ( 'NONE',  ( 4.399999999999999467, 0.000000000000000000, 0.000000000000000000 ) ) ;
#9956 = EDGE_LOOP ( 'NONE', ( #5428, #1651 ) ) ;
#9957 = ORIENTED_EDGE ( 'NONE', *, *, #11897, .F. ) ;
#9958 = PRODUCT_CONTEXT ( 'NONE', #1079, 'mechanical' ) ;
#9959 = ORIENTED_EDGE ( 'NONE', *, *, #4922, .T. ) ;
#9960 = ADVANCED_FACE ( 'NONE', ( #3702 ), #5636, .T. ) ;
#9961 = CYLINDRICAL_SURFACE ( 'NONE', #3142, 17.00000000000000000 ) ;
#9962 = AXIS2_PLACEMENT_3D ( 'NONE', #9995, #7131, #3229 ) ;
#9963 = AXIS2_PLACEMENT_3D ( 'NONE', #8335, #11140, #5619 ) ;
#9964 = CARTESIAN_POINT ( 'NONE',  ( 0.000000000000000000, 0.000000000000000000, 0.000000000000000000 ) ) ;
#9965 = CARTESIAN_POINT ( 'NONE',  ( -14.84924240491737102, -5.939696961967007027, -12.74924240491763072 ) ) ;
#9966 = ADVANCED_FACE ( 'NONE', ( #983 ), #6897, .T. ) ;
#9967 = AXIS2_PLACEMENT_3D ( 'NONE', #153, #2194, #11432 ) ;
#9968 = ORIENTED_EDGE ( 'NONE', *, *, #8902, .F. ) ;
#9969 = DIRECTION ( 'NONE',  ( 0.000000000000000000, 1.000000000000000000, 0.000000000000000000 ) ) ;
#9970 = ORIENTED_EDGE ( 'NONE', *, *, #10645, .F. ) ;
#9971 = VERTEX_POINT ( 'NONE', #9417 ) ;
#9972 = DIRECTION ( 'NONE',  ( -0.000000000000000000, -0.000000000000000000, -1.000000000000000000 ) ) ;
#9973 = ORIENTED_EDGE ( 'NONE', *, *, #6471, .F. ) ;
#9974 = EDGE_CURVE ( 'NONE', #3472, #3511, #9714, .T. ) ;
#9975 = CARTESIAN_POINT ( 'NONE',  ( 2.199633243471174140E-13, 0.000000000000000000, -20.99999999999999645 ) ) ;
#9976 = CYLINDRICAL_SURFACE ( 'NONE', #8824, 20.00000000000000000 ) ;
#9977 = DIRECTION ( 'NONE',  ( 0.000000000000000000, 0.000000000000000000, -1.000000000000000000 ) ) ;
#9978 = CARTESIAN_POINT ( 'NONE',  ( -18.73499399519520381, 34.20000000000000284, -6.999999999999999112 ) ) ;
#9979 = AXIS2_PLACEMENT_3D ( 'NONE', #10458, #4638, #12204 ) ;
#9980 = EDGE_CURVE ( 'NONE', #4213, #2566, #8473, .T. ) ;
#9981 = DIRECTION ( 'NONE',  ( -0.000000000000000000, 1.000000000000000000, -0.000000000000000000 ) ) ;
#9982 = CYLINDRICAL_SURFACE ( 'NONE', #6925, 44.50000000000000711 ) ;
#9983 = ORIENTED_EDGE ( 'NONE', *, *, #5990, .T. ) ;
#9984 = CARTESIAN_POINT ( 'NONE',  ( -22.36067977499790871, 20.00000000000000000, 19.99999999999998579 ) ) ;
#9985 = DIRECTION ( 'NONE',  ( 0.9999736353167627545, 0.000000000000000000, -0.007261451051829232242 ) ) ;
#9986 = EDGE_LOOP ( 'NONE', ( #2164, #8184 ) ) ;
#9987 = VECTOR ( 'NONE', #3195, 1000.000000000000000 ) ;
#9988 = CARTESIAN_POINT ( 'NONE',  ( 218.3273854894824524, -39.99999999999999289, -215.0002636468324511 ) ) ;
#9989 = EDGE_CURVE ( 'NONE', #2802, #11880, #2832, .T. ) ;
#9990 = DIRECTION ( 'NONE',  ( 0.000000000000000000, 0.000000000000000000, 1.000000000000000000 ) ) ;
#9991 = ORIENTED_EDGE ( 'NONE', *, *, #7114, .F. ) ;
#9992 = FACE_OUTER_BOUND ( 'NONE', #9323, .T. ) ;
#9993 = DIRECTION ( 'NONE',  ( -1.000000000000000000, 0.000000000000000000, 7.708920570409924211E-16 ) ) ;
#9994 = EDGE_CURVE ( 'NONE', #680, #624, #2394, .T. ) ;
#9995 = CARTESIAN_POINT ( 'NONE',  ( 25.00000000000000000, 34.20000000000000284, -4.999999999999996447 ) ) ;
#9996 = VECTOR ( 'NONE', #9876, 1000.000000000000000 ) ;
#9997 = ORIENTED_EDGE ( 'NONE', *, *, #12114, .F. ) ;
#9998 = DIRECTION ( 'NONE',  ( 0.000000000000000000, 0.000000000000000000, 1.000000000000000000 ) ) ;
#9999 = VERTEX_POINT ( 'NONE', #5570 ) ;
#10000 = CARTESIAN_POINT ( 'NONE',  ( 0.000000000000000000, 28.80000000000000071, 44.50000000000000711 ) ) ;
#10001 = EDGE_CURVE ( 'NONE', #9258, #12055, #9353, .T. ) ;
#10002 = EDGE_CURVE ( 'NONE', #2623, #8294, #11262, .T. ) ;
#10003 = UNCERTAINTY_MEASURE_WITH_UNIT (LENGTH_MEASURE( 1.000000000000000082E-05 ), #11249, 'distance_accuracy_value', 'NONE');
#10004 = EDGE_LOOP ( 'NONE', ( #6163, #5925 ) ) ;
#10005 = CARTESIAN_POINT ( 'NONE',  ( 6.299999999999998046, 34.20000000000000284, 16.86149459567567632 ) ) ;
#10006 = CIRCLE ( 'NONE', #6825, 2.099999999999997868 ) ;
#10007 = EDGE_LOOP ( 'NONE', ( #3842, #1389, #4831, #5899 ) ) ;
#10008 = AXIS2_PLACEMENT_3D ( 'NONE', #887, #10235, #7382 ) ;
#10009 = CYLINDRICAL_SURFACE ( 'NONE', #4283, 44.50000000000000711 ) ;
#10010 = ADVANCED_FACE ( 'NONE', ( #12205 ), #57, .F. ) ;
#10011 = CARTESIAN_POINT ( 'NONE',  ( 0.000000000000000000, 0.000000000000000000, 0.000000000000000000 ) ) ;
#10012 = DIRECTION ( 'NONE',  ( 1.000000000000000000, 0.000000000000000000, -0.000000000000000000 ) ) ;
#10013 = VERTEX_POINT ( 'NONE', #1915 ) ;
#10014 = EDGE_CURVE ( 'NONE', #10660, #7121, #5686, .T. ) ;
#10015 = DIRECTION ( 'NONE',  ( -0.000000000000000000, -1.000000000000000000, -0.000000000000000000 ) ) ;
#10016 = EDGE_CURVE ( 'NONE', #10572, #1423, #7603, .T. ) ;
#10017 = ORIENTED_EDGE ( 'NONE', *, *, #8648, .T. ) ;
#10018 = CARTESIAN_POINT ( 'NONE',  ( 0.000000000000000000, 11.19999999999999751, 44.50000000000000711 ) ) ;
#10019 = ORIENTED_EDGE ( 'NONE', *, *, #359, .F. ) ;
#10020 = AXIS2_PLACEMENT_3D ( 'NONE', #6863, #10644, #4897 ) ;
#10021 = EDGE_LOOP ( 'NONE', ( #12057, #1057 ) ) ;
#10022 = CONTEXT_DEPENDENT_SHAPE_REPRESENTATION ( #191, #7920 ) ;
#10023 = ORIENTED_EDGE ( 'NONE', *, *, #7483, .T. ) ;
#10024 = CARTESIAN_POINT ( 'NONE',  ( -113.7500000000000142, 20.00000000000000000, 9.999999999999975131 ) ) ;
#10025 = LINE ( 'NONE', #9836, #7364 ) ;
#10026 = CLOSED_SHELL ( 'NONE', ( #7202, #7330, #11300, #5821, #2280, #9761, #2258, #12182, #9611, #5258, #1729, #1411, #5113, #701 ) ) ;
#10027 = DIRECTION ( 'NONE',  ( 1.000000000000000000, 0.000000000000000000, 0.000000000000000000 ) ) ;
#10028 = CARTESIAN_POINT ( 'NONE',  ( 5.510910596163090344E-15, 22.20000000000000284, 45.00000000000000711 ) ) ;
#10029 = AXIS2_PLACEMENT_3D ( 'NONE', #7025, #5110, #8016 ) ;
#10030 = EDGE_CURVE ( 'NONE', #4782, #6642, #2385, .T. ) ;
#10031 = ORIENTED_EDGE ( 'NONE', *, *, #11506, .T. ) ;
#10032 = CARTESIAN_POINT ( 'NONE',  ( 5.449678256205721981E-15, 35.39999999999999858, -44.50000000000000711 ) ) ;
#10033 = ORIENTED_EDGE ( 'NONE', *, *, #9704, .F. ) ;
#10034 = VERTEX_POINT ( 'NONE', #7219 ) ;
#10035 = FACE_BOUND ( 'NONE', #3567, .T. ) ;
#10036 = VERTEX_POINT ( 'NONE', #5059 ) ;
#10037 = DIRECTION ( 'NONE',  ( 1.000000000000000000, 0.000000000000000000, 0.000000000000000000 ) ) ;
#10038 = DIRECTION ( 'NONE',  ( -0.000000000000000000, 1.000000000000000000, -0.000000000000000000 ) ) ;
#10039 = PLANE ( 'NONE',  #2003 ) ;
#10040 = CARTESIAN_POINT ( 'NONE',  ( 0.000000000000000000, 26.59999999999999787, 44.50000000000000711 ) ) ;
#10041 = DIRECTION ( 'NONE',  ( 0.000000000000000000, 0.000000000000000000, 1.000000000000000000 ) ) ;
#10042 = ADVANCED_FACE ( 'NONE', ( #9827 ), #8079, .F. ) ;
#10043 = DIRECTION ( 'NONE',  ( 1.000000000000000000, 0.000000000000000000, 0.000000000000000000 ) ) ;
#10044 = EDGE_LOOP ( 'NONE', ( #6538, #6428, #6345, #8719 ) ) ;
#10045 = DIRECTION ( 'NONE',  ( -1.000000000000000000, 0.000000000000000000, 0.000000000000000000 ) ) ;
#10046 = CARTESIAN_POINT ( 'NONE',  ( 6.123233995736766085E-15, 0.000000000000000000, 50.00000000000000000 ) ) ;
#10047 = VERTEX_POINT ( 'NONE', #11010 ) ;
#10048 = CARTESIAN_POINT ( 'NONE',  ( 0.07261451051825866532, -39.99999999999999289, -360.0007909404973816 ) ) ;
#10049 = EDGE_LOOP ( 'NONE', ( #5628, #4048, #60, #10875 ) ) ;
#10050 = CARTESIAN_POINT ( 'NONE',  ( 5.000000000000000888, 0.000000000000000000, 0.000000000000000000 ) ) ;
#10051 = DIRECTION ( 'NONE',  ( 0.000000000000000000, 0.000000000000000000, 1.000000000000000000 ) ) ;
#10052 = PLANE ( 'NONE',  #7827 ) ;
#10053 = CYLINDRICAL_SURFACE ( 'NONE', #4408, 30.00000000000000000 ) ;
#10054 = CARTESIAN_POINT ( 'NONE',  ( -21.00000000000000000, 34.20000000000000284, -2.500000000000143441 ) ) ;
#10055 = ORIENTED_EDGE ( 'NONE', *, *, #5152, .F. ) ;
#10056 = CARTESIAN_POINT ( 'NONE',  ( 3.337162527676534759E-15, -2.500000000000000000, -27.24999999999998224 ) ) ;
#10057 = ORIENTED_EDGE ( 'NONE', *, *, #4510, .F. ) ;
#10058 = DIRECTION ( 'NONE',  ( 0.000000000000000000, 0.000000000000000000, -1.000000000000000000 ) ) ;
#10059 = EDGE_CURVE ( 'NONE', #169, #7678, #11487, .T. ) ;
#10060 = VERTEX_POINT ( 'NONE', #7151 ) ;
#10061 = LINE ( 'NONE', #6275, #2975 ) ;
#10062 = VERTEX_POINT ( 'NONE', #7034 ) ;
#10063 = LINE ( 'NONE', #3358, #7253 ) ;
#10064 = LINE ( 'NONE', #6150, #5598 ) ;
#10065 = EDGE_CURVE ( 'NONE', #4050, #8001, #5745, .T. ) ;
#10066 = DIRECTION ( 'NONE',  ( 0.000000000000000000, 0.000000000000000000, 1.000000000000000000 ) ) ;
#10067 = ORIENTED_EDGE ( 'NONE', *, *, #7173, .F. ) ;
#10068 = DIRECTION ( 'NONE',  ( -0.000000000000000000, -0.000000000000000000, 1.000000000000000000 ) ) ;
#10069 = VERTEX_POINT ( 'NONE', #6224 ) ;
#10070 = EDGE_CURVE ( 'NONE', #10155, #7448, #1398, .T. ) ;
#10071 = CARTESIAN_POINT ( 'NONE',  ( 238.3273854894817134, -39.99999999999999289, -215.0002636468324511 ) ) ;
#10072 = VERTEX_POINT ( 'NONE', #2325 ) ;
#10073 = ORIENTED_EDGE ( 'NONE', *, *, #11854, .T. ) ;
#10074 = CONTEXT_DEPENDENT_SHAPE_REPRESENTATION ( #8266, #8821 ) ;
#10075 = ORIENTED_EDGE ( 'NONE', *, *, #5979, .T. ) ;
#10076 = CARTESIAN_POINT ( 'NONE',  ( -5.000000000000000888, 8.082668874372531019E-16, 6.599999999999999645 ) ) ;
#10077 = DIRECTION ( 'NONE',  ( 0.000000000000000000, -0.000000000000000000, -1.000000000000000000 ) ) ;
#10078 = ADVANCED_FACE ( 'NONE', ( #11754 ), #2452, .T. ) ;
#10079 = ADVANCED_FACE ( 'NONE', ( #4170 ), #5174, .F. ) ;
#10080 = FACE_OUTER_BOUND ( 'NONE', #8392, .T. ) ;
#10081 = CARTESIAN_POINT ( 'NONE',  ( -21.00000000000000000, 20.00000000000000000, -1.466422162314116009E-13 ) ) ;
#10082 = ORIENTED_EDGE ( 'NONE', *, *, #3160, .T. ) ;
#10083 = DIRECTION ( 'NONE',  ( -0.000000000000000000, -1.000000000000000000, -0.000000000000000000 ) ) ;
#10084 = ORIENTED_EDGE ( 'NONE', *, *, #2549, .T. ) ;
#10085 = VERTEX_POINT ( 'NONE', #484 ) ;
#10086 = DIRECTION ( 'NONE',  ( 0.000000000000000000, -0.000000000000000000, -1.000000000000000000 ) ) ;
#10087 = ORIENTED_EDGE ( 'NONE', *, *, #8244, .F. ) ;
#10088 = CARTESIAN_POINT ( 'NONE',  ( 30.00000000000000000, 20.00000000000000000, 10.00000000000000000 ) ) ;
#10089 = AXIS2_PLACEMENT_3D ( 'NONE', #7826, #3109, #10559 ) ;
#10090 = PLANE ( 'NONE',  #5073 ) ;
#10091 = DIRECTION ( 'NONE',  ( -1.000000000000000000, 0.000000000000000000, 0.000000000000000000 ) ) ;
#10092 = EDGE_CURVE ( 'NONE', #5116, #9040, #7347, .T. ) ;
#10093 = DIRECTION ( 'NONE',  ( 0.000000000000000000, -1.000000000000000000, 0.000000000000000000 ) ) ;
#10094 = FACE_OUTER_BOUND ( 'NONE', #8172, .T. ) ;
#10095 = DIRECTION ( 'NONE',  ( 0.000000000000000000, -1.000000000000000000, 0.000000000000000000 ) ) ;
#10096 = CIRCLE ( 'NONE', #6522, 44.50000000000000711 ) ;
#10097 = ORIENTED_EDGE ( 'NONE', *, *, #5871, .T. ) ;
#10098 = AXIS2_PLACEMENT_3D ( 'NONE', #5282, #11652, #8059 ) ;
#10099 = DIRECTION ( 'NONE',  ( -0.000000000000000000, 1.000000000000000000, -0.000000000000000000 ) ) ;
#10100 = CARTESIAN_POINT ( 'NONE',  ( 120.2500000000000284, 20.00000000000000000, -19.99999999999998579 ) ) ;
#10101 = EDGE_LOOP ( 'NONE', ( #600, #4879, #6402, #8673 ) ) ;
#10102 = CARTESIAN_POINT ( 'NONE',  ( -90.00000000000000000, 20.00000000000000000, 20.00000000000001066 ) ) ;
#10103 = CIRCLE ( 'NONE', #7124, 5.999999999999999112 ) ;
#10104 = ORIENTED_EDGE ( 'NONE', *, *, #7650, .T. ) ;
#10105 = DIRECTION ( 'NONE',  ( -0.000000000000000000, 1.000000000000000000, -0.000000000000000000 ) ) ;
#10106 = DIRECTION ( 'NONE',  ( 5.550529771288700461E-15, 0.000000000000000000, -1.000000000000000000 ) ) ;
#10107 = ADVANCED_FACE ( 'NONE', ( #5301 ), #6972, .F. ) ;
#10108 = DIRECTION ( 'NONE',  ( -0.000000000000000000, -1.000000000000000000, -0.000000000000000000 ) ) ;
#10109 = CIRCLE ( 'NONE', #7128, 44.50000000000000711 ) ;
#10110 = VECTOR ( 'NONE', #9879, 1000.000000000000000 ) ;
#10111 = PRODUCT_DEFINITION_FORMATION_WITH_SPECIFIED_SOURCE ( 'ANY', '', #999, .NOT_KNOWN. ) ;
#10112 = DIRECTION ( 'NONE',  ( 0.000000000000000000, 1.000000000000000000, 0.000000000000000000 ) ) ;
#10113 = LINE ( 'NONE', #6452, #2048 ) ;
#10114 = ORIENTED_EDGE ( 'NONE', *, *, #6730, .T. ) ;
#10115 = DIRECTION ( 'NONE',  ( 1.000000000000000000, 0.000000000000000000, 0.000000000000000000 ) ) ;
#10116 = CIRCLE ( 'NONE', #9314, 45.00000000000000711 ) ;
#10117 = VERTEX_POINT ( 'NONE', #595 ) ;
#10118 = LINE ( 'NONE', #11112, #6760 ) ;
#10119 = AXIS2_PLACEMENT_3D ( 'NONE', #6459, #3669, #2852 ) ;
#10120 = AXIS2_PLACEMENT_3D ( 'NONE', #9952, #4106, #3179 ) ;
#10121 = DIRECTION ( 'NONE',  ( 0.000000000000000000, -1.000000000000000000, 0.000000000000000000 ) ) ;
#10122 = PRODUCT_DEFINITION_CONTEXT ( 'detailed design', #5208, 'design' ) ;
#10123 = ORIENTED_EDGE ( 'NONE', *, *, #891, .T. ) ;
#10124 = CARTESIAN_POINT ( 'NONE',  ( 130.0000000000000000, 0.000000000000000000, -30.00000000000000000 ) ) ;
#10125 = ORIENTED_EDGE ( 'NONE', *, *, #1135, .F. ) ;
#10126 = ADVANCED_FACE ( 'NONE', ( #1472 ), #5244, .F. ) ;
#10127 = DIRECTION ( 'NONE',  ( 0.000000000000000000, 1.000000000000000000, -0.000000000000000000 ) ) ;
#10128 = CIRCLE ( 'NONE', #5763, 2.100000000000000977 ) ;
#10129 = CIRCLE ( 'NONE', #9530, 45.00000000000000711 ) ;
#10130 = CIRCLE ( 'NONE', #237, 60.00000000000000000 ) ;
#10131 = EDGE_CURVE ( 'NONE', #9870, #3607, #6036, .T. ) ;
#10132 = DIRECTION ( 'NONE',  ( -1.000000000000000000, 0.000000000000000000, -0.000000000000000000 ) ) ;
#10133 = EDGE_LOOP ( 'NONE', ( #8156, #5449, #5998, #5639 ) ) ;
#10134 = DIRECTION ( 'NONE',  ( 0.000000000000000000, -1.000000000000000000, 0.000000000000000000 ) ) ;
#10135 = CIRCLE ( 'NONE', #5391, 2.100000000000000977 ) ;
#10136 = ORIENTED_EDGE ( 'NONE', *, *, #8884, .T. ) ;
#10137 = CIRCLE ( 'NONE', #3793, 1.649999999999998579 ) ;
#10138 = VERTEX_POINT ( 'NONE', #5117 ) ;
#10139 = VERTEX_POINT ( 'NONE', #8022 ) ;
#10140 = CIRCLE ( 'NONE', #4187, 8.000000000000000000 ) ;
#10141 = AXIS2_PLACEMENT_3D ( 'NONE', #7995, #4080, #11598 ) ;
#10142 = PRODUCT_RELATED_PRODUCT_CATEGORY ( 'part', '', ( #7318 ) ) ;
#10143 = EDGE_LOOP ( 'NONE', ( #6518, #1731, #6957, #2825 ) ) ;
#10144 = CARTESIAN_POINT ( 'NONE',  ( -18.73499399519520026, 29.80000000000000426, 5.000000000000000000 ) ) ;
#10145 = DIRECTION ( 'NONE',  ( 0.000000000000000000, 1.000000000000000000, 0.000000000000000000 ) ) ;
#10146 = CARTESIAN_POINT ( 'NONE',  ( 90.00000000000000000, 20.00000000000000000, 10.25000000000000533 ) ) ;
#10147 = AXIS2_PLACEMENT_3D ( 'NONE', #7145, #6088, #9874 ) ;
#10148 = DIRECTION ( 'NONE',  ( -0.000000000000000000, 1.000000000000000000, -0.000000000000000000 ) ) ;
#10149 = EDGE_CURVE ( 'NONE', #11191, #719, #8332, .T. ) ;
#10150 = VECTOR ( 'NONE', #1860, 1000.000000000000000 ) ;
#10151 = VERTEX_POINT ( 'NONE', #406 ) ;
#10152 = CARTESIAN_POINT ( 'NONE',  ( -6.999999999999999112, 0.000000000000000000, 9.000000000000001776 ) ) ;
#10153 = ORIENTED_EDGE ( 'NONE', *, *, #4825, .T. ) ;
#10154 = EDGE_CURVE ( 'NONE', #5536, #3226, #10871, .T. ) ;
#10155 = VERTEX_POINT ( 'NONE', #4299 ) ;
#10156 = AXIS2_PLACEMENT_3D ( 'NONE', #5838, #1142, #4909 ) ;
#10157 = CARTESIAN_POINT ( 'NONE',  ( 0.000000000000000000, 24.39999999999999858, 0.000000000000000000 ) ) ;
#10158 = AXIS2_PLACEMENT_3D ( 'NONE', #10642, #4012, #11588 ) ;
#10159 = ORIENTED_EDGE ( 'NONE', *, *, #4936, .T. ) ;
#10160 = DIRECTION ( 'NONE',  ( 0.000000000000000000, 0.000000000000000000, -1.000000000000000000 ) ) ;
#10161 = AXIS2_PLACEMENT_3D ( 'NONE', #7523, #920, #2756 ) ;
#10162 = DIRECTION ( 'NONE',  ( -0.000000000000000000, 1.000000000000000000, -0.000000000000000000 ) ) ;
#10163 = CARTESIAN_POINT ( 'NONE',  ( 13.50000000000000178, 3.061616997868381662E-16, 8.000000000000000000 ) ) ;
#10164 = LINE ( 'NONE', #1679, #7375 ) ;
#10165 = FACE_OUTER_BOUND ( 'NONE', #825, .T. ) ;
#10166 = AXIS2_PLACEMENT_3D ( 'NONE', #1296, #7713, #11504 ) ;
#10167 = DIRECTION ( 'NONE',  ( 0.000000000000000000, 1.000000000000000000, 0.000000000000000000 ) ) ;
#10168 = ORIENTED_EDGE ( 'NONE', *, *, #8564, .F. ) ;
#10169 = CARTESIAN_POINT ( 'NONE',  ( 0.000000000000000000, 20.00000000000000000, -30.00000000000000000 ) ) ;
#10170 = DIRECTION ( 'NONE',  ( 0.000000000000000000, -1.000000000000000000, 0.000000000000000000 ) ) ;
#10171 = EDGE_CURVE ( 'NONE', #694, #11255, #9726, .T. ) ;
#10172 = EDGE_LOOP ( 'NONE', ( #4495, #828, #4344, #3389 ) ) ;
#10173 =( NAMED_UNIT ( * ) PLANE_ANGLE_UNIT ( ) SI_UNIT ( $, .RADIAN. ) );
#10174 = CARTESIAN_POINT ( 'NONE',  ( 22.36067977499791581, 20.00000000000000000, -19.99999999999997868 ) ) ;
#10175 = CIRCLE ( 'NONE', #7777, 18.00000000000000355 ) ;
#10176 = DIRECTION ( 'NONE',  ( 0.000000000000000000, -1.000000000000000000, 0.000000000000000000 ) ) ;
#10177 = DIRECTION ( 'NONE',  ( 1.000000000000000000, 0.000000000000000000, 0.000000000000000000 ) ) ;
#10178 = FACE_OUTER_BOUND ( 'NONE', #1237, .T. ) ;
#10179 = PLANE ( 'NONE',  #525 ) ;
#10180 = DIRECTION ( 'NONE',  ( -0.000000000000000000, -1.000000000000000000, -0.000000000000000000 ) ) ;
#10181 =( REPRESENTATION_RELATIONSHIP ('NONE','NONE', #9464, #11531 ) REPRESENTATION_RELATIONSHIP_WITH_TRANSFORMATION ( #11133 )SHAPE_REPRESENTATION_RELATIONSHIP( ) );
#10182 = CARTESIAN_POINT ( 'NONE',  ( -93.10000000000000853, 10.00000000000000000, 15.93969696196701591 ) ) ;
#10183 = EDGE_LOOP ( 'NONE', ( #1462, #2536, #9135, #8788 ) ) ;
#10184 = CYLINDRICAL_SURFACE ( 'NONE', #7726, 30.00000000000000000 ) ;
#10185 = AXIS2_PLACEMENT_3D ( 'NONE', #7372, #5456, #3580 ) ;
#10186 = ORIENTED_EDGE ( 'NONE', *, *, #6887, .T. ) ;
#10187 = DIRECTION ( 'NONE',  ( -1.000000000000000000, 0.000000000000000000, 0.000000000000000000 ) ) ;
#10188 = ADVANCED_FACE ( 'NONE', ( #848 ), #631, .T. ) ;
#10189 = VERTEX_POINT ( 'NONE', #5612 ) ;
#10190 = FACE_OUTER_BOUND ( 'NONE', #4176, .T. ) ;
#10191 = ORIENTED_EDGE ( 'NONE', *, *, #4706, .T. ) ;
#10192 = DIRECTION ( 'NONE',  ( -0.000000000000000000, 1.000000000000000000, -0.000000000000000000 ) ) ;
#10193 = AXIS2_PLACEMENT_3D ( 'NONE', #10081, #4253, #4311 ) ;
#10194 = CARTESIAN_POINT ( 'NONE',  ( 120.2500000000000284, 20.00000000000000000, -10.24999999999998579 ) ) ;
#10195 = DIRECTION ( 'NONE',  ( 0.000000000000000000, 1.000000000000000000, 0.000000000000000000 ) ) ;
#10196 = ORIENTED_EDGE ( 'NONE', *, *, #5889, .F. ) ;
#10197 = CARTESIAN_POINT ( 'NONE',  ( -18.73499399519520381, 29.80000000000000426, -4.999999999999999112 ) ) ;
#10198 = EDGE_CURVE ( 'NONE', #5715, #8218, #11126, .T. ) ;
#10199 = VECTOR ( 'NONE', #5673, 1000.000000000000000 ) ;
#10200 = VERTEX_POINT ( 'NONE', #2562 ) ;
#10201 = ORIENTED_EDGE ( 'NONE', *, *, #1147, .F. ) ;
#10202 = PRODUCT ( 'Link3LShapeConnectorFront', 'Link3LShapeConnectorFront', '', ( #4247 ) ) ;
#10203 = CONTEXT_DEPENDENT_SHAPE_REPRESENTATION ( #9297, #6146 ) ;
#10204 = ORIENTED_EDGE ( 'NONE', *, *, #965, .T. ) ;
#10205 = CARTESIAN_POINT ( 'NONE',  ( -14.84924240491757885, 20.00000000000000000, 14.84924240491742076 ) ) ;
#10206 = CIRCLE ( 'NONE', #2705, 79.99999999999998579 ) ;
#10207 = DIRECTION ( 'NONE',  ( 0.000000000000000000, 0.000000000000000000, 1.000000000000000000 ) ) ;
#10208 = DIRECTION ( 'NONE',  ( -1.000000000000000000, 0.000000000000000000, 0.000000000000000000 ) ) ;
#10209 = FACE_OUTER_BOUND ( 'NONE', #11192, .T. ) ;
#10210 = DIRECTION ( 'NONE',  ( -0.000000000000000000, -0.000000000000000000, 1.000000000000000000 ) ) ;
#10211 = VECTOR ( 'NONE', #438, 1000.000000000000000 ) ;
#10212 = EDGE_LOOP ( 'NONE', ( #4975, #1697, #1702, #7175 ) ) ;
#10213 = CARTESIAN_POINT ( 'NONE',  ( 18.73499399519520026, 29.80000000000000426, 7.000000000000000000 ) ) ;
#10214 = ORIENTED_EDGE ( 'NONE', *, *, #5474, .T. ) ;
#10215 = ORIENTED_EDGE ( 'NONE', *, *, #3162, .T. ) ;
#10216 = PLANE ( 'NONE',  #10891 ) ;
#10217 = EDGE_CURVE ( 'NONE', #1489, #205, #9389, .T. ) ;
#10218 = ORIENTED_EDGE ( 'NONE', *, *, #10742, .T. ) ;
#10219 = LINE ( 'NONE', #976, #6561 ) ;
#10220 = FACE_OUTER_BOUND ( 'NONE', #12143, .T. ) ;
#10221 = LINE ( 'NONE', #1736, #6354 ) ;
#10222 = VECTOR ( 'NONE', #4987, 1000.000000000000000 ) ;
#10223 = CYLINDRICAL_SURFACE ( 'NONE', #9753, 1.649999999999998579 ) ;
#10224 = CARTESIAN_POINT ( 'NONE',  ( -130.0000000000000000, 20.00000000000000000, -19.99999999999998579 ) ) ;
#10225 = EDGE_CURVE ( 'NONE', #11363, #2185, #10920, .T. ) ;
#10226 = DIRECTION ( 'NONE',  ( 0.000000000000000000, 0.000000000000000000, 1.000000000000000000 ) ) ;
#10227 = ORIENTED_EDGE ( 'NONE', *, *, #2927, .T. ) ;
#10228 = DIRECTION ( 'NONE',  ( 1.000000000000000000, 0.000000000000000000, 0.000000000000000000 ) ) ;
#10229 = DIRECTION ( 'NONE',  ( -0.000000000000000000, -0.000000000000000000, -1.000000000000000000 ) ) ;
#10230 = ORIENTED_EDGE ( 'NONE', *, *, #8453, .F. ) ;
#10231 = CIRCLE ( 'NONE', #8047, 6.599999999999999645 ) ;
#10232 =( LENGTH_UNIT ( ) NAMED_UNIT ( * ) SI_UNIT ( .MILLI., .METRE. ) );
#10233 = EDGE_CURVE ( 'NONE', #3565, #8696, #7732, .T. ) ;
#10234 = CARTESIAN_POINT ( 'NONE',  ( -1.675911042644704011E-13, 2.399999999999999467, -15.99999999999999645 ) ) ;
#10235 = DIRECTION ( 'NONE',  ( -1.125218710432733156E-16, 0.000000000000000000, 1.000000000000000000 ) ) ;
#10236 = LINE ( 'NONE', #11342, #1841 ) ;
#10237 = CARTESIAN_POINT ( 'NONE',  ( -238.4000000000000625, 20.00000000000000000, -155.0000000000000568 ) ) ;
#10238 = DIRECTION ( 'NONE',  ( 0.000000000000000000, 0.000000000000000000, -1.000000000000000000 ) ) ;
#10239 = EDGE_CURVE ( 'NONE', #10660, #11318, #2196, .T. ) ;
#10240 = CARTESIAN_POINT ( 'NONE',  ( 4.999999999999998224, 29.80000000000000426, -18.73499399519520026 ) ) ;
#10241 = EDGE_CURVE ( 'NONE', #11816, #205, #6550, .T. ) ;
#10242 = ORIENTED_EDGE ( 'NONE', *, *, #2591, .T. ) ;
#10243 = CARTESIAN_POINT ( 'NONE',  ( -7.332110811570580046E-14, 0.000000000000000000, 21.00000000000000000 ) ) ;
#10244 = ORIENTED_EDGE ( 'NONE', *, *, #9312, .T. ) ;
#10245 = DIRECTION ( 'NONE',  ( 1.000000000000000000, 0.000000000000000000, 0.000000000000000000 ) ) ;
#10246 = ORIENTED_EDGE ( 'NONE', *, *, #2334, .F. ) ;
#10247 = DIRECTION ( 'NONE',  ( -0.000000000000000000, -1.000000000000000000, -0.000000000000000000 ) ) ;
#10248 = VERTEX_POINT ( 'NONE', #7407 ) ;
#10249 = CARTESIAN_POINT ( 'NONE',  ( 0.000000000000000000, 35.39999999999999858, 0.000000000000000000 ) ) ;
#10250 = DIRECTION ( 'NONE',  ( 4.625929269271489858E-16, 0.000000000000000000, -1.000000000000000000 ) ) ;
#10251 = EDGE_CURVE ( 'NONE', #8136, #3423, #11310, .T. ) ;
#10252 = CYLINDRICAL_SURFACE ( 'NONE', #6333, 6.300000000000000711 ) ;
#10253 = ORIENTED_EDGE ( 'NONE', *, *, #4346, .T. ) ;
#10254 = DIRECTION ( 'NONE',  ( 0.000000000000000000, 0.000000000000000000, 1.000000000000000000 ) ) ;
#10255 = ORIENTED_EDGE ( 'NONE', *, *, #6967, .T. ) ;
#10256 = VERTEX_POINT ( 'NONE', #5361 ) ;
#10257 = DIRECTION ( 'NONE',  ( 0.000000000000000000, 0.000000000000000000, 1.000000000000000000 ) ) ;
#10258 = DIRECTION ( 'NONE',  ( 0.000000000000000000, 0.000000000000000000, -1.000000000000000000 ) ) ;
#10259 = DIRECTION ( 'NONE',  ( 0.000000000000000000, 0.000000000000000000, -1.000000000000000000 ) ) ;
#10260 = EDGE_CURVE ( 'NONE', #11940, #11568, #1827, .T. ) ;
#10261 = CARTESIAN_POINT ( 'NONE',  ( 18.73499399519520026, 29.80000000000000426, 5.000000000000000000 ) ) ;
#10262 = DIRECTION ( 'NONE',  ( 0.000000000000000000, 0.000000000000000000, 1.000000000000000000 ) ) ;
#10263 = DIRECTION ( 'NONE',  ( 1.121929676295442121E-13, -4.440892098500626162E-16, -1.000000000000000000 ) ) ;
#10264 = APPLICATION_CONTEXT ( 'automotive_design' ) ;
#10265 = ORIENTED_EDGE ( 'NONE', *, *, #4217, .T. ) ;
#10266 = CARTESIAN_POINT ( 'NONE',  ( 6.123233995736766085E-15, 42.99999999999998579, 50.00000000000000000 ) ) ;
#10267 = ORIENTED_EDGE ( 'NONE', *, *, #8833, .F. ) ;
#10268 = ORIENTED_EDGE ( 'NONE', *, *, #536, .T. ) ;
#10269 = ORIENTED_EDGE ( 'NONE', *, *, #1683, .T. ) ;
#10270 = CYLINDRICAL_SURFACE ( 'NONE', #8541, 44.50000000000000711 ) ;
#10271 = DIRECTION ( 'NONE',  ( 0.000000000000000000, 0.000000000000000000, -1.000000000000000000 ) ) ;
#10272 = EDGE_CURVE ( 'NONE', #10411, #9754, #3676, .T. ) ;
#10273 = DIRECTION ( 'NONE',  ( 0.000000000000000000, 0.000000000000000000, 1.000000000000000000 ) ) ;
#10274 = DIRECTION ( 'NONE',  ( -1.000000000000000000, -0.000000000000000000, -0.000000000000000000 ) ) ;
#10275 = EDGE_CURVE ( 'NONE', #9971, #7942, #3727, .T. ) ;
#10276 = CARTESIAN_POINT ( 'NONE',  ( -91.00000000000000000, 10.00000000000000000, 9.999999999999980460 ) ) ;
#10277 = EDGE_LOOP ( 'NONE', ( #4467, #11977 ) ) ;
#10278 = FACE_OUTER_BOUND ( 'NONE', #1287, .T. ) ;
#10279 = VERTEX_POINT ( 'NONE', #787 ) ;
#10280 = EDGE_LOOP ( 'NONE', ( #427, #4822 ) ) ;
#10281 = AXIS2_PLACEMENT_3D ( 'NONE', #5616, #11135, #7462 ) ;
#10282 = DIRECTION ( 'NONE',  ( 1.000000000000000000, 0.000000000000000000, 0.000000000000000000 ) ) ;
#10283 = EDGE_CURVE ( 'NONE', #9091, #10580, #10508, .T. ) ;
#10284 = VERTEX_POINT ( 'NONE', #735 ) ;
#10285 = DIRECTION ( 'NONE',  ( 0.000000000000000000, -0.000000000000000000, 1.000000000000000000 ) ) ;
#10286 = CARTESIAN_POINT ( 'NONE',  ( 0.000000000000000000, 24.39999999999999858, 0.000000000000000000 ) ) ;
#10287 = CARTESIAN_POINT ( 'NONE',  ( 0.000000000000000000, 28.80000000000000071, 0.000000000000000000 ) ) ;
#10288 = VECTOR ( 'NONE', #1427, 1000.000000000000000 ) ;
#10289 = DIRECTION ( 'NONE',  ( 0.000000000000000000, 0.000000000000000000, 1.000000000000000000 ) ) ;
#10290 = AXIS2_PLACEMENT_3D ( 'NONE', #9112, #12155, #884 ) ;
#10291 = EDGE_CURVE ( 'NONE', #7886, #2909, #11241, .T. ) ;
#10292 = EDGE_LOOP ( 'NONE', ( #10186, #8082, #455, #10215 ) ) ;
#10293 = LINE ( 'NONE', #3776, #421 ) ;
#10294 = EDGE_LOOP ( 'NONE', ( #6682, #9474, #675, #413 ) ) ;
#10295 = CARTESIAN_POINT ( 'NONE',  ( 0.000000000000000000, 20.00000000000000000, -75.00000000000001421 ) ) ;
#10296 = AXIS2_PLACEMENT_3D ( 'NONE', #8444, #4910, #21 ) ;
#10297 = CARTESIAN_POINT ( 'NONE',  ( 0.000000000000000000, 13.39999999999999858, 0.000000000000000000 ) ) ;
#10298 = EDGE_CURVE ( 'NONE', #2539, #12166, #2401, .T. ) ;
#10299 = VERTEX_POINT ( 'NONE', #8324 ) ;
#10300 = ADVANCED_FACE ( 'NONE', ( #4492, #12001 ), #8387, .F. ) ;
#10301 = PLANE ( 'NONE',  #10119 ) ;
#10302 = AXIS2_PLACEMENT_3D ( 'NONE', #800, #4451, #8229 ) ;
#10303 = AXIS2_PLACEMENT_3D ( 'NONE', #2736, #9080, #898 ) ;
#10304 = AXIS2_PLACEMENT_3D ( 'NONE', #11905, #8867, #11788 ) ;
#10305 = ORIENTED_EDGE ( 'NONE', *, *, #2073, .F. ) ;
#10306 = CARTESIAN_POINT ( 'NONE',  ( 0.000000000000000000, 0.000000000000000000, -10.00000000000000000 ) ) ;
#10307 =( NAMED_UNIT ( * ) PLANE_ANGLE_UNIT ( ) SI_UNIT ( $, .RADIAN. ) );
#10308 = AXIS2_PLACEMENT_3D ( 'NONE', #9796, #2240, #5214 ) ;
#10309 = DIRECTION ( 'NONE',  ( -0.000000000000000000, 1.000000000000000000, -0.000000000000000000 ) ) ;
#10310 = AXIS2_PLACEMENT_3D ( 'NONE', #1136, #3955, #7745 ) ;
#10311 = AXIS2_PLACEMENT_3D ( 'NONE', #9285, #10095, #9181 ) ;
#10312 = EDGE_LOOP ( 'NONE', ( #2317, #428, #8200, #3032 ) ) ;
#10313 = CARTESIAN_POINT ( 'NONE',  ( 16.00000000000000000, -2.500000000000000000, -1.117274028429802674E-13 ) ) ;
#10314 = EDGE_LOOP ( 'NONE', ( #10255, #11928, #10230, #10383 ) ) ;
#10315 = AXIS2_PLACEMENT_3D ( 'NONE', #12145, #4698, #8468 ) ;
#10316 = VERTEX_POINT ( 'NONE', #11188 ) ;
#10317 = FACE_OUTER_BOUND ( 'NONE', #11233, .T. ) ;
#10318 = CARTESIAN_POINT ( 'NONE',  ( -18.73499399519520381, 29.80000000000000426, -6.999999999999999112 ) ) ;
#10319 = CIRCLE ( 'NONE', #4973, 8.024999999999996803 ) ;
#10320 = AXIS2_PLACEMENT_3D ( 'NONE', #5429, #11065, #2636 ) ;
#10321 = PLANE ( 'NONE',  #650 ) ;
#10322 = FACE_OUTER_BOUND ( 'NONE', #10172, .T. ) ;
#10323 = CIRCLE ( 'NONE', #5014, 18.00000000000000355 ) ;
#10324 = CARTESIAN_POINT ( 'NONE',  ( 5.000000000000000888, 0.000000000000000000, -12.50000000000000000 ) ) ;
#10325 = VECTOR ( 'NONE', #4551, 1000.000000000000000 ) ;
#10326 = AXIS2_PLACEMENT_3D ( 'NONE', #11386, #8842, #4880 ) ;
#10327 = CIRCLE ( 'NONE', #11317, 8.000000000000000000 ) ;
#10328 = ORIENTED_EDGE ( 'NONE', *, *, #7203, .F. ) ;
#10329 = CARTESIAN_POINT ( 'NONE',  ( 0.000000000000000000, 0.000000000000000000, 0.000000000000000000 ) ) ;
#10330 = EDGE_CURVE ( 'NONE', #530, #960, #2694, .T. ) ;
#10331 = ORIENTED_EDGE ( 'NONE', *, *, #6272, .F. ) ;
#10332 = ORIENTED_EDGE ( 'NONE', *, *, #2499, .T. ) ;
#10333 = ORIENTED_EDGE ( 'NONE', *, *, #8591, .F. ) ;
#10334 = APPLICATION_CONTEXT ( 'automotive_design' ) ;
#10335 = DIRECTION ( 'NONE',  ( -0.000000000000000000, -1.000000000000000000, -0.000000000000000000 ) ) ;
#10336 = VECTOR ( 'NONE', #7402, 1000.000000000000000 ) ;
#10337 = VECTOR ( 'NONE', #3523, 1000.000000000000000 ) ;
#10338 = CYLINDRICAL_SURFACE ( 'NONE', #9334, 75.00000000000001421 ) ;
#10339 = SHAPE_REPRESENTATION ( 'angular contact ball bearing_68_din_DIN 628 - 7201B - 8,SI,NC,8_68', ( #10290 ), #2384 ) ;
#10340 = DIRECTION ( 'NONE',  ( 0.000000000000000000, 0.000000000000000000, 1.000000000000000000 ) ) ;
#10341 = AXIS2_PLACEMENT_3D ( 'NONE', #4113, #2393, #8894 ) ;
#10342 = VECTOR ( 'NONE', #3586, 1000.000000000000000 ) ;
#10343 = COLOUR_RGB ( '',0.7921568627450980005, 0.8196078431372548767, 0.9333333333333333481 ) ;
#10344 = LINE ( 'NONE', #1050, #8005 ) ;
#10345 = DIRECTION ( 'NONE',  ( -1.000000000000000000, 0.000000000000000000, -1.451090930900692301E-15 ) ) ;
#10346 = AXIS2_PLACEMENT_3D ( 'NONE', #5039, #9061, #2311 ) ;
#10347 = CIRCLE ( 'NONE', #8562, 0.6000000000000007550 ) ;
#10348 = ORIENTED_EDGE ( 'NONE', *, *, #2253, .F. ) ;
#10349 = AXIS2_PLACEMENT_3D ( 'NONE', #1418, #3767, #4712 ) ;
#10350 = CARTESIAN_POINT ( 'NONE',  ( 5.606576814334944920E-14, 7.066904755831209251, 17.64999999999999858 ) ) ;
#10351 = EDGE_CURVE ( 'NONE', #11415, #10955, #10555, .T. ) ;
#10352 = ORIENTED_EDGE ( 'NONE', *, *, #11981, .T. ) ;
#10353 = ORIENTED_EDGE ( 'NONE', *, *, #2129, .T. ) ;
#10354 = CIRCLE ( 'NONE', #7380, 30.00000000000000000 ) ;
#10355 = DIRECTION ( 'NONE',  ( -0.000000000000000000, 1.000000000000000000, -0.000000000000000000 ) ) ;
#10356 = EDGE_CURVE ( 'NONE', #7666, #10155, #2126, .T. ) ;
#10357 = ORIENTED_EDGE ( 'NONE', *, *, #10198, .F. ) ;
#10358 = CARTESIAN_POINT ( 'NONE',  ( 0.000000000000000000, 16.00000000000000000, 0.000000000000000000 ) ) ;
#10359 = CARTESIAN_POINT ( 'NONE',  ( -130.0000000000000000, 20.00000000000000000, 30.00000000000000000 ) ) ;
#10360 = MECHANICAL_DESIGN_GEOMETRIC_PRESENTATION_REPRESENTATION (  '', ( #8561 ), #8972 ) ;
#10361 = CARTESIAN_POINT ( 'NONE',  ( -130.0000000000000000, 0.000000000000000000, 10.25000000000001954 ) ) ;
#10362 = VECTOR ( 'NONE', #685, 1000.000000000000000 ) ;
#10363 = DIRECTION ( 'NONE',  ( 0.000000000000000000, 0.000000000000000000, 1.000000000000000000 ) ) ;
#10364 = DIRECTION ( 'NONE',  ( 0.000000000000000000, -0.000000000000000000, -1.000000000000000000 ) ) ;
#10365 = ORIENTED_EDGE ( 'NONE', *, *, #10464, .F. ) ;
#10366 = CARTESIAN_POINT ( 'NONE',  ( -218.4000000000000909, 0.000000000000000000, -29.99999999999994316 ) ) ;
#10367 = LINE ( 'NONE', #12223, #8735 ) ;
#10368 = ORIENTED_EDGE ( 'NONE', *, *, #11466, .F. ) ;
#10369 = CIRCLE ( 'NONE', #1270, 45.00000000000000711 ) ;
#10370 = DIRECTION ( 'NONE',  ( 0.000000000000000000, 1.000000000000000000, 0.000000000000000000 ) ) ;
#10371 = DIRECTION ( 'NONE',  ( 0.000000000000000000, 0.000000000000000000, 1.000000000000000000 ) ) ;
#10372 = EDGE_CURVE ( 'NONE', #728, #7967, #3798, .T. ) ;
#10373 = EDGE_LOOP ( 'NONE', ( #6658, #7792 ) ) ;
#10374 = FACE_OUTER_BOUND ( 'NONE', #8759, .T. ) ;
#10375 = VECTOR ( 'NONE', #2353, 1000.000000000000000 ) ;
#10376 = EDGE_CURVE ( 'NONE', #4561, #1776, #7527, .T. ) ;
#10377 = CARTESIAN_POINT ( 'NONE',  ( -22.36067977499790871, 20.00000000000000000, 19.99999999999998579 ) ) ;
#10378 = ORIENTED_EDGE ( 'NONE', *, *, #5889, .T. ) ;
#10379 = EDGE_CURVE ( 'NONE', #7678, #169, #10698, .T. ) ;
#10380 = FACE_OUTER_BOUND ( 'NONE', #4079, .T. ) ;
#10381 = PRODUCT_DEFINITION ( 'UNKNOWN', '', #1802, #5177 ) ;
#10382 = UNCERTAINTY_MEASURE_WITH_UNIT (LENGTH_MEASURE( 1.000000000000000082E-05 ), #2122, 'distance_accuracy_value', 'NONE');
#10383 = ORIENTED_EDGE ( 'NONE', *, *, #8422, .T. ) ;
#10384 = STYLED_ITEM ( 'NONE', ( #11875 ), #4441 ) ;
#10385 = EDGE_CURVE ( 'NONE', #8642, #3021, #5373, .T. ) ;
#10386 = ORIENTED_EDGE ( 'NONE', *, *, #11058, .F. ) ;
#10387 = DIRECTION ( 'NONE',  ( -0.000000000000000000, -1.000000000000000000, -0.000000000000000000 ) ) ;
#10388 = FILL_AREA_STYLE ('',( #7584 ) ) ;
#10389 = DIRECTION ( 'NONE',  ( 0.000000000000000000, -1.000000000000000000, 0.000000000000000000 ) ) ;
#10390 = DIRECTION ( 'NONE',  ( -0.000000000000000000, -1.000000000000000000, -0.000000000000000000 ) ) ;
#10391 = EDGE_CURVE ( 'NONE', #6669, #11380, #3381, .T. ) ;
#10392 = DIRECTION ( 'NONE',  ( 0.000000000000000000, 1.000000000000000000, 0.000000000000000000 ) ) ;
#10393 = EDGE_CURVE ( 'NONE', #2541, #7932, #7755, .T. ) ;
#10394 = VECTOR ( 'NONE', #7956, 1000.000000000000000 ) ;
#10395 = ORIENTED_EDGE ( 'NONE', *, *, #1880, .F. ) ;
#10396 = CARTESIAN_POINT ( 'NONE',  ( -93.10000000000002274, 10.00000000000000000, -9.999999999999975131 ) ) ;
#10397 = ORIENTED_EDGE ( 'NONE', *, *, #1705, .F. ) ;
#10398 = EDGE_LOOP ( 'NONE', ( #11382, #953, #9983, #6949 ) ) ;
#10399 = ORIENTED_EDGE ( 'NONE', *, *, #5386, .F. ) ;
#10400 = DIRECTION ( 'NONE',  ( -0.000000000000000000, -1.000000000000000000, -0.000000000000000000 ) ) ;
#10401 = VECTOR ( 'NONE', #4862, 1000.000000000000000 ) ;
#10402 = CARTESIAN_POINT ( 'NONE',  ( 7.347880794884118356E-15, 0.000000000000000000, 60.00000000000000000 ) ) ;
#10403 = LINE ( 'NONE', #11389, #9950 ) ;
#10404 = EDGE_CURVE ( 'NONE', #3872, #10422, #4773, .T. ) ;
#10405 = CARTESIAN_POINT ( 'NONE',  ( 138.3273854894817134, 3.000000000000000000, -280.0002636468323658 ) ) ;
#10406 = ORIENTED_EDGE ( 'NONE', *, *, #7687, .T. ) ;
#10407 = DIRECTION ( 'NONE',  ( -1.000000000000000000, 0.000000000000000000, 0.000000000000000000 ) ) ;
#10408 = ORIENTED_EDGE ( 'NONE', *, *, #6774, .F. ) ;
#10409 = FACE_OUTER_BOUND ( 'NONE', #11794, .T. ) ;
#10410 = ORIENTED_EDGE ( 'NONE', *, *, #9550, .T. ) ;
#10411 = VERTEX_POINT ( 'NONE', #1146 ) ;
#10412 = LINE ( 'NONE', #11168, #11509 ) ;
#10413 = AXIS2_PLACEMENT_3D ( 'NONE', #9175, #6302, #1609 ) ;
#10414 = DIRECTION ( 'NONE',  ( -0.000000000000000000, -1.000000000000000000, -0.000000000000000000 ) ) ;
#10415 = FACE_OUTER_BOUND ( 'NONE', #9749, .T. ) ;
#10416 = CARTESIAN_POINT ( 'NONE',  ( -90.00000000000000000, -63.24555320336758513, 10.00000000000000000 ) ) ;
#10417 = DIRECTION ( 'NONE',  ( -0.000000000000000000, 1.000000000000000000, -0.000000000000000000 ) ) ;
#10418 = EDGE_CURVE ( 'NONE', #7446, #3817, #1196, .T. ) ;
#10419 = DIRECTION ( 'NONE',  ( -1.000000000000000000, 0.000000000000000000, -0.000000000000000000 ) ) ;
#10420 = CIRCLE ( 'NONE', #12012, 20.00000000000000355 ) ;
#10421 = DIRECTION ( 'NONE',  ( 0.007261451051829231375, 0.000000000000000000, 0.9999736353167626435 ) ) ;
#10422 = VERTEX_POINT ( 'NONE', #6652 ) ;
#10423 = CARTESIAN_POINT ( 'NONE',  ( 7.715274834628325378E-16, 20.00000000000000000, -6.299999999999999822 ) ) ;
#10424 = CARTESIAN_POINT ( 'NONE',  ( 13.50000000000000178, 3.061616997868381662E-16, 0.000000000000000000 ) ) ;
#10425 = VERTEX_POINT ( 'NONE', #5711 ) ;
#10426 = DIRECTION ( 'NONE',  ( 0.000000000000000000, 1.000000000000000000, 0.000000000000000000 ) ) ;
#10427 = CARTESIAN_POINT ( 'NONE',  ( 218.3273854894824524, 0.000000000000000000, -215.0002636468324511 ) ) ;
#10428 = EDGE_LOOP ( 'NONE', ( #3757, #8633, #3730, #7080 ) ) ;
#10429 = DIRECTION ( 'NONE',  ( -0.000000000000000000, -1.000000000000000000, -0.000000000000000000 ) ) ;
#10430 =( NAMED_UNIT ( * ) SI_UNIT ( $, .STERADIAN. ) SOLID_ANGLE_UNIT ( ) );
#10431 = LINE ( 'NONE', #6771, #411 ) ;
#10432 = ORIENTED_EDGE ( 'NONE', *, *, #9261, .F. ) ;
#10433 = ADVANCED_FACE ( 'NONE', ( #958 ), #8681, .F. ) ;
#10434 = CARTESIAN_POINT ( 'NONE',  ( -113.7500000000000995, 20.00000000000000000, -110.0000000000000142 ) ) ;
#10435 = ORIENTED_EDGE ( 'NONE', *, *, #405, .F. ) ;
#10436 = DIRECTION ( 'NONE',  ( 1.000000000000000000, -0.000000000000000000, 4.625929269271489858E-16 ) ) ;
#10437 = ORIENTED_EDGE ( 'NONE', *, *, #1141, .F. ) ;
#10438 = CARTESIAN_POINT ( 'NONE',  ( 2.202205001749383553E-13, 0.000000000000000000, -23.09999999999999787 ) ) ;
#10439 = SURFACE_STYLE_FILL_AREA ( #10388 ) ;
#10440 = DIRECTION ( 'NONE',  ( 0.000000000000000000, 0.000000000000000000, 1.000000000000000000 ) ) ;
#10441 = EDGE_CURVE ( 'NONE', #4068, #11216, #23, .T. ) ;
#10442 = DIRECTION ( 'NONE',  ( 1.387778780781445478E-15, 0.000000000000000000, 1.000000000000000000 ) ) ;
#10443 = CARTESIAN_POINT ( 'NONE',  ( 130.0000000000000000, 20.00000000000000000, -30.00000000000000000 ) ) ;
#10444 = DIRECTION ( 'NONE',  ( 0.000000000000000000, 1.000000000000000000, 0.000000000000000000 ) ) ;
#10445 = DIRECTION ( 'NONE',  ( 1.000000000000000000, 0.000000000000000000, 0.000000000000000000 ) ) ;
#10446 = EDGE_CURVE ( 'NONE', #7379, #3494, #1016, .T. ) ;
#10447 = ORIENTED_EDGE ( 'NONE', *, *, #11111, .T. ) ;
#10448 = DIRECTION ( 'NONE',  ( -0.000000000000000000, 1.000000000000000000, -0.000000000000000000 ) ) ;
#10449 = ORIENTED_EDGE ( 'NONE', *, *, #6476, .F. ) ;
#10450 = ORIENTED_EDGE ( 'NONE', *, *, #5448, .F. ) ;
#10451 = DIRECTION ( 'NONE',  ( -5.264940380958745105E-15, -1.000000000000000000, 3.191891195791442124E-16 ) ) ;
#10452 = EDGE_LOOP ( 'NONE', ( #7236, #2386, #4693, #7984 ) ) ;
#10453 = ADVANCED_FACE ( 'NONE', ( #10380 ), #145, .T. ) ;
#10454 = DIRECTION ( 'NONE',  ( 0.000000000000000000, 0.000000000000000000, -1.000000000000000000 ) ) ;
#10455 = EDGE_CURVE ( 'NONE', #6779, #1755, #7636, .T. ) ;
#10456 = DIRECTION ( 'NONE',  ( -0.000000000000000000, -1.000000000000000000, -0.000000000000000000 ) ) ;
#10457 = CARTESIAN_POINT ( 'NONE',  ( -7.332110811570580046E-14, 20.00000000000000000, 21.00000000000000000 ) ) ;
#10458 = CARTESIAN_POINT ( 'NONE',  ( 0.000000000000000000, 9.000000000000001776, 0.000000000000000000 ) ) ;
#10459 = DIRECTION ( 'NONE',  ( 1.451090930900692301E-15, 0.000000000000000000, -1.000000000000000000 ) ) ;
#10460 = ORIENTED_EDGE ( 'NONE', *, *, #8515, .T. ) ;
#10461 = DIRECTION ( 'NONE',  ( 1.000000000000000000, 0.000000000000000000, 0.000000000000000000 ) ) ;
#10462 = EDGE_LOOP ( 'NONE', ( #634, #2696 ) ) ;
#10463 = ORIENTED_EDGE ( 'NONE', *, *, #565, .F. ) ;
#10464 = EDGE_CURVE ( 'NONE', #8847, #8213, #7931, .T. ) ;
#10465 = DIRECTION ( 'NONE',  ( 0.000000000000000000, 1.000000000000000000, 0.000000000000000000 ) ) ;
#10466 = FACE_BOUND ( 'NONE', #8946, .T. ) ;
#10467 = CARTESIAN_POINT ( 'NONE',  ( -30.00000000000000000, -101.9803902718557111, 10.00000000000000000 ) ) ;
#10468 = LINE ( 'NONE', #6499, #3935 ) ;
#10469 = CARTESIAN_POINT ( 'NONE',  ( 0.000000000000000000, 29.80000000000000426, 0.000000000000000000 ) ) ;
#10470 = DIRECTION ( 'NONE',  ( 1.000000000000000000, 0.000000000000000000, 1.387778780781496557E-15 ) ) ;
#10471 = CARTESIAN_POINT ( 'NONE',  ( 14.84924240491768188, -5.939696961967007027, -14.84924240491732128 ) ) ;
#10472 = ORIENTED_EDGE ( 'NONE', *, *, #2398, .T. ) ;
#10473 = CARTESIAN_POINT ( 'NONE',  ( 23.00000000000000000, 34.20000000000000284, -2.999999999999996003 ) ) ;
#10474 = CARTESIAN_POINT ( 'NONE',  ( 0.000000000000000000, 20.00000000000000000, 0.000000000000000000 ) ) ;
#10475 = ORIENTED_EDGE ( 'NONE', *, *, #4556, .F. ) ;
#10476 = DIRECTION ( 'NONE',  ( -0.000000000000000000, -1.000000000000000000, -0.000000000000000000 ) ) ;
#10477 = EDGE_CURVE ( 'NONE', #6331, #750, #5780, .T. ) ;
#10478 = CARTESIAN_POINT ( 'NONE',  ( 27.00000000000000000, 3.306546357697853733E-15, 8.000000000000000000 ) ) ;
#10479 = ORIENTED_EDGE ( 'NONE', *, *, #7992, .F. ) ;
#10480 = CARTESIAN_POINT ( 'NONE',  ( 0.000000000000000000, 35.39999999999999858, 0.000000000000000000 ) ) ;
#10481 = CIRCLE ( 'NONE', #9133, 20.00000000000000000 ) ;
#10482 = DIRECTION ( 'NONE',  ( 0.000000000000000000, 0.000000000000000000, 1.000000000000000000 ) ) ;
#10483 = ORIENTED_EDGE ( 'NONE', *, *, #12248, .F. ) ;
#10484 = DIRECTION ( 'NONE',  ( 0.000000000000000000, 0.000000000000000000, -1.000000000000000000 ) ) ;
#10485 = CIRCLE ( 'NONE', #12080, 41.00000000000000000 ) ;
#10486 = VECTOR ( 'NONE', #2851, 1000.000000000000000 ) ;
#10487 = UNCERTAINTY_MEASURE_WITH_UNIT (LENGTH_MEASURE( 1.000000000000000082E-05 ), #2437, 'distance_accuracy_value', 'NONE');
#10488 = ADVANCED_FACE ( 'NONE', ( #3907, #7688 ), #11472, .F. ) ;
#10489 = EDGE_LOOP ( 'NONE', ( #4366, #1904 ) ) ;
#10490 = DIRECTION ( 'NONE',  ( 0.000000000000000000, 0.000000000000000000, -1.000000000000000000 ) ) ;
#10491 = PRODUCT_DEFINITION_SHAPE ( 'NONE', 'NONE',  #3147 ) ;
#10492 = ORIENTED_EDGE ( 'NONE', *, *, #12128, .F. ) ;
#10493 = DIRECTION ( 'NONE',  ( -1.000000000000000000, 0.000000000000000000, -1.387778780781496754E-15 ) ) ;
#10494 = CIRCLE ( 'NONE', #9115, 1.999999999999998224 ) ;
#10495 = SURFACE_SIDE_STYLE ('',( #2811 ) ) ;
#10496 = LINE ( 'NONE', #2009, #7834 ) ;
#10497 = EDGE_CURVE ( 'NONE', #7452, #2425, #3785, .T. ) ;
#10498 = LINE ( 'NONE', #5850, #6766 ) ;
#10499 = CARTESIAN_POINT ( 'NONE',  ( 21.00000000000000000, -5.939696961967007027, 2.100000000000000533 ) ) ;
#10500 = CIRCLE ( 'NONE', #11101, 16.00000000000000000 ) ;
#10501 = FACE_OUTER_BOUND ( 'NONE', #3022, .T. ) ;
#10502 = AXIS2_PLACEMENT_3D ( 'NONE', #5091, #2356, #7063 ) ;
#10503 = ORIENTED_EDGE ( 'NONE', *, *, #7476, .F. ) ;
#10504 = EDGE_CURVE ( 'NONE', #7845, #8497, #9936, .T. ) ;
#10505 = DIRECTION ( 'NONE',  ( 0.000000000000000000, 1.000000000000000000, 0.000000000000000000 ) ) ;
#10506 = VERTEX_POINT ( 'NONE', #2315 ) ;
#10507 = VERTEX_POINT ( 'NONE', #6883 ) ;
#10508 = CIRCLE ( 'NONE', #1416, 1.649999999999998579 ) ;
#10509 = CARTESIAN_POINT ( 'NONE',  ( 272.3000000000391765, 1.509668783166183550E-12, -99.99999999999178613 ) ) ;
#10510 = CYLINDRICAL_SURFACE ( 'NONE', #1425, 10.00000000000000178 ) ;
#10511 = ORIENTED_EDGE ( 'NONE', *, *, #9460, .T. ) ;
#10512 = EDGE_CURVE ( 'NONE', #9167, #5667, #8740, .T. ) ;
#10513 = CARTESIAN_POINT ( 'NONE',  ( 0.000000000000000000, 0.000000000000000000, 0.000000000000000000 ) ) ;
#10514 = AXIS2_PLACEMENT_3D ( 'NONE', #3191, #9779, #6982 ) ;
#10515 = DIRECTION ( 'NONE',  ( -0.000000000000000000, 1.000000000000000000, -0.000000000000000000 ) ) ;
#10516 = VECTOR ( 'NONE', #9759, 1000.000000000000000 ) ;
#10517 = CARTESIAN_POINT ( 'NONE',  ( 120.2500000000000142, 20.00000000000000000, 20.00000000000002132 ) ) ;
#10518 = AXIS2_PLACEMENT_3D ( 'NONE', #9603, #2948, #8658 ) ;
#10519 = AXIS2_PLACEMENT_3D ( 'NONE', #6457, #9303, #12167 ) ;
#10520 = EDGE_CURVE ( 'NONE', #6156, #11337, #9143, .T. ) ;
#10521 = ORIENTED_EDGE ( 'NONE', *, *, #7321, .T. ) ;
#10522 = DIRECTION ( 'NONE',  ( 0.000000000000000000, 0.000000000000000000, 1.000000000000000000 ) ) ;
#10523 = ORIENTED_EDGE ( 'NONE', *, *, #7687, .F. ) ;
#10524 = VERTEX_POINT ( 'NONE', #11799 ) ;
#10525 = AXIS2_PLACEMENT_3D ( 'NONE', #1207, #100, #7830 ) ;
#10526 = AXIS2_PLACEMENT_3D ( 'NONE', #5462, #4399, #4330 ) ;
#10527 = ORIENTED_EDGE ( 'NONE', *, *, #11780, .T. ) ;
#10528 = CARTESIAN_POINT ( 'NONE',  ( 21.00000000000000000, -5.939696961967007027, 0.000000000000000000 ) ) ;
#10529 = VECTOR ( 'NONE', #77, 1000.000000000000000 ) ;
#10530 = DIRECTION ( 'NONE',  ( 0.000000000000000000, 0.000000000000000000, 1.000000000000000000 ) ) ;
#10531 = DIRECTION ( 'NONE',  ( 1.914177628664061403E-16, -0.000000000000000000, -1.000000000000000000 ) ) ;
#10532 = CARTESIAN_POINT ( 'NONE',  ( -91.00000000000000000, 10.00000000000000000, 15.93969696196701591 ) ) ;
#10533 = DIRECTION ( 'NONE',  ( -0.007261451051829059637, -0.000000000000000000, 0.9999736353167626435 ) ) ;
#10534 = DIRECTION ( 'NONE',  ( 1.914177628664061403E-16, -0.000000000000000000, -1.000000000000000000 ) ) ;
#10535 = MECHANICAL_DESIGN_GEOMETRIC_PRESENTATION_REPRESENTATION (  '', ( #2025 ), #3799 ) ;
#10536 = AXIS2_PLACEMENT_3D ( 'NONE', #10457, #5631, #5740 ) ;
#10537 = EDGE_CURVE ( 'NONE', #5558, #740, #5381, .T. ) ;
#10538 = FACE_OUTER_BOUND ( 'NONE', #9403, .T. ) ;
#10539 = VERTEX_POINT ( 'NONE', #4227 ) ;
#10540 = CARTESIAN_POINT ( 'NONE',  ( -30.00000000000000000, -63.24555320336758513, 10.00000000000000000 ) ) ;
#10541 = FACE_BOUND ( 'NONE', #1759, .T. ) ;
#10542 = ORIENTED_EDGE ( 'NONE', *, *, #589, .T. ) ;
#10543 = FACE_OUTER_BOUND ( 'NONE', #11464, .T. ) ;
#10544 = FACE_OUTER_BOUND ( 'NONE', #6483, .T. ) ;
#10545 = VECTOR ( 'NONE', #9088, 1000.000000000000000 ) ;
#10546 = ORIENTED_EDGE ( 'NONE', *, *, #11264, .F. ) ;
#10547 = CARTESIAN_POINT ( 'NONE',  ( 0.000000000000000000, -63.24555320336758513, 0.000000000000000000 ) ) ;
#10548 = DIRECTION ( 'NONE',  ( -0.000000000000000000, 1.000000000000000000, -0.000000000000000000 ) ) ;
#10549 = CIRCLE ( 'NONE', #3621, 2.499999999999998668 ) ;
#10550 = CARTESIAN_POINT ( 'NONE',  ( -18.73499399519520026, 34.20000000000000284, 5.000000000000000000 ) ) ;
#10551 = EDGE_CURVE ( 'NONE', #1358, #11970, #35, .T. ) ;
#10552 = DIRECTION ( 'NONE',  ( -0.000000000000000000, 1.000000000000000000, -0.000000000000000000 ) ) ;
#10553 = CIRCLE ( 'NONE', #7990, 9.749999999999998224 ) ;
#10554 = ORIENTED_EDGE ( 'NONE', *, *, #5834, .F. ) ;
#10555 = LINE ( 'NONE', #9628, #12103 ) ;
#10556 = ORIENTED_EDGE ( 'NONE', *, *, #5436, .F. ) ;
#10557 = DIRECTION ( 'NONE',  ( -0.000000000000000000, 1.000000000000000000, -0.000000000000000000 ) ) ;
#10558 = EDGE_LOOP ( 'NONE', ( #4318, #7573, #5982, #9405 ) ) ;
#10559 = DIRECTION ( 'NONE',  ( 0.000000000000000000, 0.000000000000000000, 1.000000000000000000 ) ) ;
#10560 =( NAMED_UNIT ( * ) PLANE_ANGLE_UNIT ( ) SI_UNIT ( $, .RADIAN. ) );
#10561 = LINE ( 'NONE', #2071, #1121 ) ;
#10562 = AXIS2_PLACEMENT_3D ( 'NONE', #6374, #9981, #11836 ) ;
#10563 = LINE ( 'NONE', #7646, #1229 ) ;
#10564 = CARTESIAN_POINT ( 'NONE',  ( -218.4000000000000909, 20.00000000000000000, -29.99999999999994316 ) ) ;
#10565 = EDGE_CURVE ( 'NONE', #4279, #6539, #10130, .T. ) ;
#10566 = APPLICATION_CONTEXT ( 'automotive_design' ) ;
#10567 = DIRECTION ( 'NONE',  ( -0.000000000000000000, -1.000000000000000000, -0.000000000000000000 ) ) ;
#10568 = AXIS2_PLACEMENT_3D ( 'NONE', #8711, #4059, #5865 ) ;
#10569 = ORIENTED_EDGE ( 'NONE', *, *, #297, .T. ) ;
#10570 = CARTESIAN_POINT ( 'NONE',  ( -20.63749999999999574, 0.000000000000000000, 0.000000000000000000 ) ) ;
#10571 = ORIENTED_EDGE ( 'NONE', *, *, #3858, .T. ) ;
#10572 = VERTEX_POINT ( 'NONE', #2259 ) ;
#10573 = DIRECTION ( 'NONE',  ( -0.9999999999999998890, -2.602143271851491101E-17, -1.113115670990474155E-13 ) ) ;
#10574 = ORIENTED_EDGE ( 'NONE', *, *, #12064, .F. ) ;
#10575 = LINE ( 'NONE', #3925, #54 ) ;
#10576 = FACE_OUTER_BOUND ( 'NONE', #972, .T. ) ;
#10577 = CARTESIAN_POINT ( 'NONE',  ( -80.25000000000000000, 20.00000000000000000, 10.25000000000000711 ) ) ;
#10578 = AXIS2_PLACEMENT_3D ( 'NONE', #11248, #2752, #3631 ) ;
#10579 =( NAMED_UNIT ( * ) PLANE_ANGLE_UNIT ( ) SI_UNIT ( $, .RADIAN. ) );
#10580 = VERTEX_POINT ( 'NONE', #3161 ) ;
#10581 = EDGE_CURVE ( 'NONE', #4493, #6993, #3350, .T. ) ;
#10582 = LINE ( 'NONE', #11699, #4609 ) ;
#10583 = ORIENTED_EDGE ( 'NONE', *, *, #227, .T. ) ;
#10584 = EDGE_LOOP ( 'NONE', ( #7213, #11698, #12163, #1533 ) ) ;
#10585 = VECTOR ( 'NONE', #3113, 1000.000000000000000 ) ;
#10586 = EDGE_LOOP ( 'NONE', ( #8652, #2287, #8450, #9151, #3618, #6870, #2383, #3145, #10623, #3018, #8346, #5803, #7924, #4275, #656, #9739, #5953, #4616, #2118, #776, #11263 ) ) ;
#10587 = DIRECTION ( 'NONE',  ( 6.446430439548137349E-17, -0.000000000000000000, 1.000000000000000000 ) ) ;
#10588 = CARTESIAN_POINT ( 'NONE',  ( 5.510910596163090344E-15, 26.60000000000000142, 45.00000000000000711 ) ) ;
#10589 = CARTESIAN_POINT ( 'NONE',  ( 4.400000000000001243, 0.000000000000000000, 0.000000000000000000 ) ) ;
#10590 = CARTESIAN_POINT ( 'NONE',  ( 5.449678256205721981E-15, 26.60000000000000142, -44.50000000000000711 ) ) ;
#10591 = VECTOR ( 'NONE', #5485, 1000.000000000000000 ) ;
#10592 = CARTESIAN_POINT ( 'NONE',  ( 68.73863542433761609, 20.00000000000000000, -30.00000000000000000 ) ) ;
#10593 = EDGE_CURVE ( 'NONE', #11555, #4110, #9736, .T. ) ;
#10594 = FACE_OUTER_BOUND ( 'NONE', #2724, .T. ) ;
#10595 = CARTESIAN_POINT ( 'NONE',  ( 0.000000000000000000, 20.00000000000000000, 0.000000000000000000 ) ) ;
#10596 = PRODUCT_DEFINITION_SHAPE ( 'NONE', 'NONE',  #12267 ) ;
#10597 = EDGE_LOOP ( 'NONE', ( #9925, #4619, #5678, #11784 ) ) ;
#10598 = ADVANCED_FACE ( 'NONE', ( #6213, #1385 ), #7137, .T. ) ;
#10599 = DIRECTION ( 'NONE',  ( -0.000000000000000000, 1.000000000000000000, -0.000000000000000000 ) ) ;
#10600 = CARTESIAN_POINT ( 'NONE',  ( -5.000000000000001776, 34.20000000000000284, -18.73499399519520026 ) ) ;
#10601 = VERTEX_POINT ( 'NONE', #6951 ) ;
#10602 = LINE ( 'NONE', #2114, #6914 ) ;
#10603 = LINE ( 'NONE', #2247, #1415 ) ;
#10604 = ORIENTED_EDGE ( 'NONE', *, *, #7148, .T. ) ;
#10605 = DIRECTION ( 'NONE',  ( -0.000000000000000000, 1.000000000000000000, -0.000000000000000000 ) ) ;
#10606 = ADVANCED_FACE ( 'NONE', ( #4345 ), #11736, .F. ) ;
#10607 = ADVANCED_FACE ( 'NONE', ( #5160 ), #9751, .F. ) ;
#10608 = AXIS2_PLACEMENT_3D ( 'NONE', #11341, #2841, #12158 ) ;
#10609 = CARTESIAN_POINT ( 'NONE',  ( 4.400000000000000355, 0.000000000000000000, -15.40000000000000036 ) ) ;
#10610 = VECTOR ( 'NONE', #10440, 1000.000000000000000 ) ;
#10611 = CARTESIAN_POINT ( 'NONE',  ( -1.675911042644704011E-13, 7.066904755831209251, -17.64999999999999503 ) ) ;
#10612 = ORIENTED_EDGE ( 'NONE', *, *, #4000, .F. ) ;
#10613 = DIRECTION ( 'NONE',  ( -0.000000000000000000, 1.000000000000000000, -0.000000000000000000 ) ) ;
#10614 = ORIENTED_EDGE ( 'NONE', *, *, #6216, .T. ) ;
#10615 = FACE_OUTER_BOUND ( 'NONE', #9523, .T. ) ;
#10616 = VERTEX_POINT ( 'NONE', #10000 ) ;
#10617 = EDGE_CURVE ( 'NONE', #499, #6233, #843, .T. ) ;
#10618 = CARTESIAN_POINT ( 'NONE',  ( -4.399999999999997691, 0.000000000000000000, -5.999999999999999112 ) ) ;
#10619 = SURFACE_SIDE_STYLE ('',( #7828 ) ) ;
#10620 = CYLINDRICAL_SURFACE ( 'NONE', #10029, 2.000000000000001776 ) ;
#10621 = CARTESIAN_POINT ( 'NONE',  ( 238.3273854894817134, -39.99999999999999289, -155.0002636468324795 ) ) ;
#10622 = DIRECTION ( 'NONE',  ( 0.000000000000000000, -1.000000000000000000, 0.000000000000000000 ) ) ;
#10623 = ORIENTED_EDGE ( 'NONE', *, *, #1517, .F. ) ;
#10624 = DIRECTION ( 'NONE',  ( 0.000000000000000000, 0.000000000000000000, -1.000000000000000000 ) ) ;
#10625 = ORIENTED_EDGE ( 'NONE', *, *, #12008, .T. ) ;
#10626 = EDGE_LOOP ( 'NONE', ( #238, #7156 ) ) ;
#10627 = ORIENTED_EDGE ( 'NONE', *, *, #1078, .T. ) ;
#10628 = EDGE_CURVE ( 'NONE', #11254, #1399, #8153, .T. ) ;
#10629 = DIRECTION ( 'NONE',  ( 1.000000000000000000, 0.000000000000000000, 0.000000000000000000 ) ) ;
#10630 = FACE_OUTER_BOUND ( 'NONE', #5910, .T. ) ;
#10631 = CARTESIAN_POINT ( 'NONE',  ( -22.36067977499791581, 20.00000000000000000, -19.99999999999997868 ) ) ;
#10632 = CARTESIAN_POINT ( 'NONE',  ( -14.84924240491737102, -5.939696961967007027, -12.74924240491763072 ) ) ;
#10633 = ORIENTED_EDGE ( 'NONE', *, *, #199, .F. ) ;
#10634 = DIRECTION ( 'NONE',  ( 0.000000000000000000, 1.000000000000000000, 0.000000000000000000 ) ) ;
#10635 = ORIENTED_EDGE ( 'NONE', *, *, #997, .T. ) ;
#10636 = ORIENTED_EDGE ( 'NONE', *, *, #3015, .T. ) ;
#10637 = EDGE_LOOP ( 'NONE', ( #4891, #3634, #8951, #8518 ) ) ;
#10638 = EDGE_CURVE ( 'NONE', #11857, #4271, #10327, .T. ) ;
#10639 = DIRECTION ( 'NONE',  ( -0.000000000000000000, 1.000000000000000000, -0.000000000000000000 ) ) ;
#10640 = EDGE_CURVE ( 'NONE', #946, #9559, #4988, .T. ) ;
#10641 = FACE_OUTER_BOUND ( 'NONE', #4335, .T. ) ;
#10642 = CARTESIAN_POINT ( 'NONE',  ( 138.3273854894824240, -39.99999999999999289, -89.99973635316756315 ) ) ;
#10643 = CARTESIAN_POINT ( 'NONE',  ( 16.00000000000000000, 7.066904755831209251, -1.650000000000110489 ) ) ;
#10644 = DIRECTION ( 'NONE',  ( 1.000000000000000000, 0.000000000000000000, 0.000000000000000000 ) ) ;
#10645 = EDGE_CURVE ( 'NONE', #3703, #11726, #11664, .T. ) ;
#10646 = DIRECTION ( 'NONE',  ( 0.000000000000000000, 0.000000000000000000, 1.000000000000000000 ) ) ;
#10647 = DIRECTION ( 'NONE',  ( -0.000000000000000000, 1.000000000000000000, -0.000000000000000000 ) ) ;
#10648 = VERTEX_POINT ( 'NONE', #723 ) ;
#10649 = DIRECTION ( 'NONE',  ( 0.000000000000000000, 1.000000000000000000, 0.000000000000000000 ) ) ;
#10650 =( NAMED_UNIT ( * ) PLANE_ANGLE_UNIT ( ) SI_UNIT ( $, .RADIAN. ) );
#10651 = ORIENTED_EDGE ( 'NONE', *, *, #1080, .T. ) ;
#10652 = DIRECTION ( 'NONE',  ( -0.000000000000000000, -0.000000000000000000, -1.000000000000000000 ) ) ;
#10653 = EDGE_CURVE ( 'NONE', #3353, #2802, #7743, .T. ) ;
#10654 = DIRECTION ( 'NONE',  ( -0.000000000000000000, -0.000000000000000000, 1.000000000000000000 ) ) ;
#10655 = ORIENTED_EDGE ( 'NONE', *, *, #7803, .T. ) ;
#10656 = CARTESIAN_POINT ( 'NONE',  ( -120.2500000000000142, 20.00000000000000000, -10.24999999999998579 ) ) ;
#10657 = DIRECTION ( 'NONE',  ( 0.000000000000000000, -0.000000000000000000, 1.000000000000000000 ) ) ;
#10658 = EDGE_CURVE ( 'NONE', #946, #9489, #2010, .T. ) ;
#10659 = CARTESIAN_POINT ( 'NONE',  ( 120.2500000000000142, 0.000000000000000000, 10.25000000000002309 ) ) ;
#10660 = VERTEX_POINT ( 'NONE', #2735 ) ;
#10661 = CARTESIAN_POINT ( 'NONE',  ( -20.63749999999999574, 0.000000000000000000, -16.00000000000000000 ) ) ;
#10662 = ORIENTED_EDGE ( 'NONE', *, *, #3462, .F. ) ;
#10663 = EDGE_CURVE ( 'NONE', #465, #3829, #5344, .T. ) ;
#10664 = DIRECTION ( 'NONE',  ( -0.000000000000000000, -1.000000000000000000, -0.000000000000000000 ) ) ;
#10665 = EDGE_CURVE ( 'NONE', #615, #549, #9338, .T. ) ;
#10666 = ORIENTED_EDGE ( 'NONE', *, *, #4775, .F. ) ;
#10667 = CARTESIAN_POINT ( 'NONE',  ( 16.86149459567567988, 34.20000000000000284, -6.299999999999994493 ) ) ;
#10668 = AXIS2_PLACEMENT_3D ( 'NONE', #10670, #5788, #150 ) ;
#10669 = ORIENTED_EDGE ( 'NONE', *, *, #11137, .F. ) ;
#10670 = CARTESIAN_POINT ( 'NONE',  ( 22.36067977499791581, 20.00000000000000000, -19.99999999999997868 ) ) ;
#10671 = DIRECTION ( 'NONE',  ( 1.000000000000000000, 0.000000000000000000, 0.000000000000000000 ) ) ;
#10672 = FACE_OUTER_BOUND ( 'NONE', #9599, .T. ) ;
#10673 = DIRECTION ( 'NONE',  ( 0.000000000000000000, 0.000000000000000000, -1.000000000000000000 ) ) ;
#10674 = PLANE ( 'NONE',  #4828 ) ;
#10675 = DIRECTION ( 'NONE',  ( 0.000000000000000000, 0.000000000000000000, 1.000000000000000000 ) ) ;
#10676 = TOROIDAL_SURFACE ( 'NONE', #5347, 6.599999999999999645, 0.6000000000000007550 ) ;
#10677 = AXIS2_PLACEMENT_3D ( 'NONE', #10762, #11566, #7836 ) ;
#10678 = CIRCLE ( 'NONE', #3947, 0.5999999999999998668 ) ;
#10679 = DIRECTION ( 'NONE',  ( -0.000000000000000000, -1.000000000000000000, -0.000000000000000000 ) ) ;
#10680 = EDGE_CURVE ( 'NONE', #2185, #2097, #9129, .T. ) ;
#10681 = ORIENTED_EDGE ( 'NONE', *, *, #10002, .F. ) ;
#10682 = DIRECTION ( 'NONE',  ( 0.000000000000000000, 0.000000000000000000, 1.000000000000000000 ) ) ;
#10683 = VERTEX_POINT ( 'NONE', #8255 ) ;
#10684 = VERTEX_POINT ( 'NONE', #10295 ) ;
#10685 = PRODUCT_CONTEXT ( 'NONE', #2672, 'mechanical' ) ;
#10686 = VERTEX_POINT ( 'NONE', #11178 ) ;
#10687 = CARTESIAN_POINT ( 'NONE',  ( 0.000000000000000000, -2.500000000000000000, -6.300000000000000711 ) ) ;
#10688 = CIRCLE ( 'NONE', #11689, 9.750000000000000000 ) ;
#10689 = VECTOR ( 'NONE', #4045, 1000.000000000000000 ) ;
#10690 = AXIS2_PLACEMENT_3D ( 'NONE', #6792, #11439, #2933 ) ;
#10691 = PLANE ( 'NONE',  #10514 ) ;
#10692 = PRODUCT_DEFINITION_SHAPE ( 'NONE', 'NONE',  #6205 ) ;
#10693 = DIRECTION ( 'NONE',  ( 0.000000000000000000, 1.000000000000000000, 0.000000000000000000 ) ) ;
#10694 = CARTESIAN_POINT ( 'NONE',  ( 0.000000000000000000, -16.00000000000000000, 0.000000000000000000 ) ) ;
#10695 = AXIS2_PLACEMENT_3D ( 'NONE', #7620, #4899, #4716 ) ;
#10696 = EDGE_CURVE ( 'NONE', #7630, #6288, #3187, .T. ) ;
#10697 = AXIS2_PLACEMENT_3D ( 'NONE', #8203, #727, #4484 ) ;
#10698 = CIRCLE ( 'NONE', #1615, 45.00000000000000711 ) ;
#10699 = ORIENTED_EDGE ( 'NONE', *, *, #3224, .T. ) ;
#10700 = AXIS2_PLACEMENT_3D ( 'NONE', #274, #3863, #5900 ) ;
#10701 = FACE_BOUND ( 'NONE', #5824, .T. ) ;
#10702 = ORIENTED_EDGE ( 'NONE', *, *, #11251, .F. ) ;
#10703 = EDGE_LOOP ( 'NONE', ( #5812, #9860, #4478, #7092 ) ) ;
#10704 = ORIENTED_EDGE ( 'NONE', *, *, #4267, .F. ) ;
#10705 = CARTESIAN_POINT ( 'NONE',  ( 22.36067977499791581, 20.00000000000000000, -19.99999999999997868 ) ) ;
#10706 = VECTOR ( 'NONE', #230, 1000.000000000000000 ) ;
#10707 = CIRCLE ( 'NONE', #1819, 2.099999999999997868 ) ;
#10708 = DIRECTION ( 'NONE',  ( -0.000000000000000000, 0.000000000000000000, 1.000000000000000000 ) ) ;
#10709 = DIRECTION ( 'NONE',  ( 1.000000000000000000, 0.000000000000000000, 0.000000000000000000 ) ) ;
#10710 = FACE_OUTER_BOUND ( 'NONE', #10452, .T. ) ;
#10711 = CARTESIAN_POINT ( 'NONE',  ( 0.07261451051825866532, 3.000000000000000000, -360.0007909404973816 ) ) ;
#10712 = VECTOR ( 'NONE', #1689, 1000.000000000000000 ) ;
#10713 = AXIS2_PLACEMENT_3D ( 'NONE', #389, #10934, #5958 ) ;
#10714 = CARTESIAN_POINT ( 'NONE',  ( 0.000000000000000000, 20.00000000000000000, 0.000000000000000000 ) ) ;
#10715 = EDGE_CURVE ( 'NONE', #6295, #1890, #2498, .T. ) ;
#10716 = DIRECTION ( 'NONE',  ( 0.000000000000000000, -1.000000000000000000, 0.000000000000000000 ) ) ;
#10717 = AXIS2_PLACEMENT_3D ( 'NONE', #6839, #8637, #11484 ) ;
#10718 = EDGE_LOOP ( 'NONE', ( #2392, #9572, #198, #6976 ) ) ;
#10719 = AXIS2_PLACEMENT_3D ( 'NONE', #6076, #6823, #190 ) ;
#10720 = DIRECTION ( 'NONE',  ( -0.000000000000000000, -0.000000000000000000, -1.000000000000000000 ) ) ;
#10721 = VERTEX_POINT ( 'NONE', #5594 ) ;
#10722 = AXIS2_PLACEMENT_3D ( 'NONE', #5508, #7428, #2659 ) ;
#10723 = AXIS2_PLACEMENT_3D ( 'NONE', #3521, #10099, #4465 ) ;
#10724 = PLANE ( 'NONE',  #7905 ) ;
#10725 = EDGE_CURVE ( 'NONE', #7779, #6095, #3978, .T. ) ;
#10726 = CARTESIAN_POINT ( 'NONE',  ( 0.000000000000000000, 0.000000000000000000, 0.000000000000000000 ) ) ;
#10727 = ORIENTED_EDGE ( 'NONE', *, *, #12203, .T. ) ;
#10728 = DIRECTION ( 'NONE',  ( 0.000000000000000000, 0.000000000000000000, -1.000000000000000000 ) ) ;
#10729 = VECTOR ( 'NONE', #2176, 1000.000000000000000 ) ;
#10730 = DIRECTION ( 'NONE',  ( 1.000000000000000000, 0.000000000000000000, 0.000000000000000000 ) ) ;
#10731 = SURFACE_STYLE_FILL_AREA ( #3155 ) ;
#10732 = SHAPE_REPRESENTATION ( 'BigBallBearingInner', ( #10290 ), #11475 ) ;
#10733 = AXIS2_PLACEMENT_3D ( 'NONE', #1108, #5804, #4056 ) ;
#10734 = CIRCLE ( 'NONE', #11339, 100.0000000000000000 ) ;
#10735 = ORIENTED_EDGE ( 'NONE', *, *, #4054, .T. ) ;
#10736 = DIRECTION ( 'NONE',  ( -0.000000000000000000, 1.000000000000000000, -0.000000000000000000 ) ) ;
#10737 = EDGE_LOOP ( 'NONE', ( #7949, #10472 ) ) ;
#10738 = CARTESIAN_POINT ( 'NONE',  ( 5.586370142149013368E-14, 2.399999999999999467, 16.00000000000000000 ) ) ;
#10739 =( GEOMETRIC_REPRESENTATION_CONTEXT ( 3 ) GLOBAL_UNCERTAINTY_ASSIGNED_CONTEXT ( ( #6025 ) ) GLOBAL_UNIT_ASSIGNED_CONTEXT ( ( #3476, #7388, #4412 ) ) REPRESENTATION_CONTEXT ( 'NONE', 'WORKASPACE' ) );
#10740 = AXIS2_PLACEMENT_3D ( 'NONE', #6247, #10038, #9101 ) ;
#10741 = UNCERTAINTY_MEASURE_WITH_UNIT (LENGTH_MEASURE( 1.000000000000000082E-05 ), #1439, 'distance_accuracy_value', 'NONE');
#10742 = EDGE_CURVE ( 'NONE', #5178, #7334, #655, .T. ) ;
#10743 = ORIENTED_EDGE ( 'NONE', *, *, #4922, .F. ) ;
#10744 = FACE_OUTER_BOUND ( 'NONE', #3648, .T. ) ;
#10745 = CIRCLE ( 'NONE', #7975, 60.00000000000000000 ) ;
#10746 = ORIENTED_EDGE ( 'NONE', *, *, #9015, .F. ) ;
#10747 = FACE_OUTER_BOUND ( 'NONE', #5460, .T. ) ;
#10748 =( NAMED_UNIT ( * ) SI_UNIT ( $, .STERADIAN. ) SOLID_ANGLE_UNIT ( ) );
#10749 = CARTESIAN_POINT ( 'NONE',  ( -14.84924240491757885, 0.000000000000000000, 14.84924240491742076 ) ) ;
#10750 = DIRECTION ( 'NONE',  ( -0.000000000000000000, -1.000000000000000000, -0.000000000000000000 ) ) ;
#10751 = CARTESIAN_POINT ( 'NONE',  ( 75.00000000000000000, 20.00000000000000000, 10.00000000000000178 ) ) ;
#10752 = AXIS2_PLACEMENT_3D ( 'NONE', #12188, #6475, #8455 ) ;
#10753 = ADVANCED_FACE ( 'NONE', ( #9375 ), #6508, .F. ) ;
#10754 = PRODUCT_DEFINITION ( 'UNKNOWN', '', #4954, #7280 ) ;
#10755 = CYLINDRICAL_SURFACE ( 'NONE', #4454, 18.00000000000000355 ) ;
#10756 = CIRCLE ( 'NONE', #7354, 99.99999999999997158 ) ;
#10757 = LINE ( 'NONE', #7957, #1459 ) ;
#10758 = ORIENTED_EDGE ( 'NONE', *, *, #5129, .F. ) ;
#10759 = CARTESIAN_POINT ( 'NONE',  ( 75.00000000000000000, 20.00000000000000000, -10.00000000000000178 ) ) ;
#10760 = ORIENTED_EDGE ( 'NONE', *, *, #3891, .T. ) ;
#10761 = EDGE_CURVE ( 'NONE', #6563, #8111, #8434, .T. ) ;
#10762 = CARTESIAN_POINT ( 'NONE',  ( 11.31370849898482156, -2.500000000000000000, 11.31370849898470077 ) ) ;
#10763 = ORIENTED_EDGE ( 'NONE', *, *, #7813, .F. ) ;
#10764 = VERTEX_POINT ( 'NONE', #7449 ) ;
#10765 = AXIS2_PLACEMENT_3D ( 'NONE', #3775, #1068, #10470 ) ;
#10766 = PRODUCT_CONTEXT ( 'NONE', #849, 'mechanical' ) ;
#10767 = ORIENTED_EDGE ( 'NONE', *, *, #9320, .F. ) ;
#10768 = CYLINDRICAL_SURFACE ( 'NONE', #4401, 18.00000000000000355 ) ;
#10769 = DIRECTION ( 'NONE',  ( -0.000000000000000000, 1.000000000000000000, -0.000000000000000000 ) ) ;
#10770 = EDGE_CURVE ( 'NONE', #10889, #3494, #6326, .T. ) ;
#10771 = EDGE_CURVE ( 'NONE', #5576, #10316, #12113, .T. ) ;
#10772 = DIRECTION ( 'NONE',  ( -1.000000000000000000, 0.000000000000000000, -5.129334446905298846E-17 ) ) ;
#10773 = VECTOR ( 'NONE', #3029, 1000.000000000000000 ) ;
#10774 = ORIENTED_EDGE ( 'NONE', *, *, #9865, .T. ) ;
#10775 = CARTESIAN_POINT ( 'NONE',  ( 14.84924240491747582, 0.000000000000000000, 16.94924240491752343 ) ) ;
#10776 = ORIENTED_EDGE ( 'NONE', *, *, #94, .T. ) ;
#10777 = EDGE_LOOP ( 'NONE', ( #7652, #2223, #226, #8418 ) ) ;
#10778 = CARTESIAN_POINT ( 'NONE',  ( -30.00000000000000000, 0.000000000000000000, -10.00000000000000000 ) ) ;
#10779 = EDGE_LOOP ( 'NONE', ( #2732, #1037 ) ) ;
#10780 = CARTESIAN_POINT ( 'NONE',  ( 0.000000000000000000, 0.000000000000000000, -60.00000000000000000 ) ) ;
#10781 = MECHANICAL_DESIGN_GEOMETRIC_PRESENTATION_REPRESENTATION (  '', ( #10384 ), #96 ) ;
#10782 = CARTESIAN_POINT ( 'NONE',  ( 0.000000000000000000, 42.99999999999998579, 0.000000000000000000 ) ) ;
#10783 = FACE_OUTER_BOUND ( 'NONE', #2276, .T. ) ;
#10784 = CARTESIAN_POINT ( 'NONE',  ( -6.300000000000000711, 34.20000000000000284, 16.86149459567567632 ) ) ;
#10785 = EDGE_CURVE ( 'NONE', #2094, #6404, #10118, .T. ) ;
#10786 = LINE ( 'NONE', #10711, #9616 ) ;
#10787 = DIRECTION ( 'NONE',  ( 0.000000000000000000, 0.000000000000000000, -1.000000000000000000 ) ) ;
#10788 = CARTESIAN_POINT ( 'NONE',  ( 0.000000000000000000, 35.39999999999999858, 0.000000000000000000 ) ) ;
#10789 = MECHANICAL_DESIGN_GEOMETRIC_PRESENTATION_REPRESENTATION (  '', ( #295 ), #6225 ) ;
#10790 = VERTEX_POINT ( 'NONE', #2622 ) ;
#10791 = FACE_OUTER_BOUND ( 'NONE', #2931, .T. ) ;
#10792 = FACE_OUTER_BOUND ( 'NONE', #7293, .T. ) ;
#10793 = VERTEX_POINT ( 'NONE', #1638 ) ;
#10794 = DIRECTION ( 'NONE',  ( -0.000000000000000000, 1.000000000000000000, -0.000000000000000000 ) ) ;
#10795 = DIRECTION ( 'NONE',  ( -0.000000000000000000, -1.000000000000000000, -0.000000000000000000 ) ) ;
#10796 = AXIS2_PLACEMENT_3D ( 'NONE', #7869, #3291, #10730 ) ;
#10797 = VERTEX_POINT ( 'NONE', #5419 ) ;
#10798 = CARTESIAN_POINT ( 'NONE',  ( -20.63749999999999574, 0.000000000000000000, 0.000000000000000000 ) ) ;
#10799 = ADVANCED_FACE ( 'NONE', ( #5531 ), #6399, .T. ) ;
#10800 = DIRECTION ( 'NONE',  ( 0.000000000000000000, 0.000000000000000000, 1.000000000000000000 ) ) ;
#10801 = DIRECTION ( 'NONE',  ( 0.000000000000000000, 0.000000000000000000, -1.000000000000000000 ) ) ;
#10802 = EDGE_LOOP ( 'NONE', ( #2794, #9884, #3583, #3783, #3121, #10082, #1300, #7054 ) ) ;
#10803 = AXIS2_PLACEMENT_3D ( 'NONE', #1064, #4841, #3889 ) ;
#10804 = FACE_OUTER_BOUND ( 'NONE', #11066, .T. ) ;
#10805 = ORIENTED_EDGE ( 'NONE', *, *, #11594, .F. ) ;
#10806 = DIRECTION ( 'NONE',  ( 1.000000000000000000, 0.000000000000000000, 0.000000000000000000 ) ) ;
#10807 =( REPRESENTATION_RELATIONSHIP ('NONE','NONE', #9464, #4477 ) REPRESENTATION_RELATIONSHIP_WITH_TRANSFORMATION ( #1717 )SHAPE_REPRESENTATION_RELATIONSHIP( ) );
#10808 = ORIENTED_EDGE ( 'NONE', *, *, #1580, .F. ) ;
#10809 = DIRECTION ( 'NONE',  ( -1.000000000000000000, 0.000000000000000000, 0.000000000000000000 ) ) ;
#10810 = EDGE_LOOP ( 'NONE', ( #4481, #9094, #9128, #4506, #4229, #7457, #3498, #9208 ) ) ;
#10811 = CARTESIAN_POINT ( 'NONE',  ( 4.286263797015735707E-15, 27.60000000000000142, 35.00000000000000000 ) ) ;
#10812 = CIRCLE ( 'NONE', #6646, 41.00000000000000000 ) ;
#10813 = CARTESIAN_POINT ( 'NONE',  ( -198.4000000000000909, 20.00000000000000000, -9.999999999999953815 ) ) ;
#10814 = CARTESIAN_POINT ( 'NONE',  ( 25.00000000000000000, 29.80000000000000426, 5.000000000000000000 ) ) ;
#10815 = EDGE_CURVE ( 'NONE', #8889, #11565, #7159, .T. ) ;
#10816 = FACE_OUTER_BOUND ( 'NONE', #3386, .T. ) ;
#10817 = CARTESIAN_POINT ( 'NONE',  ( 90.00000000000000000, 20.00000000000000000, -19.99999999999998224 ) ) ;
#10818 = CLOSED_SHELL ( 'NONE', ( #797, #2741, #6633, #6294, #7962, #3132 ) ) ;
#10819 = ORIENTED_EDGE ( 'NONE', *, *, #5959, .T. ) ;
#10820 = DIRECTION ( 'NONE',  ( 0.000000000000000000, 0.000000000000000000, 1.000000000000000000 ) ) ;
#10821 = AXIS2_PLACEMENT_3D ( 'NONE', #140, #9311, #1936 ) ;
#10822 = VERTEX_POINT ( 'NONE', #5764 ) ;
#10823 = CARTESIAN_POINT ( 'NONE',  ( -133.7500000000000853, 20.00000000000000000, -110.0000000000000284 ) ) ;
#10824 = ORIENTED_EDGE ( 'NONE', *, *, #6688, .F. ) ;
#10825 = ORIENTED_EDGE ( 'NONE', *, *, #12105, .T. ) ;
#10826 = APPLICATION_PROTOCOL_DEFINITION ( 'draft international standard', 'automotive_design', 1998, #607 ) ;
#10827 = EDGE_CURVE ( 'NONE', #4818, #1360, #6575, .T. ) ;
#10828 = ORIENTED_EDGE ( 'NONE', *, *, #2632, .F. ) ;
#10829 = CARTESIAN_POINT ( 'NONE',  ( -25.00000000000000000, 34.20000000000000284, 3.000000000000000000 ) ) ;
#10830 = LINE ( 'NONE', #1353, #6368 ) ;
#10831 = DIRECTION ( 'NONE',  ( -0.000000000000000000, -1.000000000000000000, -0.000000000000000000 ) ) ;
#10832 = ADVANCED_FACE ( 'NONE', ( #3033 ), #8667, .F. ) ;
#10833 = CARTESIAN_POINT ( 'NONE',  ( 138.3273854894824240, 3.000000000000000000, -280.0007909404973248 ) ) ;
#10834 = EDGE_LOOP ( 'NONE', ( #7290, #6113, #4036, #1465 ) ) ;
#10835 = CARTESIAN_POINT ( 'NONE',  ( 4.286263797015736496E-15, 2.999999999999999112, 35.00000000000000000 ) ) ;
#10836 = EDGE_CURVE ( 'NONE', #9108, #8283, #5881, .T. ) ;
#10837 = VERTEX_POINT ( 'NONE', #10423 ) ;
#10838 = ADVANCED_FACE ( 'NONE', ( #9483 ), #3843, .F. ) ;
#10839 = VERTEX_POINT ( 'NONE', #7494 ) ;
#10840 = LINE ( 'NONE', #9043, #11575 ) ;
#10841 = ORIENTED_EDGE ( 'NONE', *, *, #7672, .F. ) ;
#10842 = DIRECTION ( 'NONE',  ( -1.000000000000000000, 0.000000000000000000, 0.000000000000000000 ) ) ;
#10843 = CARTESIAN_POINT ( 'NONE',  ( 18.73499399519520381, 29.80000000000000426, -4.999999999999994671 ) ) ;
#10844 = FACE_OUTER_BOUND ( 'NONE', #3310, .T. ) ;
#10845 = LINE ( 'NONE', #509, #1053 ) ;
#10846 = DIRECTION ( 'NONE',  ( 0.000000000000000000, 0.000000000000000000, 1.000000000000000000 ) ) ;
#10847 = DIRECTION ( 'NONE',  ( -1.000000000000000000, 0.000000000000000000, -0.000000000000000000 ) ) ;
#10848 = ORIENTED_EDGE ( 'NONE', *, *, #9442, .T. ) ;
#10849 = FACE_OUTER_BOUND ( 'NONE', #10964, .T. ) ;
#10850 = CARTESIAN_POINT ( 'NONE',  ( 0.000000000000000000, 2.999999999999999112, 0.000000000000000000 ) ) ;
#10851 = ORIENTED_EDGE ( 'NONE', *, *, #10653, .T. ) ;
#10852 = DIRECTION ( 'NONE',  ( 0.000000000000000000, 1.000000000000000000, 0.000000000000000000 ) ) ;
#10853 = DIRECTION ( 'NONE',  ( 0.000000000000000000, 0.000000000000000000, -1.000000000000000000 ) ) ;
#10854 = ORIENTED_EDGE ( 'NONE', *, *, #3652, .F. ) ;
#10855 = FACE_OUTER_BOUND ( 'NONE', #5675, .T. ) ;
#10856 = DIRECTION ( 'NONE',  ( 0.000000000000000000, 0.000000000000000000, 1.000000000000000000 ) ) ;
#10857 = CARTESIAN_POINT ( 'NONE',  ( -7.332110811570580046E-14, 20.00000000000000000, 23.10000000000000142 ) ) ;
#10858 = VERTEX_POINT ( 'NONE', #2111 ) ;
#10859 = CARTESIAN_POINT ( 'NONE',  ( 0.07261451051825866532, -43.00000000000000000, -360.0007909404973816 ) ) ;
#10860 = EDGE_LOOP ( 'NONE', ( #11956, #1345, #5746, #138 ) ) ;
#10861 = CARTESIAN_POINT ( 'NONE',  ( -14.84924240491737102, 0.000000000000000000, -14.84924240491763392 ) ) ;
#10862 = ADVANCED_FACE ( 'NONE', ( #9666 ), #1181, .F. ) ;
#10863 = ORIENTED_EDGE ( 'NONE', *, *, #1971, .T. ) ;
#10864 = PLANE ( 'NONE',  #4562 ) ;
#10865 = EDGE_LOOP ( 'NONE', ( #5320, #7665, #4494, #10447 ) ) ;
#10866 = CARTESIAN_POINT ( 'NONE',  ( 2.199633243471174140E-13, 0.000000000000000000, -18.89999999999999503 ) ) ;
#10867 = FACE_OUTER_BOUND ( 'NONE', #7969, .T. ) ;
#10868 = CARTESIAN_POINT ( 'NONE',  ( -120.2500000000000284, 20.00000000000000000, -19.99999999999998579 ) ) ;
#10869 = DIRECTION ( 'NONE',  ( 0.000000000000000000, 0.000000000000000000, 1.000000000000000000 ) ) ;
#10870 = ORIENTED_EDGE ( 'NONE', *, *, #8035, .T. ) ;
#10871 = LINE ( 'NONE', #7961, #5169 ) ;
#10872 = EDGE_CURVE ( 'NONE', #6084, #6554, #4957, .T. ) ;
#10873 = ORIENTED_EDGE ( 'NONE', *, *, #5303, .F. ) ;
#10874 = CYLINDRICAL_SURFACE ( 'NONE', #4, 2.099999999999997868 ) ;
#10875 = ORIENTED_EDGE ( 'NONE', *, *, #6151, .F. ) ;
#10876 = VERTEX_POINT ( 'NONE', #12221 ) ;
#10877 = APPLICATION_PROTOCOL_DEFINITION ( 'draft international standard', 'automotive_design', 1998, #8429 ) ;
#10878 = EDGE_CURVE ( 'NONE', #7256, #5652, #4596, .T. ) ;
#10879 = ORIENTED_EDGE ( 'NONE', *, *, #3484, .F. ) ;
#10880 = DIRECTION ( 'NONE',  ( 0.000000000000000000, 0.000000000000000000, 1.000000000000000000 ) ) ;
#10881 = CYLINDRICAL_SURFACE ( 'NONE', #5771, 1.649999999999997025 ) ;
#10882 = CARTESIAN_POINT ( 'NONE',  ( -130.0000000000000000, 20.00000000000000000, -10.24999999999998579 ) ) ;
#10883 = VECTOR ( 'NONE', #6746, 1000.000000000000000 ) ;
#10884 = SURFACE_SIDE_STYLE ('',( #7099 ) ) ;
#10885 = EDGE_CURVE ( 'NONE', #76, #3507, #854, .T. ) ;
#10886 = AXIS2_PLACEMENT_3D ( 'NONE', #785, #733, #12115 ) ;
#10887 = ORIENTED_EDGE ( 'NONE', *, *, #8564, .T. ) ;
#10888 = DIRECTION ( 'NONE',  ( 1.000000000000000000, -0.000000000000000000, 3.590534112833708514E-16 ) ) ;
#10889 = VERTEX_POINT ( 'NONE', #6755 ) ;
#10890 = ORIENTED_EDGE ( 'NONE', *, *, #11735, .T. ) ;
#10892 = CARTESIAN_POINT ( 'NONE',  ( 0.000000000000000000, -2.500000000000000000, 0.000000000000000000 ) ) ;
#10891 = AXIS2_PLACEMENT_3D ( 'NONE', #11368, #10436, #9501 ) ;
#10893 = AXIS2_PLACEMENT_3D ( 'NONE', #5595, #10370, #8149 ) ;
#10894 = EDGE_CURVE ( 'NONE', #9167, #4362, #7739, .T. ) ;
#10895 = ORIENTED_EDGE ( 'NONE', *, *, #11274, .F. ) ;
#10896 = CYLINDRICAL_SURFACE ( 'NONE', #3395, 9.750000000000000000 ) ;
#10897 = DIRECTION ( 'NONE',  ( -0.000000000000000000, 1.000000000000000000, -0.000000000000000000 ) ) ;
#10898 = CARTESIAN_POINT ( 'NONE',  ( 238.3273854894817134, 0.000000000000000000, -95.00026364683247948 ) ) ;
#10899 =( REPRESENTATION_RELATIONSHIP ('NONE','NONE', #9464, #5724 ) REPRESENTATION_RELATIONSHIP_WITH_TRANSFORMATION ( #7224 )SHAPE_REPRESENTATION_RELATIONSHIP( ) );
#10900 = LINE ( 'NONE', #3275, #1593 ) ;
#10901 = VECTOR ( 'NONE', #8665, 1000.000000000000000 ) ;
#10902 = DIRECTION ( 'NONE',  ( -0.000000000000000000, 1.000000000000000000, -0.000000000000000000 ) ) ;
#10903 = CARTESIAN_POINT ( 'NONE',  ( -21.00000000000000000, 20.00000000000000000, -2.100000000000146638 ) ) ;
#10904 = EDGE_CURVE ( 'NONE', #3472, #5232, #11536, .T. ) ;
#10905 = VECTOR ( 'NONE', #8742, 1000.000000000000000 ) ;
#10906 = AXIS2_PLACEMENT_3D ( 'NONE', #2478, #10043, #5327 ) ;
#10907 = ADVANCED_FACE ( 'NONE', ( #3716 ), #2904, .T. ) ;
#10908 = PRODUCT_DEFINITION_FORMATION_WITH_SPECIFIED_SOURCE ( 'ANY', '', #7318, .NOT_KNOWN. ) ;
#10909 = CARTESIAN_POINT ( 'NONE',  ( -68.73863542433761609, 20.00000000000000000, -30.00000000000000000 ) ) ;
#10910 = PRODUCT_DEFINITION_SHAPE ( 'NONE', 'NONE',  #12265 ) ;
#10911 = VERTEX_POINT ( 'NONE', #10366 ) ;
#10912 = LINE ( 'NONE', #9984, #11931 ) ;
#10913 = CARTESIAN_POINT ( 'NONE',  ( -93.10000000000000853, 10.00000000000000000, 9.999999999999980460 ) ) ;
#10914 = ORIENTED_EDGE ( 'NONE', *, *, #8171, .F. ) ;
#10915 = CIRCLE ( 'NONE', #2204, 5.000000000000000000 ) ;
#10916 = CARTESIAN_POINT ( 'NONE',  ( 4.400000000000000355, 1.885956070686923806E-15, 15.40000000000000036 ) ) ;
#10917 = EDGE_CURVE ( 'NONE', #8230, #4193, #11459, .T. ) ;
#10918 = CARTESIAN_POINT ( 'NONE',  ( 4.999999999999998224, 34.20000000000000284, -23.00000000000000000 ) ) ;
#10919 = CIRCLE ( 'NONE', #8331, 7.000000000000000000 ) ;
#10920 = CIRCLE ( 'NONE', #4377, 1.999999999999998224 ) ;
#10921 = ORIENTED_EDGE ( 'NONE', *, *, #1857, .T. ) ;
#10922 = DIRECTION ( 'NONE',  ( -0.000000000000000000, -0.000000000000000000, -1.000000000000000000 ) ) ;
#10923 = DIRECTION ( 'NONE',  ( -0.000000000000000000, 1.000000000000000000, -0.000000000000000000 ) ) ;
#10924 = EDGE_CURVE ( 'NONE', #1814, #11568, #3781, .T. ) ;
#10925 = VECTOR ( 'NONE', #10195, 1000.000000000000000 ) ;
#10926 = EDGE_CURVE ( 'NONE', #10721, #7939, #12122, .T. ) ;
#10927 = AXIS2_PLACEMENT_3D ( 'NONE', #11631, #8843, #4057 ) ;
#10928 = CIRCLE ( 'NONE', #7154, 2.000000000000000000 ) ;
#10929 = VERTEX_POINT ( 'NONE', #5653 ) ;
#10930 = CARTESIAN_POINT ( 'NONE',  ( 0.000000000000000000, -63.24555320336758513, 6.299999999999999822 ) ) ;
#10931 = AXIS2_PLACEMENT_3D ( 'NONE', #11906, #3411, #765 ) ;
#10932 = AXIS2_PLACEMENT_3D ( 'NONE', #1756, #12041, #830 ) ;
#10933 = ORIENTED_EDGE ( 'NONE', *, *, #2716, .T. ) ;
#10934 = DIRECTION ( 'NONE',  ( 0.000000000000000000, 0.000000000000000000, 1.000000000000000000 ) ) ;
#10935 = VERTEX_POINT ( 'NONE', #5827 ) ;
#10936 = CARTESIAN_POINT ( 'NONE',  ( 0.000000000000000000, 0.000000000000000000, 10.00000000000000000 ) ) ;
#10937 = VECTOR ( 'NONE', #6599, 1000.000000000000000 ) ;
#10938 = VERTEX_POINT ( 'NONE', #4901 ) ;
#10939 = VECTOR ( 'NONE', #9172, 1000.000000000000000 ) ;
#10940 = DIRECTION ( 'NONE',  ( 0.000000000000000000, 0.000000000000000000, 1.000000000000000000 ) ) ;
#10941 = AXIS2_PLACEMENT_3D ( 'NONE', #1686, #811, #3466 ) ;
#10942 = DIRECTION ( 'NONE',  ( -0.000000000000000000, -1.000000000000000000, -0.000000000000000000 ) ) ;
#10943 = EDGE_CURVE ( 'NONE', #2226, #6331, #9433, .T. ) ;
#10944 = SURFACE_STYLE_USAGE ( .BOTH. , #11677 ) ;
#10945 = AXIS2_PLACEMENT_3D ( 'NONE', #804, #10121, #7430 ) ;
#10946 = EDGE_LOOP ( 'NONE', ( #8801, #2708 ) ) ;
#10947 = VECTOR ( 'NONE', #8934, 1000.000000000000000 ) ;
#10948 = DIRECTION ( 'NONE',  ( -1.000000000000000000, -0.000000000000000000, -6.938893903907232322E-16 ) ) ;
#10949 = AXIS2_PLACEMENT_3D ( 'NONE', #1419, #1301, #5077 ) ;
#10950 = ORIENTED_EDGE ( 'NONE', *, *, #10504, .F. ) ;
#10951 = DIRECTION ( 'NONE',  ( 0.000000000000000000, -0.000000000000000000, 1.000000000000000000 ) ) ;
#10952 = EDGE_LOOP ( 'NONE', ( #7376, #3762, #1386, #10808 ) ) ;
#10953 = EDGE_LOOP ( 'NONE', ( #4678, #9586 ) ) ;
#10954 = APPLICATION_PROTOCOL_DEFINITION ( 'draft international standard', 'automotive_design', 1998, #9939 ) ;
#10955 = VERTEX_POINT ( 'NONE', #7563 ) ;
#10956 = DIRECTION ( 'NONE',  ( 0.000000000000000000, 0.000000000000000000, 1.000000000000000000 ) ) ;
#10957 = CIRCLE ( 'NONE', #7971, 1.649999999999997025 ) ;
#10958 = AXIS2_PLACEMENT_3D ( 'NONE', #2397, #1540, #9890 ) ;
#10959 = CARTESIAN_POINT ( 'NONE',  ( 0.000000000000000000, -2.500000000000000000, 0.000000000000000000 ) ) ;
#10960 = EDGE_CURVE ( 'NONE', #9256, #10060, #514, .T. ) ;
#10961 = LINE ( 'NONE', #6236, #4207 ) ;
#10962 = SURFACE_STYLE_USAGE ( .BOTH. , #7169 ) ;
#10963 = AXIS2_PLACEMENT_3D ( 'NONE', #12097, #3601, #1566 ) ;
#10964 = EDGE_LOOP ( 'NONE', ( #4065, #1767, #7094, #5106 ) ) ;
#10965 = DIRECTION ( 'NONE',  ( 0.000000000000000000, -0.000000000000000000, 1.000000000000000000 ) ) ;
#10966 = VERTEX_POINT ( 'NONE', #2358 ) ;
#10967 = ORIENTED_EDGE ( 'NONE', *, *, #11749, .F. ) ;
#10968 = DIRECTION ( 'NONE',  ( 0.000000000000000000, 1.000000000000000000, 0.000000000000000000 ) ) ;
#10969 = EDGE_LOOP ( 'NONE', ( #4162, #11732, #6162, #8227 ) ) ;
#10970 = CARTESIAN_POINT ( 'NONE',  ( 9.184850993605150311E-15, 16.00000000000000000, 75.00000000000001421 ) ) ;
#10971 = CARTESIAN_POINT ( 'NONE',  ( 6.123233995736766282E-16, 0.000000000000000000, 5.000000000000000000 ) ) ;
#10972 = DIRECTION ( 'NONE',  ( 1.000000000000000000, 0.000000000000000000, 0.000000000000000000 ) ) ;
#10973 = DIRECTION ( 'NONE',  ( -0.000000000000000000, -1.000000000000000000, -0.000000000000000000 ) ) ;
#10974 = AXIS2_PLACEMENT_3D ( 'NONE', #5398, #9178, #11892 ) ;
#10975 = CARTESIAN_POINT ( 'NONE',  ( -21.00000000000000000, 29.80000000000000426, -1.466422162314116009E-13 ) ) ;
#10976 = EDGE_CURVE ( 'NONE', #6456, #9754, #6175, .T. ) ;
#10977 = APPLICATION_CONTEXT ( 'automotive_design' ) ;
#10978 = CARTESIAN_POINT ( 'NONE',  ( 0.000000000000000000, 0.000000000000000000, -10.00000000000000000 ) ) ;
#10979 = ORIENTED_EDGE ( 'NONE', *, *, #7186, .T. ) ;
#10980 = DIRECTION ( 'NONE',  ( -0.000000000000000000, 1.000000000000000000, -0.000000000000000000 ) ) ;
#10981 = DIRECTION ( 'NONE',  ( -0.000000000000000000, -1.000000000000000000, -0.000000000000000000 ) ) ;
#10982 = ORIENTED_EDGE ( 'NONE', *, *, #12203, .F. ) ;
#10983 = AXIS2_PLACEMENT_3D ( 'NONE', #7432, #2715, #8932 ) ;
#10984 =( NAMED_UNIT ( * ) PLANE_ANGLE_UNIT ( ) SI_UNIT ( $, .RADIAN. ) );
#10985 = DIRECTION ( 'NONE',  ( 0.000000000000000000, 0.000000000000000000, 1.000000000000000000 ) ) ;
#10986 = ADVANCED_FACE ( 'NONE', ( #256 ), #11719, .T. ) ;
#10987 = ORIENTED_EDGE ( 'NONE', *, *, #4312, .T. ) ;
#10988 = CARTESIAN_POINT ( 'NONE',  ( 90.00000000000000000, 20.00000000000000000, -19.99999999999998224 ) ) ;
#10989 = LINE ( 'NONE', #6264, #116 ) ;
#10990 = DIRECTION ( 'NONE',  ( -2.745056929018243809E-16, -0.000000000000000000, -1.000000000000000000 ) ) ;
#10991 = MECHANICAL_DESIGN_GEOMETRIC_PRESENTATION_REPRESENTATION (  '', ( #8014 ), #718 ) ;
#10992 = EDGE_CURVE ( 'NONE', #9556, #4415, #8954, .T. ) ;
#10993 = EDGE_LOOP ( 'NONE', ( #10950, #3990, #9420, #11290 ) ) ;
#10994 = DIRECTION ( 'NONE',  ( -0.000000000000000000, 1.000000000000000000, -0.000000000000000000 ) ) ;
#10995 = PRODUCT_DEFINITION_SHAPE ( 'NONE', 'NONE',  #8846 ) ;
#10996 = EDGE_LOOP ( 'NONE', ( #9808, #1637, #9896, #159 ) ) ;
#10997 = DIRECTION ( 'NONE',  ( 0.000000000000000000, 1.000000000000000000, 0.000000000000000000 ) ) ;
#10998 = UNCERTAINTY_MEASURE_WITH_UNIT (LENGTH_MEASURE( 1.000000000000000082E-05 ), #7771, 'distance_accuracy_value', 'NONE');
#10999 = ADVANCED_FACE ( 'NONE', ( #10791 ), #2300, .T. ) ;
#11000 = VERTEX_POINT ( 'NONE', #9856 ) ;
#11001 = EDGE_CURVE ( 'NONE', #8218, #7737, #9798, .T. ) ;
#11002 = CARTESIAN_POINT ( 'NONE',  ( 0.000000000000000000, 29.80000000000000426, -40.00000000000000000 ) ) ;
#11003 = CIRCLE ( 'NONE', #5649, 2.100000000000000089 ) ;
#11004 = ORIENTED_EDGE ( 'NONE', *, *, #313, .F. ) ;
#11005 = CARTESIAN_POINT ( 'NONE',  ( -7.332110811570580046E-14, -5.939696961967007027, 23.10000000000000142 ) ) ;
#11006 = CARTESIAN_POINT ( 'NONE',  ( -0.07261451051832458481, -39.99999999999999289, -380.0002636468324226 ) ) ;
#11007 = AXIS2_PLACEMENT_3D ( 'NONE', #11226, #822, #1978 ) ;
#11008 = LINE ( 'NONE', #4612, #11876 ) ;
#11009 = ORIENTED_EDGE ( 'NONE', *, *, #10976, .F. ) ;
#11010 = CARTESIAN_POINT ( 'NONE',  ( 7.715274834628326364E-16, -2.500000000000000000, 6.300000000000000711 ) ) ;
#11011 = ORIENTED_EDGE ( 'NONE', *, *, #1896, .F. ) ;
#11012 = CARTESIAN_POINT ( 'NONE',  ( 4.999999999999998224, 29.80000000000000426, 23.00000000000000000 ) ) ;
#11013 = EDGE_CURVE ( 'NONE', #5001, #6734, #7561, .T. ) ;
#11014 = ORIENTED_EDGE ( 'NONE', *, *, #8063, .F. ) ;
#11015 = VERTEX_POINT ( 'NONE', #375 ) ;
#11016 = CONTEXT_DEPENDENT_SHAPE_REPRESENTATION ( #11535, #6928 ) ;
#11017 = EDGE_LOOP ( 'NONE', ( #1166, #8785, #3406, #4906 ) ) ;
#11018 = CARTESIAN_POINT ( 'NONE',  ( 4.400000000000001243, 0.000000000000000000, -16.00000000000000000 ) ) ;
#11019 = DIRECTION ( 'NONE',  ( 1.000000000000000000, 0.000000000000000000, 0.000000000000000000 ) ) ;
#11020 = CLOSED_SHELL ( 'NONE', ( #5601, #1838, #10078, #6699, #3759, #2728, #10010, #6083, #2093, #8195 ) ) ;
#11021 = CARTESIAN_POINT ( 'NONE',  ( -93.75000000000008527, 0.000000000000000000, -29.99999999999997158 ) ) ;
#11022 = AXIS2_PLACEMENT_3D ( 'NONE', #10249, #5425, #5537 ) ;
#11023 = EDGE_LOOP ( 'NONE', ( #301, #546, #10268, #11426 ) ) ;
#11024 = DIRECTION ( 'NONE',  ( -0.000000000000000000, -1.000000000000000000, -0.000000000000000000 ) ) ;
#11025 = ADVANCED_FACE ( 'NONE', ( #6010, #11840 ), #3338, .F. ) ;
#11026 = EDGE_LOOP ( 'NONE', ( #12220, #8228, #255, #957 ) ) ;
#11027 = EDGE_LOOP ( 'NONE', ( #2480, #8328, #9012, #10825 ) ) ;
#11028 = DIRECTION ( 'NONE',  ( -0.000000000000000000, 1.000000000000000000, -0.000000000000000000 ) ) ;
#11029 = ORIENTED_EDGE ( 'NONE', *, *, #2341, .F. ) ;
#11030 = LINE ( 'NONE', #5390, #10939 ) ;
#11031 = DIRECTION ( 'NONE',  ( 0.000000000000000000, -1.000000000000000000, 0.000000000000000000 ) ) ;
#11032 = DIRECTION ( 'NONE',  ( -0.000000000000000000, -1.000000000000000000, -0.000000000000000000 ) ) ;
#11033 = DIRECTION ( 'NONE',  ( 1.000000000000000000, 0.000000000000000000, -0.000000000000000000 ) ) ;
#11034 = CIRCLE ( 'NONE', #9246, 30.00000000000000000 ) ;
#11035 = DIRECTION ( 'NONE',  ( -0.000000000000000000, -0.000000000000000000, -1.000000000000000000 ) ) ;
#11036 = CARTESIAN_POINT ( 'NONE',  ( 138.3273854894817134, -39.99999999999999289, -90.00026364683252211 ) ) ;
#11037 = VERTEX_POINT ( 'NONE', #7922 ) ;
#11038 = DIRECTION ( 'NONE',  ( 0.000000000000000000, -1.000000000000000000, 0.000000000000000000 ) ) ;
#11039 = ADVANCED_FACE ( 'NONE', ( #10849 ), #447, .F. ) ;
#11040 = PLANE ( 'NONE',  #12119 ) ;
#11041 = ORIENTED_EDGE ( 'NONE', *, *, #5847, .F. ) ;
#11042 = SHAPE_REPRESENTATION_RELATIONSHIP ( 'NONE' , 'NONE' ,  #3194, #3231 ) ;
#11043 = CARTESIAN_POINT ( 'NONE',  ( 80.25000000000000000, 20.00000000000000000, -19.99999999999998224 ) ) ;
#11044 = EDGE_CURVE ( 'NONE', #8290, #3095, #8542, .T. ) ;
#11045 = VERTEX_POINT ( 'NONE', #5093 ) ;
#11046 = CARTESIAN_POINT ( 'NONE',  ( 0.000000000000000000, 35.39999999999999858, 0.000000000000000000 ) ) ;
#11047 = DIRECTION ( 'NONE',  ( 0.000000000000000000, 0.000000000000000000, 1.000000000000000000 ) ) ;
#11048 = DIRECTION ( 'NONE',  ( -0.000000000000000000, -1.000000000000000000, -0.000000000000000000 ) ) ;
#11049 = DIRECTION ( 'NONE',  ( 0.000000000000000000, 0.000000000000000000, 1.000000000000000000 ) ) ;
#11050 = ORIENTED_EDGE ( 'NONE', *, *, #9584, .T. ) ;
#11051 = LINE ( 'NONE', #6397, #4568 ) ;
#11052 = EDGE_LOOP ( 'NONE', ( #9339, #11994, #337, #1861 ) ) ;
#11053 = PRODUCT_RELATED_PRODUCT_CATEGORY ( 'part', '', ( #6231 ) ) ;
#11054 = DIRECTION ( 'NONE',  ( 0.000000000000000000, 0.000000000000000000, 1.000000000000000000 ) ) ;
#11055 = EDGE_CURVE ( 'NONE', #465, #4218, #10912, .T. ) ;
#11056 = ORIENTED_EDGE ( 'NONE', *, *, #333, .F. ) ;
#11057 = DIRECTION ( 'NONE',  ( -0.000000000000000000, 1.000000000000000000, -0.000000000000000000 ) ) ;
#11058 = EDGE_CURVE ( 'NONE', #7959, #11078, #5977, .T. ) ;
#11059 = ORIENTED_EDGE ( 'NONE', *, *, #3478, .T. ) ;
#11060 = DIRECTION ( 'NONE',  ( 0.000000000000000000, 1.000000000000000000, 0.000000000000000000 ) ) ;
#11061 = EDGE_CURVE ( 'NONE', #11974, #5700, #4998, .T. ) ;
#11062 = ADVANCED_FACE ( 'NONE', ( #8736 ), #6930, .T. ) ;
#11063 = CARTESIAN_POINT ( 'NONE',  ( -2.500000000000000444, -16.00000000000000000, 8.000000000000000000 ) ) ;
#11064 = ORIENTED_EDGE ( 'NONE', *, *, #12151, .F. ) ;
#11065 = DIRECTION ( 'NONE',  ( -0.000000000000000000, -1.000000000000000000, 0.000000000000000000 ) ) ;
#11066 = EDGE_LOOP ( 'NONE', ( #10084, #7594, #9665, #3189, #11228, #7892, #6977, #11790 ) ) ;
#11067 = ORIENTED_EDGE ( 'NONE', *, *, #1463, .F. ) ;
#11068 = EDGE_LOOP ( 'NONE', ( #5666, #5533 ) ) ;
#11069 = CONTEXT_DEPENDENT_SHAPE_REPRESENTATION ( #9635, #4270 ) ;
#11070 = ORIENTED_EDGE ( 'NONE', *, *, #5990, .F. ) ;
#11071 = DIRECTION ( 'NONE',  ( 0.000000000000000000, -1.000000000000000000, 0.000000000000000000 ) ) ;
#11072 = CARTESIAN_POINT ( 'NONE',  ( 0.000000000000000000, 9.000000000000001776, 44.50000000000000711 ) ) ;
#11073 = DIRECTION ( 'NONE',  ( -0.000000000000000000, 1.000000000000000000, 0.000000000000000000 ) ) ;
#11074 = ADVANCED_FACE ( 'NONE', ( #6868 ), #2163, .T. ) ;
#11075 = ORIENTED_EDGE ( 'NONE', *, *, #4573, .T. ) ;
#11076 = CARTESIAN_POINT ( 'NONE',  ( 0.000000000000000000, 12.00000000000000000, -35.00000000000000000 ) ) ;
#11077 = VERTEX_POINT ( 'NONE', #2243 ) ;
#11078 = VERTEX_POINT ( 'NONE', #11092 ) ;
#11079 = DIRECTION ( 'NONE',  ( 0.000000000000000000, 0.000000000000000000, 1.000000000000000000 ) ) ;
#11080 = VERTEX_POINT ( 'NONE', #5329 ) ;
#11081 = FACE_OUTER_BOUND ( 'NONE', #7020, .T. ) ;
#11082 = DIRECTION ( 'NONE',  ( 1.000000000000000000, 0.000000000000000000, -2.250437420865466312E-16 ) ) ;
#11083 = DIRECTION ( 'NONE',  ( -0.000000000000000000, 0.000000000000000000, 1.000000000000000000 ) ) ;
#11084 = CYLINDRICAL_SURFACE ( 'NONE', #4812, 2.099999999999999645 ) ;
#11085 = EDGE_CURVE ( 'NONE', #1378, #6095, #705, .T. ) ;
#11086 = CARTESIAN_POINT ( 'NONE',  ( -75.00000000000000000, 0.000000000000000000, -10.00000000000000178 ) ) ;
#11087 = DIRECTION ( 'NONE',  ( -0.000000000000000000, -0.000000000000000000, 1.000000000000000000 ) ) ;
#11088 = VECTOR ( 'NONE', #5755, 1000.000000000000000 ) ;
#11089 = VECTOR ( 'NONE', #11232, 1000.000000000000000 ) ;
#11090 = ORIENTED_EDGE ( 'NONE', *, *, #10628, .F. ) ;
#11091 =( GEOMETRIC_REPRESENTATION_CONTEXT ( 3 ) GLOBAL_UNCERTAINTY_ASSIGNED_CONTEXT ( ( #9869 ) ) GLOBAL_UNIT_ASSIGNED_CONTEXT ( ( #10232, #9362, #12086 ) ) REPRESENTATION_CONTEXT ( 'NONE', 'WORKASPACE' ) );
#11092 = CARTESIAN_POINT ( 'NONE',  ( 7.347880794884118356E-15, 20.00000000000000000, -60.00000000000000000 ) ) ;
#11093 = CARTESIAN_POINT ( 'NONE',  ( 75.00000000000000000, 0.000000000000000000, 10.00000000000000178 ) ) ;
#11094 = EDGE_LOOP ( 'NONE', ( #10033, #11129 ) ) ;
#11095 = CARTESIAN_POINT ( 'NONE',  ( 2.202205001749383553E-13, 20.00000000000000000, -23.09999999999999787 ) ) ;
#11096 = CIRCLE ( 'NONE', #9907, 2.099999999999997868 ) ;
#11097 = CARTESIAN_POINT ( 'NONE',  ( 238.3273854894816850, 0.000000000000000000, -90.00026364683253632 ) ) ;
#11098 = CARTESIAN_POINT ( 'NONE',  ( 150.0000000000000000, 0.000000000000000000, 30.00000000000000000 ) ) ;
#11099 = CARTESIAN_POINT ( 'NONE',  ( 238.3273854894817134, -43.00000000000000000, -95.00026364683247948 ) ) ;
#11100 = CARTESIAN_POINT ( 'NONE',  ( 138.3273854894824240, 3.000000000000000000, -9.999736353167559599 ) ) ;
#11101 = AXIS2_PLACEMENT_3D ( 'NONE', #659, #1703, #6145 ) ;
#11102 = AXIS2_PLACEMENT_3D ( 'NONE', #10595, #5936, #8732 ) ;
#11103 = PRODUCT_DEFINITION_FORMATION_WITH_SPECIFIED_SOURCE ( 'ANY', '', #8216, .NOT_KNOWN. ) ;
#11104 = LINE ( 'NONE', #714, #4613 ) ;
#11105 = EDGE_CURVE ( 'NONE', #11080, #5475, #451, .T. ) ;
#11106 = CARTESIAN_POINT ( 'NONE',  ( 90.00000000000000000, 0.000000000000000000, -19.99999999999998224 ) ) ;
#11107 = ORIENTED_EDGE ( 'NONE', *, *, #9631, .F. ) ;
#11108 = DIRECTION ( 'NONE',  ( -0.000000000000000000, -1.000000000000000000, -0.000000000000000000 ) ) ;
#11109 = AXIS2_PLACEMENT_3D ( 'NONE', #2733, #7263, #7392 ) ;
#11110 = ORIENTED_EDGE ( 'NONE', *, *, #5384, .T. ) ;
#11111 = EDGE_CURVE ( 'NONE', #1529, #5120, #9287, .T. ) ;
#11112 = CARTESIAN_POINT ( 'NONE',  ( 90.00000000000000000, 20.00000000000000000, -10.00000000000000000 ) ) ;
#11113 = AXIS2_PLACEMENT_3D ( 'NONE', #4084, #260, #5944 ) ;
#11114 = ORIENTED_EDGE ( 'NONE', *, *, #8897, .T. ) ;
#11115 = LINE ( 'NONE', #5294, #416 ) ;
#11116 = ORIENTED_EDGE ( 'NONE', *, *, #9584, .F. ) ;
#11117 = CIRCLE ( 'NONE', #8338, 42.79999999999996874 ) ;
#11118 = LINE ( 'NONE', #6405, #10591 ) ;
#11119 =( GEOMETRIC_REPRESENTATION_CONTEXT ( 3 ) GLOBAL_UNCERTAINTY_ASSIGNED_CONTEXT ( ( #4035 ) ) GLOBAL_UNIT_ASSIGNED_CONTEXT ( ( #9506, #10560, #8394 ) ) REPRESENTATION_CONTEXT ( 'NONE', 'WORKASPACE' ) );
#11120 = CARTESIAN_POINT ( 'NONE',  ( 238.3273854894817134, -39.99999999999999289, -95.00026364683247948 ) ) ;
#11121 = AXIS2_PLACEMENT_3D ( 'NONE', #8540, #10465, #1974 ) ;
#11122 = AXIS2_PLACEMENT_3D ( 'NONE', #3538, #7265, #3608 ) ;
#11123 = FACE_OUTER_BOUND ( 'NONE', #6482, .T. ) ;
#11124 = ORIENTED_EDGE ( 'NONE', *, *, #2334, .T. ) ;
#11125 = EDGE_CURVE ( 'NONE', #6623, #2567, #7377, .T. ) ;
#11126 = LINE ( 'NONE', #10197, #3582 ) ;
#11127 = ORIENTED_EDGE ( 'NONE', *, *, #4148, .T. ) ;
#11128 =( GEOMETRIC_REPRESENTATION_CONTEXT ( 3 ) GLOBAL_UNCERTAINTY_ASSIGNED_CONTEXT ( ( #10741 ) ) GLOBAL_UNIT_ASSIGNED_CONTEXT ( ( #1439, #10650, #5217 ) ) REPRESENTATION_CONTEXT ( 'NONE', 'WORKASPACE' ) );
#11129 = ORIENTED_EDGE ( 'NONE', *, *, #4861, .F. ) ;
#11130 = ORIENTED_EDGE ( 'NONE', *, *, #9604, .T. ) ;
#11131 = AXIS2_PLACEMENT_3D ( 'NONE', #1424, #11774, #3456 ) ;
#11132 = VECTOR ( 'NONE', #8291, 1000.000000000000000 ) ;
#11133 = ITEM_DEFINED_TRANSFORMATION ( 'NONE', 'NONE', #6735,  #10290 ) ;
#11134 = ORIENTED_EDGE ( 'NONE', *, *, #7868, .T. ) ;
#11135 = DIRECTION ( 'NONE',  ( -1.000000000000000000, 0.000000000000000000, 0.000000000000000000 ) ) ;
#11136 = DIRECTION ( 'NONE',  ( 0.000000000000000000, -1.000000000000000000, 0.000000000000000000 ) ) ;
#11137 = EDGE_CURVE ( 'NONE', #10507, #2456, #4402, .T. ) ;
#11138 = CARTESIAN_POINT ( 'NONE',  ( -5.000000000000001776, 29.80000000000000426, 18.73499399519520026 ) ) ;
#11139 = VECTOR ( 'NONE', #10942, 1000.000000000000000 ) ;
#11140 = DIRECTION ( 'NONE',  ( -0.000000000000000000, -0.000000000000000000, -1.000000000000000000 ) ) ;
#11141 = AXIS2_PLACEMENT_3D ( 'NONE', #4204, #10902, #3334 ) ;
#11142 = AXIS2_PLACEMENT_3D ( 'NONE', #69, #3835, #10285 ) ;
#11143 = DIRECTION ( 'NONE',  ( 0.000000000000000000, 0.000000000000000000, 1.000000000000000000 ) ) ;
#11144 = SHAPE_REPRESENTATION_RELATIONSHIP ( 'NONE' , 'NONE' ,  #1871, #2912 ) ;
#11145 = AXIS2_PLACEMENT_3D ( 'NONE', #11580, #3451, #10965 ) ;
#11146 = EDGE_CURVE ( 'NONE', #8001, #9880, #12152, .T. ) ;
#11147 = ORIENTED_EDGE ( 'NONE', *, *, #5384, .F. ) ;
#11148 = DIRECTION ( 'NONE',  ( 0.000000000000000000, 0.000000000000000000, 1.000000000000000000 ) ) ;
#11149 = ORIENTED_EDGE ( 'NONE', *, *, #8745, .F. ) ;
#11150 = ORIENTED_EDGE ( 'NONE', *, *, #7189, .T. ) ;
#11151 = CARTESIAN_POINT ( 'NONE',  ( -238.4000000000000057, 20.00000000000000000, -10.00000000000003908 ) ) ;
#11152 = VECTOR ( 'NONE', #5549, 1000.000000000000000 ) ;
#11153 = VERTEX_POINT ( 'NONE', #10169 ) ;
#11154 = ADVANCED_FACE ( 'NONE', ( #1743 ), #8240, .F. ) ;
#11155 = LINE ( 'NONE', #7363, #6770 ) ;
#11156 = EDGE_CURVE ( 'NONE', #8657, #9489, #2427, .T. ) ;
#11157 = CARTESIAN_POINT ( 'NONE',  ( -88.89999999999999147, 10.00000000000000000, 15.93969696196701591 ) ) ;
#11158 = CARTESIAN_POINT ( 'NONE',  ( 0.000000000000000000, -134.1640786499874025, 60.00000000000000000 ) ) ;
#11159 = CARTESIAN_POINT ( 'NONE',  ( 14.84924240491747582, 0.000000000000000000, 14.84924240491752556 ) ) ;
#11160 = CARTESIAN_POINT ( 'NONE',  ( 2.500000000000000444, -16.00000000000000000, 0.000000000000000000 ) ) ;
#11161 = VECTOR ( 'NONE', #1354, 1000.000000000000000 ) ;
#11162 = DIRECTION ( 'NONE',  ( 0.000000000000000000, -1.000000000000000000, 0.000000000000000000 ) ) ;
#11163 = ORIENTED_EDGE ( 'NONE', *, *, #6112, .T. ) ;
#11164 = CARTESIAN_POINT ( 'NONE',  ( 218.3273854894824524, 3.000000000000000000, -280.0007909404973248 ) ) ;
#11165 = LINE ( 'NONE', #1744, #1437 ) ;
#11166 = EDGE_LOOP ( 'NONE', ( #6261, #7638, #9242, #5528 ) ) ;
#11167 = ADVANCED_FACE ( 'NONE', ( #7251 ), #4398, .F. ) ;
#11168 = CARTESIAN_POINT ( 'NONE',  ( 238.3273854894817134, -39.99999999999999289, -215.0002636468324511 ) ) ;
#11169 = DIRECTION ( 'NONE',  ( 1.387778780781446662E-15, -0.000000000000000000, 1.000000000000000000 ) ) ;
#11170 = PLANE ( 'NONE',  #11142 ) ;
#11171 = PLANE ( 'NONE',  #11669 ) ;
#11172 = LINE ( 'NONE', #2899, #5466 ) ;
#11173 = DIRECTION ( 'NONE',  ( 0.000000000000000000, 1.000000000000000000, 0.000000000000000000 ) ) ;
#11174 = VERTEX_POINT ( 'NONE', #3404 ) ;
#11175 = LINE ( 'NONE', #10056, #5354 ) ;
#11176 = VECTOR ( 'NONE', #6007, 1000.000000000000000 ) ;
#11177 = ORIENTED_EDGE ( 'NONE', *, *, #7414, .T. ) ;
#11178 = CARTESIAN_POINT ( 'NONE',  ( 25.00000000000000000, 34.20000000000000284, -2.999999999999996003 ) ) ;
#11179 = ADVANCED_FACE ( 'NONE', ( #4576 ), #2719, .T. ) ;
#11180 = ORIENTED_EDGE ( 'NONE', *, *, #297, .F. ) ;
#11181 = DIRECTION ( 'NONE',  ( 0.000000000000000000, 0.000000000000000000, 1.000000000000000000 ) ) ;
#11182 = EDGE_LOOP ( 'NONE', ( #11130, #9150 ) ) ;
#11183 = DIRECTION ( 'NONE',  ( -0.000000000000000000, 1.000000000000000000, -0.000000000000000000 ) ) ;
#11184 = MECHANICAL_DESIGN_GEOMETRIC_PRESENTATION_REPRESENTATION (  '', ( #9594 ), #9005 ) ;
#11185 = CARTESIAN_POINT ( 'NONE',  ( 5.000000000000000888, 0.000000000000000000, -8.024999999999996803 ) ) ;
#11186 = CARTESIAN_POINT ( 'NONE',  ( 2.598076211353315568, 0.000000000000000000, 12.50000000000000000 ) ) ;
#11187 = ORIENTED_EDGE ( 'NONE', *, *, #11793, .F. ) ;
#11188 = CARTESIAN_POINT ( 'NONE',  ( -5.000000000000000000, 0.000000000000000000, 33.00000000000000000 ) ) ;
#11189 = AXIS2_PLACEMENT_3D ( 'NONE', #4871, #102, #4104 ) ;
#11190 = ADVANCED_FACE ( 'NONE', ( #2600 ), #762, .F. ) ;
#11191 = VERTEX_POINT ( 'NONE', #3649 ) ;
#11192 = EDGE_LOOP ( 'NONE', ( #12181, #9968, #5164, #10357 ) ) ;
#11193 = CARTESIAN_POINT ( 'NONE',  ( 0.000000000000000000, 0.000000000000000000, 11.00000000000000000 ) ) ;
#11194 = EDGE_CURVE ( 'NONE', #2658, #5729, #1636, .T. ) ;
#11195 = DIRECTION ( 'NONE',  ( -0.000000000000000000, -0.000000000000000000, -1.000000000000000000 ) ) ;
#11196 = DIRECTION ( 'NONE',  ( -0.000000000000000000, 1.000000000000000000, -0.000000000000000000 ) ) ;
#11197 = CARTESIAN_POINT ( 'NONE',  ( 6.123233995736766282E-16, 12.00000000000000000, 5.000000000000000000 ) ) ;
#11198 = ORIENTED_EDGE ( 'NONE', *, *, #702, .T. ) ;
#11199 = ADVANCED_FACE ( 'NONE', ( #10278 ), #5278, .T. ) ;
#11200 = CARTESIAN_POINT ( 'NONE',  ( 0.000000000000000000, 20.00000000000000000, 45.00000000000000711 ) ) ;
#11201 = ORIENTED_EDGE ( 'NONE', *, *, #3619, .T. ) ;
#11202 = ORIENTED_EDGE ( 'NONE', *, *, #5076, .T. ) ;
#11203 = ADVANCED_FACE ( 'NONE', ( #570 ), #4794, .T. ) ;
#11204 = VERTEX_POINT ( 'NONE', #8185 ) ;
#11205 = APPLICATION_CONTEXT ( 'automotive_design' ) ;
#11206 = FACE_OUTER_BOUND ( 'NONE', #10718, .T. ) ;
#11207 = EDGE_CURVE ( 'NONE', #856, #8264, #3197, .T. ) ;
#11208 = DIRECTION ( 'NONE',  ( 0.000000000000000000, 0.000000000000000000, 1.000000000000000000 ) ) ;
#11209 = VECTOR ( 'NONE', #6961, 1000.000000000000000 ) ;
#11210 = CYLINDRICAL_SURFACE ( 'NONE', #7571, 2.099999999999999645 ) ;
#11211 = CARTESIAN_POINT ( 'NONE',  ( 0.000000000000000000, 0.000000000000000000, 60.00000000000000000 ) ) ;
#11212 = ADVANCED_FACE ( 'NONE', ( #1557 ), #6309, .F. ) ;
#11213 = EDGE_CURVE ( 'NONE', #9668, #2623, #9470, .T. ) ;
#11214 = DIRECTION ( 'NONE',  ( 0.000000000000000000, -1.000000000000000000, 0.000000000000000000 ) ) ;
#11215 = CLOSED_SHELL ( 'NONE', ( #4850, #3486, #8019, #11995, #8236, #7013, #1332, #3522, #9223, #2000 ) ) ;
#11216 = VERTEX_POINT ( 'NONE', #6801 ) ;
#11217 = DIRECTION ( 'NONE',  ( 1.000000000000000000, 0.000000000000000000, 0.000000000000000000 ) ) ;
#11218 = CARTESIAN_POINT ( 'NONE',  ( 0.000000000000000000, 184.4213562373095385, 0.000000000000000000 ) ) ;
#11219 = VERTEX_POINT ( 'NONE', #9598 ) ;
#11220 = VECTOR ( 'NONE', #1706, 1000.000000000000000 ) ;
#11221 =( NAMED_UNIT ( * ) PLANE_ANGLE_UNIT ( ) SI_UNIT ( $, .RADIAN. ) );
#11222 = DIRECTION ( 'NONE',  ( 0.000000000000000000, 0.000000000000000000, 1.000000000000000000 ) ) ;
#11223 = VERTEX_POINT ( 'NONE', #5638 ) ;
#11224 = PLANE ( 'NONE',  #2228 ) ;
#11225 = CARTESIAN_POINT ( 'NONE',  ( -51.10000000000000853, 10.00000000000000000, -9.999999999999985789 ) ) ;
#11226 = CARTESIAN_POINT ( 'NONE',  ( 0.000000000000000000, 11.19999999999999751, 45.00000000000000711 ) ) ;
#11227 = CARTESIAN_POINT ( 'NONE',  ( -75.00000000000000000, 0.000000000000000000, 10.00000000000000178 ) ) ;
#11228 = ORIENTED_EDGE ( 'NONE', *, *, #9778, .T. ) ;
#11229 = CARTESIAN_POINT ( 'NONE',  ( 21.00000000000000000, 34.20000000000000284, 2.499999999999998668 ) ) ;
#11230 = VERTEX_POINT ( 'NONE', #1917 ) ;
#11231 = DIRECTION ( 'NONE',  ( -0.000000000000000000, 1.000000000000000000, -0.000000000000000000 ) ) ;
#11232 = DIRECTION ( 'NONE',  ( -0.000000000000000000, -1.000000000000000000, -0.000000000000000000 ) ) ;
#11233 = EDGE_LOOP ( 'NONE', ( #10527, #9211, #9318, #1886 ) ) ;
#11234 = CARTESIAN_POINT ( 'NONE',  ( 5.510910596163090344E-15, 35.39999999999999858, 45.00000000000000711 ) ) ;
#11235 = ORIENTED_EDGE ( 'NONE', *, *, #9090, .F. ) ;
#11236 = EDGE_CURVE ( 'NONE', #7209, #3682, #3208, .T. ) ;
#11237 = LINE ( 'NONE', #3671, #2685 ) ;
#11238 = FACE_OUTER_BOUND ( 'NONE', #3668, .T. ) ;
#11239 = CARTESIAN_POINT ( 'NONE',  ( 0.000000000000000000, 0.000000000000000000, 0.000000000000000000 ) ) ;
#11240 = ORIENTED_EDGE ( 'NONE', *, *, #8085, .T. ) ;
#11241 = LINE ( 'NONE', #2744, #4974 ) ;
#11242 = ORIENTED_EDGE ( 'NONE', *, *, #11346, .F. ) ;
#11243 = ORIENTED_EDGE ( 'NONE', *, *, #2695, .T. ) ;
#11244 = DIRECTION ( 'NONE',  ( 0.000000000000000000, 0.000000000000000000, 1.000000000000000000 ) ) ;
#11245 = DIRECTION ( 'NONE',  ( 0.000000000000000000, 0.000000000000000000, -1.000000000000000000 ) ) ;
#11246 = DIRECTION ( 'NONE',  ( -1.000000000000000000, -0.000000000000000000, -0.000000000000000000 ) ) ;
#11247 = ADVANCED_FACE ( 'NONE', ( #10409 ), #4762, .F. ) ;
#11248 = CARTESIAN_POINT ( 'NONE',  ( -4.400000000000000355, 0.000000000000000000, 0.000000000000000000 ) ) ;
#11249 =( LENGTH_UNIT ( ) NAMED_UNIT ( * ) SI_UNIT ( .MILLI., .METRE. ) );
#11250 = ORIENTED_EDGE ( 'NONE', *, *, #11513, .T. ) ;
#11251 = EDGE_CURVE ( 'NONE', #5382, #801, #8600, .T. ) ;
#11252 = PLANE ( 'NONE',  #65 ) ;
#11253 = VERTEX_POINT ( 'NONE', #11336 ) ;
#11254 = VERTEX_POINT ( 'NONE', #4888 ) ;
#11255 = VERTEX_POINT ( 'NONE', #1791 ) ;
#11256 = LINE ( 'NONE', #2760, #9735 ) ;
#11257 = CARTESIAN_POINT ( 'NONE',  ( 0.000000000000000000, 33.20000000000000284, -45.00000000000000711 ) ) ;
#11258 = DIRECTION ( 'NONE',  ( 0.000000000000000000, 0.000000000000000000, -1.000000000000000000 ) ) ;
#11259 = EDGE_CURVE ( 'NONE', #3547, #2226, #3882, .T. ) ;
#11260 = CARTESIAN_POINT ( 'NONE',  ( -4.999999999999999112, 0.000000000000000000, 0.000000000000000000 ) ) ;
#11261 = ORIENTED_EDGE ( 'NONE', *, *, #3739, .F. ) ;
#11262 = LINE ( 'NONE', #4640, #1408 ) ;
#11263 = ORIENTED_EDGE ( 'NONE', *, *, #3097, .T. ) ;
#11264 = EDGE_CURVE ( 'NONE', #6539, #4279, #2029, .T. ) ;
#11265 = CARTESIAN_POINT ( 'NONE',  ( 150.0000000000000000, 0.000000000000000000, 10.00000000000000000 ) ) ;
#11266 = ORIENTED_EDGE ( 'NONE', *, *, #3678, .F. ) ;
#11267 = ORIENTED_EDGE ( 'NONE', *, *, #2433, .T. ) ;
#11268 = CARTESIAN_POINT ( 'NONE',  ( 0.000000000000000000, 31.00000000000000355, 0.000000000000000000 ) ) ;
#11269 = ORIENTED_EDGE ( 'NONE', *, *, #2783, .F. ) ;
#11270 = DIRECTION ( 'NONE',  ( -0.000000000000000000, -1.000000000000000000, -0.000000000000000000 ) ) ;
#11271 = DIRECTION ( 'NONE',  ( 1.000000000000000000, 0.000000000000000000, 0.000000000000000000 ) ) ;
#11272 = EDGE_CURVE ( 'NONE', #2883, #108, #10734, .T. ) ;
#11273 = DIRECTION ( 'NONE',  ( -0.000000000000000000, -1.000000000000000000, -0.000000000000000000 ) ) ;
#11274 = EDGE_CURVE ( 'NONE', #7271, #386, #12135, .T. ) ;
#11275 = FACE_OUTER_BOUND ( 'NONE', #1987, .T. ) ;
#11276 = AXIS2_PLACEMENT_3D ( 'NONE', #8724, #11710, #7799 ) ;
#11277 = AXIS2_PLACEMENT_3D ( 'NONE', #5363, #7496, #11284 ) ;
#11278 = CARTESIAN_POINT ( 'NONE',  ( -16.00000000000000000, 2.399999999999999467, 0.000000000000000000 ) ) ;
#11279 = EDGE_LOOP ( 'NONE', ( #7837, #3039 ) ) ;
#11280 = ADVANCED_FACE ( 'NONE', ( #8419 ), #171, .T. ) ;
#11281 = CARTESIAN_POINT ( 'NONE',  ( 5.586370142149013368E-14, 7.066904755831209251, 14.35000000000000142 ) ) ;
#11282 = CARTESIAN_POINT ( 'NONE',  ( 0.000000000000000000, 9.000000000000001776, 0.000000000000000000 ) ) ;
#11283 = AXIS2_PLACEMENT_3D ( 'NONE', #7076, #2178, #5954 ) ;
#11284 = DIRECTION ( 'NONE',  ( 0.000000000000000000, 0.000000000000000000, -1.000000000000000000 ) ) ;
#11285 = VERTEX_POINT ( 'NONE', #3704 ) ;
#11286 = CYLINDRICAL_SURFACE ( 'NONE', #831, 30.00000000000000000 ) ;
#11287 = AXIS2_PLACEMENT_3D ( 'NONE', #11801, #272, #10809 ) ;
#11288 = AXIS2_PLACEMENT_3D ( 'NONE', #3463, #2597, #6307 ) ;
#11289 = AXIS2_PLACEMENT_3D ( 'NONE', #3869, #4925, #216 ) ;
#11290 = ORIENTED_EDGE ( 'NONE', *, *, #544, .F. ) ;
#11291 = EDGE_CURVE ( 'NONE', #205, #11816, #11731, .T. ) ;
#11292 = EDGE_CURVE ( 'NONE', #4818, #8151, #1968, .T. ) ;
#11293 = DIRECTION ( 'NONE',  ( 1.000000000000000000, -0.000000000000000000, -0.000000000000000000 ) ) ;
#11294 = CIRCLE ( 'NONE', #5554, 1.649999999999998579 ) ;
#11295 = PLANE ( 'NONE',  #10296 ) ;
#11296 = AXIS2_PLACEMENT_3D ( 'NONE', #1322, #2965, #5831 ) ;
#11297 = VECTOR ( 'NONE', #9146, 1000.000000000000000 ) ;
#11298 = VERTEX_POINT ( 'NONE', #5747 ) ;
#11299 = CARTESIAN_POINT ( 'NONE',  ( 0.000000000000000000, 0.000000000000000000, 0.000000000000000000 ) ) ;
#11300 = ADVANCED_FACE ( 'NONE', ( #6555 ), #9535, .F. ) ;
#11301 = ORIENTED_EDGE ( 'NONE', *, *, #3927, .T. ) ;
#11302 = AXIS2_PLACEMENT_3D ( 'NONE', #1782, #3643, #5683 ) ;
#11303 = CONTEXT_DEPENDENT_SHAPE_REPRESENTATION ( #3352, #10910 ) ;
#11304 = MECHANICAL_DESIGN_GEOMETRIC_PRESENTATION_REPRESENTATION (  '', ( #8937 ), #5176 ) ;
#11305 = VERTEX_POINT ( 'NONE', #7664 ) ;
#11306 = EDGE_CURVE ( 'NONE', #5667, #3250, #11447, .T. ) ;
#11307 = LINE ( 'NONE', #4549, #12073 ) ;
#11308 = DIRECTION ( 'NONE',  ( -0.000000000000000000, -1.000000000000000000, -0.000000000000000000 ) ) ;
#11309 = VECTOR ( 'NONE', #305, 1000.000000000000000 ) ;
#11310 = CIRCLE ( 'NONE', #10320, 20.00000000000000355 ) ;
#11311 = DIRECTION ( 'NONE',  ( -0.000000000000000000, -1.000000000000000000, -0.000000000000000000 ) ) ;
#11312 = CARTESIAN_POINT ( 'NONE',  ( 0.000000000000000000, 33.20000000000000284, 45.00000000000000711 ) ) ;
#11313 = CARTESIAN_POINT ( 'NONE',  ( -0.07261451051832458481, 0.000000000000000000, -380.0002636468324226 ) ) ;
#11314 = AXIS2_PLACEMENT_3D ( 'NONE', #2647, #4684, #1895 ) ;
#11315 = AXIS2_PLACEMENT_3D ( 'NONE', #10547, #4027, #11657 ) ;
#11316 = AXIS2_PLACEMENT_3D ( 'NONE', #9524, #7841, #11441 ) ;
#11317 = AXIS2_PLACEMENT_3D ( 'NONE', #1458, #11923, #336 ) ;
#11318 = VERTEX_POINT ( 'NONE', #9419 ) ;
#11319 = CYLINDRICAL_SURFACE ( 'NONE', #7390, 18.00000000000000355 ) ;
#11320 = EDGE_LOOP ( 'NONE', ( #290, #4560 ) ) ;
#11321 = ORIENTED_EDGE ( 'NONE', *, *, #7273, .F. ) ;
#11322 = ORIENTED_EDGE ( 'NONE', *, *, #8024, .T. ) ;
#11323 = ADVANCED_FACE ( 'NONE', ( #2942, #2037, #935, #4705, #8475, #6108, #2342, #10701, #8040, #8904 ), #4256, .T. ) ;
#11324 = CYLINDRICAL_SURFACE ( 'NONE', #450, 75.00000000000001421 ) ;
#11325 = CIRCLE ( 'NONE', #10147, 2.099999999999999645 ) ;
#11326 = CARTESIAN_POINT ( 'NONE',  ( -20.63749999999999929, 1.163414459189985485E-15, 9.500000000000000000 ) ) ;
#11327 = CYLINDRICAL_SURFACE ( 'NONE', #2634, 41.00000000000000000 ) ;
#11328 = AXIS2_PLACEMENT_3D ( 'NONE', #6234, #8157, #11945 ) ;
#11329 = AXIS2_PLACEMENT_3D ( 'NONE', #7436, #11217, #6492 ) ;
#11330 = DIRECTION ( 'NONE',  ( 0.000000000000000000, 1.000000000000000000, 0.000000000000000000 ) ) ;
#11331 = ORIENTED_EDGE ( 'NONE', *, *, #4282, .F. ) ;
#11332 = DIRECTION ( 'NONE',  ( 0.000000000000000000, 0.000000000000000000, -1.000000000000000000 ) ) ;
#11333 = AXIS2_PLACEMENT_3D ( 'NONE', #771, #8249, #6392 ) ;
#11334 = ORIENTED_EDGE ( 'NONE', *, *, #9312, .F. ) ;
#11335 = VECTOR ( 'NONE', #9190, 1000.000000000000000 ) ;
#11336 = CARTESIAN_POINT ( 'NONE',  ( -27.00000000000000000, 0.000000000000000000, 8.000000000000000000 ) ) ;
#11337 = VERTEX_POINT ( 'NONE', #5867 ) ;
#11338 = ORIENTED_EDGE ( 'NONE', *, *, #3916, .T. ) ;
#11339 = AXIS2_PLACEMENT_3D ( 'NONE', #5811, #9358, #2834 ) ;
#11340 = PLANE ( 'NONE',  #11121 ) ;
#11341 = CARTESIAN_POINT ( 'NONE',  ( 0.000000000000000000, 20.00000000000000000, 0.000000000000000000 ) ) ;
#11342 = CARTESIAN_POINT ( 'NONE',  ( 5.510910596163090344E-15, 35.39999999999999858, 45.00000000000000711 ) ) ;
#11343 = CARTESIAN_POINT ( 'NONE',  ( -218.4000000000000057, 0.000000000000000000, -10.00000000000004619 ) ) ;
#11344 = LINE ( 'NONE', #1799, #1709 ) ;
#11345 = AXIS2_PLACEMENT_3D ( 'NONE', #6049, #10831, #11872 ) ;
#11346 = EDGE_CURVE ( 'NONE', #7118, #5947, #6854, .T. ) ;
#11347 = DIRECTION ( 'NONE',  ( 0.000000000000000000, 0.000000000000000000, -1.000000000000000000 ) ) ;
#11348 = DIRECTION ( 'NONE',  ( 0.000000000000000000, -1.000000000000000000, 0.000000000000000000 ) ) ;
#11349 = ORIENTED_EDGE ( 'NONE', *, *, #2549, .F. ) ;
#11350 = CARTESIAN_POINT ( 'NONE',  ( 22.36067977499791581, 0.000000000000000000, -19.99999999999997868 ) ) ;
#11351 =( NAMED_UNIT ( * ) SI_UNIT ( $, .STERADIAN. ) SOLID_ANGLE_UNIT ( ) );
#11352 = ORIENTED_EDGE ( 'NONE', *, *, #6044, .F. ) ;
#11353 = VECTOR ( 'NONE', #649, 1000.000000000000000 ) ;
#11354 = CARTESIAN_POINT ( 'NONE',  ( 218.3273854894824524, -39.99999999999999289, -155.0002636468325079 ) ) ;
#11355 = ADVANCED_FACE ( 'NONE', ( #3200 ), #8786, .F. ) ;
#11356 = DIRECTION ( 'NONE',  ( 0.000000000000000000, 1.000000000000000000, 0.000000000000000000 ) ) ;
#11357 = VERTEX_POINT ( 'NONE', #7899 ) ;
#11358 = DIRECTION ( 'NONE',  ( -1.000000000000000000, 0.000000000000000000, 0.000000000000000000 ) ) ;
#11359 = EDGE_CURVE ( 'NONE', #3101, #9583, #3075, .T. ) ;
#11360 = DIRECTION ( 'NONE',  ( -0.000000000000000000, -1.000000000000000000, -0.000000000000000000 ) ) ;
#11361 = AXIS2_PLACEMENT_3D ( 'NONE', #5878, #1313, #9663 ) ;
#11362 = LINE ( 'NONE', #10377, #6921 ) ;
#11363 = VERTEX_POINT ( 'NONE', #6989 ) ;
#11364 = ADVANCED_FACE ( 'NONE', ( #9895 ), #5920, .T. ) ;
#11365 = DIRECTION ( 'NONE',  ( 0.000000000000000000, 0.7071067811865489050, 0.7071067811865462405 ) ) ;
#11366 = EDGE_CURVE ( 'NONE', #10938, #8267, #8174, .T. ) ;
#11367 = EDGE_LOOP ( 'NONE', ( #8655, #3337, #10087, #7776 ) ) ;
#11368 = CARTESIAN_POINT ( 'NONE',  ( 218.3273854894824524, 3.000000000000000000, -215.0002636468324511 ) ) ;
#11369 = VECTOR ( 'NONE', #5918, 1000.000000000000000 ) ;
#11370 = ORIENTED_EDGE ( 'NONE', *, *, #4593, .F. ) ;
#11371 = DIRECTION ( 'NONE',  ( 0.000000000000000000, 0.000000000000000000, -1.000000000000000000 ) ) ;
#11372 = SURFACE_STYLE_USAGE ( .BOTH. , #10495 ) ;
#11373 = DIRECTION ( 'NONE',  ( 0.000000000000000000, 1.000000000000000000, 0.000000000000000000 ) ) ;
#11374 = DIRECTION ( 'NONE',  ( 1.000000000000000000, 0.000000000000000000, 0.000000000000000000 ) ) ;
#11375 = DIRECTION ( 'NONE',  ( 0.000000000000000000, 0.000000000000000000, 1.000000000000000000 ) ) ;
#11376 = DIRECTION ( 'NONE',  ( 0.000000000000000000, -1.000000000000000000, 0.000000000000000000 ) ) ;
#11377 = SHAPE_REPRESENTATION_RELATIONSHIP ( 'NONE' , 'NONE' ,  #1938, #1477 ) ;
#11378 = VECTOR ( 'NONE', #2816, 1000.000000000000114 ) ;
#11379 = ADVANCED_FACE ( 'NONE', ( #11636 ), #7980, .F. ) ;
#11380 = VERTEX_POINT ( 'NONE', #9784 ) ;
#11381 = PLANE ( 'NONE',  #6984 ) ;
#11382 = ORIENTED_EDGE ( 'NONE', *, *, #3098, .F. ) ;
#11383 = ORIENTED_EDGE ( 'NONE', *, *, #9778, .F. ) ;
#11384 = DIRECTION ( 'NONE',  ( 1.000000000000000000, 3.633497126607603172E-16, -2.286859479586939358E-16 ) ) ;
#11385 = VERTEX_POINT ( 'NONE', #10775 ) ;
#11386 = CARTESIAN_POINT ( 'NONE',  ( 0.000000000000000000, 12.00000000000000000, 0.000000000000000000 ) ) ;
#11387 = DIRECTION ( 'NONE',  ( 0.000000000000000000, 0.000000000000000000, 1.000000000000000000 ) ) ;
#11388 = PRODUCT_DEFINITION_SHAPE ( 'NONE', 'NONE',  #7927 ) ;
#11389 = CARTESIAN_POINT ( 'NONE',  ( 9.184850993605150311E-15, 16.00000000000000000, 75.00000000000001421 ) ) ;
#11390 = DIRECTION ( 'NONE',  ( 8.659560562354961208E-17, 0.7071067811865453523, -0.7071067811865497932 ) ) ;
#11391 = VECTOR ( 'NONE', #127, 1000.000000000000000 ) ;
#11392 = EDGE_LOOP ( 'NONE', ( #4956, #10760, #1180, #2860 ) ) ;
#11393 = DIRECTION ( 'NONE',  ( -0.000000000000000000, -1.000000000000000000, -0.000000000000000000 ) ) ;
#11394 = EDGE_LOOP ( 'NONE', ( #1808, #1440, #9238, #5615 ) ) ;
#11395 = DIRECTION ( 'NONE',  ( -1.000000000000000000, 0.000000000000000000, 0.000000000000000000 ) ) ;
#11396 = VERTEX_POINT ( 'NONE', #10835 ) ;
#11397 = ORIENTED_EDGE ( 'NONE', *, *, #1608, .F. ) ;
#11398 = DIRECTION ( 'NONE',  ( 0.000000000000000000, 0.000000000000000000, 1.000000000000000000 ) ) ;
#11399 = AXIS2_PLACEMENT_3D ( 'NONE', #4202, #11031, #6187 ) ;
#11400 = CYLINDRICAL_SURFACE ( 'NONE', #141, 60.00000000000000000 ) ;
#11401 = DIRECTION ( 'NONE',  ( -0.000000000000000000, -0.000000000000000000, -1.000000000000000000 ) ) ;
#11402 = DIRECTION ( 'NONE',  ( -0.000000000000000000, 1.000000000000000000, -0.000000000000000000 ) ) ;
#11403 = DIRECTION ( 'NONE',  ( -0.000000000000000000, 1.000000000000000000, -0.000000000000000000 ) ) ;
#11404 = CARTESIAN_POINT ( 'NONE',  ( -66.17647058823530415, 20.00000000000000000, -35.29411764705883314 ) ) ;
#11405 = EDGE_CURVE ( 'NONE', #4721, #5359, #2817, .T. ) ;
#11406 = CARTESIAN_POINT ( 'NONE',  ( 0.000000000000000000, -2.500000000000000000, 0.000000000000000000 ) ) ;
#11407 = VECTOR ( 'NONE', #12046, 1000.000000000000000 ) ;
#11408 = ORIENTED_EDGE ( 'NONE', *, *, #2873, .T. ) ;
#11409 = CARTESIAN_POINT ( 'NONE',  ( 5.000000000000000888, 0.000000000000000000, 0.000000000000000000 ) ) ;
#11410 = DIRECTION ( 'NONE',  ( 0.000000000000000000, 0.000000000000000000, 1.000000000000000000 ) ) ;
#11411 = ORIENTED_EDGE ( 'NONE', *, *, #4102, .F. ) ;
#11412 = CARTESIAN_POINT ( 'NONE',  ( 6.299999999999998046, 34.20000000000000284, -16.86149459567567632 ) ) ;
#11413 = EDGE_CURVE ( 'NONE', #4218, #2567, #10354, .T. ) ;
#11414 = CARTESIAN_POINT ( 'NONE',  ( -113.7500000000000142, 20.00000000000000000, 9.999999999999975131 ) ) ;
#11415 = VERTEX_POINT ( 'NONE', #11826 ) ;
#11416 = DIRECTION ( 'NONE',  ( -1.000000000000000000, -0.000000000000000000, -0.000000000000000000 ) ) ;
#11417 = CYLINDRICAL_SURFACE ( 'NONE', #3427, 2.100000000000000533 ) ;
#11418 = EDGE_CURVE ( 'NONE', #2033, #3130, #5993, .T. ) ;
#11419 = DIRECTION ( 'NONE',  ( 0.000000000000000000, 1.000000000000000000, -1.224646799147353207E-16 ) ) ;
#11420 = EDGE_CURVE ( 'NONE', #4845, #4192, #10582, .T. ) ;
#11421 = ORIENTED_EDGE ( 'NONE', *, *, #105, .F. ) ;
#11422 = CARTESIAN_POINT ( 'NONE',  ( 80.25000000000000000, 0.000000000000000000, 10.25000000000000533 ) ) ;
#11423 = ADVANCED_FACE ( 'NONE', ( #2286, #6054, #9654, #1236, #1167, #4938, #9841, #8716, #239, #4004 ), #7789, .T. ) ;
#11424 = EDGE_LOOP ( 'NONE', ( #9783, #8198, #4302, #5517 ) ) ;
#11425 = CARTESIAN_POINT ( 'NONE',  ( -113.7500000000000853, 0.000000000000000000, -30.00000000000000000 ) ) ;
#11426 = ORIENTED_EDGE ( 'NONE', *, *, #9550, .F. ) ;
#11427 = DIRECTION ( 'NONE',  ( 0.000000000000000000, 0.000000000000000000, -1.000000000000000000 ) ) ;
#11428 = DIRECTION ( 'NONE',  ( 0.000000000000000000, 1.000000000000000000, 0.000000000000000000 ) ) ;
#11429 = DIRECTION ( 'NONE',  ( 1.000000000000000000, 0.000000000000000000, -0.000000000000000000 ) ) ;
#11430 = DIRECTION ( 'NONE',  ( 5.550529771288670484E-15, -0.000000000000000000, 1.000000000000000000 ) ) ;
#11431 = EDGE_CURVE ( 'NONE', #6166, #7779, #6426, .T. ) ;
#11432 = DIRECTION ( 'NONE',  ( 0.000000000000000000, 0.000000000000000000, -1.000000000000000000 ) ) ;
#11433 =( REPRESENTATION_RELATIONSHIP ('NONE','NONE', #9464, #1397 ) REPRESENTATION_RELATIONSHIP_WITH_TRANSFORMATION ( #2517 )SHAPE_REPRESENTATION_RELATIONSHIP( ) );
#11434 = FILL_AREA_STYLE ('',( #8639 ) ) ;
#11435 = ORIENTED_EDGE ( 'NONE', *, *, #717, .T. ) ;
#11436 = CARTESIAN_POINT ( 'NONE',  ( -113.7500000000000995, 0.000000000000000000, -110.0000000000000142 ) ) ;
#11437 = ORIENTED_EDGE ( 'NONE', *, *, #5895, .F. ) ;
#11438 = ORIENTED_EDGE ( 'NONE', *, *, #1580, .T. ) ;
#11439 = DIRECTION ( 'NONE',  ( -1.000000000000000000, 5.385287858588819329E-15, -1.177945044314743438E-13 ) ) ;
#11440 = ORIENTED_EDGE ( 'NONE', *, *, #11584, .T. ) ;
#11441 = DIRECTION ( 'NONE',  ( 0.000000000000000000, 0.000000000000000000, 1.000000000000000000 ) ) ;
#11442 = CARTESIAN_POINT ( 'NONE',  ( -5.000000000000000888, 0.000000000000000000, 0.000000000000000000 ) ) ;
#11443 = EDGE_CURVE ( 'NONE', #10013, #2020, #674, .T. ) ;
#11444 = DIRECTION ( 'NONE',  ( 0.000000000000000000, 0.000000000000000000, 1.000000000000000000 ) ) ;
#11445 = DIRECTION ( 'NONE',  ( 0.000000000000000000, 0.000000000000000000, -1.000000000000000000 ) ) ;
#11446 = VERTEX_POINT ( 'NONE', #9224 ) ;
#11447 = LINE ( 'NONE', #10350, #10150 ) ;
#11448 = EDGE_LOOP ( 'NONE', ( #1436, #9630, #3741, #2680 ) ) ;
#11449 = VERTEX_POINT ( 'NONE', #7235 ) ;
#11450 = DIRECTION ( 'NONE',  ( -0.000000000000000000, -0.000000000000000000, -1.000000000000000000 ) ) ;
#11451 = FACE_BOUND ( 'NONE', #5762, .T. ) ;
#11452 = DIRECTION ( 'NONE',  ( -0.000000000000000000, 1.000000000000000000, -0.000000000000000000 ) ) ;
#11453 = LINE ( 'NONE', #437, #8695 ) ;
#11454 = EDGE_CURVE ( 'NONE', #7845, #11857, #557, .T. ) ;
#11455 = FACE_OUTER_BOUND ( 'NONE', #9656, .T. ) ;
#11456 = DIRECTION ( 'NONE',  ( -1.000000000000000000, 0.000000000000000000, 2.312964634635742895E-17 ) ) ;
#11457 = CARTESIAN_POINT ( 'NONE',  ( 0.000000000000000000, 20.00000000000000000, 0.000000000000000000 ) ) ;
#11458 = ORIENTED_EDGE ( 'NONE', *, *, #6214, .F. ) ;
#11459 = LINE ( 'NONE', #10540, #9746 ) ;
#11460 = CARTESIAN_POINT ( 'NONE',  ( 4.399999999999997691, 0.000000000000000000, 0.000000000000000000 ) ) ;
#11461 = EDGE_LOOP ( 'NONE', ( #9201, #3247, #7196, #6460 ) ) ;
#11462 = PLANE ( 'NONE',  #2955 ) ;
#11463 = FACE_OUTER_BOUND ( 'NONE', #4121, .T. ) ;
#11464 = EDGE_LOOP ( 'NONE', ( #11267, #5728, #1224, #575 ) ) ;
#11465 = DIRECTION ( 'NONE',  ( 0.000000000000000000, -0.000000000000000000, 1.000000000000000000 ) ) ;
#11466 = EDGE_CURVE ( 'NONE', #11219, #7048, #5502, .T. ) ;
#11467 = DIRECTION ( 'NONE',  ( 0.000000000000000000, -0.000000000000000000, 1.000000000000000000 ) ) ;
#11468 = AXIS2_PLACEMENT_3D ( 'NONE', #2643, #10387, #10257 ) ;
#11469 = SURFACE_STYLE_FILL_AREA ( #3794 ) ;
#11470 = CARTESIAN_POINT ( 'NONE',  ( 120.2500000000000284, 0.000000000000000000, -19.99999999999998579 ) ) ;
#11471 = ORIENTED_EDGE ( 'NONE', *, *, #11954, .T. ) ;
#11472 = PLANE ( 'NONE',  #2607 ) ;
#11473 = VECTOR ( 'NONE', #6064, 1000.000000000000000 ) ;
#11474 = CIRCLE ( 'NONE', #4146, 1.999999999999998224 ) ;
#11475 =( GEOMETRIC_REPRESENTATION_CONTEXT ( 3 ) GLOBAL_UNCERTAINTY_ASSIGNED_CONTEXT ( ( #11990 ) ) GLOBAL_UNIT_ASSIGNED_CONTEXT ( ( #1863, #9422, #2894 ) ) REPRESENTATION_CONTEXT ( 'NONE', 'WORKASPACE' ) );
#11476 = UNCERTAINTY_MEASURE_WITH_UNIT (LENGTH_MEASURE( 1.000000000000000082E-05 ), #6495, 'distance_accuracy_value', 'NONE');
#11477 = ORIENTED_EDGE ( 'NONE', *, *, #6216, .F. ) ;
#11478 = DIRECTION ( 'NONE',  ( 0.000000000000000000, 0.000000000000000000, 1.000000000000000000 ) ) ;
#11479 = ORIENTED_EDGE ( 'NONE', *, *, #603, .F. ) ;
#11480 = FACE_OUTER_BOUND ( 'NONE', #2260, .T. ) ;
#11481 = VECTOR ( 'NONE', #5891, 1000.000000000000000 ) ;
#11482 = SURFACE_STYLE_USAGE ( .BOTH. , #12238 ) ;
#11483 = DIRECTION ( 'NONE',  ( 0.000000000000000000, 0.000000000000000000, 1.000000000000000000 ) ) ;
#11484 = DIRECTION ( 'NONE',  ( 0.000000000000000000, 0.000000000000000000, 1.000000000000000000 ) ) ;
#11485 = DIRECTION ( 'NONE',  ( -1.000000000000000000, 0.000000000000000000, 0.000000000000000000 ) ) ;
#11486 = AXIS2_PLACEMENT_3D ( 'NONE', #338, #6085, #1274 ) ;
#11487 = CIRCLE ( 'NONE', #2585, 45.00000000000000711 ) ;
#11488 = AXIS2_PLACEMENT_3D ( 'NONE', #3923, #3874, #3065 ) ;
#11489 = EDGE_CURVE ( 'NONE', #3693, #4137, #7358, .T. ) ;
#11490 =( LENGTH_UNIT ( ) NAMED_UNIT ( * ) SI_UNIT ( .MILLI., .METRE. ) );
#11491 = AXIS2_PLACEMENT_3D ( 'NONE', #9431, #3892, #12219 ) ;
#11492 = ORIENTED_EDGE ( 'NONE', *, *, #1590, .T. ) ;
#11493 = DIRECTION ( 'NONE',  ( 1.000000000000000000, 0.000000000000000000, 0.000000000000000000 ) ) ;
#11494 = ORIENTED_EDGE ( 'NONE', *, *, #1521, .T. ) ;
#11495 = ORIENTED_EDGE ( 'NONE', *, *, #10836, .F. ) ;
#11496 = CIRCLE ( 'NONE', #9328, 6.299999999999999822 ) ;
#11497 = VECTOR ( 'NONE', #2862, 1000.000000000000000 ) ;
#11498 = EDGE_CURVE ( 'NONE', #5290, #10929, #9173, .T. ) ;
#11499 = DIRECTION ( 'NONE',  ( 0.000000000000000000, 0.000000000000000000, 1.000000000000000000 ) ) ;
#11500 = ORIENTED_EDGE ( 'NONE', *, *, #11667, .T. ) ;
#11501 = CARTESIAN_POINT ( 'NONE',  ( 8.000000000000000000, 0.000000000000000000, 8.000000000000000000 ) ) ;
#11502 = CARTESIAN_POINT ( 'NONE',  ( 130.0000000000000000, 20.00000000000000000, 30.00000000000000000 ) ) ;
#11503 = VECTOR ( 'NONE', #9347, 1000.000000000000000 ) ;
#11504 = DIRECTION ( 'NONE',  ( 8.673617379884043361E-16, 0.000000000000000000, 1.000000000000000000 ) ) ;
#11505 = AXIS2_PLACEMENT_3D ( 'NONE', #9449, #9687, #11557 ) ;
#11506 = EDGE_CURVE ( 'NONE', #3326, #10189, #1647, .T. ) ;
#11507 = CARTESIAN_POINT ( 'NONE',  ( 130.0000000000000000, -101.9803902718557111, -10.00000000000000000 ) ) ;
#11508 = ADVANCED_BREP_SHAPE_REPRESENTATION ( '', ( #4326, #10290 ), #15 ) ;
#11509 = VECTOR ( 'NONE', #6446, 1000.000000000000000 ) ;
#11510 = AXIS2_PLACEMENT_3D ( 'NONE', #1272, #4153, #2442 ) ;
#11511 = EDGE_LOOP ( 'NONE', ( #7578, #6212, #5543, #748 ) ) ;
#11512 = DIRECTION ( 'NONE',  ( 0.000000000000000000, -1.000000000000000000, 0.000000000000000000 ) ) ;
#11513 = EDGE_CURVE ( 'NONE', #10929, #5290, #6186, .T. ) ;
#11514 = ORIENTED_EDGE ( 'NONE', *, *, #5664, .T. ) ;
#11515 = EDGE_CURVE ( 'NONE', #9715, #9613, #866, .T. ) ;
#11516 = ORIENTED_EDGE ( 'NONE', *, *, #9206, .F. ) ;
#11517 = CIRCLE ( 'NONE', #7546, 45.00000000000000711 ) ;
#11518 = VECTOR ( 'NONE', #10605, 1000.000000000000000 ) ;
#11519 = ORIENTED_EDGE ( 'NONE', *, *, #8197, .T. ) ;
#11520 = DIRECTION ( 'NONE',  ( 0.000000000000000000, 0.000000000000000000, 1.000000000000000000 ) ) ;
#11521 = CIRCLE ( 'NONE', #6174, 2.499999999999998668 ) ;
#11522 = VECTOR ( 'NONE', #7065, 1000.000000000000000 ) ;
#11523 = CARTESIAN_POINT ( 'NONE',  ( 0.000000000000000000, 34.20000000000000284, 0.000000000000000000 ) ) ;
#11524 = CARTESIAN_POINT ( 'NONE',  ( 5.449678256205721981E-15, 17.80000000000000426, -44.50000000000000711 ) ) ;
#11525 = CARTESIAN_POINT ( 'NONE',  ( 30.00000000000000000, 0.000000000000000000, -10.00000000000000000 ) ) ;
#11526 = CARTESIAN_POINT ( 'NONE',  ( 0.000000000000000000, 29.80000000000000426, 0.000000000000000000 ) ) ;
#11527 = DIRECTION ( 'NONE',  ( -0.000000000000000000, -0.000000000000000000, 1.000000000000000000 ) ) ;
#11528 = VECTOR ( 'NONE', #2558, 1000.000000000000000 ) ;
#11529 = CIRCLE ( 'NONE', #8756, 2.099999999999997868 ) ;
#11530 = VECTOR ( 'NONE', #9660, 1000.000000000000000 ) ;
#11531 = SHAPE_REPRESENTATION ( 'BigBallBearing', ( #10290 ), #611 ) ;
#11532 = CYLINDRICAL_SURFACE ( 'NONE', #4164, 2.099999999999999645 ) ;
#11533 = VECTOR ( 'NONE', #8093, 1000.000000000000000 ) ;
#11534 = ORIENTED_EDGE ( 'NONE', *, *, #6502, .T. ) ;
#11535 =( REPRESENTATION_RELATIONSHIP ('NONE','NONE', #9464, #1871 ) REPRESENTATION_RELATIONSHIP_WITH_TRANSFORMATION ( #3681 )SHAPE_REPRESENTATION_RELATIONSHIP( ) );
#11536 = LINE ( 'NONE', #7676, #10529 ) ;
#11537 = EDGE_CURVE ( 'NONE', #9306, #173, #796, .T. ) ;
#11538 = CARTESIAN_POINT ( 'NONE',  ( 7.347880794884118356E-15, 16.00000000000001421, 60.00000000000000000 ) ) ;
#11539 = ORIENTED_EDGE ( 'NONE', *, *, #10504, .T. ) ;
#11540 = CARTESIAN_POINT ( 'NONE',  ( -8.000000000000000000, 9.797174393178825657E-16, 8.000000000000000000 ) ) ;
#11541 = CARTESIAN_POINT ( 'NONE',  ( -14.84924240491757885, -5.939696961967007027, 14.84924240491742076 ) ) ;
#11542 = CIRCLE ( 'NONE', #2034, 2.100000000000000533 ) ;
#11543 = CIRCLE ( 'NONE', #10166, 1.999999999999998224 ) ;
#11544 = VERTEX_POINT ( 'NONE', #4559 ) ;
#11545 = DIRECTION ( 'NONE',  ( -0.000000000000000000, 1.000000000000000000, -0.000000000000000000 ) ) ;
#11546 = DIRECTION ( 'NONE',  ( -0.000000000000000000, -1.000000000000000000, -0.000000000000000000 ) ) ;
#11547 = SURFACE_STYLE_FILL_AREA ( #3962 ) ;
#11548 = FACE_OUTER_BOUND ( 'NONE', #9225, .T. ) ;
#11549 = VECTOR ( 'NONE', #8250, 1000.000000000000000 ) ;
#11550 = ORIENTED_EDGE ( 'NONE', *, *, #1392, .F. ) ;
#11551 = CARTESIAN_POINT ( 'NONE',  ( 0.000000000000000000, -2.500000000000000000, 27.24999999999998224 ) ) ;
#11552 = ADVANCED_FACE ( 'NONE', ( #1486 ), #3508, .F. ) ;
#11553 = ORIENTED_EDGE ( 'NONE', *, *, #1971, .F. ) ;
#11554 = DIRECTION ( 'NONE',  ( -0.000000000000000000, -0.000000000000000000, -1.000000000000000000 ) ) ;
#11555 = VERTEX_POINT ( 'NONE', #10152 ) ;
#11556 = CARTESIAN_POINT ( 'NONE',  ( 238.3273854894816850, 3.000000000000000000, -90.00026364683253632 ) ) ;
#11557 = DIRECTION ( 'NONE',  ( 0.000000000000000000, 0.000000000000000000, 1.000000000000000000 ) ) ;
#11558 = DIRECTION ( 'NONE',  ( 1.000000000000000000, 0.000000000000000000, 0.000000000000000000 ) ) ;
#11559 = VECTOR ( 'NONE', #3839, 1000.000000000000000 ) ;
#11560 = CARTESIAN_POINT ( 'NONE',  ( 0.000000000000000000, 6.800000000000000711, 44.50000000000000711 ) ) ;
#11561 = CARTESIAN_POINT ( 'NONE',  ( 14.84924240491768188, 20.00000000000000000, -16.94924240491731737 ) ) ;
#11562 = EDGE_CURVE ( 'NONE', #3166, #2541, #7102, .T. ) ;
#11563 = EDGE_CURVE ( 'NONE', #393, #1902, #5444, .T. ) ;
#11564 = AXIS2_PLACEMENT_3D ( 'NONE', #4570, #4827, #1784 ) ;
#11565 = VERTEX_POINT ( 'NONE', #2404 ) ;
#11566 = DIRECTION ( 'NONE',  ( 0.000000000000000000, -1.000000000000000000, 0.000000000000000000 ) ) ;
#11567 = ORIENTED_EDGE ( 'NONE', *, *, #2628, .T. ) ;
#11568 = VERTEX_POINT ( 'NONE', #6177 ) ;
#11569 = CARTESIAN_POINT ( 'NONE',  ( 4.471423231677817967E-11, -2.761084417633322037E-12, -143.7500000000222826 ) ) ;
#11570 = EDGE_CURVE ( 'NONE', #9699, #3829, #8553, .T. ) ;
#11571 = ORIENTED_EDGE ( 'NONE', *, *, #11443, .F. ) ;
#11572 = FACE_OUTER_BOUND ( 'NONE', #10007, .T. ) ;
#11573 = CARTESIAN_POINT ( 'NONE',  ( 0.000000000000000000, 0.000000000000000000, 42.79999999999996874 ) ) ;
#11574 = CARTESIAN_POINT ( 'NONE',  ( 0.000000000000000000, 20.00000000000000000, -10.00000000000000000 ) ) ;
#11575 = VECTOR ( 'NONE', #503, 1000.000000000000000 ) ;
#11576 = FILL_AREA_STYLE_COLOUR ( '', #1089 ) ;
#11577 = EDGE_CURVE ( 'NONE', #9826, #7005, #7174, .T. ) ;
#11578 = EDGE_CURVE ( 'NONE', #728, #1118, #6383, .T. ) ;
#11579 = ORIENTED_EDGE ( 'NONE', *, *, #10497, .F. ) ;
#11580 = CARTESIAN_POINT ( 'NONE',  ( 0.000000000000000000, 20.00000000000000000, 0.000000000000000000 ) ) ;
#11581 = EDGE_LOOP ( 'NONE', ( #10662, #8753, #4578, #11761 ) ) ;
#11582 = ORIENTED_EDGE ( 'NONE', *, *, #744, .T. ) ;
#11583 = AXIS2_PLACEMENT_3D ( 'NONE', #8099, #11882, #3387 ) ;
#11584 = EDGE_CURVE ( 'NONE', #867, #527, #3384, .T. ) ;
#11585 = ORIENTED_EDGE ( 'NONE', *, *, #9744, .T. ) ;
#11586 = CARTESIAN_POINT ( 'NONE',  ( -30.00000000000000000, 20.00000000000000000, -10.00000000000000000 ) ) ;
#11587 = CARTESIAN_POINT ( 'NONE',  ( -6.300000000000000711, 29.80000000000000426, 16.86149459567567632 ) ) ;
#11588 = DIRECTION ( 'NONE',  ( 0.000000000000000000, 0.000000000000000000, -1.000000000000000000 ) ) ;
#11589 = DIRECTION ( 'NONE',  ( 0.000000000000000000, 1.000000000000000000, 0.000000000000000000 ) ) ;
#11590 = AXIS2_PLACEMENT_3D ( 'NONE', #384, #9862, #10856 ) ;
#11591 = DIRECTION ( 'NONE',  ( -0.000000000000000000, 1.000000000000000000, -0.000000000000000000 ) ) ;
#11592 = EDGE_CURVE ( 'NONE', #222, #12065, #10745, .T. ) ;
#11593 = CARTESIAN_POINT ( 'NONE',  ( 4.999999999999998224, 34.20000000000000284, -25.00000000000000000 ) ) ;
#11594 = EDGE_CURVE ( 'NONE', #10034, #3328, #10549, .T. ) ;
#11595 = PLANE ( 'NONE',  #1795 ) ;
#11596 = PRODUCT_DEFINITION_SHAPE ( 'NONE', 'NONE',  #12259 ) ;
#11597 = ORIENTED_EDGE ( 'NONE', *, *, #5682, .T. ) ;
#11598 = DIRECTION ( 'NONE',  ( -1.000000000000000000, 0.000000000000000000, -2.312964634635742895E-17 ) ) ;
#11599 = DIRECTION ( 'NONE',  ( 1.000000000000000000, 0.000000000000000000, 0.000000000000000000 ) ) ;
#11600 = VERTEX_POINT ( 'NONE', #10266 ) ;
#11601 = CARTESIAN_POINT ( 'NONE',  ( 0.000000000000000000, 0.000000000000000000, 3.000000000000000000 ) ) ;
#11602 = CARTESIAN_POINT ( 'NONE',  ( 5.000000000000000000, 6.123233995736766282E-16, 33.00000000000000000 ) ) ;
#11603 = ORIENTED_EDGE ( 'NONE', *, *, #9592, .F. ) ;
#11604 = CARTESIAN_POINT ( 'NONE',  ( 4.056837738939143287E-15, 28.88506671125515979, -33.12659406584553068 ) ) ;
#11605 = DIRECTION ( 'NONE',  ( 0.000000000000000000, 0.000000000000000000, 1.000000000000000000 ) ) ;
#11606 = CARTESIAN_POINT ( 'NONE',  ( 0.000000000000000000, 35.39999999999999858, 0.000000000000000000 ) ) ;
#11607 = SHAPE_REPRESENTATION ( 'Pulley16mm', ( #10290 ), #2575 ) ;
#11608 = CIRCLE ( 'NONE', #11803, 2.099999999999997868 ) ;
#11609 = ADVANCED_FACE ( 'NONE', ( #2930 ), #4690, .T. ) ;
#11610 = DIRECTION ( 'NONE',  ( 0.000000000000000000, 0.000000000000000000, -1.000000000000000000 ) ) ;
#11611 = ORIENTED_EDGE ( 'NONE', *, *, #617, .F. ) ;
#11612 = DIRECTION ( 'NONE',  ( 5.551115123125901031E-15, 0.000000000000000000, 1.000000000000000000 ) ) ;
#11613 = ORIENTED_EDGE ( 'NONE', *, *, #10894, .T. ) ;
#11614 = CARTESIAN_POINT ( 'NONE',  ( -7.301494641591894997E-14, 29.80000000000000426, 18.50000000000000355 ) ) ;
#11615 = EDGE_LOOP ( 'NONE', ( #9343, #975, #6724, #1320, #4331, #3312, #7681, #9081 ) ) ;
#11616 = DIRECTION ( 'NONE',  ( 0.000000000000000000, 0.000000000000000000, -1.000000000000000000 ) ) ;
#11617 =( LENGTH_UNIT ( ) NAMED_UNIT ( * ) SI_UNIT ( .MILLI., .METRE. ) );
#11618 = DIRECTION ( 'NONE',  ( 0.000000000000000000, 0.000000000000000000, -1.000000000000000000 ) ) ;
#11619 = CARTESIAN_POINT ( 'NONE',  ( 0.000000000000000000, 0.000000000000000000, 0.000000000000000000 ) ) ;
#11620 = EDGE_CURVE ( 'NONE', #6166, #1378, #5415, .T. ) ;
#11621 = CARTESIAN_POINT ( 'NONE',  ( 0.000000000000000000, 2.399999999999999467, 0.000000000000000000 ) ) ;
#11622 = DIRECTION ( 'NONE',  ( -0.000000000000000000, 1.000000000000000000, -0.000000000000000000 ) ) ;
#11623 = DIRECTION ( 'NONE',  ( 0.000000000000000000, -0.000000000000000000, 1.000000000000000000 ) ) ;
#11624 = VERTEX_POINT ( 'NONE', #1846 ) ;
#11625 = DIRECTION ( 'NONE',  ( -1.000000000000000000, -0.000000000000000000, -0.000000000000000000 ) ) ;
#11626 = ORIENTED_EDGE ( 'NONE', *, *, #5633, .T. ) ;
#11627 = ORIENTED_EDGE ( 'NONE', *, *, #8275, .T. ) ;
#11628 = APPLICATION_PROTOCOL_DEFINITION ( 'draft international standard', 'automotive_design', 1998, #4870 ) ;
#11629 = VERTEX_POINT ( 'NONE', #2879 ) ;
#11630 = DIRECTION ( 'NONE',  ( 0.000000000000000000, 0.000000000000000000, 1.000000000000000000 ) ) ;
#11631 = CARTESIAN_POINT ( 'NONE',  ( 2.199633243471174140E-13, 0.000000000000000000, -20.99999999999999645 ) ) ;
#11632 = EDGE_CURVE ( 'NONE', #7723, #1104, #3635, .T. ) ;
#11633 = DIRECTION ( 'NONE',  ( 0.000000000000000000, 0.000000000000000000, 1.000000000000000000 ) ) ;
#11634 = ADVANCED_FACE ( 'NONE', ( #1101, #971, #5727, #4741, #7467 ), #11252, .F. ) ;
#11635 = EDGE_LOOP ( 'NONE', ( #373, #11910 ) ) ;
#11636 = FACE_OUTER_BOUND ( 'NONE', #8030, .T. ) ;
#11637 = ORIENTED_EDGE ( 'NONE', *, *, #4118, .F. ) ;
#11638 = VERTEX_POINT ( 'NONE', #8516 ) ;
#11639 = ORIENTED_EDGE ( 'NONE', *, *, #10926, .F. ) ;
#11640 = DIRECTION ( 'NONE',  ( 1.000000000000000000, 0.000000000000000000, 0.000000000000000000 ) ) ;
#11641 = FACE_OUTER_BOUND ( 'NONE', #4620, .T. ) ;
#11642 = CYLINDRICAL_SURFACE ( 'NONE', #50, 44.50000000000000711 ) ;
#11643 = CARTESIAN_POINT ( 'NONE',  ( 238.3273854894816850, -39.99999999999999289, -90.00026364683253632 ) ) ;
#11644 = CYLINDRICAL_SURFACE ( 'NONE', #5270, 44.50000000000000711 ) ;
#11645 = LINE ( 'NONE', #3139, #3242 ) ;
#11646 = ADVANCED_FACE ( 'NONE', ( #3871 ), #2707, .T. ) ;
#11647 = CARTESIAN_POINT ( 'NONE',  ( 0.000000000000000000, 13.40000000000000213, 0.000000000000000000 ) ) ;
#11648 = VERTEX_POINT ( 'NONE', #7653 ) ;
#11649 = DIRECTION ( 'NONE',  ( -1.000000000000000000, 0.000000000000000000, 0.000000000000000000 ) ) ;
#11650 = SURFACE_STYLE_USAGE ( .BOTH. , #4958 ) ;
#11651 = ORIENTED_EDGE ( 'NONE', *, *, #7338, .F. ) ;
#11652 = DIRECTION ( 'NONE',  ( -0.000000000000000000, -1.000000000000000000, -0.000000000000000000 ) ) ;
#11653 = EDGE_CURVE ( 'NONE', #10013, #6442, #1039, .T. ) ;
#11654 = CARTESIAN_POINT ( 'NONE',  ( 0.000000000000000000, 22.19999999999999929, 44.50000000000000711 ) ) ;
#11655 = ADVANCED_FACE ( 'NONE', ( #1955, #4817 ), #5799, .F. ) ;
#11656 = VERTEX_POINT ( 'NONE', #11436 ) ;
#11657 = DIRECTION ( 'NONE',  ( 0.000000000000000000, 0.000000000000000000, 1.000000000000000000 ) ) ;
#11658 = CYLINDRICAL_SURFACE ( 'NONE', #6827, 2.100000000000000533 ) ;
#11659 = PRESENTATION_STYLE_ASSIGNMENT (( #7870 ) ) ;
#11660 = ADVANCED_FACE ( 'NONE', ( #9404 ), #11381, .T. ) ;
#11661 = EDGE_LOOP ( 'NONE', ( #5981, #8083, #10479, #9356 ) ) ;
#11662 = CARTESIAN_POINT ( 'NONE',  ( 21.00000000000000000, 20.00000000000000000, 0.000000000000000000 ) ) ;
#11663 = ORIENTED_EDGE ( 'NONE', *, *, #9580, .T. ) ;
#11664 = LINE ( 'NONE', #6271, #440 ) ;
#11665 = ADVANCED_FACE ( 'NONE', ( #104 ), #9340, .F. ) ;
#11666 = ORIENTED_EDGE ( 'NONE', *, *, #3484, .T. ) ;
#11667 = EDGE_CURVE ( 'NONE', #11648, #670, #11741, .T. ) ;
#11668 = FACE_OUTER_BOUND ( 'NONE', #788, .T. ) ;
#11669 = AXIS2_PLACEMENT_3D ( 'NONE', #6315, #4406, #10106 ) ;
#11670 = VERTEX_POINT ( 'NONE', #6537 ) ;
#11671 = CARTESIAN_POINT ( 'NONE',  ( 0.000000000000000000, 34.20000000000000284, 0.000000000000000000 ) ) ;
#11672 = CARTESIAN_POINT ( 'NONE',  ( 2.199633243471174140E-13, 29.80000000000000426, -20.99999999999999645 ) ) ;
#11673 = CARTESIAN_POINT ( 'NONE',  ( -21.00000000000000000, -5.939696961967007027, 2.099999999999853095 ) ) ;
#11674 = DIRECTION ( 'NONE',  ( -0.000000000000000000, 1.000000000000000000, -0.000000000000000000 ) ) ;
#11675 = DIRECTION ( 'NONE',  ( 0.000000000000000000, 0.000000000000000000, 1.000000000000000000 ) ) ;
#11676 = CARTESIAN_POINT ( 'NONE',  ( -11.31370849898474162, -2.500000000000000000, 12.96370849898477928 ) ) ;
#11677 = SURFACE_SIDE_STYLE ('',( #538 ) ) ;
#11678 = VECTOR ( 'NONE', #7911, 1000.000000000000000 ) ;
#11679 = AXIS2_PLACEMENT_3D ( 'NONE', #10297, #6286, #12224 ) ;
#11680 = CARTESIAN_POINT ( 'NONE',  ( 0.000000000000000000, 20.21909088590100367, 0.000000000000000000 ) ) ;
#11681 = VERTEX_POINT ( 'NONE', #5625 ) ;
#11682 = CARTESIAN_POINT ( 'NONE',  ( 0.000000000000000000, 27.60000000000000142, -40.00000000000000000 ) ) ;
#11683 = ADVANCED_FACE ( 'NONE', ( #8460 ), #11319, .T. ) ;
#11684 = VERTEX_POINT ( 'NONE', #10396 ) ;
#11685 = ORIENTED_EDGE ( 'NONE', *, *, #6439, .F. ) ;
#11686 = APPLICATION_PROTOCOL_DEFINITION ( 'draft international standard', 'automotive_design', 1998, #10264 ) ;
#11687 = ORIENTED_EDGE ( 'NONE', *, *, #9691, .F. ) ;
#11688 = DIRECTION ( 'NONE',  ( -0.000000000000000000, -1.000000000000000000, -0.000000000000000000 ) ) ;
#11689 = AXIS2_PLACEMENT_3D ( 'NONE', #8345, #6429, #3910 ) ;
#11690 = PRODUCT_DEFINITION_FORMATION_WITH_SPECIFIED_SOURCE ( 'ANY', '', #6231, .NOT_KNOWN. ) ;
#11691 = CARTESIAN_POINT ( 'NONE',  ( 0.000000000000000000, 2.999999999999999112, 0.000000000000000000 ) ) ;
#11692 = PRODUCT ( 'angular contact ball bearing_68_din_DIN 628 - 7201B - 8,SI,NC,8_68', 'angular contact ball bearing_68_din_DIN 628 - 7201B - 8,SI,NC,8_68', '', ( #10685 ) ) ;
#11693 = CARTESIAN_POINT ( 'NONE',  ( -14.84924240491737102, -5.939696961967007027, -14.84924240491763392 ) ) ;
#11694 = CARTESIAN_POINT ( 'NONE',  ( 14.84924240491747582, 0.000000000000000000, 16.94924240491752343 ) ) ;
#11695 = CIRCLE ( 'NONE', #2775, 75.00000000000001421 ) ;
#11696 = AXIS2_PLACEMENT_3D ( 'NONE', #8135, #11925, #2555 ) ;
#11697 = VECTOR ( 'NONE', #4675, 1000.000000000000000 ) ;
#11698 = ORIENTED_EDGE ( 'NONE', *, *, #3217, .T. ) ;
#11699 = CARTESIAN_POINT ( 'NONE',  ( -0.07261451051832458481, -39.99999999999999289, -380.0002636468324226 ) ) ;
#11700 = EDGE_CURVE ( 'NONE', #9589, #12236, #4173, .T. ) ;
#11701 = ORIENTED_EDGE ( 'NONE', *, *, #8197, .F. ) ;
#11702 = ORIENTED_EDGE ( 'NONE', *, *, #8547, .F. ) ;
#11703 = DIRECTION ( 'NONE',  ( 0.000000000000000000, 1.000000000000000000, 0.000000000000000000 ) ) ;
#11704 = VERTEX_POINT ( 'NONE', #7036 ) ;
#11705 = LINE ( 'NONE', #3133, #8339 ) ;
#11706 = CIRCLE ( 'NONE', #8721, 2.000000000000001776 ) ;
#11707 = AXIS2_PLACEMENT_3D ( 'NONE', #5901, #6891, #10671 ) ;
#11708 = PLANE ( 'NONE',  #1719 ) ;
#11709 = DIRECTION ( 'NONE',  ( -0.000000000000000000, 1.000000000000000000, -0.000000000000000000 ) ) ;
#11710 = DIRECTION ( 'NONE',  ( 0.000000000000000000, 1.000000000000000000, 0.000000000000000000 ) ) ;
#11711 = CYLINDRICAL_SURFACE ( 'NONE', #11795, 2.000000000000000000 ) ;
#11712 = AXIS2_PLACEMENT_3D ( 'NONE', #11845, #11976, #10853 ) ;
#11713 = AXIS2_PLACEMENT_3D ( 'NONE', #8944, #468, #3299 ) ;
#11714 = DIRECTION ( 'NONE',  ( -0.000000000000000000, 1.000000000000000000, -0.000000000000000000 ) ) ;
#11715 = CARTESIAN_POINT ( 'NONE',  ( 138.3273854894817134, 3.000000000000000000, -280.0002636468323658 ) ) ;
#11716 = AXIS2_PLACEMENT_3D ( 'NONE', #9217, #8273, #11245 ) ;
#11717 = ORIENTED_EDGE ( 'NONE', *, *, #6479, .T. ) ;
#11718 = AXIS2_PLACEMENT_3D ( 'NONE', #3150, #11545, #1324 ) ;
#11719 = CYLINDRICAL_SURFACE ( 'NONE', #9153, 8.000000000000000000 ) ;
#11720 = LINE ( 'NONE', #7004, #6570 ) ;
#11721 = ORIENTED_EDGE ( 'NONE', *, *, #5193, .T. ) ;
#11722 = VECTOR ( 'NONE', #8487, 1000.000000000000000 ) ;
#11723 = FACE_OUTER_BOUND ( 'NONE', #662, .T. ) ;
#11724 = DIRECTION ( 'NONE',  ( -0.000000000000000000, -1.000000000000000000, -0.000000000000000000 ) ) ;
#11725 = ADVANCED_FACE ( 'NONE', ( #5119 ), #7965, .F. ) ;
#11726 = VERTEX_POINT ( 'NONE', #6842 ) ;
#11727 = FACE_OUTER_BOUND ( 'NONE', #11392, .T. ) ;
#11728 = COLOUR_RGB ( '',0.7921568627450980005, 0.8196078431372548767, 0.9333333333333333481 ) ;
#11729 = FACE_BOUND ( 'NONE', #12043, .T. ) ;
#11730 = CIRCLE ( 'NONE', #11937, 44.50000000000000711 ) ;
#11731 = CIRCLE ( 'NONE', #1049, 2.500000000000000000 ) ;
#11732 = ORIENTED_EDGE ( 'NONE', *, *, #8931, .T. ) ;
#11733 = CARTESIAN_POINT ( 'NONE',  ( -130.0000000000000000, 0.000000000000000000, 10.00000000000000000 ) ) ;
#11734 = ORIENTED_EDGE ( 'NONE', *, *, #10742, .F. ) ;
#11735 = EDGE_CURVE ( 'NONE', #4193, #8066, #5000, .T. ) ;
#11736 = CYLINDRICAL_SURFACE ( 'NONE', #4784, 2.100000000000000089 ) ;
#11737 = AXIS2_PLACEMENT_3D ( 'NONE', #6078, #7074, #10801 ) ;
#11738 = AXIS2_PLACEMENT_3D ( 'NONE', #6615, #1913, #2662 ) ;
#11739 = VERTEX_POINT ( 'NONE', #408 ) ;
#11740 = CARTESIAN_POINT ( 'NONE',  ( 2.999999999999998224, 34.20000000000000284, -23.00000000000000000 ) ) ;
#11741 = CIRCLE ( 'NONE', #10161, 2.000000000000000000 ) ;
#11742 = ADVANCED_FACE ( 'NONE', ( #11756 ), #8774, .T. ) ;
#11743 = ORIENTED_EDGE ( 'NONE', *, *, #6730, .F. ) ;
#11744 = PRESENTATION_LAYER_ASSIGNMENT (  '', '', ( #8568 ) ) ;
#11745 = DIRECTION ( 'NONE',  ( 0.000000000000000000, 0.000000000000000000, -1.000000000000000000 ) ) ;
#11746 = CARTESIAN_POINT ( 'NONE',  ( 238.3273854894817134, 3.000000000000000000, -95.00026364683247948 ) ) ;
#11747 = LINE ( 'NONE', #4353, #4993 ) ;
#11748 = CIRCLE ( 'NONE', #8370, 44.50000000000000711 ) ;
#11749 = EDGE_CURVE ( 'NONE', #1934, #2757, #3153, .T. ) ;
#11750 = CARTESIAN_POINT ( 'NONE',  ( 0.000000000000000000, 31.00000000000000000, 44.50000000000000711 ) ) ;
#11751 = EDGE_CURVE ( 'NONE', #4313, #8874, #4554, .T. ) ;
#11752 = CARTESIAN_POINT ( 'NONE',  ( 0.000000000000000000, 0.000000000000000000, 12.00000000000000000 ) ) ;
#11753 = ORIENTED_EDGE ( 'NONE', *, *, #5007, .T. ) ;
#11754 = FACE_OUTER_BOUND ( 'NONE', #2329, .T. ) ;
#11755 = ORIENTED_EDGE ( 'NONE', *, *, #1454, .T. ) ;
#11756 = FACE_OUTER_BOUND ( 'NONE', #9125, .T. ) ;
#11757 = EDGE_LOOP ( 'NONE', ( #6136, #6867, #7604, #8813 ) ) ;
#11758 = ORIENTED_EDGE ( 'NONE', *, *, #10638, .F. ) ;
#11759 = CIRCLE ( 'NONE', #4224, 30.00000000000000000 ) ;
#11760 = APPLICATION_PROTOCOL_DEFINITION ( 'draft international standard', 'automotive_design', 1998, #10334 ) ;
#11761 = ORIENTED_EDGE ( 'NONE', *, *, #3916, .F. ) ;
#11762 = CARTESIAN_POINT ( 'NONE',  ( 0.000000000000000000, 20.21909088590100367, 0.000000000000000000 ) ) ;
#11763 = CARTESIAN_POINT ( 'NONE',  ( -20.63749999999999929, 0.000000000000000000, 0.000000000000000000 ) ) ;
#11764 = CARTESIAN_POINT ( 'NONE',  ( 218.3273854894824524, 3.000000000000000000, -155.0002636468325079 ) ) ;
#11765 =( NAMED_UNIT ( * ) SI_UNIT ( $, .STERADIAN. ) SOLID_ANGLE_UNIT ( ) );
#11766 = AXIS2_PLACEMENT_3D ( 'NONE', #7187, #2477, #700 ) ;
#11767 = ORIENTED_EDGE ( 'NONE', *, *, #12195, .F. ) ;
#11768 = DIRECTION ( 'NONE',  ( 0.000000000000000000, 0.000000000000000000, -1.000000000000000000 ) ) ;
#11769 = ORIENTED_EDGE ( 'NONE', *, *, #6812, .T. ) ;
#11770 = ORIENTED_EDGE ( 'NONE', *, *, #5303, .T. ) ;
#11771 = CARTESIAN_POINT ( 'NONE',  ( 0.000000000000000000, 16.00000000000001421, -60.00000000000000000 ) ) ;
#11772 = ORIENTED_EDGE ( 'NONE', *, *, #9541, .F. ) ;
#11773 = EDGE_CURVE ( 'NONE', #5855, #2033, #3001, .T. ) ;
#11774 = DIRECTION ( 'NONE',  ( -1.000000000000000000, 0.000000000000000000, 0.000000000000000000 ) ) ;
#11775 = COLOUR_RGB ( '',0.7921568627450980005, 0.8196078431372548767, 0.9333333333333333481 ) ;
#11776 = FACE_OUTER_BOUND ( 'NONE', #1728, .T. ) ;
#11777 = CARTESIAN_POINT ( 'NONE',  ( 0.000000000000000000, 24.39999999999999858, 45.00000000000000711 ) ) ;
#11778 = CARTESIAN_POINT ( 'NONE',  ( -5.000000000000000888, 0.000000000000000000, -6.599999999999999645 ) ) ;
#11779 = CARTESIAN_POINT ( 'NONE',  ( -5.000000000000000000, 0.000000000000000000, 0.000000000000000000 ) ) ;
#11780 = EDGE_CURVE ( 'NONE', #6952, #1116, #8706, .T. ) ;
#11781 = DIRECTION ( 'NONE',  ( 0.000000000000000000, 0.000000000000000000, 1.000000000000000000 ) ) ;
#11782 = CYLINDRICAL_SURFACE ( 'NONE', #9912, 2.499999999999998668 ) ;
#11783 = VECTOR ( 'NONE', #8399, 1000.000000000000000 ) ;
#11784 = ORIENTED_EDGE ( 'NONE', *, *, #7856, .F. ) ;
#11785 = DIRECTION ( 'NONE',  ( -0.000000000000000000, 1.000000000000000000, -0.000000000000000000 ) ) ;
#11786 = CARTESIAN_POINT ( 'NONE',  ( 5.000000000000000888, 0.000000000000000000, 0.000000000000000000 ) ) ;
#11787 = ORIENTED_EDGE ( 'NONE', *, *, #5737, .T. ) ;
#11788 = DIRECTION ( 'NONE',  ( 1.000000000000000000, 0.000000000000000000, 0.000000000000000000 ) ) ;
#11789 = CARTESIAN_POINT ( 'NONE',  ( 4.999999999999999112, 6.123233995736765296E-16, 101.8499999999999943 ) ) ;
#11790 = ORIENTED_EDGE ( 'NONE', *, *, #5614, .T. ) ;
#11791 = DIRECTION ( 'NONE',  ( 0.000000000000000000, 0.000000000000000000, 1.000000000000000000 ) ) ;
#11792 = CARTESIAN_POINT ( 'NONE',  ( 90.00000000000000000, 20.00000000000000000, -10.00000000000000000 ) ) ;
#11793 = EDGE_CURVE ( 'NONE', #7448, #8630, #1346, .T. ) ;
#11794 = EDGE_LOOP ( 'NONE', ( #5365, #3425, #9438, #8790 ) ) ;
#11795 = AXIS2_PLACEMENT_3D ( 'NONE', #1175, #8916, #7913 ) ;
#11796 = DIRECTION ( 'NONE',  ( 0.000000000000000000, 0.000000000000000000, 1.000000000000000000 ) ) ;
#11797 = ORIENTED_EDGE ( 'NONE', *, *, #10638, .T. ) ;
#11798 = EDGE_CURVE ( 'NONE', #10316, #5576, #6727, .T. ) ;
#11799 = CARTESIAN_POINT ( 'NONE',  ( -14.84924240491737102, 20.00000000000000000, -12.74924240491763072 ) ) ;
#11800 = ORIENTED_EDGE ( 'NONE', *, *, #9458, .T. ) ;
#11801 = CARTESIAN_POINT ( 'NONE',  ( -91.00000000000000000, 10.00000000000000000, 15.93969696196701591 ) ) ;
#11802 = EDGE_LOOP ( 'NONE', ( #3103, #7544, #5784, #3313 ) ) ;
#11803 = AXIS2_PLACEMENT_3D ( 'NONE', #10749, #1278, #9945 ) ;
#11804 = CARTESIAN_POINT ( 'NONE',  ( 21.00000000000000000, -5.939696961967007027, -2.100000000000000533 ) ) ;
#11805 = EDGE_CURVE ( 'NONE', #1776, #4561, #7129, .T. ) ;
#11806 = LINE ( 'NONE', #591, #5974 ) ;
#11807 = DIRECTION ( 'NONE',  ( 1.000000000000000000, 0.000000000000000000, 0.000000000000000000 ) ) ;
#11808 = DIRECTION ( 'NONE',  ( 0.000000000000000000, 0.000000000000000000, 1.000000000000000000 ) ) ;
#11809 = CLOSED_SHELL ( 'NONE', ( #4692, #7629, #8401, #1185, #10300, #3632 ) ) ;
#11810 = EDGE_LOOP ( 'NONE', ( #638, #10196, #4966, #2465 ) ) ;
#11811 = ADVANCED_FACE ( 'NONE', ( #9881 ), #1190, .T. ) ;
#11812 = DIRECTION ( 'NONE',  ( 0.000000000000000000, 1.000000000000000000, 0.000000000000000000 ) ) ;
#11813 = VECTOR ( 'NONE', #7631, 1000.000000000000000 ) ;
#11814 = ORIENTED_EDGE ( 'NONE', *, *, #6418, .T. ) ;
#11815 = DIRECTION ( 'NONE',  ( 0.000000000000000000, 0.000000000000000000, 1.000000000000000000 ) ) ;
#11816 = VERTEX_POINT ( 'NONE', #5061 ) ;
#11817 = VERTEX_POINT ( 'NONE', #3920 ) ;
#11818 = APPLICATION_PROTOCOL_DEFINITION ( 'draft international standard', 'automotive_design', 1998, #11837 ) ;
#11819 = ORIENTED_EDGE ( 'NONE', *, *, #8085, .F. ) ;
#11820 = CARTESIAN_POINT ( 'NONE',  ( 0.000000000000000000, 43.00000000000000000, 0.000000000000000000 ) ) ;
#11821 = EDGE_CURVE ( 'NONE', #9999, #9044, #6133, .T. ) ;
#11822 = CARTESIAN_POINT ( 'NONE',  ( -11.31370849898474162, 7.066904755831209251, 11.31370849898478248 ) ) ;
#11823 = DIRECTION ( 'NONE',  ( 0.000000000000000000, 0.000000000000000000, 1.000000000000000000 ) ) ;
#11824 = DIRECTION ( 'NONE',  ( 0.000000000000000000, 0.000000000000000000, -1.000000000000000000 ) ) ;
#11825 = VERTEX_POINT ( 'NONE', #11682 ) ;
#11826 = CARTESIAN_POINT ( 'NONE',  ( -0.07261451051832458481, 3.000000000000000000, -380.0002636468324226 ) ) ;
#11827 = ORIENTED_EDGE ( 'NONE', *, *, #11489, .F. ) ;
#11828 = ORIENTED_EDGE ( 'NONE', *, *, #3527, .T. ) ;
#11829 = FACE_BOUND ( 'NONE', #852, .T. ) ;
#11830 = ORIENTED_EDGE ( 'NONE', *, *, #10537, .F. ) ;
#11831 = CARTESIAN_POINT ( 'NONE',  ( 0.000000000000000000, 9.000000000000001776, 0.000000000000000000 ) ) ;
#11832 = EDGE_CURVE ( 'NONE', #4415, #10938, #8836, .T. ) ;
#11833 = CARTESIAN_POINT ( 'NONE',  ( 138.3273854894817134, -39.99999999999999289, -280.0002636468323658 ) ) ;
#11834 = DIRECTION ( 'NONE',  ( -1.000000000000000000, 0.000000000000000000, -1.387778780781496754E-15 ) ) ;
#11835 = DIRECTION ( 'NONE',  ( 1.000000000000000000, -0.000000000000000000, 5.550529771288700461E-15 ) ) ;
#11836 = DIRECTION ( 'NONE',  ( 0.000000000000000000, 0.000000000000000000, 1.000000000000000000 ) ) ;
#11837 = APPLICATION_CONTEXT ( 'automotive_design' ) ;
#11838 = CARTESIAN_POINT ( 'NONE',  ( 238.3273854894817134, -39.99999999999999289, -155.0002636468324795 ) ) ;
#11839 = ORIENTED_EDGE ( 'NONE', *, *, #1527, .F. ) ;
#11840 = FACE_BOUND ( 'NONE', #7362, .T. ) ;
#11841 = LINE ( 'NONE', #1257, #7948 ) ;
#11842 = ORIENTED_EDGE ( 'NONE', *, *, #1463, .T. ) ;
#11843 = FACE_OUTER_BOUND ( 'NONE', #8028, .T. ) ;
#11844 = ADVANCED_FACE ( 'NONE', ( #9643 ), #4927, .F. ) ;
#11845 = CARTESIAN_POINT ( 'NONE',  ( 0.000000000000000000, 12.00000000000000000, 0.000000000000000000 ) ) ;
#11846 = ORIENTED_EDGE ( 'NONE', *, *, #8155, .T. ) ;
#11847 = DIRECTION ( 'NONE',  ( 0.000000000000000000, 0.000000000000000000, 1.000000000000000000 ) ) ;
#11848 = DIRECTION ( 'NONE',  ( 1.000000000000000000, 0.000000000000000000, 0.000000000000000000 ) ) ;
#11849 = ORIENTED_EDGE ( 'NONE', *, *, #1211, .F. ) ;
#11850 = CARTESIAN_POINT ( 'NONE',  ( 138.3273854894824240, -39.99999999999999289, -89.99973635316756315 ) ) ;
#11851 = ORIENTED_EDGE ( 'NONE', *, *, #8244, .T. ) ;
#11852 = CARTESIAN_POINT ( 'NONE',  ( 0.000000000000000000, 0.000000000000000000, 0.000000000000000000 ) ) ;
#11853 = UNCERTAINTY_MEASURE_WITH_UNIT (LENGTH_MEASURE( 1.000000000000000082E-05 ), #4580, 'distance_accuracy_value', 'NONE');
#11854 = EDGE_CURVE ( 'NONE', #9833, #6875, #402, .T. ) ;
#11855 = ORIENTED_EDGE ( 'NONE', *, *, #6281, .F. ) ;
#11856 = DIRECTION ( 'NONE',  ( 0.000000000000000000, 0.000000000000000000, 1.000000000000000000 ) ) ;
#11857 = VERTEX_POINT ( 'NONE', #9698 ) ;
#11858 = CARTESIAN_POINT ( 'NONE',  ( 0.000000000000000000, 20.00000000000000000, 0.000000000000000000 ) ) ;
#11859 = CARTESIAN_POINT ( 'NONE',  ( 0.000000000000000000, 16.00000000000000000, 0.000000000000000000 ) ) ;
#11860 = LINE ( 'NONE', #9948, #11946 ) ;
#11861 = ORIENTED_EDGE ( 'NONE', *, *, #3852, .F. ) ;
#11862 = DIRECTION ( 'NONE',  ( -0.000000000000000000, -1.000000000000000000, -0.000000000000000000 ) ) ;
#11863 = ORIENTED_EDGE ( 'NONE', *, *, #3769, .T. ) ;
#11864 = DIRECTION ( 'NONE',  ( 0.000000000000000000, 1.000000000000000000, 0.000000000000000000 ) ) ;
#11865 = EDGE_LOOP ( 'NONE', ( #8879, #4902, #10331, #3489 ) ) ;
#11866 = ORIENTED_EDGE ( 'NONE', *, *, #4005, .F. ) ;
#11867 = PRODUCT_CONTEXT ( 'NONE', #8654, 'mechanical' ) ;
#11868 = ORIENTED_EDGE ( 'NONE', *, *, #5633, .F. ) ;
#11869 = CARTESIAN_POINT ( 'NONE',  ( 22.36067977499790871, 20.00000000000000000, 19.99999999999998579 ) ) ;
#11870 = ADVANCED_FACE ( 'NONE', ( #1217 ), #10874, .F. ) ;
#11871 = CARTESIAN_POINT ( 'NONE',  ( 130.0000000000000000, 20.00000000000000000, 10.25000000000002309 ) ) ;
#11872 = DIRECTION ( 'NONE',  ( 0.000000000000000000, 0.000000000000000000, -1.000000000000000000 ) ) ;
#11873 = VECTOR ( 'NONE', #11589, 1000.000000000000000 ) ;
#11874 = VECTOR ( 'NONE', #2304, 1000.000000000000000 ) ;
#11875 = PRESENTATION_STYLE_ASSIGNMENT (( #10962 ) ) ;
#11876 = VECTOR ( 'NONE', #845, 1000.000000000000000 ) ;
#11877 = ORIENTED_EDGE ( 'NONE', *, *, #3563, .T. ) ;
#11878 = ADVANCED_FACE ( 'NONE', ( #1532 ), #8965, .F. ) ;
#11879 = DIRECTION ( 'NONE',  ( -0.000000000000000000, -1.000000000000000000, -0.000000000000000000 ) ) ;
#11880 = VERTEX_POINT ( 'NONE', #11012 ) ;
#11881 = VERTEX_POINT ( 'NONE', #598 ) ;
#11882 = DIRECTION ( 'NONE',  ( 0.000000000000000000, 1.000000000000000000, 0.000000000000000000 ) ) ;
#11883 = AXIS2_PLACEMENT_3D ( 'NONE', #4600, #8378, #12168 ) ;
#11884 = AXIS2_PLACEMENT_3D ( 'NONE', #3819, #1042, #974 ) ;
#11885 = VERTEX_POINT ( 'NONE', #3718 ) ;
#11886 = LINE ( 'NONE', #2291, #6960 ) ;
#11887 = ADVANCED_FACE ( 'NONE', ( #6577 ), #7325, .T. ) ;
#11888 = CARTESIAN_POINT ( 'NONE',  ( -11.31370849898490150, 7.066904755831209251, -11.31370849898462261 ) ) ;
#11889 = LINE ( 'NONE', #756, #7143 ) ;
#11890 = AXIS2_PLACEMENT_3D ( 'NONE', #11647, #4269, #2109 ) ;
#11891 = CARTESIAN_POINT ( 'NONE',  ( 218.3273854894824808, 3.000000000000000000, -95.00026364683250790 ) ) ;
#11892 = DIRECTION ( 'NONE',  ( -1.000000000000000000, 0.000000000000000000, 0.000000000000000000 ) ) ;
#11893 = AXIS2_PLACEMENT_3D ( 'NONE', #9859, #2116, #6821 ) ;
#11894 = VECTOR ( 'NONE', #8237, 1000.000000000000000 ) ;
#11895 = PRODUCT_DEFINITION_FORMATION_WITH_SPECIFIED_SOURCE ( 'ANY', '', #601, .NOT_KNOWN. ) ;
#11896 = EDGE_CURVE ( 'NONE', #8269, #5215, #4145, .T. ) ;
#11897 = EDGE_CURVE ( 'NONE', #5748, #6331, #2514, .T. ) ;
#11898 = DIRECTION ( 'NONE',  ( 1.000000000000000000, 0.000000000000000000, 6.938893903907233308E-16 ) ) ;
#11899 = PRODUCT_DEFINITION_SHAPE ( 'NONE', 'NONE',  #12264 ) ;
#11900 = ORIENTED_EDGE ( 'NONE', *, *, #9020, .T. ) ;
#11901 = CARTESIAN_POINT ( 'NONE',  ( -23.00000000000000000, 34.20000000000000284, -3.000000000000000000 ) ) ;
#11902 = DIRECTION ( 'NONE',  ( 0.000000000000000000, 0.000000000000000000, -1.000000000000000000 ) ) ;
#11903 = ORIENTED_EDGE ( 'NONE', *, *, #12151, .T. ) ;
#11904 = VECTOR ( 'NONE', #4933, 1000.000000000000000 ) ;
#11905 = CARTESIAN_POINT ( 'NONE',  ( -90.00000000000000000, -63.24555320336758513, -10.00000000000000000 ) ) ;
#11906 = CARTESIAN_POINT ( 'NONE',  ( -21.00000000000000000, 20.00000000000000000, -1.466422162314116009E-13 ) ) ;
#11907 = ADVANCED_FACE ( 'NONE', ( #6509 ), #7155, .T. ) ;
#11908 = VECTOR ( 'NONE', #5693, 1000.000000000000000 ) ;
#11909 = AXIS2_PLACEMENT_3D ( 'NONE', #7821, #5894, #4033 ) ;
#11910 = ORIENTED_EDGE ( 'NONE', *, *, #5436, .T. ) ;
#11911 = DIRECTION ( 'NONE',  ( -1.000000000000000000, 0.000000000000000000, 0.000000000000000000 ) ) ;
#11912 = CARTESIAN_POINT ( 'NONE',  ( -5.000000000000000000, 0.000000000000000000, 12.00000000000000000 ) ) ;
#11913 =( NAMED_UNIT ( * ) PLANE_ANGLE_UNIT ( ) SI_UNIT ( $, .RADIAN. ) );
#11914 = CARTESIAN_POINT ( 'NONE',  ( 0.000000000000000000, 13.40000000000000213, 0.000000000000000000 ) ) ;
#11915 = VECTOR ( 'NONE', #211, 1000.000000000000000 ) ;
#11916 = AXIS2_PLACEMENT_3D ( 'NONE', #10474, #8668, #11410 ) ;
#11917 = ORIENTED_EDGE ( 'NONE', *, *, #11632, .T. ) ;
#11918 = ADVANCED_FACE ( 'NONE', ( #1812 ), #1879, .F. ) ;
#11919 = CYLINDRICAL_SURFACE ( 'NONE', #2190, 2.500000000000000444 ) ;
#11920 = VECTOR ( 'NONE', #7780, 1000.000000000000000 ) ;
#11921 = AXIS2_PLACEMENT_3D ( 'NONE', #3426, #10997, #4660 ) ;
#11922 = ORIENTED_EDGE ( 'NONE', *, *, #3847, .T. ) ;
#11923 = DIRECTION ( 'NONE',  ( -0.000000000000000000, -0.000000000000000000, -1.000000000000000000 ) ) ;
#11924 = ORIENTED_EDGE ( 'NONE', *, *, #5184, .T. ) ;
#11925 = DIRECTION ( 'NONE',  ( -0.000000000000000000, 1.000000000000000000, -0.000000000000000000 ) ) ;
#11926 = AXIS2_PLACEMENT_3D ( 'NONE', #10659, #11360, #8494 ) ;
#11927 = AXIS2_PLACEMENT_3D ( 'NONE', #11218, #3405, #2720 ) ;
#11928 = ORIENTED_EDGE ( 'NONE', *, *, #2710, .F. ) ;
#11929 = AXIS2_PLACEMENT_3D ( 'NONE', #8971, #6980, #10880 ) ;
#11930 = DIRECTION ( 'NONE',  ( -0.000000000000000000, 1.000000000000000000, -0.000000000000000000 ) ) ;
#11931 = VECTOR ( 'NONE', #3090, 1000.000000000000000 ) ;
#11932 = DIRECTION ( 'NONE',  ( 0.000000000000000000, 0.000000000000000000, -1.000000000000000000 ) ) ;
#11933 = EDGE_CURVE ( 'NONE', #3256, #5232, #2382, .T. ) ;
#11934 = CARTESIAN_POINT ( 'NONE',  ( 0.000000000000000000, 20.00000000000000000, -30.00000000000000000 ) ) ;
#11935 = CIRCLE ( 'NONE', #4196, 2.000000000000000000 ) ;
#11936 = ORIENTED_EDGE ( 'NONE', *, *, #12019, .F. ) ;
#11937 = AXIS2_PLACEMENT_3D ( 'NONE', #8426, #6686, #4523 ) ;
#11938 = CARTESIAN_POINT ( 'NONE',  ( 18.50000000000000000, 0.000000000000000000, 0.000000000000000000 ) ) ;
#11939 = AXIS2_PLACEMENT_3D ( 'NONE', #3267, #4190, #11768 ) ;
#11940 = VERTEX_POINT ( 'NONE', #8025 ) ;
#11941 = DIRECTION ( 'NONE',  ( -1.000000000000000000, 0.000000000000000000, 0.000000000000000000 ) ) ;
#11942 = VERTEX_POINT ( 'NONE', #487 ) ;
#11943 = VERTEX_POINT ( 'NONE', #2790 ) ;
#11944 = ORIENTED_EDGE ( 'NONE', *, *, #1589, .F. ) ;
#11945 = DIRECTION ( 'NONE',  ( 0.000000000000000000, 0.000000000000000000, 1.000000000000000000 ) ) ;
#11946 = VECTOR ( 'NONE', #6090, 1000.000000000000000 ) ;
#11947 = CIRCLE ( 'NONE', #10958, 3.000000000000000888 ) ;
#11948 = DIRECTION ( 'NONE',  ( 0.000000000000000000, 0.000000000000000000, -1.000000000000000000 ) ) ;
#11949 = LINE ( 'NONE', #3448, #11161 ) ;
#11950 = EDGE_CURVE ( 'NONE', #3494, #7379, #6330, .T. ) ;
#11951 =( LENGTH_UNIT ( ) NAMED_UNIT ( * ) SI_UNIT ( .MILLI., .METRE. ) );
#11952 = CIRCLE ( 'NONE', #8377, 45.00000000000000711 ) ;
#11953 = ORIENTED_EDGE ( 'NONE', *, *, #951, .F. ) ;
#11954 = EDGE_CURVE ( 'NONE', #6912, #2652, #9377, .T. ) ;
#11955 = CARTESIAN_POINT ( 'NONE',  ( -120.2500000000000142, 20.00000000000000000, 10.25000000000002132 ) ) ;
#11956 = ORIENTED_EDGE ( 'NONE', *, *, #8709, .F. ) ;
#11957 = ORIENTED_EDGE ( 'NONE', *, *, #9090, .T. ) ;
#11958 = CARTESIAN_POINT ( 'NONE',  ( -5.000000000000000000, 0.000000000000000000, 12.00000000000000000 ) ) ;
#11959 = VERTEX_POINT ( 'NONE', #7090 ) ;
#11960 = LINE ( 'NONE', #562, #7370 ) ;
#11961 = FACE_OUTER_BOUND ( 'NONE', #5229, .T. ) ;
#11962 = DIRECTION ( 'NONE',  ( -1.000000000000000000, -0.000000000000000000, -6.938893903907232322E-16 ) ) ;
#11963 = ADVANCED_BREP_SHAPE_REPRESENTATION ( '', ( #4639, #10290 ), #2575 ) ;
#11964 = DIRECTION ( 'NONE',  ( -0.000000000000000000, 1.000000000000000000, -0.000000000000000000 ) ) ;
#11965 = AXIS2_PLACEMENT_3D ( 'NONE', #7733, #11527, #6813 ) ;
#11966 = PRODUCT_RELATED_PRODUCT_CATEGORY ( 'part', '', ( #8216 ) ) ;
#11967 = CARTESIAN_POINT ( 'NONE',  ( -11.31370849898490150, 7.066904755831209251, -12.96370849898462119 ) ) ;
#11968 = EDGE_CURVE ( 'NONE', #11318, #10660, #9308, .T. ) ;
#11969 = CARTESIAN_POINT ( 'NONE',  ( -18.50000000000000000, 3.061616997868384620E-16, 8.000000000000000000 ) ) ;
#11970 = VERTEX_POINT ( 'NONE', #1474 ) ;
#11971 = ADVANCED_FACE ( 'NONE', ( #5248, #545 ), #4301, .T. ) ;
#11972 = CARTESIAN_POINT ( 'NONE',  ( 0.000000000000000000, 0.000000000000000000, 3.000000000000000000 ) ) ;
#11973 = LINE ( 'NONE', #11093, #10337 ) ;
#11974 = VERTEX_POINT ( 'NONE', #10018 ) ;
#11975 = AXIS2_PLACEMENT_3D ( 'NONE', #931, #8470, #11445 ) ;
#11976 = DIRECTION ( 'NONE',  ( -0.000000000000000000, -1.000000000000000000, -0.000000000000000000 ) ) ;
#11977 = ORIENTED_EDGE ( 'NONE', *, *, #10241, .F. ) ;
#11978 = CARTESIAN_POINT ( 'NONE',  ( -25.00000000000000000, 34.20000000000000284, 3.000000000000000000 ) ) ;
#11979 = DIRECTION ( 'NONE',  ( -1.000000000000000000, 0.000000000000000000, 0.000000000000000000 ) ) ;
#11980 = EDGE_CURVE ( 'NONE', #9258, #2509, #3440, .T. ) ;
#11981 = EDGE_CURVE ( 'NONE', #6721, #4449, #2761, .T. ) ;
#11982 = CARTESIAN_POINT ( 'NONE',  ( 2.199633243471174140E-13, 29.80000000000000426, -20.99999999999999645 ) ) ;
#11983 = DIRECTION ( 'NONE',  ( 0.000000000000000000, 0.000000000000000000, -1.000000000000000000 ) ) ;
#11984 = LINE ( 'NONE', #10182, #6407 ) ;
#11985 = CIRCLE ( 'NONE', #8800, 100.0000000000000000 ) ;
#11986 = ORIENTED_EDGE ( 'NONE', *, *, #6593, .T. ) ;
#11987 = FACE_OUTER_BOUND ( 'NONE', #7607, .T. ) ;
#11988 = EDGE_LOOP ( 'NONE', ( #8055, #6557, #7153, #12194 ) ) ;
#11989 = DIRECTION ( 'NONE',  ( 1.000000000000000000, 0.000000000000000000, -3.364312195833807668E-16 ) ) ;
#11990 = UNCERTAINTY_MEASURE_WITH_UNIT (LENGTH_MEASURE( 1.000000000000000082E-05 ), #1863, 'distance_accuracy_value', 'NONE');
#11991 = VERTEX_POINT ( 'NONE', #3666 ) ;
#11992 = CARTESIAN_POINT ( 'NONE',  ( -20.63749999999999574, 0.000000000000000000, 0.000000000000000000 ) ) ;
#11993 = CIRCLE ( 'NONE', #303, 60.00000000000000000 ) ;
#11994 = ORIENTED_EDGE ( 'NONE', *, *, #3000, .T. ) ;
#11995 = ADVANCED_FACE ( 'NONE', ( #4722 ), #5830, .F. ) ;
#11996 = FACE_OUTER_BOUND ( 'NONE', #1504, .T. ) ;
#11997 =( NAMED_UNIT ( * ) SI_UNIT ( $, .STERADIAN. ) SOLID_ANGLE_UNIT ( ) );
#11998 = AXIS2_PLACEMENT_3D ( 'NONE', #3770, #11273, #7555 ) ;
#11999 = FACE_BOUND ( 'NONE', #3573, .T. ) ;
#12000 = ORIENTED_EDGE ( 'NONE', *, *, #10992, .T. ) ;
#12001 = FACE_OUTER_BOUND ( 'NONE', #2257, .T. ) ;
#12002 = VERTEX_POINT ( 'NONE', #1004 ) ;
#12003 = ORIENTED_EDGE ( 'NONE', *, *, #2873, .F. ) ;
#12004 = VECTOR ( 'NONE', #8285, 1000.000000000000000 ) ;
#12005 = ORIENTED_EDGE ( 'NONE', *, *, #9305, .T. ) ;
#12006 = ITEM_DEFINED_TRANSFORMATION ( 'NONE', 'NONE', #11884,  #10290 ) ;
#12007 = VERTEX_POINT ( 'NONE', #11412 ) ;
#12008 = EDGE_CURVE ( 'NONE', #7871, #5575, #4024, .T. ) ;
#12009 = FACE_OUTER_BOUND ( 'NONE', #1471, .T. ) ;
#12010 = CARTESIAN_POINT ( 'NONE',  ( 218.3273854894824524, 0.000000000000000000, -89.99973635316759157 ) ) ;
#12011 = CARTESIAN_POINT ( 'NONE',  ( 6.299999999999998046, 29.80000000000000426, -16.86149459567567632 ) ) ;
#12012 = AXIS2_PLACEMENT_3D ( 'NONE', #9139, #10127, #3432 ) ;
#12013 = ORIENTED_EDGE ( 'NONE', *, *, #7289, .F. ) ;
#12014 = DIRECTION ( 'NONE',  ( 0.000000000000000000, 1.000000000000000000, 0.000000000000000000 ) ) ;
#12015 = VERTEX_POINT ( 'NONE', #7810 ) ;
#12016 = EDGE_LOOP ( 'NONE', ( #11877, #9076, #4890, #6738 ) ) ;
#12017 = DIRECTION ( 'NONE',  ( -0.000000000000000000, -1.000000000000000000, -0.000000000000000000 ) ) ;
#12018 = EDGE_LOOP ( 'NONE', ( #8039, #6494 ) ) ;
#12019 = EDGE_CURVE ( 'NONE', #8911, #6490, #10602, .T. ) ;
#12020 = DIRECTION ( 'NONE',  ( -1.000000000000000000, 0.000000000000000000, 0.000000000000000000 ) ) ;
#12021 = CARTESIAN_POINT ( 'NONE',  ( -75.00000000000001421, 20.00000000000000000, -40.00000000000000000 ) ) ;
#12022 = CARTESIAN_POINT ( 'NONE',  ( -133.7500000000000853, 20.00000000000000000, -110.0000000000000284 ) ) ;
#12023 = CARTESIAN_POINT ( 'NONE',  ( 5.000000000000000888, 0.000000000000000000, 0.000000000000000000 ) ) ;
#12024 = ADVANCED_FACE ( 'NONE', ( #10543 ), #8670, .F. ) ;
#12025 = DIRECTION ( 'NONE',  ( 0.000000000000000000, 0.000000000000000000, 1.000000000000000000 ) ) ;
#12026 = FACE_OUTER_BOUND ( 'NONE', #8643, .T. ) ;
#12027 = ORIENTED_EDGE ( 'NONE', *, *, #2073, .T. ) ;
#12028 = DIRECTION ( 'NONE',  ( -1.000000000000000000, 0.000000000000000000, -2.037426901315041899E-16 ) ) ;
#12029 = PLANE ( 'NONE',  #851 ) ;
#12030 = ORIENTED_EDGE ( 'NONE', *, *, #4680, .F. ) ;
#12031 = LINE ( 'NONE', #11789, #3592 ) ;
#12032 = EDGE_LOOP ( 'NONE', ( #2486, #3076 ) ) ;
#12033 = CARTESIAN_POINT ( 'NONE',  ( 0.000000000000000000, -16.00000000000000000, 0.000000000000000000 ) ) ;
#12034 = CARTESIAN_POINT ( 'NONE',  ( 0.000000000000000000, 20.00000000000000000, 10.00000000000000000 ) ) ;
#12035 = CARTESIAN_POINT ( 'NONE',  ( 238.3273854894817134, 0.000000000000000000, -215.0002636468324511 ) ) ;
#12036 = EDGE_CURVE ( 'NONE', #7466, #1423, #8500, .T. ) ;
#12037 = DIRECTION ( 'NONE',  ( 0.000000000000000000, 0.000000000000000000, 1.000000000000000000 ) ) ;
#12038 = EDGE_LOOP ( 'NONE', ( #1070, #3568, #2682, #5019 ) ) ;
#12039 = CARTESIAN_POINT ( 'NONE',  ( 0.000000000000000000, 9.000000000000001776, 0.000000000000000000 ) ) ;
#12040 = EDGE_LOOP ( 'NONE', ( #9374, #7982 ) ) ;
#12041 = DIRECTION ( 'NONE',  ( -0.000000000000000000, -1.000000000000000000, -0.000000000000000000 ) ) ;
#12042 = EDGE_CURVE ( 'NONE', #8151, #3639, #3954, .T. ) ;
#12043 = EDGE_LOOP ( 'NONE', ( #1907, #11056 ) ) ;
#12044 = CARTESIAN_POINT ( 'NONE',  ( -150.0000000000000000, 20.00000000000000000, 10.00000000000000000 ) ) ;
#12045 = ORIENTED_EDGE ( 'NONE', *, *, #498, .T. ) ;
#12046 = DIRECTION ( 'NONE',  ( 0.000000000000000000, -1.000000000000000000, 0.000000000000000000 ) ) ;
#12047 = EDGE_CURVE ( 'NONE', #7468, #11974, #8489, .T. ) ;
#12048 = LINE ( 'NONE', #1707, #9551 ) ;
#12049 = DIRECTION ( 'NONE',  ( 0.000000000000000000, 0.000000000000000000, 1.000000000000000000 ) ) ;
#12050 = VERTEX_POINT ( 'NONE', #11540 ) ;
#12051 = ADVANCED_FACE ( 'NONE', ( #4903, #5704 ), #11462, .F. ) ;
#12052 = DIRECTION ( 'NONE',  ( 0.000000000000000000, -0.000000000000000000, 1.000000000000000000 ) ) ;
#12053 = EDGE_CURVE ( 'NONE', #2699, #11681, #4350, .T. ) ;
#12054 = VERTEX_POINT ( 'NONE', #4961 ) ;
#12055 = VERTEX_POINT ( 'NONE', #8741 ) ;
#12056 = ORIENTED_EDGE ( 'NONE', *, *, #7266, .T. ) ;
#12057 = ORIENTED_EDGE ( 'NONE', *, *, #1433, .T. ) ;
#12058 = LINE ( 'NONE', #3625, #5340 ) ;
#12059 = SURFACE_STYLE_FILL_AREA ( #5206 ) ;
#12060 = CARTESIAN_POINT ( 'NONE',  ( 6.999999999999999112, 8.572527594031472204E-16, -2.730196635283224094 ) ) ;
#12061 = LINE ( 'NONE', #2703, #5213 ) ;
#12062 = DIRECTION ( 'NONE',  ( 4.625929269271485914E-16, 0.000000000000000000, 1.000000000000000000 ) ) ;
#12063 = SHAPE_REPRESENTATION_RELATIONSHIP ( 'NONE' , 'NONE' ,  #8205, #7950 ) ;
#12064 = EDGE_CURVE ( 'NONE', #9381, #10425, #2174, .T. ) ;
#12065 = VERTEX_POINT ( 'NONE', #6871 ) ;
#12066 = DIRECTION ( 'NONE',  ( 0.000000000000000000, 0.000000000000000000, -1.000000000000000000 ) ) ;
#12067 = ORIENTED_EDGE ( 'NONE', *, *, #780, .T. ) ;
#12068 = AXIS2_PLACEMENT_3D ( 'NONE', #9216, #3557, #4500 ) ;
#12069 = ORIENTED_EDGE ( 'NONE', *, *, #8256, .T. ) ;
#12070 = DIRECTION ( 'NONE',  ( 0.000000000000000000, 0.000000000000000000, 1.000000000000000000 ) ) ;
#12071 = ORIENTED_EDGE ( 'NONE', *, *, #7400, .F. ) ;
#12072 = CARTESIAN_POINT ( 'NONE',  ( 22.36067977499791581, 20.00000000000000000, -19.99999999999997868 ) ) ;
#12073 = VECTOR ( 'NONE', #1769, 1000.000000000000000 ) ;
#12074 = CARTESIAN_POINT ( 'NONE',  ( 17.29161646579058242, 34.20000000000000284, -4.999999999999994671 ) ) ;
#12075 = LINE ( 'NONE', #6613, #6158 ) ;
#12076 = PLANE ( 'NONE',  #10945 ) ;
#12077 = LINE ( 'NONE', #11160, #4436 ) ;
#12078 = EDGE_CURVE ( 'NONE', #173, #7596, #3561, .T. ) ;
#12079 = FACE_OUTER_BOUND ( 'NONE', #6609, .T. ) ;
#12080 = AXIS2_PLACEMENT_3D ( 'NONE', #5086, #1246, #9849 ) ;
#12081 = AXIS2_PLACEMENT_3D ( 'NONE', #6227, #7221, #4361 ) ;
#12082 = ORIENTED_EDGE ( 'NONE', *, *, #11562, .F. ) ;
#12083 = CARTESIAN_POINT ( 'NONE',  ( 0.000000000000000000, 20.00000000000000000, 10.00000000000000000 ) ) ;
#12084 = DIRECTION ( 'NONE',  ( 0.000000000000000000, 0.000000000000000000, 1.000000000000000000 ) ) ;
#12085 = EDGE_LOOP ( 'NONE', ( #3738, #5094 ) ) ;
#12086 =( NAMED_UNIT ( * ) SI_UNIT ( $, .STERADIAN. ) SOLID_ANGLE_UNIT ( ) );
#12087 = CARTESIAN_POINT ( 'NONE',  ( 130.0000000000000000, 20.00000000000000000, -9.999999999999998224 ) ) ;
#12088 = AXIS2_PLACEMENT_3D ( 'NONE', #3493, #7275, #8320 ) ;
#12089 = CARTESIAN_POINT ( 'NONE',  ( -5.000000000000000888, 0.000000000000000000, -13.97499999999999964 ) ) ;
#12090 = DIRECTION ( 'NONE',  ( 0.000000000000000000, 0.000000000000000000, -1.000000000000000000 ) ) ;
#12091 = DIRECTION ( 'NONE',  ( -0.000000000000000000, -1.000000000000000000, -0.000000000000000000 ) ) ;
#12092 = CARTESIAN_POINT ( 'NONE',  ( -133.7500000000000000, 20.00000000000000000, 9.999999999999971578 ) ) ;
#12093 = AXIS2_PLACEMENT_3D ( 'NONE', #9259, #3487, #9070 ) ;
#12094 = AXIS2_PLACEMENT_3D ( 'NONE', #9468, #6750, #1858 ) ;
#12095 = PRODUCT_DEFINITION_FORMATION_WITH_SPECIFIED_SOURCE ( 'ANY', '', #113, .NOT_KNOWN. ) ;
#12096 = DIRECTION ( 'NONE',  ( 0.000000000000000000, 0.000000000000000000, 1.000000000000000000 ) ) ;
#12097 = CARTESIAN_POINT ( 'NONE',  ( 0.000000000000000000, 0.000000000000000000, 0.000000000000000000 ) ) ;
#12098 = ORIENTED_EDGE ( 'NONE', *, *, #9466, .T. ) ;
#12099 = LINE ( 'NONE', #3481, #4364 ) ;
#12100 = VERTEX_POINT ( 'NONE', #950 ) ;
#12101 = CARTESIAN_POINT ( 'NONE',  ( -130.0000000000000000, 20.00000000000000000, 20.00000000000002487 ) ) ;
#12102 = AXIS2_PLACEMENT_3D ( 'NONE', #6259, #8999, #10985 ) ;
#12103 = VECTOR ( 'NONE', #4859, 1000.000000000000114 ) ;
#12104 = EDGE_LOOP ( 'NONE', ( #3219, #8933, #2863, #11070 ) ) ;
#12105 = EDGE_CURVE ( 'NONE', #2439, #8684, #4849, .T. ) ;
#12106 = ORIENTED_EDGE ( 'NONE', *, *, #7115, .F. ) ;
#12107 = LINE ( 'NONE', #1641, #9911 ) ;
#12108 = VERTEX_POINT ( 'NONE', #7566 ) ;
#12109 = CIRCLE ( 'NONE', #3777, 1.649999999999997025 ) ;
#12110 = DIRECTION ( 'NONE',  ( 0.000000000000000000, 1.000000000000000000, 0.000000000000000000 ) ) ;
#12111 = AXIS2_PLACEMENT_3D ( 'NONE', #7564, #3284, #7066 ) ;
#12112 = AXIS2_PLACEMENT_3D ( 'NONE', #12156, #7440, #11222 ) ;
#12113 = CIRCLE ( 'NONE', #5580, 5.000000000000000000 ) ;
#12114 = EDGE_CURVE ( 'NONE', #8225, #10648, #5768, .T. ) ;
#12115 = DIRECTION ( 'NONE',  ( 0.000000000000000000, -0.000000000000000000, 1.000000000000000000 ) ) ;
#12116 = ORIENTED_EDGE ( 'NONE', *, *, #4573, .F. ) ;
#12117 = DIRECTION ( 'NONE',  ( 1.734723475976808672E-15, 0.000000000000000000, 1.000000000000000000 ) ) ;
#12118 = AXIS2_PLACEMENT_3D ( 'NONE', #7515, #11311, #10442 ) ;
#12119 = AXIS2_PLACEMENT_3D ( 'NONE', #813, #1558, #6444 ) ;
#12120 = EDGE_CURVE ( 'NONE', #8202, #12002, #11474, .T. ) ;
#12121 = ORIENTED_EDGE ( 'NONE', *, *, #299, .F. ) ;
#12122 = CIRCLE ( 'NONE', #7171, 6.599999999999999645 ) ;
#12123 = ORIENTED_EDGE ( 'NONE', *, *, #6507, .F. ) ;
#12124 = CYLINDRICAL_SURFACE ( 'NONE', #2198, 18.00000000000000355 ) ;
#12125 = CARTESIAN_POINT ( 'NONE',  ( 150.0000000000000000, 20.00000000000000000, 10.00000000000000000 ) ) ;
#12126 = CARTESIAN_POINT ( 'NONE',  ( -14.84924240491737102, 0.000000000000000000, -14.84924240491763392 ) ) ;
#12127 = EDGE_CURVE ( 'NONE', #1315, #2755, #9560, .T. ) ;
#12128 = EDGE_CURVE ( 'NONE', #6819, #108, #8559, .T. ) ;
#12129 = VECTOR ( 'NONE', #4295, 1000.000000000000000 ) ;
#12130 = CARTESIAN_POINT ( 'NONE',  ( 0.000000000000000000, 20.00000000000000000, 10.00000000000000000 ) ) ;
#12131 = CIRCLE ( 'NONE', #11141, 45.00000000000000711 ) ;
#12132 = CIRCLE ( 'NONE', #5600, 5.000000000000000000 ) ;
#12133 = CARTESIAN_POINT ( 'NONE',  ( 11.31370849898482156, -2.500000000000000000, 12.96370849898469935 ) ) ;
#12134 =( NAMED_UNIT ( * ) PLANE_ANGLE_UNIT ( ) SI_UNIT ( $, .RADIAN. ) );
#12135 = CIRCLE ( 'NONE', #3013, 1.649999999999998579 ) ;
#12136 = ORIENTED_EDGE ( 'NONE', *, *, #10376, .T. ) ;
#12137 = DIRECTION ( 'NONE',  ( 0.000000000000000000, 0.000000000000000000, 1.000000000000000000 ) ) ;
#12138 = ORIENTED_EDGE ( 'NONE', *, *, #414, .F. ) ;
#12139 = EDGE_LOOP ( 'NONE', ( #4169, #4848, #7889, #8563 ) ) ;
#12140 =( GEOMETRIC_REPRESENTATION_CONTEXT ( 3 ) GLOBAL_UNCERTAINTY_ASSIGNED_CONTEXT ( ( #12234 ) ) GLOBAL_UNIT_ASSIGNED_CONTEXT ( ( #3246, #1470, #6896 ) ) REPRESENTATION_CONTEXT ( 'NONE', 'WORKASPACE' ) );
#12141 = CARTESIAN_POINT ( 'NONE',  ( -5.000000000000001776, 34.20000000000000284, 25.00000000000000000 ) ) ;
#12142 = VECTOR ( 'NONE', #7230, 1000.000000000000000 ) ;
#12143 = EDGE_LOOP ( 'NONE', ( #6794, #2999 ) ) ;
#12144 = DIRECTION ( 'NONE',  ( -0.000000000000000000, -1.000000000000000000, -0.000000000000000000 ) ) ;
#12145 = CARTESIAN_POINT ( 'NONE',  ( -20.63749999999999929, 0.000000000000000000, 0.000000000000000000 ) ) ;
#12146 = DIRECTION ( 'NONE',  ( 0.000000000000000000, 0.000000000000000000, 1.000000000000000000 ) ) ;
#12147 = DIRECTION ( 'NONE',  ( -0.000000000000000000, -1.000000000000000000, -0.000000000000000000 ) ) ;
#12148 = AXIS2_PLACEMENT_3D ( 'NONE', #7769, #6840, #343 ) ;
#12149 = CARTESIAN_POINT ( 'NONE',  ( -7.332110811570580046E-14, -5.939696961967007027, 23.10000000000000142 ) ) ;
#12150 = ORIENTED_EDGE ( 'NONE', *, *, #6471, .T. ) ;
#12151 = EDGE_CURVE ( 'NONE', #5491, #7942, #8501, .T. ) ;
#12152 = LINE ( 'NONE', #9183, #7371 ) ;
#12153 = DIRECTION ( 'NONE',  ( 0.000000000000000000, 0.000000000000000000, -1.000000000000000000 ) ) ;
#12154 = ORIENTED_EDGE ( 'NONE', *, *, #9744, .F. ) ;
#12155 = DIRECTION ( 'NONE',  ( 0.000000000000000000, 0.000000000000000000, 1.000000000000000000 ) ) ;
#12156 = CARTESIAN_POINT ( 'NONE',  ( 0.000000000000000000, 6.800000000000000711, 0.000000000000000000 ) ) ;
#12157 = AXIS2_PLACEMENT_3D ( 'NONE', #2594, #6488, #8415 ) ;
#12158 = DIRECTION ( 'NONE',  ( 0.000000000000000000, 0.000000000000000000, 1.000000000000000000 ) ) ;
#12159 = DIRECTION ( 'NONE',  ( 0.000000000000000000, -1.000000000000000000, 0.000000000000000000 ) ) ;
#12160 = CYLINDRICAL_SURFACE ( 'NONE', #3560, 2.100000000000004530 ) ;
#12161 = DIRECTION ( 'NONE',  ( 0.000000000000000000, 0.000000000000000000, 1.000000000000000000 ) ) ;
#12162 = DIRECTION ( 'NONE',  ( -0.000000000000000000, 1.000000000000000000, -0.000000000000000000 ) ) ;
#12163 = ORIENTED_EDGE ( 'NONE', *, *, #11156, .T. ) ;
#12164 = DIRECTION ( 'NONE',  ( 1.000000000000000000, -0.000000000000000000, 3.590534112833708514E-16 ) ) ;
#12165 = VECTOR ( 'NONE', #3505, 1000.000000000000000 ) ;
#12166 = VERTEX_POINT ( 'NONE', #2246 ) ;
#12167 = DIRECTION ( 'NONE',  ( 1.000000000000000000, 0.000000000000000000, 0.000000000000000000 ) ) ;
#12168 = DIRECTION ( 'NONE',  ( 0.000000000000000000, 0.000000000000000000, 1.000000000000000000 ) ) ;
#12169 = ORIENTED_EDGE ( 'NONE', *, *, #67, .T. ) ;
#12170 = DIRECTION ( 'NONE',  ( 0.000000000000000000, 0.000000000000000000, 1.000000000000000000 ) ) ;
#12171 = EDGE_LOOP ( 'NONE', ( #9857, #2319 ) ) ;
#12172 = EDGE_CURVE ( 'NONE', #10929, #11638, #6199, .T. ) ;
#12173 = LINE ( 'NONE', #2910, #4884 ) ;
#12174 = TOROIDAL_SURFACE ( 'NONE', #1493, 6.599999999999999645, 0.6000000000000007550 ) ;
#12175 =( NAMED_UNIT ( * ) PLANE_ANGLE_UNIT ( ) SI_UNIT ( $, .RADIAN. ) );
#12176 = EDGE_CURVE ( 'NONE', #3896, #2226, #6013, .T. ) ;
#12177 = FACE_OUTER_BOUND ( 'NONE', #3788, .T. ) ;
#12178 = ORIENTED_EDGE ( 'NONE', *, *, #10715, .T. ) ;
#12179 = CARTESIAN_POINT ( 'NONE',  ( 7.347880794884118356E-15, 185.7056274847714405, 60.00000000000000000 ) ) ;
#12180 = CIRCLE ( 'NONE', #4044, 2.100000000000000977 ) ;
#12181 = ORIENTED_EDGE ( 'NONE', *, *, #2695, .F. ) ;
#12182 = ADVANCED_FACE ( 'NONE', ( #9801, #6072, #3223 ), #9737, .F. ) ;
#12183 = ORIENTED_EDGE ( 'NONE', *, *, #10512, .T. ) ;
#12184 = VECTOR ( 'NONE', #5495, 1000.000000000000000 ) ;
#12185 = FACE_OUTER_BOUND ( 'NONE', #6829, .T. ) ;
#12186 = CIRCLE ( 'NONE', #10821, 2.099999999999999645 ) ;
#12187 = FACE_OUTER_BOUND ( 'NONE', #2162, .T. ) ;
#12188 = CARTESIAN_POINT ( 'NONE',  ( -120.2500000000000142, 20.00000000000000000, -10.24999999999998579 ) ) ;
#12189 = EDGE_CURVE ( 'NONE', #3095, #12007, #1321, .T. ) ;
#12190 = FACE_BOUND ( 'NONE', #2148, .T. ) ;
#12191 = CIRCLE ( 'NONE', #4671, 27.00000000000000000 ) ;
#12192 = VERTEX_POINT ( 'NONE', #7197 ) ;
#12193 = DIRECTION ( 'NONE',  ( 0.000000000000000000, 0.000000000000000000, 1.000000000000000000 ) ) ;
#12194 = ORIENTED_EDGE ( 'NONE', *, *, #12105, .F. ) ;
#12195 = EDGE_CURVE ( 'NONE', #10876, #10085, #9901, .T. ) ;
#12196 = ORIENTED_EDGE ( 'NONE', *, *, #7321, .F. ) ;
#12197 = EDGE_CURVE ( 'NONE', #7820, #9226, #7863, .T. ) ;
#12198 = ORIENTED_EDGE ( 'NONE', *, *, #37, .T. ) ;
#12199 = DIRECTION ( 'NONE',  ( 0.000000000000000000, -0.000000000000000000, 1.000000000000000000 ) ) ;
#12200 = CARTESIAN_POINT ( 'NONE',  ( 218.3273854894824524, 3.000000000000000000, -215.0002636468324511 ) ) ;
#12201 = VECTOR ( 'NONE', #6370, 1000.000000000000000 ) ;
#12202 = FACE_OUTER_BOUND ( 'NONE', #973, .T. ) ;
#12203 = EDGE_CURVE ( 'NONE', #9260, #4032, #5095, .T. ) ;
#12204 = DIRECTION ( 'NONE',  ( 0.000000000000000000, 0.000000000000000000, 1.000000000000000000 ) ) ;
#12205 = FACE_OUTER_BOUND ( 'NONE', #814, .T. ) ;
#12206 = VERTEX_POINT ( 'NONE', #8115 ) ;
#12207 = CARTESIAN_POINT ( 'NONE',  ( 0.000000000000000000, 0.000000000000000000, 8.000000000000000000 ) ) ;
#12208 = ADVANCED_FACE ( 'NONE', ( #11723 ), #1259, .T. ) ;
#12209 = VERTEX_POINT ( 'NONE', #2166 ) ;
#12210 = ADVANCED_FACE ( 'NONE', ( #11843 ), #7122, .F. ) ;
#12211 = EDGE_LOOP ( 'NONE', ( #6198, #2141, #7319, #5886 ) ) ;
#12212 = DIRECTION ( 'NONE',  ( -0.000000000000000000, -1.000000000000000000, -0.000000000000000000 ) ) ;
#12213 = LINE ( 'NONE', #6626, #11908 ) ;
#12214 = LINE ( 'NONE', #8297, #6833 ) ;
#12215 = FACE_OUTER_BOUND ( 'NONE', #7360, .T. ) ;
#12216 = CARTESIAN_POINT ( 'NONE',  ( -11.31370849898490150, 7.066904755831209251, -9.663708498984624029 ) ) ;
#12217 = DIRECTION ( 'NONE',  ( 1.000000000000000000, 0.000000000000000000, 0.000000000000000000 ) ) ;
#12218 = CARTESIAN_POINT ( 'NONE',  ( 0.000000000000000000, 13.40000000000000213, 44.50000000000000711 ) ) ;
#12219 = DIRECTION ( 'NONE',  ( -1.000000000000000000, 0.000000000000000000, 0.000000000000000000 ) ) ;
#12220 = ORIENTED_EDGE ( 'NONE', *, *, #10771, .F. ) ;
#12221 = CARTESIAN_POINT ( 'NONE',  ( 16.86149459567567632, 34.20000000000000284, 6.299999999999998934 ) ) ;
#12222 = EDGE_CURVE ( 'NONE', #11380, #527, #5034, .T. ) ;
#12223 = CARTESIAN_POINT ( 'NONE',  ( -8.000000000000000000, 0.000000000000000000, 12.00000000000000000 ) ) ;
#12224 = DIRECTION ( 'NONE',  ( 0.000000000000000000, 0.000000000000000000, 1.000000000000000000 ) ) ;
#12225 = ORIENTED_EDGE ( 'NONE', *, *, #7267, .F. ) ;
#12226 = CARTESIAN_POINT ( 'NONE',  ( 5.021051876504148963E-15, 35.39999999999999858, -41.00000000000000000 ) ) ;
#12227 = ORIENTED_EDGE ( 'NONE', *, *, #3789, .T. ) ;
#12228 = DIRECTION ( 'NONE',  ( 0.000000000000000000, 0.000000000000000000, 1.000000000000000000 ) ) ;
#12229 = DIRECTION ( 'NONE',  ( -0.000000000000000000, 1.000000000000000000, -0.000000000000000000 ) ) ;
#12230 = EDGE_LOOP ( 'NONE', ( #7461, #2455 ) ) ;
#12231 = CARTESIAN_POINT ( 'NONE',  ( 0.000000000000000000, 0.000000000000000000, 0.000000000000000000 ) ) ;
#12232 = ADVANCED_FACE ( 'NONE', ( #322 ), #5148, .F. ) ;
#12233 = APPLICATION_CONTEXT ( 'automotive_design' ) ;
#12234 = UNCERTAINTY_MEASURE_WITH_UNIT (LENGTH_MEASURE( 1.000000000000000082E-05 ), #3246, 'distance_accuracy_value', 'NONE');
#12235 = ORIENTED_EDGE ( 'NONE', *, *, #2354, .F. ) ;
#12236 = VERTEX_POINT ( 'NONE', #4214 ) ;
#12237 = DIRECTION ( 'NONE',  ( -0.000000000000000000, 1.000000000000000000, -0.000000000000000000 ) ) ;
#12238 = SURFACE_SIDE_STYLE ('',( #10439 ) ) ;
#12239 = DIRECTION ( 'NONE',  ( 0.000000000000000000, 0.000000000000000000, 1.000000000000000000 ) ) ;
#12240 = CARTESIAN_POINT ( 'NONE',  ( 0.07261451051828989034, 0.000000000000000000, -9.999736353167531178 ) ) ;
#12241 = LINE ( 'NONE', #9273, #2283 ) ;
#12242 = EDGE_LOOP ( 'NONE', ( #6239, #5999, #5514, #5808 ) ) ;
#12243 = CARTESIAN_POINT ( 'NONE',  ( 0.000000000000000000, 34.20000000000000284, 0.000000000000000000 ) ) ;
#12244 = ORIENTED_EDGE ( 'NONE', *, *, #6649, .T. ) ;
#12245 = EDGE_LOOP ( 'NONE', ( #3362, #1579 ) ) ;
#12246 = DIRECTION ( 'NONE',  ( -1.111013340779411622E-13, -6.245004513516505540E-17, 1.000000000000000000 ) ) ;
#12247 = EDGE_CURVE ( 'NONE', #2177, #658, #10678, .T. ) ;
#12248 = EDGE_CURVE ( 'NONE', #4297, #7877, #815, .T. ) ;
#12249 = NEXT_ASSEMBLY_USAGE_OCCURRENCE ( 'NAUO1', ' ', ' ', #1738, #10754, $ ) ;
#12250 = NEXT_ASSEMBLY_USAGE_OCCURRENCE ( 'NAUO2', ' ', ' ', #1738, #6205, $ ) ;
#12251 = NEXT_ASSEMBLY_USAGE_OCCURRENCE ( 'NAUO3', ' ', ' ', #1738, #3904, $ ) ;
#12252 = NEXT_ASSEMBLY_USAGE_OCCURRENCE ( 'NAUO4', ' ', ' ', #1738, #3904, $ ) ;
#12253 = NEXT_ASSEMBLY_USAGE_OCCURRENCE ( 'NAUO5', ' ', ' ', #1738, #10381, $ ) ;
#12254 = NEXT_ASSEMBLY_USAGE_OCCURRENCE ( 'NAUO6', ' ', ' ', #1738, #2265, $ ) ;
#12255 = NEXT_ASSEMBLY_USAGE_OCCURRENCE ( 'NAUO7', ' ', ' ', #1738, #8846, $ ) ;
#12256 = NEXT_ASSEMBLY_USAGE_OCCURRENCE ( 'NAUO8', ' ', ' ', #1738, #6647, $ ) ;
#12257 = NEXT_ASSEMBLY_USAGE_OCCURRENCE ( 'NAUO9', ' ', ' ', #1738, #3147, $ ) ;
#12258 = NEXT_ASSEMBLY_USAGE_OCCURRENCE ( 'NAUO10', ' ', ' ', #1738, #1884, $ ) ;
#12259 = NEXT_ASSEMBLY_USAGE_OCCURRENCE ( 'NAUO11', ' ', ' ', #1738, #5368, $ ) ;
#12260 = NEXT_ASSEMBLY_USAGE_OCCURRENCE ( 'NAUO12', ' ', ' ', #1738, #5368, $ ) ;
#12261 = NEXT_ASSEMBLY_USAGE_OCCURRENCE ( 'NAUO13', ' ', ' ', #1738, #3379, $ ) ;
#12262 = NEXT_ASSEMBLY_USAGE_OCCURRENCE ( 'NAUO14', ' ', ' ', #1738, #3379, $ ) ;
#12263 = NEXT_ASSEMBLY_USAGE_OCCURRENCE ( 'NAUO15', ' ', ' ', #1738, #7927, $ ) ;
#12264 = NEXT_ASSEMBLY_USAGE_OCCURRENCE ( 'NAUO16', ' ', ' ', #1738, #4061, $ ) ;
#12265 = NEXT_ASSEMBLY_USAGE_OCCURRENCE ( 'NAUO17', ' ', ' ', #1738, #4294, $ ) ;
#12266 = NEXT_ASSEMBLY_USAGE_OCCURRENCE ( 'NAUO18', ' ', ' ', #1738, #4294, $ ) ;
#12267 = NEXT_ASSEMBLY_USAGE_OCCURRENCE ( 'NAUO19', ' ', ' ', #1738, #6487, $ ) ;
ENDSEC;
END-ISO-10303-21;
